room_num,option_set,target,stage_num,trial_num,rep_num,exclude,exclusion_reason,condition_id,describer,matchers,trial_id,game_id
1,A;B;C;D;E;F;G;H;I;J;K;L,J,1,1,1,FALSE,NA,1,2,1,1,1
1,A;B;C;D;E;F;G;H;I;J;K;L,B,1,2,1,FALSE,NA,1,2,1,2,1
1,A;B;C;D;E;F;G;H;I;J;K;L,K,1,3,1,FALSE,NA,1,2,1,3,1
1,A;B;C;D;E;F;G;H;I;J;K;L,E,1,4,1,FALSE,NA,1,2,1,4,1
1,A;B;C;D;E;F;G;H;I;J;K;L,A,1,5,1,FALSE,NA,1,2,1,5,1
1,A;B;C;D;E;F;G;H;I;J;K;L,C,1,6,1,FALSE,NA,1,2,1,6,1
1,A;B;C;D;E;F;G;H;I;J;K;L,L,1,7,1,FALSE,NA,1,2,1,7,1
1,A;B;C;D;E;F;G;H;I;J;K;L,F,1,8,1,FALSE,NA,1,2,1,8,1
1,A;B;C;D;E;F;G;H;I;J;K;L,D,1,9,1,FALSE,NA,1,2,1,9,1
1,A;B;C;D;E;F;G;H;I;J;K;L,G,1,10,1,FALSE,NA,1,2,1,10,1
1,A;B;C;D;E;F;G;H;I;J;K;L,H,1,11,1,FALSE,NA,1,2,1,11,1
1,A;B;C;D;E;F;G;H;I;J;K;L,I,1,12,1,FALSE,NA,1,2,1,12,1
1,A;B;C;D;E;F;G;H;I;J;K;L,J,1,13,2,FALSE,NA,1,2,1,13,1
1,A;B;C;D;E;F;G;H;I;J;K;L,A,1,14,2,FALSE,NA,1,2,1,14,1
1,A;B;C;D;E;F;G;H;I;J;K;L,F,1,15,2,FALSE,NA,1,2,1,15,1
1,A;B;C;D;E;F;G;H;I;J;K;L,C,1,16,2,FALSE,NA,1,2,1,16,1
1,A;B;C;D;E;F;G;H;I;J;K;L,B,1,17,2,FALSE,NA,1,2,1,17,1
1,A;B;C;D;E;F;G;H;I;J;K;L,H,1,18,2,FALSE,NA,1,2,1,18,1
1,A;B;C;D;E;F;G;H;I;J;K;L,G,1,19,2,FALSE,NA,1,2,1,19,1
1,A;B;C;D;E;F;G;H;I;J;K;L,I,1,20,2,FALSE,NA,1,2,1,20,1
1,A;B;C;D;E;F;G;H;I;J;K;L,L,1,21,2,FALSE,NA,1,2,1,21,1
1,A;B;C;D;E;F;G;H;I;J;K;L,E,1,22,2,FALSE,NA,1,2,1,22,1
1,A;B;C;D;E;F;G;H;I;J;K;L,D,1,23,2,FALSE,NA,1,2,1,23,1
1,A;B;C;D;E;F;G;H;I;J;K;L,K,1,24,2,FALSE,NA,1,2,1,24,1
1,A;B;C;D;E;F;G;H;I;J;K;L,E,1,25,3,FALSE,NA,1,2,1,25,1
1,A;B;C;D;E;F;G;H;I;J;K;L,G,1,26,3,FALSE,NA,1,2,1,26,1
1,A;B;C;D;E;F;G;H;I;J;K;L,K,1,27,3,FALSE,NA,1,2,1,27,1
1,A;B;C;D;E;F;G;H;I;J;K;L,F,1,28,3,FALSE,NA,1,2,1,28,1
1,A;B;C;D;E;F;G;H;I;J;K;L,D,1,29,3,FALSE,NA,1,2,1,29,1
1,A;B;C;D;E;F;G;H;I;J;K;L,H,1,30,3,FALSE,NA,1,2,1,30,1
1,A;B;C;D;E;F;G;H;I;J;K;L,C,1,31,3,FALSE,NA,1,2,1,31,1
1,A;B;C;D;E;F;G;H;I;J;K;L,A,1,32,3,FALSE,NA,1,2,1,32,1
1,A;B;C;D;E;F;G;H;I;J;K;L,I,1,33,3,FALSE,NA,1,2,1,33,1
1,A;B;C;D;E;F;G;H;I;J;K;L,J,1,34,3,FALSE,NA,1,2,1,34,1
1,A;B;C;D;E;F;G;H;I;J;K;L,L,1,35,3,FALSE,NA,1,2,1,35,1
1,A;B;C;D;E;F;G;H;I;J;K;L,B,1,36,3,FALSE,NA,1,2,1,36,1
1,A;B;C;D;E;F;G;H;I;J;K;L,H,1,37,4,FALSE,NA,1,2,1,37,1
1,A;B;C;D;E;F;G;H;I;J;K;L,A,1,38,4,FALSE,NA,1,2,1,38,1
1,A;B;C;D;E;F;G;H;I;J;K;L,C,1,39,4,FALSE,NA,1,2,1,39,1
1,A;B;C;D;E;F;G;H;I;J;K;L,I,1,40,4,FALSE,NA,1,2,1,40,1
1,A;B;C;D;E;F;G;H;I;J;K;L,K,1,41,4,FALSE,NA,1,2,1,41,1
1,A;B;C;D;E;F;G;H;I;J;K;L,L,1,42,4,FALSE,NA,1,2,1,42,1
1,A;B;C;D;E;F;G;H;I;J;K;L,J,1,43,4,FALSE,NA,1,2,1,43,1
1,A;B;C;D;E;F;G;H;I;J;K;L,D,1,44,4,FALSE,NA,1,2,1,44,1
1,A;B;C;D;E;F;G;H;I;J;K;L,E,1,45,4,FALSE,NA,1,2,1,45,1
1,A;B;C;D;E;F;G;H;I;J;K;L,G,1,46,4,FALSE,NA,1,2,1,46,1
1,A;B;C;D;E;F;G;H;I;J;K;L,B,1,47,4,FALSE,NA,1,2,1,47,1
1,A;B;C;D;E;F;G;H;I;J;K;L,F,1,48,4,FALSE,NA,1,2,1,48,1
1,A;B;C;D;E;F;G;H;I;J;K;L,G,1,49,5,FALSE,NA,1,2,1,49,1
1,A;B;C;D;E;F;G;H;I;J;K;L,C,1,50,5,FALSE,NA,1,2,1,50,1
1,A;B;C;D;E;F;G;H;I;J;K;L,F,1,51,5,FALSE,NA,1,2,1,51,1
1,A;B;C;D;E;F;G;H;I;J;K;L,A,1,52,5,FALSE,NA,1,2,1,52,1
1,A;B;C;D;E;F;G;H;I;J;K;L,H,1,53,5,FALSE,NA,1,2,1,53,1
1,A;B;C;D;E;F;G;H;I;J;K;L,B,1,54,5,FALSE,NA,1,2,1,54,1
1,A;B;C;D;E;F;G;H;I;J;K;L,L,1,55,5,FALSE,NA,1,2,1,55,1
1,A;B;C;D;E;F;G;H;I;J;K;L,E,1,56,5,FALSE,NA,1,2,1,56,1
1,A;B;C;D;E;F;G;H;I;J;K;L,K,1,57,5,FALSE,NA,1,2,1,57,1
1,A;B;C;D;E;F;G;H;I;J;K;L,I,1,58,5,FALSE,NA,1,2,1,58,1
1,A;B;C;D;E;F;G;H;I;J;K;L,D,1,59,5,FALSE,NA,1,2,1,59,1
1,A;B;C;D;E;F;G;H;I;J;K;L,J,1,60,5,FALSE,NA,1,2,1,60,1
1,A;B;C;D;E;F;G;H;I;J;K;L,C,1,61,6,FALSE,NA,1,2,1,61,1
1,A;B;C;D;E;F;G;H;I;J;K;L,E,1,62,6,FALSE,NA,1,2,1,62,1
1,A;B;C;D;E;F;G;H;I;J;K;L,K,1,63,6,FALSE,NA,1,2,1,63,1
1,A;B;C;D;E;F;G;H;I;J;K;L,L,1,64,6,FALSE,NA,1,2,1,64,1
1,A;B;C;D;E;F;G;H;I;J;K;L,G,1,65,6,FALSE,NA,1,2,1,65,1
1,A;B;C;D;E;F;G;H;I;J;K;L,J,1,66,6,FALSE,NA,1,2,1,66,1
1,A;B;C;D;E;F;G;H;I;J;K;L,H,1,67,6,FALSE,NA,1,2,1,67,1
1,A;B;C;D;E;F;G;H;I;J;K;L,A,1,68,6,FALSE,NA,1,2,1,68,1
1,A;B;C;D;E;F;G;H;I;J;K;L,D,1,69,6,FALSE,NA,1,2,1,69,1
1,A;B;C;D;E;F;G;H;I;J;K;L,F,1,70,6,FALSE,NA,1,2,1,70,1
1,A;B;C;D;E;F;G;H;I;J;K;L,I,1,71,6,FALSE,NA,1,2,1,71,1
1,A;B;C;D;E;F;G;H;I;J;K;L,B,1,72,6,FALSE,NA,1,2,1,72,1
1,A;B;C;D;E;F;G;H;I;J;K;L,E,1,1,1,FALSE,NA,1,4,3,73,2
1,A;B;C;D;E;F;G;H;I;J;K;L,A,1,2,1,FALSE,NA,1,4,3,74,2
1,A;B;C;D;E;F;G;H;I;J;K;L,K,1,3,1,FALSE,NA,1,4,3,75,2
1,A;B;C;D;E;F;G;H;I;J;K;L,F,1,4,1,FALSE,NA,1,4,3,76,2
1,A;B;C;D;E;F;G;H;I;J;K;L,L,1,5,1,FALSE,NA,1,4,3,77,2
1,A;B;C;D;E;F;G;H;I;J;K;L,D,1,6,1,FALSE,NA,1,4,3,78,2
1,A;B;C;D;E;F;G;H;I;J;K;L,B,1,7,1,FALSE,NA,1,4,3,79,2
1,A;B;C;D;E;F;G;H;I;J;K;L,H,1,8,1,FALSE,NA,1,4,3,80,2
1,A;B;C;D;E;F;G;H;I;J;K;L,C,1,9,1,FALSE,NA,1,4,3,81,2
1,A;B;C;D;E;F;G;H;I;J;K;L,G,1,10,1,FALSE,NA,1,4,3,82,2
1,A;B;C;D;E;F;G;H;I;J;K;L,J,1,11,1,FALSE,NA,1,4,3,83,2
1,A;B;C;D;E;F;G;H;I;J;K;L,I,1,12,1,FALSE,NA,1,4,3,84,2
1,A;B;C;D;E;F;G;H;I;J;K;L,C,1,13,2,FALSE,NA,1,4,3,85,2
1,A;B;C;D;E;F;G;H;I;J;K;L,H,1,14,2,FALSE,NA,1,4,3,86,2
1,A;B;C;D;E;F;G;H;I;J;K;L,D,1,15,2,FALSE,NA,1,4,3,87,2
1,A;B;C;D;E;F;G;H;I;J;K;L,F,1,16,2,FALSE,NA,1,4,3,88,2
1,A;B;C;D;E;F;G;H;I;J;K;L,K,1,17,2,FALSE,NA,1,4,3,89,2
1,A;B;C;D;E;F;G;H;I;J;K;L,I,1,18,2,FALSE,NA,1,4,3,90,2
1,A;B;C;D;E;F;G;H;I;J;K;L,B,1,19,2,FALSE,NA,1,4,3,91,2
1,A;B;C;D;E;F;G;H;I;J;K;L,A,1,20,2,FALSE,NA,1,4,3,92,2
1,A;B;C;D;E;F;G;H;I;J;K;L,L,1,21,2,FALSE,NA,1,4,3,93,2
1,A;B;C;D;E;F;G;H;I;J;K;L,J,1,22,2,FALSE,NA,1,4,3,94,2
1,A;B;C;D;E;F;G;H;I;J;K;L,G,1,23,2,FALSE,NA,1,4,3,95,2
1,A;B;C;D;E;F;G;H;I;J;K;L,E,1,24,2,FALSE,NA,1,4,3,96,2
1,A;B;C;D;E;F;G;H;I;J;K;L,C,1,25,3,FALSE,NA,1,4,3,97,2
1,A;B;C;D;E;F;G;H;I;J;K;L,B,1,26,3,FALSE,NA,1,4,3,98,2
1,A;B;C;D;E;F;G;H;I;J;K;L,I,1,27,3,FALSE,NA,1,4,3,99,2
1,A;B;C;D;E;F;G;H;I;J;K;L,A,1,28,3,FALSE,NA,1,4,3,100,2
1,A;B;C;D;E;F;G;H;I;J;K;L,G,1,29,3,FALSE,NA,1,4,3,101,2
1,A;B;C;D;E;F;G;H;I;J;K;L,D,1,30,3,FALSE,NA,1,4,3,102,2
1,A;B;C;D;E;F;G;H;I;J;K;L,H,1,31,3,FALSE,NA,1,4,3,103,2
1,A;B;C;D;E;F;G;H;I;J;K;L,L,1,32,3,FALSE,NA,1,4,3,104,2
1,A;B;C;D;E;F;G;H;I;J;K;L,J,1,33,3,FALSE,NA,1,4,3,105,2
1,A;B;C;D;E;F;G;H;I;J;K;L,E,1,34,3,FALSE,NA,1,4,3,106,2
1,A;B;C;D;E;F;G;H;I;J;K;L,K,1,35,3,FALSE,NA,1,4,3,107,2
1,A;B;C;D;E;F;G;H;I;J;K;L,F,1,36,3,FALSE,NA,1,4,3,108,2
1,A;B;C;D;E;F;G;H;I;J;K;L,F,1,37,4,FALSE,NA,1,4,3,109,2
1,A;B;C;D;E;F;G;H;I;J;K;L,B,1,38,4,FALSE,NA,1,4,3,110,2
1,A;B;C;D;E;F;G;H;I;J;K;L,A,1,39,4,FALSE,NA,1,4,3,111,2
1,A;B;C;D;E;F;G;H;I;J;K;L,H,1,40,4,FALSE,NA,1,4,3,112,2
1,A;B;C;D;E;F;G;H;I;J;K;L,L,1,41,4,FALSE,NA,1,4,3,113,2
1,A;B;C;D;E;F;G;H;I;J;K;L,K,1,42,4,FALSE,NA,1,4,3,114,2
1,A;B;C;D;E;F;G;H;I;J;K;L,C,1,43,4,FALSE,NA,1,4,3,115,2
1,A;B;C;D;E;F;G;H;I;J;K;L,D,1,44,4,FALSE,NA,1,4,3,116,2
1,A;B;C;D;E;F;G;H;I;J;K;L,J,1,45,4,FALSE,NA,1,4,3,117,2
1,A;B;C;D;E;F;G;H;I;J;K;L,G,1,46,4,FALSE,NA,1,4,3,118,2
1,A;B;C;D;E;F;G;H;I;J;K;L,I,1,47,4,FALSE,NA,1,4,3,119,2
1,A;B;C;D;E;F;G;H;I;J;K;L,E,1,48,4,FALSE,NA,1,4,3,120,2
1,A;B;C;D;E;F;G;H;I;J;K;L,B,1,49,5,FALSE,NA,1,4,3,121,2
1,A;B;C;D;E;F;G;H;I;J;K;L,L,1,50,5,FALSE,NA,1,4,3,122,2
1,A;B;C;D;E;F;G;H;I;J;K;L,F,1,51,5,FALSE,NA,1,4,3,123,2
1,A;B;C;D;E;F;G;H;I;J;K;L,D,1,52,5,FALSE,NA,1,4,3,124,2
1,A;B;C;D;E;F;G;H;I;J;K;L,I,1,53,5,FALSE,NA,1,4,3,125,2
1,A;B;C;D;E;F;G;H;I;J;K;L,G,1,54,5,FALSE,NA,1,4,3,126,2
1,A;B;C;D;E;F;G;H;I;J;K;L,C,1,55,5,FALSE,NA,1,4,3,127,2
1,A;B;C;D;E;F;G;H;I;J;K;L,E,1,56,5,FALSE,NA,1,4,3,128,2
1,A;B;C;D;E;F;G;H;I;J;K;L,J,1,57,5,FALSE,NA,1,4,3,129,2
1,A;B;C;D;E;F;G;H;I;J;K;L,K,1,58,5,FALSE,NA,1,4,3,130,2
1,A;B;C;D;E;F;G;H;I;J;K;L,A,1,59,5,FALSE,NA,1,4,3,131,2
1,A;B;C;D;E;F;G;H;I;J;K;L,H,1,60,5,FALSE,NA,1,4,3,132,2
1,A;B;C;D;E;F;G;H;I;J;K;L,F,1,61,6,FALSE,NA,1,4,3,133,2
1,A;B;C;D;E;F;G;H;I;J;K;L,G,1,62,6,FALSE,NA,1,4,3,134,2
1,A;B;C;D;E;F;G;H;I;J;K;L,D,1,63,6,FALSE,NA,1,4,3,135,2
1,A;B;C;D;E;F;G;H;I;J;K;L,J,1,64,6,FALSE,NA,1,4,3,136,2
1,A;B;C;D;E;F;G;H;I;J;K;L,K,1,65,6,FALSE,NA,1,4,3,137,2
1,A;B;C;D;E;F;G;H;I;J;K;L,B,1,66,6,FALSE,NA,1,4,3,138,2
1,A;B;C;D;E;F;G;H;I;J;K;L,H,1,67,6,FALSE,NA,1,4,3,139,2
1,A;B;C;D;E;F;G;H;I;J;K;L,L,1,68,6,FALSE,NA,1,4,3,140,2
1,A;B;C;D;E;F;G;H;I;J;K;L,C,1,69,6,FALSE,NA,1,4,3,141,2
1,A;B;C;D;E;F;G;H;I;J;K;L,I,1,70,6,FALSE,NA,1,4,3,142,2
1,A;B;C;D;E;F;G;H;I;J;K;L,A,1,71,6,FALSE,NA,1,4,3,143,2
1,A;B;C;D;E;F;G;H;I;J;K;L,E,1,72,6,FALSE,NA,1,4,3,144,2
1,A;B;C;D;E;F;G;H;I;J;K;L,L,1,1,1,FALSE,NA,1,6,5,145,3
1,A;B;C;D;E;F;G;H;I;J;K;L,J,1,2,1,FALSE,NA,1,6,5,146,3
1,A;B;C;D;E;F;G;H;I;J;K;L,A,1,3,1,FALSE,NA,1,6,5,147,3
1,A;B;C;D;E;F;G;H;I;J;K;L,F,1,4,1,FALSE,NA,1,6,5,148,3
1,A;B;C;D;E;F;G;H;I;J;K;L,H,1,5,1,FALSE,NA,1,6,5,149,3
1,A;B;C;D;E;F;G;H;I;J;K;L,C,1,6,1,FALSE,NA,1,6,5,150,3
1,A;B;C;D;E;F;G;H;I;J;K;L,I,1,7,1,FALSE,NA,1,6,5,151,3
1,A;B;C;D;E;F;G;H;I;J;K;L,E,1,8,1,FALSE,NA,1,6,5,152,3
1,A;B;C;D;E;F;G;H;I;J;K;L,B,1,9,1,FALSE,NA,1,6,5,153,3
1,A;B;C;D;E;F;G;H;I;J;K;L,G,1,10,1,FALSE,NA,1,6,5,154,3
1,A;B;C;D;E;F;G;H;I;J;K;L,D,1,11,1,FALSE,NA,1,6,5,155,3
1,A;B;C;D;E;F;G;H;I;J;K;L,K,1,12,1,FALSE,NA,1,6,5,156,3
1,A;B;C;D;E;F;G;H;I;J;K;L,F,1,13,2,FALSE,NA,1,6,5,157,3
1,A;B;C;D;E;F;G;H;I;J;K;L,L,1,14,2,FALSE,NA,1,6,5,158,3
1,A;B;C;D;E;F;G;H;I;J;K;L,J,1,15,2,FALSE,NA,1,6,5,159,3
1,A;B;C;D;E;F;G;H;I;J;K;L,E,1,16,2,FALSE,NA,1,6,5,160,3
1,A;B;C;D;E;F;G;H;I;J;K;L,H,1,17,2,FALSE,NA,1,6,5,161,3
1,A;B;C;D;E;F;G;H;I;J;K;L,B,1,18,2,FALSE,NA,1,6,5,162,3
1,A;B;C;D;E;F;G;H;I;J;K;L,D,1,19,2,FALSE,NA,1,6,5,163,3
1,A;B;C;D;E;F;G;H;I;J;K;L,G,1,20,2,FALSE,NA,1,6,5,164,3
1,A;B;C;D;E;F;G;H;I;J;K;L,C,1,21,2,FALSE,NA,1,6,5,165,3
1,A;B;C;D;E;F;G;H;I;J;K;L,A,1,22,2,FALSE,NA,1,6,5,166,3
1,A;B;C;D;E;F;G;H;I;J;K;L,I,1,23,2,FALSE,NA,1,6,5,167,3
1,A;B;C;D;E;F;G;H;I;J;K;L,K,1,24,2,FALSE,NA,1,6,5,168,3
1,A;B;C;D;E;F;G;H;I;J;K;L,G,1,25,3,FALSE,NA,1,6,5,169,3
1,A;B;C;D;E;F;G;H;I;J;K;L,B,1,26,3,FALSE,NA,1,6,5,170,3
1,A;B;C;D;E;F;G;H;I;J;K;L,L,1,27,3,FALSE,NA,1,6,5,171,3
1,A;B;C;D;E;F;G;H;I;J;K;L,E,1,28,3,FALSE,NA,1,6,5,172,3
1,A;B;C;D;E;F;G;H;I;J;K;L,C,1,29,3,FALSE,NA,1,6,5,173,3
1,A;B;C;D;E;F;G;H;I;J;K;L,I,1,30,3,FALSE,NA,1,6,5,174,3
1,A;B;C;D;E;F;G;H;I;J;K;L,A,1,31,3,FALSE,NA,1,6,5,175,3
1,A;B;C;D;E;F;G;H;I;J;K;L,F,1,32,3,FALSE,NA,1,6,5,176,3
1,A;B;C;D;E;F;G;H;I;J;K;L,D,1,33,3,FALSE,NA,1,6,5,177,3
1,A;B;C;D;E;F;G;H;I;J;K;L,K,1,34,3,FALSE,NA,1,6,5,178,3
1,A;B;C;D;E;F;G;H;I;J;K;L,H,1,35,3,FALSE,NA,1,6,5,179,3
1,A;B;C;D;E;F;G;H;I;J;K;L,J,1,36,3,FALSE,NA,1,6,5,180,3
1,A;B;C;D;E;F;G;H;I;J;K;L,L,1,37,4,FALSE,NA,1,6,5,181,3
1,A;B;C;D;E;F;G;H;I;J;K;L,I,1,38,4,FALSE,NA,1,6,5,182,3
1,A;B;C;D;E;F;G;H;I;J;K;L,K,1,39,4,FALSE,NA,1,6,5,183,3
1,A;B;C;D;E;F;G;H;I;J;K;L,G,1,40,4,FALSE,NA,1,6,5,184,3
1,A;B;C;D;E;F;G;H;I;J;K;L,D,1,41,4,FALSE,NA,1,6,5,185,3
1,A;B;C;D;E;F;G;H;I;J;K;L,C,1,42,4,FALSE,NA,1,6,5,186,3
1,A;B;C;D;E;F;G;H;I;J;K;L,J,1,43,4,FALSE,NA,1,6,5,187,3
1,A;B;C;D;E;F;G;H;I;J;K;L,B,1,44,4,FALSE,NA,1,6,5,188,3
1,A;B;C;D;E;F;G;H;I;J;K;L,E,1,45,4,FALSE,NA,1,6,5,189,3
1,A;B;C;D;E;F;G;H;I;J;K;L,H,1,46,4,FALSE,NA,1,6,5,190,3
1,A;B;C;D;E;F;G;H;I;J;K;L,F,1,47,4,FALSE,NA,1,6,5,191,3
1,A;B;C;D;E;F;G;H;I;J;K;L,A,1,48,4,FALSE,NA,1,6,5,192,3
1,A;B;C;D;E;F;G;H;I;J;K;L,K,1,49,5,FALSE,NA,1,6,5,193,3
1,A;B;C;D;E;F;G;H;I;J;K;L,H,1,50,5,FALSE,NA,1,6,5,194,3
1,A;B;C;D;E;F;G;H;I;J;K;L,L,1,51,5,FALSE,NA,1,6,5,195,3
1,A;B;C;D;E;F;G;H;I;J;K;L,C,1,52,5,FALSE,NA,1,6,5,196,3
1,A;B;C;D;E;F;G;H;I;J;K;L,D,1,53,5,FALSE,NA,1,6,5,197,3
1,A;B;C;D;E;F;G;H;I;J;K;L,I,1,54,5,FALSE,NA,1,6,5,198,3
1,A;B;C;D;E;F;G;H;I;J;K;L,F,1,55,5,FALSE,NA,1,6,5,199,3
1,A;B;C;D;E;F;G;H;I;J;K;L,J,1,56,5,FALSE,NA,1,6,5,200,3
1,A;B;C;D;E;F;G;H;I;J;K;L,A,1,57,5,FALSE,NA,1,6,5,201,3
1,A;B;C;D;E;F;G;H;I;J;K;L,B,1,58,5,FALSE,NA,1,6,5,202,3
1,A;B;C;D;E;F;G;H;I;J;K;L,E,1,59,5,FALSE,NA,1,6,5,203,3
1,A;B;C;D;E;F;G;H;I;J;K;L,G,1,60,5,FALSE,NA,1,6,5,204,3
1,A;B;C;D;E;F;G;H;I;J;K;L,L,1,61,6,FALSE,NA,1,6,5,205,3
1,A;B;C;D;E;F;G;H;I;J;K;L,G,1,62,6,FALSE,NA,1,6,5,206,3
1,A;B;C;D;E;F;G;H;I;J;K;L,B,1,63,6,FALSE,NA,1,6,5,207,3
1,A;B;C;D;E;F;G;H;I;J;K;L,F,1,64,6,FALSE,NA,1,6,5,208,3
1,A;B;C;D;E;F;G;H;I;J;K;L,A,1,65,6,FALSE,NA,1,6,5,209,3
1,A;B;C;D;E;F;G;H;I;J;K;L,J,1,66,6,FALSE,NA,1,6,5,210,3
1,A;B;C;D;E;F;G;H;I;J;K;L,D,1,67,6,FALSE,NA,1,6,5,211,3
1,A;B;C;D;E;F;G;H;I;J;K;L,H,1,68,6,FALSE,NA,1,6,5,212,3
1,A;B;C;D;E;F;G;H;I;J;K;L,K,1,69,6,FALSE,NA,1,6,5,213,3
1,A;B;C;D;E;F;G;H;I;J;K;L,I,1,70,6,FALSE,NA,1,6,5,214,3
1,A;B;C;D;E;F;G;H;I;J;K;L,E,1,71,6,FALSE,NA,1,6,5,215,3
1,A;B;C;D;E;F;G;H;I;J;K;L,C,1,72,6,FALSE,NA,1,6,5,216,3
1,A;B;C;D;E;F;G;H;I;J;K;L,F,1,1,1,FALSE,NA,1,8,7,217,4
1,A;B;C;D;E;F;G;H;I;J;K;L,L,1,2,1,FALSE,NA,1,8,7,218,4
1,A;B;C;D;E;F;G;H;I;J;K;L,J,1,3,1,FALSE,NA,1,8,7,219,4
1,A;B;C;D;E;F;G;H;I;J;K;L,G,1,4,1,FALSE,NA,1,8,7,220,4
1,A;B;C;D;E;F;G;H;I;J;K;L,C,1,5,1,FALSE,NA,1,8,7,221,4
1,A;B;C;D;E;F;G;H;I;J;K;L,H,1,6,1,FALSE,NA,1,8,7,222,4
1,A;B;C;D;E;F;G;H;I;J;K;L,D,1,7,1,FALSE,NA,1,8,7,223,4
1,A;B;C;D;E;F;G;H;I;J;K;L,E,1,8,1,FALSE,NA,1,8,7,224,4
1,A;B;C;D;E;F;G;H;I;J;K;L,I,1,9,1,FALSE,NA,1,8,7,225,4
1,A;B;C;D;E;F;G;H;I;J;K;L,A,1,10,1,FALSE,NA,1,8,7,226,4
1,A;B;C;D;E;F;G;H;I;J;K;L,K,1,11,1,FALSE,NA,1,8,7,227,4
1,A;B;C;D;E;F;G;H;I;J;K;L,B,1,12,1,FALSE,NA,1,8,7,228,4
1,A;B;C;D;E;F;G;H;I;J;K;L,I,1,13,2,FALSE,NA,1,8,7,229,4
1,A;B;C;D;E;F;G;H;I;J;K;L,B,1,14,2,FALSE,NA,1,8,7,230,4
1,A;B;C;D;E;F;G;H;I;J;K;L,H,1,15,2,FALSE,NA,1,8,7,231,4
1,A;B;C;D;E;F;G;H;I;J;K;L,C,1,16,2,FALSE,NA,1,8,7,232,4
1,A;B;C;D;E;F;G;H;I;J;K;L,K,1,17,2,FALSE,NA,1,8,7,233,4
1,A;B;C;D;E;F;G;H;I;J;K;L,E,1,18,2,FALSE,NA,1,8,7,234,4
1,A;B;C;D;E;F;G;H;I;J;K;L,L,1,19,2,FALSE,NA,1,8,7,235,4
1,A;B;C;D;E;F;G;H;I;J;K;L,J,1,20,2,FALSE,NA,1,8,7,236,4
1,A;B;C;D;E;F;G;H;I;J;K;L,A,1,21,2,FALSE,NA,1,8,7,237,4
1,A;B;C;D;E;F;G;H;I;J;K;L,G,1,22,2,FALSE,NA,1,8,7,238,4
1,A;B;C;D;E;F;G;H;I;J;K;L,D,1,23,2,FALSE,NA,1,8,7,239,4
1,A;B;C;D;E;F;G;H;I;J;K;L,F,1,24,2,FALSE,NA,1,8,7,240,4
1,A;B;C;D;E;F;G;H;I;J;K;L,B,1,25,3,FALSE,NA,1,8,7,241,4
1,A;B;C;D;E;F;G;H;I;J;K;L,I,1,26,3,FALSE,NA,1,8,7,242,4
1,A;B;C;D;E;F;G;H;I;J;K;L,K,1,27,3,FALSE,NA,1,8,7,243,4
1,A;B;C;D;E;F;G;H;I;J;K;L,H,1,28,3,FALSE,NA,1,8,7,244,4
1,A;B;C;D;E;F;G;H;I;J;K;L,F,1,29,3,FALSE,NA,1,8,7,245,4
1,A;B;C;D;E;F;G;H;I;J;K;L,A,1,30,3,FALSE,NA,1,8,7,246,4
1,A;B;C;D;E;F;G;H;I;J;K;L,D,1,31,3,FALSE,NA,1,8,7,247,4
1,A;B;C;D;E;F;G;H;I;J;K;L,G,1,32,3,FALSE,NA,1,8,7,248,4
1,A;B;C;D;E;F;G;H;I;J;K;L,C,1,33,3,FALSE,NA,1,8,7,249,4
1,A;B;C;D;E;F;G;H;I;J;K;L,E,1,34,3,FALSE,NA,1,8,7,250,4
1,A;B;C;D;E;F;G;H;I;J;K;L,L,1,35,3,FALSE,NA,1,8,7,251,4
1,A;B;C;D;E;F;G;H;I;J;K;L,J,1,36,3,FALSE,NA,1,8,7,252,4
1,A;B;C;D;E;F;G;H;I;J;K;L,G,1,37,4,FALSE,NA,1,8,7,253,4
1,A;B;C;D;E;F;G;H;I;J;K;L,L,1,38,4,FALSE,NA,1,8,7,254,4
1,A;B;C;D;E;F;G;H;I;J;K;L,J,1,39,4,FALSE,NA,1,8,7,255,4
1,A;B;C;D;E;F;G;H;I;J;K;L,H,1,40,4,FALSE,NA,1,8,7,256,4
1,A;B;C;D;E;F;G;H;I;J;K;L,C,1,41,4,FALSE,NA,1,8,7,257,4
1,A;B;C;D;E;F;G;H;I;J;K;L,A,1,42,4,FALSE,NA,1,8,7,258,4
1,A;B;C;D;E;F;G;H;I;J;K;L,K,1,43,4,FALSE,NA,1,8,7,259,4
1,A;B;C;D;E;F;G;H;I;J;K;L,I,1,44,4,FALSE,NA,1,8,7,260,4
1,A;B;C;D;E;F;G;H;I;J;K;L,F,1,45,4,FALSE,NA,1,8,7,261,4
1,A;B;C;D;E;F;G;H;I;J;K;L,D,1,46,4,FALSE,NA,1,8,7,262,4
1,A;B;C;D;E;F;G;H;I;J;K;L,B,1,47,4,FALSE,NA,1,8,7,263,4
1,A;B;C;D;E;F;G;H;I;J;K;L,E,1,48,4,FALSE,NA,1,8,7,264,4
1,A;B;C;D;E;F;G;H;I;J;K;L,K,1,49,5,FALSE,NA,1,8,7,265,4
1,A;B;C;D;E;F;G;H;I;J;K;L,J,1,50,5,FALSE,NA,1,8,7,266,4
1,A;B;C;D;E;F;G;H;I;J;K;L,A,1,51,5,FALSE,NA,1,8,7,267,4
1,A;B;C;D;E;F;G;H;I;J;K;L,I,1,52,5,FALSE,NA,1,8,7,268,4
1,A;B;C;D;E;F;G;H;I;J;K;L,B,1,53,5,FALSE,NA,1,8,7,269,4
1,A;B;C;D;E;F;G;H;I;J;K;L,L,1,54,5,FALSE,NA,1,8,7,270,4
1,A;B;C;D;E;F;G;H;I;J;K;L,E,1,55,5,FALSE,NA,1,8,7,271,4
1,A;B;C;D;E;F;G;H;I;J;K;L,D,1,56,5,FALSE,NA,1,8,7,272,4
1,A;B;C;D;E;F;G;H;I;J;K;L,C,1,57,5,FALSE,NA,1,8,7,273,4
1,A;B;C;D;E;F;G;H;I;J;K;L,H,1,58,5,FALSE,NA,1,8,7,274,4
1,A;B;C;D;E;F;G;H;I;J;K;L,G,1,59,5,FALSE,NA,1,8,7,275,4
1,A;B;C;D;E;F;G;H;I;J;K;L,F,1,60,5,FALSE,NA,1,8,7,276,4
1,A;B;C;D;E;F;G;H;I;J;K;L,B,1,61,6,FALSE,NA,1,8,7,277,4
1,A;B;C;D;E;F;G;H;I;J;K;L,F,1,62,6,FALSE,NA,1,8,7,278,4
1,A;B;C;D;E;F;G;H;I;J;K;L,L,1,63,6,FALSE,NA,1,8,7,279,4
1,A;B;C;D;E;F;G;H;I;J;K;L,I,1,64,6,FALSE,NA,1,8,7,280,4
1,A;B;C;D;E;F;G;H;I;J;K;L,A,1,65,6,FALSE,NA,1,8,7,281,4
1,A;B;C;D;E;F;G;H;I;J;K;L,K,1,66,6,FALSE,NA,1,8,7,282,4
1,A;B;C;D;E;F;G;H;I;J;K;L,E,1,67,6,FALSE,NA,1,8,7,283,4
1,A;B;C;D;E;F;G;H;I;J;K;L,J,1,68,6,FALSE,NA,1,8,7,284,4
1,A;B;C;D;E;F;G;H;I;J;K;L,D,1,69,6,FALSE,NA,1,8,7,285,4
1,A;B;C;D;E;F;G;H;I;J;K;L,C,1,70,6,FALSE,NA,1,8,7,286,4
1,A;B;C;D;E;F;G;H;I;J;K;L,G,1,71,6,FALSE,NA,1,8,7,287,4
1,A;B;C;D;E;F;G;H;I;J;K;L,H,1,72,6,FALSE,NA,1,8,7,288,4
1,A;B;C;D;E;F;G;H;I;J;K;L,K,1,1,1,FALSE,NA,1,10,9,289,5
1,A;B;C;D;E;F;G;H;I;J;K;L,B,1,2,1,FALSE,NA,1,10,9,290,5
1,A;B;C;D;E;F;G;H;I;J;K;L,I,1,3,1,FALSE,NA,1,10,9,291,5
1,A;B;C;D;E;F;G;H;I;J;K;L,F,1,4,1,FALSE,NA,1,10,9,292,5
1,A;B;C;D;E;F;G;H;I;J;K;L,J,1,5,1,FALSE,NA,1,10,9,293,5
1,A;B;C;D;E;F;G;H;I;J;K;L,H,1,6,1,FALSE,NA,1,10,9,294,5
1,A;B;C;D;E;F;G;H;I;J;K;L,A,1,7,1,FALSE,NA,1,10,9,295,5
1,A;B;C;D;E;F;G;H;I;J;K;L,L,1,8,1,FALSE,NA,1,10,9,296,5
1,A;B;C;D;E;F;G;H;I;J;K;L,G,1,9,1,FALSE,NA,1,10,9,297,5
1,A;B;C;D;E;F;G;H;I;J;K;L,D,1,10,1,FALSE,NA,1,10,9,298,5
1,A;B;C;D;E;F;G;H;I;J;K;L,E,1,11,1,FALSE,NA,1,10,9,299,5
1,A;B;C;D;E;F;G;H;I;J;K;L,C,1,12,1,FALSE,NA,1,10,9,300,5
1,A;B;C;D;E;F;G;H;I;J;K;L,F,1,13,2,FALSE,NA,1,10,9,301,5
1,A;B;C;D;E;F;G;H;I;J;K;L,I,1,14,2,FALSE,NA,1,10,9,302,5
1,A;B;C;D;E;F;G;H;I;J;K;L,L,1,15,2,FALSE,NA,1,10,9,303,5
1,A;B;C;D;E;F;G;H;I;J;K;L,A,1,16,2,FALSE,NA,1,10,9,304,5
1,A;B;C;D;E;F;G;H;I;J;K;L,H,1,17,2,FALSE,NA,1,10,9,305,5
1,A;B;C;D;E;F;G;H;I;J;K;L,J,1,18,2,FALSE,NA,1,10,9,306,5
1,A;B;C;D;E;F;G;H;I;J;K;L,K,1,19,2,FALSE,NA,1,10,9,307,5
1,A;B;C;D;E;F;G;H;I;J;K;L,G,1,20,2,FALSE,NA,1,10,9,308,5
1,A;B;C;D;E;F;G;H;I;J;K;L,B,1,21,2,FALSE,NA,1,10,9,309,5
1,A;B;C;D;E;F;G;H;I;J;K;L,D,1,22,2,FALSE,NA,1,10,9,310,5
1,A;B;C;D;E;F;G;H;I;J;K;L,E,1,23,2,FALSE,NA,1,10,9,311,5
1,A;B;C;D;E;F;G;H;I;J;K;L,C,1,24,2,FALSE,NA,1,10,9,312,5
1,A;B;C;D;E;F;G;H;I;J;K;L,C,1,25,3,FALSE,NA,1,10,9,313,5
1,A;B;C;D;E;F;G;H;I;J;K;L,A,1,26,3,FALSE,NA,1,10,9,314,5
1,A;B;C;D;E;F;G;H;I;J;K;L,H,1,27,3,FALSE,NA,1,10,9,315,5
1,A;B;C;D;E;F;G;H;I;J;K;L,J,1,28,3,FALSE,NA,1,10,9,316,5
1,A;B;C;D;E;F;G;H;I;J;K;L,E,1,29,3,FALSE,NA,1,10,9,317,5
1,A;B;C;D;E;F;G;H;I;J;K;L,I,1,30,3,FALSE,NA,1,10,9,318,5
1,A;B;C;D;E;F;G;H;I;J;K;L,L,1,31,3,FALSE,NA,1,10,9,319,5
1,A;B;C;D;E;F;G;H;I;J;K;L,K,1,32,3,FALSE,NA,1,10,9,320,5
1,A;B;C;D;E;F;G;H;I;J;K;L,B,1,33,3,FALSE,NA,1,10,9,321,5
1,A;B;C;D;E;F;G;H;I;J;K;L,D,1,34,3,FALSE,NA,1,10,9,322,5
1,A;B;C;D;E;F;G;H;I;J;K;L,G,1,35,3,FALSE,NA,1,10,9,323,5
1,A;B;C;D;E;F;G;H;I;J;K;L,F,1,36,3,FALSE,NA,1,10,9,324,5
1,A;B;C;D;E;F;G;H;I;J;K;L,K,1,37,4,FALSE,NA,1,10,9,325,5
1,A;B;C;D;E;F;G;H;I;J;K;L,E,1,38,4,FALSE,NA,1,10,9,326,5
1,A;B;C;D;E;F;G;H;I;J;K;L,F,1,39,4,FALSE,NA,1,10,9,327,5
1,A;B;C;D;E;F;G;H;I;J;K;L,I,1,40,4,FALSE,NA,1,10,9,328,5
1,A;B;C;D;E;F;G;H;I;J;K;L,D,1,41,4,FALSE,NA,1,10,9,329,5
1,A;B;C;D;E;F;G;H;I;J;K;L,J,1,42,4,FALSE,NA,1,10,9,330,5
1,A;B;C;D;E;F;G;H;I;J;K;L,C,1,43,4,FALSE,NA,1,10,9,331,5
1,A;B;C;D;E;F;G;H;I;J;K;L,G,1,44,4,FALSE,NA,1,10,9,332,5
1,A;B;C;D;E;F;G;H;I;J;K;L,L,1,45,4,FALSE,NA,1,10,9,333,5
1,A;B;C;D;E;F;G;H;I;J;K;L,B,1,46,4,FALSE,NA,1,10,9,334,5
1,A;B;C;D;E;F;G;H;I;J;K;L,A,1,47,4,FALSE,NA,1,10,9,335,5
1,A;B;C;D;E;F;G;H;I;J;K;L,H,1,48,4,FALSE,NA,1,10,9,336,5
1,A;B;C;D;E;F;G;H;I;J;K;L,H,1,49,5,FALSE,NA,1,10,9,337,5
1,A;B;C;D;E;F;G;H;I;J;K;L,D,1,50,5,FALSE,NA,1,10,9,338,5
1,A;B;C;D;E;F;G;H;I;J;K;L,I,1,51,5,FALSE,NA,1,10,9,339,5
1,A;B;C;D;E;F;G;H;I;J;K;L,J,1,52,5,FALSE,NA,1,10,9,340,5
1,A;B;C;D;E;F;G;H;I;J;K;L,F,1,53,5,FALSE,NA,1,10,9,341,5
1,A;B;C;D;E;F;G;H;I;J;K;L,C,1,54,5,FALSE,NA,1,10,9,342,5
1,A;B;C;D;E;F;G;H;I;J;K;L,A,1,55,5,FALSE,NA,1,10,9,343,5
1,A;B;C;D;E;F;G;H;I;J;K;L,E,1,56,5,FALSE,NA,1,10,9,344,5
1,A;B;C;D;E;F;G;H;I;J;K;L,G,1,57,5,FALSE,NA,1,10,9,345,5
1,A;B;C;D;E;F;G;H;I;J;K;L,L,1,58,5,FALSE,NA,1,10,9,346,5
1,A;B;C;D;E;F;G;H;I;J;K;L,B,1,59,5,FALSE,NA,1,10,9,347,5
1,A;B;C;D;E;F;G;H;I;J;K;L,K,1,60,5,FALSE,NA,1,10,9,348,5
1,A;B;C;D;E;F;G;H;I;J;K;L,K,1,61,6,FALSE,NA,1,10,9,349,5
1,A;B;C;D;E;F;G;H;I;J;K;L,L,1,62,6,FALSE,NA,1,10,9,350,5
1,A;B;C;D;E;F;G;H;I;J;K;L,F,1,63,6,FALSE,NA,1,10,9,351,5
1,A;B;C;D;E;F;G;H;I;J;K;L,D,1,64,6,FALSE,NA,1,10,9,352,5
1,A;B;C;D;E;F;G;H;I;J;K;L,H,1,65,6,FALSE,NA,1,10,9,353,5
1,A;B;C;D;E;F;G;H;I;J;K;L,I,1,66,6,FALSE,NA,1,10,9,354,5
1,A;B;C;D;E;F;G;H;I;J;K;L,A,1,67,6,FALSE,NA,1,10,9,355,5
1,A;B;C;D;E;F;G;H;I;J;K;L,C,1,68,6,FALSE,NA,1,10,9,356,5
1,A;B;C;D;E;F;G;H;I;J;K;L,G,1,69,6,FALSE,NA,1,10,9,357,5
1,A;B;C;D;E;F;G;H;I;J;K;L,E,1,70,6,FALSE,NA,1,10,9,358,5
1,A;B;C;D;E;F;G;H;I;J;K;L,J,1,71,6,FALSE,NA,1,10,9,359,5
1,A;B;C;D;E;F;G;H;I;J;K;L,B,1,72,6,FALSE,NA,1,10,9,360,5
1,A;B;C;D;E;F;G;H;I;J;K;L,J,1,1,1,FALSE,NA,1,12,11,361,6
1,A;B;C;D;E;F;G;H;I;J;K;L,L,1,2,1,FALSE,NA,1,12,11,362,6
1,A;B;C;D;E;F;G;H;I;J;K;L,E,1,3,1,FALSE,NA,1,12,11,363,6
1,A;B;C;D;E;F;G;H;I;J;K;L,G,1,4,1,FALSE,NA,1,12,11,364,6
1,A;B;C;D;E;F;G;H;I;J;K;L,B,1,5,1,FALSE,NA,1,12,11,365,6
1,A;B;C;D;E;F;G;H;I;J;K;L,C,1,6,1,FALSE,NA,1,12,11,366,6
1,A;B;C;D;E;F;G;H;I;J;K;L,I,1,7,1,FALSE,NA,1,12,11,367,6
1,A;B;C;D;E;F;G;H;I;J;K;L,D,1,8,1,FALSE,NA,1,12,11,368,6
1,A;B;C;D;E;F;G;H;I;J;K;L,F,1,9,1,FALSE,NA,1,12,11,369,6
1,A;B;C;D;E;F;G;H;I;J;K;L,H,1,10,1,FALSE,NA,1,12,11,370,6
1,A;B;C;D;E;F;G;H;I;J;K;L,A,1,11,1,FALSE,NA,1,12,11,371,6
1,A;B;C;D;E;F;G;H;I;J;K;L,K,1,12,1,FALSE,NA,1,12,11,372,6
1,A;B;C;D;E;F;G;H;I;J;K;L,C,1,13,2,FALSE,NA,1,12,11,373,6
1,A;B;C;D;E;F;G;H;I;J;K;L,I,1,14,2,FALSE,NA,1,12,11,374,6
1,A;B;C;D;E;F;G;H;I;J;K;L,L,1,15,2,FALSE,NA,1,12,11,375,6
1,A;B;C;D;E;F;G;H;I;J;K;L,K,1,16,2,FALSE,NA,1,12,11,376,6
1,A;B;C;D;E;F;G;H;I;J;K;L,J,1,17,2,FALSE,NA,1,12,11,377,6
1,A;B;C;D;E;F;G;H;I;J;K;L,A,1,18,2,FALSE,NA,1,12,11,378,6
1,A;B;C;D;E;F;G;H;I;J;K;L,D,1,19,2,FALSE,NA,1,12,11,379,6
1,A;B;C;D;E;F;G;H;I;J;K;L,B,1,20,2,FALSE,NA,1,12,11,380,6
1,A;B;C;D;E;F;G;H;I;J;K;L,H,1,21,2,FALSE,NA,1,12,11,381,6
1,A;B;C;D;E;F;G;H;I;J;K;L,F,1,22,2,FALSE,NA,1,12,11,382,6
1,A;B;C;D;E;F;G;H;I;J;K;L,E,1,23,2,FALSE,NA,1,12,11,383,6
1,A;B;C;D;E;F;G;H;I;J;K;L,G,1,24,2,FALSE,NA,1,12,11,384,6
1,A;B;C;D;E;F;G;H;I;J;K;L,F,1,25,3,FALSE,NA,1,12,11,385,6
1,A;B;C;D;E;F;G;H;I;J;K;L,C,1,26,3,FALSE,NA,1,12,11,386,6
1,A;B;C;D;E;F;G;H;I;J;K;L,K,1,27,3,FALSE,NA,1,12,11,387,6
1,A;B;C;D;E;F;G;H;I;J;K;L,D,1,28,3,FALSE,NA,1,12,11,388,6
1,A;B;C;D;E;F;G;H;I;J;K;L,G,1,29,3,FALSE,NA,1,12,11,389,6
1,A;B;C;D;E;F;G;H;I;J;K;L,L,1,30,3,FALSE,NA,1,12,11,390,6
1,A;B;C;D;E;F;G;H;I;J;K;L,B,1,31,3,FALSE,NA,1,12,11,391,6
1,A;B;C;D;E;F;G;H;I;J;K;L,J,1,32,3,FALSE,NA,1,12,11,392,6
1,A;B;C;D;E;F;G;H;I;J;K;L,I,1,33,3,FALSE,NA,1,12,11,393,6
1,A;B;C;D;E;F;G;H;I;J;K;L,E,1,34,3,FALSE,NA,1,12,11,394,6
1,A;B;C;D;E;F;G;H;I;J;K;L,A,1,35,3,FALSE,NA,1,12,11,395,6
1,A;B;C;D;E;F;G;H;I;J;K;L,H,1,36,3,FALSE,NA,1,12,11,396,6
1,A;B;C;D;E;F;G;H;I;J;K;L,A,1,37,4,FALSE,NA,1,12,11,397,6
1,A;B;C;D;E;F;G;H;I;J;K;L,J,1,38,4,FALSE,NA,1,12,11,398,6
1,A;B;C;D;E;F;G;H;I;J;K;L,L,1,39,4,FALSE,NA,1,12,11,399,6
1,A;B;C;D;E;F;G;H;I;J;K;L,G,1,40,4,FALSE,NA,1,12,11,400,6
1,A;B;C;D;E;F;G;H;I;J;K;L,H,1,41,4,FALSE,NA,1,12,11,401,6
1,A;B;C;D;E;F;G;H;I;J;K;L,D,1,42,4,FALSE,NA,1,12,11,402,6
1,A;B;C;D;E;F;G;H;I;J;K;L,F,1,43,4,FALSE,NA,1,12,11,403,6
1,A;B;C;D;E;F;G;H;I;J;K;L,K,1,44,4,FALSE,NA,1,12,11,404,6
1,A;B;C;D;E;F;G;H;I;J;K;L,C,1,45,4,FALSE,NA,1,12,11,405,6
1,A;B;C;D;E;F;G;H;I;J;K;L,E,1,46,4,FALSE,NA,1,12,11,406,6
1,A;B;C;D;E;F;G;H;I;J;K;L,B,1,47,4,FALSE,NA,1,12,11,407,6
1,A;B;C;D;E;F;G;H;I;J;K;L,I,1,48,4,FALSE,NA,1,12,11,408,6
1,A;B;C;D;E;F;G;H;I;J;K;L,F,1,49,5,FALSE,NA,1,12,11,409,6
1,A;B;C;D;E;F;G;H;I;J;K;L,L,1,50,5,FALSE,NA,1,12,11,410,6
1,A;B;C;D;E;F;G;H;I;J;K;L,E,1,51,5,FALSE,NA,1,12,11,411,6
1,A;B;C;D;E;F;G;H;I;J;K;L,D,1,52,5,FALSE,NA,1,12,11,412,6
1,A;B;C;D;E;F;G;H;I;J;K;L,A,1,53,5,FALSE,NA,1,12,11,413,6
1,A;B;C;D;E;F;G;H;I;J;K;L,K,1,54,5,FALSE,NA,1,12,11,414,6
1,A;B;C;D;E;F;G;H;I;J;K;L,I,1,55,5,FALSE,NA,1,12,11,415,6
1,A;B;C;D;E;F;G;H;I;J;K;L,J,1,56,5,FALSE,NA,1,12,11,416,6
1,A;B;C;D;E;F;G;H;I;J;K;L,G,1,57,5,FALSE,NA,1,12,11,417,6
1,A;B;C;D;E;F;G;H;I;J;K;L,B,1,58,5,FALSE,NA,1,12,11,418,6
1,A;B;C;D;E;F;G;H;I;J;K;L,C,1,59,5,FALSE,NA,1,12,11,419,6
1,A;B;C;D;E;F;G;H;I;J;K;L,H,1,60,5,FALSE,NA,1,12,11,420,6
1,A;B;C;D;E;F;G;H;I;J;K;L,E,1,61,6,FALSE,NA,1,12,11,421,6
1,A;B;C;D;E;F;G;H;I;J;K;L,F,1,62,6,FALSE,NA,1,12,11,422,6
1,A;B;C;D;E;F;G;H;I;J;K;L,I,1,63,6,FALSE,NA,1,12,11,423,6
1,A;B;C;D;E;F;G;H;I;J;K;L,L,1,64,6,FALSE,NA,1,12,11,424,6
1,A;B;C;D;E;F;G;H;I;J;K;L,K,1,65,6,FALSE,NA,1,12,11,425,6
1,A;B;C;D;E;F;G;H;I;J;K;L,C,1,66,6,FALSE,NA,1,12,11,426,6
1,A;B;C;D;E;F;G;H;I;J;K;L,J,1,67,6,FALSE,NA,1,12,11,427,6
1,A;B;C;D;E;F;G;H;I;J;K;L,D,1,68,6,FALSE,NA,1,12,11,428,6
1,A;B;C;D;E;F;G;H;I;J;K;L,A,1,69,6,FALSE,NA,1,12,11,429,6
1,A;B;C;D;E;F;G;H;I;J;K;L,H,1,70,6,FALSE,NA,1,12,11,430,6
1,A;B;C;D;E;F;G;H;I;J;K;L,G,1,71,6,FALSE,NA,1,12,11,431,6
1,A;B;C;D;E;F;G;H;I;J;K;L,B,1,72,6,FALSE,NA,1,12,11,432,6
1,A;B;C;D;E;F;G;H;I;J;K;L,B,1,1,1,FALSE,NA,1,14,13,433,7
1,A;B;C;D;E;F;G;H;I;J;K;L,E,1,2,1,FALSE,NA,1,14,13,434,7
1,A;B;C;D;E;F;G;H;I;J;K;L,H,1,3,1,FALSE,NA,1,14,13,435,7
1,A;B;C;D;E;F;G;H;I;J;K;L,C,1,4,1,FALSE,NA,1,14,13,436,7
1,A;B;C;D;E;F;G;H;I;J;K;L,D,1,5,1,FALSE,NA,1,14,13,437,7
1,A;B;C;D;E;F;G;H;I;J;K;L,G,1,6,1,FALSE,NA,1,14,13,438,7
1,A;B;C;D;E;F;G;H;I;J;K;L,A,1,7,1,FALSE,NA,1,14,13,439,7
1,A;B;C;D;E;F;G;H;I;J;K;L,J,1,8,1,FALSE,NA,1,14,13,440,7
1,A;B;C;D;E;F;G;H;I;J;K;L,K,1,9,1,FALSE,NA,1,14,13,441,7
1,A;B;C;D;E;F;G;H;I;J;K;L,I,1,10,1,FALSE,NA,1,14,13,442,7
1,A;B;C;D;E;F;G;H;I;J;K;L,F,1,11,1,FALSE,NA,1,14,13,443,7
1,A;B;C;D;E;F;G;H;I;J;K;L,L,1,12,1,FALSE,NA,1,14,13,444,7
1,A;B;C;D;E;F;G;H;I;J;K;L,D,1,13,2,FALSE,NA,1,14,13,445,7
1,A;B;C;D;E;F;G;H;I;J;K;L,H,1,14,2,FALSE,NA,1,14,13,446,7
1,A;B;C;D;E;F;G;H;I;J;K;L,E,1,15,2,FALSE,NA,1,14,13,447,7
1,A;B;C;D;E;F;G;H;I;J;K;L,A,1,16,2,FALSE,NA,1,14,13,448,7
1,A;B;C;D;E;F;G;H;I;J;K;L,J,1,17,2,FALSE,NA,1,14,13,449,7
1,A;B;C;D;E;F;G;H;I;J;K;L,B,1,18,2,FALSE,NA,1,14,13,450,7
1,A;B;C;D;E;F;G;H;I;J;K;L,C,1,19,2,FALSE,NA,1,14,13,451,7
1,A;B;C;D;E;F;G;H;I;J;K;L,K,1,20,2,FALSE,NA,1,14,13,452,7
1,A;B;C;D;E;F;G;H;I;J;K;L,G,1,21,2,FALSE,NA,1,14,13,453,7
1,A;B;C;D;E;F;G;H;I;J;K;L,L,1,22,2,FALSE,NA,1,14,13,454,7
1,A;B;C;D;E;F;G;H;I;J;K;L,F,1,23,2,FALSE,NA,1,14,13,455,7
1,A;B;C;D;E;F;G;H;I;J;K;L,I,1,24,2,FALSE,NA,1,14,13,456,7
1,A;B;C;D;E;F;G;H;I;J;K;L,K,1,25,3,FALSE,NA,1,14,13,457,7
1,A;B;C;D;E;F;G;H;I;J;K;L,I,1,26,3,FALSE,NA,1,14,13,458,7
1,A;B;C;D;E;F;G;H;I;J;K;L,J,1,27,3,FALSE,NA,1,14,13,459,7
1,A;B;C;D;E;F;G;H;I;J;K;L,D,1,28,3,FALSE,NA,1,14,13,460,7
1,A;B;C;D;E;F;G;H;I;J;K;L,E,1,29,3,FALSE,NA,1,14,13,461,7
1,A;B;C;D;E;F;G;H;I;J;K;L,A,1,30,3,FALSE,NA,1,14,13,462,7
1,A;B;C;D;E;F;G;H;I;J;K;L,H,1,31,3,FALSE,NA,1,14,13,463,7
1,A;B;C;D;E;F;G;H;I;J;K;L,L,1,32,3,FALSE,NA,1,14,13,464,7
1,A;B;C;D;E;F;G;H;I;J;K;L,B,1,33,3,FALSE,NA,1,14,13,465,7
1,A;B;C;D;E;F;G;H;I;J;K;L,C,1,34,3,FALSE,NA,1,14,13,466,7
1,A;B;C;D;E;F;G;H;I;J;K;L,F,1,35,3,FALSE,NA,1,14,13,467,7
1,A;B;C;D;E;F;G;H;I;J;K;L,G,1,36,3,FALSE,NA,1,14,13,468,7
1,A;B;C;D;E;F;G;H;I;J;K;L,K,1,37,4,FALSE,NA,1,14,13,469,7
1,A;B;C;D;E;F;G;H;I;J;K;L,A,1,38,4,FALSE,NA,1,14,13,470,7
1,A;B;C;D;E;F;G;H;I;J;K;L,C,1,39,4,FALSE,NA,1,14,13,471,7
1,A;B;C;D;E;F;G;H;I;J;K;L,J,1,40,4,FALSE,NA,1,14,13,472,7
1,A;B;C;D;E;F;G;H;I;J;K;L,B,1,41,4,FALSE,NA,1,14,13,473,7
1,A;B;C;D;E;F;G;H;I;J;K;L,F,1,42,4,FALSE,NA,1,14,13,474,7
1,A;B;C;D;E;F;G;H;I;J;K;L,E,1,43,4,FALSE,NA,1,14,13,475,7
1,A;B;C;D;E;F;G;H;I;J;K;L,I,1,44,4,FALSE,NA,1,14,13,476,7
1,A;B;C;D;E;F;G;H;I;J;K;L,H,1,45,4,FALSE,NA,1,14,13,477,7
1,A;B;C;D;E;F;G;H;I;J;K;L,L,1,46,4,FALSE,NA,1,14,13,478,7
1,A;B;C;D;E;F;G;H;I;J;K;L,G,1,47,4,FALSE,NA,1,14,13,479,7
1,A;B;C;D;E;F;G;H;I;J;K;L,D,1,48,4,FALSE,NA,1,14,13,480,7
1,A;B;C;D;E;F;G;H;I;J;K;L,B,1,49,5,FALSE,NA,1,14,13,481,7
1,A;B;C;D;E;F;G;H;I;J;K;L,A,1,50,5,FALSE,NA,1,14,13,482,7
1,A;B;C;D;E;F;G;H;I;J;K;L,J,1,51,5,FALSE,NA,1,14,13,483,7
1,A;B;C;D;E;F;G;H;I;J;K;L,C,1,52,5,FALSE,NA,1,14,13,484,7
1,A;B;C;D;E;F;G;H;I;J;K;L,I,1,53,5,FALSE,NA,1,14,13,485,7
1,A;B;C;D;E;F;G;H;I;J;K;L,L,1,54,5,FALSE,NA,1,14,13,486,7
1,A;B;C;D;E;F;G;H;I;J;K;L,F,1,55,5,FALSE,NA,1,14,13,487,7
1,A;B;C;D;E;F;G;H;I;J;K;L,D,1,56,5,FALSE,NA,1,14,13,488,7
1,A;B;C;D;E;F;G;H;I;J;K;L,E,1,57,5,FALSE,NA,1,14,13,489,7
1,A;B;C;D;E;F;G;H;I;J;K;L,G,1,58,5,FALSE,NA,1,14,13,490,7
1,A;B;C;D;E;F;G;H;I;J;K;L,K,1,59,5,FALSE,NA,1,14,13,491,7
1,A;B;C;D;E;F;G;H;I;J;K;L,H,1,60,5,FALSE,NA,1,14,13,492,7
1,A;B;C;D;E;F;G;H;I;J;K;L,E,1,61,6,FALSE,NA,1,14,13,493,7
1,A;B;C;D;E;F;G;H;I;J;K;L,F,1,62,6,FALSE,NA,1,14,13,494,7
1,A;B;C;D;E;F;G;H;I;J;K;L,D,1,63,6,FALSE,NA,1,14,13,495,7
1,A;B;C;D;E;F;G;H;I;J;K;L,B,1,64,6,FALSE,NA,1,14,13,496,7
1,A;B;C;D;E;F;G;H;I;J;K;L,A,1,65,6,FALSE,NA,1,14,13,497,7
1,A;B;C;D;E;F;G;H;I;J;K;L,L,1,66,6,FALSE,NA,1,14,13,498,7
1,A;B;C;D;E;F;G;H;I;J;K;L,H,1,67,6,FALSE,NA,1,14,13,499,7
1,A;B;C;D;E;F;G;H;I;J;K;L,J,1,68,6,FALSE,NA,1,14,13,500,7
1,A;B;C;D;E;F;G;H;I;J;K;L,C,1,69,6,FALSE,NA,1,14,13,501,7
1,A;B;C;D;E;F;G;H;I;J;K;L,K,1,70,6,FALSE,NA,1,14,13,502,7
1,A;B;C;D;E;F;G;H;I;J;K;L,G,1,71,6,FALSE,NA,1,14,13,503,7
1,A;B;C;D;E;F;G;H;I;J;K;L,I,1,72,6,FALSE,NA,1,14,13,504,7
1,A;B;C;D;E;F;G;H;I;J;K;L,K,1,1,1,TRUE,non-native English-speaking participant,1,16,15,505,8
1,A;B;C;D;E;F;G;H;I;J;K;L,B,1,2,1,TRUE,non-native English-speaking participant,1,16,15,506,8
1,A;B;C;D;E;F;G;H;I;J;K;L,J,1,3,1,TRUE,non-native English-speaking participant,1,16,15,507,8
1,A;B;C;D;E;F;G;H;I;J;K;L,L,1,4,1,TRUE,non-native English-speaking participant,1,16,15,508,8
1,A;B;C;D;E;F;G;H;I;J;K;L,I,1,5,1,TRUE,non-native English-speaking participant,1,16,15,509,8
1,A;B;C;D;E;F;G;H;I;J;K;L,D,1,6,1,TRUE,non-native English-speaking participant,1,16,15,510,8
1,A;B;C;D;E;F;G;H;I;J;K;L,G,1,7,1,TRUE,non-native English-speaking participant,1,16,15,511,8
1,A;B;C;D;E;F;G;H;I;J;K;L,A,1,8,1,TRUE,non-native English-speaking participant,1,16,15,512,8
1,A;B;C;D;E;F;G;H;I;J;K;L,H,1,9,1,TRUE,non-native English-speaking participant,1,16,15,513,8
1,A;B;C;D;E;F;G;H;I;J;K;L,F,1,10,1,TRUE,non-native English-speaking participant,1,16,15,514,8
1,A;B;C;D;E;F;G;H;I;J;K;L,E,1,11,1,TRUE,non-native English-speaking participant,1,16,15,515,8
1,A;B;C;D;E;F;G;H;I;J;K;L,C,1,12,1,TRUE,non-native English-speaking participant,1,16,15,516,8
1,A;B;C;D;E;F;G;H;I;J;K;L,L,1,13,2,TRUE,non-native English-speaking participant,1,16,15,517,8
1,A;B;C;D;E;F;G;H;I;J;K;L,J,1,14,2,TRUE,non-native English-speaking participant,1,16,15,518,8
1,A;B;C;D;E;F;G;H;I;J;K;L,D,1,15,2,TRUE,non-native English-speaking participant,1,16,15,519,8
1,A;B;C;D;E;F;G;H;I;J;K;L,I,1,16,2,TRUE,non-native English-speaking participant,1,16,15,520,8
1,A;B;C;D;E;F;G;H;I;J;K;L,B,1,17,2,TRUE,non-native English-speaking participant,1,16,15,521,8
1,A;B;C;D;E;F;G;H;I;J;K;L,C,1,18,2,TRUE,non-native English-speaking participant,1,16,15,522,8
1,A;B;C;D;E;F;G;H;I;J;K;L,A,1,19,2,TRUE,non-native English-speaking participant,1,16,15,523,8
1,A;B;C;D;E;F;G;H;I;J;K;L,K,1,20,2,TRUE,non-native English-speaking participant,1,16,15,524,8
1,A;B;C;D;E;F;G;H;I;J;K;L,E,1,21,2,TRUE,non-native English-speaking participant,1,16,15,525,8
1,A;B;C;D;E;F;G;H;I;J;K;L,H,1,22,2,TRUE,non-native English-speaking participant,1,16,15,526,8
1,A;B;C;D;E;F;G;H;I;J;K;L,F,1,23,2,TRUE,non-native English-speaking participant,1,16,15,527,8
1,A;B;C;D;E;F;G;H;I;J;K;L,G,1,24,2,TRUE,non-native English-speaking participant,1,16,15,528,8
1,A;B;C;D;E;F;G;H;I;J;K;L,B,1,25,3,TRUE,non-native English-speaking participant,1,16,15,529,8
1,A;B;C;D;E;F;G;H;I;J;K;L,L,1,26,3,TRUE,non-native English-speaking participant,1,16,15,530,8
1,A;B;C;D;E;F;G;H;I;J;K;L,J,1,27,3,TRUE,non-native English-speaking participant,1,16,15,531,8
1,A;B;C;D;E;F;G;H;I;J;K;L,D,1,28,3,TRUE,non-native English-speaking participant,1,16,15,532,8
1,A;B;C;D;E;F;G;H;I;J;K;L,A,1,29,3,TRUE,non-native English-speaking participant,1,16,15,533,8
1,A;B;C;D;E;F;G;H;I;J;K;L,I,1,30,3,TRUE,non-native English-speaking participant,1,16,15,534,8
1,A;B;C;D;E;F;G;H;I;J;K;L,C,1,31,3,TRUE,non-native English-speaking participant,1,16,15,535,8
1,A;B;C;D;E;F;G;H;I;J;K;L,F,1,32,3,TRUE,non-native English-speaking participant,1,16,15,536,8
1,A;B;C;D;E;F;G;H;I;J;K;L,E,1,33,3,TRUE,non-native English-speaking participant,1,16,15,537,8
1,A;B;C;D;E;F;G;H;I;J;K;L,K,1,34,3,TRUE,non-native English-speaking participant,1,16,15,538,8
1,A;B;C;D;E;F;G;H;I;J;K;L,H,1,35,3,TRUE,non-native English-speaking participant,1,16,15,539,8
1,A;B;C;D;E;F;G;H;I;J;K;L,G,1,36,3,TRUE,non-native English-speaking participant,1,16,15,540,8
1,A;B;C;D;E;F;G;H;I;J;K;L,F,1,37,4,TRUE,non-native English-speaking participant,1,16,15,541,8
1,A;B;C;D;E;F;G;H;I;J;K;L,G,1,38,4,TRUE,non-native English-speaking participant,1,16,15,542,8
1,A;B;C;D;E;F;G;H;I;J;K;L,J,1,39,4,TRUE,non-native English-speaking participant,1,16,15,543,8
1,A;B;C;D;E;F;G;H;I;J;K;L,B,1,40,4,TRUE,non-native English-speaking participant,1,16,15,544,8
1,A;B;C;D;E;F;G;H;I;J;K;L,K,1,41,4,TRUE,non-native English-speaking participant,1,16,15,545,8
1,A;B;C;D;E;F;G;H;I;J;K;L,C,1,42,4,TRUE,non-native English-speaking participant,1,16,15,546,8
1,A;B;C;D;E;F;G;H;I;J;K;L,I,1,43,4,TRUE,non-native English-speaking participant,1,16,15,547,8
1,A;B;C;D;E;F;G;H;I;J;K;L,H,1,44,4,TRUE,non-native English-speaking participant,1,16,15,548,8
1,A;B;C;D;E;F;G;H;I;J;K;L,D,1,45,4,TRUE,non-native English-speaking participant,1,16,15,549,8
1,A;B;C;D;E;F;G;H;I;J;K;L,E,1,46,4,TRUE,non-native English-speaking participant,1,16,15,550,8
1,A;B;C;D;E;F;G;H;I;J;K;L,L,1,47,4,TRUE,non-native English-speaking participant,1,16,15,551,8
1,A;B;C;D;E;F;G;H;I;J;K;L,A,1,48,4,TRUE,non-native English-speaking participant,1,16,15,552,8
1,A;B;C;D;E;F;G;H;I;J;K;L,F,1,49,5,TRUE,non-native English-speaking participant,1,16,15,553,8
1,A;B;C;D;E;F;G;H;I;J;K;L,K,1,50,5,TRUE,non-native English-speaking participant,1,16,15,554,8
1,A;B;C;D;E;F;G;H;I;J;K;L,D,1,51,5,TRUE,non-native English-speaking participant,1,16,15,555,8
1,A;B;C;D;E;F;G;H;I;J;K;L,B,1,52,5,TRUE,non-native English-speaking participant,1,16,15,556,8
1,A;B;C;D;E;F;G;H;I;J;K;L,A,1,53,5,TRUE,non-native English-speaking participant,1,16,15,557,8
1,A;B;C;D;E;F;G;H;I;J;K;L,E,1,54,5,TRUE,non-native English-speaking participant,1,16,15,558,8
1,A;B;C;D;E;F;G;H;I;J;K;L,J,1,55,5,TRUE,non-native English-speaking participant,1,16,15,559,8
1,A;B;C;D;E;F;G;H;I;J;K;L,I,1,56,5,TRUE,non-native English-speaking participant,1,16,15,560,8
1,A;B;C;D;E;F;G;H;I;J;K;L,L,1,57,5,TRUE,non-native English-speaking participant,1,16,15,561,8
1,A;B;C;D;E;F;G;H;I;J;K;L,H,1,58,5,TRUE,non-native English-speaking participant,1,16,15,562,8
1,A;B;C;D;E;F;G;H;I;J;K;L,C,1,59,5,TRUE,non-native English-speaking participant,1,16,15,563,8
1,A;B;C;D;E;F;G;H;I;J;K;L,G,1,60,5,TRUE,non-native English-speaking participant,1,16,15,564,8
1,A;B;C;D;E;F;G;H;I;J;K;L,J,1,61,6,TRUE,non-native English-speaking participant,1,16,15,565,8
1,A;B;C;D;E;F;G;H;I;J;K;L,B,1,62,6,TRUE,non-native English-speaking participant,1,16,15,566,8
1,A;B;C;D;E;F;G;H;I;J;K;L,G,1,63,6,TRUE,non-native English-speaking participant,1,16,15,567,8
1,A;B;C;D;E;F;G;H;I;J;K;L,D,1,64,6,TRUE,non-native English-speaking participant,1,16,15,568,8
1,A;B;C;D;E;F;G;H;I;J;K;L,E,1,65,6,TRUE,non-native English-speaking participant,1,16,15,569,8
1,A;B;C;D;E;F;G;H;I;J;K;L,L,1,66,6,TRUE,non-native English-speaking participant,1,16,15,570,8
1,A;B;C;D;E;F;G;H;I;J;K;L,I,1,67,6,TRUE,non-native English-speaking participant,1,16,15,571,8
1,A;B;C;D;E;F;G;H;I;J;K;L,K,1,68,6,TRUE,non-native English-speaking participant,1,16,15,572,8
1,A;B;C;D;E;F;G;H;I;J;K;L,C,1,69,6,TRUE,non-native English-speaking participant,1,16,15,573,8
1,A;B;C;D;E;F;G;H;I;J;K;L,F,1,70,6,TRUE,non-native English-speaking participant,1,16,15,574,8
1,A;B;C;D;E;F;G;H;I;J;K;L,H,1,71,6,TRUE,non-native English-speaking participant,1,16,15,575,8
1,A;B;C;D;E;F;G;H;I;J;K;L,A,1,72,6,TRUE,non-native English-speaking participant,1,16,15,576,8
1,A;B;C;D;E;F;G;H;I;J;K;L,B,1,1,1,FALSE,NA,1,18,17,577,9
1,A;B;C;D;E;F;G;H;I;J;K;L,K,1,2,1,FALSE,NA,1,18,17,578,9
1,A;B;C;D;E;F;G;H;I;J;K;L,D,1,3,1,FALSE,NA,1,18,17,579,9
1,A;B;C;D;E;F;G;H;I;J;K;L,G,1,4,1,FALSE,NA,1,18,17,580,9
1,A;B;C;D;E;F;G;H;I;J;K;L,I,1,5,1,FALSE,NA,1,18,17,581,9
1,A;B;C;D;E;F;G;H;I;J;K;L,C,1,6,1,FALSE,NA,1,18,17,582,9
1,A;B;C;D;E;F;G;H;I;J;K;L,F,1,7,1,FALSE,NA,1,18,17,583,9
1,A;B;C;D;E;F;G;H;I;J;K;L,L,1,8,1,FALSE,NA,1,18,17,584,9
1,A;B;C;D;E;F;G;H;I;J;K;L,J,1,9,1,FALSE,NA,1,18,17,585,9
1,A;B;C;D;E;F;G;H;I;J;K;L,E,1,10,1,FALSE,NA,1,18,17,586,9
1,A;B;C;D;E;F;G;H;I;J;K;L,A,1,11,1,FALSE,NA,1,18,17,587,9
1,A;B;C;D;E;F;G;H;I;J;K;L,H,1,12,1,FALSE,NA,1,18,17,588,9
1,A;B;C;D;E;F;G;H;I;J;K;L,B,1,13,2,FALSE,NA,1,18,17,589,9
1,A;B;C;D;E;F;G;H;I;J;K;L,E,1,14,2,FALSE,NA,1,18,17,590,9
1,A;B;C;D;E;F;G;H;I;J;K;L,L,1,15,2,FALSE,NA,1,18,17,591,9
1,A;B;C;D;E;F;G;H;I;J;K;L,D,1,16,2,FALSE,NA,1,18,17,592,9
1,A;B;C;D;E;F;G;H;I;J;K;L,J,1,17,2,FALSE,NA,1,18,17,593,9
1,A;B;C;D;E;F;G;H;I;J;K;L,A,1,18,2,FALSE,NA,1,18,17,594,9
1,A;B;C;D;E;F;G;H;I;J;K;L,G,1,19,2,FALSE,NA,1,18,17,595,9
1,A;B;C;D;E;F;G;H;I;J;K;L,H,1,20,2,FALSE,NA,1,18,17,596,9
1,A;B;C;D;E;F;G;H;I;J;K;L,I,1,21,2,FALSE,NA,1,18,17,597,9
1,A;B;C;D;E;F;G;H;I;J;K;L,C,1,22,2,FALSE,NA,1,18,17,598,9
1,A;B;C;D;E;F;G;H;I;J;K;L,K,1,23,2,FALSE,NA,1,18,17,599,9
1,A;B;C;D;E;F;G;H;I;J;K;L,F,1,24,2,FALSE,NA,1,18,17,600,9
1,A;B;C;D;E;F;G;H;I;J;K;L,D,1,25,3,FALSE,NA,1,18,17,601,9
1,A;B;C;D;E;F;G;H;I;J;K;L,I,1,26,3,FALSE,NA,1,18,17,602,9
1,A;B;C;D;E;F;G;H;I;J;K;L,E,1,27,3,FALSE,NA,1,18,17,603,9
1,A;B;C;D;E;F;G;H;I;J;K;L,A,1,28,3,FALSE,NA,1,18,17,604,9
1,A;B;C;D;E;F;G;H;I;J;K;L,H,1,29,3,FALSE,NA,1,18,17,605,9
1,A;B;C;D;E;F;G;H;I;J;K;L,B,1,30,3,FALSE,NA,1,18,17,606,9
1,A;B;C;D;E;F;G;H;I;J;K;L,L,1,31,3,FALSE,NA,1,18,17,607,9
1,A;B;C;D;E;F;G;H;I;J;K;L,F,1,32,3,FALSE,NA,1,18,17,608,9
1,A;B;C;D;E;F;G;H;I;J;K;L,J,1,33,3,FALSE,NA,1,18,17,609,9
1,A;B;C;D;E;F;G;H;I;J;K;L,C,1,34,3,FALSE,NA,1,18,17,610,9
1,A;B;C;D;E;F;G;H;I;J;K;L,G,1,35,3,FALSE,NA,1,18,17,611,9
1,A;B;C;D;E;F;G;H;I;J;K;L,K,1,36,3,FALSE,NA,1,18,17,612,9
1,A;B;C;D;E;F;G;H;I;J;K;L,C,1,37,4,FALSE,NA,1,18,17,613,9
1,A;B;C;D;E;F;G;H;I;J;K;L,F,1,38,4,FALSE,NA,1,18,17,614,9
1,A;B;C;D;E;F;G;H;I;J;K;L,B,1,39,4,FALSE,NA,1,18,17,615,9
1,A;B;C;D;E;F;G;H;I;J;K;L,L,1,40,4,FALSE,NA,1,18,17,616,9
1,A;B;C;D;E;F;G;H;I;J;K;L,G,1,41,4,FALSE,NA,1,18,17,617,9
1,A;B;C;D;E;F;G;H;I;J;K;L,H,1,42,4,FALSE,NA,1,18,17,618,9
1,A;B;C;D;E;F;G;H;I;J;K;L,D,1,43,4,FALSE,NA,1,18,17,619,9
1,A;B;C;D;E;F;G;H;I;J;K;L,A,1,44,4,FALSE,NA,1,18,17,620,9
1,A;B;C;D;E;F;G;H;I;J;K;L,K,1,45,4,FALSE,NA,1,18,17,621,9
1,A;B;C;D;E;F;G;H;I;J;K;L,I,1,46,4,FALSE,NA,1,18,17,622,9
1,A;B;C;D;E;F;G;H;I;J;K;L,J,1,47,4,FALSE,NA,1,18,17,623,9
1,A;B;C;D;E;F;G;H;I;J;K;L,E,1,48,4,FALSE,NA,1,18,17,624,9
1,A;B;C;D;E;F;G;H;I;J;K;L,D,1,49,5,FALSE,NA,1,18,17,625,9
1,A;B;C;D;E;F;G;H;I;J;K;L,H,1,50,5,FALSE,NA,1,18,17,626,9
1,A;B;C;D;E;F;G;H;I;J;K;L,I,1,51,5,FALSE,NA,1,18,17,627,9
1,A;B;C;D;E;F;G;H;I;J;K;L,F,1,52,5,FALSE,NA,1,18,17,628,9
1,A;B;C;D;E;F;G;H;I;J;K;L,B,1,53,5,FALSE,NA,1,18,17,629,9
1,A;B;C;D;E;F;G;H;I;J;K;L,L,1,54,5,FALSE,NA,1,18,17,630,9
1,A;B;C;D;E;F;G;H;I;J;K;L,G,1,55,5,FALSE,NA,1,18,17,631,9
1,A;B;C;D;E;F;G;H;I;J;K;L,C,1,56,5,FALSE,NA,1,18,17,632,9
1,A;B;C;D;E;F;G;H;I;J;K;L,J,1,57,5,FALSE,NA,1,18,17,633,9
1,A;B;C;D;E;F;G;H;I;J;K;L,E,1,58,5,FALSE,NA,1,18,17,634,9
1,A;B;C;D;E;F;G;H;I;J;K;L,A,1,59,5,FALSE,NA,1,18,17,635,9
1,A;B;C;D;E;F;G;H;I;J;K;L,K,1,60,5,FALSE,NA,1,18,17,636,9
1,A;B;C;D;E;F;G;H;I;J;K;L,C,1,61,6,FALSE,NA,1,18,17,637,9
1,A;B;C;D;E;F;G;H;I;J;K;L,E,1,62,6,FALSE,NA,1,18,17,638,9
1,A;B;C;D;E;F;G;H;I;J;K;L,H,1,63,6,FALSE,NA,1,18,17,639,9
1,A;B;C;D;E;F;G;H;I;J;K;L,D,1,64,6,FALSE,NA,1,18,17,640,9
1,A;B;C;D;E;F;G;H;I;J;K;L,K,1,65,6,FALSE,NA,1,18,17,641,9
1,A;B;C;D;E;F;G;H;I;J;K;L,B,1,66,6,FALSE,NA,1,18,17,642,9
1,A;B;C;D;E;F;G;H;I;J;K;L,I,1,67,6,FALSE,NA,1,18,17,643,9
1,A;B;C;D;E;F;G;H;I;J;K;L,G,1,68,6,FALSE,NA,1,18,17,644,9
1,A;B;C;D;E;F;G;H;I;J;K;L,A,1,69,6,FALSE,NA,1,18,17,645,9
1,A;B;C;D;E;F;G;H;I;J;K;L,J,1,70,6,FALSE,NA,1,18,17,646,9
1,A;B;C;D;E;F;G;H;I;J;K;L,L,1,71,6,FALSE,NA,1,18,17,647,9
1,A;B;C;D;E;F;G;H;I;J;K;L,F,1,72,6,FALSE,NA,1,18,17,648,9
1,A;B;C;D;E;F;G;H;I;J;K;L,K,1,1,1,FALSE,NA,1,20,19,649,10
1,A;B;C;D;E;F;G;H;I;J;K;L,D,1,2,1,FALSE,NA,1,20,19,650,10
1,A;B;C;D;E;F;G;H;I;J;K;L,J,1,3,1,FALSE,NA,1,20,19,651,10
1,A;B;C;D;E;F;G;H;I;J;K;L,E,1,4,1,FALSE,NA,1,20,19,652,10
1,A;B;C;D;E;F;G;H;I;J;K;L,C,1,5,1,FALSE,NA,1,20,19,653,10
1,A;B;C;D;E;F;G;H;I;J;K;L,G,1,6,1,FALSE,NA,1,20,19,654,10
1,A;B;C;D;E;F;G;H;I;J;K;L,I,1,7,1,FALSE,NA,1,20,19,655,10
1,A;B;C;D;E;F;G;H;I;J;K;L,L,1,8,1,FALSE,NA,1,20,19,656,10
1,A;B;C;D;E;F;G;H;I;J;K;L,H,1,9,1,FALSE,NA,1,20,19,657,10
1,A;B;C;D;E;F;G;H;I;J;K;L,B,1,10,1,FALSE,NA,1,20,19,658,10
1,A;B;C;D;E;F;G;H;I;J;K;L,A,1,11,1,FALSE,NA,1,20,19,659,10
1,A;B;C;D;E;F;G;H;I;J;K;L,F,1,12,1,FALSE,NA,1,20,19,660,10
1,A;B;C;D;E;F;G;H;I;J;K;L,I,1,13,2,FALSE,NA,1,20,19,661,10
1,A;B;C;D;E;F;G;H;I;J;K;L,B,1,14,2,FALSE,NA,1,20,19,662,10
1,A;B;C;D;E;F;G;H;I;J;K;L,D,1,15,2,FALSE,NA,1,20,19,663,10
1,A;B;C;D;E;F;G;H;I;J;K;L,H,1,16,2,FALSE,NA,1,20,19,664,10
1,A;B;C;D;E;F;G;H;I;J;K;L,F,1,17,2,FALSE,NA,1,20,19,665,10
1,A;B;C;D;E;F;G;H;I;J;K;L,J,1,18,2,FALSE,NA,1,20,19,666,10
1,A;B;C;D;E;F;G;H;I;J;K;L,A,1,19,2,FALSE,NA,1,20,19,667,10
1,A;B;C;D;E;F;G;H;I;J;K;L,C,1,20,2,FALSE,NA,1,20,19,668,10
1,A;B;C;D;E;F;G;H;I;J;K;L,L,1,21,2,FALSE,NA,1,20,19,669,10
1,A;B;C;D;E;F;G;H;I;J;K;L,K,1,22,2,FALSE,NA,1,20,19,670,10
1,A;B;C;D;E;F;G;H;I;J;K;L,E,1,23,2,FALSE,NA,1,20,19,671,10
1,A;B;C;D;E;F;G;H;I;J;K;L,G,1,24,2,FALSE,NA,1,20,19,672,10
1,A;B;C;D;E;F;G;H;I;J;K;L,A,1,25,3,FALSE,NA,1,20,19,673,10
1,A;B;C;D;E;F;G;H;I;J;K;L,H,1,26,3,FALSE,NA,1,20,19,674,10
1,A;B;C;D;E;F;G;H;I;J;K;L,I,1,27,3,FALSE,NA,1,20,19,675,10
1,A;B;C;D;E;F;G;H;I;J;K;L,L,1,28,3,FALSE,NA,1,20,19,676,10
1,A;B;C;D;E;F;G;H;I;J;K;L,D,1,29,3,FALSE,NA,1,20,19,677,10
1,A;B;C;D;E;F;G;H;I;J;K;L,K,1,30,3,FALSE,NA,1,20,19,678,10
1,A;B;C;D;E;F;G;H;I;J;K;L,E,1,31,3,FALSE,NA,1,20,19,679,10
1,A;B;C;D;E;F;G;H;I;J;K;L,B,1,32,3,FALSE,NA,1,20,19,680,10
1,A;B;C;D;E;F;G;H;I;J;K;L,J,1,33,3,FALSE,NA,1,20,19,681,10
1,A;B;C;D;E;F;G;H;I;J;K;L,C,1,34,3,FALSE,NA,1,20,19,682,10
1,A;B;C;D;E;F;G;H;I;J;K;L,G,1,35,3,FALSE,NA,1,20,19,683,10
1,A;B;C;D;E;F;G;H;I;J;K;L,F,1,36,3,FALSE,NA,1,20,19,684,10
1,A;B;C;D;E;F;G;H;I;J;K;L,G,1,37,4,FALSE,NA,1,20,19,685,10
1,A;B;C;D;E;F;G;H;I;J;K;L,B,1,38,4,FALSE,NA,1,20,19,686,10
1,A;B;C;D;E;F;G;H;I;J;K;L,E,1,39,4,FALSE,NA,1,20,19,687,10
1,A;B;C;D;E;F;G;H;I;J;K;L,L,1,40,4,FALSE,NA,1,20,19,688,10
1,A;B;C;D;E;F;G;H;I;J;K;L,H,1,41,4,FALSE,NA,1,20,19,689,10
1,A;B;C;D;E;F;G;H;I;J;K;L,C,1,42,4,FALSE,NA,1,20,19,690,10
1,A;B;C;D;E;F;G;H;I;J;K;L,K,1,43,4,FALSE,NA,1,20,19,691,10
1,A;B;C;D;E;F;G;H;I;J;K;L,I,1,44,4,FALSE,NA,1,20,19,692,10
1,A;B;C;D;E;F;G;H;I;J;K;L,J,1,45,4,FALSE,NA,1,20,19,693,10
1,A;B;C;D;E;F;G;H;I;J;K;L,A,1,46,4,FALSE,NA,1,20,19,694,10
1,A;B;C;D;E;F;G;H;I;J;K;L,D,1,47,4,FALSE,NA,1,20,19,695,10
1,A;B;C;D;E;F;G;H;I;J;K;L,F,1,48,4,FALSE,NA,1,20,19,696,10
1,A;B;C;D;E;F;G;H;I;J;K;L,D,1,49,5,FALSE,NA,1,20,19,697,10
1,A;B;C;D;E;F;G;H;I;J;K;L,I,1,50,5,FALSE,NA,1,20,19,698,10
1,A;B;C;D;E;F;G;H;I;J;K;L,H,1,51,5,FALSE,NA,1,20,19,699,10
1,A;B;C;D;E;F;G;H;I;J;K;L,L,1,52,5,FALSE,NA,1,20,19,700,10
1,A;B;C;D;E;F;G;H;I;J;K;L,F,1,53,5,FALSE,NA,1,20,19,701,10
1,A;B;C;D;E;F;G;H;I;J;K;L,G,1,54,5,FALSE,NA,1,20,19,702,10
1,A;B;C;D;E;F;G;H;I;J;K;L,E,1,55,5,FALSE,NA,1,20,19,703,10
1,A;B;C;D;E;F;G;H;I;J;K;L,K,1,56,5,FALSE,NA,1,20,19,704,10
1,A;B;C;D;E;F;G;H;I;J;K;L,A,1,57,5,FALSE,NA,1,20,19,705,10
1,A;B;C;D;E;F;G;H;I;J;K;L,C,1,58,5,FALSE,NA,1,20,19,706,10
1,A;B;C;D;E;F;G;H;I;J;K;L,B,1,59,5,FALSE,NA,1,20,19,707,10
1,A;B;C;D;E;F;G;H;I;J;K;L,J,1,60,5,FALSE,NA,1,20,19,708,10
1,A;B;C;D;E;F;G;H;I;J;K;L,I,1,61,6,FALSE,NA,1,20,19,709,10
1,A;B;C;D;E;F;G;H;I;J;K;L,E,1,62,6,FALSE,NA,1,20,19,710,10
1,A;B;C;D;E;F;G;H;I;J;K;L,K,1,63,6,FALSE,NA,1,20,19,711,10
1,A;B;C;D;E;F;G;H;I;J;K;L,F,1,64,6,FALSE,NA,1,20,19,712,10
1,A;B;C;D;E;F;G;H;I;J;K;L,D,1,65,6,FALSE,NA,1,20,19,713,10
1,A;B;C;D;E;F;G;H;I;J;K;L,C,1,66,6,FALSE,NA,1,20,19,714,10
1,A;B;C;D;E;F;G;H;I;J;K;L,G,1,67,6,FALSE,NA,1,20,19,715,10
1,A;B;C;D;E;F;G;H;I;J;K;L,B,1,68,6,FALSE,NA,1,20,19,716,10
1,A;B;C;D;E;F;G;H;I;J;K;L,L,1,69,6,FALSE,NA,1,20,19,717,10
1,A;B;C;D;E;F;G;H;I;J;K;L,H,1,70,6,FALSE,NA,1,20,19,718,10
1,A;B;C;D;E;F;G;H;I;J;K;L,A,1,71,6,FALSE,NA,1,20,19,719,10
1,A;B;C;D;E;F;G;H;I;J;K;L,J,1,72,6,FALSE,NA,1,20,19,720,10
1,A;B;C;D;E;F;G;H;I;J;K;L,L,1,1,1,FALSE,NA,1,22,21,721,11
1,A;B;C;D;E;F;G;H;I;J;K;L,A,1,2,1,FALSE,NA,1,22,21,722,11
1,A;B;C;D;E;F;G;H;I;J;K;L,C,1,3,1,FALSE,NA,1,22,21,723,11
1,A;B;C;D;E;F;G;H;I;J;K;L,I,1,4,1,FALSE,NA,1,22,21,724,11
1,A;B;C;D;E;F;G;H;I;J;K;L,G,1,5,1,FALSE,NA,1,22,21,725,11
1,A;B;C;D;E;F;G;H;I;J;K;L,B,1,6,1,FALSE,NA,1,22,21,726,11
1,A;B;C;D;E;F;G;H;I;J;K;L,D,1,7,1,FALSE,NA,1,22,21,727,11
1,A;B;C;D;E;F;G;H;I;J;K;L,H,1,8,1,FALSE,NA,1,22,21,728,11
1,A;B;C;D;E;F;G;H;I;J;K;L,E,1,9,1,FALSE,NA,1,22,21,729,11
1,A;B;C;D;E;F;G;H;I;J;K;L,K,1,10,1,FALSE,NA,1,22,21,730,11
1,A;B;C;D;E;F;G;H;I;J;K;L,J,1,11,1,FALSE,NA,1,22,21,731,11
1,A;B;C;D;E;F;G;H;I;J;K;L,F,1,12,1,FALSE,NA,1,22,21,732,11
1,A;B;C;D;E;F;G;H;I;J;K;L,B,1,13,2,FALSE,NA,1,22,21,733,11
1,A;B;C;D;E;F;G;H;I;J;K;L,L,1,14,2,FALSE,NA,1,22,21,734,11
1,A;B;C;D;E;F;G;H;I;J;K;L,D,1,15,2,FALSE,NA,1,22,21,735,11
1,A;B;C;D;E;F;G;H;I;J;K;L,F,1,16,2,FALSE,NA,1,22,21,736,11
1,A;B;C;D;E;F;G;H;I;J;K;L,I,1,17,2,FALSE,NA,1,22,21,737,11
1,A;B;C;D;E;F;G;H;I;J;K;L,A,1,18,2,FALSE,NA,1,22,21,738,11
1,A;B;C;D;E;F;G;H;I;J;K;L,E,1,19,2,FALSE,NA,1,22,21,739,11
1,A;B;C;D;E;F;G;H;I;J;K;L,G,1,20,2,FALSE,NA,1,22,21,740,11
1,A;B;C;D;E;F;G;H;I;J;K;L,C,1,21,2,FALSE,NA,1,22,21,741,11
1,A;B;C;D;E;F;G;H;I;J;K;L,K,1,22,2,FALSE,NA,1,22,21,742,11
1,A;B;C;D;E;F;G;H;I;J;K;L,H,1,23,2,FALSE,NA,1,22,21,743,11
1,A;B;C;D;E;F;G;H;I;J;K;L,J,1,24,2,FALSE,NA,1,22,21,744,11
1,A;B;C;D;E;F;G;H;I;J;K;L,E,1,25,3,FALSE,NA,1,22,21,745,11
1,A;B;C;D;E;F;G;H;I;J;K;L,F,1,26,3,FALSE,NA,1,22,21,746,11
1,A;B;C;D;E;F;G;H;I;J;K;L,K,1,27,3,FALSE,NA,1,22,21,747,11
1,A;B;C;D;E;F;G;H;I;J;K;L,D,1,28,3,FALSE,NA,1,22,21,748,11
1,A;B;C;D;E;F;G;H;I;J;K;L,I,1,29,3,FALSE,NA,1,22,21,749,11
1,A;B;C;D;E;F;G;H;I;J;K;L,B,1,30,3,FALSE,NA,1,22,21,750,11
1,A;B;C;D;E;F;G;H;I;J;K;L,G,1,31,3,FALSE,NA,1,22,21,751,11
1,A;B;C;D;E;F;G;H;I;J;K;L,H,1,32,3,FALSE,NA,1,22,21,752,11
1,A;B;C;D;E;F;G;H;I;J;K;L,C,1,33,3,FALSE,NA,1,22,21,753,11
1,A;B;C;D;E;F;G;H;I;J;K;L,A,1,34,3,FALSE,NA,1,22,21,754,11
1,A;B;C;D;E;F;G;H;I;J;K;L,J,1,35,3,FALSE,NA,1,22,21,755,11
1,A;B;C;D;E;F;G;H;I;J;K;L,L,1,36,3,FALSE,NA,1,22,21,756,11
1,A;B;C;D;E;F;G;H;I;J;K;L,D,1,37,4,FALSE,NA,1,22,21,757,11
1,A;B;C;D;E;F;G;H;I;J;K;L,I,1,38,4,FALSE,NA,1,22,21,758,11
1,A;B;C;D;E;F;G;H;I;J;K;L,B,1,39,4,FALSE,NA,1,22,21,759,11
1,A;B;C;D;E;F;G;H;I;J;K;L,J,1,40,4,FALSE,NA,1,22,21,760,11
1,A;B;C;D;E;F;G;H;I;J;K;L,E,1,41,4,FALSE,NA,1,22,21,761,11
1,A;B;C;D;E;F;G;H;I;J;K;L,H,1,42,4,FALSE,NA,1,22,21,762,11
1,A;B;C;D;E;F;G;H;I;J;K;L,L,1,43,4,FALSE,NA,1,22,21,763,11
1,A;B;C;D;E;F;G;H;I;J;K;L,F,1,44,4,FALSE,NA,1,22,21,764,11
1,A;B;C;D;E;F;G;H;I;J;K;L,G,1,45,4,FALSE,NA,1,22,21,765,11
1,A;B;C;D;E;F;G;H;I;J;K;L,C,1,46,4,FALSE,NA,1,22,21,766,11
1,A;B;C;D;E;F;G;H;I;J;K;L,A,1,47,4,FALSE,NA,1,22,21,767,11
1,A;B;C;D;E;F;G;H;I;J;K;L,K,1,48,4,FALSE,NA,1,22,21,768,11
1,A;B;C;D;E;F;G;H;I;J;K;L,E,1,49,5,FALSE,NA,1,22,21,769,11
1,A;B;C;D;E;F;G;H;I;J;K;L,L,1,50,5,FALSE,NA,1,22,21,770,11
1,A;B;C;D;E;F;G;H;I;J;K;L,I,1,51,5,FALSE,NA,1,22,21,771,11
1,A;B;C;D;E;F;G;H;I;J;K;L,G,1,52,5,FALSE,NA,1,22,21,772,11
1,A;B;C;D;E;F;G;H;I;J;K;L,B,1,53,5,FALSE,NA,1,22,21,773,11
1,A;B;C;D;E;F;G;H;I;J;K;L,F,1,54,5,FALSE,NA,1,22,21,774,11
1,A;B;C;D;E;F;G;H;I;J;K;L,J,1,55,5,FALSE,NA,1,22,21,775,11
1,A;B;C;D;E;F;G;H;I;J;K;L,A,1,56,5,FALSE,NA,1,22,21,776,11
1,A;B;C;D;E;F;G;H;I;J;K;L,C,1,57,5,FALSE,NA,1,22,21,777,11
1,A;B;C;D;E;F;G;H;I;J;K;L,H,1,58,5,FALSE,NA,1,22,21,778,11
1,A;B;C;D;E;F;G;H;I;J;K;L,D,1,59,5,FALSE,NA,1,22,21,779,11
1,A;B;C;D;E;F;G;H;I;J;K;L,K,1,60,5,FALSE,NA,1,22,21,780,11
1,A;B;C;D;E;F;G;H;I;J;K;L,L,1,61,6,FALSE,NA,1,22,21,781,11
1,A;B;C;D;E;F;G;H;I;J;K;L,E,1,62,6,FALSE,NA,1,22,21,782,11
1,A;B;C;D;E;F;G;H;I;J;K;L,H,1,63,6,FALSE,NA,1,22,21,783,11
1,A;B;C;D;E;F;G;H;I;J;K;L,C,1,64,6,FALSE,NA,1,22,21,784,11
1,A;B;C;D;E;F;G;H;I;J;K;L,J,1,65,6,FALSE,NA,1,22,21,785,11
1,A;B;C;D;E;F;G;H;I;J;K;L,D,1,66,6,FALSE,NA,1,22,21,786,11
1,A;B;C;D;E;F;G;H;I;J;K;L,A,1,67,6,FALSE,NA,1,22,21,787,11
1,A;B;C;D;E;F;G;H;I;J;K;L,K,1,68,6,FALSE,NA,1,22,21,788,11
1,A;B;C;D;E;F;G;H;I;J;K;L,B,1,69,6,FALSE,NA,1,22,21,789,11
1,A;B;C;D;E;F;G;H;I;J;K;L,G,1,70,6,FALSE,NA,1,22,21,790,11
1,A;B;C;D;E;F;G;H;I;J;K;L,I,1,71,6,FALSE,NA,1,22,21,791,11
1,A;B;C;D;E;F;G;H;I;J;K;L,F,1,72,6,FALSE,NA,1,22,21,792,11
1,A;B;C;D;E;F;G;H;I;J;K;L,E,1,1,1,FALSE,NA,1,24,23,793,12
1,A;B;C;D;E;F;G;H;I;J;K;L,C,1,2,1,FALSE,NA,1,24,23,794,12
1,A;B;C;D;E;F;G;H;I;J;K;L,K,1,3,1,FALSE,NA,1,24,23,795,12
1,A;B;C;D;E;F;G;H;I;J;K;L,F,1,4,1,FALSE,NA,1,24,23,796,12
1,A;B;C;D;E;F;G;H;I;J;K;L,G,1,5,1,FALSE,NA,1,24,23,797,12
1,A;B;C;D;E;F;G;H;I;J;K;L,I,1,6,1,FALSE,NA,1,24,23,798,12
1,A;B;C;D;E;F;G;H;I;J;K;L,L,1,7,1,FALSE,NA,1,24,23,799,12
1,A;B;C;D;E;F;G;H;I;J;K;L,B,1,8,1,FALSE,NA,1,24,23,800,12
1,A;B;C;D;E;F;G;H;I;J;K;L,A,1,9,1,FALSE,NA,1,24,23,801,12
1,A;B;C;D;E;F;G;H;I;J;K;L,D,1,10,1,FALSE,NA,1,24,23,802,12
1,A;B;C;D;E;F;G;H;I;J;K;L,H,1,11,1,FALSE,NA,1,24,23,803,12
1,A;B;C;D;E;F;G;H;I;J;K;L,J,1,12,1,FALSE,NA,1,24,23,804,12
1,A;B;C;D;E;F;G;H;I;J;K;L,E,1,13,2,FALSE,NA,1,24,23,805,12
1,A;B;C;D;E;F;G;H;I;J;K;L,C,1,14,2,FALSE,NA,1,24,23,806,12
1,A;B;C;D;E;F;G;H;I;J;K;L,G,1,15,2,FALSE,NA,1,24,23,807,12
1,A;B;C;D;E;F;G;H;I;J;K;L,J,1,16,2,FALSE,NA,1,24,23,808,12
1,A;B;C;D;E;F;G;H;I;J;K;L,F,1,17,2,FALSE,NA,1,24,23,809,12
1,A;B;C;D;E;F;G;H;I;J;K;L,L,1,18,2,FALSE,NA,1,24,23,810,12
1,A;B;C;D;E;F;G;H;I;J;K;L,H,1,19,2,FALSE,NA,1,24,23,811,12
1,A;B;C;D;E;F;G;H;I;J;K;L,B,1,20,2,FALSE,NA,1,24,23,812,12
1,A;B;C;D;E;F;G;H;I;J;K;L,D,1,21,2,FALSE,NA,1,24,23,813,12
1,A;B;C;D;E;F;G;H;I;J;K;L,I,1,22,2,FALSE,NA,1,24,23,814,12
1,A;B;C;D;E;F;G;H;I;J;K;L,K,1,23,2,FALSE,NA,1,24,23,815,12
1,A;B;C;D;E;F;G;H;I;J;K;L,A,1,24,2,FALSE,NA,1,24,23,816,12
1,A;B;C;D;E;F;G;H;I;J;K;L,F,1,25,3,FALSE,NA,1,24,23,817,12
1,A;B;C;D;E;F;G;H;I;J;K;L,D,1,26,3,FALSE,NA,1,24,23,818,12
1,A;B;C;D;E;F;G;H;I;J;K;L,E,1,27,3,FALSE,NA,1,24,23,819,12
1,A;B;C;D;E;F;G;H;I;J;K;L,L,1,28,3,FALSE,NA,1,24,23,820,12
1,A;B;C;D;E;F;G;H;I;J;K;L,J,1,29,3,FALSE,NA,1,24,23,821,12
1,A;B;C;D;E;F;G;H;I;J;K;L,C,1,30,3,FALSE,NA,1,24,23,822,12
1,A;B;C;D;E;F;G;H;I;J;K;L,H,1,31,3,FALSE,NA,1,24,23,823,12
1,A;B;C;D;E;F;G;H;I;J;K;L,B,1,32,3,FALSE,NA,1,24,23,824,12
1,A;B;C;D;E;F;G;H;I;J;K;L,G,1,33,3,FALSE,NA,1,24,23,825,12
1,A;B;C;D;E;F;G;H;I;J;K;L,K,1,34,3,FALSE,NA,1,24,23,826,12
1,A;B;C;D;E;F;G;H;I;J;K;L,I,1,35,3,FALSE,NA,1,24,23,827,12
1,A;B;C;D;E;F;G;H;I;J;K;L,A,1,36,3,FALSE,NA,1,24,23,828,12
1,A;B;C;D;E;F;G;H;I;J;K;L,G,1,37,4,FALSE,NA,1,24,23,829,12
1,A;B;C;D;E;F;G;H;I;J;K;L,E,1,38,4,FALSE,NA,1,24,23,830,12
1,A;B;C;D;E;F;G;H;I;J;K;L,F,1,39,4,FALSE,NA,1,24,23,831,12
1,A;B;C;D;E;F;G;H;I;J;K;L,B,1,40,4,FALSE,NA,1,24,23,832,12
1,A;B;C;D;E;F;G;H;I;J;K;L,I,1,41,4,FALSE,NA,1,24,23,833,12
1,A;B;C;D;E;F;G;H;I;J;K;L,J,1,42,4,FALSE,NA,1,24,23,834,12
1,A;B;C;D;E;F;G;H;I;J;K;L,H,1,43,4,FALSE,NA,1,24,23,835,12
1,A;B;C;D;E;F;G;H;I;J;K;L,L,1,44,4,FALSE,NA,1,24,23,836,12
1,A;B;C;D;E;F;G;H;I;J;K;L,K,1,45,4,FALSE,NA,1,24,23,837,12
1,A;B;C;D;E;F;G;H;I;J;K;L,D,1,46,4,FALSE,NA,1,24,23,838,12
1,A;B;C;D;E;F;G;H;I;J;K;L,A,1,47,4,FALSE,NA,1,24,23,839,12
1,A;B;C;D;E;F;G;H;I;J;K;L,C,1,48,4,FALSE,NA,1,24,23,840,12
1,A;B;C;D;E;F;G;H;I;J;K;L,C,1,49,5,FALSE,NA,1,24,23,841,12
1,A;B;C;D;E;F;G;H;I;J;K;L,H,1,50,5,FALSE,NA,1,24,23,842,12
1,A;B;C;D;E;F;G;H;I;J;K;L,F,1,51,5,FALSE,NA,1,24,23,843,12
1,A;B;C;D;E;F;G;H;I;J;K;L,K,1,52,5,FALSE,NA,1,24,23,844,12
1,A;B;C;D;E;F;G;H;I;J;K;L,L,1,53,5,FALSE,NA,1,24,23,845,12
1,A;B;C;D;E;F;G;H;I;J;K;L,A,1,54,5,FALSE,NA,1,24,23,846,12
1,A;B;C;D;E;F;G;H;I;J;K;L,D,1,55,5,FALSE,NA,1,24,23,847,12
1,A;B;C;D;E;F;G;H;I;J;K;L,B,1,56,5,FALSE,NA,1,24,23,848,12
1,A;B;C;D;E;F;G;H;I;J;K;L,G,1,57,5,FALSE,NA,1,24,23,849,12
1,A;B;C;D;E;F;G;H;I;J;K;L,E,1,58,5,FALSE,NA,1,24,23,850,12
1,A;B;C;D;E;F;G;H;I;J;K;L,I,1,59,5,FALSE,NA,1,24,23,851,12
1,A;B;C;D;E;F;G;H;I;J;K;L,J,1,60,5,FALSE,NA,1,24,23,852,12
1,A;B;C;D;E;F;G;H;I;J;K;L,D,1,61,6,FALSE,NA,1,24,23,853,12
1,A;B;C;D;E;F;G;H;I;J;K;L,A,1,62,6,FALSE,NA,1,24,23,854,12
1,A;B;C;D;E;F;G;H;I;J;K;L,H,1,63,6,FALSE,NA,1,24,23,855,12
1,A;B;C;D;E;F;G;H;I;J;K;L,K,1,64,6,FALSE,NA,1,24,23,856,12
1,A;B;C;D;E;F;G;H;I;J;K;L,J,1,65,6,FALSE,NA,1,24,23,857,12
1,A;B;C;D;E;F;G;H;I;J;K;L,F,1,66,6,FALSE,NA,1,24,23,858,12
1,A;B;C;D;E;F;G;H;I;J;K;L,L,1,67,6,FALSE,NA,1,24,23,859,12
1,A;B;C;D;E;F;G;H;I;J;K;L,I,1,68,6,FALSE,NA,1,24,23,860,12
1,A;B;C;D;E;F;G;H;I;J;K;L,C,1,69,6,FALSE,NA,1,24,23,861,12
1,A;B;C;D;E;F;G;H;I;J;K;L,G,1,70,6,FALSE,NA,1,24,23,862,12
1,A;B;C;D;E;F;G;H;I;J;K;L,B,1,71,6,FALSE,NA,1,24,23,863,12
1,A;B;C;D;E;F;G;H;I;J;K;L,E,1,72,6,FALSE,NA,1,24,23,864,12
1,A;B;C;D;E;F;G;H;I;J;K;L,L,1,1,1,FALSE,NA,1,26,25,865,13
1,A;B;C;D;E;F;G;H;I;J;K;L,B,1,2,1,FALSE,NA,1,26,25,866,13
1,A;B;C;D;E;F;G;H;I;J;K;L,A,1,3,1,FALSE,NA,1,26,25,867,13
1,A;B;C;D;E;F;G;H;I;J;K;L,K,1,4,1,FALSE,NA,1,26,25,868,13
1,A;B;C;D;E;F;G;H;I;J;K;L,G,1,5,1,FALSE,NA,1,26,25,869,13
1,A;B;C;D;E;F;G;H;I;J;K;L,J,1,6,1,FALSE,NA,1,26,25,870,13
1,A;B;C;D;E;F;G;H;I;J;K;L,D,1,7,1,FALSE,NA,1,26,25,871,13
1,A;B;C;D;E;F;G;H;I;J;K;L,C,1,8,1,FALSE,NA,1,26,25,872,13
1,A;B;C;D;E;F;G;H;I;J;K;L,H,1,9,1,FALSE,NA,1,26,25,873,13
1,A;B;C;D;E;F;G;H;I;J;K;L,I,1,10,1,FALSE,NA,1,26,25,874,13
1,A;B;C;D;E;F;G;H;I;J;K;L,E,1,11,1,FALSE,NA,1,26,25,875,13
1,A;B;C;D;E;F;G;H;I;J;K;L,F,1,12,1,FALSE,NA,1,26,25,876,13
1,A;B;C;D;E;F;G;H;I;J;K;L,C,1,13,2,FALSE,NA,1,26,25,877,13
1,A;B;C;D;E;F;G;H;I;J;K;L,G,1,14,2,FALSE,NA,1,26,25,878,13
1,A;B;C;D;E;F;G;H;I;J;K;L,K,1,15,2,FALSE,NA,1,26,25,879,13
1,A;B;C;D;E;F;G;H;I;J;K;L,J,1,16,2,FALSE,NA,1,26,25,880,13
1,A;B;C;D;E;F;G;H;I;J;K;L,L,1,17,2,FALSE,NA,1,26,25,881,13
1,A;B;C;D;E;F;G;H;I;J;K;L,H,1,18,2,FALSE,NA,1,26,25,882,13
1,A;B;C;D;E;F;G;H;I;J;K;L,A,1,19,2,FALSE,NA,1,26,25,883,13
1,A;B;C;D;E;F;G;H;I;J;K;L,B,1,20,2,FALSE,NA,1,26,25,884,13
1,A;B;C;D;E;F;G;H;I;J;K;L,D,1,21,2,FALSE,NA,1,26,25,885,13
1,A;B;C;D;E;F;G;H;I;J;K;L,E,1,22,2,FALSE,NA,1,26,25,886,13
1,A;B;C;D;E;F;G;H;I;J;K;L,F,1,23,2,FALSE,NA,1,26,25,887,13
1,A;B;C;D;E;F;G;H;I;J;K;L,I,1,24,2,FALSE,NA,1,26,25,888,13
1,A;B;C;D;E;F;G;H;I;J;K;L,K,1,25,3,FALSE,NA,1,26,25,889,13
1,A;B;C;D;E;F;G;H;I;J;K;L,A,1,26,3,FALSE,NA,1,26,25,890,13
1,A;B;C;D;E;F;G;H;I;J;K;L,D,1,27,3,FALSE,NA,1,26,25,891,13
1,A;B;C;D;E;F;G;H;I;J;K;L,E,1,28,3,FALSE,NA,1,26,25,892,13
1,A;B;C;D;E;F;G;H;I;J;K;L,G,1,29,3,FALSE,NA,1,26,25,893,13
1,A;B;C;D;E;F;G;H;I;J;K;L,I,1,30,3,FALSE,NA,1,26,25,894,13
1,A;B;C;D;E;F;G;H;I;J;K;L,B,1,31,3,FALSE,NA,1,26,25,895,13
1,A;B;C;D;E;F;G;H;I;J;K;L,J,1,32,3,FALSE,NA,1,26,25,896,13
1,A;B;C;D;E;F;G;H;I;J;K;L,H,1,33,3,FALSE,NA,1,26,25,897,13
1,A;B;C;D;E;F;G;H;I;J;K;L,L,1,34,3,FALSE,NA,1,26,25,898,13
1,A;B;C;D;E;F;G;H;I;J;K;L,F,1,35,3,FALSE,NA,1,26,25,899,13
1,A;B;C;D;E;F;G;H;I;J;K;L,C,1,36,3,FALSE,NA,1,26,25,900,13
1,A;B;C;D;E;F;G;H;I;J;K;L,J,1,37,4,FALSE,NA,1,26,25,901,13
1,A;B;C;D;E;F;G;H;I;J;K;L,L,1,38,4,FALSE,NA,1,26,25,902,13
1,A;B;C;D;E;F;G;H;I;J;K;L,I,1,39,4,FALSE,NA,1,26,25,903,13
1,A;B;C;D;E;F;G;H;I;J;K;L,F,1,40,4,FALSE,NA,1,26,25,904,13
1,A;B;C;D;E;F;G;H;I;J;K;L,B,1,41,4,FALSE,NA,1,26,25,905,13
1,A;B;C;D;E;F;G;H;I;J;K;L,K,1,42,4,FALSE,NA,1,26,25,906,13
1,A;B;C;D;E;F;G;H;I;J;K;L,D,1,43,4,FALSE,NA,1,26,25,907,13
1,A;B;C;D;E;F;G;H;I;J;K;L,E,1,44,4,FALSE,NA,1,26,25,908,13
1,A;B;C;D;E;F;G;H;I;J;K;L,A,1,45,4,FALSE,NA,1,26,25,909,13
1,A;B;C;D;E;F;G;H;I;J;K;L,H,1,46,4,FALSE,NA,1,26,25,910,13
1,A;B;C;D;E;F;G;H;I;J;K;L,G,1,47,4,FALSE,NA,1,26,25,911,13
1,A;B;C;D;E;F;G;H;I;J;K;L,C,1,48,4,FALSE,NA,1,26,25,912,13
1,A;B;C;D;E;F;G;H;I;J;K;L,G,1,49,5,FALSE,NA,1,26,25,913,13
1,A;B;C;D;E;F;G;H;I;J;K;L,F,1,50,5,FALSE,NA,1,26,25,914,13
1,A;B;C;D;E;F;G;H;I;J;K;L,J,1,51,5,FALSE,NA,1,26,25,915,13
1,A;B;C;D;E;F;G;H;I;J;K;L,H,1,52,5,FALSE,NA,1,26,25,916,13
1,A;B;C;D;E;F;G;H;I;J;K;L,L,1,53,5,FALSE,NA,1,26,25,917,13
1,A;B;C;D;E;F;G;H;I;J;K;L,C,1,54,5,FALSE,NA,1,26,25,918,13
1,A;B;C;D;E;F;G;H;I;J;K;L,I,1,55,5,FALSE,NA,1,26,25,919,13
1,A;B;C;D;E;F;G;H;I;J;K;L,D,1,56,5,FALSE,NA,1,26,25,920,13
1,A;B;C;D;E;F;G;H;I;J;K;L,A,1,57,5,FALSE,NA,1,26,25,921,13
1,A;B;C;D;E;F;G;H;I;J;K;L,K,1,58,5,FALSE,NA,1,26,25,922,13
1,A;B;C;D;E;F;G;H;I;J;K;L,B,1,59,5,FALSE,NA,1,26,25,923,13
1,A;B;C;D;E;F;G;H;I;J;K;L,E,1,60,5,FALSE,NA,1,26,25,924,13
1,A;B;C;D;E;F;G;H;I;J;K;L,G,1,61,6,FALSE,NA,1,26,25,925,13
1,A;B;C;D;E;F;G;H;I;J;K;L,L,1,62,6,FALSE,NA,1,26,25,926,13
1,A;B;C;D;E;F;G;H;I;J;K;L,A,1,63,6,FALSE,NA,1,26,25,927,13
1,A;B;C;D;E;F;G;H;I;J;K;L,B,1,64,6,FALSE,NA,1,26,25,928,13
1,A;B;C;D;E;F;G;H;I;J;K;L,E,1,65,6,FALSE,NA,1,26,25,929,13
1,A;B;C;D;E;F;G;H;I;J;K;L,I,1,66,6,FALSE,NA,1,26,25,930,13
1,A;B;C;D;E;F;G;H;I;J;K;L,C,1,67,6,FALSE,NA,1,26,25,931,13
1,A;B;C;D;E;F;G;H;I;J;K;L,J,1,68,6,FALSE,NA,1,26,25,932,13
1,A;B;C;D;E;F;G;H;I;J;K;L,K,1,69,6,FALSE,NA,1,26,25,933,13
1,A;B;C;D;E;F;G;H;I;J;K;L,F,1,70,6,FALSE,NA,1,26,25,934,13
1,A;B;C;D;E;F;G;H;I;J;K;L,D,1,71,6,FALSE,NA,1,26,25,935,13
1,A;B;C;D;E;F;G;H;I;J;K;L,H,1,72,6,FALSE,NA,1,26,25,936,13
1,A;B;C;D;E;F;G;H;I;J;K;L,K,1,1,1,FALSE,NA,1,28,27,937,14
1,A;B;C;D;E;F;G;H;I;J;K;L,H,1,2,1,FALSE,NA,1,28,27,938,14
1,A;B;C;D;E;F;G;H;I;J;K;L,F,1,3,1,FALSE,NA,1,28,27,939,14
1,A;B;C;D;E;F;G;H;I;J;K;L,D,1,4,1,FALSE,NA,1,28,27,940,14
1,A;B;C;D;E;F;G;H;I;J;K;L,L,1,5,1,FALSE,NA,1,28,27,941,14
1,A;B;C;D;E;F;G;H;I;J;K;L,E,1,6,1,FALSE,NA,1,28,27,942,14
1,A;B;C;D;E;F;G;H;I;J;K;L,J,1,7,1,FALSE,NA,1,28,27,943,14
1,A;B;C;D;E;F;G;H;I;J;K;L,I,1,8,1,FALSE,NA,1,28,27,944,14
1,A;B;C;D;E;F;G;H;I;J;K;L,A,1,9,1,FALSE,NA,1,28,27,945,14
1,A;B;C;D;E;F;G;H;I;J;K;L,C,1,10,1,FALSE,NA,1,28,27,946,14
1,A;B;C;D;E;F;G;H;I;J;K;L,B,1,11,1,FALSE,NA,1,28,27,947,14
1,A;B;C;D;E;F;G;H;I;J;K;L,G,1,12,1,FALSE,NA,1,28,27,948,14
1,A;B;C;D;E;F;G;H;I;J;K;L,L,1,13,2,FALSE,NA,1,28,27,949,14
1,A;B;C;D;E;F;G;H;I;J;K;L,A,1,14,2,FALSE,NA,1,28,27,950,14
1,A;B;C;D;E;F;G;H;I;J;K;L,I,1,15,2,FALSE,NA,1,28,27,951,14
1,A;B;C;D;E;F;G;H;I;J;K;L,E,1,16,2,FALSE,NA,1,28,27,952,14
1,A;B;C;D;E;F;G;H;I;J;K;L,J,1,17,2,FALSE,NA,1,28,27,953,14
1,A;B;C;D;E;F;G;H;I;J;K;L,B,1,18,2,FALSE,NA,1,28,27,954,14
1,A;B;C;D;E;F;G;H;I;J;K;L,C,1,19,2,FALSE,NA,1,28,27,955,14
1,A;B;C;D;E;F;G;H;I;J;K;L,H,1,20,2,FALSE,NA,1,28,27,956,14
1,A;B;C;D;E;F;G;H;I;J;K;L,K,1,21,2,FALSE,NA,1,28,27,957,14
1,A;B;C;D;E;F;G;H;I;J;K;L,D,1,22,2,FALSE,NA,1,28,27,958,14
1,A;B;C;D;E;F;G;H;I;J;K;L,F,1,23,2,FALSE,NA,1,28,27,959,14
1,A;B;C;D;E;F;G;H;I;J;K;L,G,1,24,2,FALSE,NA,1,28,27,960,14
1,A;B;C;D;E;F;G;H;I;J;K;L,D,1,25,3,FALSE,NA,1,28,27,961,14
1,A;B;C;D;E;F;G;H;I;J;K;L,G,1,26,3,FALSE,NA,1,28,27,962,14
1,A;B;C;D;E;F;G;H;I;J;K;L,H,1,27,3,FALSE,NA,1,28,27,963,14
1,A;B;C;D;E;F;G;H;I;J;K;L,I,1,28,3,FALSE,NA,1,28,27,964,14
1,A;B;C;D;E;F;G;H;I;J;K;L,K,1,29,3,FALSE,NA,1,28,27,965,14
1,A;B;C;D;E;F;G;H;I;J;K;L,C,1,30,3,FALSE,NA,1,28,27,966,14
1,A;B;C;D;E;F;G;H;I;J;K;L,J,1,31,3,FALSE,NA,1,28,27,967,14
1,A;B;C;D;E;F;G;H;I;J;K;L,L,1,32,3,FALSE,NA,1,28,27,968,14
1,A;B;C;D;E;F;G;H;I;J;K;L,F,1,33,3,FALSE,NA,1,28,27,969,14
1,A;B;C;D;E;F;G;H;I;J;K;L,E,1,34,3,FALSE,NA,1,28,27,970,14
1,A;B;C;D;E;F;G;H;I;J;K;L,B,1,35,3,FALSE,NA,1,28,27,971,14
1,A;B;C;D;E;F;G;H;I;J;K;L,A,1,36,3,FALSE,NA,1,28,27,972,14
1,A;B;C;D;E;F;G;H;I;J;K;L,G,1,37,4,FALSE,NA,1,28,27,973,14
1,A;B;C;D;E;F;G;H;I;J;K;L,J,1,38,4,FALSE,NA,1,28,27,974,14
1,A;B;C;D;E;F;G;H;I;J;K;L,D,1,39,4,FALSE,NA,1,28,27,975,14
1,A;B;C;D;E;F;G;H;I;J;K;L,C,1,40,4,FALSE,NA,1,28,27,976,14
1,A;B;C;D;E;F;G;H;I;J;K;L,K,1,41,4,FALSE,NA,1,28,27,977,14
1,A;B;C;D;E;F;G;H;I;J;K;L,L,1,42,4,FALSE,NA,1,28,27,978,14
1,A;B;C;D;E;F;G;H;I;J;K;L,I,1,43,4,FALSE,NA,1,28,27,979,14
1,A;B;C;D;E;F;G;H;I;J;K;L,B,1,44,4,FALSE,NA,1,28,27,980,14
1,A;B;C;D;E;F;G;H;I;J;K;L,H,1,45,4,FALSE,NA,1,28,27,981,14
1,A;B;C;D;E;F;G;H;I;J;K;L,A,1,46,4,FALSE,NA,1,28,27,982,14
1,A;B;C;D;E;F;G;H;I;J;K;L,F,1,47,4,FALSE,NA,1,28,27,983,14
1,A;B;C;D;E;F;G;H;I;J;K;L,E,1,48,4,FALSE,NA,1,28,27,984,14
1,A;B;C;D;E;F;G;H;I;J;K;L,H,1,49,5,FALSE,NA,1,28,27,985,14
1,A;B;C;D;E;F;G;H;I;J;K;L,L,1,50,5,FALSE,NA,1,28,27,986,14
1,A;B;C;D;E;F;G;H;I;J;K;L,E,1,51,5,FALSE,NA,1,28,27,987,14
1,A;B;C;D;E;F;G;H;I;J;K;L,A,1,52,5,FALSE,NA,1,28,27,988,14
1,A;B;C;D;E;F;G;H;I;J;K;L,J,1,53,5,FALSE,NA,1,28,27,989,14
1,A;B;C;D;E;F;G;H;I;J;K;L,C,1,54,5,FALSE,NA,1,28,27,990,14
1,A;B;C;D;E;F;G;H;I;J;K;L,K,1,55,5,FALSE,NA,1,28,27,991,14
1,A;B;C;D;E;F;G;H;I;J;K;L,D,1,56,5,FALSE,NA,1,28,27,992,14
1,A;B;C;D;E;F;G;H;I;J;K;L,B,1,57,5,FALSE,NA,1,28,27,993,14
1,A;B;C;D;E;F;G;H;I;J;K;L,G,1,58,5,FALSE,NA,1,28,27,994,14
1,A;B;C;D;E;F;G;H;I;J;K;L,I,1,59,5,FALSE,NA,1,28,27,995,14
1,A;B;C;D;E;F;G;H;I;J;K;L,F,1,60,5,FALSE,NA,1,28,27,996,14
1,A;B;C;D;E;F;G;H;I;J;K;L,A,1,61,6,FALSE,NA,1,28,27,997,14
1,A;B;C;D;E;F;G;H;I;J;K;L,I,1,62,6,FALSE,NA,1,28,27,998,14
1,A;B;C;D;E;F;G;H;I;J;K;L,F,1,63,6,FALSE,NA,1,28,27,999,14
1,A;B;C;D;E;F;G;H;I;J;K;L,C,1,64,6,FALSE,NA,1,28,27,1000,14
1,A;B;C;D;E;F;G;H;I;J;K;L,H,1,65,6,FALSE,NA,1,28,27,1001,14
1,A;B;C;D;E;F;G;H;I;J;K;L,G,1,66,6,FALSE,NA,1,28,27,1002,14
1,A;B;C;D;E;F;G;H;I;J;K;L,L,1,67,6,FALSE,NA,1,28,27,1003,14
1,A;B;C;D;E;F;G;H;I;J;K;L,E,1,68,6,FALSE,NA,1,28,27,1004,14
1,A;B;C;D;E;F;G;H;I;J;K;L,K,1,69,6,FALSE,NA,1,28,27,1005,14
1,A;B;C;D;E;F;G;H;I;J;K;L,J,1,70,6,FALSE,NA,1,28,27,1006,14
1,A;B;C;D;E;F;G;H;I;J;K;L,B,1,71,6,FALSE,NA,1,28,27,1007,14
1,A;B;C;D;E;F;G;H;I;J;K;L,D,1,72,6,FALSE,NA,1,28,27,1008,14
1,A;B;C;D;E;F;G;H;I;J;K;L,L,1,1,1,FALSE,NA,1,30,29,1009,15
1,A;B;C;D;E;F;G;H;I;J;K;L,A,1,2,1,FALSE,NA,1,30,29,1010,15
1,A;B;C;D;E;F;G;H;I;J;K;L,B,1,3,1,FALSE,NA,1,30,29,1011,15
1,A;B;C;D;E;F;G;H;I;J;K;L,E,1,4,1,FALSE,NA,1,30,29,1012,15
1,A;B;C;D;E;F;G;H;I;J;K;L,F,1,5,1,FALSE,NA,1,30,29,1013,15
1,A;B;C;D;E;F;G;H;I;J;K;L,J,1,6,1,FALSE,NA,1,30,29,1014,15
1,A;B;C;D;E;F;G;H;I;J;K;L,D,1,7,1,FALSE,NA,1,30,29,1015,15
1,A;B;C;D;E;F;G;H;I;J;K;L,I,1,8,1,FALSE,NA,1,30,29,1016,15
1,A;B;C;D;E;F;G;H;I;J;K;L,C,1,9,1,FALSE,NA,1,30,29,1017,15
1,A;B;C;D;E;F;G;H;I;J;K;L,K,1,10,1,FALSE,NA,1,30,29,1018,15
1,A;B;C;D;E;F;G;H;I;J;K;L,H,1,11,1,FALSE,NA,1,30,29,1019,15
1,A;B;C;D;E;F;G;H;I;J;K;L,G,1,12,1,FALSE,NA,1,30,29,1020,15
1,A;B;C;D;E;F;G;H;I;J;K;L,F,1,13,2,FALSE,NA,1,30,29,1021,15
1,A;B;C;D;E;F;G;H;I;J;K;L,B,1,14,2,FALSE,NA,1,30,29,1022,15
1,A;B;C;D;E;F;G;H;I;J;K;L,L,1,15,2,FALSE,NA,1,30,29,1023,15
1,A;B;C;D;E;F;G;H;I;J;K;L,J,1,16,2,FALSE,NA,1,30,29,1024,15
1,A;B;C;D;E;F;G;H;I;J;K;L,D,1,17,2,FALSE,NA,1,30,29,1025,15
1,A;B;C;D;E;F;G;H;I;J;K;L,G,1,18,2,FALSE,NA,1,30,29,1026,15
1,A;B;C;D;E;F;G;H;I;J;K;L,C,1,19,2,FALSE,NA,1,30,29,1027,15
1,A;B;C;D;E;F;G;H;I;J;K;L,K,1,20,2,FALSE,NA,1,30,29,1028,15
1,A;B;C;D;E;F;G;H;I;J;K;L,A,1,21,2,FALSE,NA,1,30,29,1029,15
1,A;B;C;D;E;F;G;H;I;J;K;L,E,1,22,2,FALSE,NA,1,30,29,1030,15
1,A;B;C;D;E;F;G;H;I;J;K;L,H,1,23,2,FALSE,NA,1,30,29,1031,15
1,A;B;C;D;E;F;G;H;I;J;K;L,I,1,24,2,FALSE,NA,1,30,29,1032,15
1,A;B;C;D;E;F;G;H;I;J;K;L,I,1,25,3,FALSE,NA,1,30,29,1033,15
1,A;B;C;D;E;F;G;H;I;J;K;L,G,1,26,3,FALSE,NA,1,30,29,1034,15
1,A;B;C;D;E;F;G;H;I;J;K;L,F,1,27,3,FALSE,NA,1,30,29,1035,15
1,A;B;C;D;E;F;G;H;I;J;K;L,A,1,28,3,FALSE,NA,1,30,29,1036,15
1,A;B;C;D;E;F;G;H;I;J;K;L,B,1,29,3,FALSE,NA,1,30,29,1037,15
1,A;B;C;D;E;F;G;H;I;J;K;L,K,1,30,3,FALSE,NA,1,30,29,1038,15
1,A;B;C;D;E;F;G;H;I;J;K;L,L,1,31,3,FALSE,NA,1,30,29,1039,15
1,A;B;C;D;E;F;G;H;I;J;K;L,H,1,32,3,FALSE,NA,1,30,29,1040,15
1,A;B;C;D;E;F;G;H;I;J;K;L,J,1,33,3,FALSE,NA,1,30,29,1041,15
1,A;B;C;D;E;F;G;H;I;J;K;L,E,1,34,3,FALSE,NA,1,30,29,1042,15
1,A;B;C;D;E;F;G;H;I;J;K;L,D,1,35,3,FALSE,NA,1,30,29,1043,15
1,A;B;C;D;E;F;G;H;I;J;K;L,C,1,36,3,FALSE,NA,1,30,29,1044,15
1,A;B;C;D;E;F;G;H;I;J;K;L,E,1,37,4,FALSE,NA,1,30,29,1045,15
1,A;B;C;D;E;F;G;H;I;J;K;L,C,1,38,4,FALSE,NA,1,30,29,1046,15
1,A;B;C;D;E;F;G;H;I;J;K;L,H,1,39,4,FALSE,NA,1,30,29,1047,15
1,A;B;C;D;E;F;G;H;I;J;K;L,B,1,40,4,FALSE,NA,1,30,29,1048,15
1,A;B;C;D;E;F;G;H;I;J;K;L,G,1,41,4,FALSE,NA,1,30,29,1049,15
1,A;B;C;D;E;F;G;H;I;J;K;L,J,1,42,4,FALSE,NA,1,30,29,1050,15
1,A;B;C;D;E;F;G;H;I;J;K;L,I,1,43,4,FALSE,NA,1,30,29,1051,15
1,A;B;C;D;E;F;G;H;I;J;K;L,A,1,44,4,FALSE,NA,1,30,29,1052,15
1,A;B;C;D;E;F;G;H;I;J;K;L,D,1,45,4,FALSE,NA,1,30,29,1053,15
1,A;B;C;D;E;F;G;H;I;J;K;L,K,1,46,4,FALSE,NA,1,30,29,1054,15
1,A;B;C;D;E;F;G;H;I;J;K;L,L,1,47,4,FALSE,NA,1,30,29,1055,15
1,A;B;C;D;E;F;G;H;I;J;K;L,F,1,48,4,FALSE,NA,1,30,29,1056,15
1,A;B;C;D;E;F;G;H;I;J;K;L,J,1,49,5,FALSE,NA,1,30,29,1057,15
1,A;B;C;D;E;F;G;H;I;J;K;L,G,1,50,5,FALSE,NA,1,30,29,1058,15
1,A;B;C;D;E;F;G;H;I;J;K;L,K,1,51,5,FALSE,NA,1,30,29,1059,15
1,A;B;C;D;E;F;G;H;I;J;K;L,D,1,52,5,FALSE,NA,1,30,29,1060,15
1,A;B;C;D;E;F;G;H;I;J;K;L,E,1,53,5,FALSE,NA,1,30,29,1061,15
1,A;B;C;D;E;F;G;H;I;J;K;L,I,1,54,5,FALSE,NA,1,30,29,1062,15
1,A;B;C;D;E;F;G;H;I;J;K;L,C,1,55,5,FALSE,NA,1,30,29,1063,15
1,A;B;C;D;E;F;G;H;I;J;K;L,B,1,56,5,FALSE,NA,1,30,29,1064,15
1,A;B;C;D;E;F;G;H;I;J;K;L,L,1,57,5,FALSE,NA,1,30,29,1065,15
1,A;B;C;D;E;F;G;H;I;J;K;L,F,1,58,5,FALSE,NA,1,30,29,1066,15
1,A;B;C;D;E;F;G;H;I;J;K;L,A,1,59,5,FALSE,NA,1,30,29,1067,15
1,A;B;C;D;E;F;G;H;I;J;K;L,H,1,60,5,FALSE,NA,1,30,29,1068,15
1,A;B;C;D;E;F;G;H;I;J;K;L,A,1,61,6,FALSE,NA,1,30,29,1069,15
1,A;B;C;D;E;F;G;H;I;J;K;L,K,1,62,6,FALSE,NA,1,30,29,1070,15
1,A;B;C;D;E;F;G;H;I;J;K;L,G,1,63,6,FALSE,NA,1,30,29,1071,15
1,A;B;C;D;E;F;G;H;I;J;K;L,I,1,64,6,FALSE,NA,1,30,29,1072,15
1,A;B;C;D;E;F;G;H;I;J;K;L,L,1,65,6,FALSE,NA,1,30,29,1073,15
1,A;B;C;D;E;F;G;H;I;J;K;L,C,1,66,6,FALSE,NA,1,30,29,1074,15
1,A;B;C;D;E;F;G;H;I;J;K;L,B,1,67,6,FALSE,NA,1,30,29,1075,15
1,A;B;C;D;E;F;G;H;I;J;K;L,E,1,68,6,FALSE,NA,1,30,29,1076,15
1,A;B;C;D;E;F;G;H;I;J;K;L,J,1,69,6,FALSE,NA,1,30,29,1077,15
1,A;B;C;D;E;F;G;H;I;J;K;L,D,1,70,6,FALSE,NA,1,30,29,1078,15
1,A;B;C;D;E;F;G;H;I;J;K;L,H,1,71,6,FALSE,NA,1,30,29,1079,15
1,A;B;C;D;E;F;G;H;I;J;K;L,F,1,72,6,FALSE,NA,1,30,29,1080,15
1,A;B;C;D;E;F;G;H;I;J;K;L,G,1,1,1,TRUE,low accuracy game,1,32,31,1081,16
1,A;B;C;D;E;F;G;H;I;J;K;L,E,1,2,1,TRUE,low accuracy game,1,32,31,1082,16
1,A;B;C;D;E;F;G;H;I;J;K;L,F,1,3,1,TRUE,low accuracy game,1,32,31,1083,16
1,A;B;C;D;E;F;G;H;I;J;K;L,L,1,4,1,TRUE,low accuracy game,1,32,31,1084,16
1,A;B;C;D;E;F;G;H;I;J;K;L,H,1,5,1,TRUE,low accuracy game,1,32,31,1085,16
1,A;B;C;D;E;F;G;H;I;J;K;L,B,1,6,1,TRUE,low accuracy game,1,32,31,1086,16
1,A;B;C;D;E;F;G;H;I;J;K;L,I,1,7,1,TRUE,low accuracy game,1,32,31,1087,16
1,A;B;C;D;E;F;G;H;I;J;K;L,C,1,8,1,TRUE,low accuracy game,1,32,31,1088,16
1,A;B;C;D;E;F;G;H;I;J;K;L,A,1,9,1,TRUE,low accuracy game,1,32,31,1089,16
1,A;B;C;D;E;F;G;H;I;J;K;L,J,1,10,1,TRUE,low accuracy game,1,32,31,1090,16
1,A;B;C;D;E;F;G;H;I;J;K;L,D,1,11,1,TRUE,low accuracy game,1,32,31,1091,16
1,A;B;C;D;E;F;G;H;I;J;K;L,K,1,12,1,TRUE,low accuracy game,1,32,31,1092,16
1,A;B;C;D;E;F;G;H;I;J;K;L,J,1,13,2,TRUE,low accuracy game,1,32,31,1093,16
1,A;B;C;D;E;F;G;H;I;J;K;L,B,1,14,2,TRUE,low accuracy game,1,32,31,1094,16
1,A;B;C;D;E;F;G;H;I;J;K;L,E,1,15,2,TRUE,low accuracy game,1,32,31,1095,16
1,A;B;C;D;E;F;G;H;I;J;K;L,G,1,16,2,TRUE,low accuracy game,1,32,31,1096,16
1,A;B;C;D;E;F;G;H;I;J;K;L,D,1,17,2,TRUE,low accuracy game,1,32,31,1097,16
1,A;B;C;D;E;F;G;H;I;J;K;L,I,1,18,2,TRUE,low accuracy game,1,32,31,1098,16
1,A;B;C;D;E;F;G;H;I;J;K;L,H,1,19,2,TRUE,low accuracy game,1,32,31,1099,16
1,A;B;C;D;E;F;G;H;I;J;K;L,K,1,20,2,TRUE,low accuracy game,1,32,31,1100,16
1,A;B;C;D;E;F;G;H;I;J;K;L,C,1,21,2,TRUE,low accuracy game,1,32,31,1101,16
1,A;B;C;D;E;F;G;H;I;J;K;L,A,1,22,2,TRUE,low accuracy game,1,32,31,1102,16
1,A;B;C;D;E;F;G;H;I;J;K;L,L,1,23,2,TRUE,low accuracy game,1,32,31,1103,16
1,A;B;C;D;E;F;G;H;I;J;K;L,F,1,24,2,TRUE,low accuracy game,1,32,31,1104,16
1,A;B;C;D;E;F;G;H;I;J;K;L,H,1,25,3,TRUE,low accuracy game,1,32,31,1105,16
1,A;B;C;D;E;F;G;H;I;J;K;L,D,1,26,3,TRUE,low accuracy game,1,32,31,1106,16
1,A;B;C;D;E;F;G;H;I;J;K;L,B,1,27,3,TRUE,low accuracy game,1,32,31,1107,16
1,A;B;C;D;E;F;G;H;I;J;K;L,K,1,28,3,TRUE,low accuracy game,1,32,31,1108,16
1,A;B;C;D;E;F;G;H;I;J;K;L,J,1,29,3,TRUE,low accuracy game,1,32,31,1109,16
1,A;B;C;D;E;F;G;H;I;J;K;L,L,1,30,3,TRUE,low accuracy game,1,32,31,1110,16
1,A;B;C;D;E;F;G;H;I;J;K;L,F,1,31,3,TRUE,low accuracy game,1,32,31,1111,16
1,A;B;C;D;E;F;G;H;I;J;K;L,A,1,32,3,TRUE,low accuracy game,1,32,31,1112,16
1,A;B;C;D;E;F;G;H;I;J;K;L,C,1,33,3,TRUE,low accuracy game,1,32,31,1113,16
1,A;B;C;D;E;F;G;H;I;J;K;L,E,1,34,3,TRUE,low accuracy game,1,32,31,1114,16
1,A;B;C;D;E;F;G;H;I;J;K;L,I,1,35,3,TRUE,low accuracy game,1,32,31,1115,16
1,A;B;C;D;E;F;G;H;I;J;K;L,G,1,36,3,TRUE,low accuracy game,1,32,31,1116,16
1,A;B;C;D;E;F;G;H;I;J;K;L,D,1,37,4,TRUE,low accuracy game,1,32,31,1117,16
1,A;B;C;D;E;F;G;H;I;J;K;L,F,1,38,4,TRUE,low accuracy game,1,32,31,1118,16
1,A;B;C;D;E;F;G;H;I;J;K;L,K,1,39,4,TRUE,low accuracy game,1,32,31,1119,16
1,A;B;C;D;E;F;G;H;I;J;K;L,H,1,40,4,TRUE,low accuracy game,1,32,31,1120,16
1,A;B;C;D;E;F;G;H;I;J;K;L,L,1,41,4,TRUE,low accuracy game,1,32,31,1121,16
1,A;B;C;D;E;F;G;H;I;J;K;L,E,1,42,4,TRUE,low accuracy game,1,32,31,1122,16
1,A;B;C;D;E;F;G;H;I;J;K;L,J,1,43,4,TRUE,low accuracy game,1,32,31,1123,16
1,A;B;C;D;E;F;G;H;I;J;K;L,A,1,44,4,TRUE,low accuracy game,1,32,31,1124,16
1,A;B;C;D;E;F;G;H;I;J;K;L,I,1,45,4,TRUE,low accuracy game,1,32,31,1125,16
1,A;B;C;D;E;F;G;H;I;J;K;L,B,1,46,4,TRUE,low accuracy game,1,32,31,1126,16
1,A;B;C;D;E;F;G;H;I;J;K;L,C,1,47,4,TRUE,low accuracy game,1,32,31,1127,16
1,A;B;C;D;E;F;G;H;I;J;K;L,G,1,48,4,TRUE,low accuracy game,1,32,31,1128,16
1,A;B;C;D;E;F;G;H;I;J;K;L,E,1,49,5,TRUE,low accuracy game,1,32,31,1129,16
1,A;B;C;D;E;F;G;H;I;J;K;L,A,1,50,5,TRUE,low accuracy game,1,32,31,1130,16
1,A;B;C;D;E;F;G;H;I;J;K;L,K,1,51,5,TRUE,low accuracy game,1,32,31,1131,16
1,A;B;C;D;E;F;G;H;I;J;K;L,J,1,52,5,TRUE,low accuracy game,1,32,31,1132,16
1,A;B;C;D;E;F;G;H;I;J;K;L,C,1,53,5,TRUE,low accuracy game,1,32,31,1133,16
1,A;B;C;D;E;F;G;H;I;J;K;L,H,1,54,5,TRUE,low accuracy game,1,32,31,1134,16
1,A;B;C;D;E;F;G;H;I;J;K;L,D,1,55,5,TRUE,low accuracy game,1,32,31,1135,16
1,A;B;C;D;E;F;G;H;I;J;K;L,G,1,56,5,TRUE,low accuracy game,1,32,31,1136,16
1,A;B;C;D;E;F;G;H;I;J;K;L,F,1,57,5,TRUE,low accuracy game,1,32,31,1137,16
1,A;B;C;D;E;F;G;H;I;J;K;L,I,1,58,5,TRUE,low accuracy game,1,32,31,1138,16
1,A;B;C;D;E;F;G;H;I;J;K;L,L,1,59,5,TRUE,low accuracy game,1,32,31,1139,16
1,A;B;C;D;E;F;G;H;I;J;K;L,B,1,60,5,TRUE,low accuracy game,1,32,31,1140,16
1,A;B;C;D;E;F;G;H;I;J;K;L,F,1,61,6,TRUE,low accuracy game,1,32,31,1141,16
1,A;B;C;D;E;F;G;H;I;J;K;L,L,1,62,6,TRUE,low accuracy game,1,32,31,1142,16
1,A;B;C;D;E;F;G;H;I;J;K;L,C,1,63,6,TRUE,low accuracy game,1,32,31,1143,16
1,A;B;C;D;E;F;G;H;I;J;K;L,G,1,64,6,TRUE,low accuracy game,1,32,31,1144,16
1,A;B;C;D;E;F;G;H;I;J;K;L,H,1,65,6,TRUE,low accuracy game,1,32,31,1145,16
1,A;B;C;D;E;F;G;H;I;J;K;L,K,1,66,6,TRUE,low accuracy game,1,32,31,1146,16
1,A;B;C;D;E;F;G;H;I;J;K;L,I,1,67,6,TRUE,low accuracy game,1,32,31,1147,16
1,A;B;C;D;E;F;G;H;I;J;K;L,E,1,68,6,TRUE,low accuracy game,1,32,31,1148,16
1,A;B;C;D;E;F;G;H;I;J;K;L,J,1,69,6,TRUE,low accuracy game,1,32,31,1149,16
1,A;B;C;D;E;F;G;H;I;J;K;L,D,1,70,6,TRUE,low accuracy game,1,32,31,1150,16
1,A;B;C;D;E;F;G;H;I;J;K;L,B,1,71,6,TRUE,low accuracy game,1,32,31,1151,16
1,A;B;C;D;E;F;G;H;I;J;K;L,A,1,72,6,TRUE,low accuracy game,1,32,31,1152,16
1,A;B;C;D;E;F;G;H;I;J;K;L,F,1,1,1,FALSE,NA,1,34,33,1153,17
1,A;B;C;D;E;F;G;H;I;J;K;L,A,1,2,1,FALSE,NA,1,34,33,1154,17
1,A;B;C;D;E;F;G;H;I;J;K;L,E,1,3,1,FALSE,NA,1,34,33,1155,17
1,A;B;C;D;E;F;G;H;I;J;K;L,L,1,4,1,FALSE,NA,1,34,33,1156,17
1,A;B;C;D;E;F;G;H;I;J;K;L,D,1,5,1,FALSE,NA,1,34,33,1157,17
1,A;B;C;D;E;F;G;H;I;J;K;L,J,1,6,1,FALSE,NA,1,34,33,1158,17
1,A;B;C;D;E;F;G;H;I;J;K;L,C,1,7,1,FALSE,NA,1,34,33,1159,17
1,A;B;C;D;E;F;G;H;I;J;K;L,B,1,8,1,FALSE,NA,1,34,33,1160,17
1,A;B;C;D;E;F;G;H;I;J;K;L,I,1,9,1,FALSE,NA,1,34,33,1161,17
1,A;B;C;D;E;F;G;H;I;J;K;L,K,1,10,1,FALSE,NA,1,34,33,1162,17
1,A;B;C;D;E;F;G;H;I;J;K;L,G,1,11,1,FALSE,NA,1,34,33,1163,17
1,A;B;C;D;E;F;G;H;I;J;K;L,H,1,12,1,FALSE,NA,1,34,33,1164,17
1,A;B;C;D;E;F;G;H;I;J;K;L,E,1,13,2,FALSE,NA,1,34,33,1165,17
1,A;B;C;D;E;F;G;H;I;J;K;L,L,1,14,2,FALSE,NA,1,34,33,1166,17
1,A;B;C;D;E;F;G;H;I;J;K;L,A,1,15,2,FALSE,NA,1,34,33,1167,17
1,A;B;C;D;E;F;G;H;I;J;K;L,H,1,16,2,FALSE,NA,1,34,33,1168,17
1,A;B;C;D;E;F;G;H;I;J;K;L,D,1,17,2,FALSE,NA,1,34,33,1169,17
1,A;B;C;D;E;F;G;H;I;J;K;L,I,1,18,2,FALSE,NA,1,34,33,1170,17
1,A;B;C;D;E;F;G;H;I;J;K;L,K,1,19,2,FALSE,NA,1,34,33,1171,17
1,A;B;C;D;E;F;G;H;I;J;K;L,F,1,20,2,FALSE,NA,1,34,33,1172,17
1,A;B;C;D;E;F;G;H;I;J;K;L,G,1,21,2,FALSE,NA,1,34,33,1173,17
1,A;B;C;D;E;F;G;H;I;J;K;L,J,1,22,2,FALSE,NA,1,34,33,1174,17
1,A;B;C;D;E;F;G;H;I;J;K;L,B,1,23,2,FALSE,NA,1,34,33,1175,17
1,A;B;C;D;E;F;G;H;I;J;K;L,C,1,24,2,FALSE,NA,1,34,33,1176,17
1,A;B;C;D;E;F;G;H;I;J;K;L,J,1,25,3,FALSE,NA,1,34,33,1177,17
1,A;B;C;D;E;F;G;H;I;J;K;L,E,1,26,3,FALSE,NA,1,34,33,1178,17
1,A;B;C;D;E;F;G;H;I;J;K;L,I,1,27,3,FALSE,NA,1,34,33,1179,17
1,A;B;C;D;E;F;G;H;I;J;K;L,L,1,28,3,FALSE,NA,1,34,33,1180,17
1,A;B;C;D;E;F;G;H;I;J;K;L,K,1,29,3,FALSE,NA,1,34,33,1181,17
1,A;B;C;D;E;F;G;H;I;J;K;L,C,1,30,3,FALSE,NA,1,34,33,1182,17
1,A;B;C;D;E;F;G;H;I;J;K;L,A,1,31,3,FALSE,NA,1,34,33,1183,17
1,A;B;C;D;E;F;G;H;I;J;K;L,H,1,32,3,FALSE,NA,1,34,33,1184,17
1,A;B;C;D;E;F;G;H;I;J;K;L,B,1,33,3,FALSE,NA,1,34,33,1185,17
1,A;B;C;D;E;F;G;H;I;J;K;L,F,1,34,3,FALSE,NA,1,34,33,1186,17
1,A;B;C;D;E;F;G;H;I;J;K;L,D,1,35,3,FALSE,NA,1,34,33,1187,17
1,A;B;C;D;E;F;G;H;I;J;K;L,G,1,36,3,FALSE,NA,1,34,33,1188,17
1,A;B;C;D;E;F;G;H;I;J;K;L,F,1,37,4,FALSE,NA,1,34,33,1189,17
1,A;B;C;D;E;F;G;H;I;J;K;L,B,1,38,4,FALSE,NA,1,34,33,1190,17
1,A;B;C;D;E;F;G;H;I;J;K;L,I,1,39,4,FALSE,NA,1,34,33,1191,17
1,A;B;C;D;E;F;G;H;I;J;K;L,A,1,40,4,FALSE,NA,1,34,33,1192,17
1,A;B;C;D;E;F;G;H;I;J;K;L,E,1,41,4,FALSE,NA,1,34,33,1193,17
1,A;B;C;D;E;F;G;H;I;J;K;L,L,1,42,4,FALSE,NA,1,34,33,1194,17
1,A;B;C;D;E;F;G;H;I;J;K;L,G,1,43,4,FALSE,NA,1,34,33,1195,17
1,A;B;C;D;E;F;G;H;I;J;K;L,H,1,44,4,FALSE,NA,1,34,33,1196,17
1,A;B;C;D;E;F;G;H;I;J;K;L,D,1,45,4,FALSE,NA,1,34,33,1197,17
1,A;B;C;D;E;F;G;H;I;J;K;L,K,1,46,4,FALSE,NA,1,34,33,1198,17
1,A;B;C;D;E;F;G;H;I;J;K;L,C,1,47,4,FALSE,NA,1,34,33,1199,17
1,A;B;C;D;E;F;G;H;I;J;K;L,J,1,48,4,FALSE,NA,1,34,33,1200,17
1,A;B;C;D;E;F;G;H;I;J;K;L,G,1,49,5,FALSE,NA,1,34,33,1201,17
1,A;B;C;D;E;F;G;H;I;J;K;L,D,1,50,5,FALSE,NA,1,34,33,1202,17
1,A;B;C;D;E;F;G;H;I;J;K;L,I,1,51,5,FALSE,NA,1,34,33,1203,17
1,A;B;C;D;E;F;G;H;I;J;K;L,E,1,52,5,FALSE,NA,1,34,33,1204,17
1,A;B;C;D;E;F;G;H;I;J;K;L,H,1,53,5,FALSE,NA,1,34,33,1205,17
1,A;B;C;D;E;F;G;H;I;J;K;L,L,1,54,5,FALSE,NA,1,34,33,1206,17
1,A;B;C;D;E;F;G;H;I;J;K;L,K,1,55,5,FALSE,NA,1,34,33,1207,17
1,A;B;C;D;E;F;G;H;I;J;K;L,B,1,56,5,FALSE,NA,1,34,33,1208,17
1,A;B;C;D;E;F;G;H;I;J;K;L,J,1,57,5,FALSE,NA,1,34,33,1209,17
1,A;B;C;D;E;F;G;H;I;J;K;L,F,1,58,5,FALSE,NA,1,34,33,1210,17
1,A;B;C;D;E;F;G;H;I;J;K;L,C,1,59,5,FALSE,NA,1,34,33,1211,17
1,A;B;C;D;E;F;G;H;I;J;K;L,A,1,60,5,FALSE,NA,1,34,33,1212,17
1,A;B;C;D;E;F;G;H;I;J;K;L,K,1,61,6,FALSE,NA,1,34,33,1213,17
1,A;B;C;D;E;F;G;H;I;J;K;L,B,1,62,6,FALSE,NA,1,34,33,1214,17
1,A;B;C;D;E;F;G;H;I;J;K;L,H,1,63,6,FALSE,NA,1,34,33,1215,17
1,A;B;C;D;E;F;G;H;I;J;K;L,G,1,64,6,FALSE,NA,1,34,33,1216,17
1,A;B;C;D;E;F;G;H;I;J;K;L,A,1,65,6,FALSE,NA,1,34,33,1217,17
1,A;B;C;D;E;F;G;H;I;J;K;L,I,1,66,6,FALSE,NA,1,34,33,1218,17
1,A;B;C;D;E;F;G;H;I;J;K;L,E,1,67,6,FALSE,NA,1,34,33,1219,17
1,A;B;C;D;E;F;G;H;I;J;K;L,F,1,68,6,FALSE,NA,1,34,33,1220,17
1,A;B;C;D;E;F;G;H;I;J;K;L,L,1,69,6,FALSE,NA,1,34,33,1221,17
1,A;B;C;D;E;F;G;H;I;J;K;L,J,1,70,6,FALSE,NA,1,34,33,1222,17
1,A;B;C;D;E;F;G;H;I;J;K;L,D,1,71,6,FALSE,NA,1,34,33,1223,17
1,A;B;C;D;E;F;G;H;I;J;K;L,C,1,72,6,FALSE,NA,1,34,33,1224,17
1,A;B;C;D;E;F;G;H;I;J;K;L,G,1,1,1,FALSE,NA,1,36,35,1225,18
1,A;B;C;D;E;F;G;H;I;J;K;L,K,1,2,1,FALSE,NA,1,36,35,1226,18
1,A;B;C;D;E;F;G;H;I;J;K;L,D,1,3,1,FALSE,NA,1,36,35,1227,18
1,A;B;C;D;E;F;G;H;I;J;K;L,E,1,4,1,FALSE,NA,1,36,35,1228,18
1,A;B;C;D;E;F;G;H;I;J;K;L,B,1,5,1,FALSE,NA,1,36,35,1229,18
1,A;B;C;D;E;F;G;H;I;J;K;L,H,1,6,1,FALSE,NA,1,36,35,1230,18
1,A;B;C;D;E;F;G;H;I;J;K;L,J,1,7,1,FALSE,NA,1,36,35,1231,18
1,A;B;C;D;E;F;G;H;I;J;K;L,C,1,8,1,FALSE,NA,1,36,35,1232,18
1,A;B;C;D;E;F;G;H;I;J;K;L,L,1,9,1,FALSE,NA,1,36,35,1233,18
1,A;B;C;D;E;F;G;H;I;J;K;L,A,1,10,1,FALSE,NA,1,36,35,1234,18
1,A;B;C;D;E;F;G;H;I;J;K;L,F,1,11,1,FALSE,NA,1,36,35,1235,18
1,A;B;C;D;E;F;G;H;I;J;K;L,I,1,12,1,FALSE,NA,1,36,35,1236,18
1,A;B;C;D;E;F;G;H;I;J;K;L,I,1,13,2,FALSE,NA,1,36,35,1237,18
1,A;B;C;D;E;F;G;H;I;J;K;L,G,1,14,2,FALSE,NA,1,36,35,1238,18
1,A;B;C;D;E;F;G;H;I;J;K;L,H,1,15,2,FALSE,NA,1,36,35,1239,18
1,A;B;C;D;E;F;G;H;I;J;K;L,A,1,16,2,FALSE,NA,1,36,35,1240,18
1,A;B;C;D;E;F;G;H;I;J;K;L,D,1,17,2,FALSE,NA,1,36,35,1241,18
1,A;B;C;D;E;F;G;H;I;J;K;L,J,1,18,2,FALSE,NA,1,36,35,1242,18
1,A;B;C;D;E;F;G;H;I;J;K;L,E,1,19,2,FALSE,NA,1,36,35,1243,18
1,A;B;C;D;E;F;G;H;I;J;K;L,F,1,20,2,FALSE,NA,1,36,35,1244,18
1,A;B;C;D;E;F;G;H;I;J;K;L,C,1,21,2,FALSE,NA,1,36,35,1245,18
1,A;B;C;D;E;F;G;H;I;J;K;L,K,1,22,2,FALSE,NA,1,36,35,1246,18
1,A;B;C;D;E;F;G;H;I;J;K;L,L,1,23,2,FALSE,NA,1,36,35,1247,18
1,A;B;C;D;E;F;G;H;I;J;K;L,B,1,24,2,FALSE,NA,1,36,35,1248,18
1,A;B;C;D;E;F;G;H;I;J;K;L,F,1,25,3,FALSE,NA,1,36,35,1249,18
1,A;B;C;D;E;F;G;H;I;J;K;L,I,1,26,3,FALSE,NA,1,36,35,1250,18
1,A;B;C;D;E;F;G;H;I;J;K;L,H,1,27,3,FALSE,NA,1,36,35,1251,18
1,A;B;C;D;E;F;G;H;I;J;K;L,B,1,28,3,FALSE,NA,1,36,35,1252,18
1,A;B;C;D;E;F;G;H;I;J;K;L,G,1,29,3,FALSE,NA,1,36,35,1253,18
1,A;B;C;D;E;F;G;H;I;J;K;L,L,1,30,3,FALSE,NA,1,36,35,1254,18
1,A;B;C;D;E;F;G;H;I;J;K;L,J,1,31,3,FALSE,NA,1,36,35,1255,18
1,A;B;C;D;E;F;G;H;I;J;K;L,E,1,32,3,FALSE,NA,1,36,35,1256,18
1,A;B;C;D;E;F;G;H;I;J;K;L,C,1,33,3,FALSE,NA,1,36,35,1257,18
1,A;B;C;D;E;F;G;H;I;J;K;L,K,1,34,3,FALSE,NA,1,36,35,1258,18
1,A;B;C;D;E;F;G;H;I;J;K;L,D,1,35,3,FALSE,NA,1,36,35,1259,18
1,A;B;C;D;E;F;G;H;I;J;K;L,A,1,36,3,FALSE,NA,1,36,35,1260,18
1,A;B;C;D;E;F;G;H;I;J;K;L,J,1,37,4,FALSE,NA,1,36,35,1261,18
1,A;B;C;D;E;F;G;H;I;J;K;L,A,1,38,4,FALSE,NA,1,36,35,1262,18
1,A;B;C;D;E;F;G;H;I;J;K;L,D,1,39,4,FALSE,NA,1,36,35,1263,18
1,A;B;C;D;E;F;G;H;I;J;K;L,E,1,40,4,FALSE,NA,1,36,35,1264,18
1,A;B;C;D;E;F;G;H;I;J;K;L,L,1,41,4,FALSE,NA,1,36,35,1265,18
1,A;B;C;D;E;F;G;H;I;J;K;L,K,1,42,4,FALSE,NA,1,36,35,1266,18
1,A;B;C;D;E;F;G;H;I;J;K;L,B,1,43,4,FALSE,NA,1,36,35,1267,18
1,A;B;C;D;E;F;G;H;I;J;K;L,H,1,44,4,FALSE,NA,1,36,35,1268,18
1,A;B;C;D;E;F;G;H;I;J;K;L,C,1,45,4,FALSE,NA,1,36,35,1269,18
1,A;B;C;D;E;F;G;H;I;J;K;L,I,1,46,4,FALSE,NA,1,36,35,1270,18
1,A;B;C;D;E;F;G;H;I;J;K;L,G,1,47,4,FALSE,NA,1,36,35,1271,18
1,A;B;C;D;E;F;G;H;I;J;K;L,F,1,48,4,FALSE,NA,1,36,35,1272,18
1,A;B;C;D;E;F;G;H;I;J;K;L,F,1,49,5,FALSE,NA,1,36,35,1273,18
1,A;B;C;D;E;F;G;H;I;J;K;L,G,1,50,5,FALSE,NA,1,36,35,1274,18
1,A;B;C;D;E;F;G;H;I;J;K;L,L,1,51,5,FALSE,NA,1,36,35,1275,18
1,A;B;C;D;E;F;G;H;I;J;K;L,J,1,52,5,FALSE,NA,1,36,35,1276,18
1,A;B;C;D;E;F;G;H;I;J;K;L,K,1,53,5,FALSE,NA,1,36,35,1277,18
1,A;B;C;D;E;F;G;H;I;J;K;L,C,1,54,5,FALSE,NA,1,36,35,1278,18
1,A;B;C;D;E;F;G;H;I;J;K;L,E,1,55,5,FALSE,NA,1,36,35,1279,18
1,A;B;C;D;E;F;G;H;I;J;K;L,H,1,56,5,FALSE,NA,1,36,35,1280,18
1,A;B;C;D;E;F;G;H;I;J;K;L,A,1,57,5,FALSE,NA,1,36,35,1281,18
1,A;B;C;D;E;F;G;H;I;J;K;L,B,1,58,5,FALSE,NA,1,36,35,1282,18
1,A;B;C;D;E;F;G;H;I;J;K;L,I,1,59,5,FALSE,NA,1,36,35,1283,18
1,A;B;C;D;E;F;G;H;I;J;K;L,D,1,60,5,FALSE,NA,1,36,35,1284,18
1,A;B;C;D;E;F;G;H;I;J;K;L,K,1,61,6,FALSE,NA,1,36,35,1285,18
1,A;B;C;D;E;F;G;H;I;J;K;L,F,1,62,6,FALSE,NA,1,36,35,1286,18
1,A;B;C;D;E;F;G;H;I;J;K;L,E,1,63,6,FALSE,NA,1,36,35,1287,18
1,A;B;C;D;E;F;G;H;I;J;K;L,B,1,64,6,FALSE,NA,1,36,35,1288,18
1,A;B;C;D;E;F;G;H;I;J;K;L,A,1,65,6,FALSE,NA,1,36,35,1289,18
1,A;B;C;D;E;F;G;H;I;J;K;L,D,1,66,6,FALSE,NA,1,36,35,1290,18
1,A;B;C;D;E;F;G;H;I;J;K;L,C,1,67,6,FALSE,NA,1,36,35,1291,18
1,A;B;C;D;E;F;G;H;I;J;K;L,I,1,68,6,FALSE,NA,1,36,35,1292,18
1,A;B;C;D;E;F;G;H;I;J;K;L,G,1,69,6,FALSE,NA,1,36,35,1293,18
1,A;B;C;D;E;F;G;H;I;J;K;L,L,1,70,6,FALSE,NA,1,36,35,1294,18
1,A;B;C;D;E;F;G;H;I;J;K;L,J,1,71,6,FALSE,NA,1,36,35,1295,18
1,A;B;C;D;E;F;G;H;I;J;K;L,H,1,72,6,FALSE,NA,1,36,35,1296,18
1,A;B;C;D;E;F;G;H;I;J;K;L,J,1,1,1,FALSE,NA,1,38,37,1297,19
1,A;B;C;D;E;F;G;H;I;J;K;L,L,1,2,1,FALSE,NA,1,38,37,1298,19
1,A;B;C;D;E;F;G;H;I;J;K;L,G,1,3,1,FALSE,NA,1,38,37,1299,19
1,A;B;C;D;E;F;G;H;I;J;K;L,K,1,4,1,FALSE,NA,1,38,37,1300,19
1,A;B;C;D;E;F;G;H;I;J;K;L,D,1,5,1,FALSE,NA,1,38,37,1301,19
1,A;B;C;D;E;F;G;H;I;J;K;L,B,1,6,1,FALSE,NA,1,38,37,1302,19
1,A;B;C;D;E;F;G;H;I;J;K;L,A,1,7,1,FALSE,NA,1,38,37,1303,19
1,A;B;C;D;E;F;G;H;I;J;K;L,C,1,8,1,FALSE,NA,1,38,37,1304,19
1,A;B;C;D;E;F;G;H;I;J;K;L,F,1,9,1,FALSE,NA,1,38,37,1305,19
1,A;B;C;D;E;F;G;H;I;J;K;L,E,1,10,1,FALSE,NA,1,38,37,1306,19
1,A;B;C;D;E;F;G;H;I;J;K;L,H,1,11,1,FALSE,NA,1,38,37,1307,19
1,A;B;C;D;E;F;G;H;I;J;K;L,I,1,12,1,FALSE,NA,1,38,37,1308,19
1,A;B;C;D;E;F;G;H;I;J;K;L,D,1,13,2,FALSE,NA,1,38,37,1309,19
1,A;B;C;D;E;F;G;H;I;J;K;L,B,1,14,2,FALSE,NA,1,38,37,1310,19
1,A;B;C;D;E;F;G;H;I;J;K;L,C,1,15,2,FALSE,NA,1,38,37,1311,19
1,A;B;C;D;E;F;G;H;I;J;K;L,H,1,16,2,FALSE,NA,1,38,37,1312,19
1,A;B;C;D;E;F;G;H;I;J;K;L,F,1,17,2,FALSE,NA,1,38,37,1313,19
1,A;B;C;D;E;F;G;H;I;J;K;L,A,1,18,2,FALSE,NA,1,38,37,1314,19
1,A;B;C;D;E;F;G;H;I;J;K;L,K,1,19,2,FALSE,NA,1,38,37,1315,19
1,A;B;C;D;E;F;G;H;I;J;K;L,L,1,20,2,FALSE,NA,1,38,37,1316,19
1,A;B;C;D;E;F;G;H;I;J;K;L,E,1,21,2,FALSE,NA,1,38,37,1317,19
1,A;B;C;D;E;F;G;H;I;J;K;L,G,1,22,2,FALSE,NA,1,38,37,1318,19
1,A;B;C;D;E;F;G;H;I;J;K;L,J,1,23,2,FALSE,NA,1,38,37,1319,19
1,A;B;C;D;E;F;G;H;I;J;K;L,I,1,24,2,FALSE,NA,1,38,37,1320,19
1,A;B;C;D;E;F;G;H;I;J;K;L,I,1,25,3,FALSE,NA,1,38,37,1321,19
1,A;B;C;D;E;F;G;H;I;J;K;L,A,1,26,3,FALSE,NA,1,38,37,1322,19
1,A;B;C;D;E;F;G;H;I;J;K;L,G,1,27,3,FALSE,NA,1,38,37,1323,19
1,A;B;C;D;E;F;G;H;I;J;K;L,L,1,28,3,FALSE,NA,1,38,37,1324,19
1,A;B;C;D;E;F;G;H;I;J;K;L,D,1,29,3,FALSE,NA,1,38,37,1325,19
1,A;B;C;D;E;F;G;H;I;J;K;L,F,1,30,3,FALSE,NA,1,38,37,1326,19
1,A;B;C;D;E;F;G;H;I;J;K;L,K,1,31,3,FALSE,NA,1,38,37,1327,19
1,A;B;C;D;E;F;G;H;I;J;K;L,H,1,32,3,FALSE,NA,1,38,37,1328,19
1,A;B;C;D;E;F;G;H;I;J;K;L,C,1,33,3,FALSE,NA,1,38,37,1329,19
1,A;B;C;D;E;F;G;H;I;J;K;L,J,1,34,3,FALSE,NA,1,38,37,1330,19
1,A;B;C;D;E;F;G;H;I;J;K;L,E,1,35,3,FALSE,NA,1,38,37,1331,19
1,A;B;C;D;E;F;G;H;I;J;K;L,B,1,36,3,FALSE,NA,1,38,37,1332,19
1,A;B;C;D;E;F;G;H;I;J;K;L,K,1,37,4,FALSE,NA,1,38,37,1333,19
1,A;B;C;D;E;F;G;H;I;J;K;L,G,1,38,4,FALSE,NA,1,38,37,1334,19
1,A;B;C;D;E;F;G;H;I;J;K;L,L,1,39,4,FALSE,NA,1,38,37,1335,19
1,A;B;C;D;E;F;G;H;I;J;K;L,B,1,40,4,FALSE,NA,1,38,37,1336,19
1,A;B;C;D;E;F;G;H;I;J;K;L,J,1,41,4,FALSE,NA,1,38,37,1337,19
1,A;B;C;D;E;F;G;H;I;J;K;L,D,1,42,4,FALSE,NA,1,38,37,1338,19
1,A;B;C;D;E;F;G;H;I;J;K;L,A,1,43,4,FALSE,NA,1,38,37,1339,19
1,A;B;C;D;E;F;G;H;I;J;K;L,H,1,44,4,FALSE,NA,1,38,37,1340,19
1,A;B;C;D;E;F;G;H;I;J;K;L,I,1,45,4,FALSE,NA,1,38,37,1341,19
1,A;B;C;D;E;F;G;H;I;J;K;L,C,1,46,4,FALSE,NA,1,38,37,1342,19
1,A;B;C;D;E;F;G;H;I;J;K;L,E,1,47,4,FALSE,NA,1,38,37,1343,19
1,A;B;C;D;E;F;G;H;I;J;K;L,F,1,48,4,FALSE,NA,1,38,37,1344,19
1,A;B;C;D;E;F;G;H;I;J;K;L,H,1,49,5,FALSE,NA,1,38,37,1345,19
1,A;B;C;D;E;F;G;H;I;J;K;L,B,1,50,5,FALSE,NA,1,38,37,1346,19
1,A;B;C;D;E;F;G;H;I;J;K;L,A,1,51,5,FALSE,NA,1,38,37,1347,19
1,A;B;C;D;E;F;G;H;I;J;K;L,L,1,52,5,FALSE,NA,1,38,37,1348,19
1,A;B;C;D;E;F;G;H;I;J;K;L,J,1,53,5,FALSE,NA,1,38,37,1349,19
1,A;B;C;D;E;F;G;H;I;J;K;L,F,1,54,5,FALSE,NA,1,38,37,1350,19
1,A;B;C;D;E;F;G;H;I;J;K;L,E,1,55,5,FALSE,NA,1,38,37,1351,19
1,A;B;C;D;E;F;G;H;I;J;K;L,D,1,56,5,FALSE,NA,1,38,37,1352,19
1,A;B;C;D;E;F;G;H;I;J;K;L,G,1,57,5,FALSE,NA,1,38,37,1353,19
1,A;B;C;D;E;F;G;H;I;J;K;L,C,1,58,5,FALSE,NA,1,38,37,1354,19
1,A;B;C;D;E;F;G;H;I;J;K;L,K,1,59,5,FALSE,NA,1,38,37,1355,19
1,A;B;C;D;E;F;G;H;I;J;K;L,I,1,60,5,FALSE,NA,1,38,37,1356,19
1,A;B;C;D;E;F;G;H;I;J;K;L,D,1,61,6,FALSE,NA,1,38,37,1357,19
1,A;B;C;D;E;F;G;H;I;J;K;L,K,1,62,6,FALSE,NA,1,38,37,1358,19
1,A;B;C;D;E;F;G;H;I;J;K;L,E,1,63,6,FALSE,NA,1,38,37,1359,19
1,A;B;C;D;E;F;G;H;I;J;K;L,A,1,64,6,FALSE,NA,1,38,37,1360,19
1,A;B;C;D;E;F;G;H;I;J;K;L,J,1,65,6,FALSE,NA,1,38,37,1361,19
1,A;B;C;D;E;F;G;H;I;J;K;L,H,1,66,6,FALSE,NA,1,38,37,1362,19
1,A;B;C;D;E;F;G;H;I;J;K;L,G,1,67,6,FALSE,NA,1,38,37,1363,19
1,A;B;C;D;E;F;G;H;I;J;K;L,B,1,68,6,FALSE,NA,1,38,37,1364,19
1,A;B;C;D;E;F;G;H;I;J;K;L,F,1,69,6,FALSE,NA,1,38,37,1365,19
1,A;B;C;D;E;F;G;H;I;J;K;L,L,1,70,6,FALSE,NA,1,38,37,1366,19
1,A;B;C;D;E;F;G;H;I;J;K;L,C,1,71,6,FALSE,NA,1,38,37,1367,19
1,A;B;C;D;E;F;G;H;I;J;K;L,I,1,72,6,FALSE,NA,1,38,37,1368,19
1,A;B;C;D;E;F;G;H;I;J;K;L,L,1,1,1,FALSE,NA,1,40,39,1369,20
1,A;B;C;D;E;F;G;H;I;J;K;L,C,1,2,1,FALSE,NA,1,40,39,1370,20
1,A;B;C;D;E;F;G;H;I;J;K;L,E,1,3,1,FALSE,NA,1,40,39,1371,20
1,A;B;C;D;E;F;G;H;I;J;K;L,B,1,4,1,FALSE,NA,1,40,39,1372,20
1,A;B;C;D;E;F;G;H;I;J;K;L,H,1,5,1,FALSE,NA,1,40,39,1373,20
1,A;B;C;D;E;F;G;H;I;J;K;L,J,1,6,1,FALSE,NA,1,40,39,1374,20
1,A;B;C;D;E;F;G;H;I;J;K;L,F,1,7,1,FALSE,NA,1,40,39,1375,20
1,A;B;C;D;E;F;G;H;I;J;K;L,I,1,8,1,FALSE,NA,1,40,39,1376,20
1,A;B;C;D;E;F;G;H;I;J;K;L,K,1,9,1,FALSE,NA,1,40,39,1377,20
1,A;B;C;D;E;F;G;H;I;J;K;L,D,1,10,1,FALSE,NA,1,40,39,1378,20
1,A;B;C;D;E;F;G;H;I;J;K;L,G,1,11,1,FALSE,NA,1,40,39,1379,20
1,A;B;C;D;E;F;G;H;I;J;K;L,A,1,12,1,FALSE,NA,1,40,39,1380,20
1,A;B;C;D;E;F;G;H;I;J;K;L,H,1,13,2,FALSE,NA,1,40,39,1381,20
1,A;B;C;D;E;F;G;H;I;J;K;L,G,1,14,2,FALSE,NA,1,40,39,1382,20
1,A;B;C;D;E;F;G;H;I;J;K;L,J,1,15,2,FALSE,NA,1,40,39,1383,20
1,A;B;C;D;E;F;G;H;I;J;K;L,C,1,16,2,FALSE,NA,1,40,39,1384,20
1,A;B;C;D;E;F;G;H;I;J;K;L,K,1,17,2,FALSE,NA,1,40,39,1385,20
1,A;B;C;D;E;F;G;H;I;J;K;L,A,1,18,2,FALSE,NA,1,40,39,1386,20
1,A;B;C;D;E;F;G;H;I;J;K;L,L,1,19,2,FALSE,NA,1,40,39,1387,20
1,A;B;C;D;E;F;G;H;I;J;K;L,I,1,20,2,FALSE,NA,1,40,39,1388,20
1,A;B;C;D;E;F;G;H;I;J;K;L,D,1,21,2,FALSE,NA,1,40,39,1389,20
1,A;B;C;D;E;F;G;H;I;J;K;L,B,1,22,2,FALSE,NA,1,40,39,1390,20
1,A;B;C;D;E;F;G;H;I;J;K;L,F,1,23,2,FALSE,NA,1,40,39,1391,20
1,A;B;C;D;E;F;G;H;I;J;K;L,E,1,24,2,FALSE,NA,1,40,39,1392,20
1,A;B;C;D;E;F;G;H;I;J;K;L,J,1,25,3,FALSE,NA,1,40,39,1393,20
1,A;B;C;D;E;F;G;H;I;J;K;L,I,1,26,3,FALSE,NA,1,40,39,1394,20
1,A;B;C;D;E;F;G;H;I;J;K;L,L,1,27,3,FALSE,NA,1,40,39,1395,20
1,A;B;C;D;E;F;G;H;I;J;K;L,E,1,28,3,FALSE,NA,1,40,39,1396,20
1,A;B;C;D;E;F;G;H;I;J;K;L,K,1,29,3,FALSE,NA,1,40,39,1397,20
1,A;B;C;D;E;F;G;H;I;J;K;L,B,1,30,3,FALSE,NA,1,40,39,1398,20
1,A;B;C;D;E;F;G;H;I;J;K;L,F,1,31,3,FALSE,NA,1,40,39,1399,20
1,A;B;C;D;E;F;G;H;I;J;K;L,G,1,32,3,FALSE,NA,1,40,39,1400,20
1,A;B;C;D;E;F;G;H;I;J;K;L,C,1,33,3,FALSE,NA,1,40,39,1401,20
1,A;B;C;D;E;F;G;H;I;J;K;L,A,1,34,3,FALSE,NA,1,40,39,1402,20
1,A;B;C;D;E;F;G;H;I;J;K;L,D,1,35,3,FALSE,NA,1,40,39,1403,20
1,A;B;C;D;E;F;G;H;I;J;K;L,H,1,36,3,FALSE,NA,1,40,39,1404,20
1,A;B;C;D;E;F;G;H;I;J;K;L,I,1,37,4,FALSE,NA,1,40,39,1405,20
1,A;B;C;D;E;F;G;H;I;J;K;L,J,1,38,4,FALSE,NA,1,40,39,1406,20
1,A;B;C;D;E;F;G;H;I;J;K;L,C,1,39,4,FALSE,NA,1,40,39,1407,20
1,A;B;C;D;E;F;G;H;I;J;K;L,B,1,40,4,FALSE,NA,1,40,39,1408,20
1,A;B;C;D;E;F;G;H;I;J;K;L,D,1,41,4,FALSE,NA,1,40,39,1409,20
1,A;B;C;D;E;F;G;H;I;J;K;L,E,1,42,4,FALSE,NA,1,40,39,1410,20
1,A;B;C;D;E;F;G;H;I;J;K;L,F,1,43,4,FALSE,NA,1,40,39,1411,20
1,A;B;C;D;E;F;G;H;I;J;K;L,A,1,44,4,FALSE,NA,1,40,39,1412,20
1,A;B;C;D;E;F;G;H;I;J;K;L,K,1,45,4,FALSE,NA,1,40,39,1413,20
1,A;B;C;D;E;F;G;H;I;J;K;L,G,1,46,4,FALSE,NA,1,40,39,1414,20
1,A;B;C;D;E;F;G;H;I;J;K;L,H,1,47,4,FALSE,NA,1,40,39,1415,20
1,A;B;C;D;E;F;G;H;I;J;K;L,L,1,48,4,FALSE,NA,1,40,39,1416,20
1,A;B;C;D;E;F;G;H;I;J;K;L,A,1,49,5,FALSE,NA,1,40,39,1417,20
1,A;B;C;D;E;F;G;H;I;J;K;L,D,1,50,5,FALSE,NA,1,40,39,1418,20
1,A;B;C;D;E;F;G;H;I;J;K;L,F,1,51,5,FALSE,NA,1,40,39,1419,20
1,A;B;C;D;E;F;G;H;I;J;K;L,I,1,52,5,FALSE,NA,1,40,39,1420,20
1,A;B;C;D;E;F;G;H;I;J;K;L,C,1,53,5,FALSE,NA,1,40,39,1421,20
1,A;B;C;D;E;F;G;H;I;J;K;L,G,1,54,5,FALSE,NA,1,40,39,1422,20
1,A;B;C;D;E;F;G;H;I;J;K;L,H,1,55,5,FALSE,NA,1,40,39,1423,20
1,A;B;C;D;E;F;G;H;I;J;K;L,B,1,56,5,FALSE,NA,1,40,39,1424,20
1,A;B;C;D;E;F;G;H;I;J;K;L,J,1,57,5,FALSE,NA,1,40,39,1425,20
1,A;B;C;D;E;F;G;H;I;J;K;L,L,1,58,5,FALSE,NA,1,40,39,1426,20
1,A;B;C;D;E;F;G;H;I;J;K;L,E,1,59,5,FALSE,NA,1,40,39,1427,20
1,A;B;C;D;E;F;G;H;I;J;K;L,K,1,60,5,FALSE,NA,1,40,39,1428,20
1,A;B;C;D;E;F;G;H;I;J;K;L,D,1,61,6,FALSE,NA,1,40,39,1429,20
1,A;B;C;D;E;F;G;H;I;J;K;L,F,1,62,6,FALSE,NA,1,40,39,1430,20
1,A;B;C;D;E;F;G;H;I;J;K;L,L,1,63,6,FALSE,NA,1,40,39,1431,20
1,A;B;C;D;E;F;G;H;I;J;K;L,H,1,64,6,FALSE,NA,1,40,39,1432,20
1,A;B;C;D;E;F;G;H;I;J;K;L,G,1,65,6,FALSE,NA,1,40,39,1433,20
1,A;B;C;D;E;F;G;H;I;J;K;L,K,1,66,6,FALSE,NA,1,40,39,1434,20
1,A;B;C;D;E;F;G;H;I;J;K;L,I,1,67,6,FALSE,NA,1,40,39,1435,20
1,A;B;C;D;E;F;G;H;I;J;K;L,E,1,68,6,FALSE,NA,1,40,39,1436,20
1,A;B;C;D;E;F;G;H;I;J;K;L,C,1,69,6,FALSE,NA,1,40,39,1437,20
1,A;B;C;D;E;F;G;H;I;J;K;L,A,1,70,6,FALSE,NA,1,40,39,1438,20
1,A;B;C;D;E;F;G;H;I;J;K;L,J,1,71,6,FALSE,NA,1,40,39,1439,20
1,A;B;C;D;E;F;G;H;I;J;K;L,B,1,72,6,FALSE,NA,1,40,39,1440,20
1,A;B;C;D;E;F;G;H;I;J;K;L,H,1,1,1,FALSE,NA,1,42,41,1441,21
1,A;B;C;D;E;F;G;H;I;J;K;L,E,1,2,1,FALSE,NA,1,42,41,1442,21
1,A;B;C;D;E;F;G;H;I;J;K;L,B,1,3,1,FALSE,NA,1,42,41,1443,21
1,A;B;C;D;E;F;G;H;I;J;K;L,D,1,4,1,FALSE,NA,1,42,41,1444,21
1,A;B;C;D;E;F;G;H;I;J;K;L,G,1,5,1,FALSE,NA,1,42,41,1445,21
1,A;B;C;D;E;F;G;H;I;J;K;L,F,1,6,1,FALSE,NA,1,42,41,1446,21
1,A;B;C;D;E;F;G;H;I;J;K;L,J,1,7,1,FALSE,NA,1,42,41,1447,21
1,A;B;C;D;E;F;G;H;I;J;K;L,L,1,8,1,FALSE,NA,1,42,41,1448,21
1,A;B;C;D;E;F;G;H;I;J;K;L,C,1,9,1,FALSE,NA,1,42,41,1449,21
1,A;B;C;D;E;F;G;H;I;J;K;L,A,1,10,1,FALSE,NA,1,42,41,1450,21
1,A;B;C;D;E;F;G;H;I;J;K;L,K,1,11,1,FALSE,NA,1,42,41,1451,21
1,A;B;C;D;E;F;G;H;I;J;K;L,I,1,12,1,FALSE,NA,1,42,41,1452,21
1,A;B;C;D;E;F;G;H;I;J;K;L,K,1,13,2,FALSE,NA,1,42,41,1453,21
1,A;B;C;D;E;F;G;H;I;J;K;L,G,1,14,2,FALSE,NA,1,42,41,1454,21
1,A;B;C;D;E;F;G;H;I;J;K;L,F,1,15,2,FALSE,NA,1,42,41,1455,21
1,A;B;C;D;E;F;G;H;I;J;K;L,E,1,16,2,FALSE,NA,1,42,41,1456,21
1,A;B;C;D;E;F;G;H;I;J;K;L,L,1,17,2,FALSE,NA,1,42,41,1457,21
1,A;B;C;D;E;F;G;H;I;J;K;L,H,1,18,2,FALSE,NA,1,42,41,1458,21
1,A;B;C;D;E;F;G;H;I;J;K;L,B,1,19,2,FALSE,NA,1,42,41,1459,21
1,A;B;C;D;E;F;G;H;I;J;K;L,J,1,20,2,FALSE,NA,1,42,41,1460,21
1,A;B;C;D;E;F;G;H;I;J;K;L,A,1,21,2,FALSE,NA,1,42,41,1461,21
1,A;B;C;D;E;F;G;H;I;J;K;L,D,1,22,2,FALSE,NA,1,42,41,1462,21
1,A;B;C;D;E;F;G;H;I;J;K;L,C,1,23,2,FALSE,NA,1,42,41,1463,21
1,A;B;C;D;E;F;G;H;I;J;K;L,I,1,24,2,FALSE,NA,1,42,41,1464,21
1,A;B;C;D;E;F;G;H;I;J;K;L,C,1,25,3,FALSE,NA,1,42,41,1465,21
1,A;B;C;D;E;F;G;H;I;J;K;L,F,1,26,3,FALSE,NA,1,42,41,1466,21
1,A;B;C;D;E;F;G;H;I;J;K;L,L,1,27,3,FALSE,NA,1,42,41,1467,21
1,A;B;C;D;E;F;G;H;I;J;K;L,A,1,28,3,FALSE,NA,1,42,41,1468,21
1,A;B;C;D;E;F;G;H;I;J;K;L,K,1,29,3,FALSE,NA,1,42,41,1469,21
1,A;B;C;D;E;F;G;H;I;J;K;L,I,1,30,3,FALSE,NA,1,42,41,1470,21
1,A;B;C;D;E;F;G;H;I;J;K;L,D,1,31,3,FALSE,NA,1,42,41,1471,21
1,A;B;C;D;E;F;G;H;I;J;K;L,G,1,32,3,FALSE,NA,1,42,41,1472,21
1,A;B;C;D;E;F;G;H;I;J;K;L,B,1,33,3,FALSE,NA,1,42,41,1473,21
1,A;B;C;D;E;F;G;H;I;J;K;L,J,1,34,3,FALSE,NA,1,42,41,1474,21
1,A;B;C;D;E;F;G;H;I;J;K;L,H,1,35,3,FALSE,NA,1,42,41,1475,21
1,A;B;C;D;E;F;G;H;I;J;K;L,E,1,36,3,FALSE,NA,1,42,41,1476,21
1,A;B;C;D;E;F;G;H;I;J;K;L,D,1,37,4,FALSE,NA,1,42,41,1477,21
1,A;B;C;D;E;F;G;H;I;J;K;L,G,1,38,4,FALSE,NA,1,42,41,1478,21
1,A;B;C;D;E;F;G;H;I;J;K;L,I,1,39,4,FALSE,NA,1,42,41,1479,21
1,A;B;C;D;E;F;G;H;I;J;K;L,B,1,40,4,FALSE,NA,1,42,41,1480,21
1,A;B;C;D;E;F;G;H;I;J;K;L,J,1,41,4,FALSE,NA,1,42,41,1481,21
1,A;B;C;D;E;F;G;H;I;J;K;L,A,1,42,4,FALSE,NA,1,42,41,1482,21
1,A;B;C;D;E;F;G;H;I;J;K;L,K,1,43,4,FALSE,NA,1,42,41,1483,21
1,A;B;C;D;E;F;G;H;I;J;K;L,C,1,44,4,FALSE,NA,1,42,41,1484,21
1,A;B;C;D;E;F;G;H;I;J;K;L,L,1,45,4,FALSE,NA,1,42,41,1485,21
1,A;B;C;D;E;F;G;H;I;J;K;L,H,1,46,4,FALSE,NA,1,42,41,1486,21
1,A;B;C;D;E;F;G;H;I;J;K;L,F,1,47,4,FALSE,NA,1,42,41,1487,21
1,A;B;C;D;E;F;G;H;I;J;K;L,E,1,48,4,FALSE,NA,1,42,41,1488,21
1,A;B;C;D;E;F;G;H;I;J;K;L,I,1,49,5,FALSE,NA,1,42,41,1489,21
1,A;B;C;D;E;F;G;H;I;J;K;L,L,1,50,5,FALSE,NA,1,42,41,1490,21
1,A;B;C;D;E;F;G;H;I;J;K;L,C,1,51,5,FALSE,NA,1,42,41,1491,21
1,A;B;C;D;E;F;G;H;I;J;K;L,B,1,52,5,FALSE,NA,1,42,41,1492,21
1,A;B;C;D;E;F;G;H;I;J;K;L,K,1,53,5,FALSE,NA,1,42,41,1493,21
1,A;B;C;D;E;F;G;H;I;J;K;L,H,1,54,5,FALSE,NA,1,42,41,1494,21
1,A;B;C;D;E;F;G;H;I;J;K;L,G,1,55,5,FALSE,NA,1,42,41,1495,21
1,A;B;C;D;E;F;G;H;I;J;K;L,J,1,56,5,FALSE,NA,1,42,41,1496,21
1,A;B;C;D;E;F;G;H;I;J;K;L,F,1,57,5,FALSE,NA,1,42,41,1497,21
1,A;B;C;D;E;F;G;H;I;J;K;L,D,1,58,5,FALSE,NA,1,42,41,1498,21
1,A;B;C;D;E;F;G;H;I;J;K;L,A,1,59,5,FALSE,NA,1,42,41,1499,21
1,A;B;C;D;E;F;G;H;I;J;K;L,E,1,60,5,FALSE,NA,1,42,41,1500,21
1,A;B;C;D;E;F;G;H;I;J;K;L,F,1,61,6,FALSE,NA,1,42,41,1501,21
1,A;B;C;D;E;F;G;H;I;J;K;L,G,1,62,6,FALSE,NA,1,42,41,1502,21
1,A;B;C;D;E;F;G;H;I;J;K;L,B,1,63,6,FALSE,NA,1,42,41,1503,21
1,A;B;C;D;E;F;G;H;I;J;K;L,D,1,64,6,FALSE,NA,1,42,41,1504,21
1,A;B;C;D;E;F;G;H;I;J;K;L,E,1,65,6,FALSE,NA,1,42,41,1505,21
1,A;B;C;D;E;F;G;H;I;J;K;L,A,1,66,6,FALSE,NA,1,42,41,1506,21
1,A;B;C;D;E;F;G;H;I;J;K;L,L,1,67,6,FALSE,NA,1,42,41,1507,21
1,A;B;C;D;E;F;G;H;I;J;K;L,K,1,68,6,FALSE,NA,1,42,41,1508,21
1,A;B;C;D;E;F;G;H;I;J;K;L,C,1,69,6,FALSE,NA,1,42,41,1509,21
1,A;B;C;D;E;F;G;H;I;J;K;L,J,1,70,6,FALSE,NA,1,42,41,1510,21
1,A;B;C;D;E;F;G;H;I;J;K;L,H,1,71,6,FALSE,NA,1,42,41,1511,21
1,A;B;C;D;E;F;G;H;I;J;K;L,I,1,72,6,FALSE,NA,1,42,41,1512,21
1,A;B;C;D;E;F;G;H;I;J;K;L,J,1,1,1,FALSE,NA,1,44,43,1513,22
1,A;B;C;D;E;F;G;H;I;J;K;L,C,1,2,1,FALSE,NA,1,44,43,1514,22
1,A;B;C;D;E;F;G;H;I;J;K;L,L,1,3,1,FALSE,NA,1,44,43,1515,22
1,A;B;C;D;E;F;G;H;I;J;K;L,B,1,4,1,FALSE,NA,1,44,43,1516,22
1,A;B;C;D;E;F;G;H;I;J;K;L,F,1,5,1,FALSE,NA,1,44,43,1517,22
1,A;B;C;D;E;F;G;H;I;J;K;L,D,1,6,1,FALSE,NA,1,44,43,1518,22
1,A;B;C;D;E;F;G;H;I;J;K;L,K,1,7,1,FALSE,NA,1,44,43,1519,22
1,A;B;C;D;E;F;G;H;I;J;K;L,H,1,8,1,FALSE,NA,1,44,43,1520,22
1,A;B;C;D;E;F;G;H;I;J;K;L,I,1,9,1,FALSE,NA,1,44,43,1521,22
1,A;B;C;D;E;F;G;H;I;J;K;L,G,1,10,1,FALSE,NA,1,44,43,1522,22
1,A;B;C;D;E;F;G;H;I;J;K;L,E,1,11,1,FALSE,NA,1,44,43,1523,22
1,A;B;C;D;E;F;G;H;I;J;K;L,A,1,12,1,FALSE,NA,1,44,43,1524,22
1,A;B;C;D;E;F;G;H;I;J;K;L,K,1,13,2,FALSE,NA,1,44,43,1525,22
1,A;B;C;D;E;F;G;H;I;J;K;L,E,1,14,2,FALSE,NA,1,44,43,1526,22
1,A;B;C;D;E;F;G;H;I;J;K;L,F,1,15,2,FALSE,NA,1,44,43,1527,22
1,A;B;C;D;E;F;G;H;I;J;K;L,L,1,16,2,FALSE,NA,1,44,43,1528,22
1,A;B;C;D;E;F;G;H;I;J;K;L,H,1,17,2,FALSE,NA,1,44,43,1529,22
1,A;B;C;D;E;F;G;H;I;J;K;L,J,1,18,2,FALSE,NA,1,44,43,1530,22
1,A;B;C;D;E;F;G;H;I;J;K;L,G,1,19,2,FALSE,NA,1,44,43,1531,22
1,A;B;C;D;E;F;G;H;I;J;K;L,B,1,20,2,FALSE,NA,1,44,43,1532,22
1,A;B;C;D;E;F;G;H;I;J;K;L,D,1,21,2,FALSE,NA,1,44,43,1533,22
1,A;B;C;D;E;F;G;H;I;J;K;L,C,1,22,2,FALSE,NA,1,44,43,1534,22
1,A;B;C;D;E;F;G;H;I;J;K;L,I,1,23,2,FALSE,NA,1,44,43,1535,22
1,A;B;C;D;E;F;G;H;I;J;K;L,A,1,24,2,FALSE,NA,1,44,43,1536,22
1,A;B;C;D;E;F;G;H;I;J;K;L,I,1,25,3,FALSE,NA,1,44,43,1537,22
1,A;B;C;D;E;F;G;H;I;J;K;L,F,1,26,3,FALSE,NA,1,44,43,1538,22
1,A;B;C;D;E;F;G;H;I;J;K;L,A,1,27,3,FALSE,NA,1,44,43,1539,22
1,A;B;C;D;E;F;G;H;I;J;K;L,H,1,28,3,FALSE,NA,1,44,43,1540,22
1,A;B;C;D;E;F;G;H;I;J;K;L,C,1,29,3,FALSE,NA,1,44,43,1541,22
1,A;B;C;D;E;F;G;H;I;J;K;L,B,1,30,3,FALSE,NA,1,44,43,1542,22
1,A;B;C;D;E;F;G;H;I;J;K;L,J,1,31,3,FALSE,NA,1,44,43,1543,22
1,A;B;C;D;E;F;G;H;I;J;K;L,K,1,32,3,FALSE,NA,1,44,43,1544,22
1,A;B;C;D;E;F;G;H;I;J;K;L,G,1,33,3,FALSE,NA,1,44,43,1545,22
1,A;B;C;D;E;F;G;H;I;J;K;L,L,1,34,3,FALSE,NA,1,44,43,1546,22
1,A;B;C;D;E;F;G;H;I;J;K;L,D,1,35,3,FALSE,NA,1,44,43,1547,22
1,A;B;C;D;E;F;G;H;I;J;K;L,E,1,36,3,FALSE,NA,1,44,43,1548,22
1,A;B;C;D;E;F;G;H;I;J;K;L,D,1,37,4,FALSE,NA,1,44,43,1549,22
1,A;B;C;D;E;F;G;H;I;J;K;L,A,1,38,4,FALSE,NA,1,44,43,1550,22
1,A;B;C;D;E;F;G;H;I;J;K;L,J,1,39,4,FALSE,NA,1,44,43,1551,22
1,A;B;C;D;E;F;G;H;I;J;K;L,G,1,40,4,FALSE,NA,1,44,43,1552,22
1,A;B;C;D;E;F;G;H;I;J;K;L,C,1,41,4,FALSE,NA,1,44,43,1553,22
1,A;B;C;D;E;F;G;H;I;J;K;L,F,1,42,4,FALSE,NA,1,44,43,1554,22
1,A;B;C;D;E;F;G;H;I;J;K;L,K,1,43,4,FALSE,NA,1,44,43,1555,22
1,A;B;C;D;E;F;G;H;I;J;K;L,L,1,44,4,FALSE,NA,1,44,43,1556,22
1,A;B;C;D;E;F;G;H;I;J;K;L,B,1,45,4,FALSE,NA,1,44,43,1557,22
1,A;B;C;D;E;F;G;H;I;J;K;L,I,1,46,4,FALSE,NA,1,44,43,1558,22
1,A;B;C;D;E;F;G;H;I;J;K;L,H,1,47,4,FALSE,NA,1,44,43,1559,22
1,A;B;C;D;E;F;G;H;I;J;K;L,E,1,48,4,FALSE,NA,1,44,43,1560,22
1,A;B;C;D;E;F;G;H;I;J;K;L,B,1,49,5,FALSE,NA,1,44,43,1561,22
1,A;B;C;D;E;F;G;H;I;J;K;L,G,1,50,5,FALSE,NA,1,44,43,1562,22
1,A;B;C;D;E;F;G;H;I;J;K;L,F,1,51,5,FALSE,NA,1,44,43,1563,22
1,A;B;C;D;E;F;G;H;I;J;K;L,D,1,52,5,FALSE,NA,1,44,43,1564,22
1,A;B;C;D;E;F;G;H;I;J;K;L,A,1,53,5,FALSE,NA,1,44,43,1565,22
1,A;B;C;D;E;F;G;H;I;J;K;L,C,1,54,5,FALSE,NA,1,44,43,1566,22
1,A;B;C;D;E;F;G;H;I;J;K;L,J,1,55,5,FALSE,NA,1,44,43,1567,22
1,A;B;C;D;E;F;G;H;I;J;K;L,H,1,56,5,FALSE,NA,1,44,43,1568,22
1,A;B;C;D;E;F;G;H;I;J;K;L,I,1,57,5,FALSE,NA,1,44,43,1569,22
1,A;B;C;D;E;F;G;H;I;J;K;L,E,1,58,5,FALSE,NA,1,44,43,1570,22
1,A;B;C;D;E;F;G;H;I;J;K;L,L,1,59,5,FALSE,NA,1,44,43,1571,22
1,A;B;C;D;E;F;G;H;I;J;K;L,K,1,60,5,FALSE,NA,1,44,43,1572,22
1,A;B;C;D;E;F;G;H;I;J;K;L,K,1,61,6,FALSE,NA,1,44,43,1573,22
1,A;B;C;D;E;F;G;H;I;J;K;L,I,1,62,6,FALSE,NA,1,44,43,1574,22
1,A;B;C;D;E;F;G;H;I;J;K;L,H,1,63,6,FALSE,NA,1,44,43,1575,22
1,A;B;C;D;E;F;G;H;I;J;K;L,G,1,64,6,FALSE,NA,1,44,43,1576,22
1,A;B;C;D;E;F;G;H;I;J;K;L,B,1,65,6,FALSE,NA,1,44,43,1577,22
1,A;B;C;D;E;F;G;H;I;J;K;L,C,1,66,6,FALSE,NA,1,44,43,1578,22
1,A;B;C;D;E;F;G;H;I;J;K;L,E,1,67,6,FALSE,NA,1,44,43,1579,22
1,A;B;C;D;E;F;G;H;I;J;K;L,J,1,68,6,FALSE,NA,1,44,43,1580,22
1,A;B;C;D;E;F;G;H;I;J;K;L,L,1,69,6,FALSE,NA,1,44,43,1581,22
1,A;B;C;D;E;F;G;H;I;J;K;L,D,1,70,6,FALSE,NA,1,44,43,1582,22
1,A;B;C;D;E;F;G;H;I;J;K;L,A,1,71,6,FALSE,NA,1,44,43,1583,22
1,A;B;C;D;E;F;G;H;I;J;K;L,F,1,72,6,FALSE,NA,1,44,43,1584,22
1,A;B;C;D;E;F;G;H;I;J;K;L,L,1,1,1,FALSE,NA,1,46,45,1585,23
1,A;B;C;D;E;F;G;H;I;J;K;L,F,1,2,1,FALSE,NA,1,46,45,1586,23
1,A;B;C;D;E;F;G;H;I;J;K;L,J,1,3,1,FALSE,NA,1,46,45,1587,23
1,A;B;C;D;E;F;G;H;I;J;K;L,A,1,4,1,FALSE,NA,1,46,45,1588,23
1,A;B;C;D;E;F;G;H;I;J;K;L,E,1,5,1,FALSE,NA,1,46,45,1589,23
1,A;B;C;D;E;F;G;H;I;J;K;L,H,1,6,1,FALSE,NA,1,46,45,1590,23
1,A;B;C;D;E;F;G;H;I;J;K;L,C,1,7,1,FALSE,NA,1,46,45,1591,23
1,A;B;C;D;E;F;G;H;I;J;K;L,K,1,8,1,FALSE,NA,1,46,45,1592,23
1,A;B;C;D;E;F;G;H;I;J;K;L,B,1,9,1,FALSE,NA,1,46,45,1593,23
1,A;B;C;D;E;F;G;H;I;J;K;L,I,1,10,1,FALSE,NA,1,46,45,1594,23
1,A;B;C;D;E;F;G;H;I;J;K;L,D,1,11,1,FALSE,NA,1,46,45,1595,23
1,A;B;C;D;E;F;G;H;I;J;K;L,G,1,12,1,FALSE,NA,1,46,45,1596,23
1,A;B;C;D;E;F;G;H;I;J;K;L,C,1,13,2,FALSE,NA,1,46,45,1597,23
1,A;B;C;D;E;F;G;H;I;J;K;L,I,1,14,2,FALSE,NA,1,46,45,1598,23
1,A;B;C;D;E;F;G;H;I;J;K;L,K,1,15,2,FALSE,NA,1,46,45,1599,23
1,A;B;C;D;E;F;G;H;I;J;K;L,J,1,16,2,FALSE,NA,1,46,45,1600,23
1,A;B;C;D;E;F;G;H;I;J;K;L,L,1,17,2,FALSE,NA,1,46,45,1601,23
1,A;B;C;D;E;F;G;H;I;J;K;L,E,1,18,2,FALSE,NA,1,46,45,1602,23
1,A;B;C;D;E;F;G;H;I;J;K;L,D,1,19,2,FALSE,NA,1,46,45,1603,23
1,A;B;C;D;E;F;G;H;I;J;K;L,B,1,20,2,FALSE,NA,1,46,45,1604,23
1,A;B;C;D;E;F;G;H;I;J;K;L,H,1,21,2,FALSE,NA,1,46,45,1605,23
1,A;B;C;D;E;F;G;H;I;J;K;L,G,1,22,2,FALSE,NA,1,46,45,1606,23
1,A;B;C;D;E;F;G;H;I;J;K;L,F,1,23,2,FALSE,NA,1,46,45,1607,23
1,A;B;C;D;E;F;G;H;I;J;K;L,A,1,24,2,FALSE,NA,1,46,45,1608,23
1,A;B;C;D;E;F;G;H;I;J;K;L,L,1,25,3,FALSE,NA,1,46,45,1609,23
1,A;B;C;D;E;F;G;H;I;J;K;L,B,1,26,3,FALSE,NA,1,46,45,1610,23
1,A;B;C;D;E;F;G;H;I;J;K;L,K,1,27,3,FALSE,NA,1,46,45,1611,23
1,A;B;C;D;E;F;G;H;I;J;K;L,G,1,28,3,FALSE,NA,1,46,45,1612,23
1,A;B;C;D;E;F;G;H;I;J;K;L,J,1,29,3,FALSE,NA,1,46,45,1613,23
1,A;B;C;D;E;F;G;H;I;J;K;L,F,1,30,3,FALSE,NA,1,46,45,1614,23
1,A;B;C;D;E;F;G;H;I;J;K;L,A,1,31,3,FALSE,NA,1,46,45,1615,23
1,A;B;C;D;E;F;G;H;I;J;K;L,E,1,32,3,FALSE,NA,1,46,45,1616,23
1,A;B;C;D;E;F;G;H;I;J;K;L,C,1,33,3,FALSE,NA,1,46,45,1617,23
1,A;B;C;D;E;F;G;H;I;J;K;L,I,1,34,3,FALSE,NA,1,46,45,1618,23
1,A;B;C;D;E;F;G;H;I;J;K;L,D,1,35,3,FALSE,NA,1,46,45,1619,23
1,A;B;C;D;E;F;G;H;I;J;K;L,H,1,36,3,FALSE,NA,1,46,45,1620,23
1,A;B;C;D;E;F;G;H;I;J;K;L,J,1,37,4,FALSE,NA,1,46,45,1621,23
1,A;B;C;D;E;F;G;H;I;J;K;L,C,1,38,4,FALSE,NA,1,46,45,1622,23
1,A;B;C;D;E;F;G;H;I;J;K;L,H,1,39,4,FALSE,NA,1,46,45,1623,23
1,A;B;C;D;E;F;G;H;I;J;K;L,F,1,40,4,FALSE,NA,1,46,45,1624,23
1,A;B;C;D;E;F;G;H;I;J;K;L,K,1,41,4,FALSE,NA,1,46,45,1625,23
1,A;B;C;D;E;F;G;H;I;J;K;L,D,1,42,4,FALSE,NA,1,46,45,1626,23
1,A;B;C;D;E;F;G;H;I;J;K;L,E,1,43,4,FALSE,NA,1,46,45,1627,23
1,A;B;C;D;E;F;G;H;I;J;K;L,B,1,44,4,FALSE,NA,1,46,45,1628,23
1,A;B;C;D;E;F;G;H;I;J;K;L,A,1,45,4,FALSE,NA,1,46,45,1629,23
1,A;B;C;D;E;F;G;H;I;J;K;L,G,1,46,4,FALSE,NA,1,46,45,1630,23
1,A;B;C;D;E;F;G;H;I;J;K;L,L,1,47,4,FALSE,NA,1,46,45,1631,23
1,A;B;C;D;E;F;G;H;I;J;K;L,I,1,48,4,FALSE,NA,1,46,45,1632,23
1,A;B;C;D;E;F;G;H;I;J;K;L,D,1,49,5,FALSE,NA,1,46,45,1633,23
1,A;B;C;D;E;F;G;H;I;J;K;L,A,1,50,5,FALSE,NA,1,46,45,1634,23
1,A;B;C;D;E;F;G;H;I;J;K;L,C,1,51,5,FALSE,NA,1,46,45,1635,23
1,A;B;C;D;E;F;G;H;I;J;K;L,I,1,52,5,FALSE,NA,1,46,45,1636,23
1,A;B;C;D;E;F;G;H;I;J;K;L,B,1,53,5,FALSE,NA,1,46,45,1637,23
1,A;B;C;D;E;F;G;H;I;J;K;L,E,1,54,5,FALSE,NA,1,46,45,1638,23
1,A;B;C;D;E;F;G;H;I;J;K;L,G,1,55,5,FALSE,NA,1,46,45,1639,23
1,A;B;C;D;E;F;G;H;I;J;K;L,J,1,56,5,FALSE,NA,1,46,45,1640,23
1,A;B;C;D;E;F;G;H;I;J;K;L,K,1,57,5,FALSE,NA,1,46,45,1641,23
1,A;B;C;D;E;F;G;H;I;J;K;L,L,1,58,5,FALSE,NA,1,46,45,1642,23
1,A;B;C;D;E;F;G;H;I;J;K;L,H,1,59,5,FALSE,NA,1,46,45,1643,23
1,A;B;C;D;E;F;G;H;I;J;K;L,F,1,60,5,FALSE,NA,1,46,45,1644,23
1,A;B;C;D;E;F;G;H;I;J;K;L,D,1,61,6,FALSE,NA,1,46,45,1645,23
1,A;B;C;D;E;F;G;H;I;J;K;L,K,1,62,6,FALSE,NA,1,46,45,1646,23
1,A;B;C;D;E;F;G;H;I;J;K;L,H,1,63,6,FALSE,NA,1,46,45,1647,23
1,A;B;C;D;E;F;G;H;I;J;K;L,L,1,64,6,FALSE,NA,1,46,45,1648,23
1,A;B;C;D;E;F;G;H;I;J;K;L,C,1,65,6,FALSE,NA,1,46,45,1649,23
1,A;B;C;D;E;F;G;H;I;J;K;L,B,1,66,6,FALSE,NA,1,46,45,1650,23
1,A;B;C;D;E;F;G;H;I;J;K;L,E,1,67,6,FALSE,NA,1,46,45,1651,23
1,A;B;C;D;E;F;G;H;I;J;K;L,I,1,68,6,FALSE,NA,1,46,45,1652,23
1,A;B;C;D;E;F;G;H;I;J;K;L,J,1,69,6,FALSE,NA,1,46,45,1653,23
1,A;B;C;D;E;F;G;H;I;J;K;L,G,1,70,6,FALSE,NA,1,46,45,1654,23
1,A;B;C;D;E;F;G;H;I;J;K;L,A,1,71,6,FALSE,NA,1,46,45,1655,23
1,A;B;C;D;E;F;G;H;I;J;K;L,F,1,72,6,FALSE,NA,1,46,45,1656,23
1,A;B;C;D;E;F;G;H;I;J;K;L,B,1,1,1,FALSE,NA,1,48,47,1657,24
1,A;B;C;D;E;F;G;H;I;J;K;L,E,1,2,1,FALSE,NA,1,48,47,1658,24
1,A;B;C;D;E;F;G;H;I;J;K;L,F,1,3,1,FALSE,NA,1,48,47,1659,24
1,A;B;C;D;E;F;G;H;I;J;K;L,G,1,4,1,FALSE,NA,1,48,47,1660,24
1,A;B;C;D;E;F;G;H;I;J;K;L,D,1,5,1,FALSE,NA,1,48,47,1661,24
1,A;B;C;D;E;F;G;H;I;J;K;L,I,1,6,1,FALSE,NA,1,48,47,1662,24
1,A;B;C;D;E;F;G;H;I;J;K;L,H,1,7,1,FALSE,NA,1,48,47,1663,24
1,A;B;C;D;E;F;G;H;I;J;K;L,L,1,8,1,FALSE,NA,1,48,47,1664,24
1,A;B;C;D;E;F;G;H;I;J;K;L,C,1,9,1,FALSE,NA,1,48,47,1665,24
1,A;B;C;D;E;F;G;H;I;J;K;L,A,1,10,1,FALSE,NA,1,48,47,1666,24
1,A;B;C;D;E;F;G;H;I;J;K;L,K,1,11,1,FALSE,NA,1,48,47,1667,24
1,A;B;C;D;E;F;G;H;I;J;K;L,J,1,12,1,FALSE,NA,1,48,47,1668,24
1,A;B;C;D;E;F;G;H;I;J;K;L,J,1,13,2,FALSE,NA,1,48,47,1669,24
1,A;B;C;D;E;F;G;H;I;J;K;L,C,1,14,2,FALSE,NA,1,48,47,1670,24
1,A;B;C;D;E;F;G;H;I;J;K;L,H,1,15,2,FALSE,NA,1,48,47,1671,24
1,A;B;C;D;E;F;G;H;I;J;K;L,F,1,16,2,FALSE,NA,1,48,47,1672,24
1,A;B;C;D;E;F;G;H;I;J;K;L,D,1,17,2,FALSE,NA,1,48,47,1673,24
1,A;B;C;D;E;F;G;H;I;J;K;L,B,1,18,2,FALSE,NA,1,48,47,1674,24
1,A;B;C;D;E;F;G;H;I;J;K;L,G,1,19,2,FALSE,NA,1,48,47,1675,24
1,A;B;C;D;E;F;G;H;I;J;K;L,L,1,20,2,FALSE,NA,1,48,47,1676,24
1,A;B;C;D;E;F;G;H;I;J;K;L,K,1,21,2,FALSE,NA,1,48,47,1677,24
1,A;B;C;D;E;F;G;H;I;J;K;L,E,1,22,2,FALSE,NA,1,48,47,1678,24
1,A;B;C;D;E;F;G;H;I;J;K;L,I,1,23,2,FALSE,NA,1,48,47,1679,24
1,A;B;C;D;E;F;G;H;I;J;K;L,A,1,24,2,FALSE,NA,1,48,47,1680,24
1,A;B;C;D;E;F;G;H;I;J;K;L,L,1,25,3,FALSE,NA,1,48,47,1681,24
1,A;B;C;D;E;F;G;H;I;J;K;L,A,1,26,3,FALSE,NA,1,48,47,1682,24
1,A;B;C;D;E;F;G;H;I;J;K;L,B,1,27,3,FALSE,NA,1,48,47,1683,24
1,A;B;C;D;E;F;G;H;I;J;K;L,H,1,28,3,FALSE,NA,1,48,47,1684,24
1,A;B;C;D;E;F;G;H;I;J;K;L,E,1,29,3,FALSE,NA,1,48,47,1685,24
1,A;B;C;D;E;F;G;H;I;J;K;L,K,1,30,3,FALSE,NA,1,48,47,1686,24
1,A;B;C;D;E;F;G;H;I;J;K;L,C,1,31,3,FALSE,NA,1,48,47,1687,24
1,A;B;C;D;E;F;G;H;I;J;K;L,G,1,32,3,FALSE,NA,1,48,47,1688,24
1,A;B;C;D;E;F;G;H;I;J;K;L,D,1,33,3,FALSE,NA,1,48,47,1689,24
1,A;B;C;D;E;F;G;H;I;J;K;L,J,1,34,3,FALSE,NA,1,48,47,1690,24
1,A;B;C;D;E;F;G;H;I;J;K;L,F,1,35,3,FALSE,NA,1,48,47,1691,24
1,A;B;C;D;E;F;G;H;I;J;K;L,I,1,36,3,FALSE,NA,1,48,47,1692,24
1,A;B;C;D;E;F;G;H;I;J;K;L,B,1,37,4,FALSE,NA,1,48,47,1693,24
1,A;B;C;D;E;F;G;H;I;J;K;L,I,1,38,4,FALSE,NA,1,48,47,1694,24
1,A;B;C;D;E;F;G;H;I;J;K;L,J,1,39,4,FALSE,NA,1,48,47,1695,24
1,A;B;C;D;E;F;G;H;I;J;K;L,H,1,40,4,FALSE,NA,1,48,47,1696,24
1,A;B;C;D;E;F;G;H;I;J;K;L,E,1,41,4,FALSE,NA,1,48,47,1697,24
1,A;B;C;D;E;F;G;H;I;J;K;L,K,1,42,4,FALSE,NA,1,48,47,1698,24
1,A;B;C;D;E;F;G;H;I;J;K;L,F,1,43,4,FALSE,NA,1,48,47,1699,24
1,A;B;C;D;E;F;G;H;I;J;K;L,C,1,44,4,FALSE,NA,1,48,47,1700,24
1,A;B;C;D;E;F;G;H;I;J;K;L,G,1,45,4,FALSE,NA,1,48,47,1701,24
1,A;B;C;D;E;F;G;H;I;J;K;L,D,1,46,4,FALSE,NA,1,48,47,1702,24
1,A;B;C;D;E;F;G;H;I;J;K;L,L,1,47,4,FALSE,NA,1,48,47,1703,24
1,A;B;C;D;E;F;G;H;I;J;K;L,A,1,48,4,FALSE,NA,1,48,47,1704,24
1,A;B;C;D;E;F;G;H;I;J;K;L,K,1,49,5,FALSE,NA,1,48,47,1705,24
1,A;B;C;D;E;F;G;H;I;J;K;L,A,1,50,5,FALSE,NA,1,48,47,1706,24
1,A;B;C;D;E;F;G;H;I;J;K;L,F,1,51,5,FALSE,NA,1,48,47,1707,24
1,A;B;C;D;E;F;G;H;I;J;K;L,L,1,52,5,FALSE,NA,1,48,47,1708,24
1,A;B;C;D;E;F;G;H;I;J;K;L,B,1,53,5,FALSE,NA,1,48,47,1709,24
1,A;B;C;D;E;F;G;H;I;J;K;L,I,1,54,5,FALSE,NA,1,48,47,1710,24
1,A;B;C;D;E;F;G;H;I;J;K;L,J,1,55,5,FALSE,NA,1,48,47,1711,24
1,A;B;C;D;E;F;G;H;I;J;K;L,C,1,56,5,FALSE,NA,1,48,47,1712,24
1,A;B;C;D;E;F;G;H;I;J;K;L,G,1,57,5,FALSE,NA,1,48,47,1713,24
1,A;B;C;D;E;F;G;H;I;J;K;L,E,1,58,5,FALSE,NA,1,48,47,1714,24
1,A;B;C;D;E;F;G;H;I;J;K;L,D,1,59,5,FALSE,NA,1,48,47,1715,24
1,A;B;C;D;E;F;G;H;I;J;K;L,H,1,60,5,FALSE,NA,1,48,47,1716,24
1,A;B;C;D;E;F;G;H;I;J;K;L,J,1,61,6,FALSE,NA,1,48,47,1717,24
1,A;B;C;D;E;F;G;H;I;J;K;L,E,1,62,6,FALSE,NA,1,48,47,1718,24
1,A;B;C;D;E;F;G;H;I;J;K;L,F,1,63,6,FALSE,NA,1,48,47,1719,24
1,A;B;C;D;E;F;G;H;I;J;K;L,D,1,64,6,FALSE,NA,1,48,47,1720,24
1,A;B;C;D;E;F;G;H;I;J;K;L,A,1,65,6,FALSE,NA,1,48,47,1721,24
1,A;B;C;D;E;F;G;H;I;J;K;L,K,1,66,6,FALSE,NA,1,48,47,1722,24
1,A;B;C;D;E;F;G;H;I;J;K;L,I,1,67,6,FALSE,NA,1,48,47,1723,24
1,A;B;C;D;E;F;G;H;I;J;K;L,B,1,68,6,FALSE,NA,1,48,47,1724,24
1,A;B;C;D;E;F;G;H;I;J;K;L,H,1,69,6,FALSE,NA,1,48,47,1725,24
1,A;B;C;D;E;F;G;H;I;J;K;L,C,1,70,6,FALSE,NA,1,48,47,1726,24
1,A;B;C;D;E;F;G;H;I;J;K;L,G,1,71,6,FALSE,NA,1,48,47,1727,24
1,A;B;C;D;E;F;G;H;I;J;K;L,L,1,72,6,FALSE,NA,1,48,47,1728,24
1,A;B;C;D;E;F;G;H;I;J;K;L,L,1,1,1,FALSE,NA,1,50,49,1729,25
1,A;B;C;D;E;F;G;H;I;J;K;L,D,1,2,1,FALSE,NA,1,50,49,1730,25
1,A;B;C;D;E;F;G;H;I;J;K;L,J,1,3,1,FALSE,NA,1,50,49,1731,25
1,A;B;C;D;E;F;G;H;I;J;K;L,E,1,4,1,FALSE,NA,1,50,49,1732,25
1,A;B;C;D;E;F;G;H;I;J;K;L,I,1,5,1,FALSE,NA,1,50,49,1733,25
1,A;B;C;D;E;F;G;H;I;J;K;L,B,1,6,1,FALSE,NA,1,50,49,1734,25
1,A;B;C;D;E;F;G;H;I;J;K;L,A,1,7,1,FALSE,NA,1,50,49,1735,25
1,A;B;C;D;E;F;G;H;I;J;K;L,G,1,8,1,FALSE,NA,1,50,49,1736,25
1,A;B;C;D;E;F;G;H;I;J;K;L,C,1,9,1,FALSE,NA,1,50,49,1737,25
1,A;B;C;D;E;F;G;H;I;J;K;L,K,1,10,1,FALSE,NA,1,50,49,1738,25
1,A;B;C;D;E;F;G;H;I;J;K;L,H,1,11,1,FALSE,NA,1,50,49,1739,25
1,A;B;C;D;E;F;G;H;I;J;K;L,F,1,12,1,FALSE,NA,1,50,49,1740,25
1,A;B;C;D;E;F;G;H;I;J;K;L,F,1,13,2,FALSE,NA,1,50,49,1741,25
1,A;B;C;D;E;F;G;H;I;J;K;L,H,1,14,2,FALSE,NA,1,50,49,1742,25
1,A;B;C;D;E;F;G;H;I;J;K;L,K,1,15,2,FALSE,NA,1,50,49,1743,25
1,A;B;C;D;E;F;G;H;I;J;K;L,L,1,16,2,FALSE,NA,1,50,49,1744,25
1,A;B;C;D;E;F;G;H;I;J;K;L,B,1,17,2,FALSE,NA,1,50,49,1745,25
1,A;B;C;D;E;F;G;H;I;J;K;L,A,1,18,2,FALSE,NA,1,50,49,1746,25
1,A;B;C;D;E;F;G;H;I;J;K;L,C,1,19,2,FALSE,NA,1,50,49,1747,25
1,A;B;C;D;E;F;G;H;I;J;K;L,E,1,20,2,FALSE,NA,1,50,49,1748,25
1,A;B;C;D;E;F;G;H;I;J;K;L,J,1,21,2,FALSE,NA,1,50,49,1749,25
1,A;B;C;D;E;F;G;H;I;J;K;L,D,1,22,2,FALSE,NA,1,50,49,1750,25
1,A;B;C;D;E;F;G;H;I;J;K;L,I,1,23,2,FALSE,NA,1,50,49,1751,25
1,A;B;C;D;E;F;G;H;I;J;K;L,G,1,24,2,FALSE,NA,1,50,49,1752,25
1,A;B;C;D;E;F;G;H;I;J;K;L,E,1,25,3,FALSE,NA,1,50,49,1753,25
1,A;B;C;D;E;F;G;H;I;J;K;L,D,1,26,3,FALSE,NA,1,50,49,1754,25
1,A;B;C;D;E;F;G;H;I;J;K;L,B,1,27,3,FALSE,NA,1,50,49,1755,25
1,A;B;C;D;E;F;G;H;I;J;K;L,F,1,28,3,FALSE,NA,1,50,49,1756,25
1,A;B;C;D;E;F;G;H;I;J;K;L,A,1,29,3,FALSE,NA,1,50,49,1757,25
1,A;B;C;D;E;F;G;H;I;J;K;L,K,1,30,3,FALSE,NA,1,50,49,1758,25
1,A;B;C;D;E;F;G;H;I;J;K;L,C,1,31,3,FALSE,NA,1,50,49,1759,25
1,A;B;C;D;E;F;G;H;I;J;K;L,J,1,32,3,FALSE,NA,1,50,49,1760,25
1,A;B;C;D;E;F;G;H;I;J;K;L,I,1,33,3,FALSE,NA,1,50,49,1761,25
1,A;B;C;D;E;F;G;H;I;J;K;L,H,1,34,3,FALSE,NA,1,50,49,1762,25
1,A;B;C;D;E;F;G;H;I;J;K;L,G,1,35,3,FALSE,NA,1,50,49,1763,25
1,A;B;C;D;E;F;G;H;I;J;K;L,L,1,36,3,FALSE,NA,1,50,49,1764,25
1,A;B;C;D;E;F;G;H;I;J;K;L,G,1,37,4,FALSE,NA,1,50,49,1765,25
1,A;B;C;D;E;F;G;H;I;J;K;L,D,1,38,4,FALSE,NA,1,50,49,1766,25
1,A;B;C;D;E;F;G;H;I;J;K;L,L,1,39,4,FALSE,NA,1,50,49,1767,25
1,A;B;C;D;E;F;G;H;I;J;K;L,K,1,40,4,FALSE,NA,1,50,49,1768,25
1,A;B;C;D;E;F;G;H;I;J;K;L,B,1,41,4,FALSE,NA,1,50,49,1769,25
1,A;B;C;D;E;F;G;H;I;J;K;L,A,1,42,4,FALSE,NA,1,50,49,1770,25
1,A;B;C;D;E;F;G;H;I;J;K;L,H,1,43,4,FALSE,NA,1,50,49,1771,25
1,A;B;C;D;E;F;G;H;I;J;K;L,I,1,44,4,FALSE,NA,1,50,49,1772,25
1,A;B;C;D;E;F;G;H;I;J;K;L,F,1,45,4,FALSE,NA,1,50,49,1773,25
1,A;B;C;D;E;F;G;H;I;J;K;L,J,1,46,4,FALSE,NA,1,50,49,1774,25
1,A;B;C;D;E;F;G;H;I;J;K;L,C,1,47,4,FALSE,NA,1,50,49,1775,25
1,A;B;C;D;E;F;G;H;I;J;K;L,E,1,48,4,FALSE,NA,1,50,49,1776,25
1,A;B;C;D;E;F;G;H;I;J;K;L,A,1,49,5,FALSE,NA,1,50,49,1777,25
1,A;B;C;D;E;F;G;H;I;J;K;L,G,1,50,5,FALSE,NA,1,50,49,1778,25
1,A;B;C;D;E;F;G;H;I;J;K;L,L,1,51,5,FALSE,NA,1,50,49,1779,25
1,A;B;C;D;E;F;G;H;I;J;K;L,J,1,52,5,FALSE,NA,1,50,49,1780,25
1,A;B;C;D;E;F;G;H;I;J;K;L,I,1,53,5,FALSE,NA,1,50,49,1781,25
1,A;B;C;D;E;F;G;H;I;J;K;L,D,1,54,5,FALSE,NA,1,50,49,1782,25
1,A;B;C;D;E;F;G;H;I;J;K;L,K,1,55,5,FALSE,NA,1,50,49,1783,25
1,A;B;C;D;E;F;G;H;I;J;K;L,F,1,56,5,FALSE,NA,1,50,49,1784,25
1,A;B;C;D;E;F;G;H;I;J;K;L,B,1,57,5,FALSE,NA,1,50,49,1785,25
1,A;B;C;D;E;F;G;H;I;J;K;L,H,1,58,5,FALSE,NA,1,50,49,1786,25
1,A;B;C;D;E;F;G;H;I;J;K;L,C,1,59,5,FALSE,NA,1,50,49,1787,25
1,A;B;C;D;E;F;G;H;I;J;K;L,E,1,60,5,FALSE,NA,1,50,49,1788,25
1,A;B;C;D;E;F;G;H;I;J;K;L,B,1,61,6,FALSE,NA,1,50,49,1789,25
1,A;B;C;D;E;F;G;H;I;J;K;L,H,1,62,6,FALSE,NA,1,50,49,1790,25
1,A;B;C;D;E;F;G;H;I;J;K;L,C,1,63,6,FALSE,NA,1,50,49,1791,25
1,A;B;C;D;E;F;G;H;I;J;K;L,A,1,64,6,FALSE,NA,1,50,49,1792,25
1,A;B;C;D;E;F;G;H;I;J;K;L,G,1,65,6,FALSE,NA,1,50,49,1793,25
1,A;B;C;D;E;F;G;H;I;J;K;L,E,1,66,6,FALSE,NA,1,50,49,1794,25
1,A;B;C;D;E;F;G;H;I;J;K;L,L,1,67,6,FALSE,NA,1,50,49,1795,25
1,A;B;C;D;E;F;G;H;I;J;K;L,J,1,68,6,FALSE,NA,1,50,49,1796,25
1,A;B;C;D;E;F;G;H;I;J;K;L,D,1,69,6,FALSE,NA,1,50,49,1797,25
1,A;B;C;D;E;F;G;H;I;J;K;L,F,1,70,6,FALSE,NA,1,50,49,1798,25
1,A;B;C;D;E;F;G;H;I;J;K;L,I,1,71,6,FALSE,NA,1,50,49,1799,25
1,A;B;C;D;E;F;G;H;I;J;K;L,K,1,72,6,FALSE,NA,1,50,49,1800,25
1,A;B;C;D;E;F;G;H;I;J;K;L,D,1,1,1,FALSE,NA,1,52,51,1801,26
1,A;B;C;D;E;F;G;H;I;J;K;L,H,1,2,1,FALSE,NA,1,52,51,1802,26
1,A;B;C;D;E;F;G;H;I;J;K;L,F,1,3,1,FALSE,NA,1,52,51,1803,26
1,A;B;C;D;E;F;G;H;I;J;K;L,I,1,4,1,FALSE,NA,1,52,51,1804,26
1,A;B;C;D;E;F;G;H;I;J;K;L,K,1,5,1,FALSE,NA,1,52,51,1805,26
1,A;B;C;D;E;F;G;H;I;J;K;L,J,1,6,1,FALSE,NA,1,52,51,1806,26
1,A;B;C;D;E;F;G;H;I;J;K;L,C,1,7,1,FALSE,NA,1,52,51,1807,26
1,A;B;C;D;E;F;G;H;I;J;K;L,A,1,8,1,FALSE,NA,1,52,51,1808,26
1,A;B;C;D;E;F;G;H;I;J;K;L,L,1,9,1,FALSE,NA,1,52,51,1809,26
1,A;B;C;D;E;F;G;H;I;J;K;L,E,1,10,1,FALSE,NA,1,52,51,1810,26
1,A;B;C;D;E;F;G;H;I;J;K;L,G,1,11,1,FALSE,NA,1,52,51,1811,26
1,A;B;C;D;E;F;G;H;I;J;K;L,B,1,12,1,FALSE,NA,1,52,51,1812,26
1,A;B;C;D;E;F;G;H;I;J;K;L,L,1,13,2,FALSE,NA,1,52,51,1813,26
1,A;B;C;D;E;F;G;H;I;J;K;L,D,1,14,2,FALSE,NA,1,52,51,1814,26
1,A;B;C;D;E;F;G;H;I;J;K;L,I,1,15,2,FALSE,NA,1,52,51,1815,26
1,A;B;C;D;E;F;G;H;I;J;K;L,B,1,16,2,FALSE,NA,1,52,51,1816,26
1,A;B;C;D;E;F;G;H;I;J;K;L,K,1,17,2,FALSE,NA,1,52,51,1817,26
1,A;B;C;D;E;F;G;H;I;J;K;L,F,1,18,2,FALSE,NA,1,52,51,1818,26
1,A;B;C;D;E;F;G;H;I;J;K;L,G,1,19,2,FALSE,NA,1,52,51,1819,26
1,A;B;C;D;E;F;G;H;I;J;K;L,A,1,20,2,FALSE,NA,1,52,51,1820,26
1,A;B;C;D;E;F;G;H;I;J;K;L,C,1,21,2,FALSE,NA,1,52,51,1821,26
1,A;B;C;D;E;F;G;H;I;J;K;L,J,1,22,2,FALSE,NA,1,52,51,1822,26
1,A;B;C;D;E;F;G;H;I;J;K;L,E,1,23,2,FALSE,NA,1,52,51,1823,26
1,A;B;C;D;E;F;G;H;I;J;K;L,H,1,24,2,FALSE,NA,1,52,51,1824,26
1,A;B;C;D;E;F;G;H;I;J;K;L,J,1,25,3,FALSE,NA,1,52,51,1825,26
1,A;B;C;D;E;F;G;H;I;J;K;L,D,1,26,3,FALSE,NA,1,52,51,1826,26
1,A;B;C;D;E;F;G;H;I;J;K;L,C,1,27,3,FALSE,NA,1,52,51,1827,26
1,A;B;C;D;E;F;G;H;I;J;K;L,B,1,28,3,FALSE,NA,1,52,51,1828,26
1,A;B;C;D;E;F;G;H;I;J;K;L,E,1,29,3,FALSE,NA,1,52,51,1829,26
1,A;B;C;D;E;F;G;H;I;J;K;L,H,1,30,3,FALSE,NA,1,52,51,1830,26
1,A;B;C;D;E;F;G;H;I;J;K;L,F,1,31,3,FALSE,NA,1,52,51,1831,26
1,A;B;C;D;E;F;G;H;I;J;K;L,A,1,32,3,FALSE,NA,1,52,51,1832,26
1,A;B;C;D;E;F;G;H;I;J;K;L,L,1,33,3,FALSE,NA,1,52,51,1833,26
1,A;B;C;D;E;F;G;H;I;J;K;L,G,1,34,3,FALSE,NA,1,52,51,1834,26
1,A;B;C;D;E;F;G;H;I;J;K;L,I,1,35,3,FALSE,NA,1,52,51,1835,26
1,A;B;C;D;E;F;G;H;I;J;K;L,K,1,36,3,FALSE,NA,1,52,51,1836,26
1,A;B;C;D;E;F;G;H;I;J;K;L,L,1,37,4,FALSE,NA,1,52,51,1837,26
1,A;B;C;D;E;F;G;H;I;J;K;L,G,1,38,4,FALSE,NA,1,52,51,1838,26
1,A;B;C;D;E;F;G;H;I;J;K;L,E,1,39,4,FALSE,NA,1,52,51,1839,26
1,A;B;C;D;E;F;G;H;I;J;K;L,A,1,40,4,FALSE,NA,1,52,51,1840,26
1,A;B;C;D;E;F;G;H;I;J;K;L,J,1,41,4,FALSE,NA,1,52,51,1841,26
1,A;B;C;D;E;F;G;H;I;J;K;L,D,1,42,4,FALSE,NA,1,52,51,1842,26
1,A;B;C;D;E;F;G;H;I;J;K;L,F,1,43,4,FALSE,NA,1,52,51,1843,26
1,A;B;C;D;E;F;G;H;I;J;K;L,K,1,44,4,FALSE,NA,1,52,51,1844,26
1,A;B;C;D;E;F;G;H;I;J;K;L,C,1,45,4,FALSE,NA,1,52,51,1845,26
1,A;B;C;D;E;F;G;H;I;J;K;L,H,1,46,4,FALSE,NA,1,52,51,1846,26
1,A;B;C;D;E;F;G;H;I;J;K;L,I,1,47,4,FALSE,NA,1,52,51,1847,26
1,A;B;C;D;E;F;G;H;I;J;K;L,B,1,48,4,FALSE,NA,1,52,51,1848,26
1,A;B;C;D;E;F;G;H;I;J;K;L,G,1,49,5,FALSE,NA,1,52,51,1849,26
1,A;B;C;D;E;F;G;H;I;J;K;L,C,1,50,5,FALSE,NA,1,52,51,1850,26
1,A;B;C;D;E;F;G;H;I;J;K;L,D,1,51,5,FALSE,NA,1,52,51,1851,26
1,A;B;C;D;E;F;G;H;I;J;K;L,F,1,52,5,FALSE,NA,1,52,51,1852,26
1,A;B;C;D;E;F;G;H;I;J;K;L,E,1,53,5,FALSE,NA,1,52,51,1853,26
1,A;B;C;D;E;F;G;H;I;J;K;L,L,1,54,5,FALSE,NA,1,52,51,1854,26
1,A;B;C;D;E;F;G;H;I;J;K;L,I,1,55,5,FALSE,NA,1,52,51,1855,26
1,A;B;C;D;E;F;G;H;I;J;K;L,K,1,56,5,FALSE,NA,1,52,51,1856,26
1,A;B;C;D;E;F;G;H;I;J;K;L,J,1,57,5,FALSE,NA,1,52,51,1857,26
1,A;B;C;D;E;F;G;H;I;J;K;L,A,1,58,5,FALSE,NA,1,52,51,1858,26
1,A;B;C;D;E;F;G;H;I;J;K;L,H,1,59,5,FALSE,NA,1,52,51,1859,26
1,A;B;C;D;E;F;G;H;I;J;K;L,B,1,60,5,FALSE,NA,1,52,51,1860,26
1,A;B;C;D;E;F;G;H;I;J;K;L,C,1,61,6,FALSE,NA,1,52,51,1861,26
1,A;B;C;D;E;F;G;H;I;J;K;L,K,1,62,6,FALSE,NA,1,52,51,1862,26
1,A;B;C;D;E;F;G;H;I;J;K;L,I,1,63,6,FALSE,NA,1,52,51,1863,26
1,A;B;C;D;E;F;G;H;I;J;K;L,D,1,64,6,FALSE,NA,1,52,51,1864,26
1,A;B;C;D;E;F;G;H;I;J;K;L,B,1,65,6,FALSE,NA,1,52,51,1865,26
1,A;B;C;D;E;F;G;H;I;J;K;L,G,1,66,6,FALSE,NA,1,52,51,1866,26
1,A;B;C;D;E;F;G;H;I;J;K;L,F,1,67,6,FALSE,NA,1,52,51,1867,26
1,A;B;C;D;E;F;G;H;I;J;K;L,A,1,68,6,FALSE,NA,1,52,51,1868,26
1,A;B;C;D;E;F;G;H;I;J;K;L,H,1,69,6,FALSE,NA,1,52,51,1869,26
1,A;B;C;D;E;F;G;H;I;J;K;L,L,1,70,6,FALSE,NA,1,52,51,1870,26
1,A;B;C;D;E;F;G;H;I;J;K;L,E,1,71,6,FALSE,NA,1,52,51,1871,26
1,A;B;C;D;E;F;G;H;I;J;K;L,J,1,72,6,FALSE,NA,1,52,51,1872,26
1,A;B;C;D;E;F;G;H;I;J;K;L,G,1,1,1,FALSE,NA,1,54,53,1873,27
1,A;B;C;D;E;F;G;H;I;J;K;L,D,1,2,1,FALSE,NA,1,54,53,1874,27
1,A;B;C;D;E;F;G;H;I;J;K;L,H,1,3,1,FALSE,NA,1,54,53,1875,27
1,A;B;C;D;E;F;G;H;I;J;K;L,F,1,4,1,FALSE,NA,1,54,53,1876,27
1,A;B;C;D;E;F;G;H;I;J;K;L,B,1,5,1,FALSE,NA,1,54,53,1877,27
1,A;B;C;D;E;F;G;H;I;J;K;L,A,1,6,1,FALSE,NA,1,54,53,1878,27
1,A;B;C;D;E;F;G;H;I;J;K;L,K,1,7,1,FALSE,NA,1,54,53,1879,27
1,A;B;C;D;E;F;G;H;I;J;K;L,L,1,8,1,FALSE,NA,1,54,53,1880,27
1,A;B;C;D;E;F;G;H;I;J;K;L,C,1,9,1,FALSE,NA,1,54,53,1881,27
1,A;B;C;D;E;F;G;H;I;J;K;L,E,1,10,1,FALSE,NA,1,54,53,1882,27
1,A;B;C;D;E;F;G;H;I;J;K;L,I,1,11,1,FALSE,NA,1,54,53,1883,27
1,A;B;C;D;E;F;G;H;I;J;K;L,J,1,12,1,FALSE,NA,1,54,53,1884,27
1,A;B;C;D;E;F;G;H;I;J;K;L,F,1,13,2,FALSE,NA,1,54,53,1885,27
1,A;B;C;D;E;F;G;H;I;J;K;L,B,1,14,2,FALSE,NA,1,54,53,1886,27
1,A;B;C;D;E;F;G;H;I;J;K;L,E,1,15,2,FALSE,NA,1,54,53,1887,27
1,A;B;C;D;E;F;G;H;I;J;K;L,K,1,16,2,FALSE,NA,1,54,53,1888,27
1,A;B;C;D;E;F;G;H;I;J;K;L,G,1,17,2,FALSE,NA,1,54,53,1889,27
1,A;B;C;D;E;F;G;H;I;J;K;L,H,1,18,2,FALSE,NA,1,54,53,1890,27
1,A;B;C;D;E;F;G;H;I;J;K;L,I,1,19,2,FALSE,NA,1,54,53,1891,27
1,A;B;C;D;E;F;G;H;I;J;K;L,L,1,20,2,FALSE,NA,1,54,53,1892,27
1,A;B;C;D;E;F;G;H;I;J;K;L,D,1,21,2,FALSE,NA,1,54,53,1893,27
1,A;B;C;D;E;F;G;H;I;J;K;L,C,1,22,2,FALSE,NA,1,54,53,1894,27
1,A;B;C;D;E;F;G;H;I;J;K;L,J,1,23,2,FALSE,NA,1,54,53,1895,27
1,A;B;C;D;E;F;G;H;I;J;K;L,A,1,24,2,FALSE,NA,1,54,53,1896,27
1,A;B;C;D;E;F;G;H;I;J;K;L,C,1,25,3,FALSE,NA,1,54,53,1897,27
1,A;B;C;D;E;F;G;H;I;J;K;L,D,1,26,3,FALSE,NA,1,54,53,1898,27
1,A;B;C;D;E;F;G;H;I;J;K;L,K,1,27,3,FALSE,NA,1,54,53,1899,27
1,A;B;C;D;E;F;G;H;I;J;K;L,I,1,28,3,FALSE,NA,1,54,53,1900,27
1,A;B;C;D;E;F;G;H;I;J;K;L,B,1,29,3,FALSE,NA,1,54,53,1901,27
1,A;B;C;D;E;F;G;H;I;J;K;L,E,1,30,3,FALSE,NA,1,54,53,1902,27
1,A;B;C;D;E;F;G;H;I;J;K;L,A,1,31,3,FALSE,NA,1,54,53,1903,27
1,A;B;C;D;E;F;G;H;I;J;K;L,H,1,32,3,FALSE,NA,1,54,53,1904,27
1,A;B;C;D;E;F;G;H;I;J;K;L,J,1,33,3,FALSE,NA,1,54,53,1905,27
1,A;B;C;D;E;F;G;H;I;J;K;L,L,1,34,3,FALSE,NA,1,54,53,1906,27
1,A;B;C;D;E;F;G;H;I;J;K;L,G,1,35,3,FALSE,NA,1,54,53,1907,27
1,A;B;C;D;E;F;G;H;I;J;K;L,F,1,36,3,FALSE,NA,1,54,53,1908,27
1,A;B;C;D;E;F;G;H;I;J;K;L,K,1,37,4,FALSE,NA,1,54,53,1909,27
1,A;B;C;D;E;F;G;H;I;J;K;L,G,1,38,4,FALSE,NA,1,54,53,1910,27
1,A;B;C;D;E;F;G;H;I;J;K;L,B,1,39,4,FALSE,NA,1,54,53,1911,27
1,A;B;C;D;E;F;G;H;I;J;K;L,D,1,40,4,FALSE,NA,1,54,53,1912,27
1,A;B;C;D;E;F;G;H;I;J;K;L,H,1,41,4,FALSE,NA,1,54,53,1913,27
1,A;B;C;D;E;F;G;H;I;J;K;L,C,1,42,4,FALSE,NA,1,54,53,1914,27
1,A;B;C;D;E;F;G;H;I;J;K;L,F,1,43,4,FALSE,NA,1,54,53,1915,27
1,A;B;C;D;E;F;G;H;I;J;K;L,A,1,44,4,FALSE,NA,1,54,53,1916,27
1,A;B;C;D;E;F;G;H;I;J;K;L,E,1,45,4,FALSE,NA,1,54,53,1917,27
1,A;B;C;D;E;F;G;H;I;J;K;L,I,1,46,4,FALSE,NA,1,54,53,1918,27
1,A;B;C;D;E;F;G;H;I;J;K;L,J,1,47,4,FALSE,NA,1,54,53,1919,27
1,A;B;C;D;E;F;G;H;I;J;K;L,L,1,48,4,FALSE,NA,1,54,53,1920,27
1,A;B;C;D;E;F;G;H;I;J;K;L,G,1,49,5,FALSE,NA,1,54,53,1921,27
1,A;B;C;D;E;F;G;H;I;J;K;L,B,1,50,5,FALSE,NA,1,54,53,1922,27
1,A;B;C;D;E;F;G;H;I;J;K;L,C,1,51,5,FALSE,NA,1,54,53,1923,27
1,A;B;C;D;E;F;G;H;I;J;K;L,H,1,52,5,FALSE,NA,1,54,53,1924,27
1,A;B;C;D;E;F;G;H;I;J;K;L,F,1,53,5,FALSE,NA,1,54,53,1925,27
1,A;B;C;D;E;F;G;H;I;J;K;L,E,1,54,5,FALSE,NA,1,54,53,1926,27
1,A;B;C;D;E;F;G;H;I;J;K;L,L,1,55,5,FALSE,NA,1,54,53,1927,27
1,A;B;C;D;E;F;G;H;I;J;K;L,A,1,56,5,FALSE,NA,1,54,53,1928,27
1,A;B;C;D;E;F;G;H;I;J;K;L,K,1,57,5,FALSE,NA,1,54,53,1929,27
1,A;B;C;D;E;F;G;H;I;J;K;L,D,1,58,5,FALSE,NA,1,54,53,1930,27
1,A;B;C;D;E;F;G;H;I;J;K;L,I,1,59,5,FALSE,NA,1,54,53,1931,27
1,A;B;C;D;E;F;G;H;I;J;K;L,J,1,60,5,FALSE,NA,1,54,53,1932,27
1,A;B;C;D;E;F;G;H;I;J;K;L,B,1,61,6,FALSE,NA,1,54,53,1933,27
1,A;B;C;D;E;F;G;H;I;J;K;L,J,1,62,6,FALSE,NA,1,54,53,1934,27
1,A;B;C;D;E;F;G;H;I;J;K;L,I,1,63,6,FALSE,NA,1,54,53,1935,27
1,A;B;C;D;E;F;G;H;I;J;K;L,L,1,64,6,FALSE,NA,1,54,53,1936,27
1,A;B;C;D;E;F;G;H;I;J;K;L,A,1,65,6,FALSE,NA,1,54,53,1937,27
1,A;B;C;D;E;F;G;H;I;J;K;L,K,1,66,6,FALSE,NA,1,54,53,1938,27
1,A;B;C;D;E;F;G;H;I;J;K;L,H,1,67,6,FALSE,NA,1,54,53,1939,27
1,A;B;C;D;E;F;G;H;I;J;K;L,F,1,68,6,FALSE,NA,1,54,53,1940,27
1,A;B;C;D;E;F;G;H;I;J;K;L,D,1,69,6,FALSE,NA,1,54,53,1941,27
1,A;B;C;D;E;F;G;H;I;J;K;L,C,1,70,6,FALSE,NA,1,54,53,1942,27
1,A;B;C;D;E;F;G;H;I;J;K;L,E,1,71,6,FALSE,NA,1,54,53,1943,27
1,A;B;C;D;E;F;G;H;I;J;K;L,G,1,72,6,FALSE,NA,1,54,53,1944,27
1,A;B;C;D;E;F;G;H;I;J;K;L,G,1,1,1,FALSE,NA,1,56,55,1945,28
1,A;B;C;D;E;F;G;H;I;J;K;L,J,1,2,1,FALSE,NA,1,56,55,1946,28
1,A;B;C;D;E;F;G;H;I;J;K;L,L,1,3,1,FALSE,NA,1,56,55,1947,28
1,A;B;C;D;E;F;G;H;I;J;K;L,K,1,4,1,FALSE,NA,1,56,55,1948,28
1,A;B;C;D;E;F;G;H;I;J;K;L,E,1,5,1,FALSE,NA,1,56,55,1949,28
1,A;B;C;D;E;F;G;H;I;J;K;L,D,1,6,1,FALSE,NA,1,56,55,1950,28
1,A;B;C;D;E;F;G;H;I;J;K;L,C,1,7,1,FALSE,NA,1,56,55,1951,28
1,A;B;C;D;E;F;G;H;I;J;K;L,I,1,8,1,FALSE,NA,1,56,55,1952,28
1,A;B;C;D;E;F;G;H;I;J;K;L,A,1,9,1,FALSE,NA,1,56,55,1953,28
1,A;B;C;D;E;F;G;H;I;J;K;L,H,1,10,1,FALSE,NA,1,56,55,1954,28
1,A;B;C;D;E;F;G;H;I;J;K;L,B,1,11,1,FALSE,NA,1,56,55,1955,28
1,A;B;C;D;E;F;G;H;I;J;K;L,F,1,12,1,FALSE,NA,1,56,55,1956,28
1,A;B;C;D;E;F;G;H;I;J;K;L,H,1,13,2,FALSE,NA,1,56,55,1957,28
1,A;B;C;D;E;F;G;H;I;J;K;L,G,1,14,2,FALSE,NA,1,56,55,1958,28
1,A;B;C;D;E;F;G;H;I;J;K;L,C,1,15,2,FALSE,NA,1,56,55,1959,28
1,A;B;C;D;E;F;G;H;I;J;K;L,E,1,16,2,FALSE,NA,1,56,55,1960,28
1,A;B;C;D;E;F;G;H;I;J;K;L,I,1,17,2,FALSE,NA,1,56,55,1961,28
1,A;B;C;D;E;F;G;H;I;J;K;L,L,1,18,2,FALSE,NA,1,56,55,1962,28
1,A;B;C;D;E;F;G;H;I;J;K;L,B,1,19,2,FALSE,NA,1,56,55,1963,28
1,A;B;C;D;E;F;G;H;I;J;K;L,K,1,20,2,FALSE,NA,1,56,55,1964,28
1,A;B;C;D;E;F;G;H;I;J;K;L,J,1,21,2,FALSE,NA,1,56,55,1965,28
1,A;B;C;D;E;F;G;H;I;J;K;L,F,1,22,2,FALSE,NA,1,56,55,1966,28
1,A;B;C;D;E;F;G;H;I;J;K;L,D,1,23,2,FALSE,NA,1,56,55,1967,28
1,A;B;C;D;E;F;G;H;I;J;K;L,A,1,24,2,FALSE,NA,1,56,55,1968,28
1,A;B;C;D;E;F;G;H;I;J;K;L,C,1,25,3,FALSE,NA,1,56,55,1969,28
1,A;B;C;D;E;F;G;H;I;J;K;L,J,1,26,3,FALSE,NA,1,56,55,1970,28
1,A;B;C;D;E;F;G;H;I;J;K;L,E,1,27,3,FALSE,NA,1,56,55,1971,28
1,A;B;C;D;E;F;G;H;I;J;K;L,H,1,28,3,FALSE,NA,1,56,55,1972,28
1,A;B;C;D;E;F;G;H;I;J;K;L,L,1,29,3,FALSE,NA,1,56,55,1973,28
1,A;B;C;D;E;F;G;H;I;J;K;L,A,1,30,3,FALSE,NA,1,56,55,1974,28
1,A;B;C;D;E;F;G;H;I;J;K;L,G,1,31,3,FALSE,NA,1,56,55,1975,28
1,A;B;C;D;E;F;G;H;I;J;K;L,F,1,32,3,FALSE,NA,1,56,55,1976,28
1,A;B;C;D;E;F;G;H;I;J;K;L,K,1,33,3,FALSE,NA,1,56,55,1977,28
1,A;B;C;D;E;F;G;H;I;J;K;L,D,1,34,3,FALSE,NA,1,56,55,1978,28
1,A;B;C;D;E;F;G;H;I;J;K;L,B,1,35,3,FALSE,NA,1,56,55,1979,28
1,A;B;C;D;E;F;G;H;I;J;K;L,I,1,36,3,FALSE,NA,1,56,55,1980,28
1,A;B;C;D;E;F;G;H;I;J;K;L,C,1,37,4,FALSE,NA,1,56,55,1981,28
1,A;B;C;D;E;F;G;H;I;J;K;L,D,1,38,4,FALSE,NA,1,56,55,1982,28
1,A;B;C;D;E;F;G;H;I;J;K;L,K,1,39,4,FALSE,NA,1,56,55,1983,28
1,A;B;C;D;E;F;G;H;I;J;K;L,H,1,40,4,FALSE,NA,1,56,55,1984,28
1,A;B;C;D;E;F;G;H;I;J;K;L,E,1,41,4,FALSE,NA,1,56,55,1985,28
1,A;B;C;D;E;F;G;H;I;J;K;L,A,1,42,4,FALSE,NA,1,56,55,1986,28
1,A;B;C;D;E;F;G;H;I;J;K;L,F,1,43,4,FALSE,NA,1,56,55,1987,28
1,A;B;C;D;E;F;G;H;I;J;K;L,L,1,44,4,FALSE,NA,1,56,55,1988,28
1,A;B;C;D;E;F;G;H;I;J;K;L,B,1,45,4,FALSE,NA,1,56,55,1989,28
1,A;B;C;D;E;F;G;H;I;J;K;L,I,1,46,4,FALSE,NA,1,56,55,1990,28
1,A;B;C;D;E;F;G;H;I;J;K;L,G,1,47,4,FALSE,NA,1,56,55,1991,28
1,A;B;C;D;E;F;G;H;I;J;K;L,J,1,48,4,FALSE,NA,1,56,55,1992,28
1,A;B;C;D;E;F;G;H;I;J;K;L,H,1,49,5,FALSE,NA,1,56,55,1993,28
1,A;B;C;D;E;F;G;H;I;J;K;L,I,1,50,5,FALSE,NA,1,56,55,1994,28
1,A;B;C;D;E;F;G;H;I;J;K;L,D,1,51,5,FALSE,NA,1,56,55,1995,28
1,A;B;C;D;E;F;G;H;I;J;K;L,C,1,52,5,FALSE,NA,1,56,55,1996,28
1,A;B;C;D;E;F;G;H;I;J;K;L,B,1,53,5,FALSE,NA,1,56,55,1997,28
1,A;B;C;D;E;F;G;H;I;J;K;L,E,1,54,5,FALSE,NA,1,56,55,1998,28
1,A;B;C;D;E;F;G;H;I;J;K;L,F,1,55,5,FALSE,NA,1,56,55,1999,28
1,A;B;C;D;E;F;G;H;I;J;K;L,K,1,56,5,FALSE,NA,1,56,55,2000,28
1,A;B;C;D;E;F;G;H;I;J;K;L,A,1,57,5,FALSE,NA,1,56,55,2001,28
1,A;B;C;D;E;F;G;H;I;J;K;L,J,1,58,5,FALSE,NA,1,56,55,2002,28
1,A;B;C;D;E;F;G;H;I;J;K;L,G,1,59,5,FALSE,NA,1,56,55,2003,28
1,A;B;C;D;E;F;G;H;I;J;K;L,L,1,60,5,FALSE,NA,1,56,55,2004,28
1,A;B;C;D;E;F;G;H;I;J;K;L,J,1,61,6,FALSE,NA,1,56,55,2005,28
1,A;B;C;D;E;F;G;H;I;J;K;L,C,1,62,6,FALSE,NA,1,56,55,2006,28
1,A;B;C;D;E;F;G;H;I;J;K;L,I,1,63,6,FALSE,NA,1,56,55,2007,28
1,A;B;C;D;E;F;G;H;I;J;K;L,L,1,64,6,FALSE,NA,1,56,55,2008,28
1,A;B;C;D;E;F;G;H;I;J;K;L,A,1,65,6,FALSE,NA,1,56,55,2009,28
1,A;B;C;D;E;F;G;H;I;J;K;L,K,1,66,6,FALSE,NA,1,56,55,2010,28
1,A;B;C;D;E;F;G;H;I;J;K;L,E,1,67,6,FALSE,NA,1,56,55,2011,28
1,A;B;C;D;E;F;G;H;I;J;K;L,H,1,68,6,FALSE,NA,1,56,55,2012,28
1,A;B;C;D;E;F;G;H;I;J;K;L,D,1,69,6,FALSE,NA,1,56,55,2013,28
1,A;B;C;D;E;F;G;H;I;J;K;L,B,1,70,6,FALSE,NA,1,56,55,2014,28
1,A;B;C;D;E;F;G;H;I;J;K;L,G,1,71,6,FALSE,NA,1,56,55,2015,28
1,A;B;C;D;E;F;G;H;I;J;K;L,F,1,72,6,FALSE,NA,1,56,55,2016,28
1,A;B;C;D;E;F;G;H;I;J;K;L,I,1,1,1,FALSE,NA,1,58,57,2017,29
1,A;B;C;D;E;F;G;H;I;J;K;L,E,1,2,1,FALSE,NA,1,58,57,2018,29
1,A;B;C;D;E;F;G;H;I;J;K;L,D,1,3,1,FALSE,NA,1,58,57,2019,29
1,A;B;C;D;E;F;G;H;I;J;K;L,K,1,4,1,FALSE,NA,1,58,57,2020,29
1,A;B;C;D;E;F;G;H;I;J;K;L,H,1,5,1,FALSE,NA,1,58,57,2021,29
1,A;B;C;D;E;F;G;H;I;J;K;L,C,1,6,1,FALSE,NA,1,58,57,2022,29
1,A;B;C;D;E;F;G;H;I;J;K;L,G,1,7,1,FALSE,NA,1,58,57,2023,29
1,A;B;C;D;E;F;G;H;I;J;K;L,F,1,8,1,FALSE,NA,1,58,57,2024,29
1,A;B;C;D;E;F;G;H;I;J;K;L,J,1,9,1,FALSE,NA,1,58,57,2025,29
1,A;B;C;D;E;F;G;H;I;J;K;L,B,1,10,1,FALSE,NA,1,58,57,2026,29
1,A;B;C;D;E;F;G;H;I;J;K;L,L,1,11,1,FALSE,NA,1,58,57,2027,29
1,A;B;C;D;E;F;G;H;I;J;K;L,A,1,12,1,FALSE,NA,1,58,57,2028,29
1,A;B;C;D;E;F;G;H;I;J;K;L,L,1,13,2,FALSE,NA,1,58,57,2029,29
1,A;B;C;D;E;F;G;H;I;J;K;L,B,1,14,2,FALSE,NA,1,58,57,2030,29
1,A;B;C;D;E;F;G;H;I;J;K;L,K,1,15,2,FALSE,NA,1,58,57,2031,29
1,A;B;C;D;E;F;G;H;I;J;K;L,C,1,16,2,FALSE,NA,1,58,57,2032,29
1,A;B;C;D;E;F;G;H;I;J;K;L,E,1,17,2,FALSE,NA,1,58,57,2033,29
1,A;B;C;D;E;F;G;H;I;J;K;L,H,1,18,2,FALSE,NA,1,58,57,2034,29
1,A;B;C;D;E;F;G;H;I;J;K;L,G,1,19,2,FALSE,NA,1,58,57,2035,29
1,A;B;C;D;E;F;G;H;I;J;K;L,J,1,20,2,FALSE,NA,1,58,57,2036,29
1,A;B;C;D;E;F;G;H;I;J;K;L,D,1,21,2,FALSE,NA,1,58,57,2037,29
1,A;B;C;D;E;F;G;H;I;J;K;L,F,1,22,2,FALSE,NA,1,58,57,2038,29
1,A;B;C;D;E;F;G;H;I;J;K;L,A,1,23,2,FALSE,NA,1,58,57,2039,29
1,A;B;C;D;E;F;G;H;I;J;K;L,I,1,24,2,FALSE,NA,1,58,57,2040,29
1,A;B;C;D;E;F;G;H;I;J;K;L,H,1,25,3,FALSE,NA,1,58,57,2041,29
1,A;B;C;D;E;F;G;H;I;J;K;L,J,1,26,3,FALSE,NA,1,58,57,2042,29
1,A;B;C;D;E;F;G;H;I;J;K;L,I,1,27,3,FALSE,NA,1,58,57,2043,29
1,A;B;C;D;E;F;G;H;I;J;K;L,K,1,28,3,FALSE,NA,1,58,57,2044,29
1,A;B;C;D;E;F;G;H;I;J;K;L,F,1,29,3,FALSE,NA,1,58,57,2045,29
1,A;B;C;D;E;F;G;H;I;J;K;L,C,1,30,3,FALSE,NA,1,58,57,2046,29
1,A;B;C;D;E;F;G;H;I;J;K;L,L,1,31,3,FALSE,NA,1,58,57,2047,29
1,A;B;C;D;E;F;G;H;I;J;K;L,A,1,32,3,FALSE,NA,1,58,57,2048,29
1,A;B;C;D;E;F;G;H;I;J;K;L,G,1,33,3,FALSE,NA,1,58,57,2049,29
1,A;B;C;D;E;F;G;H;I;J;K;L,D,1,34,3,FALSE,NA,1,58,57,2050,29
1,A;B;C;D;E;F;G;H;I;J;K;L,E,1,35,3,FALSE,NA,1,58,57,2051,29
1,A;B;C;D;E;F;G;H;I;J;K;L,B,1,36,3,FALSE,NA,1,58,57,2052,29
1,A;B;C;D;E;F;G;H;I;J;K;L,H,1,37,4,FALSE,NA,1,58,57,2053,29
1,A;B;C;D;E;F;G;H;I;J;K;L,C,1,38,4,FALSE,NA,1,58,57,2054,29
1,A;B;C;D;E;F;G;H;I;J;K;L,F,1,39,4,FALSE,NA,1,58,57,2055,29
1,A;B;C;D;E;F;G;H;I;J;K;L,L,1,40,4,FALSE,NA,1,58,57,2056,29
1,A;B;C;D;E;F;G;H;I;J;K;L,I,1,41,4,FALSE,NA,1,58,57,2057,29
1,A;B;C;D;E;F;G;H;I;J;K;L,B,1,42,4,FALSE,NA,1,58,57,2058,29
1,A;B;C;D;E;F;G;H;I;J;K;L,J,1,43,4,FALSE,NA,1,58,57,2059,29
1,A;B;C;D;E;F;G;H;I;J;K;L,D,1,44,4,FALSE,NA,1,58,57,2060,29
1,A;B;C;D;E;F;G;H;I;J;K;L,E,1,45,4,FALSE,NA,1,58,57,2061,29
1,A;B;C;D;E;F;G;H;I;J;K;L,A,1,46,4,FALSE,NA,1,58,57,2062,29
1,A;B;C;D;E;F;G;H;I;J;K;L,G,1,47,4,FALSE,NA,1,58,57,2063,29
1,A;B;C;D;E;F;G;H;I;J;K;L,K,1,48,4,FALSE,NA,1,58,57,2064,29
1,A;B;C;D;E;F;G;H;I;J;K;L,E,1,49,5,FALSE,NA,1,58,57,2065,29
1,A;B;C;D;E;F;G;H;I;J;K;L,G,1,50,5,FALSE,NA,1,58,57,2066,29
1,A;B;C;D;E;F;G;H;I;J;K;L,D,1,51,5,FALSE,NA,1,58,57,2067,29
1,A;B;C;D;E;F;G;H;I;J;K;L,B,1,52,5,FALSE,NA,1,58,57,2068,29
1,A;B;C;D;E;F;G;H;I;J;K;L,J,1,53,5,FALSE,NA,1,58,57,2069,29
1,A;B;C;D;E;F;G;H;I;J;K;L,C,1,54,5,FALSE,NA,1,58,57,2070,29
1,A;B;C;D;E;F;G;H;I;J;K;L,F,1,55,5,FALSE,NA,1,58,57,2071,29
1,A;B;C;D;E;F;G;H;I;J;K;L,H,1,56,5,FALSE,NA,1,58,57,2072,29
1,A;B;C;D;E;F;G;H;I;J;K;L,I,1,57,5,FALSE,NA,1,58,57,2073,29
1,A;B;C;D;E;F;G;H;I;J;K;L,K,1,58,5,FALSE,NA,1,58,57,2074,29
1,A;B;C;D;E;F;G;H;I;J;K;L,A,1,59,5,FALSE,NA,1,58,57,2075,29
1,A;B;C;D;E;F;G;H;I;J;K;L,L,1,60,5,FALSE,NA,1,58,57,2076,29
1,A;B;C;D;E;F;G;H;I;J;K;L,F,1,61,6,FALSE,NA,1,58,57,2077,29
1,A;B;C;D;E;F;G;H;I;J;K;L,J,1,62,6,FALSE,NA,1,58,57,2078,29
1,A;B;C;D;E;F;G;H;I;J;K;L,D,1,63,6,FALSE,NA,1,58,57,2079,29
1,A;B;C;D;E;F;G;H;I;J;K;L,C,1,64,6,FALSE,NA,1,58,57,2080,29
1,A;B;C;D;E;F;G;H;I;J;K;L,E,1,65,6,FALSE,NA,1,58,57,2081,29
1,A;B;C;D;E;F;G;H;I;J;K;L,I,1,66,6,FALSE,NA,1,58,57,2082,29
1,A;B;C;D;E;F;G;H;I;J;K;L,K,1,67,6,FALSE,NA,1,58,57,2083,29
1,A;B;C;D;E;F;G;H;I;J;K;L,H,1,68,6,FALSE,NA,1,58,57,2084,29
1,A;B;C;D;E;F;G;H;I;J;K;L,A,1,69,6,FALSE,NA,1,58,57,2085,29
1,A;B;C;D;E;F;G;H;I;J;K;L,L,1,70,6,FALSE,NA,1,58,57,2086,29
1,A;B;C;D;E;F;G;H;I;J;K;L,G,1,71,6,FALSE,NA,1,58,57,2087,29
1,A;B;C;D;E;F;G;H;I;J;K;L,B,1,72,6,FALSE,NA,1,58,57,2088,29
1,A;B;C;D;E;F;G;H;I;J;K;L,E,1,1,1,FALSE,NA,1,60,59,2089,30
1,A;B;C;D;E;F;G;H;I;J;K;L,B,1,2,1,FALSE,NA,1,60,59,2090,30
1,A;B;C;D;E;F;G;H;I;J;K;L,D,1,3,1,FALSE,NA,1,60,59,2091,30
1,A;B;C;D;E;F;G;H;I;J;K;L,I,1,4,1,FALSE,NA,1,60,59,2092,30
1,A;B;C;D;E;F;G;H;I;J;K;L,L,1,5,1,FALSE,NA,1,60,59,2093,30
1,A;B;C;D;E;F;G;H;I;J;K;L,J,1,6,1,FALSE,NA,1,60,59,2094,30
1,A;B;C;D;E;F;G;H;I;J;K;L,F,1,7,1,FALSE,NA,1,60,59,2095,30
1,A;B;C;D;E;F;G;H;I;J;K;L,A,1,8,1,FALSE,NA,1,60,59,2096,30
1,A;B;C;D;E;F;G;H;I;J;K;L,K,1,9,1,FALSE,NA,1,60,59,2097,30
1,A;B;C;D;E;F;G;H;I;J;K;L,C,1,10,1,FALSE,NA,1,60,59,2098,30
1,A;B;C;D;E;F;G;H;I;J;K;L,G,1,11,1,FALSE,NA,1,60,59,2099,30
1,A;B;C;D;E;F;G;H;I;J;K;L,H,1,12,1,FALSE,NA,1,60,59,2100,30
1,A;B;C;D;E;F;G;H;I;J;K;L,L,1,13,2,FALSE,NA,1,60,59,2101,30
1,A;B;C;D;E;F;G;H;I;J;K;L,J,1,14,2,FALSE,NA,1,60,59,2102,30
1,A;B;C;D;E;F;G;H;I;J;K;L,I,1,15,2,FALSE,NA,1,60,59,2103,30
1,A;B;C;D;E;F;G;H;I;J;K;L,C,1,16,2,FALSE,NA,1,60,59,2104,30
1,A;B;C;D;E;F;G;H;I;J;K;L,K,1,17,2,FALSE,NA,1,60,59,2105,30
1,A;B;C;D;E;F;G;H;I;J;K;L,G,1,18,2,FALSE,NA,1,60,59,2106,30
1,A;B;C;D;E;F;G;H;I;J;K;L,A,1,19,2,FALSE,NA,1,60,59,2107,30
1,A;B;C;D;E;F;G;H;I;J;K;L,B,1,20,2,FALSE,NA,1,60,59,2108,30
1,A;B;C;D;E;F;G;H;I;J;K;L,E,1,21,2,FALSE,NA,1,60,59,2109,30
1,A;B;C;D;E;F;G;H;I;J;K;L,H,1,22,2,FALSE,NA,1,60,59,2110,30
1,A;B;C;D;E;F;G;H;I;J;K;L,F,1,23,2,FALSE,NA,1,60,59,2111,30
1,A;B;C;D;E;F;G;H;I;J;K;L,D,1,24,2,FALSE,NA,1,60,59,2112,30
1,A;B;C;D;E;F;G;H;I;J;K;L,D,1,25,3,FALSE,NA,1,60,59,2113,30
1,A;B;C;D;E;F;G;H;I;J;K;L,I,1,26,3,FALSE,NA,1,60,59,2114,30
1,A;B;C;D;E;F;G;H;I;J;K;L,K,1,27,3,FALSE,NA,1,60,59,2115,30
1,A;B;C;D;E;F;G;H;I;J;K;L,J,1,28,3,FALSE,NA,1,60,59,2116,30
1,A;B;C;D;E;F;G;H;I;J;K;L,F,1,29,3,FALSE,NA,1,60,59,2117,30
1,A;B;C;D;E;F;G;H;I;J;K;L,G,1,30,3,FALSE,NA,1,60,59,2118,30
1,A;B;C;D;E;F;G;H;I;J;K;L,E,1,31,3,FALSE,NA,1,60,59,2119,30
1,A;B;C;D;E;F;G;H;I;J;K;L,H,1,32,3,FALSE,NA,1,60,59,2120,30
1,A;B;C;D;E;F;G;H;I;J;K;L,A,1,33,3,FALSE,NA,1,60,59,2121,30
1,A;B;C;D;E;F;G;H;I;J;K;L,C,1,34,3,FALSE,NA,1,60,59,2122,30
1,A;B;C;D;E;F;G;H;I;J;K;L,B,1,35,3,FALSE,NA,1,60,59,2123,30
1,A;B;C;D;E;F;G;H;I;J;K;L,L,1,36,3,FALSE,NA,1,60,59,2124,30
1,A;B;C;D;E;F;G;H;I;J;K;L,L,1,37,4,FALSE,NA,1,60,59,2125,30
1,A;B;C;D;E;F;G;H;I;J;K;L,B,1,38,4,FALSE,NA,1,60,59,2126,30
1,A;B;C;D;E;F;G;H;I;J;K;L,D,1,39,4,FALSE,NA,1,60,59,2127,30
1,A;B;C;D;E;F;G;H;I;J;K;L,A,1,40,4,FALSE,NA,1,60,59,2128,30
1,A;B;C;D;E;F;G;H;I;J;K;L,K,1,41,4,FALSE,NA,1,60,59,2129,30
1,A;B;C;D;E;F;G;H;I;J;K;L,E,1,42,4,FALSE,NA,1,60,59,2130,30
1,A;B;C;D;E;F;G;H;I;J;K;L,H,1,43,4,FALSE,NA,1,60,59,2131,30
1,A;B;C;D;E;F;G;H;I;J;K;L,G,1,44,4,FALSE,NA,1,60,59,2132,30
1,A;B;C;D;E;F;G;H;I;J;K;L,I,1,45,4,FALSE,NA,1,60,59,2133,30
1,A;B;C;D;E;F;G;H;I;J;K;L,C,1,46,4,FALSE,NA,1,60,59,2134,30
1,A;B;C;D;E;F;G;H;I;J;K;L,J,1,47,4,FALSE,NA,1,60,59,2135,30
1,A;B;C;D;E;F;G;H;I;J;K;L,F,1,48,4,FALSE,NA,1,60,59,2136,30
1,A;B;C;D;E;F;G;H;I;J;K;L,K,1,49,5,FALSE,NA,1,60,59,2137,30
1,A;B;C;D;E;F;G;H;I;J;K;L,L,1,50,5,FALSE,NA,1,60,59,2138,30
1,A;B;C;D;E;F;G;H;I;J;K;L,C,1,51,5,FALSE,NA,1,60,59,2139,30
1,A;B;C;D;E;F;G;H;I;J;K;L,E,1,52,5,FALSE,NA,1,60,59,2140,30
1,A;B;C;D;E;F;G;H;I;J;K;L,D,1,53,5,FALSE,NA,1,60,59,2141,30
1,A;B;C;D;E;F;G;H;I;J;K;L,G,1,54,5,FALSE,NA,1,60,59,2142,30
1,A;B;C;D;E;F;G;H;I;J;K;L,B,1,55,5,FALSE,NA,1,60,59,2143,30
1,A;B;C;D;E;F;G;H;I;J;K;L,J,1,56,5,FALSE,NA,1,60,59,2144,30
1,A;B;C;D;E;F;G;H;I;J;K;L,F,1,57,5,FALSE,NA,1,60,59,2145,30
1,A;B;C;D;E;F;G;H;I;J;K;L,A,1,58,5,FALSE,NA,1,60,59,2146,30
1,A;B;C;D;E;F;G;H;I;J;K;L,H,1,59,5,FALSE,NA,1,60,59,2147,30
1,A;B;C;D;E;F;G;H;I;J;K;L,I,1,60,5,FALSE,NA,1,60,59,2148,30
1,A;B;C;D;E;F;G;H;I;J;K;L,D,1,61,6,FALSE,NA,1,60,59,2149,30
1,A;B;C;D;E;F;G;H;I;J;K;L,F,1,62,6,FALSE,NA,1,60,59,2150,30
1,A;B;C;D;E;F;G;H;I;J;K;L,J,1,63,6,FALSE,NA,1,60,59,2151,30
1,A;B;C;D;E;F;G;H;I;J;K;L,K,1,64,6,FALSE,NA,1,60,59,2152,30
1,A;B;C;D;E;F;G;H;I;J;K;L,G,1,65,6,FALSE,NA,1,60,59,2153,30
1,A;B;C;D;E;F;G;H;I;J;K;L,B,1,66,6,FALSE,NA,1,60,59,2154,30
1,A;B;C;D;E;F;G;H;I;J;K;L,A,1,67,6,FALSE,NA,1,60,59,2155,30
1,A;B;C;D;E;F;G;H;I;J;K;L,E,1,68,6,FALSE,NA,1,60,59,2156,30
1,A;B;C;D;E;F;G;H;I;J;K;L,L,1,69,6,FALSE,NA,1,60,59,2157,30
1,A;B;C;D;E;F;G;H;I;J;K;L,H,1,70,6,FALSE,NA,1,60,59,2158,30
1,A;B;C;D;E;F;G;H;I;J;K;L,I,1,71,6,FALSE,NA,1,60,59,2159,30
1,A;B;C;D;E;F;G;H;I;J;K;L,C,1,72,6,FALSE,NA,1,60,59,2160,30
1,A;B;C;D;E;F;G;H;I;J;K;L,G,1,1,1,TRUE,incomplete game; low accuracy game,1,62,61,2161,31
1,A;B;C;D;E;F;G;H;I;J;K;L,F,1,2,1,TRUE,incomplete game; low accuracy game,1,62,61,2162,31
1,A;B;C;D;E;F;G;H;I;J;K;L,K,1,3,1,TRUE,incomplete game; low accuracy game,1,62,61,2163,31
1,A;B;C;D;E;F;G;H;I;J;K;L,E,1,4,1,TRUE,incomplete game; low accuracy game,1,62,61,2164,31
1,A;B;C;D;E;F;G;H;I;J;K;L,A,1,5,1,TRUE,incomplete game; low accuracy game,1,62,61,2165,31
1,A;B;C;D;E;F;G;H;I;J;K;L,B,1,6,1,TRUE,incomplete game; low accuracy game,1,62,61,2166,31
1,A;B;C;D;E;F;G;H;I;J;K;L,C,1,7,1,TRUE,incomplete game; low accuracy game,1,62,61,2167,31
1,A;B;C;D;E;F;G;H;I;J;K;L,J,1,8,1,TRUE,incomplete game; low accuracy game,1,62,61,2168,31
1,A;B;C;D;E;F;G;H;I;J;K;L,D,1,9,1,TRUE,incomplete game; low accuracy game,1,62,61,2169,31
1,A;B;C;D;E;F;G;H;I;J;K;L,L,1,10,1,TRUE,incomplete game; low accuracy game,1,62,61,2170,31
1,A;B;C;D;E;F;G;H;I;J;K;L,I,1,11,1,TRUE,incomplete game; low accuracy game,1,62,61,2171,31
1,A;B;C;D;E;F;G;H;I;J;K;L,H,1,12,1,TRUE,incomplete game; low accuracy game,1,62,61,2172,31
1,A;B;C;D;E;F;G;H;I;J;K;L,I,1,13,2,TRUE,incomplete game; low accuracy game,1,62,61,2173,31
1,A;B;C;D;E;F;G;H;I;J;K;L,C,1,14,2,TRUE,incomplete game; low accuracy game,1,62,61,2174,31
1,A;B;C;D;E;F;G;H;I;J;K;L,A,1,15,2,TRUE,incomplete game; low accuracy game,1,62,61,2175,31
1,A;B;C;D;E;F;G;H;I;J;K;L,D,1,16,2,TRUE,incomplete game; low accuracy game,1,62,61,2176,31
1,A;B;C;D;E;F;G;H;I;J;K;L,F,1,17,2,TRUE,incomplete game; low accuracy game,1,62,61,2177,31
1,A;B;C;D;E;F;G;H;I;J;K;L,H,1,18,2,TRUE,incomplete game; low accuracy game,1,62,61,2178,31
1,A;B;C;D;E;F;G;H;I;J;K;L,J,1,19,2,TRUE,incomplete game; low accuracy game,1,62,61,2179,31
1,A;B;C;D;E;F;G;H;I;J;K;L,K,1,20,2,TRUE,incomplete game; low accuracy game,1,62,61,2180,31
1,A;B;C;D;E;F;G;H;I;J;K;L,E,1,21,2,TRUE,incomplete game; low accuracy game,1,62,61,2181,31
1,A;B;C;D;E;F;G;H;I;J;K;L,B,1,22,2,TRUE,incomplete game; low accuracy game,1,62,61,2182,31
1,A;B;C;D;E;F;G;H;I;J;K;L,G,1,23,2,TRUE,incomplete game; low accuracy game,1,62,61,2183,31
1,A;B;C;D;E;F;G;H;I;J;K;L,L,1,24,2,TRUE,incomplete game; low accuracy game,1,62,61,2184,31
1,A;B;C;D;E;F;G;H;I;J;K;L,G,1,25,3,TRUE,incomplete game; low accuracy game,1,62,61,2185,31
1,A;B;C;D;E;F;G;H;I;J;K;L,F,1,26,3,TRUE,incomplete game; low accuracy game,1,62,61,2186,31
1,A;B;C;D;E;F;G;H;I;J;K;L,D,1,27,3,TRUE,incomplete game; low accuracy game,1,62,61,2187,31
1,A;B;C;D;E;F;G;H;I;J;K;L,E,1,28,3,TRUE,incomplete game; low accuracy game,1,62,61,2188,31
1,A;B;C;D;E;F;G;H;I;J;K;L,K,1,29,3,TRUE,incomplete game; low accuracy game,1,62,61,2189,31
1,A;B;C;D;E;F;G;H;I;J;K;L,H,1,30,3,TRUE,incomplete game; low accuracy game,1,62,61,2190,31
1,A;B;C;D;E;F;G;H;I;J;K;L,I,1,31,3,TRUE,incomplete game; low accuracy game,1,62,61,2191,31
1,A;B;C;D;E;F;G;H;I;J;K;L,J,1,32,3,TRUE,incomplete game; low accuracy game,1,62,61,2192,31
1,A;B;C;D;E;F;G;H;I;J;K;L,C,1,33,3,TRUE,incomplete game; low accuracy game,1,62,61,2193,31
1,A;B;C;D;E;F;G;H;I;J;K;L,L,1,34,3,TRUE,incomplete game; low accuracy game,1,62,61,2194,31
1,A;B;C;D;E;F;G;H;I;J;K;L,A,1,35,3,TRUE,incomplete game; low accuracy game,1,62,61,2195,31
1,A;B;C;D;E;F;G;H;I;J;K;L,B,1,36,3,TRUE,incomplete game; low accuracy game,1,62,61,2196,31
1,A;B;C;D;E;F;G;H;I;J;K;L,A,1,49,5,TRUE,incomplete game; low accuracy game,1,62,61,2197,31
1,A;B;C;D;E;F;G;H;I;J;K;L,F,1,50,5,TRUE,incomplete game; low accuracy game,1,62,61,2198,31
1,A;B;C;D;E;F;G;H;I;J;K;L,H,1,51,5,TRUE,incomplete game; low accuracy game,1,62,61,2199,31
1,A;B;C;D;E;F;G;H;I;J;K;L,K,1,52,5,TRUE,incomplete game; low accuracy game,1,62,61,2200,31
1,A;B;C;D;E;F;G;H;I;J;K;L,I,1,53,5,TRUE,incomplete game; low accuracy game,1,62,61,2201,31
1,A;B;C;D;E;F;G;H;I;J;K;L,C,1,54,5,TRUE,incomplete game; low accuracy game,1,62,61,2202,31
1,A;B;C;D;E;F;G;H;I;J;K;L,G,1,55,5,TRUE,incomplete game; low accuracy game,1,62,61,2203,31
1,A;B;C;D;E;F;G;H;I;J;K;L,J,1,56,5,TRUE,incomplete game; low accuracy game,1,62,61,2204,31
1,A;B;C;D;E;F;G;H;I;J;K;L,D,1,57,5,TRUE,incomplete game; low accuracy game,1,62,61,2205,31
1,A;B;C;D;E;F;G;H;I;J;K;L,L,1,58,5,TRUE,incomplete game; low accuracy game,1,62,61,2206,31
1,A;B;C;D;E;F;G;H;I;J;K;L,B,1,59,5,TRUE,incomplete game; low accuracy game,1,62,61,2207,31
1,A;B;C;D;E;F;G;H;I;J;K;L,E,1,60,5,TRUE,incomplete game; low accuracy game,1,62,61,2208,31
1,A;B;C;D;E;F;G;H;I;J;K;L,G,1,61,6,TRUE,incomplete game; low accuracy game,1,62,61,2209,31
1,A;B;C;D;E;F;G;H;I;J;K;L,K,1,62,6,TRUE,incomplete game; low accuracy game,1,62,61,2210,31
1,A;B;C;D;E;F;G;H;I;J;K;L,D,1,63,6,TRUE,incomplete game; low accuracy game,1,62,61,2211,31
1,A;B;C;D;E;F;G;H;I;J;K;L,I,1,64,6,TRUE,incomplete game; low accuracy game,1,62,61,2212,31
1,A;B;C;D;E;F;G;H;I;J;K;L,C,1,65,6,TRUE,incomplete game; low accuracy game,1,62,61,2213,31
1,A;B;C;D;E;F;G;H;I;J;K;L,A,1,66,6,TRUE,incomplete game; low accuracy game,1,62,61,2214,31
1,A;B;C;D;E;F;G;H;I;J;K;L,L,1,67,6,TRUE,incomplete game; low accuracy game,1,62,61,2215,31
1,A;B;C;D;E;F;G;H;I;J;K;L,B,1,68,6,TRUE,incomplete game; low accuracy game,1,62,61,2216,31
1,A;B;C;D;E;F;G;H;I;J;K;L,F,1,69,6,TRUE,incomplete game; low accuracy game,1,62,61,2217,31
1,A;B;C;D;E;F;G;H;I;J;K;L,H,1,70,6,TRUE,incomplete game; low accuracy game,1,62,61,2218,31
1,A;B;C;D;E;F;G;H;I;J;K;L,E,1,71,6,TRUE,incomplete game; low accuracy game,1,62,61,2219,31
1,A;B;C;D;E;F;G;H;I;J;K;L,J,1,72,6,TRUE,incomplete game; low accuracy game,1,62,61,2220,31
1,A;B;C;D;E;F;G;H;I;J;K;L,C,1,1,1,FALSE,NA,1,64,63,2221,32
1,A;B;C;D;E;F;G;H;I;J;K;L,H,1,2,1,FALSE,NA,1,64,63,2222,32
1,A;B;C;D;E;F;G;H;I;J;K;L,B,1,3,1,FALSE,NA,1,64,63,2223,32
1,A;B;C;D;E;F;G;H;I;J;K;L,E,1,4,1,FALSE,NA,1,64,63,2224,32
1,A;B;C;D;E;F;G;H;I;J;K;L,G,1,5,1,FALSE,NA,1,64,63,2225,32
1,A;B;C;D;E;F;G;H;I;J;K;L,K,1,6,1,FALSE,NA,1,64,63,2226,32
1,A;B;C;D;E;F;G;H;I;J;K;L,F,1,7,1,FALSE,NA,1,64,63,2227,32
1,A;B;C;D;E;F;G;H;I;J;K;L,J,1,8,1,FALSE,NA,1,64,63,2228,32
1,A;B;C;D;E;F;G;H;I;J;K;L,D,1,9,1,FALSE,NA,1,64,63,2229,32
1,A;B;C;D;E;F;G;H;I;J;K;L,I,1,10,1,FALSE,NA,1,64,63,2230,32
1,A;B;C;D;E;F;G;H;I;J;K;L,A,1,11,1,FALSE,NA,1,64,63,2231,32
1,A;B;C;D;E;F;G;H;I;J;K;L,L,1,12,1,FALSE,NA,1,64,63,2232,32
1,A;B;C;D;E;F;G;H;I;J;K;L,C,1,13,2,FALSE,NA,1,64,63,2233,32
1,A;B;C;D;E;F;G;H;I;J;K;L,A,1,14,2,FALSE,NA,1,64,63,2234,32
1,A;B;C;D;E;F;G;H;I;J;K;L,D,1,15,2,FALSE,NA,1,64,63,2235,32
1,A;B;C;D;E;F;G;H;I;J;K;L,B,1,16,2,FALSE,NA,1,64,63,2236,32
1,A;B;C;D;E;F;G;H;I;J;K;L,F,1,17,2,FALSE,NA,1,64,63,2237,32
1,A;B;C;D;E;F;G;H;I;J;K;L,G,1,18,2,FALSE,NA,1,64,63,2238,32
1,A;B;C;D;E;F;G;H;I;J;K;L,E,1,19,2,FALSE,NA,1,64,63,2239,32
1,A;B;C;D;E;F;G;H;I;J;K;L,J,1,20,2,FALSE,NA,1,64,63,2240,32
1,A;B;C;D;E;F;G;H;I;J;K;L,I,1,21,2,FALSE,NA,1,64,63,2241,32
1,A;B;C;D;E;F;G;H;I;J;K;L,K,1,22,2,FALSE,NA,1,64,63,2242,32
1,A;B;C;D;E;F;G;H;I;J;K;L,L,1,23,2,FALSE,NA,1,64,63,2243,32
1,A;B;C;D;E;F;G;H;I;J;K;L,H,1,24,2,FALSE,NA,1,64,63,2244,32
1,A;B;C;D;E;F;G;H;I;J;K;L,B,1,25,3,FALSE,NA,1,64,63,2245,32
1,A;B;C;D;E;F;G;H;I;J;K;L,H,1,26,3,FALSE,NA,1,64,63,2246,32
1,A;B;C;D;E;F;G;H;I;J;K;L,D,1,27,3,FALSE,NA,1,64,63,2247,32
1,A;B;C;D;E;F;G;H;I;J;K;L,A,1,28,3,FALSE,NA,1,64,63,2248,32
1,A;B;C;D;E;F;G;H;I;J;K;L,F,1,29,3,FALSE,NA,1,64,63,2249,32
1,A;B;C;D;E;F;G;H;I;J;K;L,G,1,30,3,FALSE,NA,1,64,63,2250,32
1,A;B;C;D;E;F;G;H;I;J;K;L,K,1,31,3,FALSE,NA,1,64,63,2251,32
1,A;B;C;D;E;F;G;H;I;J;K;L,E,1,32,3,FALSE,NA,1,64,63,2252,32
1,A;B;C;D;E;F;G;H;I;J;K;L,L,1,33,3,FALSE,NA,1,64,63,2253,32
1,A;B;C;D;E;F;G;H;I;J;K;L,J,1,34,3,FALSE,NA,1,64,63,2254,32
1,A;B;C;D;E;F;G;H;I;J;K;L,I,1,35,3,FALSE,NA,1,64,63,2255,32
1,A;B;C;D;E;F;G;H;I;J;K;L,C,1,36,3,FALSE,NA,1,64,63,2256,32
1,A;B;C;D;E;F;G;H;I;J;K;L,B,1,37,4,FALSE,NA,1,64,63,2257,32
1,A;B;C;D;E;F;G;H;I;J;K;L,C,1,38,4,FALSE,NA,1,64,63,2258,32
1,A;B;C;D;E;F;G;H;I;J;K;L,D,1,39,4,FALSE,NA,1,64,63,2259,32
1,A;B;C;D;E;F;G;H;I;J;K;L,G,1,40,4,FALSE,NA,1,64,63,2260,32
1,A;B;C;D;E;F;G;H;I;J;K;L,F,1,41,4,FALSE,NA,1,64,63,2261,32
1,A;B;C;D;E;F;G;H;I;J;K;L,L,1,42,4,FALSE,NA,1,64,63,2262,32
1,A;B;C;D;E;F;G;H;I;J;K;L,K,1,43,4,FALSE,NA,1,64,63,2263,32
1,A;B;C;D;E;F;G;H;I;J;K;L,A,1,44,4,FALSE,NA,1,64,63,2264,32
1,A;B;C;D;E;F;G;H;I;J;K;L,H,1,45,4,FALSE,NA,1,64,63,2265,32
1,A;B;C;D;E;F;G;H;I;J;K;L,I,1,46,4,FALSE,NA,1,64,63,2266,32
1,A;B;C;D;E;F;G;H;I;J;K;L,J,1,47,4,FALSE,NA,1,64,63,2267,32
1,A;B;C;D;E;F;G;H;I;J;K;L,E,1,48,4,FALSE,NA,1,64,63,2268,32
1,A;B;C;D;E;F;G;H;I;J;K;L,F,1,49,5,FALSE,NA,1,64,63,2269,32
1,A;B;C;D;E;F;G;H;I;J;K;L,J,1,50,5,FALSE,NA,1,64,63,2270,32
1,A;B;C;D;E;F;G;H;I;J;K;L,I,1,51,5,FALSE,NA,1,64,63,2271,32
1,A;B;C;D;E;F;G;H;I;J;K;L,G,1,52,5,FALSE,NA,1,64,63,2272,32
1,A;B;C;D;E;F;G;H;I;J;K;L,K,1,53,5,FALSE,NA,1,64,63,2273,32
1,A;B;C;D;E;F;G;H;I;J;K;L,D,1,54,5,FALSE,NA,1,64,63,2274,32
1,A;B;C;D;E;F;G;H;I;J;K;L,C,1,55,5,FALSE,NA,1,64,63,2275,32
1,A;B;C;D;E;F;G;H;I;J;K;L,A,1,56,5,FALSE,NA,1,64,63,2276,32
1,A;B;C;D;E;F;G;H;I;J;K;L,H,1,57,5,FALSE,NA,1,64,63,2277,32
1,A;B;C;D;E;F;G;H;I;J;K;L,B,1,58,5,FALSE,NA,1,64,63,2278,32
1,A;B;C;D;E;F;G;H;I;J;K;L,E,1,59,5,FALSE,NA,1,64,63,2279,32
1,A;B;C;D;E;F;G;H;I;J;K;L,L,1,60,5,FALSE,NA,1,64,63,2280,32
1,A;B;C;D;E;F;G;H;I;J;K;L,J,1,61,6,FALSE,NA,1,64,63,2281,32
1,A;B;C;D;E;F;G;H;I;J;K;L,F,1,62,6,FALSE,NA,1,64,63,2282,32
1,A;B;C;D;E;F;G;H;I;J;K;L,G,1,63,6,FALSE,NA,1,64,63,2283,32
1,A;B;C;D;E;F;G;H;I;J;K;L,B,1,64,6,FALSE,NA,1,64,63,2284,32
1,A;B;C;D;E;F;G;H;I;J;K;L,A,1,65,6,FALSE,NA,1,64,63,2285,32
1,A;B;C;D;E;F;G;H;I;J;K;L,H,1,66,6,FALSE,NA,1,64,63,2286,32
1,A;B;C;D;E;F;G;H;I;J;K;L,K,1,67,6,FALSE,NA,1,64,63,2287,32
1,A;B;C;D;E;F;G;H;I;J;K;L,L,1,68,6,FALSE,NA,1,64,63,2288,32
1,A;B;C;D;E;F;G;H;I;J;K;L,D,1,69,6,FALSE,NA,1,64,63,2289,32
1,A;B;C;D;E;F;G;H;I;J;K;L,E,1,70,6,FALSE,NA,1,64,63,2290,32
1,A;B;C;D;E;F;G;H;I;J;K;L,I,1,71,6,FALSE,NA,1,64,63,2291,32
1,A;B;C;D;E;F;G;H;I;J;K;L,C,1,72,6,FALSE,NA,1,64,63,2292,32
1,A;B;C;D;E;F;G;H;I;J;K;L,K,1,1,1,FALSE,NA,1,66,65,2293,33
1,A;B;C;D;E;F;G;H;I;J;K;L,I,1,2,1,FALSE,NA,1,66,65,2294,33
1,A;B;C;D;E;F;G;H;I;J;K;L,E,1,3,1,FALSE,NA,1,66,65,2295,33
1,A;B;C;D;E;F;G;H;I;J;K;L,F,1,4,1,FALSE,NA,1,66,65,2296,33
1,A;B;C;D;E;F;G;H;I;J;K;L,C,1,5,1,FALSE,NA,1,66,65,2297,33
1,A;B;C;D;E;F;G;H;I;J;K;L,D,1,6,1,FALSE,NA,1,66,65,2298,33
1,A;B;C;D;E;F;G;H;I;J;K;L,L,1,7,1,FALSE,NA,1,66,65,2299,33
1,A;B;C;D;E;F;G;H;I;J;K;L,B,1,8,1,FALSE,NA,1,66,65,2300,33
1,A;B;C;D;E;F;G;H;I;J;K;L,J,1,9,1,FALSE,NA,1,66,65,2301,33
1,A;B;C;D;E;F;G;H;I;J;K;L,G,1,10,1,FALSE,NA,1,66,65,2302,33
1,A;B;C;D;E;F;G;H;I;J;K;L,H,1,11,1,FALSE,NA,1,66,65,2303,33
1,A;B;C;D;E;F;G;H;I;J;K;L,A,1,12,1,FALSE,NA,1,66,65,2304,33
1,A;B;C;D;E;F;G;H;I;J;K;L,E,1,13,2,FALSE,NA,1,66,65,2305,33
1,A;B;C;D;E;F;G;H;I;J;K;L,L,1,14,2,FALSE,NA,1,66,65,2306,33
1,A;B;C;D;E;F;G;H;I;J;K;L,J,1,15,2,FALSE,NA,1,66,65,2307,33
1,A;B;C;D;E;F;G;H;I;J;K;L,H,1,16,2,FALSE,NA,1,66,65,2308,33
1,A;B;C;D;E;F;G;H;I;J;K;L,I,1,17,2,FALSE,NA,1,66,65,2309,33
1,A;B;C;D;E;F;G;H;I;J;K;L,G,1,18,2,FALSE,NA,1,66,65,2310,33
1,A;B;C;D;E;F;G;H;I;J;K;L,A,1,19,2,FALSE,NA,1,66,65,2311,33
1,A;B;C;D;E;F;G;H;I;J;K;L,D,1,20,2,FALSE,NA,1,66,65,2312,33
1,A;B;C;D;E;F;G;H;I;J;K;L,B,1,21,2,FALSE,NA,1,66,65,2313,33
1,A;B;C;D;E;F;G;H;I;J;K;L,C,1,22,2,FALSE,NA,1,66,65,2314,33
1,A;B;C;D;E;F;G;H;I;J;K;L,F,1,23,2,FALSE,NA,1,66,65,2315,33
1,A;B;C;D;E;F;G;H;I;J;K;L,K,1,24,2,FALSE,NA,1,66,65,2316,33
1,A;B;C;D;E;F;G;H;I;J;K;L,E,1,25,3,FALSE,NA,1,66,65,2317,33
1,A;B;C;D;E;F;G;H;I;J;K;L,C,1,26,3,FALSE,NA,1,66,65,2318,33
1,A;B;C;D;E;F;G;H;I;J;K;L,A,1,27,3,FALSE,NA,1,66,65,2319,33
1,A;B;C;D;E;F;G;H;I;J;K;L,B,1,28,3,FALSE,NA,1,66,65,2320,33
1,A;B;C;D;E;F;G;H;I;J;K;L,G,1,29,3,FALSE,NA,1,66,65,2321,33
1,A;B;C;D;E;F;G;H;I;J;K;L,I,1,30,3,FALSE,NA,1,66,65,2322,33
1,A;B;C;D;E;F;G;H;I;J;K;L,D,1,31,3,FALSE,NA,1,66,65,2323,33
1,A;B;C;D;E;F;G;H;I;J;K;L,L,1,32,3,FALSE,NA,1,66,65,2324,33
1,A;B;C;D;E;F;G;H;I;J;K;L,K,1,33,3,FALSE,NA,1,66,65,2325,33
1,A;B;C;D;E;F;G;H;I;J;K;L,J,1,34,3,FALSE,NA,1,66,65,2326,33
1,A;B;C;D;E;F;G;H;I;J;K;L,H,1,35,3,FALSE,NA,1,66,65,2327,33
1,A;B;C;D;E;F;G;H;I;J;K;L,F,1,36,3,FALSE,NA,1,66,65,2328,33
1,A;B;C;D;E;F;G;H;I;J;K;L,K,1,37,4,FALSE,NA,1,66,65,2329,33
1,A;B;C;D;E;F;G;H;I;J;K;L,B,1,38,4,FALSE,NA,1,66,65,2330,33
1,A;B;C;D;E;F;G;H;I;J;K;L,G,1,39,4,FALSE,NA,1,66,65,2331,33
1,A;B;C;D;E;F;G;H;I;J;K;L,E,1,40,4,FALSE,NA,1,66,65,2332,33
1,A;B;C;D;E;F;G;H;I;J;K;L,A,1,41,4,FALSE,NA,1,66,65,2333,33
1,A;B;C;D;E;F;G;H;I;J;K;L,H,1,42,4,FALSE,NA,1,66,65,2334,33
1,A;B;C;D;E;F;G;H;I;J;K;L,J,1,43,4,FALSE,NA,1,66,65,2335,33
1,A;B;C;D;E;F;G;H;I;J;K;L,D,1,44,4,FALSE,NA,1,66,65,2336,33
1,A;B;C;D;E;F;G;H;I;J;K;L,L,1,45,4,FALSE,NA,1,66,65,2337,33
1,A;B;C;D;E;F;G;H;I;J;K;L,I,1,46,4,FALSE,NA,1,66,65,2338,33
1,A;B;C;D;E;F;G;H;I;J;K;L,C,1,47,4,FALSE,NA,1,66,65,2339,33
1,A;B;C;D;E;F;G;H;I;J;K;L,F,1,48,4,FALSE,NA,1,66,65,2340,33
1,A;B;C;D;E;F;G;H;I;J;K;L,L,1,49,5,FALSE,NA,1,66,65,2341,33
1,A;B;C;D;E;F;G;H;I;J;K;L,H,1,50,5,FALSE,NA,1,66,65,2342,33
1,A;B;C;D;E;F;G;H;I;J;K;L,K,1,51,5,FALSE,NA,1,66,65,2343,33
1,A;B;C;D;E;F;G;H;I;J;K;L,F,1,52,5,FALSE,NA,1,66,65,2344,33
1,A;B;C;D;E;F;G;H;I;J;K;L,A,1,53,5,FALSE,NA,1,66,65,2345,33
1,A;B;C;D;E;F;G;H;I;J;K;L,C,1,54,5,FALSE,NA,1,66,65,2346,33
1,A;B;C;D;E;F;G;H;I;J;K;L,G,1,55,5,FALSE,NA,1,66,65,2347,33
1,A;B;C;D;E;F;G;H;I;J;K;L,D,1,56,5,FALSE,NA,1,66,65,2348,33
1,A;B;C;D;E;F;G;H;I;J;K;L,I,1,57,5,FALSE,NA,1,66,65,2349,33
1,A;B;C;D;E;F;G;H;I;J;K;L,B,1,58,5,FALSE,NA,1,66,65,2350,33
1,A;B;C;D;E;F;G;H;I;J;K;L,J,1,59,5,FALSE,NA,1,66,65,2351,33
1,A;B;C;D;E;F;G;H;I;J;K;L,E,1,60,5,FALSE,NA,1,66,65,2352,33
1,A;B;C;D;E;F;G;H;I;J;K;L,B,1,61,6,FALSE,NA,1,66,65,2353,33
1,A;B;C;D;E;F;G;H;I;J;K;L,J,1,62,6,FALSE,NA,1,66,65,2354,33
1,A;B;C;D;E;F;G;H;I;J;K;L,E,1,63,6,FALSE,NA,1,66,65,2355,33
1,A;B;C;D;E;F;G;H;I;J;K;L,H,1,64,6,FALSE,NA,1,66,65,2356,33
1,A;B;C;D;E;F;G;H;I;J;K;L,G,1,65,6,FALSE,NA,1,66,65,2357,33
1,A;B;C;D;E;F;G;H;I;J;K;L,D,1,66,6,FALSE,NA,1,66,65,2358,33
1,A;B;C;D;E;F;G;H;I;J;K;L,C,1,67,6,FALSE,NA,1,66,65,2359,33
1,A;B;C;D;E;F;G;H;I;J;K;L,L,1,68,6,FALSE,NA,1,66,65,2360,33
1,A;B;C;D;E;F;G;H;I;J;K;L,A,1,69,6,FALSE,NA,1,66,65,2361,33
1,A;B;C;D;E;F;G;H;I;J;K;L,F,1,70,6,FALSE,NA,1,66,65,2362,33
1,A;B;C;D;E;F;G;H;I;J;K;L,K,1,71,6,FALSE,NA,1,66,65,2363,33
1,A;B;C;D;E;F;G;H;I;J;K;L,I,1,72,6,FALSE,NA,1,66,65,2364,33
1,A;B;C;D;E;F;G;H;I;J;K;L,E,1,1,1,TRUE,low accuracy game,1,68,67,2365,34
1,A;B;C;D;E;F;G;H;I;J;K;L,D,1,2,1,TRUE,low accuracy game,1,68,67,2366,34
1,A;B;C;D;E;F;G;H;I;J;K;L,H,1,3,1,TRUE,low accuracy game,1,68,67,2367,34
1,A;B;C;D;E;F;G;H;I;J;K;L,B,1,4,1,TRUE,low accuracy game,1,68,67,2368,34
1,A;B;C;D;E;F;G;H;I;J;K;L,A,1,5,1,TRUE,low accuracy game,1,68,67,2369,34
1,A;B;C;D;E;F;G;H;I;J;K;L,I,1,6,1,TRUE,low accuracy game,1,68,67,2370,34
1,A;B;C;D;E;F;G;H;I;J;K;L,L,1,7,1,TRUE,low accuracy game,1,68,67,2371,34
1,A;B;C;D;E;F;G;H;I;J;K;L,C,1,8,1,TRUE,low accuracy game,1,68,67,2372,34
1,A;B;C;D;E;F;G;H;I;J;K;L,G,1,9,1,TRUE,low accuracy game,1,68,67,2373,34
1,A;B;C;D;E;F;G;H;I;J;K;L,J,1,10,1,TRUE,low accuracy game,1,68,67,2374,34
1,A;B;C;D;E;F;G;H;I;J;K;L,F,1,11,1,TRUE,low accuracy game,1,68,67,2375,34
1,A;B;C;D;E;F;G;H;I;J;K;L,K,1,12,1,TRUE,low accuracy game,1,68,67,2376,34
1,A;B;C;D;E;F;G;H;I;J;K;L,D,1,13,2,TRUE,low accuracy game,1,68,67,2377,34
1,A;B;C;D;E;F;G;H;I;J;K;L,E,1,14,2,TRUE,low accuracy game,1,68,67,2378,34
1,A;B;C;D;E;F;G;H;I;J;K;L,L,1,15,2,TRUE,low accuracy game,1,68,67,2379,34
1,A;B;C;D;E;F;G;H;I;J;K;L,G,1,16,2,TRUE,low accuracy game,1,68,67,2380,34
1,A;B;C;D;E;F;G;H;I;J;K;L,J,1,17,2,TRUE,low accuracy game,1,68,67,2381,34
1,A;B;C;D;E;F;G;H;I;J;K;L,H,1,18,2,TRUE,low accuracy game,1,68,67,2382,34
1,A;B;C;D;E;F;G;H;I;J;K;L,C,1,19,2,TRUE,low accuracy game,1,68,67,2383,34
1,A;B;C;D;E;F;G;H;I;J;K;L,B,1,20,2,TRUE,low accuracy game,1,68,67,2384,34
1,A;B;C;D;E;F;G;H;I;J;K;L,F,1,21,2,TRUE,low accuracy game,1,68,67,2385,34
1,A;B;C;D;E;F;G;H;I;J;K;L,A,1,22,2,TRUE,low accuracy game,1,68,67,2386,34
1,A;B;C;D;E;F;G;H;I;J;K;L,K,1,23,2,TRUE,low accuracy game,1,68,67,2387,34
1,A;B;C;D;E;F;G;H;I;J;K;L,I,1,24,2,TRUE,low accuracy game,1,68,67,2388,34
1,A;B;C;D;E;F;G;H;I;J;K;L,G,1,25,3,TRUE,low accuracy game,1,68,67,2389,34
1,A;B;C;D;E;F;G;H;I;J;K;L,F,1,26,3,TRUE,low accuracy game,1,68,67,2390,34
1,A;B;C;D;E;F;G;H;I;J;K;L,L,1,27,3,TRUE,low accuracy game,1,68,67,2391,34
1,A;B;C;D;E;F;G;H;I;J;K;L,A,1,28,3,TRUE,low accuracy game,1,68,67,2392,34
1,A;B;C;D;E;F;G;H;I;J;K;L,K,1,29,3,TRUE,low accuracy game,1,68,67,2393,34
1,A;B;C;D;E;F;G;H;I;J;K;L,E,1,30,3,TRUE,low accuracy game,1,68,67,2394,34
1,A;B;C;D;E;F;G;H;I;J;K;L,H,1,31,3,TRUE,low accuracy game,1,68,67,2395,34
1,A;B;C;D;E;F;G;H;I;J;K;L,J,1,32,3,TRUE,low accuracy game,1,68,67,2396,34
1,A;B;C;D;E;F;G;H;I;J;K;L,D,1,33,3,TRUE,low accuracy game,1,68,67,2397,34
1,A;B;C;D;E;F;G;H;I;J;K;L,C,1,34,3,TRUE,low accuracy game,1,68,67,2398,34
1,A;B;C;D;E;F;G;H;I;J;K;L,I,1,35,3,TRUE,low accuracy game,1,68,67,2399,34
1,A;B;C;D;E;F;G;H;I;J;K;L,B,1,36,3,TRUE,low accuracy game,1,68,67,2400,34
1,A;B;C;D;E;F;G;H;I;J;K;L,D,1,37,4,TRUE,low accuracy game,1,68,67,2401,34
1,A;B;C;D;E;F;G;H;I;J;K;L,E,1,38,4,TRUE,low accuracy game,1,68,67,2402,34
1,A;B;C;D;E;F;G;H;I;J;K;L,G,1,39,4,TRUE,low accuracy game,1,68,67,2403,34
1,A;B;C;D;E;F;G;H;I;J;K;L,K,1,40,4,TRUE,low accuracy game,1,68,67,2404,34
1,A;B;C;D;E;F;G;H;I;J;K;L,L,1,41,4,TRUE,low accuracy game,1,68,67,2405,34
1,A;B;C;D;E;F;G;H;I;J;K;L,B,1,42,4,TRUE,low accuracy game,1,68,67,2406,34
1,A;B;C;D;E;F;G;H;I;J;K;L,J,1,43,4,TRUE,low accuracy game,1,68,67,2407,34
1,A;B;C;D;E;F;G;H;I;J;K;L,C,1,44,4,TRUE,low accuracy game,1,68,67,2408,34
1,A;B;C;D;E;F;G;H;I;J;K;L,H,1,45,4,TRUE,low accuracy game,1,68,67,2409,34
1,A;B;C;D;E;F;G;H;I;J;K;L,A,1,46,4,TRUE,low accuracy game,1,68,67,2410,34
1,A;B;C;D;E;F;G;H;I;J;K;L,F,1,47,4,TRUE,low accuracy game,1,68,67,2411,34
1,A;B;C;D;E;F;G;H;I;J;K;L,I,1,48,4,TRUE,low accuracy game,1,68,67,2412,34
1,A;B;C;D;E;F;G;H;I;J;K;L,B,1,49,5,TRUE,low accuracy game,1,68,67,2413,34
1,A;B;C;D;E;F;G;H;I;J;K;L,F,1,50,5,TRUE,low accuracy game,1,68,67,2414,34
1,A;B;C;D;E;F;G;H;I;J;K;L,G,1,51,5,TRUE,low accuracy game,1,68,67,2415,34
1,A;B;C;D;E;F;G;H;I;J;K;L,E,1,52,5,TRUE,low accuracy game,1,68,67,2416,34
1,A;B;C;D;E;F;G;H;I;J;K;L,H,1,53,5,TRUE,low accuracy game,1,68,67,2417,34
1,A;B;C;D;E;F;G;H;I;J;K;L,C,1,54,5,TRUE,low accuracy game,1,68,67,2418,34
1,A;B;C;D;E;F;G;H;I;J;K;L,A,1,55,5,TRUE,low accuracy game,1,68,67,2419,34
1,A;B;C;D;E;F;G;H;I;J;K;L,L,1,56,5,TRUE,low accuracy game,1,68,67,2420,34
1,A;B;C;D;E;F;G;H;I;J;K;L,K,1,57,5,TRUE,low accuracy game,1,68,67,2421,34
1,A;B;C;D;E;F;G;H;I;J;K;L,I,1,58,5,TRUE,low accuracy game,1,68,67,2422,34
1,A;B;C;D;E;F;G;H;I;J;K;L,J,1,59,5,TRUE,low accuracy game,1,68,67,2423,34
1,A;B;C;D;E;F;G;H;I;J;K;L,D,1,60,5,TRUE,low accuracy game,1,68,67,2424,34
1,A;B;C;D;E;F;G;H;I;J;K;L,K,1,61,6,TRUE,low accuracy game,1,68,67,2425,34
1,A;B;C;D;E;F;G;H;I;J;K;L,E,1,62,6,TRUE,low accuracy game,1,68,67,2426,34
1,A;B;C;D;E;F;G;H;I;J;K;L,H,1,63,6,TRUE,low accuracy game,1,68,67,2427,34
1,A;B;C;D;E;F;G;H;I;J;K;L,F,1,64,6,TRUE,low accuracy game,1,68,67,2428,34
1,A;B;C;D;E;F;G;H;I;J;K;L,C,1,65,6,TRUE,low accuracy game,1,68,67,2429,34
1,A;B;C;D;E;F;G;H;I;J;K;L,D,1,66,6,TRUE,low accuracy game,1,68,67,2430,34
1,A;B;C;D;E;F;G;H;I;J;K;L,A,1,67,6,TRUE,low accuracy game,1,68,67,2431,34
1,A;B;C;D;E;F;G;H;I;J;K;L,G,1,68,6,TRUE,low accuracy game,1,68,67,2432,34
1,A;B;C;D;E;F;G;H;I;J;K;L,L,1,69,6,TRUE,low accuracy game,1,68,67,2433,34
1,A;B;C;D;E;F;G;H;I;J;K;L,B,1,70,6,TRUE,low accuracy game,1,68,67,2434,34
1,A;B;C;D;E;F;G;H;I;J;K;L,J,1,71,6,TRUE,low accuracy game,1,68,67,2435,34
1,A;B;C;D;E;F;G;H;I;J;K;L,I,1,72,6,TRUE,low accuracy game,1,68,67,2436,34
1,A;B;C;D;E;F;G;H;I;J;K;L,I,1,1,1,FALSE,NA,1,70,69,2437,35
1,A;B;C;D;E;F;G;H;I;J;K;L,B,1,2,1,FALSE,NA,1,70,69,2438,35
1,A;B;C;D;E;F;G;H;I;J;K;L,F,1,3,1,FALSE,NA,1,70,69,2439,35
1,A;B;C;D;E;F;G;H;I;J;K;L,L,1,4,1,FALSE,NA,1,70,69,2440,35
1,A;B;C;D;E;F;G;H;I;J;K;L,C,1,5,1,FALSE,NA,1,70,69,2441,35
1,A;B;C;D;E;F;G;H;I;J;K;L,G,1,6,1,FALSE,NA,1,70,69,2442,35
1,A;B;C;D;E;F;G;H;I;J;K;L,A,1,7,1,FALSE,NA,1,70,69,2443,35
1,A;B;C;D;E;F;G;H;I;J;K;L,D,1,8,1,FALSE,NA,1,70,69,2444,35
1,A;B;C;D;E;F;G;H;I;J;K;L,J,1,9,1,FALSE,NA,1,70,69,2445,35
1,A;B;C;D;E;F;G;H;I;J;K;L,H,1,10,1,FALSE,NA,1,70,69,2446,35
1,A;B;C;D;E;F;G;H;I;J;K;L,K,1,11,1,FALSE,NA,1,70,69,2447,35
1,A;B;C;D;E;F;G;H;I;J;K;L,E,1,12,1,FALSE,NA,1,70,69,2448,35
1,A;B;C;D;E;F;G;H;I;J;K;L,F,1,13,2,FALSE,NA,1,70,69,2449,35
1,A;B;C;D;E;F;G;H;I;J;K;L,H,1,14,2,FALSE,NA,1,70,69,2450,35
1,A;B;C;D;E;F;G;H;I;J;K;L,K,1,15,2,FALSE,NA,1,70,69,2451,35
1,A;B;C;D;E;F;G;H;I;J;K;L,G,1,16,2,FALSE,NA,1,70,69,2452,35
1,A;B;C;D;E;F;G;H;I;J;K;L,E,1,17,2,FALSE,NA,1,70,69,2453,35
1,A;B;C;D;E;F;G;H;I;J;K;L,D,1,18,2,FALSE,NA,1,70,69,2454,35
1,A;B;C;D;E;F;G;H;I;J;K;L,J,1,19,2,FALSE,NA,1,70,69,2455,35
1,A;B;C;D;E;F;G;H;I;J;K;L,C,1,20,2,FALSE,NA,1,70,69,2456,35
1,A;B;C;D;E;F;G;H;I;J;K;L,I,1,21,2,FALSE,NA,1,70,69,2457,35
1,A;B;C;D;E;F;G;H;I;J;K;L,L,1,22,2,FALSE,NA,1,70,69,2458,35
1,A;B;C;D;E;F;G;H;I;J;K;L,B,1,23,2,FALSE,NA,1,70,69,2459,35
1,A;B;C;D;E;F;G;H;I;J;K;L,A,1,24,2,FALSE,NA,1,70,69,2460,35
1,A;B;C;D;E;F;G;H;I;J;K;L,A,1,25,3,FALSE,NA,1,70,69,2461,35
1,A;B;C;D;E;F;G;H;I;J;K;L,C,1,26,3,FALSE,NA,1,70,69,2462,35
1,A;B;C;D;E;F;G;H;I;J;K;L,K,1,27,3,FALSE,NA,1,70,69,2463,35
1,A;B;C;D;E;F;G;H;I;J;K;L,J,1,28,3,FALSE,NA,1,70,69,2464,35
1,A;B;C;D;E;F;G;H;I;J;K;L,G,1,29,3,FALSE,NA,1,70,69,2465,35
1,A;B;C;D;E;F;G;H;I;J;K;L,L,1,30,3,FALSE,NA,1,70,69,2466,35
1,A;B;C;D;E;F;G;H;I;J;K;L,H,1,31,3,FALSE,NA,1,70,69,2467,35
1,A;B;C;D;E;F;G;H;I;J;K;L,B,1,32,3,FALSE,NA,1,70,69,2468,35
1,A;B;C;D;E;F;G;H;I;J;K;L,E,1,33,3,FALSE,NA,1,70,69,2469,35
1,A;B;C;D;E;F;G;H;I;J;K;L,I,1,34,3,FALSE,NA,1,70,69,2470,35
1,A;B;C;D;E;F;G;H;I;J;K;L,D,1,35,3,FALSE,NA,1,70,69,2471,35
1,A;B;C;D;E;F;G;H;I;J;K;L,F,1,36,3,FALSE,NA,1,70,69,2472,35
1,A;B;C;D;E;F;G;H;I;J;K;L,G,1,37,4,FALSE,NA,1,70,69,2473,35
1,A;B;C;D;E;F;G;H;I;J;K;L,E,1,38,4,FALSE,NA,1,70,69,2474,35
1,A;B;C;D;E;F;G;H;I;J;K;L,A,1,39,4,FALSE,NA,1,70,69,2475,35
1,A;B;C;D;E;F;G;H;I;J;K;L,F,1,40,4,FALSE,NA,1,70,69,2476,35
1,A;B;C;D;E;F;G;H;I;J;K;L,C,1,41,4,FALSE,NA,1,70,69,2477,35
1,A;B;C;D;E;F;G;H;I;J;K;L,H,1,42,4,FALSE,NA,1,70,69,2478,35
1,A;B;C;D;E;F;G;H;I;J;K;L,K,1,43,4,FALSE,NA,1,70,69,2479,35
1,A;B;C;D;E;F;G;H;I;J;K;L,L,1,44,4,FALSE,NA,1,70,69,2480,35
1,A;B;C;D;E;F;G;H;I;J;K;L,J,1,45,4,FALSE,NA,1,70,69,2481,35
1,A;B;C;D;E;F;G;H;I;J;K;L,D,1,46,4,FALSE,NA,1,70,69,2482,35
1,A;B;C;D;E;F;G;H;I;J;K;L,B,1,47,4,FALSE,NA,1,70,69,2483,35
1,A;B;C;D;E;F;G;H;I;J;K;L,I,1,48,4,FALSE,NA,1,70,69,2484,35
1,A;B;C;D;E;F;G;H;I;J;K;L,C,1,49,5,FALSE,NA,1,70,69,2485,35
1,A;B;C;D;E;F;G;H;I;J;K;L,A,1,50,5,FALSE,NA,1,70,69,2486,35
1,A;B;C;D;E;F;G;H;I;J;K;L,L,1,51,5,FALSE,NA,1,70,69,2487,35
1,A;B;C;D;E;F;G;H;I;J;K;L,E,1,52,5,FALSE,NA,1,70,69,2488,35
1,A;B;C;D;E;F;G;H;I;J;K;L,G,1,53,5,FALSE,NA,1,70,69,2489,35
1,A;B;C;D;E;F;G;H;I;J;K;L,H,1,54,5,FALSE,NA,1,70,69,2490,35
1,A;B;C;D;E;F;G;H;I;J;K;L,J,1,55,5,FALSE,NA,1,70,69,2491,35
1,A;B;C;D;E;F;G;H;I;J;K;L,D,1,56,5,FALSE,NA,1,70,69,2492,35
1,A;B;C;D;E;F;G;H;I;J;K;L,F,1,57,5,FALSE,NA,1,70,69,2493,35
1,A;B;C;D;E;F;G;H;I;J;K;L,B,1,58,5,FALSE,NA,1,70,69,2494,35
1,A;B;C;D;E;F;G;H;I;J;K;L,K,1,59,5,FALSE,NA,1,70,69,2495,35
1,A;B;C;D;E;F;G;H;I;J;K;L,I,1,60,5,FALSE,NA,1,70,69,2496,35
1,A;B;C;D;E;F;G;H;I;J;K;L,L,1,61,6,FALSE,NA,1,70,69,2497,35
1,A;B;C;D;E;F;G;H;I;J;K;L,A,1,62,6,FALSE,NA,1,70,69,2498,35
1,A;B;C;D;E;F;G;H;I;J;K;L,C,1,63,6,FALSE,NA,1,70,69,2499,35
1,A;B;C;D;E;F;G;H;I;J;K;L,D,1,64,6,FALSE,NA,1,70,69,2500,35
1,A;B;C;D;E;F;G;H;I;J;K;L,G,1,65,6,FALSE,NA,1,70,69,2501,35
1,A;B;C;D;E;F;G;H;I;J;K;L,H,1,66,6,FALSE,NA,1,70,69,2502,35
1,A;B;C;D;E;F;G;H;I;J;K;L,K,1,67,6,FALSE,NA,1,70,69,2503,35
1,A;B;C;D;E;F;G;H;I;J;K;L,B,1,68,6,FALSE,NA,1,70,69,2504,35
1,A;B;C;D;E;F;G;H;I;J;K;L,J,1,69,6,FALSE,NA,1,70,69,2505,35
1,A;B;C;D;E;F;G;H;I;J;K;L,I,1,70,6,FALSE,NA,1,70,69,2506,35
1,A;B;C;D;E;F;G;H;I;J;K;L,E,1,71,6,FALSE,NA,1,70,69,2507,35
1,A;B;C;D;E;F;G;H;I;J;K;L,F,1,72,6,FALSE,NA,1,70,69,2508,35
1,A;B;C;D;E;F;G;H;I;J;K;L,I,1,1,1,FALSE,NA,1,72,71,2509,36
1,A;B;C;D;E;F;G;H;I;J;K;L,F,1,2,1,FALSE,NA,1,72,71,2510,36
1,A;B;C;D;E;F;G;H;I;J;K;L,J,1,3,1,FALSE,NA,1,72,71,2511,36
1,A;B;C;D;E;F;G;H;I;J;K;L,D,1,4,1,FALSE,NA,1,72,71,2512,36
1,A;B;C;D;E;F;G;H;I;J;K;L,A,1,5,1,FALSE,NA,1,72,71,2513,36
1,A;B;C;D;E;F;G;H;I;J;K;L,C,1,6,1,FALSE,NA,1,72,71,2514,36
1,A;B;C;D;E;F;G;H;I;J;K;L,H,1,7,1,FALSE,NA,1,72,71,2515,36
1,A;B;C;D;E;F;G;H;I;J;K;L,B,1,8,1,FALSE,NA,1,72,71,2516,36
1,A;B;C;D;E;F;G;H;I;J;K;L,L,1,9,1,FALSE,NA,1,72,71,2517,36
1,A;B;C;D;E;F;G;H;I;J;K;L,G,1,10,1,FALSE,NA,1,72,71,2518,36
1,A;B;C;D;E;F;G;H;I;J;K;L,E,1,11,1,FALSE,NA,1,72,71,2519,36
1,A;B;C;D;E;F;G;H;I;J;K;L,K,1,12,1,FALSE,NA,1,72,71,2520,36
1,A;B;C;D;E;F;G;H;I;J;K;L,L,1,13,2,FALSE,NA,1,72,71,2521,36
1,A;B;C;D;E;F;G;H;I;J;K;L,G,1,14,2,FALSE,NA,1,72,71,2522,36
1,A;B;C;D;E;F;G;H;I;J;K;L,E,1,15,2,FALSE,NA,1,72,71,2523,36
1,A;B;C;D;E;F;G;H;I;J;K;L,B,1,16,2,FALSE,NA,1,72,71,2524,36
1,A;B;C;D;E;F;G;H;I;J;K;L,A,1,17,2,FALSE,NA,1,72,71,2525,36
1,A;B;C;D;E;F;G;H;I;J;K;L,J,1,18,2,FALSE,NA,1,72,71,2526,36
1,A;B;C;D;E;F;G;H;I;J;K;L,I,1,19,2,FALSE,NA,1,72,71,2527,36
1,A;B;C;D;E;F;G;H;I;J;K;L,H,1,20,2,FALSE,NA,1,72,71,2528,36
1,A;B;C;D;E;F;G;H;I;J;K;L,C,1,21,2,FALSE,NA,1,72,71,2529,36
1,A;B;C;D;E;F;G;H;I;J;K;L,F,1,22,2,FALSE,NA,1,72,71,2530,36
1,A;B;C;D;E;F;G;H;I;J;K;L,K,1,23,2,FALSE,NA,1,72,71,2531,36
1,A;B;C;D;E;F;G;H;I;J;K;L,D,1,24,2,FALSE,NA,1,72,71,2532,36
1,A;B;C;D;E;F;G;H;I;J;K;L,K,1,25,3,FALSE,NA,1,72,71,2533,36
1,A;B;C;D;E;F;G;H;I;J;K;L,G,1,26,3,FALSE,NA,1,72,71,2534,36
1,A;B;C;D;E;F;G;H;I;J;K;L,B,1,27,3,FALSE,NA,1,72,71,2535,36
1,A;B;C;D;E;F;G;H;I;J;K;L,A,1,28,3,FALSE,NA,1,72,71,2536,36
1,A;B;C;D;E;F;G;H;I;J;K;L,F,1,29,3,FALSE,NA,1,72,71,2537,36
1,A;B;C;D;E;F;G;H;I;J;K;L,D,1,30,3,FALSE,NA,1,72,71,2538,36
1,A;B;C;D;E;F;G;H;I;J;K;L,H,1,31,3,FALSE,NA,1,72,71,2539,36
1,A;B;C;D;E;F;G;H;I;J;K;L,J,1,32,3,FALSE,NA,1,72,71,2540,36
1,A;B;C;D;E;F;G;H;I;J;K;L,I,1,33,3,FALSE,NA,1,72,71,2541,36
1,A;B;C;D;E;F;G;H;I;J;K;L,C,1,34,3,FALSE,NA,1,72,71,2542,36
1,A;B;C;D;E;F;G;H;I;J;K;L,L,1,35,3,FALSE,NA,1,72,71,2543,36
1,A;B;C;D;E;F;G;H;I;J;K;L,E,1,36,3,FALSE,NA,1,72,71,2544,36
1,A;B;C;D;E;F;G;H;I;J;K;L,A,1,37,4,FALSE,NA,1,72,71,2545,36
1,A;B;C;D;E;F;G;H;I;J;K;L,L,1,38,4,FALSE,NA,1,72,71,2546,36
1,A;B;C;D;E;F;G;H;I;J;K;L,C,1,39,4,FALSE,NA,1,72,71,2547,36
1,A;B;C;D;E;F;G;H;I;J;K;L,I,1,40,4,FALSE,NA,1,72,71,2548,36
1,A;B;C;D;E;F;G;H;I;J;K;L,F,1,41,4,FALSE,NA,1,72,71,2549,36
1,A;B;C;D;E;F;G;H;I;J;K;L,E,1,42,4,FALSE,NA,1,72,71,2550,36
1,A;B;C;D;E;F;G;H;I;J;K;L,J,1,43,4,FALSE,NA,1,72,71,2551,36
1,A;B;C;D;E;F;G;H;I;J;K;L,G,1,44,4,FALSE,NA,1,72,71,2552,36
1,A;B;C;D;E;F;G;H;I;J;K;L,B,1,45,4,FALSE,NA,1,72,71,2553,36
1,A;B;C;D;E;F;G;H;I;J;K;L,K,1,46,4,FALSE,NA,1,72,71,2554,36
1,A;B;C;D;E;F;G;H;I;J;K;L,D,1,47,4,FALSE,NA,1,72,71,2555,36
1,A;B;C;D;E;F;G;H;I;J;K;L,H,1,48,4,FALSE,NA,1,72,71,2556,36
1,A;B;C;D;E;F;G;H;I;J;K;L,L,1,49,5,FALSE,NA,1,72,71,2557,36
1,A;B;C;D;E;F;G;H;I;J;K;L,H,1,50,5,FALSE,NA,1,72,71,2558,36
1,A;B;C;D;E;F;G;H;I;J;K;L,J,1,51,5,FALSE,NA,1,72,71,2559,36
1,A;B;C;D;E;F;G;H;I;J;K;L,F,1,52,5,FALSE,NA,1,72,71,2560,36
1,A;B;C;D;E;F;G;H;I;J;K;L,C,1,53,5,FALSE,NA,1,72,71,2561,36
1,A;B;C;D;E;F;G;H;I;J;K;L,K,1,54,5,FALSE,NA,1,72,71,2562,36
1,A;B;C;D;E;F;G;H;I;J;K;L,A,1,55,5,FALSE,NA,1,72,71,2563,36
1,A;B;C;D;E;F;G;H;I;J;K;L,E,1,56,5,FALSE,NA,1,72,71,2564,36
1,A;B;C;D;E;F;G;H;I;J;K;L,I,1,57,5,FALSE,NA,1,72,71,2565,36
1,A;B;C;D;E;F;G;H;I;J;K;L,D,1,58,5,FALSE,NA,1,72,71,2566,36
1,A;B;C;D;E;F;G;H;I;J;K;L,G,1,59,5,FALSE,NA,1,72,71,2567,36
1,A;B;C;D;E;F;G;H;I;J;K;L,B,1,60,5,FALSE,NA,1,72,71,2568,36
1,A;B;C;D;E;F;G;H;I;J;K;L,I,1,61,6,FALSE,NA,1,72,71,2569,36
1,A;B;C;D;E;F;G;H;I;J;K;L,B,1,62,6,FALSE,NA,1,72,71,2570,36
1,A;B;C;D;E;F;G;H;I;J;K;L,C,1,63,6,FALSE,NA,1,72,71,2571,36
1,A;B;C;D;E;F;G;H;I;J;K;L,D,1,64,6,FALSE,NA,1,72,71,2572,36
1,A;B;C;D;E;F;G;H;I;J;K;L,E,1,65,6,FALSE,NA,1,72,71,2573,36
1,A;B;C;D;E;F;G;H;I;J;K;L,F,1,66,6,FALSE,NA,1,72,71,2574,36
1,A;B;C;D;E;F;G;H;I;J;K;L,K,1,67,6,FALSE,NA,1,72,71,2575,36
1,A;B;C;D;E;F;G;H;I;J;K;L,G,1,68,6,FALSE,NA,1,72,71,2576,36
1,A;B;C;D;E;F;G;H;I;J;K;L,H,1,69,6,FALSE,NA,1,72,71,2577,36
1,A;B;C;D;E;F;G;H;I;J;K;L,L,1,70,6,FALSE,NA,1,72,71,2578,36
1,A;B;C;D;E;F;G;H;I;J;K;L,A,1,71,6,FALSE,NA,1,72,71,2579,36
1,A;B;C;D;E;F;G;H;I;J;K;L,J,1,72,6,FALSE,NA,1,72,71,2580,36
1,A;B;C;D;E;F;G;H;I;J;K;L,K,1,1,1,TRUE,low accuracy game,1,74,73,2581,37
1,A;B;C;D;E;F;G;H;I;J;K;L,C,1,2,1,TRUE,low accuracy game,1,74,73,2582,37
1,A;B;C;D;E;F;G;H;I;J;K;L,B,1,3,1,TRUE,low accuracy game,1,74,73,2583,37
1,A;B;C;D;E;F;G;H;I;J;K;L,D,1,4,1,TRUE,low accuracy game,1,74,73,2584,37
1,A;B;C;D;E;F;G;H;I;J;K;L,J,1,5,1,TRUE,low accuracy game,1,74,73,2585,37
1,A;B;C;D;E;F;G;H;I;J;K;L,I,1,6,1,TRUE,low accuracy game,1,74,73,2586,37
1,A;B;C;D;E;F;G;H;I;J;K;L,A,1,7,1,TRUE,low accuracy game,1,74,73,2587,37
1,A;B;C;D;E;F;G;H;I;J;K;L,H,1,8,1,TRUE,low accuracy game,1,74,73,2588,37
1,A;B;C;D;E;F;G;H;I;J;K;L,F,1,9,1,TRUE,low accuracy game,1,74,73,2589,37
1,A;B;C;D;E;F;G;H;I;J;K;L,G,1,10,1,TRUE,low accuracy game,1,74,73,2590,37
1,A;B;C;D;E;F;G;H;I;J;K;L,L,1,11,1,TRUE,low accuracy game,1,74,73,2591,37
1,A;B;C;D;E;F;G;H;I;J;K;L,E,1,12,1,TRUE,low accuracy game,1,74,73,2592,37
1,A;B;C;D;E;F;G;H;I;J;K;L,A,1,13,2,TRUE,low accuracy game,1,74,73,2593,37
1,A;B;C;D;E;F;G;H;I;J;K;L,D,1,14,2,TRUE,low accuracy game,1,74,73,2594,37
1,A;B;C;D;E;F;G;H;I;J;K;L,F,1,15,2,TRUE,low accuracy game,1,74,73,2595,37
1,A;B;C;D;E;F;G;H;I;J;K;L,H,1,16,2,TRUE,low accuracy game,1,74,73,2596,37
1,A;B;C;D;E;F;G;H;I;J;K;L,G,1,17,2,TRUE,low accuracy game,1,74,73,2597,37
1,A;B;C;D;E;F;G;H;I;J;K;L,I,1,18,2,TRUE,low accuracy game,1,74,73,2598,37
1,A;B;C;D;E;F;G;H;I;J;K;L,C,1,19,2,TRUE,low accuracy game,1,74,73,2599,37
1,A;B;C;D;E;F;G;H;I;J;K;L,J,1,20,2,TRUE,low accuracy game,1,74,73,2600,37
1,A;B;C;D;E;F;G;H;I;J;K;L,B,1,21,2,TRUE,low accuracy game,1,74,73,2601,37
1,A;B;C;D;E;F;G;H;I;J;K;L,L,1,22,2,TRUE,low accuracy game,1,74,73,2602,37
1,A;B;C;D;E;F;G;H;I;J;K;L,K,1,23,2,TRUE,low accuracy game,1,74,73,2603,37
1,A;B;C;D;E;F;G;H;I;J;K;L,E,1,24,2,TRUE,low accuracy game,1,74,73,2604,37
1,A;B;C;D;E;F;G;H;I;J;K;L,H,1,25,3,TRUE,low accuracy game,1,74,73,2605,37
1,A;B;C;D;E;F;G;H;I;J;K;L,L,1,26,3,TRUE,low accuracy game,1,74,73,2606,37
1,A;B;C;D;E;F;G;H;I;J;K;L,A,1,27,3,TRUE,low accuracy game,1,74,73,2607,37
1,A;B;C;D;E;F;G;H;I;J;K;L,E,1,28,3,TRUE,low accuracy game,1,74,73,2608,37
1,A;B;C;D;E;F;G;H;I;J;K;L,C,1,29,3,TRUE,low accuracy game,1,74,73,2609,37
1,A;B;C;D;E;F;G;H;I;J;K;L,G,1,30,3,TRUE,low accuracy game,1,74,73,2610,37
1,A;B;C;D;E;F;G;H;I;J;K;L,I,1,31,3,TRUE,low accuracy game,1,74,73,2611,37
1,A;B;C;D;E;F;G;H;I;J;K;L,J,1,32,3,TRUE,low accuracy game,1,74,73,2612,37
1,A;B;C;D;E;F;G;H;I;J;K;L,K,1,33,3,TRUE,low accuracy game,1,74,73,2613,37
1,A;B;C;D;E;F;G;H;I;J;K;L,B,1,34,3,TRUE,low accuracy game,1,74,73,2614,37
1,A;B;C;D;E;F;G;H;I;J;K;L,F,1,35,3,TRUE,low accuracy game,1,74,73,2615,37
1,A;B;C;D;E;F;G;H;I;J;K;L,D,1,36,3,TRUE,low accuracy game,1,74,73,2616,37
1,A;B;C;D;E;F;G;H;I;J;K;L,I,1,37,4,TRUE,low accuracy game,1,74,73,2617,37
1,A;B;C;D;E;F;G;H;I;J;K;L,D,1,38,4,TRUE,low accuracy game,1,74,73,2618,37
1,A;B;C;D;E;F;G;H;I;J;K;L,J,1,39,4,TRUE,low accuracy game,1,74,73,2619,37
1,A;B;C;D;E;F;G;H;I;J;K;L,E,1,40,4,TRUE,low accuracy game,1,74,73,2620,37
1,A;B;C;D;E;F;G;H;I;J;K;L,L,1,41,4,TRUE,low accuracy game,1,74,73,2621,37
1,A;B;C;D;E;F;G;H;I;J;K;L,H,1,42,4,TRUE,low accuracy game,1,74,73,2622,37
1,A;B;C;D;E;F;G;H;I;J;K;L,A,1,43,4,TRUE,low accuracy game,1,74,73,2623,37
1,A;B;C;D;E;F;G;H;I;J;K;L,F,1,44,4,TRUE,low accuracy game,1,74,73,2624,37
1,A;B;C;D;E;F;G;H;I;J;K;L,G,1,45,4,TRUE,low accuracy game,1,74,73,2625,37
1,A;B;C;D;E;F;G;H;I;J;K;L,B,1,46,4,TRUE,low accuracy game,1,74,73,2626,37
1,A;B;C;D;E;F;G;H;I;J;K;L,C,1,47,4,TRUE,low accuracy game,1,74,73,2627,37
1,A;B;C;D;E;F;G;H;I;J;K;L,K,1,48,4,TRUE,low accuracy game,1,74,73,2628,37
1,A;B;C;D;E;F;G;H;I;J;K;L,J,1,49,5,TRUE,low accuracy game,1,74,73,2629,37
1,A;B;C;D;E;F;G;H;I;J;K;L,I,1,50,5,TRUE,low accuracy game,1,74,73,2630,37
1,A;B;C;D;E;F;G;H;I;J;K;L,A,1,51,5,TRUE,low accuracy game,1,74,73,2631,37
1,A;B;C;D;E;F;G;H;I;J;K;L,G,1,52,5,TRUE,low accuracy game,1,74,73,2632,37
1,A;B;C;D;E;F;G;H;I;J;K;L,E,1,53,5,TRUE,low accuracy game,1,74,73,2633,37
1,A;B;C;D;E;F;G;H;I;J;K;L,H,1,54,5,TRUE,low accuracy game,1,74,73,2634,37
1,A;B;C;D;E;F;G;H;I;J;K;L,F,1,55,5,TRUE,low accuracy game,1,74,73,2635,37
1,A;B;C;D;E;F;G;H;I;J;K;L,C,1,56,5,TRUE,low accuracy game,1,74,73,2636,37
1,A;B;C;D;E;F;G;H;I;J;K;L,L,1,57,5,TRUE,low accuracy game,1,74,73,2637,37
1,A;B;C;D;E;F;G;H;I;J;K;L,B,1,58,5,TRUE,low accuracy game,1,74,73,2638,37
1,A;B;C;D;E;F;G;H;I;J;K;L,K,1,59,5,TRUE,low accuracy game,1,74,73,2639,37
1,A;B;C;D;E;F;G;H;I;J;K;L,D,1,60,5,TRUE,low accuracy game,1,74,73,2640,37
1,A;B;C;D;E;F;G;H;I;J;K;L,G,1,61,6,TRUE,low accuracy game,1,74,73,2641,37
1,A;B;C;D;E;F;G;H;I;J;K;L,F,1,62,6,TRUE,low accuracy game,1,74,73,2642,37
1,A;B;C;D;E;F;G;H;I;J;K;L,L,1,63,6,TRUE,low accuracy game,1,74,73,2643,37
1,A;B;C;D;E;F;G;H;I;J;K;L,K,1,64,6,TRUE,low accuracy game,1,74,73,2644,37
1,A;B;C;D;E;F;G;H;I;J;K;L,I,1,65,6,TRUE,low accuracy game,1,74,73,2645,37
1,A;B;C;D;E;F;G;H;I;J;K;L,J,1,66,6,TRUE,low accuracy game,1,74,73,2646,37
1,A;B;C;D;E;F;G;H;I;J;K;L,E,1,67,6,TRUE,low accuracy game,1,74,73,2647,37
1,A;B;C;D;E;F;G;H;I;J;K;L,B,1,68,6,TRUE,low accuracy game,1,74,73,2648,37
1,A;B;C;D;E;F;G;H;I;J;K;L,C,1,69,6,TRUE,low accuracy game,1,74,73,2649,37
1,A;B;C;D;E;F;G;H;I;J;K;L,H,1,70,6,TRUE,low accuracy game,1,74,73,2650,37
1,A;B;C;D;E;F;G;H;I;J;K;L,A,1,71,6,TRUE,low accuracy game,1,74,73,2651,37
1,A;B;C;D;E;F;G;H;I;J;K;L,D,1,72,6,TRUE,low accuracy game,1,74,73,2652,37
1,A;B;C;D;E;F;G;H;I;J;K;L,D,1,1,1,TRUE,low accuracy game,1,76,75,2653,38
1,A;B;C;D;E;F;G;H;I;J;K;L,L,1,2,1,TRUE,low accuracy game,1,76,75,2654,38
1,A;B;C;D;E;F;G;H;I;J;K;L,E,1,3,1,TRUE,low accuracy game,1,76,75,2655,38
1,A;B;C;D;E;F;G;H;I;J;K;L,G,1,4,1,TRUE,low accuracy game,1,76,75,2656,38
1,A;B;C;D;E;F;G;H;I;J;K;L,I,1,5,1,TRUE,low accuracy game,1,76,75,2657,38
1,A;B;C;D;E;F;G;H;I;J;K;L,A,1,6,1,TRUE,low accuracy game,1,76,75,2658,38
1,A;B;C;D;E;F;G;H;I;J;K;L,J,1,7,1,TRUE,low accuracy game,1,76,75,2659,38
1,A;B;C;D;E;F;G;H;I;J;K;L,K,1,8,1,TRUE,low accuracy game,1,76,75,2660,38
1,A;B;C;D;E;F;G;H;I;J;K;L,F,1,9,1,TRUE,low accuracy game,1,76,75,2661,38
1,A;B;C;D;E;F;G;H;I;J;K;L,B,1,10,1,TRUE,low accuracy game,1,76,75,2662,38
1,A;B;C;D;E;F;G;H;I;J;K;L,H,1,11,1,TRUE,low accuracy game,1,76,75,2663,38
1,A;B;C;D;E;F;G;H;I;J;K;L,C,1,12,1,TRUE,low accuracy game,1,76,75,2664,38
1,A;B;C;D;E;F;G;H;I;J;K;L,K,1,13,2,TRUE,low accuracy game,1,76,75,2665,38
1,A;B;C;D;E;F;G;H;I;J;K;L,G,1,14,2,TRUE,low accuracy game,1,76,75,2666,38
1,A;B;C;D;E;F;G;H;I;J;K;L,D,1,15,2,TRUE,low accuracy game,1,76,75,2667,38
1,A;B;C;D;E;F;G;H;I;J;K;L,B,1,16,2,TRUE,low accuracy game,1,76,75,2668,38
1,A;B;C;D;E;F;G;H;I;J;K;L,E,1,17,2,TRUE,low accuracy game,1,76,75,2669,38
1,A;B;C;D;E;F;G;H;I;J;K;L,J,1,18,2,TRUE,low accuracy game,1,76,75,2670,38
1,A;B;C;D;E;F;G;H;I;J;K;L,H,1,19,2,TRUE,low accuracy game,1,76,75,2671,38
1,A;B;C;D;E;F;G;H;I;J;K;L,A,1,20,2,TRUE,low accuracy game,1,76,75,2672,38
1,A;B;C;D;E;F;G;H;I;J;K;L,C,1,21,2,TRUE,low accuracy game,1,76,75,2673,38
1,A;B;C;D;E;F;G;H;I;J;K;L,L,1,22,2,TRUE,low accuracy game,1,76,75,2674,38
1,A;B;C;D;E;F;G;H;I;J;K;L,F,1,23,2,TRUE,low accuracy game,1,76,75,2675,38
1,A;B;C;D;E;F;G;H;I;J;K;L,I,1,24,2,TRUE,low accuracy game,1,76,75,2676,38
1,A;B;C;D;E;F;G;H;I;J;K;L,B,1,25,3,TRUE,low accuracy game,1,76,75,2677,38
1,A;B;C;D;E;F;G;H;I;J;K;L,C,1,26,3,TRUE,low accuracy game,1,76,75,2678,38
1,A;B;C;D;E;F;G;H;I;J;K;L,I,1,27,3,TRUE,low accuracy game,1,76,75,2679,38
1,A;B;C;D;E;F;G;H;I;J;K;L,J,1,28,3,TRUE,low accuracy game,1,76,75,2680,38
1,A;B;C;D;E;F;G;H;I;J;K;L,A,1,29,3,TRUE,low accuracy game,1,76,75,2681,38
1,A;B;C;D;E;F;G;H;I;J;K;L,K,1,30,3,TRUE,low accuracy game,1,76,75,2682,38
1,A;B;C;D;E;F;G;H;I;J;K;L,H,1,31,3,TRUE,low accuracy game,1,76,75,2683,38
1,A;B;C;D;E;F;G;H;I;J;K;L,G,1,32,3,TRUE,low accuracy game,1,76,75,2684,38
1,A;B;C;D;E;F;G;H;I;J;K;L,E,1,33,3,TRUE,low accuracy game,1,76,75,2685,38
1,A;B;C;D;E;F;G;H;I;J;K;L,F,1,34,3,TRUE,low accuracy game,1,76,75,2686,38
1,A;B;C;D;E;F;G;H;I;J;K;L,D,1,35,3,TRUE,low accuracy game,1,76,75,2687,38
1,A;B;C;D;E;F;G;H;I;J;K;L,L,1,36,3,TRUE,low accuracy game,1,76,75,2688,38
1,A;B;C;D;E;F;G;H;I;J;K;L,L,1,37,4,TRUE,low accuracy game,1,76,75,2689,38
1,A;B;C;D;E;F;G;H;I;J;K;L,C,1,38,4,TRUE,low accuracy game,1,76,75,2690,38
1,A;B;C;D;E;F;G;H;I;J;K;L,D,1,39,4,TRUE,low accuracy game,1,76,75,2691,38
1,A;B;C;D;E;F;G;H;I;J;K;L,H,1,40,4,TRUE,low accuracy game,1,76,75,2692,38
1,A;B;C;D;E;F;G;H;I;J;K;L,A,1,41,4,TRUE,low accuracy game,1,76,75,2693,38
1,A;B;C;D;E;F;G;H;I;J;K;L,G,1,42,4,TRUE,low accuracy game,1,76,75,2694,38
1,A;B;C;D;E;F;G;H;I;J;K;L,F,1,43,4,TRUE,low accuracy game,1,76,75,2695,38
1,A;B;C;D;E;F;G;H;I;J;K;L,J,1,44,4,TRUE,low accuracy game,1,76,75,2696,38
1,A;B;C;D;E;F;G;H;I;J;K;L,E,1,45,4,TRUE,low accuracy game,1,76,75,2697,38
1,A;B;C;D;E;F;G;H;I;J;K;L,I,1,46,4,TRUE,low accuracy game,1,76,75,2698,38
1,A;B;C;D;E;F;G;H;I;J;K;L,B,1,47,4,TRUE,low accuracy game,1,76,75,2699,38
1,A;B;C;D;E;F;G;H;I;J;K;L,K,1,48,4,TRUE,low accuracy game,1,76,75,2700,38
1,A;B;C;D;E;F;G;H;I;J;K;L,D,1,49,5,TRUE,low accuracy game,1,76,75,2701,38
1,A;B;C;D;E;F;G;H;I;J;K;L,E,1,50,5,TRUE,low accuracy game,1,76,75,2702,38
1,A;B;C;D;E;F;G;H;I;J;K;L,G,1,51,5,TRUE,low accuracy game,1,76,75,2703,38
1,A;B;C;D;E;F;G;H;I;J;K;L,H,1,52,5,TRUE,low accuracy game,1,76,75,2704,38
1,A;B;C;D;E;F;G;H;I;J;K;L,J,1,53,5,TRUE,low accuracy game,1,76,75,2705,38
1,A;B;C;D;E;F;G;H;I;J;K;L,B,1,54,5,TRUE,low accuracy game,1,76,75,2706,38
1,A;B;C;D;E;F;G;H;I;J;K;L,F,1,55,5,TRUE,low accuracy game,1,76,75,2707,38
1,A;B;C;D;E;F;G;H;I;J;K;L,L,1,56,5,TRUE,low accuracy game,1,76,75,2708,38
1,A;B;C;D;E;F;G;H;I;J;K;L,C,1,57,5,TRUE,low accuracy game,1,76,75,2709,38
1,A;B;C;D;E;F;G;H;I;J;K;L,A,1,58,5,TRUE,low accuracy game,1,76,75,2710,38
1,A;B;C;D;E;F;G;H;I;J;K;L,K,1,59,5,TRUE,low accuracy game,1,76,75,2711,38
1,A;B;C;D;E;F;G;H;I;J;K;L,I,1,60,5,TRUE,low accuracy game,1,76,75,2712,38
1,A;B;C;D;E;F;G;H;I;J;K;L,K,1,61,6,TRUE,low accuracy game,1,76,75,2713,38
1,A;B;C;D;E;F;G;H;I;J;K;L,B,1,62,6,TRUE,low accuracy game,1,76,75,2714,38
1,A;B;C;D;E;F;G;H;I;J;K;L,I,1,63,6,TRUE,low accuracy game,1,76,75,2715,38
1,A;B;C;D;E;F;G;H;I;J;K;L,J,1,64,6,TRUE,low accuracy game,1,76,75,2716,38
1,A;B;C;D;E;F;G;H;I;J;K;L,L,1,65,6,TRUE,low accuracy game,1,76,75,2717,38
1,A;B;C;D;E;F;G;H;I;J;K;L,A,1,66,6,TRUE,low accuracy game,1,76,75,2718,38
1,A;B;C;D;E;F;G;H;I;J;K;L,C,1,67,6,TRUE,low accuracy game,1,76,75,2719,38
1,A;B;C;D;E;F;G;H;I;J;K;L,D,1,68,6,TRUE,low accuracy game,1,76,75,2720,38
1,A;B;C;D;E;F;G;H;I;J;K;L,G,1,69,6,TRUE,low accuracy game,1,76,75,2721,38
1,A;B;C;D;E;F;G;H;I;J;K;L,E,1,70,6,TRUE,low accuracy game,1,76,75,2722,38
1,A;B;C;D;E;F;G;H;I;J;K;L,F,1,71,6,TRUE,low accuracy game,1,76,75,2723,38
1,A;B;C;D;E;F;G;H;I;J;K;L,H,1,72,6,TRUE,low accuracy game,1,76,75,2724,38
1,A;B;C;D;E;F;G;H;I;J;K;L,F,1,1,1,FALSE,NA,1,78,77,2725,39
1,A;B;C;D;E;F;G;H;I;J;K;L,E,1,2,1,FALSE,NA,1,78,77,2726,39
1,A;B;C;D;E;F;G;H;I;J;K;L,D,1,3,1,FALSE,NA,1,78,77,2727,39
1,A;B;C;D;E;F;G;H;I;J;K;L,H,1,4,1,FALSE,NA,1,78,77,2728,39
1,A;B;C;D;E;F;G;H;I;J;K;L,G,1,5,1,FALSE,NA,1,78,77,2729,39
1,A;B;C;D;E;F;G;H;I;J;K;L,L,1,6,1,FALSE,NA,1,78,77,2730,39
1,A;B;C;D;E;F;G;H;I;J;K;L,I,1,7,1,FALSE,NA,1,78,77,2731,39
1,A;B;C;D;E;F;G;H;I;J;K;L,A,1,8,1,FALSE,NA,1,78,77,2732,39
1,A;B;C;D;E;F;G;H;I;J;K;L,J,1,9,1,FALSE,NA,1,78,77,2733,39
1,A;B;C;D;E;F;G;H;I;J;K;L,K,1,10,1,FALSE,NA,1,78,77,2734,39
1,A;B;C;D;E;F;G;H;I;J;K;L,B,1,11,1,FALSE,NA,1,78,77,2735,39
1,A;B;C;D;E;F;G;H;I;J;K;L,C,1,12,1,FALSE,NA,1,78,77,2736,39
1,A;B;C;D;E;F;G;H;I;J;K;L,H,1,13,2,FALSE,NA,1,78,77,2737,39
1,A;B;C;D;E;F;G;H;I;J;K;L,L,1,14,2,FALSE,NA,1,78,77,2738,39
1,A;B;C;D;E;F;G;H;I;J;K;L,C,1,15,2,FALSE,NA,1,78,77,2739,39
1,A;B;C;D;E;F;G;H;I;J;K;L,B,1,16,2,FALSE,NA,1,78,77,2740,39
1,A;B;C;D;E;F;G;H;I;J;K;L,I,1,17,2,FALSE,NA,1,78,77,2741,39
1,A;B;C;D;E;F;G;H;I;J;K;L,K,1,18,2,FALSE,NA,1,78,77,2742,39
1,A;B;C;D;E;F;G;H;I;J;K;L,A,1,19,2,FALSE,NA,1,78,77,2743,39
1,A;B;C;D;E;F;G;H;I;J;K;L,D,1,20,2,FALSE,NA,1,78,77,2744,39
1,A;B;C;D;E;F;G;H;I;J;K;L,J,1,21,2,FALSE,NA,1,78,77,2745,39
1,A;B;C;D;E;F;G;H;I;J;K;L,F,1,22,2,FALSE,NA,1,78,77,2746,39
1,A;B;C;D;E;F;G;H;I;J;K;L,G,1,23,2,FALSE,NA,1,78,77,2747,39
1,A;B;C;D;E;F;G;H;I;J;K;L,E,1,24,2,FALSE,NA,1,78,77,2748,39
1,A;B;C;D;E;F;G;H;I;J;K;L,G,1,25,3,FALSE,NA,1,78,77,2749,39
1,A;B;C;D;E;F;G;H;I;J;K;L,B,1,26,3,FALSE,NA,1,78,77,2750,39
1,A;B;C;D;E;F;G;H;I;J;K;L,H,1,27,3,FALSE,NA,1,78,77,2751,39
1,A;B;C;D;E;F;G;H;I;J;K;L,C,1,28,3,FALSE,NA,1,78,77,2752,39
1,A;B;C;D;E;F;G;H;I;J;K;L,I,1,29,3,FALSE,NA,1,78,77,2753,39
1,A;B;C;D;E;F;G;H;I;J;K;L,E,1,30,3,FALSE,NA,1,78,77,2754,39
1,A;B;C;D;E;F;G;H;I;J;K;L,A,1,31,3,FALSE,NA,1,78,77,2755,39
1,A;B;C;D;E;F;G;H;I;J;K;L,L,1,32,3,FALSE,NA,1,78,77,2756,39
1,A;B;C;D;E;F;G;H;I;J;K;L,K,1,33,3,FALSE,NA,1,78,77,2757,39
1,A;B;C;D;E;F;G;H;I;J;K;L,D,1,34,3,FALSE,NA,1,78,77,2758,39
1,A;B;C;D;E;F;G;H;I;J;K;L,J,1,35,3,FALSE,NA,1,78,77,2759,39
1,A;B;C;D;E;F;G;H;I;J;K;L,F,1,36,3,FALSE,NA,1,78,77,2760,39
1,A;B;C;D;E;F;G;H;I;J;K;L,G,1,37,4,FALSE,NA,1,78,77,2761,39
1,A;B;C;D;E;F;G;H;I;J;K;L,B,1,38,4,FALSE,NA,1,78,77,2762,39
1,A;B;C;D;E;F;G;H;I;J;K;L,C,1,39,4,FALSE,NA,1,78,77,2763,39
1,A;B;C;D;E;F;G;H;I;J;K;L,E,1,40,4,FALSE,NA,1,78,77,2764,39
1,A;B;C;D;E;F;G;H;I;J;K;L,D,1,41,4,FALSE,NA,1,78,77,2765,39
1,A;B;C;D;E;F;G;H;I;J;K;L,L,1,42,4,FALSE,NA,1,78,77,2766,39
1,A;B;C;D;E;F;G;H;I;J;K;L,A,1,43,4,FALSE,NA,1,78,77,2767,39
1,A;B;C;D;E;F;G;H;I;J;K;L,F,1,44,4,FALSE,NA,1,78,77,2768,39
1,A;B;C;D;E;F;G;H;I;J;K;L,H,1,45,4,FALSE,NA,1,78,77,2769,39
1,A;B;C;D;E;F;G;H;I;J;K;L,K,1,46,4,FALSE,NA,1,78,77,2770,39
1,A;B;C;D;E;F;G;H;I;J;K;L,I,1,47,4,FALSE,NA,1,78,77,2771,39
1,A;B;C;D;E;F;G;H;I;J;K;L,J,1,48,4,FALSE,NA,1,78,77,2772,39
1,A;B;C;D;E;F;G;H;I;J;K;L,H,1,49,5,FALSE,NA,1,78,77,2773,39
1,A;B;C;D;E;F;G;H;I;J;K;L,G,1,50,5,FALSE,NA,1,78,77,2774,39
1,A;B;C;D;E;F;G;H;I;J;K;L,E,1,51,5,FALSE,NA,1,78,77,2775,39
1,A;B;C;D;E;F;G;H;I;J;K;L,F,1,52,5,FALSE,NA,1,78,77,2776,39
1,A;B;C;D;E;F;G;H;I;J;K;L,K,1,53,5,FALSE,NA,1,78,77,2777,39
1,A;B;C;D;E;F;G;H;I;J;K;L,D,1,54,5,FALSE,NA,1,78,77,2778,39
1,A;B;C;D;E;F;G;H;I;J;K;L,A,1,55,5,FALSE,NA,1,78,77,2779,39
1,A;B;C;D;E;F;G;H;I;J;K;L,C,1,56,5,FALSE,NA,1,78,77,2780,39
1,A;B;C;D;E;F;G;H;I;J;K;L,B,1,57,5,FALSE,NA,1,78,77,2781,39
1,A;B;C;D;E;F;G;H;I;J;K;L,L,1,58,5,FALSE,NA,1,78,77,2782,39
1,A;B;C;D;E;F;G;H;I;J;K;L,J,1,59,5,FALSE,NA,1,78,77,2783,39
1,A;B;C;D;E;F;G;H;I;J;K;L,I,1,60,5,FALSE,NA,1,78,77,2784,39
1,A;B;C;D;E;F;G;H;I;J;K;L,F,1,61,6,FALSE,NA,1,78,77,2785,39
1,A;B;C;D;E;F;G;H;I;J;K;L,K,1,62,6,FALSE,NA,1,78,77,2786,39
1,A;B;C;D;E;F;G;H;I;J;K;L,L,1,63,6,FALSE,NA,1,78,77,2787,39
1,A;B;C;D;E;F;G;H;I;J;K;L,D,1,64,6,FALSE,NA,1,78,77,2788,39
1,A;B;C;D;E;F;G;H;I;J;K;L,B,1,65,6,FALSE,NA,1,78,77,2789,39
1,A;B;C;D;E;F;G;H;I;J;K;L,C,1,66,6,FALSE,NA,1,78,77,2790,39
1,A;B;C;D;E;F;G;H;I;J;K;L,I,1,67,6,FALSE,NA,1,78,77,2791,39
1,A;B;C;D;E;F;G;H;I;J;K;L,G,1,68,6,FALSE,NA,1,78,77,2792,39
1,A;B;C;D;E;F;G;H;I;J;K;L,A,1,69,6,FALSE,NA,1,78,77,2793,39
1,A;B;C;D;E;F;G;H;I;J;K;L,E,1,70,6,FALSE,NA,1,78,77,2794,39
1,A;B;C;D;E;F;G;H;I;J;K;L,H,1,71,6,FALSE,NA,1,78,77,2795,39
1,A;B;C;D;E;F;G;H;I;J;K;L,J,1,72,6,FALSE,NA,1,78,77,2796,39
1,A;B;C;D;E;F;G;H;I;J;K;L,J,1,1,1,FALSE,NA,1,80,79,2797,40
1,A;B;C;D;E;F;G;H;I;J;K;L,H,1,2,1,FALSE,NA,1,80,79,2798,40
1,A;B;C;D;E;F;G;H;I;J;K;L,L,1,3,1,FALSE,NA,1,80,79,2799,40
1,A;B;C;D;E;F;G;H;I;J;K;L,D,1,4,1,FALSE,NA,1,80,79,2800,40
1,A;B;C;D;E;F;G;H;I;J;K;L,K,1,5,1,FALSE,NA,1,80,79,2801,40
1,A;B;C;D;E;F;G;H;I;J;K;L,I,1,6,1,FALSE,NA,1,80,79,2802,40
1,A;B;C;D;E;F;G;H;I;J;K;L,A,1,7,1,FALSE,NA,1,80,79,2803,40
1,A;B;C;D;E;F;G;H;I;J;K;L,C,1,8,1,FALSE,NA,1,80,79,2804,40
1,A;B;C;D;E;F;G;H;I;J;K;L,B,1,9,1,FALSE,NA,1,80,79,2805,40
1,A;B;C;D;E;F;G;H;I;J;K;L,G,1,10,1,FALSE,NA,1,80,79,2806,40
1,A;B;C;D;E;F;G;H;I;J;K;L,F,1,11,1,FALSE,NA,1,80,79,2807,40
1,A;B;C;D;E;F;G;H;I;J;K;L,E,1,12,1,FALSE,NA,1,80,79,2808,40
1,A;B;C;D;E;F;G;H;I;J;K;L,C,1,13,2,FALSE,NA,1,80,79,2809,40
1,A;B;C;D;E;F;G;H;I;J;K;L,G,1,14,2,FALSE,NA,1,80,79,2810,40
1,A;B;C;D;E;F;G;H;I;J;K;L,H,1,15,2,FALSE,NA,1,80,79,2811,40
1,A;B;C;D;E;F;G;H;I;J;K;L,J,1,16,2,FALSE,NA,1,80,79,2812,40
1,A;B;C;D;E;F;G;H;I;J;K;L,D,1,17,2,FALSE,NA,1,80,79,2813,40
1,A;B;C;D;E;F;G;H;I;J;K;L,K,1,18,2,FALSE,NA,1,80,79,2814,40
1,A;B;C;D;E;F;G;H;I;J;K;L,F,1,19,2,FALSE,NA,1,80,79,2815,40
1,A;B;C;D;E;F;G;H;I;J;K;L,E,1,20,2,FALSE,NA,1,80,79,2816,40
1,A;B;C;D;E;F;G;H;I;J;K;L,A,1,21,2,FALSE,NA,1,80,79,2817,40
1,A;B;C;D;E;F;G;H;I;J;K;L,L,1,22,2,FALSE,NA,1,80,79,2818,40
1,A;B;C;D;E;F;G;H;I;J;K;L,B,1,23,2,FALSE,NA,1,80,79,2819,40
1,A;B;C;D;E;F;G;H;I;J;K;L,I,1,24,2,FALSE,NA,1,80,79,2820,40
1,A;B;C;D;E;F;G;H;I;J;K;L,H,1,25,3,FALSE,NA,1,80,79,2821,40
1,A;B;C;D;E;F;G;H;I;J;K;L,J,1,26,3,FALSE,NA,1,80,79,2822,40
1,A;B;C;D;E;F;G;H;I;J;K;L,K,1,27,3,FALSE,NA,1,80,79,2823,40
1,A;B;C;D;E;F;G;H;I;J;K;L,C,1,28,3,FALSE,NA,1,80,79,2824,40
1,A;B;C;D;E;F;G;H;I;J;K;L,G,1,29,3,FALSE,NA,1,80,79,2825,40
1,A;B;C;D;E;F;G;H;I;J;K;L,I,1,30,3,FALSE,NA,1,80,79,2826,40
1,A;B;C;D;E;F;G;H;I;J;K;L,F,1,31,3,FALSE,NA,1,80,79,2827,40
1,A;B;C;D;E;F;G;H;I;J;K;L,D,1,32,3,FALSE,NA,1,80,79,2828,40
1,A;B;C;D;E;F;G;H;I;J;K;L,L,1,33,3,FALSE,NA,1,80,79,2829,40
1,A;B;C;D;E;F;G;H;I;J;K;L,A,1,34,3,FALSE,NA,1,80,79,2830,40
1,A;B;C;D;E;F;G;H;I;J;K;L,E,1,35,3,FALSE,NA,1,80,79,2831,40
1,A;B;C;D;E;F;G;H;I;J;K;L,B,1,36,3,FALSE,NA,1,80,79,2832,40
1,A;B;C;D;E;F;G;H;I;J;K;L,B,1,37,4,FALSE,NA,1,80,79,2833,40
1,A;B;C;D;E;F;G;H;I;J;K;L,C,1,38,4,FALSE,NA,1,80,79,2834,40
1,A;B;C;D;E;F;G;H;I;J;K;L,D,1,39,4,FALSE,NA,1,80,79,2835,40
1,A;B;C;D;E;F;G;H;I;J;K;L,K,1,40,4,FALSE,NA,1,80,79,2836,40
1,A;B;C;D;E;F;G;H;I;J;K;L,G,1,41,4,FALSE,NA,1,80,79,2837,40
1,A;B;C;D;E;F;G;H;I;J;K;L,E,1,42,4,FALSE,NA,1,80,79,2838,40
1,A;B;C;D;E;F;G;H;I;J;K;L,F,1,43,4,FALSE,NA,1,80,79,2839,40
1,A;B;C;D;E;F;G;H;I;J;K;L,A,1,44,4,FALSE,NA,1,80,79,2840,40
1,A;B;C;D;E;F;G;H;I;J;K;L,I,1,45,4,FALSE,NA,1,80,79,2841,40
1,A;B;C;D;E;F;G;H;I;J;K;L,H,1,46,4,FALSE,NA,1,80,79,2842,40
1,A;B;C;D;E;F;G;H;I;J;K;L,J,1,47,4,FALSE,NA,1,80,79,2843,40
1,A;B;C;D;E;F;G;H;I;J;K;L,L,1,48,4,FALSE,NA,1,80,79,2844,40
1,A;B;C;D;E;F;G;H;I;J;K;L,H,1,49,5,FALSE,NA,1,80,79,2845,40
1,A;B;C;D;E;F;G;H;I;J;K;L,G,1,50,5,FALSE,NA,1,80,79,2846,40
1,A;B;C;D;E;F;G;H;I;J;K;L,J,1,51,5,FALSE,NA,1,80,79,2847,40
1,A;B;C;D;E;F;G;H;I;J;K;L,D,1,52,5,FALSE,NA,1,80,79,2848,40
1,A;B;C;D;E;F;G;H;I;J;K;L,B,1,53,5,FALSE,NA,1,80,79,2849,40
1,A;B;C;D;E;F;G;H;I;J;K;L,F,1,54,5,FALSE,NA,1,80,79,2850,40
1,A;B;C;D;E;F;G;H;I;J;K;L,K,1,55,5,FALSE,NA,1,80,79,2851,40
1,A;B;C;D;E;F;G;H;I;J;K;L,I,1,56,5,FALSE,NA,1,80,79,2852,40
1,A;B;C;D;E;F;G;H;I;J;K;L,L,1,57,5,FALSE,NA,1,80,79,2853,40
1,A;B;C;D;E;F;G;H;I;J;K;L,A,1,58,5,FALSE,NA,1,80,79,2854,40
1,A;B;C;D;E;F;G;H;I;J;K;L,C,1,59,5,FALSE,NA,1,80,79,2855,40
1,A;B;C;D;E;F;G;H;I;J;K;L,E,1,60,5,FALSE,NA,1,80,79,2856,40
1,A;B;C;D;E;F;G;H;I;J;K;L,E,1,61,6,FALSE,NA,1,80,79,2857,40
1,A;B;C;D;E;F;G;H;I;J;K;L,D,1,62,6,FALSE,NA,1,80,79,2858,40
1,A;B;C;D;E;F;G;H;I;J;K;L,C,1,63,6,FALSE,NA,1,80,79,2859,40
1,A;B;C;D;E;F;G;H;I;J;K;L,K,1,64,6,FALSE,NA,1,80,79,2860,40
1,A;B;C;D;E;F;G;H;I;J;K;L,G,1,65,6,FALSE,NA,1,80,79,2861,40
1,A;B;C;D;E;F;G;H;I;J;K;L,J,1,66,6,FALSE,NA,1,80,79,2862,40
1,A;B;C;D;E;F;G;H;I;J;K;L,H,1,67,6,FALSE,NA,1,80,79,2863,40
1,A;B;C;D;E;F;G;H;I;J;K;L,B,1,68,6,FALSE,NA,1,80,79,2864,40
1,A;B;C;D;E;F;G;H;I;J;K;L,I,1,69,6,FALSE,NA,1,80,79,2865,40
1,A;B;C;D;E;F;G;H;I;J;K;L,A,1,70,6,FALSE,NA,1,80,79,2866,40
1,A;B;C;D;E;F;G;H;I;J;K;L,F,1,71,6,FALSE,NA,1,80,79,2867,40
1,A;B;C;D;E;F;G;H;I;J;K;L,L,1,72,6,FALSE,NA,1,80,79,2868,40
1,A;B;C;D;E;F;G;H;I;J;K;L,D,1,1,1,FALSE,NA,1,82,81,2869,41
1,A;B;C;D;E;F;G;H;I;J;K;L,C,1,2,1,FALSE,NA,1,82,81,2870,41
1,A;B;C;D;E;F;G;H;I;J;K;L,H,1,3,1,FALSE,NA,1,82,81,2871,41
1,A;B;C;D;E;F;G;H;I;J;K;L,J,1,4,1,FALSE,NA,1,82,81,2872,41
1,A;B;C;D;E;F;G;H;I;J;K;L,L,1,5,1,FALSE,NA,1,82,81,2873,41
1,A;B;C;D;E;F;G;H;I;J;K;L,A,1,6,1,FALSE,NA,1,82,81,2874,41
1,A;B;C;D;E;F;G;H;I;J;K;L,K,1,7,1,FALSE,NA,1,82,81,2875,41
1,A;B;C;D;E;F;G;H;I;J;K;L,E,1,8,1,FALSE,NA,1,82,81,2876,41
1,A;B;C;D;E;F;G;H;I;J;K;L,I,1,9,1,FALSE,NA,1,82,81,2877,41
1,A;B;C;D;E;F;G;H;I;J;K;L,G,1,10,1,FALSE,NA,1,82,81,2878,41
1,A;B;C;D;E;F;G;H;I;J;K;L,B,1,11,1,FALSE,NA,1,82,81,2879,41
1,A;B;C;D;E;F;G;H;I;J;K;L,F,1,12,1,FALSE,NA,1,82,81,2880,41
1,A;B;C;D;E;F;G;H;I;J;K;L,D,1,13,2,FALSE,NA,1,82,81,2881,41
1,A;B;C;D;E;F;G;H;I;J;K;L,G,1,14,2,FALSE,NA,1,82,81,2882,41
1,A;B;C;D;E;F;G;H;I;J;K;L,A,1,15,2,FALSE,NA,1,82,81,2883,41
1,A;B;C;D;E;F;G;H;I;J;K;L,L,1,16,2,FALSE,NA,1,82,81,2884,41
1,A;B;C;D;E;F;G;H;I;J;K;L,I,1,17,2,FALSE,NA,1,82,81,2885,41
1,A;B;C;D;E;F;G;H;I;J;K;L,F,1,18,2,FALSE,NA,1,82,81,2886,41
1,A;B;C;D;E;F;G;H;I;J;K;L,J,1,19,2,FALSE,NA,1,82,81,2887,41
1,A;B;C;D;E;F;G;H;I;J;K;L,B,1,20,2,FALSE,NA,1,82,81,2888,41
1,A;B;C;D;E;F;G;H;I;J;K;L,E,1,21,2,FALSE,NA,1,82,81,2889,41
1,A;B;C;D;E;F;G;H;I;J;K;L,C,1,22,2,FALSE,NA,1,82,81,2890,41
1,A;B;C;D;E;F;G;H;I;J;K;L,H,1,23,2,FALSE,NA,1,82,81,2891,41
1,A;B;C;D;E;F;G;H;I;J;K;L,K,1,24,2,FALSE,NA,1,82,81,2892,41
1,A;B;C;D;E;F;G;H;I;J;K;L,K,1,25,3,FALSE,NA,1,82,81,2893,41
1,A;B;C;D;E;F;G;H;I;J;K;L,I,1,26,3,FALSE,NA,1,82,81,2894,41
1,A;B;C;D;E;F;G;H;I;J;K;L,J,1,27,3,FALSE,NA,1,82,81,2895,41
1,A;B;C;D;E;F;G;H;I;J;K;L,E,1,28,3,FALSE,NA,1,82,81,2896,41
1,A;B;C;D;E;F;G;H;I;J;K;L,L,1,29,3,FALSE,NA,1,82,81,2897,41
1,A;B;C;D;E;F;G;H;I;J;K;L,A,1,30,3,FALSE,NA,1,82,81,2898,41
1,A;B;C;D;E;F;G;H;I;J;K;L,H,1,31,3,FALSE,NA,1,82,81,2899,41
1,A;B;C;D;E;F;G;H;I;J;K;L,D,1,32,3,FALSE,NA,1,82,81,2900,41
1,A;B;C;D;E;F;G;H;I;J;K;L,G,1,33,3,FALSE,NA,1,82,81,2901,41
1,A;B;C;D;E;F;G;H;I;J;K;L,B,1,34,3,FALSE,NA,1,82,81,2902,41
1,A;B;C;D;E;F;G;H;I;J;K;L,C,1,35,3,FALSE,NA,1,82,81,2903,41
1,A;B;C;D;E;F;G;H;I;J;K;L,F,1,36,3,FALSE,NA,1,82,81,2904,41
1,A;B;C;D;E;F;G;H;I;J;K;L,K,1,37,4,FALSE,NA,1,82,81,2905,41
1,A;B;C;D;E;F;G;H;I;J;K;L,I,1,38,4,FALSE,NA,1,82,81,2906,41
1,A;B;C;D;E;F;G;H;I;J;K;L,A,1,39,4,FALSE,NA,1,82,81,2907,41
1,A;B;C;D;E;F;G;H;I;J;K;L,L,1,40,4,FALSE,NA,1,82,81,2908,41
1,A;B;C;D;E;F;G;H;I;J;K;L,J,1,41,4,FALSE,NA,1,82,81,2909,41
1,A;B;C;D;E;F;G;H;I;J;K;L,H,1,42,4,FALSE,NA,1,82,81,2910,41
1,A;B;C;D;E;F;G;H;I;J;K;L,G,1,43,4,FALSE,NA,1,82,81,2911,41
1,A;B;C;D;E;F;G;H;I;J;K;L,E,1,44,4,FALSE,NA,1,82,81,2912,41
1,A;B;C;D;E;F;G;H;I;J;K;L,F,1,45,4,FALSE,NA,1,82,81,2913,41
1,A;B;C;D;E;F;G;H;I;J;K;L,B,1,46,4,FALSE,NA,1,82,81,2914,41
1,A;B;C;D;E;F;G;H;I;J;K;L,D,1,47,4,FALSE,NA,1,82,81,2915,41
1,A;B;C;D;E;F;G;H;I;J;K;L,C,1,48,4,FALSE,NA,1,82,81,2916,41
1,A;B;C;D;E;F;G;H;I;J;K;L,H,1,49,5,FALSE,NA,1,82,81,2917,41
1,A;B;C;D;E;F;G;H;I;J;K;L,C,1,50,5,FALSE,NA,1,82,81,2918,41
1,A;B;C;D;E;F;G;H;I;J;K;L,K,1,51,5,FALSE,NA,1,82,81,2919,41
1,A;B;C;D;E;F;G;H;I;J;K;L,D,1,52,5,FALSE,NA,1,82,81,2920,41
1,A;B;C;D;E;F;G;H;I;J;K;L,E,1,53,5,FALSE,NA,1,82,81,2921,41
1,A;B;C;D;E;F;G;H;I;J;K;L,I,1,54,5,FALSE,NA,1,82,81,2922,41
1,A;B;C;D;E;F;G;H;I;J;K;L,F,1,55,5,FALSE,NA,1,82,81,2923,41
1,A;B;C;D;E;F;G;H;I;J;K;L,A,1,56,5,FALSE,NA,1,82,81,2924,41
1,A;B;C;D;E;F;G;H;I;J;K;L,L,1,57,5,FALSE,NA,1,82,81,2925,41
1,A;B;C;D;E;F;G;H;I;J;K;L,G,1,58,5,FALSE,NA,1,82,81,2926,41
1,A;B;C;D;E;F;G;H;I;J;K;L,J,1,59,5,FALSE,NA,1,82,81,2927,41
1,A;B;C;D;E;F;G;H;I;J;K;L,B,1,60,5,FALSE,NA,1,82,81,2928,41
1,A;B;C;D;E;F;G;H;I;J;K;L,E,1,61,6,FALSE,NA,1,82,81,2929,41
1,A;B;C;D;E;F;G;H;I;J;K;L,A,1,62,6,FALSE,NA,1,82,81,2930,41
1,A;B;C;D;E;F;G;H;I;J;K;L,G,1,63,6,FALSE,NA,1,82,81,2931,41
1,A;B;C;D;E;F;G;H;I;J;K;L,L,1,64,6,FALSE,NA,1,82,81,2932,41
1,A;B;C;D;E;F;G;H;I;J;K;L,J,1,65,6,FALSE,NA,1,82,81,2933,41
1,A;B;C;D;E;F;G;H;I;J;K;L,D,1,66,6,FALSE,NA,1,82,81,2934,41
1,A;B;C;D;E;F;G;H;I;J;K;L,K,1,67,6,FALSE,NA,1,82,81,2935,41
1,A;B;C;D;E;F;G;H;I;J;K;L,C,1,68,6,FALSE,NA,1,82,81,2936,41
1,A;B;C;D;E;F;G;H;I;J;K;L,I,1,69,6,FALSE,NA,1,82,81,2937,41
1,A;B;C;D;E;F;G;H;I;J;K;L,F,1,70,6,FALSE,NA,1,82,81,2938,41
1,A;B;C;D;E;F;G;H;I;J;K;L,H,1,71,6,FALSE,NA,1,82,81,2939,41
1,A;B;C;D;E;F;G;H;I;J;K;L,B,1,72,6,FALSE,NA,1,82,81,2940,41
1,A;B;C;D;E;F;G;H;I;J;K;L,I,1,1,1,FALSE,NA,1,84,83,2941,42
1,A;B;C;D;E;F;G;H;I;J;K;L,G,1,2,1,FALSE,NA,1,84,83,2942,42
1,A;B;C;D;E;F;G;H;I;J;K;L,L,1,3,1,FALSE,NA,1,84,83,2943,42
1,A;B;C;D;E;F;G;H;I;J;K;L,K,1,4,1,FALSE,NA,1,84,83,2944,42
1,A;B;C;D;E;F;G;H;I;J;K;L,C,1,5,1,FALSE,NA,1,84,83,2945,42
1,A;B;C;D;E;F;G;H;I;J;K;L,B,1,6,1,FALSE,NA,1,84,83,2946,42
1,A;B;C;D;E;F;G;H;I;J;K;L,D,1,7,1,FALSE,NA,1,84,83,2947,42
1,A;B;C;D;E;F;G;H;I;J;K;L,E,1,8,1,FALSE,NA,1,84,83,2948,42
1,A;B;C;D;E;F;G;H;I;J;K;L,H,1,9,1,FALSE,NA,1,84,83,2949,42
1,A;B;C;D;E;F;G;H;I;J;K;L,J,1,10,1,FALSE,NA,1,84,83,2950,42
1,A;B;C;D;E;F;G;H;I;J;K;L,A,1,11,1,FALSE,NA,1,84,83,2951,42
1,A;B;C;D;E;F;G;H;I;J;K;L,F,1,12,1,FALSE,NA,1,84,83,2952,42
1,A;B;C;D;E;F;G;H;I;J;K;L,A,1,13,2,FALSE,NA,1,84,83,2953,42
1,A;B;C;D;E;F;G;H;I;J;K;L,F,1,14,2,FALSE,NA,1,84,83,2954,42
1,A;B;C;D;E;F;G;H;I;J;K;L,D,1,15,2,FALSE,NA,1,84,83,2955,42
1,A;B;C;D;E;F;G;H;I;J;K;L,G,1,16,2,FALSE,NA,1,84,83,2956,42
1,A;B;C;D;E;F;G;H;I;J;K;L,L,1,17,2,FALSE,NA,1,84,83,2957,42
1,A;B;C;D;E;F;G;H;I;J;K;L,K,1,18,2,FALSE,NA,1,84,83,2958,42
1,A;B;C;D;E;F;G;H;I;J;K;L,E,1,19,2,FALSE,NA,1,84,83,2959,42
1,A;B;C;D;E;F;G;H;I;J;K;L,J,1,20,2,FALSE,NA,1,84,83,2960,42
1,A;B;C;D;E;F;G;H;I;J;K;L,I,1,21,2,FALSE,NA,1,84,83,2961,42
1,A;B;C;D;E;F;G;H;I;J;K;L,H,1,22,2,FALSE,NA,1,84,83,2962,42
1,A;B;C;D;E;F;G;H;I;J;K;L,B,1,23,2,FALSE,NA,1,84,83,2963,42
1,A;B;C;D;E;F;G;H;I;J;K;L,C,1,24,2,FALSE,NA,1,84,83,2964,42
1,A;B;C;D;E;F;G;H;I;J;K;L,C,1,25,3,FALSE,NA,1,84,83,2965,42
1,A;B;C;D;E;F;G;H;I;J;K;L,K,1,26,3,FALSE,NA,1,84,83,2966,42
1,A;B;C;D;E;F;G;H;I;J;K;L,A,1,27,3,FALSE,NA,1,84,83,2967,42
1,A;B;C;D;E;F;G;H;I;J;K;L,J,1,28,3,FALSE,NA,1,84,83,2968,42
1,A;B;C;D;E;F;G;H;I;J;K;L,H,1,29,3,FALSE,NA,1,84,83,2969,42
1,A;B;C;D;E;F;G;H;I;J;K;L,D,1,30,3,FALSE,NA,1,84,83,2970,42
1,A;B;C;D;E;F;G;H;I;J;K;L,B,1,31,3,FALSE,NA,1,84,83,2971,42
1,A;B;C;D;E;F;G;H;I;J;K;L,I,1,32,3,FALSE,NA,1,84,83,2972,42
1,A;B;C;D;E;F;G;H;I;J;K;L,G,1,33,3,FALSE,NA,1,84,83,2973,42
1,A;B;C;D;E;F;G;H;I;J;K;L,F,1,34,3,FALSE,NA,1,84,83,2974,42
1,A;B;C;D;E;F;G;H;I;J;K;L,E,1,35,3,FALSE,NA,1,84,83,2975,42
1,A;B;C;D;E;F;G;H;I;J;K;L,L,1,36,3,FALSE,NA,1,84,83,2976,42
1,A;B;C;D;E;F;G;H;I;J;K;L,A,1,37,4,FALSE,NA,1,84,83,2977,42
1,A;B;C;D;E;F;G;H;I;J;K;L,D,1,38,4,FALSE,NA,1,84,83,2978,42
1,A;B;C;D;E;F;G;H;I;J;K;L,G,1,39,4,FALSE,NA,1,84,83,2979,42
1,A;B;C;D;E;F;G;H;I;J;K;L,B,1,40,4,FALSE,NA,1,84,83,2980,42
1,A;B;C;D;E;F;G;H;I;J;K;L,E,1,41,4,FALSE,NA,1,84,83,2981,42
1,A;B;C;D;E;F;G;H;I;J;K;L,I,1,42,4,FALSE,NA,1,84,83,2982,42
1,A;B;C;D;E;F;G;H;I;J;K;L,L,1,43,4,FALSE,NA,1,84,83,2983,42
1,A;B;C;D;E;F;G;H;I;J;K;L,K,1,44,4,FALSE,NA,1,84,83,2984,42
1,A;B;C;D;E;F;G;H;I;J;K;L,H,1,45,4,FALSE,NA,1,84,83,2985,42
1,A;B;C;D;E;F;G;H;I;J;K;L,F,1,46,4,FALSE,NA,1,84,83,2986,42
1,A;B;C;D;E;F;G;H;I;J;K;L,C,1,47,4,FALSE,NA,1,84,83,2987,42
1,A;B;C;D;E;F;G;H;I;J;K;L,J,1,48,4,FALSE,NA,1,84,83,2988,42
1,A;B;C;D;E;F;G;H;I;J;K;L,I,1,49,5,FALSE,NA,1,84,83,2989,42
1,A;B;C;D;E;F;G;H;I;J;K;L,A,1,50,5,FALSE,NA,1,84,83,2990,42
1,A;B;C;D;E;F;G;H;I;J;K;L,C,1,51,5,FALSE,NA,1,84,83,2991,42
1,A;B;C;D;E;F;G;H;I;J;K;L,E,1,52,5,FALSE,NA,1,84,83,2992,42
1,A;B;C;D;E;F;G;H;I;J;K;L,G,1,53,5,FALSE,NA,1,84,83,2993,42
1,A;B;C;D;E;F;G;H;I;J;K;L,J,1,54,5,FALSE,NA,1,84,83,2994,42
1,A;B;C;D;E;F;G;H;I;J;K;L,L,1,55,5,FALSE,NA,1,84,83,2995,42
1,A;B;C;D;E;F;G;H;I;J;K;L,H,1,56,5,FALSE,NA,1,84,83,2996,42
1,A;B;C;D;E;F;G;H;I;J;K;L,B,1,57,5,FALSE,NA,1,84,83,2997,42
1,A;B;C;D;E;F;G;H;I;J;K;L,F,1,58,5,FALSE,NA,1,84,83,2998,42
1,A;B;C;D;E;F;G;H;I;J;K;L,D,1,59,5,FALSE,NA,1,84,83,2999,42
1,A;B;C;D;E;F;G;H;I;J;K;L,K,1,60,5,FALSE,NA,1,84,83,3000,42
1,A;B;C;D;E;F;G;H;I;J;K;L,I,1,61,6,FALSE,NA,1,84,83,3001,42
1,A;B;C;D;E;F;G;H;I;J;K;L,E,1,62,6,FALSE,NA,1,84,83,3002,42
1,A;B;C;D;E;F;G;H;I;J;K;L,C,1,63,6,FALSE,NA,1,84,83,3003,42
1,A;B;C;D;E;F;G;H;I;J;K;L,J,1,64,6,FALSE,NA,1,84,83,3004,42
1,A;B;C;D;E;F;G;H;I;J;K;L,G,1,65,6,FALSE,NA,1,84,83,3005,42
1,A;B;C;D;E;F;G;H;I;J;K;L,B,1,66,6,FALSE,NA,1,84,83,3006,42
1,A;B;C;D;E;F;G;H;I;J;K;L,F,1,67,6,FALSE,NA,1,84,83,3007,42
1,A;B;C;D;E;F;G;H;I;J;K;L,D,1,68,6,FALSE,NA,1,84,83,3008,42
1,A;B;C;D;E;F;G;H;I;J;K;L,K,1,69,6,FALSE,NA,1,84,83,3009,42
1,A;B;C;D;E;F;G;H;I;J;K;L,H,1,70,6,FALSE,NA,1,84,83,3010,42
1,A;B;C;D;E;F;G;H;I;J;K;L,L,1,71,6,FALSE,NA,1,84,83,3011,42
1,A;B;C;D;E;F;G;H;I;J;K;L,A,1,72,6,FALSE,NA,1,84,83,3012,42
1,A;B;C;D;E;F;G;H;I;J;K;L,K,1,1,1,FALSE,NA,1,86,85,3013,43
1,A;B;C;D;E;F;G;H;I;J;K;L,G,1,2,1,FALSE,NA,1,86,85,3014,43
1,A;B;C;D;E;F;G;H;I;J;K;L,F,1,3,1,FALSE,NA,1,86,85,3015,43
1,A;B;C;D;E;F;G;H;I;J;K;L,C,1,4,1,FALSE,NA,1,86,85,3016,43
1,A;B;C;D;E;F;G;H;I;J;K;L,B,1,5,1,FALSE,NA,1,86,85,3017,43
1,A;B;C;D;E;F;G;H;I;J;K;L,A,1,6,1,FALSE,NA,1,86,85,3018,43
1,A;B;C;D;E;F;G;H;I;J;K;L,H,1,7,1,FALSE,NA,1,86,85,3019,43
1,A;B;C;D;E;F;G;H;I;J;K;L,E,1,8,1,FALSE,NA,1,86,85,3020,43
1,A;B;C;D;E;F;G;H;I;J;K;L,J,1,9,1,FALSE,NA,1,86,85,3021,43
1,A;B;C;D;E;F;G;H;I;J;K;L,D,1,10,1,FALSE,NA,1,86,85,3022,43
1,A;B;C;D;E;F;G;H;I;J;K;L,I,1,11,1,FALSE,NA,1,86,85,3023,43
1,A;B;C;D;E;F;G;H;I;J;K;L,L,1,12,1,FALSE,NA,1,86,85,3024,43
1,A;B;C;D;E;F;G;H;I;J;K;L,F,1,13,2,FALSE,NA,1,86,85,3025,43
1,A;B;C;D;E;F;G;H;I;J;K;L,G,1,14,2,FALSE,NA,1,86,85,3026,43
1,A;B;C;D;E;F;G;H;I;J;K;L,H,1,15,2,FALSE,NA,1,86,85,3027,43
1,A;B;C;D;E;F;G;H;I;J;K;L,A,1,16,2,FALSE,NA,1,86,85,3028,43
1,A;B;C;D;E;F;G;H;I;J;K;L,E,1,17,2,FALSE,NA,1,86,85,3029,43
1,A;B;C;D;E;F;G;H;I;J;K;L,J,1,18,2,FALSE,NA,1,86,85,3030,43
1,A;B;C;D;E;F;G;H;I;J;K;L,D,1,19,2,FALSE,NA,1,86,85,3031,43
1,A;B;C;D;E;F;G;H;I;J;K;L,B,1,20,2,FALSE,NA,1,86,85,3032,43
1,A;B;C;D;E;F;G;H;I;J;K;L,K,1,21,2,FALSE,NA,1,86,85,3033,43
1,A;B;C;D;E;F;G;H;I;J;K;L,I,1,22,2,FALSE,NA,1,86,85,3034,43
1,A;B;C;D;E;F;G;H;I;J;K;L,L,1,23,2,FALSE,NA,1,86,85,3035,43
1,A;B;C;D;E;F;G;H;I;J;K;L,C,1,24,2,FALSE,NA,1,86,85,3036,43
1,A;B;C;D;E;F;G;H;I;J;K;L,L,1,25,3,FALSE,NA,1,86,85,3037,43
1,A;B;C;D;E;F;G;H;I;J;K;L,H,1,26,3,FALSE,NA,1,86,85,3038,43
1,A;B;C;D;E;F;G;H;I;J;K;L,K,1,27,3,FALSE,NA,1,86,85,3039,43
1,A;B;C;D;E;F;G;H;I;J;K;L,C,1,28,3,FALSE,NA,1,86,85,3040,43
1,A;B;C;D;E;F;G;H;I;J;K;L,I,1,29,3,FALSE,NA,1,86,85,3041,43
1,A;B;C;D;E;F;G;H;I;J;K;L,B,1,30,3,FALSE,NA,1,86,85,3042,43
1,A;B;C;D;E;F;G;H;I;J;K;L,J,1,31,3,FALSE,NA,1,86,85,3043,43
1,A;B;C;D;E;F;G;H;I;J;K;L,A,1,32,3,FALSE,NA,1,86,85,3044,43
1,A;B;C;D;E;F;G;H;I;J;K;L,D,1,33,3,FALSE,NA,1,86,85,3045,43
1,A;B;C;D;E;F;G;H;I;J;K;L,G,1,34,3,FALSE,NA,1,86,85,3046,43
1,A;B;C;D;E;F;G;H;I;J;K;L,F,1,35,3,FALSE,NA,1,86,85,3047,43
1,A;B;C;D;E;F;G;H;I;J;K;L,E,1,36,3,FALSE,NA,1,86,85,3048,43
1,A;B;C;D;E;F;G;H;I;J;K;L,C,1,37,4,FALSE,NA,1,86,85,3049,43
1,A;B;C;D;E;F;G;H;I;J;K;L,K,1,38,4,FALSE,NA,1,86,85,3050,43
1,A;B;C;D;E;F;G;H;I;J;K;L,J,1,39,4,FALSE,NA,1,86,85,3051,43
1,A;B;C;D;E;F;G;H;I;J;K;L,I,1,40,4,FALSE,NA,1,86,85,3052,43
1,A;B;C;D;E;F;G;H;I;J;K;L,A,1,41,4,FALSE,NA,1,86,85,3053,43
1,A;B;C;D;E;F;G;H;I;J;K;L,D,1,42,4,FALSE,NA,1,86,85,3054,43
1,A;B;C;D;E;F;G;H;I;J;K;L,G,1,43,4,FALSE,NA,1,86,85,3055,43
1,A;B;C;D;E;F;G;H;I;J;K;L,B,1,44,4,FALSE,NA,1,86,85,3056,43
1,A;B;C;D;E;F;G;H;I;J;K;L,E,1,45,4,FALSE,NA,1,86,85,3057,43
1,A;B;C;D;E;F;G;H;I;J;K;L,L,1,46,4,FALSE,NA,1,86,85,3058,43
1,A;B;C;D;E;F;G;H;I;J;K;L,H,1,47,4,FALSE,NA,1,86,85,3059,43
1,A;B;C;D;E;F;G;H;I;J;K;L,F,1,48,4,FALSE,NA,1,86,85,3060,43
1,A;B;C;D;E;F;G;H;I;J;K;L,K,1,49,5,FALSE,NA,1,86,85,3061,43
1,A;B;C;D;E;F;G;H;I;J;K;L,D,1,50,5,FALSE,NA,1,86,85,3062,43
1,A;B;C;D;E;F;G;H;I;J;K;L,L,1,51,5,FALSE,NA,1,86,85,3063,43
1,A;B;C;D;E;F;G;H;I;J;K;L,E,1,52,5,FALSE,NA,1,86,85,3064,43
1,A;B;C;D;E;F;G;H;I;J;K;L,J,1,53,5,FALSE,NA,1,86,85,3065,43
1,A;B;C;D;E;F;G;H;I;J;K;L,C,1,54,5,FALSE,NA,1,86,85,3066,43
1,A;B;C;D;E;F;G;H;I;J;K;L,F,1,55,5,FALSE,NA,1,86,85,3067,43
1,A;B;C;D;E;F;G;H;I;J;K;L,B,1,56,5,FALSE,NA,1,86,85,3068,43
1,A;B;C;D;E;F;G;H;I;J;K;L,H,1,57,5,FALSE,NA,1,86,85,3069,43
1,A;B;C;D;E;F;G;H;I;J;K;L,A,1,58,5,FALSE,NA,1,86,85,3070,43
1,A;B;C;D;E;F;G;H;I;J;K;L,G,1,59,5,FALSE,NA,1,86,85,3071,43
1,A;B;C;D;E;F;G;H;I;J;K;L,I,1,60,5,FALSE,NA,1,86,85,3072,43
1,A;B;C;D;E;F;G;H;I;J;K;L,C,1,61,6,FALSE,NA,1,86,85,3073,43
1,A;B;C;D;E;F;G;H;I;J;K;L,E,1,62,6,FALSE,NA,1,86,85,3074,43
1,A;B;C;D;E;F;G;H;I;J;K;L,D,1,63,6,FALSE,NA,1,86,85,3075,43
1,A;B;C;D;E;F;G;H;I;J;K;L,J,1,64,6,FALSE,NA,1,86,85,3076,43
1,A;B;C;D;E;F;G;H;I;J;K;L,H,1,65,6,FALSE,NA,1,86,85,3077,43
1,A;B;C;D;E;F;G;H;I;J;K;L,I,1,66,6,FALSE,NA,1,86,85,3078,43
1,A;B;C;D;E;F;G;H;I;J;K;L,B,1,67,6,FALSE,NA,1,86,85,3079,43
1,A;B;C;D;E;F;G;H;I;J;K;L,G,1,68,6,FALSE,NA,1,86,85,3080,43
1,A;B;C;D;E;F;G;H;I;J;K;L,K,1,69,6,FALSE,NA,1,86,85,3081,43
1,A;B;C;D;E;F;G;H;I;J;K;L,F,1,70,6,FALSE,NA,1,86,85,3082,43
1,A;B;C;D;E;F;G;H;I;J;K;L,L,1,71,6,FALSE,NA,1,86,85,3083,43
1,A;B;C;D;E;F;G;H;I;J;K;L,A,1,72,6,FALSE,NA,1,86,85,3084,43
1,A;B;C;D;E;F;G;H;I;J;K;L,C,1,1,1,FALSE,NA,1,88,87,3085,44
1,A;B;C;D;E;F;G;H;I;J;K;L,I,1,2,1,FALSE,NA,1,88,87,3086,44
1,A;B;C;D;E;F;G;H;I;J;K;L,K,1,3,1,FALSE,NA,1,88,87,3087,44
1,A;B;C;D;E;F;G;H;I;J;K;L,E,1,4,1,FALSE,NA,1,88,87,3088,44
1,A;B;C;D;E;F;G;H;I;J;K;L,B,1,5,1,FALSE,NA,1,88,87,3089,44
1,A;B;C;D;E;F;G;H;I;J;K;L,D,1,6,1,FALSE,NA,1,88,87,3090,44
1,A;B;C;D;E;F;G;H;I;J;K;L,A,1,7,1,FALSE,NA,1,88,87,3091,44
1,A;B;C;D;E;F;G;H;I;J;K;L,L,1,8,1,FALSE,NA,1,88,87,3092,44
1,A;B;C;D;E;F;G;H;I;J;K;L,H,1,9,1,FALSE,NA,1,88,87,3093,44
1,A;B;C;D;E;F;G;H;I;J;K;L,F,1,10,1,FALSE,NA,1,88,87,3094,44
1,A;B;C;D;E;F;G;H;I;J;K;L,J,1,11,1,FALSE,NA,1,88,87,3095,44
1,A;B;C;D;E;F;G;H;I;J;K;L,G,1,12,1,FALSE,NA,1,88,87,3096,44
1,A;B;C;D;E;F;G;H;I;J;K;L,B,1,13,2,FALSE,NA,1,88,87,3097,44
1,A;B;C;D;E;F;G;H;I;J;K;L,A,1,14,2,FALSE,NA,1,88,87,3098,44
1,A;B;C;D;E;F;G;H;I;J;K;L,E,1,15,2,FALSE,NA,1,88,87,3099,44
1,A;B;C;D;E;F;G;H;I;J;K;L,K,1,16,2,FALSE,NA,1,88,87,3100,44
1,A;B;C;D;E;F;G;H;I;J;K;L,I,1,17,2,FALSE,NA,1,88,87,3101,44
1,A;B;C;D;E;F;G;H;I;J;K;L,L,1,18,2,FALSE,NA,1,88,87,3102,44
1,A;B;C;D;E;F;G;H;I;J;K;L,D,1,19,2,FALSE,NA,1,88,87,3103,44
1,A;B;C;D;E;F;G;H;I;J;K;L,C,1,20,2,FALSE,NA,1,88,87,3104,44
1,A;B;C;D;E;F;G;H;I;J;K;L,H,1,21,2,FALSE,NA,1,88,87,3105,44
1,A;B;C;D;E;F;G;H;I;J;K;L,G,1,22,2,FALSE,NA,1,88,87,3106,44
1,A;B;C;D;E;F;G;H;I;J;K;L,F,1,23,2,FALSE,NA,1,88,87,3107,44
1,A;B;C;D;E;F;G;H;I;J;K;L,J,1,24,2,FALSE,NA,1,88,87,3108,44
1,A;B;C;D;E;F;G;H;I;J;K;L,K,1,25,3,FALSE,NA,1,88,87,3109,44
1,A;B;C;D;E;F;G;H;I;J;K;L,G,1,26,3,FALSE,NA,1,88,87,3110,44
1,A;B;C;D;E;F;G;H;I;J;K;L,F,1,27,3,FALSE,NA,1,88,87,3111,44
1,A;B;C;D;E;F;G;H;I;J;K;L,J,1,28,3,FALSE,NA,1,88,87,3112,44
1,A;B;C;D;E;F;G;H;I;J;K;L,A,1,29,3,FALSE,NA,1,88,87,3113,44
1,A;B;C;D;E;F;G;H;I;J;K;L,D,1,30,3,FALSE,NA,1,88,87,3114,44
1,A;B;C;D;E;F;G;H;I;J;K;L,C,1,31,3,FALSE,NA,1,88,87,3115,44
1,A;B;C;D;E;F;G;H;I;J;K;L,I,1,32,3,FALSE,NA,1,88,87,3116,44
1,A;B;C;D;E;F;G;H;I;J;K;L,L,1,33,3,FALSE,NA,1,88,87,3117,44
1,A;B;C;D;E;F;G;H;I;J;K;L,B,1,34,3,FALSE,NA,1,88,87,3118,44
1,A;B;C;D;E;F;G;H;I;J;K;L,E,1,35,3,FALSE,NA,1,88,87,3119,44
1,A;B;C;D;E;F;G;H;I;J;K;L,H,1,36,3,FALSE,NA,1,88,87,3120,44
1,A;B;C;D;E;F;G;H;I;J;K;L,B,1,37,4,FALSE,NA,1,88,87,3121,44
1,A;B;C;D;E;F;G;H;I;J;K;L,L,1,38,4,FALSE,NA,1,88,87,3122,44
1,A;B;C;D;E;F;G;H;I;J;K;L,H,1,39,4,FALSE,NA,1,88,87,3123,44
1,A;B;C;D;E;F;G;H;I;J;K;L,D,1,40,4,FALSE,NA,1,88,87,3124,44
1,A;B;C;D;E;F;G;H;I;J;K;L,I,1,41,4,FALSE,NA,1,88,87,3125,44
1,A;B;C;D;E;F;G;H;I;J;K;L,K,1,42,4,FALSE,NA,1,88,87,3126,44
1,A;B;C;D;E;F;G;H;I;J;K;L,G,1,43,4,FALSE,NA,1,88,87,3127,44
1,A;B;C;D;E;F;G;H;I;J;K;L,E,1,44,4,FALSE,NA,1,88,87,3128,44
1,A;B;C;D;E;F;G;H;I;J;K;L,A,1,45,4,FALSE,NA,1,88,87,3129,44
1,A;B;C;D;E;F;G;H;I;J;K;L,J,1,46,4,FALSE,NA,1,88,87,3130,44
1,A;B;C;D;E;F;G;H;I;J;K;L,F,1,47,4,FALSE,NA,1,88,87,3131,44
1,A;B;C;D;E;F;G;H;I;J;K;L,C,1,48,4,FALSE,NA,1,88,87,3132,44
1,A;B;C;D;E;F;G;H;I;J;K;L,J,1,49,5,FALSE,NA,1,88,87,3133,44
1,A;B;C;D;E;F;G;H;I;J;K;L,C,1,50,5,FALSE,NA,1,88,87,3134,44
1,A;B;C;D;E;F;G;H;I;J;K;L,L,1,51,5,FALSE,NA,1,88,87,3135,44
1,A;B;C;D;E;F;G;H;I;J;K;L,B,1,52,5,FALSE,NA,1,88,87,3136,44
1,A;B;C;D;E;F;G;H;I;J;K;L,I,1,53,5,FALSE,NA,1,88,87,3137,44
1,A;B;C;D;E;F;G;H;I;J;K;L,A,1,54,5,FALSE,NA,1,88,87,3138,44
1,A;B;C;D;E;F;G;H;I;J;K;L,D,1,55,5,FALSE,NA,1,88,87,3139,44
1,A;B;C;D;E;F;G;H;I;J;K;L,K,1,56,5,FALSE,NA,1,88,87,3140,44
1,A;B;C;D;E;F;G;H;I;J;K;L,F,1,57,5,FALSE,NA,1,88,87,3141,44
1,A;B;C;D;E;F;G;H;I;J;K;L,H,1,58,5,FALSE,NA,1,88,87,3142,44
1,A;B;C;D;E;F;G;H;I;J;K;L,G,1,59,5,FALSE,NA,1,88,87,3143,44
1,A;B;C;D;E;F;G;H;I;J;K;L,E,1,60,5,FALSE,NA,1,88,87,3144,44
1,A;B;C;D;E;F;G;H;I;J;K;L,B,1,61,6,FALSE,NA,1,88,87,3145,44
1,A;B;C;D;E;F;G;H;I;J;K;L,A,1,62,6,FALSE,NA,1,88,87,3146,44
1,A;B;C;D;E;F;G;H;I;J;K;L,C,1,63,6,FALSE,NA,1,88,87,3147,44
1,A;B;C;D;E;F;G;H;I;J;K;L,K,1,64,6,FALSE,NA,1,88,87,3148,44
1,A;B;C;D;E;F;G;H;I;J;K;L,E,1,65,6,FALSE,NA,1,88,87,3149,44
1,A;B;C;D;E;F;G;H;I;J;K;L,D,1,66,6,FALSE,NA,1,88,87,3150,44
1,A;B;C;D;E;F;G;H;I;J;K;L,H,1,67,6,FALSE,NA,1,88,87,3151,44
1,A;B;C;D;E;F;G;H;I;J;K;L,F,1,68,6,FALSE,NA,1,88,87,3152,44
1,A;B;C;D;E;F;G;H;I;J;K;L,L,1,69,6,FALSE,NA,1,88,87,3153,44
1,A;B;C;D;E;F;G;H;I;J;K;L,I,1,70,6,FALSE,NA,1,88,87,3154,44
1,A;B;C;D;E;F;G;H;I;J;K;L,J,1,71,6,FALSE,NA,1,88,87,3155,44
1,A;B;C;D;E;F;G;H;I;J;K;L,G,1,72,6,FALSE,NA,1,88,87,3156,44
1,A;B;C;D;E;F;G;H;I;J;K;L,D,1,1,1,TRUE,low accuracy game,1,90,89,3157,45
1,A;B;C;D;E;F;G;H;I;J;K;L,G,1,2,1,TRUE,low accuracy game,1,90,89,3158,45
1,A;B;C;D;E;F;G;H;I;J;K;L,A,1,3,1,TRUE,low accuracy game,1,90,89,3159,45
1,A;B;C;D;E;F;G;H;I;J;K;L,E,1,4,1,TRUE,low accuracy game,1,90,89,3160,45
1,A;B;C;D;E;F;G;H;I;J;K;L,J,1,5,1,TRUE,low accuracy game,1,90,89,3161,45
1,A;B;C;D;E;F;G;H;I;J;K;L,F,1,6,1,TRUE,low accuracy game,1,90,89,3162,45
1,A;B;C;D;E;F;G;H;I;J;K;L,I,1,7,1,TRUE,low accuracy game,1,90,89,3163,45
1,A;B;C;D;E;F;G;H;I;J;K;L,C,1,8,1,TRUE,low accuracy game,1,90,89,3164,45
1,A;B;C;D;E;F;G;H;I;J;K;L,K,1,9,1,TRUE,low accuracy game,1,90,89,3165,45
1,A;B;C;D;E;F;G;H;I;J;K;L,H,1,10,1,TRUE,low accuracy game,1,90,89,3166,45
1,A;B;C;D;E;F;G;H;I;J;K;L,B,1,11,1,TRUE,low accuracy game,1,90,89,3167,45
1,A;B;C;D;E;F;G;H;I;J;K;L,L,1,12,1,TRUE,low accuracy game,1,90,89,3168,45
1,A;B;C;D;E;F;G;H;I;J;K;L,C,1,13,2,TRUE,low accuracy game,1,90,89,3169,45
1,A;B;C;D;E;F;G;H;I;J;K;L,H,1,14,2,TRUE,low accuracy game,1,90,89,3170,45
1,A;B;C;D;E;F;G;H;I;J;K;L,A,1,15,2,TRUE,low accuracy game,1,90,89,3171,45
1,A;B;C;D;E;F;G;H;I;J;K;L,L,1,16,2,TRUE,low accuracy game,1,90,89,3172,45
1,A;B;C;D;E;F;G;H;I;J;K;L,E,1,17,2,TRUE,low accuracy game,1,90,89,3173,45
1,A;B;C;D;E;F;G;H;I;J;K;L,K,1,18,2,TRUE,low accuracy game,1,90,89,3174,45
1,A;B;C;D;E;F;G;H;I;J;K;L,F,1,19,2,TRUE,low accuracy game,1,90,89,3175,45
1,A;B;C;D;E;F;G;H;I;J;K;L,J,1,20,2,TRUE,low accuracy game,1,90,89,3176,45
1,A;B;C;D;E;F;G;H;I;J;K;L,I,1,21,2,TRUE,low accuracy game,1,90,89,3177,45
1,A;B;C;D;E;F;G;H;I;J;K;L,D,1,22,2,TRUE,low accuracy game,1,90,89,3178,45
1,A;B;C;D;E;F;G;H;I;J;K;L,G,1,23,2,TRUE,low accuracy game,1,90,89,3179,45
1,A;B;C;D;E;F;G;H;I;J;K;L,B,1,24,2,TRUE,low accuracy game,1,90,89,3180,45
1,A;B;C;D;E;F;G;H;I;J;K;L,I,1,25,3,TRUE,low accuracy game,1,90,89,3181,45
1,A;B;C;D;E;F;G;H;I;J;K;L,K,1,26,3,TRUE,low accuracy game,1,90,89,3182,45
1,A;B;C;D;E;F;G;H;I;J;K;L,H,1,27,3,TRUE,low accuracy game,1,90,89,3183,45
1,A;B;C;D;E;F;G;H;I;J;K;L,D,1,28,3,TRUE,low accuracy game,1,90,89,3184,45
1,A;B;C;D;E;F;G;H;I;J;K;L,C,1,29,3,TRUE,low accuracy game,1,90,89,3185,45
1,A;B;C;D;E;F;G;H;I;J;K;L,E,1,30,3,TRUE,low accuracy game,1,90,89,3186,45
1,A;B;C;D;E;F;G;H;I;J;K;L,A,1,31,3,TRUE,low accuracy game,1,90,89,3187,45
1,A;B;C;D;E;F;G;H;I;J;K;L,G,1,32,3,TRUE,low accuracy game,1,90,89,3188,45
1,A;B;C;D;E;F;G;H;I;J;K;L,J,1,33,3,TRUE,low accuracy game,1,90,89,3189,45
1,A;B;C;D;E;F;G;H;I;J;K;L,B,1,34,3,TRUE,low accuracy game,1,90,89,3190,45
1,A;B;C;D;E;F;G;H;I;J;K;L,F,1,35,3,TRUE,low accuracy game,1,90,89,3191,45
1,A;B;C;D;E;F;G;H;I;J;K;L,L,1,36,3,TRUE,low accuracy game,1,90,89,3192,45
1,A;B;C;D;E;F;G;H;I;J;K;L,A,1,37,4,TRUE,low accuracy game,1,90,89,3193,45
1,A;B;C;D;E;F;G;H;I;J;K;L,C,1,38,4,TRUE,low accuracy game,1,90,89,3194,45
1,A;B;C;D;E;F;G;H;I;J;K;L,J,1,39,4,TRUE,low accuracy game,1,90,89,3195,45
1,A;B;C;D;E;F;G;H;I;J;K;L,F,1,40,4,TRUE,low accuracy game,1,90,89,3196,45
1,A;B;C;D;E;F;G;H;I;J;K;L,B,1,41,4,TRUE,low accuracy game,1,90,89,3197,45
1,A;B;C;D;E;F;G;H;I;J;K;L,K,1,42,4,TRUE,low accuracy game,1,90,89,3198,45
1,A;B;C;D;E;F;G;H;I;J;K;L,G,1,43,4,TRUE,low accuracy game,1,90,89,3199,45
1,A;B;C;D;E;F;G;H;I;J;K;L,D,1,44,4,TRUE,low accuracy game,1,90,89,3200,45
1,A;B;C;D;E;F;G;H;I;J;K;L,I,1,45,4,TRUE,low accuracy game,1,90,89,3201,45
1,A;B;C;D;E;F;G;H;I;J;K;L,E,1,46,4,TRUE,low accuracy game,1,90,89,3202,45
1,A;B;C;D;E;F;G;H;I;J;K;L,L,1,47,4,TRUE,low accuracy game,1,90,89,3203,45
1,A;B;C;D;E;F;G;H;I;J;K;L,H,1,48,4,TRUE,low accuracy game,1,90,89,3204,45
1,A;B;C;D;E;F;G;H;I;J;K;L,H,1,49,5,TRUE,low accuracy game,1,90,89,3205,45
1,A;B;C;D;E;F;G;H;I;J;K;L,E,1,50,5,TRUE,low accuracy game,1,90,89,3206,45
1,A;B;C;D;E;F;G;H;I;J;K;L,D,1,51,5,TRUE,low accuracy game,1,90,89,3207,45
1,A;B;C;D;E;F;G;H;I;J;K;L,I,1,52,5,TRUE,low accuracy game,1,90,89,3208,45
1,A;B;C;D;E;F;G;H;I;J;K;L,A,1,53,5,TRUE,low accuracy game,1,90,89,3209,45
1,A;B;C;D;E;F;G;H;I;J;K;L,G,1,54,5,TRUE,low accuracy game,1,90,89,3210,45
1,A;B;C;D;E;F;G;H;I;J;K;L,C,1,55,5,TRUE,low accuracy game,1,90,89,3211,45
1,A;B;C;D;E;F;G;H;I;J;K;L,J,1,56,5,TRUE,low accuracy game,1,90,89,3212,45
1,A;B;C;D;E;F;G;H;I;J;K;L,B,1,57,5,TRUE,low accuracy game,1,90,89,3213,45
1,A;B;C;D;E;F;G;H;I;J;K;L,L,1,58,5,TRUE,low accuracy game,1,90,89,3214,45
1,A;B;C;D;E;F;G;H;I;J;K;L,K,1,59,5,TRUE,low accuracy game,1,90,89,3215,45
1,A;B;C;D;E;F;G;H;I;J;K;L,F,1,60,5,TRUE,low accuracy game,1,90,89,3216,45
1,A;B;C;D;E;F;G;H;I;J;K;L,J,1,61,6,TRUE,low accuracy game,1,90,89,3217,45
1,A;B;C;D;E;F;G;H;I;J;K;L,B,1,62,6,TRUE,low accuracy game,1,90,89,3218,45
1,A;B;C;D;E;F;G;H;I;J;K;L,A,1,63,6,TRUE,low accuracy game,1,90,89,3219,45
1,A;B;C;D;E;F;G;H;I;J;K;L,E,1,64,6,TRUE,low accuracy game,1,90,89,3220,45
1,A;B;C;D;E;F;G;H;I;J;K;L,C,1,65,6,TRUE,low accuracy game,1,90,89,3221,45
1,A;B;C;D;E;F;G;H;I;J;K;L,D,1,66,6,TRUE,low accuracy game,1,90,89,3222,45
1,A;B;C;D;E;F;G;H;I;J;K;L,L,1,67,6,TRUE,low accuracy game,1,90,89,3223,45
1,A;B;C;D;E;F;G;H;I;J;K;L,G,1,68,6,TRUE,low accuracy game,1,90,89,3224,45
1,A;B;C;D;E;F;G;H;I;J;K;L,H,1,69,6,TRUE,low accuracy game,1,90,89,3225,45
1,A;B;C;D;E;F;G;H;I;J;K;L,I,1,70,6,TRUE,low accuracy game,1,90,89,3226,45
1,A;B;C;D;E;F;G;H;I;J;K;L,F,1,71,6,TRUE,low accuracy game,1,90,89,3227,45
1,A;B;C;D;E;F;G;H;I;J;K;L,K,1,72,6,TRUE,low accuracy game,1,90,89,3228,45
1,A;B;C;D;E;F;G;H;I;J;K;L,H,1,1,1,FALSE,NA,1,92,91,3229,46
1,A;B;C;D;E;F;G;H;I;J;K;L,I,1,2,1,FALSE,NA,1,92,91,3230,46
1,A;B;C;D;E;F;G;H;I;J;K;L,G,1,3,1,FALSE,NA,1,92,91,3231,46
1,A;B;C;D;E;F;G;H;I;J;K;L,L,1,4,1,FALSE,NA,1,92,91,3232,46
1,A;B;C;D;E;F;G;H;I;J;K;L,B,1,5,1,FALSE,NA,1,92,91,3233,46
1,A;B;C;D;E;F;G;H;I;J;K;L,D,1,6,1,FALSE,NA,1,92,91,3234,46
1,A;B;C;D;E;F;G;H;I;J;K;L,A,1,7,1,FALSE,NA,1,92,91,3235,46
1,A;B;C;D;E;F;G;H;I;J;K;L,F,1,8,1,FALSE,NA,1,92,91,3236,46
1,A;B;C;D;E;F;G;H;I;J;K;L,K,1,9,1,FALSE,NA,1,92,91,3237,46
1,A;B;C;D;E;F;G;H;I;J;K;L,E,1,10,1,FALSE,NA,1,92,91,3238,46
1,A;B;C;D;E;F;G;H;I;J;K;L,J,1,11,1,FALSE,NA,1,92,91,3239,46
1,A;B;C;D;E;F;G;H;I;J;K;L,C,1,12,1,FALSE,NA,1,92,91,3240,46
1,A;B;C;D;E;F;G;H;I;J;K;L,D,1,13,2,FALSE,NA,1,92,91,3241,46
1,A;B;C;D;E;F;G;H;I;J;K;L,I,1,14,2,FALSE,NA,1,92,91,3242,46
1,A;B;C;D;E;F;G;H;I;J;K;L,K,1,15,2,FALSE,NA,1,92,91,3243,46
1,A;B;C;D;E;F;G;H;I;J;K;L,H,1,16,2,FALSE,NA,1,92,91,3244,46
1,A;B;C;D;E;F;G;H;I;J;K;L,B,1,17,2,FALSE,NA,1,92,91,3245,46
1,A;B;C;D;E;F;G;H;I;J;K;L,J,1,18,2,FALSE,NA,1,92,91,3246,46
1,A;B;C;D;E;F;G;H;I;J;K;L,F,1,19,2,FALSE,NA,1,92,91,3247,46
1,A;B;C;D;E;F;G;H;I;J;K;L,C,1,20,2,FALSE,NA,1,92,91,3248,46
1,A;B;C;D;E;F;G;H;I;J;K;L,G,1,21,2,FALSE,NA,1,92,91,3249,46
1,A;B;C;D;E;F;G;H;I;J;K;L,A,1,22,2,FALSE,NA,1,92,91,3250,46
1,A;B;C;D;E;F;G;H;I;J;K;L,L,1,23,2,FALSE,NA,1,92,91,3251,46
1,A;B;C;D;E;F;G;H;I;J;K;L,E,1,24,2,FALSE,NA,1,92,91,3252,46
1,A;B;C;D;E;F;G;H;I;J;K;L,L,1,25,3,FALSE,NA,1,92,91,3253,46
1,A;B;C;D;E;F;G;H;I;J;K;L,K,1,26,3,FALSE,NA,1,92,91,3254,46
1,A;B;C;D;E;F;G;H;I;J;K;L,C,1,27,3,FALSE,NA,1,92,91,3255,46
1,A;B;C;D;E;F;G;H;I;J;K;L,B,1,28,3,FALSE,NA,1,92,91,3256,46
1,A;B;C;D;E;F;G;H;I;J;K;L,F,1,29,3,FALSE,NA,1,92,91,3257,46
1,A;B;C;D;E;F;G;H;I;J;K;L,G,1,30,3,FALSE,NA,1,92,91,3258,46
1,A;B;C;D;E;F;G;H;I;J;K;L,J,1,31,3,FALSE,NA,1,92,91,3259,46
1,A;B;C;D;E;F;G;H;I;J;K;L,I,1,32,3,FALSE,NA,1,92,91,3260,46
1,A;B;C;D;E;F;G;H;I;J;K;L,E,1,33,3,FALSE,NA,1,92,91,3261,46
1,A;B;C;D;E;F;G;H;I;J;K;L,H,1,34,3,FALSE,NA,1,92,91,3262,46
1,A;B;C;D;E;F;G;H;I;J;K;L,A,1,35,3,FALSE,NA,1,92,91,3263,46
1,A;B;C;D;E;F;G;H;I;J;K;L,D,1,36,3,FALSE,NA,1,92,91,3264,46
1,A;B;C;D;E;F;G;H;I;J;K;L,D,1,37,4,FALSE,NA,1,92,91,3265,46
1,A;B;C;D;E;F;G;H;I;J;K;L,B,1,38,4,FALSE,NA,1,92,91,3266,46
1,A;B;C;D;E;F;G;H;I;J;K;L,I,1,39,4,FALSE,NA,1,92,91,3267,46
1,A;B;C;D;E;F;G;H;I;J;K;L,H,1,40,4,FALSE,NA,1,92,91,3268,46
1,A;B;C;D;E;F;G;H;I;J;K;L,L,1,41,4,FALSE,NA,1,92,91,3269,46
1,A;B;C;D;E;F;G;H;I;J;K;L,J,1,42,4,FALSE,NA,1,92,91,3270,46
1,A;B;C;D;E;F;G;H;I;J;K;L,K,1,43,4,FALSE,NA,1,92,91,3271,46
1,A;B;C;D;E;F;G;H;I;J;K;L,A,1,44,4,FALSE,NA,1,92,91,3272,46
1,A;B;C;D;E;F;G;H;I;J;K;L,E,1,45,4,FALSE,NA,1,92,91,3273,46
1,A;B;C;D;E;F;G;H;I;J;K;L,F,1,46,4,FALSE,NA,1,92,91,3274,46
1,A;B;C;D;E;F;G;H;I;J;K;L,C,1,47,4,FALSE,NA,1,92,91,3275,46
1,A;B;C;D;E;F;G;H;I;J;K;L,G,1,48,4,FALSE,NA,1,92,91,3276,46
1,A;B;C;D;E;F;G;H;I;J;K;L,I,1,49,5,FALSE,NA,1,92,91,3277,46
1,A;B;C;D;E;F;G;H;I;J;K;L,H,1,50,5,FALSE,NA,1,92,91,3278,46
1,A;B;C;D;E;F;G;H;I;J;K;L,A,1,51,5,FALSE,NA,1,92,91,3279,46
1,A;B;C;D;E;F;G;H;I;J;K;L,D,1,52,5,FALSE,NA,1,92,91,3280,46
1,A;B;C;D;E;F;G;H;I;J;K;L,G,1,53,5,FALSE,NA,1,92,91,3281,46
1,A;B;C;D;E;F;G;H;I;J;K;L,J,1,54,5,FALSE,NA,1,92,91,3282,46
1,A;B;C;D;E;F;G;H;I;J;K;L,L,1,55,5,FALSE,NA,1,92,91,3283,46
1,A;B;C;D;E;F;G;H;I;J;K;L,F,1,56,5,FALSE,NA,1,92,91,3284,46
1,A;B;C;D;E;F;G;H;I;J;K;L,K,1,57,5,FALSE,NA,1,92,91,3285,46
1,A;B;C;D;E;F;G;H;I;J;K;L,C,1,58,5,FALSE,NA,1,92,91,3286,46
1,A;B;C;D;E;F;G;H;I;J;K;L,B,1,59,5,FALSE,NA,1,92,91,3287,46
1,A;B;C;D;E;F;G;H;I;J;K;L,E,1,60,5,FALSE,NA,1,92,91,3288,46
1,A;B;C;D;E;F;G;H;I;J;K;L,B,1,61,6,FALSE,NA,1,92,91,3289,46
1,A;B;C;D;E;F;G;H;I;J;K;L,H,1,62,6,FALSE,NA,1,92,91,3290,46
1,A;B;C;D;E;F;G;H;I;J;K;L,C,1,63,6,FALSE,NA,1,92,91,3291,46
1,A;B;C;D;E;F;G;H;I;J;K;L,F,1,64,6,FALSE,NA,1,92,91,3292,46
1,A;B;C;D;E;F;G;H;I;J;K;L,I,1,65,6,FALSE,NA,1,92,91,3293,46
1,A;B;C;D;E;F;G;H;I;J;K;L,L,1,66,6,FALSE,NA,1,92,91,3294,46
1,A;B;C;D;E;F;G;H;I;J;K;L,J,1,67,6,FALSE,NA,1,92,91,3295,46
1,A;B;C;D;E;F;G;H;I;J;K;L,A,1,68,6,FALSE,NA,1,92,91,3296,46
1,A;B;C;D;E;F;G;H;I;J;K;L,E,1,69,6,FALSE,NA,1,92,91,3297,46
1,A;B;C;D;E;F;G;H;I;J;K;L,G,1,70,6,FALSE,NA,1,92,91,3298,46
1,A;B;C;D;E;F;G;H;I;J;K;L,D,1,71,6,FALSE,NA,1,92,91,3299,46
1,A;B;C;D;E;F;G;H;I;J;K;L,K,1,72,6,FALSE,NA,1,92,91,3300,46
1,A;B;C;D;E;F;G;H;I;J;K;L,C,1,1,1,TRUE,incomplete game,1,94,93,3301,47
1,A;B;C;D;E;F;G;H;I;J;K;L,I,1,2,1,TRUE,incomplete game,1,94,93,3302,47
1,A;B;C;D;E;F;G;H;I;J;K;L,J,1,3,1,TRUE,incomplete game,1,94,93,3303,47
1,A;B;C;D;E;F;G;H;I;J;K;L,G,1,4,1,TRUE,incomplete game,1,94,93,3304,47
1,A;B;C;D;E;F;G;H;I;J;K;L,K,1,5,1,TRUE,incomplete game,1,94,93,3305,47
1,A;B;C;D;E;F;G;H;I;J;K;L,L,1,6,1,TRUE,incomplete game,1,94,93,3306,47
1,A;B;C;D;E;F;G;H;I;J;K;L,A,1,7,1,TRUE,incomplete game,1,94,93,3307,47
1,A;B;C;D;E;F;G;H;I;J;K;L,F,1,8,1,TRUE,incomplete game,1,94,93,3308,47
1,A;B;C;D;E;F;G;H;I;J;K;L,B,1,9,1,TRUE,incomplete game,1,94,93,3309,47
1,A;B;C;D;E;F;G;H;I;J;K;L,H,1,10,1,TRUE,incomplete game,1,94,93,3310,47
1,A;B;C;D;E;F;G;H;I;J;K;L,D,1,11,1,TRUE,incomplete game,1,94,93,3311,47
1,A;B;C;D;E;F;G;H;I;J;K;L,E,1,12,1,TRUE,incomplete game,1,94,93,3312,47
1,A;B;C;D;E;F;G;H;I;J;K;L,C,1,13,2,TRUE,incomplete game,1,94,93,3313,47
1,A;B;C;D;E;F;G;H;I;J;K;L,I,1,14,2,TRUE,incomplete game,1,94,93,3314,47
1,A;B;C;D;E;F;G;H;I;J;K;L,E,1,15,2,TRUE,incomplete game,1,94,93,3315,47
1,A;B;C;D;E;F;G;H;I;J;K;L,D,1,16,2,TRUE,incomplete game,1,94,93,3316,47
1,A;B;C;D;E;F;G;H;I;J;K;L,G,1,17,2,TRUE,incomplete game,1,94,93,3317,47
1,A;B;C;D;E;F;G;H;I;J;K;L,B,1,18,2,TRUE,incomplete game,1,94,93,3318,47
1,A;B;C;D;E;F;G;H;I;J;K;L,F,1,19,2,TRUE,incomplete game,1,94,93,3319,47
1,A;B;C;D;E;F;G;H;I;J;K;L,H,1,20,2,TRUE,incomplete game,1,94,93,3320,47
1,A;B;C;D;E;F;G;H;I;J;K;L,J,1,21,2,TRUE,incomplete game,1,94,93,3321,47
1,A;B;C;D;E;F;G;H;I;J;K;L,K,1,22,2,TRUE,incomplete game,1,94,93,3322,47
1,A;B;C;D;E;F;G;H;I;J;K;L,L,1,23,2,TRUE,incomplete game,1,94,93,3323,47
1,A;B;C;D;E;F;G;H;I;J;K;L,A,1,24,2,TRUE,incomplete game,1,94,93,3324,47
1,A;B;C;D;E;F;G;H;I;J;K;L,G,1,25,3,TRUE,incomplete game,1,94,93,3325,47
1,A;B;C;D;E;F;G;H;I;J;K;L,D,1,26,3,TRUE,incomplete game,1,94,93,3326,47
1,A;B;C;D;E;F;G;H;I;J;K;L,K,1,27,3,TRUE,incomplete game,1,94,93,3327,47
1,A;B;C;D;E;F;G;H;I;J;K;L,C,1,28,3,TRUE,incomplete game,1,94,93,3328,47
1,A;B;C;D;E;F;G;H;I;J;K;L,A,1,29,3,TRUE,incomplete game,1,94,93,3329,47
1,A;B;C;D;E;F;G;H;I;J;K;L,I,1,30,3,TRUE,incomplete game,1,94,93,3330,47
1,A;B;C;D;E;F;G;H;I;J;K;L,H,1,31,3,TRUE,incomplete game,1,94,93,3331,47
1,A;B;C;D;E;F;G;H;I;J;K;L,F,1,32,3,TRUE,incomplete game,1,94,93,3332,47
1,A;B;C;D;E;F;G;H;I;J;K;L,B,1,33,3,TRUE,incomplete game,1,94,93,3333,47
1,A;B;C;D;E;F;G;H;I;J;K;L,J,1,34,3,TRUE,incomplete game,1,94,93,3334,47
1,A;B;C;D;E;F;G;H;I;J;K;L,E,1,35,3,TRUE,incomplete game,1,94,93,3335,47
1,A;B;C;D;E;F;G;H;I;J;K;L,L,1,36,3,TRUE,incomplete game,1,94,93,3336,47
1,A;B;C;D;E;F;G;H;I;J;K;L,J,1,37,4,TRUE,incomplete game,1,94,93,3337,47
1,A;B;C;D;E;F;G;H;I;J;K;L,F,1,38,4,TRUE,incomplete game,1,94,93,3338,47
1,A;B;C;D;E;F;G;H;I;J;K;L,C,1,39,4,TRUE,incomplete game,1,94,93,3339,47
1,A;B;C;D;E;F;G;H;I;J;K;L,K,1,40,4,TRUE,incomplete game,1,94,93,3340,47
1,A;B;C;D;E;F;G;H;I;J;K;L,E,1,41,4,TRUE,incomplete game,1,94,93,3341,47
1,A;B;C;D;E;F;G;H;I;J;K;L,H,1,42,4,TRUE,incomplete game,1,94,93,3342,47
1,A;B;C;D;E;F;G;H;I;J;K;L,D,1,43,4,TRUE,incomplete game,1,94,93,3343,47
1,A;B;C;D;E;F;G;H;I;J;K;L,I,1,44,4,TRUE,incomplete game,1,94,93,3344,47
1,A;B;C;D;E;F;G;H;I;J;K;L,A,1,45,4,TRUE,incomplete game,1,94,93,3345,47
1,A;B;C;D;E;F;G;H;I;J;K;L,B,1,46,4,TRUE,incomplete game,1,94,93,3346,47
1,A;B;C;D;E;F;G;H;I;J;K;L,G,1,47,4,TRUE,incomplete game,1,94,93,3347,47
1,A;B;C;D;E;F;G;H;I;J;K;L,L,1,48,4,TRUE,incomplete game,1,94,93,3348,47
1,A;B;C;D;E;F;G;H;I;J;K;L,E,1,61,6,TRUE,incomplete game,1,94,93,3349,47
1,A;B;C;D;E;F;G;H;I;J;K;L,H,1,62,6,TRUE,incomplete game,1,94,93,3350,47
1,A;B;C;D;E;F;G;H;I;J;K;L,C,1,63,6,TRUE,incomplete game,1,94,93,3351,47
1,A;B;C;D;E;F;G;H;I;J;K;L,K,1,64,6,TRUE,incomplete game,1,94,93,3352,47
1,A;B;C;D;E;F;G;H;I;J;K;L,D,1,65,6,TRUE,incomplete game,1,94,93,3353,47
1,A;B;C;D;E;F;G;H;I;J;K;L,G,1,66,6,TRUE,incomplete game,1,94,93,3354,47
1,A;B;C;D;E;F;G;H;I;J;K;L,L,1,67,6,TRUE,incomplete game,1,94,93,3355,47
1,A;B;C;D;E;F;G;H;I;J;K;L,J,1,68,6,TRUE,incomplete game,1,94,93,3356,47
1,A;B;C;D;E;F;G;H;I;J;K;L,B,1,69,6,TRUE,incomplete game,1,94,93,3357,47
1,A;B;C;D;E;F;G;H;I;J;K;L,I,1,70,6,TRUE,incomplete game,1,94,93,3358,47
1,A;B;C;D;E;F;G;H;I;J;K;L,F,1,71,6,TRUE,incomplete game,1,94,93,3359,47
1,A;B;C;D;E;F;G;H;I;J;K;L,A,1,72,6,TRUE,incomplete game,1,94,93,3360,47
1,A;B;C;D;E;F;G;H;I;J;K;L,D,1,1,1,FALSE,NA,1,96,95,3361,48
1,A;B;C;D;E;F;G;H;I;J;K;L,L,1,2,1,FALSE,NA,1,96,95,3362,48
1,A;B;C;D;E;F;G;H;I;J;K;L,I,1,3,1,FALSE,NA,1,96,95,3363,48
1,A;B;C;D;E;F;G;H;I;J;K;L,J,1,4,1,FALSE,NA,1,96,95,3364,48
1,A;B;C;D;E;F;G;H;I;J;K;L,E,1,5,1,FALSE,NA,1,96,95,3365,48
1,A;B;C;D;E;F;G;H;I;J;K;L,H,1,6,1,FALSE,NA,1,96,95,3366,48
1,A;B;C;D;E;F;G;H;I;J;K;L,G,1,7,1,FALSE,NA,1,96,95,3367,48
1,A;B;C;D;E;F;G;H;I;J;K;L,C,1,8,1,FALSE,NA,1,96,95,3368,48
1,A;B;C;D;E;F;G;H;I;J;K;L,K,1,9,1,FALSE,NA,1,96,95,3369,48
1,A;B;C;D;E;F;G;H;I;J;K;L,B,1,10,1,FALSE,NA,1,96,95,3370,48
1,A;B;C;D;E;F;G;H;I;J;K;L,A,1,11,1,FALSE,NA,1,96,95,3371,48
1,A;B;C;D;E;F;G;H;I;J;K;L,F,1,12,1,FALSE,NA,1,96,95,3372,48
1,A;B;C;D;E;F;G;H;I;J;K;L,K,1,13,2,FALSE,NA,1,96,95,3373,48
1,A;B;C;D;E;F;G;H;I;J;K;L,H,1,14,2,FALSE,NA,1,96,95,3374,48
1,A;B;C;D;E;F;G;H;I;J;K;L,B,1,15,2,FALSE,NA,1,96,95,3375,48
1,A;B;C;D;E;F;G;H;I;J;K;L,J,1,16,2,FALSE,NA,1,96,95,3376,48
1,A;B;C;D;E;F;G;H;I;J;K;L,L,1,17,2,FALSE,NA,1,96,95,3377,48
1,A;B;C;D;E;F;G;H;I;J;K;L,G,1,18,2,FALSE,NA,1,96,95,3378,48
1,A;B;C;D;E;F;G;H;I;J;K;L,C,1,19,2,FALSE,NA,1,96,95,3379,48
1,A;B;C;D;E;F;G;H;I;J;K;L,D,1,20,2,FALSE,NA,1,96,95,3380,48
1,A;B;C;D;E;F;G;H;I;J;K;L,I,1,21,2,FALSE,NA,1,96,95,3381,48
1,A;B;C;D;E;F;G;H;I;J;K;L,A,1,22,2,FALSE,NA,1,96,95,3382,48
1,A;B;C;D;E;F;G;H;I;J;K;L,F,1,23,2,FALSE,NA,1,96,95,3383,48
1,A;B;C;D;E;F;G;H;I;J;K;L,E,1,24,2,FALSE,NA,1,96,95,3384,48
1,A;B;C;D;E;F;G;H;I;J;K;L,K,1,25,3,FALSE,NA,1,96,95,3385,48
1,A;B;C;D;E;F;G;H;I;J;K;L,L,1,26,3,FALSE,NA,1,96,95,3386,48
1,A;B;C;D;E;F;G;H;I;J;K;L,A,1,27,3,FALSE,NA,1,96,95,3387,48
1,A;B;C;D;E;F;G;H;I;J;K;L,I,1,28,3,FALSE,NA,1,96,95,3388,48
1,A;B;C;D;E;F;G;H;I;J;K;L,D,1,29,3,FALSE,NA,1,96,95,3389,48
1,A;B;C;D;E;F;G;H;I;J;K;L,B,1,30,3,FALSE,NA,1,96,95,3390,48
1,A;B;C;D;E;F;G;H;I;J;K;L,J,1,31,3,FALSE,NA,1,96,95,3391,48
1,A;B;C;D;E;F;G;H;I;J;K;L,H,1,32,3,FALSE,NA,1,96,95,3392,48
1,A;B;C;D;E;F;G;H;I;J;K;L,F,1,33,3,FALSE,NA,1,96,95,3393,48
1,A;B;C;D;E;F;G;H;I;J;K;L,C,1,34,3,FALSE,NA,1,96,95,3394,48
1,A;B;C;D;E;F;G;H;I;J;K;L,G,1,35,3,FALSE,NA,1,96,95,3395,48
1,A;B;C;D;E;F;G;H;I;J;K;L,E,1,36,3,FALSE,NA,1,96,95,3396,48
1,A;B;C;D;E;F;G;H;I;J;K;L,K,1,37,4,FALSE,NA,1,96,95,3397,48
1,A;B;C;D;E;F;G;H;I;J;K;L,G,1,38,4,FALSE,NA,1,96,95,3398,48
1,A;B;C;D;E;F;G;H;I;J;K;L,F,1,39,4,FALSE,NA,1,96,95,3399,48
1,A;B;C;D;E;F;G;H;I;J;K;L,E,1,40,4,FALSE,NA,1,96,95,3400,48
1,A;B;C;D;E;F;G;H;I;J;K;L,J,1,41,4,FALSE,NA,1,96,95,3401,48
1,A;B;C;D;E;F;G;H;I;J;K;L,D,1,42,4,FALSE,NA,1,96,95,3402,48
1,A;B;C;D;E;F;G;H;I;J;K;L,H,1,43,4,FALSE,NA,1,96,95,3403,48
1,A;B;C;D;E;F;G;H;I;J;K;L,C,1,44,4,FALSE,NA,1,96,95,3404,48
1,A;B;C;D;E;F;G;H;I;J;K;L,B,1,45,4,FALSE,NA,1,96,95,3405,48
1,A;B;C;D;E;F;G;H;I;J;K;L,L,1,46,4,FALSE,NA,1,96,95,3406,48
1,A;B;C;D;E;F;G;H;I;J;K;L,I,1,47,4,FALSE,NA,1,96,95,3407,48
1,A;B;C;D;E;F;G;H;I;J;K;L,A,1,48,4,FALSE,NA,1,96,95,3408,48
1,A;B;C;D;E;F;G;H;I;J;K;L,J,1,49,5,FALSE,NA,1,96,95,3409,48
1,A;B;C;D;E;F;G;H;I;J;K;L,C,1,50,5,FALSE,NA,1,96,95,3410,48
1,A;B;C;D;E;F;G;H;I;J;K;L,I,1,51,5,FALSE,NA,1,96,95,3411,48
1,A;B;C;D;E;F;G;H;I;J;K;L,D,1,52,5,FALSE,NA,1,96,95,3412,48
1,A;B;C;D;E;F;G;H;I;J;K;L,H,1,53,5,FALSE,NA,1,96,95,3413,48
1,A;B;C;D;E;F;G;H;I;J;K;L,K,1,54,5,FALSE,NA,1,96,95,3414,48
1,A;B;C;D;E;F;G;H;I;J;K;L,G,1,55,5,FALSE,NA,1,96,95,3415,48
1,A;B;C;D;E;F;G;H;I;J;K;L,E,1,56,5,FALSE,NA,1,96,95,3416,48
1,A;B;C;D;E;F;G;H;I;J;K;L,L,1,57,5,FALSE,NA,1,96,95,3417,48
1,A;B;C;D;E;F;G;H;I;J;K;L,F,1,58,5,FALSE,NA,1,96,95,3418,48
1,A;B;C;D;E;F;G;H;I;J;K;L,A,1,59,5,FALSE,NA,1,96,95,3419,48
1,A;B;C;D;E;F;G;H;I;J;K;L,B,1,60,5,FALSE,NA,1,96,95,3420,48
1,A;B;C;D;E;F;G;H;I;J;K;L,I,1,61,6,FALSE,NA,1,96,95,3421,48
1,A;B;C;D;E;F;G;H;I;J;K;L,B,1,62,6,FALSE,NA,1,96,95,3422,48
1,A;B;C;D;E;F;G;H;I;J;K;L,E,1,63,6,FALSE,NA,1,96,95,3423,48
1,A;B;C;D;E;F;G;H;I;J;K;L,G,1,64,6,FALSE,NA,1,96,95,3424,48
1,A;B;C;D;E;F;G;H;I;J;K;L,D,1,65,6,FALSE,NA,1,96,95,3425,48
1,A;B;C;D;E;F;G;H;I;J;K;L,L,1,66,6,FALSE,NA,1,96,95,3426,48
1,A;B;C;D;E;F;G;H;I;J;K;L,C,1,67,6,FALSE,NA,1,96,95,3427,48
1,A;B;C;D;E;F;G;H;I;J;K;L,J,1,68,6,FALSE,NA,1,96,95,3428,48
1,A;B;C;D;E;F;G;H;I;J;K;L,H,1,69,6,FALSE,NA,1,96,95,3429,48
1,A;B;C;D;E;F;G;H;I;J;K;L,F,1,70,6,FALSE,NA,1,96,95,3430,48
1,A;B;C;D;E;F;G;H;I;J;K;L,A,1,71,6,FALSE,NA,1,96,95,3431,48
1,A;B;C;D;E;F;G;H;I;J;K;L,K,1,72,6,FALSE,NA,1,96,95,3432,48
1,A;B;C;D;E;F;G;H;I;J;K;L,E,1,1,1,TRUE,low accuracy game,1,98,97,3433,49
1,A;B;C;D;E;F;G;H;I;J;K;L,B,1,2,1,TRUE,low accuracy game,1,98,97,3434,49
1,A;B;C;D;E;F;G;H;I;J;K;L,F,1,3,1,TRUE,low accuracy game,1,98,97,3435,49
1,A;B;C;D;E;F;G;H;I;J;K;L,I,1,4,1,TRUE,low accuracy game,1,98,97,3436,49
1,A;B;C;D;E;F;G;H;I;J;K;L,L,1,5,1,TRUE,low accuracy game,1,98,97,3437,49
1,A;B;C;D;E;F;G;H;I;J;K;L,K,1,6,1,TRUE,low accuracy game,1,98,97,3438,49
1,A;B;C;D;E;F;G;H;I;J;K;L,G,1,7,1,TRUE,low accuracy game,1,98,97,3439,49
1,A;B;C;D;E;F;G;H;I;J;K;L,A,1,8,1,TRUE,low accuracy game,1,98,97,3440,49
1,A;B;C;D;E;F;G;H;I;J;K;L,H,1,9,1,TRUE,low accuracy game,1,98,97,3441,49
1,A;B;C;D;E;F;G;H;I;J;K;L,D,1,10,1,TRUE,low accuracy game,1,98,97,3442,49
1,A;B;C;D;E;F;G;H;I;J;K;L,J,1,11,1,TRUE,low accuracy game,1,98,97,3443,49
1,A;B;C;D;E;F;G;H;I;J;K;L,C,1,12,1,TRUE,low accuracy game,1,98,97,3444,49
1,A;B;C;D;E;F;G;H;I;J;K;L,E,1,13,2,TRUE,low accuracy game,1,98,97,3445,49
1,A;B;C;D;E;F;G;H;I;J;K;L,D,1,14,2,TRUE,low accuracy game,1,98,97,3446,49
1,A;B;C;D;E;F;G;H;I;J;K;L,K,1,15,2,TRUE,low accuracy game,1,98,97,3447,49
1,A;B;C;D;E;F;G;H;I;J;K;L,H,1,16,2,TRUE,low accuracy game,1,98,97,3448,49
1,A;B;C;D;E;F;G;H;I;J;K;L,J,1,17,2,TRUE,low accuracy game,1,98,97,3449,49
1,A;B;C;D;E;F;G;H;I;J;K;L,L,1,18,2,TRUE,low accuracy game,1,98,97,3450,49
1,A;B;C;D;E;F;G;H;I;J;K;L,A,1,19,2,TRUE,low accuracy game,1,98,97,3451,49
1,A;B;C;D;E;F;G;H;I;J;K;L,I,1,20,2,TRUE,low accuracy game,1,98,97,3452,49
1,A;B;C;D;E;F;G;H;I;J;K;L,B,1,21,2,TRUE,low accuracy game,1,98,97,3453,49
1,A;B;C;D;E;F;G;H;I;J;K;L,G,1,22,2,TRUE,low accuracy game,1,98,97,3454,49
1,A;B;C;D;E;F;G;H;I;J;K;L,C,1,23,2,TRUE,low accuracy game,1,98,97,3455,49
1,A;B;C;D;E;F;G;H;I;J;K;L,F,1,24,2,TRUE,low accuracy game,1,98,97,3456,49
1,A;B;C;D;E;F;G;H;I;J;K;L,D,1,25,3,TRUE,low accuracy game,1,98,97,3457,49
1,A;B;C;D;E;F;G;H;I;J;K;L,A,1,26,3,TRUE,low accuracy game,1,98,97,3458,49
1,A;B;C;D;E;F;G;H;I;J;K;L,L,1,27,3,TRUE,low accuracy game,1,98,97,3459,49
1,A;B;C;D;E;F;G;H;I;J;K;L,E,1,28,3,TRUE,low accuracy game,1,98,97,3460,49
1,A;B;C;D;E;F;G;H;I;J;K;L,K,1,29,3,TRUE,low accuracy game,1,98,97,3461,49
1,A;B;C;D;E;F;G;H;I;J;K;L,H,1,30,3,TRUE,low accuracy game,1,98,97,3462,49
1,A;B;C;D;E;F;G;H;I;J;K;L,I,1,31,3,TRUE,low accuracy game,1,98,97,3463,49
1,A;B;C;D;E;F;G;H;I;J;K;L,B,1,32,3,TRUE,low accuracy game,1,98,97,3464,49
1,A;B;C;D;E;F;G;H;I;J;K;L,J,1,33,3,TRUE,low accuracy game,1,98,97,3465,49
1,A;B;C;D;E;F;G;H;I;J;K;L,G,1,34,3,TRUE,low accuracy game,1,98,97,3466,49
1,A;B;C;D;E;F;G;H;I;J;K;L,F,1,35,3,TRUE,low accuracy game,1,98,97,3467,49
1,A;B;C;D;E;F;G;H;I;J;K;L,C,1,36,3,TRUE,low accuracy game,1,98,97,3468,49
1,A;B;C;D;E;F;G;H;I;J;K;L,E,1,37,4,TRUE,low accuracy game,1,98,97,3469,49
1,A;B;C;D;E;F;G;H;I;J;K;L,B,1,38,4,TRUE,low accuracy game,1,98,97,3470,49
1,A;B;C;D;E;F;G;H;I;J;K;L,K,1,39,4,TRUE,low accuracy game,1,98,97,3471,49
1,A;B;C;D;E;F;G;H;I;J;K;L,L,1,40,4,TRUE,low accuracy game,1,98,97,3472,49
1,A;B;C;D;E;F;G;H;I;J;K;L,I,1,41,4,TRUE,low accuracy game,1,98,97,3473,49
1,A;B;C;D;E;F;G;H;I;J;K;L,A,1,42,4,TRUE,low accuracy game,1,98,97,3474,49
1,A;B;C;D;E;F;G;H;I;J;K;L,C,1,43,4,TRUE,low accuracy game,1,98,97,3475,49
1,A;B;C;D;E;F;G;H;I;J;K;L,H,1,44,4,TRUE,low accuracy game,1,98,97,3476,49
1,A;B;C;D;E;F;G;H;I;J;K;L,F,1,45,4,TRUE,low accuracy game,1,98,97,3477,49
1,A;B;C;D;E;F;G;H;I;J;K;L,G,1,46,4,TRUE,low accuracy game,1,98,97,3478,49
1,A;B;C;D;E;F;G;H;I;J;K;L,J,1,47,4,TRUE,low accuracy game,1,98,97,3479,49
1,A;B;C;D;E;F;G;H;I;J;K;L,D,1,48,4,TRUE,low accuracy game,1,98,97,3480,49
1,A;B;C;D;E;F;G;H;I;J;K;L,L,1,49,5,TRUE,low accuracy game,1,98,97,3481,49
1,A;B;C;D;E;F;G;H;I;J;K;L,B,1,50,5,TRUE,low accuracy game,1,98,97,3482,49
1,A;B;C;D;E;F;G;H;I;J;K;L,G,1,51,5,TRUE,low accuracy game,1,98,97,3483,49
1,A;B;C;D;E;F;G;H;I;J;K;L,I,1,52,5,TRUE,low accuracy game,1,98,97,3484,49
1,A;B;C;D;E;F;G;H;I;J;K;L,F,1,53,5,TRUE,low accuracy game,1,98,97,3485,49
1,A;B;C;D;E;F;G;H;I;J;K;L,A,1,54,5,TRUE,low accuracy game,1,98,97,3486,49
1,A;B;C;D;E;F;G;H;I;J;K;L,J,1,55,5,TRUE,low accuracy game,1,98,97,3487,49
1,A;B;C;D;E;F;G;H;I;J;K;L,D,1,56,5,TRUE,low accuracy game,1,98,97,3488,49
1,A;B;C;D;E;F;G;H;I;J;K;L,C,1,57,5,TRUE,low accuracy game,1,98,97,3489,49
1,A;B;C;D;E;F;G;H;I;J;K;L,H,1,58,5,TRUE,low accuracy game,1,98,97,3490,49
1,A;B;C;D;E;F;G;H;I;J;K;L,E,1,59,5,TRUE,low accuracy game,1,98,97,3491,49
1,A;B;C;D;E;F;G;H;I;J;K;L,K,1,60,5,TRUE,low accuracy game,1,98,97,3492,49
1,A;B;C;D;E;F;G;H;I;J;K;L,A,1,61,6,TRUE,low accuracy game,1,98,97,3493,49
1,A;B;C;D;E;F;G;H;I;J;K;L,C,1,62,6,TRUE,low accuracy game,1,98,97,3494,49
1,A;B;C;D;E;F;G;H;I;J;K;L,J,1,63,6,TRUE,low accuracy game,1,98,97,3495,49
1,A;B;C;D;E;F;G;H;I;J;K;L,F,1,64,6,TRUE,low accuracy game,1,98,97,3496,49
1,A;B;C;D;E;F;G;H;I;J;K;L,D,1,65,6,TRUE,low accuracy game,1,98,97,3497,49
1,A;B;C;D;E;F;G;H;I;J;K;L,L,1,66,6,TRUE,low accuracy game,1,98,97,3498,49
1,A;B;C;D;E;F;G;H;I;J;K;L,K,1,67,6,TRUE,low accuracy game,1,98,97,3499,49
1,A;B;C;D;E;F;G;H;I;J;K;L,E,1,68,6,TRUE,low accuracy game,1,98,97,3500,49
1,A;B;C;D;E;F;G;H;I;J;K;L,B,1,69,6,TRUE,low accuracy game,1,98,97,3501,49
1,A;B;C;D;E;F;G;H;I;J;K;L,H,1,70,6,TRUE,low accuracy game,1,98,97,3502,49
1,A;B;C;D;E;F;G;H;I;J;K;L,I,1,71,6,TRUE,low accuracy game,1,98,97,3503,49
1,A;B;C;D;E;F;G;H;I;J;K;L,G,1,72,6,TRUE,low accuracy game,1,98,97,3504,49
1,A;B;C;D;E;F;G;H;I;J;K;L,H,1,1,1,FALSE,NA,1,100,99,3505,50
1,A;B;C;D;E;F;G;H;I;J;K;L,K,1,2,1,FALSE,NA,1,100,99,3506,50
1,A;B;C;D;E;F;G;H;I;J;K;L,I,1,3,1,FALSE,NA,1,100,99,3507,50
1,A;B;C;D;E;F;G;H;I;J;K;L,L,1,4,1,FALSE,NA,1,100,99,3508,50
1,A;B;C;D;E;F;G;H;I;J;K;L,B,1,5,1,FALSE,NA,1,100,99,3509,50
1,A;B;C;D;E;F;G;H;I;J;K;L,C,1,6,1,FALSE,NA,1,100,99,3510,50
1,A;B;C;D;E;F;G;H;I;J;K;L,E,1,7,1,FALSE,NA,1,100,99,3511,50
1,A;B;C;D;E;F;G;H;I;J;K;L,A,1,8,1,FALSE,NA,1,100,99,3512,50
1,A;B;C;D;E;F;G;H;I;J;K;L,D,1,9,1,FALSE,NA,1,100,99,3513,50
1,A;B;C;D;E;F;G;H;I;J;K;L,G,1,10,1,FALSE,NA,1,100,99,3514,50
1,A;B;C;D;E;F;G;H;I;J;K;L,J,1,11,1,FALSE,NA,1,100,99,3515,50
1,A;B;C;D;E;F;G;H;I;J;K;L,F,1,12,1,FALSE,NA,1,100,99,3516,50
1,A;B;C;D;E;F;G;H;I;J;K;L,A,1,13,2,FALSE,NA,1,100,99,3517,50
1,A;B;C;D;E;F;G;H;I;J;K;L,H,1,14,2,FALSE,NA,1,100,99,3518,50
1,A;B;C;D;E;F;G;H;I;J;K;L,C,1,15,2,FALSE,NA,1,100,99,3519,50
1,A;B;C;D;E;F;G;H;I;J;K;L,D,1,16,2,FALSE,NA,1,100,99,3520,50
1,A;B;C;D;E;F;G;H;I;J;K;L,L,1,17,2,FALSE,NA,1,100,99,3521,50
1,A;B;C;D;E;F;G;H;I;J;K;L,B,1,18,2,FALSE,NA,1,100,99,3522,50
1,A;B;C;D;E;F;G;H;I;J;K;L,J,1,19,2,FALSE,NA,1,100,99,3523,50
1,A;B;C;D;E;F;G;H;I;J;K;L,I,1,20,2,FALSE,NA,1,100,99,3524,50
1,A;B;C;D;E;F;G;H;I;J;K;L,G,1,21,2,FALSE,NA,1,100,99,3525,50
1,A;B;C;D;E;F;G;H;I;J;K;L,F,1,22,2,FALSE,NA,1,100,99,3526,50
1,A;B;C;D;E;F;G;H;I;J;K;L,K,1,23,2,FALSE,NA,1,100,99,3527,50
1,A;B;C;D;E;F;G;H;I;J;K;L,E,1,24,2,FALSE,NA,1,100,99,3528,50
1,A;B;C;D;E;F;G;H;I;J;K;L,C,1,25,3,FALSE,NA,1,100,99,3529,50
1,A;B;C;D;E;F;G;H;I;J;K;L,K,1,26,3,FALSE,NA,1,100,99,3530,50
1,A;B;C;D;E;F;G;H;I;J;K;L,G,1,27,3,FALSE,NA,1,100,99,3531,50
1,A;B;C;D;E;F;G;H;I;J;K;L,F,1,28,3,FALSE,NA,1,100,99,3532,50
1,A;B;C;D;E;F;G;H;I;J;K;L,L,1,29,3,FALSE,NA,1,100,99,3533,50
1,A;B;C;D;E;F;G;H;I;J;K;L,A,1,30,3,FALSE,NA,1,100,99,3534,50
1,A;B;C;D;E;F;G;H;I;J;K;L,J,1,31,3,FALSE,NA,1,100,99,3535,50
1,A;B;C;D;E;F;G;H;I;J;K;L,D,1,32,3,FALSE,NA,1,100,99,3536,50
1,A;B;C;D;E;F;G;H;I;J;K;L,H,1,33,3,FALSE,NA,1,100,99,3537,50
1,A;B;C;D;E;F;G;H;I;J;K;L,B,1,34,3,FALSE,NA,1,100,99,3538,50
1,A;B;C;D;E;F;G;H;I;J;K;L,I,1,35,3,FALSE,NA,1,100,99,3539,50
1,A;B;C;D;E;F;G;H;I;J;K;L,E,1,36,3,FALSE,NA,1,100,99,3540,50
1,A;B;C;D;E;F;G;H;I;J;K;L,G,1,37,4,FALSE,NA,1,100,99,3541,50
1,A;B;C;D;E;F;G;H;I;J;K;L,C,1,38,4,FALSE,NA,1,100,99,3542,50
1,A;B;C;D;E;F;G;H;I;J;K;L,L,1,39,4,FALSE,NA,1,100,99,3543,50
1,A;B;C;D;E;F;G;H;I;J;K;L,F,1,40,4,FALSE,NA,1,100,99,3544,50
1,A;B;C;D;E;F;G;H;I;J;K;L,E,1,41,4,FALSE,NA,1,100,99,3545,50
1,A;B;C;D;E;F;G;H;I;J;K;L,D,1,42,4,FALSE,NA,1,100,99,3546,50
1,A;B;C;D;E;F;G;H;I;J;K;L,K,1,43,4,FALSE,NA,1,100,99,3547,50
1,A;B;C;D;E;F;G;H;I;J;K;L,H,1,44,4,FALSE,NA,1,100,99,3548,50
1,A;B;C;D;E;F;G;H;I;J;K;L,B,1,45,4,FALSE,NA,1,100,99,3549,50
1,A;B;C;D;E;F;G;H;I;J;K;L,A,1,46,4,FALSE,NA,1,100,99,3550,50
1,A;B;C;D;E;F;G;H;I;J;K;L,J,1,47,4,FALSE,NA,1,100,99,3551,50
1,A;B;C;D;E;F;G;H;I;J;K;L,I,1,48,4,FALSE,NA,1,100,99,3552,50
1,A;B;C;D;E;F;G;H;I;J;K;L,F,1,49,5,FALSE,NA,1,100,99,3553,50
1,A;B;C;D;E;F;G;H;I;J;K;L,K,1,50,5,FALSE,NA,1,100,99,3554,50
1,A;B;C;D;E;F;G;H;I;J;K;L,J,1,51,5,FALSE,NA,1,100,99,3555,50
1,A;B;C;D;E;F;G;H;I;J;K;L,C,1,52,5,FALSE,NA,1,100,99,3556,50
1,A;B;C;D;E;F;G;H;I;J;K;L,H,1,53,5,FALSE,NA,1,100,99,3557,50
1,A;B;C;D;E;F;G;H;I;J;K;L,G,1,54,5,FALSE,NA,1,100,99,3558,50
1,A;B;C;D;E;F;G;H;I;J;K;L,E,1,55,5,FALSE,NA,1,100,99,3559,50
1,A;B;C;D;E;F;G;H;I;J;K;L,B,1,56,5,FALSE,NA,1,100,99,3560,50
1,A;B;C;D;E;F;G;H;I;J;K;L,I,1,57,5,FALSE,NA,1,100,99,3561,50
1,A;B;C;D;E;F;G;H;I;J;K;L,A,1,58,5,FALSE,NA,1,100,99,3562,50
1,A;B;C;D;E;F;G;H;I;J;K;L,D,1,59,5,FALSE,NA,1,100,99,3563,50
1,A;B;C;D;E;F;G;H;I;J;K;L,L,1,60,5,FALSE,NA,1,100,99,3564,50
1,A;B;C;D;E;F;G;H;I;J;K;L,B,1,61,6,FALSE,NA,1,100,99,3565,50
1,A;B;C;D;E;F;G;H;I;J;K;L,G,1,62,6,FALSE,NA,1,100,99,3566,50
1,A;B;C;D;E;F;G;H;I;J;K;L,C,1,63,6,FALSE,NA,1,100,99,3567,50
1,A;B;C;D;E;F;G;H;I;J;K;L,J,1,64,6,FALSE,NA,1,100,99,3568,50
1,A;B;C;D;E;F;G;H;I;J;K;L,I,1,65,6,FALSE,NA,1,100,99,3569,50
1,A;B;C;D;E;F;G;H;I;J;K;L,E,1,66,6,FALSE,NA,1,100,99,3570,50
1,A;B;C;D;E;F;G;H;I;J;K;L,K,1,67,6,FALSE,NA,1,100,99,3571,50
1,A;B;C;D;E;F;G;H;I;J;K;L,L,1,68,6,FALSE,NA,1,100,99,3572,50
1,A;B;C;D;E;F;G;H;I;J;K;L,D,1,69,6,FALSE,NA,1,100,99,3573,50
1,A;B;C;D;E;F;G;H;I;J;K;L,F,1,70,6,FALSE,NA,1,100,99,3574,50
1,A;B;C;D;E;F;G;H;I;J;K;L,H,1,71,6,FALSE,NA,1,100,99,3575,50
1,A;B;C;D;E;F;G;H;I;J;K;L,A,1,72,6,FALSE,NA,1,100,99,3576,50
1,A;B;C;D;E;F;G;H;I;J;K;L,I,1,1,1,TRUE,non-native English-speaking participant,1,102,101,3577,51
1,A;B;C;D;E;F;G;H;I;J;K;L,F,1,2,1,TRUE,non-native English-speaking participant,1,102,101,3578,51
1,A;B;C;D;E;F;G;H;I;J;K;L,C,1,3,1,TRUE,non-native English-speaking participant,1,102,101,3579,51
1,A;B;C;D;E;F;G;H;I;J;K;L,L,1,4,1,TRUE,non-native English-speaking participant,1,102,101,3580,51
1,A;B;C;D;E;F;G;H;I;J;K;L,H,1,5,1,TRUE,non-native English-speaking participant,1,102,101,3581,51
1,A;B;C;D;E;F;G;H;I;J;K;L,K,1,6,1,TRUE,non-native English-speaking participant,1,102,101,3582,51
1,A;B;C;D;E;F;G;H;I;J;K;L,D,1,7,1,TRUE,non-native English-speaking participant,1,102,101,3583,51
1,A;B;C;D;E;F;G;H;I;J;K;L,J,1,8,1,TRUE,non-native English-speaking participant,1,102,101,3584,51
1,A;B;C;D;E;F;G;H;I;J;K;L,A,1,9,1,TRUE,non-native English-speaking participant,1,102,101,3585,51
1,A;B;C;D;E;F;G;H;I;J;K;L,B,1,10,1,TRUE,non-native English-speaking participant,1,102,101,3586,51
1,A;B;C;D;E;F;G;H;I;J;K;L,G,1,11,1,TRUE,non-native English-speaking participant,1,102,101,3587,51
1,A;B;C;D;E;F;G;H;I;J;K;L,E,1,12,1,TRUE,non-native English-speaking participant,1,102,101,3588,51
1,A;B;C;D;E;F;G;H;I;J;K;L,I,1,13,2,TRUE,non-native English-speaking participant,1,102,101,3589,51
1,A;B;C;D;E;F;G;H;I;J;K;L,F,1,14,2,TRUE,non-native English-speaking participant,1,102,101,3590,51
1,A;B;C;D;E;F;G;H;I;J;K;L,E,1,15,2,TRUE,non-native English-speaking participant,1,102,101,3591,51
1,A;B;C;D;E;F;G;H;I;J;K;L,A,1,16,2,TRUE,non-native English-speaking participant,1,102,101,3592,51
1,A;B;C;D;E;F;G;H;I;J;K;L,K,1,17,2,TRUE,non-native English-speaking participant,1,102,101,3593,51
1,A;B;C;D;E;F;G;H;I;J;K;L,H,1,18,2,TRUE,non-native English-speaking participant,1,102,101,3594,51
1,A;B;C;D;E;F;G;H;I;J;K;L,G,1,19,2,TRUE,non-native English-speaking participant,1,102,101,3595,51
1,A;B;C;D;E;F;G;H;I;J;K;L,J,1,20,2,TRUE,non-native English-speaking participant,1,102,101,3596,51
1,A;B;C;D;E;F;G;H;I;J;K;L,C,1,21,2,TRUE,non-native English-speaking participant,1,102,101,3597,51
1,A;B;C;D;E;F;G;H;I;J;K;L,B,1,22,2,TRUE,non-native English-speaking participant,1,102,101,3598,51
1,A;B;C;D;E;F;G;H;I;J;K;L,D,1,23,2,TRUE,non-native English-speaking participant,1,102,101,3599,51
1,A;B;C;D;E;F;G;H;I;J;K;L,L,1,24,2,TRUE,non-native English-speaking participant,1,102,101,3600,51
1,A;B;C;D;E;F;G;H;I;J;K;L,J,1,25,3,TRUE,non-native English-speaking participant,1,102,101,3601,51
1,A;B;C;D;E;F;G;H;I;J;K;L,K,1,26,3,TRUE,non-native English-speaking participant,1,102,101,3602,51
1,A;B;C;D;E;F;G;H;I;J;K;L,H,1,27,3,TRUE,non-native English-speaking participant,1,102,101,3603,51
1,A;B;C;D;E;F;G;H;I;J;K;L,C,1,28,3,TRUE,non-native English-speaking participant,1,102,101,3604,51
1,A;B;C;D;E;F;G;H;I;J;K;L,A,1,29,3,TRUE,non-native English-speaking participant,1,102,101,3605,51
1,A;B;C;D;E;F;G;H;I;J;K;L,I,1,30,3,TRUE,non-native English-speaking participant,1,102,101,3606,51
1,A;B;C;D;E;F;G;H;I;J;K;L,E,1,31,3,TRUE,non-native English-speaking participant,1,102,101,3607,51
1,A;B;C;D;E;F;G;H;I;J;K;L,G,1,32,3,TRUE,non-native English-speaking participant,1,102,101,3608,51
1,A;B;C;D;E;F;G;H;I;J;K;L,L,1,33,3,TRUE,non-native English-speaking participant,1,102,101,3609,51
1,A;B;C;D;E;F;G;H;I;J;K;L,F,1,34,3,TRUE,non-native English-speaking participant,1,102,101,3610,51
1,A;B;C;D;E;F;G;H;I;J;K;L,D,1,35,3,TRUE,non-native English-speaking participant,1,102,101,3611,51
1,A;B;C;D;E;F;G;H;I;J;K;L,B,1,36,3,TRUE,non-native English-speaking participant,1,102,101,3612,51
1,A;B;C;D;E;F;G;H;I;J;K;L,E,1,37,4,TRUE,non-native English-speaking participant,1,102,101,3613,51
1,A;B;C;D;E;F;G;H;I;J;K;L,A,1,38,4,TRUE,non-native English-speaking participant,1,102,101,3614,51
1,A;B;C;D;E;F;G;H;I;J;K;L,D,1,39,4,TRUE,non-native English-speaking participant,1,102,101,3615,51
1,A;B;C;D;E;F;G;H;I;J;K;L,I,1,40,4,TRUE,non-native English-speaking participant,1,102,101,3616,51
1,A;B;C;D;E;F;G;H;I;J;K;L,L,1,41,4,TRUE,non-native English-speaking participant,1,102,101,3617,51
1,A;B;C;D;E;F;G;H;I;J;K;L,K,1,42,4,TRUE,non-native English-speaking participant,1,102,101,3618,51
1,A;B;C;D;E;F;G;H;I;J;K;L,H,1,43,4,TRUE,non-native English-speaking participant,1,102,101,3619,51
1,A;B;C;D;E;F;G;H;I;J;K;L,G,1,44,4,TRUE,non-native English-speaking participant,1,102,101,3620,51
1,A;B;C;D;E;F;G;H;I;J;K;L,F,1,45,4,TRUE,non-native English-speaking participant,1,102,101,3621,51
1,A;B;C;D;E;F;G;H;I;J;K;L,B,1,46,4,TRUE,non-native English-speaking participant,1,102,101,3622,51
1,A;B;C;D;E;F;G;H;I;J;K;L,J,1,47,4,TRUE,non-native English-speaking participant,1,102,101,3623,51
1,A;B;C;D;E;F;G;H;I;J;K;L,C,1,48,4,TRUE,non-native English-speaking participant,1,102,101,3624,51
1,A;B;C;D;E;F;G;H;I;J;K;L,D,1,49,5,TRUE,non-native English-speaking participant,1,102,101,3625,51
1,A;B;C;D;E;F;G;H;I;J;K;L,J,1,50,5,TRUE,non-native English-speaking participant,1,102,101,3626,51
1,A;B;C;D;E;F;G;H;I;J;K;L,H,1,51,5,TRUE,non-native English-speaking participant,1,102,101,3627,51
1,A;B;C;D;E;F;G;H;I;J;K;L,L,1,52,5,TRUE,non-native English-speaking participant,1,102,101,3628,51
1,A;B;C;D;E;F;G;H;I;J;K;L,F,1,53,5,TRUE,non-native English-speaking participant,1,102,101,3629,51
1,A;B;C;D;E;F;G;H;I;J;K;L,I,1,54,5,TRUE,non-native English-speaking participant,1,102,101,3630,51
1,A;B;C;D;E;F;G;H;I;J;K;L,K,1,55,5,TRUE,non-native English-speaking participant,1,102,101,3631,51
1,A;B;C;D;E;F;G;H;I;J;K;L,G,1,56,5,TRUE,non-native English-speaking participant,1,102,101,3632,51
1,A;B;C;D;E;F;G;H;I;J;K;L,B,1,57,5,TRUE,non-native English-speaking participant,1,102,101,3633,51
1,A;B;C;D;E;F;G;H;I;J;K;L,C,1,58,5,TRUE,non-native English-speaking participant,1,102,101,3634,51
1,A;B;C;D;E;F;G;H;I;J;K;L,A,1,59,5,TRUE,non-native English-speaking participant,1,102,101,3635,51
1,A;B;C;D;E;F;G;H;I;J;K;L,E,1,60,5,TRUE,non-native English-speaking participant,1,102,101,3636,51
1,A;B;C;D;E;F;G;H;I;J;K;L,A,1,61,6,TRUE,non-native English-speaking participant,1,102,101,3637,51
1,A;B;C;D;E;F;G;H;I;J;K;L,C,1,62,6,TRUE,non-native English-speaking participant,1,102,101,3638,51
1,A;B;C;D;E;F;G;H;I;J;K;L,L,1,63,6,TRUE,non-native English-speaking participant,1,102,101,3639,51
1,A;B;C;D;E;F;G;H;I;J;K;L,J,1,64,6,TRUE,non-native English-speaking participant,1,102,101,3640,51
1,A;B;C;D;E;F;G;H;I;J;K;L,E,1,65,6,TRUE,non-native English-speaking participant,1,102,101,3641,51
1,A;B;C;D;E;F;G;H;I;J;K;L,I,1,66,6,TRUE,non-native English-speaking participant,1,102,101,3642,51
1,A;B;C;D;E;F;G;H;I;J;K;L,K,1,67,6,TRUE,non-native English-speaking participant,1,102,101,3643,51
1,A;B;C;D;E;F;G;H;I;J;K;L,D,1,68,6,TRUE,non-native English-speaking participant,1,102,101,3644,51
1,A;B;C;D;E;F;G;H;I;J;K;L,H,1,69,6,TRUE,non-native English-speaking participant,1,102,101,3645,51
1,A;B;C;D;E;F;G;H;I;J;K;L,G,1,70,6,TRUE,non-native English-speaking participant,1,102,101,3646,51
1,A;B;C;D;E;F;G;H;I;J;K;L,F,1,71,6,TRUE,non-native English-speaking participant,1,102,101,3647,51
1,A;B;C;D;E;F;G;H;I;J;K;L,B,1,72,6,TRUE,non-native English-speaking participant,1,102,101,3648,51
1,A;B;C;D;E;F;G;H;I;J;K;L,G,1,1,1,FALSE,NA,1,104,103,3649,52
1,A;B;C;D;E;F;G;H;I;J;K;L,I,1,2,1,FALSE,NA,1,104,103,3650,52
1,A;B;C;D;E;F;G;H;I;J;K;L,H,1,3,1,FALSE,NA,1,104,103,3651,52
1,A;B;C;D;E;F;G;H;I;J;K;L,C,1,4,1,FALSE,NA,1,104,103,3652,52
1,A;B;C;D;E;F;G;H;I;J;K;L,B,1,5,1,FALSE,NA,1,104,103,3653,52
1,A;B;C;D;E;F;G;H;I;J;K;L,A,1,6,1,FALSE,NA,1,104,103,3654,52
1,A;B;C;D;E;F;G;H;I;J;K;L,L,1,7,1,FALSE,NA,1,104,103,3655,52
1,A;B;C;D;E;F;G;H;I;J;K;L,F,1,8,1,FALSE,NA,1,104,103,3656,52
1,A;B;C;D;E;F;G;H;I;J;K;L,K,1,9,1,FALSE,NA,1,104,103,3657,52
1,A;B;C;D;E;F;G;H;I;J;K;L,D,1,10,1,FALSE,NA,1,104,103,3658,52
1,A;B;C;D;E;F;G;H;I;J;K;L,J,1,11,1,FALSE,NA,1,104,103,3659,52
1,A;B;C;D;E;F;G;H;I;J;K;L,E,1,12,1,FALSE,NA,1,104,103,3660,52
1,A;B;C;D;E;F;G;H;I;J;K;L,E,1,13,2,FALSE,NA,1,104,103,3661,52
1,A;B;C;D;E;F;G;H;I;J;K;L,D,1,14,2,FALSE,NA,1,104,103,3662,52
1,A;B;C;D;E;F;G;H;I;J;K;L,H,1,15,2,FALSE,NA,1,104,103,3663,52
1,A;B;C;D;E;F;G;H;I;J;K;L,C,1,16,2,FALSE,NA,1,104,103,3664,52
1,A;B;C;D;E;F;G;H;I;J;K;L,K,1,17,2,FALSE,NA,1,104,103,3665,52
1,A;B;C;D;E;F;G;H;I;J;K;L,I,1,18,2,FALSE,NA,1,104,103,3666,52
1,A;B;C;D;E;F;G;H;I;J;K;L,F,1,19,2,FALSE,NA,1,104,103,3667,52
1,A;B;C;D;E;F;G;H;I;J;K;L,J,1,20,2,FALSE,NA,1,104,103,3668,52
1,A;B;C;D;E;F;G;H;I;J;K;L,L,1,21,2,FALSE,NA,1,104,103,3669,52
1,A;B;C;D;E;F;G;H;I;J;K;L,G,1,22,2,FALSE,NA,1,104,103,3670,52
1,A;B;C;D;E;F;G;H;I;J;K;L,B,1,23,2,FALSE,NA,1,104,103,3671,52
1,A;B;C;D;E;F;G;H;I;J;K;L,A,1,24,2,FALSE,NA,1,104,103,3672,52
1,A;B;C;D;E;F;G;H;I;J;K;L,J,1,25,3,FALSE,NA,1,104,103,3673,52
1,A;B;C;D;E;F;G;H;I;J;K;L,E,1,26,3,FALSE,NA,1,104,103,3674,52
1,A;B;C;D;E;F;G;H;I;J;K;L,G,1,27,3,FALSE,NA,1,104,103,3675,52
1,A;B;C;D;E;F;G;H;I;J;K;L,C,1,28,3,FALSE,NA,1,104,103,3676,52
1,A;B;C;D;E;F;G;H;I;J;K;L,L,1,29,3,FALSE,NA,1,104,103,3677,52
1,A;B;C;D;E;F;G;H;I;J;K;L,D,1,30,3,FALSE,NA,1,104,103,3678,52
1,A;B;C;D;E;F;G;H;I;J;K;L,A,1,31,3,FALSE,NA,1,104,103,3679,52
1,A;B;C;D;E;F;G;H;I;J;K;L,F,1,32,3,FALSE,NA,1,104,103,3680,52
1,A;B;C;D;E;F;G;H;I;J;K;L,H,1,33,3,FALSE,NA,1,104,103,3681,52
1,A;B;C;D;E;F;G;H;I;J;K;L,I,1,34,3,FALSE,NA,1,104,103,3682,52
1,A;B;C;D;E;F;G;H;I;J;K;L,B,1,35,3,FALSE,NA,1,104,103,3683,52
1,A;B;C;D;E;F;G;H;I;J;K;L,K,1,36,3,FALSE,NA,1,104,103,3684,52
1,A;B;C;D;E;F;G;H;I;J;K;L,F,1,37,4,FALSE,NA,1,104,103,3685,52
1,A;B;C;D;E;F;G;H;I;J;K;L,L,1,38,4,FALSE,NA,1,104,103,3686,52
1,A;B;C;D;E;F;G;H;I;J;K;L,J,1,39,4,FALSE,NA,1,104,103,3687,52
1,A;B;C;D;E;F;G;H;I;J;K;L,D,1,40,4,FALSE,NA,1,104,103,3688,52
1,A;B;C;D;E;F;G;H;I;J;K;L,A,1,41,4,FALSE,NA,1,104,103,3689,52
1,A;B;C;D;E;F;G;H;I;J;K;L,H,1,42,4,FALSE,NA,1,104,103,3690,52
1,A;B;C;D;E;F;G;H;I;J;K;L,E,1,43,4,FALSE,NA,1,104,103,3691,52
1,A;B;C;D;E;F;G;H;I;J;K;L,K,1,44,4,FALSE,NA,1,104,103,3692,52
1,A;B;C;D;E;F;G;H;I;J;K;L,C,1,45,4,FALSE,NA,1,104,103,3693,52
1,A;B;C;D;E;F;G;H;I;J;K;L,G,1,46,4,FALSE,NA,1,104,103,3694,52
1,A;B;C;D;E;F;G;H;I;J;K;L,I,1,47,4,FALSE,NA,1,104,103,3695,52
1,A;B;C;D;E;F;G;H;I;J;K;L,B,1,48,4,FALSE,NA,1,104,103,3696,52
1,A;B;C;D;E;F;G;H;I;J;K;L,D,1,49,5,FALSE,NA,1,104,103,3697,52
1,A;B;C;D;E;F;G;H;I;J;K;L,I,1,50,5,FALSE,NA,1,104,103,3698,52
1,A;B;C;D;E;F;G;H;I;J;K;L,A,1,51,5,FALSE,NA,1,104,103,3699,52
1,A;B;C;D;E;F;G;H;I;J;K;L,C,1,52,5,FALSE,NA,1,104,103,3700,52
1,A;B;C;D;E;F;G;H;I;J;K;L,E,1,53,5,FALSE,NA,1,104,103,3701,52
1,A;B;C;D;E;F;G;H;I;J;K;L,H,1,54,5,FALSE,NA,1,104,103,3702,52
1,A;B;C;D;E;F;G;H;I;J;K;L,L,1,55,5,FALSE,NA,1,104,103,3703,52
1,A;B;C;D;E;F;G;H;I;J;K;L,B,1,56,5,FALSE,NA,1,104,103,3704,52
1,A;B;C;D;E;F;G;H;I;J;K;L,G,1,57,5,FALSE,NA,1,104,103,3705,52
1,A;B;C;D;E;F;G;H;I;J;K;L,F,1,58,5,FALSE,NA,1,104,103,3706,52
1,A;B;C;D;E;F;G;H;I;J;K;L,J,1,59,5,FALSE,NA,1,104,103,3707,52
1,A;B;C;D;E;F;G;H;I;J;K;L,K,1,60,5,FALSE,NA,1,104,103,3708,52
1,A;B;C;D;E;F;G;H;I;J;K;L,B,1,61,6,FALSE,NA,1,104,103,3709,52
1,A;B;C;D;E;F;G;H;I;J;K;L,E,1,62,6,FALSE,NA,1,104,103,3710,52
1,A;B;C;D;E;F;G;H;I;J;K;L,D,1,63,6,FALSE,NA,1,104,103,3711,52
1,A;B;C;D;E;F;G;H;I;J;K;L,L,1,64,6,FALSE,NA,1,104,103,3712,52
1,A;B;C;D;E;F;G;H;I;J;K;L,K,1,65,6,FALSE,NA,1,104,103,3713,52
1,A;B;C;D;E;F;G;H;I;J;K;L,C,1,66,6,FALSE,NA,1,104,103,3714,52
1,A;B;C;D;E;F;G;H;I;J;K;L,F,1,67,6,FALSE,NA,1,104,103,3715,52
1,A;B;C;D;E;F;G;H;I;J;K;L,J,1,68,6,FALSE,NA,1,104,103,3716,52
1,A;B;C;D;E;F;G;H;I;J;K;L,A,1,69,6,FALSE,NA,1,104,103,3717,52
1,A;B;C;D;E;F;G;H;I;J;K;L,G,1,70,6,FALSE,NA,1,104,103,3718,52
1,A;B;C;D;E;F;G;H;I;J;K;L,I,1,71,6,FALSE,NA,1,104,103,3719,52
1,A;B;C;D;E;F;G;H;I;J;K;L,H,1,72,6,FALSE,NA,1,104,103,3720,52
1,A;B;C;D;E;F;G;H;I;J;K;L,C,1,1,1,FALSE,NA,1,106,105,3721,53
1,A;B;C;D;E;F;G;H;I;J;K;L,D,1,2,1,FALSE,NA,1,106,105,3722,53
1,A;B;C;D;E;F;G;H;I;J;K;L,B,1,3,1,FALSE,NA,1,106,105,3723,53
1,A;B;C;D;E;F;G;H;I;J;K;L,L,1,4,1,FALSE,NA,1,106,105,3724,53
1,A;B;C;D;E;F;G;H;I;J;K;L,A,1,5,1,FALSE,NA,1,106,105,3725,53
1,A;B;C;D;E;F;G;H;I;J;K;L,G,1,6,1,FALSE,NA,1,106,105,3726,53
1,A;B;C;D;E;F;G;H;I;J;K;L,I,1,7,1,FALSE,NA,1,106,105,3727,53
1,A;B;C;D;E;F;G;H;I;J;K;L,K,1,8,1,FALSE,NA,1,106,105,3728,53
1,A;B;C;D;E;F;G;H;I;J;K;L,F,1,9,1,FALSE,NA,1,106,105,3729,53
1,A;B;C;D;E;F;G;H;I;J;K;L,H,1,10,1,FALSE,NA,1,106,105,3730,53
1,A;B;C;D;E;F;G;H;I;J;K;L,J,1,11,1,FALSE,NA,1,106,105,3731,53
1,A;B;C;D;E;F;G;H;I;J;K;L,E,1,12,1,FALSE,NA,1,106,105,3732,53
1,A;B;C;D;E;F;G;H;I;J;K;L,A,1,13,2,FALSE,NA,1,106,105,3733,53
1,A;B;C;D;E;F;G;H;I;J;K;L,F,1,14,2,FALSE,NA,1,106,105,3734,53
1,A;B;C;D;E;F;G;H;I;J;K;L,B,1,15,2,FALSE,NA,1,106,105,3735,53
1,A;B;C;D;E;F;G;H;I;J;K;L,E,1,16,2,FALSE,NA,1,106,105,3736,53
1,A;B;C;D;E;F;G;H;I;J;K;L,K,1,17,2,FALSE,NA,1,106,105,3737,53
1,A;B;C;D;E;F;G;H;I;J;K;L,J,1,18,2,FALSE,NA,1,106,105,3738,53
1,A;B;C;D;E;F;G;H;I;J;K;L,I,1,19,2,FALSE,NA,1,106,105,3739,53
1,A;B;C;D;E;F;G;H;I;J;K;L,D,1,20,2,FALSE,NA,1,106,105,3740,53
1,A;B;C;D;E;F;G;H;I;J;K;L,L,1,21,2,FALSE,NA,1,106,105,3741,53
1,A;B;C;D;E;F;G;H;I;J;K;L,G,1,22,2,FALSE,NA,1,106,105,3742,53
1,A;B;C;D;E;F;G;H;I;J;K;L,H,1,23,2,FALSE,NA,1,106,105,3743,53
1,A;B;C;D;E;F;G;H;I;J;K;L,C,1,24,2,FALSE,NA,1,106,105,3744,53
1,A;B;C;D;E;F;G;H;I;J;K;L,G,1,25,3,FALSE,NA,1,106,105,3745,53
1,A;B;C;D;E;F;G;H;I;J;K;L,I,1,26,3,FALSE,NA,1,106,105,3746,53
1,A;B;C;D;E;F;G;H;I;J;K;L,L,1,27,3,FALSE,NA,1,106,105,3747,53
1,A;B;C;D;E;F;G;H;I;J;K;L,D,1,28,3,FALSE,NA,1,106,105,3748,53
1,A;B;C;D;E;F;G;H;I;J;K;L,C,1,29,3,FALSE,NA,1,106,105,3749,53
1,A;B;C;D;E;F;G;H;I;J;K;L,B,1,30,3,FALSE,NA,1,106,105,3750,53
1,A;B;C;D;E;F;G;H;I;J;K;L,H,1,31,3,FALSE,NA,1,106,105,3751,53
1,A;B;C;D;E;F;G;H;I;J;K;L,J,1,32,3,FALSE,NA,1,106,105,3752,53
1,A;B;C;D;E;F;G;H;I;J;K;L,K,1,33,3,FALSE,NA,1,106,105,3753,53
1,A;B;C;D;E;F;G;H;I;J;K;L,F,1,34,3,FALSE,NA,1,106,105,3754,53
1,A;B;C;D;E;F;G;H;I;J;K;L,A,1,35,3,FALSE,NA,1,106,105,3755,53
1,A;B;C;D;E;F;G;H;I;J;K;L,E,1,36,3,FALSE,NA,1,106,105,3756,53
1,A;B;C;D;E;F;G;H;I;J;K;L,L,1,37,4,FALSE,NA,1,106,105,3757,53
1,A;B;C;D;E;F;G;H;I;J;K;L,H,1,38,4,FALSE,NA,1,106,105,3758,53
1,A;B;C;D;E;F;G;H;I;J;K;L,D,1,39,4,FALSE,NA,1,106,105,3759,53
1,A;B;C;D;E;F;G;H;I;J;K;L,A,1,40,4,FALSE,NA,1,106,105,3760,53
1,A;B;C;D;E;F;G;H;I;J;K;L,E,1,41,4,FALSE,NA,1,106,105,3761,53
1,A;B;C;D;E;F;G;H;I;J;K;L,F,1,42,4,FALSE,NA,1,106,105,3762,53
1,A;B;C;D;E;F;G;H;I;J;K;L,J,1,43,4,FALSE,NA,1,106,105,3763,53
1,A;B;C;D;E;F;G;H;I;J;K;L,G,1,44,4,FALSE,NA,1,106,105,3764,53
1,A;B;C;D;E;F;G;H;I;J;K;L,C,1,45,4,FALSE,NA,1,106,105,3765,53
1,A;B;C;D;E;F;G;H;I;J;K;L,I,1,46,4,FALSE,NA,1,106,105,3766,53
1,A;B;C;D;E;F;G;H;I;J;K;L,B,1,47,4,FALSE,NA,1,106,105,3767,53
1,A;B;C;D;E;F;G;H;I;J;K;L,K,1,48,4,FALSE,NA,1,106,105,3768,53
1,A;B;C;D;E;F;G;H;I;J;K;L,I,1,49,5,FALSE,NA,1,106,105,3769,53
1,A;B;C;D;E;F;G;H;I;J;K;L,H,1,50,5,FALSE,NA,1,106,105,3770,53
1,A;B;C;D;E;F;G;H;I;J;K;L,K,1,51,5,FALSE,NA,1,106,105,3771,53
1,A;B;C;D;E;F;G;H;I;J;K;L,E,1,52,5,FALSE,NA,1,106,105,3772,53
1,A;B;C;D;E;F;G;H;I;J;K;L,J,1,53,5,FALSE,NA,1,106,105,3773,53
1,A;B;C;D;E;F;G;H;I;J;K;L,F,1,54,5,FALSE,NA,1,106,105,3774,53
1,A;B;C;D;E;F;G;H;I;J;K;L,L,1,55,5,FALSE,NA,1,106,105,3775,53
1,A;B;C;D;E;F;G;H;I;J;K;L,A,1,56,5,FALSE,NA,1,106,105,3776,53
1,A;B;C;D;E;F;G;H;I;J;K;L,D,1,57,5,FALSE,NA,1,106,105,3777,53
1,A;B;C;D;E;F;G;H;I;J;K;L,C,1,58,5,FALSE,NA,1,106,105,3778,53
1,A;B;C;D;E;F;G;H;I;J;K;L,B,1,59,5,FALSE,NA,1,106,105,3779,53
1,A;B;C;D;E;F;G;H;I;J;K;L,G,1,60,5,FALSE,NA,1,106,105,3780,53
1,A;B;C;D;E;F;G;H;I;J;K;L,A,1,61,6,FALSE,NA,1,106,105,3781,53
1,A;B;C;D;E;F;G;H;I;J;K;L,H,1,62,6,FALSE,NA,1,106,105,3782,53
1,A;B;C;D;E;F;G;H;I;J;K;L,E,1,63,6,FALSE,NA,1,106,105,3783,53
1,A;B;C;D;E;F;G;H;I;J;K;L,D,1,64,6,FALSE,NA,1,106,105,3784,53
1,A;B;C;D;E;F;G;H;I;J;K;L,B,1,65,6,FALSE,NA,1,106,105,3785,53
1,A;B;C;D;E;F;G;H;I;J;K;L,J,1,66,6,FALSE,NA,1,106,105,3786,53
1,A;B;C;D;E;F;G;H;I;J;K;L,F,1,67,6,FALSE,NA,1,106,105,3787,53
1,A;B;C;D;E;F;G;H;I;J;K;L,K,1,68,6,FALSE,NA,1,106,105,3788,53
1,A;B;C;D;E;F;G;H;I;J;K;L,I,1,69,6,FALSE,NA,1,106,105,3789,53
1,A;B;C;D;E;F;G;H;I;J;K;L,G,1,70,6,FALSE,NA,1,106,105,3790,53
1,A;B;C;D;E;F;G;H;I;J;K;L,L,1,71,6,FALSE,NA,1,106,105,3791,53
1,A;B;C;D;E;F;G;H;I;J;K;L,C,1,72,6,FALSE,NA,1,106,105,3792,53
1,A;B;C;D;E;F;G;H;I;J;K;L,B,1,1,1,FALSE,NA,1,108,107,3793,54
1,A;B;C;D;E;F;G;H;I;J;K;L,F,1,2,1,FALSE,NA,1,108,107,3794,54
1,A;B;C;D;E;F;G;H;I;J;K;L,A,1,3,1,FALSE,NA,1,108,107,3795,54
1,A;B;C;D;E;F;G;H;I;J;K;L,J,1,4,1,FALSE,NA,1,108,107,3796,54
1,A;B;C;D;E;F;G;H;I;J;K;L,H,1,5,1,FALSE,NA,1,108,107,3797,54
1,A;B;C;D;E;F;G;H;I;J;K;L,C,1,6,1,FALSE,NA,1,108,107,3798,54
1,A;B;C;D;E;F;G;H;I;J;K;L,D,1,7,1,FALSE,NA,1,108,107,3799,54
1,A;B;C;D;E;F;G;H;I;J;K;L,I,1,8,1,FALSE,NA,1,108,107,3800,54
1,A;B;C;D;E;F;G;H;I;J;K;L,E,1,9,1,FALSE,NA,1,108,107,3801,54
1,A;B;C;D;E;F;G;H;I;J;K;L,L,1,10,1,FALSE,NA,1,108,107,3802,54
1,A;B;C;D;E;F;G;H;I;J;K;L,K,1,11,1,FALSE,NA,1,108,107,3803,54
1,A;B;C;D;E;F;G;H;I;J;K;L,G,1,12,1,FALSE,NA,1,108,107,3804,54
1,A;B;C;D;E;F;G;H;I;J;K;L,E,1,13,2,FALSE,NA,1,108,107,3805,54
1,A;B;C;D;E;F;G;H;I;J;K;L,C,1,14,2,FALSE,NA,1,108,107,3806,54
1,A;B;C;D;E;F;G;H;I;J;K;L,A,1,15,2,FALSE,NA,1,108,107,3807,54
1,A;B;C;D;E;F;G;H;I;J;K;L,D,1,16,2,FALSE,NA,1,108,107,3808,54
1,A;B;C;D;E;F;G;H;I;J;K;L,J,1,17,2,FALSE,NA,1,108,107,3809,54
1,A;B;C;D;E;F;G;H;I;J;K;L,I,1,18,2,FALSE,NA,1,108,107,3810,54
1,A;B;C;D;E;F;G;H;I;J;K;L,F,1,19,2,FALSE,NA,1,108,107,3811,54
1,A;B;C;D;E;F;G;H;I;J;K;L,G,1,20,2,FALSE,NA,1,108,107,3812,54
1,A;B;C;D;E;F;G;H;I;J;K;L,L,1,21,2,FALSE,NA,1,108,107,3813,54
1,A;B;C;D;E;F;G;H;I;J;K;L,H,1,22,2,FALSE,NA,1,108,107,3814,54
1,A;B;C;D;E;F;G;H;I;J;K;L,B,1,23,2,FALSE,NA,1,108,107,3815,54
1,A;B;C;D;E;F;G;H;I;J;K;L,K,1,24,2,FALSE,NA,1,108,107,3816,54
1,A;B;C;D;E;F;G;H;I;J;K;L,J,1,25,3,FALSE,NA,1,108,107,3817,54
1,A;B;C;D;E;F;G;H;I;J;K;L,I,1,26,3,FALSE,NA,1,108,107,3818,54
1,A;B;C;D;E;F;G;H;I;J;K;L,K,1,27,3,FALSE,NA,1,108,107,3819,54
1,A;B;C;D;E;F;G;H;I;J;K;L,H,1,28,3,FALSE,NA,1,108,107,3820,54
1,A;B;C;D;E;F;G;H;I;J;K;L,F,1,29,3,FALSE,NA,1,108,107,3821,54
1,A;B;C;D;E;F;G;H;I;J;K;L,G,1,30,3,FALSE,NA,1,108,107,3822,54
1,A;B;C;D;E;F;G;H;I;J;K;L,D,1,31,3,FALSE,NA,1,108,107,3823,54
1,A;B;C;D;E;F;G;H;I;J;K;L,L,1,32,3,FALSE,NA,1,108,107,3824,54
1,A;B;C;D;E;F;G;H;I;J;K;L,B,1,33,3,FALSE,NA,1,108,107,3825,54
1,A;B;C;D;E;F;G;H;I;J;K;L,E,1,34,3,FALSE,NA,1,108,107,3826,54
1,A;B;C;D;E;F;G;H;I;J;K;L,A,1,35,3,FALSE,NA,1,108,107,3827,54
1,A;B;C;D;E;F;G;H;I;J;K;L,C,1,36,3,FALSE,NA,1,108,107,3828,54
1,A;B;C;D;E;F;G;H;I;J;K;L,G,1,37,4,FALSE,NA,1,108,107,3829,54
1,A;B;C;D;E;F;G;H;I;J;K;L,I,1,38,4,FALSE,NA,1,108,107,3830,54
1,A;B;C;D;E;F;G;H;I;J;K;L,B,1,39,4,FALSE,NA,1,108,107,3831,54
1,A;B;C;D;E;F;G;H;I;J;K;L,F,1,40,4,FALSE,NA,1,108,107,3832,54
1,A;B;C;D;E;F;G;H;I;J;K;L,L,1,41,4,FALSE,NA,1,108,107,3833,54
1,A;B;C;D;E;F;G;H;I;J;K;L,A,1,42,4,FALSE,NA,1,108,107,3834,54
1,A;B;C;D;E;F;G;H;I;J;K;L,H,1,43,4,FALSE,NA,1,108,107,3835,54
1,A;B;C;D;E;F;G;H;I;J;K;L,C,1,44,4,FALSE,NA,1,108,107,3836,54
1,A;B;C;D;E;F;G;H;I;J;K;L,K,1,45,4,FALSE,NA,1,108,107,3837,54
1,A;B;C;D;E;F;G;H;I;J;K;L,D,1,46,4,FALSE,NA,1,108,107,3838,54
1,A;B;C;D;E;F;G;H;I;J;K;L,E,1,47,4,FALSE,NA,1,108,107,3839,54
1,A;B;C;D;E;F;G;H;I;J;K;L,J,1,48,4,FALSE,NA,1,108,107,3840,54
1,A;B;C;D;E;F;G;H;I;J;K;L,L,1,49,5,FALSE,NA,1,108,107,3841,54
1,A;B;C;D;E;F;G;H;I;J;K;L,D,1,50,5,FALSE,NA,1,108,107,3842,54
1,A;B;C;D;E;F;G;H;I;J;K;L,K,1,51,5,FALSE,NA,1,108,107,3843,54
1,A;B;C;D;E;F;G;H;I;J;K;L,J,1,52,5,FALSE,NA,1,108,107,3844,54
1,A;B;C;D;E;F;G;H;I;J;K;L,A,1,53,5,FALSE,NA,1,108,107,3845,54
1,A;B;C;D;E;F;G;H;I;J;K;L,C,1,54,5,FALSE,NA,1,108,107,3846,54
1,A;B;C;D;E;F;G;H;I;J;K;L,F,1,55,5,FALSE,NA,1,108,107,3847,54
1,A;B;C;D;E;F;G;H;I;J;K;L,E,1,56,5,FALSE,NA,1,108,107,3848,54
1,A;B;C;D;E;F;G;H;I;J;K;L,G,1,57,5,FALSE,NA,1,108,107,3849,54
1,A;B;C;D;E;F;G;H;I;J;K;L,I,1,58,5,FALSE,NA,1,108,107,3850,54
1,A;B;C;D;E;F;G;H;I;J;K;L,H,1,59,5,FALSE,NA,1,108,107,3851,54
1,A;B;C;D;E;F;G;H;I;J;K;L,B,1,60,5,FALSE,NA,1,108,107,3852,54
1,A;B;C;D;E;F;G;H;I;J;K;L,K,1,61,6,FALSE,NA,1,108,107,3853,54
1,A;B;C;D;E;F;G;H;I;J;K;L,H,1,62,6,FALSE,NA,1,108,107,3854,54
1,A;B;C;D;E;F;G;H;I;J;K;L,B,1,63,6,FALSE,NA,1,108,107,3855,54
1,A;B;C;D;E;F;G;H;I;J;K;L,G,1,64,6,FALSE,NA,1,108,107,3856,54
1,A;B;C;D;E;F;G;H;I;J;K;L,I,1,65,6,FALSE,NA,1,108,107,3857,54
1,A;B;C;D;E;F;G;H;I;J;K;L,E,1,66,6,FALSE,NA,1,108,107,3858,54
1,A;B;C;D;E;F;G;H;I;J;K;L,A,1,67,6,FALSE,NA,1,108,107,3859,54
1,A;B;C;D;E;F;G;H;I;J;K;L,F,1,68,6,FALSE,NA,1,108,107,3860,54
1,A;B;C;D;E;F;G;H;I;J;K;L,D,1,69,6,FALSE,NA,1,108,107,3861,54
1,A;B;C;D;E;F;G;H;I;J;K;L,J,1,70,6,FALSE,NA,1,108,107,3862,54
1,A;B;C;D;E;F;G;H;I;J;K;L,C,1,71,6,FALSE,NA,1,108,107,3863,54
1,A;B;C;D;E;F;G;H;I;J;K;L,L,1,72,6,FALSE,NA,1,108,107,3864,54
1,A;B;C;D;E;F;G;H;I;J;K;L,F,1,1,1,FALSE,NA,1,110,109,3865,55
1,A;B;C;D;E;F;G;H;I;J;K;L,I,1,2,1,FALSE,NA,1,110,109,3866,55
1,A;B;C;D;E;F;G;H;I;J;K;L,D,1,3,1,FALSE,NA,1,110,109,3867,55
1,A;B;C;D;E;F;G;H;I;J;K;L,K,1,4,1,FALSE,NA,1,110,109,3868,55
1,A;B;C;D;E;F;G;H;I;J;K;L,C,1,5,1,FALSE,NA,1,110,109,3869,55
1,A;B;C;D;E;F;G;H;I;J;K;L,G,1,6,1,FALSE,NA,1,110,109,3870,55
1,A;B;C;D;E;F;G;H;I;J;K;L,E,1,7,1,FALSE,NA,1,110,109,3871,55
1,A;B;C;D;E;F;G;H;I;J;K;L,B,1,8,1,FALSE,NA,1,110,109,3872,55
1,A;B;C;D;E;F;G;H;I;J;K;L,H,1,9,1,FALSE,NA,1,110,109,3873,55
1,A;B;C;D;E;F;G;H;I;J;K;L,A,1,10,1,FALSE,NA,1,110,109,3874,55
1,A;B;C;D;E;F;G;H;I;J;K;L,L,1,11,1,FALSE,NA,1,110,109,3875,55
1,A;B;C;D;E;F;G;H;I;J;K;L,J,1,12,1,FALSE,NA,1,110,109,3876,55
1,A;B;C;D;E;F;G;H;I;J;K;L,G,1,13,2,FALSE,NA,1,110,109,3877,55
1,A;B;C;D;E;F;G;H;I;J;K;L,L,1,14,2,FALSE,NA,1,110,109,3878,55
1,A;B;C;D;E;F;G;H;I;J;K;L,B,1,15,2,FALSE,NA,1,110,109,3879,55
1,A;B;C;D;E;F;G;H;I;J;K;L,E,1,16,2,FALSE,NA,1,110,109,3880,55
1,A;B;C;D;E;F;G;H;I;J;K;L,A,1,17,2,FALSE,NA,1,110,109,3881,55
1,A;B;C;D;E;F;G;H;I;J;K;L,C,1,18,2,FALSE,NA,1,110,109,3882,55
1,A;B;C;D;E;F;G;H;I;J;K;L,I,1,19,2,FALSE,NA,1,110,109,3883,55
1,A;B;C;D;E;F;G;H;I;J;K;L,K,1,20,2,FALSE,NA,1,110,109,3884,55
1,A;B;C;D;E;F;G;H;I;J;K;L,F,1,21,2,FALSE,NA,1,110,109,3885,55
1,A;B;C;D;E;F;G;H;I;J;K;L,J,1,22,2,FALSE,NA,1,110,109,3886,55
1,A;B;C;D;E;F;G;H;I;J;K;L,H,1,23,2,FALSE,NA,1,110,109,3887,55
1,A;B;C;D;E;F;G;H;I;J;K;L,D,1,24,2,FALSE,NA,1,110,109,3888,55
1,A;B;C;D;E;F;G;H;I;J;K;L,A,1,25,3,FALSE,NA,1,110,109,3889,55
1,A;B;C;D;E;F;G;H;I;J;K;L,G,1,26,3,FALSE,NA,1,110,109,3890,55
1,A;B;C;D;E;F;G;H;I;J;K;L,E,1,27,3,FALSE,NA,1,110,109,3891,55
1,A;B;C;D;E;F;G;H;I;J;K;L,D,1,28,3,FALSE,NA,1,110,109,3892,55
1,A;B;C;D;E;F;G;H;I;J;K;L,H,1,29,3,FALSE,NA,1,110,109,3893,55
1,A;B;C;D;E;F;G;H;I;J;K;L,F,1,30,3,FALSE,NA,1,110,109,3894,55
1,A;B;C;D;E;F;G;H;I;J;K;L,J,1,31,3,FALSE,NA,1,110,109,3895,55
1,A;B;C;D;E;F;G;H;I;J;K;L,I,1,32,3,FALSE,NA,1,110,109,3896,55
1,A;B;C;D;E;F;G;H;I;J;K;L,L,1,33,3,FALSE,NA,1,110,109,3897,55
1,A;B;C;D;E;F;G;H;I;J;K;L,B,1,34,3,FALSE,NA,1,110,109,3898,55
1,A;B;C;D;E;F;G;H;I;J;K;L,C,1,35,3,FALSE,NA,1,110,109,3899,55
1,A;B;C;D;E;F;G;H;I;J;K;L,K,1,36,3,FALSE,NA,1,110,109,3900,55
1,A;B;C;D;E;F;G;H;I;J;K;L,L,1,37,4,FALSE,NA,1,110,109,3901,55
1,A;B;C;D;E;F;G;H;I;J;K;L,E,1,38,4,FALSE,NA,1,110,109,3902,55
1,A;B;C;D;E;F;G;H;I;J;K;L,J,1,39,4,FALSE,NA,1,110,109,3903,55
1,A;B;C;D;E;F;G;H;I;J;K;L,A,1,40,4,FALSE,NA,1,110,109,3904,55
1,A;B;C;D;E;F;G;H;I;J;K;L,H,1,41,4,FALSE,NA,1,110,109,3905,55
1,A;B;C;D;E;F;G;H;I;J;K;L,F,1,42,4,FALSE,NA,1,110,109,3906,55
1,A;B;C;D;E;F;G;H;I;J;K;L,D,1,43,4,FALSE,NA,1,110,109,3907,55
1,A;B;C;D;E;F;G;H;I;J;K;L,I,1,44,4,FALSE,NA,1,110,109,3908,55
1,A;B;C;D;E;F;G;H;I;J;K;L,C,1,45,4,FALSE,NA,1,110,109,3909,55
1,A;B;C;D;E;F;G;H;I;J;K;L,K,1,46,4,FALSE,NA,1,110,109,3910,55
1,A;B;C;D;E;F;G;H;I;J;K;L,B,1,47,4,FALSE,NA,1,110,109,3911,55
1,A;B;C;D;E;F;G;H;I;J;K;L,G,1,48,4,FALSE,NA,1,110,109,3912,55
1,A;B;C;D;E;F;G;H;I;J;K;L,I,1,49,5,FALSE,NA,1,110,109,3913,55
1,A;B;C;D;E;F;G;H;I;J;K;L,J,1,50,5,FALSE,NA,1,110,109,3914,55
1,A;B;C;D;E;F;G;H;I;J;K;L,D,1,51,5,FALSE,NA,1,110,109,3915,55
1,A;B;C;D;E;F;G;H;I;J;K;L,L,1,52,5,FALSE,NA,1,110,109,3916,55
1,A;B;C;D;E;F;G;H;I;J;K;L,E,1,53,5,FALSE,NA,1,110,109,3917,55
1,A;B;C;D;E;F;G;H;I;J;K;L,G,1,54,5,FALSE,NA,1,110,109,3918,55
1,A;B;C;D;E;F;G;H;I;J;K;L,A,1,55,5,FALSE,NA,1,110,109,3919,55
1,A;B;C;D;E;F;G;H;I;J;K;L,H,1,56,5,FALSE,NA,1,110,109,3920,55
1,A;B;C;D;E;F;G;H;I;J;K;L,B,1,57,5,FALSE,NA,1,110,109,3921,55
1,A;B;C;D;E;F;G;H;I;J;K;L,C,1,58,5,FALSE,NA,1,110,109,3922,55
1,A;B;C;D;E;F;G;H;I;J;K;L,F,1,59,5,FALSE,NA,1,110,109,3923,55
1,A;B;C;D;E;F;G;H;I;J;K;L,K,1,60,5,FALSE,NA,1,110,109,3924,55
1,A;B;C;D;E;F;G;H;I;J;K;L,I,1,61,6,FALSE,NA,1,110,109,3925,55
1,A;B;C;D;E;F;G;H;I;J;K;L,L,1,62,6,FALSE,NA,1,110,109,3926,55
1,A;B;C;D;E;F;G;H;I;J;K;L,G,1,63,6,FALSE,NA,1,110,109,3927,55
1,A;B;C;D;E;F;G;H;I;J;K;L,H,1,64,6,FALSE,NA,1,110,109,3928,55
1,A;B;C;D;E;F;G;H;I;J;K;L,A,1,65,6,FALSE,NA,1,110,109,3929,55
1,A;B;C;D;E;F;G;H;I;J;K;L,B,1,66,6,FALSE,NA,1,110,109,3930,55
1,A;B;C;D;E;F;G;H;I;J;K;L,J,1,67,6,FALSE,NA,1,110,109,3931,55
1,A;B;C;D;E;F;G;H;I;J;K;L,E,1,68,6,FALSE,NA,1,110,109,3932,55
1,A;B;C;D;E;F;G;H;I;J;K;L,C,1,69,6,FALSE,NA,1,110,109,3933,55
1,A;B;C;D;E;F;G;H;I;J;K;L,D,1,70,6,FALSE,NA,1,110,109,3934,55
1,A;B;C;D;E;F;G;H;I;J;K;L,F,1,71,6,FALSE,NA,1,110,109,3935,55
1,A;B;C;D;E;F;G;H;I;J;K;L,K,1,72,6,FALSE,NA,1,110,109,3936,55
1,A;B;C;D;E;F;G;H;I;J;K;L,H,1,1,1,FALSE,NA,1,112,111,3937,56
1,A;B;C;D;E;F;G;H;I;J;K;L,J,1,2,1,FALSE,NA,1,112,111,3938,56
1,A;B;C;D;E;F;G;H;I;J;K;L,D,1,3,1,FALSE,NA,1,112,111,3939,56
1,A;B;C;D;E;F;G;H;I;J;K;L,A,1,4,1,FALSE,NA,1,112,111,3940,56
1,A;B;C;D;E;F;G;H;I;J;K;L,F,1,5,1,FALSE,NA,1,112,111,3941,56
1,A;B;C;D;E;F;G;H;I;J;K;L,I,1,6,1,FALSE,NA,1,112,111,3942,56
1,A;B;C;D;E;F;G;H;I;J;K;L,C,1,7,1,FALSE,NA,1,112,111,3943,56
1,A;B;C;D;E;F;G;H;I;J;K;L,K,1,8,1,FALSE,NA,1,112,111,3944,56
1,A;B;C;D;E;F;G;H;I;J;K;L,B,1,9,1,FALSE,NA,1,112,111,3945,56
1,A;B;C;D;E;F;G;H;I;J;K;L,E,1,10,1,FALSE,NA,1,112,111,3946,56
1,A;B;C;D;E;F;G;H;I;J;K;L,L,1,11,1,FALSE,NA,1,112,111,3947,56
1,A;B;C;D;E;F;G;H;I;J;K;L,G,1,12,1,FALSE,NA,1,112,111,3948,56
1,A;B;C;D;E;F;G;H;I;J;K;L,F,1,13,2,FALSE,NA,1,112,111,3949,56
1,A;B;C;D;E;F;G;H;I;J;K;L,C,1,14,2,FALSE,NA,1,112,111,3950,56
1,A;B;C;D;E;F;G;H;I;J;K;L,E,1,15,2,FALSE,NA,1,112,111,3951,56
1,A;B;C;D;E;F;G;H;I;J;K;L,H,1,16,2,FALSE,NA,1,112,111,3952,56
1,A;B;C;D;E;F;G;H;I;J;K;L,A,1,17,2,FALSE,NA,1,112,111,3953,56
1,A;B;C;D;E;F;G;H;I;J;K;L,I,1,18,2,FALSE,NA,1,112,111,3954,56
1,A;B;C;D;E;F;G;H;I;J;K;L,D,1,19,2,FALSE,NA,1,112,111,3955,56
1,A;B;C;D;E;F;G;H;I;J;K;L,B,1,20,2,FALSE,NA,1,112,111,3956,56
1,A;B;C;D;E;F;G;H;I;J;K;L,G,1,21,2,FALSE,NA,1,112,111,3957,56
1,A;B;C;D;E;F;G;H;I;J;K;L,K,1,22,2,FALSE,NA,1,112,111,3958,56
1,A;B;C;D;E;F;G;H;I;J;K;L,J,1,23,2,FALSE,NA,1,112,111,3959,56
1,A;B;C;D;E;F;G;H;I;J;K;L,L,1,24,2,FALSE,NA,1,112,111,3960,56
1,A;B;C;D;E;F;G;H;I;J;K;L,I,1,25,3,FALSE,NA,1,112,111,3961,56
1,A;B;C;D;E;F;G;H;I;J;K;L,G,1,26,3,FALSE,NA,1,112,111,3962,56
1,A;B;C;D;E;F;G;H;I;J;K;L,A,1,27,3,FALSE,NA,1,112,111,3963,56
1,A;B;C;D;E;F;G;H;I;J;K;L,C,1,28,3,FALSE,NA,1,112,111,3964,56
1,A;B;C;D;E;F;G;H;I;J;K;L,D,1,29,3,FALSE,NA,1,112,111,3965,56
1,A;B;C;D;E;F;G;H;I;J;K;L,L,1,30,3,FALSE,NA,1,112,111,3966,56
1,A;B;C;D;E;F;G;H;I;J;K;L,B,1,31,3,FALSE,NA,1,112,111,3967,56
1,A;B;C;D;E;F;G;H;I;J;K;L,H,1,32,3,FALSE,NA,1,112,111,3968,56
1,A;B;C;D;E;F;G;H;I;J;K;L,F,1,33,3,FALSE,NA,1,112,111,3969,56
1,A;B;C;D;E;F;G;H;I;J;K;L,K,1,34,3,FALSE,NA,1,112,111,3970,56
1,A;B;C;D;E;F;G;H;I;J;K;L,E,1,35,3,FALSE,NA,1,112,111,3971,56
1,A;B;C;D;E;F;G;H;I;J;K;L,J,1,36,3,FALSE,NA,1,112,111,3972,56
1,A;B;C;D;E;F;G;H;I;J;K;L,H,1,37,4,FALSE,NA,1,112,111,3973,56
1,A;B;C;D;E;F;G;H;I;J;K;L,E,1,38,4,FALSE,NA,1,112,111,3974,56
1,A;B;C;D;E;F;G;H;I;J;K;L,C,1,39,4,FALSE,NA,1,112,111,3975,56
1,A;B;C;D;E;F;G;H;I;J;K;L,L,1,40,4,FALSE,NA,1,112,111,3976,56
1,A;B;C;D;E;F;G;H;I;J;K;L,F,1,41,4,FALSE,NA,1,112,111,3977,56
1,A;B;C;D;E;F;G;H;I;J;K;L,D,1,42,4,FALSE,NA,1,112,111,3978,56
1,A;B;C;D;E;F;G;H;I;J;K;L,A,1,43,4,FALSE,NA,1,112,111,3979,56
1,A;B;C;D;E;F;G;H;I;J;K;L,I,1,44,4,FALSE,NA,1,112,111,3980,56
1,A;B;C;D;E;F;G;H;I;J;K;L,K,1,45,4,FALSE,NA,1,112,111,3981,56
1,A;B;C;D;E;F;G;H;I;J;K;L,G,1,46,4,FALSE,NA,1,112,111,3982,56
1,A;B;C;D;E;F;G;H;I;J;K;L,J,1,47,4,FALSE,NA,1,112,111,3983,56
1,A;B;C;D;E;F;G;H;I;J;K;L,B,1,48,4,FALSE,NA,1,112,111,3984,56
1,A;B;C;D;E;F;G;H;I;J;K;L,B,1,49,5,FALSE,NA,1,112,111,3985,56
1,A;B;C;D;E;F;G;H;I;J;K;L,D,1,50,5,FALSE,NA,1,112,111,3986,56
1,A;B;C;D;E;F;G;H;I;J;K;L,I,1,51,5,FALSE,NA,1,112,111,3987,56
1,A;B;C;D;E;F;G;H;I;J;K;L,K,1,52,5,FALSE,NA,1,112,111,3988,56
1,A;B;C;D;E;F;G;H;I;J;K;L,J,1,53,5,FALSE,NA,1,112,111,3989,56
1,A;B;C;D;E;F;G;H;I;J;K;L,A,1,54,5,FALSE,NA,1,112,111,3990,56
1,A;B;C;D;E;F;G;H;I;J;K;L,L,1,55,5,FALSE,NA,1,112,111,3991,56
1,A;B;C;D;E;F;G;H;I;J;K;L,F,1,56,5,FALSE,NA,1,112,111,3992,56
1,A;B;C;D;E;F;G;H;I;J;K;L,H,1,57,5,FALSE,NA,1,112,111,3993,56
1,A;B;C;D;E;F;G;H;I;J;K;L,G,1,58,5,FALSE,NA,1,112,111,3994,56
1,A;B;C;D;E;F;G;H;I;J;K;L,E,1,59,5,FALSE,NA,1,112,111,3995,56
1,A;B;C;D;E;F;G;H;I;J;K;L,C,1,60,5,FALSE,NA,1,112,111,3996,56
1,A;B;C;D;E;F;G;H;I;J;K;L,L,1,61,6,FALSE,NA,1,112,111,3997,56
1,A;B;C;D;E;F;G;H;I;J;K;L,A,1,62,6,FALSE,NA,1,112,111,3998,56
1,A;B;C;D;E;F;G;H;I;J;K;L,G,1,63,6,FALSE,NA,1,112,111,3999,56
1,A;B;C;D;E;F;G;H;I;J;K;L,E,1,64,6,FALSE,NA,1,112,111,4000,56
1,A;B;C;D;E;F;G;H;I;J;K;L,D,1,65,6,FALSE,NA,1,112,111,4001,56
1,A;B;C;D;E;F;G;H;I;J;K;L,F,1,66,6,FALSE,NA,1,112,111,4002,56
1,A;B;C;D;E;F;G;H;I;J;K;L,K,1,67,6,FALSE,NA,1,112,111,4003,56
1,A;B;C;D;E;F;G;H;I;J;K;L,H,1,68,6,FALSE,NA,1,112,111,4004,56
1,A;B;C;D;E;F;G;H;I;J;K;L,J,1,69,6,FALSE,NA,1,112,111,4005,56
1,A;B;C;D;E;F;G;H;I;J;K;L,B,1,70,6,FALSE,NA,1,112,111,4006,56
1,A;B;C;D;E;F;G;H;I;J;K;L,I,1,71,6,FALSE,NA,1,112,111,4007,56
1,A;B;C;D;E;F;G;H;I;J;K;L,C,1,72,6,FALSE,NA,1,112,111,4008,56
1,A;B;C;D;E;F;G;H;I;J;K;L,I,1,1,1,TRUE,incomplete game,1,114,113,4009,57
1,A;B;C;D;E;F;G;H;I;J;K;L,C,1,2,1,TRUE,incomplete game,1,114,113,4010,57
1,A;B;C;D;E;F;G;H;I;J;K;L,K,1,3,1,TRUE,incomplete game,1,114,113,4011,57
1,A;B;C;D;E;F;G;H;I;J;K;L,B,1,4,1,TRUE,incomplete game,1,114,113,4012,57
1,A;B;C;D;E;F;G;H;I;J;K;L,A,1,5,1,TRUE,incomplete game,1,114,113,4013,57
1,A;B;C;D;E;F;G;H;I;J;K;L,G,1,6,1,TRUE,incomplete game,1,114,113,4014,57
1,A;B;C;D;E;F;G;H;I;J;K;L,L,1,7,1,TRUE,incomplete game,1,114,113,4015,57
1,A;B;C;D;E;F;G;H;I;J;K;L,J,1,8,1,TRUE,incomplete game,1,114,113,4016,57
1,A;B;C;D;E;F;G;H;I;J;K;L,H,1,9,1,TRUE,incomplete game,1,114,113,4017,57
1,A;B;C;D;E;F;G;H;I;J;K;L,D,1,10,1,TRUE,incomplete game,1,114,113,4018,57
1,A;B;C;D;E;F;G;H;I;J;K;L,F,1,11,1,TRUE,incomplete game,1,114,113,4019,57
1,A;B;C;D;E;F;G;H;I;J;K;L,E,1,12,1,TRUE,incomplete game,1,114,113,4020,57
1,A;B;C;D;E;F;G;H;I;J;K;L,D,1,13,2,TRUE,incomplete game,1,114,113,4021,57
1,A;B;C;D;E;F;G;H;I;J;K;L,C,1,14,2,TRUE,incomplete game,1,114,113,4022,57
1,A;B;C;D;E;F;G;H;I;J;K;L,B,1,15,2,TRUE,incomplete game,1,114,113,4023,57
1,A;B;C;D;E;F;G;H;I;J;K;L,I,1,16,2,TRUE,incomplete game,1,114,113,4024,57
1,A;B;C;D;E;F;G;H;I;J;K;L,A,1,17,2,TRUE,incomplete game,1,114,113,4025,57
1,A;B;C;D;E;F;G;H;I;J;K;L,H,1,18,2,TRUE,incomplete game,1,114,113,4026,57
1,A;B;C;D;E;F;G;H;I;J;K;L,J,1,19,2,TRUE,incomplete game,1,114,113,4027,57
1,A;B;C;D;E;F;G;H;I;J;K;L,G,1,20,2,TRUE,incomplete game,1,114,113,4028,57
1,A;B;C;D;E;F;G;H;I;J;K;L,L,1,21,2,TRUE,incomplete game,1,114,113,4029,57
1,A;B;C;D;E;F;G;H;I;J;K;L,E,1,22,2,TRUE,incomplete game,1,114,113,4030,57
1,A;B;C;D;E;F;G;H;I;J;K;L,F,1,23,2,TRUE,incomplete game,1,114,113,4031,57
1,A;B;C;D;E;F;G;H;I;J;K;L,K,1,24,2,TRUE,incomplete game,1,114,113,4032,57
1,A;B;C;D;E;F;G;H;I;J;K;L,I,1,25,3,TRUE,incomplete game,1,114,113,4033,57
1,A;B;C;D;E;F;G;H;I;J;K;L,H,1,26,3,TRUE,incomplete game,1,114,113,4034,57
1,A;B;C;D;E;F;G;H;I;J;K;L,L,1,27,3,TRUE,incomplete game,1,114,113,4035,57
1,A;B;C;D;E;F;G;H;I;J;K;L,G,1,28,3,TRUE,incomplete game,1,114,113,4036,57
1,A;B;C;D;E;F;G;H;I;J;K;L,K,1,29,3,TRUE,incomplete game,1,114,113,4037,57
1,A;B;C;D;E;F;G;H;I;J;K;L,J,1,30,3,TRUE,incomplete game,1,114,113,4038,57
1,A;B;C;D;E;F;G;H;I;J;K;L,D,1,31,3,TRUE,incomplete game,1,114,113,4039,57
1,A;B;C;D;E;F;G;H;I;J;K;L,E,1,32,3,TRUE,incomplete game,1,114,113,4040,57
1,A;B;C;D;E;F;G;H;I;J;K;L,B,1,33,3,TRUE,incomplete game,1,114,113,4041,57
1,A;B;C;D;E;F;G;H;I;J;K;L,F,1,34,3,TRUE,incomplete game,1,114,113,4042,57
1,A;B;C;D;E;F;G;H;I;J;K;L,C,1,35,3,TRUE,incomplete game,1,114,113,4043,57
1,A;B;C;D;E;F;G;H;I;J;K;L,A,1,36,3,TRUE,incomplete game,1,114,113,4044,57
1,A;B;C;D;E;F;G;H;I;J;K;L,K,1,37,4,TRUE,incomplete game,1,114,113,4045,57
1,A;B;C;D;E;F;G;H;I;J;K;L,L,1,38,4,TRUE,incomplete game,1,114,113,4046,57
1,A;B;C;D;E;F;G;H;I;J;K;L,J,1,39,4,TRUE,incomplete game,1,114,113,4047,57
1,A;B;C;D;E;F;G;H;I;J;K;L,E,1,40,4,TRUE,incomplete game,1,114,113,4048,57
1,A;B;C;D;E;F;G;H;I;J;K;L,G,1,41,4,TRUE,incomplete game,1,114,113,4049,57
1,A;B;C;D;E;F;G;H;I;J;K;L,F,1,42,4,TRUE,incomplete game,1,114,113,4050,57
1,A;B;C;D;E;F;G;H;I;J;K;L,A,1,43,4,TRUE,incomplete game,1,114,113,4051,57
1,A;B;C;D;E;F;G;H;I;J;K;L,H,1,44,4,TRUE,incomplete game,1,114,113,4052,57
1,A;B;C;D;E;F;G;H;I;J;K;L,I,1,45,4,TRUE,incomplete game,1,114,113,4053,57
1,A;B;C;D;E;F;G;H;I;J;K;L,B,1,46,4,TRUE,incomplete game,1,114,113,4054,57
1,A;B;C;D;E;F;G;H;I;J;K;L,C,1,47,4,TRUE,incomplete game,1,114,113,4055,57
1,A;B;C;D;E;F;G;H;I;J;K;L,D,1,48,4,TRUE,incomplete game,1,114,113,4056,57
1,A;B;C;D;E;F;G;H;I;J;K;L,E,1,61,6,TRUE,incomplete game,1,114,113,4057,57
1,A;B;C;D;E;F;G;H;I;J;K;L,B,1,62,6,TRUE,incomplete game,1,114,113,4058,57
1,A;B;C;D;E;F;G;H;I;J;K;L,C,1,63,6,TRUE,incomplete game,1,114,113,4059,57
1,A;B;C;D;E;F;G;H;I;J;K;L,G,1,64,6,TRUE,incomplete game,1,114,113,4060,57
1,A;B;C;D;E;F;G;H;I;J;K;L,D,1,65,6,TRUE,incomplete game,1,114,113,4061,57
1,A;B;C;D;E;F;G;H;I;J;K;L,J,1,66,6,TRUE,incomplete game,1,114,113,4062,57
1,A;B;C;D;E;F;G;H;I;J;K;L,F,1,67,6,TRUE,incomplete game,1,114,113,4063,57
1,A;B;C;D;E;F;G;H;I;J;K;L,H,1,68,6,TRUE,incomplete game,1,114,113,4064,57
1,A;B;C;D;E;F;G;H;I;J;K;L,I,1,69,6,TRUE,incomplete game,1,114,113,4065,57
1,A;B;C;D;E;F;G;H;I;J;K;L,L,1,70,6,TRUE,incomplete game,1,114,113,4066,57
1,A;B;C;D;E;F;G;H;I;J;K;L,K,1,71,6,TRUE,incomplete game,1,114,113,4067,57
1,A;B;C;D;E;F;G;H;I;J;K;L,A,1,72,6,TRUE,incomplete game,1,114,113,4068,57
1,A;B;C;D;E;F;G;H;I;J;K;L,A,1,1,1,FALSE,NA,1,116,115,4069,58
1,A;B;C;D;E;F;G;H;I;J;K;L,G,1,2,1,FALSE,NA,1,116,115,4070,58
1,A;B;C;D;E;F;G;H;I;J;K;L,C,1,3,1,FALSE,NA,1,116,115,4071,58
1,A;B;C;D;E;F;G;H;I;J;K;L,E,1,4,1,FALSE,NA,1,116,115,4072,58
1,A;B;C;D;E;F;G;H;I;J;K;L,J,1,5,1,FALSE,NA,1,116,115,4073,58
1,A;B;C;D;E;F;G;H;I;J;K;L,L,1,6,1,FALSE,NA,1,116,115,4074,58
1,A;B;C;D;E;F;G;H;I;J;K;L,F,1,7,1,FALSE,NA,1,116,115,4075,58
1,A;B;C;D;E;F;G;H;I;J;K;L,B,1,8,1,FALSE,NA,1,116,115,4076,58
1,A;B;C;D;E;F;G;H;I;J;K;L,D,1,9,1,FALSE,NA,1,116,115,4077,58
1,A;B;C;D;E;F;G;H;I;J;K;L,H,1,10,1,FALSE,NA,1,116,115,4078,58
1,A;B;C;D;E;F;G;H;I;J;K;L,K,1,11,1,FALSE,NA,1,116,115,4079,58
1,A;B;C;D;E;F;G;H;I;J;K;L,I,1,12,1,FALSE,NA,1,116,115,4080,58
1,A;B;C;D;E;F;G;H;I;J;K;L,D,1,13,2,FALSE,NA,1,116,115,4081,58
1,A;B;C;D;E;F;G;H;I;J;K;L,E,1,14,2,FALSE,NA,1,116,115,4082,58
1,A;B;C;D;E;F;G;H;I;J;K;L,I,1,15,2,FALSE,NA,1,116,115,4083,58
1,A;B;C;D;E;F;G;H;I;J;K;L,C,1,16,2,FALSE,NA,1,116,115,4084,58
1,A;B;C;D;E;F;G;H;I;J;K;L,J,1,17,2,FALSE,NA,1,116,115,4085,58
1,A;B;C;D;E;F;G;H;I;J;K;L,L,1,18,2,FALSE,NA,1,116,115,4086,58
1,A;B;C;D;E;F;G;H;I;J;K;L,G,1,19,2,FALSE,NA,1,116,115,4087,58
1,A;B;C;D;E;F;G;H;I;J;K;L,F,1,20,2,FALSE,NA,1,116,115,4088,58
1,A;B;C;D;E;F;G;H;I;J;K;L,H,1,21,2,FALSE,NA,1,116,115,4089,58
1,A;B;C;D;E;F;G;H;I;J;K;L,A,1,22,2,FALSE,NA,1,116,115,4090,58
1,A;B;C;D;E;F;G;H;I;J;K;L,K,1,23,2,FALSE,NA,1,116,115,4091,58
1,A;B;C;D;E;F;G;H;I;J;K;L,B,1,24,2,FALSE,NA,1,116,115,4092,58
1,A;B;C;D;E;F;G;H;I;J;K;L,H,1,25,3,FALSE,NA,1,116,115,4093,58
1,A;B;C;D;E;F;G;H;I;J;K;L,K,1,26,3,FALSE,NA,1,116,115,4094,58
1,A;B;C;D;E;F;G;H;I;J;K;L,E,1,27,3,FALSE,NA,1,116,115,4095,58
1,A;B;C;D;E;F;G;H;I;J;K;L,B,1,28,3,FALSE,NA,1,116,115,4096,58
1,A;B;C;D;E;F;G;H;I;J;K;L,C,1,29,3,FALSE,NA,1,116,115,4097,58
1,A;B;C;D;E;F;G;H;I;J;K;L,A,1,30,3,FALSE,NA,1,116,115,4098,58
1,A;B;C;D;E;F;G;H;I;J;K;L,J,1,31,3,FALSE,NA,1,116,115,4099,58
1,A;B;C;D;E;F;G;H;I;J;K;L,F,1,32,3,FALSE,NA,1,116,115,4100,58
1,A;B;C;D;E;F;G;H;I;J;K;L,I,1,33,3,FALSE,NA,1,116,115,4101,58
1,A;B;C;D;E;F;G;H;I;J;K;L,D,1,34,3,FALSE,NA,1,116,115,4102,58
1,A;B;C;D;E;F;G;H;I;J;K;L,L,1,35,3,FALSE,NA,1,116,115,4103,58
1,A;B;C;D;E;F;G;H;I;J;K;L,G,1,36,3,FALSE,NA,1,116,115,4104,58
1,A;B;C;D;E;F;G;H;I;J;K;L,F,1,37,4,FALSE,NA,1,116,115,4105,58
1,A;B;C;D;E;F;G;H;I;J;K;L,I,1,38,4,FALSE,NA,1,116,115,4106,58
1,A;B;C;D;E;F;G;H;I;J;K;L,L,1,39,4,FALSE,NA,1,116,115,4107,58
1,A;B;C;D;E;F;G;H;I;J;K;L,J,1,40,4,FALSE,NA,1,116,115,4108,58
1,A;B;C;D;E;F;G;H;I;J;K;L,K,1,41,4,FALSE,NA,1,116,115,4109,58
1,A;B;C;D;E;F;G;H;I;J;K;L,C,1,42,4,FALSE,NA,1,116,115,4110,58
1,A;B;C;D;E;F;G;H;I;J;K;L,E,1,43,4,FALSE,NA,1,116,115,4111,58
1,A;B;C;D;E;F;G;H;I;J;K;L,H,1,44,4,FALSE,NA,1,116,115,4112,58
1,A;B;C;D;E;F;G;H;I;J;K;L,A,1,45,4,FALSE,NA,1,116,115,4113,58
1,A;B;C;D;E;F;G;H;I;J;K;L,B,1,46,4,FALSE,NA,1,116,115,4114,58
1,A;B;C;D;E;F;G;H;I;J;K;L,D,1,47,4,FALSE,NA,1,116,115,4115,58
1,A;B;C;D;E;F;G;H;I;J;K;L,G,1,48,4,FALSE,NA,1,116,115,4116,58
1,A;B;C;D;E;F;G;H;I;J;K;L,G,1,49,5,FALSE,NA,1,116,115,4117,58
1,A;B;C;D;E;F;G;H;I;J;K;L,A,1,50,5,FALSE,NA,1,116,115,4118,58
1,A;B;C;D;E;F;G;H;I;J;K;L,B,1,51,5,FALSE,NA,1,116,115,4119,58
1,A;B;C;D;E;F;G;H;I;J;K;L,I,1,52,5,FALSE,NA,1,116,115,4120,58
1,A;B;C;D;E;F;G;H;I;J;K;L,K,1,53,5,FALSE,NA,1,116,115,4121,58
1,A;B;C;D;E;F;G;H;I;J;K;L,D,1,54,5,FALSE,NA,1,116,115,4122,58
1,A;B;C;D;E;F;G;H;I;J;K;L,F,1,55,5,FALSE,NA,1,116,115,4123,58
1,A;B;C;D;E;F;G;H;I;J;K;L,E,1,56,5,FALSE,NA,1,116,115,4124,58
1,A;B;C;D;E;F;G;H;I;J;K;L,H,1,57,5,FALSE,NA,1,116,115,4125,58
1,A;B;C;D;E;F;G;H;I;J;K;L,C,1,58,5,FALSE,NA,1,116,115,4126,58
1,A;B;C;D;E;F;G;H;I;J;K;L,J,1,59,5,FALSE,NA,1,116,115,4127,58
1,A;B;C;D;E;F;G;H;I;J;K;L,L,1,60,5,FALSE,NA,1,116,115,4128,58
1,A;B;C;D;E;F;G;H;I;J;K;L,G,1,61,6,FALSE,NA,1,116,115,4129,58
1,A;B;C;D;E;F;G;H;I;J;K;L,F,1,62,6,FALSE,NA,1,116,115,4130,58
1,A;B;C;D;E;F;G;H;I;J;K;L,K,1,63,6,FALSE,NA,1,116,115,4131,58
1,A;B;C;D;E;F;G;H;I;J;K;L,B,1,64,6,FALSE,NA,1,116,115,4132,58
1,A;B;C;D;E;F;G;H;I;J;K;L,E,1,65,6,FALSE,NA,1,116,115,4133,58
1,A;B;C;D;E;F;G;H;I;J;K;L,A,1,66,6,FALSE,NA,1,116,115,4134,58
1,A;B;C;D;E;F;G;H;I;J;K;L,D,1,67,6,FALSE,NA,1,116,115,4135,58
1,A;B;C;D;E;F;G;H;I;J;K;L,J,1,68,6,FALSE,NA,1,116,115,4136,58
1,A;B;C;D;E;F;G;H;I;J;K;L,H,1,69,6,FALSE,NA,1,116,115,4137,58
1,A;B;C;D;E;F;G;H;I;J;K;L,I,1,70,6,FALSE,NA,1,116,115,4138,58
1,A;B;C;D;E;F;G;H;I;J;K;L,C,1,71,6,FALSE,NA,1,116,115,4139,58
1,A;B;C;D;E;F;G;H;I;J;K;L,L,1,72,6,FALSE,NA,1,116,115,4140,58
1,A;B;C;D;E;F;G;H;I;J;K;L,J,1,1,1,FALSE,NA,1,118,117,4141,59
1,A;B;C;D;E;F;G;H;I;J;K;L,K,1,2,1,FALSE,NA,1,118,117,4142,59
1,A;B;C;D;E;F;G;H;I;J;K;L,E,1,3,1,FALSE,NA,1,118,117,4143,59
1,A;B;C;D;E;F;G;H;I;J;K;L,A,1,4,1,FALSE,NA,1,118,117,4144,59
1,A;B;C;D;E;F;G;H;I;J;K;L,F,1,5,1,FALSE,NA,1,118,117,4145,59
1,A;B;C;D;E;F;G;H;I;J;K;L,I,1,6,1,FALSE,NA,1,118,117,4146,59
1,A;B;C;D;E;F;G;H;I;J;K;L,C,1,7,1,FALSE,NA,1,118,117,4147,59
1,A;B;C;D;E;F;G;H;I;J;K;L,H,1,8,1,FALSE,NA,1,118,117,4148,59
1,A;B;C;D;E;F;G;H;I;J;K;L,G,1,9,1,FALSE,NA,1,118,117,4149,59
1,A;B;C;D;E;F;G;H;I;J;K;L,B,1,10,1,FALSE,NA,1,118,117,4150,59
1,A;B;C;D;E;F;G;H;I;J;K;L,L,1,11,1,FALSE,NA,1,118,117,4151,59
1,A;B;C;D;E;F;G;H;I;J;K;L,D,1,12,1,FALSE,NA,1,118,117,4152,59
1,A;B;C;D;E;F;G;H;I;J;K;L,K,1,13,2,FALSE,NA,1,118,117,4153,59
1,A;B;C;D;E;F;G;H;I;J;K;L,J,1,14,2,FALSE,NA,1,118,117,4154,59
1,A;B;C;D;E;F;G;H;I;J;K;L,D,1,15,2,FALSE,NA,1,118,117,4155,59
1,A;B;C;D;E;F;G;H;I;J;K;L,G,1,16,2,FALSE,NA,1,118,117,4156,59
1,A;B;C;D;E;F;G;H;I;J;K;L,I,1,17,2,FALSE,NA,1,118,117,4157,59
1,A;B;C;D;E;F;G;H;I;J;K;L,L,1,18,2,FALSE,NA,1,118,117,4158,59
1,A;B;C;D;E;F;G;H;I;J;K;L,A,1,19,2,FALSE,NA,1,118,117,4159,59
1,A;B;C;D;E;F;G;H;I;J;K;L,H,1,20,2,FALSE,NA,1,118,117,4160,59
1,A;B;C;D;E;F;G;H;I;J;K;L,E,1,21,2,FALSE,NA,1,118,117,4161,59
1,A;B;C;D;E;F;G;H;I;J;K;L,C,1,22,2,FALSE,NA,1,118,117,4162,59
1,A;B;C;D;E;F;G;H;I;J;K;L,B,1,23,2,FALSE,NA,1,118,117,4163,59
1,A;B;C;D;E;F;G;H;I;J;K;L,F,1,24,2,FALSE,NA,1,118,117,4164,59
1,A;B;C;D;E;F;G;H;I;J;K;L,J,1,25,3,FALSE,NA,1,118,117,4165,59
1,A;B;C;D;E;F;G;H;I;J;K;L,I,1,26,3,FALSE,NA,1,118,117,4166,59
1,A;B;C;D;E;F;G;H;I;J;K;L,E,1,27,3,FALSE,NA,1,118,117,4167,59
1,A;B;C;D;E;F;G;H;I;J;K;L,C,1,28,3,FALSE,NA,1,118,117,4168,59
1,A;B;C;D;E;F;G;H;I;J;K;L,A,1,29,3,FALSE,NA,1,118,117,4169,59
1,A;B;C;D;E;F;G;H;I;J;K;L,G,1,30,3,FALSE,NA,1,118,117,4170,59
1,A;B;C;D;E;F;G;H;I;J;K;L,F,1,31,3,FALSE,NA,1,118,117,4171,59
1,A;B;C;D;E;F;G;H;I;J;K;L,K,1,32,3,FALSE,NA,1,118,117,4172,59
1,A;B;C;D;E;F;G;H;I;J;K;L,H,1,33,3,FALSE,NA,1,118,117,4173,59
1,A;B;C;D;E;F;G;H;I;J;K;L,D,1,34,3,FALSE,NA,1,118,117,4174,59
1,A;B;C;D;E;F;G;H;I;J;K;L,L,1,35,3,FALSE,NA,1,118,117,4175,59
1,A;B;C;D;E;F;G;H;I;J;K;L,B,1,36,3,FALSE,NA,1,118,117,4176,59
1,A;B;C;D;E;F;G;H;I;J;K;L,I,1,37,4,FALSE,NA,1,118,117,4177,59
1,A;B;C;D;E;F;G;H;I;J;K;L,F,1,38,4,FALSE,NA,1,118,117,4178,59
1,A;B;C;D;E;F;G;H;I;J;K;L,G,1,39,4,FALSE,NA,1,118,117,4179,59
1,A;B;C;D;E;F;G;H;I;J;K;L,H,1,40,4,FALSE,NA,1,118,117,4180,59
1,A;B;C;D;E;F;G;H;I;J;K;L,A,1,41,4,FALSE,NA,1,118,117,4181,59
1,A;B;C;D;E;F;G;H;I;J;K;L,D,1,42,4,FALSE,NA,1,118,117,4182,59
1,A;B;C;D;E;F;G;H;I;J;K;L,J,1,43,4,FALSE,NA,1,118,117,4183,59
1,A;B;C;D;E;F;G;H;I;J;K;L,E,1,44,4,FALSE,NA,1,118,117,4184,59
1,A;B;C;D;E;F;G;H;I;J;K;L,B,1,45,4,FALSE,NA,1,118,117,4185,59
1,A;B;C;D;E;F;G;H;I;J;K;L,K,1,46,4,FALSE,NA,1,118,117,4186,59
1,A;B;C;D;E;F;G;H;I;J;K;L,C,1,47,4,FALSE,NA,1,118,117,4187,59
1,A;B;C;D;E;F;G;H;I;J;K;L,L,1,48,4,FALSE,NA,1,118,117,4188,59
1,A;B;C;D;E;F;G;H;I;J;K;L,K,1,49,5,FALSE,NA,1,118,117,4189,59
1,A;B;C;D;E;F;G;H;I;J;K;L,J,1,50,5,FALSE,NA,1,118,117,4190,59
1,A;B;C;D;E;F;G;H;I;J;K;L,B,1,51,5,FALSE,NA,1,118,117,4191,59
1,A;B;C;D;E;F;G;H;I;J;K;L,H,1,52,5,FALSE,NA,1,118,117,4192,59
1,A;B;C;D;E;F;G;H;I;J;K;L,I,1,53,5,FALSE,NA,1,118,117,4193,59
1,A;B;C;D;E;F;G;H;I;J;K;L,F,1,54,5,FALSE,NA,1,118,117,4194,59
1,A;B;C;D;E;F;G;H;I;J;K;L,G,1,55,5,FALSE,NA,1,118,117,4195,59
1,A;B;C;D;E;F;G;H;I;J;K;L,E,1,56,5,FALSE,NA,1,118,117,4196,59
1,A;B;C;D;E;F;G;H;I;J;K;L,C,1,57,5,FALSE,NA,1,118,117,4197,59
1,A;B;C;D;E;F;G;H;I;J;K;L,D,1,58,5,FALSE,NA,1,118,117,4198,59
1,A;B;C;D;E;F;G;H;I;J;K;L,L,1,59,5,FALSE,NA,1,118,117,4199,59
1,A;B;C;D;E;F;G;H;I;J;K;L,A,1,60,5,FALSE,NA,1,118,117,4200,59
1,A;B;C;D;E;F;G;H;I;J;K;L,F,1,61,6,FALSE,NA,1,118,117,4201,59
1,A;B;C;D;E;F;G;H;I;J;K;L,D,1,62,6,FALSE,NA,1,118,117,4202,59
1,A;B;C;D;E;F;G;H;I;J;K;L,K,1,63,6,FALSE,NA,1,118,117,4203,59
1,A;B;C;D;E;F;G;H;I;J;K;L,A,1,64,6,FALSE,NA,1,118,117,4204,59
1,A;B;C;D;E;F;G;H;I;J;K;L,I,1,65,6,FALSE,NA,1,118,117,4205,59
1,A;B;C;D;E;F;G;H;I;J;K;L,G,1,66,6,FALSE,NA,1,118,117,4206,59
1,A;B;C;D;E;F;G;H;I;J;K;L,C,1,67,6,FALSE,NA,1,118,117,4207,59
1,A;B;C;D;E;F;G;H;I;J;K;L,J,1,68,6,FALSE,NA,1,118,117,4208,59
1,A;B;C;D;E;F;G;H;I;J;K;L,L,1,69,6,FALSE,NA,1,118,117,4209,59
1,A;B;C;D;E;F;G;H;I;J;K;L,B,1,70,6,FALSE,NA,1,118,117,4210,59
1,A;B;C;D;E;F;G;H;I;J;K;L,E,1,71,6,FALSE,NA,1,118,117,4211,59
1,A;B;C;D;E;F;G;H;I;J;K;L,H,1,72,6,FALSE,NA,1,118,117,4212,59
1,A;B;C;D;E;F;G;H;I;J;K;L,J,1,1,1,FALSE,NA,1,120,119,4213,60
1,A;B;C;D;E;F;G;H;I;J;K;L,D,1,2,1,FALSE,NA,1,120,119,4214,60
1,A;B;C;D;E;F;G;H;I;J;K;L,G,1,3,1,FALSE,NA,1,120,119,4215,60
1,A;B;C;D;E;F;G;H;I;J;K;L,B,1,4,1,FALSE,NA,1,120,119,4216,60
1,A;B;C;D;E;F;G;H;I;J;K;L,L,1,5,1,FALSE,NA,1,120,119,4217,60
1,A;B;C;D;E;F;G;H;I;J;K;L,H,1,6,1,FALSE,NA,1,120,119,4218,60
1,A;B;C;D;E;F;G;H;I;J;K;L,F,1,7,1,FALSE,NA,1,120,119,4219,60
1,A;B;C;D;E;F;G;H;I;J;K;L,K,1,8,1,FALSE,NA,1,120,119,4220,60
1,A;B;C;D;E;F;G;H;I;J;K;L,I,1,9,1,FALSE,NA,1,120,119,4221,60
1,A;B;C;D;E;F;G;H;I;J;K;L,A,1,10,1,FALSE,NA,1,120,119,4222,60
1,A;B;C;D;E;F;G;H;I;J;K;L,E,1,11,1,FALSE,NA,1,120,119,4223,60
1,A;B;C;D;E;F;G;H;I;J;K;L,C,1,12,1,FALSE,NA,1,120,119,4224,60
1,A;B;C;D;E;F;G;H;I;J;K;L,A,1,13,2,FALSE,NA,1,120,119,4225,60
1,A;B;C;D;E;F;G;H;I;J;K;L,K,1,14,2,FALSE,NA,1,120,119,4226,60
1,A;B;C;D;E;F;G;H;I;J;K;L,D,1,15,2,FALSE,NA,1,120,119,4227,60
1,A;B;C;D;E;F;G;H;I;J;K;L,L,1,16,2,FALSE,NA,1,120,119,4228,60
1,A;B;C;D;E;F;G;H;I;J;K;L,I,1,17,2,FALSE,NA,1,120,119,4229,60
1,A;B;C;D;E;F;G;H;I;J;K;L,J,1,18,2,FALSE,NA,1,120,119,4230,60
1,A;B;C;D;E;F;G;H;I;J;K;L,E,1,19,2,FALSE,NA,1,120,119,4231,60
1,A;B;C;D;E;F;G;H;I;J;K;L,F,1,20,2,FALSE,NA,1,120,119,4232,60
1,A;B;C;D;E;F;G;H;I;J;K;L,H,1,21,2,FALSE,NA,1,120,119,4233,60
1,A;B;C;D;E;F;G;H;I;J;K;L,C,1,22,2,FALSE,NA,1,120,119,4234,60
1,A;B;C;D;E;F;G;H;I;J;K;L,B,1,23,2,FALSE,NA,1,120,119,4235,60
1,A;B;C;D;E;F;G;H;I;J;K;L,G,1,24,2,FALSE,NA,1,120,119,4236,60
1,A;B;C;D;E;F;G;H;I;J;K;L,H,1,25,3,FALSE,NA,1,120,119,4237,60
1,A;B;C;D;E;F;G;H;I;J;K;L,K,1,26,3,FALSE,NA,1,120,119,4238,60
1,A;B;C;D;E;F;G;H;I;J;K;L,E,1,27,3,FALSE,NA,1,120,119,4239,60
1,A;B;C;D;E;F;G;H;I;J;K;L,G,1,28,3,FALSE,NA,1,120,119,4240,60
1,A;B;C;D;E;F;G;H;I;J;K;L,F,1,29,3,FALSE,NA,1,120,119,4241,60
1,A;B;C;D;E;F;G;H;I;J;K;L,I,1,30,3,FALSE,NA,1,120,119,4242,60
1,A;B;C;D;E;F;G;H;I;J;K;L,J,1,31,3,FALSE,NA,1,120,119,4243,60
1,A;B;C;D;E;F;G;H;I;J;K;L,C,1,32,3,FALSE,NA,1,120,119,4244,60
1,A;B;C;D;E;F;G;H;I;J;K;L,B,1,33,3,FALSE,NA,1,120,119,4245,60
1,A;B;C;D;E;F;G;H;I;J;K;L,D,1,34,3,FALSE,NA,1,120,119,4246,60
1,A;B;C;D;E;F;G;H;I;J;K;L,A,1,35,3,FALSE,NA,1,120,119,4247,60
1,A;B;C;D;E;F;G;H;I;J;K;L,L,1,36,3,FALSE,NA,1,120,119,4248,60
1,A;B;C;D;E;F;G;H;I;J;K;L,H,1,37,4,FALSE,NA,1,120,119,4249,60
1,A;B;C;D;E;F;G;H;I;J;K;L,A,1,38,4,FALSE,NA,1,120,119,4250,60
1,A;B;C;D;E;F;G;H;I;J;K;L,F,1,39,4,FALSE,NA,1,120,119,4251,60
1,A;B;C;D;E;F;G;H;I;J;K;L,L,1,40,4,FALSE,NA,1,120,119,4252,60
1,A;B;C;D;E;F;G;H;I;J;K;L,J,1,41,4,FALSE,NA,1,120,119,4253,60
1,A;B;C;D;E;F;G;H;I;J;K;L,G,1,42,4,FALSE,NA,1,120,119,4254,60
1,A;B;C;D;E;F;G;H;I;J;K;L,D,1,43,4,FALSE,NA,1,120,119,4255,60
1,A;B;C;D;E;F;G;H;I;J;K;L,E,1,44,4,FALSE,NA,1,120,119,4256,60
1,A;B;C;D;E;F;G;H;I;J;K;L,B,1,45,4,FALSE,NA,1,120,119,4257,60
1,A;B;C;D;E;F;G;H;I;J;K;L,K,1,46,4,FALSE,NA,1,120,119,4258,60
1,A;B;C;D;E;F;G;H;I;J;K;L,C,1,47,4,FALSE,NA,1,120,119,4259,60
1,A;B;C;D;E;F;G;H;I;J;K;L,I,1,48,4,FALSE,NA,1,120,119,4260,60
1,A;B;C;D;E;F;G;H;I;J;K;L,D,1,49,5,FALSE,NA,1,120,119,4261,60
1,A;B;C;D;E;F;G;H;I;J;K;L,J,1,50,5,FALSE,NA,1,120,119,4262,60
1,A;B;C;D;E;F;G;H;I;J;K;L,H,1,51,5,FALSE,NA,1,120,119,4263,60
1,A;B;C;D;E;F;G;H;I;J;K;L,A,1,52,5,FALSE,NA,1,120,119,4264,60
1,A;B;C;D;E;F;G;H;I;J;K;L,K,1,53,5,FALSE,NA,1,120,119,4265,60
1,A;B;C;D;E;F;G;H;I;J;K;L,G,1,54,5,FALSE,NA,1,120,119,4266,60
1,A;B;C;D;E;F;G;H;I;J;K;L,L,1,55,5,FALSE,NA,1,120,119,4267,60
1,A;B;C;D;E;F;G;H;I;J;K;L,C,1,56,5,FALSE,NA,1,120,119,4268,60
1,A;B;C;D;E;F;G;H;I;J;K;L,I,1,57,5,FALSE,NA,1,120,119,4269,60
1,A;B;C;D;E;F;G;H;I;J;K;L,E,1,58,5,FALSE,NA,1,120,119,4270,60
1,A;B;C;D;E;F;G;H;I;J;K;L,F,1,59,5,FALSE,NA,1,120,119,4271,60
1,A;B;C;D;E;F;G;H;I;J;K;L,B,1,60,5,FALSE,NA,1,120,119,4272,60
1,A;B;C;D;E;F;G;H;I;J;K;L,H,1,61,6,FALSE,NA,1,120,119,4273,60
1,A;B;C;D;E;F;G;H;I;J;K;L,G,1,62,6,FALSE,NA,1,120,119,4274,60
1,A;B;C;D;E;F;G;H;I;J;K;L,F,1,63,6,FALSE,NA,1,120,119,4275,60
1,A;B;C;D;E;F;G;H;I;J;K;L,K,1,64,6,FALSE,NA,1,120,119,4276,60
1,A;B;C;D;E;F;G;H;I;J;K;L,L,1,65,6,FALSE,NA,1,120,119,4277,60
1,A;B;C;D;E;F;G;H;I;J;K;L,J,1,66,6,FALSE,NA,1,120,119,4278,60
1,A;B;C;D;E;F;G;H;I;J;K;L,C,1,67,6,FALSE,NA,1,120,119,4279,60
1,A;B;C;D;E;F;G;H;I;J;K;L,B,1,68,6,FALSE,NA,1,120,119,4280,60
1,A;B;C;D;E;F;G;H;I;J;K;L,A,1,69,6,FALSE,NA,1,120,119,4281,60
1,A;B;C;D;E;F;G;H;I;J;K;L,E,1,70,6,FALSE,NA,1,120,119,4282,60
1,A;B;C;D;E;F;G;H;I;J;K;L,D,1,71,6,FALSE,NA,1,120,119,4283,60
1,A;B;C;D;E;F;G;H;I;J;K;L,I,1,72,6,FALSE,NA,1,120,119,4284,60
1,A;B;C;D;E;F;G;H;I;J;K;L,I,1,1,1,FALSE,NA,1,122,121,4285,61
1,A;B;C;D;E;F;G;H;I;J;K;L,D,1,2,1,FALSE,NA,1,122,121,4286,61
1,A;B;C;D;E;F;G;H;I;J;K;L,G,1,3,1,FALSE,NA,1,122,121,4287,61
1,A;B;C;D;E;F;G;H;I;J;K;L,B,1,4,1,FALSE,NA,1,122,121,4288,61
1,A;B;C;D;E;F;G;H;I;J;K;L,A,1,5,1,FALSE,NA,1,122,121,4289,61
1,A;B;C;D;E;F;G;H;I;J;K;L,L,1,6,1,FALSE,NA,1,122,121,4290,61
1,A;B;C;D;E;F;G;H;I;J;K;L,H,1,7,1,FALSE,NA,1,122,121,4291,61
1,A;B;C;D;E;F;G;H;I;J;K;L,J,1,8,1,FALSE,NA,1,122,121,4292,61
1,A;B;C;D;E;F;G;H;I;J;K;L,C,1,9,1,FALSE,NA,1,122,121,4293,61
1,A;B;C;D;E;F;G;H;I;J;K;L,F,1,10,1,FALSE,NA,1,122,121,4294,61
1,A;B;C;D;E;F;G;H;I;J;K;L,E,1,11,1,FALSE,NA,1,122,121,4295,61
1,A;B;C;D;E;F;G;H;I;J;K;L,K,1,12,1,FALSE,NA,1,122,121,4296,61
1,A;B;C;D;E;F;G;H;I;J;K;L,L,1,13,2,FALSE,NA,1,122,121,4297,61
1,A;B;C;D;E;F;G;H;I;J;K;L,G,1,14,2,FALSE,NA,1,122,121,4298,61
1,A;B;C;D;E;F;G;H;I;J;K;L,B,1,15,2,FALSE,NA,1,122,121,4299,61
1,A;B;C;D;E;F;G;H;I;J;K;L,C,1,16,2,FALSE,NA,1,122,121,4300,61
1,A;B;C;D;E;F;G;H;I;J;K;L,D,1,17,2,FALSE,NA,1,122,121,4301,61
1,A;B;C;D;E;F;G;H;I;J;K;L,F,1,18,2,FALSE,NA,1,122,121,4302,61
1,A;B;C;D;E;F;G;H;I;J;K;L,J,1,19,2,FALSE,NA,1,122,121,4303,61
1,A;B;C;D;E;F;G;H;I;J;K;L,I,1,20,2,FALSE,NA,1,122,121,4304,61
1,A;B;C;D;E;F;G;H;I;J;K;L,A,1,21,2,FALSE,NA,1,122,121,4305,61
1,A;B;C;D;E;F;G;H;I;J;K;L,E,1,22,2,FALSE,NA,1,122,121,4306,61
1,A;B;C;D;E;F;G;H;I;J;K;L,K,1,23,2,FALSE,NA,1,122,121,4307,61
1,A;B;C;D;E;F;G;H;I;J;K;L,H,1,24,2,FALSE,NA,1,122,121,4308,61
1,A;B;C;D;E;F;G;H;I;J;K;L,E,1,25,3,FALSE,NA,1,122,121,4309,61
1,A;B;C;D;E;F;G;H;I;J;K;L,F,1,26,3,FALSE,NA,1,122,121,4310,61
1,A;B;C;D;E;F;G;H;I;J;K;L,C,1,27,3,FALSE,NA,1,122,121,4311,61
1,A;B;C;D;E;F;G;H;I;J;K;L,K,1,28,3,FALSE,NA,1,122,121,4312,61
1,A;B;C;D;E;F;G;H;I;J;K;L,L,1,29,3,FALSE,NA,1,122,121,4313,61
1,A;B;C;D;E;F;G;H;I;J;K;L,I,1,30,3,FALSE,NA,1,122,121,4314,61
1,A;B;C;D;E;F;G;H;I;J;K;L,A,1,31,3,FALSE,NA,1,122,121,4315,61
1,A;B;C;D;E;F;G;H;I;J;K;L,J,1,32,3,FALSE,NA,1,122,121,4316,61
1,A;B;C;D;E;F;G;H;I;J;K;L,H,1,33,3,FALSE,NA,1,122,121,4317,61
1,A;B;C;D;E;F;G;H;I;J;K;L,B,1,34,3,FALSE,NA,1,122,121,4318,61
1,A;B;C;D;E;F;G;H;I;J;K;L,G,1,35,3,FALSE,NA,1,122,121,4319,61
1,A;B;C;D;E;F;G;H;I;J;K;L,D,1,36,3,FALSE,NA,1,122,121,4320,61
1,A;B;C;D;E;F;G;H;I;J;K;L,J,1,37,4,FALSE,NA,1,122,121,4321,61
1,A;B;C;D;E;F;G;H;I;J;K;L,K,1,38,4,FALSE,NA,1,122,121,4322,61
1,A;B;C;D;E;F;G;H;I;J;K;L,B,1,39,4,FALSE,NA,1,122,121,4323,61
1,A;B;C;D;E;F;G;H;I;J;K;L,G,1,40,4,FALSE,NA,1,122,121,4324,61
1,A;B;C;D;E;F;G;H;I;J;K;L,I,1,41,4,FALSE,NA,1,122,121,4325,61
1,A;B;C;D;E;F;G;H;I;J;K;L,H,1,42,4,FALSE,NA,1,122,121,4326,61
1,A;B;C;D;E;F;G;H;I;J;K;L,F,1,43,4,FALSE,NA,1,122,121,4327,61
1,A;B;C;D;E;F;G;H;I;J;K;L,D,1,44,4,FALSE,NA,1,122,121,4328,61
1,A;B;C;D;E;F;G;H;I;J;K;L,A,1,45,4,FALSE,NA,1,122,121,4329,61
1,A;B;C;D;E;F;G;H;I;J;K;L,E,1,46,4,FALSE,NA,1,122,121,4330,61
1,A;B;C;D;E;F;G;H;I;J;K;L,C,1,47,4,FALSE,NA,1,122,121,4331,61
1,A;B;C;D;E;F;G;H;I;J;K;L,L,1,48,4,FALSE,NA,1,122,121,4332,61
1,A;B;C;D;E;F;G;H;I;J;K;L,L,1,49,5,FALSE,NA,1,122,121,4333,61
1,A;B;C;D;E;F;G;H;I;J;K;L,E,1,50,5,FALSE,NA,1,122,121,4334,61
1,A;B;C;D;E;F;G;H;I;J;K;L,I,1,51,5,FALSE,NA,1,122,121,4335,61
1,A;B;C;D;E;F;G;H;I;J;K;L,C,1,52,5,FALSE,NA,1,122,121,4336,61
1,A;B;C;D;E;F;G;H;I;J;K;L,H,1,53,5,FALSE,NA,1,122,121,4337,61
1,A;B;C;D;E;F;G;H;I;J;K;L,K,1,54,5,FALSE,NA,1,122,121,4338,61
1,A;B;C;D;E;F;G;H;I;J;K;L,F,1,55,5,FALSE,NA,1,122,121,4339,61
1,A;B;C;D;E;F;G;H;I;J;K;L,B,1,56,5,FALSE,NA,1,122,121,4340,61
1,A;B;C;D;E;F;G;H;I;J;K;L,G,1,57,5,FALSE,NA,1,122,121,4341,61
1,A;B;C;D;E;F;G;H;I;J;K;L,D,1,58,5,FALSE,NA,1,122,121,4342,61
1,A;B;C;D;E;F;G;H;I;J;K;L,A,1,59,5,FALSE,NA,1,122,121,4343,61
1,A;B;C;D;E;F;G;H;I;J;K;L,J,1,60,5,FALSE,NA,1,122,121,4344,61
1,A;B;C;D;E;F;G;H;I;J;K;L,F,1,61,6,FALSE,NA,1,122,121,4345,61
1,A;B;C;D;E;F;G;H;I;J;K;L,B,1,62,6,FALSE,NA,1,122,121,4346,61
1,A;B;C;D;E;F;G;H;I;J;K;L,G,1,63,6,FALSE,NA,1,122,121,4347,61
1,A;B;C;D;E;F;G;H;I;J;K;L,L,1,64,6,FALSE,NA,1,122,121,4348,61
1,A;B;C;D;E;F;G;H;I;J;K;L,E,1,65,6,FALSE,NA,1,122,121,4349,61
1,A;B;C;D;E;F;G;H;I;J;K;L,D,1,66,6,FALSE,NA,1,122,121,4350,61
1,A;B;C;D;E;F;G;H;I;J;K;L,C,1,67,6,FALSE,NA,1,122,121,4351,61
1,A;B;C;D;E;F;G;H;I;J;K;L,A,1,68,6,FALSE,NA,1,122,121,4352,61
1,A;B;C;D;E;F;G;H;I;J;K;L,H,1,69,6,FALSE,NA,1,122,121,4353,61
1,A;B;C;D;E;F;G;H;I;J;K;L,K,1,70,6,FALSE,NA,1,122,121,4354,61
1,A;B;C;D;E;F;G;H;I;J;K;L,I,1,71,6,FALSE,NA,1,122,121,4355,61
1,A;B;C;D;E;F;G;H;I;J;K;L,J,1,72,6,FALSE,NA,1,122,121,4356,61
1,A;B;C;D;E;F;G;H;I;J;K;L,D,1,1,1,TRUE,incomplete game,1,124,123,4357,62
1,A;B;C;D;E;F;G;H;I;J;K;L,I,1,2,1,TRUE,incomplete game,1,124,123,4358,62
1,A;B;C;D;E;F;G;H;I;J;K;L,B,1,3,1,TRUE,incomplete game,1,124,123,4359,62
1,A;B;C;D;E;F;G;H;I;J;K;L,K,1,4,1,TRUE,incomplete game,1,124,123,4360,62
1,A;B;C;D;E;F;G;H;I;J;K;L,G,1,5,1,TRUE,incomplete game,1,124,123,4361,62
1,A;B;C;D;E;F;G;H;I;J;K;L,J,1,6,1,TRUE,incomplete game,1,124,123,4362,62
1,A;B;C;D;E;F;G;H;I;J;K;L,F,1,7,1,TRUE,incomplete game,1,124,123,4363,62
1,A;B;C;D;E;F;G;H;I;J;K;L,H,1,8,1,TRUE,incomplete game,1,124,123,4364,62
1,A;B;C;D;E;F;G;H;I;J;K;L,L,1,9,1,TRUE,incomplete game,1,124,123,4365,62
1,A;B;C;D;E;F;G;H;I;J;K;L,C,1,10,1,TRUE,incomplete game,1,124,123,4366,62
1,A;B;C;D;E;F;G;H;I;J;K;L,E,1,11,1,TRUE,incomplete game,1,124,123,4367,62
1,A;B;C;D;E;F;G;H;I;J;K;L,A,1,12,1,TRUE,incomplete game,1,124,123,4368,62
1,A;B;C;D;E;F;G;H;I;J;K;L,K,1,13,2,TRUE,incomplete game,1,124,123,4369,62
1,A;B;C;D;E;F;G;H;I;J;K;L,I,1,14,2,TRUE,incomplete game,1,124,123,4370,62
1,A;B;C;D;E;F;G;H;I;J;K;L,L,1,15,2,TRUE,incomplete game,1,124,123,4371,62
1,A;B;C;D;E;F;G;H;I;J;K;L,G,1,16,2,TRUE,incomplete game,1,124,123,4372,62
1,A;B;C;D;E;F;G;H;I;J;K;L,H,1,17,2,TRUE,incomplete game,1,124,123,4373,62
1,A;B;C;D;E;F;G;H;I;J;K;L,J,1,18,2,TRUE,incomplete game,1,124,123,4374,62
1,A;B;C;D;E;F;G;H;I;J;K;L,A,1,19,2,TRUE,incomplete game,1,124,123,4375,62
1,A;B;C;D;E;F;G;H;I;J;K;L,C,1,20,2,TRUE,incomplete game,1,124,123,4376,62
1,A;B;C;D;E;F;G;H;I;J;K;L,B,1,21,2,TRUE,incomplete game,1,124,123,4377,62
1,A;B;C;D;E;F;G;H;I;J;K;L,D,1,22,2,TRUE,incomplete game,1,124,123,4378,62
1,A;B;C;D;E;F;G;H;I;J;K;L,F,1,23,2,TRUE,incomplete game,1,124,123,4379,62
1,A;B;C;D;E;F;G;H;I;J;K;L,E,1,24,2,TRUE,incomplete game,1,124,123,4380,62
1,A;B;C;D;E;F;G;H;I;J;K;L,D,1,25,3,TRUE,incomplete game,1,124,123,4381,62
1,A;B;C;D;E;F;G;H;I;J;K;L,K,1,26,3,TRUE,incomplete game,1,124,123,4382,62
1,A;B;C;D;E;F;G;H;I;J;K;L,E,1,27,3,TRUE,incomplete game,1,124,123,4383,62
1,A;B;C;D;E;F;G;H;I;J;K;L,H,1,28,3,TRUE,incomplete game,1,124,123,4384,62
1,A;B;C;D;E;F;G;H;I;J;K;L,A,1,29,3,TRUE,incomplete game,1,124,123,4385,62
1,A;B;C;D;E;F;G;H;I;J;K;L,F,1,30,3,TRUE,incomplete game,1,124,123,4386,62
1,A;B;C;D;E;F;G;H;I;J;K;L,G,1,31,3,TRUE,incomplete game,1,124,123,4387,62
1,A;B;C;D;E;F;G;H;I;J;K;L,J,1,32,3,TRUE,incomplete game,1,124,123,4388,62
1,A;B;C;D;E;F;G;H;I;J;K;L,L,1,33,3,TRUE,incomplete game,1,124,123,4389,62
1,A;B;C;D;E;F;G;H;I;J;K;L,B,1,34,3,TRUE,incomplete game,1,124,123,4390,62
1,A;B;C;D;E;F;G;H;I;J;K;L,I,1,35,3,TRUE,incomplete game,1,124,123,4391,62
1,A;B;C;D;E;F;G;H;I;J;K;L,C,1,36,3,TRUE,incomplete game,1,124,123,4392,62
1,A;B;C;D;E;F;G;H;I;J;K;L,D,1,49,5,TRUE,incomplete game,1,124,123,4393,62
1,A;B;C;D;E;F;G;H;I;J;K;L,F,1,50,5,TRUE,incomplete game,1,124,123,4394,62
1,A;B;C;D;E;F;G;H;I;J;K;L,E,1,51,5,TRUE,incomplete game,1,124,123,4395,62
1,A;B;C;D;E;F;G;H;I;J;K;L,J,1,52,5,TRUE,incomplete game,1,124,123,4396,62
1,A;B;C;D;E;F;G;H;I;J;K;L,I,1,53,5,TRUE,incomplete game,1,124,123,4397,62
1,A;B;C;D;E;F;G;H;I;J;K;L,B,1,54,5,TRUE,incomplete game,1,124,123,4398,62
1,A;B;C;D;E;F;G;H;I;J;K;L,A,1,55,5,TRUE,incomplete game,1,124,123,4399,62
1,A;B;C;D;E;F;G;H;I;J;K;L,C,1,56,5,TRUE,incomplete game,1,124,123,4400,62
1,A;B;C;D;E;F;G;H;I;J;K;L,H,1,57,5,TRUE,incomplete game,1,124,123,4401,62
1,A;B;C;D;E;F;G;H;I;J;K;L,G,1,58,5,TRUE,incomplete game,1,124,123,4402,62
1,A;B;C;D;E;F;G;H;I;J;K;L,L,1,59,5,TRUE,incomplete game,1,124,123,4403,62
1,A;B;C;D;E;F;G;H;I;J;K;L,K,1,60,5,TRUE,incomplete game,1,124,123,4404,62
1,A;B;C;D;E;F;G;H;I;J;K;L,L,1,61,6,TRUE,incomplete game,1,124,123,4405,62
1,A;B;C;D;E;F;G;H;I;J;K;L,F,1,62,6,TRUE,incomplete game,1,124,123,4406,62
1,A;B;C;D;E;F;G;H;I;J;K;L,D,1,63,6,TRUE,incomplete game,1,124,123,4407,62
1,A;B;C;D;E;F;G;H;I;J;K;L,H,1,64,6,TRUE,incomplete game,1,124,123,4408,62
1,A;B;C;D;E;F;G;H;I;J;K;L,A,1,65,6,TRUE,incomplete game,1,124,123,4409,62
1,A;B;C;D;E;F;G;H;I;J;K;L,G,1,66,6,TRUE,incomplete game,1,124,123,4410,62
1,A;B;C;D;E;F;G;H;I;J;K;L,C,1,67,6,TRUE,incomplete game,1,124,123,4411,62
1,A;B;C;D;E;F;G;H;I;J;K;L,E,1,68,6,TRUE,incomplete game,1,124,123,4412,62
1,A;B;C;D;E;F;G;H;I;J;K;L,I,1,69,6,TRUE,incomplete game,1,124,123,4413,62
1,A;B;C;D;E;F;G;H;I;J;K;L,J,1,70,6,TRUE,incomplete game,1,124,123,4414,62
1,A;B;C;D;E;F;G;H;I;J;K;L,B,1,71,6,TRUE,incomplete game,1,124,123,4415,62
1,A;B;C;D;E;F;G;H;I;J;K;L,K,1,72,6,TRUE,incomplete game,1,124,123,4416,62
1,A;B;C;D;E;F;G;H;I;J;K;L,F,1,1,1,FALSE,NA,1,126,125,4417,63
1,A;B;C;D;E;F;G;H;I;J;K;L,E,1,2,1,FALSE,NA,1,126,125,4418,63
1,A;B;C;D;E;F;G;H;I;J;K;L,L,1,3,1,FALSE,NA,1,126,125,4419,63
1,A;B;C;D;E;F;G;H;I;J;K;L,G,1,4,1,FALSE,NA,1,126,125,4420,63
1,A;B;C;D;E;F;G;H;I;J;K;L,C,1,5,1,FALSE,NA,1,126,125,4421,63
1,A;B;C;D;E;F;G;H;I;J;K;L,B,1,6,1,FALSE,NA,1,126,125,4422,63
1,A;B;C;D;E;F;G;H;I;J;K;L,H,1,7,1,FALSE,NA,1,126,125,4423,63
1,A;B;C;D;E;F;G;H;I;J;K;L,D,1,8,1,FALSE,NA,1,126,125,4424,63
1,A;B;C;D;E;F;G;H;I;J;K;L,J,1,9,1,FALSE,NA,1,126,125,4425,63
1,A;B;C;D;E;F;G;H;I;J;K;L,K,1,10,1,FALSE,NA,1,126,125,4426,63
1,A;B;C;D;E;F;G;H;I;J;K;L,A,1,11,1,FALSE,NA,1,126,125,4427,63
1,A;B;C;D;E;F;G;H;I;J;K;L,I,1,12,1,FALSE,NA,1,126,125,4428,63
1,A;B;C;D;E;F;G;H;I;J;K;L,A,1,13,2,FALSE,NA,1,126,125,4429,63
1,A;B;C;D;E;F;G;H;I;J;K;L,I,1,14,2,FALSE,NA,1,126,125,4430,63
1,A;B;C;D;E;F;G;H;I;J;K;L,E,1,15,2,FALSE,NA,1,126,125,4431,63
1,A;B;C;D;E;F;G;H;I;J;K;L,G,1,16,2,FALSE,NA,1,126,125,4432,63
1,A;B;C;D;E;F;G;H;I;J;K;L,D,1,17,2,FALSE,NA,1,126,125,4433,63
1,A;B;C;D;E;F;G;H;I;J;K;L,B,1,18,2,FALSE,NA,1,126,125,4434,63
1,A;B;C;D;E;F;G;H;I;J;K;L,H,1,19,2,FALSE,NA,1,126,125,4435,63
1,A;B;C;D;E;F;G;H;I;J;K;L,F,1,20,2,FALSE,NA,1,126,125,4436,63
1,A;B;C;D;E;F;G;H;I;J;K;L,C,1,21,2,FALSE,NA,1,126,125,4437,63
1,A;B;C;D;E;F;G;H;I;J;K;L,J,1,22,2,FALSE,NA,1,126,125,4438,63
1,A;B;C;D;E;F;G;H;I;J;K;L,L,1,23,2,FALSE,NA,1,126,125,4439,63
1,A;B;C;D;E;F;G;H;I;J;K;L,K,1,24,2,FALSE,NA,1,126,125,4440,63
1,A;B;C;D;E;F;G;H;I;J;K;L,D,1,25,3,FALSE,NA,1,126,125,4441,63
1,A;B;C;D;E;F;G;H;I;J;K;L,K,1,26,3,FALSE,NA,1,126,125,4442,63
1,A;B;C;D;E;F;G;H;I;J;K;L,C,1,27,3,FALSE,NA,1,126,125,4443,63
1,A;B;C;D;E;F;G;H;I;J;K;L,G,1,28,3,FALSE,NA,1,126,125,4444,63
1,A;B;C;D;E;F;G;H;I;J;K;L,E,1,29,3,FALSE,NA,1,126,125,4445,63
1,A;B;C;D;E;F;G;H;I;J;K;L,I,1,30,3,FALSE,NA,1,126,125,4446,63
1,A;B;C;D;E;F;G;H;I;J;K;L,F,1,31,3,FALSE,NA,1,126,125,4447,63
1,A;B;C;D;E;F;G;H;I;J;K;L,J,1,32,3,FALSE,NA,1,126,125,4448,63
1,A;B;C;D;E;F;G;H;I;J;K;L,H,1,33,3,FALSE,NA,1,126,125,4449,63
1,A;B;C;D;E;F;G;H;I;J;K;L,B,1,34,3,FALSE,NA,1,126,125,4450,63
1,A;B;C;D;E;F;G;H;I;J;K;L,L,1,35,3,FALSE,NA,1,126,125,4451,63
1,A;B;C;D;E;F;G;H;I;J;K;L,A,1,36,3,FALSE,NA,1,126,125,4452,63
1,A;B;C;D;E;F;G;H;I;J;K;L,J,1,37,4,FALSE,NA,1,126,125,4453,63
1,A;B;C;D;E;F;G;H;I;J;K;L,E,1,38,4,FALSE,NA,1,126,125,4454,63
1,A;B;C;D;E;F;G;H;I;J;K;L,L,1,39,4,FALSE,NA,1,126,125,4455,63
1,A;B;C;D;E;F;G;H;I;J;K;L,F,1,40,4,FALSE,NA,1,126,125,4456,63
1,A;B;C;D;E;F;G;H;I;J;K;L,D,1,41,4,FALSE,NA,1,126,125,4457,63
1,A;B;C;D;E;F;G;H;I;J;K;L,H,1,42,4,FALSE,NA,1,126,125,4458,63
1,A;B;C;D;E;F;G;H;I;J;K;L,G,1,43,4,FALSE,NA,1,126,125,4459,63
1,A;B;C;D;E;F;G;H;I;J;K;L,B,1,44,4,FALSE,NA,1,126,125,4460,63
1,A;B;C;D;E;F;G;H;I;J;K;L,A,1,45,4,FALSE,NA,1,126,125,4461,63
1,A;B;C;D;E;F;G;H;I;J;K;L,K,1,46,4,FALSE,NA,1,126,125,4462,63
1,A;B;C;D;E;F;G;H;I;J;K;L,C,1,47,4,FALSE,NA,1,126,125,4463,63
1,A;B;C;D;E;F;G;H;I;J;K;L,I,1,48,4,FALSE,NA,1,126,125,4464,63
1,A;B;C;D;E;F;G;H;I;J;K;L,K,1,49,5,FALSE,NA,1,126,125,4465,63
1,A;B;C;D;E;F;G;H;I;J;K;L,B,1,50,5,FALSE,NA,1,126,125,4466,63
1,A;B;C;D;E;F;G;H;I;J;K;L,D,1,51,5,FALSE,NA,1,126,125,4467,63
1,A;B;C;D;E;F;G;H;I;J;K;L,J,1,52,5,FALSE,NA,1,126,125,4468,63
1,A;B;C;D;E;F;G;H;I;J;K;L,G,1,53,5,FALSE,NA,1,126,125,4469,63
1,A;B;C;D;E;F;G;H;I;J;K;L,I,1,54,5,FALSE,NA,1,126,125,4470,63
1,A;B;C;D;E;F;G;H;I;J;K;L,A,1,55,5,FALSE,NA,1,126,125,4471,63
1,A;B;C;D;E;F;G;H;I;J;K;L,L,1,56,5,FALSE,NA,1,126,125,4472,63
1,A;B;C;D;E;F;G;H;I;J;K;L,C,1,57,5,FALSE,NA,1,126,125,4473,63
1,A;B;C;D;E;F;G;H;I;J;K;L,E,1,58,5,FALSE,NA,1,126,125,4474,63
1,A;B;C;D;E;F;G;H;I;J;K;L,F,1,59,5,FALSE,NA,1,126,125,4475,63
1,A;B;C;D;E;F;G;H;I;J;K;L,H,1,60,5,FALSE,NA,1,126,125,4476,63
1,A;B;C;D;E;F;G;H;I;J;K;L,J,1,61,6,FALSE,NA,1,126,125,4477,63
1,A;B;C;D;E;F;G;H;I;J;K;L,F,1,62,6,FALSE,NA,1,126,125,4478,63
1,A;B;C;D;E;F;G;H;I;J;K;L,A,1,63,6,FALSE,NA,1,126,125,4479,63
1,A;B;C;D;E;F;G;H;I;J;K;L,B,1,64,6,FALSE,NA,1,126,125,4480,63
1,A;B;C;D;E;F;G;H;I;J;K;L,G,1,65,6,FALSE,NA,1,126,125,4481,63
1,A;B;C;D;E;F;G;H;I;J;K;L,E,1,66,6,FALSE,NA,1,126,125,4482,63
1,A;B;C;D;E;F;G;H;I;J;K;L,C,1,67,6,FALSE,NA,1,126,125,4483,63
1,A;B;C;D;E;F;G;H;I;J;K;L,I,1,68,6,FALSE,NA,1,126,125,4484,63
1,A;B;C;D;E;F;G;H;I;J;K;L,D,1,69,6,FALSE,NA,1,126,125,4485,63
1,A;B;C;D;E;F;G;H;I;J;K;L,H,1,70,6,FALSE,NA,1,126,125,4486,63
1,A;B;C;D;E;F;G;H;I;J;K;L,L,1,71,6,FALSE,NA,1,126,125,4487,63
1,A;B;C;D;E;F;G;H;I;J;K;L,K,1,72,6,FALSE,NA,1,126,125,4488,63
1,A;B;C;D;E;F;G;H;I;J;K;L,H,1,1,1,FALSE,NA,1,128,127,4489,64
1,A;B;C;D;E;F;G;H;I;J;K;L,K,1,2,1,FALSE,NA,1,128,127,4490,64
1,A;B;C;D;E;F;G;H;I;J;K;L,I,1,3,1,FALSE,NA,1,128,127,4491,64
1,A;B;C;D;E;F;G;H;I;J;K;L,J,1,4,1,FALSE,NA,1,128,127,4492,64
1,A;B;C;D;E;F;G;H;I;J;K;L,D,1,5,1,FALSE,NA,1,128,127,4493,64
1,A;B;C;D;E;F;G;H;I;J;K;L,F,1,6,1,FALSE,NA,1,128,127,4494,64
1,A;B;C;D;E;F;G;H;I;J;K;L,A,1,7,1,FALSE,NA,1,128,127,4495,64
1,A;B;C;D;E;F;G;H;I;J;K;L,G,1,8,1,FALSE,NA,1,128,127,4496,64
1,A;B;C;D;E;F;G;H;I;J;K;L,B,1,9,1,FALSE,NA,1,128,127,4497,64
1,A;B;C;D;E;F;G;H;I;J;K;L,C,1,10,1,FALSE,NA,1,128,127,4498,64
1,A;B;C;D;E;F;G;H;I;J;K;L,E,1,11,1,FALSE,NA,1,128,127,4499,64
1,A;B;C;D;E;F;G;H;I;J;K;L,L,1,12,1,FALSE,NA,1,128,127,4500,64
1,A;B;C;D;E;F;G;H;I;J;K;L,C,1,13,2,FALSE,NA,1,128,127,4501,64
1,A;B;C;D;E;F;G;H;I;J;K;L,L,1,14,2,FALSE,NA,1,128,127,4502,64
1,A;B;C;D;E;F;G;H;I;J;K;L,E,1,15,2,FALSE,NA,1,128,127,4503,64
1,A;B;C;D;E;F;G;H;I;J;K;L,A,1,16,2,FALSE,NA,1,128,127,4504,64
1,A;B;C;D;E;F;G;H;I;J;K;L,F,1,17,2,FALSE,NA,1,128,127,4505,64
1,A;B;C;D;E;F;G;H;I;J;K;L,J,1,18,2,FALSE,NA,1,128,127,4506,64
1,A;B;C;D;E;F;G;H;I;J;K;L,B,1,19,2,FALSE,NA,1,128,127,4507,64
1,A;B;C;D;E;F;G;H;I;J;K;L,H,1,20,2,FALSE,NA,1,128,127,4508,64
1,A;B;C;D;E;F;G;H;I;J;K;L,G,1,21,2,FALSE,NA,1,128,127,4509,64
1,A;B;C;D;E;F;G;H;I;J;K;L,D,1,22,2,FALSE,NA,1,128,127,4510,64
1,A;B;C;D;E;F;G;H;I;J;K;L,K,1,23,2,FALSE,NA,1,128,127,4511,64
1,A;B;C;D;E;F;G;H;I;J;K;L,I,1,24,2,FALSE,NA,1,128,127,4512,64
1,A;B;C;D;E;F;G;H;I;J;K;L,C,1,25,3,FALSE,NA,1,128,127,4513,64
1,A;B;C;D;E;F;G;H;I;J;K;L,F,1,26,3,FALSE,NA,1,128,127,4514,64
1,A;B;C;D;E;F;G;H;I;J;K;L,B,1,27,3,FALSE,NA,1,128,127,4515,64
1,A;B;C;D;E;F;G;H;I;J;K;L,E,1,28,3,FALSE,NA,1,128,127,4516,64
1,A;B;C;D;E;F;G;H;I;J;K;L,G,1,29,3,FALSE,NA,1,128,127,4517,64
1,A;B;C;D;E;F;G;H;I;J;K;L,H,1,30,3,FALSE,NA,1,128,127,4518,64
1,A;B;C;D;E;F;G;H;I;J;K;L,L,1,31,3,FALSE,NA,1,128,127,4519,64
1,A;B;C;D;E;F;G;H;I;J;K;L,D,1,32,3,FALSE,NA,1,128,127,4520,64
1,A;B;C;D;E;F;G;H;I;J;K;L,J,1,33,3,FALSE,NA,1,128,127,4521,64
1,A;B;C;D;E;F;G;H;I;J;K;L,A,1,34,3,FALSE,NA,1,128,127,4522,64
1,A;B;C;D;E;F;G;H;I;J;K;L,I,1,35,3,FALSE,NA,1,128,127,4523,64
1,A;B;C;D;E;F;G;H;I;J;K;L,K,1,36,3,FALSE,NA,1,128,127,4524,64
1,A;B;C;D;E;F;G;H;I;J;K;L,C,1,37,4,FALSE,NA,1,128,127,4525,64
1,A;B;C;D;E;F;G;H;I;J;K;L,B,1,38,4,FALSE,NA,1,128,127,4526,64
1,A;B;C;D;E;F;G;H;I;J;K;L,A,1,39,4,FALSE,NA,1,128,127,4527,64
1,A;B;C;D;E;F;G;H;I;J;K;L,E,1,40,4,FALSE,NA,1,128,127,4528,64
1,A;B;C;D;E;F;G;H;I;J;K;L,D,1,41,4,FALSE,NA,1,128,127,4529,64
1,A;B;C;D;E;F;G;H;I;J;K;L,I,1,42,4,FALSE,NA,1,128,127,4530,64
1,A;B;C;D;E;F;G;H;I;J;K;L,H,1,43,4,FALSE,NA,1,128,127,4531,64
1,A;B;C;D;E;F;G;H;I;J;K;L,F,1,44,4,FALSE,NA,1,128,127,4532,64
1,A;B;C;D;E;F;G;H;I;J;K;L,G,1,45,4,FALSE,NA,1,128,127,4533,64
1,A;B;C;D;E;F;G;H;I;J;K;L,J,1,46,4,FALSE,NA,1,128,127,4534,64
1,A;B;C;D;E;F;G;H;I;J;K;L,L,1,47,4,FALSE,NA,1,128,127,4535,64
1,A;B;C;D;E;F;G;H;I;J;K;L,K,1,48,4,FALSE,NA,1,128,127,4536,64
1,A;B;C;D;E;F;G;H;I;J;K;L,L,1,49,5,FALSE,NA,1,128,127,4537,64
1,A;B;C;D;E;F;G;H;I;J;K;L,C,1,50,5,FALSE,NA,1,128,127,4538,64
1,A;B;C;D;E;F;G;H;I;J;K;L,F,1,51,5,FALSE,NA,1,128,127,4539,64
1,A;B;C;D;E;F;G;H;I;J;K;L,A,1,52,5,FALSE,NA,1,128,127,4540,64
1,A;B;C;D;E;F;G;H;I;J;K;L,D,1,53,5,FALSE,NA,1,128,127,4541,64
1,A;B;C;D;E;F;G;H;I;J;K;L,I,1,54,5,FALSE,NA,1,128,127,4542,64
1,A;B;C;D;E;F;G;H;I;J;K;L,G,1,55,5,FALSE,NA,1,128,127,4543,64
1,A;B;C;D;E;F;G;H;I;J;K;L,H,1,56,5,FALSE,NA,1,128,127,4544,64
1,A;B;C;D;E;F;G;H;I;J;K;L,E,1,57,5,FALSE,NA,1,128,127,4545,64
1,A;B;C;D;E;F;G;H;I;J;K;L,B,1,58,5,FALSE,NA,1,128,127,4546,64
1,A;B;C;D;E;F;G;H;I;J;K;L,J,1,59,5,FALSE,NA,1,128,127,4547,64
1,A;B;C;D;E;F;G;H;I;J;K;L,K,1,60,5,FALSE,NA,1,128,127,4548,64
1,A;B;C;D;E;F;G;H;I;J;K;L,I,1,61,6,FALSE,NA,1,128,127,4549,64
1,A;B;C;D;E;F;G;H;I;J;K;L,J,1,62,6,FALSE,NA,1,128,127,4550,64
1,A;B;C;D;E;F;G;H;I;J;K;L,D,1,63,6,FALSE,NA,1,128,127,4551,64
1,A;B;C;D;E;F;G;H;I;J;K;L,G,1,64,6,FALSE,NA,1,128,127,4552,64
1,A;B;C;D;E;F;G;H;I;J;K;L,A,1,65,6,FALSE,NA,1,128,127,4553,64
1,A;B;C;D;E;F;G;H;I;J;K;L,B,1,66,6,FALSE,NA,1,128,127,4554,64
1,A;B;C;D;E;F;G;H;I;J;K;L,E,1,67,6,FALSE,NA,1,128,127,4555,64
1,A;B;C;D;E;F;G;H;I;J;K;L,H,1,68,6,FALSE,NA,1,128,127,4556,64
1,A;B;C;D;E;F;G;H;I;J;K;L,C,1,69,6,FALSE,NA,1,128,127,4557,64
1,A;B;C;D;E;F;G;H;I;J;K;L,L,1,70,6,FALSE,NA,1,128,127,4558,64
1,A;B;C;D;E;F;G;H;I;J;K;L,K,1,71,6,FALSE,NA,1,128,127,4559,64
1,A;B;C;D;E;F;G;H;I;J;K;L,F,1,72,6,FALSE,NA,1,128,127,4560,64
1,A;B;C;D;E;F;G;H;I;J;K;L,L,1,1,1,FALSE,NA,1,130,129,4561,65
1,A;B;C;D;E;F;G;H;I;J;K;L,G,1,2,1,FALSE,NA,1,130,129,4562,65
1,A;B;C;D;E;F;G;H;I;J;K;L,F,1,3,1,FALSE,NA,1,130,129,4563,65
1,A;B;C;D;E;F;G;H;I;J;K;L,J,1,4,1,FALSE,NA,1,130,129,4564,65
1,A;B;C;D;E;F;G;H;I;J;K;L,K,1,5,1,FALSE,NA,1,130,129,4565,65
1,A;B;C;D;E;F;G;H;I;J;K;L,H,1,6,1,FALSE,NA,1,130,129,4566,65
1,A;B;C;D;E;F;G;H;I;J;K;L,A,1,7,1,FALSE,NA,1,130,129,4567,65
1,A;B;C;D;E;F;G;H;I;J;K;L,B,1,8,1,FALSE,NA,1,130,129,4568,65
1,A;B;C;D;E;F;G;H;I;J;K;L,C,1,9,1,FALSE,NA,1,130,129,4569,65
1,A;B;C;D;E;F;G;H;I;J;K;L,I,1,10,1,FALSE,NA,1,130,129,4570,65
1,A;B;C;D;E;F;G;H;I;J;K;L,E,1,11,1,FALSE,NA,1,130,129,4571,65
1,A;B;C;D;E;F;G;H;I;J;K;L,D,1,12,1,FALSE,NA,1,130,129,4572,65
1,A;B;C;D;E;F;G;H;I;J;K;L,A,1,13,2,FALSE,NA,1,130,129,4573,65
1,A;B;C;D;E;F;G;H;I;J;K;L,L,1,14,2,FALSE,NA,1,130,129,4574,65
1,A;B;C;D;E;F;G;H;I;J;K;L,K,1,15,2,FALSE,NA,1,130,129,4575,65
1,A;B;C;D;E;F;G;H;I;J;K;L,F,1,16,2,FALSE,NA,1,130,129,4576,65
1,A;B;C;D;E;F;G;H;I;J;K;L,E,1,17,2,FALSE,NA,1,130,129,4577,65
1,A;B;C;D;E;F;G;H;I;J;K;L,H,1,18,2,FALSE,NA,1,130,129,4578,65
1,A;B;C;D;E;F;G;H;I;J;K;L,G,1,19,2,FALSE,NA,1,130,129,4579,65
1,A;B;C;D;E;F;G;H;I;J;K;L,D,1,20,2,FALSE,NA,1,130,129,4580,65
1,A;B;C;D;E;F;G;H;I;J;K;L,C,1,21,2,FALSE,NA,1,130,129,4581,65
1,A;B;C;D;E;F;G;H;I;J;K;L,J,1,22,2,FALSE,NA,1,130,129,4582,65
1,A;B;C;D;E;F;G;H;I;J;K;L,I,1,23,2,FALSE,NA,1,130,129,4583,65
1,A;B;C;D;E;F;G;H;I;J;K;L,B,1,24,2,FALSE,NA,1,130,129,4584,65
1,A;B;C;D;E;F;G;H;I;J;K;L,F,1,25,3,FALSE,NA,1,130,129,4585,65
1,A;B;C;D;E;F;G;H;I;J;K;L,L,1,26,3,FALSE,NA,1,130,129,4586,65
1,A;B;C;D;E;F;G;H;I;J;K;L,H,1,27,3,FALSE,NA,1,130,129,4587,65
1,A;B;C;D;E;F;G;H;I;J;K;L,D,1,28,3,FALSE,NA,1,130,129,4588,65
1,A;B;C;D;E;F;G;H;I;J;K;L,G,1,29,3,FALSE,NA,1,130,129,4589,65
1,A;B;C;D;E;F;G;H;I;J;K;L,C,1,30,3,FALSE,NA,1,130,129,4590,65
1,A;B;C;D;E;F;G;H;I;J;K;L,B,1,31,3,FALSE,NA,1,130,129,4591,65
1,A;B;C;D;E;F;G;H;I;J;K;L,E,1,32,3,FALSE,NA,1,130,129,4592,65
1,A;B;C;D;E;F;G;H;I;J;K;L,A,1,33,3,FALSE,NA,1,130,129,4593,65
1,A;B;C;D;E;F;G;H;I;J;K;L,J,1,34,3,FALSE,NA,1,130,129,4594,65
1,A;B;C;D;E;F;G;H;I;J;K;L,I,1,35,3,FALSE,NA,1,130,129,4595,65
1,A;B;C;D;E;F;G;H;I;J;K;L,K,1,36,3,FALSE,NA,1,130,129,4596,65
1,A;B;C;D;E;F;G;H;I;J;K;L,K,1,37,4,FALSE,NA,1,130,129,4597,65
1,A;B;C;D;E;F;G;H;I;J;K;L,A,1,38,4,FALSE,NA,1,130,129,4598,65
1,A;B;C;D;E;F;G;H;I;J;K;L,C,1,39,4,FALSE,NA,1,130,129,4599,65
1,A;B;C;D;E;F;G;H;I;J;K;L,L,1,40,4,FALSE,NA,1,130,129,4600,65
1,A;B;C;D;E;F;G;H;I;J;K;L,B,1,41,4,FALSE,NA,1,130,129,4601,65
1,A;B;C;D;E;F;G;H;I;J;K;L,G,1,42,4,FALSE,NA,1,130,129,4602,65
1,A;B;C;D;E;F;G;H;I;J;K;L,D,1,43,4,FALSE,NA,1,130,129,4603,65
1,A;B;C;D;E;F;G;H;I;J;K;L,H,1,44,4,FALSE,NA,1,130,129,4604,65
1,A;B;C;D;E;F;G;H;I;J;K;L,E,1,45,4,FALSE,NA,1,130,129,4605,65
1,A;B;C;D;E;F;G;H;I;J;K;L,I,1,46,4,FALSE,NA,1,130,129,4606,65
1,A;B;C;D;E;F;G;H;I;J;K;L,F,1,47,4,FALSE,NA,1,130,129,4607,65
1,A;B;C;D;E;F;G;H;I;J;K;L,J,1,48,4,FALSE,NA,1,130,129,4608,65
1,A;B;C;D;E;F;G;H;I;J;K;L,F,1,49,5,FALSE,NA,1,130,129,4609,65
1,A;B;C;D;E;F;G;H;I;J;K;L,A,1,50,5,FALSE,NA,1,130,129,4610,65
1,A;B;C;D;E;F;G;H;I;J;K;L,J,1,51,5,FALSE,NA,1,130,129,4611,65
1,A;B;C;D;E;F;G;H;I;J;K;L,L,1,52,5,FALSE,NA,1,130,129,4612,65
1,A;B;C;D;E;F;G;H;I;J;K;L,D,1,53,5,FALSE,NA,1,130,129,4613,65
1,A;B;C;D;E;F;G;H;I;J;K;L,C,1,54,5,FALSE,NA,1,130,129,4614,65
1,A;B;C;D;E;F;G;H;I;J;K;L,K,1,55,5,FALSE,NA,1,130,129,4615,65
1,A;B;C;D;E;F;G;H;I;J;K;L,B,1,56,5,FALSE,NA,1,130,129,4616,65
1,A;B;C;D;E;F;G;H;I;J;K;L,H,1,57,5,FALSE,NA,1,130,129,4617,65
1,A;B;C;D;E;F;G;H;I;J;K;L,E,1,58,5,FALSE,NA,1,130,129,4618,65
1,A;B;C;D;E;F;G;H;I;J;K;L,G,1,59,5,FALSE,NA,1,130,129,4619,65
1,A;B;C;D;E;F;G;H;I;J;K;L,I,1,60,5,FALSE,NA,1,130,129,4620,65
1,A;B;C;D;E;F;G;H;I;J;K;L,A,1,61,6,FALSE,NA,1,130,129,4621,65
1,A;B;C;D;E;F;G;H;I;J;K;L,K,1,62,6,FALSE,NA,1,130,129,4622,65
1,A;B;C;D;E;F;G;H;I;J;K;L,D,1,63,6,FALSE,NA,1,130,129,4623,65
1,A;B;C;D;E;F;G;H;I;J;K;L,L,1,64,6,FALSE,NA,1,130,129,4624,65
1,A;B;C;D;E;F;G;H;I;J;K;L,J,1,65,6,FALSE,NA,1,130,129,4625,65
1,A;B;C;D;E;F;G;H;I;J;K;L,G,1,66,6,FALSE,NA,1,130,129,4626,65
1,A;B;C;D;E;F;G;H;I;J;K;L,H,1,67,6,FALSE,NA,1,130,129,4627,65
1,A;B;C;D;E;F;G;H;I;J;K;L,B,1,68,6,FALSE,NA,1,130,129,4628,65
1,A;B;C;D;E;F;G;H;I;J;K;L,C,1,69,6,FALSE,NA,1,130,129,4629,65
1,A;B;C;D;E;F;G;H;I;J;K;L,F,1,70,6,FALSE,NA,1,130,129,4630,65
1,A;B;C;D;E;F;G;H;I;J;K;L,E,1,71,6,FALSE,NA,1,130,129,4631,65
1,A;B;C;D;E;F;G;H;I;J;K;L,I,1,72,6,FALSE,NA,1,130,129,4632,65
1,A;B;C;D;E;F;G;H;I;J;K;L,D,1,1,1,TRUE,low accuracy game,1,132,131,4633,66
1,A;B;C;D;E;F;G;H;I;J;K;L,C,1,2,1,TRUE,low accuracy game,1,132,131,4634,66
1,A;B;C;D;E;F;G;H;I;J;K;L,K,1,3,1,TRUE,low accuracy game,1,132,131,4635,66
1,A;B;C;D;E;F;G;H;I;J;K;L,H,1,4,1,TRUE,low accuracy game,1,132,131,4636,66
1,A;B;C;D;E;F;G;H;I;J;K;L,B,1,5,1,TRUE,low accuracy game,1,132,131,4637,66
1,A;B;C;D;E;F;G;H;I;J;K;L,A,1,6,1,TRUE,low accuracy game,1,132,131,4638,66
1,A;B;C;D;E;F;G;H;I;J;K;L,I,1,7,1,TRUE,low accuracy game,1,132,131,4639,66
1,A;B;C;D;E;F;G;H;I;J;K;L,J,1,8,1,TRUE,low accuracy game,1,132,131,4640,66
1,A;B;C;D;E;F;G;H;I;J;K;L,G,1,9,1,TRUE,low accuracy game,1,132,131,4641,66
1,A;B;C;D;E;F;G;H;I;J;K;L,F,1,10,1,TRUE,low accuracy game,1,132,131,4642,66
1,A;B;C;D;E;F;G;H;I;J;K;L,E,1,11,1,TRUE,low accuracy game,1,132,131,4643,66
1,A;B;C;D;E;F;G;H;I;J;K;L,L,1,12,1,TRUE,low accuracy game,1,132,131,4644,66
1,A;B;C;D;E;F;G;H;I;J;K;L,E,1,13,2,TRUE,low accuracy game,1,132,131,4645,66
1,A;B;C;D;E;F;G;H;I;J;K;L,A,1,14,2,TRUE,low accuracy game,1,132,131,4646,66
1,A;B;C;D;E;F;G;H;I;J;K;L,J,1,15,2,TRUE,low accuracy game,1,132,131,4647,66
1,A;B;C;D;E;F;G;H;I;J;K;L,L,1,16,2,TRUE,low accuracy game,1,132,131,4648,66
1,A;B;C;D;E;F;G;H;I;J;K;L,I,1,17,2,TRUE,low accuracy game,1,132,131,4649,66
1,A;B;C;D;E;F;G;H;I;J;K;L,D,1,18,2,TRUE,low accuracy game,1,132,131,4650,66
1,A;B;C;D;E;F;G;H;I;J;K;L,F,1,19,2,TRUE,low accuracy game,1,132,131,4651,66
1,A;B;C;D;E;F;G;H;I;J;K;L,K,1,20,2,TRUE,low accuracy game,1,132,131,4652,66
1,A;B;C;D;E;F;G;H;I;J;K;L,H,1,21,2,TRUE,low accuracy game,1,132,131,4653,66
1,A;B;C;D;E;F;G;H;I;J;K;L,G,1,22,2,TRUE,low accuracy game,1,132,131,4654,66
1,A;B;C;D;E;F;G;H;I;J;K;L,C,1,23,2,TRUE,low accuracy game,1,132,131,4655,66
1,A;B;C;D;E;F;G;H;I;J;K;L,B,1,24,2,TRUE,low accuracy game,1,132,131,4656,66
1,A;B;C;D;E;F;G;H;I;J;K;L,A,1,25,3,TRUE,low accuracy game,1,132,131,4657,66
1,A;B;C;D;E;F;G;H;I;J;K;L,H,1,26,3,TRUE,low accuracy game,1,132,131,4658,66
1,A;B;C;D;E;F;G;H;I;J;K;L,I,1,27,3,TRUE,low accuracy game,1,132,131,4659,66
1,A;B;C;D;E;F;G;H;I;J;K;L,C,1,28,3,TRUE,low accuracy game,1,132,131,4660,66
1,A;B;C;D;E;F;G;H;I;J;K;L,E,1,29,3,TRUE,low accuracy game,1,132,131,4661,66
1,A;B;C;D;E;F;G;H;I;J;K;L,F,1,30,3,TRUE,low accuracy game,1,132,131,4662,66
1,A;B;C;D;E;F;G;H;I;J;K;L,J,1,31,3,TRUE,low accuracy game,1,132,131,4663,66
1,A;B;C;D;E;F;G;H;I;J;K;L,L,1,32,3,TRUE,low accuracy game,1,132,131,4664,66
1,A;B;C;D;E;F;G;H;I;J;K;L,G,1,33,3,TRUE,low accuracy game,1,132,131,4665,66
1,A;B;C;D;E;F;G;H;I;J;K;L,K,1,34,3,TRUE,low accuracy game,1,132,131,4666,66
1,A;B;C;D;E;F;G;H;I;J;K;L,B,1,35,3,TRUE,low accuracy game,1,132,131,4667,66
1,A;B;C;D;E;F;G;H;I;J;K;L,D,1,36,3,TRUE,low accuracy game,1,132,131,4668,66
1,A;B;C;D;E;F;G;H;I;J;K;L,J,1,37,4,TRUE,low accuracy game,1,132,131,4669,66
1,A;B;C;D;E;F;G;H;I;J;K;L,F,1,38,4,TRUE,low accuracy game,1,132,131,4670,66
1,A;B;C;D;E;F;G;H;I;J;K;L,A,1,39,4,TRUE,low accuracy game,1,132,131,4671,66
1,A;B;C;D;E;F;G;H;I;J;K;L,E,1,40,4,TRUE,low accuracy game,1,132,131,4672,66
1,A;B;C;D;E;F;G;H;I;J;K;L,K,1,41,4,TRUE,low accuracy game,1,132,131,4673,66
1,A;B;C;D;E;F;G;H;I;J;K;L,G,1,42,4,TRUE,low accuracy game,1,132,131,4674,66
1,A;B;C;D;E;F;G;H;I;J;K;L,I,1,43,4,TRUE,low accuracy game,1,132,131,4675,66
1,A;B;C;D;E;F;G;H;I;J;K;L,C,1,44,4,TRUE,low accuracy game,1,132,131,4676,66
1,A;B;C;D;E;F;G;H;I;J;K;L,L,1,45,4,TRUE,low accuracy game,1,132,131,4677,66
1,A;B;C;D;E;F;G;H;I;J;K;L,B,1,46,4,TRUE,low accuracy game,1,132,131,4678,66
1,A;B;C;D;E;F;G;H;I;J;K;L,H,1,47,4,TRUE,low accuracy game,1,132,131,4679,66
1,A;B;C;D;E;F;G;H;I;J;K;L,D,1,48,4,TRUE,low accuracy game,1,132,131,4680,66
1,A;B;C;D;E;F;G;H;I;J;K;L,F,1,49,5,TRUE,low accuracy game,1,132,131,4681,66
1,A;B;C;D;E;F;G;H;I;J;K;L,B,1,50,5,TRUE,low accuracy game,1,132,131,4682,66
1,A;B;C;D;E;F;G;H;I;J;K;L,C,1,51,5,TRUE,low accuracy game,1,132,131,4683,66
1,A;B;C;D;E;F;G;H;I;J;K;L,L,1,52,5,TRUE,low accuracy game,1,132,131,4684,66
1,A;B;C;D;E;F;G;H;I;J;K;L,K,1,53,5,TRUE,low accuracy game,1,132,131,4685,66
1,A;B;C;D;E;F;G;H;I;J;K;L,J,1,54,5,TRUE,low accuracy game,1,132,131,4686,66
1,A;B;C;D;E;F;G;H;I;J;K;L,A,1,55,5,TRUE,low accuracy game,1,132,131,4687,66
1,A;B;C;D;E;F;G;H;I;J;K;L,E,1,56,5,TRUE,low accuracy game,1,132,131,4688,66
1,A;B;C;D;E;F;G;H;I;J;K;L,I,1,57,5,TRUE,low accuracy game,1,132,131,4689,66
1,A;B;C;D;E;F;G;H;I;J;K;L,G,1,58,5,TRUE,low accuracy game,1,132,131,4690,66
1,A;B;C;D;E;F;G;H;I;J;K;L,H,1,59,5,TRUE,low accuracy game,1,132,131,4691,66
1,A;B;C;D;E;F;G;H;I;J;K;L,D,1,60,5,TRUE,low accuracy game,1,132,131,4692,66
1,A;B;C;D;E;F;G;H;I;J;K;L,L,1,61,6,TRUE,low accuracy game,1,132,131,4693,66
1,A;B;C;D;E;F;G;H;I;J;K;L,F,1,62,6,TRUE,low accuracy game,1,132,131,4694,66
1,A;B;C;D;E;F;G;H;I;J;K;L,E,1,63,6,TRUE,low accuracy game,1,132,131,4695,66
1,A;B;C;D;E;F;G;H;I;J;K;L,J,1,64,6,TRUE,low accuracy game,1,132,131,4696,66
1,A;B;C;D;E;F;G;H;I;J;K;L,K,1,65,6,TRUE,low accuracy game,1,132,131,4697,66
1,A;B;C;D;E;F;G;H;I;J;K;L,A,1,66,6,TRUE,low accuracy game,1,132,131,4698,66
1,A;B;C;D;E;F;G;H;I;J;K;L,G,1,67,6,TRUE,low accuracy game,1,132,131,4699,66
1,A;B;C;D;E;F;G;H;I;J;K;L,H,1,68,6,TRUE,low accuracy game,1,132,131,4700,66
1,A;B;C;D;E;F;G;H;I;J;K;L,D,1,69,6,TRUE,low accuracy game,1,132,131,4701,66
1,A;B;C;D;E;F;G;H;I;J;K;L,C,1,70,6,TRUE,low accuracy game,1,132,131,4702,66
1,A;B;C;D;E;F;G;H;I;J;K;L,I,1,71,6,TRUE,low accuracy game,1,132,131,4703,66
1,A;B;C;D;E;F;G;H;I;J;K;L,B,1,72,6,TRUE,low accuracy game,1,132,131,4704,66
1,A;B;C;D;E;F;G;H;I;J;K;L,G,1,1,1,FALSE,NA,1,134,133,4705,67
1,A;B;C;D;E;F;G;H;I;J;K;L,L,1,2,1,FALSE,NA,1,134,133,4706,67
1,A;B;C;D;E;F;G;H;I;J;K;L,E,1,3,1,FALSE,NA,1,134,133,4707,67
1,A;B;C;D;E;F;G;H;I;J;K;L,A,1,4,1,FALSE,NA,1,134,133,4708,67
1,A;B;C;D;E;F;G;H;I;J;K;L,H,1,5,1,FALSE,NA,1,134,133,4709,67
1,A;B;C;D;E;F;G;H;I;J;K;L,B,1,6,1,FALSE,NA,1,134,133,4710,67
1,A;B;C;D;E;F;G;H;I;J;K;L,C,1,7,1,FALSE,NA,1,134,133,4711,67
1,A;B;C;D;E;F;G;H;I;J;K;L,K,1,8,1,FALSE,NA,1,134,133,4712,67
1,A;B;C;D;E;F;G;H;I;J;K;L,J,1,9,1,FALSE,NA,1,134,133,4713,67
1,A;B;C;D;E;F;G;H;I;J;K;L,F,1,10,1,FALSE,NA,1,134,133,4714,67
1,A;B;C;D;E;F;G;H;I;J;K;L,I,1,11,1,FALSE,NA,1,134,133,4715,67
1,A;B;C;D;E;F;G;H;I;J;K;L,D,1,12,1,FALSE,NA,1,134,133,4716,67
1,A;B;C;D;E;F;G;H;I;J;K;L,D,1,13,2,FALSE,NA,1,134,133,4717,67
1,A;B;C;D;E;F;G;H;I;J;K;L,K,1,14,2,FALSE,NA,1,134,133,4718,67
1,A;B;C;D;E;F;G;H;I;J;K;L,J,1,15,2,FALSE,NA,1,134,133,4719,67
1,A;B;C;D;E;F;G;H;I;J;K;L,H,1,16,2,FALSE,NA,1,134,133,4720,67
1,A;B;C;D;E;F;G;H;I;J;K;L,C,1,17,2,FALSE,NA,1,134,133,4721,67
1,A;B;C;D;E;F;G;H;I;J;K;L,I,1,18,2,FALSE,NA,1,134,133,4722,67
1,A;B;C;D;E;F;G;H;I;J;K;L,F,1,19,2,FALSE,NA,1,134,133,4723,67
1,A;B;C;D;E;F;G;H;I;J;K;L,B,1,20,2,FALSE,NA,1,134,133,4724,67
1,A;B;C;D;E;F;G;H;I;J;K;L,A,1,21,2,FALSE,NA,1,134,133,4725,67
1,A;B;C;D;E;F;G;H;I;J;K;L,G,1,22,2,FALSE,NA,1,134,133,4726,67
1,A;B;C;D;E;F;G;H;I;J;K;L,E,1,23,2,FALSE,NA,1,134,133,4727,67
1,A;B;C;D;E;F;G;H;I;J;K;L,L,1,24,2,FALSE,NA,1,134,133,4728,67
1,A;B;C;D;E;F;G;H;I;J;K;L,J,1,25,3,FALSE,NA,1,134,133,4729,67
1,A;B;C;D;E;F;G;H;I;J;K;L,F,1,26,3,FALSE,NA,1,134,133,4730,67
1,A;B;C;D;E;F;G;H;I;J;K;L,D,1,27,3,FALSE,NA,1,134,133,4731,67
1,A;B;C;D;E;F;G;H;I;J;K;L,H,1,28,3,FALSE,NA,1,134,133,4732,67
1,A;B;C;D;E;F;G;H;I;J;K;L,E,1,29,3,FALSE,NA,1,134,133,4733,67
1,A;B;C;D;E;F;G;H;I;J;K;L,A,1,30,3,FALSE,NA,1,134,133,4734,67
1,A;B;C;D;E;F;G;H;I;J;K;L,C,1,31,3,FALSE,NA,1,134,133,4735,67
1,A;B;C;D;E;F;G;H;I;J;K;L,K,1,32,3,FALSE,NA,1,134,133,4736,67
1,A;B;C;D;E;F;G;H;I;J;K;L,B,1,33,3,FALSE,NA,1,134,133,4737,67
1,A;B;C;D;E;F;G;H;I;J;K;L,L,1,34,3,FALSE,NA,1,134,133,4738,67
1,A;B;C;D;E;F;G;H;I;J;K;L,G,1,35,3,FALSE,NA,1,134,133,4739,67
1,A;B;C;D;E;F;G;H;I;J;K;L,I,1,36,3,FALSE,NA,1,134,133,4740,67
1,A;B;C;D;E;F;G;H;I;J;K;L,G,1,37,4,FALSE,NA,1,134,133,4741,67
1,A;B;C;D;E;F;G;H;I;J;K;L,C,1,38,4,FALSE,NA,1,134,133,4742,67
1,A;B;C;D;E;F;G;H;I;J;K;L,H,1,39,4,FALSE,NA,1,134,133,4743,67
1,A;B;C;D;E;F;G;H;I;J;K;L,K,1,40,4,FALSE,NA,1,134,133,4744,67
1,A;B;C;D;E;F;G;H;I;J;K;L,J,1,41,4,FALSE,NA,1,134,133,4745,67
1,A;B;C;D;E;F;G;H;I;J;K;L,B,1,42,4,FALSE,NA,1,134,133,4746,67
1,A;B;C;D;E;F;G;H;I;J;K;L,F,1,43,4,FALSE,NA,1,134,133,4747,67
1,A;B;C;D;E;F;G;H;I;J;K;L,E,1,44,4,FALSE,NA,1,134,133,4748,67
1,A;B;C;D;E;F;G;H;I;J;K;L,D,1,45,4,FALSE,NA,1,134,133,4749,67
1,A;B;C;D;E;F;G;H;I;J;K;L,I,1,46,4,FALSE,NA,1,134,133,4750,67
1,A;B;C;D;E;F;G;H;I;J;K;L,A,1,47,4,FALSE,NA,1,134,133,4751,67
1,A;B;C;D;E;F;G;H;I;J;K;L,L,1,48,4,FALSE,NA,1,134,133,4752,67
1,A;B;C;D;E;F;G;H;I;J;K;L,C,1,49,5,FALSE,NA,1,134,133,4753,67
1,A;B;C;D;E;F;G;H;I;J;K;L,F,1,50,5,FALSE,NA,1,134,133,4754,67
1,A;B;C;D;E;F;G;H;I;J;K;L,J,1,51,5,FALSE,NA,1,134,133,4755,67
1,A;B;C;D;E;F;G;H;I;J;K;L,E,1,52,5,FALSE,NA,1,134,133,4756,67
1,A;B;C;D;E;F;G;H;I;J;K;L,G,1,53,5,FALSE,NA,1,134,133,4757,67
1,A;B;C;D;E;F;G;H;I;J;K;L,B,1,54,5,FALSE,NA,1,134,133,4758,67
1,A;B;C;D;E;F;G;H;I;J;K;L,H,1,55,5,FALSE,NA,1,134,133,4759,67
1,A;B;C;D;E;F;G;H;I;J;K;L,D,1,56,5,FALSE,NA,1,134,133,4760,67
1,A;B;C;D;E;F;G;H;I;J;K;L,L,1,57,5,FALSE,NA,1,134,133,4761,67
1,A;B;C;D;E;F;G;H;I;J;K;L,A,1,58,5,FALSE,NA,1,134,133,4762,67
1,A;B;C;D;E;F;G;H;I;J;K;L,K,1,59,5,FALSE,NA,1,134,133,4763,67
1,A;B;C;D;E;F;G;H;I;J;K;L,I,1,60,5,FALSE,NA,1,134,133,4764,67
1,A;B;C;D;E;F;G;H;I;J;K;L,D,1,61,6,FALSE,NA,1,134,133,4765,67
1,A;B;C;D;E;F;G;H;I;J;K;L,B,1,62,6,FALSE,NA,1,134,133,4766,67
1,A;B;C;D;E;F;G;H;I;J;K;L,J,1,63,6,FALSE,NA,1,134,133,4767,67
1,A;B;C;D;E;F;G;H;I;J;K;L,G,1,64,6,FALSE,NA,1,134,133,4768,67
1,A;B;C;D;E;F;G;H;I;J;K;L,E,1,65,6,FALSE,NA,1,134,133,4769,67
1,A;B;C;D;E;F;G;H;I;J;K;L,L,1,66,6,FALSE,NA,1,134,133,4770,67
1,A;B;C;D;E;F;G;H;I;J;K;L,K,1,67,6,FALSE,NA,1,134,133,4771,67
1,A;B;C;D;E;F;G;H;I;J;K;L,I,1,68,6,FALSE,NA,1,134,133,4772,67
1,A;B;C;D;E;F;G;H;I;J;K;L,C,1,69,6,FALSE,NA,1,134,133,4773,67
1,A;B;C;D;E;F;G;H;I;J;K;L,H,1,70,6,FALSE,NA,1,134,133,4774,67
1,A;B;C;D;E;F;G;H;I;J;K;L,F,1,71,6,FALSE,NA,1,134,133,4775,67
1,A;B;C;D;E;F;G;H;I;J;K;L,A,1,72,6,FALSE,NA,1,134,133,4776,67
1,A;B;C;D;E;F;G;H;I;J;K;L,F,1,1,1,FALSE,NA,1,136,135,4777,68
1,A;B;C;D;E;F;G;H;I;J;K;L,D,1,2,1,FALSE,NA,1,136,135,4778,68
1,A;B;C;D;E;F;G;H;I;J;K;L,E,1,3,1,FALSE,NA,1,136,135,4779,68
1,A;B;C;D;E;F;G;H;I;J;K;L,L,1,4,1,FALSE,NA,1,136,135,4780,68
1,A;B;C;D;E;F;G;H;I;J;K;L,G,1,5,1,FALSE,NA,1,136,135,4781,68
1,A;B;C;D;E;F;G;H;I;J;K;L,C,1,6,1,FALSE,NA,1,136,135,4782,68
1,A;B;C;D;E;F;G;H;I;J;K;L,K,1,7,1,FALSE,NA,1,136,135,4783,68
1,A;B;C;D;E;F;G;H;I;J;K;L,B,1,8,1,FALSE,NA,1,136,135,4784,68
1,A;B;C;D;E;F;G;H;I;J;K;L,H,1,9,1,FALSE,NA,1,136,135,4785,68
1,A;B;C;D;E;F;G;H;I;J;K;L,I,1,10,1,FALSE,NA,1,136,135,4786,68
1,A;B;C;D;E;F;G;H;I;J;K;L,A,1,11,1,FALSE,NA,1,136,135,4787,68
1,A;B;C;D;E;F;G;H;I;J;K;L,J,1,12,1,FALSE,NA,1,136,135,4788,68
1,A;B;C;D;E;F;G;H;I;J;K;L,E,1,13,2,FALSE,NA,1,136,135,4789,68
1,A;B;C;D;E;F;G;H;I;J;K;L,A,1,14,2,FALSE,NA,1,136,135,4790,68
1,A;B;C;D;E;F;G;H;I;J;K;L,F,1,15,2,FALSE,NA,1,136,135,4791,68
1,A;B;C;D;E;F;G;H;I;J;K;L,J,1,16,2,FALSE,NA,1,136,135,4792,68
1,A;B;C;D;E;F;G;H;I;J;K;L,K,1,17,2,FALSE,NA,1,136,135,4793,68
1,A;B;C;D;E;F;G;H;I;J;K;L,H,1,18,2,FALSE,NA,1,136,135,4794,68
1,A;B;C;D;E;F;G;H;I;J;K;L,B,1,19,2,FALSE,NA,1,136,135,4795,68
1,A;B;C;D;E;F;G;H;I;J;K;L,I,1,20,2,FALSE,NA,1,136,135,4796,68
1,A;B;C;D;E;F;G;H;I;J;K;L,G,1,21,2,FALSE,NA,1,136,135,4797,68
1,A;B;C;D;E;F;G;H;I;J;K;L,L,1,22,2,FALSE,NA,1,136,135,4798,68
1,A;B;C;D;E;F;G;H;I;J;K;L,C,1,23,2,FALSE,NA,1,136,135,4799,68
1,A;B;C;D;E;F;G;H;I;J;K;L,D,1,24,2,FALSE,NA,1,136,135,4800,68
1,A;B;C;D;E;F;G;H;I;J;K;L,I,1,25,3,FALSE,NA,1,136,135,4801,68
1,A;B;C;D;E;F;G;H;I;J;K;L,D,1,26,3,FALSE,NA,1,136,135,4802,68
1,A;B;C;D;E;F;G;H;I;J;K;L,J,1,27,3,FALSE,NA,1,136,135,4803,68
1,A;B;C;D;E;F;G;H;I;J;K;L,C,1,28,3,FALSE,NA,1,136,135,4804,68
1,A;B;C;D;E;F;G;H;I;J;K;L,H,1,29,3,FALSE,NA,1,136,135,4805,68
1,A;B;C;D;E;F;G;H;I;J;K;L,E,1,30,3,FALSE,NA,1,136,135,4806,68
1,A;B;C;D;E;F;G;H;I;J;K;L,B,1,31,3,FALSE,NA,1,136,135,4807,68
1,A;B;C;D;E;F;G;H;I;J;K;L,A,1,32,3,FALSE,NA,1,136,135,4808,68
1,A;B;C;D;E;F;G;H;I;J;K;L,F,1,33,3,FALSE,NA,1,136,135,4809,68
1,A;B;C;D;E;F;G;H;I;J;K;L,G,1,34,3,FALSE,NA,1,136,135,4810,68
1,A;B;C;D;E;F;G;H;I;J;K;L,K,1,35,3,FALSE,NA,1,136,135,4811,68
1,A;B;C;D;E;F;G;H;I;J;K;L,L,1,36,3,FALSE,NA,1,136,135,4812,68
1,A;B;C;D;E;F;G;H;I;J;K;L,L,1,37,4,FALSE,NA,1,136,135,4813,68
1,A;B;C;D;E;F;G;H;I;J;K;L,K,1,38,4,FALSE,NA,1,136,135,4814,68
1,A;B;C;D;E;F;G;H;I;J;K;L,B,1,39,4,FALSE,NA,1,136,135,4815,68
1,A;B;C;D;E;F;G;H;I;J;K;L,D,1,40,4,FALSE,NA,1,136,135,4816,68
1,A;B;C;D;E;F;G;H;I;J;K;L,A,1,41,4,FALSE,NA,1,136,135,4817,68
1,A;B;C;D;E;F;G;H;I;J;K;L,H,1,42,4,FALSE,NA,1,136,135,4818,68
1,A;B;C;D;E;F;G;H;I;J;K;L,I,1,43,4,FALSE,NA,1,136,135,4819,68
1,A;B;C;D;E;F;G;H;I;J;K;L,C,1,44,4,FALSE,NA,1,136,135,4820,68
1,A;B;C;D;E;F;G;H;I;J;K;L,J,1,45,4,FALSE,NA,1,136,135,4821,68
1,A;B;C;D;E;F;G;H;I;J;K;L,G,1,46,4,FALSE,NA,1,136,135,4822,68
1,A;B;C;D;E;F;G;H;I;J;K;L,E,1,47,4,FALSE,NA,1,136,135,4823,68
1,A;B;C;D;E;F;G;H;I;J;K;L,F,1,48,4,FALSE,NA,1,136,135,4824,68
1,A;B;C;D;E;F;G;H;I;J;K;L,I,1,49,5,FALSE,NA,1,136,135,4825,68
1,A;B;C;D;E;F;G;H;I;J;K;L,B,1,50,5,FALSE,NA,1,136,135,4826,68
1,A;B;C;D;E;F;G;H;I;J;K;L,H,1,51,5,FALSE,NA,1,136,135,4827,68
1,A;B;C;D;E;F;G;H;I;J;K;L,A,1,52,5,FALSE,NA,1,136,135,4828,68
1,A;B;C;D;E;F;G;H;I;J;K;L,J,1,53,5,FALSE,NA,1,136,135,4829,68
1,A;B;C;D;E;F;G;H;I;J;K;L,L,1,54,5,FALSE,NA,1,136,135,4830,68
1,A;B;C;D;E;F;G;H;I;J;K;L,F,1,55,5,FALSE,NA,1,136,135,4831,68
1,A;B;C;D;E;F;G;H;I;J;K;L,K,1,56,5,FALSE,NA,1,136,135,4832,68
1,A;B;C;D;E;F;G;H;I;J;K;L,D,1,57,5,FALSE,NA,1,136,135,4833,68
1,A;B;C;D;E;F;G;H;I;J;K;L,C,1,58,5,FALSE,NA,1,136,135,4834,68
1,A;B;C;D;E;F;G;H;I;J;K;L,E,1,59,5,FALSE,NA,1,136,135,4835,68
1,A;B;C;D;E;F;G;H;I;J;K;L,G,1,60,5,FALSE,NA,1,136,135,4836,68
1,A;B;C;D;E;F;G;H;I;J;K;L,B,1,61,6,FALSE,NA,1,136,135,4837,68
1,A;B;C;D;E;F;G;H;I;J;K;L,F,1,62,6,FALSE,NA,1,136,135,4838,68
1,A;B;C;D;E;F;G;H;I;J;K;L,C,1,63,6,FALSE,NA,1,136,135,4839,68
1,A;B;C;D;E;F;G;H;I;J;K;L,I,1,64,6,FALSE,NA,1,136,135,4840,68
1,A;B;C;D;E;F;G;H;I;J;K;L,D,1,65,6,FALSE,NA,1,136,135,4841,68
1,A;B;C;D;E;F;G;H;I;J;K;L,G,1,66,6,FALSE,NA,1,136,135,4842,68
1,A;B;C;D;E;F;G;H;I;J;K;L,K,1,67,6,FALSE,NA,1,136,135,4843,68
1,A;B;C;D;E;F;G;H;I;J;K;L,J,1,68,6,FALSE,NA,1,136,135,4844,68
1,A;B;C;D;E;F;G;H;I;J;K;L,L,1,69,6,FALSE,NA,1,136,135,4845,68
1,A;B;C;D;E;F;G;H;I;J;K;L,A,1,70,6,FALSE,NA,1,136,135,4846,68
1,A;B;C;D;E;F;G;H;I;J;K;L,E,1,71,6,FALSE,NA,1,136,135,4847,68
1,A;B;C;D;E;F;G;H;I;J;K;L,H,1,72,6,FALSE,NA,1,136,135,4848,68
1,A;B;C;D;E;F;G;H;I;J;K;L,D,1,1,1,FALSE,NA,1,138,137,4849,69
1,A;B;C;D;E;F;G;H;I;J;K;L,L,1,2,1,FALSE,NA,1,138,137,4850,69
1,A;B;C;D;E;F;G;H;I;J;K;L,F,1,3,1,FALSE,NA,1,138,137,4851,69
1,A;B;C;D;E;F;G;H;I;J;K;L,B,1,4,1,FALSE,NA,1,138,137,4852,69
1,A;B;C;D;E;F;G;H;I;J;K;L,K,1,5,1,FALSE,NA,1,138,137,4853,69
1,A;B;C;D;E;F;G;H;I;J;K;L,I,1,6,1,FALSE,NA,1,138,137,4854,69
1,A;B;C;D;E;F;G;H;I;J;K;L,C,1,7,1,FALSE,NA,1,138,137,4855,69
1,A;B;C;D;E;F;G;H;I;J;K;L,A,1,8,1,FALSE,NA,1,138,137,4856,69
1,A;B;C;D;E;F;G;H;I;J;K;L,H,1,9,1,FALSE,NA,1,138,137,4857,69
1,A;B;C;D;E;F;G;H;I;J;K;L,J,1,10,1,FALSE,NA,1,138,137,4858,69
1,A;B;C;D;E;F;G;H;I;J;K;L,G,1,11,1,FALSE,NA,1,138,137,4859,69
1,A;B;C;D;E;F;G;H;I;J;K;L,E,1,12,1,FALSE,NA,1,138,137,4860,69
1,A;B;C;D;E;F;G;H;I;J;K;L,K,1,13,2,FALSE,NA,1,138,137,4861,69
1,A;B;C;D;E;F;G;H;I;J;K;L,E,1,14,2,FALSE,NA,1,138,137,4862,69
1,A;B;C;D;E;F;G;H;I;J;K;L,C,1,15,2,FALSE,NA,1,138,137,4863,69
1,A;B;C;D;E;F;G;H;I;J;K;L,B,1,16,2,FALSE,NA,1,138,137,4864,69
1,A;B;C;D;E;F;G;H;I;J;K;L,F,1,17,2,FALSE,NA,1,138,137,4865,69
1,A;B;C;D;E;F;G;H;I;J;K;L,J,1,18,2,FALSE,NA,1,138,137,4866,69
1,A;B;C;D;E;F;G;H;I;J;K;L,L,1,19,2,FALSE,NA,1,138,137,4867,69
1,A;B;C;D;E;F;G;H;I;J;K;L,H,1,20,2,FALSE,NA,1,138,137,4868,69
1,A;B;C;D;E;F;G;H;I;J;K;L,G,1,21,2,FALSE,NA,1,138,137,4869,69
1,A;B;C;D;E;F;G;H;I;J;K;L,A,1,22,2,FALSE,NA,1,138,137,4870,69
1,A;B;C;D;E;F;G;H;I;J;K;L,I,1,23,2,FALSE,NA,1,138,137,4871,69
1,A;B;C;D;E;F;G;H;I;J;K;L,D,1,24,2,FALSE,NA,1,138,137,4872,69
1,A;B;C;D;E;F;G;H;I;J;K;L,H,1,25,3,FALSE,NA,1,138,137,4873,69
1,A;B;C;D;E;F;G;H;I;J;K;L,E,1,26,3,FALSE,NA,1,138,137,4874,69
1,A;B;C;D;E;F;G;H;I;J;K;L,F,1,27,3,FALSE,NA,1,138,137,4875,69
1,A;B;C;D;E;F;G;H;I;J;K;L,I,1,28,3,FALSE,NA,1,138,137,4876,69
1,A;B;C;D;E;F;G;H;I;J;K;L,D,1,29,3,FALSE,NA,1,138,137,4877,69
1,A;B;C;D;E;F;G;H;I;J;K;L,A,1,30,3,FALSE,NA,1,138,137,4878,69
1,A;B;C;D;E;F;G;H;I;J;K;L,C,1,31,3,FALSE,NA,1,138,137,4879,69
1,A;B;C;D;E;F;G;H;I;J;K;L,J,1,32,3,FALSE,NA,1,138,137,4880,69
1,A;B;C;D;E;F;G;H;I;J;K;L,K,1,33,3,FALSE,NA,1,138,137,4881,69
1,A;B;C;D;E;F;G;H;I;J;K;L,L,1,34,3,FALSE,NA,1,138,137,4882,69
1,A;B;C;D;E;F;G;H;I;J;K;L,G,1,35,3,FALSE,NA,1,138,137,4883,69
1,A;B;C;D;E;F;G;H;I;J;K;L,B,1,36,3,FALSE,NA,1,138,137,4884,69
1,A;B;C;D;E;F;G;H;I;J;K;L,A,1,37,4,FALSE,NA,1,138,137,4885,69
1,A;B;C;D;E;F;G;H;I;J;K;L,L,1,38,4,FALSE,NA,1,138,137,4886,69
1,A;B;C;D;E;F;G;H;I;J;K;L,D,1,39,4,FALSE,NA,1,138,137,4887,69
1,A;B;C;D;E;F;G;H;I;J;K;L,J,1,40,4,FALSE,NA,1,138,137,4888,69
1,A;B;C;D;E;F;G;H;I;J;K;L,I,1,41,4,FALSE,NA,1,138,137,4889,69
1,A;B;C;D;E;F;G;H;I;J;K;L,E,1,42,4,FALSE,NA,1,138,137,4890,69
1,A;B;C;D;E;F;G;H;I;J;K;L,B,1,43,4,FALSE,NA,1,138,137,4891,69
1,A;B;C;D;E;F;G;H;I;J;K;L,F,1,44,4,FALSE,NA,1,138,137,4892,69
1,A;B;C;D;E;F;G;H;I;J;K;L,H,1,45,4,FALSE,NA,1,138,137,4893,69
1,A;B;C;D;E;F;G;H;I;J;K;L,G,1,46,4,FALSE,NA,1,138,137,4894,69
1,A;B;C;D;E;F;G;H;I;J;K;L,K,1,47,4,FALSE,NA,1,138,137,4895,69
1,A;B;C;D;E;F;G;H;I;J;K;L,C,1,48,4,FALSE,NA,1,138,137,4896,69
1,A;B;C;D;E;F;G;H;I;J;K;L,D,1,49,5,FALSE,NA,1,138,137,4897,69
1,A;B;C;D;E;F;G;H;I;J;K;L,J,1,50,5,FALSE,NA,1,138,137,4898,69
1,A;B;C;D;E;F;G;H;I;J;K;L,L,1,51,5,FALSE,NA,1,138,137,4899,69
1,A;B;C;D;E;F;G;H;I;J;K;L,H,1,52,5,FALSE,NA,1,138,137,4900,69
1,A;B;C;D;E;F;G;H;I;J;K;L,A,1,53,5,FALSE,NA,1,138,137,4901,69
1,A;B;C;D;E;F;G;H;I;J;K;L,B,1,54,5,FALSE,NA,1,138,137,4902,69
1,A;B;C;D;E;F;G;H;I;J;K;L,G,1,55,5,FALSE,NA,1,138,137,4903,69
1,A;B;C;D;E;F;G;H;I;J;K;L,C,1,56,5,FALSE,NA,1,138,137,4904,69
1,A;B;C;D;E;F;G;H;I;J;K;L,K,1,57,5,FALSE,NA,1,138,137,4905,69
1,A;B;C;D;E;F;G;H;I;J;K;L,E,1,58,5,FALSE,NA,1,138,137,4906,69
1,A;B;C;D;E;F;G;H;I;J;K;L,F,1,59,5,FALSE,NA,1,138,137,4907,69
1,A;B;C;D;E;F;G;H;I;J;K;L,I,1,60,5,FALSE,NA,1,138,137,4908,69
1,A;B;C;D;E;F;G;H;I;J;K;L,L,1,61,6,FALSE,NA,1,138,137,4909,69
1,A;B;C;D;E;F;G;H;I;J;K;L,K,1,62,6,FALSE,NA,1,138,137,4910,69
1,A;B;C;D;E;F;G;H;I;J;K;L,E,1,63,6,FALSE,NA,1,138,137,4911,69
1,A;B;C;D;E;F;G;H;I;J;K;L,G,1,64,6,FALSE,NA,1,138,137,4912,69
1,A;B;C;D;E;F;G;H;I;J;K;L,H,1,65,6,FALSE,NA,1,138,137,4913,69
1,A;B;C;D;E;F;G;H;I;J;K;L,B,1,66,6,FALSE,NA,1,138,137,4914,69
1,A;B;C;D;E;F;G;H;I;J;K;L,C,1,67,6,FALSE,NA,1,138,137,4915,69
1,A;B;C;D;E;F;G;H;I;J;K;L,J,1,68,6,FALSE,NA,1,138,137,4916,69
1,A;B;C;D;E;F;G;H;I;J;K;L,A,1,69,6,FALSE,NA,1,138,137,4917,69
1,A;B;C;D;E;F;G;H;I;J;K;L,I,1,70,6,FALSE,NA,1,138,137,4918,69
1,A;B;C;D;E;F;G;H;I;J;K;L,F,1,71,6,FALSE,NA,1,138,137,4919,69
1,A;B;C;D;E;F;G;H;I;J;K;L,D,1,72,6,FALSE,NA,1,138,137,4920,69
1,A;B;C;D;E;F;G;H;I;J;K;L,C,1,1,1,TRUE,low accuracy game,1,140,139,4921,70
1,A;B;C;D;E;F;G;H;I;J;K;L,A,1,2,1,TRUE,low accuracy game,1,140,139,4922,70
1,A;B;C;D;E;F;G;H;I;J;K;L,E,1,3,1,TRUE,low accuracy game,1,140,139,4923,70
1,A;B;C;D;E;F;G;H;I;J;K;L,G,1,4,1,TRUE,low accuracy game,1,140,139,4924,70
1,A;B;C;D;E;F;G;H;I;J;K;L,L,1,5,1,TRUE,low accuracy game,1,140,139,4925,70
1,A;B;C;D;E;F;G;H;I;J;K;L,K,1,6,1,TRUE,low accuracy game,1,140,139,4926,70
1,A;B;C;D;E;F;G;H;I;J;K;L,B,1,7,1,TRUE,low accuracy game,1,140,139,4927,70
1,A;B;C;D;E;F;G;H;I;J;K;L,F,1,8,1,TRUE,low accuracy game,1,140,139,4928,70
1,A;B;C;D;E;F;G;H;I;J;K;L,D,1,9,1,TRUE,low accuracy game,1,140,139,4929,70
1,A;B;C;D;E;F;G;H;I;J;K;L,I,1,10,1,TRUE,low accuracy game,1,140,139,4930,70
1,A;B;C;D;E;F;G;H;I;J;K;L,H,1,11,1,TRUE,low accuracy game,1,140,139,4931,70
1,A;B;C;D;E;F;G;H;I;J;K;L,J,1,12,1,TRUE,low accuracy game,1,140,139,4932,70
1,A;B;C;D;E;F;G;H;I;J;K;L,F,1,13,2,TRUE,low accuracy game,1,140,139,4933,70
1,A;B;C;D;E;F;G;H;I;J;K;L,B,1,14,2,TRUE,low accuracy game,1,140,139,4934,70
1,A;B;C;D;E;F;G;H;I;J;K;L,D,1,15,2,TRUE,low accuracy game,1,140,139,4935,70
1,A;B;C;D;E;F;G;H;I;J;K;L,I,1,16,2,TRUE,low accuracy game,1,140,139,4936,70
1,A;B;C;D;E;F;G;H;I;J;K;L,K,1,17,2,TRUE,low accuracy game,1,140,139,4937,70
1,A;B;C;D;E;F;G;H;I;J;K;L,L,1,18,2,TRUE,low accuracy game,1,140,139,4938,70
1,A;B;C;D;E;F;G;H;I;J;K;L,J,1,19,2,TRUE,low accuracy game,1,140,139,4939,70
1,A;B;C;D;E;F;G;H;I;J;K;L,E,1,20,2,TRUE,low accuracy game,1,140,139,4940,70
1,A;B;C;D;E;F;G;H;I;J;K;L,A,1,21,2,TRUE,low accuracy game,1,140,139,4941,70
1,A;B;C;D;E;F;G;H;I;J;K;L,C,1,22,2,TRUE,low accuracy game,1,140,139,4942,70
1,A;B;C;D;E;F;G;H;I;J;K;L,G,1,23,2,TRUE,low accuracy game,1,140,139,4943,70
1,A;B;C;D;E;F;G;H;I;J;K;L,H,1,24,2,TRUE,low accuracy game,1,140,139,4944,70
1,A;B;C;D;E;F;G;H;I;J;K;L,K,1,25,3,TRUE,low accuracy game,1,140,139,4945,70
1,A;B;C;D;E;F;G;H;I;J;K;L,D,1,26,3,TRUE,low accuracy game,1,140,139,4946,70
1,A;B;C;D;E;F;G;H;I;J;K;L,C,1,27,3,TRUE,low accuracy game,1,140,139,4947,70
1,A;B;C;D;E;F;G;H;I;J;K;L,F,1,28,3,TRUE,low accuracy game,1,140,139,4948,70
1,A;B;C;D;E;F;G;H;I;J;K;L,I,1,29,3,TRUE,low accuracy game,1,140,139,4949,70
1,A;B;C;D;E;F;G;H;I;J;K;L,B,1,30,3,TRUE,low accuracy game,1,140,139,4950,70
1,A;B;C;D;E;F;G;H;I;J;K;L,J,1,31,3,TRUE,low accuracy game,1,140,139,4951,70
1,A;B;C;D;E;F;G;H;I;J;K;L,L,1,32,3,TRUE,low accuracy game,1,140,139,4952,70
1,A;B;C;D;E;F;G;H;I;J;K;L,H,1,33,3,TRUE,low accuracy game,1,140,139,4953,70
1,A;B;C;D;E;F;G;H;I;J;K;L,G,1,34,3,TRUE,low accuracy game,1,140,139,4954,70
1,A;B;C;D;E;F;G;H;I;J;K;L,E,1,35,3,TRUE,low accuracy game,1,140,139,4955,70
1,A;B;C;D;E;F;G;H;I;J;K;L,A,1,36,3,TRUE,low accuracy game,1,140,139,4956,70
1,A;B;C;D;E;F;G;H;I;J;K;L,H,1,37,4,TRUE,low accuracy game,1,140,139,4957,70
1,A;B;C;D;E;F;G;H;I;J;K;L,B,1,38,4,TRUE,low accuracy game,1,140,139,4958,70
1,A;B;C;D;E;F;G;H;I;J;K;L,E,1,39,4,TRUE,low accuracy game,1,140,139,4959,70
1,A;B;C;D;E;F;G;H;I;J;K;L,F,1,40,4,TRUE,low accuracy game,1,140,139,4960,70
1,A;B;C;D;E;F;G;H;I;J;K;L,I,1,41,4,TRUE,low accuracy game,1,140,139,4961,70
1,A;B;C;D;E;F;G;H;I;J;K;L,D,1,42,4,TRUE,low accuracy game,1,140,139,4962,70
1,A;B;C;D;E;F;G;H;I;J;K;L,J,1,43,4,TRUE,low accuracy game,1,140,139,4963,70
1,A;B;C;D;E;F;G;H;I;J;K;L,A,1,44,4,TRUE,low accuracy game,1,140,139,4964,70
1,A;B;C;D;E;F;G;H;I;J;K;L,G,1,45,4,TRUE,low accuracy game,1,140,139,4965,70
1,A;B;C;D;E;F;G;H;I;J;K;L,K,1,46,4,TRUE,low accuracy game,1,140,139,4966,70
1,A;B;C;D;E;F;G;H;I;J;K;L,C,1,47,4,TRUE,low accuracy game,1,140,139,4967,70
1,A;B;C;D;E;F;G;H;I;J;K;L,L,1,48,4,TRUE,low accuracy game,1,140,139,4968,70
1,A;B;C;D;E;F;G;H;I;J;K;L,D,1,49,5,TRUE,low accuracy game,1,140,139,4969,70
1,A;B;C;D;E;F;G;H;I;J;K;L,J,1,50,5,TRUE,low accuracy game,1,140,139,4970,70
1,A;B;C;D;E;F;G;H;I;J;K;L,E,1,51,5,TRUE,low accuracy game,1,140,139,4971,70
1,A;B;C;D;E;F;G;H;I;J;K;L,A,1,52,5,TRUE,low accuracy game,1,140,139,4972,70
1,A;B;C;D;E;F;G;H;I;J;K;L,B,1,53,5,TRUE,low accuracy game,1,140,139,4973,70
1,A;B;C;D;E;F;G;H;I;J;K;L,H,1,54,5,TRUE,low accuracy game,1,140,139,4974,70
1,A;B;C;D;E;F;G;H;I;J;K;L,K,1,55,5,TRUE,low accuracy game,1,140,139,4975,70
1,A;B;C;D;E;F;G;H;I;J;K;L,G,1,56,5,TRUE,low accuracy game,1,140,139,4976,70
1,A;B;C;D;E;F;G;H;I;J;K;L,F,1,57,5,TRUE,low accuracy game,1,140,139,4977,70
1,A;B;C;D;E;F;G;H;I;J;K;L,L,1,58,5,TRUE,low accuracy game,1,140,139,4978,70
1,A;B;C;D;E;F;G;H;I;J;K;L,I,1,59,5,TRUE,low accuracy game,1,140,139,4979,70
1,A;B;C;D;E;F;G;H;I;J;K;L,C,1,60,5,TRUE,low accuracy game,1,140,139,4980,70
1,A;B;C;D;E;F;G;H;I;J;K;L,A,1,61,6,TRUE,low accuracy game,1,140,139,4981,70
1,A;B;C;D;E;F;G;H;I;J;K;L,H,1,62,6,TRUE,low accuracy game,1,140,139,4982,70
1,A;B;C;D;E;F;G;H;I;J;K;L,I,1,63,6,TRUE,low accuracy game,1,140,139,4983,70
1,A;B;C;D;E;F;G;H;I;J;K;L,G,1,64,6,TRUE,low accuracy game,1,140,139,4984,70
1,A;B;C;D;E;F;G;H;I;J;K;L,C,1,65,6,TRUE,low accuracy game,1,140,139,4985,70
1,A;B;C;D;E;F;G;H;I;J;K;L,E,1,66,6,TRUE,low accuracy game,1,140,139,4986,70
1,A;B;C;D;E;F;G;H;I;J;K;L,B,1,67,6,TRUE,low accuracy game,1,140,139,4987,70
1,A;B;C;D;E;F;G;H;I;J;K;L,J,1,68,6,TRUE,low accuracy game,1,140,139,4988,70
1,A;B;C;D;E;F;G;H;I;J;K;L,K,1,69,6,TRUE,low accuracy game,1,140,139,4989,70
1,A;B;C;D;E;F;G;H;I;J;K;L,F,1,70,6,TRUE,low accuracy game,1,140,139,4990,70
1,A;B;C;D;E;F;G;H;I;J;K;L,D,1,71,6,TRUE,low accuracy game,1,140,139,4991,70
1,A;B;C;D;E;F;G;H;I;J;K;L,L,1,72,6,TRUE,low accuracy game,1,140,139,4992,70
1,A;B;C;D;E;F;G;H;I;J;K;L,K,1,1,1,FALSE,NA,1,142,141,4993,71
1,A;B;C;D;E;F;G;H;I;J;K;L,F,1,2,1,FALSE,NA,1,142,141,4994,71
1,A;B;C;D;E;F;G;H;I;J;K;L,D,1,3,1,FALSE,NA,1,142,141,4995,71
1,A;B;C;D;E;F;G;H;I;J;K;L,J,1,4,1,FALSE,NA,1,142,141,4996,71
1,A;B;C;D;E;F;G;H;I;J;K;L,B,1,5,1,FALSE,NA,1,142,141,4997,71
1,A;B;C;D;E;F;G;H;I;J;K;L,E,1,6,1,FALSE,NA,1,142,141,4998,71
1,A;B;C;D;E;F;G;H;I;J;K;L,L,1,7,1,FALSE,NA,1,142,141,4999,71
1,A;B;C;D;E;F;G;H;I;J;K;L,I,1,8,1,FALSE,NA,1,142,141,5000,71
1,A;B;C;D;E;F;G;H;I;J;K;L,H,1,9,1,FALSE,NA,1,142,141,5001,71
1,A;B;C;D;E;F;G;H;I;J;K;L,A,1,10,1,FALSE,NA,1,142,141,5002,71
1,A;B;C;D;E;F;G;H;I;J;K;L,G,1,11,1,FALSE,NA,1,142,141,5003,71
1,A;B;C;D;E;F;G;H;I;J;K;L,C,1,12,1,FALSE,NA,1,142,141,5004,71
1,A;B;C;D;E;F;G;H;I;J;K;L,G,1,13,2,FALSE,NA,1,142,141,5005,71
1,A;B;C;D;E;F;G;H;I;J;K;L,K,1,14,2,FALSE,NA,1,142,141,5006,71
1,A;B;C;D;E;F;G;H;I;J;K;L,B,1,15,2,FALSE,NA,1,142,141,5007,71
1,A;B;C;D;E;F;G;H;I;J;K;L,D,1,16,2,FALSE,NA,1,142,141,5008,71
1,A;B;C;D;E;F;G;H;I;J;K;L,J,1,17,2,FALSE,NA,1,142,141,5009,71
1,A;B;C;D;E;F;G;H;I;J;K;L,E,1,18,2,FALSE,NA,1,142,141,5010,71
1,A;B;C;D;E;F;G;H;I;J;K;L,I,1,19,2,FALSE,NA,1,142,141,5011,71
1,A;B;C;D;E;F;G;H;I;J;K;L,A,1,20,2,FALSE,NA,1,142,141,5012,71
1,A;B;C;D;E;F;G;H;I;J;K;L,F,1,21,2,FALSE,NA,1,142,141,5013,71
1,A;B;C;D;E;F;G;H;I;J;K;L,H,1,22,2,FALSE,NA,1,142,141,5014,71
1,A;B;C;D;E;F;G;H;I;J;K;L,L,1,23,2,FALSE,NA,1,142,141,5015,71
1,A;B;C;D;E;F;G;H;I;J;K;L,C,1,24,2,FALSE,NA,1,142,141,5016,71
1,A;B;C;D;E;F;G;H;I;J;K;L,K,1,25,3,FALSE,NA,1,142,141,5017,71
1,A;B;C;D;E;F;G;H;I;J;K;L,I,1,26,3,FALSE,NA,1,142,141,5018,71
1,A;B;C;D;E;F;G;H;I;J;K;L,G,1,27,3,FALSE,NA,1,142,141,5019,71
1,A;B;C;D;E;F;G;H;I;J;K;L,H,1,28,3,FALSE,NA,1,142,141,5020,71
1,A;B;C;D;E;F;G;H;I;J;K;L,C,1,29,3,FALSE,NA,1,142,141,5021,71
1,A;B;C;D;E;F;G;H;I;J;K;L,A,1,30,3,FALSE,NA,1,142,141,5022,71
1,A;B;C;D;E;F;G;H;I;J;K;L,B,1,31,3,FALSE,NA,1,142,141,5023,71
1,A;B;C;D;E;F;G;H;I;J;K;L,J,1,32,3,FALSE,NA,1,142,141,5024,71
1,A;B;C;D;E;F;G;H;I;J;K;L,F,1,33,3,FALSE,NA,1,142,141,5025,71
1,A;B;C;D;E;F;G;H;I;J;K;L,E,1,34,3,FALSE,NA,1,142,141,5026,71
1,A;B;C;D;E;F;G;H;I;J;K;L,D,1,35,3,FALSE,NA,1,142,141,5027,71
1,A;B;C;D;E;F;G;H;I;J;K;L,L,1,36,3,FALSE,NA,1,142,141,5028,71
1,A;B;C;D;E;F;G;H;I;J;K;L,G,1,37,4,FALSE,NA,1,142,141,5029,71
1,A;B;C;D;E;F;G;H;I;J;K;L,I,1,38,4,FALSE,NA,1,142,141,5030,71
1,A;B;C;D;E;F;G;H;I;J;K;L,L,1,39,4,FALSE,NA,1,142,141,5031,71
1,A;B;C;D;E;F;G;H;I;J;K;L,B,1,40,4,FALSE,NA,1,142,141,5032,71
1,A;B;C;D;E;F;G;H;I;J;K;L,H,1,41,4,FALSE,NA,1,142,141,5033,71
1,A;B;C;D;E;F;G;H;I;J;K;L,K,1,42,4,FALSE,NA,1,142,141,5034,71
1,A;B;C;D;E;F;G;H;I;J;K;L,C,1,43,4,FALSE,NA,1,142,141,5035,71
1,A;B;C;D;E;F;G;H;I;J;K;L,J,1,44,4,FALSE,NA,1,142,141,5036,71
1,A;B;C;D;E;F;G;H;I;J;K;L,E,1,45,4,FALSE,NA,1,142,141,5037,71
1,A;B;C;D;E;F;G;H;I;J;K;L,F,1,46,4,FALSE,NA,1,142,141,5038,71
1,A;B;C;D;E;F;G;H;I;J;K;L,A,1,47,4,FALSE,NA,1,142,141,5039,71
1,A;B;C;D;E;F;G;H;I;J;K;L,D,1,48,4,FALSE,NA,1,142,141,5040,71
1,A;B;C;D;E;F;G;H;I;J;K;L,B,1,49,5,FALSE,NA,1,142,141,5041,71
1,A;B;C;D;E;F;G;H;I;J;K;L,D,1,50,5,FALSE,NA,1,142,141,5042,71
1,A;B;C;D;E;F;G;H;I;J;K;L,L,1,51,5,FALSE,NA,1,142,141,5043,71
1,A;B;C;D;E;F;G;H;I;J;K;L,F,1,52,5,FALSE,NA,1,142,141,5044,71
1,A;B;C;D;E;F;G;H;I;J;K;L,I,1,53,5,FALSE,NA,1,142,141,5045,71
1,A;B;C;D;E;F;G;H;I;J;K;L,H,1,54,5,FALSE,NA,1,142,141,5046,71
1,A;B;C;D;E;F;G;H;I;J;K;L,E,1,55,5,FALSE,NA,1,142,141,5047,71
1,A;B;C;D;E;F;G;H;I;J;K;L,C,1,56,5,FALSE,NA,1,142,141,5048,71
1,A;B;C;D;E;F;G;H;I;J;K;L,K,1,57,5,FALSE,NA,1,142,141,5049,71
1,A;B;C;D;E;F;G;H;I;J;K;L,A,1,58,5,FALSE,NA,1,142,141,5050,71
1,A;B;C;D;E;F;G;H;I;J;K;L,G,1,59,5,FALSE,NA,1,142,141,5051,71
1,A;B;C;D;E;F;G;H;I;J;K;L,J,1,60,5,FALSE,NA,1,142,141,5052,71
1,A;B;C;D;E;F;G;H;I;J;K;L,D,1,61,6,FALSE,NA,1,142,141,5053,71
1,A;B;C;D;E;F;G;H;I;J;K;L,E,1,62,6,FALSE,NA,1,142,141,5054,71
1,A;B;C;D;E;F;G;H;I;J;K;L,B,1,63,6,FALSE,NA,1,142,141,5055,71
1,A;B;C;D;E;F;G;H;I;J;K;L,H,1,64,6,FALSE,NA,1,142,141,5056,71
1,A;B;C;D;E;F;G;H;I;J;K;L,F,1,65,6,FALSE,NA,1,142,141,5057,71
1,A;B;C;D;E;F;G;H;I;J;K;L,J,1,66,6,FALSE,NA,1,142,141,5058,71
1,A;B;C;D;E;F;G;H;I;J;K;L,C,1,67,6,FALSE,NA,1,142,141,5059,71
1,A;B;C;D;E;F;G;H;I;J;K;L,G,1,68,6,FALSE,NA,1,142,141,5060,71
1,A;B;C;D;E;F;G;H;I;J;K;L,I,1,69,6,FALSE,NA,1,142,141,5061,71
1,A;B;C;D;E;F;G;H;I;J;K;L,K,1,70,6,FALSE,NA,1,142,141,5062,71
1,A;B;C;D;E;F;G;H;I;J;K;L,A,1,71,6,FALSE,NA,1,142,141,5063,71
1,A;B;C;D;E;F;G;H;I;J;K;L,L,1,72,6,FALSE,NA,1,142,141,5064,71
1,A;B;C;D;E;F;G;H;I;J;K;L,L,1,1,1,FALSE,NA,1,144,143,5065,72
1,A;B;C;D;E;F;G;H;I;J;K;L,A,1,2,1,FALSE,NA,1,144,143,5066,72
1,A;B;C;D;E;F;G;H;I;J;K;L,I,1,3,1,FALSE,NA,1,144,143,5067,72
1,A;B;C;D;E;F;G;H;I;J;K;L,H,1,4,1,FALSE,NA,1,144,143,5068,72
1,A;B;C;D;E;F;G;H;I;J;K;L,B,1,5,1,FALSE,NA,1,144,143,5069,72
1,A;B;C;D;E;F;G;H;I;J;K;L,F,1,6,1,FALSE,NA,1,144,143,5070,72
1,A;B;C;D;E;F;G;H;I;J;K;L,C,1,7,1,FALSE,NA,1,144,143,5071,72
1,A;B;C;D;E;F;G;H;I;J;K;L,K,1,8,1,FALSE,NA,1,144,143,5072,72
1,A;B;C;D;E;F;G;H;I;J;K;L,D,1,9,1,FALSE,NA,1,144,143,5073,72
1,A;B;C;D;E;F;G;H;I;J;K;L,J,1,10,1,FALSE,NA,1,144,143,5074,72
1,A;B;C;D;E;F;G;H;I;J;K;L,G,1,11,1,FALSE,NA,1,144,143,5075,72
1,A;B;C;D;E;F;G;H;I;J;K;L,E,1,12,1,FALSE,NA,1,144,143,5076,72
1,A;B;C;D;E;F;G;H;I;J;K;L,H,1,13,2,FALSE,NA,1,144,143,5077,72
1,A;B;C;D;E;F;G;H;I;J;K;L,D,1,14,2,FALSE,NA,1,144,143,5078,72
1,A;B;C;D;E;F;G;H;I;J;K;L,C,1,15,2,FALSE,NA,1,144,143,5079,72
1,A;B;C;D;E;F;G;H;I;J;K;L,I,1,16,2,FALSE,NA,1,144,143,5080,72
1,A;B;C;D;E;F;G;H;I;J;K;L,F,1,17,2,FALSE,NA,1,144,143,5081,72
1,A;B;C;D;E;F;G;H;I;J;K;L,K,1,18,2,FALSE,NA,1,144,143,5082,72
1,A;B;C;D;E;F;G;H;I;J;K;L,J,1,19,2,FALSE,NA,1,144,143,5083,72
1,A;B;C;D;E;F;G;H;I;J;K;L,L,1,20,2,FALSE,NA,1,144,143,5084,72
1,A;B;C;D;E;F;G;H;I;J;K;L,G,1,21,2,FALSE,NA,1,144,143,5085,72
1,A;B;C;D;E;F;G;H;I;J;K;L,B,1,22,2,FALSE,NA,1,144,143,5086,72
1,A;B;C;D;E;F;G;H;I;J;K;L,E,1,23,2,FALSE,NA,1,144,143,5087,72
1,A;B;C;D;E;F;G;H;I;J;K;L,A,1,24,2,FALSE,NA,1,144,143,5088,72
1,A;B;C;D;E;F;G;H;I;J;K;L,H,1,25,3,FALSE,NA,1,144,143,5089,72
1,A;B;C;D;E;F;G;H;I;J;K;L,G,1,26,3,FALSE,NA,1,144,143,5090,72
1,A;B;C;D;E;F;G;H;I;J;K;L,B,1,27,3,FALSE,NA,1,144,143,5091,72
1,A;B;C;D;E;F;G;H;I;J;K;L,I,1,28,3,FALSE,NA,1,144,143,5092,72
1,A;B;C;D;E;F;G;H;I;J;K;L,C,1,29,3,FALSE,NA,1,144,143,5093,72
1,A;B;C;D;E;F;G;H;I;J;K;L,J,1,30,3,FALSE,NA,1,144,143,5094,72
1,A;B;C;D;E;F;G;H;I;J;K;L,D,1,31,3,FALSE,NA,1,144,143,5095,72
1,A;B;C;D;E;F;G;H;I;J;K;L,A,1,32,3,FALSE,NA,1,144,143,5096,72
1,A;B;C;D;E;F;G;H;I;J;K;L,K,1,33,3,FALSE,NA,1,144,143,5097,72
1,A;B;C;D;E;F;G;H;I;J;K;L,E,1,34,3,FALSE,NA,1,144,143,5098,72
1,A;B;C;D;E;F;G;H;I;J;K;L,L,1,35,3,FALSE,NA,1,144,143,5099,72
1,A;B;C;D;E;F;G;H;I;J;K;L,F,1,36,3,FALSE,NA,1,144,143,5100,72
1,A;B;C;D;E;F;G;H;I;J;K;L,H,1,37,4,FALSE,NA,1,144,143,5101,72
1,A;B;C;D;E;F;G;H;I;J;K;L,G,1,38,4,FALSE,NA,1,144,143,5102,72
1,A;B;C;D;E;F;G;H;I;J;K;L,L,1,39,4,FALSE,NA,1,144,143,5103,72
1,A;B;C;D;E;F;G;H;I;J;K;L,E,1,40,4,FALSE,NA,1,144,143,5104,72
1,A;B;C;D;E;F;G;H;I;J;K;L,D,1,41,4,FALSE,NA,1,144,143,5105,72
1,A;B;C;D;E;F;G;H;I;J;K;L,C,1,42,4,FALSE,NA,1,144,143,5106,72
1,A;B;C;D;E;F;G;H;I;J;K;L,B,1,43,4,FALSE,NA,1,144,143,5107,72
1,A;B;C;D;E;F;G;H;I;J;K;L,A,1,44,4,FALSE,NA,1,144,143,5108,72
1,A;B;C;D;E;F;G;H;I;J;K;L,K,1,45,4,FALSE,NA,1,144,143,5109,72
1,A;B;C;D;E;F;G;H;I;J;K;L,I,1,46,4,FALSE,NA,1,144,143,5110,72
1,A;B;C;D;E;F;G;H;I;J;K;L,J,1,47,4,FALSE,NA,1,144,143,5111,72
1,A;B;C;D;E;F;G;H;I;J;K;L,F,1,48,4,FALSE,NA,1,144,143,5112,72
1,A;B;C;D;E;F;G;H;I;J;K;L,B,1,49,5,FALSE,NA,1,144,143,5113,72
1,A;B;C;D;E;F;G;H;I;J;K;L,G,1,50,5,FALSE,NA,1,144,143,5114,72
1,A;B;C;D;E;F;G;H;I;J;K;L,H,1,51,5,FALSE,NA,1,144,143,5115,72
1,A;B;C;D;E;F;G;H;I;J;K;L,E,1,52,5,FALSE,NA,1,144,143,5116,72
1,A;B;C;D;E;F;G;H;I;J;K;L,D,1,53,5,FALSE,NA,1,144,143,5117,72
1,A;B;C;D;E;F;G;H;I;J;K;L,J,1,54,5,FALSE,NA,1,144,143,5118,72
1,A;B;C;D;E;F;G;H;I;J;K;L,L,1,55,5,FALSE,NA,1,144,143,5119,72
1,A;B;C;D;E;F;G;H;I;J;K;L,I,1,56,5,FALSE,NA,1,144,143,5120,72
1,A;B;C;D;E;F;G;H;I;J;K;L,K,1,57,5,FALSE,NA,1,144,143,5121,72
1,A;B;C;D;E;F;G;H;I;J;K;L,C,1,58,5,FALSE,NA,1,144,143,5122,72
1,A;B;C;D;E;F;G;H;I;J;K;L,F,1,59,5,FALSE,NA,1,144,143,5123,72
1,A;B;C;D;E;F;G;H;I;J;K;L,A,1,60,5,FALSE,NA,1,144,143,5124,72
1,A;B;C;D;E;F;G;H;I;J;K;L,D,1,61,6,FALSE,NA,1,144,143,5125,72
1,A;B;C;D;E;F;G;H;I;J;K;L,G,1,62,6,FALSE,NA,1,144,143,5126,72
1,A;B;C;D;E;F;G;H;I;J;K;L,K,1,63,6,FALSE,NA,1,144,143,5127,72
1,A;B;C;D;E;F;G;H;I;J;K;L,B,1,64,6,FALSE,NA,1,144,143,5128,72
1,A;B;C;D;E;F;G;H;I;J;K;L,A,1,65,6,FALSE,NA,1,144,143,5129,72
1,A;B;C;D;E;F;G;H;I;J;K;L,H,1,66,6,FALSE,NA,1,144,143,5130,72
1,A;B;C;D;E;F;G;H;I;J;K;L,I,1,67,6,FALSE,NA,1,144,143,5131,72
1,A;B;C;D;E;F;G;H;I;J;K;L,F,1,68,6,FALSE,NA,1,144,143,5132,72
1,A;B;C;D;E;F;G;H;I;J;K;L,E,1,69,6,FALSE,NA,1,144,143,5133,72
1,A;B;C;D;E;F;G;H;I;J;K;L,J,1,70,6,FALSE,NA,1,144,143,5134,72
1,A;B;C;D;E;F;G;H;I;J;K;L,L,1,71,6,FALSE,NA,1,144,143,5135,72
1,A;B;C;D;E;F;G;H;I;J;K;L,C,1,72,6,FALSE,NA,1,144,143,5136,72
1,A;B;C;D;E;F;G;H;I;J;K;L,F,1,1,1,FALSE,NA,1,146,145,5137,73
1,A;B;C;D;E;F;G;H;I;J;K;L,B,1,2,1,FALSE,NA,1,146,145,5138,73
1,A;B;C;D;E;F;G;H;I;J;K;L,K,1,3,1,FALSE,NA,1,146,145,5139,73
1,A;B;C;D;E;F;G;H;I;J;K;L,G,1,4,1,FALSE,NA,1,146,145,5140,73
1,A;B;C;D;E;F;G;H;I;J;K;L,H,1,5,1,FALSE,NA,1,146,145,5141,73
1,A;B;C;D;E;F;G;H;I;J;K;L,L,1,6,1,FALSE,NA,1,146,145,5142,73
1,A;B;C;D;E;F;G;H;I;J;K;L,I,1,7,1,FALSE,NA,1,146,145,5143,73
1,A;B;C;D;E;F;G;H;I;J;K;L,C,1,8,1,FALSE,NA,1,146,145,5144,73
1,A;B;C;D;E;F;G;H;I;J;K;L,D,1,9,1,FALSE,NA,1,146,145,5145,73
1,A;B;C;D;E;F;G;H;I;J;K;L,A,1,10,1,FALSE,NA,1,146,145,5146,73
1,A;B;C;D;E;F;G;H;I;J;K;L,E,1,11,1,FALSE,NA,1,146,145,5147,73
1,A;B;C;D;E;F;G;H;I;J;K;L,J,1,12,1,FALSE,NA,1,146,145,5148,73
1,A;B;C;D;E;F;G;H;I;J;K;L,L,1,13,2,FALSE,NA,1,146,145,5149,73
1,A;B;C;D;E;F;G;H;I;J;K;L,F,1,14,2,FALSE,NA,1,146,145,5150,73
1,A;B;C;D;E;F;G;H;I;J;K;L,A,1,15,2,FALSE,NA,1,146,145,5151,73
1,A;B;C;D;E;F;G;H;I;J;K;L,K,1,16,2,FALSE,NA,1,146,145,5152,73
1,A;B;C;D;E;F;G;H;I;J;K;L,J,1,17,2,FALSE,NA,1,146,145,5153,73
1,A;B;C;D;E;F;G;H;I;J;K;L,G,1,18,2,FALSE,NA,1,146,145,5154,73
1,A;B;C;D;E;F;G;H;I;J;K;L,E,1,19,2,FALSE,NA,1,146,145,5155,73
1,A;B;C;D;E;F;G;H;I;J;K;L,I,1,20,2,FALSE,NA,1,146,145,5156,73
1,A;B;C;D;E;F;G;H;I;J;K;L,C,1,21,2,FALSE,NA,1,146,145,5157,73
1,A;B;C;D;E;F;G;H;I;J;K;L,D,1,22,2,FALSE,NA,1,146,145,5158,73
1,A;B;C;D;E;F;G;H;I;J;K;L,B,1,23,2,FALSE,NA,1,146,145,5159,73
1,A;B;C;D;E;F;G;H;I;J;K;L,H,1,24,2,FALSE,NA,1,146,145,5160,73
1,A;B;C;D;E;F;G;H;I;J;K;L,H,1,25,3,FALSE,NA,1,146,145,5161,73
1,A;B;C;D;E;F;G;H;I;J;K;L,I,1,26,3,FALSE,NA,1,146,145,5162,73
1,A;B;C;D;E;F;G;H;I;J;K;L,G,1,27,3,FALSE,NA,1,146,145,5163,73
1,A;B;C;D;E;F;G;H;I;J;K;L,C,1,28,3,FALSE,NA,1,146,145,5164,73
1,A;B;C;D;E;F;G;H;I;J;K;L,F,1,29,3,FALSE,NA,1,146,145,5165,73
1,A;B;C;D;E;F;G;H;I;J;K;L,L,1,30,3,FALSE,NA,1,146,145,5166,73
1,A;B;C;D;E;F;G;H;I;J;K;L,E,1,31,3,FALSE,NA,1,146,145,5167,73
1,A;B;C;D;E;F;G;H;I;J;K;L,D,1,32,3,FALSE,NA,1,146,145,5168,73
1,A;B;C;D;E;F;G;H;I;J;K;L,B,1,33,3,FALSE,NA,1,146,145,5169,73
1,A;B;C;D;E;F;G;H;I;J;K;L,A,1,34,3,FALSE,NA,1,146,145,5170,73
1,A;B;C;D;E;F;G;H;I;J;K;L,K,1,35,3,FALSE,NA,1,146,145,5171,73
1,A;B;C;D;E;F;G;H;I;J;K;L,J,1,36,3,FALSE,NA,1,146,145,5172,73
1,A;B;C;D;E;F;G;H;I;J;K;L,C,1,37,4,FALSE,NA,1,146,145,5173,73
1,A;B;C;D;E;F;G;H;I;J;K;L,H,1,38,4,FALSE,NA,1,146,145,5174,73
1,A;B;C;D;E;F;G;H;I;J;K;L,A,1,39,4,FALSE,NA,1,146,145,5175,73
1,A;B;C;D;E;F;G;H;I;J;K;L,D,1,40,4,FALSE,NA,1,146,145,5176,73
1,A;B;C;D;E;F;G;H;I;J;K;L,B,1,41,4,FALSE,NA,1,146,145,5177,73
1,A;B;C;D;E;F;G;H;I;J;K;L,I,1,42,4,FALSE,NA,1,146,145,5178,73
1,A;B;C;D;E;F;G;H;I;J;K;L,G,1,43,4,FALSE,NA,1,146,145,5179,73
1,A;B;C;D;E;F;G;H;I;J;K;L,J,1,44,4,FALSE,NA,1,146,145,5180,73
1,A;B;C;D;E;F;G;H;I;J;K;L,L,1,45,4,FALSE,NA,1,146,145,5181,73
1,A;B;C;D;E;F;G;H;I;J;K;L,E,1,46,4,FALSE,NA,1,146,145,5182,73
1,A;B;C;D;E;F;G;H;I;J;K;L,F,1,47,4,FALSE,NA,1,146,145,5183,73
1,A;B;C;D;E;F;G;H;I;J;K;L,K,1,48,4,FALSE,NA,1,146,145,5184,73
1,A;B;C;D;E;F;G;H;I;J;K;L,G,1,49,5,FALSE,NA,1,146,145,5185,73
1,A;B;C;D;E;F;G;H;I;J;K;L,H,1,50,5,FALSE,NA,1,146,145,5186,73
1,A;B;C;D;E;F;G;H;I;J;K;L,L,1,51,5,FALSE,NA,1,146,145,5187,73
1,A;B;C;D;E;F;G;H;I;J;K;L,I,1,52,5,FALSE,NA,1,146,145,5188,73
1,A;B;C;D;E;F;G;H;I;J;K;L,E,1,53,5,FALSE,NA,1,146,145,5189,73
1,A;B;C;D;E;F;G;H;I;J;K;L,A,1,54,5,FALSE,NA,1,146,145,5190,73
1,A;B;C;D;E;F;G;H;I;J;K;L,C,1,55,5,FALSE,NA,1,146,145,5191,73
1,A;B;C;D;E;F;G;H;I;J;K;L,B,1,56,5,FALSE,NA,1,146,145,5192,73
1,A;B;C;D;E;F;G;H;I;J;K;L,D,1,57,5,FALSE,NA,1,146,145,5193,73
1,A;B;C;D;E;F;G;H;I;J;K;L,J,1,58,5,FALSE,NA,1,146,145,5194,73
1,A;B;C;D;E;F;G;H;I;J;K;L,K,1,59,5,FALSE,NA,1,146,145,5195,73
1,A;B;C;D;E;F;G;H;I;J;K;L,F,1,60,5,FALSE,NA,1,146,145,5196,73
1,A;B;C;D;E;F;G;H;I;J;K;L,L,1,61,6,FALSE,NA,1,146,145,5197,73
1,A;B;C;D;E;F;G;H;I;J;K;L,F,1,62,6,FALSE,NA,1,146,145,5198,73
1,A;B;C;D;E;F;G;H;I;J;K;L,J,1,63,6,FALSE,NA,1,146,145,5199,73
1,A;B;C;D;E;F;G;H;I;J;K;L,H,1,64,6,FALSE,NA,1,146,145,5200,73
1,A;B;C;D;E;F;G;H;I;J;K;L,C,1,65,6,FALSE,NA,1,146,145,5201,73
1,A;B;C;D;E;F;G;H;I;J;K;L,I,1,66,6,FALSE,NA,1,146,145,5202,73
1,A;B;C;D;E;F;G;H;I;J;K;L,K,1,67,6,FALSE,NA,1,146,145,5203,73
1,A;B;C;D;E;F;G;H;I;J;K;L,G,1,68,6,FALSE,NA,1,146,145,5204,73
1,A;B;C;D;E;F;G;H;I;J;K;L,B,1,69,6,FALSE,NA,1,146,145,5205,73
1,A;B;C;D;E;F;G;H;I;J;K;L,E,1,70,6,FALSE,NA,1,146,145,5206,73
1,A;B;C;D;E;F;G;H;I;J;K;L,A,1,71,6,FALSE,NA,1,146,145,5207,73
1,A;B;C;D;E;F;G;H;I;J;K;L,D,1,72,6,FALSE,NA,1,146,145,5208,73
