text,player_id,role,message_number,message_irrelevant,time_stamp,trial_id
"So this one is, it looks like a dude riding a, like an animal and the animal that the animal is facing to the left and the person's head is a square.",2,describer,1,FALSE,NA,1
and the the tail of the animal okay this one looks kind of like a bunny rabbit like two triangles on the top of his head and it's like the guy the bunny rabbit is like the bunny rabbit's body is a triangle,2,describer,2,FALSE,NA,1
"Okay, this one looks like a priest who has his hands out pointed to the left.",2,describer,1,FALSE,NA,2
His head is a square.,2,describer,1,FALSE,NA,3
"Okay, this one is like a bulkier priest and his like a little stubby arm pointing to the right and it's a triangle.",2,describer,2,FALSE,NA,3
"And his head is a square, and the foot...",2,describer,1,FALSE,NA,4
"Okay, this one looks like an animal.",2,describer,2,FALSE,NA,4
"His head is a parallelogram, and it's pointing to the left.",2,describer,1,FALSE,NA,5
It has two legs.,2,describer,2,FALSE,NA,5
"Okay, this one...",2,describer,3,FALSE,NA,5
This one looks like an upside down Y.,2,describer,1,FALSE,NA,6
And the top is a square.,2,describer,2,FALSE,NA,6
The bottom...,2,describer,3,FALSE,NA,6
"Okay, this one... Looks like... Just like...",2,describer,1,TRUE,NA,7
uh an oval blob with a square on top and like a tiny thing jutting out on the bottom right side um like looks like a like a like like the thick priest but like there's a little triangle,2,describer,2,TRUE,NA,7
"Okay, this one has a triangle for the base, but then at the bottom right corner of the triangle is another upside down triangle.",2,describer,1,FALSE,NA,8
And the top is a square.,2,describer,2,FALSE,NA,8
"And on the left and right side, there's like two more shapes jutting out.",2,describer,3,FALSE,NA,8
"Okay, this one looks like a scuba diver and the little flipper leg, the flipper feet are two triangles at the bottom and the scuba dive, yeah.",2,describer,1,FALSE,NA,9
"Okay, this one is like, it's very simple.",2,describer,1,FALSE,NA,10
It's just a parallelogram and then there's,2,describer,2,FALSE,NA,10
like a line coming down on the left side.,2,describer,3,FALSE,NA,10
"This one looks like, if you think of like a monk with like their robes, they're like, he's like standing and he's facing to the left and he's lifting one of his legs up.",2,describer,1,FALSE,NA,11
His head is a square.,2,describer,2,FALSE,NA,11
The feet are little triangles.,2,describer,3,FALSE,NA,11
"Another way to think of it is, oh, nice.",2,describer,4,FALSE,NA,11
"Okay, this one is just kind of like a line of shapes going from the top left to the bottom right.",2,describer,1,TRUE,NA,12
"It starts with like a triangle, then a trapezoid, then a parallelogram, and then a triangle.",2,describer,2,FALSE,NA,12
"This one reminds me of someone doing a handstand, like there's a square on the bottom.",2,describer,1,FALSE,NA,13
that I think is the head.,2,describer,2,FALSE,NA,13
And then the top is just a small triangle.,2,describer,3,FALSE,NA,13
"And then there's a big triangle at the bottom, at the very bottom.",2,describer,4,FALSE,NA,13
And the square is kind of like a quarter of the way up from the bottom of the picture.,2,describer,5,FALSE,NA,13
The top is like a tiny triangle.,2,describer,6,FALSE,NA,13
"Okay, this one reminds me of someone praying.",2,describer,1,FALSE,NA,14
The bottom is a parallelogram and they're kneeling towards the right.,2,describer,2,FALSE,NA,14
The bottom is a parallelogram.,2,describer,3,FALSE,NA,14
"Okay, this one is like a scorpion.",2,describer,1,FALSE,NA,15
It has like a square and then two triangle arms and a tail going down to the right.,2,describer,2,FALSE,NA,15
"The bottom right, like the tail part is a parallelogram.",2,describer,3,FALSE,NA,15
"And there's like, there's a triangle",2,describer,4,FALSE,NA,15
"at the top that has like two triangles next to it, kind of making three points, kind of like a crown.",2,describer,5,FALSE,NA,15
"This is someone sitting down, their feet are pointed towards the left and their head is tilted down a little bit.",2,describer,1,FALSE,NA,16
"Okay, this one is a rectangle slanted pointing from the top left to the bottom right.",2,describer,1,FALSE,NA,17
And then there's like shapes attached to it.,2,describer,2,FALSE,NA,17
So there's a triangle on like the bottom side.,2,describer,4,FALSE,NA,17
This one is a house and there's a rectangle on the right side sticking up.,2,describer,1,FALSE,NA,18
This one has a square on the top and then like two triangles pointed out from the sides,2,describer,1,FALSE,NA,19
but the triangle on the right is like detached from the main body and then the bottom is like a bunch of shapes.,2,describer,2,FALSE,NA,19
"Okay, this one looks like the animal from before, but its head is a triangle.",2,describer,1,FALSE,NA,20
And its front legs are bigger than the back legs.,2,describer,2,FALSE,NA,20
And it has a parallelogram tail.,2,describer,3,FALSE,NA,20
This one reminds me of an ostrich.,2,describer,1,FALSE,NA,21
"Its head is pointed to the right, and it has two triangle feet at the bottom.",2,describer,2,FALSE,NA,21
Looks like a swan or something.,2,describer,3,FALSE,NA,21
This one reminds me of a person dancing kind of.,2,describer,1,FALSE,NA,22
There's a rectangle at the base kind of going up and down.,2,describer,2,FALSE,NA,22
And then there's a triangle on the right.,2,describer,3,FALSE,NA,22
"And then on the left side of the rectangle is a square and two more triangles, like the person's arms.",2,describer,4,FALSE,NA,22
They're doing like a thingy.,2,describer,5,TRUE,NA,22
"This one is a symmetrical object, square on the top, looks like a spaceship on the bottom.",2,describer,1,FALSE,NA,23
"Okay, this one also symmetrical.",2,describer,1,FALSE,NA,24
This one is two diamonds on top of each other with a square on top.,2,describer,2,FALSE,NA,24
"Okay, this one is like the person praying.",2,describer,1,FALSE,NA,25
Oh.,1,matcher,2,TRUE,NA,25
Oops.,1,matcher,3,TRUE,NA,25
"Okay, this one, this one is, um, this one is a little complicated.",2,describer,1,FALSE,NA,26
There's a square on the top.,2,describer,2,FALSE,NA,26
Um.,2,describer,3,TRUE,NA,26
And then at the bottom there's a parallelogram on the right and then kind of like a hook shape on the left made by like a triangle and a rectangle.,2,describer,4,FALSE,NA,26
It reminds me of like a can opener at the bottom.,2,describer,5,FALSE,NA,26
"Okay, this is a house, but the rectangle is on the left side and there's an arrow at the top.",2,describer,1,FALSE,NA,27
"Okay, this one is there's a square at the top and then towards the right side and then a triangle on the left side upside down.",2,describer,1,FALSE,NA,28
And then there's like a big rectangle type thing slanted from the top right to the bottom left.,2,describer,2,FALSE,NA,28
"Okay, this one reminds me of a pillar or some type of tower.",2,describer,1,FALSE,NA,29
There's a rectangular base with like a triangle thing.,2,describer,2,FALSE,NA,29
"Oh, is that what it is?",1,matcher,3,FALSE,NA,29
"Hey, hey, hey, hey.",2,describer,4,TRUE,NA,29
This one is like a person with their arms up.,2,describer,1,FALSE,NA,30
"There's a triangle on the top and then two, the main body is a big parallelogram and they have their hands, their arms up.",2,describer,2,FALSE,NA,30
"Okay, this one looks like another person riding an animal.",2,describer,1,FALSE,NA,31
The animal is facing the left.,2,describer,2,FALSE,NA,31
The person has a square head.,2,describer,3,FALSE,NA,31
The animal has a triangle head and a triangle tail.,2,describer,4,FALSE,NA,31
"Okay, this one has a square at the top and then also a triangle at the top on the right side, which is kind of detached.",2,describer,1,FALSE,NA,32
and then on towards the middle on the right side there's another detached triangle and the bottom left is a parallelogram it's kind of a weird shape,2,describer,2,FALSE,NA,32
"Okay, this one reminds me of a totem pole.",2,describer,1,FALSE,NA,33
"It's just a pole and then two triangles stuck on the side, or two trapezoids stuck on the side.",2,describer,2,FALSE,NA,33
This one is someone diving down into water.,2,describer,1,FALSE,NA,34
"The top is two triangles, and then the",2,describer,2,FALSE,NA,34
bottom is like a square head and two arm-like things.,2,describer,3,FALSE,NA,34
"Okay, this is rectangle at the bottom and then skinny rectangle going up on the left with a triangle on top.",2,describer,1,FALSE,NA,35
"This one is just a symmetrical upside down trapezoid with two parallelograms on either side, kind of pointing inwards.",2,describer,1,FALSE,NA,36
"Hi, Tommy.",1,describer,1,TRUE,NA,37
"Okay, so it's like a horse, like, kneeling back.",1,describer,2,FALSE,NA,37
"Okay, a little diagram on the right.",1,describer,3,FALSE,NA,37
Bottom left corner.,1,describer,4,FALSE,NA,37
"The square is, like, in the middle up.",1,describer,5,FALSE,NA,37
"And then there's, like, two triangles separated that are, like, kneeling back.",1,describer,6,FALSE,NA,37
It's like a horse neighing.,1,describer,7,FALSE,NA,37
"Reigning, it's, like, on two hooves up in the air.",1,describer,8,FALSE,NA,37
"It's, like, two separate triangles.",1,describer,9,FALSE,NA,37
"One in the right- upper right corner, one in the lower right corner as well.",1,describer,10,FALSE,NA,37
"Trapezoid with a parallelogram of the body, with like, a rectangle going up.",1,describer,11,FALSE,NA,37
No... Oh no...,2,matcher,12,TRUE,NA,37
I'll do better.,2,matcher,13,TRUE,NA,37
"Okay, this is like a toilet.",1,describer,1,FALSE,NA,38
"Um, with like a square on the top, a diamond on the top.",1,describer,2,FALSE,NA,38
um like the seat is pointed to the left and there's like a little triangle like many triangles sticking out from the right side the base has like a rectangle with two triangles one small,1,describer,3,FALSE,NA,38
um this is someone trying to do the splits upside down why,1,describer,1,FALSE,NA,39
"This one's the, uh, let's say a music note.",1,describer,1,FALSE,NA,40
"Square on the bottom, like a big rectangle on the bottom, and then a pole going up with a triangle on the very top.",1,describer,2,FALSE,NA,40
House with a rectangle on the right.,1,describer,1,FALSE,NA,41
Long rectangle on the right.,1,describer,2,FALSE,NA,41
"Okay, person with his arms out for triangles with the one on the right is attached, but the one on the left is still attached.",1,describer,1,FALSE,NA,42
"Square head, like two triangles sticking out from the sides, one is attached, the one on the right is attached, the one on the left is still intact.",1,describer,2,FALSE,NA,42
"Okay, and then the other one is...",1,describer,3,FALSE,NA,42
This one is like a blob of person.,1,describer,1,FALSE,NA,43
It's a blob with a head.,1,describer,2,FALSE,NA,43
"With a square head, but the body's just one blob.",1,describer,3,FALSE,NA,43
"Like, one oval-y, oval-y blob.",1,describer,4,FALSE,NA,43
"But, like, not...",1,describer,5,TRUE,NA,43
"But, like, a triangle on the very right bottom.",1,describer,6,FALSE,NA,43
Yeah.,2,matcher,7,TRUE,NA,43
Okay.,1,describer,8,TRUE,NA,43
"This one is, it's like the blob like we saw just now, except now there's a triangle on the very top and the bottom.",1,describer,1,FALSE,NA,44
"Um, yeah.",2,matcher,2,TRUE,NA,44
"Uh, horse riding.",1,describer,1,FALSE,NA,45
Riding a horse.,1,describer,2,FALSE,NA,45
Or riding an animal.,1,describer,3,FALSE,NA,45
Spaceship.,1,describer,1,FALSE,NA,46
Triangle on the right and the left and then triangle going up with a connection to a diamond at the very top.,1,describer,2,FALSE,NA,46
Very symmetrical.,1,describer,3,FALSE,NA,46
Very pleasing to look at.,1,describer,4,FALSE,NA,46
Handstand.,1,describer,1,FALSE,NA,47
The two feet are like very small triangles at the very top.,1,describer,2,FALSE,NA,47
"Uh, someone on like one hand.",1,describer,3,FALSE,NA,47
One parallelogram of the hand.,1,describer,4,FALSE,NA,47
Scuba diver.,1,describer,1,FALSE,NA,48
Two tiny little triangle feet.,1,describer,2,FALSE,NA,48
"Um, Scorpion.",1,describer,1,FALSE,NA,49
The three triangles at the very top with the parallel logo.,1,describer,2,FALSE,NA,49
"Um, someone, like the priest praying, like not praying, the one that's like extending his hands out to like give, like, yeah.",1,describer,1,FALSE,NA,50
Ice skater.,1,describer,1,FALSE,NA,51
"Um, foot is on the, point to the left.",1,describer,2,FALSE,NA,51
"Foot is on the, yeah, one foot is up in the air and then they're like two arms or triangles point to the left.",1,describer,3,FALSE,NA,51
Yeah.,2,matcher,4,TRUE,NA,51
"Okay, this one is the trapezoid in the bottom and then parallelogram stuck towards the middle.",1,describer,1,FALSE,NA,52
It's sort of a really weird shape.,1,describer,1,FALSE,NA,53
"Triangle at the top, triangle at the top left corner, triangle at the top right bottom.",1,describer,2,FALSE,NA,53
"I mean, bottom right corner.",1,describer,3,FALSE,NA,53
"And then in the middle, they're like a trapezoid and a parallelogram.",1,describer,4,FALSE,NA,53
"Trapezoid on the top, parallelogram on the bottom right.",2,matcher,5,FALSE,NA,53
"Bottom right, parallelogram with a triangle.",1,describer,6,FALSE,NA,53
"Top left, trapezoid with a triangle.",1,describer,7,FALSE,NA,53
Goes from top left to bottom right.,1,describer,8,FALSE,NA,53
It's like a string of stinky little patterns.,1,describer,9,FALSE,NA,53
Top right.,2,matcher,10,FALSE,NA,53
There's nothing in top right or bottom left.,1,describer,11,FALSE,NA,53
Top left.,2,matcher,12,FALSE,NA,53
Yeah.,1,describer,13,TRUE,NA,53
"Okay, and then this dancer with a, like, with a",1,describer,1,FALSE,NA,54
triangle two triangles for feet uh one triangle is facing to the right one triangle facing down and then there's another triangle on the top that's like facing to the right with a trap yeah,1,describer,2,FALSE,NA,54
Right.,2,matcher,3,TRUE,NA,54
Yeah.,1,describer,4,TRUE,NA,54
"Okay, this is the weird string of, uh, shapes going from the...",2,describer,1,FALSE,NA,55
"Okay, priest with the arms open to the left.",2,describer,1,FALSE,NA,56
Uh...,1,matcher,2,TRUE,NA,56
Scorpion.,2,describer,1,FALSE,NA,57
Three points at the top.,2,describer,2,FALSE,NA,57
This one is upside down trapezoid.,2,describer,1,FALSE,NA,58
Two parallelograms.,2,describer,2,FALSE,NA,58
"Okay, this one is, the top is a square, and then the rest looks like a pillar, like the trapezoid base, a little thing sticking out on the right.",2,describer,1,FALSE,NA,3754
"The base is like a rectangle, and then the, it's like a, like,",2,describer,2,FALSE,NA,3754
"a triangle at the, or like, trapezoid shape at the bottom, and then upside down trapezoid halfway through, and then a little pointy triangle nub on the right.",2,describer,3,FALSE,NA,3754
Okay.,1,matcher,4,TRUE,NA,3754
I don't have time.,1,matcher,5,TRUE,NA,3754
"Ice skater, triangle, foot pointing out to the right, the two arms out.",2,describer,1,FALSE,NA,59
This one is like thick person with the two triangles pointing to the right with a square head.,2,describer,1,FALSE,NA,60
Like the foot is a triangle and then the arm is a triangle pointing to the right.,2,describer,2,FALSE,NA,60
House rectangle up on the right side.,2,describer,1,FALSE,NA,61
Person doing the splits.,2,describer,1,FALSE,NA,62
Square head.,2,describer,2,FALSE,NA,62
Trapezoid.,2,describer,3,FALSE,NA,62
This is a weird shape with the person with the arms and like the triangle on the right is not attached.,2,describer,1,FALSE,NA,63
And the triangle on the left is attached.,2,describer,2,FALSE,NA,63
Person riding a horse.,2,describer,1,FALSE,NA,64
"Oh, this is what you said the horse neighing was.",2,describer,1,FALSE,NA,65
The two triangles pointing to the right.,2,describer,2,FALSE,NA,65
um this is like the dancer what i said was a can opener at the bottom like two triangle legs,2,describer,1,FALSE,NA,66
uh scuba diver going up,2,describer,1,FALSE,NA,67
spaceship satisfying,2,describer,1,FALSE,NA,68
um this is the oval blob person with little triangles sticking out on the right bottom right,2,describer,1,FALSE,NA,69
"This is the rectangle face with the skinny rectangle on the left side, triangle on the top.",2,describer,1,FALSE,NA,70
"Handstand person, two triangles at the top.",2,describer,1,FALSE,NA,71
Good.,1,matcher,2,TRUE,NA,71
Yeah.,2,describer,3,TRUE,NA,71
Okay.,1,matcher,4,TRUE,NA,71
"Okay, it's a dancer with a can opener leg.",1,describer,1,FALSE,NA,72
It's the person blob with the triangle- one triangle facing to the right.,1,describer,1,FALSE,NA,73
Satisfying,1,describer,1,FALSE,NA,74
Right arm detached and left arm attached.,1,describer,1,FALSE,NA,75
"A big rectangle, little rectangle, and little triangle to the left.",1,describer,1,FALSE,NA,76
Music note.,1,describer,1,FALSE,NA,77
scuba diver.,1,describer,1,FALSE,NA,78
Ice skater.,1,describer,1,FALSE,NA,79
Maying.,1,describer,1,FALSE,NA,80
Horse maying.,1,describer,2,FALSE,NA,80
Splits.,1,describer,1,FALSE,NA,81
Upside down line.,1,describer,1,FALSE,NA,82
Handstand.,1,describer,2,FALSE,NA,82
house rectangle on the right,1,describer,1,FALSE,NA,83
a weird weird shape triangle on the top triangle on the bottom right as well top left to top bottom right weird shapes throughout trapozoid and the,1,describer,1,FALSE,NA,84
Yeah.,2,matcher,2,TRUE,NA,84
"Okay, the chunky dude with the two triangles facing to the right.",1,describer,1,FALSE,NA,85
"Priest, holding hands out.",1,describer,1,FALSE,NA,86
Then trapezoid upside down with parallelogram facing north.,1,describer,1,FALSE,NA,87
Bathroom.,1,describer,1,FALSE,NA,88
Toilet.,1,describer,2,FALSE,NA,88
With the... Yeah.,1,describer,3,TRUE,NA,88
Scorpion.,1,describer,1,FALSE,NA,89
Hey!,2,matcher,2,TRUE,NA,89
Nice.,2,matcher,3,TRUE,NA,89
Sounds good.,1,describer,4,TRUE,NA,89
Thank you,2,matcher,5,TRUE,NA,89
Horsey.,2,describer,1,FALSE,NA,90
Riding a horsey.,2,describer,2,FALSE,NA,90
Person riding a horsey.,2,describer,3,FALSE,NA,90
Patient.,2,describer,1,FALSE,NA,91
Handstand person.,2,describer,1,FALSE,NA,92
Two triangles on the top.,2,describer,2,FALSE,NA,92
Scorpion.,2,describer,1,FALSE,NA,93
Toilet.,2,describer,1,FALSE,NA,94
Upside down trapezoid.,2,describer,1,FALSE,NA,95
Two parallelograms.,2,describer,2,FALSE,NA,95
Ice skater.,2,describer,1,FALSE,NA,96
Triangle of right.,2,describer,1,FALSE,NA,97
Weird shape.,2,describer,2,FALSE,NA,97
Detached triangle on the right.,2,describer,3,FALSE,NA,97
Square head.,2,describer,4,FALSE,NA,97
Arms out.,2,describer,5,FALSE,NA,97
"Dancer, can opener bottom.",2,describer,1,FALSE,NA,98
Scuba diver.,2,describer,1,FALSE,NA,99
"Um, oval blob person, triangle bottom right.",2,describer,1,FALSE,NA,100
"Thick person, two triangles pointing to the right.",2,describer,1,FALSE,NA,101
House rectangle on the right.,2,describer,1,FALSE,NA,102
Music note.,2,describer,1,FALSE,NA,103
Person doing splits.,2,describer,1,FALSE,NA,104
Weird line of shapes.,2,describer,1,FALSE,NA,105
Horse neighing.,2,describer,1,FALSE,NA,106
"Priest, arms out to the left.",2,describer,1,FALSE,NA,107
Woo!,1,matcher,2,TRUE,NA,107
Nice.,2,describer,3,TRUE,NA,107
Yes.,1,matcher,4,TRUE,NA,107
Scorpion.,1,describer,1,FALSE,NA,108
Dancer with the can opener.,1,describer,1,FALSE,NA,109
We'll try and go to the right.,1,describer,1,FALSE,NA,110
priest,1,describer,1,FALSE,NA,112
riding horse,1,describer,1,FALSE,NA,113
ice skating,1,describer,1,FALSE,NA,114
Detach right arm and attach left arm.,1,describer,1,FALSE,NA,116
Music note.,1,describer,1,FALSE,NA,117
handstand,1,describer,1,FALSE,NA,118
"Uh, Chunky Man.",1,describer,1,FALSE,NA,119
Splits.,1,describer,1,FALSE,NA,120
Weird shapes in a line.,1,describer,1,FALSE,NA,122
Spaceship.,1,describer,1,FALSE,NA,123
House.,1,describer,1,FALSE,NA,124
Scuba diver.,1,describer,1,FALSE,NA,125
Sounds good.,2,matcher,2,TRUE,NA,125
"Uh, can opener, dancer.",2,describer,1,FALSE,NA,126
Detached right arm.,2,describer,1,FALSE,NA,127
"Uh, oval blob, one right triangle, bottom right.",2,describer,1,FALSE,NA,128
Scorpion.,2,describer,1,FALSE,NA,129
Oh!,1,matcher,1,TRUE,NA,130
"Oh, man!",1,matcher,2,FALSE,NA,130
Chunky guy.,2,describer,3,FALSE,NA,130
Chunky guy.,2,describer,4,FALSE,NA,130
Thick guy.,2,describer,5,FALSE,NA,130
To the right.,2,describer,6,FALSE,NA,130
Handstand guy.,2,describer,1,FALSE,NA,131
Toilet.,2,describer,1,FALSE,NA,132
"Uh, splits.",2,describer,1,FALSE,NA,133
Upside down triangle.,2,describer,2,FALSE,NA,133
Priest arms wide to the left.,2,describer,1,FALSE,NA,134
Upside down trapezoid.,2,describer,1,FALSE,NA,135
Weird shapes in a line.,2,describer,1,FALSE,NA,136
Scuba diving.,2,describer,1,FALSE,NA,137
Music note.,2,describer,1,FALSE,NA,138
Ice skater.,2,describer,1,FALSE,NA,139
Riding horse.,2,describer,1,FALSE,NA,140
Spaceship.,2,describer,1,FALSE,NA,141
Horse name.,2,describer,1,FALSE,NA,142
House.,2,describer,1,FALSE,NA,143
Woo!,1,matcher,2,TRUE,NA,143
Yay.,2,describer,3,TRUE,NA,143
Yay.,1,matcher,4,TRUE,NA,143
Woo!,2,describer,5,TRUE,NA,143
Let's go,2,describer,6,TRUE,NA,143
"Okay, this one is kind of the logo on the very top, and then it's like a small skinny thing going down, and then in the very right, and then going to the right is like a square.",1,describer,1,FALSE,NA,144
Yeah.,2,matcher,2,TRUE,NA,144
"Uh, this is like an animal with the front triangle bigger than the back triangle.",1,describer,1,FALSE,NA,145
"Like, front foot is bigger than the back foot.",1,describer,2,FALSE,NA,145
Yeah.,2,matcher,3,TRUE,NA,145
Nice.,1,describer,4,TRUE,NA,145
"Okay, this is an upset dantrapazoid.",1,describer,1,FALSE,NA,146
"Okay, this is two diamonds with a square on the top.",1,describer,1,FALSE,NA,147
I'll hit country.,1,describer,2,TRUE,NA,147
spaceship,1,describer,1,FALSE,NA,148
"Okay, other animal.",1,describer,1,FALSE,NA,149
Pellegrin for one of the front foot.,1,describer,2,FALSE,NA,149
House with a triangle to the left.,1,describer,1,FALSE,NA,150
"Chunky man, chunky man with the two legs, two feet, two triangles.",1,describer,1,FALSE,NA,151
"Someone with two hands, two arms in the air.",1,describer,1,FALSE,NA,152
Parallelogram of the body.,1,describer,2,FALSE,NA,152
"Um, person riding a horse.",1,describer,1,FALSE,NA,153
Because it's more like a dog.,1,describer,2,FALSE,NA,153
It's a little child riding a dog.,1,describer,3,FALSE,NA,153
Handstand.,1,describer,1,FALSE,NA,154
Dancer with the can opener.,1,describer,1,FALSE,NA,155
Cleared shapes going into line from the top left to the bottom right.,1,describer,1,FALSE,NA,156
Music note.,1,describer,1,FALSE,NA,157
"Oh, totem pole.",1,describer,1,FALSE,NA,158
Weird totem pole.,2,matcher,2,FALSE,NA,158
"Yeah, there you go.",1,describer,3,TRUE,NA,158
"A person, like, sitting down in, like, a crouch position.",1,describer,1,FALSE,NA,159
Depresso Espresso.,2,matcher,2,FALSE,NA,159
Splits.,1,describer,1,FALSE,NA,160
Creep.,1,describer,1,FALSE,NA,161
Scorpion.,1,describer,1,FALSE,NA,162
Blob with the triangle two into the right.,1,describer,1,FALSE,NA,163
okay this is like a rectangle going from the top left to the bottom right and then there's a triangle coming,1,describer,1,FALSE,NA,164
yeah,2,matcher,2,TRUE,NA,164
okay this one's a flamingo or swan,1,describer,1,FALSE,NA,165
"Okay, person, like zombie kind of guy, one foot on the floor, one foot going to the left.",1,describer,1,FALSE,NA,166
"Okay, kneeling to the right with like a triangle outstretched and then a triangle, like two triangles to the right.",1,describer,1,FALSE,NA,167
"Um, and like they're like kneeling, but then there's like a blob in the very bottom.",1,describer,2,FALSE,NA,167
It's like a triangle with a right- right angle on the bottom left.,1,describer,3,FALSE,NA,167
Yeah.,2,matcher,4,TRUE,NA,167
Toilet.,1,describer,1,FALSE,NA,168
horse neighing,1,describer,1,FALSE,NA,169
bunny bunny ears triangle body nice,1,describer,1,FALSE,NA,170
Ice skating,1,describer,1,FALSE,NA,171
Scuba diver,1,describer,1,FALSE,NA,172
"Okay, this one is weird.",1,describer,1,FALSE,NA,173
Triangle with the right angle to the right.,1,describer,2,FALSE,NA,173
And then another triangle on top of that with a rectangle on top of that.,1,describer,3,FALSE,NA,173
And then another triangle on top of that with the right angle on the left.,1,describer,4,FALSE,NA,173
"And then a tiny little triangle on the... Oh, sorry.",1,describer,5,FALSE,NA,173
That was a bad description.,1,describer,6,TRUE,NA,173
"Right arm detached, left arm attached.",1,describer,1,FALSE,NA,174
um the whole the like triangle like giving hands out to the right but then this time the parallelogram on the bottom instead of a triangle,1,describer,1,FALSE,NA,175
"And this is like a floating person going to the sky with a triangle, upside down triangle on his butt.",1,describer,1,FALSE,NA,176
"And then a head, the square head.",1,describer,2,FALSE,NA,176
And then a rectangular body going from the bottom left corner to the upper right corner.,1,describer,3,FALSE,NA,176
Triangle.,2,matcher,4,FALSE,NA,176
Yeah.,1,describer,5,TRUE,NA,176
Riding horse.,1,describer,1,FALSE,NA,177
How's our Kingo on the right?,1,describer,1,TRUE,NA,178
"Okay, this is like...",1,describer,1,FALSE,NA,179
An upside down triangle on the bottom right corner.,1,describer,2,FALSE,NA,179
And then on top of that is another triangle.,1,describer,3,FALSE,NA,179
his back is straight like a straight 90 degree angle,4,describer,1,FALSE,NA,3755
is there like a square on the top that's his head diagonal almost the square,3,matcher,2,FALSE,NA,3755
it's like a perfect diamond head,4,describer,3,FALSE,NA,3755
his one arm sticking out to the right,3,matcher,4,FALSE,NA,3755
yes,4,describer,5,FALSE,NA,3755
Okay.,3,matcher,6,TRUE,NA,3755
"It looks like another person who's, like, running really fast and pointing at somebody, but he's pointing to the left.",4,describer,1,FALSE,NA,3756
Um... Um... His head's also a perfect diamond.,4,describer,2,FALSE,NA,3756
"Oh, oh, I see, I see.",3,matcher,3,TRUE,NA,3756
"Okay, okay.",3,matcher,4,TRUE,NA,3756
"Yeah, that's it.",3,matcher,5,TRUE,NA,3756
Okay.,3,matcher,6,TRUE,NA,3756
Okay.,3,matcher,7,TRUE,NA,3756
"This one is like, it looks like a dog maybe?",4,describer,1,FALSE,NA,180
And his tail is sticking straight out.,4,describer,2,FALSE,NA,180
He's looking to the left.,4,describer,3,FALSE,NA,180
Does he kind of look like a horse also?,3,matcher,4,FALSE,NA,180
"Yeah, like a horse dog.",4,describer,5,FALSE,NA,180
Okay.,3,matcher,6,TRUE,NA,180
Yay.,3,matcher,7,TRUE,NA,180
Okay.,3,matcher,8,TRUE,NA,180
"It's like, kind of like a crab, but like, I don't know, the top has three triangles, and then he's got like, one really long wag.",4,describer,1,FALSE,NA,181
It's weird.,4,describer,2,FALSE,NA,181
Does it kind of look like a flower?,3,matcher,3,FALSE,NA,181
"Yes, it does.",4,describer,4,FALSE,NA,181
"But like, a flower with three petals.",4,describer,5,FALSE,NA,181
"Yeah, like a creepy flower.",3,matcher,6,FALSE,NA,181
Yeah.,4,describer,7,TRUE,NA,181
Yeah.,3,matcher,8,TRUE,NA,181
um this one is has like the biggest trapezoid out of all of them is it also kind of look like a crab yeah perfect um,4,describer,1,FALSE,NA,182
This one...,4,describer,2,TRUE,NA,182
I would say looks like a snowman.,4,describer,1,FALSE,NA,183
Or a grenade.,4,describer,2,FALSE,NA,183
A snowman or a grenade?,4,describer,3,FALSE,NA,183
"Um... Like, it's got, like, two squares as, like, the snowman balls, and a square head.",4,describer,4,FALSE,NA,183
"Oh, I see that.",3,matcher,5,TRUE,NA,183
Perfect.,4,describer,6,TRUE,NA,183
"Okay, so if you were to take any one of these and wear it as a fake mustache, it would be the most convincing fake mustache.",4,describer,1,FALSE,NA,184
Most what mustache?,3,matcher,2,FALSE,NA,184
"Like a fake mustache, like one of those you buy at like Party City and you wear it.",4,describer,3,FALSE,NA,184
It's like long and thin and,4,describer,4,FALSE,NA,184
"They kind of look like sunglasses, maybe.",4,describer,5,FALSE,NA,184
"Oh, wait.",3,matcher,6,TRUE,NA,184
"Okay, there's one that kind of might look like this.",3,matcher,7,TRUE,NA,184
"Yeah, you got it, you got it.",4,describer,8,TRUE,NA,184
"Okay, this one looks like an apostrophe.",4,describer,1,FALSE,NA,185
"Like a... Oh, or like a music note.",4,describer,2,FALSE,NA,185
"No, no, no, not that one.",4,describer,3,FALSE,NA,185
"Like, uh, maybe a boomerang?",4,describer,4,FALSE,NA,185
"Um, it's not the music note.",4,describer,5,FALSE,NA,185
"Oh, oh, oh.",4,describer,6,TRUE,NA,185
Um...,4,describer,7,TRUE,NA,185
"It's like a... Like, you could hold it.",4,describer,8,FALSE,NA,185
"Like, it looks like a... Like, like a gun, maybe?",3,matcher,9,FALSE,NA,185
"Yeah, yeah, yeah.",4,describer,10,TRUE,NA,185
"Yeah, you got it.",4,describer,11,TRUE,NA,185
Okay.,4,describer,12,TRUE,NA,185
This one looks like a person.,4,describer,1,FALSE,NA,186
"and he has, um, his two arms are like in the air and he's like, why me?",4,describer,2,FALSE,NA,186
"Is this, does it kind of look like an angel?",3,matcher,3,FALSE,NA,186
Yes.,4,describer,4,FALSE,NA,186
Why me?,3,matcher,5,FALSE,NA,186
"Yeah, you got it.",4,describer,6,TRUE,NA,186
Okay.,4,describer,7,TRUE,NA,186
This guy is the only one with a triangle head.,4,describer,1,FALSE,NA,187
"Looks like a person, kind of.",4,describer,2,FALSE,NA,187
"He's, like, maybe reading a book.",4,describer,3,FALSE,NA,187
"Oh, I see that.",3,matcher,4,TRUE,NA,187
"Like, bending over and reading a book.",3,matcher,5,FALSE,NA,187
Yeah.,4,describer,6,TRUE,NA,187
"Alright, you got it.",4,describer,7,TRUE,NA,187
"Alright, this is, it looks like a person riding like a horse, or a chihuahua.",4,describer,1,FALSE,NA,188
Is it a really tiny person?,3,matcher,2,FALSE,NA,188
"It's a person, yeah, it's like a, he's got a little square head and a...",4,describer,3,FALSE,NA,188
The person's only like two shapes?,3,matcher,4,FALSE,NA,188
He's on like an animal though.,4,describer,5,FALSE,NA,188
"Yeah, you got it.",4,describer,6,TRUE,NA,188
"Yeah, yeah, yeah, yeah.",4,describer,7,TRUE,NA,188
"Okay, so this is a person, he looks like a person, and he's holding, like, a really smelly towel and turning his head the other way with one leg in the air.",4,describer,1,FALSE,NA,3757
"Like... Like, he just, like, cleaned something, and the towel smells, and he's like, uh, get this out of my face.",4,describer,2,FALSE,NA,3757
Creep.,4,describer,3,FALSE,NA,3757
Um...,3,matcher,4,TRUE,NA,3757
He's got...,4,describer,5,TRUE,NA,3757
He looks like he has two legs.,4,describer,6,FALSE,NA,3757
"And one of it's, like, tilted in the air.",4,describer,7,FALSE,NA,3757
Um...,3,matcher,8,TRUE,NA,3757
He's got... Ooh.,4,describer,9,TRUE,NA,3757
"Is it, like...",3,matcher,10,TRUE,NA,3757
"He's got... Oh, no.",4,describer,11,TRUE,NA,3757
"Oh, no.",4,describer,12,TRUE,NA,3757
Okay.,4,describer,13,TRUE,NA,3757
He did not get that one.,4,describer,14,TRUE,NA,3757
But we'll get the next... We've been on a good streak here.,4,describer,15,TRUE,NA,3757
Okay.,4,describer,16,TRUE,NA,3757
This one...,4,describer,17,TRUE,NA,3757
"It kind of looks like the letter C, like tilted.",4,describer,1,FALSE,NA,189
"Oh, does it?",3,matcher,2,TRUE,NA,189
"Yeah, it almost looks like a TV stand.",4,describer,3,FALSE,NA,189
"Sure, yeah, it's got like a spear heading out of it.",4,describer,4,FALSE,NA,189
I don't know how to pronounce it.,4,describer,5,FALSE,NA,189
"Like half of an arrow, and then the letter C. Yeah, yeah, yeah, okay.",4,describer,6,FALSE,NA,189
"Yeah, you got it.",4,describer,7,TRUE,NA,189
Okay.,4,describer,8,TRUE,NA,189
"So this is another person riding like an animal, but instead of...",4,describer,1,FALSE,NA,190
"It's a different one, though.",4,describer,2,FALSE,NA,190
"Like, it's the... Is it still a square head?",3,matcher,3,FALSE,NA,190
"Square head, but he's, like, looking down.",4,describer,4,FALSE,NA,190
"He's, like, running... Yeah, yeah.",4,describer,5,FALSE,NA,190
Yeah.,4,describer,6,TRUE,NA,190
He's not happy.,4,describer,7,FALSE,NA,190
He's not enjoying the ride.,4,describer,8,FALSE,NA,190
No.,4,describer,9,TRUE,NA,190
You got it.,4,describer,10,TRUE,NA,190
You got it.,4,describer,11,TRUE,NA,190
Okay.,4,describer,12,TRUE,NA,190
This guy...,4,describer,13,TRUE,NA,190
"He's, like, squatting with his, like, hands cuffed in front of him.",4,describer,1,FALSE,NA,191
"Maybe he's, like, begging.",4,describer,2,FALSE,NA,191
Does he have a square head?,3,matcher,3,FALSE,NA,191
"He does, but it's, like, a diamond.",4,describer,4,FALSE,NA,191
Yeah.,4,describer,5,FALSE,NA,191
"Is his hands, like, a triangle jutting out?",3,matcher,6,FALSE,NA,191
"Yes, to the right, yeah.",4,describer,7,FALSE,NA,191
Yeah.,4,describer,8,TRUE,NA,191
You got it.,4,describer,9,TRUE,NA,191
Okay.,4,describer,10,TRUE,NA,191
Um...,4,describer,11,TRUE,NA,191
So...,4,describer,12,TRUE,NA,191
"I would say it looks like another human, like another person.",4,describer,1,FALSE,NA,192
Um... Who's...,4,describer,2,TRUE,NA,192
There's like one with like a weird upside-down triangle on the bottom.,4,describer,3,FALSE,NA,192
Does it kind of look like it's running in different directions?,3,matcher,4,FALSE,NA,192
"Yeah, it's like arms are maybe crossed.",4,describer,5,FALSE,NA,192
"Yeah, you got it.",4,describer,6,TRUE,NA,192
Okay.,4,describer,7,TRUE,NA,192
"You know, this one's a tough one.",4,describer,1,FALSE,NA,3758
This one...,4,describer,2,TRUE,NA,3758
I would say...,4,describer,3,TRUE,NA,3758
"Maybe it looks like a person who's, like, vacuuming.",4,describer,4,FALSE,NA,3758
"He's got, like, a square head, but it's somewhat tilted, but it's not a diamond, and it's not perfectly square.",4,describer,5,FALSE,NA,3758
"He's got, like, a little...",4,describer,6,FALSE,NA,3758
Does it look like he's wearing a top hat?,3,matcher,7,FALSE,NA,3758
"Oh, wait, no.",4,describer,8,TRUE,NA,3758
"No, he's got a little triangle tail.",4,describer,9,FALSE,NA,3758
The one with the tail that looks like a triangle.,4,describer,10,FALSE,NA,3758
"And he's, like, looking left, maybe.",4,describer,11,FALSE,NA,3758
"Not looking right, but left.",4,describer,12,FALSE,NA,3758
What?,4,describer,13,TRUE,NA,3758
"Oh, that one.",4,describer,14,TRUE,NA,3758
It's the house with the tree.,4,describer,1,FALSE,NA,193
"Oh, okay.",3,matcher,2,TRUE,NA,193
"Oh, you got it.",4,describer,3,TRUE,NA,193
Okay.,4,describer,4,TRUE,NA,193
This one...,4,describer,1,TRUE,NA,194
It's...,4,describer,2,TRUE,NA,194
"So, like, it's really tall.",4,describer,3,FALSE,NA,194
It's not a...,4,describer,4,TRUE,NA,194
It doesn't look like a person or an animal.,4,describer,5,FALSE,NA,194
"It's tall, and it's got a square perfectly balancing on one of its corners.",4,describer,6,FALSE,NA,194
"Like, the tip is... Yeah, you got it.",4,describer,7,TRUE,NA,194
"Okay, it's the top hat, man.",4,describer,1,FALSE,NA,195
Yeah.,4,describer,2,TRUE,NA,195
"Okay, this dude's just, like, chillin'.",4,describer,1,FALSE,NA,196
He's sittin' down.,4,describer,2,FALSE,NA,196
"He's, like, our legs now.",4,describer,3,FALSE,NA,196
"They're, like, they're kinda bent.",4,describer,4,FALSE,NA,196
"Is this the one where, like, is there a triangle, like, an upside-down triangle resting, or is it, like, two wing triangles?",3,matcher,5,FALSE,NA,196
Oh.,4,describer,6,TRUE,NA,196
I don't think either.,4,describer,7,FALSE,NA,196
"He's, like, sitting down, pondering life, looking at the sky.",4,describer,8,FALSE,NA,196
He's looking left.,4,describer,9,FALSE,NA,196
"Oh, like, under a tree?",3,matcher,10,FALSE,NA,196
"No, he's just, like, vibing.",4,describer,11,FALSE,NA,196
It's a dude sitting down.,4,describer,12,FALSE,NA,196
Is this anyone that's just like sitting on his butt?,3,matcher,13,FALSE,NA,196
"Yeah, you got it.",4,describer,14,TRUE,NA,196
"Alright, this is the house with the chimney on it.",4,describer,1,FALSE,NA,197
"Oh yeah, you got it.",4,describer,2,TRUE,NA,197
"Uh, okay.",4,describer,3,TRUE,NA,197
"This one's like, it looks like a person, um, he's got like, okay, um, his arms are triangles, but like there's a weird gap in the middle of his torso.",4,describer,1,FALSE,NA,198
"Yeah, you got it.",4,describer,2,TRUE,NA,198
"Alright, this one's like a swan taking a shit.",4,describer,1,FALSE,NA,199
A swan?,3,matcher,2,FALSE,NA,199
He's like... A ribby goose.,4,describer,3,FALSE,NA,199
"But like, it looks like a bird head.",4,describer,4,FALSE,NA,199
"Oh, oh, I got it.",3,matcher,5,TRUE,NA,199
Okay.,4,describer,6,TRUE,NA,199
"Alright, yeah, you got it.",4,describer,7,TRUE,NA,199
Alright.,4,describer,8,TRUE,NA,199
"This is a guy, and he looks like he's playing karate.",4,describer,1,FALSE,NA,200
"He's like, wapow.",4,describer,2,FALSE,NA,200
"And he's like, his arm's sticking to the right.",4,describer,3,FALSE,NA,200
His front leg is out.,4,describer,4,FALSE,NA,200
"I don't know, he's like...",4,describer,5,FALSE,NA,200
"Does his front leg, like, turn back?",3,matcher,6,FALSE,NA,200
"Yes, but it's like, inward for some reason.",4,describer,7,FALSE,NA,200
Yeah.,3,matcher,8,FALSE,NA,200
"Like, he's like, bending forward.",4,describer,9,FALSE,NA,200
Yeah.,3,matcher,10,TRUE,NA,200
Yeah.,4,describer,11,TRUE,NA,200
"Okay, this one looks like a strip of barbed wire.",4,describer,1,FALSE,NA,201
Like you'd get cut if you rub your fingers against it.,4,describer,2,FALSE,NA,201
Or it looks like a fancy knife.,4,describer,3,FALSE,NA,201
"Like a... Yeah, I would say like... Yeah, you got it.",4,describer,4,TRUE,NA,201
"Alright, this is a person who looks like they're on their knees.",4,describer,1,FALSE,NA,202
"With their hands out backing, maybe.",4,describer,2,FALSE,NA,202
"Oh, there's two of these.",4,describer,3,FALSE,NA,202
There are.,3,matcher,4,FALSE,NA,202
"Is it the one with the double diamond or the one with, like, the thicker block in the middle?",3,matcher,5,FALSE,NA,202
"Oh, I don't know.",4,describer,6,FALSE,NA,202
It's the one.,4,describer,7,FALSE,NA,202
"It's got, like.",4,describer,8,TRUE,NA,202
"Oh, you got it.",4,describer,9,TRUE,NA,202
I think we already did the other one.,3,matcher,10,TRUE,NA,202
Yeah.,4,describer,11,TRUE,NA,202
All right.,4,describer,12,TRUE,NA,202
You got it.,4,describer,13,TRUE,NA,202
"Alright, this looks like a really sad rabbit.",4,describer,1,FALSE,NA,203
A really sad rabbit.,4,describer,2,FALSE,NA,203
"He's got, like, big rabbit ears.",4,describer,3,FALSE,NA,203
"Oh, there's a few, though.",3,matcher,4,FALSE,NA,203
Um...,4,describer,5,TRUE,NA,203
It's like a 90-degree triangle.,4,describer,6,FALSE,NA,203
"Like, perfectly, like... A right triangle as his body.",4,describer,7,FALSE,NA,203
"And he's, like, looking right.",4,describer,8,FALSE,NA,203
"Oh, um...",4,describer,9,TRUE,NA,203
"Yeah, you got it.",4,describer,10,TRUE,NA,203
"Alright, this is the music note.",4,describer,1,FALSE,NA,204
"Oh, I see.",3,matcher,2,TRUE,NA,204
Okay.,4,describer,3,TRUE,NA,204
I would say this is the most simple human figure out of all of them.,4,describer,1,FALSE,NA,205
"He's got, like... Is he holding a bowl?",4,describer,2,FALSE,NA,205
"You know, it doesn't really look like he has arms.",4,describer,3,FALSE,NA,205
"Oh, he's just kind of sitting, like, praying.",3,matcher,4,FALSE,NA,205
"I would say so, yeah.",4,describer,5,TRUE,NA,205
"Yeah, you got it.",4,describer,6,TRUE,NA,205
"Okay, this one looks like an animal, like a dog with like, he's looking left, but his arms in front are like straight, straight out.",4,describer,1,FALSE,NA,206
He's got like a rhombus head and like a twisted L for his body.,4,describer,2,FALSE,NA,206
"Like an L, but like it's laying flat on the long edge.",4,describer,3,FALSE,NA,206
"I'm gonna just guess one, but I actually don't know.",3,matcher,4,FALSE,NA,206
"Hey, you got it.",4,describer,5,TRUE,NA,206
You got it.,4,describer,6,TRUE,NA,206
"Okay, this is the guy who's holding a bowl.",4,describer,1,FALSE,NA,207
"Yeah, you got it.",4,describer,2,TRUE,NA,207
"Alright, this looks like maybe a guy in a boat.",4,describer,1,FALSE,NA,208
"Or like, okay, if you were to take any one of these and make it into like a fountain in your garden, it would look the prettiest.",4,describer,2,FALSE,NA,208
There we go.,4,describer,3,TRUE,NA,208
Um...,4,describer,4,TRUE,NA,208
Okay.,4,describer,5,TRUE,NA,208
"This one has a... Look for a triangle, but the triangle is balancing just on the...",4,describer,1,FALSE,NA,209
"It's upside down, and it's on the tip.",4,describer,2,FALSE,NA,209
"It kind of looks like the tail, almost.",4,describer,3,FALSE,NA,209
"But, like, um...",4,describer,4,TRUE,NA,209
"It looks like something's, like, leaping.",4,describer,5,FALSE,NA,209
Um...,4,describer,6,TRUE,NA,209
"It's got, like, a diamond head.",4,describer,7,FALSE,NA,209
"Oh, this is a tough one.",4,describer,8,FALSE,NA,209
"Does it have, like, a diamond head and a balancing triangle, and it's, like, kind of, like, flying?",3,matcher,9,FALSE,NA,209
"Yeah, yeah.",4,describer,10,TRUE,NA,209
"Yay, you got it.",4,describer,11,TRUE,NA,209
You're pretty good at this.,4,describer,12,TRUE,NA,209
So are you.,4,describer,13,TRUE,NA,209
Thank you.,4,describer,14,TRUE,NA,209
"Okay, this one... Alright, he looks like he's, like, a star soccer player.",4,describer,1,FALSE,NA,210
Is he running to the left?,3,matcher,2,FALSE,NA,210
"Ew, I don't know.",4,describer,3,FALSE,NA,210
"It doesn't look like he's running, but it looks like he's balancing a square on his back foot.",4,describer,4,FALSE,NA,210
"Oh, does he have two heads?",3,matcher,5,FALSE,NA,210
Yeah.,4,describer,6,FALSE,NA,210
And this one...,4,describer,1,FALSE,NA,211
He has one leg.,4,describer,2,FALSE,NA,211
"Like, one foot.",4,describer,3,FALSE,NA,211
And he's just like standing on it.,4,describer,4,FALSE,NA,211
"He looks like a Christmas tree, kind of.",4,describer,5,FALSE,NA,211
But... Is he sticking out his back foot?,3,matcher,6,FALSE,NA,211
"Yeah, yeah.",4,describer,7,TRUE,NA,211
"Yeah, you got it.",4,describer,8,TRUE,NA,211
Yay.,4,describer,9,TRUE,NA,211
"Okay, this one is the tall one with the, like, diamond bouncing on the top.",3,describer,1,FALSE,NA,212
Okay.,4,matcher,2,TRUE,NA,212
"Uh, there we go.",3,describer,3,TRUE,NA,212
"Oh, no!",3,describer,4,TRUE,NA,212
Okay.,3,describer,5,TRUE,NA,212
"Oh, that's not bad.",3,describer,6,TRUE,NA,212
"Alright, we're still getting used to it.",3,describer,7,TRUE,NA,212
This one is the house with the tree.,3,describer,1,FALSE,NA,213
Okay.,4,matcher,2,TRUE,NA,213
Got it.,4,matcher,3,TRUE,NA,213
Yay.,4,matcher,4,TRUE,NA,213
This will help because I can just say what you basically said already.,3,describer,5,TRUE,NA,213
It's a soccer player bouncing the soccer ball.,3,describer,1,FALSE,NA,214
"Oh, yeah.",4,matcher,2,TRUE,NA,214
It's the guy with the bowl.,3,describer,1,FALSE,NA,215
"Oh, there he is.",4,matcher,2,TRUE,NA,215
"Um, I just don't want to hit the wrong button.",4,matcher,3,TRUE,NA,215
Okay.,4,matcher,4,TRUE,NA,215
"It's the one, um, yeah.",3,describer,5,TRUE,NA,215
"Okay, I got it.",4,matcher,6,TRUE,NA,215
Yay.,3,describer,7,TRUE,NA,215
"Uh, this is the one that you said was really simple.",3,describer,1,FALSE,NA,216
"He's just kind of, like, sitting.",3,describer,2,FALSE,NA,216
Okay.,4,matcher,3,TRUE,NA,216
"Um, not really doing anything.",3,describer,4,FALSE,NA,216
"This guy is, like, running to the left, and his head is bouncing on top.",3,describer,1,FALSE,NA,217
"Yeah, there you go.",3,describer,2,TRUE,NA,217
Yeah.,4,matcher,3,TRUE,NA,217
"Oh my goodness, we're killing it.",3,describer,4,TRUE,NA,217
um this is like a weird dog thing but there's two of these it's this it's the one that looks more like a dog maybe and less like a horse it has like a completely flat like square butt,3,describer,1,FALSE,NA,218
oh i got it,4,matcher,2,TRUE,NA,218
okay yeah,3,describer,3,TRUE,NA,218
This is like that game Codenames or whatever.,4,matcher,4,TRUE,NA,218
Yeah.,3,describer,5,TRUE,NA,218
"Oh, this is the shitting duck.",3,describer,1,FALSE,NA,219
Yes.,4,matcher,2,TRUE,NA,219
"Um, this is like the other dog horse figure, but this one has like a tail that sticks out to the right.",3,describer,1,FALSE,NA,220
Yeah.,4,matcher,2,TRUE,NA,220
"Oh my god, I'm so good at this.",4,matcher,3,TRUE,NA,220
"This guy is like... Oh, this is the one...",3,describer,4,TRUE,NA,220
"Okay, it's kind of like holding a bowl or something to the right, but it has two connected diamond heads on top.",3,describer,1,FALSE,NA,221
"Like, one on top of the other.",3,describer,2,FALSE,NA,221
And...,3,describer,3,TRUE,NA,221
"Does it look like they're, like, on their knees?",4,matcher,4,FALSE,NA,221
"Yeah, it does, yeah.",3,describer,5,FALSE,NA,221
"Yeah, yay.",3,describer,6,TRUE,NA,221
"Um, this one is kind of similar to the one we just did, but, like, it looks like their knees are bent instead of sitting, and there's only one diamond head.",3,describer,1,FALSE,NA,222
I see it.,4,matcher,2,TRUE,NA,222
"They're, like, holding a bowl to the right, yeah.",4,matcher,3,FALSE,NA,222
Yeah.,3,describer,4,TRUE,NA,222
Yeah.,3,describer,5,TRUE,NA,222
This is the fountain that you want in your room.,3,describer,1,FALSE,NA,223
Maybe I want in my front yard.,4,matcher,2,TRUE,NA,223
"Yeah, maybe you get two.",3,describer,3,TRUE,NA,223
"This dude is the one that's like looking down with like two, he's got like a headdress on.",3,describer,1,FALSE,NA,224
"with, like, two big triangles.",3,describer,2,FALSE,NA,224
"I can't remember how you described it, but his head is, like, a square, and then there's, like, two big triangles protruding from the top.",3,describer,3,FALSE,NA,224
"He looks like a rabbit, right?",4,matcher,4,FALSE,NA,224
"Yeah, yeah, yeah.",3,describer,5,TRUE,NA,224
Alright.,3,describer,6,TRUE,NA,224
Poor Bugs Bunny.,3,describer,7,TRUE,NA,224
He looks so sad.,3,describer,8,TRUE,NA,224
"Oh, this is the little guy...",3,describer,1,FALSE,NA,225
"I think you said he was riding a chihuahua, except there's two of those...",3,describer,2,FALSE,NA,225
"So this is the one where like the person kind of looks like he's like lying alongside, like on top.",3,describer,3,FALSE,NA,225
There's like a... Is he looking down or looking up?,4,matcher,4,FALSE,NA,225
He's looking up.,3,describer,5,FALSE,NA,225
Yeah.,3,describer,6,TRUE,NA,225
"Um, this is the one that kind of looks like a TV stand almost.",3,describer,1,FALSE,NA,226
It's like sideways.,3,describer,2,FALSE,NA,226
"Oh, yeah.",3,describer,3,TRUE,NA,226
It's like a big U on a triangle.,3,describer,4,FALSE,NA,226
Yeah.,3,describer,5,TRUE,NA,226
"Okay, this is the other little guy riding a chihuahua, but he's looking down and his tail thing is pointing up.",3,describer,1,FALSE,NA,227
Yeah.,4,matcher,2,TRUE,NA,227
He's not enjoying it.,3,describer,3,FALSE,NA,227
No.,4,matcher,4,TRUE,NA,227
This guy kind of looks like he's dancing.,3,describer,1,FALSE,NA,228
"Um, he's got, like, his arm out to the right and his knee out to the left, but his knee is, like, bent back and inwards, and his body is a square, basically, on the, like, on the left half.",3,describer,2,FALSE,NA,228
Okay.,4,matcher,3,TRUE,NA,228
Karate guy.,4,matcher,4,FALSE,NA,228
Yeah.,3,describer,5,TRUE,NA,228
"This one kinda looks like a bear to me, or like a bird or something.",3,describer,1,FALSE,NA,229
"It's like, they're two distinct legs, but then the body's just like a big block, and then there's like a little square that looks like a backpack or something, kinda.",3,describer,2,FALSE,NA,229
And the head is like a beak.,3,describer,3,FALSE,NA,229
We haven't done this one yet.,3,describer,4,FALSE,NA,229
"He's like, standing on one leg, and one leg is up and to the left.",3,describer,5,FALSE,NA,229
And he's facing to the left.,3,describer,6,FALSE,NA,229
"He's kind of, like, looking down.",3,describer,7,FALSE,NA,229
"And there's, like, a block.",3,describer,8,FALSE,NA,229
"There's, like, a square on top of his, like, shoulders.",3,describer,9,FALSE,NA,229
Hey.,4,matcher,10,TRUE,NA,229
Yay.,4,matcher,11,TRUE,NA,229
We did do this one.,4,matcher,12,FALSE,NA,229
We did?,3,describer,13,FALSE,NA,229
"Yeah, it's the guy with the smelly towel.",4,matcher,14,FALSE,NA,229
"Okay, it's the really simple guy with no arms.",4,describer,1,FALSE,NA,230
"The one who's, like, praying kind of way too.",4,describer,2,FALSE,NA,230
"Yeah, yeah.",3,matcher,3,TRUE,NA,230
"We're gonna be so good at this, are we?",4,describer,4,TRUE,NA,230
"Yes, yes.",3,matcher,5,TRUE,NA,230
"Okay, this is, like, the tall one with the square balancing on top.",4,describer,1,FALSE,NA,231
"It doesn't look like a person or a dog, yeah.",4,describer,2,FALSE,NA,231
Yeah.,3,matcher,3,TRUE,NA,231
It's the guy who looks like he's begging.,4,describer,1,FALSE,NA,232
"He's got, like, his arms cupped, but he's not on his knees.",4,describer,2,FALSE,NA,232
"He's, like, squatting.",4,describer,3,FALSE,NA,232
"Oh, he's got, like, his knees bent to the right and then the left?",3,matcher,4,FALSE,NA,232
Yeah.,4,describer,5,TRUE,NA,232
"Uh, just to the right.",4,describer,6,FALSE,NA,232
"Yeah, yeah.",4,describer,7,TRUE,NA,232
There we go.,4,describer,8,TRUE,NA,232
He's to the left.,4,describer,9,FALSE,NA,232
It's the guy with the bowl.,4,describer,1,FALSE,NA,233
"Oh, the guy, the bowl's on the left?",3,matcher,2,FALSE,NA,233
Yeah.,4,describer,3,TRUE,NA,233
"It's the, uh, the horse with the flat butt.",4,describer,1,FALSE,NA,234
Okay.,3,matcher,2,TRUE,NA,234
It's the happy guy riding the Chihuahua.,4,describer,1,FALSE,NA,235
It's...,4,describer,2,TRUE,NA,235
"Okay, it's the guy, it's the same one, the same guy begging, but instead they're on their knees.",4,describer,1,FALSE,NA,236
With the double diamond head.,4,describer,2,FALSE,NA,236
Yeah.,3,matcher,3,TRUE,NA,236
It's the guy with the smelly towel.,4,describer,1,FALSE,NA,237
The one we had last.,4,describer,2,FALSE,NA,237
The one that I think looks like a bear.,4,describer,3,FALSE,NA,237
Yeah.,3,matcher,4,TRUE,NA,237
"Okay, it's the...",4,describer,5,TRUE,NA,237
It's the dog with his tail sticking up.,4,describer,1,FALSE,NA,238
Doesn't have a flat butt.,4,describer,2,FALSE,NA,238
The other one.,4,describer,3,FALSE,NA,238
Okay.,3,matcher,4,TRUE,NA,238
"Okay, it's the guy...",4,describer,1,FALSE,NA,239
He's got a really long stride.,4,describer,2,FALSE,NA,239
He's pointing.,4,describer,3,FALSE,NA,239
To the left.,4,describer,4,FALSE,NA,239
Yeah.,3,matcher,5,TRUE,NA,239
Square head balancing.,4,describer,6,FALSE,NA,239
Yeah.,3,matcher,7,TRUE,NA,239
He looks angry.,4,describer,8,FALSE,NA,239
It's the house with the tree.,4,describer,1,FALSE,NA,240
I like this one.,4,describer,2,TRUE,NA,240
It's nice and simple.,4,describer,3,TRUE,NA,240
I would put my fountain next to that tree.,4,describer,4,TRUE,NA,240
"It's the sad, sad rabbit with the two triangles on his head.",4,describer,1,FALSE,NA,241
He's like chilling.,4,describer,2,FALSE,NA,241
Yeah.,4,describer,3,TRUE,NA,241
It's the beautiful fountain.,4,describer,1,FALSE,NA,242
Yeah.,3,matcher,2,TRUE,NA,242
"If I ever get rich, I'll commission a fountain like that.",4,describer,3,TRUE,NA,242
It's the shitting goose.,4,describer,1,FALSE,NA,243
"Yay, I like this one too.",3,matcher,2,TRUE,NA,243
"Okay, it's the sad guy on the Chihuahua.",4,describer,1,FALSE,NA,244
He's riding.,4,describer,2,FALSE,NA,244
But he's sad.,4,describer,3,FALSE,NA,244
Yeah.,3,matcher,4,TRUE,NA,244
The goose probably pooped in his fountain.,3,matcher,5,TRUE,NA,244
It's the karate dancing guy.,4,describer,1,FALSE,NA,245
Um.,3,matcher,2,TRUE,NA,245
Wait.,3,matcher,3,TRUE,NA,245
Karate dancing guy.,4,describer,4,FALSE,NA,245
Like if any of them were to say ka-chow.,4,describer,5,FALSE,NA,245
He's like pointing to the right.,4,describer,6,FALSE,NA,245
Yeah.,3,matcher,7,TRUE,NA,245
Yeah.,3,matcher,8,TRUE,NA,245
"I bet he's got a black belt on, but we just can't see it.",4,describer,9,FALSE,NA,245
"Um, it's like the soccer player.",4,describer,1,FALSE,NA,246
It's like a what?,3,matcher,2,TRUE,NA,246
The soccer player with the soccer ball on his back foot.,4,describer,3,FALSE,NA,246
"Oh, yeah.",3,matcher,4,TRUE,NA,246
I want two heads.,4,describer,5,FALSE,NA,246
"Uh, it's the, uh, the U, it's the TV's dad.",4,describer,1,FALSE,NA,247
"Okay, it's the dancing karate guy.",3,describer,1,FALSE,NA,248
Yeah.,4,matcher,2,TRUE,NA,248
It is the smelly towel guy.,3,describer,1,FALSE,NA,249
Yeah.,4,matcher,2,TRUE,NA,249
The bear.,3,describer,3,FALSE,NA,249
"It's the horse with, like, the big tail, not the flat butt.",3,describer,1,FALSE,NA,250
"The horse dog, yeah.",4,matcher,2,FALSE,NA,250
"It's the dude that's, like, sitting, praying, but his knees are bent.",3,describer,1,FALSE,NA,251
"He's not, like, sitting.",3,describer,2,FALSE,NA,251
"Ah, yeah.",4,matcher,3,TRUE,NA,251
It's the sad guy riding the Chihuahua.,3,describer,1,FALSE,NA,252
Aww.,4,matcher,2,TRUE,NA,252
I always feel for him.,4,matcher,3,TRUE,NA,252
It's the happy guy riding the Chihuahua.,3,describer,1,FALSE,NA,253
Aww.,4,matcher,2,TRUE,NA,253
I feel for him too.,4,matcher,3,TRUE,NA,253
It's the dude with the bowl on the left.,3,describer,1,FALSE,NA,255
the house with the tree.,3,describer,1,FALSE,NA,256
You still have a pretty good life if you put all these images together.,4,matcher,2,TRUE,NA,256
Honestly.,3,describer,3,TRUE,NA,256
"Like a house, a fountain, a dog, and a chihuahua.",4,matcher,4,TRUE,NA,256
And a goose that poops all over.,3,describer,5,TRUE,NA,256
This is the guy that's running to the left.,3,describer,1,FALSE,NA,257
He looks kind of angry.,3,describer,2,FALSE,NA,257
"Ah, yes.",4,matcher,3,TRUE,NA,257
He's definitely in a hurry.,4,matcher,4,FALSE,NA,257
"He's like, you there.",4,matcher,5,FALSE,NA,257
"Yeah, exactly.",3,describer,6,TRUE,NA,257
Stop trespassing.,4,matcher,7,FALSE,NA,257
Maybe he's a policeman.,4,matcher,8,FALSE,NA,257
He could be.,3,describer,9,FALSE,NA,257
"Um, this is the horse with the flat butt.",3,describer,1,FALSE,NA,258
"Ah, yes.",4,matcher,2,TRUE,NA,258
"This dude is praying, but he's sitting.",3,describer,1,FALSE,NA,259
"Ah, yes.",4,matcher,2,TRUE,NA,259
It's the rabbit guy.,3,describer,1,FALSE,NA,260
"Oh, Mr. Oh, no, I hit the wrong button.",4,matcher,2,TRUE,NA,260
Damn it.,4,matcher,3,TRUE,NA,260
I'm doing my heart.,4,matcher,4,TRUE,NA,260
"It's the fountain one with the- oh no, no, no, no, not the fountain, not the fountain.",3,describer,1,FALSE,NA,261
Okay.,4,matcher,2,TRUE,NA,261
"Um, the- the tall one with the square bouncing on top.",3,describer,3,FALSE,NA,261
Yeah.,4,matcher,4,TRUE,NA,261
"Not even, not minimal.",3,describer,5,FALSE,NA,261
I could- it looks like a- like a cool modern fountain.,3,describer,6,FALSE,NA,261
"Yeah, it does look like a water fountain.",4,matcher,7,FALSE,NA,261
It's the soccer player who's like about to do a rainbow with the ball.,3,describer,1,FALSE,NA,262
Rinaldo.,3,describer,2,FALSE,NA,262
It's the shitty goose.,3,describer,1,FALSE,NA,263
"Oh, Mr.",4,matcher,2,TRUE,NA,263
Goose.,4,matcher,3,TRUE,NA,263
Classic.,4,matcher,4,TRUE,NA,263
"Oh, it's my favorite fountain.",3,describer,1,FALSE,NA,264
Yeah.,4,matcher,2,TRUE,NA,264
Yeah.,4,matcher,3,TRUE,NA,264
It's the really simple guy who's just like sitting there.,3,describer,1,FALSE,NA,265
"I bet deep down inside, he's a lot more complicated.",3,describer,2,FALSE,NA,265
He might be the most complicated of all.,3,describer,3,FALSE,NA,265
He could.,3,describer,4,FALSE,NA,265
It's the really simple guy.,4,describer,1,FALSE,NA,266
"Oh, he's not so simple, maybe.",3,matcher,2,FALSE,NA,266
He's not.,4,describer,3,FALSE,NA,266
"He's probably got, like, a 401K.",3,matcher,4,FALSE,NA,266
He's gonna retire soon.,3,matcher,5,FALSE,NA,266
I don't know.,4,describer,6,TRUE,NA,266
"A wife and kids, maybe?",3,matcher,7,FALSE,NA,266
"Um, the rainbow soccer ball.",4,describer,1,FALSE,NA,267
Yay.,3,matcher,2,TRUE,NA,267
Someone be like that guy.,3,matcher,3,FALSE,NA,267
"I do, too.",4,describer,4,FALSE,NA,267
"Uh, sad, sad rabbit.",4,describer,1,FALSE,NA,268
Oh.,3,matcher,2,TRUE,NA,268
"Oh, boy.",3,matcher,3,TRUE,NA,268
"Oh, no!",3,matcher,4,TRUE,NA,268
"Oh, no!",3,matcher,5,TRUE,NA,268
It's okay.,4,describer,6,TRUE,NA,268
There's so many sad guys.,4,describer,7,TRUE,NA,268
"Yeah, no, that's so true.",3,matcher,8,TRUE,NA,268
It's the beautiful fountain.,4,describer,1,FALSE,NA,269
Not the drinking fountain.,4,describer,2,FALSE,NA,269
Not the drinking one.,4,describer,3,FALSE,NA,269
The garden one.,4,describer,4,FALSE,NA,269
It's the guy with the bowl facing left.,4,describer,1,FALSE,NA,270
The guy with the bowl.,4,describer,2,FALSE,NA,270
"Oh, the guy with the bowl.",4,describer,3,FALSE,NA,270
Yeah.,4,describer,4,TRUE,NA,270
I think he's my favorite.,3,matcher,5,TRUE,NA,270
"Yeah, it could be a bowl.",3,matcher,6,FALSE,NA,270
It could be the top hat man who took off his hat.,3,matcher,7,FALSE,NA,270
True.,4,describer,8,FALSE,NA,270
And now he's holding it for him.,4,describer,9,FALSE,NA,270
It's the horse with the flat butt.,4,describer,1,FALSE,NA,271
Hmm.,3,matcher,2,TRUE,NA,271
"Poor horse, that's what he's known by.",3,matcher,3,FALSE,NA,271
Let's call him Daryl.,4,describer,4,FALSE,NA,271
Daryl?,3,matcher,5,FALSE,NA,271
Daryl.,4,describer,6,FALSE,NA,271
Alright.,3,matcher,7,TRUE,NA,271
"Um, it's karate dancing guy with the black belt.",4,describer,1,FALSE,NA,272
I like this guy.,3,matcher,2,FALSE,NA,272
"He's kind of like the angry running guy, but a little more flamboyant.",4,describer,3,FALSE,NA,272
Yes!,3,matcher,4,TRUE,NA,272
It's the shitting goose.,4,describer,1,FALSE,NA,273
I see.,3,matcher,2,TRUE,NA,273
This poor goose.,4,describer,3,TRUE,NA,273
"Maybe she's having a good time, though.",4,describer,4,TRUE,NA,273
"I mean, that's all they do.",3,matcher,5,TRUE,NA,273
True.,4,describer,6,TRUE,NA,273
"Like, they just poop everywhere.",3,matcher,7,TRUE,NA,273
"He's in his, like, home territory with that.",3,matcher,8,TRUE,NA,273
It's the drinking fountain.,4,describer,1,FALSE,NA,274
it's the house with the tree,4,describer,1,FALSE,NA,275
yeah it's the the praying guy but like,4,describer,1,FALSE,NA,276
He's squatting.,4,describer,2,FALSE,NA,276
He's not on his knees.,4,describer,3,FALSE,NA,276
His hands are out to the right.,4,describer,4,FALSE,NA,276
They come together.,4,describer,5,FALSE,NA,276
"He's doing like a leg, what's it called?",4,describer,6,FALSE,NA,276
A wall sit.,3,matcher,7,FALSE,NA,276
"Yeah, a wall sit.",4,describer,8,FALSE,NA,276
Perfect.,4,describer,9,TRUE,NA,276
I hate those.,3,matcher,10,TRUE,NA,276
Me too.,4,describer,11,TRUE,NA,276
It's the TV stand.,4,describer,1,FALSE,NA,277
Oh.,3,matcher,2,TRUE,NA,277
It's Happy Chihuahua Guy.,4,describer,1,FALSE,NA,278
Yay.,3,matcher,2,TRUE,NA,278
"Does he not look like he's, like, flying, like, holding onto the front?",3,matcher,3,FALSE,NA,278
I can see that.,4,describer,4,FALSE,NA,278
It's the Angry Policeman.,4,describer,1,FALSE,NA,279
"Oh, it's not the guy doing the wall sit, it's the other one with his hands out, like on their knees.",4,describer,1,FALSE,NA,280
Yeah.,3,matcher,2,TRUE,NA,280
He's less of a tight heart.,3,matcher,3,FALSE,NA,280
Yeah.,3,matcher,4,TRUE,NA,280
The guy that looks like the bear with the smelly towel.,4,describer,1,FALSE,NA,281
Mm-hmm.,3,matcher,2,TRUE,NA,281
"It's not Daryl the horse, it's the other horse with the tail.",4,describer,1,FALSE,NA,282
Hmm.,3,matcher,2,TRUE,NA,282
What's his name?,3,matcher,3,FALSE,NA,282
"Oh, you get to pick that one.",4,describer,4,FALSE,NA,282
How about... Johnny?,3,matcher,5,FALSE,NA,282
Okay.,4,describer,6,TRUE,NA,282
"Um, it's the sad guy on the Chihuahua.",4,describer,1,FALSE,NA,283
Aww.,3,matcher,2,TRUE,NA,283
Bad boy hours.,3,matcher,3,TRUE,NA,283
Yeah.,4,describer,4,TRUE,NA,283
He does look so fat.,3,matcher,5,TRUE,NA,283
"Um, it's the TV stand.",3,describer,1,FALSE,NA,284
"Ah, yes.",4,matcher,2,TRUE,NA,284
It takes so long to tell me I'm correct.,4,matcher,3,TRUE,NA,284
I know.,3,describer,4,TRUE,NA,284
"Well, it's just because we're so much faster than the computer now.",3,describer,5,TRUE,NA,284
Yeah.,4,matcher,6,TRUE,NA,284
It's the happy guy riding the chihuahua.,3,describer,1,FALSE,NA,285
Yay.,4,matcher,2,TRUE,NA,285
It's the sad bear with the smelly towel.,3,describer,1,FALSE,NA,286
Yeah.,4,matcher,2,TRUE,NA,286
It's the simple but secretly super roughly complicated guy.,3,describer,1,FALSE,NA,287
It could be a monk.,3,describer,2,FALSE,NA,287
"Yeah, I see that.",4,matcher,3,FALSE,NA,287
I feel like a lot of these guys are monks.,3,describer,4,FALSE,NA,287
Yeah.,4,matcher,5,TRUE,NA,287
"Um, it is the running karate guy who's way more chill than policeman guy.",3,describer,1,FALSE,NA,288
Okay.,4,matcher,2,TRUE,NA,288
Daryl!,3,describer,1,FALSE,NA,289
"Daryl, I know who that is.",4,matcher,2,FALSE,NA,289
"Aww, Daryl.",4,matcher,3,FALSE,NA,289
We should get so good at this and just name everything if we go to like 20 rounds.,3,describer,4,FALSE,NA,289
It's the fountain.,3,describer,1,FALSE,NA,290
It's not the garden fountain.,3,describer,2,FALSE,NA,290
It's like the drinking fountain.,3,describer,3,FALSE,NA,290
Okay.,4,matcher,4,TRUE,NA,290
"Oh, it's the rabbit.",3,describer,1,FALSE,NA,291
"Oh, Mr. Bugs.",4,matcher,2,FALSE,NA,291
Bugs Bunny.,4,matcher,3,FALSE,NA,291
"It's Squatman, the guy who's doing the wall sets.",3,describer,1,FALSE,NA,292
"Ah, yes.",4,matcher,2,TRUE,NA,292
"Oh, it's the less tryhard guy, the one who's also praying, but he's just sitting there.",3,describer,1,FALSE,NA,293
Yeah.,4,matcher,2,TRUE,NA,293
It's our really aggro policeman.,3,describer,1,FALSE,NA,294
"Oh, yeah.",4,matcher,2,TRUE,NA,294
It's your garden fountain.,3,describer,1,FALSE,NA,295
Aw.,4,matcher,2,TRUE,NA,295
I keep hitting the wrong button and going the wrong way.,4,matcher,3,TRUE,NA,295
It takes me 10 years to get to it.,4,matcher,4,TRUE,NA,295
"Aw, it's the shitting goose.",3,describer,1,FALSE,NA,296
Yay.,4,matcher,2,TRUE,NA,296
It's the bowl man.,3,describer,1,FALSE,NA,297
The what man?,4,matcher,2,FALSE,NA,297
He's holding his bowl on the left.,3,describer,3,FALSE,NA,297
"Oh, yes.",4,matcher,4,FALSE,NA,297
What's in the bowl?,4,matcher,5,FALSE,NA,297
"I think it's, like, water.",3,describer,6,FALSE,NA,297
"Maybe it's, like... Ramen noodles.",3,describer,7,FALSE,NA,297
I don't know.,4,matcher,8,FALSE,NA,297
Is it a bowl?,3,describer,9,FALSE,NA,297
"Or is it, like, a big bowl?",3,describer,10,FALSE,NA,297
That's Ronaldo.,3,describer,1,FALSE,NA,298
Ronaldo.,4,matcher,2,FALSE,NA,298
"Oh, it's Johnny.",3,describer,1,FALSE,NA,299
John.,4,matcher,2,FALSE,NA,299
I'm so happy.,4,matcher,3,TRUE,NA,299
I'm so happy to be in a nice spot.,4,matcher,4,TRUE,NA,299
It's the house of the tree.,3,describer,1,FALSE,NA,300
"Oh, it's the side guy riding the horse.",3,describer,1,FALSE,NA,301
"I think he needs a name, too.",4,matcher,2,FALSE,NA,301
Okay.,3,describer,3,FALSE,NA,301
You get to pick it.,3,describer,4,FALSE,NA,301
It has to be a sad name.,3,describer,5,FALSE,NA,301
It's a sad name.,3,describer,6,FALSE,NA,301
Did you pick it yet?,3,describer,7,FALSE,NA,301
"No, I'm trying to think of sad names, but I also don't want to offend anybody.",4,matcher,8,FALSE,NA,301
"Ooh, what about Daniel?",4,matcher,9,FALSE,NA,301
"Oh, karate guy.",4,describer,1,FALSE,NA,302
"This guy is just like, doing it.",4,describer,2,FALSE,NA,302
It's the angry policeman.,4,describer,1,FALSE,NA,303
It's the TV stand.,4,describer,1,FALSE,NA,304
"Oh, it's John.",4,describer,1,FALSE,NA,305
John?,3,matcher,2,FALSE,NA,305
"Or Don, the horse with the tail.",3,matcher,3,FALSE,NA,305
Donnie!,4,describer,4,FALSE,NA,305
"Okay, Donnie.",3,matcher,5,FALSE,NA,305
He's happy.,3,matcher,6,FALSE,NA,305
It's the guy with the bowl of ramen noodles.,4,describer,1,FALSE,NA,306
Aww.,3,matcher,2,TRUE,NA,306
"Oh, it's the happy horse guy.",4,describer,1,FALSE,NA,307
It's the drinking fountain.,4,describer,1,FALSE,NA,308
"Oh, it's the guy with the smelly towel.",4,describer,1,FALSE,NA,309
The goose could've pooped on him.,3,matcher,2,TRUE,NA,309
What?,4,describer,3,TRUE,NA,309
The bear.,3,matcher,4,FALSE,NA,309
"The bear guy, yeah.",4,describer,5,FALSE,NA,309
We've heard a really good story.,4,describer,6,TRUE,NA,309
"Ah, Ronaldo.",4,describer,1,FALSE,NA,310
That's the beautiful garden fountain.,4,describer,1,FALSE,NA,311
"I like that they are all staying in the same place when they're like, the setup hasn't rotated, so it's so much easier to find now.",3,matcher,2,TRUE,NA,311
Exactly.,3,matcher,3,TRUE,NA,311
It's the guy crying with her on their knees.,4,describer,1,FALSE,NA,312
He's not doing the wall sit.,4,describer,2,FALSE,NA,312
It's Daryl.,3,matcher,3,FALSE,NA,312
"Oh, this is Daniel.",4,describer,1,FALSE,NA,313
"Oh, Daniel.",3,matcher,2,FALSE,NA,313
"Sad, sad Daniel.",3,matcher,3,FALSE,NA,313
Maybe he'll lighten up soon.,3,matcher,4,TRUE,NA,313
Yeah.,4,describer,5,TRUE,NA,313
Maybe he's not as fast as the other one.,4,describer,6,TRUE,NA,313
Yeah.,3,matcher,7,TRUE,NA,313
"Okay, this is Bugs Bunny.",4,describer,1,FALSE,NA,315
"Oh, this is wall squat guy.",4,describer,1,FALSE,NA,316
This leg's gotta be hurt by now.,4,describer,2,TRUE,NA,316
"Oh, it's the goose.",4,describer,1,FALSE,NA,317
It's the really simple man with the 401K and the wife and kids.,4,describer,1,FALSE,NA,318
"Oh, and it's the house with the tree.",4,describer,1,FALSE,NA,319
"Okay, it is, uh, Daniel.",3,describer,1,FALSE,NA,321
"Sad, sad Daniel.",4,matcher,2,FALSE,NA,321
Daniel.,4,matcher,3,FALSE,NA,321
"It's almost over, Daniel.",4,matcher,4,TRUE,NA,321
So close.,4,matcher,5,TRUE,NA,321
It's Ronaldo.,3,describer,1,FALSE,NA,322
I like the little accent you put on that.,4,matcher,2,FALSE,NA,322
Thank you.,3,describer,3,TRUE,NA,322
What the hell?,4,matcher,4,TRUE,NA,322
It's the music note thing.,3,describer,1,FALSE,NA,323
We're really going back to our roots here.,3,describer,2,TRUE,NA,323
Yeah.,4,matcher,3,TRUE,NA,323
It's the TV stand.,3,describer,1,FALSE,NA,324
"Ah, yes.",4,matcher,2,TRUE,NA,324
This sounds weird.,4,matcher,3,TRUE,NA,324
"It's like, it's the double diamonds that are overlapping with the square on top.",3,describer,1,FALSE,NA,325
"Ooh, is it the one with the word gap in the torso?",4,matcher,2,FALSE,NA,325
"Oh, it's the grenade, or the snowman.",4,matcher,3,FALSE,NA,325
"Yeah, yeah, yeah, the grenade, snowman.",3,describer,4,FALSE,NA,325
Boom.,4,matcher,5,TRUE,NA,325
"Okay, I think this one looks like an angel.",3,describer,1,FALSE,NA,326
"He's, like, flying up to the top left.",3,describer,2,FALSE,NA,326
"Um, his arms, oh, he's the one saying, um, like, why me?",4,matcher,3,FALSE,NA,326
Why me?,3,describer,4,FALSE,NA,326
Okay.,4,matcher,5,TRUE,NA,326
It's so simple.,3,describer,1,FALSE,NA,327
He's a really complicated guy.,3,describer,2,FALSE,NA,327
I'm gonna miss him.,3,describer,3,TRUE,NA,327
I hope you have a good life.,3,describer,4,TRUE,NA,327
I know.,4,matcher,5,TRUE,NA,327
He might be the happiest.,4,matcher,6,TRUE,NA,327
He's meditating.,4,matcher,7,TRUE,NA,327
He is.,3,describer,8,TRUE,NA,327
It's smelly towel guy.,3,describer,1,FALSE,NA,328
Ah.,4,matcher,2,TRUE,NA,328
"Um, this one looks like almost like a crab, but it's like flat.",3,describer,1,FALSE,NA,329
It's like horizontal.,3,describer,2,FALSE,NA,329
It's got like two arms pointing in.,3,describer,3,FALSE,NA,329
"Oh, okay.",4,matcher,4,TRUE,NA,329
The big trapezoid.,3,describer,5,FALSE,NA,329
Yeah.,4,matcher,6,TRUE,NA,329
Yeah.,4,matcher,7,TRUE,NA,329
"Aw, it's, um, it's Happy Chihuahua Boy.",3,describer,1,FALSE,NA,330
"Oh, yes.",4,matcher,2,TRUE,NA,330
Daniel's rival.,4,matcher,3,TRUE,NA,330
Yeah.,4,matcher,4,TRUE,NA,330
It's the drinking fountain.,3,describer,1,FALSE,NA,331
"It's the dude who's, like, kicking back.",3,describer,1,FALSE,NA,332
Find him.,3,describer,2,TRUE,NA,332
"He's got, like, his arms out in front to the left.",3,describer,3,FALSE,NA,332
He's standing on one leg.,3,describer,4,FALSE,NA,332
Yeah.,3,describer,5,TRUE,NA,332
Christmas tree guy.,3,describer,6,FALSE,NA,332
"He's, like, doing, like, a, um, like a ballet scene.",3,describer,7,FALSE,NA,332
"Um, this guy looks like he's doing a really dramatic dance move.",3,describer,1,FALSE,NA,3759
"He's, like, he's facing the right, I think.",3,describer,2,FALSE,NA,3759
"But his leg is huge, and it's, like, stretched out behind him.",3,describer,3,FALSE,NA,3759
Oh.,4,matcher,4,TRUE,NA,3759
"And his front foot is, like, a triangle.",3,describer,5,FALSE,NA,3759
Does it have the triangle balancing on his butt?,4,matcher,6,FALSE,NA,3759
No.,3,describer,7,FALSE,NA,3759
The head.,3,describer,8,FALSE,NA,3759
"There's, like, a square on top that's his head.",3,describer,9,FALSE,NA,3759
Okay.,4,matcher,10,TRUE,NA,3759
With the gap in the torso?,4,matcher,11,FALSE,NA,3759
"No, no, no.",3,describer,12,TRUE,NA,3759
"No, it's, like, um... Oh, okay.",3,describer,13,TRUE,NA,3759
Does he look like he's vacuuming?,4,matcher,14,FALSE,NA,3759
Maybe.,3,describer,15,FALSE,NA,3759
Maybe?,4,matcher,16,TRUE,NA,3759
I'm going to pick that one.,4,matcher,17,TRUE,NA,3759
"Oh, boom.",4,matcher,18,TRUE,NA,3759
Okay.,4,matcher,19,TRUE,NA,3759
"Okay, this one was kind of weird.",3,describer,1,FALSE,NA,333
"Oh, it's the sunglasses, bow tie.",3,describer,2,FALSE,NA,333
Mustache.,3,describer,3,FALSE,NA,333
"Oh, it's the, it's the wall sit guy.",3,describer,1,FALSE,NA,334
"Oh, okay.",4,matcher,2,TRUE,NA,334
It's the garden fountain.,3,describer,1,FALSE,NA,335
It's Daryl.,3,describer,1,FALSE,NA,336
Daryl.,4,matcher,2,FALSE,NA,336
He's a good boy.,4,matcher,3,TRUE,NA,336
"You are, Daryl.",4,matcher,4,TRUE,NA,336
I'm gonna miss him the most.,4,matcher,5,TRUE,NA,336
"Um, it's the guy that's, like, sitting, chilling.",3,describer,1,FALSE,NA,337
Yeah.,4,matcher,2,TRUE,NA,337
"He's got, like, kind of a long neck.",3,describer,3,FALSE,NA,337
Yeah.,4,matcher,4,TRUE,NA,337
It's our policeman.,3,describer,1,FALSE,NA,338
"Oh, yes.",4,matcher,2,TRUE,NA,338
It's the shitting goose.,3,describer,1,FALSE,NA,339
It's the dancing karate boy.,3,describer,1,FALSE,NA,340
Ka-chow.,3,describer,2,TRUE,NA,340
"This one looks like a flower slash, like, machine.",3,describer,1,FALSE,NA,341
"It's got, like, a tail on the bottom.",3,describer,2,FALSE,NA,341
Yeah.,3,describer,3,TRUE,NA,341
Yeah.,3,describer,4,TRUE,NA,341
our bowl man.,3,describer,1,FALSE,NA,342
Bowl man.,3,describer,2,FALSE,NA,342
"Um, okay, this dude is like, it's like a rectangle, just like a big square, but then the right side is like, has, it's like, not.",3,describer,1,FALSE,NA,343
Yeah.,4,matcher,2,TRUE,NA,343
Yeah.,4,matcher,3,TRUE,NA,343
Daryl's dad.,4,matcher,4,TRUE,NA,343
It's the house with the Super tall chimney.,3,describer,1,FALSE,NA,344
Not as good as the tree house.,3,describer,2,FALSE,NA,344
No.,4,matcher,3,TRUE,NA,344
No.,4,matcher,4,TRUE,NA,344
Rabbit.,3,describer,1,FALSE,NA,345
Sad rabbit.,3,describer,2,FALSE,NA,345
Bugs Bunny.,4,matcher,3,FALSE,NA,345
Yeah.,3,describer,4,TRUE,NA,345
"Um, it's Johnny.",3,describer,1,FALSE,NA,346
"Aww, Sonny.",4,matcher,2,TRUE,NA,346
This is the one with like the weird little cutout in the middle of the two winged arms.,3,describer,1,FALSE,NA,347
Yeah.,4,matcher,2,TRUE,NA,347
"This dude has, like, his arms crossed, and they're going, like, different directions.",3,describer,1,FALSE,NA,348
"Oh, I know.",4,matcher,2,TRUE,NA,348
Mm-hmm.,4,matcher,3,TRUE,NA,348
Looks like he's wearing a dress.,3,describer,4,FALSE,NA,348
"Yeah, low-key.",4,matcher,5,TRUE,NA,348
"Um, this is, like, the apostrophe gun.",3,describer,1,FALSE,NA,349
"Oh, yes.",4,matcher,2,TRUE,NA,349
"This dude is like reading a book, bending over.",3,describer,1,FALSE,NA,350
Yeah.,4,matcher,2,TRUE,NA,350
Interesting way to read a book.,4,matcher,3,TRUE,NA,350
I wonder what book it is.,3,describer,4,TRUE,NA,350
Harry Potter.,4,matcher,5,TRUE,NA,350
Yeah.,3,describer,6,TRUE,NA,350
"Um, Treehouse.",3,describer,1,FALSE,NA,351
Um...,4,matcher,2,TRUE,NA,351
"Um, sitting praying guy, not our wall sit guy.",3,describer,1,FALSE,NA,352
Okay.,4,matcher,2,TRUE,NA,352
"Um, this is like the fancy knife thing that like would hurt to touch.",3,describer,1,FALSE,NA,353
Oh yeah.,4,matcher,2,TRUE,NA,353
"Um, this dude is like sitting kind of like tilted to the right.",3,describer,1,FALSE,NA,354
"His head is like perfect, is like a perfect diamond.",3,describer,2,FALSE,NA,354
"And then there's like something, there's like a perfect triangle bouncing on the left.",3,describer,3,FALSE,NA,354
The selected shape kind of looks like it's got a diamond head.,6,describer,1,FALSE,NA,355
It looks like it's kind of like a dog perched up to greet someone or something.,6,describer,2,FALSE,NA,355
It's got like an upside down triangle which looks like a tail.,6,describer,3,FALSE,NA,355
"Um, this picture kind of looks like a man walking to the left.",6,describer,1,FALSE,NA,356
"He's got his toe pointed out to the left, a diamond head.",6,describer,2,FALSE,NA,356
Um...,5,matcher,3,TRUE,NA,356
Uh...,5,matcher,4,TRUE,NA,356
"Uh, the other...",6,describer,5,TRUE,NA,356
"There's a, on the upper part, there's a triangle piece pointing to the left.",6,describer,6,FALSE,NA,356
The center is like thin and skinny.,6,describer,7,FALSE,NA,356
"And it's got like two, it looks like legs jetting out at the bottom with what looks like a toe pointing up to the left.",6,describer,8,FALSE,NA,356
Okay.,5,matcher,9,TRUE,NA,356
okay um this one's a little bit more abstract,6,describer,1,FALSE,NA,3760
um it's on the bottom to the left it's kind of like a slab,6,describer,2,FALSE,NA,3760
and then to the right is like a triangular piece hanging off and then on the top there's a tilted square on the left part and um,6,describer,3,FALSE,NA,3760
a triangle piece on the right it's thin skinny in the center kind of like the one before um the i it could kind of look like it's like a horse rearing up or something like that but um,6,describer,4,FALSE,NA,3760
uh this looks like a long dog without its front legs facing to the left okay um it's got a triangular head and one what looks like one triangular foot or leg on the bottom right,6,describer,1,FALSE,NA,357
"Um, it looks like someone praying, looking to the right.",6,describer,1,FALSE,NA,358
"Um, kind of like they're almost half, they're on, like they're bending on their knees, they're like bending over a little bit.",6,describer,2,FALSE,NA,358
"And they, it doesn't have, it does, it's not the one with the extra triangular piece on a left.",6,describer,3,FALSE,NA,358
"It's, it, it, it, um, so, it's just like the person bending over looking like they're gonna give something to someone or pray and they're looking to the, to the right.",6,describer,4,FALSE,NA,358
Um.,5,matcher,5,TRUE,NA,358
um this kind of it looks like this is a man wearing a top hat or something,6,describer,1,FALSE,NA,359
his feet the feet are kind of looks like almost crossing the ankles like two little triangles,6,describer,2,FALSE,NA,359
um with an arm sticking out to the right,6,describer,3,FALSE,NA,359
This one is completely symmetric on the left and right side.,6,describer,1,FALSE,NA,360
It looks like it could be like a little boat or something.,6,describer,2,FALSE,NA,360
Whoops.,5,matcher,3,TRUE,NA,360
Whoops.,5,matcher,4,TRUE,NA,360
This looks very clearly like someone sitting down looking to the left.,6,describer,1,FALSE,NA,361
Maybe you can see their foot on the left tilted slightly upward.,6,describer,2,FALSE,NA,361
Look at their head if it's like the square thing at the top looking down a little bit.,6,describer,3,FALSE,NA,361
So sitting facing the left.,6,describer,4,FALSE,NA,361
"Uh, this is another kind of- this is a little harder to describe.",6,describer,1,FALSE,NA,362
"It's got- it's got a triangular piece on the lower left, and then a more claw-like, big claw-like piece on the up- on the, like, upper right half.",6,describer,2,FALSE,NA,362
"Um, it doesn't look like a person or any type- or any kind of, like, obvious form.",6,describer,3,FALSE,NA,362
Um...,6,describer,4,TRUE,NA,362
It's got like three kind of things sticking out of it.,6,describer,5,FALSE,NA,362
Three main appendages.,6,describer,6,FALSE,NA,362
I guess that one of them kind of looks like a CE and the other is like a triangle part sticking out.,6,describer,7,FALSE,NA,362
Oops.,5,matcher,8,TRUE,NA,362
uh this looks like if this has like a uh at the very top there's a tri uh triangular piece,6,describer,1,FALSE,NA,363
the triangle is pointing to the left and it kind of looks like a head it it comes to a point,6,describer,2,FALSE,NA,363
and then the rest of the then the rest of the part below looks like it could be something holding like a block facing to the left,6,describer,3,FALSE,NA,363
This is also completely symmetrical.,6,describer,1,FALSE,NA,364
It kind of looks like it could be a boat with like a diamond on top.,6,describer,2,FALSE,NA,364
So completely symmetrical to the left and right.,6,describer,3,FALSE,NA,364
"Um, it's got like a horizontal piece at the bottom with a diamond coming off a point on top.",6,describer,1,FALSE,NA,365
Uh...,6,describer,2,TRUE,NA,365
Most of the vertices are generally pointing towards the left.,6,describer,3,FALSE,NA,365
"On the middle, it kind of looks like it could be a leg with a foot or like a pedestal.",6,describer,4,FALSE,NA,365
And then it's got like two tree-like triangular shapes pointing out on the left side with a diamond on the left side as well.,6,describer,5,FALSE,NA,365
And the little triangle pointing out on the right.,6,describer,6,FALSE,NA,365
um kind of looks part of it kind of looks it could be part of like a kid's drawing of a tree with the triangle stacks on top of each other on the left side um,6,describer,7,FALSE,NA,365
This looks like it could be like a swan or a duck or something facing to the right.,6,describer,1,FALSE,NA,366
There's a little triangular piece that comes off from a point on the bottom left.,6,describer,2,FALSE,NA,366
"This looks like a person riding a horse or a dog, and the person is looking, um, excited, not sad.",6,describer,1,FALSE,NA,367
There's another one where they look sad.,6,describer,2,FALSE,NA,367
"Um, and the, like, the, like, animal that they're riding is kind of, has got their head horizontal.",6,describer,3,FALSE,NA,367
The triangle head is horizontal.,6,describer,4,FALSE,NA,367
And the tail is not pointing up.,6,describer,5,FALSE,NA,367
It's pointing slightly down.,6,describer,6,FALSE,NA,367
Um.,6,describer,7,TRUE,NA,367
And the person looks like they're grabbing the head of the horse or the dog or something.,6,describer,8,FALSE,NA,367
This is the other kind of praying looking one except for they're looking to the left and standing.,6,describer,9,FALSE,NA,367
Or they could be like giving something.,6,describer,10,FALSE,NA,367
it's like a it looks very almost like a priest or something i i i don't know um you've got like a diamond head looking like they're wearing a cloak looking to the left outstretched arms uh,6,describer,1,FALSE,NA,368
this it's got like two one foot on the ground one foot pointing um to the left left up a little bit,6,describer,1,FALSE,NA,369
what looks like it's got like a slightly tilted square on the top um,6,describer,2,FALSE,NA,369
and it looks like someone could be standing on one foot and having the other foot in the air um,6,describer,3,FALSE,NA,369
with a triangular headpiece pointing down and a square on the right top coming off a little bit.,6,describer,4,FALSE,NA,369
This looks like a person with their arms stretched out in celebration.,6,describer,1,FALSE,NA,370
You only see the torso and the arms stretched up and the square head.,6,describer,2,FALSE,NA,370
Um...,6,describer,3,TRUE,NA,370
um this it looks like like a mountain,6,describer,1,FALSE,NA,371
it's got like two like a small peak on the bottom left and then another peak,6,describer,2,FALSE,NA,371
and then a square with two triangles sticking out of it attached to the top peak um conversely or not conversely um,6,describer,3,FALSE,NA,371
Yeah.,6,describer,4,TRUE,NA,371
So it's like it's kind of slanted upward with a triangle for a square and two triangles sticking out at the top.,6,describer,5,FALSE,NA,371
It could kind of look like someone sitting down facing the right looking a little sad or something.,6,describer,6,FALSE,NA,371
I don't know.,6,describer,7,TRUE,NA,371
This looks like a house with a big tall building or silo or something next to it.,6,describer,1,FALSE,NA,372
It kind of looks like a barn.,6,describer,2,FALSE,NA,372
This looks like a horse or dog-like animal looking to the left with,6,describer,1,FALSE,NA,373
"point, their feet or leg parts coming to a point, triangular point, and a triangular head and a parallelogram tail.",6,describer,2,FALSE,NA,373
"This looks, it's got like",6,describer,1,FALSE,NA,374
"three main central tiers, like a triangle, and then a other thing, and then another triangle,",6,describer,2,FALSE,NA,374
"and then it's at the top, and then like a diamond on top of the whole thing, and a little triangle on the bottom left.",6,describer,3,FALSE,NA,374
"So they have little triangles sticking out on the bottom left, and that's the most defining characteristic.",6,describer,4,FALSE,NA,374
"And it kind of looks like it's about to topple over, maybe.",6,describer,5,FALSE,NA,374
But not...,6,describer,6,TRUE,NA,374
Or like a woman wearing a dress or something.,6,describer,7,FALSE,NA,374
This looks like a water fountain.,6,describer,1,FALSE,NA,375
Or a toilet.,6,describer,2,FALSE,NA,375
With a diamond on top of it.,6,describer,3,FALSE,NA,375
Or like a pedestal.,6,describer,4,FALSE,NA,375
Some kind of pedestal.,6,describer,5,FALSE,NA,375
With a skinny piece on the top.,6,describer,6,FALSE,NA,375
um left and then a diamond on top it looks like an ornament,6,describer,1,FALSE,NA,376
um it's got like it's like two squares superimposed that you can't see the top,6,describer,2,FALSE,NA,376
the the lower ones top bird it protects the top ones lower vertex,6,describer,3,FALSE,NA,376
but it looks like a christmas tree ornament,6,describer,4,FALSE,NA,376
This also kind of looks like it has a water fountain with a diamond sitting on top of it.,6,describer,1,FALSE,NA,377
It actually looks like that a lot.,6,describer,2,FALSE,NA,377
"It's like if you take off the top diamond piece, it looks like a water fountain.",6,describer,3,FALSE,NA,377
Yeah.,6,describer,4,TRUE,NA,377
"Oh, this one's a bit abstract.",6,describer,1,FALSE,NA,378
"It's got two little triangular pieces sticking out from a vertex at the top, and then another block that looks like it's about to fall off, or it could be sliding down a little triangular piece.",6,describer,2,FALSE,NA,378
"It's got like the two little triangles coming off the vertex point at the top, on the top slightly to the left.",6,describer,3,FALSE,NA,378
That's probably the most defining characteristic.,6,describer,4,FALSE,NA,378
This is very simple.,6,describer,1,FALSE,NA,379
It's convex to the left.,6,describer,2,FALSE,NA,379
"It's got a long piece sticking out at the top, a long thicker piece, and then a thinner piece on the left side.",6,describer,3,FALSE,NA,379
"Um, this is, uh, it kind of looks like it could be a person, like, sitting down, kind of looking upward with their, up to the left with their arms outstretched.",6,describer,1,FALSE,NA,380
It looks just like a triangle outstretched to the left.,6,describer,2,FALSE,NA,380
"Um, it kind of looks like, on the bottom left, it looks like a little mountain peak.",6,describer,3,FALSE,NA,380
"Um, and, yeah.",6,describer,4,TRUE,NA,380
"This is a very simple, it looks like a square on the bottom with a long piece sticking out on the left.",6,describer,1,FALSE,NA,381
Like a goose or something looking to the left.,6,describer,2,FALSE,NA,381
Square with a chimney.,6,describer,3,FALSE,NA,381
This looks like a sad person riding a dog or horse.,6,describer,1,FALSE,NA,382
It's like the other one.,6,describer,2,FALSE,NA,382
The person looks like they're looking down.,6,describer,3,FALSE,NA,382
"It's similar to the one before, but the person is looking a little down.",6,describer,4,FALSE,NA,382
"This is a person looking to the right, standing up.",6,describer,1,FALSE,NA,3761
It looks like they're holding something.,6,describer,2,FALSE,NA,3761
Maybe like wearing a dress.,6,describer,3,FALSE,NA,3761
But there is like a point on the bottom left side that sticks out that's kind of random.,6,describer,4,FALSE,NA,3761
But it looks like a person standing up looking to the right holding something.,6,describer,5,FALSE,NA,3761
That's about to give something to someone else.,6,describer,6,FALSE,NA,3761
Like a basket or something.,6,describer,7,FALSE,NA,3761
Although it's got a diamond at the top of the head.,6,describer,8,FALSE,NA,3761
um and then uh this looks like a dog looking to the left um just with a flat feet and um,6,describer,1,FALSE,NA,383
"Looks like a person standing, maybe like they're dancing or something, looking to the left.",6,describer,2,FALSE,NA,383
They've got one parallelogram leg that's all straightened out to the left.,6,describer,3,FALSE,NA,383
"And then another one, the right one that's bent, that has a triangular foot.",6,describer,4,FALSE,NA,383
And a triangular arm pointing to the left.,6,describer,5,FALSE,NA,383
"Um, this is a less clear shape, but it looks like a person kind of maybe pointed to the left.",6,describer,1,FALSE,NA,385
It's like a blob on the bottom and then a diamond head on the top.,6,describer,2,FALSE,NA,385
"Um, I think, yeah.",6,describer,3,TRUE,NA,385
This looks like a house with a triangular chimney silo thing attached to it.,6,describer,1,FALSE,NA,386
Another barn.,6,describer,2,FALSE,NA,386
What else is a barn?,6,describer,3,FALSE,NA,386
This looks like a bamboo rod with spikes sticking out on either side.,6,describer,1,FALSE,NA,387
Very simple.,6,describer,2,FALSE,NA,387
"It's just a rod with some things sticking out, yeah.",6,describer,3,FALSE,NA,387
Dog without front legs.,5,describer,1,FALSE,NA,388
Without front hind legs.,5,describer,2,FALSE,NA,388
"Sorry, front legs.",5,describer,3,FALSE,NA,388
"Yeah, yeah.",6,matcher,4,TRUE,NA,388
I get what you mean.,6,matcher,5,TRUE,NA,388
"Sorry, hind is the opposite.",6,matcher,6,FALSE,NA,388
House with silo on the right sticking up.,5,describer,1,FALSE,NA,389
Okay.,6,matcher,2,TRUE,NA,389
Oops.,6,matcher,3,TRUE,NA,389
The barn house looking one.,5,describer,4,FALSE,NA,389
"Oops, what?",6,matcher,5,TRUE,NA,389
"Um, it looks like the one with the horses rearing up, almost like vertically to the right.",5,describer,1,FALSE,NA,390
"Um, okay.",6,matcher,2,TRUE,NA,390
Parallelogram base.,5,describer,3,FALSE,NA,390
"Person with outstretched arms looking up, slanted to the left.",5,describer,1,FALSE,NA,391
Okay.,6,matcher,2,TRUE,NA,391
"Standing on one leg, two triangles on the left and one little triangle on the right.",5,describer,1,FALSE,NA,392
The stick with the two things sticking out on either side.,5,describer,1,FALSE,NA,393
Stick with the base of two triangles on either side of it.,5,describer,2,FALSE,NA,393
"Like the band, yeah.",5,describer,3,FALSE,NA,393
"The person sitting looking up and to the left with arms stretched to the left, a little triangle on the bottom left, and a larger triangle on the center right coming off of a point.",5,describer,1,FALSE,NA,394
So at the top there's kind of like three things coming off of a point.,5,describer,2,FALSE,NA,394
"There's like the diamond,",5,describer,3,FALSE,NA,394
A bigger triangle that's connected to the base and then another little triangle off to the right.,5,describer,4,FALSE,NA,394
Okay.,6,matcher,5,TRUE,NA,394
"Man sitting, person sitting down looking to the left with the knees bent.",5,describer,1,FALSE,NA,395
"Water fountain with, um, diamond on top.",5,describer,1,FALSE,NA,396
The what?,6,matcher,2,TRUE,NA,396
The what with the diamond?,6,matcher,3,FALSE,NA,396
"Water, like, looks like a water fountain.",5,describer,4,FALSE,NA,396
"Oh, okay.",6,matcher,5,TRUE,NA,396
"Looks like a dog jumping up to the right, um, with an upside-down triangle for a tail and a diamond for the head.",5,describer,1,FALSE,NA,397
"Um, yeah.",6,matcher,2,TRUE,NA,397
A dog jumping to the right?,6,matcher,3,FALSE,NA,397
"To the, like, kind of like jumping, or looking up to the right.",5,describer,4,FALSE,NA,397
"An upside-down triangle for a tail, and a diamond coming off at a point for the head.",5,describer,5,FALSE,NA,397
"Um, is the tail a parallelogram?",6,matcher,6,FALSE,NA,397
"No, the tail is an upside-down little triangle.",5,describer,7,FALSE,NA,397
Um...,6,matcher,8,TRUE,NA,397
"It's looking, it looks like it's point, looking up, or it's kind of like it's legs are, it's like jumping up to the right.",5,describer,9,FALSE,NA,397
"Oh, sorry, I see it, yeah.",6,matcher,10,TRUE,NA,397
"Uh, it's the one with the claw or flower part on top, connected to a thin parallelogram and then another little parallelogram.",5,describer,1,FALSE,NA,398
"A person with the three middle sections, the diamond head, and the little triangle on the bottom right.",5,describer,1,FALSE,NA,399
The little triangle pointed down on the bottom right is like the most distinct part.,5,describer,2,FALSE,NA,399
"Okay, different from anything else.",5,describer,3,FALSE,NA,399
A big C-looking shape pointing to the right.,5,describer,1,FALSE,NA,400
The parallelogram for the top.,5,describer,2,FALSE,NA,400
It's kind of like it's missing the bottom part.,5,describer,3,FALSE,NA,400
Looks like a ratio.,5,describer,4,FALSE,NA,400
An ornament with the two squares.,5,describer,1,FALSE,NA,401
A person with a top hat and two little triangular feet that are crossed at a point.,5,describer,1,FALSE,NA,402
And the arm to the right.,5,describer,2,FALSE,NA,402
A person holding a diamond block with a triangular little head that comes off at a point.,5,describer,1,FALSE,NA,403
"Um, uh, square with the long neck on the- rectangular neck sticking out on the left up.",5,describer,1,FALSE,NA,404
"Um, so it's just square on the bottom, um, rectangular part sticking out on the left.",5,describer,2,FALSE,NA,404
Kinda looks like a swan.,5,describer,3,FALSE,NA,404
Or it reminds me of a very simple bird.,5,describer,4,FALSE,NA,404
Okay.,6,matcher,5,TRUE,NA,404
"Uh, well, like a duck or something.",5,describer,6,FALSE,NA,404
It's just...,6,matcher,7,TRUE,NA,404
"I guess it kinda looks more like a building, I don't know.",5,describer,8,FALSE,NA,404
The symmetric one with the two arms sticking out on the left and right.,5,describer,1,FALSE,NA,405
So the first figure is like a horse rearing to the right and it has two hanging triangles for hands and a parallelogram body face.,6,describer,1,FALSE,NA,406
The next figure is like a long stick with two triangles embedded into it.,6,describer,1,FALSE,NA,407
"The next is like a rectangle for a body, a long thin neck, and a triangle head, like a bird.",6,describer,1,FALSE,NA,408
"The next figure is like a dog jumping to the right and it has a diamond head, a larger square, yeah.",6,describer,1,FALSE,NA,409
"The next is like a ornament, a Christmas ornament, and it has two squares on top of each other.",6,describer,1,FALSE,NA,410
"The next figure is, like, a woman sitting with her feet to the right, and she has, like, a belt.",6,describer,1,FALSE,NA,411
"Yeah, wait, um, or a, like, a diamond head, a, uh, a rhombus, and then a rhombus, like, three rhombuses stacked on top of each other,",6,describer,2,FALSE,NA,411
"and a upside-down triangle, a small upside-down triangle to the right, yeah.",6,describer,3,FALSE,NA,411
"Yeah, the next figure is a person slouching toward the left and their body is like a blob and their feet is like pointed left upwards.",6,describer,1,FALSE,NA,412
What did you say?,5,matcher,2,TRUE,NA,412
"Oh, yeah.",5,matcher,3,TRUE,NA,412
"The person is slouching, facing to the left, their knee is up, and their feet is pointed left upwards.",6,describer,4,FALSE,NA,412
Slouching?,5,matcher,5,FALSE,NA,412
Like sitting down and slouching.,6,describer,6,FALSE,NA,412
Huh?,5,matcher,7,TRUE,NA,412
Sitting down and slouching to the left.,6,describer,8,FALSE,NA,412
"Oh, okay.",5,matcher,9,TRUE,NA,412
"Okay, and the next figure is like a C with a thick parallelogram at the top.",6,describer,1,FALSE,NA,413
Okay.,5,matcher,2,TRUE,NA,413
"The next figure is like a dog without a front leg, facing the left.",6,describer,1,FALSE,NA,414
The figure has a house and a block next to it.,6,describer,1,FALSE,NA,415
"Okay, this figure is like a water fountain with a diamond on top.",6,describer,1,FALSE,NA,416
This figure is a person slanting toward the left with its arms outstretched with only its torso.,6,describer,1,FALSE,NA,417
Yeah.,5,matcher,1,TRUE,NA,418
This person is like a tiny person on a rock and the rock has a small triangle to the left that's pointing upwards.,6,describer,1,FALSE,NA,419
This figure is symmetrical and it has two parallelograms facing each other.,6,describer,1,FALSE,NA,420
This figure is balancing on one leg and it has a triangle like its other leg is up in the air and it's a triangle facing upwards.,6,describer,1,FALSE,NA,421
This person has a small triangle for a head and it looks like it's holding a diamond.,6,describer,2,FALSE,NA,421
"This figure is like a flower with two leaves on, which are triangles facing either to the left and to the right.",6,describer,1,FALSE,NA,422
"And the base of the flower, like the bottom of the flower, is like a square, a diamond.",6,describer,2,FALSE,NA,422
"And it has a parallelogram on the right, the bottom right.",6,describer,3,FALSE,NA,422
Could you repeat that?,5,matcher,4,TRUE,NA,422
Yes.,6,describer,5,TRUE,NA,422
"The figure looks like a flower, and it has a parallelogram to its bottom right.",6,describer,6,FALSE,NA,422
"Oh, that was an accident.",5,matcher,7,TRUE,NA,422
That's okay.,6,describer,8,TRUE,NA,422
"Yeah, the final figure is like a guy with a top hat and a backpack, and he has two small triangles for feet.",6,describer,1,FALSE,NA,423
"Okay, sounds good.",5,matcher,2,TRUE,NA,423
"Um, this is the one with the three middle sections, and the little triangle on the bottom right, pointing downwards.",5,describer,1,FALSE,NA,424
Okay.,6,matcher,2,TRUE,NA,424
Um.,6,matcher,3,TRUE,NA,424
"Oops, oh my god, sorry, that was an accident.",6,matcher,4,TRUE,NA,424
"Oh, dear.",6,matcher,5,TRUE,NA,424
"Oh dear, sorry.",6,matcher,6,TRUE,NA,424
Okay.,6,matcher,7,TRUE,NA,424
"Uh, the one with the flower part pointing upwards, um, and then a parallelogram on the bottom going down into the",5,describer,1,FALSE,NA,425
person sitting down looking to the left with their knees bent and toe points upward,5,describer,1,FALSE,NA,426
Standing on one leg with two large triangles.,5,describer,1,FALSE,NA,427
A horse rearing up to the right vertically.,5,describer,1,FALSE,NA,428
Water fountain diamond on top.,5,describer,1,FALSE,NA,429
A rod with triangles embedded.,5,describer,1,FALSE,NA,430
A stick with the triangles embedded on either side.,5,describer,2,FALSE,NA,430
Oh yeah.,6,matcher,3,TRUE,NA,430
The person on a rock looking up and to the left with arms to the triangle arm to the left.,5,describer,1,FALSE,NA,431
Wait.,6,matcher,2,TRUE,NA,431
Triangle arms only to the left?,6,matcher,3,FALSE,NA,431
I think if you describe it as a person on a rock.,5,describer,4,FALSE,NA,431
Okay.,6,matcher,5,TRUE,NA,431
Yeah.,6,matcher,6,TRUE,NA,431
The house one with the long tall building next to it.,5,describer,1,FALSE,NA,432
The man with the top hat and the two little triangle feet and the arm to the right.,5,describer,1,FALSE,NA,433
The dog with the missing front legs looking to the left.,5,describer,1,FALSE,NA,434
The dog jumping up to the right with the upside down triangle for a tail and a diamond head.,5,describer,1,FALSE,NA,435
The symmetric one with the two parallelogram arms on either side pointing towards each other.,5,describer,1,FALSE,NA,436
"The person holding something, holding a block with a little triangle head that comes off at a point.",5,describer,1,FALSE,NA,437
"Person with outstretched arms, just the torso, the arms, and the head.",5,describer,1,FALSE,NA,438
ornament with the two squares embedded into each other.,5,describer,1,FALSE,NA,439
It's like a very simple bird looking to the left with a square bottom and a long neck.,5,describer,1,FALSE,NA,440
"The C with the bottom part missing, the top is a parallelogram.",5,describer,1,FALSE,NA,441
"Okay, so the first figure is a person balancing on one leg, and it has a foot, which, oops, do you hear me?",6,describer,1,FALSE,NA,442
"Yeah, yeah, sorry, I'm in the wrong direction.",5,matcher,2,TRUE,NA,442
"Oh, okay.",5,matcher,3,TRUE,NA,442
Okay.,5,matcher,4,TRUE,NA,442
Okay.,5,matcher,5,TRUE,NA,442
"Okay, the second figure is a person with a small triangle head, and it's holding a diamond.",6,describer,1,FALSE,NA,443
The next figure is a person leaning toward the left with two arms outstretched and arms are parallel to the ground.,6,describer,1,FALSE,NA,444
The next figure is the dog with the front leg missing.,6,describer,1,FALSE,NA,445
"The next figure is the bird with a rectangular body, long neck, and triangle head.",6,describer,1,FALSE,NA,446
The next one is a house with a long tall building next to it.,6,describer,1,FALSE,NA,447
"Okay, the next one is the Christmas ornament with two spirits on top of each other.",6,describer,1,FALSE,NA,448
"Okay, the next one is the C with a thick parallelogram at the top.",6,describer,1,FALSE,NA,449
"The next is the man with the top hat, the backpack, and two tiny triangle feet, yeah.",6,describer,1,FALSE,NA,450
The next is the small person on a rock with its arms unstretched.,6,describer,1,FALSE,NA,451
"Oh, ah, right, okay, sorry.",5,matcher,2,TRUE,NA,451
That was...,5,matcher,3,TRUE,NA,451
"Okay, the next one is the water fountain with a diamond on it.",6,describer,1,FALSE,NA,452
The what?,5,matcher,2,TRUE,NA,452
The water fountain with a diamond on it.,6,describer,3,FALSE,NA,452
The what with what?,5,matcher,4,TRUE,NA,452
"The... Oh, sorry.",5,matcher,5,TRUE,NA,452
"Oh, water fountain.",6,describer,6,FALSE,NA,452
Yeah.,6,describer,7,TRUE,NA,452
Sorry.,6,describer,8,TRUE,NA,452
It's okay.,6,describer,9,TRUE,NA,452
The next one is the dog...,6,describer,1,FALSE,NA,453
"Leaping to the right, it has a triangle tail, an upside down triangle tail.",6,describer,2,FALSE,NA,453
The next one is the flower with a parallelogram at the bottom right.,6,describer,1,FALSE,NA,454
The next one is the woman sitting facing the right and her foot is a small upside down triangle.,6,describer,1,FALSE,NA,455
"Oh yeah, she's wearing a dress.",6,describer,2,FALSE,NA,455
This one is symmetrical with two parallelograms facing each other.,6,describer,1,FALSE,NA,456
This one is like a stick with two triangles embedded into it.,6,describer,1,FALSE,NA,457
"Yep, and this one is a guy sitting down, slouching, his knee is up, and his, yeah.",6,describer,1,FALSE,NA,458
This figure is like the horse veering up to the right.,6,describer,1,FALSE,NA,459
It's head tilted back.,6,describer,2,FALSE,NA,459
"Oh, wait, oh, ah, sorry.",5,matcher,3,TRUE,NA,459
Wrong one.,5,matcher,4,TRUE,NA,459
"Oh yeah, sorry.",5,matcher,5,FALSE,NA,459
"I realized that, yeah, afterwards.",5,matcher,6,FALSE,NA,459
Oops.,5,matcher,7,FALSE,NA,459
"Okay, yes.",5,matcher,8,FALSE,NA,459
"Sorry, okay.",5,matcher,9,FALSE,NA,459
"Standing on one leg, two triangles on",5,describer,1,FALSE,NA,460
the water fountain with diamond on top.,5,describer,1,FALSE,NA,461
The woman with the belt wearing a dress and the little triangle on the bottom right for a foot.,5,describer,1,FALSE,NA,462
The stick with two triangles embedded into it.,5,describer,1,FALSE,NA,463
The symmetric one with the two parallelogram arms pointing towards each other.,5,describer,1,FALSE,NA,464
"Leaning to the left, outstretched arms, diamond head.",5,describer,1,FALSE,NA,465
Just the torso.,5,describer,2,FALSE,NA,465
"Okay, yeah.",6,matcher,3,TRUE,NA,465
"Outstretched arms, just the torso leaning to the left.",5,describer,4,FALSE,NA,465
I'm sitting down slouching to looking to the facing the left.,5,describer,1,FALSE,NA,466
Some person on a rock with arms stretched to the left.,5,describer,1,FALSE,NA,467
A horse rearing up to the right with the two little triangular hooves.,5,describer,1,FALSE,NA,468
"Holding a block, a little triangular head that comes off at a point.",5,describer,1,FALSE,NA,469
The flower or claw on top.,5,describer,1,FALSE,NA,470
The parallelogram base with two parts.,5,describer,2,FALSE,NA,470
The simple bird with the long neck looking to the left with a little triangular head.,5,describer,1,FALSE,NA,471
The dog jumping up to the right with the upside down triangle for a tail and the diamond head.,5,describer,1,FALSE,NA,472
The dog missing front leg.,5,describer,1,FALSE,NA,473
ornament made up of two squares or diamonds i guess,5,describer,1,FALSE,NA,474
house with the long skinny building next to it,5,describer,1,FALSE,NA,475
The man with the top hat and the two little triangular feet.,5,describer,1,FALSE,NA,476
"The C with the bottom part missing, pointing right.",5,describer,1,FALSE,NA,477
"Okay, um, a person with the leg pointed down, um, um, facing to the right, um, a diamond head.",5,describer,1,FALSE,NA,478
"So one leg, the right leg straightened and the left leg bent.",5,describer,2,FALSE,NA,478
"Um, it's like they're, could be dancing and they're kind of leaning.",5,describer,3,FALSE,NA,478
To the left.,5,describer,4,FALSE,NA,478
They're kind of leaning.,5,describer,5,FALSE,NA,478
The right leg is straightened and the left leg is bent.,5,describer,6,FALSE,NA,478
Okay.,6,matcher,7,TRUE,NA,478
And they have an arm sticking out to the right.,5,describer,8,FALSE,NA,478
It's just a triangle.,5,describer,9,FALSE,NA,478
Okay.,6,matcher,10,TRUE,NA,478
Person holding a block with a little triangular head.,5,describer,1,FALSE,NA,479
Okay.,6,matcher,2,TRUE,NA,479
dog looking up to the right they're jumping up to the right upside down triangle for a tail,5,describer,1,FALSE,NA,480
okay um person on a horse looking down looking sad,5,describer,1,FALSE,NA,481
um okay i see it,6,matcher,2,TRUE,NA,481
The flower on top with the two parallelograms.,5,describer,1,FALSE,NA,482
Looks like a toilet with a diamond on top of it.,5,describer,1,FALSE,NA,483
Yep.,6,matcher,2,TRUE,NA,483
Okay.,6,matcher,3,TRUE,NA,483
uh and a little triangle on a part of a triangle sticking out on the right side dog with missing front legs yep,5,describer,1,FALSE,NA,484
"A C pointing to the right, missing the bottom part.",5,describer,1,FALSE,NA,485
A woman with three sections and a little upside down triangle for a foot.,5,describer,1,FALSE,NA,486
Riding a horse.,5,describer,1,FALSE,NA,487
Looking up.,5,describer,2,FALSE,NA,487
Not the sad one.,5,describer,3,FALSE,NA,487
The tail.,5,describer,4,FALSE,NA,487
It looks like it's a mountain peak.,5,describer,1,FALSE,NA,488
"And then on the top left, there's a block attached to two triangles.",5,describer,2,FALSE,NA,488
"So it's kind of, they come together at like almost a point.",5,describer,3,FALSE,NA,488
"But it looks like a slope with a little, yeah.",5,describer,4,FALSE,NA,488
Symmetric with two arms sticking out on either side parallel to the rims.,5,describer,1,FALSE,NA,489
House next to Arrow.,5,describer,1,FALSE,NA,490
Big Arrow.,5,describer,2,FALSE,NA,490
Water fountain with diamond on top of it.,5,describer,1,FALSE,NA,491
"Sitting down, slouching, looking, facing to the left.",5,describer,1,FALSE,NA,492
"A person standing, looking like they're giving something, or facing to the left.",5,describer,1,FALSE,NA,493
"to the left with their arms outstretched, like they're giving something to someone else.",5,describer,2,FALSE,NA,493
"Standing on one leg, two triangles on the left side, one little triangle on the right side.",5,describer,1,FALSE,NA,494
"The simple bird with the square, rectangle neck, and triangle head.",5,describer,1,FALSE,NA,495
"Oh, I'm the listener now, okay.",6,matcher,2,TRUE,NA,495
"Oh, okay.",6,matcher,3,TRUE,NA,495
"First, the figure is new.",6,describer,1,FALSE,NA,496
"It has a diamond head, but the head is tilted back.",6,describer,2,FALSE,NA,496
"So, tilt it back to the right.",6,describer,3,FALSE,NA,496
"It has one foot on the ground, one triangle foot on the ground, one triangle foot in the air, and the triangle foot in the air is the left.",6,describer,4,FALSE,NA,496
"Oh, sorry, my fingers are all tingling, so it's hard to press the button.",5,matcher,5,TRUE,NA,496
"Oh, okay.",5,matcher,6,TRUE,NA,496
"There you go, I got it.",5,matcher,7,TRUE,NA,496
"Okay, next figure is the person with a torso and its arms are parallel grams outstretched.",6,describer,1,FALSE,NA,497
"Okay, next house with long tall buildings.",6,describer,1,FALSE,NA,498
"Okay, Christmas ornament.",6,describer,1,FALSE,NA,499
"Okay, person is on a, this is a new one, person on a podium facing to the right.",6,describer,1,FALSE,NA,500
Person on a what?,5,matcher,2,TRUE,NA,500
A podium.,6,describer,3,FALSE,NA,500
A what?,5,matcher,4,TRUE,NA,500
"It's like a, okay, there's a podium.",6,describer,5,FALSE,NA,500
Oh.,5,matcher,6,TRUE,NA,500
"It's like a large triangle, a large triangle.",6,describer,7,FALSE,NA,500
It's the tip of the triangle opposite from the hypotenuse is to the left of up.,6,describer,8,FALSE,NA,500
Is that what it says?,5,matcher,9,TRUE,NA,500
"No, that didn't make sense.",5,matcher,10,TRUE,NA,500
Okay.,5,matcher,11,TRUE,NA,500
Um... Oh.,5,matcher,12,TRUE,NA,500
"Sorry, sorry.",5,matcher,13,TRUE,NA,500
Yeah.,5,matcher,14,TRUE,NA,500
"Oh, okay.",5,matcher,15,TRUE,NA,500
"That would make sense, too.",5,matcher,16,TRUE,NA,500
"The next is a person on a boat, and the boat is a six-sided shape.",6,describer,1,FALSE,NA,501
Hexagon.,6,describer,2,FALSE,NA,501
"Okay, person on a rock and they have two triangle arms.",6,describer,1,FALSE,NA,502
A person on a what?,5,matcher,2,FALSE,NA,502
A person on- like a small person on a rock.,6,describer,3,FALSE,NA,502
Oh.,5,matcher,4,TRUE,NA,502
They have- yeah.,5,matcher,5,TRUE,NA,502
"Okay, this person has- okay.",6,describer,1,TRUE,NA,503
It looks like their foot is balancing the diamond and they have two triangles as a head.,6,describer,2,FALSE,NA,503
"Okay, it looks like a horse facing to the left and its tail is a parallelogram upwards.",6,describer,1,FALSE,NA,504
This looks kind of like a swan and facing to the right and it has a tiny triangle.,6,describer,1,FALSE,NA,505
Yeah.,5,matcher,2,TRUE,NA,505
"This person looks like they are praying, but they are, what's it called?",6,describer,1,FALSE,NA,506
Squatting to the right.,6,describer,2,FALSE,NA,506
"This looks like an old telephone, but at a slant toward... Huh?",6,describer,1,FALSE,NA,507
An old what?,5,matcher,2,FALSE,NA,507
An old telephone.,6,describer,3,FALSE,NA,507
Okay.,5,matcher,4,TRUE,NA,507
"Yeah, on a slant toward the right.",6,describer,5,FALSE,NA,507
"Oh, I see, I see.",5,matcher,6,TRUE,NA,507
Okay.,5,matcher,7,TRUE,NA,507
"Okay, this person is...",6,describer,1,TRUE,NA,508
"Facing left, it has like a tail, parallelogram tail facing the right and it's kind of sitting.",6,describer,2,FALSE,NA,508
Its toe is pointed left.,6,describer,3,FALSE,NA,508
It has a small triangle.,6,describer,4,FALSE,NA,508
"Oh yeah, wait, okay.",5,matcher,5,TRUE,NA,508
"So its legs are, okay.",6,describer,1,FALSE,NA,509
"It is sitting, so the leg is kind of diagonal to the bottom left corner, bottom left corner.",6,describer,2,FALSE,NA,509
um okay so it's um diamond head underneath that is a triangle um and then underneath that is like a thin thin rectangle and then two two like legs coming from like in a diagonal okay oh,6,describer,3,FALSE,NA,509
"Okay, next one is the horse veering to the right, its head tilted back.",6,describer,4,FALSE,NA,509
"Okay, this person, its body is a blob, and it has a diamond head.",6,describer,1,FALSE,NA,510
"Okay, this one is the bamboo stick with two triangles in it.",6,describer,1,FALSE,NA,511
The what?,5,matcher,2,TRUE,NA,511
"Oh, I heard.",5,matcher,3,TRUE,NA,511
"Oh, yeah.",5,matcher,4,TRUE,NA,511
"Okay, this is the guy with the top hat and the backpack and two small triangle feet.",6,describer,1,FALSE,NA,512
This one looks like a dog facing to the left.,6,describer,1,FALSE,NA,513
Its front leg is a parallelogram and its back leg is a triangle.,6,describer,2,FALSE,NA,513
Sure.,5,matcher,3,TRUE,NA,513
uh it's like a just a thin rectangle in the middle with like two trapezoids on each side it kind of looks like maybe like the side of a traffic light,8,describer,1,FALSE,NA,516
maybe my button's not working,7,matcher,2,TRUE,NA,516
yes uh it's like a traffic light,8,describer,3,FALSE,NA,516
"Yeah, like the side of a traffic light.",8,describer,4,FALSE,NA,516
"It's just kind of a... Yeah, I think I got it.",7,matcher,5,TRUE,NA,516
Okay.,7,matcher,6,TRUE,NA,516
Cool.,7,matcher,7,TRUE,NA,516
Um...,7,matcher,8,TRUE,NA,516
"This is, like, it's a, like, diamond on top.",8,describer,1,FALSE,NA,517
"It's, like, a person, I guess, with a leg, like, the right leg stretched down to the right lower corner, like, diagonally, and, like,",8,describer,2,FALSE,NA,517
"a right arm towards the right, but then there's like a weird trapezoid to the left, like extending towards the left.",8,describer,3,FALSE,NA,517
There's two of those.,7,matcher,4,FALSE,NA,517
Is the guy like kind of like crooked a little bit or straight?,7,matcher,5,FALSE,NA,517
"No, he's pretty straight up.",8,describer,6,FALSE,NA,517
Okay.,7,matcher,7,TRUE,NA,517
There's a straight one.,7,matcher,8,FALSE,NA,517
I think this is it.,7,matcher,9,TRUE,NA,517
Yeah.,7,matcher,10,TRUE,NA,517
Okay.,7,matcher,11,TRUE,NA,517
"This one is kind of a weird shape, kind of diagonally.",8,describer,1,FALSE,NA,518
"There's a diamond at the middle, there's a triangle at the right, and then there's another triangle kind of connected at one corner to the right.",8,describer,2,FALSE,NA,518
It doesn't really look like anything.,8,describer,3,FALSE,NA,518
Diamonds and a bunch of triangles?,7,matcher,4,FALSE,NA,518
Yeah.,8,describer,5,TRUE,NA,518
Yeah.,8,describer,6,TRUE,NA,518
Is it asymmetrical?,7,matcher,7,FALSE,NA,518
"Yeah, it is.",8,describer,8,FALSE,NA,518
It's very asymmetrical.,8,describer,9,FALSE,NA,518
"So, does it kind of look like a guy, like, holding out hands, arms on either side?",7,matcher,10,FALSE,NA,518
"Uh, no.",8,describer,11,FALSE,NA,518
"It just looks like a... Oh, does it look like a water fountain, sort of?",7,matcher,12,FALSE,NA,518
"Um... No, it's not symmetrical at all.",8,describer,13,FALSE,NA,518
"Oh, it's not symmetrical.",7,matcher,14,FALSE,NA,518
Yeah.,8,describer,15,FALSE,NA,518
It just looks like a bunch of shapes put together.,8,describer,16,FALSE,NA,518
"But is it pretty, like, hefty at the bottom?",7,matcher,17,FALSE,NA,518
"Uh, no.",8,describer,18,FALSE,NA,518
"It's just kind of, like, one, like, trapezoid in the middle that's kind of diagonal and, like, horizontal.",8,describer,19,FALSE,NA,518
And there's just different shapes attached to it.,8,describer,20,FALSE,NA,518
Uh-oh.,7,matcher,21,TRUE,NA,518
Um...,7,matcher,22,TRUE,NA,518
"There's, like, four triangles and a diamond...",8,describer,23,FALSE,NA,518
"Okay, more triangles, more triangles, more triangles.",8,describer,24,FALSE,NA,518
Uh...,7,matcher,25,TRUE,NA,518
I'm just gonna guess.,7,matcher,26,TRUE,NA,518
I don't quite...,7,matcher,27,TRUE,NA,518
"Wait, which side is it asymmetrical to?",7,matcher,28,FALSE,NA,518
It's like asymmetrical like everywhere.,8,describer,29,FALSE,NA,518
"Oh no, okay.",7,matcher,30,TRUE,NA,518
"Yeah, at the top there should be like a diamond kind of weirdly on the edge of a triangle.",8,describer,31,FALSE,NA,518
On the edge of a triangle.,8,describer,32,FALSE,NA,518
Yeah.,7,matcher,33,TRUE,NA,518
That sounds cool.,7,matcher,34,TRUE,NA,518
"Sorry, I'm just being indecisive.",7,matcher,35,TRUE,NA,518
I'm just going to go with one.,7,matcher,36,TRUE,NA,518
I think it's wrong.,7,matcher,37,TRUE,NA,518
Whatever.,7,matcher,38,TRUE,NA,518
Uh-oh.,7,matcher,39,TRUE,NA,518
"No, this one's a sad kid riding a dog.",8,describer,40,TRUE,NA,518
Oh!,7,matcher,41,TRUE,NA,518
"So this one, he has a super small head with a triangle, but it kind of looks like he's bending down towards the left with his back bent, and he's picking up something that's like a diamond.",8,describer,1,FALSE,NA,519
"Yeah, I got it.",7,matcher,2,TRUE,NA,519
Yeah.,7,matcher,3,TRUE,NA,519
I think this looks like a rabbit reading a book.,7,matcher,4,FALSE,NA,519
Oh.,7,matcher,5,TRUE,NA,519
It looks like one of those cash register scanners facing the right.,8,describer,1,FALSE,NA,520
Facing the right.,8,describer,2,FALSE,NA,520
Cash register.,7,matcher,3,FALSE,NA,520
Like one of the scanners for the groceries.,8,describer,4,FALSE,NA,520
"Oh, okay.",7,matcher,5,TRUE,NA,520
Got it.,7,matcher,6,TRUE,NA,520
Yeah.,7,matcher,7,TRUE,NA,520
Yeah.,7,matcher,8,TRUE,NA,520
"Um, I mean, this one looks like a dog facing the left.",8,describer,1,FALSE,NA,521
"Okay, I actually have two dogs.",7,matcher,2,FALSE,NA,521
"Is it, like, standing flat?",7,matcher,3,FALSE,NA,521
"Oh, yeah, it's standing flat, like, with, I guess, back legs a little bit bent and, like, front legs a little bit diagonal.",8,describer,4,FALSE,NA,521
"Okay, it doesn't have a tail.",8,describer,5,FALSE,NA,521
Yeah.,7,matcher,6,TRUE,NA,521
Like a wiener dog.,8,describer,7,FALSE,NA,521
Oh yeah.,7,matcher,8,TRUE,NA,521
"Um, this one kind of looks like...",8,describer,1,FALSE,NA,522
"I guess like a dog, but like pretty long neck and like the legs are like triangles.",8,describer,2,FALSE,NA,522
"Yeah, like it has a tail.",8,describer,3,FALSE,NA,522
"Yeah, it has a tail going up.",8,describer,4,FALSE,NA,522
I think this one looks like a balloon dog.,7,matcher,5,FALSE,NA,522
Oh yeah.,8,describer,6,TRUE,NA,522
um this one's pretty symmetrical it looks like a dumpling or like a water fountain like it has two things going up the sides oh i see yeah,8,describer,1,FALSE,NA,523
um this one this one just looks like two like i guess little alters,8,describer,1,FALSE,NA,524
like the left one is shorter it's kind of like trapezoidish,8,describer,2,FALSE,NA,524
the right one's like more straight like a rectangle with a diamond on top they're like right next to each other um,8,describer,3,FALSE,NA,524
There's a couple.,7,matcher,4,FALSE,NA,524
I think this is the right one.,7,matcher,5,TRUE,NA,524
"Yay, great.",7,matcher,6,TRUE,NA,524
"This one looks like a guy who's, I guess, kneeling or sitting somewhere, but no arms outstretched.",8,describer,1,FALSE,NA,525
Just kneeling?,7,matcher,2,FALSE,NA,525
"Yeah, kneeling guy.",8,describer,3,FALSE,NA,525
"Yeah, just kneeling.",8,describer,4,FALSE,NA,525
This one's a house with a long chimney on the right.,8,describer,1,FALSE,NA,526
"This one's a guy facing the right, kind of bending his knees, and it's like he's holding something on the right side.",8,describer,1,FALSE,NA,527
"Yeah, like a bowl.",8,describer,2,FALSE,NA,527
Yeah.,7,matcher,3,TRUE,NA,527
Bowl.,8,describer,4,FALSE,NA,527
This one is kind of like sitting on the floor with his legs kind of pulled towards him.,8,describer,1,FALSE,NA,528
He's like facing the left.,8,describer,2,FALSE,NA,528
"Yeah, it's a sad boy.",8,describer,3,FALSE,NA,528
"Yeah, it's very sad.",8,describer,4,FALSE,NA,528
"This one looks like one of those, like, paper origami boats with, like, a diamond on top.",8,describer,1,FALSE,NA,529
Does it also kind of look like a reception desk?,7,matcher,2,FALSE,NA,529
Uh... With the person waiting there?,7,matcher,3,FALSE,NA,529
I think this is right.,8,describer,4,TRUE,NA,529
"It's symmetrical, right?",7,matcher,5,FALSE,NA,529
"Oh, yeah, yeah, yeah.",8,describer,6,TRUE,NA,529
"Yeah, okay.",7,matcher,7,TRUE,NA,529
"Yeah, I see the boat.",7,matcher,8,FALSE,NA,529
"This one looks like somebody facing the right, but it also looks like they have rabbit ears on.",8,describer,1,FALSE,NA,530
"Oh yeah, like a rabbit costume.",7,matcher,2,FALSE,NA,530
"It's like, is there a cape?",8,describer,1,FALSE,NA,531
"This one, he's facing the left.",8,describer,2,FALSE,NA,531
"He's holding something, kind of like a waiter.",8,describer,3,FALSE,NA,531
Looks like he has a tray with a towel on his arm that he's down.,8,describer,4,FALSE,NA,531
Yeah.,7,matcher,5,TRUE,NA,531
"This one looks like a weird, I guess, bird or something with a long neck on the right.",8,describer,1,FALSE,NA,532
"Oh yeah, it's like pooping?",7,matcher,2,FALSE,NA,532
Yeah.,8,describer,3,FALSE,NA,532
A poopy swan.,7,matcher,4,FALSE,NA,532
Yeah.,8,describer,5,FALSE,NA,532
"Um, this one's like another type of, it looks like somebody holding a bowl towards their left, but like their right side of the body is kind of cut off.",8,describer,1,FALSE,NA,533
Uh...,7,matcher,2,TRUE,NA,533
a bowl.,8,describer,3,FALSE,NA,533
Does it look like he's running or just standing still?,7,matcher,4,FALSE,NA,533
It looks like he's standing still holding a bowl on the left and then on the right it's not like a full rectangle.,8,describer,5,FALSE,NA,533
It's kind of cut off.,8,describer,6,FALSE,NA,533
Okay.,7,matcher,7,TRUE,NA,533
a bull.,7,matcher,8,TRUE,NA,533
It looks like he's standing still holding a bull on the left and then on the right it's not like a full rectangle.,8,describer,1,FALSE,NA,534
It's kind of cut off.,8,describer,2,FALSE,NA,534
Okay.,8,describer,3,FALSE,NA,534
Yeah.,8,describer,4,FALSE,NA,534
oh yeah okay i see that and i thought it was like a weird animal but sunglasses makes more sense that's funny,7,matcher,5,FALSE,NA,534
"This one is kind of a guy kind of, like, leaning out of something with his arms, like, stretched out over his head.",8,describer,1,FALSE,NA,535
"And, like, he's waving both hands.",8,describer,2,FALSE,NA,535
"Oh, like, it looks like the Jesus statue?",7,matcher,3,FALSE,NA,535
"Uh, yeah, but, like, kind of diagonal.",8,describer,4,FALSE,NA,535
"Okay, yeah, yeah, diagonal guy.",7,matcher,5,FALSE,NA,535
"Oh, I meant, like, the Brazilian Jesus statue.",7,matcher,6,FALSE,NA,535
"Oh, right, right, right.",8,describer,7,TRUE,NA,535
"Yeah, that one.",8,describer,8,TRUE,NA,535
Very specific.,8,describer,9,TRUE,NA,535
Okay.,8,describer,10,TRUE,NA,535
"This one, it kind of looks like a, I guess just a wrench on the right with this weird triangle attached to it on the left.",8,describer,1,FALSE,NA,536
"Yeah, this one's weird.",8,describer,1,FALSE,NA,537
I don't like it.,8,describer,2,TRUE,NA,537
Yeah.,8,describer,3,TRUE,NA,537
"This one's, like, a guy...",8,describer,4,FALSE,NA,537
"It's kind of like he's doing a handstand with his, like, legs as triangles at the top.",8,describer,5,FALSE,NA,537
"And then his body, his, like, head and stuff is towards the left.",8,describer,6,FALSE,NA,537
"Oh, wow, yeah, I see that.",7,matcher,7,TRUE,NA,537
"I thought it was another bunny, but I thought it was...",7,matcher,8,FALSE,NA,537
"This one's, like, a little, like...",8,describer,1,FALSE,NA,538
tulip or like a flower with like like a trapezoid like extending down towards the lower right attached to it so like kind of like a flower,8,describer,2,FALSE,NA,538
oh yeah oh,7,matcher,3,TRUE,NA,538
this is i thought this is the monster like the little guy waving his arm up but tulip actually makes sense too no no i get tulip this one,7,matcher,4,FALSE,NA,538
"It's like a guy, like, with one feet on the floor, with the other leg a little bit extended towards the left.",8,describer,1,FALSE,NA,539
"His head's kind of, like, leaned back, and his arms are kind of towards the air.",8,describer,2,FALSE,NA,539
"Oh, yeah.",7,matcher,3,TRUE,NA,539
It looks like he's dancing.,8,describer,4,FALSE,NA,539
Spooky dancing.,8,describer,5,FALSE,NA,539
Yeah.,7,matcher,6,TRUE,NA,539
Yeah.,7,matcher,7,TRUE,NA,539
Yeah.,7,matcher,8,TRUE,NA,539
"This one's, like, a really tall guy with a backpack on the left.",8,describer,1,FALSE,NA,540
"Oh, yeah.",7,matcher,2,TRUE,NA,540
Tall guy.,7,matcher,3,FALSE,NA,540
Yeah.,8,describer,4,TRUE,NA,540
Blockhead.,7,matcher,5,FALSE,NA,540
"This one, this guy's kind of, like, kneeling down towards the right.",8,describer,1,FALSE,NA,541
"Again, like, holding, like, maybe with his arms kind of stretched out a bit.",8,describer,2,FALSE,NA,541
uh towards the right yeah he's like he looks like he's holding like the tray again and he's like kneeling down towards facing the right okay,8,describer,3,FALSE,NA,541
yeah this one's like another house but like with the chimney plus,8,describer,1,FALSE,NA,542
Very weird.,8,describer,2,FALSE,NA,542
Mushroom house.,8,describer,3,FALSE,NA,542
"Uh, this one's kinda like a guy just standing there, but with like, his right arm stretched out, but his left side is like covered by like a rectangle.",8,describer,1,FALSE,NA,543
"So does he have, like, the leg extended?",7,matcher,2,FALSE,NA,543
"Like, his shoulders are straight, and the left side is a rectangle, and the right side of his body is kind of like a triangle-ish.",8,describer,3,FALSE,NA,543
It's pretty asymmetrical.,7,matcher,4,FALSE,NA,543
"Yeah, it's asymmetrical.",8,describer,5,FALSE,NA,543
...,8,describer,6,TRUE,NA,543
"Um, this guy's, like, taking a huge step towards the left with, like, his- Yeah, Monopoly guy.",8,describer,1,FALSE,NA,544
"Oh, yeah.",7,matcher,2,TRUE,NA,544
Sorry.,7,matcher,3,TRUE,NA,544
"No, no, no, I get it.",7,matcher,4,TRUE,NA,544
He looks like he's running towards something.,8,describer,5,FALSE,NA,544
Yeah.,7,matcher,6,TRUE,NA,544
"This one's, like, with- it's kicking his leg out towards the right, and he's facing the left.",8,describer,1,FALSE,NA,545
Yeah.,7,matcher,2,TRUE,NA,545
Yeah.,7,matcher,3,TRUE,NA,545
Kick guy.,8,describer,4,FALSE,NA,545
This one is kind of dancing.,8,describer,1,FALSE,NA,546
They're facing the right.,8,describer,2,FALSE,NA,546
There's a leg towards the left.,8,describer,3,FALSE,NA,546
But they're facing the right with their arms stretched out towards the upper right.,8,describer,4,FALSE,NA,546
"Yeah, this one's like",8,describer,5,TRUE,NA,546
A little dog on top of a jumping dog.,8,describer,1,FALSE,NA,547
"Yeah, yeah.",7,matcher,2,FALSE,NA,547
A dog riding a dog.,8,describer,3,FALSE,NA,547
"This one looks like just, I guess, some sort of fruit.",8,describer,1,FALSE,NA,548
There's like two diamonds overlaid on each other.,8,describer,2,FALSE,NA,548
"Oh yeah, it's like a cord.",7,matcher,3,FALSE,NA,548
Yeah.,7,matcher,4,TRUE,NA,548
"This one, it looks like he's, like, breakdancing or something.",8,describer,1,FALSE,NA,549
"He has, like, a leg stretched out towards the lower right.",8,describer,2,FALSE,NA,549
"Uh, balloon dog with a tail facing the left.",7,describer,1,FALSE,NA,550
Okay.,8,matcher,2,TRUE,NA,550
Yeah.,8,matcher,3,TRUE,NA,550
"Uh, the music stand?",7,describer,1,FALSE,NA,551
The music stand?,8,matcher,2,FALSE,NA,551
"Or, yeah, it has a rectangle at the bottom.",7,describer,3,FALSE,NA,551
"Oh, okay.",8,matcher,4,TRUE,NA,551
"It looks like a Nessie, too, actually.",7,describer,5,FALSE,NA,551
Uh...,8,matcher,6,TRUE,NA,551
Rectangle at the bottom.,7,describer,7,FALSE,NA,551
"Yeah, this big chunk, yeah.",8,matcher,8,FALSE,NA,551
Looks like a dinosaur to me now.,7,describer,9,FALSE,NA,551
"Okay, what's this?",8,matcher,10,TRUE,NA,551
"Uh, this is the flat dog.",7,describer,1,FALSE,NA,552
The dog standing flat to the left.,7,describer,2,FALSE,NA,552
"Is the kind of, like, long one?",8,matcher,3,FALSE,NA,552
"Yeah, the wiener dog.",7,describer,4,FALSE,NA,552
"Oh, wiener dog.",8,matcher,5,FALSE,NA,552
"Uh, the house with the extra roof thing, triangle.",7,describer,1,FALSE,NA,553
Mushroom house.,7,describer,2,FALSE,NA,553
"Oh, okay.",8,matcher,3,TRUE,NA,553
"Uh, the ballet dancer?",7,describer,1,FALSE,NA,554
He's facing the right.,7,describer,2,FALSE,NA,554
"Uh, yeah.",8,matcher,3,TRUE,NA,554
"Stretched out, weirdly.",7,describer,4,FALSE,NA,554
Right.,8,matcher,5,TRUE,NA,554
"Uh, sad boy.",7,describer,1,FALSE,NA,555
Uh.,8,matcher,2,TRUE,NA,555
Sitting facing left.,7,describer,3,FALSE,NA,555
Uh-oh.,8,matcher,4,TRUE,NA,555
That's okay.,8,matcher,5,TRUE,NA,555
We all know this is the sad boy.,8,matcher,6,TRUE,NA,555
"Uh, the, like, guy kicking up with two triangles as legs facing the left.",7,describer,1,FALSE,NA,556
Uh...,8,matcher,2,TRUE,NA,556
"Also, like, two triangle legs all the way up the top.",7,describer,3,FALSE,NA,556
It kind of looks like bunny ears at the top.,7,describer,4,FALSE,NA,556
"Oh, okay.",8,matcher,5,TRUE,NA,556
"Yeah, we can just do bunny ears for this.",7,describer,6,FALSE,NA,556
I don't think there's anything else.,7,describer,7,FALSE,NA,556
Bunny ears at the top?,8,matcher,8,FALSE,NA,556
Okay.,8,matcher,9,FALSE,NA,556
"Yeah, two triangles.",7,describer,10,FALSE,NA,556
It's like a bunny drinking tea.,7,describer,11,FALSE,NA,556
Yeah.,8,matcher,12,TRUE,NA,556
The cashier register thing.,8,matcher,1,FALSE,NA,557
"Guy also kind of dancing, but then extending a leg out like a triangle at the bottom.",7,describer,1,FALSE,NA,558
"And then a weird, like, trapezoid sticking out of his other side.",7,describer,2,FALSE,NA,558
"Oh, like, towards the lower right?",8,matcher,3,FALSE,NA,558
Yeah.,7,describer,4,TRUE,NA,558
I don't know what this is.,7,describer,5,TRUE,NA,558
This is also a dancer guy.,7,describer,1,FALSE,NA,559
"Yeah, I think this one.",8,matcher,2,TRUE,NA,559
It's like a Turkish dancer.,8,matcher,3,FALSE,NA,559
"Yeah, I think this is a Turkish dancer.",7,describer,4,FALSE,NA,559
"Okay, guy kicking.",8,matcher,5,FALSE,NA,559
Back kick.,8,matcher,6,FALSE,NA,559
"Ah, yeah.",7,describer,7,TRUE,NA,559
"Uh, dog riding a dog.",7,describer,1,FALSE,NA,560
"Uh, okay.",8,matcher,2,TRUE,NA,560
"Um, guy with the bull facing the right, but, like, knees bent a little bit.",7,describer,1,FALSE,NA,561
"Oh, I see it.",8,matcher,2,TRUE,NA,561
A bunny reading a book.,7,describer,1,FALSE,NA,562
Like kind of looking down.,7,describer,2,FALSE,NA,562
Or holding a diamond.,7,describer,3,FALSE,NA,562
Facing the left.,7,describer,4,FALSE,NA,562
"Oh, oh, oh, right.",7,describer,5,FALSE,NA,562
"Yeah, triangle here.",7,describer,6,FALSE,NA,562
"Basically, all the triangle guys are bunnies.",7,describer,7,FALSE,NA,562
This one.,8,matcher,8,TRUE,NA,562
Yeah.,8,matcher,9,TRUE,NA,562
"Oh, sunglasses.",7,describer,1,FALSE,NA,563
Sunglasses?,8,matcher,2,FALSE,NA,563
Yeah.,7,describer,3,TRUE,NA,563
"Yes, I got it.",8,matcher,4,TRUE,NA,563
"Uh, regular house.",7,describer,1,FALSE,NA,564
"Uh, kneeling guy.",7,describer,1,FALSE,NA,565
"Uh... Just, like... Just kneeling.",7,describer,2,FALSE,NA,565
To the right.,7,describer,3,FALSE,NA,565
"Oh, okay, like, no legs, no arms.",8,matcher,4,FALSE,NA,565
Yeah.,7,describer,5,TRUE,NA,565
Okay.,8,matcher,6,TRUE,NA,565
The blob.,8,matcher,7,FALSE,NA,565
"Uh, the waiter guy, like, holding something on a towel to the left.",7,describer,1,FALSE,NA,566
Yeah.,8,matcher,2,TRUE,NA,566
"Uh, traffic light.",7,describer,1,FALSE,NA,567
"Oh, yeah.",8,matcher,2,TRUE,NA,567
Okay.,8,matcher,3,TRUE,NA,567
"Uh, so this is the sad looking guy.",8,describer,1,FALSE,NA,568
Sad boy.,8,describer,2,FALSE,NA,568
"Is that the loo- uh, the wiener dog?",8,describer,1,FALSE,NA,569
The wiener dog.,8,describer,2,FALSE,NA,569
Yeah.,7,matcher,3,TRUE,NA,569
Is this the back gate?,8,describer,1,FALSE,NA,570
Uh-huh.,7,matcher,2,TRUE,NA,570
Is this the traffic light?,7,matcher,1,FALSE,NA,571
"Uh, the sunglasses.",7,matcher,1,FALSE,NA,572
It's like the ballet dancer with the weird outstretched legs.,7,matcher,1,FALSE,NA,573
This is the guy that's also dancing with an outstretched leg but with a weird trapezoid in the left side.,7,matcher,1,FALSE,NA,574
Yeah.,7,matcher,2,TRUE,NA,574
This is the guy bending down with a book.,8,describer,1,FALSE,NA,575
You mean the bunny?,7,matcher,2,FALSE,NA,575
"Oh yeah, yeah.",8,describer,3,TRUE,NA,575
The bunny.,8,describer,4,FALSE,NA,575
It's okay.,7,matcher,5,TRUE,NA,575
You don't have to call it a bunny.,7,matcher,6,FALSE,NA,575
"Yeah, but only one ear.",8,describer,7,FALSE,NA,575
Yeah.,7,matcher,8,TRUE,NA,575
"Yeah, it's like a side profile bunny.",8,describer,9,FALSE,NA,575
You know?,8,describer,10,TRUE,NA,575
Yeah.,7,matcher,11,TRUE,NA,575
"Uh, the guy that's venting at the beach towards the right is like a bull.",8,describer,1,FALSE,NA,576
"Uh, this is like the other bunny ears.",8,describer,1,FALSE,NA,577
This is the balloon dog.,8,describer,1,FALSE,NA,578
Balloon dog.,8,describer,2,FALSE,NA,578
"And then this is like the guy that's kneeling with no arms, no legs.",8,describer,1,FALSE,NA,579
This is the house with the mushroom.,8,describer,1,FALSE,NA,580
Mushroom.,8,describer,2,FALSE,NA,580
Mushroom house.,8,describer,3,FALSE,NA,580
A tiny house that's under a mushroom.,8,describer,4,FALSE,NA,580
"Oh, this is the music stand or the one with the rectangle at the bottom?",8,describer,1,FALSE,NA,581
It's a music stand or,8,describer,2,FALSE,NA,581
On Nessie.,8,describer,3,FALSE,NA,581
You don't see the Nessie?,8,describer,4,FALSE,NA,581
"Oh, yeah, I actually, yeah.",7,matcher,5,TRUE,NA,581
This is the other house.,8,describer,1,FALSE,NA,582
This is the dog riding a dog.,8,describer,1,FALSE,NA,583
They're on an adventure.,8,describer,2,TRUE,NA,583
"This is the guy that's kind of like a waiter, towards the left, holding like a tree in his hand.",8,describer,1,FALSE,NA,584
This is the cash register scanner thing.,8,describer,1,FALSE,NA,585
uh flat dog wiener dog,7,describer,1,FALSE,NA,586
mushroom house,7,describer,1,FALSE,NA,587
regular house,7,describer,1,FALSE,NA,588
a balloon dog,7,describer,1,FALSE,NA,589
Nailing blob guy?,7,describer,1,FALSE,NA,590
"Uh, yeah.",8,matcher,2,TRUE,NA,590
Sunglasses.,7,describer,1,FALSE,NA,591
Sad boy.,7,describer,1,FALSE,NA,592
A waiter?,7,describer,1,FALSE,NA,593
Waiter guy?,7,describer,2,FALSE,NA,593
"Uh, Nessie?",7,describer,1,FALSE,NA,594
"Oh, yeah.",8,matcher,2,TRUE,NA,594
I can't unsee the Nessie now.,7,describer,3,TRUE,NA,594
It's just a Nessie.,7,describer,4,TRUE,NA,594
"Uh, ballet guy.",7,describer,1,FALSE,NA,595
Ballet dancer.,7,describer,2,FALSE,NA,595
The other dancer guy.,7,describer,1,FALSE,NA,596
Bunny with two ears.,7,describer,1,FALSE,NA,597
"Uh, bent knee with bowl.",7,describer,1,FALSE,NA,598
Yeah.,8,matcher,2,TRUE,NA,598
"Uh, back kick guy.",7,describer,1,FALSE,NA,599
Dog on a dog.,7,describer,1,FALSE,NA,600
Adventure friends.,7,describer,2,TRUE,NA,600
Traffic light.,7,describer,1,FALSE,NA,601
Cash.,7,describer,1,FALSE,NA,602
scanner thing.,7,describer,2,FALSE,NA,602
Bunny with one ear.,7,describer,1,FALSE,NA,603
Yep.,8,matcher,2,TRUE,NA,603
A reading bunny.,8,matcher,3,FALSE,NA,603
"Uh, this is the guy with the legs bent, with the pole on the right.",8,describer,1,FALSE,NA,604
"Uh, it's a regular house.",8,describer,1,FALSE,NA,605
"It looks like a farm, actually.",8,describer,2,FALSE,NA,605
A farm house.,8,describer,3,FALSE,NA,605
"Yeah, a barn.",8,describer,4,FALSE,NA,605
A farm.,8,describer,5,FALSE,NA,605
"Uh, the dog riding a dog.",8,describer,1,FALSE,NA,606
Ballet dancer?,8,describer,1,FALSE,NA,607
Yeah.,7,matcher,2,TRUE,NA,607
This register scanner thing.,8,describer,1,FALSE,NA,608
The balloon dog.,8,describer,1,FALSE,NA,609
The balloon dog.,8,describer,2,FALSE,NA,609
"Uh, um, two bunny ears.",8,describer,1,FALSE,NA,610
Two bunny ears.,8,describer,2,FALSE,NA,610
Definitely not a pup.,8,describer,3,FALSE,NA,610
"Yeah, he's like drinking tea.",8,describer,4,FALSE,NA,610
He's only drinking tea.,8,describer,5,FALSE,NA,610
Yeah.,8,describer,6,TRUE,NA,610
"Uh, sunglasses.",8,describer,1,FALSE,NA,611
"Uh, weiner dog?",8,describer,1,TRUE,NA,612
"Uh, traffic light?",8,describer,1,FALSE,NA,613
"Uh, Nessie?",8,describer,1,FALSE,NA,614
"Uh, the really sad guy.",8,describer,1,FALSE,NA,615
Sad boy.,8,describer,2,FALSE,NA,615
I'm just gonna deal with the block guy.,8,describer,1,FALSE,NA,616
"No arms, no legs.",8,describer,2,FALSE,NA,616
Blah blah.,8,describer,3,FALSE,NA,616
Just call him a blob.,8,describer,4,FALSE,NA,616
"Ah, mushroom house.",8,describer,1,FALSE,NA,617
"Uh, waiter?",8,describer,1,FALSE,NA,618
"Uh, the back kick.",8,describer,1,FALSE,NA,619
Karate guy.,8,describer,2,FALSE,NA,619
"Although he kinda looks whimsical, too.",8,describer,3,FALSE,NA,619
"Uh, is that one bunny ear?",8,describer,1,FALSE,NA,620
"Uh, it's the other dancing guy with the weird copper sword on the left.",8,describer,1,FALSE,NA,621
"Bunny, two ears.",7,describer,1,FALSE,NA,622
Backkick guy.,7,describer,1,FALSE,NA,623
Yeah.,8,matcher,2,TRUE,NA,623
Ballet guy.,7,describer,1,FALSE,NA,624
"They don't have to be guys, but they're guys.",7,describer,2,TRUE,NA,624
They're dudes.,7,describer,3,TRUE,NA,624
Sunglasses.,7,describer,1,FALSE,NA,625
Mushroom House.,7,describer,1,FALSE,NA,626
Dusty.,7,describer,1,FALSE,NA,627
Topic light.,7,describer,1,FALSE,NA,628
Dog on dog.,7,describer,1,FALSE,NA,629
Bent knee guy.,7,describer,1,FALSE,NA,630
One ear bunny.,7,describer,1,FALSE,NA,631
A reading bunny.,7,describer,2,FALSE,NA,631
A literate bunny.,7,describer,3,FALSE,NA,631
Regular house or barn,7,describer,1,FALSE,NA,632
Sad boy,7,describer,1,FALSE,NA,633
Kneeling Blob,7,describer,1,FALSE,NA,634
Balloon dog,7,describer,1,FALSE,NA,635
wiener dog,7,describer,1,FALSE,NA,636
Waiter guy.,7,describer,1,FALSE,NA,637
Other dancer.,7,describer,1,FALSE,NA,638
cash thing register scanner okay,7,describer,1,FALSE,NA,639
This is the other dancer with the weird trapezoid on the left.,8,describer,1,FALSE,NA,640
Mushroom house.,8,describer,1,FALSE,NA,641
"Mushroom, mushroom.",8,describer,2,FALSE,NA,641
Sweeter dog?,8,describer,1,FALSE,NA,642
"Uh, kneeling guy, just blocks.",8,describer,1,FALSE,NA,643
"Wait, I didn't hear.",7,matcher,2,TRUE,NA,643
Blob?,8,describer,3,FALSE,NA,643
"Yeah, just like a block.",8,describer,4,FALSE,NA,643
A blob.,8,describer,5,FALSE,NA,643
Yeah.,8,describer,6,TRUE,NA,643
A blob guy.,8,describer,7,FALSE,NA,643
uh the one bunny ear,8,describer,1,FALSE,NA,644
the one,7,matcher,2,FALSE,NA,644
yeah just the one,8,describer,3,FALSE,NA,644
uh the cash register scanner,8,describer,1,FALSE,NA,645
The traffic light.,8,describer,1,FALSE,NA,646
A regular house.,8,describer,1,FALSE,NA,647
sunglasses.,8,describer,1,FALSE,NA,648
The kneeling guy to the right.,8,describer,1,FALSE,NA,649
The non-blob guy.,8,describer,1,FALSE,NA,650
"Yeah, they'll fit these.",7,matcher,2,FALSE,NA,650
Waiter,8,describer,1,FALSE,NA,651
Ballet dancer,8,describer,1,FALSE,NA,652
That bullet dog.,8,describer,1,FALSE,NA,653
The sad guy.,8,describer,1,FALSE,NA,654
They wouldn't be sad if they all hung out with each other.,8,describer,2,TRUE,NA,654
"Uh, the two buddies.",8,describer,1,FALSE,NA,655
Nessie,8,describer,1,FALSE,NA,656
And the two dogs.,8,describer,1,FALSE,NA,657
A bent knee guy.,7,describer,1,FALSE,NA,658
A tulip.,7,describer,1,FALSE,NA,659
Surprise tulip.,7,describer,2,FALSE,NA,659
"Oh, yeah.",8,matcher,3,TRUE,NA,659
Sneaky.,8,matcher,4,TRUE,NA,659
Dog on dog.,7,describer,1,FALSE,NA,660
Yes.,8,matcher,2,TRUE,NA,660
Traffic light.,7,describer,1,FALSE,NA,661
A sad bunny sitting towards the right.,7,describer,1,FALSE,NA,662
"Uh, ah, I see it.",8,matcher,2,TRUE,NA,662
"A guy, like, kicking to the right, like, a leg extended.",7,describer,1,FALSE,NA,663
"Kind of like he's, like, breakdancing?",8,matcher,2,FALSE,NA,663
"Yeah, breakdancing guy.",7,describer,3,FALSE,NA,663
Okay.,8,matcher,4,TRUE,NA,663
"Um, it's like the kneeling bent knee bowl guy, but then has an extra thing sticking out of the left.",7,describer,1,FALSE,NA,664
Like he's facing the right.,7,describer,2,FALSE,NA,664
He's facing the right.,7,describer,3,FALSE,NA,664
And has like a weird triangle thing on his butt.,7,describer,4,FALSE,NA,664
He's holding a bowl.,7,describer,5,FALSE,NA,664
A big bowl.,7,describer,6,FALSE,NA,664
"Oh, okay.",8,matcher,7,TRUE,NA,664
"It's like a guy holding a bowl, but then to the left.",7,describer,1,FALSE,NA,665
"And on the right, he's just a triangle.",7,describer,2,FALSE,NA,665
Okay.,8,matcher,3,TRUE,NA,665
"Like a judge, actually.",7,describer,4,FALSE,NA,665
"Guy doing a weird spooky dance with his, like, legs up high.",7,describer,1,FALSE,NA,666
Yeah.,8,matcher,2,TRUE,NA,666
Yeah.,8,matcher,3,TRUE,NA,666
Sunglasses.,7,describer,1,FALSE,NA,667
Feeling blob guy.,7,describer,1,FALSE,NA,668
A cool guy with a backpack.,7,describer,1,FALSE,NA,669
Yep.,8,matcher,2,TRUE,NA,669
"Uh, our second dancer guy?",7,describer,1,FALSE,NA,670
With a trapezoid on his side?,8,matcher,2,FALSE,NA,670
"Uh, yeah.",7,describer,3,TRUE,NA,670
weiner dog.,7,describer,1,FALSE,NA,671
"Monopoly guy is, like, running.",7,describer,1,FALSE,NA,672
"Uh, yeah.",8,matcher,2,TRUE,NA,672
"Uh, one ear bunny.",7,describer,1,FALSE,NA,673
One ear?,8,matcher,2,FALSE,NA,673
One ear.,7,describer,3,FALSE,NA,673
"Yeah, reading bunny.",7,describer,4,FALSE,NA,673
A guy on a boat.,7,describer,1,FALSE,NA,674
The origami boat.,7,describer,2,FALSE,NA,674
"Ah, yeah.",8,matcher,3,TRUE,NA,674
A gourd?,7,describer,1,FALSE,NA,675
A fruit?,7,describer,2,FALSE,NA,675
"Um, it's like a guy dancing also with his arms stretched out, but he's kind of kneeling, and he's facing the right.",7,describer,1,FALSE,NA,676
"Oh yeah, I see it.",8,matcher,2,TRUE,NA,676
Waiter Guy,7,describer,1,FALSE,NA,677
Nessie,7,describer,1,FALSE,NA,678
Cash scanner thing.,7,describer,1,FALSE,NA,679
Dumpling.,7,describer,1,FALSE,NA,680
Dumpling.,7,describer,2,FALSE,NA,680
Mushroom House.,7,describer,1,FALSE,NA,681
It's like the Jesus with his arms up guy.,7,describer,1,FALSE,NA,682
Bat kick guy.,7,describer,1,FALSE,NA,683
"Um, it looks like a water fountain to me.",7,describer,1,FALSE,NA,684
It's got a- it's like a diamond at the top and then a rectangle on the right.,7,describer,2,FALSE,NA,684
Two ears bunny.,7,describer,1,FALSE,NA,685
Um...,8,matcher,2,TRUE,NA,685
It's like a sad dog riding a dog.,7,describer,1,FALSE,NA,686
"Uh, I see it.",8,matcher,2,TRUE,NA,686
Don't be sad.,8,matcher,3,TRUE,NA,686
Sad boy!,7,describer,1,FALSE,NA,687
Balloon dog.,7,describer,1,FALSE,NA,688
Yep.,8,matcher,2,TRUE,NA,688
"Uh, another water fountain, but it's like just a rectangle on the left and then asymmetrical on the right.",7,describer,1,FALSE,NA,689
Okay.,8,matcher,2,TRUE,NA,689
Ballet dancer.,7,describer,1,FALSE,NA,690
Regular house.,7,describer,1,FALSE,NA,691
A pooping swan.,7,describer,1,FALSE,NA,692
Yeah.,8,matcher,2,TRUE,NA,692
A weird wrench thing?,7,describer,1,FALSE,NA,693
"Yeah, I see it.",8,matcher,2,TRUE,NA,693
Yay.,8,matcher,3,TRUE,NA,693
"I can hold that, I'm fine.",8,matcher,4,TRUE,NA,693
"The other bunny-looking one, there are two ears that are small triangles,",10,describer,1,FALSE,NA,710
"and then on the left side of the figure, there's a little square that's balancing on top of another triangle that's part of the body.",10,describer,2,FALSE,NA,710
"Sorry, it's not letting me move from left to right.",9,matcher,3,TRUE,NA,710
"Okay, got it.",9,matcher,4,TRUE,NA,710
"Is there a square in this one, Karina?",9,matcher,5,FALSE,NA,710
"Yeah, there's a square on the left side.",10,describer,6,FALSE,NA,710
"Okay, got it.",9,matcher,7,TRUE,NA,710
"Looks like a person holding, like, a triangle, and it kind of looks like their knee is bent, so...",10,describer,1,FALSE,NA,711
"Okay, got it.",9,matcher,2,TRUE,NA,711
"Um, this one's, like, skinny, but it's tilted.",10,describer,1,FALSE,NA,712
"So... Um, kind of looks like a pair of sunglasses.",10,describer,2,FALSE,NA,712
"Okay, I think I got it.",9,matcher,3,TRUE,NA,712
Got it.,9,matcher,4,TRUE,NA,712
This one's pretty symmetric.,10,describer,1,FALSE,NA,713
It's a hexagon that's flat.,10,describer,2,FALSE,NA,713
and then on top of that there's a triangle and a square.,10,describer,3,FALSE,NA,713
Can you say that one more time?,9,matcher,4,TRUE,NA,713
"It's a flat hexagon on the bottom, and then on top of that there's a little triangle and then a diamond.",10,describer,5,FALSE,NA,713
"It's symmetric, you said?",9,matcher,6,FALSE,NA,713
Yeah.,10,describer,7,FALSE,NA,713
"Um, looks like a person riding",10,describer,1,FALSE,NA,714
horse or something.,10,describer,2,FALSE,NA,714
Okay.,9,matcher,3,TRUE,NA,714
And the horse has a little triangle for a tail and a triangle for a head.,10,describer,4,FALSE,NA,714
Got it.,9,matcher,5,TRUE,NA,714
Looks like a figure that's standing up has like a square for a head and two little triangles for feet that look like flippers.,10,describer,1,FALSE,NA,715
"Okay, got it.",9,matcher,2,TRUE,NA,715
There are two heads in this one.,10,describer,1,FALSE,NA,716
There's one diamond and one upside down triangle.,10,describer,2,FALSE,NA,716
They're on like different levels.,10,describer,3,FALSE,NA,716
So the diamond is toward the right and it's tall.,10,describer,4,FALSE,NA,716
"And the upside-down triangle's on the left, it's shorter.",10,describer,5,FALSE,NA,716
"Got it, okay.",9,matcher,6,TRUE,NA,716
"Um, just one head in this one, it's a diamond that's slightly to the left.",10,describer,1,FALSE,NA,717
"Um, it's on top of, like, a triangle-y thingy that melts into the body.",10,describer,2,FALSE,NA,717
Okay.,9,matcher,3,TRUE,NA,717
This one's another house and there's a big tall rectangle to the right of it.,10,describer,1,FALSE,NA,718
Got it.,9,matcher,2,TRUE,NA,718
"Kinda looks again like someone riding a horse, except this time the person's head is just on top of a parallelogram.",10,describer,1,FALSE,NA,719
looks fairly almost symmetric there are like three points um,10,describer,1,FALSE,NA,720
except it's coming out of something on the right side,10,describer,2,FALSE,NA,720
it's kind of like a ghost coming out of um like a bottle or something it's so much,10,describer,3,FALSE,NA,720
oh i see okay,9,matcher,4,FALSE,NA,720
Looks like some sort of animal.,10,describer,1,FALSE,NA,721
It has two legs and a tall neck and a head on the left side.,10,describer,2,FALSE,NA,721
Okay.,9,matcher,3,TRUE,NA,721
"Oh yeah, that's really similar.",10,describer,4,TRUE,NA,721
Looks like a very squat person holding a book.,10,describer,1,FALSE,NA,722
Their lower body...,10,describer,2,FALSE,NA,722
Very strange looking.,10,describer,3,FALSE,NA,722
There's a diamond head and then below that there's kind of a weird quadrilateral.,10,describer,1,FALSE,NA,723
Another weird quadrilateral below that.,10,describer,2,FALSE,NA,723
It's very asymmetric.,10,describer,3,FALSE,NA,723
And then a triangle and a little triangle on the bottom right corner.,10,describer,4,FALSE,NA,723
Okay.,9,matcher,5,FALSE,NA,723
It has a diamond at the top?,9,matcher,6,FALSE,NA,723
Yeah.,10,describer,7,FALSE,NA,723
Looks like a seesaw that's been turned lopsided towards the right.,10,describer,1,FALSE,NA,724
Got it.,9,matcher,2,TRUE,NA,724
Kind of just looks like a potato that grew a diamond for a head.,10,describer,1,FALSE,NA,725
"This is another one that looks like someone holding a book, except their upper body is stretched and the book is a square on the bottom left.",10,describer,1,FALSE,NA,726
They're kind of like bent over.,10,describer,2,FALSE,NA,726
And they have a triangle for a head?,10,describer,3,FALSE,NA,726
Yeah.,9,matcher,4,FALSE,NA,726
Looks like someone balancing on one leg.,10,describer,1,FALSE,NA,727
And they have two like triangles for arms and a diamond for a head.,10,describer,2,FALSE,NA,727
Okay.,9,matcher,3,TRUE,NA,727
A rectangle with a long neck on the left side.,10,describer,1,FALSE,NA,728
It kind of looks like an L. Yeah.,10,describer,2,FALSE,NA,728
Looks like someone shrugging and they're kind of tilted.,10,describer,1,FALSE,NA,729
"Okay, this looks like somebody that's kneeling.",9,describer,1,FALSE,NA,730
They have a diamond head and it's a triangle that's returning to the right.,9,describer,2,FALSE,NA,730
So a diamond head stacked on top of another diamond.,9,describer,3,FALSE,NA,730
It looks like a kneeling person.,9,describer,4,FALSE,NA,730
And they're like two triangular shapes on the right hand side.,9,describer,5,FALSE,NA,730
Okay.,10,matcher,6,TRUE,NA,730
Looks like they're kneeling.,9,describer,7,FALSE,NA,730
Are there two triangles or something?,10,matcher,8,FALSE,NA,730
"Yeah, it kind of looks like something's kneeling, looking upwards almost.",9,describer,9,FALSE,NA,730
"But yeah, a diamond sort of head, and then there's two triangular shapes that are protruding to the right.",9,describer,10,FALSE,NA,730
"This looks almost like a candlestick, but it has another shape off to the left.",9,describer,1,FALSE,NA,731
So overall a candle.,9,describer,2,FALSE,NA,731
"Yeah, awesome.",9,describer,3,TRUE,NA,731
This looks like a bunny rabbit and it has a triangular shaped body.,9,describer,1,FALSE,NA,732
"This looks like somebody riding a horse or a bull, and it has a triangle as a tail.",9,describer,1,FALSE,NA,733
"Okay, this has a diamond as a head.",9,describer,1,FALSE,NA,734
It's attached to something that looks kind of like a trapezoid.,9,describer,2,FALSE,NA,734
"If you want to think about it as a person, it looks like somebody has one knee out and is stepping forward.",9,describer,3,FALSE,NA,734
Yep.,9,describer,4,TRUE,NA,734
This looks like somebody that's shrugging.,9,describer,1,FALSE,NA,735
What's a runner?,10,matcher,2,TRUE,NA,735
"Shrugging, yeah.",9,describer,3,FALSE,NA,735
Has a diamond-shaped head and is kind of tilted.,9,describer,4,FALSE,NA,735
"Oh, shrugging.",10,matcher,5,TRUE,NA,735
"Shrugging, yep.",9,describer,6,TRUE,NA,735
"This also looks somewhat like a candlestick figure, so it has a diamond head, but its body is thicker and it's not regularly shaped.",9,describer,1,FALSE,NA,736
"So the left-hand side is completely straight as a line, but the right-hand side has some curves on it.",9,describer,2,FALSE,NA,736
"Oh, got it.",10,matcher,3,TRUE,NA,736
This looks like a ghost or like a tulip shaped flower.,9,describer,1,FALSE,NA,737
"It's angled towards the right, if that makes sense.",9,describer,2,FALSE,NA,737
"So it's not perfectly symmetrical, but the top looks like a tulip and there's some stuff on the right side.",9,describer,3,FALSE,NA,737
This looks like a scale that's tilted off to the right.,9,describer,1,FALSE,NA,738
"This has a diamond as its head, and then immediately off to the right there's a triangle, but it's all attached to something that looks pretty irregularly shaped.",9,describer,1,FALSE,NA,739
"Yeah, it almost looks like if it were a person, somebody with a ponytail.",9,describer,2,FALSE,NA,739
So a diamond with a triangle attached to the right-hand side.,9,describer,3,FALSE,NA,739
"And just the rest of it, just one big blob.",9,describer,4,FALSE,NA,739
"Sorry, it's just a diamond shape with a triangle attached to the right-hand side in its bottom corner.",9,describer,5,FALSE,NA,739
The bottom corner?,10,matcher,6,FALSE,NA,739
"Yeah, so just looking at the diamond as a head, it has a triangle, an equilateral triangle that's attached to its bottom corner.",9,describer,7,FALSE,NA,739
Is it one of the smaller ones?,10,matcher,8,FALSE,NA,739
It's one of the smaller ones.,9,describer,9,FALSE,NA,739
It's a little bit shorter than the other ones.,9,describer,10,FALSE,NA,739
"This looks like somebody that might be kicking something, so",9,describer,1,FALSE,NA,740
"His left leg is slightly higher than the right, and he's standing on his right leg.",9,describer,2,FALSE,NA,740
"There's a square off to the right hand side, but it looks like a person that's just lifting his leg up.",9,describer,3,FALSE,NA,740
"This looks like somebody with a diamond head that might be holding a bowl, so there's a triangle on the left hand side, slightly below the diamond head.",9,describer,1,FALSE,NA,741
What do you say they would be holding?,10,matcher,2,FALSE,NA,741
"It's kind of like a person's shape, so he has a diamond head and then there's a triangle slightly below him, almost like somebody's holding a cup or a glass.",9,describer,3,FALSE,NA,741
"Oh, I see.",10,matcher,4,TRUE,NA,741
This is a symmetrical shape.,9,describer,1,FALSE,NA,742
It looks like it's a diamond atop.,9,describer,2,FALSE,NA,742
"Oops, sorry.",10,matcher,3,TRUE,NA,742
This looks like an upside down pine tree.,9,describer,1,FALSE,NA,743
It's also a symmetrical shape.,9,describer,2,FALSE,NA,743
"This looks like somebody that is maybe walking, so their stride is split.",9,describer,1,FALSE,NA,744
"If they have two legs, it's split.",9,describer,2,FALSE,NA,744
And it has a diamond head with,9,describer,3,FALSE,NA,744
a more triangular body.,9,describer,4,FALSE,NA,744
This looks like a scuba diver so their feet have little triangle slippers.,9,describer,1,FALSE,NA,745
This looks like a swan or some sort of bird.,9,describer,1,FALSE,NA,746
"So on the right-hand side, it should look like something with an animal with a long neck.",9,describer,2,FALSE,NA,746
And there's a small triangle in the bottom left corner of the shape.,9,describer,3,FALSE,NA,746
"This looks like a crab, and it's a symmetrical shape.",9,describer,1,FALSE,NA,747
"Um, this is the one you said looked like it had a ponytail.",10,describer,1,FALSE,NA,748
"So diamond head, triangle on the right side.",10,describer,2,FALSE,NA,748
Got it.,9,matcher,3,TRUE,NA,748
This is the person holding a wine glass.,10,describer,1,FALSE,NA,749
A scuba diver.,10,describer,1,FALSE,NA,750
A one that's riding a bull or horse.,10,describer,1,FALSE,NA,751
"Oh, sorry.",9,matcher,2,TRUE,NA,751
I pressed the wrong button.,9,matcher,3,TRUE,NA,751
This is the upside-down pie tree.,10,describer,1,FALSE,NA,752
The swan that's tilted to the right.,10,describer,1,FALSE,NA,753
The swan?,9,matcher,2,FALSE,NA,753
Yep.,10,describer,3,TRUE,NA,753
"Uh, the symmetrical one with a flattened hexagon as the face.",10,describer,1,FALSE,NA,754
Okay.,9,matcher,2,TRUE,NA,754
It's a person taking a big step and has a triangle for a body.,10,describer,1,FALSE,NA,755
A person who's picking up what?,9,matcher,2,FALSE,NA,755
A big step.,10,describer,3,FALSE,NA,755
Say that one more time.,9,matcher,4,FALSE,NA,755
Big step or running.,10,describer,5,FALSE,NA,755
"Okay, gotcha.",9,matcher,6,TRUE,NA,755
Diamond Head has a squat body that's asymmetric.,10,describer,1,FALSE,NA,756
Left side is straight.,10,describer,2,FALSE,NA,756
Right side has nothing to say.,10,describer,3,FALSE,NA,756
Just a candlestick with extra stuff on the left side.,10,describer,1,FALSE,NA,757
A bunny facing the right.,10,describer,1,FALSE,NA,758
Say that one more time.,9,matcher,2,FALSE,NA,758
It's like a rabbit facing the right with a triangle as a body.,10,describer,3,FALSE,NA,758
Looks like a tulip.,10,describer,1,FALSE,NA,759
Looks like a what?,9,matcher,2,TRUE,NA,759
Tulip.,10,describer,3,TRUE,NA,759
Can you say that one more time?,9,matcher,4,TRUE,NA,759
Tulip.,10,describer,5,TRUE,NA,759
Or a ghost.,10,describer,6,FALSE,NA,759
Did he say a dress?,9,matcher,7,TRUE,NA,759
Tulip or a ghost.,10,describer,8,FALSE,NA,759
A tulip.,10,describer,9,FALSE,NA,759
"Okay, thank you.",9,matcher,10,TRUE,NA,759
Symmetric and looks like a crab.,10,describer,1,FALSE,NA,760
It's the person shrugging and tilted to the left.,10,describer,1,FALSE,NA,761
"Then overturn, scale, or seesaw.",10,describer,1,FALSE,NA,762
Can you say that one more time?,9,matcher,2,TRUE,NA,762
It's a tilted seesaw or a scale.,10,describer,3,FALSE,NA,762
Gotcha.,9,matcher,4,TRUE,NA,762
Like a person picking something.,10,describer,1,FALSE,NA,763
It's the weird one that has a diamond as a head slightly to the left and then a triangle below it and a triangle to the right.,10,describer,1,FALSE,NA,764
"Oh, sorry.",9,matcher,2,TRUE,NA,764
Okay.,9,matcher,3,TRUE,NA,764
Like a person with one leg extended to the right.,10,describer,1,FALSE,NA,765
That's straight.,10,describer,2,TRUE,NA,765
"Okay, this looks like a candlestick, and there's some stuff on the left-hand side that it's protruding out.",9,describer,1,FALSE,NA,766
Got it.,10,matcher,2,TRUE,NA,766
"This looks like a bunny or a rabbit, and it's facing the right.",9,describer,1,FALSE,NA,767
This looks like a person facing the right and is taking a step.,9,describer,1,FALSE,NA,768
This is a person riding a bull or horse.,9,describer,1,FALSE,NA,769
This is a person who looks like he's standing on one leg.,9,describer,1,FALSE,NA,770
It is facing the left.,9,describer,2,FALSE,NA,770
This is symmetrical.,9,describer,1,FALSE,NA,771
It has a hexagonal base.,9,describer,2,FALSE,NA,771
It has a diamond on top.,9,describer,3,FALSE,NA,771
Got it.,10,matcher,4,TRUE,NA,771
"This looks like a person holding a bowl, so it has a diamond on the right side and then a triangle shape on the left side that's a little lower.",9,describer,1,FALSE,NA,772
This looks like a person shrugging and off to the left.,9,describer,1,FALSE,NA,773
This looks like somebody is taking a step or walking and they're going to the left.,9,describer,1,FALSE,NA,774
"This is one of the really weird shapes, so it's a little bit wider.",9,describer,1,FALSE,NA,775
"It has a diamond at the top and the left is a straight line, but the right has some curves.",9,describer,2,FALSE,NA,775
This is the scuba diver shape.,9,describer,1,FALSE,NA,776
This is the crab shape.,9,describer,1,FALSE,NA,777
It's symmetrical.,9,describer,2,FALSE,NA,777
This is the scale or the seesaw shape that's tilted off to the right side.,9,describer,1,FALSE,NA,778
"This is a shorter shape, so it's not as long or as tall as the other ones.",9,describer,1,FALSE,NA,779
"It has a square and then a diamond, sorry, a square and then a triangle attached to the bottom corner of the shape.",9,describer,2,FALSE,NA,779
"And a triangle off to the left-hand side, too.",9,describer,3,FALSE,NA,779
Looks like a girl with a ponytail.,9,describer,4,FALSE,NA,779
Okay.,10,matcher,5,TRUE,NA,779
This looks like a ghost or the tulip shape.,9,describer,1,FALSE,NA,780
Yep.,10,matcher,2,TRUE,NA,780
This is the upside down pine tree.,9,describer,1,FALSE,NA,781
This looks like somebody kneeling and facing to the right hand side.,9,describer,1,FALSE,NA,782
There's two triangles on the right side.,9,describer,2,FALSE,NA,782
This is the swan shape with the little triangle on the bottom left.,9,describer,1,FALSE,NA,783
The person stepping toward the left.,10,describer,1,FALSE,NA,784
This is the candlestick with stuff on the left.,10,describer,1,FALSE,NA,785
Say that one more time.,9,matcher,2,TRUE,NA,785
The candlestick with stuff on the left.,10,describer,3,TRUE,NA,785
"Also like a candlestick, but wider with a straight left and stuff missing on the right.",10,describer,1,FALSE,NA,786
The person stepping toward the right,10,describer,1,FALSE,NA,787
The person that's kicking something one foot off the ground on the left side.,10,describer,1,FALSE,NA,788
A girl with a ponytail.,10,describer,1,FALSE,NA,789
Person holding a bowl.,10,describer,1,FALSE,NA,790
The symmetric crab.,10,describer,1,FALSE,NA,791
The bunny.,10,describer,1,FALSE,NA,792
Say that again.,9,matcher,2,TRUE,NA,792
Bunny.,10,describer,3,TRUE,NA,792
The person riding a bull.,10,describer,1,FALSE,NA,793
A person shrugging.,10,describer,1,FALSE,NA,794
A tulip shape.,10,describer,1,FALSE,NA,795
Symmetric with a hexagon on the bottom.,10,describer,1,FALSE,NA,796
A weird one with diamond and then two triangles on the bottom.,10,describer,1,FALSE,NA,797
Like a person kneeling.,10,describer,2,FALSE,NA,797
The swan tilted toward the right.,10,describer,1,FALSE,NA,798
A scale tilted toward the right.,10,describer,1,FALSE,NA,799
Scuba diver.,10,describer,1,FALSE,NA,800
Upside down pine tree.,10,describer,1,FALSE,NA,801
Cool.,9,matcher,2,TRUE,NA,801
"A person riding a horse, herbal.",9,describer,1,FALSE,NA,802
A person taking a step to the left.,9,describer,1,FALSE,NA,803
Somebody that's shrugging.,9,describer,1,FALSE,NA,804
Somebody kicking something to the left and is standing on one leg.,9,describer,1,FALSE,NA,805
Facing the left side.,9,describer,2,FALSE,NA,805
Got it.,10,matcher,3,TRUE,NA,805
"This is a wider one and it has a straight side on the left, but it has some ridges on the right.",9,describer,1,FALSE,NA,806
"Looks like a candlestick, right?",10,matcher,2,FALSE,NA,806
A person holding a bowl or a cup.,9,describer,1,FALSE,NA,807
A swan.,9,describer,1,FALSE,NA,808
A candlestick.,9,describer,1,FALSE,NA,809
"Somebody that's kneeling, it has two triangles on the right side.",9,describer,1,FALSE,NA,810
This is the hexagonal base and it's symmetrical.,9,describer,1,FALSE,NA,811
Upside down pipe country.,9,describer,1,FALSE,NA,812
This is the girl with the ponytail.,9,describer,1,FALSE,NA,813
The tulip or the ghost shape.,9,describer,1,FALSE,NA,814
This is the bunny rabbit.,9,describer,1,FALSE,NA,815
Facing the right.,9,describer,2,FALSE,NA,815
This is the scale that's tilted to the right.,9,describer,1,FALSE,NA,816
The scuba diver.,9,describer,1,FALSE,NA,817
Somebody taking a step to the right.,9,describer,1,FALSE,NA,818
The crab shape is symmetrical.,9,describer,1,FALSE,NA,819
The person kneeling with two triangles on the right.,10,describer,1,FALSE,NA,820
The candlestick with stuff on the left.,10,describer,1,FALSE,NA,821
The person holding a bowl.,10,describer,1,FALSE,NA,822
Person taking a step to the right.,10,describer,1,FALSE,NA,823
The bunny rabbit.,10,describer,1,FALSE,NA,824
The girl with the ponytail.,10,describer,1,FALSE,NA,825
The person shrugging.,10,describer,1,FALSE,NA,826
The scale that's tilted to the right.,10,describer,1,FALSE,NA,827
The wider candlestick with a straight left side.,10,describer,1,FALSE,NA,828
The person stepping to the left.,10,describer,1,FALSE,NA,829
Hexagon as a base and symmetric.,10,describer,1,FALSE,NA,830
Upside down pine tree.,10,describer,1,FALSE,NA,831
Person riding a bull.,10,describer,1,FALSE,NA,832
Scuba diver.,10,describer,1,FALSE,NA,833
person kicking something to the left.,10,describer,1,FALSE,NA,834
Symmetric crab,10,describer,1,FALSE,NA,835
The Tulip.,10,describer,1,FALSE,NA,836
The Tilted Swan.,10,describer,1,FALSE,NA,837
"The Swan, yep.",10,describer,2,FALSE,NA,837
This is a person stepping to the left.,9,describer,1,FALSE,NA,838
This is somebody stepping to the right.,9,describer,1,FALSE,NA,839
This is a really skinny shape.,9,describer,1,FALSE,NA,840
It has two triangles on each side.,9,describer,2,FALSE,NA,840
This looks like a person that's sitting down to the left.,9,describer,1,FALSE,NA,841
This is a symmetrical shape with a hexagonal base.,9,describer,1,FALSE,NA,842
This is a little girl with a ponytail.,9,describer,1,FALSE,NA,843
This looks like somebody that's kicking something behind them with two triangles on the left side of their body.,9,describer,1,FALSE,NA,844
This looks like the lowercase letter I.,9,describer,1,FALSE,NA,845
It's all connected as one shape.,9,describer,2,FALSE,NA,845
"So, okay.",10,matcher,3,TRUE,NA,845
It has like a diamond as a head.,9,describer,4,FALSE,NA,845
"Yeah, it has a diamond as a head and it looks like the letter I.",9,describer,5,FALSE,NA,845
This looks like the letter C but with the bottom part cut off.,9,describer,1,FALSE,NA,846
This is a swan.,9,describer,1,FALSE,NA,847
This looks like a crab.,9,describer,1,FALSE,NA,848
This looks like a person riding a horse.,9,describer,1,FALSE,NA,849
This looks like a dog.,9,describer,1,FALSE,NA,850
Its feet are flat on the ground.,9,describer,2,FALSE,NA,850
It's facing the left.,9,describer,3,FALSE,NA,850
This is like a person kneeling and facing the right with two triangles on the right.,9,describer,1,FALSE,NA,851
This is the tulip or the ghost sheep.,9,describer,1,FALSE,NA,852
This is the bunny rabbit.,9,describer,1,FALSE,NA,853
This looks like the candlestick.,9,describer,1,FALSE,NA,854
The scuba diver.,9,describer,1,FALSE,NA,855
This looks like a house and it has a long rectangle to the right side.,9,describer,1,FALSE,NA,856
This looks like the other candlestick shape except it has a straight line on the left side and it's wider.,9,describer,1,FALSE,NA,857
This looks like a pair of sunglasses.,9,describer,1,FALSE,NA,858
"This kind of looks like the bunny rabbit shape, except it has a diamond and a triangle as the two ears.",9,describer,1,FALSE,NA,859
"This is like the house shape, except it has an arrow on the left.",9,describer,1,FALSE,NA,860
This looks like somebody with a triangle head who's holding a book.,9,describer,1,FALSE,NA,861
It has a small head but a bigger body.,9,describer,2,FALSE,NA,861
This looks like an animal.,9,describer,1,FALSE,NA,862
"It's facing the left side, but it's not like the dog shape.",9,describer,2,FALSE,NA,862
It has triangles as legs.,9,describer,3,FALSE,NA,862
This is a person holding a cup.,9,describer,1,FALSE,NA,863
Somebody shrugging.,9,describer,1,FALSE,NA,864
This is somebody that's squatting and has two triangles to the right.,9,describer,1,FALSE,NA,865
They're facing the right as well.,9,describer,2,FALSE,NA,865
This is a scale tilted to the right.,9,describer,1,FALSE,NA,866
Somebody that's taking something to the left and is standing on one leg.,9,describer,1,FALSE,NA,867
A person riding a horse or a bull.,9,describer,1,FALSE,NA,868
"Okay, this looks like a llama with no legs.",9,describer,1,FALSE,NA,869
It's facing the left.,9,describer,2,FALSE,NA,869
It has a rectangular body.,9,describer,3,FALSE,NA,869
It looks like a llama.,9,describer,4,FALSE,NA,869
It has a recta- yeah.,9,describer,5,FALSE,NA,869
"Um, this looks like it has bunny rabbit ears, two triangles as ears, and has a square book below it.",9,describer,1,FALSE,NA,870
"This has a diamond head, and it's on...",9,describer,1,FALSE,NA,871
I guess in the bottom right corner there's a triangle.,9,describer,2,FALSE,NA,871
Upside down pine tree.,9,describer,1,FALSE,NA,872
Looks like a person holding a towel facing the left and is standing.,9,describer,1,FALSE,NA,873
Good.,10,matcher,2,TRUE,NA,873
"Okay, so it has like a rhombus on top.",12,describer,1,FALSE,NA,874
It kind of looks like someone who's like begging almost.,12,describer,2,FALSE,NA,874
Kind of a tilted trapezoid on bottom.,12,describer,3,FALSE,NA,874
Kind of a fairly streamlined middle section.,12,describer,4,FALSE,NA,874
"And then on the right side, there's like a triangle on the right side.",12,describer,5,FALSE,NA,874
"Okay, I got it.",11,matcher,6,TRUE,NA,874
Triangle on the right.,12,describer,7,FALSE,NA,874
Okay.,11,matcher,8,TRUE,NA,874
"Okay, so on the top there are two separate triangles, and then there's a square kind of midway towards the middle.",12,describer,1,FALSE,NA,875
Press the wrong button.,11,matcher,2,TRUE,NA,875
"Okay, so Rhombus on the top towards the right, and then on the left around the middle there's an upside-down triangle, so the point's on the bottom.",12,describer,1,FALSE,NA,876
"So, like, Ramos on top, and then on the left, towards the middle, there's an upside-down triangle, and then on the bottom left, there's kind of, like, a foot, almost.",12,describer,2,FALSE,NA,876
It kind of looks like a person facing left.,12,describer,3,FALSE,NA,876
I'm trying to think here.,11,matcher,4,TRUE,NA,876
"And then on the right, like, the entire right side, almost, is like a",12,describer,5,FALSE,NA,876
"triangle, the triangle pointing to the right.",12,describer,6,FALSE,NA,876
Let's see here.,11,matcher,7,TRUE,NA,876
"Yeah, so I'm looking at the other ones and trying to",11,matcher,8,FALSE,NA,876
Because there's a bunch with the rhombus on top.,11,matcher,9,FALSE,NA,876
So this one has...,11,matcher,10,TRUE,NA,876
So the biggest factor is there's an upside-down triangle on the left side resting...,12,describer,11,FALSE,NA,876
"It kind of looks like it's resting on someone's lap, almost.",12,describer,12,FALSE,NA,876
And it's not...,11,matcher,13,TRUE,NA,876
The only point of contact of this triangle is on one other piece.,12,describer,14,FALSE,NA,876
And I think,11,matcher,15,TRUE,NA,876
it's the only one that i can see with that like triangle touching one piece on the left side okay that helps okay great okay so this one,12,describer,1,FALSE,NA,877
"There's two that, I mean, there's one that looks a little similar to it, I think.",12,describer,2,FALSE,NA,877
"It kind of looks like someone's, like, raising their hands up.",12,describer,3,FALSE,NA,877
"And so there are, but in this case, instead of a, actually, so on the top, there are three distinct kind of, like, triangle shapes.",12,describer,4,FALSE,NA,877
"But not, like, there's not a single rhombus shape on this figure.",12,describer,5,FALSE,NA,877
"And then on the bottom right, it looks like the right side of a",12,describer,6,FALSE,NA,877
"parallelogram, kind of trapezoid figure.",12,describer,7,FALSE,NA,877
And let's see.,12,describer,8,TRUE,NA,877
"Oh, nice.",12,describer,9,TRUE,NA,877
"Okay, so this one is towards, let's see.",12,describer,1,FALSE,NA,878
I think it's the only one that kind of looks like it.,12,describer,2,FALSE,NA,878
So the bottom part is just an upside down trapezoid.,12,describer,3,FALSE,NA,878
"And then on top of it, on the right and left side, there are two parallelograms that face in.",12,describer,4,FALSE,NA,878
And then the empty space at the top forms a trapezoid.,12,describer,5,FALSE,NA,878
"OK, yeah.",11,matcher,6,TRUE,NA,878
okay this one's got a lot going on,12,describer,1,FALSE,NA,879
okay so at the top there is a rhombus and at the bottom right there is  a triangle,12,describer,2,FALSE,NA,879
and i've sent out like a triangle pointing downward and the only point of contact with the triangle is with another triangle on the bottom right,12,describer,3,FALSE,NA,879
so like the top left of this triangle is touching the bottom right of another one in the furthest bottom right corner of the shape,12,describer,4,FALSE,NA,879
Do you need any more?,12,describer,5,TRUE,NA,879
Is there a rhombus on the top?,11,matcher,6,FALSE,NA,879
Like a tilted square?,11,matcher,7,FALSE,NA,879
"Yeah, yeah, yeah, yeah.",12,describer,8,TRUE,NA,879
"Okay, this one, it kind of looks like someone's figure skating.",12,describer,1,FALSE,NA,880
"There's a rhombus on the top left, and then on the right",12,describer,2,FALSE,NA,880
There's a triangle pointing upwards around the middle.,12,describer,3,FALSE,NA,880
Great.,12,describer,4,TRUE,NA,880
"All right, this one kind of looks like someone's walking with a backpack and they're facing the right.",12,describer,1,FALSE,NA,881
"So on top, there's a square.",12,describer,2,FALSE,NA,881
And then... All right.,12,describer,3,TRUE,NA,881
"Okay, so on this one, the furthest right shape is a triangle pointing, like, southwest.",12,describer,1,FALSE,NA,882
"And then on the left side, there's a part of a trapezoid pointing to the left.",12,describer,2,FALSE,NA,882
"And then there's, like, a square on top that's a little bit tilted.",12,describer,3,FALSE,NA,882
Let's see.,12,describer,4,TRUE,NA,882
"It's, like...",12,describer,5,TRUE,NA,882
"It doesn't really look like anything, in my opinion,",12,describer,6,FALSE,NA,882
"but I think the kind of tilted triangle on the right side, on the bottom right, pointing southwest,",12,describer,7,FALSE,NA,882
I don't see anything else like that of the options.,11,matcher,8,FALSE,NA,882
"Is there like a raw, I guess it's a parallelogram on the left side?",11,matcher,9,FALSE,NA,882
Yeah.,12,describer,10,TRUE,NA,882
Okay.,12,describer,11,TRUE,NA,882
"Okay, so this one, on the top, there is a rhombus, and its only point of contact is with a triangle pointing up, and then it just looks like a kind of like a scale on bottom.",12,describer,1,FALSE,NA,883
It's the flattest of all the shapes.,12,describer,2,FALSE,NA,883
"Yeah, I guess flattest.",12,describer,3,FALSE,NA,883
"It's more horizontal than vertical, is probably what I'm looking for.",12,describer,4,FALSE,NA,883
"Does it have, like,",11,matcher,5,FALSE,NA,883
"Two triangles on each side, like one on the left and one on the right?",11,matcher,6,FALSE,NA,883
Yeah.,12,describer,7,FALSE,NA,883
Yeah.,12,describer,8,TRUE,NA,883
"Okay, so this one, it kind of looks like someone's wearing bunny ears and is facing to their right.",12,describer,1,FALSE,NA,884
So the top has two triangles that are connected to the top left corner of a square.,12,describer,2,FALSE,NA,884
Uh-huh.,11,matcher,3,TRUE,NA,884
Yeah.,11,matcher,4,TRUE,NA,884
Great.,11,matcher,5,TRUE,NA,884
Okay.,11,matcher,6,TRUE,NA,884
"Okay, this one just looks like a four-legged animal facing the left.",12,describer,1,FALSE,NA,885
Um... Where...,11,matcher,2,TRUE,NA,885
The head is like a parallelogram pointing left.,12,describer,3,FALSE,NA,885
"Okay, so this one is tilted.",12,describer,1,FALSE,NA,886
The top part is the left.,12,describer,2,FALSE,NA,886
It goes top left to bottom right.,12,describer,3,FALSE,NA,886
And then the bottom left is a triangle pointing...,12,describer,4,FALSE,NA,886
northeast.,12,describer,5,FALSE,NA,886
It kind of looks like a tray that's been tilted.,12,describer,6,FALSE,NA,886
And let's see.,11,matcher,7,TRUE,NA,886
"Okay, so this one is",12,describer,1,TRUE,NA,887
pretty skinny vertically it has a rhombus on top that's touching,12,describer,2,FALSE,NA,887
it's not just touching at one point it's kind of touching about half of the left side of it,12,describer,3,FALSE,NA,887
and then it's a pretty like vertical structure but the bottom right has a triangle pointing right,12,describer,4,FALSE,NA,887
oh shoot that one too my b it's okay i didn't see that one,11,matcher,5,TRUE,NA,887
"Okay, this one just looks like a backwards seven, like the number.",12,describer,1,FALSE,NA,888
"So it's got like a upside down trapezoid pointing to the right on top, and then a skinny little rectangle on the left side.",12,describer,2,FALSE,NA,888
Okay this one also it kind of looks like a jumping animal where the head is on the left side,12,describer,1,FALSE,NA,889
the tail is on the right it's a triangle that's only touching at one point and it's the triangles pointing to the right.,12,describer,2,FALSE,NA,889
"Does it have, like, a square or something?",11,matcher,3,FALSE,NA,889
"Yeah, in the middle, like, the top middle.",12,describer,4,FALSE,NA,889
"Yeah, yeah, yeah.",12,describer,5,TRUE,NA,889
"Okay, this kind of looks like a person holding out a tray.",12,describer,1,FALSE,NA,890
"So the top is a rhombus, and then it's got this, like...",12,describer,2,FALSE,NA,890
little cut off upside down trapezoid and then like a square connected to the trapezoid on the left like around the middle of the shape,12,describer,3,FALSE,NA,890
um the like body of the shape is almost just a rectangle there's like a little bit of there's a triangle at top that's like touching the rhombus um but it's mostly rectangular um it,12,describer,4,FALSE,NA,890
"I'm trying to discern, because there's a few that kind of look like this.",11,matcher,5,TRUE,NA,890
"The difference, I'd say, between this and the other ones that look like it is it's a little wider.",12,describer,6,FALSE,NA,890
The left trapezoid protrudes out more than anything else of this shape.,12,describer,7,FALSE,NA,890
"And it's pointing left, whereas all the other ones point right.",12,describer,8,FALSE,NA,890
Is the,11,matcher,9,FALSE,NA,890
"Rectangle, does it have a triangle on the right, or is it just a rectangle?",11,matcher,10,FALSE,NA,890
"So, no, no, no, no, I see what you're talking about.",12,describer,11,FALSE,NA,890
"So it's like, um, the right side of the figure is completely flat, except for a triangle towards the top that's pointing up.",12,describer,12,FALSE,NA,890
"Um, and then at the bottom, okay, cool.",12,describer,13,FALSE,NA,890
"Okay, this one kind of looks like another four-legged animal, where the head is facing- is on the left side,",12,describer,1,FALSE,NA,891
"and it's a triangle pointed up, and then the tail is a parallelogram with a right side pointing towards the top right.",12,describer,2,FALSE,NA,891
Um...,11,matcher,3,TRUE,NA,891
"It's... Yeah, cool.",11,matcher,4,TRUE,NA,891
"Okay, so this is the one that you clicked earlier that was really vertical.",11,matcher,1,FALSE,NA,892
"Oh, okay.",11,matcher,2,TRUE,NA,892
And it has two... yeah.,12,describer,3,FALSE,NA,892
Sounds like a cactus.,11,matcher,4,FALSE,NA,892
"Okay, this one looks like a house with a tree on the left.",12,describer,1,FALSE,NA,893
"Okay, this one has a rhombus on top, and its only point of contact is with a flat",12,describer,1,FALSE,NA,894
rectangle.,12,describer,2,FALSE,NA,894
"On that rectangle there's also a triangle pointing to the right, but midway up it.",12,describer,3,FALSE,NA,894
"Okay, this one is the other one that I thought kind of looked like someone raising their arms up.",12,describer,1,FALSE,NA,895
"So the head is a rhombus with, like, one point of contact with kind of a flat space.",12,describer,2,FALSE,NA,895
It's tilted towards the top left.,12,describer,3,FALSE,NA,895
Yeah.,12,describer,4,TRUE,NA,895
"And, like, the... Yeah.",12,describer,5,TRUE,NA,895
Okay.,12,describer,6,TRUE,NA,895
This one's kind of tricky.,12,describer,1,FALSE,NA,896
So this one...,12,describer,2,TRUE,NA,896
has a triangle with one point of contact near the top right,12,describer,3,FALSE,NA,896
and the left side of the figure is like kind of a mix of a bunch of shapes,12,describer,4,FALSE,NA,896
um on top there's a rhombus that's like it's connecting the right triangle with everything else,12,describer,5,FALSE,NA,896
on the left um let's see and then the bottom left has a triangle pointed upward,12,describer,6,FALSE,NA,896
that's connected not to a few places.,12,describer,7,FALSE,NA,896
Alright.,12,describer,8,TRUE,NA,896
"Okay, so this one has a rhombus on the top, and a very flat, it's connected to like a very flat wide, um,",12,describer,1,FALSE,NA,897
base and then the base kind of gets skinnier towards the bottom,12,describer,2,FALSE,NA,897
where the bottom is like a cut off triangle almost um,12,describer,3,FALSE,NA,897
and then the so like the left side is completely rectangular like completely flat there's nothing,12,describer,4,FALSE,NA,897
and then the right side has some angles um kind of decreasing uh let's see,12,describer,5,FALSE,NA,897
I think it's the only one with a rhombus on top with a completely straight left side.,12,describer,6,FALSE,NA,897
"Okay, yeah.",12,describer,7,TRUE,NA,897
"Okay, this one kind of looks like a person sitting down, facing...",12,describer,1,FALSE,NA,898
the left so the top is a rhombus but it's kind of like it's a little more tilted than all the other ones,12,describer,2,FALSE,NA,898
um and then the bottom left is a triangle facing downward that's kind of connected to another straight figure um nice,12,describer,3,FALSE,NA,898
"Um, okay, this one kind of looks like an animal, so the bottom left of this one is a triangle pointed northwest, um, and it's only touching at one point.",12,describer,1,FALSE,NA,899
"I think it's the only one that's like a, like, yeah.",12,describer,2,FALSE,NA,899
"Okay, cool.",12,describer,3,TRUE,NA,899
Let's see if there are other ones.,12,describer,4,FALSE,NA,899
"Okay, this one... Let's see.",12,describer,5,TRUE,NA,899
"This one is, like, slanted, where the top is at the left and the bottom is at the...",12,describer,1,FALSE,NA,900
"So it's, like, top left to bottom right.",12,describer,2,FALSE,NA,900
Um...,12,describer,3,TRUE,NA,900
"The top left of it is a triangle pointed upward, but it's connected to, like, another trapezoid figure.",12,describer,4,FALSE,NA,900
Um...,12,describer,5,TRUE,NA,900
It...,12,describer,6,TRUE,NA,900
And then the bottom right is a triangle pointed southeast.,12,describer,7,FALSE,NA,900
"Yeah, I think I know.",11,matcher,8,TRUE,NA,900
Yeah.,12,describer,9,TRUE,NA,900
"Okay, so the top is a rhombus touching a...",12,describer,1,FALSE,NA,901
"It's touching a flat side where the left side is completely flat and then the right is like a triangle inverted, like coming back in.",12,describer,2,FALSE,NA,901
And so like the flat left side does go in to form like the empty space is a triangle on the left side before it picks up again.,12,describer,3,FALSE,NA,901
And then the lowest part of the entire figure is at the bottom right.,12,describer,4,FALSE,NA,901
And it's like a trapezoid parallelogram type figure pointed downward.,12,describer,5,FALSE,NA,901
Down and then a little bit to the right.,12,describer,6,FALSE,NA,901
I'm trying to see.,11,matcher,7,TRUE,NA,901
"Yeah, so I think Rhombus on top and then the lowest point in the figure is the bottom right with a",12,describer,8,FALSE,NA,901
kind of brought like trapezoid triangle pointing down to the right as well um let's see okay,12,describer,9,FALSE,NA,901
"Okay, so this one has Aramis on top and its point of contact is the triangle pointed upward.",12,describer,10,FALSE,NA,901
And then it kind of looks like someone's on their knees and they're facing towards the right.,12,describer,1,FALSE,NA,902
There's another triangle connected.,12,describer,2,FALSE,NA,902
Let's see.,12,describer,3,TRUE,NA,902
"Actually, there's Aramis on top connected to a triangle pointed upward.",12,describer,4,FALSE,NA,902
And then there's like,12,describer,5,TRUE,NA,902
"The left side forms, like, the blank space of the left side kind of forms a diamond, almost.",12,describer,6,FALSE,NA,902
Does it kind of look like a woman kneeling reading a book?,11,matcher,7,FALSE,NA,902
"Yes, yes.",12,describer,8,TRUE,NA,902
This is a house with a chimney on the right side.,12,describer,1,FALSE,NA,903
"Okay, this one looks like someone walking to the left.",12,describer,1,FALSE,NA,904
So the top is a rhombus.,12,describer,2,FALSE,NA,904
The bottom left is a triangle pointed downward.,12,describer,3,FALSE,NA,904
It's like...,12,describer,4,TRUE,NA,904
The middle part is the skinniest.,12,describer,5,FALSE,NA,904
It's very skinny.,12,describer,6,FALSE,NA,904
It gets very skinny in the middle.,12,describer,7,FALSE,NA,904
Does it look like a guy wearing a bag of pants?,11,matcher,8,FALSE,NA,904
"Yeah, yeah.",12,describer,9,TRUE,NA,904
This one looks like,12,describer,1,TRUE,NA,905
a dog with like something on its back so the head is on the left side and then the tail is a triangle pointed upward and it's like barely touching the rest of the figure um that's on the right side,12,describer,2,FALSE,NA,905
okay this one is,12,describer,1,TRUE,NA,906
"Got a really long, skinny rectangle on the left.",12,describer,2,FALSE,NA,906
"And then the base, it just looks like a big L. Yeah, it's just like a big L. This one kind of looks like an upside-down tree, almost.",12,describer,3,FALSE,NA,906
It's like,12,describer,4,TRUE,NA,906
"The top is a rectangle, a flat rectangle, and the bottom is like a diamond pointed down, and then there's like another similar diamond.",12,describer,1,FALSE,NA,907
There's like two of them.,12,describer,2,FALSE,NA,907
"Okay, the top of this one is a triangle that's barely touching everything else, and the triangle's pointed to the left.",12,describer,1,FALSE,NA,908
"And then the bottom, there's like a square towards the bottom.",12,describer,2,FALSE,NA,908
It looks like someone's like holding it.,12,describer,3,FALSE,NA,908
Facing the left.,12,describer,4,FALSE,NA,908
"Okay, this one looks like there's someone walking to the left, and they're, like, stepping up, and then on the back is a square that's, like, kind of touching the rest of the figure, but not really.",12,describer,1,FALSE,NA,909
"Okay, so this one has a triangle tilted to the left coming out of what looks like a trapezoid with another triangle.",11,describer,1,FALSE,NA,910
It kind of looks like a crane that's facing the right.,11,describer,2,FALSE,NA,910
"Yeah, I got it.",12,matcher,3,TRUE,NA,910
So this one looks like a guy that's wearing the backpack facing the right with a square on the top.,11,describer,1,FALSE,NA,911
"Okay, this one looks like an animal.",11,describer,1,FALSE,NA,912
Its head is facing to the left.,11,describer,2,FALSE,NA,912
It's a triangle on the top connected to a square.,11,describer,3,FALSE,NA,912
Its tail looks like an upside-down trapezoid.,11,describer,4,FALSE,NA,912
It's facing to the right.,11,describer,5,FALSE,NA,912
The left?,12,matcher,6,FALSE,NA,912
To the right.,11,describer,7,FALSE,NA,912
To the right.,11,describer,8,FALSE,NA,912
The tail's on the right.,11,describer,9,FALSE,NA,912
The tail's on the right.,11,describer,10,FALSE,NA,912
The head on top is equilateral.,11,describer,11,FALSE,NA,912
"Okay, yeah.",11,describer,12,TRUE,NA,912
okay so this one has a rhombus on top and one of its points is touching a flat surface,11,describer,1,FALSE,NA,913
it kind of looks like a um like it could have been a square but it has a white space it looks like a triangle um and then it extends into,11,describer,2,FALSE,NA,913
a trapezoid and on the right side and then like a rectangle with a triangle facing yeah down yeah is the triangle like pointed like to the bottom left yeah yeah okay,11,describer,3,FALSE,NA,913
"Okay, this one kind of looks like someone's performing a fan dance or something.",11,describer,1,FALSE,NA,914
"So the bottom left starts out with a parallelogram, and then it extends into kind of like a trapezoid.",11,describer,2,FALSE,NA,914
"And then on the right side, just touching that trapezoid, is a triangle pointed towards the left and down.",11,describer,3,FALSE,NA,914
And then on the top left is a rhombus that's tilted to the top left.,11,describer,4,FALSE,NA,914
And it's barely touching.,11,describer,5,FALSE,NA,914
"Um, okay.",12,matcher,6,TRUE,NA,914
"Oh, um.",12,matcher,7,TRUE,NA,914
So bottom left is a parallelogram.,11,describer,8,FALSE,NA,914
"Oh, it's a parallelogram.",12,matcher,9,FALSE,NA,914
Is it?,12,matcher,10,TRUE,NA,914
"Um, oh, oh, oh, wait.",12,matcher,11,TRUE,NA,914
I think I didn't see it.,12,matcher,12,TRUE,NA,914
I think I know what you're talking about.,12,matcher,13,TRUE,NA,914
"So yeah, the top left is like a, it's like barely touching part of the left.",12,matcher,14,FALSE,NA,914
Yeah.,11,describer,15,TRUE,NA,914
"Yeah, I gotcha.",12,matcher,16,TRUE,NA,914
"Yeah, okay.",12,matcher,17,TRUE,NA,914
"Okay, so this one kind of looks like someone is kneeling and like reading a book, and they're facing the right, so it's a rhombus on the top.",11,describer,1,FALSE,NA,915
Yeah.,11,describer,2,TRUE,NA,915
"Is the thing on the right, like, it's kind of like a triangular shape?",12,matcher,3,FALSE,NA,915
Yeah.,11,describer,4,TRUE,NA,915
Yeah.,11,describer,5,TRUE,NA,915
Yeah.,11,describer,6,TRUE,NA,915
"Okay, okay.",11,describer,7,TRUE,NA,915
"Okay, so this one looks like the person walking that's facing towards the left that's picking up his shoe and has, like, a square just barely touching the back.",11,describer,1,FALSE,NA,916
Yeah.,12,matcher,2,TRUE,NA,916
"Okay, this one looks like an origami animal of sorts, so it starts with the top left, and it has a triangle facing up, and then it connects to a trapezoid that's tilted.",11,describer,1,FALSE,NA,917
Yeah.,12,matcher,2,TRUE,NA,917
So this one looks like the big L.,11,describer,1,FALSE,NA,918
"Okay, this one looks like an animal with someone that's like dozing off riding it.",11,describer,1,FALSE,NA,919
"So it's on the left side, you're going to see like the white space kind of making a triangle pointing to the right.",11,describer,2,FALSE,NA,919
"And then, yeah.",12,matcher,3,TRUE,NA,919
And this one looks like a house with a tree on the left.,11,describer,1,FALSE,NA,920
"Okay, this one looks like someone's raising their arms up and praising.",11,describer,1,FALSE,NA,921
So the promise on top is more towards the left.,11,describer,2,FALSE,NA,921
"Okay, this one, so it starts out with a...",11,describer,1,TRUE,NA,922
trapezoid facing downwards and then it has a parallelogram on either side and then the white space makes another trapezoid.,11,describer,2,FALSE,NA,922
Yeah.,12,matcher,3,TRUE,NA,922
Okay.,12,matcher,4,TRUE,NA,922
This one has two triangles on top,11,describer,1,FALSE,NA,923
barely touching what is like another triangle um and they're facing to the left the triangles on top are facing left um there's also like a square yeah there's a square yeah,11,describer,2,FALSE,NA,923
"Okay, this one looks like a guy walking towards the left with really baggy pants with a robber's on top.",11,describer,1,FALSE,NA,924
Yeah.,12,matcher,2,TRUE,NA,924
Yeah.,12,matcher,3,TRUE,NA,924
This one looks like a house with a really big chimney on the right side.,11,describer,1,FALSE,NA,925
"Okay, this kind of looks like a stitch.",11,describer,1,FALSE,NA,926
It's like three triangles on the top.,11,describer,2,FALSE,NA,926
"One of them is facing left, one of them is pointing up, and one of them is facing to the right.",11,describer,3,FALSE,NA,926
And they're all connected to a trapezoid that's facing down.,11,describer,4,FALSE,NA,926
And then on the bottom right there's like a parallelogram.,11,describer,5,FALSE,NA,926
Yeah.,12,matcher,6,TRUE,NA,926
"Okay, so this one has a rhombus that's connected to two triangles.",11,describer,1,FALSE,NA,927
So the rhombus is on top and then at the point of contact there's a triangle that is on the bottom right of that rhombus and it's facing like the top left corner and then the other triangle,11,describer,2,FALSE,NA,927
"It's connected to, like, a bigger shape, and it's pointing to the top right.",11,describer,3,FALSE,NA,927
"On the bottom left, there's also, like, a triangle pointing up.",11,describer,4,FALSE,NA,927
"Okay, this is the last one that we just did with the triangle at the bottom left and then the rhombus touching the two triangles at the top.",12,describer,1,FALSE,NA,928
Yeah.,11,matcher,2,TRUE,NA,928
This one is the four-legged animal facing the left.,12,describer,1,FALSE,NA,929
with a triangle as a head at the top left and then a parallelogram as a tail on the right.,12,describer,2,FALSE,NA,929
Okay.,11,matcher,3,TRUE,NA,929
This is the person reading a book facing to the right.,12,describer,1,FALSE,NA,930
"This is the animal with someone resting on top, with the tail on the right side, the head on the left, and there's a square in the middle.",12,describer,1,FALSE,NA,931
This is the big L.,12,describer,1,FALSE,NA,932
"This is the, like, kind of crane figure with the bottom left being a triangle touching on one edge and the triangles facing the top left.",12,describer,1,FALSE,NA,933
This is the figure with three triangles on top and they're all pointing upward.,12,describer,1,FALSE,NA,934
And the triangle in the middle is like the wider one.,12,describer,2,FALSE,NA,934
"Okay, yeah.",11,matcher,3,TRUE,NA,934
"This is the one, I can't remember how you described it, but it's got like a",11,matcher,1,FALSE,NA,935
a square tilted a little bit on top touching on the left and then the bottom left is like a a parallelogram that's kind of cut off and the bottom right is a triangle,11,matcher,2,FALSE,NA,935
this is the person like praising with the head slightly more towards the left than the right,11,matcher,1,FALSE,NA,936
This is the house with the chimney on the right.,11,matcher,1,FALSE,NA,937
"This is the one with the upside-down trapezoid on the bottom, and then the two parallelograms facing inward on top with the... yeah.",11,matcher,1,FALSE,NA,938
"This one has, it's got rhombus on top, more towards the left than the right,",11,matcher,1,FALSE,NA,939
"and then the left side's like more straight, and the right side's got like a triangular kind of dip,",11,matcher,2,FALSE,NA,939
"and the bottom right is a parallelogram pointed towards the down and right, and then the bottom left is a triangle pointed to the bottom left.",11,matcher,3,FALSE,NA,939
Okay.,11,matcher,4,TRUE,NA,939
This is the house with the tree on the left.,12,describer,1,FALSE,NA,940
This is the person picking up their shoe facing the left with a square on their back.,12,describer,1,FALSE,NA,941
This is kind of like an origami animal shape with a triangle at the top left pointed up and then on the bottom right a triangle pointed to the bottom right.,12,describer,1,FALSE,NA,942
This is the one with the two triangles on top that are touching at one space at the very top.,12,describer,1,FALSE,NA,943
And then there's a square like midway in the figure.,12,describer,2,FALSE,NA,943
"OK, yeah.",11,matcher,3,TRUE,NA,943
This is a person with a backpack walking to the right.,12,describer,1,FALSE,NA,944
The backpack's like a skinny rectangle.,12,describer,2,FALSE,NA,944
That's the baggy pants person.,12,describer,1,FALSE,NA,945
"Okay, so this one is like the origami figure with the... On the left there's a triangle pointed up, and on the bottom right there's a...",11,describer,1,FALSE,NA,946
Okay this one looks like an animal pointed like with its head facing to the right but on the left side there's a triangle pointed like northwest and yeah.,11,describer,1,FALSE,NA,947
This one's the one with the trapezoid facing the bottom and then two parallelograms on either side.,11,describer,1,FALSE,NA,948
This one's the house with the tree on the left.,11,describer,1,FALSE,NA,949
This one has two triangles at the top touching another triangle and it has a square on the left side.,11,describer,1,FALSE,NA,950
This one's the big L.,11,describer,1,FALSE,NA,951
This one's the house with the chimney on the right.,11,describer,1,FALSE,NA,952
This one is like an origami animal.,11,describer,1,FALSE,NA,953
It has a triangle on the top.,11,describer,2,FALSE,NA,953
"It's like on the left side, and on the right there's a parallelogram.",11,describer,3,FALSE,NA,953
"Okay, this one's the one with a rhombus on the top, more towards the left on a flat surface.",11,describer,1,FALSE,NA,954
And it has a triangle made from the white space.,11,describer,2,FALSE,NA,954
It's like a chunk was taken out of the rectangle.,11,describer,3,FALSE,NA,954
"Yes, I think.",12,matcher,4,FALSE,NA,954
"Is the bottom left, um, like a parallelogram?",12,matcher,5,FALSE,NA,954
"Uh, the bottom right's a parallelogram.",11,describer,6,FALSE,NA,954
"Um, uh... Oh, oh, oh, yeah, okay.",12,matcher,7,TRUE,NA,954
Yeah.,12,matcher,8,TRUE,NA,954
"Um, this one's the one with three triangles on the top.",11,describer,1,FALSE,NA,955
The middle one's the widest.,11,describer,2,FALSE,NA,955
"Um, this one's the person praising with the rhombus mortars a lot.",11,describer,1,FALSE,NA,956
Yeah.,12,matcher,2,TRUE,NA,956
"Um, this one's the guy walking to the left with baggy pants.",11,describer,1,FALSE,NA,957
"Um, okay, this one looks like an animal with something on its back.",11,describer,1,FALSE,NA,958
It has the head is a triangle facing to the left.,11,describer,2,FALSE,NA,958
the corners kind of pointing up though and then there's a the tail is going to be a triangle um yeah,11,describer,3,FALSE,NA,958
this looks like someone that's like kneeling while leading a book facing to the right,11,describer,1,FALSE,NA,959
"Okay, this one has a parallelogram on the bottom left, and then a triangle kind of touching the extension of that parallelogram, and the triangle's facing the bottom left corner.",11,describer,1,FALSE,NA,960
And there's a rhombus on top that kind of looks like someone's head.,11,describer,2,FALSE,NA,960
"It's only touching by one of its vertices, though.",11,describer,3,FALSE,NA,960
Is there a triangle at the bottom right?,12,matcher,4,FALSE,NA,960
Yeah.,11,describer,5,TRUE,NA,960
Okay.,11,describer,6,TRUE,NA,960
"This looks like the person walking, picking up their shoe, with the square on their back.",11,describer,1,FALSE,NA,961
This is a person walking to the right with the backpack on and the square on top.,11,describer,1,FALSE,NA,962
This one's like a rhombus that's touching two triangles on the bottom.,11,describer,1,FALSE,NA,963
and the shape also has a triangle coming out like on the bottom left facing upwards yes,11,describer,2,FALSE,NA,963
"Okay, this is the one with the two triangles at the top that are barely touching the rest of the figure.",12,describer,1,FALSE,NA,964
This is the one with the upside down trapezoid and then the two parallelograms facing inward on top.,12,describer,1,FALSE,NA,965
"This is the one with the rhombus on top, a little more to the right, touching two triangles, and then the bottom left, there's another triangle facing upward.",12,describer,1,FALSE,NA,966
"Okay, yeah.",11,matcher,2,TRUE,NA,966
This is the one of someone praising with the head more to the left.,12,describer,1,FALSE,NA,967
This is a person reading a book facing the right.,12,describer,1,FALSE,NA,968
"This is the one with the trapezoid at the bottom left, and then a square at the top touching one point.",12,describer,1,FALSE,NA,969
And then the bottom right is a triangle pointed down and left.,12,describer,2,FALSE,NA,969
"OK, yeah.",11,matcher,3,TRUE,NA,969
This is the animal facing the left with its tail on the right.,12,describer,1,FALSE,NA,970
Its head is a triangle facing upward.,12,describer,2,FALSE,NA,970
So when I got wrong last time.,12,describer,3,FALSE,NA,970
Does this one have a square?,11,matcher,4,FALSE,NA,970
No.,12,describer,5,FALSE,NA,970
"Okay, so it's the other one.",11,matcher,6,FALSE,NA,970
Yeah.,12,describer,7,FALSE,NA,970
"And it has a triangle on the bottom right, right?",11,matcher,8,FALSE,NA,970
Um...,12,describer,9,TRUE,NA,970
"So, it's the one that's, like, flatter.",11,matcher,10,FALSE,NA,970
"Like, it's got, like, a triangle top left, a parallelogram on the top right as, like, a tail.",11,matcher,11,FALSE,NA,970
"Oh, okay, yeah, yeah.",12,describer,12,TRUE,NA,970
"Um, this is the person with the baggy pants walking left.",12,describer,1,FALSE,NA,971
"Um, this is...",12,describer,2,TRUE,NA,971
It's kind of like a person walking right.,12,describer,1,FALSE,NA,972
Um...,12,describer,2,TRUE,NA,972
with so like the head is more towards the left,12,describer,3,FALSE,NA,972
it's a rhombus where the point is touching a really flat surface and the left part of the body is flat,12,describer,4,FALSE,NA,972
and the right side is it's got more shape to it,12,describer,5,FALSE,NA,972
um it's like so like the top is a rhombus it's touching it at one vertice and the left side of like what it's touching is completely flat like the left,12,describer,6,FALSE,NA,972
okay yeah the back side and then the front yeah,12,describer,7,FALSE,NA,972
okay this is the other like origami animal that's facing the left side um without anything on its back it's got like let's try and go at the top left let's try go to the bottom right okay yeah,12,describer,1,FALSE,NA,973
This is the person walking to the left picking up their shoe with a square on the back.,12,describer,1,FALSE,NA,974
This is the house with the chimney on the right.,12,describer,1,FALSE,NA,975
"This is the person walking to the right with a backpack, square as a head on top.",12,describer,1,FALSE,NA,976
This is the house with the tree on the left.,12,describer,1,FALSE,NA,977
This is the animal facing the left with the thing on its back.,12,describer,1,FALSE,NA,978
Like someone resting on its back.,12,describer,2,FALSE,NA,978
The big L,12,describer,1,FALSE,NA,979
This is the one with the three triangles on top with the wider one in the middle.,12,describer,1,FALSE,NA,980
All facing upward.,12,describer,2,FALSE,NA,980
This is like the kind of swan shape pointed to the right with a triangle at the bottom left just touching at one point.,12,describer,1,FALSE,NA,981
Yeah.,12,describer,2,TRUE,NA,981
"Uh, facing the top left.",12,describer,3,FALSE,NA,981
Yep.,12,describer,4,TRUE,NA,981
"Okay, this one's the trapezoid facing down with the parallelograms on each side.",11,describer,1,FALSE,NA,982
This one's the animal facing to the left with the tail as a parallelogram.,11,describer,1,FALSE,NA,983
"Uh, this one's the person, uh, praising with the rhombus more towards the left.",11,describer,1,FALSE,NA,984
Yep.,12,matcher,2,TRUE,NA,984
This one's the one with the two triangles touching one point on top and a square on the left side.,11,describer,1,FALSE,NA,985
Yeah.,12,matcher,2,TRUE,NA,985
This one's the person walking to the left picking up their shoe.,11,describer,1,FALSE,NA,986
"Uh, this one's the person walking with baggy pants.",11,describer,1,FALSE,NA,987
"Uh, this is sort of like the parallelogram on the left, bottom left.",11,describer,1,FALSE,NA,988
"And then, um, connected to like a trapezoid and a triangle facing...",11,describer,2,FALSE,NA,988
So like a triangle at the bottom right?,12,matcher,3,FALSE,NA,988
Yeah.,11,describer,4,TRUE,NA,988
Yeah.,11,describer,5,TRUE,NA,988
"Uh, this is a house with a tree on the left.",11,describer,1,FALSE,NA,989
and then this is like a animal facing the right with the triangle connected by one courtesy,11,describer,1,FALSE,NA,990
this one has a promise on top more on the left and it's connected to like a flat surface um and it looks like there's a triangle made up by the white space on the right side,11,describer,1,FALSE,NA,991
this one's the big l,11,describer,1,FALSE,NA,992
This one's the one with the three triangles on top and the middle one's the widest.,11,describer,1,FALSE,NA,993
This one's the animal facing left with something on its back.,11,describer,1,FALSE,NA,994
This one's a person walking with a bag on and then a square on their head.,11,describer,1,FALSE,NA,995
This one's the house with the chimney on the right.,11,describer,1,FALSE,NA,996
This one's a person kneeling facing the right while reading a book.,11,describer,1,FALSE,NA,997
This one's the animal facing towards the left.,11,describer,1,FALSE,NA,998
Triangle on the top left and then a triangle facing down on the bottom right.,11,describer,2,FALSE,NA,998
This one has a rhombus more towards the right and it's touching two triangles.,11,describer,1,FALSE,NA,999
This is the house with the chimney on the right.,12,describer,1,FALSE,NA,1000
This is the upside down trapezoid with the two parallelograms facing inward on top.,12,describer,1,FALSE,NA,1001
This is the animal facing right where there's a triangle barely touching at the bottom left.,12,describer,1,FALSE,NA,1003
"This is the one with the rhombus more towards the right, touching the two triangles with another triangle at the bottom left facing upward.",12,describer,1,FALSE,NA,1004
"OK, yeah.",11,matcher,2,TRUE,NA,1004
"This is the animal facing left, with a triangle at the top left, and then another triangle at the bottom right.",12,describer,1,FALSE,NA,1005
"Um, like more linear.",12,describer,2,FALSE,NA,1005
This is the animal facing left with a square on its back.,12,describer,1,FALSE,NA,1006
This is the house with a tree on the left.,12,describer,1,FALSE,NA,1007
This is an animal facing left with a triangle top left and a parallelogram on the right side of its tail.,12,describer,1,FALSE,NA,1008
This is the one with the two triangles barely touching at the top.,12,describer,1,FALSE,NA,1009
"This is the one with the parallelogram at the bottom left, and then a triangle at the bottom right.",12,describer,1,FALSE,NA,1010
"Okay, yeah.",11,matcher,2,TRUE,NA,1010
This is the one with the three triangles on top with the wider one in the middle.,12,describer,1,FALSE,NA,1011
This is the person with the baggy pants walking to the left.,12,describer,1,FALSE,NA,1012
"This is the one with the rhombus on the flat surface on top more towards the left, and then where the right side kind of makes a triangle with a white space.",12,describer,1,FALSE,NA,1013
This is the person reading a book facing the right.,12,describer,1,FALSE,NA,1014
This is the person praising the head more to the left.,12,describer,1,FALSE,NA,1015
This is the person walking with the backpack with a square as a head.,12,describer,1,FALSE,NA,1016
"And this is the person walking to the left, picking up their shoe.",12,describer,1,FALSE,NA,1017
The square in the back.,12,describer,2,FALSE,NA,1017
"Okay, so this one looks like a rectangle with triangles coming on either side of it, and there's a triangle on top with a rhombus connected by just one vertices.",11,describer,1,FALSE,NA,1018
"Um, yep.",12,matcher,2,TRUE,NA,1018
facing to the left with a triangle on top and then a triangle on the bottom right.,11,describer,1,FALSE,NA,1019
This one's the one with the two triangles barely touching at the top.,11,describer,1,FALSE,NA,1020
uh this one's going with the rhombus more towards the left on like a rectangle that has a triangle made from white space um,11,describer,1,FALSE,NA,1021
this one's the animal facing to the left that has,11,describer,1,FALSE,NA,1022
Looks like someone's riding it and it has a triangle as a tail on the right.,11,describer,2,FALSE,NA,1022
This is a person walking to the road with a backpack on.,11,describer,1,FALSE,NA,1023
This is a big L,11,describer,1,FALSE,NA,1024
This is the inverted tree.,11,describer,1,FALSE,NA,1025
"So square at the top and then, yeah.",11,describer,2,FALSE,NA,1025
"This is the person walking to the left, picking up their shoe with a square on the back.",11,describer,1,FALSE,NA,1026
This is the person walking with baggy pants.,11,describer,1,FALSE,NA,1027
So this one I think you described earlier as having bunny ears attached to a square.,11,describer,1,FALSE,NA,1028
Someone like sitting down.,12,matcher,2,FALSE,NA,1028
Yeah.,11,describer,3,TRUE,NA,1028
This person looks like they're figure skating and they're facing the left.,11,describer,1,FALSE,NA,1029
So this looks like an animal enticing the left and it has a parallelogram as a head.,11,describer,1,FALSE,NA,1030
"Okay, this one is...",11,describer,2,TRUE,NA,1030
"So on the top right, there's a pair of rhombus, sorry, touching by, like, one tip.",11,describer,1,FALSE,NA,1031
"And then on the left side, there's a rectangle that's facing downwards and also touching by one tip.",11,describer,2,FALSE,NA,1031
"And then kind of in the middle, at the bottom, there's, like, a triangle made from white space that's facing up.",11,describer,3,FALSE,NA,1031
"Oh, um...",12,matcher,4,TRUE,NA,1031
"On the left side, there's a triangle touching on the tip, right?",12,matcher,5,FALSE,NA,1031
Yeah.,11,describer,6,FALSE,NA,1031
"And it's, like, pointing down?",12,matcher,7,FALSE,NA,1031
Okay.,11,describer,8,TRUE,NA,1031
"Okay, pointing down.",11,describer,9,FALSE,NA,1031
"Uh, that's not what I think they described as a backwards 7.",11,describer,1,FALSE,NA,1032
This one's the one with the three triangles on top and the middle one's the widest.,11,describer,1,FALSE,NA,1033
"So this one has a, on the bottom right there's a triangle facing down and it has a rhombus at the top",11,describer,1,FALSE,NA,1034
Touching my one point into a black.,11,describer,2,FALSE,NA,1034
Yeah.,11,describer,3,TRUE,NA,1034
"Uh, this one kind of looks like a skinny cactus.",11,describer,1,FALSE,NA,1035
"This one kind of looks like a paper crane facing to the right, and it has a triangle that's barely touching on the left side.",11,describer,1,FALSE,NA,1036
This is an animal that looks like someone's riding it.,11,describer,1,FALSE,NA,1037
It's facing to the left.,11,describer,2,FALSE,NA,1037
"Oops, that's the wrong button.",12,matcher,3,TRUE,NA,1037
No worries.,11,describer,4,TRUE,NA,1037
This is the upside-down trapezoid with two parallelograms on each side.,11,describer,1,FALSE,NA,1038
"Okay, so this one is a rhombus at the top, and it's connected to what would be just a straight rectangle, but it has chunks missing on the right side.",11,describer,1,FALSE,NA,1039
"Uh, so this is...",11,describer,2,TRUE,NA,1039
"Okay, Rhombus at the top, and it's connected to, like, a skinny rectangle.",11,describer,1,FALSE,NA,1040
"Kinda looks like someone's waiting at the podium, but it's a skinnier version.",11,describer,2,FALSE,NA,1040
And the other one that looks similar.,11,describer,3,FALSE,NA,1040
Can you...,12,matcher,4,TRUE,NA,1040
"It's... Is it, like, mostly, like, flat?",12,matcher,5,FALSE,NA,1040
A little bit.,11,describer,6,FALSE,NA,1040
It has a tiny triangle sticking out on the right side.,11,describer,7,FALSE,NA,1040
Of the rectangle?,12,matcher,8,FALSE,NA,1040
Is it bottom right?,12,matcher,9,FALSE,NA,1040
Bottom right and middle right.,11,describer,10,FALSE,NA,1040
"I think, yeah.",12,matcher,11,FALSE,NA,1040
"This one is the rhombus that's mostly towards the right, and it's connected to two triangles.",11,describer,1,FALSE,NA,1041
This one looks like the person kneeling but not holding a book and it's facing the right.,11,describer,1,FALSE,NA,1042
So it's a rhombus on top and then it's connected to like a triangle and a rectangle?,12,matcher,2,FALSE,NA,1042
"Okay, is there like a little triangle at the bottom right pointed to the right?",12,matcher,3,FALSE,NA,1042
Yeah.,11,describer,4,FALSE,NA,1042
And then nothing on the bottom left?,12,matcher,5,FALSE,NA,1042
No.,11,describer,6,FALSE,NA,1042
"Okay, so this one, I think he described it as a tray being tilted?",11,describer,1,FALSE,NA,1043
Yes.,12,matcher,2,FALSE,NA,1043
"Okay, so this one looks like someone is reading but facing to the left and they have a triangle touching like a very, very jump.",11,describer,1,FALSE,NA,1044
So this is like the animal jumping with the triangle on the top left and then the parallelogram being the tail on the right.,11,describer,1,FALSE,NA,1045
This is the person praising with the rhombus more to the left.,11,describer,1,FALSE,NA,1046
This is the one with the parallelogram on the bottom left and then like a triangle on the bottom right.,11,describer,1,FALSE,NA,1047
"This one kind of looks like the woman healing, reading something.",11,describer,1,FALSE,NA,1048
She's facing towards the right.,11,describer,2,FALSE,NA,1048
"This is the guy reading, facing the right.",11,describer,1,FALSE,NA,1049
This looks like someone standing out of a podium.,11,describer,1,FALSE,NA,1050
So it's a rhombus and then like a thicker rectangle.,11,describer,2,FALSE,NA,1050
And there's nothing on the right side sticking out of the rectangle.,11,describer,3,FALSE,NA,1050
This is a house with a chimney on the right.,11,describer,1,FALSE,NA,1051
This looks like someone sitting facing to the left.,11,describer,1,FALSE,NA,1052
This is a house with a tree on the left.,11,describer,1,FALSE,NA,1053
"It's a picture of, it's like a woman who has like one leg outside.",14,describer,1,FALSE,NA,1054
"That one leg is pointed like downwards, 45 degrees towards the bottom right of the square.",14,describer,2,FALSE,NA,1054
There's a triangle on top.,14,describer,3,FALSE,NA,1054
uh sorry there's a diamond on top which is like the head and it's it's like standing on this woman like it's standing on like one corner,14,describer,4,FALSE,NA,1054
um uh no it's another one it's not that okay,14,describer,5,TRUE,NA,1054
okay this time it's like someone um,14,describer,1,FALSE,NA,1055
riding an animal maybe it's like a dog maybe it's a horse or really you could say it's a dog riding another dog,14,describer,2,FALSE,NA,1055
um you can also speak so you can ask me before you oh okay,13,matcher,3,TRUE,NA,1055
um does it look like there's uh,13,matcher,4,FALSE,NA,1055
it looks like two things riding on each other,14,describer,5,FALSE,NA,1055
okay is there like um,13,matcher,6,TRUE,NA,1055
Like a small triangle at the end that looks like a tail?,13,matcher,7,FALSE,NA,1055
"Yes, yes, you're right.",14,describer,8,FALSE,NA,1055
Okay.,14,describer,9,TRUE,NA,1055
"Perfect, yeah.",14,describer,10,TRUE,NA,1055
"So it's, okay, I'm not sure if you remember what you selected for the first time, but that's what it is now.",14,describer,1,FALSE,NA,1056
"Oh, okay.",13,matcher,2,TRUE,NA,1056
"It's that triangle thing, but it's exactly what you selected the first time around.",14,describer,3,FALSE,NA,1056
Okay.,14,describer,4,TRUE,NA,1056
Perfect.,14,describer,5,TRUE,NA,1056
"Okay, this looks like it's the closest thing there is to a tree there.",14,describer,1,FALSE,NA,1057
It looks like a piece of cactus.,14,describer,2,FALSE,NA,1057
"There are very sharp edges, like something like axes on both sides.",14,describer,3,FALSE,NA,1057
It looks like a piece of cactus.,14,describer,4,FALSE,NA,1057
"Is it like, it's like flat on the side, though?",13,matcher,5,FALSE,NA,1057
It is flat on the sides.,14,describer,6,FALSE,NA,1057
It's like there are two triangles which are somewhat cut on the sides.,14,describer,7,FALSE,NA,1057
Okay.,14,describer,8,TRUE,NA,1057
Perfect.,14,describer,9,TRUE,NA,1057
"Oh, my God.",14,describer,10,TRUE,NA,1057
OK.,14,describer,11,TRUE,NA,1057
"This is complicated, right?",14,describer,1,FALSE,NA,1058
"Think about the square as representing the head of someone, right?",14,describer,2,FALSE,NA,1058
This is a picture.,14,describer,3,TRUE,NA,1058
OK.,13,matcher,4,TRUE,NA,1058
"This is going to be hard, right?",14,describer,5,TRUE,NA,1058
But suppose the tail part of it is at the top.,14,describer,6,FALSE,NA,1058
So it's weird.,14,describer,7,FALSE,NA,1058
And the head is at the bottom.,14,describer,8,FALSE,NA,1058
The head is a square.,14,describer,9,FALSE,NA,1058
I think there's only one picture in which the square is at the bottom.,14,describer,10,FALSE,NA,1058
OK.,13,matcher,11,TRUE,NA,1058
"And is there, like, a small triangle at the top?",13,matcher,12,FALSE,NA,1058
"Yes, exactly.",14,describer,13,TRUE,NA,1058
You're right.,14,describer,14,TRUE,NA,1058
"Okay, this looks like a swan, basically.",14,describer,1,FALSE,NA,1059
"Like, there's a rectangle, and on the left side of the rectangle, you have, like, well, the swan's head coming up.",14,describer,2,FALSE,NA,1059
Can you repeat that?,13,matcher,3,TRUE,NA,1059
"Well, uh, so this picture, like, is very basic.",14,describer,4,TRUE,NA,1059
It looks like a swan.,14,describer,5,FALSE,NA,1059
Like a what?,13,matcher,6,TRUE,NA,1059
A swan.,14,describer,7,TRUE,NA,1059
Like a... A swan?,13,matcher,8,TRUE,NA,1059
Yeah.,14,describer,9,TRUE,NA,1059
"Or like a goose or like any, like, water-based animal with a long neck.",14,describer,10,FALSE,NA,1059
"Oh, a sloth.",14,describer,11,FALSE,NA,1059
Like the animal.,14,describer,12,FALSE,NA,1059
"Oh, okay.",13,matcher,13,TRUE,NA,1059
Like a goose.,14,describer,14,FALSE,NA,1059
Oh.,13,matcher,15,TRUE,NA,1059
"Wait, I actually pressed the wrong button.",13,matcher,16,TRUE,NA,1059
"Oh, yeah.",13,matcher,17,TRUE,NA,1059
Sorry.,13,matcher,18,TRUE,NA,1059
"Okay, so this looks like, with a square on top there being a head, it looks like someone who's leaning against the wall, but they're seated and their legs are in front of them.",14,describer,1,FALSE,NA,1060
You can describe the picture as well.,13,matcher,2,TRUE,NA,1060
Their legs are in front of them.,14,describer,3,FALSE,NA,1060
"Yeah, the legs are in front of them.",14,describer,4,FALSE,NA,1060
"Which way, which way are the legs pointing?",13,matcher,5,FALSE,NA,1060
The leg is pointing towards the left.,14,describer,6,FALSE,NA,1060
Okay.,13,matcher,7,TRUE,NA,1060
"And they're like sitting down, almost?",13,matcher,8,FALSE,NA,1060
Yes.,14,describer,9,FALSE,NA,1060
"Yeah, they're almost hitting that with their backs leaned against the wall, and their head is slightly...",14,describer,10,FALSE,NA,1060
Looking down?,13,matcher,11,FALSE,NA,1060
"Yeah, yeah.",14,describer,12,FALSE,NA,1060
Alright.,14,describer,13,TRUE,NA,1060
"Okay, this last...",14,describer,14,TRUE,NA,1060
This one...,14,describer,15,TRUE,NA,1060
Okay.,14,describer,16,TRUE,NA,1060
It has that diamond head resting on the top.,14,describer,1,FALSE,NA,1061
but um the body is slightly weird,14,describer,2,FALSE,NA,1061
so the body consists on the left hand side it's a straight line it's like a square,14,describer,3,FALSE,NA,1061
and on the right hand side um they're like this person is really fat,14,describer,4,FALSE,NA,1061
um it's it's as if they were it's as if they were facing to their right and to the left it's just their back it's one straight line,14,describer,5,FALSE,NA,1061
"To their right, you can see their hands raised forwards, and you can see their, like, yes, exactly.",14,describer,6,FALSE,NA,1061
"Okay, this last thing is, well, there are two legs pointed towards the top, and the head is towards the bottom.",14,describer,1,FALSE,NA,1062
"It's as if they're trying to, like, I don't know, stand on both of their hands.",14,describer,2,FALSE,NA,1062
Is there a square for the head?,13,matcher,3,FALSE,NA,1062
at the bottom?,13,matcher,4,FALSE,NA,1062
"Yes, there's a square for the head, yes.",14,describer,5,FALSE,NA,1062
"And is it, it's on top of a triangle?",13,matcher,6,FALSE,NA,1062
"Uh, yes, you're right, yes.",14,describer,7,TRUE,NA,1062
"And there's, like, two small triangles as the legs are being... Yep, yep, you're right.",13,matcher,8,FALSE,NA,1062
"Okay, this next thing, uh, uh,",14,describer,9,TRUE,NA,1062
"Okay, this next thing does not have a diamond for its head.",14,describer,1,FALSE,NA,1063
It just has a triangle for its head.,14,describer,2,FALSE,NA,1063
"Like, I'm not sure if you know the Batman logo.",14,describer,3,FALSE,NA,1063
It's something like that for the box.,14,describer,4,FALSE,NA,1063
The what logo?,13,matcher,5,FALSE,NA,1063
Batman.,14,describer,6,FALSE,NA,1063
"Oh, Batman.",13,matcher,7,FALSE,NA,1063
It looks... And it has a tail that's towards the right-hand side of the box.,14,describer,8,FALSE,NA,1063
"Specifically, the bottom right corner of the box.",14,describer,9,FALSE,NA,1063
"Okay, there's like three spikes at the top?",13,matcher,10,FALSE,NA,1063
"Exactly, yes, yes, yep.",14,describer,11,FALSE,NA,1063
"Okay, this next thing also looks like a swan, but this one is slightly different, right?",14,describer,1,FALSE,NA,1064
There are a few things which look like a swan there.,14,describer,2,FALSE,NA,1064
"It has two legs, and one leg is, like, both legs are actually triangles, but one leg is a small, like, triangle towards the left side.",14,describer,3,FALSE,NA,1064
"And this swan's head is, like, pointing below.",14,describer,4,FALSE,NA,1064
Maybe it could be a duck.,14,describer,5,FALSE,NA,1064
Okay.,13,matcher,6,TRUE,NA,1064
"Okay, this last thing is like a hexagon, right?",14,describer,1,FALSE,NA,1065
But with a triangle cut out of it.,14,describer,2,FALSE,NA,1065
"So this thing should technically have six sides, but it has a triangle cut out from it.",14,describer,3,FALSE,NA,1065
Okay.,13,matcher,4,TRUE,NA,1065
It has an opening on the top.,14,describer,5,FALSE,NA,1065
All right.,13,matcher,6,FALSE,NA,1065
"That's where the crime, yes, right.",13,matcher,7,TRUE,NA,1065
"Okay, this next thing is, it looks like a fruit, right?",14,describer,1,FALSE,NA,1066
It looks like a fruit with two diamonds stacked on top of each other and maybe a stem on top of the fruit.,14,describer,2,FALSE,NA,1066
So this next thing is a person.,14,describer,1,FALSE,NA,1067
The person's head is a diamond.,14,describer,2,FALSE,NA,1067
They're opening out their hands.,14,describer,3,FALSE,NA,1067
It's outstretched.,14,describer,4,FALSE,NA,1067
There are no legs.,14,describer,5,FALSE,NA,1067
And it's as if they're just spreading their arms wide.,14,describer,6,FALSE,NA,1067
Does it look like they're kneeling or leaning diagonally to the left?,13,matcher,7,FALSE,NA,1067
"Yes, you're right.",14,describer,8,FALSE,NA,1067
Which one?,13,matcher,9,FALSE,NA,1067
They're leaning diagonally to the left.,14,describer,10,FALSE,NA,1067
Oh.,13,matcher,11,TRUE,NA,1067
Oh my gosh.,13,matcher,12,TRUE,NA,1067
Sorry.,13,matcher,13,TRUE,NA,1067
No worries.,13,matcher,14,TRUE,NA,1067
I keep pressing the wrong way.,13,matcher,15,TRUE,NA,1067
Okay.,13,matcher,16,TRUE,NA,1067
"Okay, this next picture has a diamond for its head.",14,describer,1,FALSE,NA,1068
It's kneeling on the floor with its legs apparent behind.,14,describer,2,FALSE,NA,1068
And this person's hands are outstretched.,14,describer,3,FALSE,NA,1068
It's almost like a prayer position.,14,describer,4,FALSE,NA,1068
And this woman is facing to the right.,14,describer,5,FALSE,NA,1068
And,14,describer,6,TRUE,NA,1068
"Yeah, kneeling and her legs are facing to the left.",14,describer,7,FALSE,NA,1068
It's a diamond head on the top.,14,describer,8,FALSE,NA,1068
"And the legs are a triangle, like, facing upward.",14,describer,9,FALSE,NA,1068
She's facing the left?,13,matcher,10,FALSE,NA,1068
She's facing the right.,14,describer,11,FALSE,NA,1068
The right.,14,describer,12,FALSE,NA,1068
"Her legs are, like, facing to the left.",14,describer,13,FALSE,NA,1068
She's kneeling.,14,describer,14,FALSE,NA,1068
"Okay, this next thing looks like an animal, I guess, but it's got some weird balancing things.",14,describer,1,FALSE,NA,1069
"The whole thing, the whole picture, you can consider it to be, like, diagonal.",14,describer,2,FALSE,NA,1069
"It's standing on its two feet, right?",13,matcher,3,FALSE,NA,1069
"But it's, like, lifting up its body in such a way that it's so weird, right?",13,matcher,4,FALSE,NA,1069
"Is it, like, making a diagonal?",13,matcher,5,FALSE,NA,1069
It is.,14,describer,6,TRUE,NA,1069
The whole thing is making a diagonal.,14,describer,7,FALSE,NA,1069
It looks very unstable.,14,describer,8,FALSE,NA,1069
I don't know how the animal is.,14,describer,9,FALSE,NA,1069
"Yep, you're right.",14,describer,10,TRUE,NA,1069
"Okay, this next thing has a diamond for its head and has a triangle for its tail.",14,describer,1,FALSE,NA,1070
Maybe it's like a dog.,14,describer,2,FALSE,NA,1070
And it's standing with its two feet in front.,14,describer,3,FALSE,NA,1070
It's standing like high on those two feet in the front.,14,describer,4,FALSE,NA,1070
And it's facing to the right hand side of the box.,14,describer,5,FALSE,NA,1070
And it's sort of like resting on its two feet behind.,14,describer,6,FALSE,NA,1070
Yep.,13,matcher,7,TRUE,NA,1070
So this thing is like a house with a tree beside it.,14,describer,1,FALSE,NA,1071
It has a door.,14,describer,2,FALSE,NA,1071
The trees on the left?,13,matcher,3,FALSE,NA,1071
Yes.,14,describer,4,FALSE,NA,1071
So this thing looks like a rabbit.,14,describer,1,FALSE,NA,1072
It has two ears on top.,14,describer,2,FALSE,NA,1072
"And it is leaning, it's leaning towards the left when it's facing to the right.",14,describer,3,FALSE,NA,1072
Yes.,13,matcher,4,FALSE,NA,1072
So this picture is of a person they're wearing.,14,describer,1,FALSE,NA,1073
It's more accurate to say it's a hat than it's a head.,14,describer,2,FALSE,NA,1073
It's the only thing there that looks like a hat.,14,describer,3,FALSE,NA,1073
They have two triangle feet.,14,describer,4,FALSE,NA,1073
and they have one arm outstretched to the right.,14,describer,5,FALSE,NA,1073
You can ask me.,14,describer,6,TRUE,NA,1073
"Yeah, okay, cool.",14,describer,7,TRUE,NA,1073
"So this person has a diamond head with one hand somewhat reaching towards the top, and maybe they're wearing a gown or something, but there's one feet.",14,describer,1,FALSE,NA,1074
"just outside, uh, facing the right, and this, uh, other, like, their dress or their other feet is pointing backwards towards the left.",14,describer,2,FALSE,NA,1074
They're basically on their knees.,14,describer,3,FALSE,NA,1074
Does it look like they're praying?,13,matcher,4,FALSE,NA,1074
Almost like their hands are to the right?,13,matcher,5,FALSE,NA,1074
"Yeah, yeah, you could say that.",14,describer,6,FALSE,NA,1074
Oh.,13,matcher,7,TRUE,NA,1074
"Okay, my bad, my bad, my bad.",14,describer,8,TRUE,NA,1074
That would look more like praying.,14,describer,9,TRUE,NA,1074
okay this person's uh square head is like facing towards the right like it's facing backwards really,14,describer,1,FALSE,NA,1075
but they're trying to walk um to the left,14,describer,2,FALSE,NA,1075
you can see both of their feet like gesturing as if they're walking,14,describer,3,FALSE,NA,1075
and their hands are also in front on the left but their head is facing backwards their head is just a diamond,14,describer,4,FALSE,NA,1075
"It's a diamond, but it's more like in a squarish position.",14,describer,5,FALSE,NA,1075
Okay.,14,describer,6,FALSE,NA,1075
"Is there like a, like a, I don't know, a beak, like facing downward towards the left?",13,matcher,7,FALSE,NA,1075
"Yes, you're right.",14,describer,8,FALSE,NA,1075
"Okay, this is a diamond head on the top.",14,describer,1,FALSE,NA,1076
It's resting.,14,describer,2,FALSE,NA,1076
So imagine this person's back is towards their left.,14,describer,3,FALSE,NA,1076
So it's square.,14,describer,4,FALSE,NA,1076
"It's a straight line on that side, but towards the right is a triangle.",14,describer,5,FALSE,NA,1076
And they've got their legs outstretched to the right.,14,describer,6,FALSE,NA,1076
"And at the same time, it looks like they have another leg towards their left, and they're kneeling on it.",14,describer,7,FALSE,NA,1076
"This is complicated, so ask me questions.",14,describer,8,TRUE,NA,1076
"So, is there like a triangle sticking out towards the right at the top, underneath the head?",13,matcher,9,FALSE,NA,1076
"Yes, you're right.",14,describer,10,FALSE,NA,1076
"Okay, this thing looks like an animal.",14,describer,1,FALSE,NA,1077
I want to say that it looks like a dog.,14,describer,2,FALSE,NA,1077
"Um, with...",14,describer,3,TRUE,NA,1077
it's had uh yeah it looks literally looks like a dog like a dog with a very long body no tail no tail it does not have a tail,14,describer,4,FALSE,NA,1077
so this next thing looks like a swan but it's upside down like so it's like,14,describer,1,FALSE,NA,1078
"And the top part of it, uh, the right, uh, the top right hand corner of it is like a triangle.",14,describer,2,FALSE,NA,1078
"Like, yeah.",14,describer,3,TRUE,NA,1078
"Does it look like a, uh, a blow dryer?",13,matcher,4,FALSE,NA,1078
"Yeah, yeah, I would say so, yes.",14,describer,5,FALSE,NA,1078
"So this next thing has a diamond on top of its head, it's resting on a square person, and it's as if they're giving a speech at a podium.",14,describer,1,FALSE,NA,1079
Is it flat on the left side?,13,matcher,2,FALSE,NA,1079
"Yes, it's flat on the left side.",14,describer,3,FALSE,NA,1079
"On the right side, there's a mini triangle.",14,describer,4,FALSE,NA,1079
"Oh, but no, wait, wait, wait.",14,describer,5,TRUE,NA,1079
There are two things which look similar.,14,describer,6,FALSE,NA,1079
The podium is a lot shorter than them.,14,describer,7,FALSE,NA,1079
"It's not, like, together with them.",14,describer,8,FALSE,NA,1079
"Oh, okay.",13,matcher,9,TRUE,NA,1079
Let's see.,13,matcher,10,FALSE,NA,1079
And is there like a small triangle sticking out on the right?,13,matcher,11,FALSE,NA,1079
"Yes, that is the one.",14,describer,12,FALSE,NA,1079
"So this next thing looks like a graduate, like wearing their gowns with their hands outstretched in the left direction.",14,describer,1,FALSE,NA,1080
and they're clearly wearing a gown because their hands are disproportionate in size.,14,describer,2,FALSE,NA,1080
"They're facing to the left, yes.",14,describer,3,FALSE,NA,1080
"Okay, this picture is hard, but it looks like there's a diamond head on the top, but the body of it, think of it, it looks like a pepper or something like that.",14,describer,1,FALSE,NA,1081
Is it like banana shaped?,13,matcher,2,FALSE,NA,1081
"Yes, it's something like that, yes.",14,describer,3,FALSE,NA,1081
"Okay, this next thing looks like a dog with a person riding it.",14,describer,1,FALSE,NA,1082
"Like it might be a dog, might be a horse, but there's another thing riding it.",14,describer,2,FALSE,NA,1082
It's like a square and a triangle on top of the dog.,14,describer,3,FALSE,NA,1082
"Yeah, you're right.",14,describer,4,TRUE,NA,1082
This next person has a diamond head resting on a triangle like upper body.,14,describer,1,FALSE,NA,1083
And they seem to be running.,14,describer,2,FALSE,NA,1083
They're running in the left direction.,14,describer,3,FALSE,NA,1083
They're facing the left.,14,describer,4,FALSE,NA,1083
but it seems like they're running for something with their hands outstretched in front of them.,14,describer,5,FALSE,NA,1083
Is one leg pointed to the left and it looks like there's a foot?,13,matcher,6,FALSE,NA,1083
Yeah.,14,describer,7,TRUE,NA,1083
"This other picture, it's a picture, it looks like a woman with hair.",14,describer,1,FALSE,NA,1084
Her hair is behind her.,14,describer,2,FALSE,NA,1084
She's facing to the left.,14,describer,3,FALSE,NA,1084
Her hair is on the right.,14,describer,4,FALSE,NA,1084
It's a diamond.,14,describer,5,FALSE,NA,1084
And she's kneeling.,14,describer,6,FALSE,NA,1084
"No, she's not really kneeling.",14,describer,7,FALSE,NA,1084
She's sitting with her legs in front of her and her hands outstretched in front of her.,14,describer,8,FALSE,NA,1084
You could say that she looks like she's praying.,14,describer,9,FALSE,NA,1084
But there are a few other pictures that look like that.,14,describer,10,FALSE,NA,1084
So ask me anything.,14,describer,11,TRUE,NA,1084
Does she have a square head?,13,matcher,12,FALSE,NA,1084
"Yes, she has a square head.",14,describer,13,FALSE,NA,1084
Is there a right triangle on the right side?,13,matcher,14,FALSE,NA,1084
Pointing to the right?,14,describer,15,FALSE,NA,1084
"Yeah, that's basically her hair.",14,describer,16,FALSE,NA,1084
"But no, it's not her hat.",14,describer,17,FALSE,NA,1084
It's her hair.,14,describer,18,FALSE,NA,1084
Is the body just like a rectangle?,13,matcher,19,FALSE,NA,1084
Like it's straight and...,14,describer,20,FALSE,NA,1084
"No, her body is not a rectangle.",14,describer,21,FALSE,NA,1084
But you need to see her feet in front of her.,14,describer,22,FALSE,NA,1084
Her foot is in front of her.,14,describer,23,FALSE,NA,1084
Her square head is resting on a triangle body.,14,describer,24,FALSE,NA,1084
"And the most distinctive thing about her, this is something only she has, right?",13,matcher,25,FALSE,NA,1084
She has a triangle right behind her square head.,14,describer,26,FALSE,NA,1084
She has a what?,13,matcher,27,TRUE,NA,1084
She has a triangle right behind her square head.,14,describer,28,FALSE,NA,1084
Ask me.,14,describer,29,TRUE,NA,1084
Is there like a thicker leg on the left side and a small triangle on the right attached to it?,13,matcher,30,FALSE,NA,1084
No.,13,matcher,31,FALSE,NA,1084
"No, okay.",13,matcher,32,TRUE,NA,1084
The only legs that appear are on the left side.,13,matcher,33,FALSE,NA,1084
Is it flat on the left?,13,matcher,34,FALSE,NA,1084
It's flat on the left.,13,matcher,35,FALSE,NA,1084
"So I'm looking at like, it's like kind of thicker at the bottom on the left side compared to the right side.",13,matcher,36,FALSE,NA,1084
And it's like horizontal.,13,matcher,37,FALSE,NA,1084
"No, it's not thicker on the left side than the right side.",13,matcher,38,FALSE,NA,1084
"Okay, the one thing I need you to look for, square head, triangle, like hair right behind it.",13,matcher,39,FALSE,NA,1084
"Like if you can see that, that is the only picture.",13,matcher,40,FALSE,NA,1084
Square and triangle right behind it.,13,matcher,41,FALSE,NA,1084
Square head?,13,matcher,42,FALSE,NA,1084
triangle right to the right of it.,14,describer,43,FALSE,NA,1084
"Oh, okay.",14,describer,44,TRUE,NA,1084
I see.,14,describer,45,TRUE,NA,1084
And there's like an arm sticking out on the right?,13,matcher,46,FALSE,NA,1084
"Yes, yes, right.",13,matcher,47,TRUE,NA,1084
"Oh, oh.",13,matcher,48,TRUE,NA,1084
Interesting.,13,matcher,49,TRUE,NA,1084
Okay.,13,matcher,50,TRUE,NA,1084
"Okay, this looks like a submarine with a diamond on top of it.",14,describer,1,FALSE,NA,1085
"Oh, right.",13,matcher,2,TRUE,NA,1085
"Okay, this looks like a house with a chimney beside it.",14,describer,1,FALSE,NA,1086
On the right?,13,matcher,2,FALSE,NA,1086
Yes.,14,describer,3,TRUE,NA,1086
So this looks like an animal that is maybe like a horse or something like that.,14,describer,1,FALSE,NA,1087
"that has triangle feet, triangle head, has a tail.",14,describer,2,FALSE,NA,1087
The tail is pointing towards the right.,14,describer,3,FALSE,NA,1087
The face is pointing towards the left.,14,describer,4,FALSE,NA,1087
This animal is like almost balancing in one leg.,14,describer,5,FALSE,NA,1087
The legs are not on the same level.,14,describer,6,FALSE,NA,1087
Right.,13,matcher,7,TRUE,NA,1087
"So this next thing almost looks like a, one could say it looks like a seesaw.",14,describer,1,FALSE,NA,1088
"One could say it looks like a phone, like an old phone.",14,describer,2,FALSE,NA,1088
like that you would need to pick it up and is there like a place where a square could fit into it,14,describer,3,FALSE,NA,1088
yes you're right,14,describer,4,FALSE,NA,1088
okay this one is actually that picture of that like person praying like uh not kneeling but like genuflecting like bending their knees a little bit,14,describer,1,FALSE,NA,1089
with their arms pointed like open to the right.,14,describer,2,FALSE,NA,1089
It's almost like a S shape.,14,describer,3,FALSE,NA,1089
"S, hold on.",13,matcher,4,FALSE,NA,1089
Like a letter.,14,describer,5,FALSE,NA,1089
Hold on.,13,matcher,6,TRUE,NA,1089
Like the knees are sticking out to the right.,13,matcher,7,FALSE,NA,1089
"Yes, okay, yeah, I guess you could say that, yeah.",14,describer,8,TRUE,NA,1089
So it looks like the guy sitting and his back is against the wall on the right and his legs are out to the left.,13,describer,1,FALSE,NA,1090
"Okay, hold on.",14,matcher,2,TRUE,NA,1090
"Yeah, I've got this.",14,matcher,3,TRUE,NA,1090
"So it looks like someone's leg is sticking out to the right at a 90, like...",13,describer,1,FALSE,NA,1091
It looks like they're doing a yoga pose and there's a diamond head.,13,describer,2,FALSE,NA,1091
And is that diamond head resting on two triangles?,14,matcher,3,FALSE,NA,1091
It's like standing on one leg and the right leg is like stretched to the right.,13,describer,4,FALSE,NA,1091
"No, but is the head resting on two triangles?",14,matcher,5,FALSE,NA,1091
"Yeah, there's like two triangles pointing to the left.",13,describer,6,FALSE,NA,1091
Okay.,13,describer,7,TRUE,NA,1091
"So it looks almost like a candle, but there is a small triangle on the right side at the bottom.",13,describer,1,FALSE,NA,1092
Hold on a second.,14,matcher,2,TRUE,NA,1092
There's a diamond top or diamond head.,13,describer,3,FALSE,NA,1092
"Oh, it looks like a candle and what, sorry?",14,matcher,4,FALSE,NA,1092
It looks like a candle.,13,describer,5,FALSE,NA,1092
There's a small triangle at the very bottom on the right side.,13,describer,6,FALSE,NA,1092
"The right bottom, there's a triangle, like, pointing downwards.",13,describer,7,FALSE,NA,1092
"And, okay, it's the, like, describe the left side for me.",14,matcher,8,FALSE,NA,1092
"The left side, there's, like, um, a large point.",13,describer,9,FALSE,NA,1092
Okay.,14,matcher,10,TRUE,NA,1092
"It's, like, a rectangle that's been, like, sliced off, so it's, like, a large point on the left.",13,describer,11,FALSE,NA,1092
"At the bottom, it's, like, a regular, like, a stand.",13,describer,12,FALSE,NA,1092
Almost...,13,describer,13,TRUE,NA,1092
"Um, it's not fully, it's not fully, like, straight at the bottom.",13,describer,14,FALSE,NA,1092
"It's, like, a platform, almost.",13,describer,15,FALSE,NA,1092
"It's, like, flat, and then there's a triangle at the right.",13,describer,16,FALSE,NA,1092
"Okay, okay.",14,matcher,17,TRUE,NA,1092
"So, is this the one that I would have described as, like, someone giving a speech, like, at a podium?",14,matcher,18,FALSE,NA,1092
"Um, no.",13,describer,19,FALSE,NA,1092
"No, it's not that.",13,describer,20,FALSE,NA,1092
"Okay, so I, can you describe it differently?",14,matcher,21,TRUE,NA,1092
Yeah.,13,describer,22,TRUE,NA,1092
"So, it...",13,describer,23,TRUE,NA,1092
"It looks like, um, um, almost, okay, like a spoon.",13,describer,24,FALSE,NA,1092
"Okay, imagine there's like a spoon or like a, um, a golf.",13,describer,25,FALSE,NA,1092
"Uh, what's it called?",13,describer,26,TRUE,NA,1092
That's not good.,14,matcher,27,TRUE,NA,1092
"Okay, okay, can you describe the shape to me?",14,matcher,28,FALSE,NA,1092
"Like, like, is there a diamond?",14,matcher,29,FALSE,NA,1092
Is there a triangle?,14,matcher,30,FALSE,NA,1092
"Yeah, there's a diamond at the top, and then right underneath the diamond, there's, um,",13,describer,31,FALSE,NA,1092
"There's, like, a point to the right,",13,describer,32,FALSE,NA,1092
"and then underneath that, there's, uh, like, a rectangle that's pointed off to the left side,",13,describer,33,FALSE,NA,1092
"and then there's, like, a large triangle as the base,",13,describer,34,FALSE,NA,1092
"and then a smaller triangle attached to that, like, underneath, that's on the right-hand side.",13,describer,35,FALSE,NA,1092
"Okay, I'm, I'm, hold on, I'm not really getting this.",14,matcher,36,TRUE,NA,1092
"Look for, like, if there's a tiny triangle facing",13,describer,37,FALSE,NA,1092
downwards on the right hand side at the bottom of the square,13,describer,38,FALSE,NA,1092
okay you want me to look for a tiny triangle facing,14,matcher,39,FALSE,NA,1092
uh yeah it's on the right the right bottom of the square or of the image,13,describer,40,FALSE,NA,1092
okay yeah i i think this is the one that i asked you like can you imagine that as a person,14,matcher,41,FALSE,NA,1092
like giving a speech at like a podium,14,matcher,42,FALSE,NA,1092
like with that podium being that small triangle,14,matcher,43,FALSE,NA,1092
like is that what i'm describing,14,matcher,44,FALSE,NA,1092
uh i think the one you're describing has like a small triangle like uh sticking out on the right side like in the middle of the podium,13,describer,45,FALSE,NA,1092
okay i've talked,14,matcher,46,FALSE,NA,1092
mine is like a is more abstract than that but it's it's it's kind of similar but no it's not the podium image it's not the podium image it's no,13,describer,47,FALSE,NA,1092
it's a diamond head on top,13,describer,48,FALSE,NA,1092
okay yeah it's a diamond head on top,13,describer,49,FALSE,NA,1092
right there's uh a point to the right that there's a point to the left,13,describer,50,FALSE,NA,1092
wait wait what is the point to the right like,14,matcher,51,FALSE,NA,1092
there's a point facing the right direction,13,describer,52,FALSE,NA,1092
oh okay does that person have like one foot like to the right,14,matcher,53,FALSE,NA,1092
"Yeah, to the right, and then underneath that, there's another arm sticking out to the left.",13,describer,54,FALSE,NA,1092
That's pointed.,13,describer,55,FALSE,NA,1092
Is this image upside down or something?,14,matcher,56,FALSE,NA,1092
Is it upside down?,14,matcher,57,FALSE,NA,1092
"Okay, can you describe the whole image?",14,matcher,58,TRUE,NA,1092
Is it a dog?,14,matcher,59,FALSE,NA,1092
Is it an animal?,14,matcher,60,FALSE,NA,1092
Is it a person?,14,matcher,61,FALSE,NA,1092
I guess it could be a person.,13,describer,62,FALSE,NA,1092
"Okay, I'm really confused.",14,matcher,63,TRUE,NA,1092
Let me do this one last time.,13,describer,64,FALSE,NA,1092
"Okay, the diamond is the head, right?",13,describer,65,FALSE,NA,1092
Right.,14,matcher,66,FALSE,NA,1092
"And then there's... And then right underneath the diamond, there's a figure pointing to the right of the image.",13,describer,67,FALSE,NA,1092
"And then underneath that, there's a long bar extended to the left side.",13,describer,68,FALSE,NA,1092
"And then underneath that, there's a large triangle pointing upwards as the base, and it's like flat at the bottom.",13,describer,69,FALSE,NA,1092
"But then underneath that, there's a smaller triangle pointed the opposite direction.",13,describer,70,FALSE,NA,1092
"And the top is pointing down, and it's small.",13,describer,71,FALSE,NA,1092
And it's on the bottom right.,13,describer,72,FALSE,NA,1092
"I think I've got this, but bear with me.",14,matcher,73,TRUE,NA,1092
"Yes, that's it.",14,matcher,74,TRUE,NA,1092
"Okay, I'm so sorry.",14,matcher,75,TRUE,NA,1092
"No, it's fine.",14,matcher,76,TRUE,NA,1092
So it looks like someone is kneeling and they're facing their right hand side,13,describer,1,FALSE,NA,1093
and it looks like their hands are like out to receive something,13,describer,2,FALSE,NA,1093
and their feet are like are flat and they're like facing the left like they're against the wall on the left side and there's a diamond head.,13,describer,3,FALSE,NA,1093
Is the feet pointed upwards?,14,matcher,4,FALSE,NA,1093
Um yeah it could be upwards.,13,describer,5,FALSE,NA,1093
It looks like they're kneeling on the ground and they're facing towards the right.,13,describer,6,FALSE,NA,1093
"Okay, I think I know this, but we'll see.",14,matcher,7,TRUE,NA,1093
"Yes, that one.",14,matcher,8,TRUE,NA,1093
The cactus image.,13,describer,1,FALSE,NA,1094
so it looks like it's flat on the left and flat at the top and there's a diamond on top of at the top it's flat,13,describer,1,FALSE,NA,1095
what sorry,14,matcher,2,FALSE,NA,1095
it's there's a like a straight line on the left and a straight line at the top um,13,describer,3,FALSE,NA,1095
and there's a diamond head on top of that uh box looking figure,13,describer,4,FALSE,NA,1095
okay and describe the right hand side for me the right hand side,14,matcher,5,FALSE,NA,1095
is very is like cut out and,13,describer,6,FALSE,NA,1095
and not straight or anything.,13,describer,7,FALSE,NA,1095
"OK, can you describe it in terms of a hand or a leg?",14,matcher,8,FALSE,NA,1095
"Yeah, I guess there's a little hand on the right side sticking out.",13,describer,9,FALSE,NA,1095
And is the hand out further than the leg?,14,matcher,10,FALSE,NA,1095
Yes.,13,describer,11,FALSE,NA,1095
OK.,13,describer,12,TRUE,NA,1095
The one that looks like a rabbit sitting and facing the right-hand side.,13,describer,1,FALSE,NA,1096
Okay.,14,matcher,2,TRUE,NA,1096
The one that looks like the podium image that you were describing with the diamond head.,13,describer,1,FALSE,NA,1097
"Okay, got it.",14,matcher,2,TRUE,NA,1097
"Uh, it looks like there's a little, like, head on top of a dog.",13,describer,1,FALSE,NA,1098
"The dog is facing towards the left, and it has a tail on the right.",13,describer,2,FALSE,NA,1098
"Hold on, uh...",14,matcher,3,TRUE,NA,1098
The dog is facing which direction?,13,describer,4,FALSE,NA,1098
"It looks like they're facing the left, and it looks like they have a little tail on the right hand side, but there's like a small figure on its back.",13,describer,5,FALSE,NA,1098
Okay.,14,matcher,6,TRUE,NA,1098
"Hold on, give me a second.",14,matcher,7,TRUE,NA,1098
"It looks like something is riding that dog, right?",14,matcher,8,FALSE,NA,1098
"Yeah, it looks like there's a square and a... Another rectangle.",13,describer,9,FALSE,NA,1098
Yeah.,13,describer,10,TRUE,NA,1098
"Um, the one that looks like, uh, an animal without a tail.",13,describer,1,FALSE,NA,1099
It's with a long back.,13,describer,2,FALSE,NA,1099
"Okay, so it looks like a dog, no tail, um, the head and... Yeah, the head, head is facing the left, is pointing to the left, uh, side.",13,describer,3,FALSE,NA,1099
"Okay, okay, I think I've got this.",14,matcher,4,TRUE,NA,1099
um this one looks like uh the closest to a pineapple almost and there's like uh yeah um,13,describer,1,FALSE,NA,1100
this one has a triangle as the head um and it's pointed to the left side and it's like holding a square and the square is below right okay yeah i got that,13,describer,1,FALSE,NA,1101
"this one looks like the uh Like a phone, almost, where you could fit a square inside.",13,describer,1,FALSE,NA,1102
Hold on.,14,matcher,2,TRUE,NA,1102
This is like a space where it looks like a square could fit.,14,matcher,3,FALSE,NA,1102
"I guess, what do you mean?",13,describer,4,TRUE,NA,1102
This one is like a submarine image with a diamond at the top.,13,describer,1,FALSE,NA,1103
"This looks like a person, the diamond head, and it looks like they're facing the left hand side and they have their hands out to the left.",13,describer,1,FALSE,NA,1104
It looks like they're wearing the graduation robe.,13,describer,2,FALSE,NA,1104
The one that looks like a blow dryer.,13,describer,1,FALSE,NA,1105
This one looks like a dog with their front legs facing the right and then their smaller back legs are on the left side and there's a diamond head.,13,describer,1,FALSE,NA,1106
"Wait, there's a diamond head?",14,matcher,2,FALSE,NA,1106
yeah diamond head and it looks like the front legs are facing the right side,13,describer,3,FALSE,NA,1106
and it's like bigger and they have like back legs on the left well it looks like they have a tail as well,13,describer,4,FALSE,NA,1106
this is just a triangle oh okay okay yeah,13,describer,5,FALSE,NA,1106
"Uh, this one looks like a banana shape, and there's a diamond at the top.",13,describer,1,FALSE,NA,1107
"Okay, so this is like the graduate in a gown facing the left in their graduation robes.",14,describer,1,FALSE,NA,1108
"Okay, so this is the one thing there with the triangle head and it's holding a square in its head.",14,describer,1,FALSE,NA,1109
Okay.,13,matcher,2,TRUE,NA,1109
"So this is a picture of a man, like, leaning against the wall with his legs outstretched towards the left.",14,describer,1,FALSE,NA,1110
"His back is leaning against the wall, his head is slanted slightly forward.",14,describer,2,FALSE,NA,1110
Okay.,13,matcher,3,TRUE,NA,1110
"The wall's on the, yeah.",14,describer,4,FALSE,NA,1110
"Okay, this is the man on the podium, like, giving, like,",14,describer,1,FALSE,NA,1111
a speech or something.,14,describer,2,FALSE,NA,1111
There's a mini triangle on the right hand side.,14,describer,3,FALSE,NA,1111
Alright.,14,describer,4,TRUE,NA,1111
So this is the picture of a woman.,14,describer,1,FALSE,NA,1112
"Actually, I have a question.",13,matcher,2,TRUE,NA,1112
Can you describe the bottom right picture for you?,13,matcher,3,TRUE,NA,1112
What?,14,describer,4,TRUE,NA,1112
Can you describe the bottom right picture for you?,13,matcher,5,FALSE,NA,1112
The bottom right is a man on the floor with his legs to the left.,14,describer,6,FALSE,NA,1112
And the hands are outstretched to the right?,13,matcher,7,FALSE,NA,1112
"Oh, hands are outstretched to the right.",14,describer,8,FALSE,NA,1112
"Yeah, so are they kneeling?",13,matcher,9,FALSE,NA,1112
"Uh, yeah.",14,describer,10,TRUE,NA,1112
And the legs are pointed upwards?,13,matcher,11,FALSE,NA,1112
Yes.,14,describer,12,TRUE,NA,1112
"Yeah, it's that.",14,describer,13,TRUE,NA,1112
Okay.,14,describer,14,TRUE,NA,1112
"Okay, banana with a diamond on top.",14,describer,1,FALSE,NA,1113
"Oh, right.",13,matcher,2,TRUE,NA,1113
So this is a dog without a tail facing the left.,14,describer,1,FALSE,NA,1114
"So this is a dog with another animal on top of it, like riding.",14,describer,1,FALSE,NA,1115
This other animal has a square on top of it and a rectangle.,14,describer,2,FALSE,NA,1115
But it's a dog.,14,describer,3,FALSE,NA,1115
It has a tail.,14,describer,4,FALSE,NA,1115
So this thing is also like a dog.,14,describer,1,FALSE,NA,1116
It has a diamond head.,14,describer,2,FALSE,NA,1116
The front legs are bigger.,14,describer,3,FALSE,NA,1116
It's like sort of resting on them as a triangle.,14,describer,4,FALSE,NA,1116
"It has a tail, which is a triangle on the left.",14,describer,5,FALSE,NA,1116
So this is a rabbit.,14,describer,1,FALSE,NA,1117
OK.,13,matcher,2,TRUE,NA,1117
Cactus.,14,describer,1,FALSE,NA,1118
"Oh, it's...",13,matcher,2,TRUE,NA,1118
"Uh, this is for submarine.",14,describer,1,FALSE,NA,1119
Okay.,13,matcher,2,TRUE,NA,1119
Okay.,13,matcher,3,TRUE,NA,1119
So this is the picture I struggled with a lot last rap.,14,describer,1,FALSE,NA,1120
Alright.,13,matcher,2,TRUE,NA,1120
Pineapple.,14,describer,1,FALSE,NA,1121
"So this is a picture of, uh, it has a diamond head, it's a person standing on one leg, uh, as if they're doing a yoga pose.",14,describer,1,FALSE,NA,1122
Okay.,13,matcher,2,TRUE,NA,1122
"So this is, uh, this thing has a diamond head, uh, it has a flat surface on the left-hand side, and immediately below the head,",14,describer,1,FALSE,NA,1123
"And on the right hand side, it is like a hand outstretched.",14,describer,2,FALSE,NA,1123
"And there's a leg as well, but the hand is further out than the leg.",14,describer,3,FALSE,NA,1123
Okay.,13,matcher,4,TRUE,NA,1123
"So this is the hand dryer, the blow dryer.",14,describer,1,FALSE,NA,1124
The phone.,14,describer,1,FALSE,NA,1125
What?,13,matcher,2,TRUE,NA,1125
The phone.,14,describer,3,TRUE,NA,1125
The cactus.,13,describer,1,FALSE,NA,1126
The one that you struggled with last time.,13,describer,1,FALSE,NA,1127
The dog with the larger frontal legs to the right.,13,describer,1,FALSE,NA,1129
The hair dryer.,13,describer,1,FALSE,NA,1130
The yoga pose person.,13,describer,1,FALSE,NA,1131
The pineapple.,13,describer,1,FALSE,NA,1132
The submarine.,13,describer,1,FALSE,NA,1133
The person in a graduation robe.,13,describer,1,FALSE,NA,1134
"The person kneeling and praying, uh, facing the right.",13,describer,1,FALSE,NA,1135
"Oh, uh.",14,matcher,2,TRUE,NA,1135
"Oh, wait, what?",14,matcher,3,TRUE,NA,1135
"Oh, no, no.",14,matcher,4,TRUE,NA,1135
"Sorry, sorry.",14,matcher,5,TRUE,NA,1135
I accidentally pressed.,14,matcher,6,TRUE,NA,1135
My bad.,14,matcher,7,TRUE,NA,1135
The telephone.,13,describer,1,FALSE,NA,1136
The dog with the long body.,13,describer,1,FALSE,NA,1137
No tail.,13,describer,2,FALSE,NA,1137
The banana.,13,describer,1,FALSE,NA,1138
The person holding a square.,13,describer,1,FALSE,NA,1139
The rabbit.,13,describer,1,FALSE,NA,1140
The figure riding on top of the dog.,13,describer,1,FALSE,NA,1141
The person sitting on the floor leaning back against the wall.,13,describer,1,FALSE,NA,1142
Legs are extended to the left.,13,describer,2,FALSE,NA,1142
The figure with a hand sticking to the right.,13,describer,1,FALSE,NA,1143
uh which is sticking out farther than the the foot and the left side is is flat a straight line,13,describer,2,FALSE,NA,1143
"Uh, the one I struggled with.",14,describer,1,FALSE,NA,1144
Okay.,13,matcher,2,TRUE,NA,1144
"Um, the woman, uh, like praying, kneeling, with the legs pointed upwards.",14,describer,1,FALSE,NA,1145
Blow dryer.,14,describer,1,FALSE,NA,1146
A man leaning the back against the wall.,14,describer,1,FALSE,NA,1147
Okay.,13,matcher,2,TRUE,NA,1147
A dog with big front legs.,14,describer,1,FALSE,NA,1148
Okay.,13,matcher,2,TRUE,NA,1148
Pineapple,14,describer,1,FALSE,NA,1149
Dog with low tail,14,describer,1,FALSE,NA,1150
Submarine,14,describer,1,FALSE,NA,1151
Rabbit,14,describer,1,FALSE,NA,1152
"Uh, diamond head holding square.",14,describer,1,FALSE,NA,1153
Okay.,13,matcher,2,TRUE,NA,1153
"Uh, yoga pose.",14,describer,1,FALSE,NA,1154
A dog riding a dog.,14,describer,1,FALSE,NA,1155
The phone.,14,describer,1,FALSE,NA,1156
The telephone.,14,describer,2,FALSE,NA,1156
"Uh, then graduate.",14,describer,1,FALSE,NA,1158
"Like, uh, like in the Gavs.",14,describer,2,FALSE,NA,1158
A banana with a diamond on top.,14,describer,1,FALSE,NA,1159
What was that?,13,matcher,2,TRUE,NA,1159
A banana with a diamond on top.,14,describer,3,TRUE,NA,1159
"Oh, odd.",13,matcher,4,TRUE,NA,1159
Sorry.,13,matcher,5,TRUE,NA,1159
Clicked the wrong one.,13,matcher,6,TRUE,NA,1159
Don't worry.,13,matcher,7,TRUE,NA,1159
A podium.,14,describer,1,FALSE,NA,1160
Okay.,13,matcher,2,TRUE,NA,1160
This is a diamond head.,14,describer,1,FALSE,NA,1161
The left side is straight.,14,describer,2,FALSE,NA,1161
The top immediately below the diamond is straight.,14,describer,3,FALSE,NA,1161
The hands are out further than the legs.,14,describer,4,FALSE,NA,1161
Yeah.,13,matcher,5,TRUE,NA,1161
Yep.,13,matcher,6,TRUE,NA,1161
The dog riding on top of the other dog.,13,describer,1,FALSE,NA,1162
The one that you struggled with.,13,describer,1,FALSE,NA,1163
The diamond head with the straight line back on the left.,13,describer,1,FALSE,NA,1164
The right hand sticking out farther.,13,describer,2,FALSE,NA,1164
The graduate robe person.,13,describer,1,FALSE,NA,1165
The cactus.,13,describer,1,FALSE,NA,1166
"The dog with no tail, long body.",13,describer,1,FALSE,NA,1167
"Uh, the, the figure praying, facing the right, kneeling.",13,describer,1,FALSE,NA,1168
The banana.,13,describer,1,FALSE,NA,1170
The figure holding the square.,13,describer,2,FALSE,NA,1170
The pineapple.,13,describer,1,FALSE,NA,1171
The person sitting on the floor back against the wall.,13,describer,1,FALSE,NA,1172
The yoga pose.,13,describer,1,FALSE,NA,1173
The telephone.,13,describer,1,FALSE,NA,1174
The dog with the large frontal legs.,13,describer,1,FALSE,NA,1175
The rabbit.,13,describer,1,FALSE,NA,1176
The blow dryer.,13,describer,1,FALSE,NA,1177
The podium.,13,describer,1,FALSE,NA,1178
The submarine.,13,describer,1,FALSE,NA,1179
Banana?,14,describer,1,FALSE,NA,1180
"Uh, graduate in robes?",14,describer,1,FALSE,NA,1181
Triangle head holding a square.,14,describer,1,FALSE,NA,1182
Dog with bigger frontal legs and triangle tail.,14,describer,1,FALSE,NA,1183
The phone.,14,describer,1,FALSE,NA,1184
The phone?,13,matcher,2,FALSE,NA,1184
Yeah.,14,describer,3,TRUE,NA,1184
Yoga pose.,14,describer,1,FALSE,NA,1185
A woman praying.,14,describer,1,FALSE,NA,1186
"Um, diamond hat, uh, a square which is full on both sides.",14,describer,1,FALSE,NA,1187
"Uh, hats are outstretched further than the legs to the right side.",14,describer,1,FALSE,NA,1188
"Uh, podium die.",14,describer,1,FALSE,NA,1189
Blow dryer.,14,describer,1,FALSE,NA,1190
Cactus.,14,describer,1,FALSE,NA,1191
Dog on a dog.,14,describer,1,FALSE,NA,1192
A man leaning against a wall.,14,describer,1,FALSE,NA,1193
Dog without a tail.,14,describer,1,FALSE,NA,1194
Long body.,14,describer,1,FALSE,NA,1195
Rabbit.,14,describer,1,FALSE,NA,1196
Which one?,13,matcher,2,TRUE,NA,1196
Rabbit.,14,describer,3,TRUE,NA,1196
Okay.,13,matcher,4,TRUE,NA,1196
The one I struggled with.,14,describer,1,FALSE,NA,1197
Pineapple.,13,describer,1,FALSE,NA,1198
Hold on.,14,matcher,2,TRUE,NA,1198
The pineapple.,13,describer,3,FALSE,NA,1198
"Yeah, no, I just misplaced my...",14,matcher,4,TRUE,NA,1198
"Okay, wait, wait, I found it.",14,matcher,5,TRUE,NA,1198
The dog with the large frontal legs.,13,describer,1,FALSE,NA,1199
The yoga pose.,13,describer,1,FALSE,NA,1200
The one with the three spikes at the top.,13,describer,1,FALSE,NA,1201
Like the Batman one?,14,matcher,2,FALSE,NA,1201
It's like three spikes at the top.,13,describer,3,FALSE,NA,1201
It looks like a tulip.,13,describer,4,FALSE,NA,1201
"Yeah, Batman 1, I guess.",13,describer,5,FALSE,NA,1201
And it has like a tail or something to the right side?,14,matcher,6,FALSE,NA,1201
Yeah.,13,describer,7,FALSE,NA,1201
Okay.,13,describer,8,TRUE,NA,1201
It's a submarine.,13,describer,1,FALSE,NA,1202
The man on the floor with the legs extended to the left.,13,describer,1,FALSE,NA,1203
The one that you struggled with.,13,describer,1,FALSE,NA,1204
um the woman um kneeling almost with the knees extended to the right and her arms to the right as well the diamond head right um figure of the diamond head,13,describer,1,FALSE,NA,1205
"There's a leg extended to the right, and there's a curved leg on the left, and the body is a straight line on the left at the top.",13,describer,1,FALSE,NA,1206
Okay.,14,matcher,2,TRUE,NA,1206
The rabbit...,13,describer,1,FALSE,NA,1207
The dog with no tail and long body.,13,describer,1,FALSE,NA,1208
The diamond head with the straight line back on the left.,13,describer,1,FALSE,NA,1209
The cactus.,13,describer,1,FALSE,NA,1210
The house with the chimney on the right.,13,describer,1,FALSE,NA,1211
The dog with the figure on its back.,13,describer,1,FALSE,NA,1212
The dog with what?,14,matcher,2,FALSE,NA,1212
A figure on its back and has a tail on the right.,13,describer,3,FALSE,NA,1212
The diamond head with two arms stretched towards the top.,13,describer,1,FALSE,NA,1213
and is leaning diagonally to the left.,13,describer,2,FALSE,NA,1213
Hold on.,14,matcher,3,TRUE,NA,1213
"Uh, the two arms that are open?",14,matcher,4,FALSE,NA,1213
"Yeah, there's two arms open, so it looks like their arms are raised to the sky.",13,describer,5,FALSE,NA,1213
"And the body is diagonal, it's from the right to the left, is it?",14,matcher,6,FALSE,NA,1213
"Yeah, they're leaning to the left.",13,describer,7,FALSE,NA,1213
Okay.,13,describer,8,TRUE,NA,1213
Okay.,13,describer,9,TRUE,NA,1213
"Um, the, the hexagon, half a hexagon.",13,describer,1,FALSE,NA,1214
The hexagon with something removed.,13,describer,2,FALSE,NA,1214
"Um, there's like a space at the top.",13,describer,3,FALSE,NA,1214
A triangle.,14,matcher,4,FALSE,NA,1214
"Uh, yeah, you could fit a triangle.",13,describer,5,FALSE,NA,1214
The banana.,13,describer,1,FALSE,NA,1215
The house with the tree on the left hand side.,13,describer,1,FALSE,NA,1217
"Um, the, it's like a llama with a tail on the right side.",13,describer,1,FALSE,NA,1218
"Wait, what?",14,matcher,2,TRUE,NA,1218
"Uh, it looks like a, like a llama, and it has, um, legs.",13,describer,3,FALSE,NA,1218
It's like facing the left-hand side.,13,describer,4,FALSE,NA,1218
"There's a tail on the right, and it has two legs.",13,describer,5,FALSE,NA,1218
"The, the frontal leg is facing the left.",13,describer,6,FALSE,NA,1218
Is it bigger?,14,matcher,7,FALSE,NA,1218
"Uh, yeah, it's bigger.",13,describer,8,FALSE,NA,1218
The woman kneeling and praying.,13,describer,1,FALSE,NA,1219
The telephone.,13,describer,1,FALSE,NA,1220
The figure holding a square.,13,describer,1,FALSE,NA,1221
"The dog with like two feet in the air, two triangles at the top, and there's a square on top of",13,describer,1,FALSE,NA,1222
A triangle at the bottom.,13,describer,2,FALSE,NA,1222
The figure with diamond head kneeling on the ground and it has two triangle arms pointed upwards or out.,13,describer,1,FALSE,NA,1223
And it's facing the right hand side.,13,describer,2,FALSE,NA,1223
It's facing the right hand side?,14,matcher,3,FALSE,NA,1223
"Yeah, it's facing the right.",13,describer,4,FALSE,NA,1223
And it looks like it's nailing on the floor.,13,describer,5,FALSE,NA,1223
And it has two triangle arms pointed out.,13,describer,6,FALSE,NA,1223
Diamond head.,13,describer,7,FALSE,NA,1223
I'm not getting this.,14,matcher,8,TRUE,NA,1223
There's like a small white sliver between the two arms.,13,describer,9,FALSE,NA,1223
"Wait, which, okay, can you describe its position to me on your side?",14,matcher,10,FALSE,NA,1223
Like row and column.,14,matcher,11,TRUE,NA,1223
I think it's different columns and rows for each of us.,13,describer,12,TRUE,NA,1223
"Well, I know, but describe your row and column to me.",14,matcher,13,TRUE,NA,1223
"Okay, it's on the top row and it's in the fifth column.",14,matcher,14,TRUE,NA,1223
It has a diamond head and it looks like it's like two arms and they're triangles and they're like sticking outward.,13,describer,15,FALSE,NA,1223
It almost has like a V chest shape.,13,describer,16,FALSE,NA,1223
A downward V chest shape.,13,describer,17,FALSE,NA,1223
"This is not the bat, is it?",14,matcher,18,FALSE,NA,1223
What?,13,describer,19,TRUE,NA,1223
This is not the bat.,14,matcher,20,FALSE,NA,1223
"No, not the bat.",13,describer,21,FALSE,NA,1223
"Um,",13,describer,22,TRUE,NA,1223
There's only one thing with two hands to me.,14,matcher,23,FALSE,NA,1223
The only thing I can see there with two hands is the thing which is diagonal and the two hands are outstretched.,14,matcher,24,FALSE,NA,1223
"So this one, it looks like it has a V as a chest.",13,describer,25,FALSE,NA,1223
It's like a diamond head and it's supported on a V shape.,13,describer,26,FALSE,NA,1223
Do you see that?,13,describer,27,TRUE,NA,1223
Hold on.,14,matcher,28,TRUE,NA,1223
Does it have two triangles?,14,matcher,29,FALSE,NA,1223
Yeah.,13,describer,30,FALSE,NA,1223
"Yeah, and it forms like a V. No, wait.",13,describer,31,FALSE,NA,1223
It has two triangles as legs?,14,matcher,32,FALSE,NA,1223
Uh...,14,matcher,33,FALSE,NA,1223
The legs are kind of lumped together to create a sort of...,14,matcher,34,FALSE,NA,1223
"Yeah, I guess it could be seen as two triangles?",13,describer,35,FALSE,NA,1223
"No, there's only one thing there with two triangles.",14,matcher,36,FALSE,NA,1223
It's very clear it's two triangles.,14,matcher,37,FALSE,NA,1223
okay no no no it's not it's not two triangles,13,describer,38,FALSE,NA,1223
the head is a diamond the head is a diamond and there's a uh like a a triangle on the right that could be like a hand,13,describer,39,FALSE,NA,1223
and there's next to that there's a triangle on the left and it is for it looks like uh a v,13,describer,40,FALSE,NA,1223
like the letter V almost like sticking out.,13,describer,41,FALSE,NA,1223
Okay.,13,describer,42,TRUE,NA,1223
"I think I, okay.",14,matcher,43,TRUE,NA,1223
"Let's, let's describe this in the future as the, like, uh, the square head and this woman with her hair, like, like that's the title.",14,matcher,44,FALSE,NA,1223
Her hair.,14,matcher,45,FALSE,NA,1223
Okay.,14,matcher,46,TRUE,NA,1223
Got it.,14,matcher,47,TRUE,NA,1223
"Um, it looks like the,",13,describer,1,TRUE,NA,1224
"There's a square head, and it looks like it's falling off to the right.",13,describer,2,FALSE,NA,1224
And there's two legs.,13,describer,3,FALSE,NA,1224
One of the legs is at the top.,13,describer,4,FALSE,NA,1224
Yeah.,14,matcher,5,TRUE,NA,1224
The dog on top of the other dog.,13,describer,1,FALSE,NA,1225
"Um, there's two legs.",13,describer,1,FALSE,NA,1226
One of them is stretched out to the left.,13,describer,2,FALSE,NA,1226
There's a diamond head.,13,describer,3,FALSE,NA,1226
"And, uh, there's like a point facing the left side.",13,describer,4,FALSE,NA,1226
So does it look like this person is running?,14,matcher,5,FALSE,NA,1226
"Uh, yes.",13,describer,6,TRUE,NA,1226
Yes.,13,describer,7,TRUE,NA,1226
the podium.,13,describer,1,FALSE,NA,1227
It's like a square head and there's a long left leg.,13,describer,1,FALSE,NA,1228
And there's a smaller triangle for the right foot.,13,describer,2,FALSE,NA,1228
Yeah.,13,describer,3,TRUE,NA,1228
The graduate student.,13,describer,1,FALSE,NA,1229
The blow dryer.,13,describer,1,FALSE,NA,1230
"Um, it looks like an L. Like it's an L shape.",13,describer,1,FALSE,NA,1231
"It's a thick L. Okay, that's what I thought when you said a sloth before.",14,matcher,2,FALSE,NA,1231
Yeah.,13,describer,3,TRUE,NA,1231
"Um, it looks like a person walking.",13,describer,1,FALSE,NA,1232
It has two triangles as the feet.,13,describer,2,FALSE,NA,1232
And like an arm facing the right.,13,describer,3,FALSE,NA,1232
Yeah.,13,describer,4,TRUE,NA,1232
um the strange looking uh diagonal figure with the two arms outstriped,13,describer,1,FALSE,NA,1233
um no it's like it looks like a line almost but like a diagonal line,13,describer,2,FALSE,NA,1233
um to the left it's it's like it's uh and it could look like a like sunglasses almost like,13,describer,3,FALSE,NA,1233
"Okay, um, I'm the speaker, can you hear me?",16,describer,1,TRUE,NA,1234
Yeah.,15,matcher,2,TRUE,NA,1234
"Okay, it's the trust fall one.",16,describer,3,FALSE,NA,1234
He looks like he's doing a trust fall.,16,describer,4,FALSE,NA,1234
"Oh, okay.",15,matcher,5,TRUE,NA,1234
Yeah.,15,matcher,6,TRUE,NA,1234
"Yeah, let's go.",15,matcher,7,TRUE,NA,1234
I killed that.,15,matcher,8,TRUE,NA,1234
"Good, okay.",15,matcher,9,TRUE,NA,1234
"Um, okay.",15,matcher,10,TRUE,NA,1234
This kind of looks like a horse.,16,describer,1,FALSE,NA,1235
"Look, you know how when you, like, kick a horse and its front legs, like, go up, and it, like, bends its feet, and it, like, neighs?",16,describer,2,FALSE,NA,1235
"It kind of looks like that, and, like,",16,describer,3,FALSE,NA,1235
"the head of the horse is, like, a square box,",16,describer,4,FALSE,NA,1235
"and its body is kind of, like, the rest of the back half of its body is kind of, like, laying on the ground,",16,describer,5,FALSE,NA,1235
"but its two front legs are kind of, like, stuck in the air and, like, bent.",16,describer,6,FALSE,NA,1235
Does that make sense?,16,describer,7,TRUE,NA,1235
No.,15,matcher,8,TRUE,NA,1235
"No, okay.",16,describer,9,TRUE,NA,1235
I'll try this again.,16,describer,10,TRUE,NA,1235
"Okay, so you got, like...",16,describer,11,TRUE,NA,1235
Okay.,15,matcher,12,TRUE,NA,1235
"Wait, wait, wait.",15,matcher,13,TRUE,NA,1235
Which way is the horse facing?,15,matcher,14,FALSE,NA,1235
"Oh, it's facing the right.",16,describer,15,FALSE,NA,1235
Its legs are sticking up towards the right.,16,describer,16,FALSE,NA,1235
And its head is kind of tilted back a little bit.,16,describer,17,FALSE,NA,1235
"It looks like it's, like, in pain.",16,describer,18,FALSE,NA,1235
Does that help?,16,describer,19,TRUE,NA,1235
"Um, okay.",15,matcher,20,TRUE,NA,1235
"Okay, okay, yeah.",15,matcher,21,TRUE,NA,1235
"Oh, okay.",15,matcher,22,TRUE,NA,1235
"Okay, I think that one.",15,matcher,23,TRUE,NA,1235
We'll see.,15,matcher,24,TRUE,NA,1235
Okay.,15,matcher,25,TRUE,NA,1235
Let's go.,15,matcher,26,TRUE,NA,1235
"Okay, kill that.",15,matcher,27,TRUE,NA,1235
This guy looks like...,16,describer,1,FALSE,NA,1236
"So you know how in, like, the end of a tango, the guy, like, dips the girl?",16,describer,2,FALSE,NA,1236
Tango?,15,matcher,3,FALSE,NA,1236
What the fuck?,15,matcher,4,TRUE,NA,1236
Sorry.,15,matcher,5,TRUE,NA,1236
"Like the dance where they're, like, wearing red and black and the guy, like, dips the girl?",16,describer,6,FALSE,NA,1236
"Oh, oh, oh, I got it, I got it.",15,matcher,7,TRUE,NA,1236
He looks like he's dipping her.,16,describer,8,FALSE,NA,1236
"So he's facing towards the left, and one of his legs, his right leg is stuck out really long, and his left one is like that.",16,describer,9,FALSE,NA,1236
"Okay, I got it, I got it.",15,matcher,10,TRUE,NA,1236
"Okay, cool.",15,matcher,11,TRUE,NA,1236
"Yeah, you killed that.",15,matcher,12,TRUE,NA,1236
"Yeah, let's go.",15,matcher,13,TRUE,NA,1236
"Okay, this is just, like, a dog jumping in the air.",16,describer,1,FALSE,NA,1237
"This is a dog, and its legs are off the ground.",16,describer,2,FALSE,NA,1237
"Um, are his back legs on the ground-ish?",15,matcher,3,FALSE,NA,1237
"Everything's off the ground, and his feet are, like, pointed for some reason, like, his legs are pointed.",16,describer,4,FALSE,NA,1237
I'm sorry.,15,matcher,5,TRUE,NA,1237
And he has a weird hat.,16,describer,6,FALSE,NA,1237
He has a weird shaped hat.,16,describer,7,FALSE,NA,1237
"Okay, so the dog's facing the left.",16,describer,8,FALSE,NA,1237
They're all facing- all the dogs are facing left.,15,matcher,9,FALSE,NA,1237
There's so many dogs!,15,matcher,10,FALSE,NA,1237
"Okay, this dog has got a pointy head, it's jumping in the air, its legs are straight down,",16,describer,11,FALSE,NA,1237
"its legs are two triangles, the same size as its- the same kind of shape as its head, its tail is a long rectangle.",16,describer,12,FALSE,NA,1237
"Ugh, I think I'm gonna get this one wrong, but I'm going, I'm going.",15,matcher,13,TRUE,NA,1237
"And it's, like, really skinny, like, it's, it's, uh, stomach is, like, bent in.",16,describer,14,FALSE,NA,1237
"Um, this just looks like a boomerang if you threw it in the air.",16,describer,1,FALSE,NA,1238
"Um, does it look like a gun also?",15,matcher,2,FALSE,NA,1238
Yes.,16,describer,3,FALSE,NA,1238
"Okay, you could have said that.",15,matcher,4,FALSE,NA,1238
"Okay, so this guy looks like, um... He- okay.",16,describer,1,FALSE,NA,1239
"You know how, like, in Thriller, they do this, like, zombie dance?",16,describer,2,FALSE,NA,1239
"Eh, oh my god.",15,matcher,3,TRUE,NA,1239
This looks like Yoda.,16,describer,1,FALSE,NA,1240
"He's, like- he's, like, tiny kid.",16,describer,2,FALSE,NA,1240
"His hands are out, he's facing the left.",16,describer,3,FALSE,NA,1240
It looks like Yoda.,16,describer,4,FALSE,NA,1240
Wearing a robe.,16,describer,5,FALSE,NA,1240
Does it look like a pope?,15,matcher,6,FALSE,NA,1240
Yes.,16,describer,7,FALSE,NA,1240
Is this just like a pole with two things sticking out on the other side?,16,describer,1,FALSE,NA,1241
"Oh, yeah, yeah, I know, I know, I know.",15,matcher,2,TRUE,NA,1241
"Yeah, okay.",15,matcher,3,TRUE,NA,1241
"Oh, wait, wait, wait, wait.",15,matcher,4,TRUE,NA,1241
"No, no, no.",15,matcher,5,TRUE,NA,1241
Say it again.,15,matcher,6,TRUE,NA,1241
A pole with two things sticking out on either side.,16,describer,7,FALSE,NA,1241
They look like speakers.,16,describer,8,FALSE,NA,1241
This is a house with a tree that's on the left.,16,describer,1,FALSE,NA,1242
The tree is bigger than the house.,16,describer,2,FALSE,NA,1242
"Um, this looks like... Um, it's kind of just like a dog with no legs, only hind legs, no front legs.",16,describer,1,FALSE,NA,1243
it's like a dog jumping and his back legs are still on the floor,16,describer,2,FALSE,NA,1243
yeah okay you don't have to describe it,16,describer,3,TRUE,NA,1243
honestly i'm not even gonna say it okay,16,describer,4,TRUE,NA,1243
i don't but you know it's gonna make me move s,16,describer,5,TRUE,NA,1243
o okay this is like um i don't think i know how to okay,16,describer,6,TRUE,NA,1243
"Well, you have to.",15,matcher,7,TRUE,NA,1243
I'm trying.,16,describer,8,TRUE,NA,1243
"So, it's like, um, it's kind of like a dustpan.",16,describer,1,FALSE,NA,1244
"Like, the thing that you put on the ground and you sweep, like, dust into with a mop.",16,describer,2,FALSE,NA,1244
I know what that is.,15,matcher,3,TRUE,NA,1244
"Do you see what I'm talking about, though?",16,describer,4,TRUE,NA,1244
"No, I don't.",15,matcher,5,TRUE,NA,1244
"It's like, um, if you were holding it and putting it, it's kind of just like, it has, like, a handle and then it has, like, a long flat part and two side things.",16,describer,6,FALSE,NA,1244
It's facing the right.,16,describer,7,FALSE,NA,1244
"Um... Or it kinda looks like, um... Like, you know those short hairbrushes that have, like, handles in the back, and they're kinda like...",16,describer,8,FALSE,NA,1244
"It's like a skinny rectangle connected to, like, a long, fat rectangle?",16,describer,9,FALSE,NA,1244
or like okay it's definitely not one of the people right,15,matcher,10,FALSE,NA,1244
no it doesn't look like a person at all so that should rule some out okay,16,describer,11,FALSE,NA,1244
which one looks the most like a dustpan,16,describer,12,FALSE,NA,1244
i'm talking um,16,describer,13,FALSE,NA,1244
it's not the claw facing up right,15,matcher,14,FALSE,NA,1244
no okay this is if it's this you're stupid this is not a dustpan,15,matcher,15,FALSE,NA,1244
don't be mean to me i'm trying my hardest,16,describer,16,FALSE,NA,1244
Dustpan on this shit?,15,matcher,17,FALSE,NA,1244
What is it?,16,describer,18,TRUE,NA,1244
"What is it, then?",16,describer,19,TRUE,NA,1244
"Well, something else.",15,matcher,20,TRUE,NA,1244
"Okay, this guy's doing a handstand.",16,describer,1,FALSE,NA,1245
That's it.,16,describer,2,TRUE,NA,1245
"Um... And his feet are, like, flailing in the air.",16,describer,3,FALSE,NA,1245
There you go.,16,describer,4,TRUE,NA,1245
Kill that.,16,describer,5,TRUE,NA,1245
Um...,16,describer,6,TRUE,NA,1245
"This guy's, like, um...",16,describer,7,TRUE,NA,1245
It's like...,16,describer,8,TRUE,NA,1245
Imagine if you have one leg on the ground and your back leg is sticking out straight behind you and your arms are to the sides.,16,describer,1,FALSE,NA,1246
Yeah.,15,matcher,2,TRUE,NA,1246
He's doing yoga.,16,describer,3,FALSE,NA,1246
That's what he's doing.,16,describer,4,TRUE,NA,1246
Um...,15,matcher,5,TRUE,NA,1246
"It's just like a guy, it kind of looks like the Yoda one, but he's more of a rectangle, but it's not the one where he has no arms or legs.",16,describer,1,FALSE,NA,1247
"It's just like the Yoda one, but he's kind of like a rectangle for a body with the right side kind of cut off.",16,describer,2,FALSE,NA,1247
"Oh, you're making me laugh again.",15,matcher,3,TRUE,NA,1247
"I can't really hear you, so I'm just gonna... Um...",15,matcher,4,TRUE,NA,1247
"Okay, it's a square head, and it's like a diamond, and his shoulders are completely flat and straight.",16,describer,5,FALSE,NA,1247
"The left side of his body is a complete rectangle, and the right side has some stuff come out and cut out of it.",16,describer,6,FALSE,NA,1247
He looks like he's doing a truss ball.,16,describer,1,FALSE,NA,1248
"Kill that, kill that, kill that.",15,matcher,2,TRUE,NA,1248
"Um, this is a dog, and it's sitting down.",16,describer,1,FALSE,NA,1249
It kinda looks like a dog is waiting for a tree or waiting for a command.,16,describer,2,FALSE,NA,1249
It's hind legs are bent down.,16,describer,3,FALSE,NA,1249
And it's front legs are sticking out and on the ground.,16,describer,4,FALSE,NA,1249
"Oh my god, I did it again!",15,matcher,5,TRUE,NA,1249
"Guys, I knew it was that one, obviously.",15,matcher,6,TRUE,NA,1249
That's the only dog.,15,matcher,7,TRUE,NA,1249
Oh my god.,15,matcher,8,TRUE,NA,1249
I'm getting confused with this scrolling shit.,15,matcher,9,TRUE,NA,1249
I'm so sorry.,15,matcher,10,TRUE,NA,1249
I know that.,15,matcher,11,TRUE,NA,1249
"Sorry, I can hear someone talking, but I don't know if you're talking to me, because I can't... Well, can you describe what you're supposed to describe?",15,matcher,12,TRUE,NA,1249
Let's go.,15,matcher,13,TRUE,NA,1249
Um...,15,matcher,14,TRUE,NA,1249
"This is just, like, a person sitting on the ground.",16,describer,1,FALSE,NA,1250
Um...,16,describer,2,TRUE,NA,1250
"They have, like...",16,describer,3,TRUE,NA,1250
"Like, kind of imagine...",16,describer,4,TRUE,NA,1250
I don't know.,16,describer,5,TRUE,NA,1250
"Yeah, they're kind of just, like, sitting.",16,describer,6,FALSE,NA,1250
"They have, like, a weird body.",16,describer,7,FALSE,NA,1250
One of their legs is stuck out on the left.,16,describer,8,FALSE,NA,1250
And they have a weird triangle.,16,describer,9,FALSE,NA,1250
"Yeah, yeah, yeah.",15,matcher,10,TRUE,NA,1250
"Got it, got it, got it, got it.",15,matcher,11,TRUE,NA,1250
"Um, this looks kind of like a toilet facing the left.",16,describer,1,FALSE,NA,1251
"Oh, yeah, yeah.",15,matcher,2,TRUE,NA,1251
"Got it, got it, got it.",15,matcher,3,TRUE,NA,1251
With a diamond on top.,16,describer,4,FALSE,NA,1251
"Yeah, yeah.",15,matcher,5,TRUE,NA,1251
Or maybe a piano.,16,describer,6,FALSE,NA,1251
Yeah.,16,describer,7,TRUE,NA,1251
"No, it was a toilet, definitely.",16,describer,8,FALSE,NA,1251
"This looks like a person sitting on the ground, facing the left, their knees are bent, and they're looking down.",16,describer,1,FALSE,NA,1252
"And, like, they kind of look like they're, like, a Minecraft character, because their head is, like, a square, and it looks, like, attached to their body this time.",16,describer,2,FALSE,NA,1252
they're sitting on the ground their back is like curved and their knees are bent and they're facing the left and they kind of look like they're looking down at their chest,16,describer,3,FALSE,NA,1252
yeah um this kind of looks like a rose or a claw sticking up,16,describer,1,FALSE,NA,1253
oh why the one you're talking about before,15,matcher,2,FALSE,NA,1253
oh yeah,16,describer,3,TRUE,NA,1253
"This is the one you accidentally picked the last time, it's like- Oh yeah, I remember exactly which one, what?",16,describer,1,FALSE,NA,1254
It's like two squares overlapping attached to like a top little part.,16,describer,2,FALSE,NA,1254
"Um, kinda like, uh...",16,describer,3,TRUE,NA,1254
"It's like a cherry, but instead of two cherries being next to each other, they're one below the other.",16,describer,4,FALSE,NA,1254
"Ah, yeah.",15,matcher,5,TRUE,NA,1254
Okay.,15,matcher,6,TRUE,NA,1254
Um...,15,matcher,7,TRUE,NA,1254
This kind of looks like...,16,describer,1,TRUE,NA,1255
"Okay, so there's this guy, and they're facing to their right, and their knees are half bent, but they're still standing up.",16,describer,2,FALSE,NA,1255
"They look like they're, like, begging for food, maybe?",16,describer,3,FALSE,NA,1255
Yeah.,15,matcher,4,TRUE,NA,1255
"Okay, I'm not gonna... Um...",15,matcher,5,TRUE,NA,1255
So this is just like a flat thing with a square kind of sticking up out of a bump on the top of it.,16,describer,1,FALSE,NA,1256
"It could be like, I guess like, um... Ah, like a, like a ship.",16,describer,2,FALSE,NA,1256
"Um, it's kind of, I'm not, uh, hmm.",15,matcher,3,TRUE,NA,1256
"Hey, look at the other ones.",15,matcher,4,TRUE,NA,1256
It's the ship.,16,describer,5,FALSE,NA,1256
"It's like, um, like a flat kind of oval-ish thing.",16,describer,6,FALSE,NA,1256
Or it's not an oval.,16,describer,7,FALSE,NA,1256
It's a hexagon.,16,describer,8,FALSE,NA,1256
"Um, but the two main sides are long, and it has a little bump in the top.",16,describer,9,FALSE,NA,1256
"And then it has- yeah, there you go.",16,describer,10,FALSE,NA,1256
"This is a house, and to its right it has just like a really tall rectangular building.",16,describer,1,FALSE,NA,1257
Yep.,15,matcher,2,TRUE,NA,1257
"Um, handstand again.",16,describer,1,FALSE,NA,1258
"The person's doing a handstand, but this time it only looks like they have one foot.",16,describer,2,FALSE,NA,1258
No.,15,matcher,3,TRUE,NA,1258
No.,15,matcher,4,TRUE,NA,1258
That's not right.,15,matcher,5,TRUE,NA,1258
"Oh, I don't know which one you're talking about.",15,matcher,6,TRUE,NA,1258
Handstand.,16,describer,7,FALSE,NA,1258
"It's like, it looks like they have two hands on the ground and their head is like on the bottom of the drawing.",16,describer,8,FALSE,NA,1258
"And then it looks like their legs are in the air, and one of their legs is just like a little triangle, almost disconnected from the- Sorry, not legs, feet, my bad.",16,describer,9,FALSE,NA,1258
"Okay, I got it, I got it.",15,matcher,10,TRUE,NA,1258
This is just like a cup.,16,describer,1,FALSE,NA,1259
"It's just like a little, like a- Like a bowl.",16,describer,2,FALSE,NA,1259
"It's kind of like the bowl thing from before, but it has like an opening on the top.",16,describer,3,FALSE,NA,1259
yep this looks like a person is riding on the dog and the dog is jumping in the air i got it the person is just like two blocks like it's like a baby,16,describer,1,FALSE,NA,1260
"Okay, this is very similar to the last one.",16,describer,1,FALSE,NA,1261
"It is, like, a person on top of a dog, but it kinda looks like the dog is a boat and the person's sitting inside the dog, almost.",16,describer,2,FALSE,NA,1261
"Like, you can only see their torso and their head.",16,describer,3,FALSE,NA,1261
Yeah.,16,describer,4,TRUE,NA,1261
"Okay, this is a person with no arms or legs.",16,describer,1,FALSE,NA,1262
"Okay, I'm going, I'm going.",15,matcher,2,TRUE,NA,1262
With a weird bump on the right side of their body.,16,describer,3,FALSE,NA,1262
"They're sitting down, that's why.",16,describer,4,FALSE,NA,1262
"Or, okay, maybe they're sitting down.",16,describer,5,FALSE,NA,1262
"But, okay.",16,describer,6,TRUE,NA,1262
"Um, okay, this is similar to the one where the guy's knees are bent and he's praying, but they're a little bit skinnier, and they have, like, something coming out of their...",16,describer,1,FALSE,NA,1263
"It looks like, um, like they're, like, leaning against... Like, they're sitting kind of on, like, a little stoop",16,describer,2,FALSE,NA,1263
but it's kind of like they look like the guy who's like praying but they're kind of standing straight up and they're like you kind of look or not praying,16,describer,3,FALSE,NA,1263
yeah there you go um,16,describer,4,TRUE,NA,1263
so this looks like somebody is walking forward with their towards the left and their arms are sticking straight out to the left and they have like one leg in front of one leg behind,16,describer,1,FALSE,NA,1264
"I'm going, I'm going.",15,matcher,2,TRUE,NA,1264
"Okay, this looks like a guy who's wearing a top hat, and he's facing the right, and he's sticking his hand out, and he has, like, you can see both of his feet right next to each other.",16,describer,1,FALSE,NA,1265
"Kinda looks like he's, like, rapping or something.",16,describer,2,FALSE,NA,1265
"He's, like, he looks like he's, like, saying something, and he has a top hat on.",16,describer,3,FALSE,NA,1265
"Nah, I don't see him.",15,matcher,4,TRUE,NA,1265
"Um, or maybe his head just, like, isn't a diamond, it's a square, but it kinda looks like he's wearing a top hat.",16,describer,5,FALSE,NA,1265
"Is it, like, Elvis?",15,matcher,6,FALSE,NA,1265
What?,16,describer,7,TRUE,NA,1265
"Is it, like, Elvis?",15,matcher,8,TRUE,NA,1265
"I can't, um, I don't, I can't hear you.",16,describer,9,TRUE,NA,1265
Yeah.,16,describer,10,TRUE,NA,1265
"It kinda, yeah, that, that's it.",16,describer,11,FALSE,NA,1265
"The first time I saw this, I thought it looked exactly like a duck.",16,describer,1,FALSE,NA,1266
"It kind of looks like a duck swimming through the water, keeping one of its feet out.",16,describer,2,FALSE,NA,1266
"Yeah, yeah.",15,matcher,3,TRUE,NA,1266
This looks like...,16,describer,1,TRUE,NA,1267
It kind of looks like...,16,describer,2,TRUE,NA,1267
"Okay, the bottom part of this picture is just, like, a flat triangle with, like, a little bit of a bump in it.",16,describer,3,FALSE,NA,1267
"And then the top just has, like, a head and, like, two huge ears connected to it.",16,describer,4,FALSE,NA,1267
"I don't know if it's, like, a person.",16,describer,5,FALSE,NA,1267
But imagine you wearing two huge ears on your head and then sticking up.,16,describer,6,FALSE,NA,1267
"And you're facing right and you're, like, sitting down.",16,describer,7,FALSE,NA,1267
It's like a disappointed bunny.,16,describer,8,FALSE,NA,1267
Yeah.,16,describer,9,TRUE,NA,1267
Yeah.,16,describer,10,TRUE,NA,1267
"Um, okay.",16,describer,11,TRUE,NA,1267
"So, it kind of looks like a guy whose head is a diamond, and it's like connected to the rest of his body, which the top half of it is a diamond.",16,describer,1,FALSE,NA,1268
He is like holding a martini glass in his left hand.,16,describer,2,FALSE,NA,1268
"Um, but you can't really see the hand, you can just kind of see like this triangle sticking out of the side of his body, so it's kind of like a martini glass.",16,describer,3,FALSE,NA,1268
Yeah.,16,describer,4,TRUE,NA,1268
this is just like a dinosaur if it had no legs it's just like the body and the neck or the draft maybe it's the body and the neck and the head yeah,16,describer,1,FALSE,NA,1269
"Okay, it's a toilet.",15,describer,1,FALSE,NA,1270
"It's a toilet, yeah.",16,matcher,2,FALSE,NA,1270
"Okay, this is the man that you described with a top hat, but I think he looks like Elvis because it has like a high collar on the shirt.",15,describer,1,FALSE,NA,1271
"Yeah, facts.",16,matcher,2,TRUE,NA,1271
"Yeah, yeah.",16,matcher,3,TRUE,NA,1271
"Um, it's a dancing man.",15,describer,1,FALSE,NA,1272
"I was like, uh...",16,matcher,2,TRUE,NA,1272
Sorry.,16,matcher,3,TRUE,NA,1272
Okay.,16,matcher,4,TRUE,NA,1272
It's like a person on top of a dog.,15,describer,1,FALSE,NA,1273
And the person's like disappointed.,15,describer,2,FALSE,NA,1273
"Yeah, yeah.",16,matcher,3,TRUE,NA,1273
"Okay, it's like a swan going to the right.",15,describer,1,FALSE,NA,1274
It's the Pope.,15,describer,1,FALSE,NA,1275
Do you need more help?,15,describer,2,TRUE,NA,1275
Yeah.,16,matcher,3,TRUE,NA,1275
"It's that Pope that has, like...",15,describer,4,FALSE,NA,1275
"I think you said he was... Oh, wait, there's two.",15,describer,5,FALSE,NA,1275
Begging for food type shit.,15,describer,6,FALSE,NA,1275
"Just, like, looking to the right.",15,describer,7,FALSE,NA,1275
Which one?,16,matcher,8,TRUE,NA,1275
"The one that doesn't have, like...",15,describer,9,FALSE,NA,1275
a hard edge on the left the one that's just like yeah yeah that one,15,describer,10,FALSE,NA,1275
it's a house with a tall building on the right,15,describer,1,FALSE,NA,1276
It's...,16,matcher,2,TRUE,NA,1276
It's like a bunny.,15,describer,1,FALSE,NA,1277
And it's disappointed.,15,describer,2,FALSE,NA,1277
Sitting in the ground.,15,describer,3,FALSE,NA,1277
Looking to the right.,15,describer,4,FALSE,NA,1277
That's a good explanation.,16,matcher,5,TRUE,NA,1277
Fuck.,16,matcher,6,TRUE,NA,1277
I should have done that.,16,matcher,7,TRUE,NA,1277
"Yeah, you said it's like you wearing ears.",15,describer,8,FALSE,NA,1277
Right.,16,matcher,9,TRUE,NA,1277
Ah.,16,matcher,10,TRUE,NA,1277
"It's a, it's a woman, and she has her arms straight to the right, and then her right leg is also for some reason pointing out, it's just a triangle.",15,describer,1,FALSE,NA,1278
Where is her arm?,16,matcher,2,FALSE,NA,1278
"Her arm, she has like... Straight to the left or the right?",15,describer,3,FALSE,NA,1278
"Well, she has arms to the right, and then, like a, uh, okay.",15,describer,4,FALSE,NA,1278
"Okay, describe the whole thing then.",16,matcher,5,TRUE,NA,1278
It's not an arm.,15,describer,6,FALSE,NA,1278
yeah there it's both arms and then she just has nope okay,15,describer,7,FALSE,NA,1278
it's it's a boat and has a diamond on top okay i don't know maybe listen to me i don't know that's like what it's all about,15,describer,1,FALSE,NA,1279
hey this one's hard maybe listen um both definitely a foot is on the ground,15,describer,1,FALSE,NA,1280
okay it's a it's a good foot um and then the other leg is kind of up and the head is like falling off to the right,15,describer,2,FALSE,NA,1280
or no you got it you got it yeah,15,describer,3,FALSE,NA,1280
well don't say it's hard and then give no clues okay maybe shut up um,16,matcher,4,FALSE,NA,1280
it's it's the only dog one i think it's like uh maybe not a yeah a dog a dog facing left,15,describer,1,FALSE,NA,1281
yeah okay they're doing a handstand i think that's,15,describer,1,FALSE,NA,1282
And that's about it.,15,describer,2,TRUE,NA,1282
Both.,15,describer,3,TRUE,NA,1282
"Yeah, yeah.",15,describer,4,TRUE,NA,1282
Okay.,15,describer,5,TRUE,NA,1282
It's the other boat-looking thing.,15,describer,1,FALSE,NA,1283
"It just has, yeah, yeah.",15,describer,2,TRUE,NA,1283
"Okay, it's like a man, he's going left and he looks like he's pushing something heavy maybe?",15,describer,1,FALSE,NA,1284
"Um, it's like, um, yeah, he's just like pushing something to the left.",15,describer,2,FALSE,NA,1284
"One of his legs, yeah, yeah, yeah.",15,describer,3,FALSE,NA,1284
"Okay, listen up.",15,describer,4,TRUE,NA,1284
"Half of the body, okay, shut up, okay, let me talk.",15,describer,1,FALSE,NA,1285
Half of the body is on the ground.,15,describer,2,FALSE,NA,1285
And then something's happening to the right.,15,describer,3,FALSE,NA,1285
"There's a little triangle down at the bottom, and then some other shit up to the right.",15,describer,4,FALSE,NA,1285
"I got it, it's the horse one.",16,matcher,5,FALSE,NA,1285
"Um, yeah, yeah, yeah, that one.",15,describer,6,TRUE,NA,1285
"That one doesn't look like a horse, it has a human head.",16,matcher,7,FALSE,NA,1285
Horses can have square heads.,15,describer,8,FALSE,NA,1285
"Okay, this one is like the Pope, but it's like the hard edge on the left.",15,describer,1,FALSE,NA,1286
Yeah.,15,describer,2,TRUE,NA,1286
"Okay, it's just a man sitting, it's like the bunny, with no bunny ears, and he's looking left.",15,describer,1,FALSE,NA,1287
"He's very sad, disappointed.",15,describer,2,FALSE,NA,1287
"Okay, it's the guy with the top hat.",16,describer,1,FALSE,NA,1288
What?,15,matcher,2,TRUE,NA,1288
The guy with the top hat.,16,describer,3,FALSE,NA,1288
He looks like he's pointing at someone.,16,describer,4,FALSE,NA,1288
"Um, boat with no diamond.",16,describer,1,FALSE,NA,1289
Looks like a cup.,16,describer,2,FALSE,NA,1289
What?,15,matcher,3,TRUE,NA,1289
"Boat, no diamond on the top.",16,describer,4,FALSE,NA,1289
Looks like a cup.,16,describer,5,FALSE,NA,1289
The boat?,15,matcher,6,FALSE,NA,1289
Not the boat with the diamond on top.,16,describer,7,FALSE,NA,1289
The boat with an opening on the top.,16,describer,8,FALSE,NA,1289
You said it looked like a what?,15,matcher,9,TRUE,NA,1289
A cup.,16,describer,10,FALSE,NA,1289
I don't know what that is.,15,matcher,11,TRUE,NA,1289
A cup?,16,describer,12,TRUE,NA,1289
"Um, it's the only one with the dog.",16,describer,1,FALSE,NA,1291
"It's just with its hind... No, no, no, no, no.",16,describer,2,FALSE,NA,1291
It's just the dog by itself facing left.,16,describer,3,FALSE,NA,1291
Hind legs are bent.,16,describer,4,FALSE,NA,1291
"Yeah, the tiger.",15,matcher,5,FALSE,NA,1291
"Yeah, I guess.",16,describer,6,TRUE,NA,1291
I guess.,16,describer,7,TRUE,NA,1291
"The one with the body on the ground, I think it looks like a horse, you don't.",16,describer,1,FALSE,NA,1292
"Um, the horse with the- that's like mad, he's going up?",16,describer,2,FALSE,NA,1292
Yeah.,16,describer,3,TRUE,NA,1292
"The guy looks disappointed, he's sitting on the ground.",16,describer,1,FALSE,NA,1293
"Looking left, huh?",16,describer,2,FALSE,NA,1293
Yeah.,16,describer,3,TRUE,NA,1293
"Ah, wait, wait, wait.",16,describer,4,TRUE,NA,1293
"Bunny, bunny on the ground.",16,describer,1,FALSE,NA,1294
Bunny?,16,describer,2,TRUE,NA,1294
What is that?,15,matcher,3,TRUE,NA,1294
Bunny!,16,describer,4,TRUE,NA,1294
"Okay, somebody riding a dog, they look disappointed.",16,describer,1,FALSE,NA,1295
They're going to the left.,16,describer,2,FALSE,NA,1295
"Oh, the tango guy, the tango guy.",16,describer,1,FALSE,NA,1296
"a hard edge on the left, no hard edge.",16,describer,2,FALSE,NA,1296
"The lady with both of her, like the weird foot sticking out on the right and her arms are out.",16,describer,1,FALSE,NA,1299
"Oh, so now her arms are out?",15,matcher,2,FALSE,NA,1299
"Yeah, because I'm saying it the dumb way, so you get it.",16,describer,3,TRUE,NA,1299
"You see, you're being mean.",15,matcher,4,TRUE,NA,1299
House with a really tall building on the right.,16,describer,1,FALSE,NA,1300
Toilet.,16,describer,1,FALSE,NA,1301
"The guy pushing something, walking to the left.",16,describer,1,FALSE,NA,1302
"The guy praying, but it's a hard edge on the left.",16,describer,1,FALSE,NA,1303
"Um, it's the guy, I think, doing, like, the Thriller dance.",16,describer,1,FALSE,NA,1305
You said one of his legs was on the ground and the other one was up.,16,describer,2,FALSE,NA,1305
"Yeah, I'm going, I'm going.",15,matcher,3,FALSE,NA,1305
"Hey, Thriller dance was great.",15,matcher,4,FALSE,NA,1305
"Okay, Sophia, I'm the speaker again.",15,describer,1,TRUE,NA,1306
Okay.,15,describer,2,TRUE,NA,1306
"Okay, it's the guy pushing something to the left.",15,describer,3,FALSE,NA,1306
"Okay, it's a tiger.",15,describer,1,FALSE,NA,1307
Looking to the left.,15,describer,2,FALSE,NA,1307
It's a disappointed guy riding the dog.,15,describer,1,FALSE,NA,1308
Going to the left.,15,describer,2,FALSE,NA,1308
"It's the swan, or the duck.",15,describer,1,FALSE,NA,1309
Pooping.,15,describer,2,FALSE,NA,1309
Yeah.,15,describer,3,TRUE,NA,1309
"Um, it's Elvis.",15,describer,1,FALSE,NA,1310
Not a top hat.,15,describer,2,FALSE,NA,1310
"Like, why would- Okay, okay, okay, fine.",16,matcher,3,TRUE,NA,1310
Excuse me.,16,matcher,4,TRUE,NA,1310
"No, you can have that, I like it.",16,matcher,5,TRUE,NA,1310
"It's the Pope, not with the hard edge.",15,describer,1,FALSE,NA,1311
Not?,16,matcher,2,FALSE,NA,1311
Not with the hard edge.,15,describer,3,FALSE,NA,1311
"Okay, cool.",15,describer,4,TRUE,NA,1311
"Okay, it's the woman with the arms out.",15,describer,1,FALSE,NA,1312
Yeah.,16,matcher,2,TRUE,NA,1312
Wow.,15,describer,3,TRUE,NA,1312
"It's almost like I described it perfectly, huh?",15,describer,4,TRUE,NA,1312
"Yeah, let's go.",15,describer,5,TRUE,NA,1312
"Our new woman, because we've described everything else about her.",15,describer,6,TRUE,NA,1312
"Um, toilet.",15,describer,1,FALSE,NA,1313
"Okay, toilet.",15,describer,2,FALSE,NA,1313
"It's a thriller, man.",15,describer,1,FALSE,NA,1314
I'm stealing that from you.,15,describer,2,TRUE,NA,1314
That was really good.,15,describer,3,TRUE,NA,1314
Thanks.,15,describer,4,TRUE,NA,1314
"Yeah, I...",15,describer,5,TRUE,NA,1314
"Okay, it's the boat with no diamond.",15,describer,1,FALSE,NA,1315
I still don't know what you described it as.,15,describer,2,TRUE,NA,1315
A cup or a bowl.,16,matcher,3,FALSE,NA,1315
Or a cup?,15,describer,4,FALSE,NA,1315
Yes.,16,matcher,5,TRUE,NA,1315
Like C-U-P.,16,matcher,6,TRUE,NA,1315
It's a horse.,15,describer,1,FALSE,NA,1316
I-C-U-P. We all scream for ice cream.,16,matcher,2,TRUE,NA,1316
It's a horse going up.,15,describer,3,FALSE,NA,1316
I thought you were saying another word.,16,matcher,4,TRUE,NA,1316
I don't know.,16,matcher,5,TRUE,NA,1316
Okay.,16,matcher,6,TRUE,NA,1316
It's a tango man.,15,describer,1,FALSE,NA,1317
I forgot what I described it as the first time.,15,describer,2,TRUE,NA,1317
"Yeah, so we're using mine.",15,describer,3,TRUE,NA,1317
Let's go.,15,describer,4,TRUE,NA,1317
"Yeah, sure.",15,describer,5,TRUE,NA,1317
House with the tall building on the right.,15,describer,1,FALSE,NA,1318
"It's the Pope, with the hard edge.",15,describer,1,FALSE,NA,1319
"Disappointed man, looking to the left, sitting down.",15,describer,1,FALSE,NA,1320
Disappointed man?,15,describer,2,FALSE,NA,1320
"Yeah, disappointed, looking to the left.",15,describer,3,FALSE,NA,1320
Okay.,15,describer,4,TRUE,NA,1320
hand stand.,15,describer,1,FALSE,NA,1321
Okay.,15,describer,2,TRUE,NA,1321
It's the bunny.,15,describer,1,FALSE,NA,1322
It looks like it wants to die.,15,describer,2,FALSE,NA,1322
Yeah.,15,describer,3,TRUE,NA,1322
Dead.,15,describer,4,TRUE,NA,1322
"Ah, yeah.",15,describer,5,TRUE,NA,1322
It's the boat with the diamond.,15,describer,1,FALSE,NA,1323
Yay.,15,describer,2,TRUE,NA,1323
Yay.,15,describer,3,TRUE,NA,1323
"Bunny, bunny, bunny",16,describer,1,FALSE,NA,1324
"Um, what?",15,matcher,2,TRUE,NA,1324
bunny,16,describer,3,FALSE,NA,1324
You have to pronunciate the B a little bit better.,15,matcher,4,TRUE,NA,1324
bunny,16,describer,5,TRUE,NA,1324
"Alright, you fucked me up.",15,matcher,6,TRUE,NA,1324
"All in on T. Okay, all in on T. Okay.",15,matcher,7,TRUE,NA,1324
Handstand!,16,describer,1,FALSE,NA,1325
"Guy pushing something, walking to the left.",16,describer,1,FALSE,NA,1326
What?,16,describer,2,TRUE,NA,1326
"He's pushing something, he's walking to the left.",16,describer,3,FALSE,NA,1326
"A woman, hands stretched out.",16,describer,1,FALSE,NA,1328
Uh-huh.,16,describer,2,TRUE,NA,1328
"It's almost like you... Yeah, we've established that already, relax.",16,describer,3,TRUE,NA,1328
Uh-huh.,16,describer,4,TRUE,NA,1328
"House, tall building on the side, on the right.",16,describer,1,FALSE,NA,1329
You can just say house.,16,describer,2,FALSE,NA,1329
"Okay, I will.",16,describer,3,TRUE,NA,1329
Or don't.,16,describer,4,TRUE,NA,1329
Next time I will.,16,describer,5,TRUE,NA,1329
"Uh, tiger.",16,describer,1,FALSE,NA,1330
"Uh, it's the swan, the duck.",16,describer,1,FALSE,NA,1331
The what?,15,matcher,2,TRUE,NA,1331
Swan or duck.,16,describer,3,FALSE,NA,1331
Got it.,15,matcher,4,TRUE,NA,1331
Horse,16,describer,1,FALSE,NA,1332
Toilet,16,describer,1,FALSE,NA,1333
Thriller dance.,16,describer,1,FALSE,NA,1334
"Pope, no hard edge on the left.",16,describer,1,FALSE,NA,1335
"Boat, no diamond on top.",16,describer,1,FALSE,NA,1336
Elvis!,16,describer,1,FALSE,NA,1337
What?,15,matcher,2,TRUE,NA,1337
Elvis!,16,describer,3,TRUE,NA,1337
Disappointed guy riding a dog.,16,describer,1,FALSE,NA,1338
Okay.,15,matcher,2,TRUE,NA,1338
Boat with the diamond on top.,16,describer,1,FALSE,NA,1339
"Okay, there's two left.",16,describer,2,TRUE,NA,1339
Disappointed guy sitting on the ground.,16,describer,1,FALSE,NA,1340
Ha.,16,describer,2,TRUE,NA,1340
A hard edge on the left.,16,describer,1,FALSE,NA,1341
"Okay, it's a horse.",15,describer,1,FALSE,NA,1342
"That's not a horse, but okay.",15,describer,2,FALSE,NA,1342
It's the boat with no diamond.,15,describer,1,FALSE,NA,1343
"Alright, it's a bunny.",15,describer,1,FALSE,NA,1344
It's the pope with the hard edge.,15,describer,1,FALSE,NA,1345
the boat with the diamond,15,describer,1,FALSE,NA,1346
thriller guy,15,describer,1,FALSE,NA,1347
It's the Pope.,15,describer,1,FALSE,NA,1348
With no hard edge.,15,describer,2,FALSE,NA,1348
"Okay, it's a disappointed guy.",15,describer,1,FALSE,NA,1349
That took you a long time.,15,describer,2,TRUE,NA,1349
The toilet.,15,describer,1,FALSE,NA,1350
It's the woman with the arms high to the right.,15,describer,1,FALSE,NA,1351
It's a tiger.,15,describer,1,FALSE,NA,1352
It's a handstand.,15,describer,1,FALSE,NA,1353
The man pushing.,15,describer,1,FALSE,NA,1354
Pushing to the left.,15,describer,2,FALSE,NA,1354
It's Elvis!,15,describer,1,FALSE,NA,1355
It's a house.,15,describer,1,FALSE,NA,1356
It's a tango man.,15,describer,1,FALSE,NA,1357
Disappointed guy ratting the dog.,15,describer,1,FALSE,NA,1358
"It's the swan, the dog.",15,describer,1,FALSE,NA,1359
"Pope, no hard edge on the left.",16,describer,1,FALSE,NA,1360
Disappointed guy riding a dog.,16,describer,1,FALSE,NA,1361
Horse.,16,describer,1,FALSE,NA,1362
Toilet!,16,describer,1,FALSE,NA,1364
Disappointed guy!,16,describer,1,FALSE,NA,1365
Toilet!,16,describer,2,FALSE,NA,1365
Tiger.,16,describer,1,FALSE,NA,1366
Boat with the diamond on top.,16,describer,1,FALSE,NA,1367
"Uh, Thriller.",16,describer,1,FALSE,NA,1369
Dance.,16,describer,1,FALSE,NA,1370
Boat with no diamond!,16,describer,1,FALSE,NA,1373
Handstand!,16,describer,1,FALSE,NA,1374
Guy pushing something to the left!,16,describer,1,FALSE,NA,1375
Woman!,16,describer,1,FALSE,NA,1376
"Woman, her arms are out!",16,describer,2,FALSE,NA,1376
um hey i'm the speaker sorry you're the speaker how many trials we got 36. okay let's go okay,15,describer,1,TRUE,NA,1378
it's the cherries,15,describer,2,FALSE,NA,1378
um okay yeah oh we haven't seen these in a while no i remember i remember okay,15,describer,3,TRUE,NA,1378
"Okay, it's the man with no hands and no legs.",15,describer,1,FALSE,NA,1379
It's just like a...,15,describer,2,TRUE,NA,1379
"It's like a potato, yeah.",15,describer,3,FALSE,NA,1379
That's funny.,16,matcher,4,TRUE,NA,1379
Yeah.,16,matcher,5,TRUE,NA,1379
Yeah.,16,matcher,6,TRUE,NA,1379
Yeah.,16,matcher,7,TRUE,NA,1379
It's a house with a tree on the left.,15,describer,1,FALSE,NA,1380
Yeah.,16,matcher,2,TRUE,NA,1380
It's a handstand.,15,describer,1,FALSE,NA,1381
Steps.,15,describer,2,TRUE,NA,1381
It's like a horse and it's jumping to the left.,15,describer,1,FALSE,NA,1382
Maybe like a unicorn.,15,describer,2,FALSE,NA,1382
"It has a... Yeah, yeah.",16,matcher,3,TRUE,NA,1382
It's the house with the tall building on the right.,15,describer,1,FALSE,NA,1383
"Okay, it's like a woman, and she's like, looking up.",15,describer,1,FALSE,NA,1384
"She's kinda like, begging God.",15,describer,2,FALSE,NA,1384
She's kneeling down.,15,describer,3,FALSE,NA,1384
That's a great description.,16,matcher,4,TRUE,NA,1384
"Wow, I didn't even know what to do with this one.",16,matcher,5,TRUE,NA,1384
That's really good.,16,matcher,6,TRUE,NA,1384
"Okay, it's a man doing yoga.",15,describer,1,FALSE,NA,1385
He's looking left with both his arms extended.,15,describer,2,FALSE,NA,1385
Yeah.,16,matcher,3,TRUE,NA,1385
"Okay, it's the Pope, but looking left now.",15,describer,1,FALSE,NA,1386
"And... Oh, it's Yoda, Yoda.",15,describer,2,FALSE,NA,1386
"Yeah, the toilet.",15,describer,1,FALSE,NA,1387
It's Elvis.,15,describer,1,FALSE,NA,1388
It's a horse.,15,describer,1,FALSE,NA,1389
It's a boat with a diamond on top.,15,describer,1,FALSE,NA,1390
It's a man holding the martini glass on the left.,15,describer,1,FALSE,NA,1391
"Oh, okay.",16,matcher,2,TRUE,NA,1391
"Yeah, yeah.",16,matcher,3,TRUE,NA,1391
it's a tango man,15,describer,1,FALSE,NA,1392
there's a tiger,15,describer,1,FALSE,NA,1393
"The man pushing, something coming to the left.",15,describer,1,FALSE,NA,1394
It's the disappointed guy on the dog.,15,describer,1,FALSE,NA,1395
It's the woman.,15,describer,1,FALSE,NA,1396
It's the pope with no hard edge.,15,describer,1,FALSE,NA,1397
It's the boat.,15,describer,1,FALSE,NA,1398
with no diamond,15,describer,2,FALSE,NA,1398
okay it's just a man with a diamond head and then his shoulders are really straight yeah,15,describer,1,FALSE,NA,1399
It's a gun.,15,describer,1,FALSE,NA,1400
"Okay, it's a dustpan.",15,describer,1,FALSE,NA,1401
"But, um, it's not a bird, yeah.",15,describer,2,FALSE,NA,1401
Say it again!,16,matcher,3,TRUE,NA,1401
The dustpan.,15,describer,4,FALSE,NA,1401
I don't remember if that's what you call it.,15,describer,5,TRUE,NA,1401
Yeah.,15,describer,6,TRUE,NA,1401
The disappointed guy.,15,describer,1,FALSE,NA,1402
Disappointed.,15,describer,2,FALSE,NA,1402
Yeah.,16,matcher,3,TRUE,NA,1402
It's the bunny.,15,describer,1,FALSE,NA,1403
"Okay, it's the, like, the claw pointing up.",15,describer,1,FALSE,NA,1404
A what?,16,matcher,2,TRUE,NA,1404
A claw pointing up.,15,describer,3,FALSE,NA,1404
Yeah.,16,matcher,4,TRUE,NA,1404
Yeah.,16,matcher,5,TRUE,NA,1404
It's like a pole and then has two things on the side.,15,describer,1,FALSE,NA,1405
It's a giraffe!,15,describer,1,FALSE,NA,1406
It's the horse jumping that has no legs.,15,describer,1,FALSE,NA,1407
Or it can be a dog.,15,describer,2,FALSE,NA,1407
It has no legs when it's jumping.,15,describer,3,FALSE,NA,1407
Jumping to the left.,15,describer,4,FALSE,NA,1407
Yeah.,16,matcher,5,TRUE,NA,1407
It's the pope with the hard edge.,15,describer,1,FALSE,NA,1408
"It's a thriller, man.",15,describer,1,FALSE,NA,1409
Um...,16,matcher,2,TRUE,NA,1409
It's a baby riding a really fast dog.,15,describer,1,FALSE,NA,1410
"Yeah, yeah.",16,matcher,2,TRUE,NA,1410
It's like a tall man reading a book.,15,describer,1,FALSE,NA,1411
You see it?,15,describer,2,TRUE,NA,1411
It's just like a really...,15,describer,3,TRUE,NA,1411
skinny try and go on the top and then there's a square like by his hands,15,describer,4,FALSE,NA,1411
t's a man reading a book,15,describer,5,FALSE,NA,1411
i didn't know what it was sorry,16,matcher,6,TRUE,NA,1411
okay it's a trust fall guy,15,describer,1,FALSE,NA,1412
I don't know why you clicked Yoda on the last one.,15,describer,2,TRUE,NA,1412
"Okay, it's the duck.",15,describer,1,FALSE,NA,1413
What?,16,matcher,2,TRUE,NA,1413
The duck.,15,describer,3,FALSE,NA,1413
"Okay, so this one looks like someone who's imitating a swan.",18,describer,1,FALSE,NA,1414
"It consists of a rectangle, and then on its left, it's like...",18,describer,2,FALSE,NA,1414
"It's like if you were playing the game of Shadows, that's how you would try to make a swan with your...",18,describer,3,FALSE,NA,1414
with your wrist being sort of flappy.,18,describer,4,FALSE,NA,1414
"Okay, does it look like on the right side there's like a small triangle?",17,matcher,5,FALSE,NA,1414
"Yeah, so it's a rectangle and then a longer rectangle on its left side and then a small triangle.",18,describer,6,FALSE,NA,1414
"Okay, could it also look like somebody doing an arabesque?",17,matcher,7,FALSE,NA,1414
um not really,17,matcher,8,FALSE,NA,1414
okay i think i might be on the wrong one,17,matcher,9,FALSE,NA,1414
yeah yeah it's not it's not like someone making is it an arabesque it's a much easier one it's a planer,18,describer,10,FALSE,NA,1414
oh okay so it is only a rectangle it's only like four shapes,18,describer,11,FALSE,NA,1414
yes,17,matcher,12,FALSE,NA,1414
yes okay i think i got it no,17,matcher,13,TRUE,NA,1414
no okay we'll get it okay that's okay we'll get the next one yep,17,matcher,14,TRUE,NA,1414
"Okay, so this one is pretty complex.",18,describer,1,FALSE,NA,1415
It looks like there is a child and two adults.,18,describer,2,FALSE,NA,1415
"But basically, I don't know if I'm too conceptual, but anyways.",18,describer,3,FALSE,NA,1415
"Imagine that there is a smaller figure, and it's a triangle and a square.",18,describer,4,FALSE,NA,1415
and then there is a bigger figure as if overlooking it and it is it has two smaller triangles like equilateral triangles that are tilted different ways,18,describer,5,FALSE,NA,1415
okay i see a couple of that i think that description um,18,describer,6,FALSE,NA,1415
You can ask clarifying questions if you're not sure.,17,matcher,7,TRUE,NA,1415
So a bunch of these shapes have a diamond at the top.,17,matcher,8,FALSE,NA,1415
Does it have a diamond at the top?,17,matcher,9,FALSE,NA,1415
Only one of the figures within the picture has a diamond at the top.,18,describer,10,FALSE,NA,1415
It's like as if there's multiple heads rather than one.,18,describer,11,FALSE,NA,1415
Is there...,17,matcher,12,FALSE,NA,1415
a small triangle in the bottom right corner?,17,matcher,13,FALSE,NA,1415
No.,18,describer,14,FALSE,NA,1415
Okay.,18,describer,15,TRUE,NA,1415
Um...,18,describer,16,TRUE,NA,1415
It's...,18,describer,17,TRUE,NA,1415
I don't know how else to explain it.,18,describer,18,TRUE,NA,1415
Okay.,18,describer,19,TRUE,NA,1415
Is there... Is the left side more complex and have more shapes than the right side?,17,matcher,20,FALSE,NA,1415
"No, no.",18,describer,21,FALSE,NA,1415
I feel like vice versa.,18,describer,22,FALSE,NA,1415
"It's like... Oh, okay.",17,matcher,23,TRUE,NA,1415
The right side... Yeah.,17,matcher,24,FALSE,NA,1415
The right side is a little more complex.,18,describer,25,FALSE,NA,1415
"Yeah, yeah, yeah.",18,describer,26,TRUE,NA,1415
Okay.,18,describer,27,TRUE,NA,1415
"Left side only has a triangle and, like, a diamond on top.",18,describer,28,FALSE,NA,1415
As if it...,18,describer,29,TRUE,NA,1415
But it's a small figure.,18,describer,30,FALSE,NA,1415
Okay.,18,describer,31,TRUE,NA,1415
"Okay, I think I might see one that's...",17,matcher,32,TRUE,NA,1415
I don't think it's that one.,17,matcher,33,TRUE,NA,1415
I accidentally clicked the wrong button.,17,matcher,34,TRUE,NA,1415
I didn't mean to click that one.,17,matcher,35,TRUE,NA,1415
It's alright.,17,matcher,36,TRUE,NA,1415
"Okay, this one looks like someone who is reading a book.",18,describer,1,FALSE,NA,1416
And there's a couple of them who are looking like they're reading a book.,18,describer,2,FALSE,NA,1416
"But this one looks like it's sitting, like they're kneeled.",18,describer,3,FALSE,NA,1416
And is there a triangle at the top?,17,matcher,4,FALSE,NA,1416
Yes.,18,describer,5,FALSE,NA,1416
And they're turned to the left.,17,matcher,6,FALSE,NA,1416
Yes.,18,describer,7,FALSE,NA,1416
"I think this one, yeah.",17,matcher,8,TRUE,NA,1416
Perfect.,17,matcher,9,TRUE,NA,1416
Yay!,17,matcher,10,TRUE,NA,1416
okay this one is also reading but it's turned to the right,18,describer,1,FALSE,NA,1417
and it's reading off a triangle and it's had as a diamond and on the left side there's a triangle in the bottom left corner,18,describer,2,FALSE,NA,1417
yes,17,matcher,3,FALSE,NA,1417
it's it and and then there's like a triangle that signifies a hood,18,describer,4,FALSE,NA,1417
yeah yeah okay nice it was a fast one,17,matcher,5,FALSE,NA,1417
"Okay, this looks like someone who is riding a horse.",18,describer,1,FALSE,NA,1418
"Okay, I think I can see a couple that might be like that.",17,matcher,2,FALSE,NA,1418
"Yeah, so this one has like a small little triangle at the left corner and it's like a",18,describer,3,FALSE,NA,1418
It's like an ear of a horse.,18,describer,4,FALSE,NA,1418
And the person itself is like a little parallelogram and a square.,18,describer,5,FALSE,NA,1418
"On the right side, is there a little triangle that looks like a horse tail?",17,matcher,6,FALSE,NA,1418
Yes.,18,describer,7,FALSE,NA,1418
Yay.,18,describer,8,TRUE,NA,1418
"Okay, this one looks like just a horse.",18,describer,1,FALSE,NA,1419
"Or, yeah, it looks like a horse, but... God, um... Yeah.",18,describer,2,FALSE,NA,1419
And it's turned to the left?,17,matcher,3,FALSE,NA,1419
"Yeah, it's turned to the left.",18,describer,4,FALSE,NA,1419
"Okay, and...",18,describer,5,TRUE,NA,1419
There's two really similar ones that look like that.,18,describer,6,FALSE,NA,1419
"Is there a tail on the right side, like something that looks like a tail?",17,matcher,7,FALSE,NA,1419
"Yes, yes.",18,describer,8,FALSE,NA,1419
And it's going upwards.,18,describer,9,FALSE,NA,1419
"Yes, the tail is going upwards.",18,describer,10,FALSE,NA,1419
"But it doesn't, yep, yep, you're right.",18,describer,11,FALSE,NA,1419
Okay.,18,describer,12,TRUE,NA,1419
"Okay, this one looks like a person in a boat.",18,describer,1,FALSE,NA,1420
It doesn't really have a direction.,18,describer,2,FALSE,NA,1420
And the person's head is a diamond.,18,describer,3,FALSE,NA,1420
Is it symmetrical?,17,matcher,4,FALSE,NA,1420
"Yes, it is symmetrical.",18,describer,5,FALSE,NA,1420
"Okay, and then diamond, triangle, and then both.",18,describer,6,FALSE,NA,1420
Yes.,18,describer,7,FALSE,NA,1420
Nice.,18,describer,8,TRUE,NA,1420
Oh.,18,describer,9,TRUE,NA,1420
"This one looks somewhat theatrical, as if the person is going to the right,",18,describer,1,FALSE,NA,1421
"and they have a long, like, dress, tail sort of thing, and they're, like, one of their legs is, like, going out of the skirt.",18,describer,2,FALSE,NA,1421
"On the top left, is there a square?",17,matcher,3,FALSE,NA,1421
"Yes, it has, like, a diamond shape, yep.",18,describer,4,FALSE,NA,1421
Nice.,18,describer,5,TRUE,NA,1421
I thought that one looked like somebody running out on their wedding.,17,matcher,6,TRUE,NA,1421
"Yeah, exactly.",18,describer,7,TRUE,NA,1421
"Okay, this one looks like a person with, like... You know how Manny has, like, a collar with, like, a white collar?",18,describer,1,FALSE,NA,1422
Yeah.,17,matcher,2,TRUE,NA,1422
"So this looks like a person who's, like, standing... Their feet is, like, two small triangles.",18,describer,3,FALSE,NA,1422
Does it look like they're wearing a top hat?,17,matcher,4,FALSE,NA,1422
Yeah.,18,describer,5,FALSE,NA,1422
"Yeah, they do.",18,describer,6,TRUE,NA,1422
It looks like a dolphin wearing a top hat.,18,describer,7,FALSE,NA,1422
"Yeah, yeah, yeah.",17,matcher,8,TRUE,NA,1422
Nice.,17,matcher,9,TRUE,NA,1422
That one does look like Maddie.,17,matcher,10,FALSE,NA,1422
"Okay, this one looks like an animal.",18,describer,1,FALSE,NA,1423
So it's like...,18,describer,2,TRUE,NA,1423
So it's turned left.,18,describer,3,FALSE,NA,1423
"And it has a parallelogram as its head, rather than a diamond.",18,describer,4,FALSE,NA,1423
So there's not a diamond on top.,17,matcher,5,FALSE,NA,1423
"Yeah, there's no diamond on top.",18,describer,6,FALSE,NA,1423
"Okay, so it kind of looks like a dog, like without a tail.",18,describer,7,FALSE,NA,1423
"Yes, yes.",17,matcher,8,TRUE,NA,1423
And turned left.,18,describer,9,FALSE,NA,1423
"So from top to bottom, it's like parallelogram, square, rectangle, and then two legs.",18,describer,10,FALSE,NA,1423
Just a second.,17,matcher,11,TRUE,NA,1423
I'm thinking whether anything else can look like it.,17,matcher,12,TRUE,NA,1423
"It looks like it's sitting on its bottom feet, but its front feet are extended.",18,describer,13,FALSE,NA,1423
"Yeah, the front legs are longer.",18,describer,14,FALSE,NA,1423
"Okay, I got it.",17,matcher,15,TRUE,NA,1423
"Okay, this one also looks like someone who is on a horse or something.",18,describer,1,FALSE,NA,1424
"They're moving to the left, and it looks like a triangle and a diamond of the person who's...",18,describer,2,FALSE,NA,1424
"I think we already did that one, but maybe it's a different one.",18,describer,3,FALSE,NA,1424
And the tail is going up on the right side?,17,matcher,4,FALSE,NA,1424
"Yeah, the tail is going up on the right side, and it's a little triangle of a tail.",18,describer,5,FALSE,NA,1424
Yep.,18,describer,6,TRUE,NA,1424
Nice.,18,describer,7,TRUE,NA,1424
okay this one is symmetrical and it consists of like two two diamonds that are like overlaid in each other and then there's a square on top and then there's a square on top,18,describer,1,FALSE,NA,1425
yep nice okay this one is also symmetrical and it kind of looks like a crab so it's,18,describer,1,FALSE,NA,1426
it's like symmetrical it's,18,describer,2,FALSE,NA,1426
like um god i forgot the shape it's like two parallelograms,18,describer,3,FALSE,NA,1426
the small parallelograms on the top and then there's like a bigger shape yeah,18,describer,4,FALSE,NA,1426
yeah trapezoid yep okay,17,matcher,5,FALSE,NA,1426
this one looks,18,describer,6,FALSE,NA,1426
like like a person with wings and they're looking to the right but their feet are looking to the to the left,18,describer,1,FALSE,NA,1427
it's like there's a diamond and it looks like their head is a little tilted,18,describer,2,FALSE,NA,1427
okay i'm a little lost,17,matcher,3,FALSE,NA,1427
okay yeah i will so it's one that looks like a person and it has a little diamond but,18,describer,4,FALSE,NA,1427
it's not straight up it's like a little tilted and then there is a little like a square trapezoid that looks like wings,18,describer,5,FALSE,NA,1427
"And it looks like the person is standing, right?",17,matcher,6,FALSE,NA,1427
"Yes, yes.",18,describer,7,FALSE,NA,1427
And is a diamond that's kind of tilted?,17,matcher,8,FALSE,NA,1427
I can't really tell if it's a diamond or a square.,18,describer,9,FALSE,NA,1427
Is that on the right side?,17,matcher,10,FALSE,NA,1427
"Yes, yes.",18,describer,11,FALSE,NA,1427
And then it looks like there's a foot sticking out on the left side.,18,describer,12,FALSE,NA,1427
"Yep, yep, yep.",18,describer,13,FALSE,NA,1427
"Okay, this one looks like a house with a big tree on the left.",18,describer,1,FALSE,NA,1428
"The tree is like... That's easy, yeah.",18,describer,2,FALSE,NA,1428
Yeah.,18,describer,3,TRUE,NA,1428
"Okay, this one looks like someone with their hands spread.",18,describer,1,FALSE,NA,1429
"Um, and with a little diamond on top.",18,describer,2,FALSE,NA,1429
It looks like someone's trying to fly.,18,describer,3,FALSE,NA,1429
"Yes, yes.",18,describer,4,TRUE,NA,1429
"Okay, this one looks like a cactus.",18,describer,1,FALSE,NA,1430
"It's, it's pretty, like, it's, it's vertical, and it has, like, two things going out each side.",18,describer,2,FALSE,NA,1430
"Yeah, so there's, there's, like, a big, tall column.",18,describer,3,FALSE,NA,1430
Yeah.,17,matcher,4,TRUE,NA,1430
"And then on both sides, there's a trapezoid.",18,describer,5,FALSE,NA,1430
Yep.,17,matcher,6,TRUE,NA,1430
"Okay, this one looks like, uh, do you know cardinals from, like, the Pope's cardinals?",18,describer,1,FALSE,NA,1431
No.,17,matcher,2,FALSE,NA,1431
"Okay, sorry, that wasn't, but basically, it looks like someone with a big hat,",18,describer,3,FALSE,NA,1431
"because it's, it's, it's, it's had as, like, a diamond, and it looks like they're next to a stand, and they're reading from it.",18,describer,4,FALSE,NA,1431
"Is there, so there's a diamond at the very top, right?",17,matcher,5,FALSE,NA,1431
"Yes, yes.",18,describer,6,FALSE,NA,1431
"And then beneath the diamond, on the right side, is it a straight line?",17,matcher,7,FALSE,NA,1431
"But then on the left side, it's like a wiggly line?",17,matcher,8,FALSE,NA,1431
"Yeah, on the left side, it looks like a little, it looks like a little stand, you know?",18,describer,9,FALSE,NA,1431
It looks like someone is holding a top hat upside down.,18,describer,10,FALSE,NA,1431
"Yes, yes.",17,matcher,11,FALSE,NA,1431
Now I need to show you how the cardinals look.,18,describer,12,TRUE,NA,1431
Okay.,18,describer,13,TRUE,NA,1431
"Okay, this one looks like someone is sitting and they're turned to the right and they have a hat.",18,describer,1,FALSE,NA,1432
and they all their diamond hand as usual but then out of it there's two triangles as if like a bow it looks like a bunny yeah it does like a rabbit sitting in your spacing,18,describer,2,FALSE,NA,1432
okay this one is another figure that looks like um like a person,18,describer,1,FALSE,NA,1433
and it has a diamond on top and it looks like it has is wearing,18,describer,2,FALSE,NA,1433
like okay um so it's like a person who is kneeled but they sit up top and then they're,18,describer,3,FALSE,NA,1433
I don't know if that's making any sense.,18,describer,4,TRUE,NA,1433
"Okay, I see, like, a couple that I think it might be.",17,matcher,5,TRUE,NA,1433
Okay.,17,matcher,6,TRUE,NA,1433
"So, do you want to ask clarifying questions?",18,describer,7,TRUE,NA,1433
"Um, so, are there, like, two main chains?",17,matcher,8,FALSE,NA,1433
"Yeah, kind of, kind of.",18,describer,9,FALSE,NA,1433
"Yeah, there is, like, the body that is turned to the right.",18,describer,10,FALSE,NA,1433
So I see two really similar ones.,17,matcher,11,FALSE,NA,1433
So one has a triangle and it's not the right one.,18,describer,12,FALSE,NA,1433
Okay.,18,describer,13,TRUE,NA,1433
"So I was asking about this one before, but is it this one with a diamond on the top and then on the left side it's a straight line and on the right side it's like the line comes in a little bit?",17,matcher,14,FALSE,NA,1433
um or is that the wrong one,17,matcher,15,FALSE,NA,1433
i'm just thinking just a second,18,describer,16,FALSE,NA,1433
so no no no no it's a little different um so,18,describer,17,FALSE,NA,1433
it's like it has it has a top um basically on the top there is a diamond and then there is a shape and it goes out actually on the right,18,describer,18,FALSE,NA,1433
it looks like if someone,18,describer,19,FALSE,NA,1433
okay,17,matcher,20,FALSE,NA,1433
okay and okay um yeah so it's it's almost symmetrical except for the part in the bottom right corner yes yes that was a tricky one yeah and it's not really looking like anything yeah,18,describer,21,FALSE,NA,1433
"Okay, this one is kind of a complex shape.",18,describer,1,FALSE,NA,1434
"In the bottom, it's like a trapezoid, and on the top there is also a diamond.",18,describer,2,FALSE,NA,1434
Looks like a person.,18,describer,3,FALSE,NA,1434
"It looks like on the left there is a stand, and then they have like a triangle sticking out from like- I think I got it.",18,describer,4,FALSE,NA,1434
Yeah.,18,describer,5,TRUE,NA,1434
"Yeah, so it looks like there's two legs, and their left leg, like their foot is turning in.",18,describer,6,FALSE,NA,1434
"Okay, this one also looks like the kneeled person.",18,describer,1,FALSE,NA,1435
"It looks like they're turned to the right, and they are, like, reading from a triangle, and there is a diamond as their head shape, and...",18,describer,2,FALSE,NA,1435
um what else can i tell you about it,18,describer,3,FALSE,NA,1435
okay i see two that with that description and they're like really similar again,17,matcher,4,FALSE,NA,1435
yeah yeah yeah so on the left side does it look like there's a tail like sticking out,18,describer,5,FALSE,NA,1435
okay so just to clarify from top to bottom it's the diamond head and then like another little diamond but then on the right side it's like a little triangle,17,matcher,6,FALSE,NA,1435
yep and then okay yep,18,describer,7,FALSE,NA,1435
It's work.,18,describer,8,TRUE,NA,1435
"OK, so this one is.",17,matcher,9,TRUE,NA,1435
It's the one that you probably thought in the previous one.,18,describer,1,FALSE,NA,1436
"It's also kneeled, but it has like the knees are sticking out and on the left there is like a little dent you know.",18,describer,2,FALSE,NA,1436
Yeah.,17,matcher,3,TRUE,NA,1436
"It doesn't have like... Yeah, got it.",18,describer,4,TRUE,NA,1436
"Okay, this one looks like a seahorse.",18,describer,1,FALSE,NA,1437
And it's like turned to the left.,18,describer,2,FALSE,NA,1437
And it's like pretty long.,18,describer,3,FALSE,NA,1437
from like diagonally and then on the bottom right there's like a little weird shape at the bottom yes yeah seahorse was a that was a good indicator,18,describer,4,FALSE,NA,1437
um okay this one looks like a person,18,describer,1,FALSE,NA,1438
okay there's like two figures if if,18,describer,2,FALSE,NA,1438
i'm if i would say so and,18,describer,3,FALSE,NA,1438
one is a has a square and one has a a triangle as a hat and then the one with a square also has like a triangle,18,describer,4,FALSE,NA,1438
it's like an interesting shaped triangle,18,describer,5,FALSE,NA,1438
And I don't know how else to describe it.,18,describer,6,FALSE,NA,1438
Is there a diamond at the very top?,17,matcher,7,FALSE,NA,1438
Yes.,18,describer,8,FALSE,NA,1438
"And then to the right of the diamond, is there a triangle?",17,matcher,9,FALSE,NA,1438
"Yeah, to the right of the diamond, there is a triangle.",18,describer,10,FALSE,NA,1438
And also kind of to the left?,17,matcher,11,FALSE,NA,1438
"And then to the left, yeah, kind of to the left.",18,describer,12,FALSE,NA,1438
"But to the left, it looks like there is another figure.",18,describer,13,FALSE,NA,1438
"Yeah, so I feel like it might kind of look like",17,matcher,14,FALSE,NA,1438
"Somebody wearing like a pointed hood kneeled down, looking to the right with a megaphone.",17,matcher,15,FALSE,NA,1438
"No, no, no, no, no, no.",18,describer,16,FALSE,NA,1438
Not that one?,17,matcher,17,FALSE,NA,1438
It's not that one.,18,describer,18,FALSE,NA,1438
Not that one.,18,describer,19,FALSE,NA,1438
Okay.,18,describer,20,FALSE,NA,1438
It's a different one because it has like two figures.,18,describer,21,FALSE,NA,1438
So it looks like they're looking at each other and one is much smaller than the other.,18,describer,22,FALSE,NA,1438
Okay.,17,matcher,23,FALSE,NA,1438
The one where the head is triangle is much smaller than one where the head is the square.,18,describer,24,FALSE,NA,1438
"Not a square, a diamond.",18,describer,25,FALSE,NA,1438
Does it look like somebody wearing wigs doing an arabesque with their leg out to the back?,17,matcher,26,FALSE,NA,1438
No.,18,describer,27,FALSE,NA,1438
"Okay, not that one.",17,matcher,28,FALSE,NA,1438
What could this one be?,17,matcher,29,FALSE,NA,1438
"Could you, like, describe it again?",17,matcher,30,TRUE,NA,1438
"Yeah, so it looks like there's two figures.",18,describer,31,FALSE,NA,1438
"One is much smaller, and it has an equilateral triangle that is turned, like, the base up.",18,describer,32,FALSE,NA,1438
"And to the right, there is a...",18,describer,33,FALSE,NA,1438
"It's like a diamond shape at the top, but then it's like a triangle down.",18,describer,34,FALSE,NA,1438
Could it look like a horse with its front legs up?,17,matcher,35,FALSE,NA,1438
"Like, if a horse was turned to the right with its front leg up?",17,matcher,36,FALSE,NA,1438
It's turned to the right.,17,matcher,37,FALSE,NA,1438
"So... Like, picture the top diamond as the horse's head, and then that little triangle on the left as the tail.",17,matcher,38,FALSE,NA,1438
"Okay, okay.",18,describer,39,TRUE,NA,1438
So...,18,describer,1,FALSE,NA,1440
"It's a strange shape, and it looks like it's turned to the left.",18,describer,2,FALSE,NA,1440
There is a... A big triangle at the bottom.,18,describer,3,FALSE,NA,1440
And then there is... Eh.,18,describer,4,TRUE,NA,1440
God.,18,describer,5,TRUE,NA,1440
Okay.,18,describer,6,TRUE,NA,1440
"It looks like the old scales that are pretty, um... Oh, like a law scale?",18,describer,7,FALSE,NA,1440
"Yeah, and it's like tilted.",17,matcher,8,FALSE,NA,1440
"Yeah, it's tilted, yeah.",18,describer,9,FALSE,NA,1440
This one looks like a person who's walking and reading at the same time.,18,describer,1,FALSE,NA,1441
And the book is on the left side.,18,describer,2,FALSE,NA,1441
Yes.,18,describer,3,TRUE,NA,1441
okay this one is the one that you were describing where there is a diamond at the at the top and then there's the left is a straight line and the right is a is like a squiggly line okay,18,describer,1,FALSE,NA,1442
this one looks like a house with a big chimney a huge chimney on the right side,18,describer,1,FALSE,NA,1443
this one looks like a like a flower but more like a venus flytrap it has like a little stem at the right and then it's like a,18,describer,1,FALSE,NA,1444
multiple triangles on the top.,18,describer,2,FALSE,NA,1444
"Oh, okay.",17,matcher,3,TRUE,NA,1444
I see it.,17,matcher,4,TRUE,NA,1444
"Okay, this one looks kind of funny.",18,describer,1,FALSE,NA,1445
"It has a diamond on the top, and then it looks like it's sliding downhill.",18,describer,2,FALSE,NA,1445
"with its feet, which is a little triangle on the bottom right, and its hands, like, sort of up as another trapezoid or triangle thing.",18,describer,3,FALSE,NA,1445
"And it has, like, two tails.",18,describer,4,FALSE,NA,1445
"One is a trapezoid, like a right trapezoid, and one is a triangle.",18,describer,5,FALSE,NA,1445
"It looks like it's, like, sliding downhill.",18,describer,6,FALSE,NA,1445
Sliding downhill.,17,matcher,7,FALSE,NA,1445
Yeah.,18,describer,8,FALSE,NA,1445
It looks like a person in a robe that has one tail and another tail.,18,describer,9,FALSE,NA,1445
And one tail is a triangle on the bottom.,18,describer,10,FALSE,NA,1445
"So on the very bottom right, is there a triangle?",17,matcher,11,FALSE,NA,1445
"Yes, yes.",18,describer,12,FALSE,NA,1445
It's like the feet.,18,describer,13,FALSE,NA,1445
"Okay, and then on the left side, there's like a weird parallelogram shape sticking out?",17,matcher,14,FALSE,NA,1445
"Yes, yes, yes.",18,describer,15,TRUE,NA,1445
Okay.,18,describer,16,TRUE,NA,1445
okay this one looks like a person reading a book,18,describer,1,FALSE,NA,1446
they're turned to the left and they have a diamond shape,18,describer,2,FALSE,NA,1446
and it's like their knees are like yeah it's like the book is on their knees and there's like a little triangle on the bottom left that like is their feet,18,describer,3,FALSE,NA,1446
Are there two triangles at the top that kind of look like little bunny ears?,17,matcher,4,FALSE,NA,1446
No.,17,matcher,5,FALSE,NA,1446
"Okay, not that one.",17,matcher,6,FALSE,NA,1446
Could you describe it again?,17,matcher,7,TRUE,NA,1446
"Yeah, so it looks like a person who's sitting with their, like, knees up.",18,describer,8,FALSE,NA,1446
"Oh, does it look like they're sitting in a beanbag chair?",17,matcher,9,FALSE,NA,1446
"Um, kind of, yeah.",18,describer,10,FALSE,NA,1446
Yeah.,17,matcher,11,TRUE,NA,1446
Now I see it.,17,matcher,12,TRUE,NA,1446
"Okay, this one looks like they're doing a cha-cha slide, and they're sliding to the left.",18,describer,1,FALSE,NA,1447
"But like, it is like a kind of a complex thing.",18,describer,2,FALSE,NA,1447
"And there's like, like a diamond at the top, and then there is like a triangle shape.",18,describer,3,FALSE,NA,1447
"And then there's like, I think sticking out to the right.",18,describer,4,FALSE,NA,1447
And then a squiggly line on the left.,18,describer,5,FALSE,NA,1447
Oh.,18,describer,6,TRUE,NA,1447
so this isn't the one i think we might have done this one before,18,describer,1,FALSE,NA,1448
where it looks like their left foot is turned in,18,describer,2,FALSE,NA,1448
well yeah so that one is the one that you picked but it wasn't the right,18,describer,3,FALSE,NA,1448
oh okay,17,matcher,4,FALSE,NA,1448
but it's the right one this time,18,describer,5,FALSE,NA,1448
yeah okay they're doing a cha-cha slide that's for sure,18,describer,6,FALSE,NA,1448
yeah okay this one looks like a bird,17,matcher,7,FALSE,NA,1448
It's turned to the right.,17,matcher,8,FALSE,NA,1448
"Oh like a little swan and then yeah, there's a little triangle on the left side.",18,describer,9,FALSE,NA,1448
Yes.,18,describer,10,TRUE,NA,1448
"Yes Okay, this one is a person doing an arabesque It was fast look at us Two dancers",18,describer,1,FALSE,NA,1449
"Okay, this is the surveillance camera.",17,describer,1,FALSE,NA,1450
House with the tree on the left.,17,describer,1,FALSE,NA,1451
Got it.,18,matcher,2,TRUE,NA,1451
"This is the one that kind of looks like the horse with his legs up, and he's turned to the right.",17,describer,1,FALSE,NA,1452
"So there's a diamond at the top, and then a little triangle to the left.",17,describer,2,FALSE,NA,1452
Do you need me to describe it more?,17,describer,3,TRUE,NA,1452
"Yeah, if you could.",18,matcher,4,TRUE,NA,1452
"Okay, yeah.",17,describer,5,TRUE,NA,1452
Is it turned to the left or to the right?,18,matcher,6,FALSE,NA,1452
"If you think of it like the horse, he's turned to the right.",17,describer,7,FALSE,NA,1452
"Oh, got it, got it, got it.",18,matcher,8,TRUE,NA,1452
"And, like, the... Yep, got it.",18,matcher,9,TRUE,NA,1452
"Um, this looks like a little child riding a dog, and it's facing to the left.",17,describer,1,FALSE,NA,1453
"Okay, got it.",17,describer,2,TRUE,NA,1453
"Yeah, the little tail sticking out.",17,describer,3,FALSE,NA,1453
this one looks like the scale that's tilted okay just let me find it i got it,17,describer,1,FALSE,NA,1454
um this one looks like the like a hooded figure kneeling down on the right with a megaphone okay,17,describer,1,FALSE,NA,1455
Do you need me to describe it?,17,describer,2,TRUE,NA,1455
This is the Venus flytrap.,17,describer,1,FALSE,NA,1456
Okay.,18,matcher,2,TRUE,NA,1456
Where is it?,18,matcher,3,TRUE,NA,1456
Where is it?,18,matcher,4,TRUE,NA,1456
"Okay, got it.",18,matcher,5,TRUE,NA,1456
"Um, this is a symmetrical one with the two diamonds and then the square at the top.",17,describer,1,FALSE,NA,1457
"Okay, got it.",18,matcher,2,TRUE,NA,1457
"Um, this is that one where there's a diamond on the top and then the left side is a straight line and then the right side is swiggly.",17,describer,1,FALSE,NA,1458
This looks like a person hunched over reading a book and they're looking on the left side and there's just a random triangle on top.,17,describer,1,FALSE,NA,1459
"Um, this is a person holding a top hat upside down.",17,describer,1,FALSE,NA,1460
"Okay, got it.",18,matcher,2,TRUE,NA,1460
"Just a second, let me click it.",18,matcher,3,TRUE,NA,1460
"Uh, this one, it's the diamond at the top, and then there's, like, a block shape underneath that, and on the right side at the bottom, there's a little triangle sticking out.",17,describer,1,FALSE,NA,1461
"Uh, does it look like it's someone who's reading?",18,matcher,2,FALSE,NA,1461
"No, it looks like, it's a little bit simpler than that.",17,describer,3,FALSE,NA,1461
"It looks like, I think you described it as someone, like, kneeling down.",17,describer,4,FALSE,NA,1461
"Okay, got it.",18,matcher,5,TRUE,NA,1461
This looks like someone trying to fly.,17,describer,1,FALSE,NA,1462
"Okay, got it.",18,matcher,2,TRUE,NA,1462
Okay.,18,matcher,3,TRUE,NA,1462
This is literally the last one for me so it's like a lot of clicking.,18,matcher,4,TRUE,NA,1462
"Um, this is...",18,matcher,5,TRUE,NA,1462
"So, it's a big rectangle at the bottom, and then on the left side, there's, like, a long column that goes up.",17,describer,1,FALSE,NA,1463
"I think it might have been, like, one of the first ones that we did.",17,describer,2,FALSE,NA,1463
"Okay, got it.",18,matcher,3,TRUE,NA,1463
Last round.,17,describer,4,FALSE,NA,1463
"Like, the swan.",17,describer,5,FALSE,NA,1463
"The swan, yeah.",17,describer,6,FALSE,NA,1463
"The swan, yeah.",17,describer,7,FALSE,NA,1463
Cactus.,17,describer,1,FALSE,NA,1464
Okay.,18,matcher,2,TRUE,NA,1464
Seahorse.,17,describer,1,FALSE,NA,1465
Got it.,18,matcher,2,TRUE,NA,1465
"Um, the regular horse, and there's like a little tail, and...",17,describer,1,FALSE,NA,1466
It's like a parallelogram as a tail.,17,describer,2,FALSE,NA,1466
"And it's going upwards, and the tail is on the right.",17,describer,3,FALSE,NA,1466
Got it.,18,matcher,4,TRUE,NA,1466
"Um, the person doing an arabesque.",17,describer,1,FALSE,NA,1467
Okay.,18,describer,1,TRUE,NA,1468
"Um, the swan.",18,describer,2,FALSE,NA,1468
The swan hand.,18,describer,3,FALSE,NA,1468
Can you hear me?,18,describer,4,TRUE,NA,1468
Yeah.,17,matcher,5,TRUE,NA,1468
"Yeah, so it's the swan hand that we- it was one of the first ones.",18,describer,6,FALSE,NA,1468
"Wait, the one with, like, the big rectangle and then the column on the left?",17,matcher,7,FALSE,NA,1468
Yeah.,18,describer,8,FALSE,NA,1468
"Yes, yes, yes.",18,describer,9,TRUE,NA,1468
I think I was looking for the other swan.,17,matcher,10,FALSE,NA,1468
yeah there was another one but yeah,17,matcher,11,TRUE,NA,1468
this one okay arabesque,18,describer,1,FALSE,NA,1469
okay this looks like um so there is a diamond at the top and then there is on the left there is a straight line and on the right there is a squiggly line okay,18,describer,1,FALSE,NA,1470
"Okay, that's the horse that is going to the right and upwards with diamond as its head and the little triangle on the left.",18,describer,1,FALSE,NA,1471
Yep.,17,matcher,2,TRUE,NA,1471
Surveillance camera.,18,describer,1,FALSE,NA,1472
Okay.,17,matcher,2,TRUE,NA,1472
Got it.,17,matcher,3,TRUE,NA,1472
A house with a tree on its left.,18,describer,1,FALSE,NA,1473
Got it.,17,matcher,2,TRUE,NA,1473
"Uh, the child riding a horse or a dog, whatever.",18,describer,1,FALSE,NA,1474
Got it.,17,matcher,2,TRUE,NA,1474
"A person with a, um, like, kneeled with a, uh, with a, like, a triangle is the... Is, like, the feet?",18,describer,1,FALSE,NA,1475
"No, no, no.",17,matcher,2,FALSE,NA,1475
"So it's, like, a hooded person with a... Oh, okay.",18,describer,3,FALSE,NA,1475
With a megaphone.,18,describer,4,FALSE,NA,1475
"Yeah, with a megaphone.",17,matcher,5,FALSE,NA,1475
"Yep, I forgot the word.",18,describer,6,TRUE,NA,1475
It's a horse that is going to the left and has a parallelogram tail.,18,describer,1,FALSE,NA,1476
It's going upwards.,18,describer,2,FALSE,NA,1476
It's the symmetrical shape.,18,describer,1,FALSE,NA,1477
Two diamonds and a rectangle at the top.,18,describer,2,FALSE,NA,1477
Got it.,17,matcher,3,TRUE,NA,1477
The tilted scale.,18,describer,1,FALSE,NA,1478
The person with the bucket hat downwards.,18,describer,1,FALSE,NA,1479
Could you describe it?,17,matcher,2,TRUE,NA,1479
"Yeah, yeah, yeah.",18,describer,3,TRUE,NA,1479
"Oh, the top hat?",17,matcher,4,FALSE,NA,1479
"Yeah, yeah, the top hat.",18,describer,5,FALSE,NA,1479
"Yeah, I forgot that.",17,matcher,6,TRUE,NA,1479
"Okay, this is a person reading a book.",18,describer,1,FALSE,NA,1480
"They're turned to the left, and they have a strange triangle at the top.",18,describer,2,FALSE,NA,1480
Got it.,17,matcher,3,TRUE,NA,1480
The Venus Flight Trap.,18,describer,1,FALSE,NA,1481
Okay.,17,matcher,2,TRUE,NA,1481
The person trying to fly.,18,describer,1,FALSE,NA,1482
Okay.,17,matcher,2,TRUE,NA,1482
"Uh, seahorse.",18,describer,1,FALSE,NA,1483
okay if the person kneeled down um the more basic one okay it's like the triangle on the right triangle on the right yeah,18,describer,1,FALSE,NA,1484
it's a cactus,18,describer,1,FALSE,NA,1485
Good.,18,describer,2,TRUE,NA,1485
Okay.,18,describer,3,TRUE,NA,1485
"Okay, sounds good.",18,describer,4,TRUE,NA,1485
Surveillance camera.,17,describer,1,FALSE,NA,1486
"Okay, you got it.",18,matcher,2,TRUE,NA,1486
Just a second.,18,matcher,3,TRUE,NA,1486
Got it.,18,matcher,4,TRUE,NA,1486
"Um, the person reading a book with the triangle on the top.",17,describer,1,FALSE,NA,1487
Oopsies.,18,matcher,2,TRUE,NA,1487
Person trying to fly.,17,describer,1,FALSE,NA,1488
"Um, okay.",18,matcher,2,TRUE,NA,1488
Got it.,18,matcher,3,TRUE,NA,1488
Cactus.,17,describer,1,FALSE,NA,1489
"Cactus, yes.",18,matcher,2,FALSE,NA,1489
Um...,18,matcher,3,TRUE,NA,1489
"Looks like the person's kneeling, but it's like the simple one.",17,describer,1,FALSE,NA,1490
"Okay, got it.",18,matcher,2,TRUE,NA,1490
Where's it be?,18,matcher,3,TRUE,NA,1490
House with the tree on the left.,17,describer,1,FALSE,NA,1491
"Oh, got it.",18,matcher,2,TRUE,NA,1491
The horse with its legs up with the triangle on the left.,17,describer,1,FALSE,NA,1492
There you go.,17,describer,2,TRUE,NA,1492
Arabesque.,17,describer,1,FALSE,NA,1493
I'm holding the hat upside down.,17,describer,1,FALSE,NA,1494
Okay.,18,matcher,2,TRUE,NA,1494
I'm the child riding the dog.,17,describer,1,FALSE,NA,1495
Okay.,18,matcher,2,TRUE,NA,1495
"Um, the simple swan.",17,describer,1,FALSE,NA,1496
Okay.,18,matcher,2,TRUE,NA,1496
The symmetrical shape with the two diamonds and the square.,17,describer,1,FALSE,NA,1497
Got it.,18,matcher,2,TRUE,NA,1497
Venus flytrap.,17,describer,1,FALSE,NA,1498
Done.,18,matcher,2,TRUE,NA,1498
Seahorse.,17,describer,1,FALSE,NA,1499
"Yep, got it.",18,matcher,2,TRUE,NA,1499
"The diamond at the top, and then the left side is a straight line, and the right side is squiggly.",17,describer,1,FALSE,NA,1500
Okay.,18,matcher,2,TRUE,NA,1500
The hooded person with the megaphone.,17,describer,1,FALSE,NA,1501
"Okay, got it.",18,matcher,2,TRUE,NA,1501
The tilted scale.,17,describer,1,FALSE,NA,1502
"Uh, tilted scale.",17,describer,2,FALSE,NA,1502
The regular horse that's looking to the left.,17,describer,1,FALSE,NA,1503
"Okay, the regular horse to the left with the parallelogram on the right.",18,describer,1,FALSE,NA,1504
Cactus.,18,describer,1,FALSE,NA,1505
Got it.,17,matcher,2,TRUE,NA,1505
Surveillance camera.,18,describer,1,FALSE,NA,1506
Okay.,17,matcher,2,TRUE,NA,1506
The house with the tree on the left.,18,describer,1,FALSE,NA,1507
Okay.,17,matcher,2,TRUE,NA,1507
Venus flytrap.,18,describer,1,FALSE,NA,1508
Okay.,17,matcher,2,TRUE,NA,1508
"Um, it's, uh, it's, okay, so it's the diamond, and then on the left there is a straight line, on the right there is a swiggly line.",18,describer,1,FALSE,NA,1509
"Okay, got it.",17,matcher,2,TRUE,NA,1509
Tilted scale.,18,describer,1,FALSE,NA,1510
The person flying.,18,describer,1,FALSE,NA,1511
The person reading kneel to the left with a small triangle on the top.,18,describer,1,FALSE,NA,1512
Symmetrical two diamonds in a rectangle.,18,describer,1,FALSE,NA,1513
Seahorse.,18,describer,1,FALSE,NA,1514
Someone doing an arabesque.,18,describer,1,FALSE,NA,1515
A person kneeled with a megaphone.,18,describer,1,FALSE,NA,1516
Got it.,17,matcher,2,TRUE,NA,1516
A person with a top hat upside down.,18,describer,1,FALSE,NA,1517
Simple Swan.,18,describer,1,FALSE,NA,1518
The horse running to the right with a big square and a small triangle to the left.,18,describer,1,FALSE,NA,1519
Child riding a horse or a dog.,18,describer,1,FALSE,NA,1520
The simple person kneeled to the right.,18,describer,1,FALSE,NA,1521
"Um, the child riding the horse.",17,describer,1,FALSE,NA,1522
Sea horse.,17,describer,1,FALSE,NA,1523
Regular horse with the parallelogram tail.,17,describer,1,FALSE,NA,1524
"Turn to the left, right?",18,matcher,2,FALSE,NA,1524
Yeah.,17,describer,3,TRUE,NA,1524
The horse turned to the right with the triangle tail.,17,describer,1,FALSE,NA,1525
"Okay, got it.",18,matcher,2,TRUE,NA,1525
The symmetrical one with the two diamonds in the top.,17,describer,1,FALSE,NA,1526
Simple Swan.,17,describer,1,FALSE,NA,1527
Got it.,18,matcher,2,TRUE,NA,1527
Venus fly trap.,17,describer,1,FALSE,NA,1528
Got it.,18,matcher,2,TRUE,NA,1528
"The upside down hat, like someone holding it upside down.",17,describer,1,FALSE,NA,1529
"Yep, got it.",18,matcher,2,TRUE,NA,1529
Tilted scale.,17,describer,1,FALSE,NA,1530
Surveillance camera.,17,describer,1,FALSE,NA,1531
"Got it, this is it.",18,matcher,2,TRUE,NA,1531
The squiggly line on the right.,17,describer,1,FALSE,NA,1532
I'm reading the book with the triangle at the top.,17,describer,1,FALSE,NA,1533
This is a simple kneeling one.,17,describer,1,FALSE,NA,1535
Simple kneeling.,17,describer,2,FALSE,NA,1535
arabesque,17,describer,1,FALSE,NA,1536
um the person trying to fly uh what would you repeat that the person trying to fly okay,17,describer,1,FALSE,NA,1537
Megaphone one.,17,describer,1,FALSE,NA,1538
Got it.,18,matcher,2,TRUE,NA,1538
The house with the tree on the top.,17,describer,1,FALSE,NA,1539
"Okay, the scale.",18,describer,1,FALSE,NA,1540
Tilted scale.,18,describer,2,FALSE,NA,1540
Cactus.,18,describer,1,FALSE,NA,1541
Flying person.,18,describer,1,FALSE,NA,1542
Got it.,17,matcher,2,TRUE,NA,1542
House with the tree on the left.,18,describer,1,FALSE,NA,1543
Seahorse.,18,describer,1,FALSE,NA,1544
Okay.,17,matcher,2,TRUE,NA,1544
Symmetrical two diamonds in a rectangle.,18,describer,1,FALSE,NA,1545
Surveillance camera.,18,describer,1,FALSE,NA,1546
Venus flytrap,18,describer,1,FALSE,NA,1547
The simple kneeling person,18,describer,1,FALSE,NA,1548
The simple swan.,18,describer,1,FALSE,NA,1549
Megaphone.,18,describer,1,FALSE,NA,1550
The top hat upside down holding person.,18,describer,1,FALSE,NA,1551
Arabesque.,18,describer,1,FALSE,NA,1552
The horse going to the left with a parallelogram as a tail going up.,18,describer,1,FALSE,NA,1553
The person reading the book turned to the left with a triangle on top.,18,describer,1,FALSE,NA,1554
The horse going to the right with a diamond.,18,describer,1,FALSE,NA,1555
Yep.,17,matcher,2,TRUE,NA,1555
"On the left, there is a straight line.",18,describer,1,FALSE,NA,1556
"On the right, there is a squiggly line.",18,describer,2,FALSE,NA,1556
Got it.,17,matcher,3,TRUE,NA,1556
A child riding the dog.,18,describer,1,FALSE,NA,1557
"Um, this is the person reading with the triangle at the top.",17,describer,1,FALSE,NA,1558
"Uh, just a second.",18,matcher,2,TRUE,NA,1558
Got it.,18,matcher,3,TRUE,NA,1558
Seahorse.,17,describer,1,FALSE,NA,1559
Got it.,18,matcher,2,TRUE,NA,1559
The one with the squiggly line on the right.,17,describer,1,FALSE,NA,1560
"Yep, got it.",18,matcher,2,TRUE,NA,1560
The person in a beanbag chair.,17,describer,1,FALSE,NA,1561
"Uh, would you repeat that?",18,matcher,2,TRUE,NA,1561
They look like they're in a beanbag chair.,17,describer,3,FALSE,NA,1561
"Oh, got it, got it, got it, got it, got it.",18,matcher,4,TRUE,NA,1561
surveillance camera.,17,describer,1,FALSE,NA,1562
Got it.,18,matcher,2,TRUE,NA,1562
This is one of the ones we practiced.,17,describer,1,FALSE,NA,1563
It has a diamond at the top.,17,describer,2,FALSE,NA,1563
"And at the bottom right, there's a little triangle that's kind of sticking out.",17,describer,3,FALSE,NA,1563
"And then on the left, there's like a parallelogram shape.",17,describer,4,FALSE,NA,1563
"Okay, it looks like someone who's sliding, right?",18,matcher,5,FALSE,NA,1563
That's how I describe it.,18,matcher,6,FALSE,NA,1563
"No, not the cha-cha slide.",17,describer,7,FALSE,NA,1563
"No, but I mean like they're going down the slide or something.",18,matcher,8,FALSE,NA,1563
I don't know.,17,describer,9,TRUE,NA,1563
Do you think you can describe it?,18,matcher,10,TRUE,NA,1563
"Yeah, I mean, yeah, all good.",17,describer,11,TRUE,NA,1563
Okay.,17,describer,12,TRUE,NA,1563
We should call that one just the sliding one.,17,describer,13,FALSE,NA,1563
"Yeah, sliding, yep.",17,describer,14,FALSE,NA,1563
Okay.,17,describer,15,TRUE,NA,1563
"Um, this is, it looks like someone is like kind of kneeling, and on the right there's like a triangle sticking out.",17,describer,1,FALSE,NA,1564
Okay.,18,matcher,2,TRUE,NA,1564
"They're like half kneeling, right?",18,matcher,3,FALSE,NA,1564
Yeah.,17,describer,4,TRUE,NA,1564
The tilted scale.,17,describer,1,FALSE,NA,1565
The house with the chimney.,17,describer,1,FALSE,NA,1566
"The swan, but not the simple swan.",17,describer,1,FALSE,NA,1567
"Yeah, got it, got it, got it.",18,matcher,2,TRUE,NA,1567
The house with the tree.,17,describer,1,FALSE,NA,1568
Got it.,18,matcher,2,TRUE,NA,1568
The child riding the dog.,17,describer,1,FALSE,NA,1569
Venus flytrap.,17,describer,1,FALSE,NA,1570
The symmetrical one with the two diamonds.,17,describer,1,FALSE,NA,1571
Got it.,18,matcher,2,TRUE,NA,1571
"Um, it looks like someone kneeling, and they're, like, holding something out in front of them.",17,describer,1,FALSE,NA,1572
"There's, like, a little tail shape on the back.",17,describer,2,FALSE,NA,1572
Ooh.,18,matcher,3,TRUE,NA,1572
"Okay, got it, got it, got it, got it.",18,matcher,4,TRUE,NA,1572
"It looks like there's a square diamond shape on the right, and then there's a leg sticking out on the left.",17,describer,1,FALSE,NA,1573
Would you do more?,18,matcher,2,TRUE,NA,1573
"Yeah, so it kind of looks like a person.",17,describer,3,FALSE,NA,1573
"And on the top right, there's a square diamond shape.",17,describer,4,FALSE,NA,1573
"And then on its left side, it looks like there's a leg sticking out.",17,describer,5,FALSE,NA,1573
Are they...,18,matcher,6,FALSE,NA,1573
Are they walking and reading?,18,matcher,7,FALSE,NA,1573
"No, they're not reading.",17,describer,8,FALSE,NA,1573
It's not that one.,17,describer,9,FALSE,NA,1573
Is it the theatrical one?,18,matcher,10,FALSE,NA,1573
No.,17,describer,11,FALSE,NA,1573
It's like standing on one leg and then the other leg is behind him.,17,describer,12,FALSE,NA,1573
Is it like the collar one?,18,matcher,13,FALSE,NA,1573
"No, it's not that one.",17,describer,14,FALSE,NA,1573
Okay.,18,matcher,15,FALSE,NA,1573
Is it the one with like a small triangle on the right and like I don't know,18,matcher,16,FALSE,NA,1573
"Oh, got it, got it, got it.",18,matcher,17,TRUE,NA,1573
Okay.,18,matcher,18,TRUE,NA,1573
That took me a little long.,18,matcher,19,TRUE,NA,1573
Sorry.,18,matcher,20,TRUE,NA,1573
It's okay.,18,matcher,21,TRUE,NA,1573
This one is the one that looks like someone running out of the wedding.,17,describer,1,FALSE,NA,1574
"Okay, got it.",18,matcher,2,TRUE,NA,1574
It's giving speak now.,17,describer,1,FALSE,NA,1575
Yeah.,18,matcher,2,TRUE,NA,1575
"Yep, got it.",18,matcher,3,TRUE,NA,1575
Arabesque.,17,describer,1,FALSE,NA,1576
"the bunny ears, and it's, like, sitting down.",17,describer,1,FALSE,NA,1577
"Got it, got it.",18,matcher,2,TRUE,NA,1577
"Oh, wait.",18,matcher,3,TRUE,NA,1577
"It doesn't have, like... Is it, like, turned to the right or turned to the left?",18,matcher,4,FALSE,NA,1577
It's turned to the right.,17,describer,5,FALSE,NA,1577
Okay.,17,describer,6,TRUE,NA,1577
The horse with the parallelogram tail.,17,describer,1,FALSE,NA,1578
Got it.,18,matcher,2,TRUE,NA,1578
The simple kneeling one.,17,describer,1,FALSE,NA,1579
Got it.,18,matcher,2,TRUE,NA,1579
Cactus.,17,describer,1,FALSE,NA,1580
"Um, it kind of looks like a dog and then the front legs are longer than the back legs.",17,describer,1,FALSE,NA,1581
"Yeah, got it.",18,matcher,2,TRUE,NA,1581
The person reading while they're walking and they're facing to the left.,17,describer,1,FALSE,NA,1582
Mhm.,18,matcher,2,TRUE,NA,1582
the horse with the triangle tail,17,describer,1,FALSE,NA,1583
um this one also has bunny ears with the,17,describer,1,FALSE,NA,1584
okay got it yeah,18,matcher,2,TRUE,NA,1584
"Um, this one, it kind of looks like a water fountain.",17,describer,1,FALSE,NA,1585
"So there's a diamond at the top, and then there's like a column.",17,describer,2,FALSE,NA,1585
"Oh, got it, got it, got it, got it.",18,matcher,3,TRUE,NA,1585
"That's a good one, water fountain.",18,matcher,4,FALSE,NA,1585
Yeah.,18,matcher,5,TRUE,NA,1585
Cha-cha slide.,17,describer,1,FALSE,NA,1586
Nice.,18,matcher,2,TRUE,NA,1586
Megaphone,17,describer,1,FALSE,NA,1587
Crab,17,describer,1,FALSE,NA,1588
I'm upside down top hat,17,describer,1,FALSE,NA,1589
Got it.,18,matcher,2,TRUE,NA,1589
Person trying to fly.,17,describer,1,FALSE,NA,1590
"Just saying, dude.",17,describer,2,TRUE,NA,1590
This also looks like someone trying to ride a horse.,17,describer,1,FALSE,NA,1591
"Okay, got it.",18,matcher,2,TRUE,NA,1591
Is it like a person?,18,matcher,3,FALSE,NA,1591
It's like a little triangle and a square.,17,describer,4,FALSE,NA,1591
Simple swan.,17,describer,1,FALSE,NA,1592
This one is Maddie with the collar.,17,describer,1,FALSE,NA,1593
This one looks like a mouse looking up to the top left corner.,20,describer,1,FALSE,NA,1594
It has a triangle ear and a fox ear.,20,describer,2,FALSE,NA,1594
What did you say after you said it looked like a mouse?,19,matcher,3,TRUE,NA,1594
It's a mouse looking to the top left corner.,20,describer,4,FALSE,NA,1594
It has a triangle ear and a fox ear.,20,describer,5,FALSE,NA,1594
in the bottom right corner that's cut off at his torso.,20,describer,6,FALSE,NA,1594
Can you always make him a little bit louder?,19,matcher,7,TRUE,NA,1594
"Yeah, to me it just looks like a mouse looking up to the top left corner with a box ear on the top of his head, a triangle ear on the right of his head,",20,describer,8,FALSE,NA,1594
It stands down in the bottom left corner and it's cut off at the bottom right corner of his torso.,20,describer,9,FALSE,NA,1594
What's at the bottom right of his torso?,19,matcher,10,FALSE,NA,1594
That's where the image cuts off.,20,describer,11,FALSE,NA,1594
"So you can see his torso up with his front paws, front hands on the ground at the bottom left, and his head in the top portion of the frame.",20,describer,12,FALSE,NA,1594
"Okay, can you, like, describe it a little bit more?",19,matcher,13,TRUE,NA,1594
Uh... Maybe it's...,20,describer,14,TRUE,NA,1594
"If not a mouse, then it's somebody, like, on their knees, sliding into the bottom right corner, with their arms sort of, like, flaring out to the left and the right.",20,describer,15,FALSE,NA,1594
I think I might have it.,19,matcher,16,TRUE,NA,1594
This one looks kind of like a soccer player to me.,20,describer,1,FALSE,NA,1595
They're running across the field towards the right with their back player.,20,describer,2,FALSE,NA,1595
"In the bottom left corner, it's a person, but it has a flag around their waist, with their front arm pointed to the right.",20,describer,3,FALSE,NA,1595
Their head is a diamond on the last of this area triangle that's pointed to the left.,20,describer,4,FALSE,NA,1595
Are there any squares in the picture?,19,matcher,5,FALSE,NA,1595
Only one square.,20,describer,6,FALSE,NA,1595
It's the diamond pin.,20,describer,7,FALSE,NA,1595
Everything else looks like triangles or one trapezoid at the waistline.,20,describer,8,FALSE,NA,1595
A little triangle pointing down in the bottom right corner.,20,describer,9,FALSE,NA,1595
A large triangle pointing up.,20,describer,10,FALSE,NA,1595
"Yeah, is it like an equilateral triangle with the point, like, facing down?",19,matcher,11,FALSE,NA,1595
"Yeah, the small triangle, yeah.",20,describer,12,FALSE,NA,1595
In the bottom right corner.,20,describer,13,FALSE,NA,1595
Yay.,20,describer,14,TRUE,NA,1595
This one looks like a little kid riding a dog.,20,describer,1,FALSE,NA,1596
You have a diamond at the top of a triangle sort of slipping downward.,20,describer,2,FALSE,NA,1596
"And the far right side, you have a triangle, a small triangle, pointing to the bottom right, but not directly on the bottom right.",20,describer,3,FALSE,NA,1596
and that's about midway up the road.,20,describer,4,FALSE,NA,1596
"Okay, can you describe it more?",19,matcher,5,FALSE,NA,1596
There's a medium sized triangle connected at a point to the smaller triangle.,20,describer,6,FALSE,NA,1596
The mid-sized triangle is pointing with,20,describer,7,FALSE,NA,1596
"is pointing directly towards the smaller triangle, so one of the points is pointing directly towards the bottom right.",20,describer,8,FALSE,NA,1596
And then there's a sort of inverted arrow on the left side.,20,describer,9,FALSE,NA,1596
"Wait, what's on the left side?",19,matcher,10,FALSE,NA,1596
There's another small triangle pointing up towards the square at an angle.,20,describer,11,FALSE,NA,1596
And the sort of body of the dog is an arrow pointing to the left of the screen.,20,describer,12,FALSE,NA,1596
OK.,19,matcher,13,TRUE,NA,1596
Is there a trapezoid that has the parallel parts that are parallel to the sides of the screen?,19,matcher,14,FALSE,NA,1596
Does that make sense?,19,matcher,15,TRUE,NA,1596
No.,20,describer,16,FALSE,NA,1596
"Okay, there isn't that?",19,matcher,17,TRUE,NA,1596
No.,19,matcher,18,TRUE,NA,1596
"Okay, um...",19,matcher,19,TRUE,NA,1596
Okay.,19,matcher,20,TRUE,NA,1596
"From the baseline horizontal, it's at, like, a 15-degree angle.",20,describer,21,FALSE,NA,1596
What about the horizontal?,19,matcher,22,FALSE,NA,1596
"From the baseline horizontal, the image looks like it's tilted at, like, a 15-degree angle with the right side being lifted up.",20,describer,23,FALSE,NA,1596
Okay.,19,matcher,24,TRUE,NA,1596
"And is there, like, in the middle, is there a square, like, along, like, a hill thing and a little bit of white space?",19,matcher,25,FALSE,NA,1596
Yes.,20,describer,26,TRUE,NA,1596
This looks like a person holding their arms out and sort of off.,20,describer,1,FALSE,NA,1597
There's the parallelogram forming the body pointing to the bottom right with,20,describer,2,FALSE,NA,1597
"Sort of like wrench heads as the arm, and then square at an angle towards the head.",20,describer,3,FALSE,NA,1597
Does it look like a body with two arms and a head?,19,matcher,4,FALSE,NA,1597
Yes.,20,describer,5,TRUE,NA,1597
"This one looks like it's bending down, so look at something on the floor.",20,describer,1,FALSE,NA,1598
"There's a triangle pointing directly up at the top of the image, a triangle pointing to the bottom right corner, and then a trapezoid here at the top, and another parallelogram here at the bottom.",20,describer,2,FALSE,NA,1598
It looks like sunglasses.,20,describer,3,FALSE,NA,1598
Like sunglasses?,19,matcher,4,FALSE,NA,1598
Yeah.,20,describer,5,TRUE,NA,1598
But it's not the pair.,20,describer,6,FALSE,NA,1598
It's not the pair of sunglasses.,20,describer,7,FALSE,NA,1598
It looks like a magnet.,20,describer,8,FALSE,NA,1598
It's the one that's at an angle.,20,describer,9,FALSE,NA,1598
"Oh, okay.",19,matcher,10,TRUE,NA,1598
Hold on.,19,matcher,11,TRUE,NA,1598
"Okay, is there, like, uh, hmm, like, like, depending on how you look at it, it,",19,matcher,12,FALSE,NA,1598
"like, could it be, like, sort of, like, a left, on the left side, like, a right triangle with, like, a trapezoid then on it?",19,matcher,13,FALSE,NA,1598
Yeah.,20,describer,14,TRUE,NA,1598
Okay.,20,describer,15,TRUE,NA,1598
Okay.,20,describer,16,TRUE,NA,1598
This one looks like a factory with a smoke stack on the left side.,20,describer,1,FALSE,NA,1599
"It's a rectangle as a face, and then a rectangular, a thin rectangle pointing upwards on the left side, and a triangle connected at the top of that, making a sort of flag.",20,describer,2,FALSE,NA,1599
Is this kind of like a chair?,19,matcher,3,FALSE,NA,1599
Yeah.,20,describer,4,FALSE,NA,1599
"For this one, we have a rectangle on the left side facing up,",20,describer,1,FALSE,NA,1600
"and then an equilateral triangle at the bottom forming like a toe,",20,describer,2,FALSE,NA,1600
"a trapezoid directed to the right side from the toe to the top of the rectangle,",20,describer,3,FALSE,NA,1600
and then another triangle forming sort of like an arc at the top of that.,20,describer,4,FALSE,NA,1600
"point you to the right, and then a diamond at the top of all of it.",20,describer,5,FALSE,NA,1600
Can you describe the first part of that again?,19,matcher,6,FALSE,NA,1600
"It's a rectangle standing up, but its long way is vertical.",20,describer,7,FALSE,NA,1600
"A small triangle at the bottom of that to the right side, forming the toe that's pointing to the right.",20,describer,8,FALSE,NA,1600
And then a trapezoid on the right side of the rectangle above the initial triangle that I talked about.,20,describer,9,FALSE,NA,1600
"Wait, trapezoid?",19,matcher,10,FALSE,NA,1600
"Sorry, sorry, sorry.",19,matcher,11,TRUE,NA,1600
Trapezoid on the right side of... What is it?,19,matcher,12,FALSE,NA,1600
Alright.,19,matcher,13,TRUE,NA,1600
Repeat that.,19,matcher,14,TRUE,NA,1600
"Okay, sorry, I'm not- can you describe it more?",19,matcher,15,TRUE,NA,1600
It's perfectly flat on the left side.,20,describer,16,FALSE,NA,1600
"On the right side, it has, if you were to tilt your head, then you would see a decline, a straight line, a decline, and an incline, with a diamond at the top of everything.",20,describer,17,FALSE,NA,1600
The- so the highest shape is a diamond?,19,matcher,18,FALSE,NA,1600
Yep.,20,describer,19,TRUE,NA,1600
Okay.,20,describer,20,TRUE,NA,1600
And...,20,describer,21,TRUE,NA,1600
Okay.,19,matcher,22,TRUE,NA,1600
"Is it the one where... like, there's the rectangle and then, like, nothing really to the right of the rectangle?",19,matcher,23,FALSE,NA,1600
Oh.,19,matcher,24,TRUE,NA,1600
Is it kind of like a rectangle that on the bottom right has like a bite out of it?,19,matcher,25,FALSE,NA,1600
Yeah.,20,describer,26,TRUE,NA,1600
Okay.,20,describer,27,TRUE,NA,1600
This one looks like a whale jumping out of the water.,20,describer,1,FALSE,NA,1601
"There is a long rectangle going vertically, two triangles at the bottom, and then some stuff going on in the middle.",20,describer,2,FALSE,NA,1601
Whale jumping out of water.,20,describer,3,FALSE,NA,1601
"Um, is it... Is there, like, kind of like an equilateral triangle in the middle, and then, like, two more triangles, but, like,",19,matcher,4,FALSE,NA,1601
those two triangles are parallel?,19,matcher,5,FALSE,NA,1601
"Like, they're bases?",19,matcher,6,FALSE,NA,1601
Yeah.,20,describer,7,TRUE,NA,1601
"And, okay, just to confirm, at the bottom right, there's, like, a trapezoid kind of thing facing up?",19,matcher,8,FALSE,NA,1601
No.,20,describer,9,FALSE,NA,1601
"No, okay.",19,matcher,10,TRUE,NA,1601
Hmm.,19,matcher,11,TRUE,NA,1601
Oh.,19,matcher,12,TRUE,NA,1601
There's a triangle pointing directly to the left at the bottom.,20,describer,13,FALSE,NA,1601
"And then to the right of that triangle, there's another triangle pointing to the bottom left with a slight gap between them.",20,describer,14,FALSE,NA,1601
And then a trapezoid base sort of in the gap between those triangles.,20,describer,15,FALSE,NA,1601
It's a rectangle that's pointing upwards.,20,describer,16,FALSE,NA,1601
"Okay, so there's, like, two triangles that, like, the tip of them is touching, like, the tip of a trapezoid?",19,matcher,17,FALSE,NA,1601
Yep.,20,describer,18,TRUE,NA,1601
Oh.,19,matcher,19,TRUE,NA,1601
Damn.,19,matcher,20,TRUE,NA,1601
Alright.,19,matcher,21,TRUE,NA,1601
This one has three triangles.,20,describer,1,FALSE,NA,1602
It kind of looks like a ground hook.,20,describer,2,FALSE,NA,1602
There's three triangles at the top.,20,describer,3,FALSE,NA,1602
a slant to the bottom and then a parallelogram at the very bottom pointing to the right.,20,describer,4,FALSE,NA,1602
It has the bulk of its area at the top and then a sort of tail going down to the bottom right.,20,describer,5,FALSE,NA,1602
what's the highest shape the three triangles are all at the same height okay three triangles all at the same height oh okay are two of the triangles like facing like like opposite ways one okay,20,describer,6,FALSE,NA,1602
This one looks like a magnet or a pole.,20,describer,1,FALSE,NA,1603
There's a trapezoid base and then two parallelograms pointing inwards above that.,20,describer,2,FALSE,NA,1603
"Okay, so what's above the trapezoid base?",19,matcher,3,FALSE,NA,1603
"Two parallelograms, really small, pointing towards each other on either end of the traveling face.",20,describer,4,FALSE,NA,1603
It forms a sort of U.,20,describer,5,FALSE,NA,1603
Sort of what?,19,matcher,6,TRUE,NA,1603
U.,20,describer,7,FALSE,NA,1603
"Um, and what's the highest shape?",19,matcher,8,FALSE,NA,1603
"Two parallelograms at the same height, pointing towards each other.",20,describer,9,FALSE,NA,1603
"Oh, I see.",19,matcher,10,TRUE,NA,1603
Um...,19,matcher,11,TRUE,NA,1603
"Just something to remember, there's like a trapezoid with the shorter edge facing down, and like two rhombuses facing in towards each other.",20,describer,12,FALSE,NA,1603
Yep.,20,describer,13,TRUE,NA,1603
This one looks like a house or a barn with a silo next to it.,20,describer,1,FALSE,NA,1604
It's...,20,describer,2,TRUE,NA,1604
A long rectangle on the right side pointing upwards to the length.,20,describer,1,FALSE,NA,1605
We have a triangle on the bottom right pointing to the bottom right.,20,describer,2,FALSE,NA,1605
A rhombus on the bottom left pointing to the bottom left.,20,describer,3,FALSE,NA,1605
"A rumpus on the top left pointing left, and then a sort of L connecting the both.",20,describer,4,FALSE,NA,1605
"Um... Kinda looks like a horse, or a bibs, or... Um...",20,describer,5,FALSE,NA,1605
This is another baby riding a dog.,20,describer,1,FALSE,NA,1606
"On the far right side, you have a triangle pointing toward the top right at an angle that is connected to the rest of the frame.",20,describer,2,FALSE,NA,1606
"Only at one point, so nothing else is touching.",20,describer,3,FALSE,NA,1606
The highest shape is a square pointing,20,describer,4,FALSE,NA,1606
leftward a bit.,20,describer,5,FALSE,NA,1606
The lowest shape is a triangle pointing straight down.,20,describer,6,FALSE,NA,1606
And then two triangles on the left most seconds.,20,describer,7,FALSE,NA,1606
Okay.,20,describer,8,TRUE,NA,1606
Okay.,20,describer,9,TRUE,NA,1606
And what did you say the highest shape was?,19,matcher,10,FALSE,NA,1606
A square.,20,describer,11,FALSE,NA,1606
And what's the orientation of the square?,19,matcher,12,FALSE,NA,1606
"Uh, 180 degrees tilted left.",20,describer,13,FALSE,NA,1606
Hmm.,20,describer,14,TRUE,NA,1606
"But it's like, is it...",20,describer,15,TRUE,NA,1606
"But there's still space above it, like white space above it.",20,describer,16,FALSE,NA,1606
It's not at the top of its box?,19,matcher,17,FALSE,NA,1606
"There is white space above it, yeah.",20,describer,18,FALSE,NA,1606
It's right below the top square is a rumpus that is placed slightly below the next highest triangle.,20,describer,19,FALSE,NA,1606
"This is the one that he selected, the whale with the two triangles at the top of a trapezoid.",20,describer,1,FALSE,NA,1607
Two triangles at the top of the trapezoid.,20,describer,2,FALSE,NA,1607
What's the orientation of the triangles?,19,matcher,3,FALSE,NA,1607
The triangles are at the very top.,20,describer,4,FALSE,NA,1607
They look like they're sort of falling off of the left edge of the image.,20,describer,5,FALSE,NA,1607
The bottom-most shape is another rhombus with one of its faces parallel to the red.,20,describer,6,FALSE,NA,1607
There is a square in the middle that is the section of the diamond.,20,describer,7,FALSE,NA,1607
It leads to a bigger triangle right below that.,20,describer,8,FALSE,NA,1607
And are there like the two triangles at the top?,19,matcher,9,FALSE,NA,1607
Yep.,20,describer,10,TRUE,NA,1607
Okay.,20,describer,11,TRUE,NA,1607
"And the bottom, like, shape is like a, I don't know, like, tilted towards the right, like, in a diagonal way?",19,matcher,12,FALSE,NA,1607
Okay.,20,describer,13,TRUE,NA,1607
"Oh, good god.",20,describer,14,TRUE,NA,1607
Okay.,20,describer,15,TRUE,NA,1607
Um...,20,describer,16,TRUE,NA,1607
Triangle at the top left of the frame pointing up.,20,describer,1,FALSE,NA,1608
Triangle at the bottom left of the frame pointing left.,20,describer,2,FALSE,NA,1608
Triangle at the mid-right side of the frame pointing down.,20,describer,3,FALSE,NA,1608
And then a rhombus pointing up to the right at the very end on the right side.,20,describer,4,FALSE,NA,1608
Can you describe the triangles again?,19,matcher,5,FALSE,NA,1608
"Top left corner, there is a triangle pointing directly up.",20,describer,6,FALSE,NA,1608
"In the bottom left corner, there is a triangle pointing left.",20,describer,7,FALSE,NA,1608
In,20,describer,8,TRUE,NA,1608
"On the right side of the image, there is, it looks like a horse altogether.",20,describer,9,FALSE,NA,1608
"On the bottom left corner, we have a really big triangle pointing inwards towards what looks like a boat.",20,describer,1,FALSE,NA,1609
"And the triangle at the left side has one point facing directly left, one point facing directly to the bottom, and then the third point facing up towards the top right corner.",20,describer,2,FALSE,NA,1609
And then...,20,describer,3,TRUE,NA,1609
"Okay, is the... is it like a small triangle that's like in the bottom left that's not really a part of like the rest of the shape?",19,matcher,4,FALSE,NA,1609
No.,20,describer,5,TRUE,NA,1609
No.,20,describer,6,FALSE,NA,1609
Okay.,20,describer,7,TRUE,NA,1609
But the big triangle is in the same place and at the same angle.,20,describer,8,FALSE,NA,1609
Same place and angle is what?,19,matcher,9,FALSE,NA,1609
That's the one that you were looking at.,20,describer,10,FALSE,NA,1609
Okay.,20,describer,11,TRUE,NA,1609
Um...,20,describer,12,TRUE,NA,1609
"Not at the same place of angle as the little triangle, but the big triangle to the right of that.",20,describer,13,FALSE,NA,1609
"Oh, okay.",19,matcher,14,FALSE,NA,1609
"So, is there, like, a rectangle sort of thing that's, like, on, like, the left diagonal?",19,matcher,15,FALSE,NA,1609
Yep.,20,describer,16,TRUE,NA,1609
"We have two triangles on the left side, sort of standing alone.",20,describer,1,FALSE,NA,1610
"On the bottom right corner, we have a trapezoid that's parallel with the large base at the bottom.",20,describer,2,FALSE,NA,1610
The highest shape is a square that looks like it's falling off of the frame to the left.,20,describer,3,FALSE,NA,1610
"Wait, sorry, can you describe the square again?",19,matcher,4,TRUE,NA,1610
"It looks like it's falling off of a body from the left,",20,describer,5,FALSE,NA,1610
"or it's like 10 to 15 degree angle tilted leftward at the top of the frame, slightly above a triangle at a similar angle, bound by one more triangle.",20,describer,6,FALSE,NA,1610
"Towards the bottom-ish left, is there, like, a triangle that's, like, kind of detached?",19,matcher,7,FALSE,NA,1610
Yeah.,20,describer,8,TRUE,NA,1610
Diamond at the top.,20,describer,1,FALSE,NA,1611
And then a triangle right below that leading into a rectangle for a body.,20,describer,2,FALSE,NA,1611
And then you have a little swish at the bottom right corner pointing to the right side.,20,describer,3,FALSE,NA,1611
"Okay, what's the highest shape?",19,matcher,4,FALSE,NA,1611
A diamond.,20,describer,5,FALSE,NA,1611
Diamond?,19,matcher,6,FALSE,NA,1611
What was that?,20,describer,7,TRUE,NA,1611
What's up?,20,describer,8,TRUE,NA,1611
What's the highest shape?,19,matcher,9,FALSE,NA,1611
A diamond.,20,describer,10,FALSE,NA,1611
"Okay, okay, okay.",19,matcher,11,TRUE,NA,1611
One sec.,19,matcher,12,TRUE,NA,1611
Diamond.,19,matcher,13,FALSE,NA,1611
Okay.,19,matcher,14,TRUE,NA,1611
And it looks like a body?,19,matcher,15,FALSE,NA,1611
Yep.,20,describer,16,FALSE,NA,1611
"Okay, on two legs or one leg?",19,matcher,17,FALSE,NA,1611
Uh...,20,describer,18,TRUE,NA,1611
It kinda looks like a baby.,20,describer,19,FALSE,NA,1611
It doesn't have any legs.,20,describer,20,FALSE,NA,1611
Um... Oh...,20,describer,21,TRUE,NA,1611
"Like, maybe we're wrapped up in a blanket, with its head sticking out of the top, and a portion of the blanket hanging off to the right.",20,describer,22,FALSE,NA,1611
Hands sticking up.,20,describer,23,FALSE,NA,1611
Is there anything on the right side?,19,matcher,24,FALSE,NA,1611
A triangle.,20,describer,25,FALSE,NA,1611
At the bottom of the bridge.,20,describer,26,FALSE,NA,1611
A triangle in the bottom right?,19,matcher,27,FALSE,NA,1611
Yup.,20,describer,28,TRUE,NA,1611
"Is it, like, just the point facing the right?",19,matcher,29,FALSE,NA,1611
Repeat that.,19,matcher,30,TRUE,NA,1611
Pointing up?,19,matcher,31,FALSE,NA,1611
No.,20,describer,32,TRUE,NA,1611
"So, okay, the, like, the point of the triangle, is it facing the right side?",19,matcher,33,FALSE,NA,1611
Yeah.,20,describer,34,TRUE,NA,1611
Okay.,20,describer,35,TRUE,NA,1611
"At the top of the brim, there is a very small triangle pointing left, connected to a larger triangle pointing bottom left.",20,describer,1,FALSE,NA,1612
"In the mid portion, there's a diamond on the left side.",20,describer,2,FALSE,NA,1612
And then...,20,describer,3,TRUE,NA,1612
It looks like a big bunny is trying to read a book.,20,describer,4,FALSE,NA,1612
It looks like a bunny?,19,matcher,5,FALSE,NA,1612
Yeah.,20,describer,6,TRUE,NA,1612
"With a really big right triangle, like, sort of...",20,describer,7,FALSE,NA,1612
"Like, in the bottom left?",19,matcher,8,FALSE,NA,1612
"No, it's not that bunny.",20,describer,9,FALSE,NA,1612
"It looks like an anamorphic bunny standing up, trying to read a book that it's holding to its left side.",20,describer,10,FALSE,NA,1612
"Okay, a really small triangle on the top?",19,matcher,11,FALSE,NA,1612
Yeah.,20,describer,12,TRUE,NA,1612
"Uh, this one looks like somebody's dancing with their head wailing back to the right, their feet pointing to the left, one leg lifted up in the air.",20,describer,1,FALSE,NA,1613
"Uh... What- on what side is, like, the leg- oh, hold on.",20,describer,2,FALSE,NA,1613
Are the feet facing the left?,19,matcher,3,FALSE,NA,1613
Yeah.,20,describer,4,FALSE,NA,1613
Okay.,20,describer,5,TRUE,NA,1613
Oh.,20,describer,6,TRUE,NA,1613
This one looks kind of like a submarine with a diamond on the top of it.,20,describer,1,FALSE,NA,1614
The highest point.,20,describer,2,FALSE,NA,1614
This one looks like somebody's standing at an altar.,20,describer,1,FALSE,NA,1615
Diamonds at the top forming a head.,20,describer,2,FALSE,NA,1615
into a rectangular body with a triangle at the midsection pointing left and a triangular base okay so the base there's like it's like a triangular base it's not like flat on either side okay yep,20,describer,3,FALSE,NA,1615
And then a small triangle on the right side about midway up.,20,describer,4,FALSE,NA,1615
This one looks kind of like a cactus or a totem pole.,20,describer,1,FALSE,NA,1616
Or like a siren.,20,describer,2,FALSE,NA,1616
It has two triangles facing inward so that they're large and facing outward on either side.,20,describer,3,FALSE,NA,1616
"This one looks like another barn with a silo, but the silo has a big triangular roof on it.",20,describer,1,FALSE,NA,1617
Or a weird chimney that has a triangle on the left side.,20,describer,2,FALSE,NA,1617
Can you say that again?,19,matcher,3,FALSE,NA,1617
A house or a barn with a tower on the left side and a triangle pointing up at the top of the tower.,20,describer,4,FALSE,NA,1617
Okay.,20,describer,5,TRUE,NA,1617
"The diamond bottom left kind of looks like a, I don't know, like a gun that's drawn up.",20,describer,1,FALSE,NA,1618
There's a trapezoid at the top with the short side pointing down.,20,describer,2,FALSE,NA,1618
The handle on the left side,20,describer,3,FALSE,NA,1618
"Okay, you said diamond bottom left?",19,matcher,4,FALSE,NA,1618
Yep.,20,describer,5,TRUE,NA,1618
What's the highest shape?,19,matcher,6,FALSE,NA,1618
A trapezoid with the larger base pointing up.,20,describer,7,FALSE,NA,1618
It looks like it's pointing to the right.,20,describer,8,FALSE,NA,1618
How big is the diamond?,19,matcher,9,FALSE,NA,1618
It's small.,20,describer,10,FALSE,NA,1618
Uh...,20,describer,11,TRUE,NA,1618
I feel like the only one I've seen of that has a small triangle at the top.,19,matcher,12,FALSE,NA,1618
Uh... Go for it.,19,matcher,13,TRUE,NA,1618
Oh...,19,matcher,14,TRUE,NA,1618
"Wait, okay.",19,matcher,15,TRUE,NA,1618
Um... Is it like...,19,matcher,16,TRUE,NA,1618
"Like, the bottom side and the right side don't really have anything touching them, like, that much.",19,matcher,17,FALSE,NA,1618
Uh...,20,describer,18,TRUE,NA,1618
"It looks like an upside-down L. Okay, yeah.",20,describer,19,FALSE,NA,1618
Okay.,20,describer,20,TRUE,NA,1618
"Somebody slumps down with their back in the right corner, a foot pointing left in the left corner, and a diamond head.",20,describer,1,FALSE,NA,1619
You said diamond at the top?,19,matcher,2,FALSE,NA,1619
Yep.,20,describer,3,FALSE,NA,1619
And they're facing the left corner?,19,matcher,4,FALSE,NA,1619
Yep.,20,describer,5,FALSE,NA,1619
Are they sitting down?,19,matcher,6,FALSE,NA,1619
Yep.,20,describer,7,FALSE,NA,1619
"Uh, with somebody standing up reading a book, the book is pointing to the left.",20,describer,1,FALSE,NA,1620
So they were reading a book?,19,matcher,2,FALSE,NA,1620
Yep.,20,describer,3,FALSE,NA,1620
"Um, at the bottom, is it like on the right it's like smooth, but on the left it's like a point?",19,matcher,4,FALSE,NA,1620
Yep.,20,describer,5,FALSE,NA,1620
This one looks like a figure skater with their back leg pointing to the right side.,20,describer,1,FALSE,NA,1621
Both arms with the left side diamond head in the left corner.,20,describer,2,FALSE,NA,1621
"Uh, somebody kneeling down to pray.",20,describer,1,FALSE,NA,1622
We've got a diamond at the top.,20,describer,2,FALSE,NA,1622
"A... At the bottom, we have a smooth side of the rectangle on the left side with a...",20,describer,3,FALSE,NA,1622
"Um, triangle pointing right.",20,describer,4,FALSE,NA,1622
"Uh... Is it... Do they have, like, a rectangular neck?",19,matcher,5,FALSE,NA,1622
"Um, diamond head.",20,describer,6,FALSE,NA,1622
"Like, diamond head, but what is the... Is there a neck, or is it just, like, a point?",19,matcher,7,FALSE,NA,1622
"Um, it's just a point.",20,describer,8,FALSE,NA,1622
Okay.,19,matcher,9,TRUE,NA,1622
Um... You said they're praying?,19,matcher,10,FALSE,NA,1622
"It kinda looks like the reading of book one, but reverse, and with a divot in the left side.",20,describer,11,FALSE,NA,1622
I did not get any of that.,19,matcher,12,TRUE,NA,1622
What's the highest shape?,19,matcher,13,FALSE,NA,1622
Diamond.,20,describer,14,FALSE,NA,1622
And what's the lowest shape?,19,matcher,15,FALSE,NA,1622
"A couple of triangles, a big one pointing left, and a small one pointing right,",20,describer,16,FALSE,NA,1622
"er, big one pointing flat at left corner, making a smooth edge, er, parallel edges on the left side and the bottom side,",20,describer,17,FALSE,NA,1622
and then a small triangle pointing to the right connected to that.,20,describer,18,FALSE,NA,1622
"The head is attached to another diamond, so it kind of looks like an infinity sign leading into the body.",20,describer,19,FALSE,NA,1622
I can't... Can you say that again?,19,matcher,20,TRUE,NA,1622
"The head is attached to another diamond, so it kind of looks like an infinity sign leading into the body.",20,describer,21,FALSE,NA,1622
A what sign?,19,matcher,22,TRUE,NA,1622
Infinity...,20,describer,23,FALSE,NA,1622
"Oh, infinity.",19,matcher,24,FALSE,NA,1622
Okay.,19,matcher,25,TRUE,NA,1622
Infinity pointing to the left.,20,describer,26,FALSE,NA,1622
oriented like an 8.,20,describer,27,FALSE,NA,1622
Is there like body facing an obvious way?,19,matcher,28,FALSE,NA,1622
To the right.,20,describer,29,FALSE,NA,1622
Okay.,20,describer,30,TRUE,NA,1622
"Diamond, but no neck.",20,describer,31,FALSE,NA,1622
Body facing right.,20,describer,32,FALSE,NA,1622
Infinity sign on the left.,20,describer,33,FALSE,NA,1622
I don't think I'm really like,19,matcher,34,FALSE,NA,1622
Getting the infinity sign part.,19,matcher,35,FALSE,NA,1622
Okay.,19,matcher,36,TRUE,NA,1622
Lose the infinity sign.,20,describer,37,FALSE,NA,1622
Um... What's going on in the middle of the left side?,19,matcher,38,FALSE,NA,1622
Uh... Ronmas was taken out.,20,describer,39,FALSE,NA,1622
"Um... Looks like somebody's reading a book, and a slight crouch.",20,describer,1,FALSE,NA,1623
Facing right.,20,describer,2,FALSE,NA,1623
Okay.,20,describer,3,TRUE,NA,1623
"Oh, they're facing the right?",19,matcher,4,FALSE,NA,1623
Yup.,20,describer,5,FALSE,NA,1623
"Okay, uh, highest shape?",19,matcher,6,FALSE,NA,1623
Repeat that.,20,describer,7,FALSE,NA,1623
What's the highest shape?,19,matcher,8,FALSE,NA,1623
Diamond.,20,describer,9,FALSE,NA,1623
"Okay, is there a neck, or is it just a point?",19,matcher,10,FALSE,NA,1623
"Um, there's kind of a neck.",20,describer,11,FALSE,NA,1623
"Is there a, um, right triangle in the bottom left?",19,matcher,12,FALSE,NA,1623
Yeah.,20,describer,13,FALSE,NA,1623
Okay.,20,describer,14,TRUE,NA,1623
Oh.,20,describer,15,TRUE,NA,1623
This one looks like an arrowhead pointing down or a flask.,20,describer,1,FALSE,NA,1624
It's got two diamonds and then a rectangular top or a square at the top.,20,describer,2,FALSE,NA,1624
Where are the two diamonds?,19,matcher,3,FALSE,NA,1624
Sitting on top of each other.,20,describer,4,FALSE,NA,1624
So it looks like an eight with a square at the top.,20,describer,5,FALSE,NA,1624
"Um, person with a diamond head at the top, no neck.",20,describer,1,FALSE,NA,1625
"Um, the left side is very flat.",20,describer,2,FALSE,NA,1625
"The bottom most shape is a triangle pointing down, uh, on the right side.",20,describer,3,FALSE,NA,1625
Looks like a leg is cleared out to the right.,20,describer,4,FALSE,NA,1625
The triangle pointing down at the right side?,19,matcher,5,FALSE,NA,1625
Yep.,20,describer,6,FALSE,NA,1625
Is...,20,describer,7,FALSE,NA,1625
"Does it look like they have a foot that's, like, facing the wrong way?",19,matcher,8,FALSE,NA,1625
Yeah.,20,describer,9,FALSE,NA,1625
This one looks like a bunny slumped down in a corner-facing jerk with his butt to the left.,20,describer,1,FALSE,NA,1626
bunny looking down is the bunny's head like like is it like looking to the right bottom yep,20,describer,2,FALSE,NA,1626
This one looks like it wants to be a duck on the water.,20,describer,1,FALSE,NA,1627
There's a tiny triangle in the bottom left corner connected to a bigger triangle.,20,describer,2,FALSE,NA,1627
"The tiny triangle in the bottom left has its right angle pointing to the top left corner, while the big triangle has its right angle pointing to the top right corner.",20,describer,3,FALSE,NA,1627
"And then at the top, there's another triangle on the right side",20,describer,4,FALSE,NA,1627
with its right angle pointing to the top right.,20,describer,5,FALSE,NA,1627
Is the triangle the tallest shape?,19,matcher,6,FALSE,NA,1627
Or the highest shape?,19,matcher,7,FALSE,NA,1627
"The third one, yeah.",20,describer,8,FALSE,NA,1627
Barely?,20,describer,9,FALSE,NA,1627
"Yes, it's the highest shape.",20,describer,10,FALSE,NA,1627
And you said there is a small triangle in the bottom left?,19,matcher,11,FALSE,NA,1627
Yep.,20,describer,12,FALSE,NA,1627
Kind of like a swan?,19,matcher,13,FALSE,NA,1627
Yep.,20,describer,14,FALSE,NA,1627
"This person is standing with their legs spread apart, one foot pointing to the left.",20,describer,1,FALSE,NA,1628
"diamond head, no neck, um, really thin waist.",20,describer,2,FALSE,NA,1628
"Do they have, like, a thin torso?",19,matcher,3,FALSE,NA,1628
Yeah.,20,describer,4,FALSE,NA,1628
"Um, diamond at the top, connected by a point to...",20,describer,5,FALSE,NA,1628
a large triangle.,20,describer,6,FALSE,NA,1628
"No, it's not that funny.",20,describer,1,FALSE,NA,1629
"On the left, we have a triangle pointing down about midway through.",20,describer,2,FALSE,NA,1629
"And then on the bottom left, we have a very small triangle pointing to the left.",20,describer,3,FALSE,NA,1629
The bottom has a triangle cut out of it.,20,describer,4,FALSE,NA,1629
"At the bottom left, there's a small triangle with the point facing to the left.",20,describer,5,FALSE,NA,1629
Yep.,19,matcher,6,FALSE,NA,1629
"Is it, like, in the bottom left corner, or...?",20,describer,7,FALSE,NA,1629
Yep.,20,describer,8,TRUE,NA,1629
Okay.,19,matcher,9,FALSE,NA,1629
"What's going on on, like, the right side of the square?",20,describer,10,FALSE,NA,1629
Nothing.,20,describer,11,TRUE,NA,1629
Interesting.,19,matcher,12,FALSE,NA,1629
"Okay, and then can you, like, describe it, like, from bottom up?",20,describer,13,FALSE,NA,1629
"We have... in the bottom left, a small triangle pointing left, to the bottom left, and then a triangular cutout acting as a space between a small triangle and a very large triangle that forms the body.",20,describer,14,FALSE,NA,1629
"The very large triangle points to the right side,",20,describer,15,FALSE,NA,1629
about halfway up the frame.,20,describer,16,FALSE,NA,1629
"On the left middle portion, there is another triangle pointing directly down, and at the top, there is a diamond.",20,describer,17,FALSE,NA,1629
"So, in the bottom left, there is a triangle.",19,describer,1,FALSE,NA,1630
It's the equilateral triangle.,19,describer,2,FALSE,NA,1630
"The point of it is, like, in the point of the square.",19,describer,3,FALSE,NA,1630
"So, like, the... Like, I guess I go...",20,matcher,4,TRUE,NA,1630
"Okay, yeah, so the point of the triangle is, like, in the point of the square.",19,describer,5,FALSE,NA,1630
"Um, I guess it's actually a right triangle.",19,describer,6,FALSE,NA,1630
"uh, because one side is parallel to the top of the square, the other side is parallel to, like, the sides of the square.",19,describer,7,FALSE,NA,1630
Um... And then...,19,describer,8,TRUE,NA,1630
"In addition, there is a, like, rectangular shape that is, like, along the left diagonal...",19,describer,9,FALSE,NA,1630
Um...,19,describer,10,TRUE,NA,1630
"Okay, this is, like, a small square on top of, like, the figure-eight thing.",19,describer,1,FALSE,NA,1631
"Uh, like, arrowheads.",19,describer,2,FALSE,NA,1631
"Okay, this looks like a thin, tall rectangle in the middle.",19,describer,1,FALSE,NA,1632
"Um... Technically not a rectangle, because at the top, it's like... Yeah.",19,describer,2,FALSE,NA,1632
"Okay, this is the one that kinda just looks like a hot mess.",19,describer,1,FALSE,NA,1633
"There's like four triangles, a square, a rhombus.",19,describer,2,FALSE,NA,1633
"To me, this looks like an angel looking towards the bottom left.",19,describer,1,FALSE,NA,1634
Um... Square head.,19,describer,2,FALSE,NA,1634
Rhombus arms.,19,describer,3,FALSE,NA,1634
Rhombus body.,19,describer,4,FALSE,NA,1634
"Okay, someone is sitting down with their back facing the right, so like, yup.",19,describer,1,FALSE,NA,1635
"Alrighty, this looks like a small square in the bottom left.",19,describer,1,FALSE,NA,1636
But the main portion of it kind of looks like a swan.,19,describer,2,FALSE,NA,1636
Um...,19,describer,3,TRUE,NA,1636
The small square that's in the bottom left is touching at a point like the base of a triangle.,19,describer,4,FALSE,NA,1636
A right triangle.,19,describer,5,FALSE,NA,1636
Um...,19,describer,6,TRUE,NA,1636
"And then that triangle is attached to, well, I guess, another triangle.",19,describer,7,FALSE,NA,1636
That's a right triangle.,19,describer,8,FALSE,NA,1636
"In, like, the middle.",19,describer,9,FALSE,NA,1636
And then there's...,19,describer,10,TRUE,NA,1636
"Uh, like a rhombus, sort of.",19,describer,11,FALSE,NA,1636
"And, like, and then, like, a rectangle.",19,describer,12,FALSE,NA,1636
In the upper right.,19,describer,13,FALSE,NA,1636
And then a right triangle in the upper-ish right.,19,describer,14,FALSE,NA,1636
Um...,19,describer,15,TRUE,NA,1636
"If you're asking questions, I can't hear you, just so you know.",19,describer,16,TRUE,NA,1636
"Okay, okay, that's fine.",19,describer,17,TRUE,NA,1636
How can I describe this?,19,describer,18,TRUE,NA,1636
"This is, like, the only one that...",19,describer,1,FALSE,NA,1637
has a like distinct very small triangle that is touching but not really part of the bigger picture all right,19,describer,2,FALSE,NA,1637
"Um, from top down, there is a diamond, and then a short, thin neck, and then a triangle that is facing, like, up towards the middle-ish.",19,describer,3,FALSE,NA,1637
A decent-sized one.,19,describer,4,FALSE,NA,1637
To the left of that triangle is a small triangle.,19,describer,5,FALSE,NA,1637
"Okay, this is like a body, um, sort of like a one-eared rabbit, I guess.",19,describer,1,FALSE,NA,1638
"It's, yeah.",19,describer,2,FALSE,NA,1638
Um...,19,describer,3,FALSE,NA,1638
This looks animalistic facing the left.,19,describer,1,FALSE,NA,1639
Sort of like a pony with a tail.,19,describer,2,FALSE,NA,1639
Is it standing still or prancing?,20,matcher,3,FALSE,NA,1639
Say that again?,19,describer,4,TRUE,NA,1639
Is it standing still or is it prancing?,20,matcher,5,FALSE,NA,1639
Describe the bottom.,20,matcher,6,FALSE,NA,1639
"Yeah, I- okay, the legs are not on the same level.",19,describer,7,FALSE,NA,1639
"Okay, this kind of looks like, uh, a right triangle that has a head and bunny ears.",19,describer,1,FALSE,NA,1640
"Um, facing the right.",19,describer,2,FALSE,NA,1640
Okay.,19,describer,3,TRUE,NA,1640
This looks like a human who is dancing.,19,describer,1,FALSE,NA,1641
"Uh, with one leg on the floor and the other leg not clearly visible.",19,describer,2,FALSE,NA,1641
"They are wearing, like, a skirt.",19,describer,3,FALSE,NA,1641
"Um, and they have, like, their arms facing the right.",19,describer,4,FALSE,NA,1641
"This kind of looks like someone is kneeling down, but, um, like, not just, like, bending down, like, their entire, like, all of their shins are actually on the floor, yeah.",19,describer,1,FALSE,NA,1642
"Alrighty, um, this person has very distinct feet.",19,describer,1,FALSE,NA,1643
They're both facing the left.,19,describer,2,FALSE,NA,1643
"One of them is in the air, one of them is flat on the floor.",19,describer,3,FALSE,NA,1643
"Um, like upside down L, pretty much.",19,describer,1,FALSE,NA,1644
okay this is kind of like uh previous one like the kneeling down but their shins are like not on the floor,19,describer,1,FALSE,NA,1645
um this is like the house with the chimney,19,describer,1,FALSE,NA,1646
"Like, barn door.",19,describer,2,FALSE,NA,1646
Okay.,19,describer,3,TRUE,NA,1646
"This one is, like, animalistic, but just barely.",19,describer,1,FALSE,NA,1647
"Um, like, it looks like it has, like, four legs on the ground, sort of.",19,describer,2,FALSE,NA,1647
"Uh, facing the left.",19,describer,3,FALSE,NA,1647
This looks like a person with their arms in the air.,20,describer,1,FALSE,NA,1648
"Uh, diamond head.",20,describer,2,FALSE,NA,1648
Slanted backwards.,20,describer,3,FALSE,NA,1648
What?,19,matcher,4,TRUE,NA,1648
I did not mean to press that button.,19,matcher,5,TRUE,NA,1648
This one looks like the pony prancing of the art level.,20,describer,1,FALSE,NA,1649
One is higher than the other.,20,describer,2,FALSE,NA,1649
Pony prancing?,19,matcher,3,FALSE,NA,1649
"I don't, oh, I think my remote was upside down.",19,matcher,4,TRUE,NA,1649
Apologies.,19,matcher,5,TRUE,NA,1649
"Um, diamond heads, um, square-like body with a triangle cut out at the bottom, triangular tail pointing down on the mid-last.",20,describer,1,FALSE,NA,1650
"The bottom left, you got a triangle pointing to the left corner.",20,describer,2,FALSE,NA,1650
"Okay, can you describe the cut out shape again?",19,matcher,3,TRUE,NA,1650
It's a triangle pointing to the right on the bottom side.,20,describer,4,FALSE,NA,1650
"Okay, and what's at the top?",19,matcher,5,FALSE,NA,1650
"We still have a diamond at the top, a big triangle pointing right below that, a small triangle pointing down on the left side, not connected to the main body.",20,describer,6,FALSE,NA,1650
We have a house with a chimney with the arrow on top.,20,describer,1,FALSE,NA,1651
This person is sitting down against a wall slumped over from the basic left.,20,describer,1,FALSE,NA,1652
A foot in the left corner pointing slightly up.,20,describer,2,FALSE,NA,1652
This is the person kneeling over with their shins not fully on the ground.,20,describer,1,FALSE,NA,1653
"Um, this is a person running about to kick a ball, but you can't see their back leg.",20,describer,1,FALSE,NA,1654
"Um, grabbing the top, a arrow pointing down at the bottom right corner.",20,describer,2,FALSE,NA,1654
"Um, looks like they have a flag around their waist.",20,describer,3,FALSE,NA,1654
"Um, I think he was driving, yeah, as a dancing person with a skirt.",20,describer,4,FALSE,NA,1654
"This one looks like a cone, like a landline cone hanging off of a triangle on the left side.",20,describer,1,FALSE,NA,1655
Landline phone.,20,describer,2,FALSE,NA,1655
Or a C hanging off of a triangular bounce on the left side.,20,describer,3,FALSE,NA,1655
"Is the triangle, like, only touching one point?",19,matcher,4,FALSE,NA,1655
"The triangle is... Oh, oh, okay.",20,describer,5,FALSE,NA,1655
I think I might see it.,19,matcher,6,FALSE,NA,1655
"Is there, like, a diagonal, like, left direction?",19,matcher,7,FALSE,NA,1655
Okay.,20,describer,8,TRUE,NA,1655
"Triangle, left diagonal.",20,describer,9,FALSE,NA,1655
"And is there, like, a large cutout thing in the... Bottom left and top right.",20,describer,10,FALSE,NA,1655
"Large triangle in the left corner, bottom left corner.",20,describer,11,FALSE,NA,1655
Pointing to the top right corner with the left diagonal.,20,describer,12,FALSE,NA,1655
upside down L,20,describer,1,FALSE,NA,1656
The hot mess with four triangles around us in an item.,20,describer,1,FALSE,NA,1657
A person looking up.,20,describer,1,FALSE,NA,1658
"With both feet pointing left, one foot is raised.",20,describer,2,FALSE,NA,1658
they're looking up yeah their head is like on the right side looks like they're looking up or looking at something that they're holding is there a right triangle in the bottom left corner uh no okay,20,describer,3,FALSE,NA,1658
The bottom has two triangular people pointing left.,20,describer,4,FALSE,NA,1658
"Um, one foot is raised.",20,describer,5,FALSE,NA,1658
Is there like a square in the top right?,19,matcher,6,FALSE,NA,1658
Yeah.,20,describer,7,TRUE,NA,1658
Why are you sitting down?,20,describer,1,FALSE,NA,1659
"Two ears, his head is pointing downwards.",20,describer,2,FALSE,NA,1659
It's a big right triangle in the bottom left corner pointing left.,20,describer,3,FALSE,NA,1659
"This is the one-eared bunny looking downwards, reading a book or looking at something in their head.",20,describer,1,FALSE,NA,1660
This is the cactus or totem or radio tower.,20,describer,1,FALSE,NA,1661
This is the egg with the square on top.,20,describer,1,FALSE,NA,1662
The figure eight?,20,describer,2,FALSE,NA,1662
"Yup, with the square on top.",20,describer,3,FALSE,NA,1662
"Um, animalistic but not quite.",20,describer,1,FALSE,NA,1663
Both feet on the same level.,20,describer,2,FALSE,NA,1663
"Um, facing left.",20,describer,3,FALSE,NA,1663
"Um, swan with two triangles pointing down.",20,describer,1,FALSE,NA,1664
Looks like it's on top of the water.,20,describer,2,FALSE,NA,1664
"Um, facing right.",20,describer,3,FALSE,NA,1664
Is it like the beak is facing down?,19,matcher,4,FALSE,NA,1664
Yeah.,19,matcher,5,FALSE,NA,1664
"Both shins on the ground, kneeling, reading a book.",19,matcher,1,FALSE,NA,1665
Diamond head.,19,matcher,2,FALSE,NA,1665
"Alrighty, person sitting down facing the left with a square head, feet off.",19,describer,1,FALSE,NA,1666
The animalistic one.,19,describer,1,FALSE,NA,1667
"Alrighty, uh, facing the left, two feet, but one of them is off the floor.",19,describer,1,FALSE,NA,1668
It's a hot mess.,19,describer,1,FALSE,NA,1669
okay um the like diamond thin neck big triangle facing the right so up from at the top is like a diamond yeah,19,describer,1,FALSE,NA,1670
"Um, like, the shins not quite on the floor.",19,describer,1,FALSE,NA,1671
What?,20,matcher,2,TRUE,NA,1671
"Like, they, like, kneeling, but, like, the shins aren't, like, all the way down.",19,describer,3,FALSE,NA,1671
Gotcha.,20,matcher,4,TRUE,NA,1671
the like farmhouse,19,describer,1,FALSE,NA,1672
the one ear bunny reading a book,19,describer,1,FALSE,NA,1673
Upside down L,19,describer,1,FALSE,NA,1674
"Um, kneeling all the way, like, chin down.",19,describer,1,FALSE,NA,1675
"Uh, like, the galloping horse.",19,describer,1,FALSE,NA,1676
Cactus.,19,describer,1,FALSE,NA,1677
Two-eared bunny facing the right.,19,describer,1,FALSE,NA,1678
Square on top of figure eight.,19,describer,1,FALSE,NA,1679
The angel facing bottom left.,19,describer,1,FALSE,NA,1680
Square head.,19,describer,2,FALSE,NA,1680
Rhombus arms.,19,describer,3,FALSE,NA,1680
okay the swan that's like touching the little triangle,19,describer,1,FALSE,NA,1681
um like missing the back leg square head,19,describer,1,FALSE,NA,1682
"Okay, Landline Telephone.",19,describer,1,FALSE,NA,1683
"Person slumped over on the ground, looking to the bottom left.",20,describer,1,FALSE,NA,1684
Figure 8 with a square on top.,20,describer,1,FALSE,NA,1685
Swan with a bottom left triangle.,20,describer,1,FALSE,NA,1686
Cactus.,20,describer,1,FALSE,NA,1687
"Oh, cactus.",19,matcher,2,FALSE,NA,1687
Sorry.,19,matcher,3,FALSE,NA,1687
"Um, animalistic meat on ground.",20,describer,1,FALSE,NA,1688
Angel with wings looking up.,20,describer,1,FALSE,NA,1689
It's looking up?,20,describer,2,FALSE,NA,1689
Or right.,20,describer,3,FALSE,NA,1689
The square head.,20,describer,4,FALSE,NA,1689
The one that you just grabbed as an angle.,20,describer,5,FALSE,NA,1689
Okay.,20,describer,6,FALSE,NA,1689
Upside down L,20,describer,1,FALSE,NA,1690
"Two feet, one off the ground.",20,describer,1,FALSE,NA,1691
Looking left.,20,describer,2,FALSE,NA,1691
One leg off the ground?,19,matcher,3,FALSE,NA,1691
Yep.,20,describer,4,FALSE,NA,1691
Kneeling all the way.,20,describer,1,FALSE,NA,1692
Landline.,20,describer,1,FALSE,NA,1693
"Uh, diamond with the right triangle.",20,describer,1,FALSE,NA,1694
Hot mess.,20,describer,1,FALSE,NA,1695
"Um, one-legged dancer.",20,describer,1,FALSE,NA,1696
"House with a silo, corner, top.",20,describer,1,FALSE,NA,1697
Bunny slumped over.,20,describer,1,FALSE,NA,1698
Two ears.,20,describer,2,FALSE,NA,1698
"One ear, Bunny.",20,describer,1,FALSE,NA,1699
Galloping pony.,20,describer,1,FALSE,NA,1700
On the ground.,20,describer,1,FALSE,NA,1701
Machines all crouched over.,20,describer,2,FALSE,NA,1701
A galloping pony.,19,describer,1,FALSE,NA,1702
Square on top of figure eight.,19,describer,1,FALSE,NA,1703
Two-eared bunny.,19,describer,1,FALSE,NA,1704
Partially kneeling.,19,describer,1,FALSE,NA,1705
"Um, slumped over facing left.",19,describer,1,FALSE,NA,1706
Angel.,19,describer,1,FALSE,NA,1707
Dancer with one leg missing,19,describer,1,FALSE,NA,1708
Landline,19,describer,1,FALSE,NA,1709
Hot mess.,19,describer,1,FALSE,NA,1710
barn house,19,describer,1,FALSE,NA,1711
diamond on top of big triangle,19,describer,1,FALSE,NA,1712
Facing and kicking to the left.,19,describer,1,FALSE,NA,1714
Repeat that.,20,matcher,2,TRUE,NA,1714
"Like, what do you say?",20,matcher,3,TRUE,NA,1714
Repeat it.,20,matcher,4,TRUE,NA,1714
"Yeah, like two feet, kicking to the left.",19,describer,5,FALSE,NA,1714
Fully kneeling.,19,describer,1,FALSE,NA,1715
Upside down owl.,19,describer,1,FALSE,NA,1716
Swan.,19,describer,1,FALSE,NA,1717
One Ear Bunny,19,describer,1,FALSE,NA,1718
Animalistic,19,describer,1,FALSE,NA,1719
One-eared bunny.,20,describer,1,FALSE,NA,1720
One-eared bunny?,19,matcher,2,FALSE,NA,1720
Yep.,20,describer,3,TRUE,NA,1720
Whole kneel,20,describer,1,FALSE,NA,1721
One more time.,19,matcher,2,TRUE,NA,1721
Both shins on ground.,20,describer,3,FALSE,NA,1721
Galloping horse.,20,describer,1,FALSE,NA,1722
Upside down L,20,describer,1,FALSE,NA,1723
hot mess.,20,describer,1,FALSE,NA,1724
Angels.,20,describer,1,FALSE,NA,1725
Landlines.,20,describer,1,FALSE,NA,1726
partial kneel,20,describer,1,FALSE,NA,1727
Cactus.,20,describer,1,FALSE,NA,1728
Swan,20,describer,1,FALSE,NA,1729
One-legged dancer,20,describer,1,FALSE,NA,1730
Diamond and triangle.,20,describer,1,FALSE,NA,1731
Eight with a square.,20,describer,1,FALSE,NA,1732
Barnhouse.,20,describer,1,FALSE,NA,1733
Two Legged Dancer.,20,describer,1,FALSE,NA,1734
Two-eared buddy.,20,describer,1,FALSE,NA,1735
Animalistic.,20,describer,1,FALSE,NA,1736
Sitting on the floor.,20,describer,1,FALSE,NA,1737
One ear bunny.,19,describer,1,FALSE,NA,1738
Landline.,19,describer,1,FALSE,NA,1739
uh okay facing the right two feet its feet are triangles long thin body that's a whale,19,describer,1,FALSE,NA,1740
ugh it's like fallen angel um like legs on floor but torso's up,19,describer,1,FALSE,NA,1741
Hip-hop vibes pedestrian.,19,describer,1,FALSE,NA,1742
Sitting down llama.,19,describer,1,FALSE,NA,1743
Or chair.,19,describer,2,FALSE,NA,1743
Rhombus on the bottom left.,19,describer,1,FALSE,NA,1744
A little triangle in the bottom right-ish.,19,describer,2,FALSE,NA,1744
The closest thing to the top left corner is a square.,19,describer,3,FALSE,NA,1744
The closest thing to the top right corner is a triangle.,19,describer,4,FALSE,NA,1744
Partially kneeling.,19,describer,1,FALSE,NA,1745
Repeat that.,20,matcher,2,TRUE,NA,1745
"Uh, like, half kneeling.",19,describer,3,FALSE,NA,1745
Gotcha.,20,matcher,4,TRUE,NA,1745
Uh...,20,matcher,5,TRUE,NA,1745
"Okay, sort of like someone at a podium.",19,describer,1,FALSE,NA,1746
"Um... Like, the podium part's on the left, the person part's on the right.",19,describer,2,FALSE,NA,1746
Diamond head.,19,describer,3,FALSE,NA,1746
Just a point.,19,describer,4,FALSE,NA,1746
"Oh, I heard podium, not podium.",20,matcher,5,FALSE,NA,1746
My bad.,20,matcher,6,TRUE,NA,1746
No worries.,20,matcher,7,TRUE,NA,1746
Barnhouse.,19,describer,1,FALSE,NA,1747
"Uh, UFO with a diamond on top.",19,describer,1,FALSE,NA,1748
Um...,19,describer,2,TRUE,NA,1748
"Fat person, diamond head, facing the right.",19,describer,1,FALSE,NA,1749
Uh...,19,describer,2,TRUE,NA,1749
The cu- yeah.,19,describer,3,TRUE,NA,1749
Two-eared bunny.,19,describer,1,FALSE,NA,1750
Dancer with one leg.,19,describer,1,FALSE,NA,1751
Animalistic.,19,describer,1,FALSE,NA,1752
Barnhouse with big chimney.,19,describer,1,FALSE,NA,1753
Galloping pony.,19,describer,1,FALSE,NA,1754
Angel.,19,describer,1,FALSE,NA,1755
"Like, a horse facing left with no front legs.",19,describer,1,FALSE,NA,1756
What?,20,matcher,2,TRUE,NA,1756
Kind of like a horse facing the left that doesn't have front legs.,19,describer,3,FALSE,NA,1756
Oh.,20,matcher,4,TRUE,NA,1756
"Oh, yeah.",20,matcher,5,TRUE,NA,1756
Uh...,20,matcher,6,TRUE,NA,1756
Okay.,20,matcher,7,FALSE,NA,1756
"The most unique part of this is, like, a rectangular-ish shape that is, like, not on the right diagonal, but, like, 30 degrees on the right diagonal, if that makes sense.",19,describer,1,FALSE,NA,1757
"There's a triangle facing the bottom right, and a triangle that's facing the left that's slightly angled down.",19,describer,2,FALSE,NA,1757
"Um, a square.",19,describer,3,FALSE,NA,1757
Completely kneeling.,19,describer,1,FALSE,NA,1758
"Okay, like, sitting and facing the right square head, there is a neck.",19,describer,1,FALSE,NA,1759
Um... Cactus?,19,describer,1,FALSE,NA,1760
square on top of figure eight.,19,describer,1,FALSE,NA,1761
"Okay, it's like a hot mess on the left, but very clean on the right.",19,describer,1,FALSE,NA,1762
A trapezoid with the longer part facing the left.,19,describer,2,FALSE,NA,1762
Upside down L.,19,describer,1,FALSE,NA,1763
uh ice skater,19,describer,1,FALSE,NA,1764
swan,19,describer,1,FALSE,NA,1765
Um...,19,describer,2,TRUE,NA,1765
The foot facing the wrong way.,19,describer,1,FALSE,NA,1766
Square...,19,describer,2,TRUE,NA,1766
"Sorry, diamond on top of big... Yeah.",19,describer,1,FALSE,NA,1767
Hot mess.,19,describer,1,FALSE,NA,1768
Um... Like a ghost?,20,matcher,2,FALSE,NA,1768
"The three triangles at the top, two of them facing away, one facing up.",20,matcher,1,FALSE,NA,1769
trapezoid upside down with two rhombuses,20,matcher,1,FALSE,NA,1770
um kind of looks like the pope facing the left um arm is out square head and neck,20,matcher,1,FALSE,NA,1771
"On the right, there's no triangle part, but on the left there is a little triangle part.",20,matcher,2,FALSE,NA,1771
Sitting down facing left.,20,matcher,1,FALSE,NA,1772
Two-leg dancer.,20,matcher,1,FALSE,NA,1773
"Okay, so what I see is a square slightly rotated at the top, probably about 45 degrees.",22,describer,1,FALSE,NA,1774
and three parallelograms so like one really big one right under the square and then two parallelograms kind of like reflected,22,describer,2,FALSE,NA,1774
they kind of look like arms so it's like if you imagine a person waving up so it's like two parallelograms as their arms and,22,describer,3,FALSE,NA,1774
then you've got a big one kind of like a body and then the head is like a slightly rotated um square and the head is like,22,describer,4,FALSE,NA,1774
It's not directly at the center of the big parallelogram.,22,describer,5,FALSE,NA,1774
So it's kind of leaning or it's kind of closer to the left.,22,describer,6,FALSE,NA,1774
"So think of it like two arms going up and then like the body, but then the head is closer to like the left.",22,describer,7,FALSE,NA,1774
I don't know if that made sense.,21,matcher,8,TRUE,NA,1774
Okay.,22,describer,9,TRUE,NA,1774
"Wait, wait, wait, wait.",21,matcher,10,TRUE,NA,1774
We're like trying to narrow down.,21,matcher,11,TRUE,NA,1774
Let's see.,21,matcher,12,TRUE,NA,1774
"Okay, so you said the head is to the left?",21,matcher,13,FALSE,NA,1774
"Yeah, so it's like slightly rotated and it's like it'll be closer to your left.",22,describer,14,FALSE,NA,1774
"So there's like two parallelograms that are like arms, I guess, and the head will be closer to the left parallelogram.",22,describer,15,FALSE,NA,1774
Okay.,21,matcher,16,TRUE,NA,1774
Does it look like its arms are kind of raised up?,22,describer,17,FALSE,NA,1774
A little louder.,22,describer,18,TRUE,NA,1774
I can hear you.,22,describer,19,TRUE,NA,1774
"Oh, sorry.",21,matcher,20,TRUE,NA,1774
Does it look like the arms are raised up?,21,matcher,21,FALSE,NA,1774
"Yeah, it's like",22,describer,22,TRUE,NA,1774
Think of it like they're yelling hooray or something and they have both their arms up.,22,describer,23,FALSE,NA,1774
Okay.,21,matcher,24,TRUE,NA,1774
Yeah.,21,matcher,25,TRUE,NA,1774
Yeah!,21,matcher,26,TRUE,NA,1774
Yeah!,21,matcher,27,TRUE,NA,1774
"Okay, so the top is like a triangle with the long side of the triangle facing right.",22,describer,1,FALSE,NA,1775
"and the, like, pointy end of it at the left, and it's...",22,describer,2,FALSE,NA,1775
"So it's, like, it's vertical.",22,describer,3,FALSE,NA,1775
Okay.,21,matcher,4,TRUE,NA,1775
"And then right under that is, like, a bigger triangle, but this one isn't vertical.",22,describer,5,FALSE,NA,1775
"The hypotenuse is, like... How do I describe this?",22,describer,6,FALSE,NA,1775
"It's, like, diagonal.",22,describer,7,FALSE,NA,1775
"So it's, like, a small triangle, and then a bigger triangle that kind of looks like the body, then there's...",22,describer,8,FALSE,NA,1775
A rectangle right under it.,22,describer,9,FALSE,NA,1775
"Everything is kind of vertical, I'd say.",22,describer,10,FALSE,NA,1775
And then all the way at the bottom is like a trapezoid.,22,describer,11,FALSE,NA,1775
Does it look like a person reading a book?,21,matcher,12,FALSE,NA,1775
Low key.,22,describer,13,TRUE,NA,1775
"Yes, yes, yes.",22,describer,14,TRUE,NA,1775
"Low key, yeah.",22,describer,15,TRUE,NA,1775
Okay.,22,describer,16,TRUE,NA,1775
"Yeah, book.",22,describer,17,FALSE,NA,1775
"Okay, so this is fully symmetric.",22,describer,1,FALSE,NA,1776
It's a trapezoid with the longer side on the top and the shorter side at the bottom.,22,describer,2,FALSE,NA,1776
And then there's like two parallelograms on top of it.,22,describer,3,FALSE,NA,1776
Does it look like a crab?,21,matcher,4,FALSE,NA,1776
"Yes, a crab.",22,describer,5,FALSE,NA,1776
I am not doing this right.,22,describer,6,TRUE,NA,1776
"Okay, this is like a guy...",22,describer,1,FALSE,NA,1777
"He's like walking, like casually walking.",22,describer,2,FALSE,NA,1777
"So it's like, his feet are like two triangles.",22,describer,3,FALSE,NA,1777
"Wait, does it look like his arm is pointed to the left?",21,matcher,4,FALSE,NA,1777
Oh gosh.,21,matcher,5,TRUE,NA,1777
Oh no.,21,matcher,6,TRUE,NA,1777
It accidentally pressed it.,21,matcher,7,TRUE,NA,1777
I meant to press the different thing.,21,matcher,8,TRUE,NA,1777
I'm so sorry.,21,matcher,9,TRUE,NA,1777
You're good.,22,describer,10,TRUE,NA,1777
"Okay, this looks like a dog.",22,describer,1,FALSE,NA,1778
"Wait, wait, don't click yet.",22,describer,2,TRUE,NA,1778
Um.,22,describer,3,TRUE,NA,1778
The dog and its feet are lined up.,22,describer,4,FALSE,NA,1778
So one of the feet could be a trapezoid and the other one a parallelogram?,21,matcher,5,FALSE,NA,1778
"Yes, yes, yes.",22,describer,6,TRUE,NA,1778
I'm so scared of pressing the wrong button.,21,matcher,7,TRUE,NA,1778
"No, no, you got it.",22,describer,8,TRUE,NA,1778
There we go.,22,describer,9,TRUE,NA,1778
Yes.,22,describer,10,TRUE,NA,1778
"Oh, sorry.",22,describer,11,TRUE,NA,1778
Okay.,22,describer,12,TRUE,NA,1778
"Um, all right.",22,describer,13,TRUE,NA,1778
Sorry.,22,describer,14,TRUE,NA,1778
"The head is a square that is, like, at 45 degrees.",22,describer,1,FALSE,NA,1779
"So, like, um, how do we describe it?",22,describer,2,TRUE,NA,1779
"The bottom is, like, a triangle.",22,describer,3,FALSE,NA,1779
"It's, like, two triangles with a rectangle at the center.",22,describer,4,FALSE,NA,1779
Upside down Christmas tree.,21,matcher,5,FALSE,NA,1779
"Uh, I can't hear you.",22,describer,6,TRUE,NA,1779
Upside down Christmas tree.,21,matcher,7,FALSE,NA,1779
"I don't think it looks, maybe.",22,describer,8,TRUE,NA,1779
"Wait, no, it doesn't really look like a Christmas tree.",22,describer,9,FALSE,NA,1779
"Okay, so it's not that one.",21,matcher,10,FALSE,NA,1779
"So the head is like a diagonal square, I guess.",22,describer,11,FALSE,NA,1779
And then I think there's a diagonal square right under it.,22,describer,12,FALSE,NA,1779
Triangle on the right.,22,describer,13,FALSE,NA,1779
Rectangle under the second diagonal square.,22,describer,14,FALSE,NA,1779
And then the bottom part of it is like pretty...,22,describer,15,FALSE,NA,1779
Relatively wide.,22,describer,16,FALSE,NA,1779
So it's like maybe someone is like kneeling down is the best way to put it.,22,describer,17,FALSE,NA,1779
I don't know.,21,matcher,18,TRUE,NA,1779
Okay.,21,matcher,19,TRUE,NA,1779
Take a guess.,22,describer,20,TRUE,NA,1779
"So the person who's kneeling, would you say that their feet are in the air or that their feet are firmly planted beneath their skirt?",21,matcher,21,FALSE,NA,1779
Their feet are kind of in the air.,22,describer,22,FALSE,NA,1779
Okay.,22,describer,23,TRUE,NA,1779
Yeah!,22,describer,24,TRUE,NA,1779
Sorry.,22,describer,25,TRUE,NA,1779
"Okay, it's another person-like thing, but it's like definitely running, but it only has one foot.",22,describer,1,FALSE,NA,1780
"Oh, that's hilarious.",21,matcher,2,TRUE,NA,1780
And it's like a skirt.,22,describer,3,FALSE,NA,1780
Let's see.,22,describer,4,TRUE,NA,1780
It looks like they're running.,22,describer,5,FALSE,NA,1780
Like very fast.,22,describer,6,FALSE,NA,1780
But there's one foot.,22,describer,7,FALSE,NA,1780
And it's like the foot that's forward.,22,describer,8,FALSE,NA,1780
We are killing this.,21,matcher,9,TRUE,NA,1780
Yeah.,21,matcher,10,TRUE,NA,1780
"Oh, geez.",21,matcher,11,TRUE,NA,1780
Okay.,21,matcher,12,TRUE,NA,1780
It's like a person.,22,describer,1,FALSE,NA,1781
So there's like the square head.,22,describer,2,FALSE,NA,1781
Okay.,22,describer,3,TRUE,NA,1781
But then the bottom is like a rectangle with like a very...,22,describer,4,FALSE,NA,1781
thin trapezoid under it so like maybe it's like a guy at he's like giving a speech,22,describer,5,FALSE,NA,1781
so he's like at one he's at like that uh what's it called like he's standing in front of a behind a pillar or something and he's like giving a speech out to a bunch of people,22,describer,6,FALSE,NA,1781
so that's kind of what it looks like,22,describer,7,FALSE,NA,1781
okay his body is literally just a rectangle but like a thin one right,21,matcher,8,FALSE,NA,1781
yeah but then like the bottom is like a fat rectangle so it kind of looks like a pedestal,22,describer,9,FALSE,NA,1781
i don't know and the bottom is just a thin trapezoid,22,describer,10,FALSE,NA,1781
so i've narrowed it down to two okay um,21,matcher,11,FALSE,NA,1781
does it could you make the argument that it looks like a toilet or a garage wait,21,matcher,12,FALSE,NA,1781
yeah yeah sure the toilet or the graduate,21,matcher,13,FALSE,NA,1781
Toilet or what?,22,describer,14,FALSE,NA,1781
Toilet or graduate?,21,matcher,15,FALSE,NA,1781
"Uh, I think toilet.",22,describer,16,FALSE,NA,1781
Okay.,22,describer,17,TRUE,NA,1781
Yeah!,22,describer,18,TRUE,NA,1781
"Oh, it's, it's like a dude on a, on a, on a plane, but it's like, it's like a paper plane, um,",22,describer,1,FALSE,NA,1782
"There's like a little, what's it called?",22,describer,2,FALSE,NA,1782
You know the thing on the back of the plane that like makes it aerodynamic and stuff?,22,describer,3,FALSE,NA,1782
The tails?,21,matcher,4,FALSE,NA,1782
"Yeah, yeah.",22,describer,5,TRUE,NA,1782
There's like a triangle.,22,describer,6,FALSE,NA,1782
It's like a triangle tail.,22,describer,7,FALSE,NA,1782
But it looks like it's not sticking on to the rest of it.,22,describer,8,FALSE,NA,1782
It's probably like very close.,22,describer,9,FALSE,NA,1782
"The body of the plane is like, it's a trapezoid.",22,describer,10,FALSE,NA,1782
And it looks like there's a guy kind of kneeling his head down,22,describer,11,FALSE,NA,1782
on the plane and then yeah,22,describer,12,FALSE,NA,1782
easy what in the world we got this,21,matcher,13,TRUE,NA,1782
okay this is definitely a house i think that should be all you need it's literally a house with like a chimney looking thing yeah,22,describer,1,FALSE,NA,1783
What the?,22,describer,1,TRUE,NA,1784
"Uh, this is weird.",22,describer,2,FALSE,NA,1784
"Um, the top is like two triangles.",22,describer,3,FALSE,NA,1784
Okay.,22,describer,4,TRUE,NA,1784
"Uh, yeah, and then the body is like another triangle with a rectangle under it.",22,describer,5,FALSE,NA,1784
There's a parallelogram under the- yeah.,22,describer,6,FALSE,NA,1784
Um...,22,describer,7,TRUE,NA,1784
okay there's a head that is like the rotated square but this one doesn't really look like a person,22,describer,1,FALSE,NA,1785
okay because it's it's really wide the bottom,22,describer,2,FALSE,NA,1785
is like a trapezoid and the top is also like a trapezoid of the body and the middle is like a massive square yeah,22,describer,3,FALSE,NA,1785
This one's really simple.,22,describer,1,FALSE,NA,1786
So it's like a person again.,22,describer,2,FALSE,NA,1786
So there's the head tilted.,22,describer,3,FALSE,NA,1786
"Right under that, there's a triangle.",22,describer,4,FALSE,NA,1786
"Under that, there's a rectangle.",22,describer,5,FALSE,NA,1786
"And the bottom is like, it looks like two trapezoids like flip so that the longer ends line up.",22,describer,6,FALSE,NA,1786
And then all the way at the bottom is like the shorter side of the trapezoid.,22,describer,7,FALSE,NA,1786
It looks pretty simple.,22,describer,8,FALSE,NA,1786
"Maybe it's like someone's sitting, but like sitting facing you.",22,describer,9,FALSE,NA,1786
Oh golly.,22,describer,10,TRUE,NA,1786
The body is literally just a rectangle.,22,describer,11,FALSE,NA,1786
And there's nothing really like protruding right or left.,22,describer,12,FALSE,NA,1786
Not much.,22,describer,13,TRUE,NA,1786
Is it giving like ghosty graduate energy?,21,matcher,14,FALSE,NA,1786
Kind of?,22,describer,15,FALSE,NA,1786
um it's it's really simple like you could probably classify as like four shits so like square on top trapezoid rectangle and then trapezoid trapezoid,22,describer,16,FALSE,NA,1786
trapezoid rectangle trapezoid trapezoid okay so that's definitely not it,21,matcher,17,FALSE,NA,1786
repeat that,21,matcher,18,FALSE,NA,1786
okay so you said square head,21,matcher,19,FALSE,NA,1786
yeah square head then it's like uh uh it's like a very it's a trapezoid it's not a triangle but like the top part of the trapezoid is pretty thin so it low-key looks like a triangle,22,describer,20,FALSE,NA,1786
oh my gosh okay we're so looking at the wrong one,21,matcher,21,FALSE,NA,1786
"And under that, it's just like a big rectangle.",22,describer,22,FALSE,NA,1786
"Think of someone facing you and sitting on like a seat, but without the seat.",22,describer,23,FALSE,NA,1786
And this guy doesn't have any legs.,22,describer,24,FALSE,NA,1786
"Wait, but it's like, is it a trapezoid at the top or a square?",21,matcher,25,FALSE,NA,1786
"It's a square, but right under the square.",22,describer,26,FALSE,NA,1786
"It's like a very, it's a trapezoid right under the square.",22,describer,27,FALSE,NA,1786
This should not be this hard.,22,describer,28,FALSE,NA,1786
Wait.,22,describer,29,TRUE,NA,1786
"Wait, but the trapezoid under the square, it's like, the top part of it is, it's like small.",22,describer,30,FALSE,NA,1786
It's very small.,22,describer,31,FALSE,NA,1786
"So it's almost like a triangle, but I don't think it's a triangle.",22,describer,32,FALSE,NA,1786
"Okay, we're doing process of elimination at this point.",21,matcher,33,TRUE,NA,1786
Okay.,21,matcher,34,TRUE,NA,1786
"Okay, okay.",21,matcher,35,TRUE,NA,1786
"So, you said square, trapezoid,",21,matcher,36,FALSE,NA,1786
Yeah.,21,matcher,37,TRUE,NA,1786
What's the next thing?,21,matcher,38,FALSE,NA,1786
"It's a big, big square slash rectangle.",22,describer,39,FALSE,NA,1786
"And then it's way, it's a parallelogram under that.",22,describer,40,FALSE,NA,1786
It's not a trapezoid.,22,describer,41,FALSE,NA,1786
Square trapezoid rectangle parallelogram flipped trapezoid.,22,describer,42,FALSE,NA,1786
And it looks simple.,22,describer,43,FALSE,NA,1786
like compared to the other ones.,22,describer,44,FALSE,NA,1786
"See, because the only simple, oh my gosh, okay, wait.",21,matcher,45,FALSE,NA,1786
"So there's one that looks like it's a square, triangle, triangle, and then a weird parallelogram.",21,matcher,46,FALSE,NA,1786
But that's too much.,21,matcher,47,FALSE,NA,1786
Going from top to bottom.,21,matcher,48,FALSE,NA,1786
"But then if I look at the simplest one here, it reminds me of a giraffe.",21,matcher,49,FALSE,NA,1786
But that's not what you're describing at all.,21,matcher,50,FALSE,NA,1786
I don't think it's a giraffe.,22,describer,51,FALSE,NA,1786
Okay.,22,describer,52,TRUE,NA,1786
"So then the next simplest one that I see, it's like, it looks kind of like a submarine with a square on top of it.",21,matcher,53,FALSE,NA,1786
Is the square on top rotated?,22,describer,54,FALSE,NA,1786
Yes.,21,matcher,55,FALSE,NA,1786
"Okay, no, no, no.",22,describer,56,FALSE,NA,1786
"It's not that one, no.",22,describer,57,FALSE,NA,1786
Okay.,22,describer,58,FALSE,NA,1786
"So then the next simple one that I see, it's almost like they have their hands up in the air, but they're laying on their back.",21,matcher,59,FALSE,NA,1786
"It looks like, okay, you know those murder outlines?",22,describer,60,FALSE,NA,1786
"It looks like that, but like for a ghost.",22,describer,61,FALSE,NA,1786
I don't think it's that one.,22,describer,62,TRUE,NA,1786
Okay.,22,describer,63,TRUE,NA,1786
They're definitely laying down.,22,describer,64,FALSE,NA,1786
"Process of elimination, we got this.",21,matcher,65,TRUE,NA,1786
"Okay, so the next simple one I see, no, that's not it, because you said it has a square at the top.",21,matcher,66,FALSE,NA,1786
Which one is this?,22,describer,67,TRUE,NA,1786
"Okay, the bottom, like the bottom of the picture, the lowest shape is a trapezoid.",21,matcher,68,FALSE,NA,1786
And you said it looks like they're sitting?,21,matcher,69,FALSE,NA,1786
"Well, okay, think of it like it's a trapezoid.",21,matcher,70,FALSE,NA,1786
And the longer side of the trapezoid is like a parallelogram.,21,matcher,71,FALSE,NA,1786
There's one on top of it.,21,matcher,72,FALSE,NA,1786
Like a parallelogram right on top of it.,21,matcher,73,FALSE,NA,1786
We are guessing.,21,matcher,74,TRUE,NA,1786
"Oh, you've got to be kidding me.",21,matcher,75,TRUE,NA,1786
It was the one I thought of.,21,matcher,76,TRUE,NA,1786
That's devastating.,21,matcher,77,TRUE,NA,1786
Sorry.,21,matcher,78,TRUE,NA,1786
"It was ghosty, dude.",21,matcher,79,TRUE,NA,1786
Okay.,21,matcher,80,TRUE,NA,1786
This is a big parallelogram up top.,22,describer,1,FALSE,NA,1787
"Then at the bottom left of the parallelogram, there's a little rectangle going down.",22,describer,2,FALSE,NA,1787
Security camera?,21,matcher,3,FALSE,NA,1787
What?,22,describer,4,TRUE,NA,1787
Does it look like a security camera?,21,matcher,5,FALSE,NA,1787
Yeah.,21,matcher,6,FALSE,NA,1787
Nice.,21,matcher,7,TRUE,NA,1787
Nice.,21,matcher,8,TRUE,NA,1787
Tank.,22,describer,1,FALSE,NA,1788
Oh.,22,describer,2,TRUE,NA,1788
Tank one.,22,describer,3,FALSE,NA,1788
yay okay this is like a swan it's it's like a swan and then the bottom left is like a triangle that is like kind of separated from the rest of it yeah,22,describer,1,FALSE,NA,1789
"This is like a person kneeling down, maybe to like give a prayer or something.",22,describer,1,FALSE,NA,1790
And their feet are not sticking out.,22,describer,2,FALSE,NA,1790
We talked about this one.,21,matcher,3,FALSE,NA,1790
"Okay, we love the recall.",22,describer,4,TRUE,NA,1790
This is the house with a big chimney.,22,describer,1,FALSE,NA,1791
Massive chimneys.,22,describer,2,FALSE,NA,1791
"Okay, the bottom is a big rectangle.",22,describer,1,FALSE,NA,1792
Then there's a narrow rectangle on the left side of this big rectangle on top.,22,describer,2,FALSE,NA,1792
"And then the absolute top is like a, yeah.",22,describer,3,FALSE,NA,1792
"It's like, it's a weird, weird rabbit.",22,describer,1,FALSE,NA,1793
with like two triangle ears up top.,22,describer,2,FALSE,NA,1793
"It's, yeah, it's like two.",22,describer,3,FALSE,NA,1793
Okay.,21,matcher,4,TRUE,NA,1793
"Oh, we need it.",21,matcher,5,TRUE,NA,1793
It's a guy like sitting down.,22,describer,1,FALSE,NA,1794
He looks a little sad.,22,describer,2,FALSE,NA,1794
"He's like, he's sitting facing the left.",22,describer,3,FALSE,NA,1794
So his like legs are out.,22,describer,4,FALSE,NA,1794
What the?,22,describer,5,TRUE,NA,1794
"Okay, it's weird.",22,describer,6,TRUE,NA,1794
It's a triangle on the left.,22,describer,1,FALSE,NA,1795
"Maybe you can think of it like a seesaw, but it's like a tilted seesaw.",22,describer,2,FALSE,NA,1795
Okay.,22,describer,3,TRUE,NA,1795
Basically just take a seesaw and put it like 45 degree angle.,22,describer,4,FALSE,NA,1795
"And on the seesaw, yeah.",22,describer,5,FALSE,NA,1795
"Okay, this might be like a squirrel or something.",22,describer,1,FALSE,NA,1796
It's some kind of animal.,22,describer,2,FALSE,NA,1796
The head is a triangle.,22,describer,3,FALSE,NA,1796
There's like a tail on it.,22,describer,4,FALSE,NA,1796
There's definitely a tail.,22,describer,5,FALSE,NA,1796
The feet are both triangles.,22,describer,6,FALSE,NA,1796
That's a squirrel?,21,matcher,7,FALSE,NA,1796
"Okay, my bad.",21,matcher,8,TRUE,NA,1796
"Um, okay.",21,matcher,9,TRUE,NA,1796
This is a dude.,22,describer,1,FALSE,NA,1797
He looks like he's holding an upside-down triangle.,22,describer,2,FALSE,NA,1797
"He has, like... Oh, shoot.",21,matcher,3,TRUE,NA,1797
Now I didn't mean to press it!,21,matcher,4,TRUE,NA,1797
"Um, it's a guy.",22,describer,1,FALSE,NA,1798
"He has, like, his arms out.",22,describer,2,FALSE,NA,1798
"His arms aren't up, but they're kind of to the right and to the left.",22,describer,3,FALSE,NA,1798
Okay.,21,matcher,4,TRUE,NA,1798
Yeah.,21,matcher,5,TRUE,NA,1798
"His feet are behind it, but they're poking out of the left side.",22,describer,6,FALSE,NA,1798
It kind of looks like there's a missing area in his body because it's like a triangle.,22,describer,7,FALSE,NA,1798
One of his arms is like a triangle.,22,describer,8,FALSE,NA,1798
So there's like a little white space in it.,22,describer,9,FALSE,NA,1798
Okay.,22,describer,10,TRUE,NA,1798
Does it look like the person who's doing yoga?,21,matcher,11,FALSE,NA,1798
"A little bit, yeah.",22,describer,12,FALSE,NA,1798
What?,22,describer,13,TRUE,NA,1798
No.,21,matcher,14,TRUE,NA,1798
No.,21,matcher,15,TRUE,NA,1798
I'm sorry.,21,matcher,16,TRUE,NA,1798
You're good.,21,matcher,17,TRUE,NA,1798
Okay.,21,matcher,18,TRUE,NA,1798
This is...,21,matcher,19,TRUE,NA,1798
"It's a guy, but it could be...",22,describer,1,FALSE,NA,1799
it could be something else,22,describer,2,FALSE,NA,1799
um it looks like so his head is a trapezoid and it looks like it might be like a monster like tramp trampling around,22,describer,3,FALSE,NA,1799
and it looks like he's holding like a fat a flag,22,describer,4,FALSE,NA,1799
oh okay the flag is like he's like carrying it over his shoulder,22,describer,5,FALSE,NA,1799
he's definitely like trampling around making a mess,22,describer,6,FALSE,NA,1799
yeah his feet are both trapezoids,22,describer,7,FALSE,NA,1799
"Okay, so this person, do they have a wide stance?",21,matcher,8,FALSE,NA,1799
Wide stance?,22,describer,9,FALSE,NA,1799
They're walking to the left.,22,describer,10,FALSE,NA,1799
Walking to the left.,22,describer,11,FALSE,NA,1799
"And one of their feet is like up, like it looks like it's about to come, it's coming down.",22,describer,12,FALSE,NA,1799
"Okay, and so you said square, and then immediately below that, is it a parallelogram?",21,matcher,13,FALSE,NA,1799
"Uh, where do you see the square?",22,describer,14,FALSE,NA,1799
"Um, like, it's the shape that's at the top, like, the highest one.",21,matcher,15,FALSE,NA,1799
The top right?,22,describer,16,FALSE,NA,1799
"No, just, it's the highest one.",21,matcher,17,FALSE,NA,1799
"Uh... Yeah... And then immediately attached to it, it's like...",21,matcher,18,FALSE,NA,1799
"It's like, it's a square?",22,describer,19,FALSE,NA,1799
"But then to the left of the square, there's also a trapezoid, and they're kind of on level.",22,describer,20,FALSE,NA,1799
Okay.,21,matcher,21,TRUE,NA,1799
"They're both, like, not straight, though.",22,describer,22,FALSE,NA,1799
"They're both, like, slightly tilted.",22,describer,23,FALSE,NA,1799
Does it look like... Is the head facing the right?,21,matcher,24,FALSE,NA,1799
"Uh, the head is facing the left.",22,describer,25,FALSE,NA,1799
"It honestly, like, doesn't look like a guy.",22,describer,26,FALSE,NA,1799
"It looks more like, uh, some kind of creature.",22,describer,27,FALSE,NA,1799
"Oh, gosh.",21,matcher,28,TRUE,NA,1799
"With, like, a pointy beak.",22,describer,29,FALSE,NA,1799
Nice.,22,describer,30,TRUE,NA,1799
Nice.,22,describer,31,TRUE,NA,1799
"Like, think, yeah, yes.",22,describer,32,TRUE,NA,1799
"Um, think of a guy, but he has a tail.",22,describer,1,FALSE,NA,1800
"And the tail, at the end of the tail, it's like a triangle.",22,describer,2,FALSE,NA,1800
"Oh, his body is two massive triangles.",22,describer,3,FALSE,NA,1800
Does it look like he's doing yoga?,21,matcher,4,FALSE,NA,1800
"Uh, you could consider that, yeah.",22,describer,5,FALSE,NA,1800
There we go.,22,describer,6,TRUE,NA,1800
OK.,22,describer,7,TRUE,NA,1800
This guy is at graduation.,22,describer,1,FALSE,NA,1801
He's got his arms out in front of him.,22,describer,2,FALSE,NA,1801
"His feet are just a trapezoid, a thin trapezoid.",22,describer,3,FALSE,NA,1801
Yeah.,21,matcher,4,TRUE,NA,1801
"Okay, this is a guy running to the left.",22,describer,1,FALSE,NA,1802
There shouldn't be any other ones that look like that.,22,describer,2,FALSE,NA,1802
This is like a symmetric upside down Christmas tree.,22,describer,1,FALSE,NA,1803
I've been waiting for this one.,21,matcher,2,TRUE,NA,1803
Okay.,21,matcher,3,TRUE,NA,1803
"This is, it doesn't really look like a person.",22,describer,1,FALSE,NA,1804
"The top is a square, but it's not like on anything.",22,describer,2,FALSE,NA,1804
The two farthest right,22,describer,3,FALSE,NA,1804
shapes are both triangles.,22,describer,4,FALSE,NA,1804
But one is at the bottom one is like near the top.,22,describer,5,FALSE,NA,1804
The bottom left is a flat like parallelogram.,22,describer,6,FALSE,NA,1804
"And then the main like, I guess body is more rectangular.",22,describer,7,FALSE,NA,1804
But I guess it could be a parallelogram.,22,describer,8,FALSE,NA,1804
Okay.,22,describer,9,TRUE,NA,1804
So you said the first shape is a square?,21,matcher,10,FALSE,NA,1804
The top.,22,describer,11,FALSE,NA,1804
"It's like the top middle is a square, but it's not super connected to anything.",22,describer,12,FALSE,NA,1804
So it's kind of like hanging out on its own.,22,describer,13,FALSE,NA,1804
Oh my gosh.,22,describer,14,TRUE,NA,1804
And then the bottom is like a relatively big parallelogram.,22,describer,15,FALSE,NA,1804
And then the far...,22,describer,16,TRUE,NA,1804
I think this will help.,22,describer,17,TRUE,NA,1804
The far to right objects are both like separated triangles.,22,describer,18,FALSE,NA,1804
Square that's not connected to anything.,22,describer,19,FALSE,NA,1804
What's that?,22,describer,20,TRUE,NA,1804
You said it's a square that's not connected to anything?,22,describer,21,FALSE,NA,1804
It's touching...,22,describer,22,FALSE,NA,1804
a parallelogram but like barely I think look for two triangles that are like barely connected to the rest of the figure,22,describer,23,FALSE,NA,1804
and they're both to the far right one is near the bottom one is near the top,22,describer,24,FALSE,NA,1804
okay on the right side,22,describer,25,FALSE,NA,1804
Oh my gosh.,21,matcher,26,TRUE,NA,1804
Nina.,21,matcher,27,TRUE,NA,1804
"Oh no, that was close.",21,matcher,28,TRUE,NA,1804
That was a hot.,21,matcher,29,TRUE,NA,1804
That's on me.,21,matcher,30,TRUE,NA,1804
"Okay, this one kind of looks like a flower or diamond or something.",22,describer,1,FALSE,NA,1805
More like a flower.,22,describer,2,FALSE,NA,1805
So it's like a few triangles and then like a bigger triangle in the center.,22,describer,3,FALSE,NA,1805
"And then the bottom is like, yeah.",22,describer,4,TRUE,NA,1805
uh this is a guy facing to the right so his arms if you consider them arms they're like out,22,describer,1,FALSE,NA,1806
and then one of his legs is like contorted a little bit backwards so it looks like he's doing like a little break dance move or something,22,describer,2,FALSE,NA,1806
um this one looks like it's some kind of aircraft up in the air,22,describer,1,FALSE,NA,1807
it's like a guy in this guy sitting down there's a lot of triangles,22,describer,2,FALSE,NA,1807
um i think it's the only one that looks like any kind of like aircraft,22,describer,3,FALSE,NA,1807
okay could you say that the bottom portion kind of looks like a fox or like some sort of animal,21,matcher,4,FALSE,NA,1807
um like sort of so the bottom is like a parallelogram and a triangle oh yeah that does look like a cactus this looks like a cactus,22,describer,1,FALSE,NA,1808
Sort of.,22,describer,2,FALSE,NA,1808
It's very narrow and tall.,22,describer,3,FALSE,NA,1808
Say less.,21,matcher,4,TRUE,NA,1808
"As soon as you said cactus, I knew.",21,matcher,5,TRUE,NA,1808
Oh.,21,matcher,6,TRUE,NA,1808
Think of like maybe it's like it's an animal that is like very,22,describer,1,FALSE,NA,1809
it's very long in like the diagonal direction,22,describer,2,FALSE,NA,1809
so its feet are like at the bottom right but its head is at like the top left,22,describer,3,FALSE,NA,1809
okay yeah um,22,describer,4,FALSE,NA,1809
maybe a camel,22,describer,5,FALSE,NA,1809
i don't know i don't know how to describe this one but,22,describer,6,FALSE,NA,1809
yeah okay,21,matcher,7,FALSE,NA,1809
head top left feet bottom right,22,describer,8,FALSE,NA,1809
okay is the head a trapezoid or a triangle,21,matcher,9,FALSE,NA,1809
triangle,22,describer,10,FALSE,NA,1809
Okay.,22,describer,11,TRUE,NA,1809
"And it doesn't have any arms, right?",21,matcher,12,FALSE,NA,1809
No arms.,22,describer,13,FALSE,NA,1809
"Okay, so this is the one that looks like a person at graduation, not the one that looks like a toilet.",21,describer,1,FALSE,NA,1810
Yeah.,22,matcher,2,TRUE,NA,1810
Okay.,22,matcher,3,TRUE,NA,1810
Head is the square that's rotated.,21,describer,4,FALSE,NA,1810
"It looks as though the person is standing behind a podium, so that portion that's pointing to the left-hand side.",21,describer,5,FALSE,NA,1810
So is it like his hands are out to the left?,22,matcher,6,FALSE,NA,1810
Yeah.,21,describer,7,TRUE,NA,1810
Okay.,21,describer,8,TRUE,NA,1810
"And the little trap, yeah, there we go.",21,describer,9,TRUE,NA,1810
"Okay, so this is the person that is walking to the right.",21,describer,1,FALSE,NA,1811
It's kind of giving Minecraft zombie thing.,21,describer,2,FALSE,NA,1811
Both arms are pointing right.,21,describer,3,FALSE,NA,1811
You can even make an argument that it has a little backpack.,21,describer,4,FALSE,NA,1811
"The bottom feet are triangles, but like small ones.",21,describer,5,FALSE,NA,1811
Got it.,22,matcher,6,TRUE,NA,1811
Yeah.,22,matcher,7,TRUE,NA,1811
Yeah.,22,matcher,8,TRUE,NA,1811
"Okay, so this is our breakdancing person.",21,describer,1,FALSE,NA,1812
"Again, with that one right leg that's like stretched out versus the left one that's bent inwards.",21,describer,2,FALSE,NA,1812
"So the left foot is like a trapezoid connected to, I guess you could call it a parallelogram.",21,describer,3,FALSE,NA,1812
I don't know what shape that is.,21,describer,4,FALSE,NA,1812
"But then on the right side, you have that longer parallelogram.",21,describer,5,FALSE,NA,1812
Is it like the breakdancing one?,22,matcher,6,FALSE,NA,1812
Yeah.,21,describer,7,TRUE,NA,1812
Okay.,22,matcher,8,TRUE,NA,1812
"Okay, so this is our one with the really, really wide face.",21,describer,1,FALSE,NA,1813
"Again, with the head, you have a thin trapezoid on the bottom.",21,describer,2,FALSE,NA,1813
"Both points are facing the right-hand side versus the left-hand side is just the straight edge of that really, like, wide shape.",21,describer,3,FALSE,NA,1813
"Wait, so the head is flat?",22,matcher,4,FALSE,NA,1813
It's like the same square head as all of them.,21,describer,5,FALSE,NA,1813
It's just this is the one with the widest body.,21,describer,6,FALSE,NA,1813
Okay.,22,matcher,7,TRUE,NA,1813
There we go.,22,matcher,8,TRUE,NA,1813
"Okay, so this is our ghost looking off in the distance graduate where you have the square attached to...",21,describer,1,FALSE,NA,1814
I don't even know how to break that shape up.,21,describer,2,FALSE,NA,1814
"Oh, a pentagon.",21,describer,3,FALSE,NA,1814
And then another weird polygon that's kind of drifting off to the right.,21,describer,4,FALSE,NA,1814
There are no outside edges that you could use for arms for this.,21,describer,5,FALSE,NA,1814
There's no arms?,22,matcher,6,FALSE,NA,1814
No arms.,21,describer,7,FALSE,NA,1814
And is it like a person or no?,22,matcher,8,FALSE,NA,1814
I can make an argument that it's a person.,21,describer,9,FALSE,NA,1814
I think it looks like a graduate sitting down facing something.,21,describer,10,FALSE,NA,1814
"But like, if that makes any sense.",21,describer,11,FALSE,NA,1814
How else to describe this?,21,describer,12,FALSE,NA,1814
"Is the, does it have like a head or no?",22,matcher,13,FALSE,NA,1814
Yeah.,21,describer,14,FALSE,NA,1814
Like a squirt?,22,matcher,15,FALSE,NA,1814
Yes.,21,describer,16,TRUE,NA,1814
Yes.,21,describer,17,TRUE,NA,1814
Okay.,21,describer,18,TRUE,NA,1814
Yeah.,21,describer,19,TRUE,NA,1814
There we go.,21,describer,20,TRUE,NA,1814
This is the one that looks like a flower.,21,describer,1,FALSE,NA,1815
Okay.,22,matcher,2,TRUE,NA,1815
This is the one that I think looks like a person doing yoga.,21,describer,1,FALSE,NA,1816
"You have the head, the two triangle arms.",21,describer,2,FALSE,NA,1816
The one leg that's also a triangle that's kicked backwards?,22,matcher,3,FALSE,NA,1816
"Yeah, got it.",21,describer,4,TRUE,NA,1816
"Uh, this is the house.",21,describer,1,FALSE,NA,1817
Okay.,22,matcher,2,TRUE,NA,1817
This is the one with the rectangle base and then the rectangle on the left hand side that's really thin.,21,describer,1,FALSE,NA,1818
Yeah.,22,matcher,2,TRUE,NA,1818
"Okay, so I think this looks like a crab,",21,describer,1,FALSE,NA,1819
"but it's ultimately just three shapes, two parallelograms, one on the left-hand side, one on the right-hand side,",21,describer,2,FALSE,NA,1819
"connected to a trapezoid where the shortest side,",21,describer,3,FALSE,NA,1819
"or like the short horizontal side is on the bottom, and the parallelograms are attached to the long part.",21,describer,4,FALSE,NA,1819
Okay.,22,matcher,5,TRUE,NA,1819
Okay.,22,matcher,6,TRUE,NA,1819
This is the camel without any arms.,21,describer,1,FALSE,NA,1820
OK. OK.,22,matcher,2,TRUE,NA,1820
So I'm going to start by describing this from the top down.,21,describer,1,FALSE,NA,1821
"It starts with a head, like the squares that we've been talking about, and immediately connected to it is a triangle where its hypotenuse isn't connected to anything.",21,describer,2,FALSE,NA,1821
It's that little right angle that's connected to the head.,21,describer,3,FALSE,NA,1821
"To the left hand side, there's a trapezoid connected also to the head.",21,describer,4,FALSE,NA,1821
"So you have the square and then connected at one point, which you could argue is the net.",21,describer,5,FALSE,NA,1821
"You have a trapezoid pointing to the left hand side and a triangle also connected at that same point, pointing to the right hand side.",21,describer,6,FALSE,NA,1821
I think it kind of looks like a person stretching their arms out while they're kneeled.,21,describer,7,FALSE,NA,1821
But that's getting ahead of myself.,22,matcher,8,FALSE,NA,1821
There it is.,22,matcher,9,TRUE,NA,1821
This is the toilet.,21,describer,1,FALSE,NA,1822
"Oh, the submarine.",21,describer,1,FALSE,NA,1823
"Wait, submarine?",22,matcher,2,FALSE,NA,1823
Is that the tank one?,22,matcher,3,FALSE,NA,1823
Yeah.,21,describer,4,TRUE,NA,1823
Okay.,22,matcher,5,TRUE,NA,1823
"Okay, this is the person walking to the left with one foot",21,describer,1,FALSE,NA,1824
stretched outwards to indicate that they're moving.,21,describer,2,FALSE,NA,1824
"They only have one arm, which is a trapezoid that's pointing to the left-hand side.",21,describer,3,FALSE,NA,1824
Yeah.,22,matcher,4,TRUE,NA,1824
I don't even know how to describe this.,21,describer,1,FALSE,NA,1825
"OK, we're starting from the top until I can figure out an image.",21,describer,2,FALSE,NA,1825
"Again, this is a square.",21,describer,3,FALSE,NA,1825
This is one of the ones that are more ambiguous in what it could be viewed as.,21,describer,4,FALSE,NA,1825
"So then it's connected to a weird shape that if you break it down, it's like a trapezoid connected to a right triangle.",21,describer,5,FALSE,NA,1825
I got it.,22,matcher,6,TRUE,NA,1825
"Oh, nice.",22,matcher,7,TRUE,NA,1825
"Okay, this is the person on an aircraft that kind of looks like a fox.",21,describer,1,FALSE,NA,1826
The bunny person who's reading a book.,21,describer,1,FALSE,NA,1827
Reading a book.,21,describer,2,FALSE,NA,1827
It just has two triangles for ears.,21,describer,3,FALSE,NA,1827
That's the most important part.,21,describer,4,FALSE,NA,1827
Okay.,21,describer,5,TRUE,NA,1827
"Okay, so this is the head with two triangles under it.",22,describer,1,FALSE,NA,1828
Yoga pose.,22,describer,2,FALSE,NA,1828
One leg out.,22,describer,3,FALSE,NA,1828
Breakdance.,22,describer,1,FALSE,NA,1829
Okay.,21,matcher,2,TRUE,NA,1829
Big parallelogram.,22,describer,1,FALSE,NA,1830
"Aw, crap.",21,matcher,2,TRUE,NA,1830
Just three shavings.,21,matcher,3,FALSE,NA,1830
Aircraft.,22,describer,1,FALSE,NA,1831
"This is the guy facing to the right, but his body is just a big, big rectangle.",22,describer,1,FALSE,NA,1832
This is the guy with his arms out.,22,describer,1,FALSE,NA,1833
"He's like kneeling down, feet to the back.",22,describer,2,FALSE,NA,1833
"One arm to the right, one to the left.",22,describer,3,FALSE,NA,1833
"One arm to the right, one arm to the left.",22,describer,4,FALSE,NA,1833
Is this the kneeling dude?,21,matcher,5,FALSE,NA,1833
"Yeah, his head is connected to two shapes.",22,describer,6,FALSE,NA,1833
There we go.,22,describer,7,TRUE,NA,1833
This is the flower.,22,describer,1,FALSE,NA,1834
This is the guy walking to the right.,22,describer,1,FALSE,NA,1835
His feet are just two triangles.,22,describer,2,FALSE,NA,1835
The house.,22,describer,1,FALSE,NA,1836
"Um, this is the one with the two triangle ears up top.",22,describer,1,FALSE,NA,1837
I think you said like reading a book.,22,describer,2,FALSE,NA,1837
"Um, this is the really, really weird shape that you were talking about.",22,describer,1,FALSE,NA,1838
The square...,22,describer,2,FALSE,NA,1838
up top and then it's connected to a weird shape.,22,describer,3,FALSE,NA,1838
There's two triangles to the right.,22,describer,4,FALSE,NA,1838
Big parallelogram at the bottom.,22,describer,5,FALSE,NA,1838
This is the guy walking to the left.,22,describer,1,FALSE,NA,1839
Big stride.,22,describer,2,FALSE,NA,1839
This is like the big rectangle with the thin rectangle on the left.,22,describer,1,FALSE,NA,1840
I am loving the shorthand.,21,matcher,2,TRUE,NA,1840
"This is the guy giving a speech, but not the toilet.",22,describer,1,FALSE,NA,1841
Sorry.,22,describer,2,TRUE,NA,1841
"Uh, camel.",22,describer,1,FALSE,NA,1842
My favorite thing is that this has been labeled a camel and it looks nothing like it.,21,matcher,2,TRUE,NA,1842
"Hey, it works, it works.",22,describer,3,TRUE,NA,1842
"Oh, this is the guy with no arms, just sitting like facing you.",22,describer,1,FALSE,NA,1843
"Oh my gosh, we're like killing this!",21,matcher,2,TRUE,NA,1843
"Uh, tank.",22,describer,1,FALSE,NA,1844
Toilet.,22,describer,1,FALSE,NA,1845
"Wait, sorry?",21,matcher,2,TRUE,NA,1845
"Toilet, guy, speech, or graduation.",22,describer,3,FALSE,NA,1845
I just want to make sure you're saying toilet.,21,matcher,4,FALSE,NA,1845
"Okay, this is the breakdancing guy.",21,describer,1,FALSE,NA,1846
Repeat that.,22,matcher,2,TRUE,NA,1846
This is the breakdancing guy.,21,describer,3,TRUE,NA,1846
Okay.,22,matcher,4,TRUE,NA,1846
The house.,21,describer,1,FALSE,NA,1847
The flower.,21,describer,1,FALSE,NA,1848
The tank.,21,describer,1,FALSE,NA,1849
The what?,22,matcher,2,TRUE,NA,1849
The tank.,21,describer,3,TRUE,NA,1849
The person with their arms to their side or out in the air and they're kneeling.,21,describer,1,FALSE,NA,1850
Okay.,22,matcher,2,TRUE,NA,1850
The graduation person that's not a toilet.,21,describer,1,FALSE,NA,1851
The camel.,21,describer,1,FALSE,NA,1852
The person with the wide body?,21,describer,1,FALSE,NA,1853
"Facing to the right, right?",21,describer,2,FALSE,NA,1853
"Like the two points on like the really large, I don't even know what shape it is, but the two points are facing the right.",21,describer,3,FALSE,NA,1853
Okay.,22,matcher,4,TRUE,NA,1853
The aircraft that looks kind of like a fox.,21,describer,1,FALSE,NA,1854
Let's see.,22,matcher,2,TRUE,NA,1854
"The rectangle base, the thin rectangle to the left, and then the trapezoid.",21,describer,1,FALSE,NA,1855
Yes.,22,matcher,2,TRUE,NA,1855
The toilet.,21,describer,1,FALSE,NA,1856
The rabbit.,21,describer,1,FALSE,NA,1857
The yoga person.,21,describer,1,FALSE,NA,1858
The weird shape that we have yet to give shorthand to.,21,describer,1,FALSE,NA,1859
"Okay, the person who's sitting away from you with no arms.",21,describer,1,FALSE,NA,1860
The person who's walking in a hurry towards the left.,21,describer,1,FALSE,NA,1861
The person who is walking to the right with triangle feet.,21,describer,1,FALSE,NA,1862
And the crab.,21,describer,1,FALSE,NA,1863
Rabbit.,22,describer,1,FALSE,NA,1864
Toilet.,22,describer,1,FALSE,NA,1865
Crab.,22,describer,1,FALSE,NA,1866
Camel.,22,describer,1,FALSE,NA,1867
"This is the big rectangle, thin rectangle to the left trapezoid.",22,describer,1,FALSE,NA,1868
We need to find a name for that one.,22,describer,2,FALSE,NA,1868
Factory.,21,matcher,3,FALSE,NA,1868
Aircraft.,22,describer,1,FALSE,NA,1869
Aircraft.,22,describer,2,FALSE,NA,1869
Guy walking to the left.,22,describer,1,FALSE,NA,1870
Big stride.,22,describer,2,FALSE,NA,1870
There it is.,22,describer,3,TRUE,NA,1870
house,22,describer,1,FALSE,NA,1871
"Guy walking to the right, two triangle feet.",22,describer,1,FALSE,NA,1872
The weird one.,22,describer,1,FALSE,NA,1873
"Uh, yoga.",22,describer,1,FALSE,NA,1874
"Uh, flower.",22,describer,1,FALSE,NA,1875
"Uh, break dancing.",22,describer,1,FALSE,NA,1876
This is the guy kneeling down.,22,describer,1,FALSE,NA,1877
Two shapes under the head.,22,describer,2,FALSE,NA,1877
Tank.,22,describer,1,FALSE,NA,1878
Tank.,22,describer,2,FALSE,NA,1878
This is the no toilet.,22,describer,1,FALSE,NA,1879
No toilet or is a toilet?,21,matcher,2,FALSE,NA,1879
Not the toilet one.,22,describer,3,FALSE,NA,1879
This is the,22,describer,1,TRUE,NA,1880
Guy with the big body and the two things facing right.,22,describer,2,FALSE,NA,1880
This is the no hands guy.,22,describer,1,FALSE,NA,1881
A graduate that's not a toilet.,21,describer,1,FALSE,NA,1882
The toilet or not?,22,matcher,2,FALSE,NA,1882
Not a toilet.,21,describer,3,FALSE,NA,1882
The person kneeling with their arms stretched out.,21,describer,1,FALSE,NA,1883
The camel.,21,describer,1,FALSE,NA,1884
Let's see.,22,matcher,2,TRUE,NA,1884
"The person walking to the left, big strides.",21,describer,1,FALSE,NA,1885
Yoga.,21,describer,1,FALSE,NA,1886
Aircraft.,21,describer,1,FALSE,NA,1887
The rabbit.,21,describer,1,FALSE,NA,1888
Breakdancer.,21,describer,1,FALSE,NA,1889
Factory.,21,describer,1,FALSE,NA,1890
What's that?,22,matcher,2,TRUE,NA,1890
The factory.,21,describer,3,TRUE,NA,1890
"Oh, okay.",22,matcher,4,TRUE,NA,1890
Wide body.,21,describer,1,FALSE,NA,1891
"Loving this, the house.",21,describer,1,FALSE,NA,1892
The flower.,21,describer,1,FALSE,NA,1893
The crab.,21,describer,1,FALSE,NA,1894
The toilet.,21,describer,1,FALSE,NA,1895
A tank.,21,describer,1,FALSE,NA,1896
tank?,22,matcher,2,TRUE,NA,1896
Yeah.,21,describer,3,TRUE,NA,1896
Okay.,22,matcher,4,TRUE,NA,1896
"Uh, sitting down, no arms.",21,describer,1,FALSE,NA,1897
Person walking to the right.,21,describer,1,FALSE,NA,1899
uh house,22,describer,1,FALSE,NA,1900
"Uh, kneeling down, arms out.",22,describer,1,FALSE,NA,1901
Breakdance,22,describer,1,FALSE,NA,1902
Rabbit.,22,describer,1,FALSE,NA,1903
"Uh, weird one.",22,describer,1,FALSE,NA,1904
"Uh, tank.",22,describer,1,FALSE,NA,1905
"Uh, factory.",22,describer,1,FALSE,NA,1906
"uh, flower",22,describer,1,FALSE,NA,1907
Aircraft.,22,describer,1,FALSE,NA,1908
Camel.,22,describer,1,FALSE,NA,1909
That will never not be funny to me.,21,matcher,2,TRUE,NA,1909
Guy with no hands.,22,describer,1,FALSE,NA,1910
Guy walking to the right.,22,describer,1,FALSE,NA,1911
Guy walking to the left.,22,describer,1,FALSE,NA,1912
That's funny.,21,matcher,2,TRUE,NA,1912
"Um, the guy with the big body.",22,describer,1,FALSE,NA,1913
"Uh, toilet.",22,describer,1,FALSE,NA,1914
Not toilet.,22,describer,1,FALSE,NA,1915
Crab.,22,describer,1,FALSE,NA,1916
Okay.,21,matcher,2,TRUE,NA,1916
Yoga.,22,describer,1,FALSE,NA,1917
Camel.,21,describer,1,FALSE,NA,1918
"Wait, what?",22,matcher,2,TRUE,NA,1918
"Oh, I had my hands one button off.",22,matcher,3,TRUE,NA,1918
Shit.,22,matcher,4,TRUE,NA,1918
That's actually so based.,22,matcher,5,TRUE,NA,1918
Oh my god.,22,matcher,6,TRUE,NA,1918
"No, you're so good.",22,matcher,7,TRUE,NA,1918
"I was like, where's the camel in the tank?",22,matcher,8,TRUE,NA,1918
This is the wide-bodied one.,21,describer,1,FALSE,NA,1919
Okay.,22,matcher,2,TRUE,NA,1919
"Oh, the streak is gone.",22,matcher,3,TRUE,NA,1919
We still have the eight.,22,matcher,4,TRUE,NA,1919
Okay.,22,matcher,5,TRUE,NA,1919
The house.,21,describer,1,FALSE,NA,1920
The swan.,21,describer,1,FALSE,NA,1921
The person walking to the left.,21,describer,1,FALSE,NA,1923
The toilet.,21,describer,1,FALSE,NA,1924
The flower.,21,describer,1,FALSE,NA,1925
The tank.,21,describer,1,FALSE,NA,1926
The what?,22,matcher,2,TRUE,NA,1926
The tank.,21,describer,3,TRUE,NA,1926
The cactus.,21,describer,1,FALSE,NA,1927
Person arguing.,21,describer,1,FALSE,NA,1928
Their hands are in the air.,21,describer,2,FALSE,NA,1928
person who's kneeling.,21,describer,1,FALSE,NA,1929
It looks like they're praying but their feet are in the air.,21,describer,2,FALSE,NA,1929
Same mindset except this time the feet are planted firmly on the ground.,21,describer,1,FALSE,NA,1930
Break dancing.,21,describer,1,FALSE,NA,1931
"Person with their arms stretched out, kneeling.",21,describer,1,FALSE,NA,1932
Airplane.,21,describer,1,FALSE,NA,1933
The weird scale.,21,describer,1,FALSE,NA,1934
Seesaw.,21,describer,2,FALSE,NA,1934
Seesaw?,22,matcher,3,FALSE,NA,1934
Yeah.,21,describer,4,TRUE,NA,1934
Okay.,21,describer,5,TRUE,NA,1934
Okay.,21,describer,6,TRUE,NA,1934
The person sitting down without any arms.,21,describer,1,FALSE,NA,1935
This one looks like a house.,21,describer,1,FALSE,NA,1936
Okay.,22,matcher,2,TRUE,NA,1936
A person who looks like they're about to take a running start to go to the right.,21,describer,1,FALSE,NA,1937
Their arm is a trapezoid that's kind of elevated.,21,describer,2,FALSE,NA,1937
They're about to take a right?,22,matcher,3,FALSE,NA,1937
What do you mean?,21,describer,4,TRUE,NA,1937
Like they're facing...,22,matcher,5,FALSE,NA,1937
They're facing the right.,22,matcher,6,FALSE,NA,1937
"Oh, okay.",21,describer,7,TRUE,NA,1937
Yeah.,21,describer,8,TRUE,NA,1937
And they're the only ones that look like they're about to go into motion.,21,describer,9,FALSE,NA,1937
"It also kind of looks like, from the opposite direction, if you act as though it's facing the left, it looks like a penguin holding a flag.",21,describer,10,FALSE,NA,1937
Is this like the monster one?,22,matcher,11,FALSE,NA,1937
"Kind of, yes.",21,describer,12,FALSE,NA,1937
"Okay, okay.",22,matcher,13,TRUE,NA,1937
Yeah.,21,describer,14,TRUE,NA,1937
This is the squirrel that does not look like a squirrel.,21,describer,1,FALSE,NA,1938
Okay.,22,matcher,2,TRUE,NA,1938
That's a squirrel.,22,matcher,3,FALSE,NA,1938
Rabbit.,21,describer,1,FALSE,NA,1939
Rabbit.,21,describer,2,FALSE,NA,1939
How do I even describe that?,21,describer,1,TRUE,NA,1940
Is it weird?,22,matcher,2,TRUE,NA,1940
"It's weird, but not the one that we've been calling weird.",21,describer,3,FALSE,NA,1940
Okay.,21,describer,4,TRUE,NA,1940
It looks like a parent holding the hand of a child.,21,describer,5,FALSE,NA,1940
Are both the hands up?,22,matcher,6,FALSE,NA,1940
Sorry?,21,describer,7,TRUE,NA,1940
Are both the hands up?,22,matcher,8,FALSE,NA,1940
"No, this one has zero arms.",21,describer,9,FALSE,NA,1940
"The bigger one has the body of a triangle, and then attached to it is a square head.",21,describer,10,FALSE,NA,1940
"But to the left side, if you pretend like they're holding hands, the head of the smaller one is a triangle.",21,describer,11,FALSE,NA,1940
The hypotenuse is facing upwards.,21,describer,12,FALSE,NA,1940
And then the foot is like a trapezoid.,21,describer,13,FALSE,NA,1940
Does it look like they're holding a glass of wine or something?,22,matcher,14,FALSE,NA,1940
Yes.,21,describer,15,FALSE,NA,1940
Okay.,22,matcher,16,TRUE,NA,1940
This is the graduate that doesn't look like a toilet.,21,describer,1,FALSE,NA,1941
Okay.,22,matcher,2,TRUE,NA,1941
"This one also gives rabbit energy, but not the rabbit that we've been saying.",21,describer,1,FALSE,NA,1942
Rabbit 2.0?,22,matcher,2,FALSE,NA,1942
"Yeah, rabbit 2.0.",21,describer,3,FALSE,NA,1942
Okay.,22,matcher,4,TRUE,NA,1942
"The person who's sitting on the ground, their head kneeled.",21,describer,1,FALSE,NA,1943
There we go.,22,matcher,2,TRUE,NA,1943
Weird shape.,21,describer,1,FALSE,NA,1944
Aircraft.,21,describer,1,FALSE,NA,1945
But not our aircraft.,21,describer,2,FALSE,NA,1945
Aircraft 2.0.,22,matcher,3,FALSE,NA,1945
Aircraft 2.0.,21,describer,4,FALSE,NA,1945
Upside down tree.,21,describer,1,FALSE,NA,1946
Upside down tree?,22,matcher,2,FALSE,NA,1946
Yeah.,21,describer,3,TRUE,NA,1946
Okay.,21,describer,4,TRUE,NA,1946
Security camera.,21,describer,1,FALSE,NA,1947
Okay.,21,describer,2,TRUE,NA,1947
yoga,21,describer,1,FALSE,NA,1948
what is it,22,matcher,2,TRUE,NA,1948
yoga,21,describer,3,TRUE,NA,1948
uh it looks like a dachshund like a dog yeah,21,describer,1,FALSE,NA,1949
a person walking to the right,21,describer,1,FALSE,NA,1951
oh okay,22,matcher,2,TRUE,NA,1951
a person kneeling to the left it looks as though they have a book and they have a little triangle on the top of their head okay,21,describer,1,FALSE,NA,1952
Can we call this weird shape 2.0?,22,matcher,2,FALSE,NA,1952
"This is a head connected to a trapezoid that is pointing to the right, connected to another trapezoid, but this one is pointed to the left.",21,describer,1,FALSE,NA,1953
Okay.,22,matcher,2,TRUE,NA,1953
Then connected to another trapezoid.,21,describer,3,FALSE,NA,1953
that the long side is facing the like the base of this photo and then a weird triangle connected yeah i don't even know what to call that,21,describer,4,FALSE,NA,1953
Sort of one.,24,describer,1,TRUE,NA,1954
It looks like a dog?,23,matcher,2,FALSE,NA,1954
"No, uh, a cross.",24,describer,3,FALSE,NA,1954
"It's kind of, uh, it's a long, almost rectangle shape in the middle and it has trapezoids sticking out on the right and left side.",24,describer,4,FALSE,NA,1954
"Wait, a rectangle in the middle of what?",23,matcher,5,FALSE,NA,1954
um it's a very long almost a rectangle um and on the left there's a trapezoid and on the right there's a trapezoid okay,24,describer,6,FALSE,NA,1954
"Uh, okay.",23,matcher,7,TRUE,NA,1954
So...,23,matcher,8,TRUE,NA,1954
"I wonder if I can just say... Oh, maybe it's a Venom... Maybe it's Venomized for you.",23,matcher,9,FALSE,NA,1954
"Uh, it's...",23,matcher,10,TRUE,NA,1954
"So on the top of this figure, there's two little triangles sticking out, almost like rabbit ears.",24,describer,1,FALSE,NA,1955
Two triangles?,23,matcher,2,FALSE,NA,1955
"Yeah, it's sticking out like rabbit ears.",24,describer,3,FALSE,NA,1955
And it's holding a square.,24,describer,4,FALSE,NA,1955
Does it kind of look like it's reading a book?,23,matcher,5,FALSE,NA,1955
"Kind of, yeah.",24,describer,6,TRUE,NA,1955
What?,24,describer,7,TRUE,NA,1955
Yes.,23,matcher,8,TRUE,NA,1955
I think I have it.,23,matcher,9,TRUE,NA,1955
"Okay, it looks like a horse with a tail.",24,describer,1,FALSE,NA,1956
So there's two shapes that kind of look like animals.,24,describer,2,FALSE,NA,1956
"Wait, can you talk louder?",23,matcher,3,TRUE,NA,1956
What?,23,matcher,4,TRUE,NA,1956
Sorry.,23,matcher,5,TRUE,NA,1956
"There are two shapes that look like animals on the screen, probably.",24,describer,6,FALSE,NA,1956
Maybe pick the one that looks like it has a tail.,24,describer,7,FALSE,NA,1956
It kind of looks like a horse.,24,describer,8,FALSE,NA,1956
The legs are trying to do it.,24,describer,9,FALSE,NA,1956
What?,23,matcher,10,TRUE,NA,1956
I'm really trying.,23,matcher,11,TRUE,NA,1956
"Sorry, that was an accident.",23,matcher,12,TRUE,NA,1956
It looks like an upside down Christmas tree.,24,describer,1,FALSE,NA,1957
Like what?,23,matcher,2,TRUE,NA,1957
It looks like an upside down Christmas tree.,24,describer,3,FALSE,NA,1957
A house with a chimney?,23,matcher,4,FALSE,NA,1957
No.,24,describer,5,TRUE,NA,1957
Christmas tree.,24,describer,6,FALSE,NA,1957
"Uh, it looks like an upside down tree.",24,describer,7,FALSE,NA,1957
Like what?,23,matcher,8,TRUE,NA,1957
It looks like a tree that is upside down.,24,describer,9,FALSE,NA,1957
A tree that's upside down?,23,matcher,10,FALSE,NA,1957
Yes.,24,describer,11,TRUE,NA,1957
Okay.,24,describer,12,TRUE,NA,1957
Okay.,23,matcher,13,TRUE,NA,1957
Let me just figure out which one that is.,23,matcher,14,TRUE,NA,1957
Okay.,23,matcher,15,TRUE,NA,1957
It looks like an animal.,24,describer,1,FALSE,NA,1958
Um...,23,matcher,2,TRUE,NA,1958
It has no tail.,24,describer,3,FALSE,NA,1958
An animal that has no tail.,24,describer,4,FALSE,NA,1958
It looks like a flower.,24,describer,1,FALSE,NA,1959
Uh-huh.,23,matcher,2,TRUE,NA,1959
Um...,23,matcher,3,TRUE,NA,1959
"I think I got it, but...",23,matcher,4,TRUE,NA,1959
"Okay, so...",23,matcher,5,TRUE,NA,1959
This looks like a person on the bottom of the shape.,24,describer,1,FALSE,NA,1960
There are two small triangles next to each other.,24,describer,2,FALSE,NA,1960
A what with a triangle?,23,matcher,3,FALSE,NA,1960
There are two small triangles at the bottom as his feet.,24,describer,4,FALSE,NA,1960
It has a square head.,24,describer,5,FALSE,NA,1960
It's just a normal square.,24,describer,6,FALSE,NA,1960
It's not tilted or anything.,24,describer,7,FALSE,NA,1960
Not a diamond.,24,describer,8,FALSE,NA,1960
It's just a square.,24,describer,9,FALSE,NA,1960
Okay.,23,matcher,10,TRUE,NA,1960
Is it like a guy with a long nose wearing a top hat?,23,matcher,11,FALSE,NA,1960
"It could be that, yes.",24,describer,12,FALSE,NA,1960
"Okay, this one's a bit hard.",24,describer,1,FALSE,NA,1961
"So, this shape is, if you imagine it to be humanoid, it's sort of slouched down on the ground.",24,describer,2,FALSE,NA,1961
"There's a square as a head that's slightly tilted, not quite a diamond.",24,describer,3,FALSE,NA,1961
There are two small triangles sticking out to the right side of the shape.,24,describer,4,FALSE,NA,1961
Uh-huh.,23,matcher,5,TRUE,NA,1961
"Yeah, I'm not sure how to describe it better.",24,describer,6,FALSE,NA,1961
What?,23,matcher,7,TRUE,NA,1961
I'm not sure how to describe it better.,24,describer,8,TRUE,NA,1961
Can you just say that one more time?,23,matcher,9,TRUE,NA,1961
"I'm just gonna say that, okay, on the right, there's two small triangles.",24,describer,10,FALSE,NA,1961
"It has a head, it has a square forehead, slightly tilted.",24,describer,11,FALSE,NA,1961
"It's not the one that looks like, it's not the one that looks like it's riding an animal.",24,describer,12,FALSE,NA,1961
This shape is kind of like slouched down on the ground.,24,describer,13,FALSE,NA,1961
"Oh, I see.",23,matcher,14,TRUE,NA,1961
Okay.,23,matcher,15,TRUE,NA,1961
It's one of the shapes that looks like it's holding a square book.,24,describer,1,FALSE,NA,1962
Holding the square book?,23,matcher,2,FALSE,NA,1962
Yeah.,24,describer,3,FALSE,NA,1962
Okay.,24,describer,4,TRUE,NA,1962
This figure looks like it's kneeling and it's reaching its hands out.,24,describer,1,FALSE,NA,1963
But there's also a triangle that kind of sticks out to the left for its feet.,24,describer,2,FALSE,NA,1963
"Wait, so it has its hands out or its feet up or down?",23,matcher,3,FALSE,NA,1963
The feet is like kind of upwards.,24,describer,4,FALSE,NA,1963
Okay.,24,describer,5,TRUE,NA,1963
It kinda looks like it's holding a glass of wine and the head is a diamond.,24,describer,1,FALSE,NA,1964
It's falling what?,23,matcher,2,TRUE,NA,1964
The head is a diamond and it's holding a glass of wine.,24,describer,3,FALSE,NA,1964
This shape looks like a person with a square head that's tilted downwards and it has like bunny ears.,24,describer,1,FALSE,NA,1965
What?,24,describer,2,TRUE,NA,1965
This shape has bunny ears.,24,describer,3,FALSE,NA,1965
There are two triangles sticking out of a tilted square and it looks like a rabbit.,24,describer,4,FALSE,NA,1965
Can you describe it one more time?,23,matcher,5,TRUE,NA,1965
It looks like a rabbit.,24,describer,6,FALSE,NA,1965
Like a rabbit?,24,describer,7,FALSE,NA,1965
Yeah.,23,matcher,8,TRUE,NA,1965
Okay.,23,matcher,9,TRUE,NA,1965
um this figure has a diamond head it's reaching out it's not quite kneeling it's like it's almost not quite what kneeling so it's not kneeling on the ground but it's like it's almost as if this shape,24,describer,1,FALSE,NA,1966
"Honestly, the shape looks like it's only two shapes.",24,describer,1,FALSE,NA,1967
"So on the top, there's a diamond.",24,describer,2,FALSE,NA,1967
"And as the body, it's a fractured rectangle.",24,describer,3,FALSE,NA,1967
Is what?,23,matcher,4,TRUE,NA,1967
It's a fractured rectangle for the body.,24,describer,5,FALSE,NA,1967
It looks like a swan or a duck that's swimming.,24,describer,1,FALSE,NA,1968
The feet is like a small triangle.,24,describer,2,FALSE,NA,1968
This looks like a giraffe.,24,describer,1,FALSE,NA,1969
"It has a really long neck, and the body is just a perfect rectangle.",24,describer,2,FALSE,NA,1969
The body is what?,23,matcher,3,TRUE,NA,1969
"It's a rectangle, so it could also look like a Loch Ness monster, but minimalist.",24,describer,4,FALSE,NA,1969
Is it holding anything?,23,matcher,5,FALSE,NA,1969
No.,24,describer,6,FALSE,NA,1969
It's just a long neck and then the body is just a rectangle.,24,describer,7,FALSE,NA,1969
So it's an animal.,24,describer,8,FALSE,NA,1969
It's like an animal?,23,matcher,9,FALSE,NA,1969
Yeah.,24,describer,10,FALSE,NA,1969
With a long neck and a rectangle for the body.,24,describer,11,FALSE,NA,1969
Oh.,23,matcher,12,TRUE,NA,1969
"Oh, I see.",23,matcher,13,TRUE,NA,1969
Okay.,23,matcher,14,TRUE,NA,1969
This person looks like it's dancing.,24,describer,1,FALSE,NA,1970
This one's a bit hard.,24,describer,2,FALSE,NA,1970
It has a little triangle as a foot that's sticking out.,24,describer,3,FALSE,NA,1970
"Yeah, that's reasonable.",23,matcher,4,TRUE,NA,1970
"Okay, so this looks like a kid that's riding an animal.",24,describer,1,FALSE,NA,1971
The kid has a slanted square as the head.,24,describer,2,FALSE,NA,1971
A kid that's riding an animal?,23,matcher,3,FALSE,NA,1971
Yeah.,24,describer,4,TRUE,NA,1971
"Okay, this looks like a person that's speed walking or taking very long strides to walk.",24,describer,1,FALSE,NA,1972
It has a diamond for the head.,24,describer,2,FALSE,NA,1972
It has a diamond for the head and what?,23,matcher,3,FALSE,NA,1972
And it just looks like it's taking long strides as it's walking.,24,describer,4,FALSE,NA,1972
"Uh, it's moving using its feet.",24,describer,5,FALSE,NA,1972
"Oh, walking.",23,matcher,6,FALSE,NA,1972
um this figure looks like it's leaning on its left leg and its right leg is stretched out okay,24,describer,1,FALSE,NA,1973
Is its right leg up in the air?,23,matcher,2,FALSE,NA,1973
"No, it's sort of pointed to the ground.",24,describer,3,FALSE,NA,1973
So it looks like two shapes combined.,24,describer,4,FALSE,NA,1973
the left is an arrow pointing up and the right is like a little house and it's just merged okay,24,describer,1,FALSE,NA,1974
I think this is one of the shapes that we accidentally pressed before.,24,describer,1,FALSE,NA,1975
"Um, it kinda looks like a seahorse.",24,describer,2,FALSE,NA,1975
Um...,23,matcher,3,TRUE,NA,1975
It's...,23,matcher,4,TRUE,NA,1975
Uh...,23,matcher,5,TRUE,NA,1975
"Wait, so we've had it before?",23,matcher,6,FALSE,NA,1975
I think you misplugged it.,24,describer,7,FALSE,NA,1975
"I said it was like a horse, and it was like another animal.",24,describer,8,FALSE,NA,1975
Um...,24,describer,9,TRUE,NA,1975
But it kind of looks like a seahorse.,24,describer,10,FALSE,NA,1975
Or it also can look like a pair of sunglasses that's tilted.,24,describer,11,FALSE,NA,1975
Uh-huh.,24,describer,12,TRUE,NA,1975
"Yeah, I'm not sure how to describe it further.",24,describer,13,TRUE,NA,1975
Does it have a head?,23,matcher,14,FALSE,NA,1975
I guess technically it's like a small triangle and it's kind of to the left of the figure.,24,describer,15,FALSE,NA,1975
Okay.,24,describer,16,TRUE,NA,1975
Oh.,24,describer,17,TRUE,NA,1975
"Uh, this straight up looks like an angel on the ground.",24,describer,1,FALSE,NA,1976
So it has two triangles for wings.,24,describer,2,FALSE,NA,1976
Uh-huh.,24,describer,3,TRUE,NA,1976
"Yeah, and it has a diamond head.",24,describer,4,FALSE,NA,1976
It looks like a house?,23,matcher,5,FALSE,NA,1976
"No, it looks like an angel.",24,describer,6,FALSE,NA,1976
"Um, this looks almost like a candle, or it's a person.",24,describer,1,FALSE,NA,1977
"Um, this one's also really hard.",24,describer,2,FALSE,NA,1977
"It looks like a person, but it also looks like a chair with a diamond on top.",24,describer,3,FALSE,NA,1977
"Okay, yeah, I see it.",23,matcher,4,TRUE,NA,1977
It looks like a claw.,24,describer,1,FALSE,NA,1978
Like a doll?,23,matcher,2,TRUE,NA,1978
A claw.,24,describer,3,TRUE,NA,1978
It looks like the letter C. The letter E?,24,describer,4,FALSE,NA,1978
C.,24,describer,5,FALSE,NA,1978
Capital or lowercase?,23,matcher,6,FALSE,NA,1978
I guess capital C. It's very tilted.,24,describer,7,FALSE,NA,1978
And there's like a triangle that's connected to the back of the C.,24,describer,8,FALSE,NA,1978
So there's a triangle?,23,matcher,9,FALSE,NA,1978
"Yeah, kind of.",24,describer,10,FALSE,NA,1978
And it looks like a capital E?,23,matcher,11,FALSE,NA,1978
C. As in cast.,24,describer,12,FALSE,NA,1978
The letters as in cat.,24,describer,13,FALSE,NA,1978
The third letter of the alphabet.,24,describer,14,FALSE,NA,1978
This one is also an angel figure with two diamonds kind of sticking out from the shoulders.,24,describer,1,FALSE,NA,1979
It looks like a Hebrew letter.,24,describer,1,FALSE,NA,1980
"Also, the top is just a slanted rectangle.",24,describer,2,FALSE,NA,1980
It's a slanted rectangle or rhombus.,24,describer,3,FALSE,NA,1980
This one looks like a guy's in a boat that's a squished hexagon.,24,describer,1,FALSE,NA,1981
What?,23,matcher,2,TRUE,NA,1981
So the bottom of the figure is a hexagon.,24,describer,3,FALSE,NA,1981
It's kind of like a flattened hexagon.,24,describer,4,FALSE,NA,1981
Or it looks like a person in a boat.,24,describer,5,FALSE,NA,1981
Or it looks like a diamond that's connected to an alien station.,24,describer,6,FALSE,NA,1981
This looks like a depressed person with its perfect humanoid shape.,24,describer,1,FALSE,NA,1982
um he's on the ground his knees are kind of like up uh like a club no no no no uh his knees are up so this guy is sitting down on the ground um okay and this guy is looking upwards,24,describer,2,FALSE,NA,1982
"Uh, this figure looks like it's ice skating, and it's feet is sticking out.",24,describer,1,FALSE,NA,1983
"Um, it's hand-offs is sticking out.",24,describer,2,FALSE,NA,1983
It's only on one bike.,24,describer,3,FALSE,NA,1983
Okay.,24,describer,4,TRUE,NA,1983
This looks like a crab.,24,describer,1,FALSE,NA,1984
It's one of the shapes we've seen before.,24,describer,2,FALSE,NA,1984
I think you picked it on accident.,24,describer,3,FALSE,NA,1984
This is another figure that looks like there's a kid riding a horse.,24,describer,1,FALSE,NA,1985
The thing that's on the animal has a slanted rectangle and a square as the head.,24,describer,2,FALSE,NA,1985
A rectangle and a square?,24,describer,3,FALSE,NA,1985
"Yeah, that's the person on the horse.",24,describer,4,FALSE,NA,1985
for animals.,24,describer,5,TRUE,NA,1985
"Uh, this is a person that's holding out something, like a plate.",24,describer,1,FALSE,NA,1986
"Um, it has a diamond head.",24,describer,2,FALSE,NA,1986
"Is he facing, like, is he walking one way and pointing at something the other way?",24,describer,3,FALSE,NA,1986
"No, he's just standing.",24,describer,4,FALSE,NA,1986
"And, yeah, he's just standing.",24,describer,5,FALSE,NA,1986
Um.,24,describer,6,TRUE,NA,1986
uh this looks like a humanoid figure with just a diamond as the head i mean it kind of looks like it's just it looks like a shot of just the upper half of his body and he's just standing um,24,describer,1,FALSE,NA,1987
I'm not sure how to describe it better.,24,describer,2,FALSE,NA,1987
"I mean, I guess it looks like a diamond attached to a balloon or something.",24,describer,3,FALSE,NA,1987
It looks like a humanoid figure and it's sticking out one of its legs up.,24,describer,1,FALSE,NA,1988
It has a square that's kind of merged at the back of its neck.,24,describer,2,FALSE,NA,1988
It looks like a house with a really long chimney to the right.,24,describer,1,FALSE,NA,1989
An olive with a what?,23,matcher,2,TRUE,NA,1989
It's a house with a very long chimney on the right.,24,describer,3,TRUE,NA,1989
So it's a very long rectangle connected to a house.,24,describer,4,FALSE,NA,1989
"Okay, so it's the one where it looks like the guy is walking.",23,describer,1,FALSE,NA,1990
He's standing on his sort of right foot and he has like a little foot up to the left and he's sort of pointing to the left as well.,23,describer,2,FALSE,NA,1990
"Okay, it's the one that sort of looks like a flower.",23,describer,1,FALSE,NA,1991
Yeah.,24,matcher,2,TRUE,NA,1991
It's the one that looks like a little kid riding a dog.,23,describer,1,FALSE,NA,1992
"This one, I think you said it looks like a crab.",23,describer,1,FALSE,NA,1993
"This one, it looks like a guy doing, like, yoga.",23,describer,1,FALSE,NA,1994
"Like, he's leaning back over his left leg, and he has a really thick left leg and a thin right leg.",23,describer,2,FALSE,NA,1994
And he's sort of pointing upwards.,23,describer,3,FALSE,NA,1994
Um...,23,describer,4,TRUE,NA,1994
What do you mean by yoga?,24,matcher,5,FALSE,NA,1994
"Okay, um, his- he has, like, a thick, like, left leg that's made with two trapezoids.",23,describer,6,FALSE,NA,1994
Okay.,23,describer,7,TRUE,NA,1994
And his head is a diamond.,23,describer,8,FALSE,NA,1994
"And there's sort of, like, a bit of, like, a backwards C shape between, like, his leg and his head where he's sort of leaning over his leg.",23,describer,9,FALSE,NA,1994
And then there's a triangle on the right,23,describer,10,FALSE,NA,1994
and like a little diamond on the right also that sort of looks like an elbow to me.,23,describer,11,FALSE,NA,1994
"Okay, this is probably not right.",24,matcher,12,TRUE,NA,1994
"Oh wait, I had that one.",24,matcher,13,TRUE,NA,1994
Okay.,24,matcher,14,TRUE,NA,1994
Sorry.,24,matcher,15,TRUE,NA,1994
"Okay, this one sort of looks like a whale.",23,describer,1,FALSE,NA,1995
"It's just, like, a big square and then, like, a little tiny rectangle and then a little triangle on top.",23,describer,2,FALSE,NA,1995
This one looks like a house.,23,describer,1,FALSE,NA,1996
Like...,23,describer,2,TRUE,NA,1996
"With a hay bale on the side, or like a really long chimney.",23,describer,3,FALSE,NA,1996
Yeah.,24,matcher,4,TRUE,NA,1996
Um...,24,matcher,5,TRUE,NA,1996
It's like...,23,describer,1,TRUE,NA,1997
"It has a little diamond head, but then the rest of it is sort of a shape, more than like a... More than like a body.",23,describer,2,FALSE,NA,1997
"Um, the, like...",23,describer,3,TRUE,NA,1997
"It's, like, most of a rectangle, and, like, there's right angles, like, most of a square on the left sides.",23,describer,4,FALSE,NA,1997
"But on the right side, there's, like, a sort of jagged line instead of, like, more right angles.",23,describer,5,FALSE,NA,1997
Okay.,24,matcher,6,TRUE,NA,1997
Okay.,24,matcher,7,TRUE,NA,1997
"Okay, I just got the wrong note.",24,matcher,8,TRUE,NA,1997
"Oh, okay.",24,matcher,9,TRUE,NA,1997
"Um, it sort of looks like he's sitting on, like, a toilet or he's a throne or something.",23,describer,1,FALSE,NA,1998
"Oh, that's a good description.",24,matcher,2,TRUE,NA,1998
"Um, this one is sort of, it's more of an animal than a person.",23,describer,1,FALSE,NA,1999
"And it's sort of, like, diagonal.",23,describer,2,FALSE,NA,1999
"Um, like he comes from like the top left corner down to the bottom right corner of his square.",23,describer,3,FALSE,NA,1999
"Um, and he's just sort of like, he's got like a little triangle head and little triangle feet.",23,describer,4,FALSE,NA,1999
Yeah.,24,matcher,5,TRUE,NA,1999
"Um, instead of having a square for a head, he has two triangles and he looks like he's reading a book.",23,describer,1,FALSE,NA,2000
"Um, he's got a diamond head and then, like,",23,describer,1,FALSE,NA,2001
"His body is sort of just like a mass, like he doesn't have any clear arms or shoulders or legs.",23,describer,2,FALSE,NA,2001
He's just sort of like a guy.,23,describer,3,FALSE,NA,2001
Yeah.,24,matcher,4,TRUE,NA,2001
I think you said that this one looked like an angel.,23,describer,1,FALSE,NA,2002
This one is the guy who kind of looks like he's wearing a top hat with a long nose and then two little feet that are triangles.,23,describer,1,FALSE,NA,2003
"Um, it kind of looks like a boat or like a little like hat you make out of newspaper in elementary school with a diamond on top of it.",23,describer,1,FALSE,NA,2004
"He's sort of standing on one leg with his back leg like kicked out, sort of almost like he's doing an arabesque in ballet.",23,describer,1,FALSE,NA,2005
Yeah.,24,matcher,2,TRUE,NA,2005
He's standing on...,23,describer,1,FALSE,NA,2006
one leg again and sort of pointing backwards.,23,describer,2,FALSE,NA,2006
He's sort of pointing to the right.,23,describer,3,FALSE,NA,2006
Yeah.,24,matcher,4,TRUE,NA,2006
He sort of looks like he's holding a plate or something on his left side.,23,describer,1,FALSE,NA,2007
"Um, he said it looks like a house with a long rectangle to be like a chimney or a hay bale.",24,describer,1,FALSE,NA,2008
Gotcha.,23,matcher,2,TRUE,NA,2008
"Uh, this is the guy with the tuxedo hat.",24,describer,1,FALSE,NA,2009
Two hats?,23,matcher,2,FALSE,NA,2009
"The, uh, tuxedo hat.",24,describer,3,FALSE,NA,2009
Oh.,23,matcher,4,TRUE,NA,2009
"Sorry, I didn't say that fair enough.",23,matcher,5,TRUE,NA,2009
"Uh, this guy is the one that's walking, and its left leg, its left foot is, like, picked up.",24,describer,1,FALSE,NA,2010
Um...,23,matcher,2,TRUE,NA,2010
"But it's like, yeah.",23,matcher,3,TRUE,NA,2010
This one is the one that we called Angel.,24,describer,1,FALSE,NA,2011
OK.,23,matcher,2,TRUE,NA,2011
"Uh, this one was the paper boat with the diamond on top.",24,describer,1,FALSE,NA,2012
Yeah.,23,matcher,2,TRUE,NA,2012
"Uh, this one is the one you said it looked like a whale.",24,describer,1,FALSE,NA,2013
"Uh, this one is the one that's, uh...",23,matcher,2,TRUE,NA,2013
It was doing that ballet move that you were talking about.,24,describer,1,FALSE,NA,2014
"Uh... Oh, yeah.",23,matcher,2,TRUE,NA,2014
"Uh, this is the one that, uh...",24,describer,1,TRUE,NA,2015
"I guess I said it looked like a dove, but oops.",24,describer,2,FALSE,NA,2015
"Oh, sorry.",23,matcher,3,TRUE,NA,2015
"Oh, okay.",23,matcher,4,TRUE,NA,2015
"That was an accident, but yeah.",23,matcher,5,TRUE,NA,2015
Awesome.,23,matcher,6,TRUE,NA,2015
This is the kid that's driving an animal.,24,describer,1,FALSE,NA,2016
"This is the one you said, it looks like a diagonal, it's an animal shape, but it's almost diagonal, with a small triangle as its face.",24,describer,1,FALSE,NA,2017
"This one is the one on the toilet, I think you said.",24,describer,1,FALSE,NA,2018
On the what?,23,matcher,2,TRUE,NA,2018
On the toilet.,24,describer,3,TRUE,NA,2018
"Boy, change.",23,matcher,4,TRUE,NA,2018
"Oh, yeah, yeah, yeah, yeah, yeah.",23,matcher,5,TRUE,NA,2018
This one you said it looks like it was holding out a plate or a dish.,24,describer,1,FALSE,NA,2019
this one is the one that uh instead of having a diamond for a head it has two heads uh two little triangles and it's holding with the book,24,describer,1,FALSE,NA,2020
"I think he said it was basically, it's kind of like leaning on one leg and one right leg is like stuck out.",24,describer,1,FALSE,NA,2021
Almost as if it's like pulling out like a disco dance move.,24,describer,2,FALSE,NA,2021
Let me know how that goes.,23,matcher,3,TRUE,NA,2021
"Uh, it looks like a flower.",24,describer,1,FALSE,NA,2022
Okay.,23,matcher,2,TRUE,NA,2022
Um...,23,matcher,3,TRUE,NA,2022
It's just like what you said.,23,matcher,4,TRUE,NA,2022
It was like...,23,matcher,5,TRUE,NA,2022
"The head is a diamond, and then its body is like...",24,describer,1,FALSE,NA,2023
yeah i mean sure there's shoulders but the arms aren't doing anything it's just a body,24,describer,2,FALSE,NA,2023
pushing,24,describer,3,TRUE,NA,2023
okay and then this one is similar to the last one except it's like the body is like a square on the left but on the right it's like a jagged line,24,describer,1,FALSE,NA,2024
And then this one is the one that you said was doing what the dog done doing.,24,describer,1,FALSE,NA,2025
It's the one who is riding a little animal.,23,describer,1,FALSE,NA,2026
The kid riding an animal.,23,describer,2,FALSE,NA,2026
This one is the guy holding the plate.,23,describer,1,FALSE,NA,2027
This is the house.,23,describer,1,FALSE,NA,2028
The dude who just has shoulders and no arms.,23,describer,1,FALSE,NA,2029
"Um, the guy who's kind of doing like a yoga type thing with his elbow up.",23,describer,1,FALSE,NA,2030
Yeah.,24,matcher,2,TRUE,NA,2030
"Um, this guy is standing on his left foot with his right foot back.",23,describer,1,FALSE,NA,2031
"Sort of up off, like, he's like dancing, I think you said.",23,describer,2,FALSE,NA,2031
Yeah.,24,matcher,3,TRUE,NA,2031
"Um, the diagonal animal.",23,describer,1,FALSE,NA,2032
Okay.,24,matcher,2,TRUE,NA,2032
"Um, this is the guy who's kind of walking.",23,describer,1,FALSE,NA,2033
"Um, is the buff one kind of pointed up?",23,describer,2,FALSE,NA,2033
"Yeah, exactly.",24,matcher,3,TRUE,NA,2033
"Exactly, yeah.",24,matcher,4,TRUE,NA,2033
This is the ballet guy.,23,describer,1,FALSE,NA,2034
It's the guy in the top hat.,23,describer,1,FALSE,NA,2035
Our friend the crab.,23,describer,1,FALSE,NA,2036
The whale.,23,describer,1,FALSE,NA,2037
"Um, the angel.",23,describer,1,FALSE,NA,2038
The guy with two triangles instead of a diamond for a head who's holding a book.,23,describer,1,FALSE,NA,2039
Yeah.,24,matcher,2,TRUE,NA,2039
"Um, the guy on the toilet.",23,describer,1,FALSE,NA,2040
The flower.,23,describer,1,FALSE,NA,2041
The little boat with the diamond on top.,23,describer,1,FALSE,NA,2042
And the guy whose left side is sort of a square and his right side is sort of a jaggedy thing.,23,describer,1,FALSE,NA,2043
Okay.,23,matcher,1,TRUE,NA,2044
"Uh, this is the guy walking on the left, but picked up.",24,describer,1,FALSE,NA,2045
This is the one with the head.,24,describer,1,FALSE,NA,2046
"Instead of a diamond, it's two heads and it's holding a book.",24,describer,2,FALSE,NA,2046
Okay.,23,matcher,3,TRUE,NA,2046
And this is the whale.,24,describer,1,FALSE,NA,2047
Okay.,23,matcher,2,TRUE,NA,2047
"This is the diagonal animal that's, I would say, placed for a triangle.",24,describer,1,FALSE,NA,2048
Yeah.,23,matcher,2,TRUE,NA,2048
Right there.,23,matcher,3,FALSE,NA,2048
"This is the person, a diamond head, and the left side is a square, and the right side",24,describer,1,FALSE,NA,2049
It's the house.,24,describer,1,FALSE,NA,2051
OK.,23,matcher,2,TRUE,NA,2051
It's the person that's holding a white towel to the left.,24,describer,1,FALSE,NA,2052
OK.,23,matcher,2,TRUE,NA,2052
It's the crab.,24,describer,1,FALSE,NA,2053
Okay.,23,matcher,2,TRUE,NA,2053
"Um, this is the guy, uh, down in front of the bed, and he has shoulders, but no, uh, arms, nothing like that.",24,describer,1,FALSE,NA,2055
"Uh, this is the toilet.",24,describer,1,FALSE,NA,2056
The what?,23,matcher,2,TRUE,NA,2056
"The toilet, or the chair.",24,describer,3,FALSE,NA,2056
"Oh, okay, yeah, yeah.",23,matcher,4,TRUE,NA,2056
"Uh, this is the yoga pose.",24,describer,1,FALSE,NA,2057
This is the little character being an animal.,24,describer,1,FALSE,NA,2058
This is the person doing like a disco dance thing.,24,describer,1,FALSE,NA,2059
This is me testing their hats.,24,describer,1,FALSE,NA,2060
It's the diagonal animal.,23,describer,1,FALSE,NA,2062
It's the guy with two triangles for a head.,23,describer,1,FALSE,NA,2063
It's the ballet guy.,23,describer,1,FALSE,NA,2064
It's the guy who's trying out a new dance move.,23,describer,1,FALSE,NA,2065
It's the flower.,23,describer,1,FALSE,NA,2066
It's the guy who's walking with his left foot up.,23,describer,1,FALSE,NA,2067
It's the toilet.,23,describer,1,FALSE,NA,2068
It's the little boat.,23,describer,1,FALSE,NA,2069
It's the angel.,23,describer,1,FALSE,NA,2070
It's the guy in the top hat.,23,describer,1,FALSE,NA,2071
It's the house,23,describer,1,FALSE,NA,2072
It's the whale,23,describer,1,FALSE,NA,2073
It's the guy holding a plate,23,describer,1,FALSE,NA,2074
It's the kid riding an animal.,23,describer,1,FALSE,NA,2075
It's the crab.,23,describer,1,FALSE,NA,2076
It's the guy whose left side is a square and right side is a jagged line.,23,describer,1,FALSE,NA,2077
It's the guy with shoulders and no arms.,23,describer,1,FALSE,NA,2078
It's the guy doing yoga.,23,describer,1,FALSE,NA,2079
"Um, it's the guy with the shoulders.",24,describer,1,FALSE,NA,2080
"Um, this is the crab.",24,describer,1,FALSE,NA,2081
Okay.,23,matcher,2,TRUE,NA,2081
"Um, the angel.",24,describer,1,FALSE,NA,2083
Okay.,23,matcher,2,TRUE,NA,2083
"Uh, this is the whale.",24,describer,1,FALSE,NA,2085
Okay.,23,matcher,2,TRUE,NA,2085
This is the gargantuan.,24,describer,1,FALSE,NA,2086
OK.,23,matcher,2,TRUE,NA,2086
This is the diagonal animal.,24,describer,1,FALSE,NA,2087
OK.,23,matcher,2,TRUE,NA,2087
This is the guy holding a plate.,24,describer,1,FALSE,NA,2088
OK.,23,matcher,2,TRUE,NA,2088
This is the guy with the hot hat.,24,describer,1,FALSE,NA,2089
Uh-huh.,23,matcher,2,TRUE,NA,2089
"Uh, this would be walking, guys.",24,describer,1,FALSE,NA,2090
"The left foot, like that.",24,describer,2,FALSE,NA,2090
Yes.,23,matcher,3,TRUE,NA,2090
This is being capable.,24,describer,1,FALSE,NA,2091
"Oh, there.",23,matcher,2,TRUE,NA,2091
"Uh, the kid riding on the animal.",24,describer,1,FALSE,NA,2092
Okay.,23,matcher,2,TRUE,NA,2092
Is this the toilet?,24,describer,1,FALSE,NA,2093
The flower?,23,matcher,2,FALSE,NA,2093
"Oh, sorry.",23,matcher,3,TRUE,NA,2093
"No, the toilet.",24,describer,4,FALSE,NA,2093
Sorry.,23,matcher,5,TRUE,NA,2093
"I think we must pronounce that word differently, because that's always the one that trips me up.",23,matcher,6,TRUE,NA,2093
Makes sense.,23,matcher,7,TRUE,NA,2093
"Oh, now it's the phone.",24,describer,1,FALSE,NA,2094
"OK. Oh, this is the house.",24,describer,1,FALSE,NA,2095
Yay.,23,matcher,2,TRUE,NA,2095
"Um, guy with two heads.",24,describer,1,FALSE,NA,2096
"Um, the yoga guy.",24,describer,1,FALSE,NA,2097
Okay.,23,matcher,2,TRUE,NA,2097
It's the diagonal animal.,23,describer,1,FALSE,NA,2098
It's the house.,23,describer,1,FALSE,NA,2099
This guy is sort of holding his arms up to the sky.,23,describer,1,FALSE,NA,2100
And he's leaning to his left.,23,describer,2,FALSE,NA,2100
He's sort of sitting and looking down.,23,describer,1,FALSE,NA,2101
He's sitting with his legs facing the left.,23,describer,2,FALSE,NA,2101
He's got sort of a hunchback.,23,describer,3,FALSE,NA,2101
Yeah.,24,matcher,4,TRUE,NA,2101
Or maybe he's looking up.,23,describer,5,FALSE,NA,2101
I don't know.,23,describer,6,TRUE,NA,2101
I think you thought he was looking up.,23,describer,7,FALSE,NA,2101
Yeah.,23,describer,8,TRUE,NA,2101
It's a house with an arrow.,23,describer,1,FALSE,NA,2102
That's it.,23,describer,2,TRUE,NA,2102
what okay it's the crab,23,describer,1,FALSE,NA,2103
um it sort of looks like a horse it has like a tail and a head that's facing the left,23,describer,1,FALSE,NA,2104
It's another animal that's also facing the left.,23,describer,1,FALSE,NA,2105
"Yeah, I got it.",24,matcher,2,TRUE,NA,2105
It's the guy on the toilet.,23,describer,1,FALSE,NA,2106
um this person sort of has a downward facing triangle on the bottom right,23,describer,1,FALSE,NA,2107
um and they're sort of they've got arms that are pointing to the left and then another thing that's pointing or sorry arms are pointing to the,23,describer,2,FALSE,NA,2107
"Right below that, there's a thing pointing to the left, and right below that is a triangle, and then another triangle.",23,describer,3,FALSE,NA,2107
"So it kind of looks like it's, like, sticking out with its arms out, or...",23,describer,4,FALSE,NA,2107
"It, like, has...",23,describer,5,TRUE,NA,2107
"I guess it sort of has, like, its arms out, but in different directions.",23,describer,6,FALSE,NA,2107
"And then a skirt, and then feet.",23,describer,7,FALSE,NA,2107
"Um, it sort of looks like it would be a letter in like a Greek or Hebrew alphabet.",23,describer,1,FALSE,NA,2108
"Um, it's a guy holding wine.",23,describer,1,FALSE,NA,2109
Gotcha.,24,matcher,2,TRUE,NA,2109
It's the kid riding an animal.,23,describer,1,FALSE,NA,2110
It's the guy whose left side is a square and right side is a jagged line.,23,describer,1,FALSE,NA,2111
"Um, it's the guy, it's sort of like holding a plate, but also kneeling.",23,describer,1,FALSE,NA,2112
"Um, but not kneeling all the way.",23,describer,2,FALSE,NA,2112
He's not all the way on the ground.,23,describer,3,FALSE,NA,2112
He's just sort of hunched.,23,describer,4,FALSE,NA,2112
Okay.,24,matcher,5,TRUE,NA,2112
Yeah.,24,matcher,6,TRUE,NA,2112
"Um, it's the guy in the top hat.",23,describer,1,FALSE,NA,2113
"Um, this guy sort of has one foot on the ground and one foot up, and his head is sort of rolling off his back.",23,describer,1,FALSE,NA,2114
Okay.,24,matcher,2,TRUE,NA,2114
Does it have a weird shape?,24,matcher,3,FALSE,NA,2114
It is a weird shape.,23,describer,4,FALSE,NA,2114
Okay.,24,matcher,5,TRUE,NA,2114
Yeah.,24,matcher,6,TRUE,NA,2114
"Maybe he's a dinosaur holding a pickaxe, I don't know.",23,describer,7,FALSE,NA,2114
"Oh, that's a good one.",24,matcher,8,TRUE,NA,2114
"Um, this is an animal that sort of looks like a duck facing right.",23,describer,1,FALSE,NA,2115
"This is, I think, the thing you thought maybe looked like a seahorse.",23,describer,1,FALSE,NA,2116
"Oh, uh... Or a telephone.",23,describer,2,FALSE,NA,2116
I don't know.,24,matcher,3,TRUE,NA,2116
A telephone's so much better.,24,matcher,4,FALSE,NA,2116
Okay.,24,matcher,5,TRUE,NA,2116
This is the boat.,23,describer,1,FALSE,NA,2117
"Um, this is the dancing dude.",23,describer,1,FALSE,NA,2118
"Not the ballet guy, he's trying out a new dance move.",23,describer,2,FALSE,NA,2118
The flower.,23,describer,1,FALSE,NA,2119
"Um, he has like two ears.",23,describer,1,FALSE,NA,2120
He looks like a bunny.,23,describer,2,FALSE,NA,2120
The whale.,23,describer,1,FALSE,NA,2121
The cactus.,23,describer,1,FALSE,NA,2122
The guy holding a plate.,23,describer,1,FALSE,NA,2123
"Um, the guy riding a... Or a kid riding an animal.",23,describer,1,FALSE,NA,2124
"Another kid riding a different animal, but...",23,describer,2,FALSE,NA,2124
Okay.,24,matcher,3,TRUE,NA,2124
"Um, ballet dude?",23,describer,1,FALSE,NA,2125
The upside down tree.,23,describer,1,FALSE,NA,2126
The angel.,23,describer,1,FALSE,NA,2127
The walker.,23,describer,1,FALSE,NA,2128
The guy with two heads.,23,describer,1,FALSE,NA,2129
The guy who's kneeling.,23,describer,1,FALSE,NA,2130
"Like, all the way kneeling.",23,describer,2,FALSE,NA,2130
And holding something.,23,describer,3,FALSE,NA,2130
The guy with just shoulders.,23,describer,1,FALSE,NA,2131
the yoga guy,23,describer,1,FALSE,NA,2132
and the guy who's reading a book with like a weird tuft of hair at the top okay,23,describer,1,FALSE,NA,2133
okay so the shape looks like um oh my gosh so there is a tiny little rhombus like a square um at the very top and it's tilted ever so slightly to the left and then underneath it it's um like,26,describer,1,FALSE,NA,2134
"a very jagged shape, almost like it looks like a cliff.",26,describer,2,FALSE,NA,2134
It kind of looks like the rhombus or the square is pushing like a triangle off of a cliff.,26,describer,3,FALSE,NA,2134
What else?,25,matcher,4,TRUE,NA,2134
The triangle that it's pushing is kind of off to the right.,26,describer,5,FALSE,NA,2134
"And oh, I don't know.",25,matcher,6,TRUE,NA,2134
the bottom of the shape has like kind of a little triangle that's peeking out from the more the larger like geometric shape,26,describer,7,FALSE,NA,2134
the little triangle kind of peeking out towards the left and it's sort of underneath like,26,describer,8,FALSE,NA,2134
oh i'm so sorry i i didn't i'm i'm sorry okay sorry,25,matcher,9,FALSE,NA,2134
"Okay, so this shape looks like basically kind of a person kneeling and putting their hands out in front of them, their hands are kind of facing to the right.",26,describer,1,FALSE,NA,2135
"And so right, it's got like that diamond shape at the top, that's the head.",26,describer,2,FALSE,NA,2135
"And then they're kind of kneeling on the ground, and it looks like their legs are kind of sticking back up behind them.",26,describer,3,FALSE,NA,2135
"And they've got their hands kind of out in front of them, like they're presenting something to the right of them.",26,describer,4,FALSE,NA,2135
The left side of the shape kind of... Yeah.,26,describer,5,FALSE,NA,2135
"Okay, this one looks like a house with an arrow to the left of it.",26,describer,1,FALSE,NA,2136
Yeah.,25,matcher,2,TRUE,NA,2136
Oh my gosh.,25,matcher,3,TRUE,NA,2136
"Okay, so this one, once again, has that diamond square shape at the top of it.",26,describer,1,FALSE,NA,2137
It's pointing up and down.,26,describer,2,FALSE,NA,2137
It's not tilted at all.,26,describer,3,FALSE,NA,2137
"And then it kind of looks... Underneath it is... Oh my gosh, I don't even know how to describe it.",26,describer,4,FALSE,NA,2137
"So the very, very bottom of the shape is a tiny triangle that's pointed downwards off to the right.",26,describer,5,FALSE,NA,2137
And then that is kind of attached to a larger triangle pointing upwards.,26,describer,6,FALSE,NA,2137
"The whole shape, I guess, kind of looks like somebody.",26,describer,7,FALSE,NA,2137
Yeah.,25,matcher,8,TRUE,NA,2137
Great.,25,matcher,9,TRUE,NA,2137
"Okay, this one looks like there is a diamond, and it's just on a cliff.",26,describer,1,FALSE,NA,2138
"Like, it's the head shape that's kind of pointing, like, normally up and down, and then it's on, like, on top of just a geometric shape that looks like a cliff.",26,describer,2,FALSE,NA,2138
"It's not, like, falling off the cliff or anything, but it's just...",26,describer,3,FALSE,NA,2138
okay this one kind of looks like a guy doing um martial arts almost so um you've got like the normal the the head shape right that that up that that vertical diamond piece and then um,26,describer,1,FALSE,NA,2139
the bottom of it the that is on top of like a shape with it's got a like a trapezoidal piece sticking out to the right,26,describer,2,FALSE,NA,2139
and there is a triangular cutout on the left um and on the right i guess there's there's like two triangular cutouts um,26,describer,3,FALSE,NA,2139
"But yeah, so the left side of the shape is essentially it's like flat except for one triangular cut out",26,describer,4,FALSE,NA,2139
"and then the right side of a shape of the shape has like a longer, thinner piece kind of protruding from it.",26,describer,5,FALSE,NA,2139
Yeah.,26,describer,6,TRUE,NA,2139
"Okay, this one is kind of like the other one where the person was kneeling and pointing to the right, but it doesn't have the little piece sticking up on the left.",26,describer,1,FALSE,NA,2140
"So it looks like a person facing to the right with their hands pointed out in front of them, but they're kind of squatting rather than, yeah, kneeling.",26,describer,2,FALSE,NA,2140
"Okay, this one looks like a person who is standing on just one leg and their other leg is kind of kicked out in front of them.",26,describer,1,FALSE,NA,2141
The square little headpiece is tilted back to the right.,26,describer,2,FALSE,NA,2141
And then they've also got...,26,describer,3,FALSE,NA,2141
"Like, I guess almost like their arms kind of sticking out in front of them and like down.",26,describer,4,FALSE,NA,2141
I don't know.,25,matcher,5,TRUE,NA,2141
So the right side of the shape has like the square on it and then like it's flat.,26,describer,6,FALSE,NA,2141
Yeah.,25,matcher,7,TRUE,NA,2141
"Okay, this one is a symmetrical shape.",26,describer,1,FALSE,NA,2142
It kind of looks like a pine cone.,26,describer,2,FALSE,NA,2142
It's got a flat square at the top and then like two triangular pieces.,26,describer,3,FALSE,NA,2142
"This one kind of looks like, I guess, a dog almost?",26,describer,1,FALSE,NA,2143
"It doesn't have a tail or anything, but it's got like a trapezoidal piece at the very top,",26,describer,2,FALSE,NA,2143
"and then like a neck that connects it down to a body, and then the front legs are trapezoidal, and then the...",26,describer,3,FALSE,NA,2143
I guess more like a parallelogram.,26,describer,4,FALSE,NA,2143
"They're parallelograms, not trapezoids.",26,describer,5,FALSE,NA,2143
But then the back legs is like two triangles stuck together.,26,describer,6,FALSE,NA,2143
Yeah.,25,matcher,7,TRUE,NA,2143
This one is also a symmetrical shape.,26,describer,1,FALSE,NA,2144
It has the square pointing with like a corner pointing up to the top.,26,describer,2,FALSE,NA,2144
"And then underneath it, it kind of looks like, I guess, almost like a hat?",25,matcher,3,FALSE,NA,2144
Not really.,26,describer,4,FALSE,NA,2144
"So it's symmetrical and underneath the little square pointing up is like a little, like a thinner piece.",26,describer,5,FALSE,NA,2144
"This one looks like a person holding like a wine glass or like a martini glass almost, I guess.",26,describer,1,FALSE,NA,2145
So there's the very top of the shape has the square head that's pointing like up.,26,describer,2,FALSE,NA,2145
And then there's also like a little triangle piece kind of holding off to the side.,26,describer,3,FALSE,NA,2145
Yeah.,25,matcher,4,TRUE,NA,2145
"Okay, this one looks like a ghost.",26,describer,1,FALSE,NA,2146
It's got the very top of it has like two kind of triangular cutouts.,26,describer,2,FALSE,NA,2146
And so it kind of looks like it's raising its hands up a little bit.,26,describer,3,FALSE,NA,2146
And then like the body gets thinner and kind of crooks out to the right.,26,describer,4,FALSE,NA,2146
But so the top half of it is symmetrical.,26,describer,5,FALSE,NA,2146
And then there's two kind of pieces that come off.,26,describer,6,FALSE,NA,2146
There's one piece that comes off and then down to the right of it.,26,describer,7,FALSE,NA,2146
It reminds me of a ghost.,26,describer,8,FALSE,NA,2146
I think I already said that.,26,describer,9,TRUE,NA,2146
"So, yeah.",26,describer,10,TRUE,NA,2146
The bottom half kind of has like two parallelogram shapes almost.,26,describer,11,FALSE,NA,2146
And then the top half has like what looks like two triangles stuck to like a house shape.,26,describer,12,FALSE,NA,2146
Yeah.,26,describer,13,TRUE,NA,2146
"This one looks like a tiny dog riding on top of a slightly larger dog, or I guess almost a horse.",26,describer,1,FALSE,NA,2147
"So there's a little square and then a parallelogram, and those are on top of what looks like a horse kind of running.",26,describer,2,FALSE,NA,2147
This one just looks like a baby kind of swaddled together.,26,describer,1,FALSE,NA,2148
So it's got like that square that's pointed up towards the top and then its body is kind of just like a blob.,26,describer,2,FALSE,NA,2148
This one looks like... kind of a fish wearing a top hat.,26,describer,1,FALSE,NA,2149
"But like, instead of it... or...",26,describer,2,TRUE,NA,2149
"Okay, so like, there's a flat square at the very top of the shape, and then the very bottom of the shape has two triangles kind of jutting off to the bottom.",26,describer,3,FALSE,NA,2149
"And I guess, like, it looks like it's a fish with like a jetpack and a top hat on.",26,describer,4,FALSE,NA,2149
Yeah.,26,describer,5,TRUE,NA,2149
This one looks like someone taking a step to their left and they've got like their hands kind of pushing out to the left too.,26,describer,1,FALSE,NA,2150
It's got the head.,26,describer,2,FALSE,NA,2150
Yeah.,26,describer,3,TRUE,NA,2150
"Okay, this one looks like that little...",26,describer,1,FALSE,NA,2151
The diamond head shape on a pedestal.,26,describer,2,FALSE,NA,2151
Or almost like a toilet.,26,describer,3,FALSE,NA,2151
Like at the very top back part of a toilet.,26,describer,4,FALSE,NA,2151
Or like a pedestal.,26,describer,5,FALSE,NA,2151
It's got...,26,describer,6,TRUE,NA,2151
"Okay, this one looks like a girl with a bow in her hair and she's sitting against something to her left and it's kind of got like her knees scratched up in front of her.",26,describer,1,FALSE,NA,2152
So it's got two triangle pieces.,26,describer,2,FALSE,NA,2152
Awesome.,25,matcher,3,TRUE,NA,2152
This is a symmetrical shape.,26,describer,1,FALSE,NA,2153
"Oh my god, I don't even know how to describe what it looks like.",26,describer,2,TRUE,NA,2153
But it's got kind of like a trapezoid cut out from the top.,26,describer,3,FALSE,NA,2153
"Okay, this one kind of looks like a swan laying an egg.",26,describer,1,FALSE,NA,2154
Or a triangular egg.,26,describer,2,FALSE,NA,2154
Or a triangular poop.,26,describer,3,FALSE,NA,2154
I don't know.,25,matcher,4,TRUE,NA,2154
It's got...,25,matcher,5,TRUE,NA,2154
This one looks like a person sitting against something to their right and they've got their knees kind of scrunched up and their head tilted down towards their legs a little bit.,26,describer,1,FALSE,NA,2155
You can kind of see their feet,26,describer,2,FALSE,NA,2155
This one looks like a horse that doesn't have any front legs.,26,describer,1,FALSE,NA,2156
"So it's got kind of a triangular head and then like two kind of trapezoids for a body and then a triangular like back feet, but it doesn't have any like front legs.",26,describer,2,FALSE,NA,2156
"Um, it's, uh, yeah.",25,matcher,3,TRUE,NA,2156
"Okay, this one kind of looks like someone doing a dance, almost?",26,describer,1,FALSE,NA,2157
It's got a long flowy dress with a train out to the back.,26,describer,2,FALSE,NA,2157
"It's got the head tilted way back and to the left, and there's a small triangle at the very bottom that's jutting out to the right.",26,describer,3,FALSE,NA,2157
And then the rest of the bottom of the shape looks like a long train on a dress.,26,describer,4,FALSE,NA,2157
"Okay, this one kind of looks like a shrimp, I guess, almost.",26,describer,1,FALSE,NA,2158
"Or maybe like a pistol, like a gun.",26,describer,2,FALSE,NA,2158
"It's got kind of a parallelogram-like shape at the very top, and then...",26,describer,3,FALSE,NA,2158
This one looks like someone trying to take flight or like an angel almost.,26,describer,1,FALSE,NA,2159
It's got like two kind of parallelogram wings coming off of a parallelogram body.,26,describer,2,FALSE,NA,2159
"And then it's got like the little head, the square head at the top.",26,describer,3,FALSE,NA,2159
"And it looks like the person's like leaning to the left and is trying to take flight or is flying through the air, kind of shifted left.",26,describer,4,FALSE,NA,2159
The...,26,describer,5,TRUE,NA,2159
Square top of the head is tilted to the left a little bit as well.,26,describer,6,FALSE,NA,2159
And it kind of.,26,describer,7,TRUE,NA,2159
"Oh, I don't know.",26,describer,8,TRUE,NA,2159
Yeah.,26,describer,9,TRUE,NA,2159
This one looks like a person sitting on a dog or like a horse that's moving.,26,describer,1,FALSE,NA,2160
"So it's got a square, it's a tiny square head and a triangular body on top of like a little, yeah.",26,describer,2,FALSE,NA,2160
This one looks like someone holding out like a square gift.,26,describer,1,FALSE,NA,2161
So the very top of the shape has like a small triangle pointing to the left and then,26,describer,2,FALSE,NA,2161
"Okay, this one looks like someone facing to the left and,",26,describer,1,FALSE,NA,2162
"like, holding their hands out, but they've got, like, long, like, flowy sleeves on, so you,",26,describer,2,FALSE,NA,2162
"like, you can see their hands kind of out, and then, like, their sleeves are looking down.",26,describer,3,FALSE,NA,2162
"This person is, like, facing to the left.",26,describer,4,FALSE,NA,2162
"It's got that head shape, that, like, square, rhombus shape pointing up, and then the body is kind of, like, yeah.",26,describer,5,FALSE,NA,2162
This one looks like a horse prancing around.,26,describer,1,FALSE,NA,2163
It has a triangle head at the very top.,26,describer,2,FALSE,NA,2163
"This one has, at the very top of the shape, has two little triangle pieces jutting out and towards the left.",26,describer,1,FALSE,NA,2164
"It also has the square piece, but that is down towards the bottom.",26,describer,2,FALSE,NA,2164
I don't really know what it looks like.,26,describer,3,TRUE,NA,2164
okay this one has uh it's it's a very geometric shape,26,describer,1,FALSE,NA,2165
it doesn't really look like a person or anything or like an animal or anything,26,describer,2,FALSE,NA,2165
it has like at the very very top like a trapezoid connected to like a long rectangle uh,26,describer,3,FALSE,NA,2165
and and then there's like also like a large triangle jutting out to the left of it uh it has like,26,describer,4,FALSE,NA,2165
in the top right it has like a square cut out with like a little triangle piece also missing.,26,describer,5,FALSE,NA,2165
Yeah.,25,matcher,6,TRUE,NA,2165
Okay this shape kind of looks like a lamp post with like two kind of speakers jutting out from it or or like two sides kind of jutting out from it.,26,describer,1,FALSE,NA,2166
It's,26,describer,2,TRUE,NA,2166
"This one looks like a brachiosaurus, but like with no legs.",26,describer,1,FALSE,NA,2167
So it's got like a very square rectangular base and a long tall neck.,26,describer,2,FALSE,NA,2167
This one looks like someone ice skating or like a ballerina like in arabesque.,26,describer,1,FALSE,NA,2168
Like they're putting their leg out behind them and they've got their two arms kind of sticking out to the front.,26,describer,2,FALSE,NA,2168
This one looks like a house with like a really tall smokestack to the right of it or like a tall chimney to the right of it.,26,describer,1,FALSE,NA,2169
Okay.,25,describer,1,TRUE,NA,2170
This one looks like a bamboo shoot.,25,describer,2,FALSE,NA,2170
Or you described it as a telephone pole with two speakers coming out of it.,25,describer,3,FALSE,NA,2170
Yes.,26,matcher,4,TRUE,NA,2170
Very vertical.,25,describer,5,FALSE,NA,2170
Can you be a little bit louder?,26,matcher,6,TRUE,NA,2170
Yeah.,26,matcher,7,TRUE,NA,2170
Okay.,26,matcher,8,TRUE,NA,2170
This one looks like a shrimp.,25,describer,1,FALSE,NA,2171
Yes.,26,matcher,2,TRUE,NA,2171
The shrimp?,26,matcher,3,FALSE,NA,2171
"Yeah, the shrimp.",25,describer,4,FALSE,NA,2171
"This one, you described it as a fish, but I think it formed it as a scuba diver.",25,describer,1,FALSE,NA,2172
"Oh, shoot.",26,matcher,2,TRUE,NA,2172
That was the wrong button.,26,matcher,3,TRUE,NA,2172
This one looks like the dancer with the long dress out to the left.,25,describer,1,FALSE,NA,2173
Has a square tilted slightly to the left as the head.,25,describer,2,FALSE,NA,2173
Out to the right there's a triangle.,25,describer,3,FALSE,NA,2173
That's her foot kind of.,25,describer,4,FALSE,NA,2173
This one's the pine cone.,25,describer,1,FALSE,NA,2174
Very symmetrical.,25,describer,2,FALSE,NA,2174
"Square on top, flat square.",25,describer,3,FALSE,NA,2174
And then zigzaggy on both sides.,25,describer,4,FALSE,NA,2174
Flat square on the top.,25,describer,5,FALSE,NA,2174
"Okay, this one has a small triangle pointed to the left as the head, and at the bottom it's carrying a little square to the left.",25,describer,1,FALSE,NA,2175
"Okay, this one is a...",25,describer,1,TRUE,NA,2176
So the square head is a diamond on a flat lip.,25,describer,2,FALSE,NA,2176
"It's flat on the left, and then to the right it's a bit more jagged.",25,describer,3,FALSE,NA,2176
"Okay, this one is kind of hard to describe, but on top,",25,describer,1,FALSE,NA,2177
"For the first half, it's pretty symmetrical, but then there's something that jumps out at the bottom to the right.",25,describer,2,FALSE,NA,2177
And there's a triangle on top.,25,describer,3,FALSE,NA,2177
It's very jagged on top.,25,describer,4,FALSE,NA,2177
"It is symmetrical on top, but then it jumps out to the right.",25,describer,5,FALSE,NA,2177
"OK, this is the house with the smokestack.",25,describer,1,FALSE,NA,2178
Pretty straightforward.,25,describer,2,FALSE,NA,2178
"Okay, there's a lot going on in this one.",25,describer,1,FALSE,NA,2179
It looks like a person with a skirt sitting down.,25,describer,2,FALSE,NA,2179
"There's feet out to the right and there's an upright diamond head or, you know, the square diamond head.",25,describer,3,FALSE,NA,2179
There's something pointing out to the left.,25,describer,4,FALSE,NA,2179
And her arms are kind of pointed to the right.,25,describer,5,FALSE,NA,2179
So she's wearing a... And the skirt is like an upright triangle.,25,describer,6,FALSE,NA,2179
It's like a big upright triangle.,25,describer,7,FALSE,NA,2179
And she has feet out to the bottom right.,25,describer,8,FALSE,NA,2179
And her head is a diamond.,25,describer,9,FALSE,NA,2179
"I mean, a square diamond.",25,describer,10,FALSE,NA,2179
And it's upright.,26,matcher,11,FALSE,NA,2179
"And, yeah, her...",26,matcher,12,TRUE,NA,2179
"Okay, there's a lot going on in this one, too.",25,describer,1,FALSE,NA,2180
"It's kind of like a jagged cliff, and to the left, there's a lot more jagged stuff on this cliff, and there's a square on top, and it's pushing off a triangle to the right.",25,describer,2,FALSE,NA,2180
"Yeah, and the square is tilted, yeah.",25,describer,3,FALSE,NA,2180
"Okay, this one is the arabesque dancer with the beat pointing to the right.",25,describer,1,FALSE,NA,2181
"Alright, this one...",25,describer,1,TRUE,NA,2182
"uh, I disagree with the way you described this.",25,describer,2,FALSE,NA,2182
"I mean, it looks like you said, it looks like someone with wings trying to fly away.",25,describer,3,FALSE,NA,2182
"I think it's more of a guy just, you know, having a good time.",25,describer,4,FALSE,NA,2182
"Uh, his arms are raised.",25,describer,5,FALSE,NA,2182
"It's a, uh, parallel.",25,describer,6,FALSE,NA,2182
The body is a giant parallelogram pointed to the right.,25,describer,7,FALSE,NA,2182
The head is a diamond tilted to the left.,25,describer,8,FALSE,NA,2182
"Um, and you know, it's got the wings or the arms out raised, outstretched, you know, um,",25,describer,9,FALSE,NA,2182
"Okay, this is a giraffe with a brachiosaurus.",25,describer,1,FALSE,NA,2183
Square body at the bottom.,25,describer,2,FALSE,NA,2183
Very long neck.,25,describer,3,FALSE,NA,2183
"Oh, this is the person sitting down with the ball is on the right.",25,describer,1,FALSE,NA,2184
So you can see it's flat on the right.,25,describer,2,FALSE,NA,2184
The head is tilted down slightly to the left.,25,describer,3,FALSE,NA,2184
Their legs are bent.,25,describer,4,FALSE,NA,2184
It's a triangle at the bottom.,25,describer,5,FALSE,NA,2184
"Uh, yeah.",25,describer,6,TRUE,NA,2184
"Okay, this is a very symmetrical, hard to describe one.",25,describer,1,FALSE,NA,2185
"Um, however, there is a trapezoid cut out from top of it.",25,describer,2,FALSE,NA,2185
"Um, and yeah, it's symmetrical.",25,describer,3,FALSE,NA,2185
"Uh, yeah.",25,describer,4,TRUE,NA,2185
"Okay, this, uh,",25,describer,1,TRUE,NA,2186
"Oh, wine glass.",25,describer,2,FALSE,NA,2186
"Yeah, person with a wine glass.",25,describer,3,FALSE,NA,2186
The upright diamond head.,25,describer,4,FALSE,NA,2186
And the wine glass is to the left.,25,describer,5,FALSE,NA,2186
"Okay, this is a horse without a leg.",25,describer,1,FALSE,NA,2187
"You know, it has the triangle head.",25,describer,2,FALSE,NA,2187
"And to the right, it has the triangle foot.",25,describer,3,FALSE,NA,2187
"Okay, this one has the square diamond head shape pointed up towards the top, and then it has a trapezoid jutting out to the left.",26,describer,1,FALSE,NA,2188
"And at the very, very bottom of this shape is a little tiny triangle pointed down.",26,describer,2,FALSE,NA,2188
It's kind of hard to describe overall.,26,describer,3,FALSE,NA,2188
But like at the bottom right is a tiny pointed down triangle.,26,describer,4,FALSE,NA,2188
And then that kind of connects to a larger triangle that's pointed upwards and that connects to the main part of the shape.,26,describer,5,FALSE,NA,2188
This one is the house with the smokestack to the right of it.,26,describer,1,FALSE,NA,2189
"Okay, this one is the one with the square pushing the triangle off the cliff, right?",26,describer,1,FALSE,NA,2190
"To the left, it's a very jagged, cliff-like shape, and then the right has the square at the very top, and then the triangle being pushed off.",26,describer,2,FALSE,NA,2190
This one is the person sitting to the with their back to something to the right of them and it's got like they're held tilted down to the left and their knees kind of stretched to the left.,26,describer,1,FALSE,NA,2191
"This one is the horse without any front legs, right?",26,describer,1,FALSE,NA,2192
It's got that triangle top head part and then it's,26,describer,2,FALSE,NA,2192
"This is the person with the wine glass, right?",26,describer,1,FALSE,NA,2193
"It's got the, yeah.",26,describer,2,TRUE,NA,2193
"Okay, this is the one that we said is really hard to describe and it's got like the very jagged top.",26,describer,1,FALSE,NA,2194
"It's got like two triangle cutouts from the top and then it has, so it has the symmetrical top and then like the piece sticking out from the bottom.",26,describer,2,FALSE,NA,2194
This is the shrimp or the nagal.,26,describer,1,FALSE,NA,2195
"Okay, this is the really hard to describe symmetrical one with the trapezoid cut out at the top.",26,describer,1,FALSE,NA,2196
"This is the very tall, vertical...",26,describer,1,FALSE,NA,2197
"I called it a lamppost with speakers jumping out of it, but you...",26,describer,2,FALSE,NA,2197
"Okay, this is the one that I got wrong.",26,describer,1,FALSE,NA,2198
"It's the dancer one with the long, train, flowy dress at the back of it.",26,describer,2,FALSE,NA,2198
This is the one that you disagreed with my assessment.,26,describer,1,FALSE,NA,2199
"I called it like a flying person, but you said it was kind of just like a guy having a good time.",26,describer,2,FALSE,NA,2199
He's got his arms up.,26,describer,3,FALSE,NA,2199
"This is the giraffe, you called it, or the brachiosaurus with no legs.",26,describer,1,FALSE,NA,2200
It's got like the tall big neck.,26,describer,2,FALSE,NA,2200
This is the ballerina with the leg out behind them to the right and then like their two arms sticking out to the left.,26,describer,1,FALSE,NA,2201
It's got that promise shaped head.,26,describer,2,FALSE,NA,2201
"Okay, this one is also very hard to describe.",26,describer,1,FALSE,NA,2202
"At the very top, it has a tiny little triangle pointing to the left, and then farther down, it kind of looks like it's holding, like, a box or, like, that diamond square shape.",26,describer,2,FALSE,NA,2202
"This is the one that kind of just looks like a square on a cliff, right?",26,describer,1,FALSE,NA,2203
The right side of the shape is very jagged while the left side of the shape is very smooth.,26,describer,2,FALSE,NA,2203
And then at the very top of it is a square.,26,describer,3,FALSE,NA,2203
"This is the pine cone, right?",26,describer,1,FALSE,NA,2204
It's very symmetrical.,26,describer,2,FALSE,NA,2204
It's got like a square at the top and two,26,describer,3,FALSE,NA,2204
"This is the one you call the scuba diver, which is a much better assessment than a fish wearing a top hat.",26,describer,1,FALSE,NA,2205
The one we disagreed on is the guy having a good time with the person flying away with the wings.,25,describer,1,FALSE,NA,2206
"Tilted, head locked, diamond.",25,describer,2,FALSE,NA,2206
"It's the shrimp or the gun or the telephone, a thing coming out of it.",25,describer,1,FALSE,NA,2207
"Okay, this is the horse and the legs.",25,describer,1,FALSE,NA,2208
This is for kind of a...,25,describer,1,TRUE,NA,2209
"Okay, this is the one I described as a girl sitting down with a skirt and to the right she has legs.",25,describer,2,FALSE,NA,2209
A downward facing triangle is her legs down to the bottom right.,25,describer,3,FALSE,NA,2209
And her skirt is a big triangle.,25,describer,4,FALSE,NA,2209
She has something coming out of her back.,25,describer,5,FALSE,NA,2209
And she's facing to the right.,25,describer,6,FALSE,NA,2209
She has a upright head.,25,describer,7,FALSE,NA,2209
Upright diamond head.,25,describer,8,FALSE,NA,2209
"Um... Yeah, basically, yeah.",25,describer,9,TRUE,NA,2209
"Okay, this is the guy sitting down to, uh... Go with the wall to the right.",25,describer,1,FALSE,NA,2210
"And he has his head, uh...",25,describer,2,FALSE,NA,2210
"I'm sorry, could he be a little bit louder?",26,matcher,3,TRUE,NA,2210
"Okay, sorry.",25,describer,4,TRUE,NA,2210
"Yeah, yeah, of course.",25,describer,5,TRUE,NA,2210
"Okay, sorry about that.",25,describer,6,TRUE,NA,2210
"So he is sitting, which is back to the wall to the right.",25,describer,7,FALSE,NA,2210
He's sitting down.,25,describer,8,FALSE,NA,2210
His feet are triangle.,25,describer,9,FALSE,NA,2210
That's a lot better.,26,matcher,10,TRUE,NA,2210
Thank you.,26,matcher,11,TRUE,NA,2210
"And, yes.",26,matcher,12,TRUE,NA,2210
"Okay, this is the cliff where the left side is flat and the right side is jagged and there is a diamond on top pointing upwards.",25,describer,1,FALSE,NA,2211
"Okay, this is the hard to describe one.",25,describer,1,FALSE,NA,2212
A small triangle pointing to the left head.,25,describer,2,FALSE,NA,2212
And this thing is carrying a square.,25,describer,3,FALSE,NA,2212
"And yeah, the square is to the bottom.",25,describer,4,FALSE,NA,2212
"Okay, this is the arabesque dance.",25,describer,1,FALSE,NA,2213
He said there was two arms pointed to the left.,25,describer,2,FALSE,NA,2213
"And to the right, there is a triangle.",25,describer,3,FALSE,NA,2213
okay this is the square pushing the triangle off the cliff to the left flip it's very jagged uh to the right it's not as jagged but the triangle is probably still gonna get hurt,25,describer,1,FALSE,NA,2214
um yeah this is a hard to describe it's symmetrical at the top and,25,describer,1,FALSE,NA,2215
"out to the right, jagged at the top.",25,describer,2,FALSE,NA,2215
Symmetrical and jagged at the top.,25,describer,3,FALSE,NA,2215
"Okay, this is the one, I hate to say it, but you got it wrong.",25,describer,1,FALSE,NA,2216
"It has a long, flowy dress to the left, and a square head, it's like a dancer, and a foot to the right with a hook at",25,describer,2,FALSE,NA,2216
"Okay, this is wine glass.",25,describer,1,FALSE,NA,2217
Wine glass person.,25,describer,2,FALSE,NA,2217
We have an upright diamond head.,25,describer,3,FALSE,NA,2217
"Okay, house with a smokestack.",25,describer,1,FALSE,NA,2218
Long rectangle.,25,describer,2,FALSE,NA,2218
Pinecone.,25,describer,1,FALSE,NA,2219
"Square, flat at the top.",25,describer,2,FALSE,NA,2219
Symmetrical.,25,describer,3,FALSE,NA,2219
Zigzaggy on both sides.,25,describer,4,FALSE,NA,2219
"Okay, this is the symmetrical, hard to describe figure with a trapezoid cut out of it.",25,describer,1,FALSE,NA,2220
Also looks like an upside-down cup is with two parallel cups.,25,describer,2,FALSE,NA,2220
"Okay, this is the scuba diver, or fish with a top hat.",25,describer,1,FALSE,NA,2221
I kind of like the fish with the jetpack too as well.,25,describer,2,FALSE,NA,2221
"This is, uh, the telephone pole with two speakers, or a bamboo shoot with a spike beam.",25,describer,1,FALSE,NA,2222
"So, very vertical.",25,describer,2,FALSE,NA,2222
"Uh, and, yeah.",25,describer,3,TRUE,NA,2222
"Okay, giraffe or brontosaurus?",25,describer,1,FALSE,NA,2223
brontosaurus?,26,matcher,2,FALSE,NA,2223
brontosaurus?,25,describer,3,FALSE,NA,2223
"Okay, this is the person sitting with their back to the right.",26,describer,1,FALSE,NA,2224
They've got their head tilted down.,26,describer,2,FALSE,NA,2224
This is the giraffe that doesn't have any legs.,26,describer,1,FALSE,NA,2225
It's got like the square body.,26,describer,2,FALSE,NA,2225
"This is the guy with his hands in the air, having a good time, he said.",26,describer,1,FALSE,NA,2226
That I said looks like he's flying.,26,describer,2,FALSE,NA,2226
This is the hard to describe one with the really tiny triangle head that looks like it's holding the box.,26,describer,1,FALSE,NA,2227
It's got that tiny triangle up at the top pointing to the left.,26,describer,2,FALSE,NA,2227
This is the pine cone.,26,describer,1,FALSE,NA,2228
"It's symmetrical and has that flat square at the top, the two triangle cutouts on the sides.",26,describer,2,FALSE,NA,2228
This is the scuba diver or fish with a top hat.,26,describer,1,FALSE,NA,2229
This is the one with the square pushing the triangle off the cliff.,26,describer,1,FALSE,NA,2230
The left side is very jagged.,26,describer,2,FALSE,NA,2230
"The right side also is kind of jagged, but is not as...",26,describer,3,FALSE,NA,2230
"Okay, this one is the one you describe as like the girl wearing the skirt.",26,describer,1,FALSE,NA,2231
She's kind of got her arms going one to each side and at the very bottom has that triangle pointing down.,26,describer,2,FALSE,NA,2231
This is the one that I got wrong.,26,describer,1,FALSE,NA,2232
You don't have to hate to say it.,26,describer,2,FALSE,NA,2232
It's the one with the dancer and it's got like a long train going out to the left.,26,describer,3,FALSE,NA,2232
"Okay, this is the hard to describe one that has a very symmetrical top and then like the piece kind of sticking out and down to the right.",26,describer,1,FALSE,NA,2233
It has those spiky cutouts at the top.,26,describer,2,FALSE,NA,2233
"This is the other one that looks like a cliff, but nobody's getting pushed off.",26,describer,1,FALSE,NA,2234
It's just the square at the very top of it.,26,describer,2,FALSE,NA,2234
It's got that flat side on the left and then the jagged side on the right.,26,describer,3,FALSE,NA,2234
This is the wine glass person.,26,describer,1,FALSE,NA,2235
Got that head at the top.,26,describer,2,FALSE,NA,2235
This is the bamboo shoot or the post with...,26,describer,1,FALSE,NA,2236
This is the house with the smokestack to the right of it.,26,describer,1,FALSE,NA,2237
The log.,26,describer,2,FALSE,NA,2237
This is the symmetrical one that's hard to describe.,26,describer,1,FALSE,NA,2238
It has that trapezoidal cutout at the top.,26,describer,2,FALSE,NA,2238
This is the shrimp or the guile.,26,describer,1,FALSE,NA,2239
This is the ballerina sticking her leg out to the back and Arabesque got the two arms out to the front.,26,describer,1,FALSE,NA,2240
This is the horse with no front legs.,26,describer,1,FALSE,NA,2241
"It's got the triangle head, the kind of triangle back legs.",26,describer,2,FALSE,NA,2241
"Okay, this is bamboo shoot.",25,describer,1,FALSE,NA,2242
Okay.,26,matcher,2,TRUE,NA,2242
This is the cliff.,25,describer,1,FALSE,NA,2244
Left side is flat.,25,describer,2,FALSE,NA,2244
Right side is jagged.,25,describer,3,FALSE,NA,2244
Diamond on top.,25,describer,4,FALSE,NA,2244
This is the triangle.,25,describer,1,FALSE,NA,2245
It's being pushed off the cliff.,25,describer,2,FALSE,NA,2245
The square is doing the action.,25,describer,3,FALSE,NA,2245
"Uh, the triangle is being pushed off the cliff by the square off the jagged cliff.",25,describer,4,FALSE,NA,2245
"Um, the left side is very jagged.",25,describer,5,FALSE,NA,2245
The right side is less jagged.,25,describer,6,FALSE,NA,2245
"Okay, this is the scuba diver wearing a special club hat and with little triangle teeth and a jet pack.",25,describer,1,FALSE,NA,2246
"Okay, this is the giraffe, or the bronchiosaurus with no legs.",25,describer,1,FALSE,NA,2247
"Uh, triangle-ish head.",25,describer,2,FALSE,NA,2247
"Okay, this is the, um, hard to describe figure with a small triangle head pointing to the left, and it's carrying a box.",25,describer,1,FALSE,NA,2248
"If you've seen Spirited Away, I think it looks like, um, one of the characters from that.",25,describer,2,FALSE,NA,2248
"Okay, this is the symmetric figure with the trapezoid cut out of it.",25,describer,1,FALSE,NA,2249
"Hard to describe, maybe, if you're not.",25,describer,2,TRUE,NA,2249
"Okay, this is the wine glass person with the long robe on and diamond face.",25,describer,1,FALSE,NA,2250
This is the person with the skirt on.,25,describer,1,FALSE,NA,2251
She's pointing to the right.,25,describer,2,FALSE,NA,2251
Her legs are out to the right.,25,describer,3,FALSE,NA,2251
Chanceling jumping out from the middle to the left.,25,describer,4,FALSE,NA,2251
Diamond head.,25,describer,5,FALSE,NA,2251
She's sitting down.,25,describer,6,FALSE,NA,2251
Horse with no legs.,25,describer,1,FALSE,NA,2252
Triangle head.,25,describer,2,FALSE,NA,2252
triangle feet as well.,25,describer,3,FALSE,NA,2252
This is the shrimp or the gun.,25,describer,1,FALSE,NA,2253
This is the one you got wrong.,25,describer,1,FALSE,NA,2254
I still hate to say it.,25,describer,2,FALSE,NA,2254
There's a square on her head and a flowy dress to the left.,25,describer,3,FALSE,NA,2254
This is the one where it's symmetric at the top and it's not at the bottom.,25,describer,1,FALSE,NA,2255
And it juts out at the bottom.,25,describer,2,FALSE,NA,2255
Bottom right.,25,describer,3,FALSE,NA,2255
House with smokestack.,25,describer,1,FALSE,NA,2256
Smokestack is on the right.,25,describer,2,FALSE,NA,2256
This is one we disagreed on.,25,describer,1,FALSE,NA,2257
Guy's having a good time or he's flying away.,25,describer,2,FALSE,NA,2257
Maybe both.,25,describer,3,TRUE,NA,2257
"Okay, this is the person that's sitting down with the wall is to the right.",25,describer,1,FALSE,NA,2258
And they're looking down.,25,describer,2,FALSE,NA,2258
Their head is a square.,25,describer,3,FALSE,NA,2258
"And they're, yep.",25,describer,4,TRUE,NA,2258
"Okay, this is the pine cone.",25,describer,1,FALSE,NA,2259
Symmetric.,25,describer,2,FALSE,NA,2259
Square on top.,25,describer,3,FALSE,NA,2259
Flat on top as well.,25,describer,4,FALSE,NA,2259
Sure.,25,describer,5,FALSE,NA,2259
"Okay, yeah.",25,describer,6,FALSE,NA,2259
Okay.,25,describer,7,FALSE,NA,2259
Yep.,25,describer,8,FALSE,NA,2259
Sorry about that.,25,describer,9,FALSE,NA,2259
"This is the guy who's either having a good time or is flying, the one we disagreed about.",26,describer,1,FALSE,NA,2260
This is the one that's symmetrical at the top and then juts out at the bottom.,26,describer,1,FALSE,NA,2261
It has those two kind of triangular cutouts at the top.,26,describer,2,FALSE,NA,2261
Kind of looks like a ghost.,26,describer,3,FALSE,NA,2261
"This one is the bamboo chute, or the lamppost with all the speakers.",26,describer,1,FALSE,NA,2262
This is the horse that has no front legs!,26,describer,1,FALSE,NA,2263
This is the pine cone.,26,describer,1,FALSE,NA,2264
It's got the flat square at the top.,26,describer,2,FALSE,NA,2264
This is the person sitting with their back to the wall on the right of them.,26,describer,1,FALSE,NA,2265
They've got their head tilted down.,26,describer,2,FALSE,NA,2265
"This is the cliff that has a very flat side on the left and then a jagged side on the right, and you've got like a square at the top of it.",26,describer,1,FALSE,NA,2266
This is the other cliff that has the square pushing the triangle off of it to the left.,26,describer,1,FALSE,NA,2267
"Or to the right, that's the right.",26,describer,2,FALSE,NA,2267
This is the symmetrical shape that's hard to describe.,26,describer,1,FALSE,NA,2268
It has the trapezoidal cutout at the very top.,26,describer,2,FALSE,NA,2268
This is the house with the smokestack to the right of it.,26,describer,1,FALSE,NA,2269
"Tall,",26,describer,2,FALSE,NA,2269
"This is the giraffe with no legs, or I guess the brachiosaurus with no legs.",26,describer,1,FALSE,NA,2270
This is the person holding a wine glass with the long robe.,26,describer,1,FALSE,NA,2271
The wide glass is like a tiny little upside down triangle off to the left and it has a square head pointing to the top.,26,describer,2,FALSE,NA,2271
This one is the ballerina.,26,describer,1,FALSE,NA,2272
"It's got the leg pointing out and behind him to the right, two arms kind of out to the front.",26,describer,2,FALSE,NA,2272
This is the hard to describe figure with the tiny triangle head and it looks like it's holding a box.,26,describer,1,FALSE,NA,2273
This is the person wearing a skirt and kind of sitting down.,26,describer,1,FALSE,NA,2274
She's got her foot out.,26,describer,2,FALSE,NA,2274
It's like a little triangle pointing down.,26,describer,3,FALSE,NA,2274
This is the scuba diver.,26,describer,1,FALSE,NA,2275
You're good.,25,matcher,2,TRUE,NA,2275
This one is the shrimp or the gun.,26,describer,1,FALSE,NA,2276
Kind of curves around.,26,describer,2,FALSE,NA,2276
This one is the one that I got wrong.,26,describer,1,FALSE,NA,2277
It's the dancer.,26,describer,2,FALSE,NA,2277
She's got the long train on her skirt to the back.,26,describer,3,FALSE,NA,2277
"Okay, this is the person, the hard to describe one, with a triangle, small triangle face, and they're carrying a block.",25,describer,1,FALSE,NA,2278
"Okay, this is the giraffe, no legs, square body.",25,describer,1,FALSE,NA,2279
"All right, this is the bamboo shoot for the telephone pole with speakers.",25,describer,1,FALSE,NA,2280
"This is, oh, new one.",25,describer,1,TRUE,NA,2281
"Oh, boy.",25,describer,2,TRUE,NA,2281
Okay.,25,describer,3,TRUE,NA,2281
"So, this one is symmetrical.",25,describer,4,FALSE,NA,2281
"And to me, it looks like a monk meditating.",25,describer,5,FALSE,NA,2281
"You're facing them from, like, forward.",25,describer,6,FALSE,NA,2281
And they have a diamond face.,25,describer,7,FALSE,NA,2281
They're sitting on the ground.,25,describer,8,FALSE,NA,2281
They're meditating.,25,describer,9,FALSE,NA,2281
Um...,25,describer,10,TRUE,NA,2281
"Okay, this is the diamond on the cliff.",25,describer,1,FALSE,NA,2282
"The left side of the clip is flat, the right side is more jagged.",25,describer,2,FALSE,NA,2282
Diamond is sticking straight up on the flat fling.,25,describer,3,FALSE,NA,2282
"The one you got wrong, or the one that describes wrong.",25,describer,1,FALSE,NA,2283
"You don't have to assign agency, you know.",25,describer,2,FALSE,NA,2283
It's the flowy dress out to the left.,25,describer,3,FALSE,NA,2283
"Alright, this is the symmetric one with the trapezoid cut out of it.",25,describer,1,FALSE,NA,2284
"Semi-hard to describe, I guess.",25,describer,2,TRUE,NA,2284
A house with smokestack.,25,describer,1,FALSE,NA,2285
Very tall smokestack.,25,describer,2,FALSE,NA,2285
This is a new one.,25,describer,1,FALSE,NA,2286
"It looks like a dog keeling, in my opinion.",25,describer,2,FALSE,NA,2286
It doesn't have a tail.,25,describer,3,FALSE,NA,2286
"It's like a dog kind of stretching, pushing back.",25,describer,4,FALSE,NA,2286
The top is a parallelogram.,25,describer,5,FALSE,NA,2286
The dog's face is a parallelogram.,25,describer,6,FALSE,NA,2286
"Alright, this is the hard to describe.",25,describer,1,FALSE,NA,2287
"It's symmetric at the top, and at the bottom to the right, it's jutting out.",25,describer,2,FALSE,NA,2287
The thing is jutting out.,25,describer,3,FALSE,NA,2287
"Alright, this is one we haven't really talked about.",25,describer,1,FALSE,NA,2288
"Oh, there's a new one.",25,describer,2,FALSE,NA,2288
"To me, it looks like a zombie with his head falling off, and he's walking to the left.",25,describer,3,FALSE,NA,2288
"So, yeah, and his arms are raised, but then, like, the cloth is falling down to the left.",25,describer,4,FALSE,NA,2288
"You know, it's walking, it's, yeah.",25,describer,5,FALSE,NA,2288
"Alright, this is one we just screwed on.",25,describer,1,FALSE,NA,2289
It's the flying person having a good time.,25,describer,2,FALSE,NA,2289
"Uh, you know, uh, both arms raised out to the heavens.",25,describer,3,FALSE,NA,2289
"Um, diamond is, diamond head is, yep.",25,describer,4,FALSE,NA,2289
"Alright, this is the person sitting down with their back against the wall.",25,describer,1,FALSE,NA,2290
"To the right, the wall is flat and to the right, and they are looking down.",25,describer,2,FALSE,NA,2290
"Alright, this is the ballerina dancer with their arms out to the left and with their legs lifted to the right.",25,describer,1,FALSE,NA,2291
"Alright, new one.",25,describer,2,TRUE,NA,2291
Arrow is pointing upwards to the left.,25,describer,1,FALSE,NA,2292
It's a house next to a house.,25,describer,2,FALSE,NA,2292
So a house with an arrow next to it.,25,describer,3,FALSE,NA,2292
"Alright, this is very, you described it, it's also a new one.",25,describer,1,FALSE,NA,2293
You described it as very geometric and hard to describe.,25,describer,2,FALSE,NA,2293
I would also agree with that.,25,describer,3,TRUE,NA,2293
"To the left, it's kind of triangular.",25,describer,4,FALSE,NA,2293
"To the right, it's like a diagonal rectangle with some stuff coming out of it.",25,describer,5,FALSE,NA,2293
It could almost be described as an anvil.,25,describer,6,FALSE,NA,2293
I don't know.,25,describer,7,TRUE,NA,2293
"Alright, this is the horse with no legs.",25,describer,1,FALSE,NA,2294
"Or one leg, sorry, one leg.",25,describer,2,FALSE,NA,2294
My bad.,25,describer,3,TRUE,NA,2294
"Alright, this is another new one.",25,describer,1,FALSE,NA,2295
It's a person walking to the left.,25,describer,2,FALSE,NA,2295
"Their left foot has a little triangle on it, but their right foot doesn't really have that triangle.",25,describer,3,FALSE,NA,2295
It's more of just a parallelogram.,25,describer,4,FALSE,NA,2295
And they're pointing to the left.,25,describer,5,FALSE,NA,2295
"All right, this is the, I'm gonna call it a nun.",25,describer,1,FALSE,NA,2296
The nun praying to the right.,25,describer,2,FALSE,NA,2296
And her legs are kind of lifted behind her.,25,describer,3,FALSE,NA,2296
She's not squatting down.,25,describer,4,FALSE,NA,2296
She's kneeling down.,25,describer,5,FALSE,NA,2296
And her legs are lifted behind her.,25,describer,6,FALSE,NA,2296
"Alright, this kind of looks like a...",25,describer,1,FALSE,NA,2297
I think you described it as someone doing kung fu or something.,25,describer,2,FALSE,NA,2297
Or they could be dancing.,25,describer,3,FALSE,NA,2297
They have an upright diamond head.,25,describer,4,FALSE,NA,2297
"Also, this is new.",25,describer,5,FALSE,NA,2297
"And their right foot is, or like, you know, when we're looking at it, on the right, their foot is pointed lower than their left foot.",25,describer,6,FALSE,NA,2297
And they're kind of dancing or fighting of some sort.,25,describer,7,FALSE,NA,2297
"They have arms pointing out to the right, or just one arm, I guess.",25,describer,8,FALSE,NA,2297
Everything on the left is kind of blackout.,25,describer,9,FALSE,NA,2297
"Alright, another new one.",25,describer,1,FALSE,NA,2298
We got a dog riding a bigger dog.,25,describer,2,FALSE,NA,2298
"Not the person riding the horse, but the dog riding the bigger dog.",25,describer,3,FALSE,NA,2298
"The dog, yes.",25,describer,4,FALSE,NA,2298
"All right, this is the person, another new one, you described as having a bow in her hair.",25,describer,1,FALSE,NA,2299
"Yeah, and she's kind of sitting down with the wall against the left side of her.",25,describer,2,FALSE,NA,2299
She's looking down.,25,describer,3,FALSE,NA,2299
"All right, this is the strip or the gun.",25,describer,1,FALSE,NA,2300
"All right, this is the person riding the horse.",25,describer,1,FALSE,NA,2301
Or it could be a dog.,25,describer,2,FALSE,NA,2301
I don't know.,25,describer,3,TRUE,NA,2301
Some sort of animal.,25,describer,4,FALSE,NA,2301
There's a person on it.,25,describer,5,FALSE,NA,2301
And the person's body is a triangle.,25,describer,6,FALSE,NA,2301
"All right, this is the horse.",25,describer,1,FALSE,NA,2302
She's having a good time.,25,describer,2,FALSE,NA,2302
"You know, it's trotting a lot.",25,describer,3,FALSE,NA,2302
Its tail is raised.,25,describer,4,FALSE,NA,2302
"Triangle, yep.",25,describer,5,FALSE,NA,2302
"Alright, this is a kind of another new one, hard to describe.",25,describer,1,FALSE,NA,2303
I would say the head is actually like two triangles and they're kind of like taking a square back and the square is on the left and this person is kicking the square.,25,describer,2,FALSE,NA,2303
"Maybe it's a soccer ball, you know?",25,describer,3,FALSE,NA,2303
Alright.,25,describer,4,TRUE,NA,2303
uh another new one,25,describer,1,FALSE,NA,2304
you described it as the arm is drapey,25,describer,2,FALSE,NA,2304
you know the arm the cloth on the arm is drapey,25,describer,3,FALSE,NA,2304
they're pointed to the left um diamond head they're like giving an offering of some sort,25,describer,4,FALSE,NA,2304
maybe um again with like a robe on so the uh yeah,25,describer,5,FALSE,NA,2304
"Alright, so this is the nun.",25,describer,1,FALSE,NA,2305
So she's done praying.,25,describer,2,FALSE,NA,2305
Now she's just squatting a little bit.,25,describer,3,FALSE,NA,2305
She's getting up.,25,describer,4,FALSE,NA,2305
She's in the process of getting up.,25,describer,5,FALSE,NA,2305
She's pointing to the right.,25,describer,6,FALSE,NA,2305
"And, you know, okay.",25,describer,7,TRUE,NA,2305
"Alright, this is the square pushing the triangle off the cliff.",25,describer,1,FALSE,NA,2306
The left side of the cliff is very more jagged than the right side.,25,describer,2,FALSE,NA,2306
But the right side is still a bit jagged.,25,describer,3,FALSE,NA,2306
all right this is the scuba diver or the fish with the top hat um oh sorry scuba diver or fish with top hat um,25,describer,1,FALSE,NA,2307
triangle legs i guess or triangle feet,25,describer,2,FALSE,NA,2307
all right this is a new one it's a swan laying a triangle egg,25,describer,1,FALSE,NA,2308
"Um, maybe not a swan.",25,describer,2,FALSE,NA,2308
Some big bird of some sort.,25,describer,3,FALSE,NA,2308
Um... Pinecone?,25,describer,1,FALSE,NA,2309
"Um, yeah.",26,matcher,2,TRUE,NA,2309
Square top?,25,describer,3,FALSE,NA,2309
Symmetrical?,25,describer,4,FALSE,NA,2309
"Alright, this is, uh, you said the word toilet in your description.",25,describer,1,FALSE,NA,2310
I have to agree.,25,describer,2,TRUE,NA,2310
"I think, but it's not really that they're sitting in the toilet.",25,describer,3,FALSE,NA,2310
"You know, it's kind of like standing, um, within the toilet.",25,describer,4,FALSE,NA,2310
"Okay, yeah.",26,matcher,5,TRUE,NA,2310
"Alright, wine glass person with a long rope.",25,describer,1,FALSE,NA,2311
"Um, and, uh, yeah.",26,matcher,2,TRUE,NA,2311
"Alright, this is the swaddled baby, um, as you described.",25,describer,1,FALSE,NA,2312
"Uh, try, uh, yeah, square head.",25,describer,2,FALSE,NA,2312
"Alright, this is the, the girl with the skirt sitting down.",25,describer,1,FALSE,NA,2313
"Um, she's pointing to the left.",25,describer,2,FALSE,NA,2313
"She has a thing jutting out of her to the, oh, she's pointing to the right.",25,describer,3,FALSE,NA,2313
Okay.,28,describer,1,TRUE,NA,2314
"To me, it looks like someone is like a diver.",28,describer,2,FALSE,NA,2314
There's like two triangles right at the bottom.,28,describer,3,FALSE,NA,2314
It's all centered.,28,describer,4,FALSE,NA,2314
And then kind of like moves the whole way up from the bottom middle to the top middle.,28,describer,5,FALSE,NA,2314
"And there's like two, to me, they're like kind of arms coming off from the right hand side of like a block at the top.",28,describer,6,FALSE,NA,2314
And then like a thinner,28,describer,7,FALSE,NA,2314
Longer rectangle that goes into a triangle on the left-hand side.,28,describer,8,FALSE,NA,2314
"Yes, on the back.",28,describer,9,FALSE,NA,2314
Yeah.,27,matcher,10,TRUE,NA,2314
I think I got it.,27,matcher,11,TRUE,NA,2314
Okay.,27,matcher,12,TRUE,NA,2314
Okay.,27,matcher,13,TRUE,NA,2314
Okay.,27,matcher,14,TRUE,NA,2314
"Again, I kind of see it.",27,matcher,15,TRUE,NA,2314
It's like a house on the right with a mushroom or a tree on the left-hand side.,28,describer,1,FALSE,NA,2315
All right.,27,matcher,2,TRUE,NA,2315
"Ah, okay.",27,matcher,3,TRUE,NA,2315
So you did the same thing while I was using the body before.,28,describer,1,FALSE,NA,2316
"This one's like someone who had their feet in the air,",28,describer,2,FALSE,NA,2316
"so it's like two smaller triangles in the middle towards the top, moving down into two thicker ones towards the bottom,",28,describer,3,FALSE,NA,2316
"one touching the bottom, one a bit more in the air, with like a block around halfway up.",28,describer,4,FALSE,NA,2316
Okay.,27,matcher,5,TRUE,NA,2316
Does that make sense?,28,describer,6,TRUE,NA,2316
Okay.,27,matcher,7,TRUE,NA,2316
"Okay, um, using the same analogy, this is me to tuck someone on their knees.",28,describer,1,FALSE,NA,2317
"There's like a triangle small to the left-hand side, um,",28,describer,2,FALSE,NA,2317
"and then they pick up blocks on the, to the right of that,",28,describer,3,FALSE,NA,2317
"and then towards the top, there's gonna have two triangles, um, coming out,",28,describer,4,FALSE,NA,2317
"one's a pretty flat, one's slightly splatted up,",28,describer,5,FALSE,NA,2317
"and like the head is between the two, tilted to the one point between the tip of the two triangles.",28,describer,6,FALSE,NA,2317
I don't think there's anything else I can say.,28,describer,7,TRUE,NA,2317
It's all quite central.,28,describer,8,FALSE,NA,2317
One of the shorter ones.,28,describer,9,FALSE,NA,2317
Okay.,27,matcher,10,TRUE,NA,2317
Yeah.,27,matcher,11,TRUE,NA,2317
Okay.,27,matcher,12,TRUE,NA,2317
Okay.,27,matcher,13,TRUE,NA,2317
"So this, I'm visualizing as someone with their hands out.",28,describer,1,FALSE,NA,2318
So there's the,28,describer,2,TRUE,NA,2318
tilted square at the top and it moves down and there's like one big block that goes the whole way down,28,describer,3,FALSE,NA,2318
with a little triangle right at the bottom like a larger part that comes out on the left with like a square,28,describer,4,FALSE,NA,2318
and there's like a bit on top which I'd use a bit further,28,describer,5,FALSE,NA,2318
okay all on the left,27,matcher,6,FALSE,NA,2318
yeah,28,describer,7,FALSE,NA,2318
"Okay, so there's kind of a long body that runs to the left or the right, which has a triangle on the left-hand side tilted up.",28,describer,1,FALSE,NA,2319
"And another one on the right hand side is tilted more, and only just the tip touches the rest of the body.",28,describer,2,FALSE,NA,2319
"It has like two legs on either side, as if it's flipping that.",28,describer,3,FALSE,NA,2319
"And then there's, in the center, moving upwards, there's a triangle.",28,describer,4,FALSE,NA,2319
"There's a square attached to that, leading kind of forwards towards the left.",28,describer,5,FALSE,NA,2319
"Okay, so right at the top of this one, there is a triangle with the point pointing left.",28,describer,6,FALSE,NA,2319
It's quite small.,28,describer,7,FALSE,NA,2319
And there's a longer body which runs down to the bottom.,28,describer,8,FALSE,NA,2319
But the tip of the triangle at the top is like the leftmost point aligned with a kind of tilted square which is near the bottom.,28,describer,9,FALSE,NA,2319
The rest is kind of like a,28,describer,10,FALSE,NA,2319
I don't know how to describe that shape.,28,describer,11,FALSE,NA,2319
This is like a longer shape that has three things protruding out to it to the left.,28,describer,1,FALSE,NA,2320
The middle one has this like huge square sitting on it.,28,describer,2,FALSE,NA,2320
"Okay, this is similar to one we had before, where Tim here looks like someone riding some sort of animal.",28,describer,1,FALSE,NA,2321
"So there's the, there's a triangle at the far right, which is slightly tilted down and only just attached to the rest of the body.",28,describer,2,FALSE,NA,2321
"It looks like it has as if two legs, but mildly jumping, moving towards the left.",28,describer,3,FALSE,NA,2321
"The far left side, there's like two triangles protruding",28,describer,4,FALSE,NA,2321
"Coming up from the middle, there is a rectangular shape that leans left and then a square on top of that.",28,describer,5,FALSE,NA,2321
That's all on top of the M-shaped body that runs from left to right.,28,describer,6,FALSE,NA,2321
"Okay, so this one has one arm that protrudes very clearly down towards the left hand corner of the image.",28,describer,1,FALSE,NA,2322
"It has like three main upper arms, one which is above it towards the top left, and one towards the bottom right, it kind of arches down.",28,describer,2,FALSE,NA,2322
I don't know how else to describe it.,28,describer,3,FALSE,NA,2322
It has kind of like a right angled thing at the top.,28,describer,4,FALSE,NA,2322
There would be three different arms.,28,describer,5,FALSE,NA,2322
"Top left, bottom left, bottom right.",28,describer,6,FALSE,NA,2322
Okay.,28,describer,7,TRUE,NA,2322
"Okay, so at the top of this one, there is kind of the headlight square.",28,describer,1,FALSE,NA,2323
"And then it moves down with two things protruding on the right-hand side, which looks to me like knees and hands out.",28,describer,2,FALSE,NA,2323
And then it goes back towards the left right at the bottom.,28,describer,3,FALSE,NA,2323
"Okay, so again, at the top of this one, there is a square, which is like a diamond shape, and slightly off-center towards the right.",28,describer,1,FALSE,NA,2324
The rest of the thing that runs down looks kind of like a tree to me.,28,describer,2,FALSE,NA,2324
"It has like a flatter side about halfway up on the left, and then it continues as a whole body the whole way down, and then kind of goes out at the bottom, yeah.",28,describer,3,FALSE,NA,2324
"It looks very clear in the way that it has two legs like shoes, one is planted on the floor, one is going up towards the left.",28,describer,1,FALSE,NA,2325
"And then above that, there is like a diamond shape, like peering over the side on the left, and a square on the right, just like it's sliding off, like it would just fall off on the right.",28,describer,2,FALSE,NA,2325
"Okay, this one again has kind of the same diamond thing right at the top, slightly off-centre to the left.",28,describer,1,FALSE,NA,2326
"And then it has kind of a strange shape, I don't know how to describe it.",28,describer,2,FALSE,NA,2326
There's diamonds right onto a flat line.,28,describer,3,FALSE,NA,2326
"On the left, this goes straight down, then there's a gap, and then it goes to an arrow thing.",28,describer,4,FALSE,NA,2326
"On the right from the top, it starts protruding out, immediately goes towards the left, and then just like a long line down towards the right.",28,describer,5,FALSE,NA,2326
"Um, but there's like kind of two gaps taken out of it.",28,describer,6,FALSE,NA,2326
"I don't know how else to describe this one, it's a bit strange.",28,describer,7,FALSE,NA,2326
"Yeah, I'm not really sure which one this is.",27,matcher,8,TRUE,NA,2326
"Okay, um...",27,matcher,9,TRUE,NA,2326
So...,27,matcher,10,TRUE,NA,2326
So it's like a block that has... two legs.,28,describer,11,FALSE,NA,2326
One of them is more very straight.,28,describer,12,FALSE,NA,2326
"One's kind of like, kind of arched in a way.",28,describer,13,FALSE,NA,2326
Looking like a claw.,28,describer,14,FALSE,NA,2326
That's the one on the left-hand side.,28,describer,15,FALSE,NA,2326
That's a hard one.,28,describer,16,TRUE,NA,2326
"Yeah, I get it.",27,matcher,17,TRUE,NA,2326
Right.,27,matcher,18,TRUE,NA,2326
"Okay, this one has a",27,matcher,19,TRUE,NA,2326
quite solid rectangular shape at the bottom and for tuning out it goes on the left hand side up towards the top with a triangle right at the top going left.,28,describer,1,FALSE,NA,2327
It's one of the more simplistic shapes.,28,describer,2,FALSE,NA,2327
One of the what?,27,matcher,3,TRUE,NA,2327
It's one of the simpler shapes that's there.,28,describer,4,FALSE,NA,2327
"It's kind of just like the one big block at the bottom, the arm that goes up to the top.",28,describer,5,FALSE,NA,2327
"Oh, okay.",27,matcher,6,TRUE,NA,2327
Okay.,27,matcher,7,TRUE,NA,2327
"So, again, it has the kind of diamond thing.",28,describer,1,FALSE,NA,2328
in the middle of what would actually just be one rectangle that has like a bike out of it on the right hand side.,28,describer,2,FALSE,NA,2328
That's the best way to explain it.,28,describer,3,TRUE,NA,2328
Otherwise it would be like just one rectangle.,28,describer,4,FALSE,NA,2328
Not really sure which one this is.,27,matcher,5,TRUE,NA,2328
Okay.,28,describer,6,TRUE,NA,2328
"So again, it's one of the more simplistic ones.",28,describer,7,FALSE,NA,2328
"It's the diamond on top of a shape, which is completely flat on the left-hand side when it comes down to the bottom.",28,describer,8,FALSE,NA,2328
"The same on the top and the bottom, but the top is longer than the bottom.",28,describer,9,FALSE,NA,2328
"Oh, okay.",27,matcher,10,TRUE,NA,2328
"But the right one kind of, like, arches down.",28,describer,11,FALSE,NA,2328
This?,27,matcher,12,TRUE,NA,2328
"Yes, that's right.",28,describer,13,TRUE,NA,2328
"Oh, cool.",27,matcher,14,TRUE,NA,2328
"So Mickey, it's one of the most amazing ones again.",28,describer,1,FALSE,NA,2329
It looks like a crab to me.,28,describer,2,FALSE,NA,2329
"Oh yeah, I think I know which one you're talking about.",27,matcher,3,TRUE,NA,2329
"Okay, cool.",27,matcher,4,TRUE,NA,2329
"Yeah, alright.",27,matcher,5,TRUE,NA,2329
"Okay, so it has the diamond thing at the top.",28,describer,1,FALSE,NA,2330
um and it only just connects on to,28,describer,2,FALSE,NA,2330
i think kind of looks like me in person,28,describer,3,FALSE,NA,2330
this was a bit hard um,28,describer,4,FALSE,NA,2330
see at the bottom is kind of like a um a triangle which has a flat side running top to bottom on the left and stops just shy of like a bird,28,describer,5,FALSE,NA,2330
i'm saying um on the bottom,28,describer,6,FALSE,NA,2330
"kind of runs in the middle part, and then it kind of goes up a little bit.",28,describer,7,FALSE,NA,2330
It's all like an E-type shape to me.,28,describer,8,FALSE,NA,2330
"This one's a little bit difficult, I don't know what to say.",28,describer,9,TRUE,NA,2330
"Oh, okay.",27,matcher,10,TRUE,NA,2330
This is...,27,matcher,11,TRUE,NA,2330
"Like a house or a farm on the left, and then a chimney or like a tall tower to the right.",28,describer,1,FALSE,NA,2331
Okay.,27,matcher,2,TRUE,NA,2331
"Um, this one is very narrow, very central.",28,describer,1,FALSE,NA,2332
"Um, like a thin line that runs down with two, like, kind of... Triangle?",28,describer,2,FALSE,NA,2332
Yeah.,27,matcher,3,TRUE,NA,2332
Quite simplistic.,28,describer,4,TRUE,NA,2332
There's a type of thing at the top.,28,describer,1,FALSE,NA,2333
And then one kind of body that runs down kind of triangle at the top.,28,describer,2,FALSE,NA,2333
"that runs down, top to bottom, and then right at the bottom it kind of goes towards the ray.",28,describer,3,FALSE,NA,2333
It's going to make a kink in it and move towards the ray.,28,describer,4,FALSE,NA,2333
"Oh, okay, I can imagine.",27,matcher,5,TRUE,NA,2333
This was...,27,matcher,6,TRUE,NA,2333
I guess I didn't say what we were supposed to say.,27,matcher,7,TRUE,NA,2333
This is the one you did before.,28,describer,1,FALSE,NA,2334
"The one I just did, the last one?",28,describer,2,FALSE,NA,2334
"Yeah, yeah, the same shape.",28,describer,3,FALSE,NA,2334
Okay.,27,matcher,4,TRUE,NA,2334
Cool.,27,matcher,5,TRUE,NA,2334
"This one, diamond shape on the top, long protruding thing around halfway down the left-hand side.",28,describer,1,FALSE,NA,2335
The right side goes right down the bottom right corner.,28,describer,2,FALSE,NA,2335
And there's like a little triangle at the bottom right.,28,describer,3,FALSE,NA,2335
"Okay, alright, that's fine.",27,matcher,4,TRUE,NA,2335
"Um, okay.",27,matcher,5,TRUE,NA,2335
"It looks like someone dancing to me, so it has like the diamond head at the top, but it's not kind of pointed up like the rest, it's more to one side.",28,describer,1,FALSE,NA,2336
"So it's basically, would be kind of flat, but it's very slightly down.",28,describer,2,FALSE,NA,2336
On the right side it's connected to kind of a thin part which then runs down into a bigger block at the bottom.,28,describer,3,FALSE,NA,2336
There's a triangle on the right and a longer leading part on the left.,28,describer,4,FALSE,NA,2336
"So there's like the diamond head, a little bit lower than the other ones.",28,describer,5,FALSE,NA,2336
It looks like two arms reaching up.,28,describer,1,FALSE,NA,2337
"The one on the right is more diamond-y, the one on the left is more flat.",28,describer,2,FALSE,NA,2337
It has like a body shape that runs from the top left to the top bottom.,28,describer,3,FALSE,NA,2337
"Top right, sorry, top left, bottom right.",28,describer,4,FALSE,NA,2337
Does it almost look like it's flying?,27,matcher,5,FALSE,NA,2337
"Like a swan, sorry?",28,describer,6,TRUE,NA,2337
Like it's flying?,27,matcher,7,FALSE,NA,2337
Yeah.,28,describer,8,TRUE,NA,2337
"Um, this looks like some sort of bird creature.",28,describer,1,FALSE,NA,2338
"It has, like, a... Like a swan swimming?",28,describer,2,FALSE,NA,2338
"Yes, yeah.",27,matcher,3,TRUE,NA,2338
"Okay, this looks like someone dancing with one foot planted.",28,describer,1,FALSE,NA,2339
One foot is out to the right.,28,describer,2,FALSE,NA,2339
And their arms are to the left?,27,matcher,3,FALSE,NA,2339
"Yes, correct.",28,describer,4,TRUE,NA,2339
"Okay, this one as well.",28,describer,1,TRUE,NA,2340
"Okay, this looks like someone walking towards the left with a large pace.",28,describer,2,FALSE,NA,2340
Okay.,28,describer,3,TRUE,NA,2340
Do their legs kind of make like a 90 degree angle?,27,matcher,4,FALSE,NA,2340
"Yeah, in a way.",28,describer,5,TRUE,NA,2340
The one on the right is more flat at the bottom.,28,describer,6,FALSE,NA,2340
"The one on the left, yeah.",28,describer,7,FALSE,NA,2340
"Okay, this is not really creeping as a shape.",28,describer,1,FALSE,NA,2341
It runs from,28,describer,2,FALSE,NA,2341
the top left the bottom right um and it's kind of like a single block that kind of wiggles it away,28,describer,3,FALSE,NA,2341
the top right the bottom left kind of have these triangles because like they're kind of like folded over and there's two like,28,describer,4,FALSE,NA,2341
yeah,28,describer,5,TRUE,NA,2341
okay this looks kind of like the crab creature with a tail,28,describer,1,FALSE,NA,2342
more pronounced head.,28,describer,2,FALSE,NA,2342
"I don't know, some other solid sort of animal.",28,describer,3,FALSE,NA,2342
Is the tail pointing to the right?,27,matcher,4,FALSE,NA,2342
"It does, yeah, it comes down towards the right.",28,describer,5,FALSE,NA,2342
This is like someone who is,28,describer,1,FALSE,NA,2343
"kind of sat down, louched against the wall, their knees bent and their feet down the bottom left corner, their head kind of tilting down.",28,describer,2,FALSE,NA,2343
This looks like a prancing horse.,28,describer,1,FALSE,NA,2344
The bottom left leg is a lot lower than the right one.,28,describer,2,FALSE,NA,2344
It's got like a tail that goes up on the far right side.,28,describer,3,FALSE,NA,2344
"This one doesn't really look like anything, but it's like, it's got the square bit at the top, which is completely centered and flat.",28,describer,1,FALSE,NA,2345
And there's like two diamonds that are kind of overlapping each other.,28,describer,2,FALSE,NA,2345
"Oh, yeah.",27,matcher,3,TRUE,NA,2345
Um.,27,matcher,4,TRUE,NA,2345
It kind of looks like a UFO.,28,describer,1,FALSE,NA,2346
It's like a disk that runs across the bottom with a diamond on top.,28,describer,2,FALSE,NA,2346
"It looks like an anvil that's on its side, like one of the woodworking things.",28,describer,1,FALSE,NA,2347
So it's got like a diamond bit at the bottom.,28,describer,2,FALSE,NA,2347
And then the flat bar is kind of on top of the diamond shape.,28,describer,3,FALSE,NA,2347
"And there are two arms, one in which is kind of pointy, one is flat.",28,describer,4,FALSE,NA,2347
"And it's tilted to the, kind of leading towards the bottom right.",28,describer,5,FALSE,NA,2347
"Okay, cool.",27,matcher,6,TRUE,NA,2347
Um...,27,matcher,7,TRUE,NA,2347
"It's the only one in which the diamond head has sort of, like, bunny ears.",28,describer,1,FALSE,NA,2348
"Wait, what was that?",27,matcher,2,TRUE,NA,2348
"There's kind of, like, the diamond head thing that has two triangles coming out of it.",28,describer,3,FALSE,NA,2348
"Oh, okay.",27,matcher,4,TRUE,NA,2348
"It's, like, out of the top?",27,matcher,5,FALSE,NA,2348
"Uh, yeah.",28,describer,6,TRUE,NA,2348
Okay.,28,describer,7,TRUE,NA,2348
"Okay, this looks, again, kind of like a dog.",28,describer,1,FALSE,NA,2349
"He's coming up to his owner, like towards the right.",28,describer,2,FALSE,NA,2349
So you have like a triangle tail on the left-hand side.,28,describer,3,FALSE,NA,2349
"Um, this one is like a long rectangle on the top with a triangle that points to the right.",27,describer,1,FALSE,NA,2350
"And then on the left side, there's a skinny rectangle that goes downward.",27,describer,2,FALSE,NA,2350
Okay.,28,matcher,3,TRUE,NA,2350
"And then there's like, kind of like one of the head things at the bottom.",27,describer,4,FALSE,NA,2350
Does it go like a reverse seven in a way?,28,matcher,5,FALSE,NA,2350
"Yeah, yeah.",27,describer,6,TRUE,NA,2350
"Okay, okay.",28,matcher,7,TRUE,NA,2350
"Um, this looks like...",27,describer,1,TRUE,NA,2351
"I almost thought of, like, Baby Yoda, like, someone standing with their arms out in front, um, to the left.",27,describer,2,FALSE,NA,2351
"And there's, like, a tiny foot, almost.",27,describer,3,FALSE,NA,2351
"Um, it has one of the head things.",27,describer,4,FALSE,NA,2351
Yeah.,27,describer,5,TRUE,NA,2351
"Okay, I think I got it.",28,matcher,6,TRUE,NA,2351
Okay.,28,matcher,7,TRUE,NA,2351
Cool.,28,matcher,8,TRUE,NA,2351
"Um, this is the weird, like, squiggly one that starts at the top left and goes to the bottom right.",27,describer,1,FALSE,NA,2352
"Ah, yeah, I guess.",28,matcher,2,TRUE,NA,2352
Yeah.,28,matcher,3,TRUE,NA,2352
Cool.,28,matcher,4,TRUE,NA,2352
"Um, this one is the tall, long, skinny one with, like, the two shapes opposite each other, a little...",27,describer,1,FALSE,NA,2353
off around the center.,27,describer,2,FALSE,NA,2353
Yeah.,28,matcher,3,TRUE,NA,2353
This one is like a person with their one foot up towards the right.,27,describer,1,FALSE,NA,2354
"Oh, like the two arms, the next one.",27,describer,2,FALSE,NA,2354
Yeah.,28,matcher,3,TRUE,NA,2354
This was the one you said looked like a dancer with the two triangles to the right.,27,describer,1,FALSE,NA,2355
"One really high, one really low.",27,describer,2,FALSE,NA,2355
And then the big rectangle towards the bottom left.,27,describer,3,FALSE,NA,2355
"Uh, yeah.",28,matcher,4,TRUE,NA,2355
"Yeah, thank you.",28,matcher,5,TRUE,NA,2355
"This is, like, the house with the tree next to it to the left.",27,describer,1,FALSE,NA,2356
"Oh, I didn't see that one.",28,matcher,2,TRUE,NA,2356
That was me.,28,matcher,3,TRUE,NA,2356
"Oh, sorry.",28,matcher,4,TRUE,NA,2356
That's over there.,28,matcher,5,TRUE,NA,2356
Yeah.,28,matcher,6,TRUE,NA,2356
"Um, this looks like a person with, like, one foot all the way up in the air.",27,describer,1,FALSE,NA,2357
"Um... Oh, I didn't mean to press...",28,matcher,2,TRUE,NA,2357
I pressed the wrong button.,28,matcher,3,TRUE,NA,2357
Um... That's okay.,28,matcher,4,TRUE,NA,2357
"Okay, okay.",28,matcher,5,TRUE,NA,2357
I don't even need that.,28,matcher,6,TRUE,NA,2357
"Okay, okay.",28,matcher,7,TRUE,NA,2357
"Um, this looks like the Prancing Horse with, like, the two triangles.",27,describer,1,FALSE,NA,2358
"The one on the bottom, or the bottom left, is, like, further to the ground.",27,describer,2,FALSE,NA,2358
Okay.,28,matcher,3,TRUE,NA,2358
"And then there's, like, a tail.",27,describer,4,FALSE,NA,2358
Okay.,28,matcher,5,TRUE,NA,2358
Cool.,28,matcher,6,TRUE,NA,2358
Um...,28,matcher,7,TRUE,NA,2358
"This is the one with two triangles going up, and it has, like, the diamond squarish head right above, like, two arm things going down to the bottom left.",27,describer,1,FALSE,NA,2359
There's a tiny triangle pointing to the right towards the top.,27,describer,2,FALSE,NA,2359
I don't see anything too like that.,28,matcher,3,FALSE,NA,2359
"Okay, um, let's see.",28,matcher,4,TRUE,NA,2359
"Um, so there's one with, like, two small triangles at the top?",28,matcher,5,FALSE,NA,2359
"Yes, yeah.",27,describer,6,TRUE,NA,2359
"And then they connect to the point of, like, another triangle?",28,matcher,7,FALSE,NA,2359
"Okay, yeah.",27,describer,8,TRUE,NA,2359
"It's that one, yeah?",28,matcher,9,TRUE,NA,2359
"Uh, yeah.",27,describer,10,TRUE,NA,2359
Yeah.,27,describer,11,TRUE,NA,2359
This is the one with the person sitting up against a wall with their knees bent.,27,describer,1,FALSE,NA,2360
"Oh, yeah.",28,matcher,2,TRUE,NA,2360
It's a flat bottom.,27,describer,3,FALSE,NA,2360
It looks like someone's arms are out to the right.,27,describer,1,FALSE,NA,2361
And their knees look a little bent.,27,describer,2,FALSE,NA,2361
Okay.,27,describer,3,TRUE,NA,2361
"Um, this has, like, the diamond, um, like, head figure and then it goes, like, to a triangle and then straight down and then there's, like, a tiny triangle of",27,describer,1,FALSE,NA,2362
to the right.,27,describer,2,FALSE,NA,2362
I didn't get this one when we did it last.,27,describer,3,FALSE,NA,2362
"Okay, that helps.",28,matcher,4,TRUE,NA,2362
That's a hard one.,28,matcher,5,TRUE,NA,2362
This is one of the more simple shapes.,28,matcher,6,FALSE,NA,2362
It's a big rectangle on the bottom and then a long skinny one going up the left side with a triangle at the top on the left.,27,describer,1,FALSE,NA,2363
"Oh, got it.",27,describer,2,TRUE,NA,2363
See?,27,describer,3,TRUE,NA,2363
This is the one that you picked before the house with the one thing on the right.,27,describer,1,FALSE,NA,2364
"Oh yeah, when I messed up.",27,describer,2,FALSE,NA,2364
This is the one that looks like a person riding a horse.,27,describer,1,FALSE,NA,2365
"Yeah, I think it's the only one that looks like that.",27,describer,2,FALSE,NA,2365
"Yeah, I agree.",28,matcher,3,TRUE,NA,2365
"This one, it looks like a simple dog facing towards the left.",27,describer,1,FALSE,NA,2366
The front foot is like a skinny rectangle that's slanted.,27,describer,2,FALSE,NA,2366
The back foot is like a triangle.,27,describer,3,FALSE,NA,2366
"And they're never with each other, right?",28,matcher,4,FALSE,NA,2366
"Yeah, yeah.",27,describer,5,TRUE,NA,2366
"Um, this is the one that I didn't get last time with the triangle all the way in the bottom right.",27,describer,1,FALSE,NA,2367
"Ah, yeah.",28,matcher,2,TRUE,NA,2367
Like a platform on the left-hand side.,27,describer,3,FALSE,NA,2367
"Um, yes, yes.",28,matcher,4,TRUE,NA,2367
Cool.,28,matcher,5,TRUE,NA,2367
"Okay, this, again, looks like the passive body of the horse is the only one.",28,describer,1,FALSE,NA,2368
Okay.,28,describer,2,TRUE,NA,2368
"Um, this is the one that I said was a dancer again, where I had kind of a longer sweeping leg on the left-hand side with a small triangle on the right.",28,describer,1,FALSE,NA,2369
It's just the one with the guy with the knees kind of bent on the right hand side with the arms kind of out towards the right as well.,28,describer,1,FALSE,NA,2370
"This is the kind of, we'll call it the one that you didn't get last time, with the small triangle on the bottom right side.",28,describer,1,FALSE,NA,2371
"The small right triangle, not like the, it has like a big, protruding thing on the left-hand side, with a diamond at the top.",28,describer,2,FALSE,NA,2371
"Is that enough, or did I explain more?",28,describer,3,TRUE,NA,2371
"Yeah, maybe a little more.",27,matcher,4,TRUE,NA,2371
"Okay, so right at the bottom right-hand side, there's like a small triangle with a point downwards.",28,describer,5,FALSE,NA,2371
"And then it connects to like a bigger base, like a triangle pointing upwards,",28,describer,6,FALSE,NA,2371
"as it connects into kind of like two arms, one that runs towards the left,",28,describer,7,FALSE,NA,2371
"like right there in the middle, and then one that kind of goes towards the right, but less so, kind of in a diamond shape on top.",28,describer,8,FALSE,NA,2371
"Oh, okay.",28,describer,9,TRUE,NA,2371
Is it the one with the platform?,27,matcher,10,FALSE,NA,2371
"Yeah, on the left-hand side, yeah.",28,describer,11,FALSE,NA,2371
"Oh, okay.",28,describer,12,TRUE,NA,2371
This is the prancing horse with the left hand side leg bent lower.,28,describer,1,FALSE,NA,2372
This is the house with the tree on the left.,28,describer,1,FALSE,NA,2373
"This is the one we said, like, the hardest one, where, like, it has the diamond on the top, kind of blob in the middle, and then it, like, slightly turns towards the right at the end.",28,describer,1,FALSE,NA,2374
Does that make sense?,27,matcher,2,TRUE,NA,2374
"Um... Yeah, like, I tried moving towards the bottom on the right, but it's, like, connected to one big body that runs towards the top.",28,describer,3,FALSE,NA,2374
That.,27,matcher,4,TRUE,NA,2374
"Yeah, cool, okay.",27,matcher,5,TRUE,NA,2374
That's the hard one.,27,matcher,6,TRUE,NA,2374
Yeah.,27,matcher,7,TRUE,NA,2374
"Yeah, this is the dancer with her foot out towards the right and her two hands to the left.",28,describer,1,FALSE,NA,2375
"This is, I think you call this the, like, Baby Yoda one.",28,describer,1,FALSE,NA,2376
"Like, the person with the hands out over that hand side with the little feet.",28,describer,2,FALSE,NA,2376
What was that?,27,matcher,3,TRUE,NA,2376
"That's, like, the one which is, like, I think you call it Baby Yoda or something.",28,describer,4,FALSE,NA,2376
"Oh, yeah.",28,describer,5,TRUE,NA,2376
"Yeah, yeah.",28,describer,6,TRUE,NA,2376
"Okay, this is the kind of",28,describer,1,FALSE,NA,2377
weird doesn't really have a shape one that runs from the top left to the bottom right.,28,describer,2,FALSE,NA,2377
The squiggle?,27,matcher,3,FALSE,NA,2377
Yeah.,28,describer,4,TRUE,NA,2377
This is the more simple one with the big block at the bottom and the thinner rectangle running from the left to the top.,28,describer,1,FALSE,NA,2378
with the rabbits.,28,describer,2,FALSE,NA,2378
This is the one who's just like a man sat against the wall with his knees bent.,28,describer,1,FALSE,NA,2379
"This is the one with the two triangles right at the top, with the tips only just connected to the rest of it.",28,describer,1,FALSE,NA,2380
"And it has like thicker triangles towards the bottom, with like the head thing like kind of halfway up.",28,describer,2,FALSE,NA,2380
This is,28,describer,3,TRUE,NA,2380
So we look like anything.,28,describer,4,TRUE,NA,2380
That's just the one triangle right at the top.,28,describer,5,FALSE,NA,2380
Small one.,28,describer,6,FALSE,NA,2380
OK.,28,describer,7,TRUE,NA,2380
"It's like the other one, but take away the other triangle.",28,describer,1,FALSE,NA,2381
Cool.,27,matcher,2,TRUE,NA,2381
"Yeah, cool.",27,matcher,3,TRUE,NA,2381
"This is the, like, I think I called it like the backward seven type shape.",28,describer,1,FALSE,NA,2382
"Yeah, yeah.",27,matcher,2,TRUE,NA,2382
"Yeah, cool.",27,matcher,3,TRUE,NA,2382
This is the other house with the tall one on the right.,28,describer,1,FALSE,NA,2383
The thin one with the two shapes coming out on either side.,28,describer,1,FALSE,NA,2384
"One on either side rather, starting off center.",28,describer,2,FALSE,NA,2384
The most simplistic dog with the legs on the same level as each other.,28,describer,1,FALSE,NA,2385
This is the weird squiggle shape that goes from top left to bottom right.,27,describer,1,FALSE,NA,2386
Cool.,28,matcher,2,TRUE,NA,2386
This is the one with the two tiny triangles on top.,27,describer,1,FALSE,NA,2387
Yep.,28,matcher,2,TRUE,NA,2387
This is the one with the arms out to the right and the knee bent to the right.,27,describer,1,FALSE,NA,2388
Yeah.,28,matcher,2,TRUE,NA,2388
Cool.,28,matcher,3,TRUE,NA,2388
The guy sitting against the wall with the bent knees.,27,describer,1,FALSE,NA,2389
Yep.,28,matcher,2,TRUE,NA,2389
"The house with the thing, the long skinny thing on the right.",27,describer,1,FALSE,NA,2391
"Okay, I'm gonna write this down.",28,matcher,2,TRUE,NA,2391
There we go.,28,matcher,3,TRUE,NA,2391
The person riding the horse?,27,describer,1,FALSE,NA,2392
Mhm.,28,matcher,2,TRUE,NA,2392
"The one with the one triangle up top, like this?",27,describer,1,FALSE,NA,2393
"Yeah, I got it.",28,matcher,2,TRUE,NA,2393
The Prancing Horse.,27,describer,1,FALSE,NA,2394
The one that I said looked like Yoda.,27,describer,1,FALSE,NA,2395
Yeah.,28,matcher,2,TRUE,NA,2395
The dancer with the long leg out to the left and the triangle to the bottom right.,27,describer,1,FALSE,NA,2396
The other dancer with the one foot down and the other foot up to the right.,27,describer,1,FALSE,NA,2397
The simple one with the rectangle on the bottom and the big rectangle on the left side and the triangle on the top left.,27,describer,1,FALSE,NA,2398
"The one with the block at the bottom and the triangle that runs out, right?",28,matcher,2,FALSE,NA,2398
Yeah.,27,describer,3,TRUE,NA,2398
Yeah.,28,matcher,4,TRUE,NA,2398
"Okay, cool.",28,matcher,5,TRUE,NA,2398
The one with the platform to the left and the triangle all the way to the bottom right.,27,describer,1,FALSE,NA,2399
The house with the tree to the left.,27,describer,1,FALSE,NA,2400
The one that we said was really hard to guess with the...,27,describer,1,FALSE,NA,2401
"The small triangle at the top, right?",27,describer,2,FALSE,NA,2401
"The diamond at the top and the small triangle to the bottom, right?",27,describer,3,FALSE,NA,2401
"Oh, yeah.",28,matcher,4,TRUE,NA,2401
I know what you mean.,28,matcher,5,TRUE,NA,2401
One second.,28,matcher,6,TRUE,NA,2401
"The one that's really long and has the two shapes, like almost centered but a little off.",27,describer,1,FALSE,NA,2402
Yep.,28,matcher,2,TRUE,NA,2402
The simple dog.,27,describer,1,FALSE,NA,2403
The Prancing Horse.,28,describer,1,FALSE,NA,2404
The Backwoods Seven.,28,describer,1,FALSE,NA,2405
The More Simple Dog.,28,describer,1,FALSE,NA,2406
The one with the platform on the left and the small triangle on the far far bottom right.,28,describer,1,FALSE,NA,2407
Okay.,27,matcher,2,TRUE,NA,2407
The man stands up against the wall with his knees bent.,28,describer,1,FALSE,NA,2408
"The dancer with the foot out to the right and the two hands to the left, high to the right.",28,describer,1,FALSE,NA,2409
The man with the knees bent towards the right and the hands out towards the right.,28,describer,1,FALSE,NA,2410
The one with the two triangles at the top and the middle.,28,describer,1,FALSE,NA,2411
The dancer with the long left leg that kind of sweeps.,28,describer,1,FALSE,NA,2412
The one that's thin down the middle with the two shapes half centre.,28,describer,1,FALSE,NA,2413
The house with the tree to the left.,28,describer,1,FALSE,NA,2414
"Yoda, the one with the hand out to the left.",28,describer,1,FALSE,NA,2415
The simple one with the big block at the bottom and the triangle on the left is at the top.,28,describer,1,FALSE,NA,2416
"You won with the single triangle right at the top, the small one.",28,describer,1,FALSE,NA,2417
"This could be one, and you got it on the top left palm, right?",28,describer,1,FALSE,NA,2418
"The difficult one with the triangle head and the small rectangle, no sorry, triangle the wrong way.",28,describer,1,FALSE,NA,2419
"The house, the tool part on the right.",28,describer,1,FALSE,NA,2420
Pass the ball to my horse.,28,describer,1,FALSE,NA,2421
The person sitting with the knees bent.,27,describer,1,FALSE,NA,2422
Prancing horse.,27,describer,1,FALSE,NA,2423
The two small triangles at the top.,27,describer,1,FALSE,NA,2425
"The two small triangles, yeah?",28,matcher,2,FALSE,NA,2425
"Yeah, the two.",27,describer,3,FALSE,NA,2425
Okay.,28,matcher,4,TRUE,NA,2425
The person riding the horse.,27,describer,1,FALSE,NA,2426
The house with the tree to the left.,27,describer,1,FALSE,NA,2427
The swiggling shape of the top of the egg.,27,describer,1,FALSE,NA,2428
The backwards seven.,27,describer,1,FALSE,NA,2429
"The hard one with the triangle at the bottom, right?",27,describer,1,FALSE,NA,2430
"Yeah, yeah.",28,matcher,2,TRUE,NA,2430
The one with the one small triangle at the top.,27,describer,1,FALSE,NA,2431
Yep.,28,matcher,2,TRUE,NA,2431
the hands out to the right and the knee out to the right and the flat bottom.,27,describer,1,FALSE,NA,2432
The simple one with the rectangle and the left side.,27,describer,1,FALSE,NA,2433
The one with the platform to the left.,27,describer,1,FALSE,NA,2434
That's answering the sweeping leg.,27,describer,1,FALSE,NA,2435
The house with that tall thing on the right.,27,describer,1,FALSE,NA,2436
Mhm.,28,matcher,2,TRUE,NA,2436
The skinny thing in the middle with the two shapes offset there.,27,describer,1,FALSE,NA,2437
Mhm.,28,matcher,2,TRUE,NA,2437
The dancer with the foot up to the right and the arms to the left.,27,describer,1,FALSE,NA,2438
A simple dog.,27,describer,1,FALSE,NA,2439
"Okay, the house with the tall part on the right hand side.",28,describer,1,FALSE,NA,2440
Okay.,27,matcher,2,TRUE,NA,2440
Prancing horse.,28,describer,1,FALSE,NA,2441
Yoda.,28,describer,1,FALSE,NA,2442
The one with the knees bent and the hands out on the right hand side.,28,describer,1,FALSE,NA,2443
"Yeah, this couldn't be lied.",28,describer,1,TRUE,NA,2444
"The top quite, yeah, cool.",28,describer,2,TRUE,NA,2444
"Itatsu, the sweeping leg, out the left.",28,describer,1,FALSE,NA,2445
The simple dog.,28,describer,1,FALSE,NA,2446
"the hard one, the triangle on the runway.",28,describer,1,FALSE,NA,2447
The one with the two triangles at the top.,28,describer,1,FALSE,NA,2448
The simple one with the block at the bottom and the thing on the left that goes up to the top.,28,describer,1,FALSE,NA,2449
"Yeah, cool.",27,matcher,2,TRUE,NA,2449
The person against the wall with the knee-span.,27,matcher,1,FALSE,NA,2450
"with the dancer leg out on the right, arms on the left.",27,matcher,1,FALSE,NA,2451
Backward seven.,27,matcher,1,FALSE,NA,2452
The one that's thin down the middle with two shapes coming off it.,27,matcher,1,FALSE,NA,2453
A person riding a horse.,27,matcher,1,FALSE,NA,2454
One with a single triangle right at the top.,27,matcher,1,FALSE,NA,2455
The one with the platform on the left.,27,matcher,1,FALSE,NA,2456
on the house with the tree on the left.,27,matcher,1,FALSE,NA,2457
"Um, it's the one with the legs at the 90 degree angle towards the bottom and the head at the top with the triangle clenching to the left.",27,describer,1,FALSE,NA,2458
"Uh, it's the one riding the horse and the head's kind of like tilted down to the left.",27,describer,1,FALSE,NA,2459
"Okay, yeah.",28,matcher,2,TRUE,NA,2459
It looks like the swan swimming.,27,describer,1,FALSE,NA,2460
Yep.,28,matcher,2,TRUE,NA,2460
"Um, it's the one that, like, um, almost looks like a claw going up to the top right corner.",27,describer,1,FALSE,NA,2461
"Ah, yes, with the tail, the little triangle on the left.",27,describer,2,FALSE,NA,2461
Yeah.,28,matcher,3,TRUE,NA,2461
Yeah.,28,matcher,4,TRUE,NA,2461
Wow.,28,matcher,5,TRUE,NA,2461
"Oh, wait, I just didn't press the right one.",28,matcher,6,TRUE,NA,2461
"Oh, okay.",28,matcher,7,TRUE,NA,2461
"Oh, wait.",28,matcher,8,TRUE,NA,2461
"Oh, okay, okay, I see.",28,matcher,9,TRUE,NA,2461
"This is the one, the dancer with the leg out to the right and the two arms to the left.",27,describer,1,FALSE,NA,2462
"Yes, yeah.",28,matcher,2,TRUE,NA,2462
This is the one with the one small triangle up top.,27,describer,1,FALSE,NA,2463
Yep.,28,matcher,2,TRUE,NA,2463
This is the one with the two diamond shapes overlapping each other and the square at the top.,27,describer,1,FALSE,NA,2464
This one you said looks like a UFO.,27,describer,1,FALSE,NA,2465
"Yes, yeah.",28,matcher,2,TRUE,NA,2465
"This one, there's a diamond at the top, a small platform to the right, and the bottom left corner forms a right angle.",27,describer,1,FALSE,NA,2466
And there's a point towards the bottom right.,27,describer,2,FALSE,NA,2466
It almost looks like someone kneeling.,27,describer,3,FALSE,NA,2466
"facing them right when their, like, toes pointed up in the back.",27,describer,4,FALSE,NA,2466
"Uh... No, I didn't really... Oh, wait, maybe...",28,matcher,5,TRUE,NA,2466
Okay.,28,matcher,6,TRUE,NA,2466
Yeah.,28,matcher,7,TRUE,NA,2466
Yeah.,28,matcher,8,TRUE,NA,2466
This is the person sitting with the knees bent back against the wall,27,describer,1,FALSE,NA,2467
Right.,28,matcher,2,TRUE,NA,2467
Yeah.,28,matcher,3,TRUE,NA,2467
This is the prancing horse.,27,describer,1,FALSE,NA,2468
Yep.,28,matcher,2,TRUE,NA,2468
This is the simple dog.,27,describer,1,FALSE,NA,2469
"This one has one, like, foot flat on the floor, one up towards the left.",27,describer,1,FALSE,NA,2470
"The head is all the way to the right, kind of sliding backwards.",27,describer,2,FALSE,NA,2470
"There's a weird thing, like, protruding off the top left.",27,describer,3,FALSE,NA,2470
"Yeah, a weird thing, yeah.",27,describer,4,FALSE,NA,2470
Almost like a zombie.,27,describer,5,FALSE,NA,2470
"Yeah, pretty much, yeah.",27,describer,6,TRUE,NA,2470
"This is the one with the arms to the right, knees to the right.",27,describer,1,FALSE,NA,2471
"Yes, yeah.",28,matcher,2,TRUE,NA,2471
Cool.,28,matcher,3,TRUE,NA,2471
The simple rectangle with the long rectangle up to the left.,27,describer,1,FALSE,NA,2472
"The crab, the simple crab.",27,describer,1,FALSE,NA,2473
The two small triangles at the top.,27,describer,1,FALSE,NA,2474
"Um, it kind of looks like a dog, like, with, like, up to the right.",27,describer,1,FALSE,NA,2475
"Um, it has a triangle, yeah.",27,describer,2,FALSE,NA,2475
"The, um, like, whole, like, one with the two shapes on either side.",27,describer,1,FALSE,NA,2476
Yeah.,28,matcher,2,TRUE,NA,2476
It's the one with two triangles at the top connected to like a crooked square and then like a big right triangle.,27,describer,1,FALSE,NA,2477
Yeah.,28,matcher,2,TRUE,NA,2477
This is the one I said looks like it's flying with the diamond shaped arms.,27,describer,1,FALSE,NA,2478
"This one has one straight leg, one bent leg.",27,describer,1,FALSE,NA,2479
"It's like flat on the left hand side, pointy on the right.",27,describer,2,FALSE,NA,2479
"Yeah, I got it.",28,matcher,3,TRUE,NA,2479
Okay.,28,matcher,4,TRUE,NA,2479
Yoda.,27,describer,1,FALSE,NA,2480
The house with the tree to the left.,27,describer,1,FALSE,NA,2481
backwards seven,27,describer,1,FALSE,NA,2482
so along with the platform to the left and the small triangle to the bottom right,27,describer,1,FALSE,NA,2483
the other house with the thing to the right.,27,describer,1,FALSE,NA,2484
"There's like a diamond at the top, a small platform to the left, and like a small triangle pointing to the right.",27,describer,1,FALSE,NA,2485
"And the bottom... Oh, sorry.",28,matcher,2,TRUE,NA,2485
I pressed the wrong button.,28,matcher,3,TRUE,NA,2485
I didn't mean to do that.,28,matcher,4,TRUE,NA,2485
You're good.,28,matcher,5,TRUE,NA,2485
This one is completely flat on the left side and squiggly on the right side.,27,describer,1,FALSE,NA,2486
And then there's the diamond shape at the top.,27,describer,2,FALSE,NA,2486
"Yeah, I got it.",28,matcher,3,TRUE,NA,2486
Cool.,28,matcher,4,TRUE,NA,2486
Thank you.,28,matcher,5,TRUE,NA,2486
"Um, the heart shape.",27,describer,1,FALSE,NA,2487
Yep.,28,matcher,2,TRUE,NA,2487
The person riding the horse.,27,describer,1,FALSE,NA,2488
There's a diamond at the top and then a triangle connected to it to the right.,27,describer,1,FALSE,NA,2489
"There's a corner, like a right angle corner at the bottom right.",27,describer,2,FALSE,NA,2489
Another triangle pointing to the left at the bottom.,27,describer,3,FALSE,NA,2489
"Oh, maybe.",28,matcher,4,TRUE,NA,2489
I don't know.,28,matcher,5,TRUE,NA,2489
The diver.,27,describer,1,FALSE,NA,2490
The squiggly shape.,27,describer,1,FALSE,NA,2491
The more complex crab thing with the thing coming out the bottom right.,27,describer,1,FALSE,NA,2492
"Oh, the sweeping leg dancer.",27,describer,1,FALSE,NA,2493
and a rectangle.,30,describer,1,FALSE,NA,2495
A rectangle?,29,matcher,2,FALSE,NA,2495
Rectangle body.,30,describer,3,FALSE,NA,2495
Is its head also like a parallelogram?,29,matcher,4,FALSE,NA,2495
"Yeah, it has two legs.",30,describer,5,FALSE,NA,2495
But it doesn't have a tail.,30,describer,6,FALSE,NA,2495
No tail.,30,describer,7,FALSE,NA,2495
Doesn't have a tail.,30,describer,8,FALSE,NA,2495
"It's like a very voluptuous woman, or you could think of it as a bag of grapes.",30,describer,1,FALSE,NA,2496
"It's like a bunch of grapes, like two squares, two diamonds, one on top of the other, and then a square on top.",30,describer,2,FALSE,NA,2496
Okay.,29,matcher,3,TRUE,NA,2496
It's like a peasant who's sitting on the ground.,30,describer,1,FALSE,NA,2497
He's sitting on his butt.,30,describer,2,FALSE,NA,2497
"His legs are, you know, in front of him.",30,describer,3,FALSE,NA,2497
His head is a square.,30,describer,4,FALSE,NA,2497
And his neck is slightly inclined.,30,describer,5,FALSE,NA,2497
And his arms are below him.,30,describer,6,FALSE,NA,2497
"And, yeah, so his whole body is on the ground.",30,describer,7,FALSE,NA,2497
"And he's, like, craning his neck.",30,describer,8,FALSE,NA,2497
His back is bent.,30,describer,9,FALSE,NA,2497
His back is bent.,30,describer,10,FALSE,NA,2497
he's he's not kneeling he is not kneeling he's not kneeling,30,describer,11,FALSE,NA,2497
so it's like he's sitting sitting like he's lying on his back he's lying on his back he's lying on his back he's lying on his back,30,describer,12,FALSE,NA,2497
but his his back is up like you know what i mean like when you're like in your bed on a pillow with a computer,30,describer,13,FALSE,NA,2497
yeah okay yeah got it,29,matcher,14,FALSE,NA,2497
"Oh, okay, so it's this guy leaning over diagonally.",30,describer,1,FALSE,NA,2498
That's the first one.,30,describer,2,FALSE,NA,2498
And then this guy has his arms raised.,30,describer,3,FALSE,NA,2498
"Like, what are you doing?",30,describer,4,FALSE,NA,2498
And then he's kind of like weirdly diagonal.,30,describer,5,FALSE,NA,2498
Okay.,29,matcher,6,TRUE,NA,2498
"So, yeah.",29,matcher,7,TRUE,NA,2498
"Okay, cool.",29,matcher,8,TRUE,NA,2498
Cool.,29,matcher,9,TRUE,NA,2498
"Oh, it's like a rabbit.",30,describer,1,FALSE,NA,2499
It's a rabbit that's sitting and contemplating life.,30,describer,2,FALSE,NA,2499
It's got two ears.,30,describer,3,FALSE,NA,2499
LOL.,29,matcher,4,TRUE,NA,2499
I got you.,29,matcher,5,TRUE,NA,2499
"Okay, so this is like a crab.",30,describer,1,FALSE,NA,2500
"It's like a really simple, symmetric structure.",30,describer,2,FALSE,NA,2500
It's like a bowl.,30,describer,3,FALSE,NA,2500
A bowl or a crab.,30,describer,4,FALSE,NA,2500
"You know, like a crab with its arms up.",30,describer,5,FALSE,NA,2500
"Like,",30,describer,6,TRUE,NA,2500
"Like, yeah, okay, cool.",30,describer,7,TRUE,NA,2500
"Oh, man, this one's really weird.",30,describer,1,FALSE,NA,2501
"Man, it's like that rabbit, but, like, the rabbit got really fucked up.",30,describer,2,FALSE,NA,2501
"And it's, like, um...",30,describer,3,TRUE,NA,2501
"Okay, okay, okay.",30,describer,4,TRUE,NA,2501
"So there's, like, two rabbits, right?",30,describer,5,FALSE,NA,2501
It's not the one that has a square tail.,30,describer,6,FALSE,NA,2501
It's not the rabbit with the square tail.,30,describer,7,FALSE,NA,2501
It is not that one.,30,describer,8,FALSE,NA,2501
It's the rabbit...,30,describer,9,FALSE,NA,2501
with a triangle for a hand.,30,describer,10,FALSE,NA,2501
"Like, it's got a square ear and a triangle ear, but there's, like, two ears on top of it, and it's got, like, a triangle sticking out of it on the side.",30,describer,11,FALSE,NA,2501
Do you know what I'm talking about?,30,describer,12,TRUE,NA,2501
"Oh, oh, oh.",29,matcher,13,TRUE,NA,2501
"A square and a triangle on the top, and a triangle sticking out.",30,describer,14,FALSE,NA,2501
Cool.,29,matcher,15,TRUE,NA,2501
"Oh, got it.",29,matcher,16,TRUE,NA,2501
"Uh, this is, like, a mouse.",30,describer,1,FALSE,NA,2502
"It's, like, again, just square in the triangle ears.",30,describer,2,FALSE,NA,2502
"Uh, the mouse is, like, looking up.",30,describer,3,FALSE,NA,2502
"Its face is, like, very pointy and sharp.",30,describer,4,FALSE,NA,2502
"And it has, like, a triangle paw, again, that's kind of sticking out.",30,describer,5,FALSE,NA,2502
But it's not actually sticking out.,30,describer,6,FALSE,NA,2502
"It's, like, part of it.",30,describer,7,FALSE,NA,2502
"Uh, so, square, square ear, triangle ear, looks like a mouse.",30,describer,8,FALSE,NA,2502
"Wait, square, oh, yeah, okay.",30,describer,9,FALSE,NA,2502
I see it.,30,describer,10,TRUE,NA,2502
uh this is like a um it's like a straight line,30,describer,1,FALSE,NA,2503
it's a no no no,30,describer,2,TRUE,NA,2503
let me retry that uh so from the top left to the bottom right,30,describer,3,FALSE,NA,2503
it's like a straight line,30,describer,4,FALSE,NA,2503
it looks kind of like a horse without legs like it only has back legs,30,describer,5,FALSE,NA,2503
like it's like a horse rearing but like the front legs like fell off or something um,30,describer,6,FALSE,NA,2503
"Wait, top left to bottom right is a straight... Oh.",30,describer,7,FALSE,NA,2503
"It's like a horse that's pawing the air, but no paw.",30,describer,8,FALSE,NA,2503
It's like a horse that...,30,describer,9,FALSE,NA,2503
Is it like triangular at the top left?,29,matcher,10,FALSE,NA,2503
"Yeah, there's a triangle on the top left and a triangle on the bottom left.",30,describer,11,FALSE,NA,2503
Okay.,29,matcher,12,TRUE,NA,2503
"Oh, this is like a horse, but it's got two legs.",30,describer,1,FALSE,NA,2504
And the horse is kind of like an origami crane.,30,describer,2,FALSE,NA,2504
"Actually, it's kind of like an origami crane now that I think about it.",30,describer,3,FALSE,NA,2504
It's like a horse or an origami crane.,30,describer,4,FALSE,NA,2504
"It's got a triangle head, two triangle legs, and a parallelogram tail.",30,describer,5,FALSE,NA,2504
"Uh, this is like, um, oh man, this one's kind of annoying.",30,describer,1,FALSE,NA,2505
So there's like a square head.,30,describer,2,FALSE,NA,2505
The square head is like the highest point on its body.,30,describer,3,FALSE,NA,2505
There's nothing higher than the square.,30,describer,4,FALSE,NA,2505
"I mean, uh, it's actually a diamond head.",30,describer,5,FALSE,NA,2505
"Then it has a big triangle directly below the diamond head, like a big triangle.",30,describer,6,FALSE,NA,2505
"And then it's balancing this, like, cup on its lap, like this wine glass on its lap.",30,describer,7,FALSE,NA,2505
"It's, like, leaning backwards.",30,describer,8,FALSE,NA,2505
"I guess it's, like, a man with its arms behind him, sitting down, arms behind the chair.",30,describer,9,FALSE,NA,2505
"And it's balancing, like, a wine glass on its, like, on its lap.",30,describer,10,FALSE,NA,2505
Yeah.,29,matcher,11,TRUE,NA,2505
Yeah.,29,matcher,12,TRUE,NA,2505
"Wait, so it's a diamond on top.",29,matcher,13,FALSE,NA,2505
A diamond on top.,30,describer,14,FALSE,NA,2505
And then a triangle.,30,describer,15,FALSE,NA,2505
It's like a big triangle torso.,30,describer,16,FALSE,NA,2505
A big triangle.,30,describer,17,FALSE,NA,2505
Just one triangle.,30,describer,18,FALSE,NA,2505
No rectangles.,30,describer,19,FALSE,NA,2505
It's like a big triangle torso.,30,describer,20,FALSE,NA,2505
And it's kind of like sitting down.,30,describer,21,FALSE,NA,2505
It kind of looks like it's sitting down.,30,describer,22,FALSE,NA,2505
"And there's like an upside down triangle on its crotch, basically.",30,describer,23,FALSE,NA,2505
Okay.,29,matcher,24,TRUE,NA,2505
Okay.,29,matcher,25,TRUE,NA,2505
"Okay, uh, again, triangle boy, uh, diamond boy, diamond boy,",30,describer,1,FALSE,NA,2506
"uh, no, not the same one,",30,describer,2,FALSE,NA,2506
"but, um, this guy has, like, uh, he's, like, going places, you know,",30,describer,3,FALSE,NA,2506
"he's, like, he's, like, going places and not dancing,",30,describer,4,FALSE,NA,2506
"he's, like, there's, like, a triangle, upside-down triangle, and there's a straight-",30,describer,5,FALSE,NA,2506
"Is this, like, he's making a big step?",29,matcher,6,FALSE,NA,2506
"Yeah, yeah, big step, big step boy, but not the dancer boy, not dancing, okay, cool, yeah, you got it.",30,describer,7,FALSE,NA,2506
"Oh man, this is like the two-headed guy.",30,describer,1,FALSE,NA,2507
"So this guy's got two heads and he's stepping upward like, you know, like he has a foot off the ground and a foot on the ground and the feet are pretty well defined.",30,describer,2,FALSE,NA,2507
He's like kicking his leg up.,30,describer,3,FALSE,NA,2507
"Or it's like a one guy carrying a flag, but I honestly think it's a guy with two heads.",30,describer,4,FALSE,NA,2507
Is one of the heads like a square?,29,matcher,5,FALSE,NA,2507
Yeah.,30,describer,6,TRUE,NA,2507
"One head is a square, the other head is a trapezoid.",30,describer,7,FALSE,NA,2507
Okay.,29,matcher,8,TRUE,NA,2507
"And he's, like, kicking.",30,describer,9,FALSE,NA,2507
"He has this, like, back hunch for the... Yeah, cool.",30,describer,10,FALSE,NA,2507
This is a gun.,30,describer,1,FALSE,NA,2508
It's the gun.,30,describer,2,FALSE,NA,2508
Okay.,29,matcher,3,TRUE,NA,2508
"That is what I thought when I saw it, too.",29,matcher,4,TRUE,NA,2508
Let's go.,29,matcher,5,TRUE,NA,2508
"Oh my god, um, this is like a diamond head, it has a diamond head,",30,describer,1,FALSE,NA,2509
"and it, it, oh my god, it's got like, um, it's got like some triangle arms,",30,describer,2,FALSE,NA,2509
"uh, maybe it's like a queen kneeling down,",30,describer,3,FALSE,NA,2509
"um, it's got like a weird thing behind its like butt, I guess, like some like sharp pointy thing sticking out.",30,describer,4,FALSE,NA,2509
"Okay, is it like he's kneeling, maybe?",29,matcher,5,FALSE,NA,2509
"Yeah, it's kneeling, it's kneeling, yeah.",30,describer,6,FALSE,NA,2509
"Wait, top left to bottom right is a straight... Oh.",30,describer,7,TRUE,NA,2509
oh so this is like a skinny small head uh triangle head and it's like bending over with a block in its arms,30,describer,1,FALSE,NA,2510
like it's bending over you know like carrying a block and it's got like a triangle for a head,30,describer,2,FALSE,NA,2510
a sideways triangle,29,matcher,3,FALSE,NA,2510
yep,30,describer,4,FALSE,NA,2510
It's a llama.,30,describer,1,FALSE,NA,2511
"Oh, wait, wait, wait, wait.",30,describer,2,TRUE,NA,2511
It's a llama with no tail or legs.,30,describer,3,FALSE,NA,2511
It's the block llama.,30,describer,4,FALSE,NA,2511
Okay.,30,describer,5,TRUE,NA,2511
"Oh, it's a house.",30,describer,1,FALSE,NA,2512
It's the house with the chimney.,30,describer,2,FALSE,NA,2512
"Oh, without the weird, weird, yeah, no arrow.",30,describer,3,FALSE,NA,2512
Not the arrow chimney guy.,30,describer,4,FALSE,NA,2512
"Oh man, it's like a horse with a little boy on top.",30,describer,1,FALSE,NA,2513
"Uh, it's like, um, there's a triangle tail, there's like triangle head, triangle legs, there's like a thing sitting on top of it.",30,describer,2,FALSE,NA,2513
Okay.,29,matcher,3,TRUE,NA,2513
"Uh, bruh.",29,matcher,4,TRUE,NA,2513
It's like a guy wearing a cape.,30,describer,1,FALSE,NA,2514
"Okay, it's like a, uh, square head, and this guy, like, has his arms out, and he's, like, wearing a cape, so the cape, like, covers a lot, so he's like, whoosh, look, I'm a magician.",30,describer,2,FALSE,NA,2514
"Does he have, like, triangle feet?",29,matcher,3,FALSE,NA,2514
"Uh, no wings.",30,describer,4,FALSE,NA,2514
One side is just a big square.,30,describer,5,FALSE,NA,2514
"Like, one side is just a big rectangle.",30,describer,6,FALSE,NA,2514
"Uh, the left side is just a big rectangle, and the right side has, like, arms and a body and feet.",30,describer,7,FALSE,NA,2514
"Oh, okay.",30,describer,8,TRUE,NA,2514
"Oh, it's like a flamingo, but sideways.",30,describer,1,FALSE,NA,2515
"And it's like on the bottom left corner, there's a triangle.",30,describer,2,FALSE,NA,2515
Yeah.,30,describer,3,TRUE,NA,2515
It's like a dancer.,30,describer,1,FALSE,NA,2516
"It's the guy kicking his leg up, like, woo!",30,describer,2,FALSE,NA,2516
"Like, you know, he has a square head, and he's got two arms out in front of him.",30,describer,3,FALSE,NA,2516
"He's balancing with one leg, and the other leg is kicked upwards.",30,describer,4,FALSE,NA,2516
Behind him.,30,describer,5,FALSE,NA,2516
Yeah.,30,describer,6,TRUE,NA,2516
"Uh, arrow house.",30,describer,1,FALSE,NA,2517
Arrow house.,30,describer,2,FALSE,NA,2517
Arrow chimney house.,30,describer,3,FALSE,NA,2517
Arrow...,30,describer,4,FALSE,NA,2517
"It's just a straight line up and down with some weird, it's like a bamboo, you know, it's like a straight line up and down with some weird stuff growing.",30,describer,1,FALSE,NA,2518
"It's like a scorpion, like a scorpion with a little tail on the bottom and its claws on the top.",30,describer,1,FALSE,NA,2519
"Is it like, symmetrical claws?",29,matcher,2,FALSE,NA,2519
"Yep, symmetrical claws, but not- yep.",30,describer,3,FALSE,NA,2519
"It's like a gentleman with a top hat, uh, and he's like, holding his arm out.",30,describer,1,FALSE,NA,2520
He's got two triangle flipper feet.,30,describer,2,FALSE,NA,2520
Two triangles for feet?,29,matcher,3,FALSE,NA,2520
Yep.,30,describer,4,TRUE,NA,2520
Is it like he has one arm out?,29,matcher,5,FALSE,NA,2520
"Yeah, one arm out.",30,describer,6,FALSE,NA,2520
"Yeah, yeah, yeah, yeah.",30,describer,7,TRUE,NA,2520
"Oh man, it's the monk that's kneeling.",30,describer,1,FALSE,NA,2521
"It's the guy that has his arms out, though.",30,describer,2,FALSE,NA,2521
"His arms are out, and he has a square head, and he's kneeling.",30,describer,3,FALSE,NA,2521
"Like, here, take my...",30,describer,4,TRUE,NA,2521
"Oh, it's the lonely boy.",30,describer,1,FALSE,NA,2522
"Uh, he has no friends, so he's just sitting there.",30,describer,2,FALSE,NA,2522
"No arms, no legs, just a torso and a knees, you know?",30,describer,3,FALSE,NA,2522
Yeah.,30,describer,4,TRUE,NA,2522
"Uh, it's like an artillery tank, but they put, like, a giant, like, uh, diamond on top of the artillery tank, you know?",30,describer,1,FALSE,NA,2523
"Uh, so it's like really symmetrical and it's like the opposite of the crab.",30,describer,2,FALSE,NA,2523
It's not the crab.,30,describer,3,FALSE,NA,2523
"It's like symmetrical and there's like a, yeah.",30,describer,4,FALSE,NA,2523
It's another one of the lonely boys.,30,describer,1,FALSE,NA,2524
"It's one of the monks, but it's not the two that we talked about before.",30,describer,2,FALSE,NA,2524
"He's standing, but he has his arms out, but his knees aren't bent.",30,describer,3,FALSE,NA,2524
"He has some cloth on his hands, hanging down.",30,describer,4,FALSE,NA,2524
"It's one of the monk boys, but he's standing upright, one foot maybe, peeking out.",30,describer,5,FALSE,NA,2524
"His arms are stretched out, there's something hanging down from his arms.",30,describer,6,FALSE,NA,2524
Yeah.,30,describer,7,TRUE,NA,2524
"Oh man, the abstract art one.",30,describer,1,FALSE,NA,2525
"Like, the one that is just completely a mess and there's like no way to interpret it.",30,describer,2,FALSE,NA,2525
It's got a square on top and a bunch of triangles.,30,describer,3,FALSE,NA,2525
I think you know what I mean.,30,describer,4,FALSE,NA,2525
It's the one that is in the urinal.,30,describer,5,FALSE,NA,2525
It's not the mouse.,30,describer,6,FALSE,NA,2525
"Oh, wait.",29,matcher,7,TRUE,NA,2525
"Actually, wait, wait.",29,matcher,8,TRUE,NA,2525
"Okay, okay.",29,matcher,9,TRUE,NA,2525
Let me re-describe it.,30,describer,10,TRUE,NA,2525
There's two weird ones.,30,describer,11,FALSE,NA,2525
So it's not the queen that's kneeling.,30,describer,12,FALSE,NA,2525
"It's, like, the five-pointed thing.",30,describer,13,FALSE,NA,2525
"There's, like, two triangle feet and, like, two heads that come out on either side.",30,describer,14,FALSE,NA,2525
"And, like, another triangle sticking out of the middle.",30,describer,15,FALSE,NA,2525
"And on top of the triangle sticking out of the middle, there's, like, a square thing.",30,describer,16,FALSE,NA,2525
"It's pretty flat, it's pretty symmetrical.",30,describer,17,FALSE,NA,2525
"It's like a two-sided horse, the two-headed horse.",30,describer,18,FALSE,NA,2525
Does that make sense?,30,describer,19,TRUE,NA,2525
Two-headed horse with a boy on top.,30,describer,20,FALSE,NA,2525
"Oh wait, no, it's more like a dog with a boy on top, now that I think about it.",30,describer,21,FALSE,NA,2525
"It's the tip scales, the scales that are falling off a table.",30,describer,1,FALSE,NA,2526
"It's like, uh, rotated at a, if you took a scale, like, imagine a set of scales,",30,describer,2,FALSE,NA,2526
"like, you know what I mean, like, two balancing thingy-ba-bongs, and, like, you took a scale and you rotated them 45 degrees clockwise.",30,describer,3,FALSE,NA,2526
"Yeah, is it, like, there's a triangle-esque object on the bottom?",29,matcher,4,FALSE,NA,2526
Yeah.,30,describer,5,TRUE,NA,2526
Okay.,30,describer,6,TRUE,NA,2526
"Oh, man, it's like the rabbit.",30,describer,1,FALSE,NA,2527
"Uh, yeah, uh, no, no, no, wait, okay.",30,describer,2,TRUE,NA,2527
"So, it's a rabbit with two ears.",30,describer,3,FALSE,NA,2527
Two triangles for ears.,30,describer,4,FALSE,NA,2527
And there's a square for its bunny tail.,30,describer,5,FALSE,NA,2527
"Two triangles for ears, cool.",30,describer,6,FALSE,NA,2527
It's a urinal.,30,describer,1,FALSE,NA,2528
"Uh, a toilet, a toilet, a toilet.",30,describer,2,FALSE,NA,2528
It's a toilet with a diamond on top.,30,describer,3,FALSE,NA,2528
"Wait, what?",29,matcher,4,TRUE,NA,2528
It's a toilet.,30,describer,5,FALSE,NA,2528
It looks like a toilet.,30,describer,6,FALSE,NA,2528
"Like a toilet, you know?",30,describer,7,FALSE,NA,2528
It has a diamond on top.,30,describer,8,FALSE,NA,2528
On the top.,30,describer,9,FALSE,NA,2528
"If you take out the diamond, it looks like a toilet.",30,describer,10,FALSE,NA,2528
A toilet where the seat is to the left.,30,describer,11,FALSE,NA,2528
The seat is to the left.,30,describer,12,FALSE,NA,2528
Like a potty.,30,describer,13,FALSE,NA,2528
"And, like, it just has a diamond on top.",30,describer,14,FALSE,NA,2528
"Oh, oh, oh.",30,describer,15,TRUE,NA,2528
"Okay, so this is the guy doing the dance.",30,describer,1,FALSE,NA,2529
He has a square head and his arm is out posturing and he's got one leg that's longer than the other.,30,describer,2,FALSE,NA,2529
One leg.,30,describer,3,FALSE,NA,2529
He's like doing some sort of dance move.,30,describer,4,FALSE,NA,2529
"Like, I'm Michael Jackson, I'm so cool.",30,describer,5,FALSE,NA,2529
"Okay, it's the one that looks like a tank.",29,describer,1,FALSE,NA,2530
With the diamond on top.,29,describer,2,FALSE,NA,2530
Looks like a what?,30,matcher,3,TRUE,NA,2530
Tank?,29,describer,4,FALSE,NA,2530
It looks like a tank.,29,describer,5,FALSE,NA,2530
"Oh, it's- Oh, oh, I know.",30,matcher,6,TRUE,NA,2530
Okay.,30,matcher,7,TRUE,NA,2530
"Okay, this is the boy on the dog.",29,describer,1,FALSE,NA,2531
Okay.,30,matcher,2,TRUE,NA,2531
It's the guy with the triangle feet and the square head with one arm out.,29,describer,1,FALSE,NA,2532
I know what you mean.,30,matcher,2,TRUE,NA,2532
It's the dancing disco Michael Jackson one.,29,describer,1,FALSE,NA,2533
"It's the one that's like perfectly symmetrical, that's like just two parallel sides.",29,describer,1,FALSE,NA,2534
"Oh, sorry, I did it wrong.",30,matcher,2,TRUE,NA,2534
"I got too excited, my bad.",30,matcher,3,TRUE,NA,2534
No worries.,30,matcher,4,TRUE,NA,2534
"I thought that was the crab, lol.",30,matcher,5,TRUE,NA,2534
"Oh, right.",30,matcher,6,TRUE,NA,2534
The other one is like grapes or boobs?,30,matcher,7,TRUE,NA,2534
Yeah.,30,matcher,8,TRUE,NA,2534
Sorry.,30,matcher,9,TRUE,NA,2534
Okay.,30,matcher,10,TRUE,NA,2534
Anyways.,30,matcher,11,TRUE,NA,2534
"Oh, sorry.",30,matcher,12,TRUE,NA,2534
I pressed the wrong button.,30,matcher,13,TRUE,NA,2534
Sorry.,30,matcher,14,TRUE,NA,2534
I pressed the wrong button.,30,matcher,15,TRUE,NA,2534
My bad.,30,matcher,16,TRUE,NA,2534
It's okay.,30,matcher,17,TRUE,NA,2534
Okay.,30,matcher,18,TRUE,NA,2534
It's the guy with two heads.,29,describer,1,FALSE,NA,2536
One that's a square and one that's a... Yeah.,29,describer,2,FALSE,NA,2536
Okay.,30,matcher,3,TRUE,NA,2536
"Okay, now it's the grapes.",29,describer,1,FALSE,NA,2537
"It's the flamingo, I think you said, that's sideways.",29,describer,1,FALSE,NA,2538
"Oh yeah, I know.",30,matcher,2,TRUE,NA,2538
"Okay, it's one of the guys that's kneeling that has, like, almost, like, a tail sticking out with his arms out.",29,describer,1,FALSE,NA,2539
"Oh, yeah, I know what you mean.",30,matcher,2,TRUE,NA,2539
"Um, it's the scorpion...",29,describer,1,FALSE,NA,2540
"Um, it's the mouse with the square and the triangle ears.",29,describer,1,FALSE,NA,2541
"It's the guy with his arms held out who's, like, leaning at a diagonal angle.",29,describer,1,FALSE,NA,2542
"It's the guy holding a wine glass with, like, the little train to his sleeve with a triangle body.",29,describer,1,FALSE,NA,2543
The big triangle guy?,29,describer,2,FALSE,NA,2543
Yeah.,30,matcher,3,TRUE,NA,2543
It's the toilet.,29,describer,1,FALSE,NA,2544
It's the one on the scale at a diagonal.,29,describer,1,FALSE,NA,2545
It's the guy taking a really big step.,29,describer,1,FALSE,NA,2546
It's the bunny that's like slouching with two triangle ears.,29,describer,1,FALSE,NA,2547
Toilet.,30,describer,1,FALSE,NA,2548
"Oh, it's a toilet.",30,describer,2,FALSE,NA,2548
"Oh, okay.",29,matcher,3,TRUE,NA,2548
Sad rabbit.,30,describer,1,FALSE,NA,2549
Wineglass.,30,describer,1,FALSE,NA,2551
Boy riding a dog.,30,describer,1,FALSE,NA,2552
Top hat man with the two triangle feet.,30,describer,1,FALSE,NA,2553
Arm out.,30,describer,2,FALSE,NA,2553
Yep.,29,matcher,3,TRUE,NA,2553
Sideway scales.,30,describer,1,FALSE,NA,2554
"Flamingos, sideways flamingos.",30,describer,1,FALSE,NA,2555
"Uh, grapes.",30,describer,1,FALSE,NA,2556
Two-headed person.,30,describer,1,FALSE,NA,2557
"Sideways, arms up, man.",30,describer,1,FALSE,NA,2558
Scorpion.,30,describer,1,FALSE,NA,2559
Kneeling with the tail.,30,describer,1,FALSE,NA,2561
"The one with the tail that's kneeling, arms out.",30,describer,2,FALSE,NA,2561
Magician cape boy.,30,describer,1,FALSE,NA,2562
The arms out cape magician.,30,describer,2,FALSE,NA,2562
Whee!,29,matcher,3,TRUE,NA,2562
wait magician the one with the cape the cape the one with the one side is a rectangle the other side is,29,matcher,4,FALSE,NA,2562
yeah,30,describer,5,TRUE,NA,2562
big step boy,30,describer,1,FALSE,NA,2563
"Dancing Boy, Michael Jackson.",30,describer,1,FALSE,NA,2564
Mouse.,30,describer,1,FALSE,NA,2565
Big step,29,describer,1,FALSE,NA,2566
Magician,29,describer,1,FALSE,NA,2567
Michael Jackson.,29,describer,1,FALSE,NA,2568
Wineglass.,29,describer,1,FALSE,NA,2569
Kneeling tail.,29,describer,1,FALSE,NA,2570
Arms out.,29,describer,1,FALSE,NA,2571
Flamingo.,29,describer,1,FALSE,NA,2573
Boy on dog.,29,describer,1,FALSE,NA,2574
Two headed man.,29,describer,1,FALSE,NA,2575
Scorpio.,29,describer,1,FALSE,NA,2576
Top hat.,29,describer,1,FALSE,NA,2577
"Sorry, what?",30,matcher,2,TRUE,NA,2577
Oh.,30,matcher,3,TRUE,NA,2577
Tilted scale.,29,describer,1,FALSE,NA,2579
Toilet,29,describer,1,FALSE,NA,2580
Crab,29,describer,1,FALSE,NA,2581
"Oh, uh, take... Let me go.",30,describer,1,TRUE,NA,2586
Crab.,30,describer,2,FALSE,NA,2586
Scorpion.,30,describer,1,FALSE,NA,2587
Kneeling tail.,30,describer,1,FALSE,NA,2588
Michael Jackson.,30,describer,1,FALSE,NA,2589
Big Step.,30,describer,1,FALSE,NA,2590
Rabbit.,30,describer,1,FALSE,NA,2591
Toilet.,30,describer,1,FALSE,NA,2592
Mouse.,30,describer,1,FALSE,NA,2593
scales,30,describer,1,FALSE,NA,2594
wine glass,30,describer,1,FALSE,NA,2595
Two heads.,30,describer,1,FALSE,NA,2596
Boy riding dog.,30,describer,1,FALSE,NA,2597
Top hat,30,describer,1,FALSE,NA,2598
Magician,30,describer,1,FALSE,NA,2599
Grapes,30,describer,1,FALSE,NA,2600
"Sorry, one more time.",29,matcher,2,TRUE,NA,2600
Great.,30,describer,3,TRUE,NA,2600
Arms out.,30,describer,1,FALSE,NA,2601
Michael Jackson.,29,describer,1,FALSE,NA,2602
Rabbit.,29,describer,1,FALSE,NA,2603
Big step.,29,describer,1,FALSE,NA,2605
Toilet,29,describer,1,FALSE,NA,2606
Two heads,29,describer,1,FALSE,NA,2607
Magician,29,describer,1,FALSE,NA,2608
Crab,29,describer,1,FALSE,NA,2609
Arms out.,29,describer,1,FALSE,NA,2610
Flamingo.,29,describer,1,FALSE,NA,2611
Top hat.,29,describer,1,FALSE,NA,2612
Scorpion.,29,describer,1,FALSE,NA,2613
Wine glass.,29,describer,1,FALSE,NA,2615
Boy on dog.,29,describer,1,FALSE,NA,2616
Scales.,29,describer,1,FALSE,NA,2617
kneeling,29,describer,1,FALSE,NA,2619
Wine glass.,30,describer,1,FALSE,NA,2620
Top hat.,30,describer,1,FALSE,NA,2621
Tank.,30,describer,1,FALSE,NA,2622
Did you say tank?,29,matcher,2,TRUE,NA,2622
Tank.,30,describer,3,FALSE,NA,2622
Crab.,30,describer,1,FALSE,NA,2623
Scorpion.,30,describer,1,FALSE,NA,2624
One more time.,29,matcher,2,TRUE,NA,2624
Scorpions.,30,describer,3,FALSE,NA,2624
Scales.,30,describer,1,FALSE,NA,2625
"Rabbit, rabbit, rabbit.",30,describer,1,FALSE,NA,2626
"Sorry, I can't hear very well.",29,matcher,2,TRUE,NA,2626
"Rabbit, rabbit, rabbit.",30,describer,3,TRUE,NA,2626
One more time?,29,matcher,4,TRUE,NA,2626
Rabbit.,30,describer,5,TRUE,NA,2626
Rabbit.,30,describer,6,TRUE,NA,2626
Bunny.,30,describer,7,FALSE,NA,2626
Sorry.,29,matcher,8,TRUE,NA,2626
Grapes.,30,describer,1,FALSE,NA,2627
"Wait, could you say that one more time?",29,matcher,2,TRUE,NA,2627
Grapes.,30,describer,3,TRUE,NA,2627
Grapes.,30,describer,4,TRUE,NA,2627
Okay.,30,describer,5,TRUE,NA,2627
Big step.,30,describer,1,FALSE,NA,2628
Big step.,30,describer,2,FALSE,NA,2628
Magician.,30,describer,1,FALSE,NA,2629
Arms.,30,describer,1,FALSE,NA,2630
What?,29,matcher,2,TRUE,NA,2630
One more time?,29,matcher,3,TRUE,NA,2630
Arms out.,30,describer,4,FALSE,NA,2630
Arms out.,30,describer,5,FALSE,NA,2630
kneeling tail,30,describer,1,FALSE,NA,2631
toilet,30,describer,1,FALSE,NA,2632
Two Heads,30,describer,1,FALSE,NA,2633
Flamingo,30,describer,1,FALSE,NA,2634
Mouse,30,describer,1,FALSE,NA,2635
Michael Jackson.,30,describer,1,FALSE,NA,2636
Dog with a boy on it.,30,describer,1,FALSE,NA,2637
"It's the guy on like a horse, but it's like a horse, like a baby horse on like a big horse.",29,describer,1,FALSE,NA,2638
It's like the skinny triangle head that's holding like a diamond.,29,describer,1,FALSE,NA,2639
Okay.,30,matcher,2,TRUE,NA,2639
House with the arrow,29,describer,1,FALSE,NA,2641
Crab,29,describer,1,FALSE,NA,2642
It's the guy who's lying on his back as if against pillows with his knees up.,29,describer,1,FALSE,NA,2643
Kneeling with his arms out.,29,describer,1,FALSE,NA,2644
big step.,29,describer,1,FALSE,NA,2645
"It's like the diagonal, you said like straight line from top left to bottom right.",29,describer,1,FALSE,NA,2646
Grape.,29,describer,1,FALSE,NA,2647
Rabbit.,29,describer,1,FALSE,NA,2648
Michael Jackson,29,describer,1,FALSE,NA,2649
Magician,29,describer,1,FALSE,NA,2650
It's like a rabbit but with a square.,29,describer,1,FALSE,NA,2651
Not really a rabbit.,29,describer,2,FALSE,NA,2651
A square and a parallelogram that's like lying on the ground.,29,describer,3,FALSE,NA,2651
Mama.,29,describer,4,TRUE,NA,2651
It's like it has two triangle ears.,29,describer,1,FALSE,NA,2654
It has a diamond that is like in its middle to its left.,29,describer,2,FALSE,NA,2654
Like bamboo.,29,describer,1,FALSE,NA,2656
like a dog with no tail with a parallelogram head,29,describer,1,FALSE,NA,2658
And a rectangle body.,29,describer,2,FALSE,NA,2658
Boy on dog.,29,describer,1,FALSE,NA,2659
Kneeling without arms,29,describer,1,FALSE,NA,2660
House with chimneys,29,describer,1,FALSE,NA,2661
"Um, it's like a diamond head with one foot sticking out.",29,describer,1,FALSE,NA,2662
I guess you could call it a dress.,29,describer,2,FALSE,NA,2662
Like a triangle wearing a triangle on the bottom.,29,describer,3,FALSE,NA,2662
Two heads.,29,describer,1,FALSE,NA,2663
Scorpion.,29,describer,1,FALSE,NA,2664
Let me know.,30,matcher,2,TRUE,NA,2664
Wide glass.,29,describer,1,FALSE,NA,2666
Top hat.,29,describer,1,FALSE,NA,2667
"It's the diamond head with one arm extended, like the train of a sleeve and of a robe.",29,describer,1,FALSE,NA,2668
Mouse.,29,describer,1,FALSE,NA,2669
"Uh, dancing with one leg extended behind.",29,describer,1,FALSE,NA,2670
God.,29,describer,1,FALSE,NA,2671
arms out,29,describer,1,FALSE,NA,2672
it's like the dog with the tail that has triangle feet i don't know,29,describer,1,FALSE,NA,2673
"There's, like, a square on the top, and then two tilted squares overlapping on the bottom.",32,describer,1,FALSE,NA,2674
"It's like, imagine a person with their hands... Oh, wait, shit.",32,describer,2,FALSE,NA,2674
"Oh, I hit the wrong button instead of moving.",31,matcher,3,TRUE,NA,2674
I'm so sorry.,31,matcher,4,TRUE,NA,2674
No problem.,31,matcher,5,TRUE,NA,2674
That was what I was trying to move towards.,31,matcher,6,TRUE,NA,2674
I hit the wrong finger.,31,matcher,7,TRUE,NA,2674
"Kill me, sorry.",31,matcher,8,TRUE,NA,2674
"Right, um, so the next one...",32,describer,1,TRUE,NA,2675
This one is like...,32,describer,2,TRUE,NA,2675
It's sort of like a person trying to walk...,32,describer,3,FALSE,NA,2675
Okay.,31,matcher,4,TRUE,NA,2675
Backwards.,32,describer,5,FALSE,NA,2675
Okay.,31,matcher,6,TRUE,NA,2675
Backwards to the left.,32,describer,7,FALSE,NA,2675
Okay.,31,matcher,8,TRUE,NA,2675
His left leg is... To the left is the right one.,32,describer,9,FALSE,NA,2675
"And, um...",32,describer,10,TRUE,NA,2675
Okay.,32,describer,11,TRUE,NA,2675
And like with a triangle arm kind of?,31,matcher,12,FALSE,NA,2675
"Yes, like a triangle arm and a sort of square head-ish...",32,describer,13,FALSE,NA,2675
"Okay, I think I got it.",31,matcher,14,TRUE,NA,2675
Oh.,31,matcher,15,TRUE,NA,2675
Shit.,31,matcher,16,TRUE,NA,2675
Okay.,31,matcher,17,TRUE,NA,2675
Um...,31,matcher,18,TRUE,NA,2675
"This one, it's like...",32,describer,1,TRUE,NA,2676
It's sort of like a wizard holding a cup.,32,describer,2,FALSE,NA,2676
The cup is a triangle.,32,describer,3,FALSE,NA,2676
Okay.,31,matcher,4,TRUE,NA,2676
"And, um...",32,describer,5,TRUE,NA,2676
Let's see if there...,32,describer,6,TRUE,NA,2676
"Uh, it's... Do you have any idea of, like, any possible options?",32,describer,7,FALSE,NA,2676
"Like... Yeah, I think so.",31,matcher,8,TRUE,NA,2676
"Is it, like, kind of like a almost, like, upside-down, like, top hat kind of cup?",31,matcher,9,FALSE,NA,2676
Um...,32,describer,10,TRUE,NA,2676
I wouldn't really say so.,32,describer,11,FALSE,NA,2676
Okay.,32,describer,12,TRUE,NA,2676
If you look at the lower right of this particular picture...,32,describer,13,FALSE,NA,2676
Okay.,32,describer,14,TRUE,NA,2676
"It's, like, it's missing...",32,describer,15,FALSE,NA,2676
"If you know what I mean, yeah.",32,describer,16,TRUE,NA,2676
Okay.,32,describer,17,TRUE,NA,2676
"It's just... Um, is it, like... Is it, like, kneeling kind of, like, facing right?",31,matcher,18,FALSE,NA,2676
"Like, from my perspective, it's holding the cup in its, um, left hand.",32,describer,19,FALSE,NA,2676
So I guess for... Yeah.,32,describer,20,TRUE,NA,2676
Okay.,32,describer,21,TRUE,NA,2676
"Uh, what else?",32,describer,22,TRUE,NA,2676
Um...,32,describer,23,TRUE,NA,2676
"How are you telling with, like, left hand?",31,matcher,24,FALSE,NA,2676
"Because, like, that's not something I can really make out.",31,matcher,25,FALSE,NA,2676
"Yeah, true.",32,describer,26,TRUE,NA,2676
Um... Let me go out and describe this.,32,describer,27,TRUE,NA,2676
"Um... Is the head, like, a, like...",32,describer,28,FALSE,NA,2676
"So the head is, like, a diamond?",32,describer,29,FALSE,NA,2676
"Yeah, it's a diamond, but there's a lot of diamond heads.",32,describer,30,FALSE,NA,2676
"Okay, yeah.",32,describer,31,TRUE,NA,2676
"And is it, like, kind of looking, like, standing or seated or kneeling or something?",31,matcher,32,FALSE,NA,2676
It's sort of standing.,32,describer,33,FALSE,NA,2676
"It's, like, facing you.",32,describer,34,FALSE,NA,2676
Okay.,32,describer,35,TRUE,NA,2676
Standing up from sideways.,32,describer,36,FALSE,NA,2676
"Does it have any, like, limb-like looking things?",31,matcher,37,FALSE,NA,2676
Um... Just its... Just one arm holding the cup.,32,describer,38,FALSE,NA,2676
"It's, like, the thing that looks like a cup.",32,describer,39,FALSE,NA,2676
Okay.,32,describer,40,TRUE,NA,2676
Yeah.,32,describer,41,TRUE,NA,2676
Um... What shape is the cup?,31,matcher,42,FALSE,NA,2676
It's an upside-down triangle.,32,describer,43,FALSE,NA,2676
Okay.,32,describer,44,TRUE,NA,2676
"Um... Like, only one tip is connected to the rest of the figure.",32,describer,45,FALSE,NA,2676
"Only, like, one tip?",31,matcher,46,FALSE,NA,2676
"Yeah, one point of the triangle.",32,describer,47,FALSE,NA,2676
Okay.,32,describer,48,TRUE,NA,2676
"I think I know which one, then.",31,matcher,49,TRUE,NA,2676
Cool.,31,matcher,50,TRUE,NA,2676
Cool.,31,matcher,51,TRUE,NA,2676
"Okay, so this one.",32,describer,1,TRUE,NA,2677
"This one, it's like, there's also a diamond on top.",32,describer,2,FALSE,NA,2677
Okay.,31,matcher,3,TRUE,NA,2677
"But it's like on top of a table, sort of.",32,describer,4,FALSE,NA,2677
"Like, this table is quite tall.",32,describer,5,FALSE,NA,2677
"Because if you see the other, like, there are diamonds on top of tables of, like, squat tables and then tall tables.",32,describer,6,FALSE,NA,2677
"I'm referring to, like, a taller table.",32,describer,7,FALSE,NA,2677
Okay.,31,matcher,8,TRUE,NA,2677
And this table doesn't have any protrusions.,32,describer,9,FALSE,NA,2677
"None are like, no prominent protrusions, I would say.",32,describer,10,FALSE,NA,2677
Okay.,31,matcher,11,TRUE,NA,2677
Yeah.,31,matcher,12,TRUE,NA,2677
"Is the table kind of like a, like, has like a triangle in the middle on top?",31,matcher,13,FALSE,NA,2677
And then the diamond off of that?,31,matcher,14,FALSE,NA,2677
Not really.,32,describer,15,FALSE,NA,2677
"It's just the diamond on top, and then sort of like a, it almost looks like a trapezoid, but the edge is a little jagged.",32,describer,16,FALSE,NA,2677
Okay.,31,matcher,17,TRUE,NA,2677
Do you have any ideas?,32,describer,18,TRUE,NA,2677
"Maybe, like... Oh.",32,describer,19,TRUE,NA,2677
Okay.,32,describer,20,TRUE,NA,2677
"Okay, this one... Um...",32,describer,21,TRUE,NA,2677
It also has a diamond head.,32,describer,22,FALSE,NA,2677
Okay.,32,describer,23,TRUE,NA,2677
And then...,32,describer,24,TRUE,NA,2677
This time...,32,describer,1,TRUE,NA,2678
Uh...,32,describer,2,TRUE,NA,2678
It's like...,32,describer,3,TRUE,NA,2678
"It has... Oh, how should I...",32,describer,4,TRUE,NA,2678
This one's too hard to spell.,32,describer,5,FALSE,NA,2678
It's like a person kneeling and then asking for something.,32,describer,6,FALSE,NA,2678
Okay.,31,matcher,7,TRUE,NA,2678
The hands are triangles pointing to the right.,32,describer,8,FALSE,NA,2678
Okay.,31,matcher,9,TRUE,NA,2678
Um...,31,matcher,10,TRUE,NA,2678
"Can you only distinguish kind of, like, one triangle, though?",31,matcher,11,FALSE,NA,2678
"Yes, I would say so.",32,describer,12,FALSE,NA,2678
"Okay, and kind of, like, so, like, kneeling facing right?",31,matcher,13,FALSE,NA,2678
"Yeah, facing right.",32,describer,14,FALSE,NA,2678
Okay.,32,describer,15,TRUE,NA,2678
If this one...,32,describer,1,TRUE,NA,2679
This one has two triangles on top.,32,describer,2,FALSE,NA,2679
"Yeah, it's the only one that has two triangles on top.",32,describer,3,FALSE,NA,2679
"Okay, and it's kind of like on top of a square?",32,describer,4,FALSE,NA,2679
"Yes, on top of a square, yes.",32,describer,5,FALSE,NA,2679
This one...,32,describer,1,TRUE,NA,2680
It looks like a person walking to the left.,32,describer,2,FALSE,NA,2680
Okay.,32,describer,3,TRUE,NA,2680
I believe it's the one that you selected for the first picture.,32,describer,4,FALSE,NA,2680
"Okay, with, like, the back leg kind of, like, with, like, the front leg, like, kind of bent, the back leg, like, kind of extended out?",31,matcher,5,FALSE,NA,2680
Yes.,32,describer,6,TRUE,NA,2680
"I would say so, yeah.",32,describer,7,TRUE,NA,2680
Oh.,31,matcher,8,TRUE,NA,2680
"No, it's this one here.",31,matcher,9,TRUE,NA,2680
"This is like a... like a kid riding on a horse, or like, a dog, maybe.",32,describer,1,FALSE,NA,2681
"Okay, yeah.",31,matcher,2,TRUE,NA,2681
And it's moving to the left.,32,describer,3,FALSE,NA,2681
"Okay, yeah, I know what's what you mean.",31,matcher,4,TRUE,NA,2681
Okay.,31,matcher,5,TRUE,NA,2681
Um...,31,matcher,6,TRUE,NA,2681
This is the...,31,matcher,7,TRUE,NA,2681
This also looks like a person kneeling.,32,describer,1,FALSE,NA,2682
It also has a diamond head.,32,describer,2,FALSE,NA,2682
Okay.,31,matcher,3,TRUE,NA,2682
"And only one, like, triangle is arms.",31,matcher,4,FALSE,NA,2682
It's very similar to the one that you got right before.,32,describer,5,FALSE,NA,2682
Okay.,31,matcher,6,TRUE,NA,2682
"Is, like, the body kind of, like, two different triangles, like, pointed out?",31,matcher,7,FALSE,NA,2682
"Like, in opposite directions?",31,matcher,8,FALSE,NA,2682
"So kind of, like, kneeling with a diamond head...",32,describer,9,FALSE,NA,2682
"And, like, the arms are, like, two triangles and, like, almost wings, kind of.",32,describer,10,FALSE,NA,2682
"Or is it just, like, kind of more basically kneeling, facing right?",31,matcher,11,FALSE,NA,2682
It's...,32,describer,12,TRUE,NA,2682
I would say it's more basic facing right.,32,describer,13,FALSE,NA,2682
Okay.,31,matcher,14,TRUE,NA,2682
"Yeah, that's...",31,matcher,15,TRUE,NA,2682
Okay.,31,matcher,16,TRUE,NA,2682
"This one, if you look at its lower left side, there's a tiny triangle that's rather detached from the rest of the picture.",32,describer,1,FALSE,NA,2683
"Okay, and it kind of looks like a, like, I don't know, like, animal or something facing right?",32,describer,2,FALSE,NA,2683
Like maybe like a swan swimming?,31,matcher,3,FALSE,NA,2683
Yeah.,32,describer,4,TRUE,NA,2683
"Yeah, yeah.",32,describer,5,TRUE,NA,2683
"Okay, this one...",32,describer,6,TRUE,NA,2683
"This one, if you look at its lower right side, there's only, like, one point of contact with the ground.",32,describer,1,FALSE,NA,2684
It sort of looks like a triangle.,32,describer,2,FALSE,NA,2684
Okay.,31,matcher,3,TRUE,NA,2684
Yeah.,31,matcher,4,TRUE,NA,2684
It's facing towards the left.,32,describer,5,FALSE,NA,2684
Okay.,31,matcher,6,TRUE,NA,2684
"And it kind of has, like, a, like,",31,matcher,7,FALSE,NA,2684
"diamond head pointed left and, like, a big, like, protrusion, like, like, thing left.",31,matcher,8,FALSE,NA,2684
"Oh, no, it doesn't have a diamond head.",32,describer,9,FALSE,NA,2684
"It's going, like, the triangular head.",32,describer,10,FALSE,NA,2684
Okay.,31,matcher,11,TRUE,NA,2684
Yeah.,31,matcher,12,TRUE,NA,2684
"Um... Like, the head is to the, uh, upper left, and then it's...",32,describer,13,FALSE,NA,2684
"It's sort of, like, diagonal across a line from the upper left to the lower right.",32,describer,14,FALSE,NA,2684
Um...,32,describer,15,TRUE,NA,2684
Okay.,32,describer,16,TRUE,NA,2684
Like...,32,describer,17,TRUE,NA,2684
Uh-huh.,32,describer,18,TRUE,NA,2684
"Okay, this one has a diamond head, and then the body is just sort of like triangle, but, like, the bottom of the triangle is a bit tilted to the right.",32,describer,1,FALSE,NA,2685
"But, like, there's nothing fancy about the body.",32,describer,2,FALSE,NA,2685
No protrusions.,32,describer,3,FALSE,NA,2685
Okay.,31,matcher,4,TRUE,NA,2685
"Um, so, is it like, so there's just one diamond head?",31,matcher,5,FALSE,NA,2685
"One diamond head, yes.",32,describer,6,FALSE,NA,2685
Okay.,31,matcher,7,TRUE,NA,2685
And then what's the body look like?,31,matcher,8,FALSE,NA,2685
"The body is sort of like just a triangle, like, I would say it's the most plain of all the pictures, the body.",32,describer,9,FALSE,NA,2685
"Like, the bottom of the body tilts a little bit to the right.",32,describer,10,FALSE,NA,2685
Okay.,31,matcher,11,TRUE,NA,2685
I guess that way.,31,matcher,12,TRUE,NA,2685
This one looks sort of like a toilet.,32,describer,1,FALSE,NA,2686
It also has a diamond head.,32,describer,2,FALSE,NA,2686
"If you imagine a toilet looking left, it's sort of like that.",32,describer,3,FALSE,NA,2686
This one looks like a dog with a really long neck.,32,describer,1,FALSE,NA,2687
"Okay, yeah.",31,matcher,2,TRUE,NA,2687
Gonna navigate over to that.,31,matcher,3,TRUE,NA,2687
Um...,31,matcher,4,TRUE,NA,2687
This one also has a diamond head.,32,describer,1,FALSE,NA,2688
And then...,32,describer,2,FALSE,NA,2688
It's sort of facing left.,32,describer,3,FALSE,NA,2688
"Um... Like, if you imagine looking at the picture sideways, it's facing left.",32,describer,4,FALSE,NA,2688
Okay.,31,matcher,5,TRUE,NA,2688
And then it has a...,32,describer,6,TRUE,NA,2688
It has a rectangular body.,32,describer,7,FALSE,NA,2688
Okay.,31,matcher,8,TRUE,NA,2688
And then...,32,describer,9,TRUE,NA,2688
"But, like, it has arms that is, like, a square or maybe, like, a triangle on top of a square.",32,describer,10,FALSE,NA,2688
"Like, holding, like, a top hat, like, upside down.",31,matcher,11,FALSE,NA,2688
"Yeah, yeah, yeah.",32,describer,12,TRUE,NA,2688
"I would say that, yeah.",32,describer,13,TRUE,NA,2688
This one is...,32,describer,1,TRUE,NA,2689
"There's a diamond head on a sort of surface, a very squat surface.",32,describer,2,FALSE,NA,2689
"It's just, um...",32,describer,3,TRUE,NA,2689
Okay.,32,describer,4,TRUE,NA,2689
"Sort of like a portal if you play any games, but yeah.",32,describer,5,FALSE,NA,2689
"Um... And, like, that's just kind of...",32,describer,6,TRUE,NA,2689
"It's like almost a rectangle that just has, like, a jagged cutout from it.",32,describer,7,FALSE,NA,2689
It's just a... Like a diamond on top of a...,32,describer,8,FALSE,NA,2689
"It doesn't look like a person, it doesn't look like an animal, just on top of a very thin table, sort of.",32,describer,9,FALSE,NA,2689
A thinness table.,32,describer,10,FALSE,NA,2689
Oh.,32,describer,11,TRUE,NA,2689
This one sort of looks like a flower.,32,describer,1,FALSE,NA,2690
kind of creepy sort of flower.,32,describer,2,FALSE,NA,2690
It has three petals made of triangles.,32,describer,3,FALSE,NA,2690
This one looks like a person that's just sitting there looking up at the sky.,32,describer,1,FALSE,NA,2691
"Like, its head is sort of like a diamond, but not tilted as much.",32,describer,2,FALSE,NA,2691
"Okay, with, like, legs out, kind of bent.",32,describer,3,FALSE,NA,2691
"Legs out, yeah, sort of sitting, legs out, that sort of position, yeah.",32,describer,4,FALSE,NA,2691
Okay.,32,describer,5,TRUE,NA,2691
This one looks like a horse that's moving to the left.,32,describer,1,FALSE,NA,2692
Okay.,32,describer,2,TRUE,NA,2692
"No person on it, just a horse.",32,describer,3,FALSE,NA,2692
"This is, um, also like a kid riding an animal moving to the left.",32,describer,1,FALSE,NA,2693
Okay.,32,describer,2,TRUE,NA,2693
Yeah.,32,describer,3,TRUE,NA,2693
This sort of looks like a cactus.,32,describer,1,FALSE,NA,2694
"There's like a big rectangle in the middle, and then two smaller ones on either side.",32,describer,2,FALSE,NA,2694
That are almost like triangles.,31,matcher,3,FALSE,NA,2694
"Yeah, sort of.",32,describer,4,TRUE,NA,2694
"Yeah, yeah.",32,describer,5,TRUE,NA,2694
"Oh, this one's really weird.",32,describer,1,FALSE,NA,2695
It's like...,32,describer,2,TRUE,NA,2695
It doesn't look like anything.,32,describer,3,FALSE,NA,2695
Like...,32,describer,4,TRUE,NA,2695
There's sort of like a triangle attached to a letter L. Okay.,32,describer,5,FALSE,NA,2695
But the L has like a... A tiny triangle attached to the lower right...,32,describer,6,FALSE,NA,2695
Okay.,32,describer,7,TRUE,NA,2695
"Does it look kind of like, maybe like an axe pointed right or something?",31,matcher,8,FALSE,NA,2695
"No, I know what you're referring to, it's not that one.",32,describer,9,FALSE,NA,2695
"Okay, is it one that looks kind of like a, like, almost like if you take a C and rotate it left a little bit and then have a triangle bottom?",31,matcher,10,FALSE,NA,2695
"Yeah, yeah, sort of like that, yeah.",32,describer,11,TRUE,NA,2695
"Yeah, that one.",32,describer,12,TRUE,NA,2695
"This one looks like a person running to the right, and he looks very happy.",32,describer,1,FALSE,NA,2696
"It has a diamond head, and then both of his arms are out, and the arms are triangles.",32,describer,2,FALSE,NA,2696
And it's going left or to the right?,31,matcher,3,FALSE,NA,2696
Yeah.,32,describer,4,TRUE,NA,2696
Okay.,32,describer,5,TRUE,NA,2696
Okay.,32,describer,6,TRUE,NA,2696
"Okay, it's the one that you chose just now.",32,describer,1,FALSE,NA,2697
Okay.,32,describer,2,TRUE,NA,2697
"This one looks like a house on the right, and then an arrow pointing up on the left.",32,describer,1,FALSE,NA,2698
"Okay, this one looks like...",32,describer,2,TRUE,NA,2698
Sort of like...,32,describer,3,TRUE,NA,2698
"So there's like a rectangle on the bottom,",32,describer,1,FALSE,NA,2699
"And then something like a chimney, you know, like... Like a ladle, kind of?",32,describer,2,FALSE,NA,2699
"Sorry, a what?",31,matcher,3,TRUE,NA,2699
Like a ladle.,32,describer,4,FALSE,NA,2699
Maybe?,32,describer,5,TRUE,NA,2699
Um... Yeah.,31,matcher,6,TRUE,NA,2699
That's...,31,matcher,7,TRUE,NA,2699
This one looks like a person that's trying to fly.,32,describer,1,FALSE,NA,2700
It's sort of like a diamond head.,32,describer,2,FALSE,NA,2700
And it's trying to fly left.,32,describer,3,FALSE,NA,2700
Its body is sort of like a parallelogram.,32,describer,4,FALSE,NA,2700
"And both of its arms are also parallelograms, yeah.",32,describer,5,FALSE,NA,2700
This one is the one that you said looks like an axe pointed to the right.,32,describer,1,FALSE,NA,2701
"Um, this one is like, it's a diamond head, and then if you look at the lower right corner,",32,describer,1,FALSE,NA,2702
There's like a tiny upside down triangle.,32,describer,2,FALSE,NA,2702
"Okay, yeah.",31,matcher,3,TRUE,NA,2702
This one is sort of like a tilted square head to the right.,32,describer,1,FALSE,NA,2703
And then a trapezoid head to the left.,32,describer,2,FALSE,NA,2703
"Okay, yeah.",31,matcher,3,TRUE,NA,2703
Where it's kind of like a leg kicking up towards the left or something.,32,describer,4,FALSE,NA,2703
"Also, yeah, yeah.",31,matcher,5,TRUE,NA,2703
"This one looks like it's a very simple, plain one.",32,describer,1,FALSE,NA,2704
"It's sort of like the flower, but not really.",32,describer,2,FALSE,NA,2704
It only has like two petals.,32,describer,3,FALSE,NA,2704
"And then there's like a trapezoid hollowed out from the picture, yeah.",32,describer,4,FALSE,NA,2704
This one has a diamond head.,32,describer,1,FALSE,NA,2705
It sort of looks like it's like kicking back.,32,describer,2,FALSE,NA,2705
And the leg that's kicking back is like a triangle.,32,describer,3,FALSE,NA,2705
"OK, yeah.",32,describer,4,TRUE,NA,2705
"Okay, this one has a really small triangle as its head.",32,describer,1,FALSE,NA,2706
Do you know which one?,32,describer,2,TRUE,NA,2706
Yeah.,32,describer,3,TRUE,NA,2706
"So this sort of looks like a robot, to be honest.",32,describer,1,FALSE,NA,2707
"It has a square, it has its head, like not a diamond, but a square.",32,describer,2,FALSE,NA,2707
"And its feet are like two very, two triangles very close together.",32,describer,3,FALSE,NA,2707
"Yeah, okay.",32,describer,4,TRUE,NA,2707
This one is like a house to the left.,32,describer,1,FALSE,NA,2708
and then a big rectangle along a very tall rectangle to the right.,32,describer,2,FALSE,NA,2708
Okay.,32,describer,3,TRUE,NA,2708
"This one also has, like, two rectangles as its head.",32,describer,4,FALSE,NA,2708
It's sort of like an animal trying to walk upside down.,32,describer,5,FALSE,NA,2708
Okay.,32,describer,6,TRUE,NA,2708
It has two triangles on top.,32,describer,1,FALSE,NA,2709
Two triangles on top?,31,matcher,2,FALSE,NA,2709
Yes.,32,describer,3,TRUE,NA,2709
It's rather small triangles.,32,describer,4,FALSE,NA,2709
Okay.,31,describer,1,TRUE,NA,2710
"This one seems- it's kind of like a horse or something, with someone riding it moving left.",31,describer,2,FALSE,NA,2710
Okay.,32,matcher,3,TRUE,NA,2710
With a triangle tail and head.,31,describer,4,FALSE,NA,2710
This one?,32,matcher,5,TRUE,NA,2710
Oh yeah.,32,matcher,6,TRUE,NA,2710
Yeah.,32,matcher,7,TRUE,NA,2710
"Okay, this is, like, someone kneeling facing right with, like, two triangle arms that are kind of, like, wings are, like, outstretched with, like, triangle sleeves.",31,describer,1,FALSE,NA,2711
Okay.,32,matcher,2,TRUE,NA,2711
"Kind of, like, kneeling with, like, a triangle, like, feet to the left.",31,describer,3,FALSE,NA,2711
"Does it have, like, a really small triangle feet to the right as well that's detached from the rest of the body?",32,matcher,4,FALSE,NA,2711
"Um, no.",31,describer,5,FALSE,NA,2711
"Oh, is it?",32,matcher,6,TRUE,NA,2711
Okay.,31,describer,7,TRUE,NA,2711
"It's like, it's like, imagine, like, triangle outstretched arms kneeling.",31,describer,8,FALSE,NA,2711
"Oh, sorry.",32,matcher,9,TRUE,NA,2711
Okay.,32,matcher,10,TRUE,NA,2711
Go on.,32,matcher,11,TRUE,NA,2711
"Okay, this one looks almost like an ostrich or something facing right with two triangle legs, one of which is really detached looking.",31,describer,1,FALSE,NA,2712
Yeah.,32,matcher,2,TRUE,NA,2712
"Okay, this one, like you were saying, looks like",31,describer,1,FALSE,NA,2713
"like a bowl or a flower with two petals, like, or like a crab or something.",31,describer,2,FALSE,NA,2713
Okay.,32,matcher,3,TRUE,NA,2713
"Okay, this looks something like, almost like a...",31,describer,1,FALSE,NA,2714
"It has like a triangle head and then kind of like a, like a...",31,describer,2,FALSE,NA,2714
body with no legs like that like um i don't know like like a legless horse maybe except for one on the right that's like a,31,describer,3,FALSE,NA,2714
okay,32,matcher,4,TRUE,NA,2714
this looks like someone walking towards the left,31,describer,1,FALSE,NA,2715
"With, like, a, like, foot kind of, like, pointed on that left side, and, like, arms stretching to the left side as well.",31,describer,2,FALSE,NA,2715
"It has a diamond head, right?",32,matcher,3,FALSE,NA,2715
"Yeah, diamond head.",31,describer,4,FALSE,NA,2715
"And its legs are, like, sort of symmetric, except that, like... Yeah, except there's a foot on the left.",31,describer,5,FALSE,NA,2715
I get it.,32,matcher,6,TRUE,NA,2715
"Okay, this one looks very similar, except it's, like, there's a back foot really, like, extended on the right side, kind of like ice skating or something, but otherwise very sim- yeah.",31,describer,1,FALSE,NA,2716
This one is the one I said looked like a ladle before.,31,describer,1,FALSE,NA,2717
"Oh, okay.",32,matcher,2,TRUE,NA,2717
"Okay, this is the one you said looked like a robot.",31,describer,1,FALSE,NA,2718
"Oh, yes.",32,matcher,2,TRUE,NA,2718
"Okay, house with a tall chimney on the right.",31,describer,1,FALSE,NA,2719
"This is like someone almost dancing with a- somewhere between square and diamond head, with like a triangle really separated foot on the right side.",31,describer,1,FALSE,NA,2720
Um.,32,matcher,2,TRUE,NA,2720
"With kind of like a long, like, fat leg except- yeah.",31,describer,3,FALSE,NA,2720
"Here, like, I think this is the one that you press, um, instead of the one with, like, the wing-like arms, kind of with someone, like, bending their legs, holding a bowl to the right.",31,describer,1,FALSE,NA,2721
This is the one that looks like the three-petal flower.,31,describer,1,FALSE,NA,2722
Thank you.,32,matcher,2,TRUE,NA,2722
"This one is probably the most, like, abstract one with two really, like, distanced, like, triangles on the head, and kind of like a tilted square midway through on a triangle.",31,describer,1,FALSE,NA,2723
"It's like- and it's like kind of like a half arrow pointed up, like, going up and down, and then two, like, random triangles on top.",31,describer,2,FALSE,NA,2723
"Oh, so it doesn't have, like, this one?",32,matcher,3,FALSE,NA,2723
Yeah.,32,matcher,4,TRUE,NA,2723
This one looks like a horse going left.,31,describer,1,FALSE,NA,2724
Okay.,32,matcher,2,TRUE,NA,2724
No one on it.,31,describer,3,FALSE,NA,2724
"This one is, like, triangle head, like, someone, like, kind of throwing their arms up, like, what can you do, almost.",31,describer,1,FALSE,NA,2725
"Uh, triangle head.",31,describer,2,FALSE,NA,2725
"Or, sorry, like, a, um, a diamond head throwing arms up.",31,describer,3,FALSE,NA,2725
Um.,31,describer,4,TRUE,NA,2725
"With, like, a tilted rectangle body.",31,describer,5,FALSE,NA,2725
"It's just the diamond arms and body, nothing else.",31,describer,6,FALSE,NA,2725
Diamond arms and body?,32,matcher,7,FALSE,NA,2725
"Yeah, with the arms kind of like, being like, thrown up, or like, yeah.",31,describer,8,FALSE,NA,2725
This one?,31,describer,1,TRUE,NA,2726
"Oh, what's that?",31,describer,2,TRUE,NA,2726
This is like the house with an arrow on the left.,31,describer,3,FALSE,NA,2726
"Okay, it's like what you were saying earlier with something with like two heads and like legs kicking to the left.",31,describer,1,FALSE,NA,2727
This is the horse moving to the left.,32,describer,1,FALSE,NA,2728
This is the ladle thing you talked about.,32,describer,1,FALSE,NA,2729
"This one is, um, uh, it's like the most abstract weird one that goes from the upper left to the lower right.",32,describer,1,FALSE,NA,2730
"It's like a triangular head, and then...",32,describer,2,FALSE,NA,2730
Okay.,32,describer,3,TRUE,NA,2730
"Yeah, yeah.",32,describer,4,TRUE,NA,2730
"With, like, the legless body?",31,matcher,5,FALSE,NA,2730
"Yeah, the legless body, so...",32,describer,6,FALSE,NA,2730
This one's the kid riding on a horse or animal moving to the left.,32,describer,1,FALSE,NA,2731
"This is, like, a three-petal flower.",32,describer,1,FALSE,NA,2732
Did you say two or three?,31,matcher,2,FALSE,NA,2732
"Three, three.",32,describer,3,FALSE,NA,2732
Three-petal.,32,describer,4,FALSE,NA,2732
Okay.,32,describer,5,TRUE,NA,2732
"Okay, this is the one, like, if you look at the lower right corner, there's, like, sort of, like, a detached triangle.",32,describer,1,FALSE,NA,2733
"It has sort of, like, a tilted square head.",32,describer,2,FALSE,NA,2733
"Okay, yeah.",32,describer,3,TRUE,NA,2733
"This one is, like,",32,describer,1,FALSE,NA,2734
It's a diamond head.,32,describer,2,FALSE,NA,2734
"And it's sort of like it's walking backwards, sort of.",32,describer,3,FALSE,NA,2734
And there's arcs or triangles.,32,describer,4,FALSE,NA,2734
It's not the symmetric leg one.,32,describer,5,FALSE,NA,2734
This is a two-petal valet.,32,describer,1,FALSE,NA,2735
Two-petal.,32,describer,2,FALSE,NA,2735
"House on the right, arrow pointing up to the left.",32,describer,1,FALSE,NA,2736
This is the one that you see them sort of like throwing their hands up,32,describer,1,FALSE,NA,2737
"It's like sort of like a diamond head, yeah.",32,describer,2,FALSE,NA,2737
This is the one with the diamond head and both of its arms are outstretched and the arms are triangles.,32,describer,1,FALSE,NA,2738
The one you said looked like a mule.,32,describer,2,FALSE,NA,2738
This is the robot one that I just said about.,32,describer,1,FALSE,NA,2739
This is the one with two triangles on top.,32,describer,1,FALSE,NA,2740
Two small triangles.,32,describer,2,FALSE,NA,2740
This is the house on the left.,32,describer,1,FALSE,NA,2741
Like the chimney on the right.,32,describer,2,FALSE,NA,2741
It's all rectangle chimneys.,32,describer,3,FALSE,NA,2741
This is the one with the square head and then a trapezoid head.,32,describer,1,FALSE,NA,2742
This is the one with the diamond head and the symmetrical legs.,32,describer,1,FALSE,NA,2743
I'm sorry.,32,describer,2,TRUE,NA,2743
"This is the one that you said looked like an ostrich, and it has like sort of a triangle detached on the lower left.",32,describer,1,FALSE,NA,2744
"Oh, this is the one that you just chose instead of the symmetrical X one.",32,describer,1,FALSE,NA,2745
This is the robot.,31,describer,1,FALSE,NA,2746
The two petal flower.,31,describer,1,FALSE,NA,2747
"Like, legless horse.",31,describer,1,FALSE,NA,2748
"Like, the ladle.",31,describer,1,FALSE,NA,2749
"It's like the, um, kneeling with the triangle arms outstretched.",31,describer,1,FALSE,NA,2750
"Oh, yes.",32,matcher,2,TRUE,NA,2750
"Um, house with the arrow.",31,describer,1,FALSE,NA,2751
The horse pointed left.,31,describer,1,FALSE,NA,2752
"It's the person, like, ice skating almost.",31,describer,1,FALSE,NA,2753
"With, like, the leg extended on the right.",31,describer,2,FALSE,NA,2753
"It's the, like, strange one with the two triangles on top.",31,describer,1,FALSE,NA,2754
The three petal flower.,31,describer,1,FALSE,NA,2755
"The, like, kid on the horse.",31,describer,1,FALSE,NA,2756
"Um, the ostrich one.",31,describer,1,FALSE,NA,2757
"Um, the house with the right chimney.",31,describer,1,FALSE,NA,2758
"Um, the person with like the tilted square head on the left and like the large leg on the left triangle on the right.",31,describer,1,FALSE,NA,2759
like dancing almost.,31,describer,2,FALSE,NA,2759
Can you say that again?,32,matcher,3,TRUE,NA,2759
"It's like tilted square head on the left and like big leg on the left and then small triangle on the right, yeah.",31,describer,4,FALSE,NA,2759
The one you said has like the symmetrical legs.,31,describer,1,FALSE,NA,2760
"Um, person with, like, bent knees, um, facing right, holding something out, like a triangle out.",31,describer,1,FALSE,NA,2761
"Um, the two-headed one with, like, trapezoid and square.",31,describer,1,FALSE,NA,2762
Oh.,32,matcher,2,TRUE,NA,2762
"And, like, the one throwing hands up.",31,describer,1,FALSE,NA,2763
This is a three petal flower.,32,describer,1,FALSE,NA,2764
This is the legless thing she talked about.,32,describer,1,FALSE,NA,2765
This is the two small triangles on top.,32,describer,1,FALSE,NA,2766
This is the one you said reflects the Christ kneeling.,32,describer,1,FALSE,NA,2767
Kneeling and two of its arms outstretched and they're both triangles.,32,describer,2,FALSE,NA,2767
This is the two headed one with a square to the right and a trapezoid to the left.,32,describer,1,FALSE,NA,2768
This is the ostrich.,32,describer,1,FALSE,NA,2769
"like the person with the bent knees, diamond head, you know, arms to the right, triangle.",32,describer,1,FALSE,NA,2770
This is the ladle.,32,describer,1,FALSE,NA,2771
This is a kid riding on the animal.,32,describer,1,FALSE,NA,2772
This is the person with the symmetrical legs.,32,describer,1,FALSE,NA,2773
This is house on the right and then arrow on the left.,32,describer,1,FALSE,NA,2774
A two petal flower.,32,describer,1,FALSE,NA,2775
This is sort of like the ice skater you talked about.,32,describer,1,FALSE,NA,2777
"This is like the one you said, the person throwing their hands up and their hands are like 100 milligrams.",32,describer,1,FALSE,NA,2778
His body is also like 100 milligrams.,32,describer,2,FALSE,NA,2778
This is like the sort of token square head and then its left leg is really big and the right leg is just a small triangle.,32,describer,1,FALSE,NA,2779
That one.,31,matcher,2,TRUE,NA,2779
There's this house on the left and that chimney on the right.,32,describer,1,FALSE,NA,2780
This is a robot.,32,describer,1,FALSE,NA,2781
"Alright, like kind of like the dancing one with the big left leg, triangle right leg.",31,describer,1,FALSE,NA,2782
This is the ladle.,31,describer,1,FALSE,NA,2783
"Um, ostrich.",31,describer,1,FALSE,NA,2784
A house with a chimney on the right.,31,describer,1,FALSE,NA,2785
"Oh, sorry.",32,matcher,2,TRUE,NA,2785
"Oh, I missed it.",32,matcher,3,TRUE,NA,2785
"Um, the person with bent legs facing right, um, holding something.",31,describer,1,FALSE,NA,2786
Three-petal flower.,31,describer,1,FALSE,NA,2787
Two petal flower.,31,describer,1,FALSE,NA,2788
"Um, weird one, two triangles on top, the small ones.",31,describer,1,FALSE,NA,2789
Throwing up arms.,31,describer,1,FALSE,NA,2790
Two heads.,31,describer,1,FALSE,NA,2791
Feet on the left.,31,describer,2,FALSE,NA,2791
"Um, legless horse.",31,describer,1,FALSE,NA,2792
Symmetrical legs.,31,describer,1,FALSE,NA,2793
House with the arrow on the left.,31,describer,1,FALSE,NA,2794
Ice skating one.,31,describer,1,FALSE,NA,2795
Kid riding horse.,31,describer,1,FALSE,NA,2796
Horse pointed up.,31,describer,1,FALSE,NA,2797
Robot.,31,describer,1,FALSE,NA,2798
kneeling with the triangle arms outstretched.,31,describer,1,FALSE,NA,2799
Robot.,32,describer,1,FALSE,NA,2800
That's a ostrich.,32,describer,1,FALSE,NA,2801
This is the one with the bent knees.,32,describer,1,FALSE,NA,2802
Triangular arms.,32,describer,2,FALSE,NA,2802
This is the house with the chimney on the right.,32,describer,1,FALSE,NA,2803
The two petal flower,32,describer,1,FALSE,NA,2804
Two?,31,matcher,2,FALSE,NA,2804
"Two, yes, two.",32,describer,3,FALSE,NA,2804
This is the one with the outstretched arms that are perimetrographs.,32,describer,1,FALSE,NA,2805
This is the two-headed one with the square and the trapezoid.,32,describer,1,FALSE,NA,2806
And this is the legless horse.,32,describer,1,FALSE,NA,2807
And then hand riding on the horse.,32,describer,1,FALSE,NA,2808
"This is the one kneeling with two triangular arms, arms stretched.",32,describer,1,FALSE,NA,2809
This is a horse moving together.,32,describer,1,FALSE,NA,2810
And the house with the arrow to the left.,32,describer,1,FALSE,NA,2811
This is like the ice skater.,32,describer,1,FALSE,NA,2812
"Oh, this is the one with the two small tires that goes on top of it.",32,describer,1,FALSE,NA,2813
"This is the one with the tilted square head and a big left leg and then a small triangle, a right leg.",32,describer,1,FALSE,NA,2814
This is the one with the symmetrical legs.,32,describer,1,FALSE,NA,2815
"on the three pedal pedals, Alex.",32,describer,1,FALSE,NA,2816
"Alright, um, bent legs, outstretched, um, triangle arms, right.",31,describer,1,FALSE,NA,2818
Ice skating one.,31,describer,1,FALSE,NA,2819
"Um, two small triangle head.",31,describer,1,FALSE,NA,2820
"Um, mountain-like thing, um, curving down to the right, also two small triangles, up head, and square head.",31,describer,1,FALSE,NA,2821
Ugh.,32,matcher,2,TRUE,NA,2821
Switched it up a bit.,32,matcher,3,TRUE,NA,2821
Yeah.,32,matcher,4,TRUE,NA,2821
Robot.,31,describer,1,FALSE,NA,2822
I'm throwing arms up.,31,describer,1,FALSE,NA,2823
A kid on horse.,31,describer,1,FALSE,NA,2824
Ostrich.,31,describer,1,FALSE,NA,2825
Legless horse.,31,describer,1,FALSE,NA,2826
"Um, you called it a cactus before.",31,describer,1,FALSE,NA,2827
Oh.,32,matcher,2,TRUE,NA,2827
"Um, two-headed with the legs on the left.",31,describer,1,FALSE,NA,2828
"Um, kind of like someone in, like, a dress with, like, with a shape, like, with a triangle going right and, like,",31,describer,1,FALSE,NA,2829
"Um, another, like, shape going to the left midway through and an upside down triangle, like, on the right.",31,describer,2,FALSE,NA,2829
"Um, person facing left holding, like, upside down top hat out.",31,describer,1,FALSE,NA,2830
"Um, the one that's like a sideways C with a triangle on the side.",31,describer,1,FALSE,NA,2831
"Um, axe pointed right.",31,describer,1,FALSE,NA,2832
"Um, almost like someone trying to lift something.",31,describer,1,FALSE,NA,2833
"Pointed left, small triangle head.",31,describer,2,FALSE,NA,2833
Uh... Just one small triangle head.,32,matcher,3,FALSE,NA,2833
"Yeah, on the top.",31,describer,4,FALSE,NA,2833
Three petal flower.,31,describer,1,FALSE,NA,2834
"Um, another, like, kid on a horse, kind of.",31,describer,1,FALSE,NA,2835
Or dog.,31,describer,2,FALSE,NA,2835
"Um, kind of, like, column with tree stump with diamond on the right side.",31,describer,1,FALSE,NA,2836
Sorry.,32,matcher,2,TRUE,NA,2836
"It's kind of, or, like, you called it, like, a toilet with a diamond.",31,describer,3,FALSE,NA,2836
"Oh, yeah.",32,matcher,4,TRUE,NA,2836
"Um, like, person sitting, um, with, like, the, like, with the diamond head kind of turned up-ish with, like, legs on the left bent.",31,describer,1,FALSE,NA,2837
"Like, sitting on the ground.",31,describer,2,FALSE,NA,2837
Okay.,32,matcher,3,TRUE,NA,2837
House with the arrow.,31,describer,1,FALSE,NA,2838
Two petal flower.,31,describer,1,FALSE,NA,2839
House with chimney on the right.,31,describer,1,FALSE,NA,2840
"Dancing person, big left leg.",31,describer,1,FALSE,NA,2841
"Um, kind of like, horse with nothing on it.",31,describer,1,FALSE,NA,2842
"Uh, a horse.",31,describer,2,FALSE,NA,2842
"Yeah, like, yeah.",31,describer,3,TRUE,NA,2842
"Um, basic, like, really basic body with Diamond 10, though, like, nothing really coming off of it.",31,describer,1,FALSE,NA,2843
"Um, besides, yeah.",31,describer,2,TRUE,NA,2843
"Like, Upside Down Christmas Tree.",31,describer,1,FALSE,NA,2844
Ladle.,31,describer,1,FALSE,NA,2845
Person with diamond outstretched arms kneeling.,31,describer,1,FALSE,NA,2846
"Or triangle outstretched arms, sorry.",31,describer,2,FALSE,NA,2846
"Um, like, diamond head, rectangular body with, like, a dragon cut out on the right.",31,describer,1,FALSE,NA,2847
"It's just like, yeah.",31,describer,2,TRUE,NA,2847
"Um, like,",31,describer,1,TRUE,NA,2848
"diamond head, triangle side, like, on the right, um, and then, like, weird shape on the left with, like, a almost detached triangle downwards.",31,describer,2,FALSE,NA,2848
Can you describe it again?,32,matcher,3,TRUE,NA,2848
"Like, yeah, like, uh, on the right side, it's a diamond with, like, a sideways triangle.",31,describer,4,FALSE,NA,2848
"On the left, it's, like, a weird shape with an upside-down triangle kind of balanced on the side.",31,describer,5,FALSE,NA,2848
um still not sure,32,matcher,6,FALSE,NA,2848
so that's a diamond head,31,describer,7,FALSE,NA,2848
yeah and then on the right side alongside like balanced on top of a like sideways triangle,31,describer,8,FALSE,NA,2848
and then on the left it has almost like a upside down triangle tail kind of thing,31,describer,9,FALSE,NA,2848
"Um, this is the one that you just chose.",31,describer,1,FALSE,NA,2849
"Oh, okay.",32,matcher,2,TRUE,NA,2849
"Um, symmetrical legs, walking, left.",31,describer,1,FALSE,NA,2850
"Um, kind of like, two triangle, like, separate triangle arms pointed left.",31,describer,1,FALSE,NA,2851
"One foot, and then almost like a triangle tail.",31,describer,2,FALSE,NA,2851
"Um, yeah.",31,describer,3,TRUE,NA,2851
"Um, horse.",31,describer,1,FALSE,NA,2852
and kind of like a boat or something with a diamond balanced on top.,31,describer,1,FALSE,NA,2853
Do I start?,34,describer,1,TRUE,NA,2854
"Okay, uh, this looks like a dog, and, um, it has a tail,",34,describer,2,FALSE,NA,2854
"and it's facing to our left, and,",34,describer,3,FALSE,NA,2854
"um, all I can really say about it, it has, like, a little jut out in its left leg, from our perspective,",34,describer,4,FALSE,NA,2854
"and the right leg is just a triangle, if that makes sense.",34,describer,5,FALSE,NA,2854
Okay.,33,matcher,6,TRUE,NA,2854
I think it does.,33,matcher,7,TRUE,NA,2854
I think I know which one you're talking about.,33,matcher,8,TRUE,NA,2854
"Okay, great.",33,matcher,9,TRUE,NA,2854
Yeah.,33,matcher,10,TRUE,NA,2854
"Okay, yeah.",33,matcher,11,TRUE,NA,2854
"Um, this one looks like a person lying down, but kind of also in a sitting up position.",34,describer,1,FALSE,NA,2855
"And they're, um, kind of like they're lying against the wall.",34,describer,2,FALSE,NA,2855
"and they have like one foot, or I guess both feet, but they're like parallel, so we can only see one, if that makes sense.",34,describer,3,FALSE,NA,2855
I know which one you're talking about.,33,matcher,4,FALSE,NA,2855
"The square head, right?",33,matcher,5,FALSE,NA,2855
"Yeah, yeah, yeah.",34,describer,6,TRUE,NA,2855
"Okay, yeah.",34,describer,7,TRUE,NA,2855
This one really just looks like a mess of shapes to me.,34,describer,1,FALSE,NA,2856
It looks a bit like a short and wide dancer dancing.,34,describer,2,FALSE,NA,2856
They have a square head.,34,describer,3,FALSE,NA,2856
"The square is fairly parallel to the ground, if that makes sense.",34,describer,4,FALSE,NA,2856
Disregard that part.,34,describer,5,TRUE,NA,2856
"Their left hand, from our perspective, is a bit bigger than their right hand.",34,describer,6,FALSE,NA,2856
I think I know which one you're talking about.,33,matcher,7,FALSE,NA,2856
"Okay, great.",33,matcher,8,TRUE,NA,2856
I think.,33,matcher,9,TRUE,NA,2856
"Wow, that's impressive.",33,matcher,10,TRUE,NA,2856
Nice.,33,matcher,11,TRUE,NA,2856
"Yes, okay.",33,matcher,12,TRUE,NA,2856
Great.,33,matcher,13,TRUE,NA,2856
"This is also a dancer, but it's the one where they're standing on one leg straight up, and they have both arms kind of extended to the left,",34,describer,1,FALSE,NA,2857
"I know which one, yeah.",33,matcher,2,TRUE,NA,2857
Yeah.,33,matcher,3,TRUE,NA,2857
"Yeah, okay.",33,matcher,4,TRUE,NA,2857
"Okay, this is also kind of a mess of shapes.",34,describer,1,FALSE,NA,2858
"Yeah, this one does not look like a person to me at all.",34,describer,2,FALSE,NA,2858
I might just give some geometric descriptions.,34,describer,3,FALSE,NA,2858
"So in the center, but closer to the top a little bit, but mostly in the center, there's the square.",34,describer,4,FALSE,NA,2858
And the square is in the diamond shape almost entirely.,34,describer,5,FALSE,NA,2858
"And then below the square, there's a triangle that connects to the right corner of the square pretty much only.",34,describer,6,FALSE,NA,2858
"And then that triangle, like, extends downward into, like, the main body of the shape, if that makes sense.",34,describer,7,FALSE,NA,2858
"Um, and also on the right of this shape, there's a smaller triangle that's coming off of the main body of the shape that's, like, barely touching the rest of the shape, just by the corner.",34,describer,8,FALSE,NA,2858
I think I know which one you're talking about.,33,matcher,9,FALSE,NA,2858
Okay.,33,matcher,10,TRUE,NA,2858
"Uh, damn, I'm sorry.",33,matcher,11,TRUE,NA,2858
Okay.,33,matcher,12,TRUE,NA,2858
"Wait, oh.",33,matcher,13,TRUE,NA,2858
"I, okay.",33,matcher,14,TRUE,NA,2858
I clicked on the wrong one.,33,matcher,15,TRUE,NA,2858
That was my bad.,33,matcher,16,TRUE,NA,2858
"I knew which one it was, though.",33,matcher,17,TRUE,NA,2858
"Okay, wow.",33,matcher,18,TRUE,NA,2858
This one kind of looks like a person sitting down and kneeling.,34,describer,1,FALSE,NA,2859
"Yeah, probably kneeling and praying or asking for alms or something.",34,describer,2,FALSE,NA,2859
And they have the diamond-shaped head.,34,describer,3,FALSE,NA,2859
And also there's what looks like a parallelogram.,34,describer,4,FALSE,NA,2859
"coming out of their back from the left, and then on the right is a random triangle that doesn't really fit in.",34,describer,5,FALSE,NA,2859
"But yeah, you have the person begging and the parallelogram on the left and the triangle on the right.",34,describer,6,FALSE,NA,2859
Got it.,33,matcher,7,TRUE,NA,2859
Nice.,33,matcher,8,TRUE,NA,2859
This one looks...,33,matcher,9,TRUE,NA,2859
not like a person at all.,34,describer,1,FALSE,NA,2860
There's actually no square at all.,34,describer,2,FALSE,NA,2860
It's hard to describe.,34,describer,3,FALSE,NA,2860
"Can you picture, like, a diamond shape?",34,describer,4,FALSE,NA,2860
You know what I mean?,34,describer,5,FALSE,NA,2860
"Like, if you see, like, one of those clipart pictures of a diamond that's, like, very cut and, like, straight, if that makes sense?",34,describer,6,FALSE,NA,2860
Yeah.,34,describer,7,TRUE,NA,2860
And now picture taking out a triangle from the bottom part of that diamond and also a trapezoid from the top part of the diamond.,34,describer,8,FALSE,NA,2860
"So there's, like, a white trapezoid that's, like, in the negative space.",34,describer,9,FALSE,NA,2860
Mm-hmm.,34,describer,10,TRUE,NA,2860
"And yeah, that's what it looks like.",34,describer,11,FALSE,NA,2860
Is it the angry crab looking one?,33,matcher,12,FALSE,NA,2860
"Yes, it is.",34,describer,13,TRUE,NA,2860
Okay.,34,describer,14,TRUE,NA,2860
Nice.,34,describer,15,TRUE,NA,2860
"This looks like a bird of some sort, like a goose or a flamingo, and it's wider than it is tall, if that makes sense, and the bird is facing to the right.",34,describer,1,FALSE,NA,2861
"It's got a pretty long neck, and one of its feet is going out to the left a little bit.",34,describer,2,FALSE,NA,2861
"Got it, I think.",33,matcher,3,TRUE,NA,2861
"Yeah, nice.",33,matcher,4,TRUE,NA,2861
"This one looks kind of like the Loch Ness Monster, if that makes sense.",34,describer,1,FALSE,NA,2862
"Like, you've seen those, like, pictures of it.",34,describer,2,FALSE,NA,2862
"It's really blurry, and its, like, neck is coming out of the water.",34,describer,3,FALSE,NA,2862
"And its neck is quite long, and it has, like, a square-ish with a bit rectangular body.",34,describer,4,FALSE,NA,2862
"And it's facing to the left, yeah.",34,describer,5,FALSE,NA,2862
Got it.,33,matcher,6,TRUE,NA,2862
Got it.,33,matcher,7,TRUE,NA,2862
Um...,33,matcher,8,TRUE,NA,2862
"This one could be interpreted as a person begging, but the body is way too, like, blocky to be that, in my opinion.",34,describer,1,FALSE,NA,2863
"So, to me, it looks like there's a cliff, actually, and then there's, like, a diamond on top of the cliff just chilling there.",34,describer,2,FALSE,NA,2863
Does that make sense?,34,describer,3,TRUE,NA,2863
I think so.,33,matcher,4,TRUE,NA,2863
"Great, yeah.",33,matcher,5,TRUE,NA,2863
"This one looks like a dog, like quite stereotypical dog, and the main body part is like a complete rectangle, and there's- yeah, I got it.",34,describer,1,FALSE,NA,2864
"This one is like a person that's like doing judo or karate or something, and",34,describer,1,FALSE,NA,2865
they've kind of got their arms up and that's like an interpretation.,34,describer,2,FALSE,NA,2865
It's not like what I see.,34,describer,3,FALSE,NA,2865
Does that make sense?,34,describer,4,FALSE,NA,2865
"And their right leg, from our perspective, is kind of like coming towards you, if you can use your imagination.",34,describer,5,FALSE,NA,2865
Their left leg is back and the diamond-shaped head is a little bit to the left of the entire picture and to the right.,34,describer,6,FALSE,NA,2865
"Yeah, nice.",34,describer,7,TRUE,NA,2865
Got it.,34,describer,8,TRUE,NA,2865
"Uh, this looks like maybe a scuba diver?",34,describer,1,FALSE,NA,2866
"So like, definitely longer than it is wide, and you see like the person, and there's two like triangles at the bottom that are like the flippers,",34,describer,2,FALSE,NA,2866
"and then an arm coming out to the right, and then they have like a backpack, yeah.",34,describer,3,FALSE,NA,2866
Got it.,34,describer,4,TRUE,NA,2866
"This one definitely looks like someone asking for food, or like having their hands out, asking for something.",34,describer,1,FALSE,NA,2867
"And so it's like, they're wearing a robe almost, and they have a diamond-shaped head in the center, and their hands are coming out to the left, and their hands are like robes, so they're like, yeah.",34,describer,2,FALSE,NA,2867
Nice.,33,matcher,3,TRUE,NA,2867
I thought priest for that one.,33,matcher,4,FALSE,NA,2867
"Oh, okay.",33,matcher,5,TRUE,NA,2867
Kinda looks like a priest.,33,matcher,6,FALSE,NA,2867
Yeah.,33,matcher,7,TRUE,NA,2867
"This one kind of looks like an animal that is in the water and swimming, but kind of not, but to me it looks like an animal.",34,describer,1,FALSE,NA,2868
"And so it's kind of divided into two,",34,describer,2,FALSE,NA,2868
"where like the left part is a little bit up, the right part is a little bit down,",34,describer,3,FALSE,NA,2868
"and there's like a small connecting bit in the center, and then the head is on the left, and then the feet are on the right.",34,describer,4,FALSE,NA,2868
Got it?,34,describer,5,TRUE,NA,2868
Got it.,33,matcher,6,TRUE,NA,2868
I can keep going.,33,matcher,7,TRUE,NA,2868
Yeah.,33,matcher,8,TRUE,NA,2868
"If you wanted to interpret it as a person, it would be like a person lying against a wall completely,",34,describer,1,FALSE,NA,2869
"and then they, they're like, uh, they have their knees up, which is like the second mouse that I was talking about before.",34,describer,2,FALSE,NA,2869
"Oh, I, I pressed on the wrong one.",33,matcher,3,TRUE,NA,2869
Sorry.,33,matcher,4,TRUE,NA,2869
"It's okay, no worries.",33,matcher,5,TRUE,NA,2869
"I know which one you were talking about, though.",33,matcher,6,TRUE,NA,2869
"Yeah, yeah, yeah.",33,matcher,7,TRUE,NA,2869
"Okay, this one looks like someone dancing, or maybe getting ready to fight you, um,",34,describer,1,FALSE,NA,2870
"They have their, like, main body part is just a rectangle, mostly.",34,describer,2,FALSE,NA,2870
"And then they have their left leg coming out, and then their, like, foot is up a little bit.",34,describer,3,FALSE,NA,2870
"And the right leg, their leg is just completely down, so there's no foot.",34,describer,4,FALSE,NA,2870
"And then they have their, yeah.",34,describer,5,FALSE,NA,2870
Got it.,33,matcher,6,TRUE,NA,2870
Got it.,33,matcher,7,TRUE,NA,2870
Great.,33,matcher,8,TRUE,NA,2870
This one is a person begging or asking for food or something.,34,describer,1,FALSE,NA,2871
This looks more like a woman for some reason.,34,describer,2,FALSE,NA,2871
"And their arms are to the right, and then their feet or maybe their dress is coming up from the left.",34,describer,3,FALSE,NA,2871
Got it.,33,matcher,4,TRUE,NA,2871
"Ooh, I don't know.",33,matcher,5,TRUE,NA,2871
"This one looks like a person floating to me, and almost like a ghost would float, but, like, if the ghost was moving around so that their body was kind of trailing.",34,describer,1,FALSE,NA,2872
"I know that's, like, a terrible description, I'm sorry.",34,describer,2,TRUE,NA,2872
"But, um, so.",33,matcher,3,TRUE,NA,2872
"Yeah, sorry.",33,matcher,4,TRUE,NA,2872
I couldn't figure out how to describe this.,34,describer,5,FALSE,NA,2872
"It kind of looks like a wine glass, like they're holding a wine glass.",33,matcher,6,FALSE,NA,2872
"Ooh, oh, I see it now.",34,describer,7,TRUE,NA,2872
"Okay, well.",34,describer,8,TRUE,NA,2872
"Okay, this one looks like a flower.",34,describer,1,FALSE,NA,2873
"Um, like, the stem is coming from the right, like, so the stem is going left, and then it opens up to the flower as it goes to the top.",34,describer,2,FALSE,NA,2873
Um... Yeah.,34,describer,3,TRUE,NA,2873
"It could be, like, a torch.",34,describer,4,FALSE,NA,2873
Um...,34,describer,5,TRUE,NA,2873
"It also kind of looks like you started with the same diamond shape and cut out two triangles from it, and then added something in the bottom.",34,describer,6,FALSE,NA,2873
Got it.,34,describer,7,TRUE,NA,2873
Like an angry claw hand.,34,describer,8,FALSE,NA,2873
"Yeah, yeah, yeah, you're right.",33,matcher,9,TRUE,NA,2873
Okay.,33,matcher,10,TRUE,NA,2873
Nice.,33,matcher,11,TRUE,NA,2873
"Yeah, sure, I'll try, yeah.",33,matcher,12,TRUE,NA,2873
"Um, this one looks like you're sitting at a table with someone,",34,describer,1,FALSE,NA,2874
"and the table is a hexagon, but the hexagon is way wider than it is tall,",34,describer,2,FALSE,NA,2874
"and then there's a person across from you that's sitting, so you see a bit of a body.",34,describer,3,FALSE,NA,2874
Got it.,33,matcher,4,TRUE,NA,2874
Got it.,33,matcher,5,TRUE,NA,2874
Okay.,33,matcher,6,TRUE,NA,2874
"This is definitely, like, a barn.",34,describer,1,FALSE,NA,2875
and there's a barn and there's like a door that's white that's cut out and then on the left of the barn there's like a storage silo or something but the silo has a triangle on top of it,34,describer,2,FALSE,NA,2875
got it,33,matcher,3,TRUE,NA,2875
this one is another person praying or sorry asking for food or something and their head is a diamond in the center,34,describer,1,FALSE,NA,2876
"and they have their arms to the right, and their leg is going down to the left a bit.",34,describer,2,FALSE,NA,2876
Great.,33,matcher,3,TRUE,NA,2876
"This one looks like a person, like, kind of, like, raising the roof, if that makes sense.",34,describer,1,FALSE,NA,2877
"Like, they're dancing, and their body is going to the left.",34,describer,2,FALSE,NA,2877
kind of like your body is shifted to the left.,34,describer,3,FALSE,NA,2877
"Yeah, nice.",33,matcher,4,TRUE,NA,2877
"Ooh, this one does not look like a person to me either.",34,describer,1,FALSE,NA,2878
"Huh, the square is like",34,describer,2,FALSE,NA,2878
"It's not the head of the person, or it's not even a person, but not the head at all.",34,describer,3,FALSE,NA,2878
"It's like a little bit in the bottom left of the picture, but still mostly in the center, but if you had to pick a corner, it'd be the bottom left.",34,describer,4,FALSE,NA,2878
"And then there's like the main body to the right of that, that's kind of a bit tall, but not rectangular.",34,describer,5,FALSE,NA,2878
There's some stuff coming off of it.,34,describer,6,FALSE,NA,2878
"And the defining feature to me is that on top of that main blob body part,",34,describer,7,FALSE,NA,2878
are two triangles that are coming out.,34,describer,8,FALSE,NA,2878
"Yeah, nice.",33,matcher,9,TRUE,NA,2878
It's like a rabbit playing soccer.,33,matcher,10,FALSE,NA,2878
"Okay, I see it, yeah.",34,describer,11,TRUE,NA,2878
Nice.,33,matcher,12,TRUE,NA,2878
Ooh.,33,matcher,13,TRUE,NA,2878
"Imagining this one is like a dance fighter like you see in those movies, and they're kind of like life-",34,describer,1,FALSE,NA,2879
"Anyway, their head is more square than it is diamond-shaped, and it's a bit to the left of the image, but not that much left.",34,describer,2,FALSE,NA,2879
"And then the leg of a person that's kind of like a big leg, to be honest, is going to the left.",34,describer,3,FALSE,NA,2879
Got it.,33,matcher,4,TRUE,NA,2879
"This one is the person, like, just sitting there.",34,describer,1,FALSE,NA,2880
"This is the one that you, when I was talking about the ghost, that's the one you picked.",34,describer,2,FALSE,NA,2880
"Oh, okay.",33,matcher,3,TRUE,NA,2880
Nice.,33,matcher,4,TRUE,NA,2880
"Okay, interesting.",33,matcher,5,TRUE,NA,2880
"This is the person, like, kneeling down, but their arms are up, so they look, like, kinda happy.",34,describer,1,FALSE,NA,2881
"Like they've just finished a pose or whatever, like a breakdancing routine, now they're kneeling there with their arms up a bit, and they're looking at you.",34,describer,2,FALSE,NA,2881
"There's also a little bit of white space in the middle that's a very thin triangle, if that helps.",34,describer,3,FALSE,NA,2881
"They kind of have a foot coming up to the left a little bit, but it's a very small triangle foot.",34,describer,4,FALSE,NA,2881
I think I know what you're talking about now.,33,matcher,5,TRUE,NA,2881
"Uh, damn.",33,matcher,6,TRUE,NA,2881
Okay.,33,matcher,7,TRUE,NA,2881
Sorry.,33,matcher,8,TRUE,NA,2881
You're good.,33,matcher,9,TRUE,NA,2881
Sorry to describe.,33,matcher,10,TRUE,NA,2881
Okay.,33,matcher,11,TRUE,NA,2881
"Okay, I want you to imagine, like, a tree.",34,describer,1,FALSE,NA,2882
"So there's, like, a rectangle base for the trunk, and then there's two sets of leaves on either left or right.",34,describer,2,FALSE,NA,2882
"Now... No, no, no, sorry.",34,describer,3,TRUE,NA,2882
"I was gonna say, like, flip the tree over.",34,describer,4,TRUE,NA,2882
"Sorry, that's the best way.",34,describer,5,TRUE,NA,2882
"No, you're good, you're good.",34,describer,6,TRUE,NA,2882
"Okay, this is just a barn with a silo, so, like, the same as before, but no triangle on top.",34,describer,1,FALSE,NA,2883
Got it.,33,matcher,2,TRUE,NA,2883
Nice.,33,matcher,3,TRUE,NA,2883
I'm trying to be still.,33,matcher,4,TRUE,NA,2883
"Okay, this is similar to the people begging, but it doesn't quite look like a person in that there's the diamond head, mostly in the center, a little bit to the right.",34,describer,1,FALSE,NA,2884
Then there's a rectangular body and a little triangle on the right that looks like it could be hands.,34,describer,2,FALSE,NA,2884
"But then on the left, there's another rectangle.",34,describer,3,FALSE,NA,2884
Oh.,33,matcher,4,TRUE,NA,2884
Yeah.,33,matcher,5,TRUE,NA,2884
I chose too quickly.,33,matcher,6,TRUE,NA,2884
"No, it's okay.",33,matcher,7,TRUE,NA,2884
It's okay.,33,matcher,8,TRUE,NA,2884
You're good.,33,matcher,9,TRUE,NA,2884
There you go.,33,matcher,10,TRUE,NA,2884
This is just straight up a shape.,34,describer,1,FALSE,NA,2885
"Like, there's no...",34,describer,2,TRUE,NA,2885
There's no diamond at all.,34,describer,3,FALSE,NA,2885
"Or there's no square at all, I mean.",34,describer,4,FALSE,NA,2885
And...,34,describer,5,TRUE,NA,2885
"It looks like it could be, like, a radar gun that a cop uses.",34,describer,6,FALSE,NA,2885
"To, like, yeah, no...",34,describer,7,TRUE,NA,2885
"This is also just straight up a shape, there's no square.",34,describer,8,FALSE,NA,2885
"Uhh, it kinda looks like you have a telephone with a really weird protrusion coming out of the back of it.",34,describer,9,FALSE,NA,2885
Nice.,33,matcher,10,TRUE,NA,2885
Oooooookay.,33,matcher,11,TRUE,NA,2885
"This is like a kid, there's like a kid, um, who's kind of looking down and a bit to the left,",34,describer,1,FALSE,NA,2887
"and they have a triangular foot to the left, and they're holding the square in their hands and looking down at it.",34,describer,2,FALSE,NA,2887
Nice.,33,matcher,3,TRUE,NA,2887
"Ooh, um,",33,matcher,4,TRUE,NA,2887
"This is the one that we- that you chose when we got it wrong- when we got it wrong earlier, that's like, mostly a rectangular... mostly a rectangular, but not quite, like, object in the middle.",34,describer,1,FALSE,NA,2888
Like the tree one?,34,describer,2,FALSE,NA,2888
"Yeah, yeah, yeah.",34,describer,3,TRUE,NA,2888
"Um, this one looks like an angel to me,",34,describer,1,FALSE,NA,2889
"and so, like, there's wings coming out to the left,",34,describer,2,FALSE,NA,2889
"and then a square head, mostly square head, looking to the right,",34,describer,3,FALSE,NA,2889
"and then a foot coming out to the left a bit,",34,describer,4,FALSE,NA,2889
"and then something, like, almost like a tail, also coming out from the back on the left.",34,describer,5,FALSE,NA,2889
"Yeah, that's all I get.",33,matcher,6,TRUE,NA,2889
Um... Yeah...,33,matcher,7,TRUE,NA,2889
I'm a bit confused.,33,matcher,8,TRUE,NA,2889
It's okay.,34,describer,9,TRUE,NA,2889
The square is a bit to the right and quite a bit far to the upper part of the box.,34,describer,10,FALSE,NA,2889
"Okay, so this one kind of looks like a dog that's facing to the left.",33,describer,1,FALSE,NA,2890
Okay.,34,matcher,2,TRUE,NA,2890
I think I got it.,34,matcher,3,TRUE,NA,2890
"Yes, you got it.",34,matcher,4,TRUE,NA,2890
"Um, this one I got wrong last time, but you said that it was like someone asked for food, but it doesn't quite look like a person.",33,describer,1,FALSE,NA,2891
I think I know what you mean.,34,matcher,2,TRUE,NA,2891
Yeah.,34,matcher,3,TRUE,NA,2891
This is the one that I thought looked like a ghost.,33,describer,1,FALSE,NA,2892
There's like a slight trail to the right.,33,describer,2,FALSE,NA,2892
Yeah.,34,matcher,3,TRUE,NA,2892
"Yeah, I feel like it's easier the second round.",34,matcher,4,TRUE,NA,2892
"Yeah, that's true.",34,matcher,5,TRUE,NA,2892
Yeah.,34,matcher,6,TRUE,NA,2892
"Um, it looks like a priest standing there with like a robe and he's holding a book.",33,describer,1,FALSE,NA,2893
And he's facing to the left.,33,describer,2,FALSE,NA,2893
He's facing to the left.,33,describer,3,FALSE,NA,2893
"Okay, give me a second.",34,matcher,4,TRUE,NA,2893
But he has a robe on.,33,describer,5,FALSE,NA,2893
"Okay, I think it's gotta be that one.",34,matcher,6,TRUE,NA,2893
Yeah.,34,matcher,7,TRUE,NA,2893
"Um, it's like a ballerina with one leg on the ground and one leg, like, kicking off behind her, and then her arms are to the left.",33,describer,1,FALSE,NA,2894
"Okay, I got it.",34,matcher,2,TRUE,NA,2894
Yeah.,34,matcher,3,TRUE,NA,2894
It's the upside-down tree.,33,describer,1,FALSE,NA,2895
"Okay, got it.",34,matcher,2,TRUE,NA,2895
I hear that.,34,matcher,3,TRUE,NA,2895
"Um, it's the one that you said looked like a gun.",33,describer,1,FALSE,NA,2896
A duck?,34,matcher,2,FALSE,NA,2896
A gun.,33,describer,3,FALSE,NA,2896
A gun.,33,describer,4,FALSE,NA,2896
"Oh, okay.",34,matcher,5,TRUE,NA,2896
Like a radar gun.,33,describer,6,FALSE,NA,2896
"Yeah, I got it.",34,matcher,7,TRUE,NA,2896
"Um, you're sitting at a table facing another person.",33,describer,1,FALSE,NA,2897
"Okay, great.",34,matcher,2,TRUE,NA,2897
Yeah.,34,matcher,3,TRUE,NA,2897
"Um, an array of shapes.",33,describer,1,FALSE,NA,2898
There's just a bunch of shapes stacked on top of each other.,33,describer,2,FALSE,NA,2898
Okay.,33,describer,3,TRUE,NA,2898
"Kind of like there's like two feet and then two arms, but they're very, very wide.",33,describer,4,FALSE,NA,2898
"Okay, I think I got it.",34,matcher,5,TRUE,NA,2898
Yeah.,34,matcher,6,TRUE,NA,2898
"Um, it's a person begging for food.",33,describer,1,FALSE,NA,2899
"but they have a little, like, weird thing on the left, and then they're facing towards the right.",33,describer,2,FALSE,NA,2899
Okay.,33,describer,3,TRUE,NA,2899
You said that it looks like a woman.,33,describer,4,FALSE,NA,2899
Interesting.,34,matcher,5,TRUE,NA,2899
"Okay, I'm sorry.",34,matcher,6,TRUE,NA,2899
"Oh, you're good.",34,matcher,7,TRUE,NA,2899
You're good.,34,matcher,8,TRUE,NA,2899
There we go.,34,matcher,9,TRUE,NA,2899
"Um, he's holding a wine glass and he's facing to the left.",33,describer,1,FALSE,NA,2900
Got it.,34,matcher,2,TRUE,NA,2900
Nice.,34,matcher,3,TRUE,NA,2900
"Um, it's like a telephone.",33,describer,1,FALSE,NA,2901
He's turning to the left.,33,describer,2,FALSE,NA,2901
"Okay, got it.",34,matcher,3,TRUE,NA,2901
It's a child reading a book facing to the left.,33,describer,1,FALSE,NA,2902
"Okay, got it.",34,matcher,2,TRUE,NA,2902
It's...,34,matcher,3,TRUE,NA,2902
It's like a person sitting facing towards the right.,33,describer,1,FALSE,NA,2903
There's a little triangle on the right bottom that's kind of like their foot.,33,describer,2,FALSE,NA,2903
And it kind of looks like they have wings.,33,describer,3,FALSE,NA,2903
And their arms are also out to the right.,33,describer,4,FALSE,NA,2903
OK. OK. Yeah.,34,matcher,5,TRUE,NA,2903
"It's a person sitting, leaning against the wall, facing to the left.",33,describer,1,FALSE,NA,2904
And they look sad.,33,describer,2,FALSE,NA,2904
OK. And their knees are up.,34,matcher,3,FALSE,NA,2904
Yeah.,33,describer,4,TRUE,NA,2904
OK.,33,describer,5,TRUE,NA,2904
It's a sad rabbit facing towards the right.,33,describer,1,FALSE,NA,2905
Oh.,34,matcher,2,TRUE,NA,2905
Yeah.,34,matcher,3,TRUE,NA,2905
"Um, there's a cliff, and then there's a diamond on top of it.",33,describer,1,FALSE,NA,2906
Got it.,34,matcher,2,TRUE,NA,2906
What's up there?,33,describer,1,FALSE,NA,2907
"It's the one that I thought was a tree, but it's not.",33,describer,2,FALSE,NA,2907
"Okay, got it.",34,matcher,3,TRUE,NA,2907
It's a long rectangle.,33,describer,4,FALSE,NA,2907
"Okay, this is the dog again that's facing to the left.",34,describer,1,FALSE,NA,2908
This is the upside down tree.,34,describer,1,FALSE,NA,2909
This is the ballerina with the arms to the left and the foot coming out to the right.,34,describer,1,FALSE,NA,2910
Got it.,33,matcher,2,TRUE,NA,2910
"Um, this is the weird beggar, if that makes sense.",34,describer,1,FALSE,NA,2911
I don't know how to say that.,34,describer,2,FALSE,NA,2911
with diamond head in the rectangle and then like a smaller rectangle to the left with like a triangle coming out to the right and then a like a triangle coming out from the right to the left side.,34,describer,3,FALSE,NA,2911
This is like the- we got this one wrong last time.,34,describer,4,FALSE,NA,2911
Is this the bird one?,33,matcher,5,FALSE,NA,2911
"No, no, no, no.",34,describer,6,FALSE,NA,2911
I don't think so.,34,describer,7,FALSE,NA,2911
"Ah, shoot.",33,matcher,8,TRUE,NA,2911
I guess it could be a bird.,34,describer,9,FALSE,NA,2911
I don't know.,34,describer,10,FALSE,NA,2911
I don't know how to describe that one.,34,describer,11,FALSE,NA,2911
I'm sorry.,33,matcher,12,TRUE,NA,2911
It's like a crocodile eating something.,33,matcher,13,FALSE,NA,2911
"I don't see it, but I'll remember it.",34,describer,14,TRUE,NA,2911
Okay.,34,describer,15,TRUE,NA,2911
Okay.,34,describer,16,TRUE,NA,2911
This is the sad rabbit looking to the right.,34,describer,1,FALSE,NA,2912
Got it.,33,matcher,2,TRUE,NA,2912
This is the radar gun.,34,describer,1,FALSE,NA,2913
"This is the sad ghost with the kind of like, wisp going to the right.",34,describer,1,FALSE,NA,2914
"This is the not tree, like the one that's not actually a tree.",34,describer,1,FALSE,NA,2915
Yeah.,33,matcher,2,TRUE,NA,2915
I don't know how else to describe that.,34,describer,3,FALSE,NA,2915
Yeah.,33,matcher,4,TRUE,NA,2915
This is the one that is kind of a beggar.,34,describer,1,FALSE,NA,2916
"You said they kind of look like they had wings, which is the parallelogram coming to the left.",34,describer,2,FALSE,NA,2916
Got it.,33,matcher,3,TRUE,NA,2916
Nice.,33,matcher,4,TRUE,NA,2916
This is the one with the wine glass.,34,describer,1,FALSE,NA,2917
This is the kid with the book.,34,describer,1,FALSE,NA,2918
Nice.,33,matcher,2,TRUE,NA,2918
This is a man sitting against a wall with his feet going to the left.,34,describer,1,FALSE,NA,2919
This is the one that's just an array of shapes.,34,describer,1,FALSE,NA,2920
It's wider.,34,describer,2,FALSE,NA,2920
"Um, yeah.",33,matcher,3,TRUE,NA,2920
This is the diamond on the cliff.,34,describer,1,FALSE,NA,2921
Nice.,33,matcher,2,TRUE,NA,2921
This is the telephone.,34,describer,1,FALSE,NA,2922
Nice.,33,matcher,2,TRUE,NA,2922
"This is the man in a robe, um, that had a book.",34,describer,1,FALSE,NA,2923
"Like, um, looking to the left.",34,describer,2,FALSE,NA,2923
"Yeah, nice.",33,matcher,3,TRUE,NA,2923
"This is, you're sitting across from someone at a table.",34,describer,1,FALSE,NA,2924
"And this is the woman begging, arms to the right and the foot coming out from the left.",34,describer,1,FALSE,NA,2925
It's sitting at a table across from someone.,33,describer,1,FALSE,NA,2926
Got it.,34,matcher,2,TRUE,NA,2926
One second.,34,matcher,3,TRUE,NA,2926
Not a tree.,33,describer,1,FALSE,NA,2927
Okay.,34,matcher,2,TRUE,NA,2927
Nice.,34,matcher,3,TRUE,NA,2927
"Uh, diamond on cliff.",33,describer,1,FALSE,NA,2928
Okay.,34,matcher,2,TRUE,NA,2928
It's the woman begging.,33,describer,1,FALSE,NA,2929
Okay.,34,matcher,2,TRUE,NA,2929
Array of shapes.,33,describer,1,FALSE,NA,2930
Okay.,34,matcher,2,TRUE,NA,2930
"Um, beggar with wings.",33,describer,1,FALSE,NA,2931
Okay.,34,matcher,2,TRUE,NA,2931
Okay.,34,matcher,3,TRUE,NA,2931
Got it.,34,matcher,4,TRUE,NA,2931
"Uh, ghost with the wisp to the right.",33,describer,1,FALSE,NA,2934
Got it.,34,matcher,2,TRUE,NA,2934
Kid reading.,33,describer,1,FALSE,NA,2935
Nice.,34,matcher,2,TRUE,NA,2935
A man leaning against the wall facing to the left.,33,describer,1,FALSE,NA,2936
Sad rabbit.,33,describer,1,FALSE,NA,2937
Sad rabbit.,33,describer,2,FALSE,NA,2937
Priest with book facing to the left.,33,describer,1,FALSE,NA,2938
He has robes.,33,describer,2,FALSE,NA,2938
Got it.,34,matcher,3,TRUE,NA,2938
Upside down tree.,33,describer,1,FALSE,NA,2939
Got it.,34,matcher,2,TRUE,NA,2939
radar gun.,33,describer,1,FALSE,NA,2940
The ballerina with one foot to the right.,33,describer,1,FALSE,NA,2941
Second.,34,matcher,2,TRUE,NA,2941
"And like the two arms are going to the left, right?",34,matcher,3,FALSE,NA,2941
"Yeah, yeah.",33,describer,4,TRUE,NA,2941
"Okay, got it.",34,matcher,5,TRUE,NA,2941
"Um, it's like a crocodile jumping up to get the diamond.",33,describer,1,FALSE,NA,2942
"Okay, I still don't see it.",34,matcher,2,TRUE,NA,2942
"I can, like, draw it out later.",33,describer,3,TRUE,NA,2942
"Yeah, yeah, yeah.",34,matcher,4,TRUE,NA,2942
"Um, he's holding a wine glass.",33,describer,1,FALSE,NA,2943
This is the beggar with wings.,34,describer,1,FALSE,NA,2944
This is the man with a wine glass.,34,describer,1,FALSE,NA,2945
Got it.,33,matcher,2,TRUE,NA,2945
"Alright, shapes.",34,describer,1,FALSE,NA,2946
Kid reading a book.,34,describer,1,FALSE,NA,2947
Sitting at a table across from someone.,34,describer,1,FALSE,NA,2948
Priest with a book and robes.,34,describer,1,FALSE,NA,2949
Sad rabbit.,34,describer,1,FALSE,NA,2950
"Woman begging, arms to the right, um, foot to the left.",34,describer,1,FALSE,NA,2951
Not a tree.,34,describer,1,FALSE,NA,2952
Okay.,33,matcher,2,TRUE,NA,2952
"Man sitting on a wall, facing left.",34,describer,1,FALSE,NA,2953
"Ballerina, arm to the left, foot to the right.",34,describer,1,FALSE,NA,2954
There's an upside-down tree.,34,describer,1,FALSE,NA,2956
A diamond on a cliff.,34,describer,1,FALSE,NA,2957
Radar gun.,34,describer,1,FALSE,NA,2958
"Uh, sad ghost west to the right.",34,describer,1,FALSE,NA,2959
crocodile.,34,describer,1,FALSE,NA,2960
I see it now.,34,describer,2,TRUE,NA,2960
"It's really cute, actually.",34,describer,3,TRUE,NA,2960
Yeah.,33,matcher,4,TRUE,NA,2960
Telephone.,34,describer,1,FALSE,NA,2961
"Uh, wine glass.",33,describer,1,FALSE,NA,2962
Got it.,34,matcher,2,TRUE,NA,2962
Ballerina.,33,describer,1,FALSE,NA,2963
Sad priest.,33,describer,1,FALSE,NA,2964
Holding book.,33,describer,2,FALSE,NA,2964
Array of shapes.,33,describer,1,FALSE,NA,2965
Sitting at a table facing someone.,33,describer,1,FALSE,NA,2966
Got it.,34,matcher,2,TRUE,NA,2966
Radar gun.,33,describer,1,FALSE,NA,2967
Beggar with wings.,33,describer,1,FALSE,NA,2968
Sad Ghost with Wisp to the right.,33,describer,1,FALSE,NA,2969
Got it.,34,matcher,2,TRUE,NA,2969
"Uh, Crocodile.",33,describer,1,FALSE,NA,2970
Got it.,34,matcher,2,TRUE,NA,2970
Upside down tree.,33,describer,1,FALSE,NA,2971
Got it.,34,matcher,2,TRUE,NA,2971
"Um... Oh, sorry, I clicked the wrong... Oh, wow.",34,matcher,1,TRUE,NA,2972
"Oh, no, you did.",33,describer,2,TRUE,NA,2972
That was lucky.,34,matcher,3,TRUE,NA,2972
"Okay, I just clicked the button.",34,matcher,4,TRUE,NA,2972
Nice.,34,matcher,5,TRUE,NA,2972
Um... Women begging.,33,describer,1,FALSE,NA,2973
"Okay, got it.",34,matcher,2,TRUE,NA,2973
Telephone,33,describer,1,FALSE,NA,2974
A cat,33,describer,2,TRUE,NA,2974
Kid reading,33,describer,1,FALSE,NA,2975
Got it,34,matcher,2,TRUE,NA,2975
Dog,33,describer,1,FALSE,NA,2976
"Um, sad man leading against wall.",33,describer,1,FALSE,NA,2977
Not a tree.,33,describer,1,FALSE,NA,2978
Sad rabbit.,33,describer,1,FALSE,NA,2979
This is the crocodile.,34,describer,1,FALSE,NA,2980
Not a tree.,34,describer,1,FALSE,NA,2981
Woman begging.,34,describer,1,FALSE,NA,2982
Ballerina.,34,describer,1,FALSE,NA,2983
Sad ghost.,34,describer,1,FALSE,NA,2984
Sad rabbit.,34,describer,1,FALSE,NA,2985
Radar gun.,34,describer,1,FALSE,NA,2986
Diamond on the cliff.,34,describer,1,FALSE,NA,2987
Upside down tree.,34,describer,1,FALSE,NA,2988
"Um, begging a draw",34,describer,1,FALSE,NA,2989
"It's that begging angel, right?",33,matcher,2,FALSE,NA,2989
"Yeah, yeah, yeah.",34,describer,3,TRUE,NA,2989
"Like, it'll hold it.",33,matcher,4,FALSE,NA,2989
Got it.,33,matcher,5,TRUE,NA,2989
Area of shapes.,34,describer,1,FALSE,NA,2990
Dog.,34,describer,1,FALSE,NA,2991
"Uh, priests for the buck.",34,describer,1,FALSE,NA,2992
"Oh, kid reading.",34,describer,1,FALSE,NA,2993
Telephone.,34,describer,1,FALSE,NA,2994
"Uh, second cross sits on a table.",34,describer,1,FALSE,NA,2996
Sitting against the wall.,34,describer,1,FALSE,NA,2997
"Okay, throwback, but it's the karate one.",33,describer,1,FALSE,NA,2998
Okay.,34,matcher,2,TRUE,NA,2998
But his right leg is coming out at us.,33,describer,3,FALSE,NA,2998
Okay.,34,matcher,4,TRUE,NA,2998
And he's kind of like facing to the left.,33,describer,5,FALSE,NA,2998
Got it.,34,matcher,6,TRUE,NA,2998
There we go.,34,matcher,7,TRUE,NA,2998
"Um, begging angel.",33,describer,1,FALSE,NA,2999
Okay.,34,matcher,2,TRUE,NA,2999
The other karate one.,33,describer,1,FALSE,NA,3000
His left leg is coming out of us.,34,matcher,2,FALSE,NA,3000
"Okay, I think I got it.",34,matcher,3,TRUE,NA,3000
"Uh, ballerina.",33,describer,1,FALSE,NA,3001
It's like an evil claw hand.,33,describer,1,FALSE,NA,3002
Got it.,34,matcher,2,TRUE,NA,3002
Dog.,33,describer,1,FALSE,NA,3003
Doggo.,33,describer,2,FALSE,NA,3003
"Um, hmm.",34,matcher,3,TRUE,NA,3003
"Um, it kind of looks like a rabbit, but it's kicking square.",33,describer,1,FALSE,NA,3004
Got it.,34,matcher,2,TRUE,NA,3004
"Um, hmm.",34,matcher,3,TRUE,NA,3004
"Um, it's like...",34,matcher,4,TRUE,NA,3004
A very wide person.,33,describer,1,FALSE,NA,3005
And there's a diamond in the middle.,33,describer,2,FALSE,NA,3005
And he has two legs that are very wide.,33,describer,3,FALSE,NA,3005
Okay.,34,matcher,4,TRUE,NA,3005
Nice.,34,matcher,5,TRUE,NA,3005
Upside down tree.,33,describer,1,FALSE,NA,3006
"Um, diamond on cliff.",33,describer,1,FALSE,NA,3007
Got it.,34,matcher,2,TRUE,NA,3007
It's kind of like a ghost who's begging.,34,matcher,1,FALSE,NA,3008
And he's facing the right.,34,matcher,2,FALSE,NA,3008
Okay.,34,matcher,3,TRUE,NA,3008
No.,34,matcher,4,TRUE,NA,3008
"Sorry, sorry, sorry.",34,matcher,5,TRUE,NA,3008
"You're good, you're good.",34,matcher,6,TRUE,NA,3008
"I misheard you when you said begging, that's my bad.",34,matcher,7,TRUE,NA,3008
"You're good, you're good.",34,matcher,8,TRUE,NA,3008
"Um, it's kind of like a duck that's in the water, but it's not the one that you think.",33,describer,1,FALSE,NA,3009
Okay.,34,matcher,2,TRUE,NA,3009
"It has, like, it's kind of like a mixture between, like, a dog and a duck.",33,describer,3,FALSE,NA,3009
Okay.,34,matcher,4,TRUE,NA,3009
And it's facing the left.,33,describer,5,FALSE,NA,3009
It's facing the left?,33,describer,6,FALSE,NA,3009
Yes.,34,matcher,7,TRUE,NA,3009
"Okay, I see what you mean.",34,matcher,8,TRUE,NA,3009
"Okay, I see it.",34,matcher,9,TRUE,NA,3009
Not a tree.,33,describer,1,FALSE,NA,3010
Not a tree.,33,describer,2,FALSE,NA,3010
"It's a house, and then to the left of it, there's this, like, weird triangle thing.",33,describer,1,FALSE,NA,3011
Got it.,34,matcher,2,TRUE,NA,3011
Sad priest with book.,33,describer,1,FALSE,NA,3012
Person leaning against wall.,33,describer,1,FALSE,NA,3013
Sad ghost.,33,describer,1,FALSE,NA,3014
"It's kind of like a shrugging emoji, but it's also holding up the ceiling.",33,describer,1,FALSE,NA,3015
Okay.,34,matcher,2,TRUE,NA,3015
Array of shapes.,33,describer,1,FALSE,NA,3016
"Ah, damn it.",34,matcher,2,TRUE,NA,3016
I keep clicking the wrong button.,34,matcher,3,TRUE,NA,3016
"You're good, you're good.",34,matcher,4,TRUE,NA,3016
Crocodile.,33,describer,1,FALSE,NA,3017
Crocodile.,33,describer,2,FALSE,NA,3017
"Sorry, that was a sneeze.",34,matcher,3,TRUE,NA,3017
Bless you.,34,matcher,4,TRUE,NA,3017
"Um, interpreter, dancer, but he has a really fat leg.",33,describer,1,FALSE,NA,3018
"Yeah, okay.",34,matcher,2,TRUE,NA,3018
Radar gun.,33,describer,1,FALSE,NA,3019
"Um, it's like a duck swimming in the water.",33,describer,1,FALSE,NA,3020
And this time it actually looks like a duck.,33,describer,2,FALSE,NA,3020
"Okay, great.",34,matcher,3,TRUE,NA,3020
"It's an angel, and it has wings, and it has a weird leg.",33,describer,1,FALSE,NA,3021
"Okay, got it.",34,matcher,2,TRUE,NA,3021
"It kind of looks like a giraffe, but also Loch Ness Monster.",33,describer,1,FALSE,NA,3022
Okay.,34,matcher,2,TRUE,NA,3022
Got it.,34,matcher,3,TRUE,NA,3022
"Oh, sorry, sorry, sorry.",34,matcher,4,TRUE,NA,3022
"No, you're good.",34,matcher,5,TRUE,NA,3022
I didn't even see that one.,34,matcher,6,TRUE,NA,3022
That looks so much like a giraffe.,34,matcher,7,TRUE,NA,3022
Okay.,34,matcher,8,TRUE,NA,3022
It's the other house.,33,describer,1,FALSE,NA,3023
It has a long rectangle on the right.,33,describer,2,FALSE,NA,3023
Got it.,34,matcher,3,TRUE,NA,3023
Scuba diver.,33,describer,1,FALSE,NA,3024
Kid reading books.,33,describer,1,FALSE,NA,3025
He just finished dancing.,33,describer,1,FALSE,NA,3026
He's really weird looking.,33,describer,2,FALSE,NA,3026
He has a diamond head.,33,describer,3,FALSE,NA,3026
Yeah.,34,matcher,4,TRUE,NA,3026
Do you know what I'm talking about?,33,describer,5,TRUE,NA,3026
Is this the one with like the hole in the middle kind of?,34,matcher,6,FALSE,NA,3026
Yes.,33,describer,7,TRUE,NA,3026
Got it.,34,matcher,8,TRUE,NA,3026
Telephone.,33,describer,1,FALSE,NA,3027
Say that again?,34,matcher,2,TRUE,NA,3027
Telephone.,33,describer,3,FALSE,NA,3027
Okay.,34,matcher,4,TRUE,NA,3027
It's the one that he thought was the giraffe last time.,33,describer,1,FALSE,NA,3028
Okay.,34,matcher,2,TRUE,NA,3028
Angry crab.,33,describer,1,FALSE,NA,3029
Crab.,33,describer,2,FALSE,NA,3029
Woman begging.,33,describer,1,FALSE,NA,3030
Wine glass.,33,describer,1,FALSE,NA,3031
Sitting at a table across from someone.,33,describer,1,FALSE,NA,3032
Sad rabbit.,33,describer,1,FALSE,NA,3033
okay um am i allowed to start okay,36,describer,1,TRUE,NA,3034
so this one it has a rhombus head um it kind of looks like there's a foot extending to the right and a triangular base and then there's a trapezoidal figure kind of jutting off the left side um,36,describer,2,FALSE,NA,3034
Is there white space that's a trapezoid on the left side?,36,describer,3,FALSE,NA,3034
Like the middle of the figure left side is like a large trapezoid.,36,describer,4,FALSE,NA,3034
No.,36,describer,5,FALSE,NA,3034
I'm gonna describe the black space.,36,describer,6,FALSE,NA,3034
So the head part is a rhombus.,36,describer,7,FALSE,NA,3034
And then right beneath that it's kind of triangular connected to a rectangle.,36,describer,8,FALSE,NA,3034
And then jutting off to the left is a trapezoid.,36,describer,9,FALSE,NA,3034
And then it's on a triangular base with a small triangle extending off to the bottom right.,36,describer,10,FALSE,NA,3034
OK.,35,matcher,11,TRUE,NA,3034
I think I know which one it is.,35,matcher,12,TRUE,NA,3034
"Is the white space in the middle of the figure on the right side, and it's a trapezoid?",35,matcher,13,FALSE,NA,3034
Yes.,36,describer,14,TRUE,NA,3034
OK.,35,matcher,15,TRUE,NA,3034
I'm going to select.,35,matcher,16,TRUE,NA,3034
OK.,35,matcher,17,TRUE,NA,3034
"Okay, so this one, describing the black space again, there's kind of a central pole with what looks like two triangles extending on both the right and the left side.",36,describer,1,FALSE,NA,3035
Is the right triangle slightly higher than the left triangle?,35,matcher,2,FALSE,NA,3035
Yes.,36,describer,3,TRUE,NA,3035
Okay.,35,matcher,4,TRUE,NA,3035
I think I know which one it is on this slide.,35,matcher,5,TRUE,NA,3035
Okay.,35,matcher,6,TRUE,NA,3035
"Okay, so this one, again, there's a rhombus head, and then the body part,",36,describer,1,FALSE,NA,3036
"it looks like the left side looks like a square, and the right side kind of has like a jagged shape, like some triangular cutouts.",36,describer,2,FALSE,NA,3036
I'm not sure about this one.,35,matcher,3,TRUE,NA,3036
Can you keep describing?,35,matcher,4,TRUE,NA,3036
Yes.,36,describer,5,TRUE,NA,3036
Okay so rhombus head and then directly below that there's like a flat line with the right side of the flat line kind of in a point,36,describer,6,FALSE,NA,3036
and the left side is just square and then the whole left side of the body part is still just square but the right side kind of has,36,describer,7,FALSE,NA,3036
if you're looking at the right at the white space it's kind of like a trapezoidal cut out a little bit,36,describer,8,FALSE,NA,3036
but like the upper right part of a trapezoid.,36,describer,9,FALSE,NA,3036
And then there's also a triangular cutout on the right bottom part.,36,describer,10,FALSE,NA,3036
What?,35,matcher,11,TRUE,NA,3036
"Oh, okay, I think I know.",35,matcher,12,TRUE,NA,3036
"So it's like- Yeah, I think I got it.",35,matcher,13,TRUE,NA,3036
"It's- So describing the bottom block, it's a large black rectangle.",36,describer,14,FALSE,NA,3036
"Starting from the bottom, it's a triangular cutout with the tip facing left.",36,describer,15,FALSE,NA,3036
And then it like extends outward to the right as you go up.,36,describer,16,FALSE,NA,3036
"Yes, culminating in like a point on the upper right.",36,describer,17,FALSE,NA,3036
"Yeah, selected.",35,matcher,18,TRUE,NA,3036
"Okay, this one, we're gonna start from the left side.",36,describer,1,FALSE,NA,3037
"So on the top left, there's a triangle.",36,describer,2,FALSE,NA,3037
"And then directly below that, it's like connected to another triangle.",36,describer,3,FALSE,NA,3037
"And then moving to the right, there's kind of this rectangular connection.",36,describer,4,FALSE,NA,3037
Is there like a square or a square turned 45 degrees to the left in the top middle?,35,matcher,5,FALSE,NA,3037
Yes.,36,describer,6,TRUE,NA,3037
"It's like a little bit connected to a triangle, but there's some white space?",35,matcher,7,FALSE,NA,3037
"Yes, exactly.",36,describer,8,FALSE,NA,3037
And then there's a triangle on the-,35,matcher,9,FALSE,NA,3037
"Sorry, on the far right, there's a triangle connected only by the point.",35,matcher,10,FALSE,NA,3037
Correct.,36,describer,11,TRUE,NA,3037
"Okay, select it.",35,matcher,12,TRUE,NA,3037
"Okay, this one, a rhombus head, and it kind of looks like if a person were standing on one leg and extending a leg behind them.",36,describer,1,FALSE,NA,3038
They're facing the left.,36,describer,2,FALSE,NA,3038
And the left side is like two triangles stacked on top of one another?,35,matcher,3,FALSE,NA,3038
Yes.,36,describer,4,TRUE,NA,3038
"Okay, selecting.",35,matcher,5,TRUE,NA,3038
"Okay, this one, it kind of looks like a horse facing left with like triangular feet.",36,describer,1,FALSE,NA,3039
"The right, far right is like a parallelogram with a point facing up and right?",35,matcher,2,FALSE,NA,3039
Yeah.,36,describer,3,TRUE,NA,3039
Selecting.,35,matcher,4,TRUE,NA,3039
"Okay, this one, it has a right triangular base.",36,describer,1,FALSE,NA,3040
And then there's kind of a square at the top of the point of the triangle.,36,describer,2,FALSE,NA,3040
and then what looks like kind of bunny ears coming off of that.,36,describer,3,FALSE,NA,3040
"Okay, got it.",35,matcher,4,TRUE,NA,3040
"It's a bunny leaning against a wall facing right, yeah?",35,matcher,5,FALSE,NA,3040
Yeah.,36,describer,6,TRUE,NA,3040
"Okay, this just looks like a rectangular...",36,describer,1,FALSE,NA,3041
"Okay, so there's...",36,describer,2,TRUE,NA,3041
Sorry.,36,describer,3,TRUE,NA,3041
There's a rhombus...,36,describer,4,FALSE,NA,3041
"on the top, and then directly below that, there's kind of just this big black bar with, like, triangular points on either end.",36,describer,5,FALSE,NA,3041
"Yeah, I got it.",35,matcher,6,TRUE,NA,3041
"Okay, so this one, it kind of looks like",36,describer,1,FALSE,NA,3042
The letter I.,36,describer,2,FALSE,NA,3042
But it has a rhombus on top and then a rectangle directly below that.,36,describer,3,FALSE,NA,3042
And then kind of there's like an addition to the left of the rectangle.,36,describer,4,FALSE,NA,3042
There's a triangle facing right about the same height.,36,describer,5,FALSE,NA,3042
Correct.,35,matcher,6,TRUE,NA,3042
Got it.,35,matcher,7,TRUE,NA,3042
"Okay, this one, there's a rhombus that's kind of on the top right,",36,describer,1,FALSE,NA,3043
"and then directly below that, there's a big triangle with a sort of trapezoidal looking shape extending off the left,",36,describer,2,FALSE,NA,3043
and the upside down triangle in the top left.,36,describer,3,FALSE,NA,3043
"And there's a small triangle in the bottom left corner, right?",36,describer,4,FALSE,NA,3043
"Yeah, very small in the bottom left, and then an upside down triangle in the top left.",36,describer,5,FALSE,NA,3043
"Okay, I think I got it.",35,matcher,6,TRUE,NA,3043
Okay.,35,matcher,7,TRUE,NA,3043
Uh-oh.,35,matcher,8,TRUE,NA,3043
Did you see the one I selected?,35,matcher,9,TRUE,NA,3043
Yeah.,35,matcher,10,TRUE,NA,3043
"Okay, this one kind of looks like a guy with his arms in the air with his body like at a slant.",36,describer,1,FALSE,NA,3044
Yeah.,35,matcher,2,TRUE,NA,3044
"He's slanting leftward, yeah?",35,matcher,3,FALSE,NA,3044
"Like his head is, yeah, towards the top left.",36,describer,4,FALSE,NA,3044
Okay.,35,matcher,5,TRUE,NA,3044
"OK, this kind of looks like a person, a rhombus head.",36,describer,1,FALSE,NA,3045
And it looks like they're kneeling on their knees to the right.,36,describer,2,FALSE,NA,3045
"And they're extending something in their hands, kind of.",36,describer,3,FALSE,NA,3045
"There's a cutout on the left that's a parallelogram, right?",35,matcher,4,FALSE,NA,3045
Yes.,36,describer,5,TRUE,NA,3045
"Yeah, it's not the one that, this one has the kind of sharp triangular point on the left.",36,describer,6,FALSE,NA,3045
Like the bottom of the parallelogram is like a triangle pointing upward.,36,describer,7,FALSE,NA,3045
Yeah.,35,matcher,8,TRUE,NA,3045
"Okay, um, this one it has a square on the top right.",36,describer,1,FALSE,NA,3046
and then a trapezoid on the top left.,36,describer,2,FALSE,NA,3046
"And it kind of looks like someone's foot is kicking out... Oh, sorry.",36,describer,3,FALSE,NA,3046
It looks like someone's foot is kicking out in front of them to the left.,36,describer,4,FALSE,NA,3046
"Yeah, there's like two feet.",36,describer,5,FALSE,NA,3046
"The other one's on the ground, right?",35,matcher,6,FALSE,NA,3046
Yes.,36,describer,7,TRUE,NA,3046
"Okay, this one...",36,describer,1,TRUE,NA,3047
It's kind of in the shape of a wishbone.,36,describer,2,FALSE,NA,3047
"There's a triangle, or sorry, there's a rectangle, sorry, a rhombus on the top.",36,describer,3,FALSE,NA,3047
"Directly below that, there's a triangle connected by a rectangle to, like...",36,describer,4,FALSE,NA,3047
"It's an upside-down trapezoid with two parallelograms facing each other, right?",36,describer,5,FALSE,NA,3047
Upside-down trapezoid with two parallelograms.,36,describer,6,FALSE,NA,3047
The face is a trapezoid upside-down.,36,describer,7,FALSE,NA,3047
Yeah...,36,describer,8,TRUE,NA,3047
Or it looks like a crab lying on its back with its picture in the air.,35,matcher,9,FALSE,NA,3047
"Not really, no.",36,describer,10,FALSE,NA,3047
"Okay, I think I have the wrong one then.",35,matcher,11,TRUE,NA,3047
"Okay, yeah.",35,matcher,12,TRUE,NA,3047
"Okay, rombus on top.",36,describer,13,FALSE,NA,3047
Directly below that is a rectangle.,36,describer,14,FALSE,NA,3047
"Sorry, a triangle, a right triangle.",36,describer,15,FALSE,NA,3047
Connected to the triangle is a rectangle extending down.,36,describer,16,FALSE,NA,3047
"And then off of that is, like...",36,describer,17,FALSE,NA,3047
"two extending rectangles, one of them kind of has a triangular edge on it.",36,describer,18,FALSE,NA,3047
Is that helpful at all?,36,describer,19,TRUE,NA,3047
I'm still not sure.,35,matcher,20,TRUE,NA,3047
Okay.,35,matcher,21,TRUE,NA,3047
Can you start from the bottom?,35,matcher,22,FALSE,NA,3047
"Yeah, think of it, it kind of looks like a person with their legs spread wide.",36,describer,23,FALSE,NA,3047
"Oh, okay, so it has a trapezoidal cutout",36,describer,24,FALSE,NA,3047
The white space is a tropical cutout on the left side.,36,describer,25,FALSE,NA,3047
Yes.,35,matcher,26,TRUE,NA,3047
"Okay, this one, it kind of looks like Finney's from Finney's and Ferb facing left.",36,describer,1,FALSE,NA,3048
It like has a rectangle on the top connected to a triangle.,36,describer,2,FALSE,NA,3048
It's like a little cluster.,36,describer,3,FALSE,NA,3048
You get what I'm saying?,36,describer,4,TRUE,NA,3048
It's like a little cluster with a rectangle and two triangles and then kind of just like a weird face.,36,describer,5,FALSE,NA,3048
Facing left.,36,describer,6,FALSE,NA,3048
Okay.,36,describer,7,TRUE,NA,3048
"The bottom right, is it a right triangle?",35,matcher,8,FALSE,NA,3048
That's like the top half is absorbed into the shape above it?,35,matcher,9,FALSE,NA,3048
um i would say the bottom right is more just like a rectangle,35,matcher,10,FALSE,NA,3048
um okay okay i can start again there's,36,describer,11,FALSE,NA,3048
uh in the bottom of so in the figure like the middle section of the figure there's a rectangular cut out,36,describer,12,FALSE,NA,3048
but there's a uh triangle extending left and there's a square connected to the figure at two points with a little bit of white space between the,36,describer,13,FALSE,NA,3048
square and a triangle?,36,describer,14,FALSE,NA,3048
Yes.,35,matcher,15,TRUE,NA,3048
But there's kind of like three triangles.,36,describer,16,FALSE,NA,3048
Sorry.,35,matcher,17,TRUE,NA,3048
Two triangles and one rectangle at the top.,36,describer,18,FALSE,NA,3048
Three triangles.,36,describer,19,FALSE,NA,3048
"Sorry, I meant two triangles.",36,describer,20,FALSE,NA,3048
At the top?,35,matcher,21,FALSE,NA,3048
"Okay, let me just start over.",36,describer,22,FALSE,NA,3048
"Okay, from the top going down, there's a rhombus.",36,describer,23,FALSE,NA,3048
And then to the left...,36,describer,24,FALSE,NA,3048
"Sorry, go ahead.",35,matcher,25,TRUE,NA,3048
"To the left, there's a triangle, but part of the triangle is being absorbed into the rest of the figure.",36,describer,26,FALSE,NA,3048
"And then on the right of the rhombus, there is a full triangle that's connected by the point.",36,describer,27,FALSE,NA,3048
And then the base kind of looks like someone's shoulders a little bit.,36,describer,28,FALSE,NA,3048
"Ah, okay.",35,matcher,29,TRUE,NA,3048
The top of the figure is a...,36,describer,30,FALSE,NA,3048
"A square turned 45 degrees and two triangles, the left triangle is absorbed to the rest of the shape.",36,describer,31,FALSE,NA,3048
Yes.,35,matcher,32,TRUE,NA,3048
I thought that one looked like a rat.,35,matcher,33,FALSE,NA,3048
It looks like finis to me.,36,describer,34,FALSE,NA,3048
"Okay, this one, it looks like a house, but on the left of the house is like a chimney with a triangle on top.",36,describer,1,FALSE,NA,3049
"Yeah, I got it.",35,matcher,2,TRUE,NA,3049
"Okay, this one, it's just kind of an odd shape.",36,describer,1,FALSE,NA,3050
It has like a really long rectangle.,36,describer,2,FALSE,NA,3050
There's a triangle kind of jutting off the left.,36,describer,3,FALSE,NA,3050
"On each side of the rectangle, the rectangle is at a 45 degree angle.",36,describer,4,FALSE,NA,3050
And there's just kind of weird shapes jutting off each end.,36,describer,5,FALSE,NA,3050
The top left is a,35,matcher,6,FALSE,NA,3050
"triangle, but the right side is absorbed into the rest of the shape?",35,matcher,7,FALSE,NA,3050
Um...,36,describer,8,TRUE,NA,3050
I would say the top left is like a trapezoid.,36,describer,9,FALSE,NA,3050
"Okay, it's a rectangular bar at a 45 degree angle right in the middle of the figure.",36,describer,10,FALSE,NA,3050
"Oh, okay.",35,matcher,11,TRUE,NA,3050
"Yeah, I think I got it.",35,matcher,12,TRUE,NA,3050
There's also a trapezoid or...,36,describer,13,FALSE,NA,3050
one side of a trapezoid in the bottom right.,36,describer,14,FALSE,NA,3050
Yeah.,36,describer,15,TRUE,NA,3050
"Okay, this one, it looks like a person.",36,describer,1,FALSE,NA,3051
Rhombus head.,36,describer,2,FALSE,NA,3051
They're facing the right with their arms out extended.,36,describer,3,FALSE,NA,3051
The feet are two little triangles.,36,describer,4,FALSE,NA,3051
Right triangles.,36,describer,5,FALSE,NA,3051
"No, the feet, it looks like they're bending their knees.",36,describer,6,FALSE,NA,3051
"Okay, um, is there a cutout on the left side that's a parallelogram?",35,matcher,7,FALSE,NA,3051
"No, it's a triangle.",36,describer,8,FALSE,NA,3051
"In the middle of the figure, I mean.",36,describer,9,FALSE,NA,3051
"Oh, the cutout is a triangle.",36,describer,10,FALSE,NA,3051
Yeah.,35,matcher,11,TRUE,NA,3051
"It looks like they're bending one knee, but the other is straight.",35,matcher,12,FALSE,NA,3051
"Uh, not really.",36,describer,13,TRUE,NA,3051
"Okay, so, top rhombus head, you go down...",36,describer,14,FALSE,NA,3051
"It looks like they're extending their hands to the right, but the hands are like half of a triangle.",36,describer,15,FALSE,NA,3051
"And then you go down below, and it looks like they're bending both of their knees to the right, and there's like a parallelogram on the bottom.",36,describer,16,FALSE,NA,3051
"Okay, so in the middle of the figure, there's two cutouts that are both triangles.",36,describer,17,FALSE,NA,3051
One is on the right side.,36,describer,18,FALSE,NA,3051
There's one on the right side that's above the one on the left side.,36,describer,19,FALSE,NA,3051
"Very slightly, yes.",36,describer,20,FALSE,NA,3051
But those two cutouts kind of make the knees.,36,describer,21,FALSE,NA,3051
"Well, right, but the right cutout is higher than the, like the point, the peak of the right cutout is at the same level as the left side of the left cutout.",36,describer,22,FALSE,NA,3051
The top side of the left cutout.,36,describer,23,FALSE,NA,3051
"Yes, exactly.",36,describer,24,TRUE,NA,3051
Okay this um it looks like bunny ears um and then there's a triangle with a rectangle extending below and it kind of looks like it has two feet off the left.,36,describer,1,FALSE,NA,3052
Yeah there's a like kind of a square on the left side that's only connected to the point of a triangle.,36,describer,2,FALSE,NA,3052
Yes.,36,describer,3,TRUE,NA,3052
"OK, this one is a little ambiguous, but.",36,describer,1,FALSE,NA,3053
"Starting from the top, there's a square and then directly below that is a parallelogram and the parallelogram at two points is touching this other figure that kind of looks like a dog.",36,describer,2,FALSE,NA,3053
The dog is like kind of facing left.,36,describer,3,FALSE,NA,3053
It has a triangle.,36,describer,4,FALSE,NA,3053
"Ah, okay.",36,describer,5,TRUE,NA,3053
Off the tip of the far right.,36,describer,6,FALSE,NA,3053
And the left side of the figure is like two triangles stacked on top of each other.,36,describer,7,FALSE,NA,3053
Yes.,36,describer,8,TRUE,NA,3053
"Okay, this one...",36,describer,1,TRUE,NA,3054
It kind of looks like a top view of a scorpion.,36,describer,2,FALSE,NA,3054
"Um, the top...",36,describer,3,FALSE,NA,3054
has two white triangular cutouts.,36,describer,4,FALSE,NA,3054
"Yeah, and the right side is like a...",36,describer,5,FALSE,NA,3054
The entire left side of the figure is like a...,36,describer,6,FALSE,NA,3054
The white space on the left side of the figure is like a large right triangle.,36,describer,7,FALSE,NA,3054
"But it goes from top to bottom, so it's not really cut out.",36,describer,8,FALSE,NA,3054
"Yeah, it's just like a straight line on the left side.",36,describer,9,FALSE,NA,3054
Yeah.,36,describer,10,TRUE,NA,3054
"Okay, this one, um, if it were to be a person, it would have a triangular head, the point of the triangle facing left, and it's connected, um, by a very point, by, like, the very bottom point.",36,describer,1,FALSE,NA,3055
"There's, on the white space on the left side, there's a square that's connected at two points to the figure, but otherwise floating.",36,describer,2,FALSE,NA,3055
"Yes, yes, yes, yes, yes.",36,describer,3,TRUE,NA,3055
"Okay, this one, um, it's kind of an ambiguous figure.",36,describer,1,FALSE,NA,3056
It is extending kind of from the upper left corner to the bottom right.,36,describer,2,FALSE,NA,3056
"Um, it's like a trapezoid, a triangle, a trapezoid, and a parallelogram, and then another triangle.",36,describer,3,FALSE,NA,3056
"Okay, uh, the-",36,describer,4,TRUE,NA,3056
It goes from upper left to bottom right.,36,describer,5,FALSE,NA,3056
Yes.,36,describer,6,TRUE,NA,3056
"This one, it kind of looks like a figure eight made out of squares with a random rectangle on top.",36,describer,1,FALSE,NA,3057
Yep.,36,describer,2,TRUE,NA,3057
This one looks like a crab.,36,describer,1,FALSE,NA,3058
A side view of a crab.,36,describer,2,FALSE,NA,3058
It's two parallel crabs facing one another with an upside down trapezoid base.,36,describer,3,FALSE,NA,3058
Yes.,36,describer,4,TRUE,NA,3058
"Okay, this one kind of looks like a man facing right with triangles for feet.",36,describer,1,FALSE,NA,3059
The top is a square that's centered in the figure.,36,describer,2,FALSE,NA,3059
"Yeah, it looks like a top hat.",36,describer,3,FALSE,NA,3059
"Okay, this one resembles the letter I.",36,describer,1,FALSE,NA,3060
but it's kind of all connected and the base is a little round with a slight point off to the right.,36,describer,2,FALSE,NA,3060
Okay.,35,matcher,3,TRUE,NA,3060
The middle of the figure is a large square with a triangle facing upward and a rhombus connected to that triangle.,36,describer,4,FALSE,NA,3060
Correct.,36,describer,5,TRUE,NA,3060
"Okay, this one, it kind of looks like a person with a rhombus head, facing left, extending their arms out, and it looks like they're kind of wearing like a cloak.",36,describer,1,FALSE,NA,3061
"With triangular feet, or like a little triangle to show their feet.",36,describer,2,FALSE,NA,3061
Does that make sense?,36,describer,3,FALSE,NA,3061
Facing left?,35,matcher,4,FALSE,NA,3061
"Yeah, facing left, extending their arms out.",36,describer,5,FALSE,NA,3061
The bottom cut out on the left side is like a square with a triangle on the bottom side.,36,describer,6,FALSE,NA,3061
Yeah.,36,describer,7,TRUE,NA,3061
okay this one um it's like kind of a weird figure but the top part is a parallelogram,36,describer,1,FALSE,NA,3062
and then there's a rectangle extending off the left side going down with a square at the very end,36,describer,2,FALSE,NA,3062
it like kind of just takes,36,describer,3,FALSE,NA,3062
"Okay, this one, there's a rhombus head.",36,describer,1,FALSE,NA,3063
And then directly below that is like two triangles kind of connected together to make it look almost like a square with a cutout on the right.,36,describer,2,FALSE,NA,3063
And then a rectangle kind of extending to the bottom right at a 45 degree angle.,36,describer,3,FALSE,NA,3063
And then off the middle of that rectangle is another extension to the left that has,36,describer,4,FALSE,NA,3063
a triangle at the bottom left.,36,describer,5,FALSE,NA,3063
Can you describe that again?,35,matcher,6,TRUE,NA,3063
That's a rhombus head?,35,matcher,7,FALSE,NA,3063
"Yes, rhombus head.",36,describer,8,FALSE,NA,3063
"And then directly below that, it's kind of like a square with a triangular cutout on the right.",36,describer,9,FALSE,NA,3063
"Okay, yeah.",36,describer,10,TRUE,NA,3063
It looks like a person doing a single leg squat.,36,describer,11,FALSE,NA,3063
Yeah.,36,describer,12,TRUE,NA,3063
"Okay, this one's kind of a weird figure.",36,describer,1,FALSE,NA,3064
"There's a square in the left connected at a singular point to this kind of triangle, misshapen rectangle thing.",36,describer,2,FALSE,NA,3064
"At the bottom right, there's a right triangle facing right.",36,describer,3,FALSE,NA,3064
Yeah.,36,describer,4,TRUE,NA,3064
"Okay, this one, um, it's pretty square.",36,describer,1,FALSE,NA,3065
So there's a square and then to the left extending upward is a large rectangle ending in a little triangle facing left.,36,describer,2,FALSE,NA,3065
"Uh, you can describe it more.",35,matcher,3,TRUE,NA,3065
"Yeah, lots of nice, it kind of looks like a musical note.",36,describer,4,FALSE,NA,3065
Does that help?,36,describer,5,TRUE,NA,3065
Okay.,35,matcher,6,TRUE,NA,3065
No.,35,matcher,7,TRUE,NA,3065
square base to the left there's a long skinny rectangle extending upward,36,describer,8,FALSE,NA,3065
okay this one looks like a dude sitting down with a square head facing left yeah hugging his knees,36,describer,1,FALSE,NA,3066
"OK, this one it kind of looks like a horse again facing left, but really rectangular body and then a parallelogram in the front and a triangle in the back.",36,describer,1,FALSE,NA,3067
This one.,36,describer,1,TRUE,NA,3068
"If you're kind of looking at the bottom left, there's a lone triangle, and it's connected at the very point to this kind of slanted 45-degree angle line.",36,describer,2,FALSE,NA,3068
It looks like a flamingo jumping to the right.,36,describer,3,FALSE,NA,3068
Yeah.,36,describer,4,TRUE,NA,3068
"Okay, this one looks like a house with a very tall chimney to the right.",36,describer,1,FALSE,NA,3069
okay um the left side of the figure,35,describer,1,FALSE,NA,3070
or on the far left side,35,describer,2,FALSE,NA,3070
it's a large triangular cut out,35,describer,3,FALSE,NA,3070
and then on the far right side far upper right side there is a triangle connected at one point that faces right,35,describer,4,FALSE,NA,3070
sorry i need a little bit more,36,matcher,5,FALSE,NA,3070
okay in the center middle of the figure there's a,35,describer,6,FALSE,NA,3070
rhombus that's connected at one point to a right triangle that's connected to the central part of the figure.,35,describer,7,FALSE,NA,3070
The bottom right is a right triangle facing downward.,35,describer,8,FALSE,NA,3070
Bottom right is a right triangle facing downward.,35,describer,9,FALSE,NA,3070
I think it's the only figure where the left side is a large triangular cutout with a peak facing right.,35,describer,10,FALSE,NA,3070
"Oh, okay.",36,matcher,11,TRUE,NA,3070
I see.,36,matcher,12,TRUE,NA,3070
And there's a rhombus head.,35,describer,13,FALSE,NA,3070
Yeah.,36,matcher,14,TRUE,NA,3070
Okay.,36,matcher,15,TRUE,NA,3070
Oh.,36,matcher,16,TRUE,NA,3070
"Okay, it looks like someone doing a single leg squat.",35,describer,1,FALSE,NA,3071
The left side is a triangular cutout.,35,describer,2,FALSE,NA,3071
The left side is a triangular cutout.,35,describer,3,FALSE,NA,3071
"Okay, rhombus head and parallelogram extending to the bottom right.",35,describer,4,FALSE,NA,3071
"Okay, it looks like the letter I.",35,describer,1,FALSE,NA,3072
"There's a small triangle about three quarters of the way up facing right, and then another small triangle at the bottom facing right.",35,describer,2,FALSE,NA,3072
The left side has a trapezoidal cutout.,35,describer,3,FALSE,NA,3072
"So it's like an I, and then there's like additional shapes connected on the bottom half, with the left side being a trapezoid.",35,describer,4,FALSE,NA,3072
I think I got it.,36,matcher,5,TRUE,NA,3072
Cutout.,35,describer,6,TRUE,NA,3072
Looks like a sphinx or a dog facing left.,35,describer,1,FALSE,NA,3073
The bottom left is a parallelogram.,35,describer,2,FALSE,NA,3073
"To the right of that, there's a large white space that's kind of like a parallelogram, but the right side has an additional triangle facing right.",35,describer,3,FALSE,NA,3073
The,35,describer,4,FALSE,NA,3073
center of the figure is a large rectangle on the left.,35,describer,5,FALSE,NA,3073
It looks like someone kneeling with a rhombus head and then,35,describer,1,FALSE,NA,3074
"On the left side, there's a parallelogram cutout.",35,describer,2,FALSE,NA,3074
"On the right side, the cutout is a large triangle with a peak facing left.",35,describer,3,FALSE,NA,3074
The top of the figure is a rhombus head with a rhombus directly below it.,35,describer,4,FALSE,NA,3074
"Okay, kneeling, arms extending to the right?",36,matcher,5,FALSE,NA,3074
Yes.,35,describer,6,TRUE,NA,3074
"It looks like a person leaning against a wall, facing left, rhombus head, and a person hugging their knees.",35,describer,1,FALSE,NA,3075
"OK, sitting on the ground, hugging their knees.",35,describer,2,FALSE,NA,3075
Yes.,36,matcher,3,TRUE,NA,3075
The top of the figure is two triangles.,35,describer,1,FALSE,NA,3076
that look like bunny ears.,35,describer,2,FALSE,NA,3076
They're both connected at one point to a large triangle that faces right.,35,describer,3,FALSE,NA,3076
"The base of the figure is a parallelogram, with the point of contact being the base of the parallelogram, so two points in a line.",35,describer,1,FALSE,NA,3077
"On the middle left, there's a rhombus that's connected at one point to a triangle.",35,describer,2,FALSE,NA,3077
"Okay, the square's only connected at two points to the whole figure?",36,matcher,3,FALSE,NA,3077
"Oh, okay.",35,describer,4,TRUE,NA,3077
"Oh, correct, yeah.",35,describer,5,TRUE,NA,3077
Okay.,35,describer,6,TRUE,NA,3077
"Okay, there's a rhombus head, but it's...",35,describer,7,FALSE,NA,3077
I wouldn't quite call it a head.,35,describer,8,FALSE,NA,3077
It's more on the upper left.,35,describer,9,FALSE,NA,3077
The base is a parallelogram.,35,describer,10,FALSE,NA,3077
"Okay, so sorry, scratch all that.",35,describer,11,TRUE,NA,3077
Start from the base.,35,describer,12,FALSE,NA,3077
It's a parallelogram with a long side on the ground.,35,describer,13,FALSE,NA,3077
"To the right of the parallelogram, there's a white cutout of a right triangle with the hypotenuse facing up left.",35,describer,14,FALSE,NA,3077
"To the right of that, there's another right triangle in black connected at one point.",35,describer,15,FALSE,NA,3077
The center of the figure is like a large rectangle.,35,describer,16,FALSE,NA,3077
"Okay, I think I got it.",36,matcher,17,TRUE,NA,3077
"Okay, it looks like another person kneeling.",35,describer,1,FALSE,NA,3078
"It's the one with the triangle on the bottom left, the cutout triangle bottom left, and then on the right side there's a triangle cutout, but the cheek is facing right.",35,describer,2,FALSE,NA,3078
Rhombus head.,35,describer,3,FALSE,NA,3078
"And the right, the cutout on the right of the triangle is slightly higher than the cutout on the left?",36,matcher,4,FALSE,NA,3078
Yes.,35,describer,5,TRUE,NA,3078
Got it.,36,matcher,6,TRUE,NA,3078
"Uh, it's the person with the two small triangle feet.",35,describer,1,FALSE,NA,3079
Looks like a man with a square head facing right with one arm extended downward.,35,describer,2,FALSE,NA,3079
"Okay, and like the top hat?",36,matcher,3,FALSE,NA,3079
Yes.,35,describer,4,TRUE,NA,3079
"The base is a large rectangle with two triangles that are, their bases are completely connected to the short sides of the rectangle.",35,describer,1,FALSE,NA,3080
"There's a triangle, so in the middle of the figure there's a triangle facing upward with a rhombus connected at only one point.",35,describer,2,FALSE,NA,3080
Okay.,36,matcher,3,TRUE,NA,3080
"Okay, starting from the bottom right, there is a small triangle facing downward that's connected by sort of like a small pipe to the central base of the figure, which is a large triangle.",35,describer,1,FALSE,NA,3081
Then the top of the figure is a rhombus head connected at one point to an upside down right triangle where the hypotenuse is facing the bottom right of the figure.,35,describer,2,FALSE,NA,3081
"The right side of the cutout in this figure, on the right side, is a large trapezoid where the top of the trapezoid is facing left and is... Yeah, the left side...",35,describer,3,FALSE,NA,3081
I think I got it.,36,matcher,4,TRUE,NA,3081
"On the bottom right, there's a tiny, tiny triangle.",35,describer,5,FALSE,NA,3081
"Yes, but it's connected by like a small rectangular portion.",35,describer,6,FALSE,NA,3081
"Okay, yeah.",36,matcher,7,TRUE,NA,3081
This looks like a flamingo jumping to the right.,35,describer,1,FALSE,NA,3082
There's a small triangle at the bottom left connected to only one point to the rest of the figure.,35,describer,2,FALSE,NA,3082
"Okay, it somewhat resembles a person.",35,describer,1,FALSE,NA,3083
um with uh one foot on the ground,35,describer,2,FALSE,NA,3083
the feet are triangles but the upper half of each triangle is connected to a rectangle,35,describer,3,FALSE,NA,3083
the other foot is sort of raised in the air,35,describer,4,FALSE,NA,3083
um in the upper right of the figure there's a rhombus head uh,35,describer,5,FALSE,NA,3083
okay slightly to the left of that there's a triangular cut out okay,35,describer,6,FALSE,NA,3083
"It looks like, uh, okay, there's bunny ears again.",35,describer,1,FALSE,NA,3084
They're connected to a rhombus.,35,describer,2,FALSE,NA,3084
That rhombus is connected to the tip of a large right triangle.,35,describer,3,FALSE,NA,3084
"That comprises pretty much the whole figure, except the right triangle, uh, at the bottom right, there's another triangle that intersects, like, 30% of the right triangle.",35,describer,4,FALSE,NA,3084
"Okay, it's like a bunny facing right.",36,matcher,5,FALSE,NA,3084
Yeah.,35,describer,6,TRUE,NA,3084
"Okay, it looks like a top view of a crab.",35,describer,1,FALSE,NA,3085
"Uh, the base is an upside down trapezoid.",35,describer,2,FALSE,NA,3085
"Oh, sorry, I accidentally clicked the...",36,matcher,3,TRUE,NA,3085
"Sorry, I knew that that was it.",36,matcher,4,TRUE,NA,3085
I hit the wrong button.,36,matcher,5,TRUE,NA,3085
"Uh, it looks like a farmhouse with a chimney on the right side.",35,describer,1,FALSE,NA,3086
Okay.,36,matcher,2,TRUE,NA,3086
"Okay, it looks like a person with a rhombus head.",35,describer,1,FALSE,NA,3087
There are two legs that are slightly different shapes.,35,describer,2,FALSE,NA,3087
It looks like their legs are stretched out in both directions.,35,describer,3,FALSE,NA,3087
"On the left side, it looks like a foot facing upward.",35,describer,4,FALSE,NA,3087
"On the right side, it's just a parallelogram.",35,describer,5,FALSE,NA,3087
"Okay, I think I got it.",36,matcher,6,TRUE,NA,3087
okay um so this one it kind of looks like the flamingo facing right kind of jumping yep got it,36,describer,1,FALSE,NA,3088
"This one, it looks like the person bending their knees to the right, outstretching their arms, and the right triangular cutout is slightly above the left triangular cutout.",36,describer,1,FALSE,NA,3089
Yep.,35,matcher,2,TRUE,NA,3089
Top view of a crab.,36,describer,1,FALSE,NA,3090
Yep.,35,matcher,2,TRUE,NA,3090
"This one looks like the letter I, except the left half has some extra stuff.",36,describer,1,FALSE,NA,3091
Yep.,35,matcher,2,TRUE,NA,3091
"Okay, this one looks like a person, one foot on the ground, one in the air to the left, a rectangular head kind of on the right.",36,describer,1,FALSE,NA,3092
Yep.,35,matcher,2,TRUE,NA,3092
"All right, this one looks like the person with a top hat, two triangular feet facing right.",36,describer,1,FALSE,NA,3093
Yep.,35,matcher,2,TRUE,NA,3093
"Okay, this one is the kind of weird one with the parallelogram base, a small right triangle connected at the point on the right side.",36,describer,1,FALSE,NA,3094
Top left is a rhombus on the left side.,36,describer,2,FALSE,NA,3094
Yep.,35,matcher,3,TRUE,NA,3094
"Okay, this one, it's the small triangle on the bottom right connected by the little pipe.",36,describer,1,FALSE,NA,3095
"Um, got it.",35,matcher,2,TRUE,NA,3095
"Okay, this one kind of looks like a person riding a dog.",36,describer,1,FALSE,NA,3096
The dog is facing left.,36,describer,2,FALSE,NA,3096
Triangle on the top right connected at the very point.,36,describer,3,FALSE,NA,3096
In the middle there's kind of this right triangle with the hypotenuse facing left and this rhombus that's kind of just barely touching it.,36,describer,4,FALSE,NA,3096
Okay this one is the rectangle base with the two triangles on either end and the rhombus little head on top.,36,describer,1,FALSE,NA,3097
"This one looks like the person with the rhombus head and his legs spread out, the left foot kind of a triangle pointing upward.",36,describer,1,FALSE,NA,3098
"Okay, this one again looks like a person kneeling to the right, except there's a white parallelogram cut out on the left.",36,describer,1,FALSE,NA,3099
This one looks like a person sitting down hugging their knees to the left.,36,describer,1,FALSE,NA,3100
"A farmhouse chimney on the right, very tall.",36,describer,1,FALSE,NA,3101
"Okay, this one has the bunny ears with the kind of feet to the left and the square that's connected at two points and otherwise floating.",36,describer,1,FALSE,NA,3102
"Okay, this one looks like the guy doing the pistol squat.",36,describer,1,FALSE,NA,3103
"Okay, this looks like the horse or sphinx that you said facing left.",36,describer,1,FALSE,NA,3104
"Okay, this is the bunny ears on a mountain.",36,describer,1,FALSE,NA,3105
"Bunny facing left, sorry, facing right.",36,describer,2,FALSE,NA,3105
It's the flamingo flying to the right.,35,describer,1,FALSE,NA,3106
Pistol squat.,35,describer,1,FALSE,NA,3107
"Uh, top-down view of a crab.",35,describer,1,FALSE,NA,3108
Bunny facing right.,35,describer,1,FALSE,NA,3109
"Bunny on a mountain, as you described it.",35,describer,2,FALSE,NA,3109
Okay.,36,matcher,3,TRUE,NA,3109
Letter I with additional shapes bottom left.,35,describer,1,FALSE,NA,3110
Okay.,36,matcher,2,TRUE,NA,3110
Rectangle base with the rectangles facing both directions.,35,describer,1,FALSE,NA,3111
Rhombus head connected at a single point to a triangle.,35,describer,2,FALSE,NA,3111
Okay.,36,matcher,3,TRUE,NA,3111
"A person with legs spread out, left leg has a foot facing upward, rhombus head.",35,describer,1,FALSE,NA,3112
A small triangle at the bottom right facing downward connected by a small pipe.,35,describer,1,FALSE,NA,3113
Parallelogram base with right triangle cut out directly to the right of that.,35,describer,1,FALSE,NA,3114
Small right triangle connected at a single point to the right of that.,35,describer,2,FALSE,NA,3114
Rhombus head on the left side.,35,describer,3,FALSE,NA,3114
Okay.,36,matcher,4,TRUE,NA,3114
A person hugging their knees facing left,35,describer,1,FALSE,NA,3115
A person riding a dog,35,describer,1,FALSE,NA,3116
Person kneeling with a parallelogram cut out on the left side.,35,describer,1,FALSE,NA,3117
"The other one with bunny ears, not the bunny on a mountain.",35,describer,1,FALSE,NA,3118
"Okay, with the square.",35,describer,2,FALSE,NA,3118
"Person kneeling with two triangle cutouts, right one higher than left.",35,describer,1,FALSE,NA,3119
Person standing on one leg with left foot raised.,35,describer,1,FALSE,NA,3120
Upper right side is a rhombus head.,35,describer,2,FALSE,NA,3120
Farmhouse with a chimney on the right.,35,describer,1,FALSE,NA,3121
Sphinx.,35,describer,1,FALSE,NA,3122
Say that again?,36,matcher,2,FALSE,NA,3122
The Sphinx.,35,describer,3,FALSE,NA,3122
top hat.,35,describer,1,FALSE,NA,3123
This is the Sphinx.,36,describer,1,FALSE,NA,3124
Flamingo facing right.,36,describer,1,FALSE,NA,3125
Farmhouse with a chimney.,36,describer,1,FALSE,NA,3126
Pistol squat,36,describer,1,FALSE,NA,3127
The letter I with the extra stuff on the left.,36,describer,1,FALSE,NA,3128
Crab.,36,describer,1,FALSE,NA,3129
A person kneeling facing right with a parallelogram cut out.,36,describer,1,FALSE,NA,3131
Person with one foot off the ground.,36,describer,1,FALSE,NA,3132
Rhombus head on the right.,36,describer,2,FALSE,NA,3132
This is the weird one with the parallelogram base.,36,describer,1,FALSE,NA,3133
Right triangle connects with the very point.,36,describer,2,FALSE,NA,3133
"Um, kind of weird shapes in the middle.",36,describer,3,FALSE,NA,3133
"Square on the left side, triangle on the right side on the top.",36,describer,4,FALSE,NA,3133
Let's just call this a kangaroo from now on.,35,matcher,5,FALSE,NA,3133
Okay.,36,describer,6,TRUE,NA,3133
"This is the rectangle with the two triangles on each side, rhombus on the top.",36,describer,1,FALSE,NA,3134
Call that the fountain from now on.,35,matcher,2,FALSE,NA,3134
"Fountain, alright.",36,describer,3,FALSE,NA,3134
This is person riding the dog.,36,describer,1,FALSE,NA,3135
"Person kneeling facing, or sorry, sitting facing left, hugging her knees.",36,describer,1,FALSE,NA,3136
Bunny ears with the square on the left.,36,describer,1,FALSE,NA,3137
"Persons spreading their legs, left foot pointed upward.",36,describer,1,FALSE,NA,3138
Bunny on a Mountain.,36,describer,1,FALSE,NA,3139
"Person kneeling facing right, triangle cutouts, right one higher.",36,describer,1,FALSE,NA,3140
uh small right sorry small triangle on the right connected with the pipe let's call that pipe from now on okay,36,describer,1,FALSE,NA,3141
Person kneeling with the parallelogram cut out.,35,describer,1,FALSE,NA,3142
The Sphinx.,35,describer,1,FALSE,NA,3143
Top hat.,35,describer,1,FALSE,NA,3144
Bunny on a mountain.,35,describer,1,FALSE,NA,3145
Pistol squat.,35,describer,1,FALSE,NA,3146
Pipe.,35,describer,1,FALSE,NA,3147
Letter I with extra.,35,describer,1,FALSE,NA,3148
House and chimney.,35,describer,1,FALSE,NA,3149
Person hugging knees facing left.,35,describer,1,FALSE,NA,3150
The kangaroo.,35,describer,1,FALSE,NA,3151
Person kneeling with two triangle cutouts.,35,describer,1,FALSE,NA,3152
Person with left leg raised.,35,describer,1,FALSE,NA,3153
With rhombus head on the right.,35,describer,2,FALSE,NA,3153
Call that the monster from now on.,36,matcher,3,FALSE,NA,3153
The other bunny ears.,35,describer,1,FALSE,NA,3154
Bunny not on a mountain.,35,describer,2,FALSE,NA,3154
Crab.,35,describer,1,FALSE,NA,3155
Spread legs.,35,describer,1,FALSE,NA,3157
The fountain.,35,describer,1,FALSE,NA,3158
Person riding a dog.,35,describer,1,FALSE,NA,3159
"Okay, this is the I with the extra stuff on the left.",36,describer,1,FALSE,NA,3160
"Person sitting down, hugging knees.",36,describer,1,FALSE,NA,3161
"A person kneeling facing right, triangle cutouts.",36,describer,1,FALSE,NA,3162
Sphinx,36,describer,1,FALSE,NA,3164
Crab,36,describer,1,FALSE,NA,3165
House and chimney,36,describer,1,FALSE,NA,3166
Bunny on a mountain.,36,describer,1,FALSE,NA,3167
Pistol squat.,36,describer,1,FALSE,NA,3168
person riding the dog,36,describer,1,FALSE,NA,3169
top hat,36,describer,1,FALSE,NA,3170
monster,36,describer,1,FALSE,NA,3171
"fountain,",36,describer,1,FALSE,NA,3172
"kangaroo,",36,describer,1,FALSE,NA,3173
"Person kneeling facing right, parallelogram cut out.",36,describer,1,FALSE,NA,3174
Flamingo.,36,describer,1,FALSE,NA,3175
Not bunny on a mountain.,36,describer,1,FALSE,NA,3176
"This next one, let's call it karate chopping now.",36,describer,1,FALSE,NA,3177
It's the spread legs.,36,describer,2,FALSE,NA,3177
Right?,35,matcher,3,FALSE,NA,3177
"Yeah, spread legs.",36,describer,4,FALSE,NA,3177
Karate kick.,36,describer,5,FALSE,NA,3177
okay um there's some new shapes,35,describer,1,FALSE,NA,3178
uh this is the one where uh bottom right side is a trapezoid that's connected by a long triangular pipe where in the middle there's a triangle that extends to the left,35,describer,2,FALSE,NA,3178
at the top of this pipe which by the way is at a 45 degree angle uh is another trapezoidal shape,35,describer,3,FALSE,NA,3178
um on the right side a uh yeah,35,describer,4,FALSE,NA,3178
is it just the rectangular block at a 45 degree angle that's like goes from the top left to the bottom,36,matcher,5,FALSE,NA,3178
A person kneeling with triangle cutouts.,35,describer,1,FALSE,NA,3179
This looks like a horse galloping to the left.,35,describer,1,FALSE,NA,3180
"There's a triangle on the upper left side, facing upward.",35,describer,2,FALSE,NA,3180
"The right side is a parallelogram, also facing upward.",35,describer,3,FALSE,NA,3180
It looks like a rat facing left.,35,describer,1,FALSE,NA,3181
"This is the one who said it looked like Ferb, I think.",36,matcher,2,FALSE,NA,3181
"Yeah, it is.",35,describer,3,TRUE,NA,3181
It looks like a cell phone tower.,35,describer,1,FALSE,NA,3182
It's like the pole with the trapezoids extending off both sides.,35,describer,2,FALSE,NA,3182
Okay.,36,matcher,3,TRUE,NA,3182
Person riding a dog,35,describer,1,FALSE,NA,3183
Looks like a person wearing a cloak,35,describer,1,FALSE,NA,3184
uh but it's not the one you said cloak,35,describer,2,FALSE,NA,3184
if the person is shaped similarly but there's like a triangle extending off the bottom right,35,describer,3,FALSE,NA,3184
does it look like the letter i,36,matcher,4,FALSE,NA,3184
yes,35,describer,5,TRUE,NA,3184
what kind of cursive,36,matcher,6,FALSE,NA,3184
yes,35,describer,7,TRUE,NA,3184
the Sphinx.,35,describer,1,FALSE,NA,3185
An odd shape that extends from the upper left to the bottom right.,35,describer,1,FALSE,NA,3186
The upper left is a triangle with the right side intersecting with the rest of the shape.,35,describer,2,FALSE,NA,3186
Does it look like a music note?,36,matcher,3,FALSE,NA,3186
No.,35,describer,4,FALSE,NA,3186
The bottom right is a right triangle with the top half intersected by the rest of the shape.,35,describer,5,FALSE,NA,3186
It goes from upper left to bottom right.,35,describer,6,FALSE,NA,3186
It's more linear.,35,describer,7,FALSE,NA,3186
Okay.,36,matcher,8,TRUE,NA,3186
monster,35,describer,1,FALSE,NA,3187
flamingo flying right,35,describer,1,FALSE,NA,3188
House with a Chimney,35,describer,1,FALSE,NA,3189
Pistol Squat,35,describer,1,FALSE,NA,3190
The fountain.,35,describer,1,FALSE,NA,3191
Top hat.,35,describer,1,FALSE,NA,3192
This looks like a person standing on one leg with their right leg extended behind them.,35,describer,1,FALSE,NA,3193
There's a rhombus head in the upper left.,35,describer,2,FALSE,NA,3193
"Immediately below that, it looks like two triangles stacked on top of one another.",35,describer,3,FALSE,NA,3193
A person hugging their knees.,35,describer,1,FALSE,NA,3194
person kneeling with parallelogram cut out.,35,describer,1,FALSE,NA,3195
The top of this figure is a very small triangle with the peak facing left and one of the sides connected at one point to a large right triangle.,35,describer,1,FALSE,NA,3196
"Below that large right triangle, there's a cutout on the left with a square connected at two points.",35,describer,2,FALSE,NA,3196
"Okay, it kind of looks like someone bent over looming left.",35,describer,3,FALSE,NA,3196
Karate kick.,35,describer,1,FALSE,NA,3197
Looks like person leaning left with hands in air.,35,describer,1,FALSE,NA,3198
Letter I with extra.,35,describer,1,FALSE,NA,3199
Figure eight with square.,35,describer,1,FALSE,NA,3200
Bunny ears on a mountain.,35,describer,1,FALSE,NA,3201
House with chimney.,35,describer,1,FALSE,NA,3202
Chimney is on the other side and there's a triangle.,35,describer,2,FALSE,NA,3202
Crab.,35,describer,1,FALSE,NA,3203
Top view of a Scorpion,35,describer,1,FALSE,NA,3204
Pipe,35,describer,1,FALSE,NA,3205
"Okay, take the letter, the cursive letter I want, uh, but make the rhombus, the rhombus is now on a flat, like on an upside down triangle.",35,describer,1,FALSE,NA,3206
Um.,36,matcher,2,TRUE,NA,3206
"Oh, okay, I think I know.",36,matcher,3,TRUE,NA,3206
"It's like, looks like a square but with some stuff cut out on the right.",35,describer,4,FALSE,NA,3206
Yeah.,36,matcher,5,TRUE,NA,3206
Okay.,36,matcher,6,TRUE,NA,3206
That wasn't really slow.,36,matcher,7,TRUE,NA,3206
"Okay, take the letter I.",35,describer,1,FALSE,NA,3207
"Uh, but it looks, okay, now this is the one originally you said looks like a person wearing a cloak.",35,describer,2,FALSE,NA,3207
Okay.,35,describer,3,TRUE,NA,3207
It's like hands to the left.,35,describer,4,FALSE,NA,3207
Kangaroo.,35,describer,1,FALSE,NA,3208
"Parallelogram with a part hanging off the left, downward.",35,describer,1,FALSE,NA,3209
Okay.,35,describer,2,TRUE,NA,3209
"This one, to me, looks like a person reclining and drinking a martini.",35,describer,1,FALSE,NA,3210
There's a rhombus head.,35,describer,2,FALSE,NA,3210
connected to essentially a square.,35,describer,3,FALSE,NA,3210
"On the left side, there's an upside-down triangle connected at one point.",35,describer,4,FALSE,NA,3210
Okay.,36,matcher,5,TRUE,NA,3210
Yes.,36,matcher,6,TRUE,NA,3210
This one kind of resembles the person riding a dog.,35,describer,1,FALSE,NA,3211
Okay.,36,matcher,2,TRUE,NA,3211
Yeah.,36,matcher,3,TRUE,NA,3211
Got it.,36,matcher,4,TRUE,NA,3211
Music note.,35,describer,1,FALSE,NA,3212
"Bunny ears, not a mountain",35,describer,1,FALSE,NA,3213
Okay I hope you can hear me.,38,describer,1,TRUE,NA,3214
"The image looks like the top left corner of the image has like a little square and there's two triangles, two distinct triangles on the right side.",38,describer,2,FALSE,NA,3214
One of the triangles is on the top right and one of them is on the bottom right and the bottom left looks kind of like a like a chunk of an image.,38,describer,3,FALSE,NA,3214
Does that help?,38,describer,4,TRUE,NA,3214
Am I allowed to ask questions?,37,matcher,5,TRUE,NA,3214
"I think so, yeah.",38,describer,6,TRUE,NA,3214
"Wait, I, like, couldn't hear part of it, so you mentioned there was a square on the top left, and then two distinct triangles.",37,matcher,7,FALSE,NA,3214
"Yeah, there's a square on the top left.",38,describer,8,FALSE,NA,3214
and two distinct triangles.,38,describer,9,FALSE,NA,3214
"One of the triangles is also right next to the square, except on the right side, and the other triangle is on the bottom right.",38,describer,10,FALSE,NA,3214
"Wait, how do I scroll down?",37,matcher,11,TRUE,NA,3214
"Oh, okay.",37,matcher,12,TRUE,NA,3214
"Wait, top right...",37,matcher,13,TRUE,NA,3214
"square, the top left square, and triangles next to it.",38,describer,14,FALSE,NA,3214
"Yeah, there's one triangle right next to the square on the right side, and one of the triangles is further down, but also on the right side.",38,describer,15,FALSE,NA,3214
"And the two triangles are at different angles, but they're roughly the same size.",38,describer,16,FALSE,NA,3214
Oops.,37,matcher,17,TRUE,NA,3214
"Yeah, oops, okay.",37,matcher,18,TRUE,NA,3214
Got it.,37,matcher,19,TRUE,NA,3214
"Okay, this image, it kind of looks like a person.",38,describer,1,FALSE,NA,3215
Like the square is a head.,38,describer,2,FALSE,NA,3215
"Or rather, the head is a square.",38,describer,3,FALSE,NA,3215
And it looks like they're sticking their arm out on the left side of the image.,38,describer,4,FALSE,NA,3215
So there's like a distinct head at the top and then like kind of like one arm sticking out on the left side and there's really nothing on the right side.,38,describer,5,FALSE,NA,3215
It's like completely flat on the right side.,38,describer,6,FALSE,NA,3215
Um.,37,matcher,7,TRUE,NA,3215
Nice.,37,matcher,8,TRUE,NA,3215
Um.,37,matcher,9,TRUE,NA,3215
"Okay, this one's like kind of odd looking.",38,describer,1,FALSE,NA,3216
"Um, it kind of looks like, like a bow tie or like glasses.",38,describer,2,FALSE,NA,3216
"Um, there's like two, two distinct trapezoids.",38,describer,3,FALSE,NA,3216
"Um, and it's like, it's, it's, it kind of looks smaller than the other images.",38,describer,4,FALSE,NA,3216
"Um, but yeah, it kind of looks like a pair of glasses.",38,describer,5,FALSE,NA,3216
"Um, that's like the best way I can, I can think of describing it.",38,describer,6,FALSE,NA,3216
"Um,",38,describer,7,TRUE,NA,3216
"There's like, yeah, there's like a little point on the left side and on the right side.",38,describer,8,FALSE,NA,3216
"Um, and it's, it's kind of like, the image is horizontal, basically horizontal.",38,describer,9,FALSE,NA,3216
Nice.,38,describer,10,TRUE,NA,3216
This one also looks kind of funny.,38,describer,1,FALSE,NA,3217
There's a...,38,describer,2,TRUE,NA,3217
I think it's...,38,describer,3,TRUE,NA,3217
"Okay, so it's one of the images with a little triangle on the right side.",38,describer,4,FALSE,NA,3217
And the triangle is perfectly drawn.,38,describer,5,FALSE,NA,3217
So it's not an angle.,38,describer,6,FALSE,NA,3217
It's upright.,38,describer,7,FALSE,NA,3217
"And on the top left, there's...",38,describer,8,FALSE,NA,3217
there's a little square block on the top left.,38,describer,9,FALSE,NA,3217
"And there's like two, on the left side there's like two points.",38,describer,10,FALSE,NA,3217
And then there's like a vertical block connecting the two points to the little triangle and the square head.,38,describer,11,FALSE,NA,3217
If the triangles are top left or top right?,37,matcher,12,FALSE,NA,3217
The triangle is on the right side.,38,describer,13,FALSE,NA,3217
Right in the middle of the image.,38,describer,14,FALSE,NA,3217
Huh.,38,describer,15,TRUE,NA,3217
And it looks like there's a leg.,38,describer,16,FALSE,NA,3217
Like a vertical rectangle.,38,describer,17,FALSE,NA,3217
That kind of looks like a leg.,38,describer,18,FALSE,NA,3217
Nice.,38,describer,19,TRUE,NA,3217
"Um, okay, this one, this one also kind of looks like a person.",38,describer,1,FALSE,NA,3218
"Um, it's almost like the person is, like, on their knees, um, kind of like they're, they look like they're praying.",38,describer,2,FALSE,NA,3218
"Um, there's also, like, a, a square head, and then the hands or the arms are on the right side.",38,describer,3,FALSE,NA,3218
"Um, oh, I think there were two that looked similar.",38,describer,4,FALSE,NA,3218
Okay.,37,matcher,5,TRUE,NA,3218
"Oh yeah, when you said on their knees, I thought that was the other one that was on the ground.",37,matcher,6,FALSE,NA,3218
"Okay, this one has the head of a person, but it's almost like there's no arms.",38,describer,1,FALSE,NA,3219
"It's very flat on both sides, and at the very bottom, it looks like they're kind of sitting on their knees, but it's very curled up.",38,describer,2,FALSE,NA,3219
"Um, yeah.",38,describer,3,TRUE,NA,3219
"Um, okay, this one, it doesn't really look like a, it kind of looks like a person, um, but the head shape is really weird.",38,describer,1,FALSE,NA,3220
"Um, there's like two legs, um, and it's not the one with the two triangles as legs.",38,describer,2,FALSE,NA,3220
Both of the legs are like,38,describer,3,FALSE,NA,3220
"Like, leg-shaped.",38,describer,4,FALSE,NA,3220
Um...,38,describer,5,TRUE,NA,3220
"Wait, can you repeat?",37,matcher,6,TRUE,NA,3220
"The horse, like, what shape are the legs?",37,matcher,7,FALSE,NA,3220
"Um, it's not a triangle.",38,describer,8,FALSE,NA,3220
It's like...,38,describer,9,TRUE,NA,3220
It's almost like a trapezoid.,38,describer,10,FALSE,NA,3220
"Um, it's like a triangle, but on one side, there's, like, a rectangle.",38,describer,11,FALSE,NA,3220
So it's like...,38,describer,12,TRUE,NA,3220
It's like if you took a rectangle and drew a triangle on top of it.,38,describer,13,FALSE,NA,3220
"Um, that's kind of what it looks like.",38,describer,14,TRUE,NA,3220
"And it's supposed to be, like, a humanoid shape?",37,matcher,15,FALSE,NA,3220
"Yeah, it's kind of like a human shape, but there's like two heads.",38,describer,16,FALSE,NA,3220
"Okay, this one looks like a person with two arms, and the arms are raised at their head level.",38,describer,1,FALSE,NA,3221
As if they're lifting their arms up.,38,describer,2,FALSE,NA,3221
"And the head is still like a square, and each of the arms is kind of like a rhombus.",38,describer,3,FALSE,NA,3221
And there's not really any legs in the image.,38,describer,4,FALSE,NA,3221
Nice.,38,describer,5,TRUE,NA,3221
This one doesn't look like a person at all.,38,describer,1,FALSE,NA,3222
It's like a bracket shape.,38,describer,2,FALSE,NA,3222
"There's, like, one long, like, kind of, like, rectangle shape, um, across the top,",38,describer,3,FALSE,NA,3222
"and then on the left side, there's another rectangle shape, um, connected to that,",38,describer,4,FALSE,NA,3222
"so it kind of looks like, it's like a right angle, um, where part of it is on the top, yeah.",38,describer,5,FALSE,NA,3222
"Um, okay, this kind of...",38,describer,1,FALSE,NA,3223
"This also kind of looks like a person that's praying, um, except they have, like, a triangle on top of their head.",38,describer,2,FALSE,NA,3223
"It's kind of like a person with, like, a ponytail that's sticking straight up.",38,describer,3,FALSE,NA,3223
"And then it also looks like they have a book in their hand, and they're, like, they're reading a book.",38,describer,4,FALSE,NA,3223
"Wait, poke in what?",37,matcher,5,TRUE,NA,3223
"Wait, sorry, what'd you say?",37,matcher,6,TRUE,NA,3223
"Wait, did I just mishear, or did you say there's, like, a poke in ankle?",37,matcher,7,TRUE,NA,3223
"Oh, no, no.",38,describer,8,TRUE,NA,3223
"There's, like, a ponytail on top of their head.",38,describer,9,FALSE,NA,3223
"Yeah, it's more like a triangle that's vertically on top of their head and it looks like they're holding a book and reading from the book.",38,describer,10,FALSE,NA,3223
This one also kind of looks like a person.,38,describer,1,FALSE,NA,3224
It's actually the one you selected earlier that wasn't correct.,38,describer,2,FALSE,NA,3224
"Uh, it's like a person with a square head and, um, like, two weird-looking legs and then, like, kind of an arm that's sticking out to the right side.",38,describer,3,FALSE,NA,3224
"So, so when I, like, missed the street, I was thinking, like, oh, I'm taking a seat again.",38,describer,4,FALSE,NA,3224
Yeah.,37,matcher,5,TRUE,NA,3224
Nice.,37,matcher,6,TRUE,NA,3224
"Okay, this one looks like a person, and the legs, they're like standing up straight, and the legs are like two small triangles.",38,describer,1,FALSE,NA,3225
"And it looks like they're kind of wearing like a top hat, and the arm is on the right side.",38,describer,2,FALSE,NA,3225
"Wait, top hat?",37,matcher,3,FALSE,NA,3225
"Or, yeah, I guess the most distinct feature is, like, there's two legs, and the legs are really tiny.",38,describer,4,FALSE,NA,3225
"Like, it looks like two feet.",38,describer,5,FALSE,NA,3225
And both the feet are small rectangles.,38,describer,6,FALSE,NA,3225
Or small triangles.,38,describer,7,FALSE,NA,3225
Yeah.,38,describer,8,TRUE,NA,3225
"Um, okay, this one is also, like, very weird looking.",38,describer,1,TRUE,NA,3226
"Oh, sorry, I, like...",38,describer,2,TRUE,NA,3226
Can you explain the third one?,37,matcher,3,TRUE,NA,3226
Okay.,38,describer,4,TRUE,NA,3226
"Okay, this image is completely symmetrical.",38,describer,1,FALSE,NA,3227
"It's like one of the, I think it's one of the only two images that are symmetrical.",38,describer,2,FALSE,NA,3227
And it's the one that has like a square on top of it.,38,describer,3,FALSE,NA,3227
"Um, okay.",38,describer,4,TRUE,NA,3227
"This looks like, it doesn't look like a person anymore.",38,describer,1,FALSE,NA,3228
"Um, but the most distinct feature is, like, there's two, two small triangles on the top, like, on the top of the image, and then there's a square, but it's lower in the image.",38,describer,2,FALSE,NA,3228
"Um, like, on the left side.",38,describer,3,FALSE,NA,3228
"Um, and yeah, there's two triangles on the top.",38,describer,4,FALSE,NA,3228
"Um,",38,describer,5,TRUE,NA,3228
"Like, two small triangles.",38,describer,6,FALSE,NA,3228
"But there's another image with a square, but it's... Like, the square is lower and on the left side of this image.",38,describer,7,FALSE,NA,3228
Uh...,38,describer,8,TRUE,NA,3228
"Wait, does it happen to look like a different animal, or...?",37,matcher,9,FALSE,NA,3228
I don't...,38,describer,10,TRUE,NA,3228
It doesn't really look like an animal.,38,describer,11,FALSE,NA,3228
Like...,38,describer,12,TRUE,NA,3228
It looks like a...,38,describer,13,TRUE,NA,3228
"I don't know, like...",38,describer,14,TRUE,NA,3228
Maybe like a rabbit or something?,38,describer,15,FALSE,NA,3228
I don't know.,38,describer,16,TRUE,NA,3228
"But yeah, mostly like... Yeah, it's one of the weird looking ones, sorry.",38,describer,17,FALSE,NA,3228
"Okay, this one...",38,describer,18,TRUE,NA,3228
"This one looks like a house, and on the left side there's a chimney, and on top of the chimney there's a triangle.",38,describer,1,FALSE,NA,3229
"But I think it's the only one that looks like a house, yeah.",38,describer,2,FALSE,NA,3229
"Okay, this is the other symmetrical image.",38,describer,1,FALSE,NA,3230
"So it's one of the two symmetrical images, but the one without the square.",38,describer,2,FALSE,NA,3230
"Okay, this one kind of looks like a person.",38,describer,1,FALSE,NA,3231
There's a square head and their legs are like kind of spread out.,38,describer,2,FALSE,NA,3231
It looks like they're almost like in a small split or like maybe like running.,38,describer,3,FALSE,NA,3231
um okay this one,38,describer,1,FALSE,NA,3232
this one also looks like someone is praying,38,describer,2,FALSE,NA,3232
um but it's not the one that that was correct that you selected earlier that was right,38,describer,3,FALSE,NA,3232
um it's the other one that looks like someone's praying um and there's like their hands are out to the right side um with a square head and they have like,38,describer,4,FALSE,NA,3232
"A little point on the left side, but it looks like the hands are out to the right side.",38,describer,5,FALSE,NA,3232
Nice.,38,describer,6,TRUE,NA,3232
"Okay, this one...",38,describer,1,TRUE,NA,3233
This one kind of looks like a toilet.,38,describer,2,FALSE,NA,3233
"With like, a square on top.",38,describer,3,FALSE,NA,3233
And the seat of the toilet is on the left side.,38,describer,4,FALSE,NA,3233
Nice.,37,matcher,5,TRUE,NA,3233
Okay.,37,matcher,6,TRUE,NA,3233
This one...,37,matcher,7,TRUE,NA,3233
I think this one is...,37,matcher,8,TRUE,NA,3233
This one's the only symmetrical image out of all of these.,38,describer,1,FALSE,NA,3234
"It looks like two squares on top of each other, kind of.",38,describer,2,FALSE,NA,3234
"Okay, this one...",38,describer,3,TRUE,NA,3234
This one kind of looks like a dinosaur or like a giraffe.,38,describer,1,FALSE,NA,3235
And the giraffe is like,38,describer,2,FALSE,NA,3235
"It's, like, facing left.",38,describer,3,FALSE,NA,3235
"Um, and you can see, like, the long neck.",38,describer,4,FALSE,NA,3235
"And then, like, a rectangular body.",38,describer,5,FALSE,NA,3235
Does it have any triangles on the bottom?,37,matcher,6,FALSE,NA,3235
"No, no triangles on the bottom.",38,describer,7,FALSE,NA,3235
"It has, like, a triangle head.",38,describer,8,FALSE,NA,3235
Um...,38,describer,9,TRUE,NA,3235
"Okay, this is the other one that looks like a giraffe.",38,describer,1,FALSE,NA,3236
"Um, or like, yeah, and then there are like triangles on the bottom, and like, kind of like a tail.",38,describer,2,FALSE,NA,3236
"Um, okay.",38,describer,3,TRUE,NA,3236
This one is extremely weird looking.,38,describer,1,FALSE,NA,3237
"Um, there's like, it looks like a dog, and then like, something is on top of the dog.",38,describer,2,FALSE,NA,3237
"Um, and there's like, it's like one of the two images where there's like a little triangle sticking out on the right side, almost like a tail.",38,describer,3,FALSE,NA,3237
"Um, except out of those two... Oh, I think.",38,describer,4,FALSE,NA,3237
"Okay, nice.",38,describer,5,TRUE,NA,3237
"Um, okay, this one also looks like a dog.",38,describer,1,FALSE,NA,3238
"Um, it's like facing to the left.",38,describer,2,FALSE,NA,3238
"Um, and it has triangles, or it has like, kind of has triangles for feet, um, and has like a rhombus for a head.",38,describer,3,FALSE,NA,3238
"Um, okay.",38,describer,4,TRUE,NA,3238
This one is...,38,describer,5,TRUE,NA,3238
"This one isn't symmetrical, but it's close to symmetrical.",38,describer,1,FALSE,NA,3239
"It's almost like a vertical pillar, and there's two triangles.",38,describer,2,FALSE,NA,3239
Nice.,38,describer,3,TRUE,NA,3239
"Okay, this one also looks like a dog, except the head is on the right side this time.",38,describer,1,FALSE,NA,3240
And there's a tail.,38,describer,2,FALSE,NA,3240
"with, um, like a little upside-down triangle as the tail, and there's a square head on the right side.",38,describer,3,FALSE,NA,3240
Hmm.,38,describer,4,TRUE,NA,3240
I don't know.,38,describer,5,TRUE,NA,3240
Um.,38,describer,6,TRUE,NA,3240
Square head dog.,38,describer,7,FALSE,NA,3240
"Yeah, kind of like a dog, um,",38,describer,8,FALSE,NA,3240
I think the most distinct feature is an upside down little triangle for the tail.,38,describer,9,FALSE,NA,3240
Oh.,37,matcher,10,TRUE,NA,3240
It's an image that I've already selected.,37,matcher,11,FALSE,NA,3240
"No, it's not.",38,describer,12,FALSE,NA,3240
I think it's actually the only one with an upside down triangle.,38,describer,13,FALSE,NA,3240
What?,37,matcher,14,TRUE,NA,3240
I don't see it.,37,matcher,15,TRUE,NA,3240
Okay.,37,matcher,16,TRUE,NA,3240
Did you say you look like a dog or like a duck?,37,matcher,17,FALSE,NA,3240
Like a dog.,38,describer,18,FALSE,NA,3240
Kinda.,38,describer,19,FALSE,NA,3240
Like a dog.,38,describer,20,FALSE,NA,3240
There's no distinct feet.,37,matcher,21,FALSE,NA,3240
"There's no distinct legs, so it looks like the dog is like, maybe it's like jumping or something.",38,describer,22,FALSE,NA,3240
"But yeah, I think the upside down triangle is probably the most recognizable feature.",38,describer,23,FALSE,NA,3240
What do you mean by upside down triangle?,37,matcher,24,FALSE,NA,3240
"Um, it's like, uh, the tip of the triangle is pointing downwards, and the top of the triangle is completely flat.",38,describer,25,FALSE,NA,3240
"Okay, I don't really see it, so I'm just gonna...",37,matcher,26,TRUE,NA,3240
"Okay, don't worry.",37,matcher,27,TRUE,NA,3240
"Oh, I thought you said it looked like a dog.",37,matcher,28,FALSE,NA,3240
"Yeah, maybe it doesn't.",37,matcher,29,FALSE,NA,3240
It looks like a person to me.,37,matcher,30,FALSE,NA,3240
"Okay, this one also looks kind of weird.",38,describer,1,FALSE,NA,3241
There's like a square head and then like a little triangle that's hanging off of the head on the right side.,38,describer,2,FALSE,NA,3241
"It also, it isn't symmetrical, it kind of looks symmetrical, close to symmetrical,",38,describer,3,FALSE,NA,3241
"but there's a little triangle hanging off the right side of the head, and on the bottom left, there's another small triangle.",38,describer,4,FALSE,NA,3241
"Wait, could you repeat that?",37,matcher,5,TRUE,NA,3241
Yeah.,38,describer,6,TRUE,NA,3241
"There's like a square head on top, and then hanging off of the head on the right side, there's another triangle.",38,describer,7,FALSE,NA,3241
"But it's like, it's disconnected a little bit.",38,describer,8,FALSE,NA,3241
So it's only touching at the point.,38,describer,9,FALSE,NA,3241
Yeah.,38,describer,10,TRUE,NA,3241
Um...,38,describer,11,TRUE,NA,3241
"Okay, this looks like... Oh, I think this is the one you selected when we were trying to figure out the dog one.",38,describer,1,FALSE,NA,3242
Uh... Like... Like...,38,describer,2,TRUE,NA,3242
"Okay, wait, I see.",38,describer,3,TRUE,NA,3242
It looks kind of like a ghost.,38,describer,4,FALSE,NA,3242
Yeah.,38,describer,5,TRUE,NA,3242
"Um, okay.",38,describer,6,TRUE,NA,3242
This looks like a person.,38,describer,1,FALSE,NA,3243
Um...,38,describer,2,TRUE,NA,3243
but the left side of the person is completely flat.,38,describer,3,FALSE,NA,3243
"Um, it's just like a straight line on the left side.",38,describer,4,FALSE,NA,3243
"And on the right side, there's like kind of an arm sticking out, uh, to the right, um, at the top.",38,describer,5,FALSE,NA,3243
"Um,",38,describer,6,TRUE,NA,3243
"Okay, this one's kind of weird looking.",38,describer,1,FALSE,NA,3244
"It looks like a scale, but it's like tilted 45 degrees to the right almost.",38,describer,2,FALSE,NA,3244
There's like a triangle on the left side that's like...,38,describer,3,FALSE,NA,3244
"connected to this, like, vertical... And it doesn't look like any particular person or animal?",38,describer,4,FALSE,NA,3244
"No, it doesn't look like...",38,describer,5,FALSE,NA,3244
It doesn't look like an animal or person.,38,describer,6,FALSE,NA,3244
Um...,38,describer,7,TRUE,NA,3244
"There's, like...",38,describer,8,TRUE,NA,3244
"There's, like, a vertical beam... Yeah.",38,describer,9,FALSE,NA,3244
Nice.,38,describer,10,TRUE,NA,3244
Um...,38,describer,11,TRUE,NA,3244
"Okay, this also kind of looks like a person,",38,describer,12,FALSE,NA,3244
"except there's like a small triangle and like an upside down triangle on the bottom right,",38,describer,13,FALSE,NA,3244
"and it looks like there's one foot of the person,",38,describer,14,FALSE,NA,3244
and then there's like something sticking out on the left side of the person as well.,38,describer,15,FALSE,NA,3244
There's like one upside down triangle all the way on the bottom right corner of the image.,38,describer,16,FALSE,NA,3244
I'm just like a regular square head.,38,describer,17,FALSE,NA,3244
"Oh, okay.",38,describer,18,TRUE,NA,3244
So I think I didn't hear part of it.,37,matcher,19,TRUE,NA,3244
"No, you're good.",37,matcher,20,TRUE,NA,3244
"Okay, this one...",37,matcher,21,TRUE,NA,3244
This one looks...,37,matcher,22,TRUE,NA,3244
"I don't know, kind of looks like a dog.",38,describer,1,FALSE,NA,3246
Like a dog facing left.,38,describer,2,FALSE,NA,3246
And there's like a little triangle tail again.,38,describer,3,FALSE,NA,3246
"And then the little triangle is on the right side, the very right side of the image on top.",38,describer,4,FALSE,NA,3246
And there's like a triangle head for the dog.,38,describer,5,FALSE,NA,3246
"And it kind of looks like a person is like riding it, maybe.",38,describer,6,FALSE,NA,3246
"Oh, I thought you said it looked like a dog.",37,matcher,7,FALSE,NA,3246
Yeah.,38,describer,8,TRUE,NA,3246
"Oh, I guess it kind of does.",37,matcher,9,TRUE,NA,3246
Huh.,37,matcher,10,TRUE,NA,3246
"Okay, this one also looks like a house, except the chimney's on the right side.",38,describer,1,FALSE,NA,3247
It looks kind of like a rabbit or a bunny.,38,describer,1,FALSE,NA,3248
There's like two triangles on top.,38,describer,2,FALSE,NA,3248
This is the misconstrued potential dog.,38,describer,3,FALSE,NA,3248
"Oh, wait, okay.",38,describer,4,TRUE,NA,3248
"Um, okay, this looks like a person sitting down.",38,describer,1,FALSE,NA,3249
"They're facing left, and they have, like, two legs.",38,describer,2,FALSE,NA,3249
"It looks like they're sitting, like, sitting all the way down, and their knees are off the ground.",38,describer,3,FALSE,NA,3249
"Um, and their feet are also on the ground.",38,describer,4,FALSE,NA,3249
And the feet is an upside-down triangle?,37,matcher,5,FALSE,NA,3249
"Uh, no, not really.",38,describer,6,TRUE,NA,3249
um the feet are like connected it's like they're sitting all the way down uh like if they're sitting on their butt and their knees are off the ground and they're facing left,38,describer,7,FALSE,NA,3249
"Okay, this looks like a person, but there's no arms, square head, uh, there's, like, somewhat bent knees towards the right.",37,describer,1,FALSE,NA,3250
Yeah.,38,matcher,2,TRUE,NA,3250
"This also looks like a person, um, square head towards the right, and there's an upside-down triangle on the left.",37,describer,1,FALSE,NA,3251
"Uh, wait, before you select, I realize there's a lot with upside-down triangles on the left.",37,describer,2,FALSE,NA,3251
Yeah.,37,describer,3,TRUE,NA,3251
Um...,37,describer,4,TRUE,NA,3251
I guess it looks like there's an arm that's like reached out but like it's only the torso of the person,37,describer,5,FALSE,NA,3251
so ignore the ones where the person looks like they're fully standing,37,describer,6,FALSE,NA,3251
so just a torso of a person with an arm reached out holding onto a triangle and can only see like that left arm and that again the head is on the right like top right.,37,describer,7,FALSE,NA,3251
And you said the person is facing left?,38,matcher,8,FALSE,NA,3251
"Uh, like, the arm is, like, left.",37,describer,9,FALSE,NA,3251
"Like, it's an, like, the left arm is the one that's outreaching, but the person is kind of, like, I don't think it's really facing any particular direction.",37,describer,10,FALSE,NA,3251
"Um, the head is on the right, though.",37,describer,11,FALSE,NA,3251
"Okay, and there's no, like, triangle sticking out anywhere, right?",38,matcher,12,FALSE,NA,3251
There's a triangle sticking out on the left.,37,describer,13,FALSE,NA,3251
"It looks like the person's, like, holding, like, balancing a triangular ball.",37,describer,14,FALSE,NA,3251
"Uh... Any questions, or... Like, there's a triangle on the left that it looks like the person's, like, holding or balancing.",37,describer,15,FALSE,NA,3251
"Uh, is there also a triangle on the right side?",38,matcher,16,FALSE,NA,3251
"Uh, not really.",37,describer,17,FALSE,NA,3251
"I mean, that triangle on the right side is, like...",37,describer,18,FALSE,NA,3251
"I guess there is, like, a large triangle on the right side that just, like, makes up the person's torso.",37,describer,19,FALSE,NA,3251
"Okay, and the arms are not, like, in the air, right?",38,matcher,20,FALSE,NA,3251
You can only see one arm?,38,matcher,21,FALSE,NA,3251
Only one arm.,37,describer,22,FALSE,NA,3251
"Oh, yeah.",38,matcher,23,TRUE,NA,3251
Sorry.,38,matcher,24,TRUE,NA,3251
"Nah, you're good.",38,matcher,25,TRUE,NA,3251
"Okay, another person on the knees.",37,describer,1,FALSE,NA,3252
"There's like two arms that are represented as like two triangles, like two relatively large triangles.",37,describer,2,FALSE,NA,3252
And you can see the legs sticking out on like the bottom left.,37,describer,3,FALSE,NA,3252
"So again, like, person on the ground, uh, leg sticking out on the left, uh, which kind of looks like two triangles, and then they are also, yeah, perfect.",37,describer,4,FALSE,NA,3252
Cool.,38,matcher,5,TRUE,NA,3252
"Okay, this looks like the one that had, like, the dog and then, uh, either a person, like, riding the dog or, like, balancing on the dog.",37,describer,1,FALSE,NA,3253
"Um, and that dog is, like, looks like it's running towards the left.",37,describer,2,FALSE,NA,3253
"Yeah, perfect.",38,matcher,3,TRUE,NA,3253
Okay.,38,matcher,4,TRUE,NA,3253
"This person looks like they're jumping in the air, but you don't see any arms.",37,describer,1,FALSE,NA,3254
It's just two arms.,37,describer,2,FALSE,NA,3254
"No, no, you don't see any legs.",37,describer,3,FALSE,NA,3254
"No, just two arms are like sticking out, like raised.",37,describer,4,FALSE,NA,3254
Perfect.,37,describer,5,TRUE,NA,3254
"Okay, this person looks like they're balancing, like, oh, they're holding onto the square.",37,describer,1,FALSE,NA,3255
"Um, it's the one that you previously described as, like, well, as, like, triangle heads, um, and then, like, rectangular legs.",37,describer,2,FALSE,NA,3255
Perfect.,37,describer,3,TRUE,NA,3255
"This looks like a dog, uh, but with a triangle head, um, triangle legs.",37,describer,1,FALSE,NA,3256
"Uh, let's see.",37,describer,2,TRUE,NA,3256
Is it facing to the left?,38,matcher,3,FALSE,NA,3256
"Yeah, facing to the left.",37,describer,4,FALSE,NA,3256
It's a triangle head.,37,describer,5,FALSE,NA,3256
"Uh, no person on it.",37,describer,6,FALSE,NA,3256
Perfect.,37,describer,7,TRUE,NA,3256
Perfect.,37,describer,8,TRUE,NA,3256
This is the one that previously was like the glasses.,37,describer,1,FALSE,NA,3257
Like the slightly diagonal.,37,describer,2,FALSE,NA,3257
"Yeah, perfect.",37,describer,3,TRUE,NA,3257
This looks like the tilted scale.,37,describer,1,FALSE,NA,3258
"Uh, this looks like a duck that was, like, falling.",37,describer,2,FALSE,NA,3258
"Um, so, like, the head is on the ground.",37,describer,3,FALSE,NA,3258
"Uh, and there's, like, three points up in the air.",37,describer,1,FALSE,NA,3259
"Um, like, it's, like, three triangles.",37,describer,2,FALSE,NA,3259
"Not only in the air, but, like, three triangles on the top of this shape.",37,describer,3,FALSE,NA,3259
"Um, and to me, it kind of looks like an upside-down duck.",37,describer,4,FALSE,NA,3259
Like a duck?,38,matcher,5,FALSE,NA,3259
Or a goose.,37,describer,6,FALSE,NA,3259
Or some kind of bird.,37,describer,7,FALSE,NA,3259
Okay.,37,describer,8,TRUE,NA,3259
Is there a square head?,38,matcher,9,FALSE,NA,3259
Is there like a square on top or no?,38,matcher,10,FALSE,NA,3259
"No, no, no.",37,describer,11,FALSE,NA,3259
It's just like three triangles on the top and then the bottom is a parallelogram.,37,describer,12,FALSE,NA,3259
Like a parallelogram head that's on the ground.,37,describer,13,FALSE,NA,3259
The back is like a diagonal rectangle.,37,describer,14,FALSE,NA,3259
"This is the one that like looks almost symmetrical, but it has like a long pole.",37,describer,1,FALSE,NA,3260
"Yeah, cool.",38,matcher,2,TRUE,NA,3260
This is the one that doesn't really look like anything in particular.,37,describer,1,FALSE,NA,3261
This is like a large,37,describer,2,FALSE,NA,3261
"parallelogram on the top, and then a bar on the left, and then like a square connecting at the bottom of the bar.",37,describer,3,FALSE,NA,3261
"The square's a lot smaller than the parallelogram top, but not any particular shapes.",37,describer,4,FALSE,NA,3261
"It just looks like a left corner, like, 90 degree angle.",37,describer,5,FALSE,NA,3261
Huh.,38,matcher,6,TRUE,NA,3261
"Oh, I see.",38,matcher,7,TRUE,NA,3261
"This looks like a person who's balancing on one leg, and another leg is sticking up in the air, but that leg is just two triangles.",37,describer,1,FALSE,NA,3262
There's also two arms reaching out to the left.,37,describer,2,FALSE,NA,3262
"The arms are reaching out on the left side, right?",38,matcher,3,FALSE,NA,3262
Yeah.,37,describer,4,TRUE,NA,3262
"So, perfect.",37,describer,5,TRUE,NA,3262
"This looks like some kind of animal, like square, no legs, just a rectangle body.",37,describer,1,FALSE,NA,3263
Kind of like a giraffe.,37,describer,2,FALSE,NA,3263
"Yeah, kind of like a giraffe.",37,describer,3,FALSE,NA,3263
"This looks like- oh, this is the one that you, like, previously misplicked.",37,describer,1,FALSE,NA,3264
"Um, person with an arm, uh, facing to the left, um, like, fully- full body standing.",37,describer,2,FALSE,NA,3264
Oh.,37,describer,3,TRUE,NA,3264
"I forgot which one I- Oh, so it- so there's, like, a square head, uh, right-angled body, the right side is just flat, like, it's just horizontal.",37,describer,4,FALSE,NA,3264
Okay.,38,matcher,5,TRUE,NA,3264
Got it.,38,matcher,6,TRUE,NA,3264
Perfect.,38,matcher,7,TRUE,NA,3264
This looks like the house with the chimney roof with the triangle on top of the chimney.,37,describer,1,FALSE,NA,3265
This looks like the symmetrical bow tie.,37,describer,1,FALSE,NA,3266
"Or, like, tie.",37,describer,2,FALSE,NA,3266
Not necessarily a bow tie.,37,describer,3,FALSE,NA,3266
It's also like the only symmetrical image.,37,describer,4,FALSE,NA,3266
Perfect.,37,describer,5,TRUE,NA,3266
"This looks like a person again, but the left side is completely flat, and then the right side is just like a triangle towards like the top of the person.",37,describer,1,FALSE,NA,3267
"I guess this shape is slightly less humanoid than the other ones, but it still vaguely looks like a person.",37,describer,2,FALSE,NA,3267
"Um, okay, this one, this is the one that looks like someone is holding a book and they're facing left and they're sitting and there's like that triangle on top of their head.",38,describer,1,FALSE,NA,3268
Nice.,37,matcher,2,TRUE,NA,3268
"Okay, this is the, this is like the weird",38,describer,1,FALSE,NA,3269
The 90 degree angle one that doesn't look like anything else.,38,describer,2,FALSE,NA,3269
It's like the parallelogram on top.,38,describer,3,FALSE,NA,3269
Yeah.,37,matcher,4,TRUE,NA,3269
This is the one where the person looks like their hands are in the air and they don't really have any feet.,38,describer,1,FALSE,NA,3270
This is the scale that's tilted at the 45 degree angle.,38,describer,1,FALSE,NA,3271
This is the one that I said I thought looked like a dog.,38,describer,1,FALSE,NA,3272
"Um, but, we got it wrong.",38,describer,2,TRUE,NA,3272
"It's like, the square, there's a square on top on the right side, and like, a little upside down triangle on the left side.",38,describer,3,FALSE,NA,3272
Wait.,37,matcher,4,TRUE,NA,3272
I don't remember which one it was for before.,37,matcher,5,TRUE,NA,3272
Uh.,37,matcher,6,TRUE,NA,3272
"You said it didn't really look like a dog to you, it kind of looked like a person.",38,describer,7,FALSE,NA,3272
Um.,37,matcher,8,TRUE,NA,3272
But there's like an upside down triangle on the left side.,38,describer,9,FALSE,NA,3272
"Yeah, nice.",37,matcher,10,TRUE,NA,3272
This is the one that looks like a dog that's facing left.,38,describer,1,FALSE,NA,3273
"The head is like a triangle, and the feet are also two triangles.",38,describer,2,FALSE,NA,3273
This is the one that you said looks like a duck or like a goose that had fallen.,38,describer,1,FALSE,NA,3274
This is the giraffe looking one facing left.,38,describer,1,FALSE,NA,3275
Got it.,37,matcher,2,TRUE,NA,3275
This is the one that kind of looks like a person.,38,describer,1,FALSE,NA,3276
The right side is completely flat and the left side,38,describer,2,FALSE,NA,3276
"They have like an arm, one arm sticking out on the left side.",38,describer,3,FALSE,NA,3276
"Oh, you're saying the right one?",37,matcher,4,FALSE,NA,3276
Yeah.,37,matcher,5,FALSE,NA,3276
"Oh, oops.",37,matcher,6,TRUE,NA,3276
Okay.,37,matcher,7,TRUE,NA,3276
"This is the one that looks almost symmetrical, but it's not symmetrical.",38,describer,1,FALSE,NA,3277
It's like the one with the long pole.,38,describer,2,FALSE,NA,3277
This is the one that looks like the person is balancing on one leg and the other leg is a triangle.,38,describer,1,FALSE,NA,3278
This is the one that looks like a symmetrical tie.,38,describer,1,FALSE,NA,3279
"Uh, this is the one that looks like a dog, and something is, like, riding the dog.",38,describer,1,FALSE,NA,3280
And the dog is facing left.,38,describer,2,FALSE,NA,3280
"This is the... like, the bowtie... or, like, glasses-looking one.",38,describer,1,FALSE,NA,3281
The what?,37,matcher,2,TRUE,NA,3281
It looks like the glasses.,38,describer,3,FALSE,NA,3281
"Oh, yeah.",37,matcher,4,TRUE,NA,3281
This is the one that looks like a person except there's like no arms,38,describer,1,FALSE,NA,3282
This is the one that also looks like a person except the left side is completely flat,38,describer,1,FALSE,NA,3283
"Um, and there's like, it's, it's like, you said it's less humanoid than the other ones.",38,describer,2,FALSE,NA,3283
"Oh, just the one I accidentally chose.",37,matcher,3,FALSE,NA,3283
"Yeah, yeah.",37,matcher,4,TRUE,NA,3283
"Uh, this is that house.",38,describer,1,FALSE,NA,3284
"Uh, this is the, the one where like, it looks like a person with like two triangle hands and there's like a little triangle foot on the left side on the bottom.",38,describer,1,FALSE,NA,3285
"Okay, this is the scale that is tilted by 45 degrees.",37,describer,1,FALSE,NA,3286
"Hello, can you hear me?",37,describer,2,TRUE,NA,3286
This is the 45 degree angle.,37,describer,3,FALSE,NA,3286
"Yeah, yeah, I can hear you.",38,matcher,4,TRUE,NA,3286
"Sorry, I was just looking for it.",38,matcher,5,TRUE,NA,3286
"No, you're good, you're good.",37,describer,6,TRUE,NA,3286
"I just couldn't tell, like, maybe the audio, like, changed or something.",37,describer,7,TRUE,NA,3286
"This is the dog facing to the left, no persons on it, triangle feet.",37,describer,1,FALSE,NA,3287
"This is the person balancing on one leg, facing to the left, two triangle arms.",37,describer,1,FALSE,NA,3288
"Yeah, cool.",38,matcher,2,TRUE,NA,3288
"This is the person on the knees, leg facing to the left, two triangle arms, square head.",37,describer,1,FALSE,NA,3289
"Yeah, there's like the one leg sticking out to the left, but the person's like overall facing the right.",37,describer,2,FALSE,NA,3289
This is the glasses or sunglasses.,37,describer,1,FALSE,NA,3290
"This is the person with the arms up, no legs.",37,describer,1,FALSE,NA,3291
This is the symmetrical tie.,37,describer,1,FALSE,NA,3292
"This is the person with, like, the left side is completely flat.",37,describer,1,FALSE,NA,3293
"It's, like, somewhat humanoid, but not fully humanoid.",37,describer,2,FALSE,NA,3293
Arm raised to the right.,37,describer,3,FALSE,NA,3293
"And again, the left side is completely straight.",37,describer,4,FALSE,NA,3293
This is the one that I think looks like a goose.,37,describer,1,FALSE,NA,3294
Like the bird thing.,37,describer,2,FALSE,NA,3294
Cool.,38,matcher,3,TRUE,NA,3294
This is the giraffe.,37,describer,1,FALSE,NA,3295
So like no legs.,37,describer,2,FALSE,NA,3295
"This is the right angle, left corner looking shape with the parallelogram.",37,describer,1,FALSE,NA,3296
"This is the person that looks like they're holding a book, like they're square, and then the triangle heads.",37,describer,1,FALSE,NA,3297
This is the dog with the person riding it.,37,describer,1,FALSE,NA,3298
This is the person who's standing facing to the left.,37,describer,1,FALSE,NA,3299
"Right side is probably straight, square head.",37,describer,2,FALSE,NA,3299
Perfect.,37,describer,3,TRUE,NA,3299
"This is the person that we occasionally, like, it's someone that you think looks like a dog, um, with the upside down triangle.",37,describer,1,FALSE,NA,3300
Nice.,37,describer,2,TRUE,NA,3300
"This is the person with no arms, uh, square head, like, slightly bent.",37,describer,1,FALSE,NA,3301
This is the house triangle chimney.,37,describer,1,FALSE,NA,3302
This is the almost symmetrical shape with the long vertical pole.,37,describer,1,FALSE,NA,3303
This is the one that looks like a person.,38,describer,1,FALSE,NA,3304
The right side is flat.,38,describer,2,FALSE,NA,3304
They're facing left.,38,describer,3,FALSE,NA,3304
There's one arm.,38,describer,4,FALSE,NA,3304
This is the dog facing left.,38,describer,1,FALSE,NA,3305
There's a person riding it.,38,describer,2,FALSE,NA,3305
"Uh, this is the almost symmetrical one.",38,describer,1,FALSE,NA,3306
"Uh, this is the, like, goose-duck one.",38,describer,1,FALSE,NA,3307
"This is the goose, or the one that looks like a duck, or goose.",38,describer,2,FALSE,NA,3307
"This is the person holding a book, like the triangle heads.",38,describer,1,FALSE,NA,3308
This is the giraffe.,38,describer,1,FALSE,NA,3309
"This is the person with the arm, with like the hands up, no legs.",38,describer,1,FALSE,NA,3310
This is the symmetrical tie.,38,describer,1,FALSE,NA,3311
This is the person on one leg.,38,describer,1,FALSE,NA,3312
This is the person with no arms.,38,describer,1,FALSE,NA,3313
This is the scale that's tilted.,38,describer,1,FALSE,NA,3314
This is the 90 degree bracket that doesn't really look like anything.,38,describer,1,FALSE,NA,3315
"This is the dog facing to the left, with the triangle head.",38,describer,1,FALSE,NA,3316
This is the sunglasses.,38,describer,1,FALSE,NA,3317
This is the person that's dealing the two triangle arms and the triangle leg that's on the left side.,38,describer,1,FALSE,NA,3318
This is the one that I think looks like a dog.,38,describer,1,FALSE,NA,3319
This is the house.,38,describer,1,FALSE,NA,3320
This is like the least humanoid one.,38,describer,1,FALSE,NA,3321
This is a dog with triangle legs.,37,describer,1,FALSE,NA,3322
And no one's riding it.,37,describer,2,FALSE,NA,3322
This is the asymmetrical tie.,37,describer,1,FALSE,NA,3323
This is a person on one leg.,37,describer,1,FALSE,NA,3324
"And, like, triangle arms and triangle legs.",37,describer,2,FALSE,NA,3324
This is the upside-down triangle dog.,37,describer,1,FALSE,NA,3325
"Oh, the one that, like, you had, like, previously described as a dog.",37,describer,2,FALSE,NA,3325
"Oh, okay.",38,matcher,3,TRUE,NA,3325
Yeah.,38,matcher,4,TRUE,NA,3325
This is the house.,37,describer,1,FALSE,NA,3326
This is the dog with the person riding it.,37,describer,1,FALSE,NA,3327
This is the person with no arms.,37,describer,1,FALSE,NA,3328
"Uh, this is the sunglasses.",37,describer,1,FALSE,NA,3329
This is the almost symmetrical pole.,37,describer,1,FALSE,NA,3330
This is the upside-down goose.,37,describer,1,FALSE,NA,3331
This is the right angle left corner block.,37,describer,1,FALSE,NA,3332
This is the person with the right side.,37,describer,1,FALSE,NA,3333
It's completely straight and there's like one arm sticking up to the left.,37,describer,2,FALSE,NA,3333
This is the giraffe.,37,describer,1,FALSE,NA,3334
This is the horizontal scale.,37,describer,1,FALSE,NA,3335
Or like the 45 degree scale.,37,describer,2,FALSE,NA,3335
This is the humanoid shaped with the left side.,37,describer,1,FALSE,NA,3336
Perfect.,37,describer,2,TRUE,NA,3336
This is the triangle head person carrying the square block.,37,describer,1,FALSE,NA,3337
"Oh, what's that?",38,matcher,2,TRUE,NA,3337
"Uh, this is the one that you, like, you just selected.",37,describer,1,FALSE,NA,3338
"Uh, yeah, they, for Victor.",37,describer,2,TRUE,NA,3338
I just clicked the last one.,38,matcher,3,TRUE,NA,3338
"This is the person with the raised arms, no legs.",37,describer,1,FALSE,NA,3339
This is the almost symmetrical one.,38,describer,1,FALSE,NA,3340
This is the symmetrical tie.,38,describer,1,FALSE,NA,3341
This is the upside-down goose.,38,describer,1,FALSE,NA,3342
"Oh shit, sorry.",37,matcher,2,TRUE,NA,3342
"I, like, misclicked.",37,matcher,3,TRUE,NA,3342
Okay.,37,matcher,4,TRUE,NA,3342
This is the person balancing on one leg.,38,describer,1,FALSE,NA,3343
This is the sunglasses.,38,describer,1,FALSE,NA,3344
This is the person holding a book and they're praying.,38,describer,1,FALSE,NA,3345
The triangle head.,38,describer,2,FALSE,NA,3345
This is the one that I think looks like a dog.,38,describer,1,FALSE,NA,3346
A dog?,37,matcher,2,FALSE,NA,3346
"Yeah, I think it looks like a dog, yeah.",38,describer,3,FALSE,NA,3346
Nice.,37,matcher,4,TRUE,NA,3346
"Uh, this is a person that's completely flat on the right side and they have one arm sticking out on the left.",38,describer,1,FALSE,NA,3347
This is the person with no legs and they have like their arms sticking up in the air.,38,describer,1,FALSE,NA,3348
"Oh, their arms are sticking up in the air.",38,describer,2,FALSE,NA,3348
"Yeah, yeah.",37,matcher,3,TRUE,NA,3348
Is it the giraffe?,38,describer,1,FALSE,NA,3349
This is a person with no arms.,38,describer,1,FALSE,NA,3350
This is the kind of humanoid one.,38,describer,1,FALSE,NA,3351
"This is the dog facing left, and nobody is running.",38,describer,1,FALSE,NA,3352
This is the house.,38,describer,1,FALSE,NA,3353
This is like the 90 degree L-shape bracket.,38,describer,1,FALSE,NA,3354
This is the scale that's tilted 45 degrees.,38,describer,1,FALSE,NA,3355
"Um, the person, uh, looks like the triangle head and the triangle legs.",38,describer,1,FALSE,NA,3356
"Um, that's like, there's two triangles.",38,describer,2,FALSE,NA,3356
They're on their knees facing right.,38,describer,3,FALSE,NA,3356
Little triangle on the left for the leg.,38,describer,4,FALSE,NA,3356
This is the dog.,38,describer,1,FALSE,NA,3357
Another dog with the person riding it.,38,describer,2,FALSE,NA,3357
"This is a vaguely humanoid shape, upside down triangle on the bottom right corner, square head.",37,describer,1,FALSE,NA,3358
"And there's like one shape sticking out in the right, like close to the head.",37,describer,2,FALSE,NA,3358
"Yeah, perfect.",37,describer,3,TRUE,NA,3358
This is...,37,describer,1,TRUE,NA,3359
"humanoid shape, uh, with, like, on the knees, and, uh, arm facing, sticking out to the light, um.",37,describer,2,FALSE,NA,3359
"Oh, looks.",37,describer,3,TRUE,NA,3359
"This is the dog, the person riding it.",37,describer,1,FALSE,NA,3360
This is the almost symmetrical pole.,37,describer,1,FALSE,NA,3361
"This is like a human-ish shape, bent knees, arms sticking out to the right.",37,describer,1,FALSE,NA,3362
"Uh, only one arm sticking out to the right.",37,describer,2,FALSE,NA,3362
Square head.,37,describer,3,FALSE,NA,3362
"Uh, when I say Fentany's, I mean, like, there's, uh, like a parallelogram as the legs.",37,describer,4,FALSE,NA,3362
Is this the one that I accidentally clicked last time?,38,matcher,5,FALSE,NA,3362
"Uh, I didn't pay attention, just, like, I didn't see what you clicked last time.",37,describer,6,FALSE,NA,3362
"Like, it moved, like, too fast.",37,describer,7,FALSE,NA,3362
"Uh, but Fentany's, yeah, there you go.",37,describer,8,FALSE,NA,3362
"Okay, nice.",37,describer,9,TRUE,NA,3362
"This is the person, no arms, square head.",37,describer,1,FALSE,NA,3363
"This looks like a person on the ground, one leg sticking out to the left, no arms.",37,describer,1,FALSE,NA,3364
Like they're sitting on the ground?,38,matcher,2,FALSE,NA,3364
"Yeah, they're like on the ground.",37,describer,3,FALSE,NA,3364
"This is the person on the ground, one leg sticking out to the left, and the triangle arms.",37,describer,1,FALSE,NA,3365
This is a symmetrical shape with a square on the top.,37,describer,1,FALSE,NA,3366
this is like a really strange like shape,37,describer,1,FALSE,NA,3367
it kind of looks like an animal uh kind of like a rabbit with like a square on the top,37,describer,2,FALSE,NA,3367
and then like another like triangular shape on the top right um,37,describer,3,FALSE,NA,3367
and it's connected to like a triangle triangular head uh that's facing the left,37,describer,4,FALSE,NA,3367
is the square on the left side,38,matcher,5,FALSE,NA,3367
yeah,37,describer,6,FALSE,NA,3367
"This is the tie, symmetrical bow tie, uh, symmetrical tie.",37,describer,1,FALSE,NA,3368
"This is the person with the white side that's just flat, and it's facing the left, like, it's his left arm sticking out.",37,describer,1,FALSE,NA,3369
"This is the one that, uh, you, like, call the dog with the upside-down triangle.",37,describer,1,FALSE,NA,3370
This is the sunglasses.,37,describer,1,FALSE,NA,3371
"This looks like an animal, no tail, kind of like a dog with a relatively long body that's just a rectangle facing to the left.",37,describer,1,FALSE,NA,3372
This is the upside-down goose.,37,describer,1,FALSE,NA,3373
"This is the right angle block, top left corner looking 90 degree block.",37,describer,1,FALSE,NA,3374
"Wait, sorry.",38,matcher,2,TRUE,NA,3374
Can you say that again?,38,matcher,3,TRUE,NA,3374
This is the 90 degree block.,37,describer,4,FALSE,NA,3374
"Oh, got it.",38,matcher,5,TRUE,NA,3374
It's like a left corner.,37,describer,6,FALSE,NA,3374
This looks like a person with their legs stretched out.,37,describer,1,FALSE,NA,3375
They kind of look like a running square head connected to a triangle.,37,describer,2,FALSE,NA,3375
And it's like a longer rectangle as the body and two legs are outstretched.,37,describer,3,FALSE,NA,3375
Does it look like it's running to the left?,38,matcher,4,FALSE,NA,3375
"Yeah, left.",37,describer,5,FALSE,NA,3375
"This is the person with the arms outstretched, no legs, flying.",37,describer,1,FALSE,NA,3376
"This is the dog, no one riding it, triangle legs.",37,describer,1,FALSE,NA,3377
"Oh, whoops, I misclicked.",38,matcher,2,TRUE,NA,3377
Not bad.,38,matcher,3,TRUE,NA,3377
This is the house with the chimney on the right.,37,describer,1,FALSE,NA,3378
This is the other symmetrical shape without the square on the top.,37,describer,1,FALSE,NA,3379
"It's just like two parallelograms, yeah.",37,describer,2,FALSE,NA,3379
This is the toilet looking thing with the square on the top right.,37,describer,1,FALSE,NA,3380
This is a person balancing on one leg facing to the left with their two arms up stretched.,37,describer,1,FALSE,NA,3381
"This is another humanoid shape with their legs outstretched, but this time the person's facing the right, and one leg looks a little bit lower than the other leg.",37,describer,1,FALSE,NA,3382
The leg on the right is farther down.,37,describer,2,FALSE,NA,3382
"Is one leg like a triangle, kind of?",38,matcher,3,FALSE,NA,3382
Yeah.,37,describer,4,TRUE,NA,3382
"This looks like some kind of weird human bird mixture with the two triangle legs, uh, two triangle feet, and it's facing the right.",37,describer,1,FALSE,NA,3383
"This is the scale, 45 degree scale.",37,describer,1,FALSE,NA,3384
This is the humanoid person with the left side that's completely straight.,37,describer,1,FALSE,NA,3385
This is a giraffe.,37,describer,1,FALSE,NA,3386
This is the triangle head person carrying the square on the bottom.,37,describer,1,FALSE,NA,3387
This is the house with the chimney on the left.,37,describer,1,FALSE,NA,3388
This is a vaguely dog-like thing with a person riding it.,37,describer,1,FALSE,NA,3389
"It's like almost symmetrical, but not really.",37,describer,2,FALSE,NA,3389
And there's a lot of triangles.,37,describer,3,FALSE,NA,3389
This looks like a person with a square head that's facing the right.,37,describer,1,FALSE,NA,3390
Two legs.,37,describer,2,FALSE,NA,3390
One leg is raised.,37,describer,3,FALSE,NA,3390
One leg is on the ground.,37,describer,4,FALSE,NA,3390
"The other, like, in this, like, one arm that's, like, visible, that's just, like, a trapezoid's arm that's also, like, on the top, like, near the head.",37,describer,5,FALSE,NA,3390
"But look with, like, the two legs.",37,describer,6,FALSE,NA,3390
Are the legs facing to the left side?,38,matcher,7,FALSE,NA,3390
Yeah.,37,describer,8,TRUE,NA,3390
This looks like a bird with one triangle sticking out to the left gap.,37,describer,1,FALSE,NA,3391
"This looks like another animal, humanoid kind of thing.",37,describer,1,FALSE,NA,3392
"Square head, two triangles on the top, facing the right, and the bulk of the shape is like a triangle.",37,describer,2,FALSE,NA,3392
This is another strange shape.,37,describer,1,FALSE,NA,3393
"It has two triangles on the top, a square head, or a square shape on the bottom.",37,describer,2,FALSE,NA,3393
It is a relatively long-ish rectangle that's on the right.,37,describer,3,FALSE,NA,3393
"Bobo, look at the triangles.",37,describer,4,FALSE,NA,3393
"Okay, to me, this looks like...",40,describer,1,TRUE,NA,3394
"So there's a kind of, like, parallelogram on the left, and then on the right, it looks like a head.",40,describer,2,FALSE,NA,3394
"It kind of looks like an animal, but it's facing towards the right.",40,describer,3,FALSE,NA,3394
"Like, it's looking towards the right, and it looks like it's a kind of, like...",40,describer,4,FALSE,NA,3394
yeah so on the right it has like a long rectangle and then a triangle attached to the rectangle pointed down so that's on the right and then on the left it's sort of like,40,describer,5,FALSE,NA,3394
joseph so this is like there's a diamond head on the top,40,describer,1,FALSE,NA,3395
Uh-huh.,40,describer,2,TRUE,NA,3395
And then it looks like it's pointed to the right.,40,describer,3,FALSE,NA,3395
"Like, it's kind of a triangle right below the diamond head pointed to the right.",40,describer,4,FALSE,NA,3395
"Oh, does it look like a man reading a book and crouching a little bit?",39,matcher,5,FALSE,NA,3395
"No, it's not that one.",40,describer,6,FALSE,NA,3395
"And then on the bottom right, there's one triangle pointed down on the bottom of the picture.",40,describer,7,FALSE,NA,3395
The bottom?,39,matcher,8,FALSE,NA,3395
"On the bottom right corner of the picture, there's a triangle pointed down.",40,describer,9,FALSE,NA,3395
It's an upside-down triangle.,40,describer,10,FALSE,NA,3395
Yes.,40,describer,11,TRUE,NA,3395
"It looks like he's, like, kicking out.",40,describer,12,FALSE,NA,3395
Yep.,39,matcher,13,TRUE,NA,3395
Okay.,39,matcher,14,TRUE,NA,3395
Woo!,39,matcher,15,TRUE,NA,3395
I got it!,39,matcher,16,TRUE,NA,3395
"Good job, yes.",39,matcher,17,TRUE,NA,3395
"Okay, this one is sort of, it's like a long rectangle person, diamond head again.",40,describer,1,FALSE,NA,3396
There's an upside down trapezoid on the left side.,40,describer,2,FALSE,NA,3396
It almost looks like it's kind of like a candle.,40,describer,3,FALSE,NA,3396
It looks like the body is a sort of candle.,40,describer,4,FALSE,NA,3396
There's a diamond head.,40,describer,5,FALSE,NA,3396
Does it look like a little bit of like a toilet?,39,matcher,6,FALSE,NA,3396
Like a fancy toilet?,39,matcher,7,FALSE,NA,3396
Sorry.,40,describer,8,TRUE,NA,3396
"Um, yeah.",40,describer,9,TRUE,NA,3396
Okay.,40,describer,10,TRUE,NA,3396
"Okay, this definitely just looks like a man on the walk.",40,describer,1,FALSE,NA,3397
"He's walking, and he's walking to the left.",40,describer,2,FALSE,NA,3397
Okay.,39,matcher,3,TRUE,NA,3397
"Um, okay.",39,matcher,4,TRUE,NA,3397
"Wait, but it's not the guy with the arm pointed out to the right.",40,describer,5,FALSE,NA,3397
It's the guy with it pointed out to the left.,40,describer,6,FALSE,NA,3397
It looks like he's taking a big step forward.,40,describer,7,FALSE,NA,3397
Yes.,40,describer,8,TRUE,NA,3397
"Okay, this looks like two diamonds stacked on top of each other.",40,describer,1,FALSE,NA,3398
On the top is a rectangle.,40,describer,2,FALSE,NA,3398
"Okay, it's like a double dreidel.",39,matcher,3,FALSE,NA,3398
Yes.,40,describer,4,TRUE,NA,3398
Okay.,40,describer,5,TRUE,NA,3398
"Um, this is sort of like, it's like a coffee table that's been flipped upside down on the right, and then attached to the flipped upside down coffee table, there's a triangle on the left.",40,describer,1,FALSE,NA,3399
"So it's a left triangle, and then it's a coffee table.",40,describer,2,FALSE,NA,3399
A left triangle.,40,describer,3,FALSE,NA,3399
Does it sort of look like a measuring device?,39,matcher,4,FALSE,NA,3399
I don't think so.,40,describer,5,FALSE,NA,3399
"Wait, can you describe it again?",39,matcher,6,TRUE,NA,3399
"So in the bottom left of it, it looks like a triangle.",40,describer,7,FALSE,NA,3399
Okay.,39,matcher,8,TRUE,NA,3399
It looks like a triangle with a right angle.,40,describer,9,FALSE,NA,3399
"Attached to the triangle is, like, a long rectangle with two legs pointed out.",40,describer,10,FALSE,NA,3399
"Okay, yes.",39,matcher,11,TRUE,NA,3399
"And, like, is the leg on the right cut off?",39,matcher,12,FALSE,NA,3399
Yeah.,40,describer,13,TRUE,NA,3399
Okay.,40,describer,14,TRUE,NA,3399
This looks like a woman sitting down.,40,describer,1,FALSE,NA,3400
"It looks like she has, like, a cool hat or hairdo on.",40,describer,2,FALSE,NA,3400
"She's, like, sitting down.",40,describer,3,FALSE,NA,3400
Her head is facing downward a little bit.,40,describer,4,FALSE,NA,3400
"Oh, like a big rabbit.",39,matcher,5,FALSE,NA,3400
Yeah.,40,describer,6,TRUE,NA,3400
Okay.,40,describer,7,TRUE,NA,3400
Okay.,40,describer,8,TRUE,NA,3400
"Okay, this looks like really similar to the man walking before.",40,describer,1,FALSE,NA,3401
Remember the man taking a big step forward?,40,describer,2,FALSE,NA,3401
Yeah.,39,matcher,3,TRUE,NA,3401
"It's super similar to that, except for he's pointing to the right.",40,describer,4,FALSE,NA,3401
Pointing to the right.,40,describer,5,FALSE,NA,3401
"Okay, like he has a triangle pointed to the right.",40,describer,6,FALSE,NA,3401
Mm-hmm.,39,matcher,7,TRUE,NA,3401
Okay.,39,matcher,8,TRUE,NA,3401
"Okay, big arrow house next to it.",40,describer,1,FALSE,NA,3402
Okay.,39,matcher,2,TRUE,NA,3402
"All right, this one sort of looks like somebody sitting down again.",40,describer,1,FALSE,NA,3403
Their feet are on the left side.,40,describer,2,FALSE,NA,3403
On the left side is a sort of trapezoid.,40,describer,3,FALSE,NA,3403
Their feet are on the left side.,40,describer,4,FALSE,NA,3403
"If it was a person sitting down, their feet are on the left side, and their head is...",40,describer,5,FALSE,NA,3403
"Oh, like they sort of have, like, wings.",39,matcher,6,FALSE,NA,3403
"Yes, exactly.",40,describer,7,TRUE,NA,3403
Okay.,39,matcher,8,TRUE,NA,3403
"Oh, damn.",39,matcher,9,TRUE,NA,3403
Sorry.,39,matcher,10,TRUE,NA,3403
"No, no, no, I see what you mean.",39,matcher,11,TRUE,NA,3403
"Okay, this looks like somebody kneeling and maybe reading a book.",40,describer,1,FALSE,NA,3404
There's a triangle.,40,describer,2,FALSE,NA,3404
They have like a little leaf head.,40,describer,3,FALSE,NA,3404
That one.,39,matcher,4,TRUE,NA,3404
A what head?,39,matcher,5,TRUE,NA,3404
Like a little leaf on their head.,40,describer,6,FALSE,NA,3404
No.,40,describer,7,TRUE,NA,3404
Just a diamond head?,39,matcher,8,FALSE,NA,3404
"No, it's not the one with the book, sort of.",40,describer,9,FALSE,NA,3404
It's a diamond head.,40,describer,10,FALSE,NA,3404
Okay.,40,describer,11,TRUE,NA,3404
And it looks like they're like offering something out with their arms.,40,describer,12,FALSE,NA,3404
"Oh, I see it.",39,matcher,13,TRUE,NA,3404
Okay.,39,matcher,14,TRUE,NA,3404
And their feet are going up behind them.,39,matcher,15,FALSE,NA,3404
Yep.,40,describer,16,TRUE,NA,3404
okay this is like long rec long chimney kind of on the left long chimney not on the right on the left it looks like chimney,40,describer,1,FALSE,NA,3405
i said chimney,40,describer,2,FALSE,NA,3405
oh chimney,39,matcher,3,FALSE,NA,3405
but not not the house not the house,40,describer,4,FALSE,NA,3405
oh it's okay sorry i'm sorry i'm describing yeah sorry,39,matcher,5,TRUE,NA,3405
okay somebody flying or falling it looks like their arms are out to their sides diamond head,40,describer,1,FALSE,NA,3406
okay,40,describer,2,TRUE,NA,3406
like an angel yep okay okay,40,describer,3,FALSE,NA,3406
two trapezoids on either side um and a long kind of rectangle,40,describer,1,FALSE,NA,3407
"Oh, yeah.",39,matcher,2,TRUE,NA,3407
Does it sort of look like the fountain in the... Yeah.,40,describer,3,FALSE,NA,3407
Okay.,39,matcher,4,TRUE,NA,3407
"Okay, it's like a big sort of parallelogram on the top, and then on the bottom, a long rectangle on the left is coming out of it.",40,describer,1,FALSE,NA,3408
Big parallelogram on the top.,40,describer,2,FALSE,NA,3408
"It's mostly a parallelogram, and then... A parallelogram's like a diamond, right?",40,describer,3,FALSE,NA,3408
"Um, it's like...",40,describer,4,TRUE,NA,3408
I think it's like two parallel lines...,40,describer,5,FALSE,NA,3408
"It's like a rectangle that's... Oh, yeah, oh, never mind.",40,describer,6,FALSE,NA,3408
But it's the one where the long rectangle is coming out of the bottom left of it.,40,describer,7,FALSE,NA,3408
"Wait, can you describe it again?",39,matcher,8,TRUE,NA,3408
"Yeah, so it's the parallelogram, and then toward the bottom left corner of the parallelogram, a long rectangle is coming out of it.",40,describer,9,FALSE,NA,3408
And then does it curve back in?,39,matcher,10,FALSE,NA,3408
Yeah.,40,describer,11,TRUE,NA,3408
"It's like a door handle, right?",39,matcher,12,FALSE,NA,3408
Yeah.,40,describer,13,TRUE,NA,3408
Okay.,40,describer,14,TRUE,NA,3408
"Okay, this looks like a man riding a horse or, like, a dog.",40,describer,1,FALSE,NA,3409
"Okay, is he looking down?",39,matcher,2,FALSE,NA,3409
Yep.,40,describer,3,TRUE,NA,3409
Okay.,40,describer,4,TRUE,NA,3409
"Alright, this looks like a man reclining with his knees bent.",40,describer,1,FALSE,NA,3410
He's looking down and to the left.,40,describer,2,FALSE,NA,3410
He looks like what?,39,matcher,3,TRUE,NA,3410
A man reclining with his knees bent.,40,describer,4,FALSE,NA,3410
He's looking down and to the left.,40,describer,5,FALSE,NA,3410
"Oh, okay.",40,describer,6,TRUE,NA,3410
And he looks sorta sad.,40,describer,7,FALSE,NA,3410
Yeah.,40,describer,8,TRUE,NA,3410
Okay.,40,describer,9,TRUE,NA,3410
"Okay, house, chimney on the right.",40,describer,1,FALSE,NA,3411
Big chimney?,39,matcher,2,FALSE,NA,3411
"Yep, the one that you picked up.",40,describer,3,FALSE,NA,3411
Okay.,40,describer,4,TRUE,NA,3411
"Okay, this looks like a person, and on their left side it's all straight.",40,describer,1,FALSE,NA,3412
"Like, their body is straight on the left, and then on the right it's like sort of curved.",40,describer,2,FALSE,NA,3412
It's like all angular on the right.,40,describer,3,FALSE,NA,3412
And their head is a diamond.,40,describer,4,FALSE,NA,3412
"Is it two, wait, say it again?",39,matcher,5,FALSE,NA,3412
"So diamond head, but then the body is weird.",40,describer,6,FALSE,NA,3412
"On the left, it's straight.",40,describer,7,FALSE,NA,3412
"Okay, yeah, yeah, yeah.",40,describer,8,TRUE,NA,3412
"Okay, this looks like",40,describer,1,TRUE,NA,3413
It's like an upside down trapezoid with two arms sticking out of it.,40,describer,2,FALSE,NA,3413
"Oh yeah, like a little upside down crab.",39,matcher,3,FALSE,NA,3413
Yeah.,40,describer,4,TRUE,NA,3413
Okay.,40,describer,5,TRUE,NA,3413
Okay.,40,describer,6,TRUE,NA,3413
"This is sort of like if you had a line that pointed from one corner to the other corner, the top left to the, it's like only in the middle, it's like slices the image in half.",40,describer,1,FALSE,NA,3414
Let me describe it better.,40,describer,2,TRUE,NA,3414
"It looks like an animal kind of, there's a triangle at the top, then a trapezoid, then a parallelogram, then another triangle, and it goes from the top left to the bottom right.",40,describer,3,FALSE,NA,3414
"Just think of something that's mostly,",40,describer,4,FALSE,NA,3414
a line from the top left to the bottom right,40,describer,5,FALSE,NA,3414
i guess,40,describer,6,FALSE,NA,3414
oh it looks like an like like its neck is stretched out sort of kind of,40,describer,7,FALSE,NA,3414
can you describe what you're thinking,39,matcher,8,FALSE,NA,3414
okay so the top left is like a triangle,40,describer,9,FALSE,NA,3414
yeah okay,39,matcher,10,FALSE,NA,3414
and then the bottom right is like a another part of a triangle is also sticking out a right,40,describer,11,FALSE,NA,3414
A right triangle.,40,describer,12,FALSE,NA,3414
Yeah.,39,matcher,13,TRUE,NA,3414
90 degree.,40,describer,14,FALSE,NA,3414
"This looks like somebody who, like, tripped and is falling forward.",40,describer,1,FALSE,NA,3415
Diamond head.,40,describer,2,FALSE,NA,3415
"It looks like they have a tail, almost, and the tail is an upside down triangle.",40,describer,3,FALSE,NA,3415
Tripped and is falling forward.,40,describer,4,FALSE,NA,3415
Yeah.,40,describer,5,TRUE,NA,3415
"Which, diamond head.",40,describer,6,FALSE,NA,3415
Diamond head.,40,describer,7,FALSE,NA,3415
"Their body is like, it's like a rectangle that's pointed to the right, and they have a tail.",40,describer,8,FALSE,NA,3415
A rectangle.,40,describer,9,FALSE,NA,3415
Look for a diamond head that's sort of off-center to the right.,40,describer,10,FALSE,NA,3415
A diamond head off-center to the right.,40,describer,11,FALSE,NA,3415
Off-center to the right?,39,matcher,12,FALSE,NA,3415
Oh!,40,describer,13,TRUE,NA,3415
And a triangle for a tail.,40,describer,14,FALSE,NA,3415
Triangle for a tail.,40,describer,15,FALSE,NA,3415
Like the end of the tail is an upside-down triangle?,39,matcher,16,FALSE,NA,3415
The tail is an upside down triangle.,40,describer,17,FALSE,NA,3415
"Okay, it sort of looks like a little creature holding a flag behind it too, right?",39,matcher,18,FALSE,NA,3415
I'm just gonna go with it.,39,matcher,19,TRUE,NA,3415
"Oh, never mind.",39,matcher,20,TRUE,NA,3415
"Okay, this looks like somebody whose knees are bent to the right and they are holding out something.",40,describer,1,FALSE,NA,3416
Knees are bent to the right.,40,describer,2,FALSE,NA,3416
"And it's similar to what we've done before, but its back is straight.",40,describer,3,FALSE,NA,3416
"Its back is straight, yeah.",40,describer,4,FALSE,NA,3416
"Okay, this looks like a dog.",40,describer,1,FALSE,NA,3417
"It's, like, running to the left, and it's carrying, like, a desktop computer on its back.",40,describer,2,FALSE,NA,3417
Um...,40,describer,3,TRUE,NA,3417
a dog running to the left,40,describer,4,FALSE,NA,3417
you said,39,matcher,5,TRUE,NA,3417
yeah does it sort of look like a llama skipping to the left,39,matcher,6,FALSE,NA,3417
i wouldn't say it looks like a llama its neck isn't super long,40,describer,7,FALSE,NA,3417
it looks like it looks like a dog it's not the llama it's,40,describer,8,FALSE,NA,3417
look for it has a parallelogram and a square it's carrying on its back,40,describer,9,FALSE,NA,3417
wait is its back,39,matcher,10,FALSE,NA,3417
Does it... it has a... a dog?,39,matcher,11,FALSE,NA,3417
"I think it looks like a dog, but let me describe it in a different way then.",40,describer,12,FALSE,NA,3417
"Oh wait, does it sort of look like... oh, I know what you're talking about.",40,describer,13,TRUE,NA,3417
"So it sort of looks like the other one where someone was riding on the dog, except there's a gap between the person and the thing that it's riding.",40,describer,14,FALSE,NA,3417
"Yeah, to me it looks like a keyboard and a desktop screen on its back.",39,matcher,15,FALSE,NA,3417
Is the tail a triangle?,39,matcher,16,FALSE,NA,3417
Yep.,40,describer,17,TRUE,NA,3417
Okay.,40,describer,18,TRUE,NA,3417
Okay.,40,describer,19,TRUE,NA,3417
Diamond head.,40,describer,1,FALSE,NA,3418
Underneath the diamond head is a triangle pointing up.,40,describer,2,FALSE,NA,3418
"And the body is like a long, horizontal shape.",40,describer,3,FALSE,NA,3418
Diamond head.,40,describer,4,FALSE,NA,3418
It looks like somebody sitting down to meditate with their knees out to either side.,40,describer,5,FALSE,NA,3418
"Okay, or like a secretary behind a desk.",39,matcher,6,FALSE,NA,3418
Exactly.,40,describer,7,TRUE,NA,3418
Okay.,40,describer,8,TRUE,NA,3418
"Okay, there's a lot going on in this one.",40,describer,1,FALSE,NA,3419
"There's two fragmented triangles, kind of.",40,describer,2,FALSE,NA,3419
Does it look like it's playing hacky sack?,39,matcher,3,FALSE,NA,3419
I don't know.,40,describer,4,TRUE,NA,3419
Like juggling something on its knee?,39,matcher,5,FALSE,NA,3419
Yep.,40,describer,6,TRUE,NA,3419
Okay.,40,describer,7,TRUE,NA,3419
It's like a diamond head.,40,describer,1,FALSE,NA,3420
The body is beneath the triangle head.,40,describer,2,FALSE,NA,3420
The body just looks like one big mass.,40,describer,3,FALSE,NA,3420
"Okay, they're like solemn.",39,matcher,4,FALSE,NA,3420
Yeah.,39,matcher,5,TRUE,NA,3420
Okay.,39,matcher,6,TRUE,NA,3420
Okay.,39,matcher,7,TRUE,NA,3420
That one's sort of creepy.,40,describer,1,FALSE,NA,3421
I don't mind.,40,describer,2,TRUE,NA,3421
"Yeah, it is creepy.",40,describer,3,FALSE,NA,3421
"Okay, this one is one that you accidentally chose before.",40,describer,4,FALSE,NA,3421
It looks like some kind of dinosaur with a flag that it's carrying behind its back.,40,describer,5,FALSE,NA,3421
Okay.,40,describer,6,TRUE,NA,3421
I feel like we're doing really good.,40,describer,7,TRUE,NA,3421
"Yeah, this is fun.",40,describer,8,TRUE,NA,3421
"Okay, this looks like the Sphinx.",40,describer,1,FALSE,NA,3422
Like a what?,39,matcher,2,TRUE,NA,3422
Sphinx.,40,describer,3,FALSE,NA,3422
A sphinx.,40,describer,4,FALSE,NA,3422
In Egypt or something.,40,describer,5,FALSE,NA,3422
"Oh, yes.",39,matcher,6,TRUE,NA,3422
Okay.,39,matcher,7,TRUE,NA,3422
"Or like one of those long-necked dinosaurs, right?",39,matcher,8,FALSE,NA,3422
Yep.,40,describer,9,TRUE,NA,3422
Okay.,40,describer,10,TRUE,NA,3422
"Okay, this looks like a man offering something out to his left.",40,describer,1,FALSE,NA,3423
He looks like he's begging or offering.,40,describer,2,FALSE,NA,3423
His arms are out to his left.,40,describer,3,FALSE,NA,3423
"Okay, and he has, like, a robe on that's, like, like, like his, it, like... His body looks like the shape of a candle.",40,describer,4,FALSE,NA,3423
"With his arms out, is there, like, a droop below him, like a square?",39,matcher,5,FALSE,NA,3423
Yes.,40,describer,6,TRUE,NA,3423
"Okay, this looks like somebody who's a hunchback.",40,describer,1,FALSE,NA,3424
Her head is a triangle to the left.,40,describer,2,FALSE,NA,3424
Her back is bent to the left.,40,describer,3,FALSE,NA,3424
Her head is a triangle to the left.,40,describer,4,FALSE,NA,3424
"She looks like she's stooped over to the left, but she's standing.",40,describer,5,FALSE,NA,3424
"Oh, does it look like she sort of has like a little book at the bottom?",39,matcher,6,FALSE,NA,3424
Yeah.,40,describer,7,TRUE,NA,3424
"Okay, this is like somebody figure skating or doing a dance move.",40,describer,1,FALSE,NA,3425
"Oh, yeah, yeah, yeah.",40,describer,2,TRUE,NA,3425
"Okay, this is somebody with their arms out, stretched, and she's sitting down, her knees are on the floor, and...",40,describer,1,FALSE,NA,3426
"Her feet are behind her to the left, and her arms are out.",40,describer,2,FALSE,NA,3426
"She looks like she's flying, sort of, but she's sitting down.",40,describer,3,FALSE,NA,3426
"Like, she's, like, dancing almost.",40,describer,4,FALSE,NA,3426
"Like, expressively.",40,describer,5,FALSE,NA,3426
"Yeah, but her knees are on the ground.",40,describer,6,FALSE,NA,3426
"Oh, whoops.",40,describer,7,TRUE,NA,3426
Wrong one.,40,describer,8,TRUE,NA,3426
It's okay.,40,describer,9,TRUE,NA,3426
"Oh, I feel like we did that one before.",40,describer,1,FALSE,NA,3427
"Okay, this looks like a guy with a top hat.",40,describer,2,FALSE,NA,3427
He's wearing a top hat.,40,describer,3,FALSE,NA,3427
He has a parallelogram on the right.,40,describer,4,FALSE,NA,3427
"Oh, yeah, yeah, yeah, yeah.",40,describer,5,TRUE,NA,3427
I see him.,40,describer,6,TRUE,NA,3427
Nice.,40,describer,7,TRUE,NA,3427
"Okay, this is the llama from before.",40,describer,1,FALSE,NA,3428
It's a dog long neck.,40,describer,2,FALSE,NA,3428
"Dog, long neck, like skipping.",40,describer,3,FALSE,NA,3428
The front leg is longer.,40,describer,4,FALSE,NA,3428
"Yeah, he's super happy.",40,describer,5,TRUE,NA,3428
Okay.,40,describer,6,TRUE,NA,3428
"Okay, this looks like somebody with their arms up.",40,describer,1,FALSE,NA,3429
Their arms are sort of like triangles that point up.,40,describer,2,FALSE,NA,3429
Their head is like a triangle.,40,describer,3,FALSE,NA,3429
Does it sort of look like a flower?,39,matcher,4,FALSE,NA,3429
Yeah.,40,describer,5,TRUE,NA,3429
Okay.,40,describer,6,TRUE,NA,3429
Like a big claw.,40,describer,7,FALSE,NA,3429
Nice.,40,describer,8,TRUE,NA,3429
Yeah.,40,describer,9,TRUE,NA,3429
That's what I thought of when they showed it to us.,40,describer,10,TRUE,NA,3429
"Okay, so this looks like sort of like a swan facing the right, and it has a little triangle tail.",39,describer,1,FALSE,NA,3430
A triangle tail on the bottom left?,40,matcher,2,FALSE,NA,3430
"Yeah, on the bottom left.",39,describer,3,FALSE,NA,3430
"And it's like, it's almost like it's pooping it out.",39,describer,4,FALSE,NA,3430
"Okay, this is the prayer person offering something up, but to the right.",39,describer,1,FALSE,NA,3431
"They're slightly kneeling, and they have a diamond head.",39,describer,2,FALSE,NA,3431
"Okay, this is the dog with the Dell computer on its back.",39,describer,1,FALSE,NA,3432
"Okay, this is, like... We got this one wrong last time.",39,describer,1,FALSE,NA,3433
"To me, it looks like...",39,describer,2,FALSE,NA,3433
"So there's an upside-down triangle on the left, and a man with a diamond head, and it looks like he's holding out, like, a wine chalice.",39,describer,3,FALSE,NA,3433
"Um, I don't know what... What's a wine chalice?",40,matcher,4,FALSE,NA,3433
"Or, it's like, it's like, just like a, like a fancy wine glass thing.",39,describer,5,FALSE,NA,3433
"Oh, okay, let me...",40,matcher,6,TRUE,NA,3433
"But, like, and then...",40,matcher,7,TRUE,NA,3433
"Okay, wait, let me try something different.",39,describer,8,TRUE,NA,3433
"Okay, so there's...",39,describer,9,TRUE,NA,3433
An upside down triangle on the left.,39,describer,10,FALSE,NA,3433
On the left?,40,matcher,11,FALSE,NA,3433
Yeah.,39,describer,12,TRUE,NA,3433
Is it like a tail or no?,40,matcher,13,FALSE,NA,3433
"Okay, so in the top right-ish is the diamond, right?",40,matcher,14,FALSE,NA,3433
Okay.,39,describer,15,TRUE,NA,3433
And then below that is like a big triangle that then leads to the left of that triangle is a smaller upside down triangle.,39,describer,16,FALSE,NA,3433
Okay.,40,matcher,17,TRUE,NA,3433
Okay.,40,matcher,18,TRUE,NA,3433
I see what you mean with the wine glass.,40,matcher,19,FALSE,NA,3433
"Vaguely, right?",39,describer,20,TRUE,NA,3433
Yeah.,40,matcher,21,TRUE,NA,3433
"Okay, so this person is offering something up.",39,describer,1,FALSE,NA,3434
It's the person with the feet behind them offering something up.,39,describer,2,FALSE,NA,3434
Is she kneeling?,40,matcher,3,FALSE,NA,3434
"Yeah, she's kneeling.",39,describer,4,FALSE,NA,3434
Are her feet kicked up?,40,matcher,5,FALSE,NA,3434
"Yeah, her feet are kicked up.",39,describer,6,FALSE,NA,3434
Okay.,39,describer,7,TRUE,NA,3434
"Okay, sad bunny rabbit.",39,describer,1,FALSE,NA,3435
"Oh, sorry, sorry.",40,matcher,2,TRUE,NA,3435
"Oh, oh, I didn't mean to click that.",40,matcher,3,TRUE,NA,3435
"That's so, I'm sorry.",40,matcher,4,TRUE,NA,3435
"No, no, no, no worries.",40,matcher,5,TRUE,NA,3435
"Sorry, I threw you off.",40,matcher,6,TRUE,NA,3435
"I knew what you, no, I knew what you meant.",40,matcher,7,TRUE,NA,3435
"I just, my, yeah, trigger finger.",40,matcher,8,TRUE,NA,3435
Yeah.,40,matcher,9,TRUE,NA,3435
"Okay, the flying angel.",39,describer,1,FALSE,NA,3436
The what?,40,matcher,2,TRUE,NA,3436
"The, like, flying man.",39,describer,3,FALSE,NA,3436
"Like, jumping man with the wings or his arms out.",39,describer,4,FALSE,NA,3436
Okay.,40,matcher,5,TRUE,NA,3436
You ever see Mad Men?,39,describer,6,FALSE,NA,3436
No.,40,matcher,7,TRUE,NA,3436
No.,40,matcher,8,TRUE,NA,3436
"Wait, I've seen the first season.",40,matcher,9,FALSE,NA,3436
"Okay, sorry, it looks like a scene from Mad Men.",39,describer,10,FALSE,NA,3436
Like the opening credits when he's falling off the building.,39,describer,11,FALSE,NA,3436
Oh.,40,matcher,12,TRUE,NA,3436
Oh.,40,matcher,13,TRUE,NA,3436
"Okay, happy llama.",39,describer,1,FALSE,NA,3437
"Sorry, sorry, sorry.",40,matcher,2,TRUE,NA,3437
Happy dog llama.,39,describer,3,FALSE,NA,3437
"Okay, the sculpture in the fountain, like the two trapezoids with the long middle.",39,describer,1,FALSE,NA,3438
Um... Like the one that we said looks like...,39,describer,2,TRUE,NA,3438
"Yes, got it.",40,matcher,3,TRUE,NA,3438
"Okay, the double dreidel.",39,describer,1,FALSE,NA,3439
"Okay, the hunchback woman with the book.",39,describer,1,FALSE,NA,3440
"Okay, the house with the up arrow.",39,describer,1,FALSE,NA,3441
"Okay, the door handle.",39,describer,1,FALSE,NA,3442
"Okay, the woman, like, running with her upside-down triangle foot at the bottom right.",39,describer,1,FALSE,NA,3443
"Wait, I'm so sorry.",40,matcher,2,TRUE,NA,3443
"Um, okay.",40,matcher,3,TRUE,NA,3443
"Wait, what?",40,matcher,4,TRUE,NA,3443
"Sorry, I just laughed.",40,matcher,5,TRUE,NA,3443
"Oh, no worries.",40,matcher,6,TRUE,NA,3443
"Okay, like the little man with the flag on his shoulder behind him.",39,describer,1,FALSE,NA,3444
Got it.,40,matcher,2,TRUE,NA,3444
"Um, like the dog looking left that we also call the dinosaur.",39,describer,1,FALSE,NA,3445
"Um, the Sphinx-like one?",40,matcher,2,FALSE,NA,3445
"Oh, yeah, yeah, yeah, that's what I meant.",39,describer,3,FALSE,NA,3445
Sorry.,39,describer,4,TRUE,NA,3445
That's alright.,39,describer,5,TRUE,NA,3445
"Okay, the person, diamond head, looking to the left, looking down, sitting on the floor.",39,describer,1,FALSE,NA,3446
With his knees up.,39,describer,2,FALSE,NA,3446
"Um, I forgot how we describe this.",39,describer,1,FALSE,NA,3447
"Oh, like the triangle with the upside down table.",39,describer,2,FALSE,NA,3447
"Okay, um, the fountain.",40,describer,1,FALSE,NA,3448
The fountain?,39,matcher,2,FALSE,NA,3448
"Oh, oh, I forgot that I'm doing it.",40,describer,3,TRUE,NA,3448
Okay.,40,describer,4,TRUE,NA,3448
Dog with the computer on its back.,40,describer,1,FALSE,NA,3449
Double dreidel.,40,describer,1,FALSE,NA,3450
"Wow, we have a whole code.",39,matcher,2,TRUE,NA,3450
"I know, we're getting better.",39,matcher,3,TRUE,NA,3450
"Um, guy with a flag.",40,describer,1,FALSE,NA,3451
On his back.,40,describer,2,FALSE,NA,3451
Mhm.,40,describer,3,TRUE,NA,3451
um falling down woman falling,40,describer,1,FALSE,NA,3452
oh sorry with the wings wings with the wings,40,describer,2,FALSE,NA,3452
yep okay,40,describer,3,TRUE,NA,3452
um i forget how we describe this it's like a kind of bird,40,describer,1,FALSE,NA,3453
Its head is on the right.,40,describer,2,FALSE,NA,3453
It's like a swan.,40,describer,3,FALSE,NA,3453
And on the left is like a parallelogram pointed to the left.,40,describer,4,FALSE,NA,3453
It has two triangle feet.,40,describer,5,FALSE,NA,3453
I would say it has a long neck and its beak is pointed downward.,40,describer,6,FALSE,NA,3453
Did I say that it pooped?,39,matcher,7,FALSE,NA,3453
What?,40,describer,8,FALSE,NA,3453
Did I say that it pooped?,39,matcher,9,FALSE,NA,3453
I don't remember.,40,describer,10,FALSE,NA,3453
I don't know if that's this one.,40,describer,11,FALSE,NA,3453
It might be this one.,40,describer,12,FALSE,NA,3453
"Okay, is it looking to the right?",39,matcher,13,FALSE,NA,3453
Mm-hmm.,40,describer,14,FALSE,NA,3453
Is this the one with the poop?,39,matcher,15,FALSE,NA,3453
Yeah.,40,describer,16,TRUE,NA,3453
Okay.,40,describer,17,TRUE,NA,3453
Okay.,40,describer,18,TRUE,NA,3453
"This one just looks like a parallel... Oh, door handle.",40,describer,1,FALSE,NA,3454
Huh?,39,matcher,2,TRUE,NA,3454
Door handle.,40,describer,3,FALSE,NA,3454
"Oh, okay.",39,matcher,4,TRUE,NA,3454
Okay.,39,matcher,5,TRUE,NA,3454
"Woman sitting down, feet kicked up, offering something to the right.",40,describer,1,FALSE,NA,3455
Okay.,39,matcher,2,TRUE,NA,3455
We did it last round.,40,describer,3,TRUE,NA,3455
Roger that.,39,matcher,4,TRUE,NA,3455
"This looks like somebody... Wine chalice, wine chalice.",40,describer,1,FALSE,NA,3456
"Oh, okay.",39,matcher,2,TRUE,NA,3456
"Like, you know what I mean?",40,describer,3,TRUE,NA,3456
Like an altar boy?,39,matcher,4,FALSE,NA,3456
Kind of.,40,describer,5,FALSE,NA,3456
"Like, that drapery on the arm.",39,matcher,6,FALSE,NA,3456
Yeah.,40,describer,7,TRUE,NA,3456
"Um, coffee table that's been picked up, triangle on the arm.",40,describer,1,FALSE,NA,3457
Okay.,39,matcher,2,TRUE,NA,3457
You're on that one.,40,describer,3,TRUE,NA,3457
"Yeah, it was pretty close to me.",39,matcher,4,TRUE,NA,3457
I gotta admit.,39,matcher,5,TRUE,NA,3457
Okay.,39,matcher,6,TRUE,NA,3457
Sphinx.,40,describer,1,FALSE,NA,3458
"Oh my god, we're gonna get a perfect score.",39,matcher,2,TRUE,NA,3458
"Um, this looks like the woman has a foot on the right that's an upside-down triangle.",40,describer,1,FALSE,NA,3459
She has a diamond head.,40,describer,2,FALSE,NA,3459
"She's, like, she's, like, freaking out.",40,describer,3,FALSE,NA,3459
"Okay, I'm sorry.",39,matcher,4,TRUE,NA,3459
I don't know.,39,matcher,5,TRUE,NA,3459
Try not to make me laugh.,39,matcher,6,TRUE,NA,3459
"Okay, sorry.",39,matcher,7,TRUE,NA,3459
"Okay, um, happy, um...",40,describer,1,FALSE,NA,3460
What?,39,matcher,2,FALSE,NA,3460
"Oh, happy llama.",40,describer,3,FALSE,NA,3460
Is that what you said?,39,matcher,4,TRUE,NA,3460
Mm-hmm.,39,matcher,5,TRUE,NA,3460
Arrow house.,40,describer,1,FALSE,NA,3461
Arrow house.,40,describer,2,FALSE,NA,3461
"Stooped over, book on the bottom.",40,describer,1,FALSE,NA,3462
"Uh, the hunchback?",39,matcher,2,FALSE,NA,3462
Mhm.,40,describer,3,TRUE,NA,3462
"Or she's, like, seductively picking up a book after dropping it.",40,describer,4,FALSE,NA,3462
Mhm.,39,matcher,5,TRUE,NA,3462
"Sorry, I'll stop.",40,describer,6,TRUE,NA,3462
Bunny rabbit.,40,describer,1,FALSE,NA,3463
Okay.,39,matcher,2,TRUE,NA,3463
You said this man looked sad when I first described him.,40,describer,1,FALSE,NA,3464
"He's sitting down, reclining.",40,describer,2,FALSE,NA,3464
He's looking to the left.,40,describer,3,FALSE,NA,3464
He's facing a little downward.,40,describer,4,FALSE,NA,3464
"Okay, maybe he's just pensive.",40,describer,5,FALSE,NA,3464
I think he's just taking a break after a long day.,40,describer,6,TRUE,NA,3464
"Yeah, you're right.",40,describer,7,TRUE,NA,3464
Maybe he's taking a little relaxing nap.,40,describer,8,TRUE,NA,3464
He takes a breather in the sun.,40,describer,9,TRUE,NA,3464
You're so right.,40,describer,10,TRUE,NA,3464
"This woman, her knees are bent, and...",40,describer,1,FALSE,NA,3465
the person is offering something to the right.,40,describer,2,FALSE,NA,3465
"Like, offering, like, a book or, like, something.",40,describer,3,FALSE,NA,3465
"Okay, but not ticked up.",39,matcher,4,FALSE,NA,3465
No.,40,describer,5,FALSE,NA,3465
"Okay, um, woman offering something up to the right without her feet ticked up.",39,describer,1,FALSE,NA,3466
"Like, half-bending.",39,describer,2,FALSE,NA,3466
"Uh, the sculpture in the fountain.",39,describer,1,FALSE,NA,3467
Door handle.,39,describer,1,FALSE,NA,3468
"Uh, woman kneeling with feet ticked up.",39,describer,1,FALSE,NA,3469
"Um, like, the woman, like, actually we called him a sad man, but then we decided he was pensive.",39,describer,1,FALSE,NA,3470
"Uh, person with the wings, like jumping, Mad Men.",39,describer,1,FALSE,NA,3471
"Uh, Arrow House.",39,describer,1,FALSE,NA,3472
"Uh, Sphinx.",39,describer,1,FALSE,NA,3473
I said she was freaking out.,39,describer,1,FALSE,NA,3474
"Upside down triangle, bottom right.",39,describer,2,FALSE,NA,3474
Happy dog llama.,39,describer,1,FALSE,NA,3475
Computer on the dog.,39,describer,1,FALSE,NA,3476
Upside down table and a triangle.,39,describer,1,FALSE,NA,3477
The little guy with a flag.,39,describer,1,FALSE,NA,3478
Hunchbacking Woman,39,describer,1,FALSE,NA,3479
Chalice Wineglass,39,describer,1,FALSE,NA,3480
"Uh, double dreidel.",39,describer,1,FALSE,NA,3481
"Um, bunny.",39,describer,1,FALSE,NA,3482
Bunny rabbit.,39,describer,2,FALSE,NA,3482
Swan with the triangle tail.,39,describer,1,FALSE,NA,3483
"Oh, woman kneeling, legs picked up.",40,describer,1,FALSE,NA,3484
Woman freaking out.,40,describer,1,FALSE,NA,3485
I'm going to really try not to laugh at that one.,39,matcher,2,TRUE,NA,3485
"Okay, I'm good.",39,matcher,3,TRUE,NA,3485
Wine Chalice,40,describer,1,FALSE,NA,3486
Sphinx,40,describer,1,FALSE,NA,3487
Flag out behind him.,40,describer,1,FALSE,NA,3488
"Oh, we're doing abbreviations now.",39,matcher,2,TRUE,NA,3488
Hunch back.,40,describer,1,FALSE,NA,3489
Double dreidel.,40,describer,1,FALSE,NA,3490
Dog computer on back.,40,describer,1,FALSE,NA,3491
Swan.,40,describer,1,FALSE,NA,3492
"Okay, door handle.",40,describer,1,FALSE,NA,3493
Upside down coffee table triangle.,40,describer,1,FALSE,NA,3494
contemplative man sitting down.,40,describer,1,FALSE,NA,3495
"Yeah, I like that description more.",39,matcher,2,TRUE,NA,3495
I think I was projecting before.,39,matcher,3,TRUE,NA,3495
Bunny.,40,describer,1,FALSE,NA,3496
"Bent knees, feet not picking up.",40,describer,1,FALSE,NA,3497
Offering something else.,40,describer,2,FALSE,NA,3497
Falling wings.,40,describer,1,FALSE,NA,3498
Fountain.,40,describer,1,FALSE,NA,3499
Mountain?,39,matcher,2,TRUE,NA,3499
"Oh, okay.",39,matcher,3,TRUE,NA,3499
I heard mountain.,39,matcher,4,TRUE,NA,3499
Now I know what you mean.,39,matcher,5,TRUE,NA,3499
Arrow house.,40,describer,1,FALSE,NA,3500
Happy Llama.,40,describer,1,FALSE,NA,3501
What?,39,matcher,2,TRUE,NA,3501
Happy Llama.,40,describer,3,FALSE,NA,3501
"A flagman, little guy.",39,describer,1,FALSE,NA,3502
Arrow house.,39,describer,1,FALSE,NA,3503
Dell Computer Dog,39,describer,1,FALSE,NA,3504
Sphinx,39,describer,1,FALSE,NA,3505
Door Handle,39,describer,1,FALSE,NA,3506
Mad men fly.,39,describer,1,FALSE,NA,3507
Fountain sculpture.,39,describer,1,FALSE,NA,3508
Chalice.,39,describer,1,FALSE,NA,3509
Wine glass.,39,describer,2,FALSE,NA,3509
"Uh, freaking out.",39,describer,1,FALSE,NA,3510
"Uh, praying with the feet tucked up.",39,describer,1,FALSE,NA,3511
"Oh, offering, I mean.",39,describer,2,FALSE,NA,3511
"Like, offering to the right, feet tucked up.",39,describer,3,FALSE,NA,3511
"Uh, bunny?",39,describer,1,FALSE,NA,3512
A swan.,39,describer,1,FALSE,NA,3513
A double dreidel.,39,describer,1,FALSE,NA,3514
Um... Hunchback.,39,describer,1,FALSE,NA,3515
"Uh, Happy Llama.",39,describer,1,FALSE,NA,3516
Uh...,39,describer,2,TRUE,NA,3516
"Half kneel, non feet ticked up, no feet.",39,describer,1,FALSE,NA,3517
A contemplative man.,39,describer,1,FALSE,NA,3518
"Uh, upside down table with a triangle.",39,describer,1,FALSE,NA,3519
Sphinx.,40,describer,1,FALSE,NA,3520
Contemplative man.,40,describer,1,FALSE,NA,3521
Freaking out.,40,describer,1,FALSE,NA,3522
I heard streaking at first.,39,matcher,2,TRUE,NA,3522
Fountain.,40,describer,1,FALSE,NA,3523
What?,39,matcher,2,TRUE,NA,3523
Fountain.,40,describer,3,FALSE,NA,3523
Double dreidel.,40,describer,1,FALSE,NA,3524
Bunny.,40,describer,1,FALSE,NA,3525
What?,39,matcher,2,TRUE,NA,3525
Bunny.,40,describer,3,FALSE,NA,3525
Oh.,39,matcher,4,TRUE,NA,3525
kneeling or offering something not kicking up feet,40,describer,1,FALSE,NA,3526
falling,40,describer,1,FALSE,NA,3527
Wine chalice.,40,describer,1,FALSE,NA,3528
Dog with computer.,40,describer,1,FALSE,NA,3529
Coffee table triangle.,40,describer,1,FALSE,NA,3530
Feet kicked up.,40,describer,1,FALSE,NA,3531
Swan.,40,describer,1,FALSE,NA,3532
Happy Llama.,40,describer,1,FALSE,NA,3533
arrow House.,40,describer,1,FALSE,NA,3534
Barrow Out?,39,matcher,2,TRUE,NA,3534
Arrow house.,40,describer,3,FALSE,NA,3534
Oh.,39,matcher,4,TRUE,NA,3534
"Sorry, what?",39,matcher,5,TRUE,NA,3534
Door handle.,40,describer,1,FALSE,NA,3535
Flag on back.,40,describer,1,FALSE,NA,3536
Hunchback.,40,describer,1,FALSE,NA,3537
"Oh, um, Dell laptop on a whore- on a dog.",39,describer,1,FALSE,NA,3538
"Um, the... Oh, the, like, craning neck, like, triangle on the top left?",39,describer,1,FALSE,NA,3539
It's like a giraffe neck.,39,describer,2,FALSE,NA,3539
Okay.,40,matcher,3,TRUE,NA,3539
Does it look like a chimney?,40,matcher,4,FALSE,NA,3539
Was it the first one that I thought was a chimney that you thought was a chimney?,40,matcher,5,FALSE,NA,3539
"No, it starts in the bottom right and it ends in the top left.",39,describer,6,FALSE,NA,3539
"Oh, got it.",40,matcher,7,TRUE,NA,3539
"Oh, but I can see what you mean with the other one.",40,matcher,8,TRUE,NA,3539
Half kneeling.,39,describer,1,FALSE,NA,3540
Half kneeling.,39,describer,2,FALSE,NA,3540
Offering to the right.,39,describer,3,FALSE,NA,3540
"Half kneel, no tick.",39,describer,4,FALSE,NA,3540
Door handle.,39,describer,1,FALSE,NA,3541
"Um, person on a horse looking down.",39,describer,1,FALSE,NA,3542
I got you.,40,matcher,2,TRUE,NA,3542
This set of pictures is so much weirder than the other set.,40,matcher,3,TRUE,NA,3542
I don't know what you just said.,40,matcher,4,TRUE,NA,3542
It's okay.,40,matcher,5,TRUE,NA,3542
"Um, double dreidel.",39,describer,1,FALSE,NA,3543
"Also, doubles is like a nice perfume bottle.",39,describer,2,FALSE,NA,3543
Mm-hmm.,40,matcher,3,TRUE,NA,3543
"Um, secretary behind a desk.",39,describer,1,FALSE,NA,3544
Got you.,40,matcher,2,TRUE,NA,3544
"Um, it's like a person, like, striking a pose.",39,describer,1,FALSE,NA,3545
"Like, um, okay, so they're in the bottom right, their foot goes out, and it's sharp.",39,describer,2,FALSE,NA,3545
"and they have a diamond head, and on the right, oh.",39,describer,3,FALSE,NA,3545
"Oh shit, I'm sorry.",40,matcher,4,TRUE,NA,3545
"No, no worries.",40,matcher,5,TRUE,NA,3545
"Wait, I thought I clicked that one.",40,matcher,6,TRUE,NA,3545
"Oh wait, no, I see what you're saying.",40,matcher,7,TRUE,NA,3545
I'm sorry.,40,matcher,8,TRUE,NA,3545
"No, no, no, it was, okay, swan.",39,describer,1,FALSE,NA,3546
bunny,39,describer,1,FALSE,NA,3547
um like okay so it's a diamond head and on the left it's just a block and on the right there's like it looks like a trophy or like the goblet of fire,39,describer,1,FALSE,NA,3548
like a like so one side is straight and the other side is jagged yeah like another side is like a base,39,describer,2,FALSE,NA,3548
yeah uh arrow house trusty arrow house,39,describer,1,FALSE,NA,3549
yep i love that one that one's never failed us that one's explicable as hell yum,39,describer,2,TRUE,NA,3549
"Uh, uh, freaking out.",39,describer,1,FALSE,NA,3550
"Um, the diamond head fancy sink.",39,describer,1,FALSE,NA,3552
Oh.,40,matcher,2,TRUE,NA,3552
"Oh, shit.",40,matcher,3,TRUE,NA,3552
I didn't want to say toilet.,39,describer,4,FALSE,NA,3552
I should be asking you follow-up questions.,40,matcher,5,TRUE,NA,3552
My bad.,40,matcher,6,TRUE,NA,3552
"Uh, kneeling with the kick-up feet.",39,describer,1,FALSE,NA,3553
"Um, we said that it was like a, like a flower, or like, um, like a claw.",39,describer,1,FALSE,NA,3554
"Um, uh, leap of faith, flying, jumping.",39,describer,1,FALSE,NA,3555
Like the figure skater?,40,matcher,2,FALSE,NA,3555
"Oh, no, no, no, no, no, like the wings.",39,describer,3,FALSE,NA,3555
"Like, oh, Mad Men, Mad Men.",39,describer,4,FALSE,NA,3555
Oh.,39,describer,5,TRUE,NA,3555
Happy llama.,39,describer,1,FALSE,NA,3556
Happy llama.,39,describer,2,FALSE,NA,3556
"Um, person with their arms at their side.",39,describer,1,FALSE,NA,3557
With the diamond head.,39,describer,2,FALSE,NA,3557
Arms at the side?,40,matcher,3,FALSE,NA,3557
"Like, it's just like their body is just one block.",39,describer,4,FALSE,NA,3557
"Like, diamond, yeah.",39,describer,5,FALSE,NA,3557
"Um, woman on the floor with like wings, like an angel.",39,describer,1,FALSE,NA,3558
"And then on the left, there's like a little triangle foot at the bottom left.",39,describer,2,FALSE,NA,3558
"Uh, flag creature.",39,describer,1,FALSE,NA,3559
Little man.,39,describer,2,FALSE,NA,3559
He's sorta cute.,39,describer,3,TRUE,NA,3559
"Uh, wine chalice.",39,describer,1,FALSE,NA,3560
"Um, contemplative person.",39,describer,1,FALSE,NA,3561
"Um, upside down crab.",39,describer,1,FALSE,NA,3562
"Uh, figure skater with, like, the, like, the zoobs.",39,describer,1,FALSE,NA,3563
"Oh, sorry.",40,matcher,2,TRUE,NA,3563
Sorry.,40,matcher,3,TRUE,NA,3563
"Wait, what happened?",40,matcher,4,TRUE,NA,3563
I crossed my legs.,40,matcher,5,TRUE,NA,3563
"Um, like, um, the person looking to the left, like, holding something out, and then there's, like, a square underneath their arms.",39,describer,1,FALSE,NA,3564
Diamond head.,39,describer,2,FALSE,NA,3564
And then their little feet jut out at the bottom.,39,describer,3,FALSE,NA,3564
"Like, tiny bit.",39,describer,4,FALSE,NA,3564
They're standing.,39,describer,5,FALSE,NA,3564
Describe it again.,40,matcher,6,TRUE,NA,3564
"Okay, so diamond head.",39,describer,7,FALSE,NA,3564
Okay.,39,describer,8,TRUE,NA,3564
They're looking to the left.,39,describer,9,FALSE,NA,3564
"And they're, like, holding their arm out.",39,describer,10,FALSE,NA,3564
"And then underneath their arm, there's, like, a square.",39,describer,11,FALSE,NA,3564
"Are they... Are their legs, like... Is one leg kind of outstretched, like a lunge?",40,matcher,12,FALSE,NA,3564
No.,39,describer,13,TRUE,NA,3564
"It's, like, most of their bodies together, and then at the bottom, there's, like, a tiny little triangle part that's jutting out.",39,describer,14,FALSE,NA,3564
Are they offering something up?,40,matcher,15,FALSE,NA,3564
It seems like it.,39,describer,16,TRUE,NA,3564
"Like, they have their arms out, and then, like, it's as if, like, they're clothed from their whatever they're wearing.",39,describer,17,FALSE,NA,3564
Yeah.,40,matcher,18,TRUE,NA,3564
Thank you.,40,matcher,19,TRUE,NA,3564
Mm-hmm.,40,matcher,20,FALSE,NA,3564
"Um, like, a really expressive dancer.",39,describer,1,FALSE,NA,3565
"Like, and she has a big left leg.",39,describer,2,FALSE,NA,3565
"Like, and then her right leg's a small triangle.",39,describer,3,FALSE,NA,3565
"Upside down triangle, and she has a diamond head.",39,describer,4,FALSE,NA,3565
"And, like, one of her arms, she's looking to the right, and then she's, like, kneeling on her big, chunky leg.",39,describer,5,FALSE,NA,3565
And,39,describer,6,FALSE,NA,3565
Is she sitting down?,40,matcher,7,FALSE,NA,3565
"She's, like, sort of.",39,describer,8,FALSE,NA,3565
"Like, she's kneeling on one knee, and her head is sort of tilted back as if she's, like, looking towards the ceiling.",39,describer,9,FALSE,NA,3565
She has a diamond head?,40,matcher,10,FALSE,NA,3565
Do her arms look like wings?,40,matcher,11,FALSE,NA,3565
"Yeah, a diamond head that almost is, like, situated like a square because she's, like, looking back.",39,describer,12,FALSE,NA,3565
Do her arms look like wings?,40,matcher,13,FALSE,NA,3565
"No, her arms don't look like wings.",39,describer,14,FALSE,NA,3565
"She has, like, one arm that looks like a trapezoid.",39,describer,15,FALSE,NA,3565
"It's like, okay, okay.",39,describer,16,FALSE,NA,3565
"And her middle, um, uh...",39,describer,17,FALSE,NA,3565
"So in the bottom right, there's a triangle.",39,describer,18,FALSE,NA,3565
Okay.,40,matcher,19,TRUE,NA,3565
I think I know which one.,40,matcher,20,TRUE,NA,3565
Yep.,40,matcher,21,TRUE,NA,3565
Woo!,40,matcher,22,TRUE,NA,3565
Thank you.,40,matcher,23,TRUE,NA,3565
um a man it sort of looks like a pedestrian walking sign it's like a man walking to the left and his foot is out,39,describer,1,FALSE,NA,3566
i like this one a lot,39,describer,2,TRUE,NA,3566
me too,40,matcher,3,TRUE,NA,3566
um okay this one you almost thought that it was the giraffe but it's not it looks like a modern chair,39,describer,1,FALSE,NA,3567
it looks like a what,40,matcher,2,TRUE,NA,3567
like a modern chair,39,describer,3,FALSE,NA,3567
And you almost thought that it was the giraffe head.,39,describer,4,FALSE,NA,3567
"Okay, the statue and the fountain.",39,describer,1,FALSE,NA,3568
Okay.,40,matcher,2,TRUE,NA,3568
"Okay, I think we said that this guy was, like, playing hacky sack or juggling.",39,describer,1,FALSE,NA,3569
He has two triangle heads.,39,describer,2,FALSE,NA,3569
"Mm-hmm, I got it.",40,matcher,3,TRUE,NA,3569
I feel like this is the husband of a freaking out woman.,40,matcher,4,TRUE,NA,3569
"Yeah, honestly, they would make a good couple.",39,describer,5,TRUE,NA,3569
Oh my god.,39,describer,6,TRUE,NA,3569
Is that what's good?,39,describer,7,TRUE,NA,3569
Okay.,39,describer,8,TRUE,NA,3569
"Oh, upside down table and triangle.",39,describer,1,FALSE,NA,3570
"Um, big chimney house.",39,describer,1,FALSE,NA,3571
"Um, hunchback woman.",39,describer,1,FALSE,NA,3572
What?,40,matcher,2,TRUE,NA,3572
Hunchback woman.,39,describer,3,FALSE,NA,3572
"Alright, last one, let's go.",39,describer,1,TRUE,NA,3573
"Um, the top hat man.",39,describer,2,FALSE,NA,3573
I like this guy too.,39,describer,3,FALSE,NA,3573
"Yeah, he's like a little fish.",39,describer,4,FALSE,NA,3573
He's like a little traveler to me.,39,describer,5,FALSE,NA,3573
He looks like he has a backpack on.,39,describer,6,FALSE,NA,3573
Or I thought it was like a scuba diver with like flippers.,39,describer,7,FALSE,NA,3573
"Uh, okay, so this is the one with, like, the two, uh, square shapes that are, like, fused together, and then there's, like, a little other square thing that's, like, coming out the top.",42,describer,1,FALSE,NA,3574
"Okay, I think I know which one you mean.",41,matcher,2,FALSE,NA,3574
Does it kind of look like a swan facing left?,41,matcher,3,FALSE,NA,3574
Um...,41,matcher,4,FALSE,NA,3574
"No, not that one, I don't think.",42,describer,5,FALSE,NA,3574
"It's the one with, like...",42,describer,6,FALSE,NA,3574
It's like if you turned two squares with the vertex of each square facing down.,42,describer,7,FALSE,NA,3574
"Oh, like diamonds?",41,matcher,8,FALSE,NA,3574
Yes.,42,describer,9,FALSE,NA,3574
"Oh, I thought of that as a spear pointing downwards.",41,matcher,10,FALSE,NA,3574
Oh.,42,describer,11,TRUE,NA,3574
"Yeah, I guess it kinda looks like that.",42,describer,12,FALSE,NA,3574
"Okay, so two diamonds and a square on top?",41,matcher,13,FALSE,NA,3574
Yes.,42,describer,14,TRUE,NA,3574
Correct.,41,matcher,15,TRUE,NA,3574
Yay.,41,matcher,16,TRUE,NA,3574
"Um, okay, so this one is, like, looks kind of like the weird guy who's, like, leaning back,",42,describer,1,FALSE,NA,3575
"and he has, like, one of his feet, like, pointed outward on one side,",42,describer,2,FALSE,NA,3575
"and then his head is leaning, like, on the other, in the other direction.",42,describer,3,FALSE,NA,3575
Yeah.,41,matcher,4,FALSE,NA,3575
"And then he has, like, a weird cape.",42,describer,5,FALSE,NA,3575
Yeah.,41,matcher,6,TRUE,NA,3575
Um...,42,describer,7,TRUE,NA,3575
If they had more of a square or more of a diamond.,42,describer,8,FALSE,NA,3575
Uh...,42,describer,9,TRUE,NA,3575
"I don't know, really.",42,describer,10,TRUE,NA,3575
It's...,42,describer,11,TRUE,NA,3575
Okay.,41,matcher,12,TRUE,NA,3575
I think this one.,41,matcher,13,TRUE,NA,3575
Yay.,41,matcher,14,TRUE,NA,3575
"Okay, uh...",41,matcher,15,TRUE,NA,3575
This one...,42,describer,1,FALSE,NA,3576
looks it looks a little bit like a rabbit because it's got like two triangles pointing out the right side,42,describer,2,FALSE,NA,3576
and then it's got like a square for like or like kind of a tilted diamond for like,42,describer,3,FALSE,NA,3576
uh yeah for the tail and then the legs are like separated,42,describer,4,FALSE,NA,3576
um is it kind of long looking,41,matcher,5,FALSE,NA,3576
uh it's kind of long in like,42,describer,6,FALSE,NA,3576
the vertical direction.,42,describer,7,FALSE,NA,3576
But not very long.,42,describer,8,FALSE,NA,3576
In the vertical direction.,42,describer,9,FALSE,NA,3576
But it does have a parallelogram head?,41,matcher,10,FALSE,NA,3576
"Uh, yes.",42,describer,11,TRUE,NA,3576
A little bit.,42,describer,12,TRUE,NA,3576
Oh.,41,matcher,13,TRUE,NA,3576
Oh no.,41,matcher,14,TRUE,NA,3576
Oh.,41,matcher,15,TRUE,NA,3576
Okay.,41,matcher,16,TRUE,NA,3576
Yeah.,41,matcher,17,TRUE,NA,3576
"Um, this one's like, it looks like a house, and there's like a really long chimney that's like a really elongated rectangle on the right side.",42,describer,1,FALSE,NA,3577
"Um, this one looks a little bit like a little guy that's, like, has his legs spread apart really, like, widely, but, like, doesn't have arms.",42,describer,1,FALSE,NA,3578
Can you say a little more?,41,matcher,2,FALSE,NA,3578
There's two guys that kind of look like that that appear to be almost mirrors of each other.,41,matcher,3,FALSE,NA,3578
"Uh, could you describe, like, what the two guys look like?",42,describer,4,FALSE,NA,3578
The two guys both have diamond heads.,41,matcher,5,FALSE,NA,3578
Uh-huh.,42,describer,6,TRUE,NA,3578
Both have kind of triangles right below the diamonds.,41,matcher,7,FALSE,NA,3578
Yes.,42,describer,8,TRUE,NA,3578
"And one is kind of leaning to the left, and the other one, it looks a little more balanced.",41,matcher,9,FALSE,NA,3578
He's got a foot kicking out to the left.,41,matcher,10,FALSE,NA,3578
"Uh, I think it's the second one with the foot pointing out to the left.",42,describer,11,FALSE,NA,3578
Good.,41,matcher,12,TRUE,NA,3578
Cool.,41,matcher,13,TRUE,NA,3578
"Uh, this one looks a little bit like a guy that's riding, like, a horse or, like, a dog or something.",42,describer,1,FALSE,NA,3579
"Um, and this is the- I think there's two that look vaguely similar to that,",42,describer,2,FALSE,NA,3579
"but this is the one where, like, his head is, like, pointing down and towards the left, and, like, the body is a triangle instead of a parallelogram.",42,describer,3,FALSE,NA,3579
Okay.,41,matcher,4,TRUE,NA,3579
Yay.,41,matcher,5,TRUE,NA,3579
"Um, so this was, like, the same as the rabbit, but, and you, like, picked it earlier, but it was wrong.",42,describer,1,FALSE,NA,3580
"So it's, like, the one that's kind of, like, uh, the weird dog-shaped thing that's, like, yeah.",42,describer,2,FALSE,NA,3580
"I guess it was, like, that much like a rabbit.",42,describer,3,FALSE,NA,3580
Um...,41,matcher,4,TRUE,NA,3580
This one?,41,matcher,5,TRUE,NA,3580
"I don't know, it looks like a person with his right foot stretched out, but it also looks vaguely like a water fountain if you look at it from a different, like, perspective.",42,describer,1,FALSE,NA,3581
I don't know if that's clear at all.,42,describer,2,FALSE,NA,3581
Diamond head?,41,matcher,3,FALSE,NA,3581
Yes.,42,describer,4,TRUE,NA,3581
"Um, this one looks like a bit of a signpost or, like, a totem pole.",42,describer,1,FALSE,NA,3582
"So it's, like, just a straight, like, thing, stick-like thing sticking out of the ground, and it's got, like, little protrusions on each side.",42,describer,2,FALSE,NA,3582
"I thought of it as, like, barbed wire.",41,matcher,3,FALSE,NA,3582
Oh!,42,describer,4,TRUE,NA,3582
Yeah?,41,matcher,5,TRUE,NA,3582
"Yeah, that's clever.",42,describer,6,TRUE,NA,3582
"This one looks like a guy who's, like, in a half-squatting position, with his, like, arms out.",42,describer,1,FALSE,NA,3583
Does a copper butt look like that?,41,matcher,2,FALSE,NA,3583
Um...,41,matcher,3,TRUE,NA,3583
"This is the one where, uh, the legs are, like, pointed in, like, a chevron kind of shape?",42,describer,4,FALSE,NA,3583
Chevron.,41,matcher,5,FALSE,NA,3583
"Like, if you just look at the legs.",42,describer,6,FALSE,NA,3583
And the arms are like a triangle.,42,describer,7,FALSE,NA,3583
Nice.,42,describer,8,TRUE,NA,3583
"Um, okay, this one's kind of weird.",42,describer,1,FALSE,NA,3584
"When I first saw it, it looked kind of like a bird without a head.",42,describer,2,FALSE,NA,3584
"But it's, like, got this, like, weird claw thing at the front, and then the back is, like, a bit of, like, a triangle kind of shape.",42,describer,3,FALSE,NA,3584
"Oh, I thought, is this one that kind of looks like a crab going up to the upper right?",41,matcher,4,FALSE,NA,3584
"Yeah, a little bit.",42,describer,5,FALSE,NA,3584
"Yeah, I didn't know how to describe it.",42,describer,6,TRUE,NA,3584
"Um, this one looks like a guy who's, like, in a really weird pose who's, like, dragging something along.",42,describer,1,FALSE,NA,3585
"So, like, one of the legs is, like, really long, and then, so on the left there's, like, a leg that's really long, and the right side is, like, a triangle.",42,describer,2,FALSE,NA,3585
"Uh, this one is, like, a bowl, or, like, just, like, a claw of a crab without anything attached to it.",42,describer,1,FALSE,NA,3586
"Okay, this is, like, the other guy doing the weird, like, pose where his legs are spread apart.",42,describer,1,FALSE,NA,3587
"Um, but then he, like, the opening is towards the right.",42,describer,2,FALSE,NA,3587
"Oh, this looks kind of like a priest who's holding out some sort of offering a little bit.",42,describer,1,FALSE,NA,3588
So it looks like he has really long sleeves.,42,describer,2,FALSE,NA,3588
"Um, okay.",41,matcher,3,TRUE,NA,3588
And he's kind of straight up and down for his body and stuff.,42,describer,4,FALSE,NA,3588
Yes.,41,matcher,5,TRUE,NA,3588
This one looks like the house with the palm tree on the left.,42,describer,1,FALSE,NA,3589
"This one looks like the guy who's pretending to fly, so he has his arms out, and it's like his legs aren't shown.",42,describer,1,FALSE,NA,3590
"Um, there's one that's very simple that just looks a bit like a parallelogram, where someone's flying to the top left.",42,describer,2,FALSE,NA,3590
Yes.,41,matcher,3,TRUE,NA,3590
I almost thought that was like a little turtle or something.,41,matcher,4,FALSE,NA,3590
Oh!,42,describer,5,TRUE,NA,3590
Interesting.,42,describer,6,TRUE,NA,3590
It does look like a turtle.,42,describer,7,FALSE,NA,3590
"Um, this one's the one with the square and like a rectangle straight on the left, and I think you called it like a swan earlier.",42,describer,1,FALSE,NA,3591
"Uh, this one's like the other rabbit shape, but the body is mainly a triangle with like another triangle attached to it.",42,describer,1,FALSE,NA,3592
"Oh yeah, like a rabbit sitting down and facing right?",41,matcher,2,FALSE,NA,3592
Yeah.,42,describer,3,FALSE,NA,3592
"Uh, this one looks like some sort of animal that",42,describer,1,FALSE,NA,3593
"- or, like, a dog that's, like, jumping, and his, like, tail looks kind of like a diamond on the right,",42,describer,2,FALSE,NA,3593
"and then his head is, like, facing sort of down, but it's just, like, a very small triangle.",42,describer,3,FALSE,NA,3593
"Uh, is the head in the top left corner?",41,matcher,4,FALSE,NA,3593
Uh...,42,describer,5,TRUE,NA,3593
"I guess you could think of it that way, and then, like, the tail might be on the top, uh, sorry, the, actually...",42,describer,6,FALSE,NA,3593
"I don't know, could you say it again?",41,matcher,7,TRUE,NA,3593
"What are you, how do you describe it?",41,matcher,8,TRUE,NA,3593
"Uh, yeah, sure.",42,describer,9,TRUE,NA,3593
"It's like a dog with its, like, legs up, but, like, depending on which side you're looking at it, there's, like, a diamond on, like, the top right corner, and a triangle on the bottom left corner.",42,describer,10,FALSE,NA,3593
I don't know what that is.,41,matcher,11,TRUE,NA,3593
"Yeah, I really don't know.",42,describer,12,TRUE,NA,3593
Maybe you should keep going.,42,describer,13,TRUE,NA,3593
Is there another way to describe it without it being a dog?,41,matcher,14,FALSE,NA,3593
Let me think.,42,describer,15,TRUE,NA,3593
I'm not sure what else it looks like.,42,describer,16,TRUE,NA,3593
"But on the right side, there's like...",42,describer,17,FALSE,NA,3593
"a diamond shape, and then beneath it is kind of, like, a large triangle, and then that's fused to, like, a parallelogram with, like, triangles coming off of the bottom left side of it.",42,describer,18,FALSE,NA,3593
Oh.,41,matcher,19,TRUE,NA,3593
Oh.,41,matcher,20,TRUE,NA,3593
Yeah.,41,matcher,21,TRUE,NA,3593
Okay.,41,matcher,22,TRUE,NA,3593
"Yeah, that's a tricky one.",41,matcher,23,TRUE,NA,3593
It is.,41,matcher,24,TRUE,NA,3593
I don't know how you would describe it.,41,matcher,25,TRUE,NA,3593
I thought it was someone holding a martini glass.,41,matcher,26,FALSE,NA,3593
Oh.,41,matcher,27,TRUE,NA,3593
Hmm.,41,matcher,28,TRUE,NA,3593
"Um, this one looks like some sort of, like, dinosaur or some sort of bird, and the head is on the right side with, like, wings on, like, the left side.",42,describer,1,FALSE,NA,3594
"And then there's, like, two little triangles for the legs.",42,describer,2,FALSE,NA,3594
Two little triangles.,42,describer,3,FALSE,NA,3594
"Oh, is it the one that just has one little triangle sticking out in the bottom left corner?",41,matcher,4,FALSE,NA,3594
Yes.,42,describer,5,TRUE,NA,3594
"Uh, this one is just like a really simple shape, but it's mainly like a parallelogram with something sticking out of, like, the bottom on the left side.",42,describer,1,FALSE,NA,3595
I thought it was the side.,42,describer,2,FALSE,NA,3595
"Uh, this one looks...",42,describer,1,FALSE,NA,3596
"Okay, this is really weird.",42,describer,2,FALSE,NA,3596
"This looks like a guy who's, like, kind of, like, bending over, but there's, like, something coming out of his butt on, like, the right side, and his head is, like, on the top left corner.",42,describer,3,FALSE,NA,3596
Oh.,41,matcher,4,TRUE,NA,3596
Oh.,41,matcher,5,TRUE,NA,3596
"Oh, I thought it was a figure skater.",41,matcher,6,FALSE,NA,3596
Oh!,41,matcher,7,TRUE,NA,3596
He does it.,41,matcher,8,TRUE,NA,3596
"Uh, this one looks kind of like the face of like a cliff or something, and then there's like a diamond at the top.",42,describer,1,FALSE,NA,3597
"Yeah, yeah, yeah.",41,matcher,2,TRUE,NA,3597
"Uh, this looks like some animal that's, like, in the middle of, like, a gallop or something.",42,describer,1,FALSE,NA,3598
"So there's, like, a really long neck on the left side, and then there's, like, a parallelogram tail coming out of the right side.",42,describer,2,FALSE,NA,3598
"Uh, this one looks like some sort of, like, dog or maybe, like,",42,describer,1,FALSE,NA,3599
rabbit or something that's like with his face pointing on the left and then for the ears there's like a triangle on the right and then at the top there's like a diamond.,42,describer,2,FALSE,NA,3599
And it also kind of looks like a mouse.,42,describer,3,FALSE,NA,3599
Could you describe it again?,41,matcher,4,TRUE,NA,3599
I don't really see what you mean.,41,matcher,5,TRUE,NA,3599
"It looks kind of like a mouse with its head facing the left side,",42,describer,6,FALSE,NA,3599
"because there's a triangle that's a snout, and then there's a diamond for the left ear, and then for the right ear, there's a triangle for the right ear.",42,describer,7,FALSE,NA,3599
"It also- Oh, okay.",41,matcher,8,TRUE,NA,3599
I feel like they're getting harder.,41,matcher,9,TRUE,NA,3599
"Um, this also looks like a guy squatting a little bit, but it looks like-",42,describer,1,FALSE,NA,3600
"actually he kind of looks like he's sitting, and then there's like a diamond for the head and then the rest of the body is just like one shape.",42,describer,2,FALSE,NA,3600
"Uh, this one I really don't know how to describe it.",42,describer,1,FALSE,NA,3601
It looks a little bit of a pers- like a person with like a little triangle at the very top?,42,describer,2,FALSE,NA,3601
"Uh, and then there's like something connected to like a diamond, and it looks almost like he's like handing away that diamond or something.",42,describer,3,FALSE,NA,3601
And the diamond is like facing up the left.,42,describer,4,FALSE,NA,3601
This is not the martini guy.,41,matcher,5,FALSE,NA,3601
"Uh, no.",42,describer,6,TRUE,NA,3601
Diamonds facing left.,42,describer,7,FALSE,NA,3601
But it's towards the bottom.,42,describer,8,FALSE,NA,3601
And there's a triangle at the top.,42,describer,9,FALSE,NA,3601
"Wait, sorry, diamond head.",42,describer,10,FALSE,NA,3601
"Uh, no, the head is like a triangle.",42,describer,11,FALSE,NA,3601
"Triangle, head.",42,describer,12,FALSE,NA,3601
"Sorry, can you repeat it?",41,matcher,13,TRUE,NA,3601
"Yeah, it looks a little bit like a guy who's, like, facing the left with a triangle for the head,",42,describer,14,FALSE,NA,3601
"and then, like, a diamond as, like, some sort of gift that he's, like, facing away, or, like, giving away, and it's, like, facing the left.",42,describer,15,FALSE,NA,3601
"Yeah, I guess.",41,matcher,16,TRUE,NA,3601
"Uh, this one looks like a tank, or maybe like a boat, with like, a diamond sticking out of it.",42,describer,1,FALSE,NA,3602
"Uh, this one also looks a bit like a water fountain, and then there's a tri- uh, sorry, not a triangle, a uh, a diamond sticking out the top.",42,describer,1,FALSE,NA,3603
Oh.,41,matcher,2,TRUE,NA,3603
Oops.,41,matcher,3,TRUE,NA,3603
"Uh, this looks like someone who's, like, bent on their knees.",42,describer,1,FALSE,NA,3604
"Uh, and there's, like, two, like, diamonds, and then the second diamond is connected to, like, uh, to a triangle.",42,describer,2,FALSE,NA,3604
"And then there's, like, something that's, like, angled outward toward the right.",42,describer,3,FALSE,NA,3604
"Oh, this one I don't really know.",42,describer,1,FALSE,NA,3605
"When I first saw it, it kind of looked like one of the heads from, like, Easter Island, but, like, bent over to the left.",42,describer,2,FALSE,NA,3605
"And then, yeah.",42,describer,3,TRUE,NA,3605
Easter Island?,41,matcher,4,FALSE,NA,3605
"Oh, maybe, I guess.",42,describer,5,TRUE,NA,3605
A little bit.,42,describer,6,TRUE,NA,3605
"Oh, this guy looks like he's, like, backpacking, and he's got, like, two triangles for the feet.",42,describer,1,FALSE,NA,3606
"Oh, yeah.",41,matcher,2,TRUE,NA,3606
"For me, this is a frog in a top hat.",41,matcher,3,FALSE,NA,3606
Oh!,41,matcher,4,TRUE,NA,3606
I don't know why I got frog vibes for this guy.,41,matcher,5,TRUE,NA,3606
"Oh, this guy looks like he's, like, kind of resting in the corner, and he's, like, sitting next to a wall or something.",42,describer,1,FALSE,NA,3607
"Uh, this is, like, a parallelogram guy who's, like, riding a dog or a horse or something.",42,describer,1,FALSE,NA,3608
"Uh, this one looks kind of like a flower that's, like, got three triangles kind of coming out the top, and then, like, a stem to the right.",42,describer,1,FALSE,NA,3609
"Alright, this is a fountain that we talked about that's got a diamond on the top, and the fountain bowl is sticking out to the left.",41,describer,1,FALSE,NA,3610
"Sorry, uh, what's sticking out to the left?",42,matcher,2,FALSE,NA,3610
"Uh, like the bowl of the fountain is sticking out to the left.",41,describer,3,FALSE,NA,3610
It's kind of tall.,41,describer,4,FALSE,NA,3610
It's got a diamond on top.,41,describer,5,FALSE,NA,3610
It's got a very small triangle halfway up on the right.,41,describer,6,FALSE,NA,3610
"It's got a base that looks like a rhombus, I think.",41,describer,7,FALSE,NA,3610
"So it's got kind of this flared out base, kind of a wide middle.",41,describer,8,FALSE,NA,3610
It's got a bowl out to the left and then it goes up to the top and it's got a diamond on top.,41,describer,9,FALSE,NA,3610
"Overall, it's very tall and kind of narrow.",41,describer,10,FALSE,NA,3610
Okay.,42,matcher,11,FALSE,NA,3610
"Uh, is it the one that... Like, the guy that looks like it's facing, like, to the left and, like, has a bowl on the left?",42,matcher,12,FALSE,NA,3610
"I don't think it looks like a guy, but it does look like it has a bowl on the left.",41,describer,13,FALSE,NA,3610
I think you got the right one.,41,describer,14,FALSE,NA,3610
"Oh, uh...",42,matcher,15,FALSE,NA,3610
I think there's two.,42,matcher,16,FALSE,NA,3610
"Uh, one looks a little bit like a guy, and one looks more like a water fountain.",41,describer,17,FALSE,NA,3610
A fountain one.,41,describer,18,FALSE,NA,3610
Okay.,42,matcher,19,FALSE,NA,3610
"This one looks like a, uh, it's one of the guys riding a dog and it's the guy with the little parallelogram body.",41,describer,1,FALSE,NA,3611
He's kind of a very tiny little body and he's riding a dog that looks like it's pointing left.,41,describer,2,FALSE,NA,3611
Yep.,42,matcher,3,TRUE,NA,3611
Cool.,41,describer,4,TRUE,NA,3611
This one looks like a crab going up to the top right.,41,describer,1,FALSE,NA,3612
It's got kind of a flared out tail and two big arms.,41,describer,2,FALSE,NA,3612
It's going into the top right corner.,41,describer,3,FALSE,NA,3612
This one looks like it's one of those crouching guys.,41,describer,1,FALSE,NA,3613
The guy where you can't see his arms.,41,describer,2,FALSE,NA,3613
He's just crouching.,41,describer,3,FALSE,NA,3613
He's got a diamond head.,41,describer,4,FALSE,NA,3613
He's kind of sitting there.,41,describer,5,FALSE,NA,3613
There's much less detail than the other ones.,41,describer,6,FALSE,NA,3613
You know which guy I'm talking about?,41,describer,7,FALSE,NA,3613
"Yeah, is it the one where it looks like a single polygon that's bent for the body?",42,matcher,8,FALSE,NA,3613
"Uh, yeah.",41,describer,9,TRUE,NA,3613
Okay.,42,matcher,10,TRUE,NA,3613
"Alright, this is a very complex one.",41,describer,1,FALSE,NA,3614
"Yeah, it doesn't look like a rabbit, but it does have two rabbit ears.",41,describer,2,FALSE,NA,3614
"And it's got on its left side, a like kind of diamond or square on top of a triangle.",41,describer,3,FALSE,NA,3614
"Oh, sorry, I clicked the wrong button.",42,matcher,4,TRUE,NA,3614
Okay.,41,describer,5,TRUE,NA,3614
"This looks like someone dancing, I feel like.",41,describer,1,FALSE,NA,3615
Okay.,42,matcher,2,TRUE,NA,3615
"So it's a diamond head, and they're shifting out to the left, and they've got one leg, they've got their, the leg on the left is kind of bent, and the leg on the right is kind of extended.",41,describer,3,FALSE,NA,3615
"Oops, sorry.",42,matcher,4,TRUE,NA,3615
This looks like a person sitting down with their back to the left.,41,describer,1,FALSE,NA,3616
"They have a kind of a square head, but they have two bunny ears.",41,describer,2,FALSE,NA,3616
"Overall, their body's a triangle.",41,describer,3,FALSE,NA,3616
"They look like they're sitting, looking rightwards.",41,describer,4,FALSE,NA,3616
Okay.,42,matcher,5,TRUE,NA,3616
Does it also look vaguely like a rabbit?,42,matcher,6,FALSE,NA,3616
Yeah.,42,matcher,7,FALSE,NA,3616
Gotcha.,42,matcher,8,TRUE,NA,3616
This is the house with the palm tree on the left.,41,describer,1,FALSE,NA,3618
This looks like somebody riding a dog or a horse.,41,describer,1,FALSE,NA,3619
The horse is going to the left.,41,describer,2,FALSE,NA,3619
The horse has a triangle tail.,41,describer,3,FALSE,NA,3619
The person has a square head looking downwards.,41,describer,1,FALSE,NA,3620
This is another one of those people who are kind of bent.,41,describer,2,FALSE,NA,3620
They're only bent a little bit.,41,describer,3,FALSE,NA,3620
They kind of have parallelogram legs.,41,describer,4,FALSE,NA,3620
And they are turned facing right.,41,describer,5,FALSE,NA,3620
"They've got a kind of triangle arm sticking out rightwards, diamond head.",41,describer,6,FALSE,NA,3620
"Oh, okay.",42,matcher,7,TRUE,NA,3620
"Not totally down to their knees, but just kind of crunching a little bit.",41,describer,8,FALSE,NA,3620
It's only the legs that are bent?,42,matcher,9,FALSE,NA,3620
"Yeah, just crouching.",41,describer,10,FALSE,NA,3620
"They're not on their knees, they're just kind of crouching.",41,describer,11,FALSE,NA,3620
"This one looks like the spaceship, or the pool, or the fountain, with the diamond on top.",41,describer,1,FALSE,NA,3621
Okay.,42,matcher,2,TRUE,NA,3621
Does it only have like a hexagon as like the bottom?,42,matcher,3,FALSE,NA,3621
Yeah.,41,describer,4,FALSE,NA,3621
"Um, this is one where it has the real kind of cape.",41,describer,1,FALSE,NA,3622
"The person's facing rightwards, their legs are kicking out leftwards, and they have a kind of a cape in the upper left.",41,describer,2,FALSE,NA,3622
Okay.,42,matcher,3,TRUE,NA,3622
Does it almost look like there are no arms?,42,matcher,4,FALSE,NA,3622
Yeah.,41,describer,5,TRUE,NA,3622
"Oh, oops.",42,matcher,6,TRUE,NA,3622
"Oh, I see.",42,matcher,7,TRUE,NA,3622
This is a person about to do the splits.,41,describer,1,FALSE,NA,3623
They're facing leftwards.,41,describer,2,FALSE,NA,3623
I keep pressing the wrong one.,42,matcher,3,TRUE,NA,3623
Maybe take your finger off the trigger.,42,matcher,4,TRUE,NA,3623
"Okay, that's a good idea.",42,matcher,5,TRUE,NA,3623
This is a horse running to the left.,41,describer,1,FALSE,NA,3624
It's really galloping.,41,describer,2,FALSE,NA,3624
It's really going.,41,describer,3,FALSE,NA,3624
Horse facing to the left.,41,describer,4,FALSE,NA,3624
Is this the one where it's kind of got like an L shape as the main body?,42,matcher,5,FALSE,NA,3624
"No, I don't think that one's really running, right?",41,describer,6,FALSE,NA,3624
I feel like that one's kind of on its back legs.,41,describer,7,FALSE,NA,3624
"Oh, running.",42,matcher,8,FALSE,NA,3624
"Yeah, it's galloping.",41,describer,9,FALSE,NA,3624
It's giving her...,42,matcher,10,TRUE,NA,3624
"Uh, this is another person crouched, but this one's all the way on their knees.",41,describer,1,FALSE,NA,3625
Diamond head.,41,describer,2,FALSE,NA,3625
Arms out to the right.,41,describer,3,FALSE,NA,3625
"Uh, does it kind of look like there's something to the left of the overall person?",42,matcher,4,FALSE,NA,3625
"Uh, they've got a tiny little diamond on their back, but really it's just a person on their knees.",41,describer,5,FALSE,NA,3625
Okay.,42,matcher,6,TRUE,NA,3625
Holding their arms out to the right.,41,describer,7,FALSE,NA,3625
"This one looks like the other horse or dog one, where it's kind of on its back legs, with its front legs out, facing leftwards, kind of like a Sphynx or something.",41,describer,1,FALSE,NA,3626
This is a bird flying to the right.,41,describer,1,FALSE,NA,3627
It's got that one little tiny triangle sticking out the bottom left.,41,describer,2,FALSE,NA,3627
"Uh, this one looks like the little hexagon with, like, uh, a diamond sticking out of the top.",42,describer,1,FALSE,NA,3628
"Uh, this one looks like the rabbit or the person with two triangle ears and is a triangle crouching, uh, to the left.",42,describer,1,FALSE,NA,3629
"Oh, oops.",41,matcher,2,TRUE,NA,3629
Crouching?,41,matcher,3,FALSE,NA,3629
And they're sitting.,42,describer,4,FALSE,NA,3629
This one is the one that looks kind of like a water fountain.,42,describer,1,FALSE,NA,3630
"It's got like, it's really straight.",42,describer,2,FALSE,NA,3630
And then it's got like a triangle on towards the left and a diamond at the top.,42,describer,3,FALSE,NA,3630
"This one's like the crab with the claw towards the right, and then something to the left.",42,describer,1,FALSE,NA,3631
I have sunscreen.,41,matcher,2,TRUE,NA,3631
This one is the one where it's like...,42,describer,1,FALSE,NA,3632
"a little bit like the guy dancing, I think, and then he's got, like, a head that's tilted towards the right, and then, like, a little cave towards the left, and the foot is, like, sticking out.",42,describer,2,FALSE,NA,3632
"Uh, this was the one you picked earlier when I talked about",42,describer,1,FALSE,NA,3633
the rabbit with the two ears at the top and then the diamond at the bottom left.,42,describer,2,FALSE,NA,3633
"Oh, this is the guy that's like crouching and he's kind of like one shape other than just the diamond head.",42,describer,1,FALSE,NA,3634
And then he's sort of facing like to the right.,42,describer,2,FALSE,NA,3634
"Oh, this is the guy that kind of looks like he's like...",42,describer,1,FALSE,NA,3635
"dancing in the way that, like, it looks like he's doing martial arts, and then his, like, right leg is out really far, and then he's here.",42,describer,2,FALSE,NA,3635
"Uh, this is the one that looks like Galloping Force.",42,describer,1,FALSE,NA,3636
"Uh, this is the one that looks like a bird that's facing the right, to the right, and then there's like a little triangle sticking out the back of the left side.",42,describer,1,FALSE,NA,3637
"Uh, this one looks like a guy with the head tilted down, riding like a horse.",42,describer,1,FALSE,NA,3638
Looks like a little big clam today.,42,describer,2,FALSE,NA,3638
Oh yeah.,41,matcher,3,TRUE,NA,3638
"Oh, this is the one that looks like he's doing, like, a little bit of the splits, and then he has his foot pointing out the left and then has no arms.",42,describer,1,FALSE,NA,3639
This guy looks like he's crouching and only his legs are really bent and he's facing the right with his arms out.,42,describer,1,FALSE,NA,3640
This guy is straight and it looks like he's holding something out to the left.,42,describer,1,FALSE,NA,3641
This one looks like the dog that's facing to the left.,42,describer,1,FALSE,NA,3642
This looks like the little parallelogram guy riding a horse.,42,describer,1,FALSE,NA,3643
This is the house with the palm tree on the left side.,42,describer,1,FALSE,NA,3644
This looks like the crouching person that has a triangle opening on the right and it's facing to the right.,42,describer,1,FALSE,NA,3645
"All right, this is the bunny person, two big ears, kicking their legs out to the left with a square kind of on their foot.",41,describer,1,FALSE,NA,3646
"Their head facing to the right, their legs out behind them.",41,describer,2,FALSE,NA,3646
"Oh, oops.",42,matcher,3,TRUE,NA,3646
"Oh, I see.",42,matcher,4,TRUE,NA,3646
"Yeah, bunny ears.",41,describer,5,FALSE,NA,3646
I think you see this as a person and I don't always.,42,matcher,6,FALSE,NA,3646
"All right, this is the person who's doing martial arts.",41,describer,1,FALSE,NA,3647
There's legs kicking out to the right.,41,describer,2,FALSE,NA,3647
"Yeah, you got it.",41,describer,3,TRUE,NA,3647
Cool.,41,describer,4,TRUE,NA,3647
This is the hexagon with a diamond on top.,41,describer,1,FALSE,NA,3648
This is the person on their knees holding out a bowl to the right.,41,describer,1,FALSE,NA,3649
This is the crab going into the top right.,41,describer,1,FALSE,NA,3650
The dog facing left.,41,describer,1,FALSE,NA,3651
"Uh, is it galloping or not?",42,matcher,2,FALSE,NA,3651
"Uh, no, that's a- for me that's a horse.",41,describer,3,FALSE,NA,3651
"Oh, okay.",42,matcher,4,TRUE,NA,3651
The dog is just kind of crouching with its legs out.,41,describer,5,FALSE,NA,3651
"This is a bird flying to the right, single tiny triangle, like, sticking out of the mafia.",41,describer,1,FALSE,NA,3652
This is the guy that has a weird cape.,41,describer,1,FALSE,NA,3653
He's facing right.,41,describer,2,FALSE,NA,3653
The cape is to the top left.,41,describer,3,FALSE,NA,3653
This is the house with the palm tree.,41,describer,1,FALSE,NA,3654
This is the tiny parallelogram man riding a horse or a dog or something.,41,describer,1,FALSE,NA,3655
"This is the rabbit who's lying down, who's sitting down, facing right.",41,describer,1,FALSE,NA,3656
Kind of got a big triangle body.,41,describer,2,FALSE,NA,3656
This is someone crouching facing right.,41,describer,1,FALSE,NA,3657
"Not all the way down, but just kind of crouching with their arms out to their right.",41,describer,2,FALSE,NA,3657
This is the water fountain.,41,describer,1,FALSE,NA,3658
That's really tall.,41,describer,2,FALSE,NA,3658
There's a diamond on top.,41,describer,3,FALSE,NA,3658
And it's got a little bit of a triangle kind of hole out to the right.,41,describer,4,FALSE,NA,3658
"Out to the left, rather, sorry.",41,describer,5,FALSE,NA,3658
This is the guy that's riding the horse.,41,describer,1,FALSE,NA,3659
"The horse, they're facing left.",41,describer,2,FALSE,NA,3659
He's looking down.,41,describer,3,FALSE,NA,3659
He's got like a square head.,41,describer,4,FALSE,NA,3659
This is the very simple guy crouching.,41,describer,1,FALSE,NA,3660
"You can't see his arms, his body is all just one shape.",41,describer,2,FALSE,NA,3660
This is the horse galloping to the left.,41,describer,1,FALSE,NA,3661
"Uh, this is the guy that's doing the splits.",41,describer,1,FALSE,NA,3662
"Uh, does it look like he has arms?",42,matcher,2,FALSE,NA,3662
Not really.,41,describer,3,FALSE,NA,3662
"Uh, this is the person standing tall, holding out a bowl to the left.",41,describer,1,FALSE,NA,3663
Uh huh.,42,matcher,2,TRUE,NA,3663
Yes!,42,matcher,3,TRUE,NA,3663
"Okay, this is the guy who's holding a bowl to the left and is kind of straight.",42,describer,1,FALSE,NA,3664
This is the horse that's galloping towards the left.,42,describer,1,FALSE,NA,3665
"Oh, this is the house with the palm tree.",42,describer,1,FALSE,NA,3666
This is the guy who's crouching only his legs and is holding a bowl to the right.,42,describer,1,FALSE,NA,3667
This is the dog that's crouching to the left.,42,describer,1,FALSE,NA,3668
This is the hexagon shape with the diamond on top.,42,describer,1,FALSE,NA,3669
"Oh, this is the guy who's doing the splits with no arms.",42,describer,1,FALSE,NA,3670
"Oh, this is the weird looking guy with the cape with his head turned to the right and his leg out to the left.",42,describer,1,FALSE,NA,3671
"Oh, this is the guy with the down-tilted head riding the horse.",42,describer,1,FALSE,NA,3672
"Oh, this is the guy who looks like he's doing martial arts.",42,describer,1,FALSE,NA,3673
This is the crab claw with the stalk coming out the back.,42,describer,1,FALSE,NA,3674
This is the simple guy who's just kind of crouching.,42,describer,1,FALSE,NA,3675
This is the parallelogram guy who's riding a horse.,42,describer,1,FALSE,NA,3676
"Oh, this is the water fountain facing to the left with the diamond on top.",42,describer,1,FALSE,NA,3677
"Uh, this is the person who's kind of crouching with their legs out back and facing to the right.",42,describer,1,FALSE,NA,3678
"Oh, oops.",41,matcher,2,TRUE,NA,3678
That's their nailer.,41,matcher,3,TRUE,NA,3678
"Uh, this is the rabbit shape who's crouching and has a triangle body with two ears coming out.",42,describer,1,FALSE,NA,3679
The one who looks like it's sitting?,41,matcher,2,FALSE,NA,3679
Yes.,42,describer,3,TRUE,NA,3679
"Oh, this is the bird shape with the triangle coming out the left.",42,describer,1,FALSE,NA,3680
"Uh, this is the one that, uh, it's like a person with the hind legs up with two triangles coming out the right, sort of.",42,describer,1,FALSE,NA,3681
"And then there's, like, the diamond head is towards the left.",42,describer,2,FALSE,NA,3681
"Wait, say that again?",41,matcher,3,TRUE,NA,3681
"Uh, it's like the person with their, like, hind legs, like, up.",42,describer,4,FALSE,NA,3681
"Like, the one that we keep getting wrong, where it's, like...",42,describer,5,FALSE,NA,3681
"Uh, they're, like, bunny ears, but it also sort of looks like a bunny ear.",42,describer,6,FALSE,NA,3681
Yeah.,41,matcher,7,TRUE,NA,3681
We should call them a bunny ear thing.,41,matcher,8,FALSE,NA,3681
"Oh, okay.",42,describer,9,TRUE,NA,3681
Mm-hmm.,41,matcher,10,TRUE,NA,3681
Yes.,41,matcher,11,TRUE,NA,3681
Yes.,41,matcher,12,TRUE,NA,3681
Okay.,41,matcher,13,TRUE,NA,3681
"This is the cape guy, facing right with the cape to the top left.",41,describer,1,FALSE,NA,3682
This is the martial arts guy.,41,describer,1,FALSE,NA,3683
This is the horse galloping to the left.,41,describer,1,FALSE,NA,3684
"This is the person on their knees facing right, side of his head.",41,describer,1,FALSE,NA,3685
This is the rabbit guy sitting down facing right.,41,describer,1,FALSE,NA,3686
"Uh, does it have a triangle for the body?",42,matcher,2,FALSE,NA,3686
Yeah.,41,describer,3,TRUE,NA,3686
This is the guy riding a dog looking downwards.,41,describer,1,FALSE,NA,3687
They're facing left.,41,describer,2,FALSE,NA,3687
This is the dog that's crouched with his legs outstretched to the left.,41,describer,1,FALSE,NA,3688
This is the tiny parallelogram guy riding a dog.,41,describer,1,FALSE,NA,3689
This is the simple guy cranching.,41,describer,1,FALSE,NA,3690
"This is the tall waterfountain, the diamond on top.",41,describer,1,FALSE,NA,3691
Is this the short water fountain with the hexagon face?,41,describer,1,FALSE,NA,3692
Is this the one that kind of looks like a guy facing the left?,42,matcher,2,FALSE,NA,3692
"No, it's the water fountain that has the hexagon face.",41,describer,3,FALSE,NA,3692
Maybe it looks like a spaceship.,41,describer,4,FALSE,NA,3692
Maybe it's the diamond on top.,41,describer,5,FALSE,NA,3692
This is the house with the palm tree on the left.,41,describer,1,FALSE,NA,3693
This is the tall guy facing with his bowl out to the left.,41,describer,1,FALSE,NA,3694
"Tall guy, diamond head, bowl out to the left, long sleeves.",41,describer,2,FALSE,NA,3694
Oh.,42,matcher,3,TRUE,NA,3694
"Standing straight, yeah.",41,describer,4,FALSE,NA,3694
This is the bird flying to the right.,41,describer,1,FALSE,NA,3695
Crab going to the top right.,41,describer,1,FALSE,NA,3696
This is the guy doing the splits with no arms.,41,describer,1,FALSE,NA,3697
"This is the guy, I think, at the bunny, kicking the legs out to the left.",41,describer,1,FALSE,NA,3698
With a weird little square on his feet.,41,describer,2,FALSE,NA,3698
"This is the guy crouching, facing right with a bowl.",41,describer,1,FALSE,NA,3699
Sounds good.,42,matcher,2,TRUE,NA,3699
"Okay, sounds good.",42,matcher,3,TRUE,NA,3699
Okay.,42,matcher,4,TRUE,NA,3699
This is the rabbit with the triangle body that looks like it's facing to the right.,42,describer,1,FALSE,NA,3700
This is the parallelogram guy riding a horse.,42,describer,1,FALSE,NA,3701
This is the guy with the head tilted down riding the horse.,42,describer,1,FALSE,NA,3702
This is the bird with the triangle leg out the right.,42,describer,1,FALSE,NA,3703
"Sorry, out the left.",42,describer,2,FALSE,NA,3703
"This is the guy holding a bowl out to the left, who's kind of straight.",42,describer,1,FALSE,NA,3704
This is the guy who also looks like a bunny.,42,describer,1,FALSE,NA,3705
This is the house of the palm tree.,42,describer,1,FALSE,NA,3706
This is the crab.,42,describer,1,FALSE,NA,3707
This is the person kneeling with arms out to the right.,42,describer,1,FALSE,NA,3708
"Oh, kneeling.",41,matcher,2,FALSE,NA,3708
I'm sorry.,41,matcher,3,TRUE,NA,3708
You're good.,42,describer,4,TRUE,NA,3708
This is the guy doing the splits with no arms.,42,describer,1,FALSE,NA,3709
I also said Michael Jackson.,42,describer,2,FALSE,NA,3709
This is the guy who's crouching with only his legs bent.,42,describer,1,FALSE,NA,3710
This is the hexagon water fountain thing with the,42,describer,1,FALSE,NA,3711
This is the dog crouching facing left.,42,describer,1,FALSE,NA,3712
This is the simple guy who's just crouching.,42,describer,1,FALSE,NA,3713
This is the horse galloping towards the left.,42,describer,1,FALSE,NA,3714
This is the guy doing martial arts.,42,describer,1,FALSE,NA,3715
This is the water fountain.,42,describer,1,FALSE,NA,3716
"Oh, this is the guy wearing the cape, bending his leg out.",42,describer,1,FALSE,NA,3717
Yes.,41,matcher,2,TRUE,NA,3717
Sounds good.,41,matcher,3,TRUE,NA,3717
"Okay, cool.",41,matcher,4,TRUE,NA,3717
This is the simple guy kneeling.,41,describer,1,FALSE,NA,3718
"This is a new person who's peeking out to the, their feet to the bottom right.",41,describer,1,FALSE,NA,3719
"They kind of look like they have a, yeah.",41,describer,2,FALSE,NA,3719
This is the one that looks like a cliff with a diamond on top.,41,describer,1,FALSE,NA,3720
This is the person I said they're holding a martini glass.,41,describer,1,FALSE,NA,3721
They got a diamond head.,41,describer,2,FALSE,NA,3721
They got their hands out let's say to the left.,41,describer,3,FALSE,NA,3721
And they have like this kind of upwards facing,41,describer,4,FALSE,NA,3721
triangle.,41,describer,5,FALSE,NA,3721
Oh.,42,matcher,6,TRUE,NA,3721
"Oh, sorry about that.",42,matcher,7,TRUE,NA,3721
"Oh, interesting.",42,matcher,8,TRUE,NA,3721
"Oh, I see what you mean now.",42,matcher,9,TRUE,NA,3721
"Um, this is the one I said looks like a swan.",41,describer,1,FALSE,NA,3722
It's just kind of a two rectangles and a little diamond.,41,describer,2,FALSE,NA,3722
Yeah.,42,matcher,3,TRUE,NA,3722
"This is the rabbit who's sitting, looking right.",41,describer,1,FALSE,NA,3723
He's got a tropical body.,41,describer,2,FALSE,NA,3723
This is a crab.,41,describer,1,FALSE,NA,3724
The crab is looking to the top right.,41,describer,2,FALSE,NA,3724
"Um, this is the person on their knees holding the bullet to the right.",41,describer,1,FALSE,NA,3725
"Oh, he's kneeling?",42,matcher,2,FALSE,NA,3725
"He's kneeling, yeah.",41,describer,3,FALSE,NA,3725
"Uh, this is the weird rabbit person that, like, fell behind them with the square on their knees.",41,describer,1,FALSE,NA,3726
This is a new one.,41,describer,1,FALSE,NA,3727
It's really weird.,41,describer,2,FALSE,NA,3727
It's too symmetric.,41,describer,3,FALSE,NA,3727
Is it the bullshit thing?,42,matcher,4,FALSE,NA,3727
"No, they're like Roppuses.",41,describer,5,FALSE,NA,3727
"Honestly, it kind of looks like a bra.",41,describer,6,FALSE,NA,3727
"Oh, I see.",42,matcher,7,TRUE,NA,3727
"This is the hexagon water fountain that's flat, that's short, with a diamond on top.",41,describer,1,FALSE,NA,3728
"This is the guy with no arms, just doing the splits.",41,describer,1,FALSE,NA,3729
"Uh, this is the cape guy.",41,describer,1,FALSE,NA,3730
"He's facing right, his cape's to the top left.",41,describer,2,FALSE,NA,3730
"Oh, sorry, could you repeat that?",42,matcher,3,FALSE,NA,3730
The cape guy.,41,describer,4,FALSE,NA,3730
The guy with the cape.,41,describer,5,FALSE,NA,3730
Oh.,42,matcher,6,TRUE,NA,3730
"He's, uh, facing, yeah.",41,describer,7,FALSE,NA,3730
"Yeah, sorry, I didn't hear you.",42,matcher,8,TRUE,NA,3730
"Oh, okay.",41,describer,9,TRUE,NA,3730
"Oh, this is the guy who's looking down and running a horse, facing left.",41,describer,1,FALSE,NA,3732
I said they were a figure skater.,41,describer,2,FALSE,NA,3732
Okay.,42,matcher,3,TRUE,NA,3732
They look like they're going to the left.,41,describer,4,FALSE,NA,3732
They're kicking their legs out behind them.,41,describer,5,FALSE,NA,3732
"Oh, this is the one you said looked like a mouse.",41,describer,1,FALSE,NA,3733
"Looks like they're on one knee with their leg behind them, sticking their arms out to either way.",41,describer,2,FALSE,NA,3733
They've got a diamond head.,41,describer,3,FALSE,NA,3733
I can see them,42,matcher,4,TRUE,NA,3733
"Oh, yeah.",42,matcher,5,TRUE,NA,3733
This is the person who's sitting facing leftwards.,41,describer,1,FALSE,NA,3734
They kinda got their feet out.,41,describer,2,FALSE,NA,3734
Maybe they're reading a book.,41,describer,3,FALSE,NA,3734
They're looking down.,41,describer,4,FALSE,NA,3734
Yeah.,42,matcher,5,TRUE,NA,3734
"Oh, this is a weird one.",41,describer,1,FALSE,NA,3735
"This is, uh, it almost looks like someone, like, lounging on one arm, and they've got",41,describer,2,FALSE,NA,3735
a weird kind of square head at the top left and more of like a parallelogram to the top right.,41,describer,3,FALSE,NA,3735
It's a weird one though.,41,describer,4,FALSE,NA,3735
"So the bottom, they look like they're kind of mounching on one arm.",41,describer,5,FALSE,NA,3735
Is that arm like really large and it's like almost being dragged on the left?,42,matcher,6,FALSE,NA,3735
It's arms on the right.,41,describer,7,FALSE,NA,3735
"It's more of a, it's just a triangle.",41,describer,8,FALSE,NA,3735
It's like a parallelogram bottom and then the thing sticking out to the bottom right is like a triangle.,41,describer,9,FALSE,NA,3735
I'm seeing it as someone lounging.,41,describer,10,FALSE,NA,3735
"Yeah, I guess it's not really much of a head, but I see the mound straight away.",41,describer,11,FALSE,NA,3735
This is the tall water fountain with the diamond on top.,41,describer,1,FALSE,NA,3736
"This is the person that's half crouched, facing right, holding out a... yeah.",41,describer,1,FALSE,NA,3737
This is the tiny parallelogram guy on the dog.,41,describer,1,FALSE,NA,3738
"This is something, what I said, looks like a sheath.",41,describer,1,FALSE,NA,3739
"Or a scythe, rather.",41,describer,2,FALSE,NA,3739
It looks kind of like something you'd use to cut wheat.,41,describer,3,FALSE,NA,3739
"And so it's got this kind of tall... Yeah, right?",41,describer,4,FALSE,NA,3739
It looks almost also like,42,matcher,5,FALSE,NA,3739
"Uh, like a bottle opener?",42,matcher,6,FALSE,NA,3739
Yeah.,41,describer,7,TRUE,NA,3739
Those really simple ones?,42,matcher,8,FALSE,NA,3739
"Oh yeah, totally, yeah.",41,describer,9,TRUE,NA,3739
This is the dog that's crouching and facing left.,41,describer,1,FALSE,NA,3740
"This is, um...",41,describer,1,TRUE,NA,3741
"So they've got this very skinny little head, and they look like they're looking down.",41,describer,2,FALSE,NA,3741
They're kind of holding a book.,41,describer,3,FALSE,NA,3741
They're facing left and looking down.,41,describer,4,FALSE,NA,3741
But they really stand like this really skinny triangle head that's kind of going up into the top left.,41,describer,5,FALSE,NA,3741
You almost want to mess their hair.,41,describer,6,TRUE,NA,3741
This is the tall straight guy facing left.,41,describer,1,FALSE,NA,3742
"This one I said looks like barbed wire, where it's just really tall and it's got kind of .",41,describer,1,FALSE,NA,3743
Oh no.,42,matcher,2,TRUE,NA,3743
"Uh, this is the house with a really tall chimney on the right.",41,describer,1,FALSE,NA,3744
This is the bird flying to the right.,41,describer,1,FALSE,NA,3745
This one kind of looks like a weird crab.,41,describer,1,FALSE,NA,3746
It's kind of like a crab going upwards where it's gone.,41,describer,2,FALSE,NA,3746
"Oh, no.",42,matcher,3,TRUE,NA,3746
"Oh, I'm sorry.",42,matcher,4,TRUE,NA,3746
Yeah.,42,matcher,5,TRUE,NA,3746
I clicked too quickly.,42,matcher,6,TRUE,NA,3746
"No, that one's also a crab.",41,describer,7,FALSE,NA,3746
This one I said looks like a spear.,41,describer,1,FALSE,NA,3747
It's like two diamonds.,41,describer,2,FALSE,NA,3747
"Oh, yes.",42,matcher,3,TRUE,NA,3747
"And then a little, like, square on top.",41,describer,4,FALSE,NA,3747
This is the horse galloping to the left.,41,describer,1,FALSE,NA,3748
This is the guy that looks like a frog.,41,describer,1,FALSE,NA,3749
I don't know.,42,matcher,2,TRUE,NA,3749
He's got two tiny little triangle feet.,41,describer,3,FALSE,NA,3749
Maybe he's got a bit of a top hat.,41,describer,4,FALSE,NA,3749
He's got an arm sticking out to the right.,41,describer,5,FALSE,NA,3749
"I don't know why, that guy's just got his frog in a, like, top suit.",41,describer,6,FALSE,NA,3749
I- I see it.,42,matcher,7,TRUE,NA,3749
"Maybe it's cause the triangles make it look like the feet are, like, webbed.",41,describer,8,FALSE,NA,3749
"I thought this was, like, a turtle.",41,describer,1,FALSE,NA,3750
"I mean, it's kind of like a parallelogram, it's pointed to the top left.",41,describer,2,FALSE,NA,3750
"It's got, like, a little diamond head.",41,describer,3,FALSE,NA,3750
It's got a little parallelogram.,41,describer,4,FALSE,NA,3750
"Oh, yes.",42,matcher,5,TRUE,NA,3750
"Little, like, long diamond arms.",41,describer,6,FALSE,NA,3750
This is the house the POM train left.,41,describer,1,FALSE,NA,3751
This is the martial arts fighter.,41,describer,1,FALSE,NA,3752
This is the one that you thought was a crab.,41,describer,1,FALSE,NA,3753
It also looks like a crab.,41,describer,2,FALSE,NA,3753
"I mean, it's just kind of very, kind of like a rhombus on the bottom.",41,describer,3,FALSE,NA,3753
The symmetrical one?,42,matcher,4,FALSE,NA,3753
"Yeah, it's totally symmetrical.",41,describer,5,FALSE,NA,3753
"Yeah, it looks like a crab too.",41,describer,6,FALSE,NA,3753
