selected_image,player_id,time_stamp,trial_id
AE,1,168.3219997882843,1
E,1,11.664000034332275,2
D,1,7.317999839782715,3
J,1,14.242000102996826,4
Y,1,8.209999799728394,5
X,1,10.661999940872192,6
H,1,26.55299997329712,7
U,1,23.562999963760376,8
R,1,8.094000101089478,9
N,1,13.657999992370605,10
A,1,33.77900004386902,11
Z,1,11.337000131607056,12
AJ,1,36.76600003242493,13
L,1,9.805000066757202,14
M,1,35.15999984741211,15
F,1,8.105999946594238,16
AA,1,14.763000011444092,17
AH,1,5.735999822616577,18
B,1,16.44099998474121,19
V,1,10.483999967575073,20
T,1,8.115000009536743,21
I,1,16.947999954223633,22
AC,1,13.486000061035156,23
O,1,10.177000045776367,24
AG,1,2.2330000400543213,25
AB,1,35.01700019836426,26
AG,1,3.371999979019165,27
P,1,19.167999982833862,28
W,1,9.48199987411499,29
C,1,12.055000066757202,30
AF,1,16.134999990463257,31
G,1,22.414000034332275,32
S,1,9.174999952316284,33
AI,1,16.49400019645691,34
W,1,9.344000101089478,35
AD,1,10.798999786376953,36
Z,2,119.25699996948242,37
Q,2,16.52300000190735,38
X,2,6.7200000286102295,39
W,2,10.682000160217285,40
AH,2,4.151000022888184,41
B,2,18.97000002861023,42
H,2,23.037999868392944,43
J,2,11.511000156402588,44
AF,2,5.261000156402588,45
AC,2,14.188999891281128,46
AI,2,9.58400011062622,47
R,2,5.240999937057495,48
M,2,5.605000019073486,49
D,2,9.66100001335144,50
I,2,12.650000095367432,51
AD,2,5.86899995803833,52
Z,2,43.30000019073486,53
AB,2,17.256999969482422,54
Z,1,59.37000012397766,55
D,1,4.88100004196167,56
M,1,8.062000036239624,57
AD,1,8.611000061035156,58
I,1,6.46399998664856,59
J,1,17.42199993133545,60
AH,1,3.0939998626708984,61
X,1,4.098999977111816,62
B,1,13.059000015258789,63
AF,1,3.3320000171661377,64
G,1,9.152000188827515,65
AB,1,9.65499997138977,66
R,1,5.269000053405762,67
AC,1,3.1440000534057617,68
H,1,8.27999997138977,69
W,1,6.115000009536743,70
AI,1,7.825999975204468,71
AB,2,87.05999994277954,72
H,2,7.454999923706055,73
AC,2,5.0879998207092285,74
B,2,7.1549999713897705,75
AF,2,3.4609999656677246,76
W,2,6.709000110626221,77
R,2,4.551000118255615,78
I,2,5.077000141143799,79
G,2,5.385999917984009,80
X,2,4.34499979019165,81
AI,2,4.450000047683716,82
AH,2,3.3470001220703125,83
Z,2,16.381999969482422,84
J,2,5.746999979019165,85
D,2,4.509999990463257,86
AD,2,4.4100000858306885,87
Q,2,4.5980000495910645,88
M,2,5.103000164031982,89
AF,1,58.757999897003174,90
AC,1,2.430999994277954,91
AI,1,6.543999910354614,92
M,1,3.1510000228881836,93
Q,1,2.757999897003174,94
AD,1,4.483999967575073,95
I,1,4.294000148773193,96
B,1,8.129999876022339,97
AB,1,7.2149999141693115,98
R,1,5.423999786376953,99
H,1,7.325999975204468,100
J,1,4.025000095367432,101
AH,1,2.328000068664551,102
W,1,4.098999977111816,103
X,1,4.480999946594238,104
Z,1,4.075000047683716,105
G,1,4.578000068664551,106
D,1,4.375999927520752,107
M,2,48.490999937057495,108
AB,2,6.297000169754028,109
G,2,3.1090002059936523,110
H,2,7.6529998779296875,111
D,2,4.4690001010894775,112
AF,2,4.27400016784668,113
I,2,3.3980000019073486,114
Q,2,3.426999807357788,115
B,2,5.538000106811523,116
W,2,5.561000108718872,117
AI,2,5.240000009536743,118
J,2,3.802000045776367,119
Q,2,3.318000078201294,120
AD,2,4.471999883651733,121
Z,2,4.444000005722046,122
AC,2,5.073999881744385,123
AH,2,3.5830001831054688,124
R,2,5.118000030517578,125
AB,1,64.62299990653992,126
B,1,7.671999931335449,127
H,1,7.009999990463257,128
Q,1,1.9500000476837158,129
J,1,9.858000040054321,130
AI,1,3.5379998683929443,131
Q,1,2.239000082015991,132
X,1,5.940000057220459,133
D,1,5.13700008392334,134
AD,1,4.2820000648498535,135
Z,1,4.126999855041504,136
R,1,5.028000116348267,137
W,1,4.363000154495239,138
I,1,4.142000198364258,139
AF,1,2.985999822616577,140
AC,1,3.06499981880188,141
G,1,6.101999998092651,142
AH,1,2.4059998989105225,143
N,2,67.30799984931946,144
V,2,11.233000040054321,145
AD,2,4.327000141143799,146
O,2,6.427000045776367,147
AC,2,5.375,148
Y,2,8.414999961853027,149
AG,2,3.569000005722046,150
J,2,3.248999834060669,151
C,2,9.110000133514404,152
AE,2,5.95199990272522,153
AI,2,5.172000169754028,154
AB,2,6.788000106811523,155
Z,2,4.328000068664551,156
W,2,4.449999809265137,157
S,2,3.1510000228881836,158
F,2,5.2179999351501465,159
X,2,4.609999895095825,160
D,2,4.569000005722046,161
M,2,4.7170000076293945,162
H,2,5.4649999141693115,163
AA,2,7.562999963760376,164
T,2,4.265000104904175,165
A,2,6.770999908447266,166
K,2,18.58399987220764,167
Q,2,4.559000015258789,168
G,2,5.187999963760376,169
E,2,4.934999942779541,170
I,2,3.2239999771118164,171
R,2,4.712000131607056,172
P,2,16.30399990081787,173
B,2,7.125,174
L,2,11.480999946594238,175
P,2,23.95199990272522,176
AF,2,3.322000026702881,177
AH,2,3.4169998168945312,178
U,2,9.738999843597412,179
V,3,22.2260000705719,180
M,3,24.238999843597412,181
AD,3,16.06500005722046,182
O,3,23.950000047683716,183
Z,3,36.18600010871887,184
N,3,25.45199990272522,185
C,3,23.252000093460083,186
AJ,3,18.734999895095825,187
AE,3,20.383000135421753,188
AA,3,30.042999982833862,189
AF,3,16.691999912261963,190
L,3,26.257999897003174,191
U,3,39.90299987792969,192
AG,3,11.16700005531311,193
Q,3,26.868000030517578,194
R,3,8.2260000705719,195
F,3,43.24300003051758,196
AH,3,10.81499981880188,197
B,3,25.75499987602234,198
T,3,20.36299991607666,199
AB,3,27.49500012397766,200
S,3,13.042999982833862,201
K,3,28.63700008392334,202
E,3,31.697999954223633,203
W,3,7.941999912261963,204
H,3,25.574999809265137,205
Y,3,42.7810001373291,206
D,3,9.34500002861023,207
AC,3,15.795000076293945,208
P,3,40.604000091552734,209
AI,3,20.15400004386902,210
I,3,25.14800000190735,211
L,4,75.9670000076294,212
AG,4,8.666000127792358,213
AI,4,5.688999891281128,214
D,4,12.497999906539917,215
H,4,10.20199990272522,216
X,4,11.227999925613403,217
Y,4,19.60199999809265,218
T,4,5.734999895095825,219
V,4,8.348999977111816,220
K,4,24.325000047683716,221
L,4,14.73200011253357,222
AC,4,9.453999996185303,223
E,4,20.414999961853027,224
AE,4,20.82100009918213,225
AA,4,13.376999855041504,226
AF,4,5.533000230789185,227
AB,4,20.86400008201599,228
A,4,39.842000007629395,229
H,3,84.03399991989136,230
Q,3,6.91100001335144,231
L,3,19.84500002861023,232
D,3,9.535999774932861,233
Y,3,11.960000038146973,234
AE,3,11.164999961853027,235
K,3,12.046000003814697,236
A,3,10.235000133514404,237
V,3,16.10599994659424,238
X,3,14.479000091552734,239
AG,3,9.473999977111816,240
E,3,12.031999826431274,241
AC,3,6.8429999351501465,242
T,3,10.258000135421753,243
AF,3,6.424000024795532,244
AB,3,15.17199993133545,245
AI,3,7.323000192642212,246
AA,3,10.176000118255615,247
AB,4,74.65499997138977,248
A,4,7.712000131607056,249
V,4,5.877000093460083,250
L,4,9.157999992370605,251
AF,4,7.60099983215332,252
AE,4,6.8450000286102295,253
AA,4,6.465000152587891,254
D,4,6.765000104904175,255
AG,4,6.190000057220459,256
X,4,10.582000017166138,257
Y,4,8.074000120162964,258
K,4,7.055999994277954,259
AB,4,5,260
Q,4,14.002000093460083,261
AI,4,6.922999858856201,262
T,4,7.759999990463257,263
AC,4,8.122999906539917,264
H,4,5.1590001583099365,265
H,3,58.35000014305115,266
AI,3,4.370000123977661,267
AF,3,6.682999849319458,268
AC,3,7.978999853134155,269
D,3,14.074000120162964,270
Y,3,8.918999910354614,271
AB,3,11.396000146865845,272
T,3,10.174000024795532,273
Q,3,3.817000150680542,274
AG,3,6.7129998207092285,275
L,3,17.248000144958496,276
AA,3,6.572000026702881,277
AE,3,10.246999979019165,278
X,3,7.115000009536743,279
K,3,9.198999881744385,280
A,3,9.16100001335144,281
V,3,13.57200002670288,282
AF,3,6.375,283
AA,4,54.82699990272522,284
AE,4,6.17900013923645,285
A,4,6.353999853134155,286
H,4,7.204999923706055,287
AB,4,10.532000064849854,288
Y,4,5.059999942779541,289
Q,4,8.282999992370605,290
E,4,4.010000228881836,291
L,4,7.6540000438690186,292
K,4,7.5329999923706055,293
X,4,8.199999809265137,294
AC,4,7.9090001583099365,295
T,4,5.56000018119812,296
D,4,10.319999933242798,297
AI,4,7.903000116348267,298
V,4,5.679999828338623,299
AG,4,5.8480000495910645,300
AF,4,5.901000022888184,301
AB,3,46.28200006484985,302
X,3,8.884000062942505,303
AA,3,5.75600004196167,304
V,3,12.968999862670898,305
D,3,6.168000221252441,306
AE,3,11.45300006866455,307
Q,3,4.138000011444092,308
A,3,9.658999919891357,309
AI,3,4.255000114440918,310
AC,3,6.0940001010894775,311
K,3,9.151000022888184,312
Y,3,8.462000131607056,313
AF,3,5.194999933242798,314
E,3,6.26800012588501,315
L,3,9.684000015258789,316
T,3,7.664999961853027,317
H,3,6.559999942779541,318
AG,3,7.633000135421753,319
F,4,49.07699990272522,320
AF,4,5.275000095367432,321
AI,4,4.7200000286102295,322
W,4,5.789000034332275,323
AA,4,5.74399995803833,324
O,4,18.027000188827515,325
C,4,13.999000072479248,326
H,4,5.394000053405762,327
A,4,5.148000001907349,328
AD,4,17.086999893188477,329
AE,4,9.855999946594238,330
Q,4,5.823999881744385,331
I,4,8.644999980926514,332
Z,4,5.4750001430511475,333
L,4,7.417999982833862,334
AC,4,7.566999912261963,335
Y,4,7.266000032424927,336
F,4,6.169999837875366,337
X,4,6.358000040054321,338
T,4,5.639999866485596,339
AB,4,6.184000015258789,340
M,4,7.77400016784668,341
D,4,5.1000001430511475,342
J,4,12.657000064849854,343
AH,4,4.700000047683716,344
E,4,4.565999984741211,345
V,4,6.576000213623047,346
B,4,6.685999870300293,347
U,4,8.355000019073486,348
N,4,11.283999919891357,349
AJ,4,6.444999933242798,350
AG,4,5.633999824523926,351
K,4,9.85099983215332,352
S,4,10.211999893188477,353
P,4,16.217999935150146,354
Z,5,20.1729998588562,355
X,5,39.514999866485596,356
Z,5,16.674999952316284,357
L,5,28.805000066757202,358
R,5,16.513000011444092,359
B,5,6.432000160217285,360
F,5,23.57200002670288,361
AE,5,45.27799987792969,362
AJ,5,20.738999843597412,363
AC,5,18.78600001335144,364
S,5,39.551000118255615,365
T,5,15.248999834060669,366
AE,5,34.8219997882843,367
D,5,23.27500009536743,368
A,5,40.09100008010864,369
C,5,11.45799994468689,370
Q,5,37.20700001716614,371
AH,5,8.922999858856201,372
V,5,25.520999908447266,373
U,5,43.1010000705719,374
H,5,18.890000104904175,375
O,5,16.54800009727478,376
J,5,16.49399995803833,377
AI,5,26.134999990463257,378
N,5,22.454999923706055,379
B,5,29.371999979019165,380
W,5,15.146000146865845,381
AF,5,12.545000076293945,382
Y,5,11.127000093460083,383
AB,5,19.27900004386902,384
H,5,19.921000003814697,385
AG,5,7.710999965667725,386
S,5,14.644999980926514,387
Z,6,26.706000089645386,388
Z,6,10.933000087738037,389
G,6,24.086999893188477,390
C,6,11.23799991607666,391
I,6,10.84500002861023,392
S,6,13.755000114440918,393
B,6,34.39699983596802,394
F,6,11.051000118255615,395
J,6,11.240000009536743,396
P,6,50.81400012969971,397
M,6,10.674000024795532,398
U,6,18.1010000705719,399
N,6,8.199000120162964,400
O,6,6.1650002002716064,401
R,6,9.546000003814697,402
AJ,6,9.212000131607056,403
W,6,23.085000038146973,404
AD,6,6.572999954223633,405
G,5,122.68200016021729,406
S,5,6.044999837875366,407
W,5,12.257999897003174,408
P,5,9.433000087738037,409
O,5,5.628000020980835,410
U,5,25.597000122070312,411
F,5,39.617000102996826,412
N,5,8.504000186920166,413
Z,5,6.192000150680542,414
AH,5,7.088000059127808,415
J,5,6.250999927520752,416
C,5,7.083999872207642,417
B,5,12.421000003814697,418
AD,5,7.148000001907349,419
I,5,11.375,420
AJ,5,8.414999961853027,421
Z,5,31.075999975204468,422
R,5,10.646999835968018,423
J,6,50.43899989128113,424
M,6,9.20199990272522,425
F,6,11.1489999294281,426
I,6,6.504999876022339,427
G,6,5.45199990272522,428
J,6,3.1710000038146973,429
S,6,12.900000095367432,430
B,6,20.94600009918213,431
AH,6,7.150000095367432,432
R,6,7.184000015258789,433
Z,6,7.768999814987183,434
P,6,13.180999994277954,435
AD,6,6.527000188827515,436
AJ,6,6.391000032424927,437
C,6,9.072999954223633,438
O,6,4.878000020980835,439
W,6,10.727999925613403,440
N,6,9.457000017166138,441
I,5,51.68500018119812,442
AJ,5,8.069000005722046,443
C,5,8.115000009536743,444
Z,5,7.187000036239624,445
G,5,8.935999870300293,446
AH,5,6.177999973297119,447
O,5,5.079999923706055,448
N,5,8.126999855041504,449
R,5,7.1579999923706055,450
I,5,5.7230000495910645,451
J,5,14.108000040054321,452
P,5,8.288000106811523,453
M,5,5.174000024795532,454
U,5,14.644000053405762,455
AD,5,6.309000015258789,456
S,5,4.388000011444092,457
F,5,6.4750001430511475,458
P,5,11.184000015258789,459
I,6,60.6489999294281,460
J,6,4.006999969482422,461
U,6,9.236000061035156,462
S,6,7.348999977111816,463
AD,6,4.496999979019165,464
C,6,13.36299991607666,465
F,6,8.54200005531311,466
B,6,8.835000038146973,467
G,6,6.073000192642212,468
AJ,6,4.16100001335144,469
M,6,7.436000108718872,470
W,6,7.369999885559082,471
P,6,9.230000019073486,472
Z,6,6.884999990463257,473
O,6,5.055999994277954,474
AH,6,6.450000047683716,475
R,6,4.0929999351501465,476
N,6,6.546999931335449,477
AB,6,95.31299996376038,478
AJ,6,8.15999984741211,479
P,6,10.549000024795532,480
AF,6,10.150000095367432,481
M,6,5.380999803543091,482
Q,6,18.477999925613403,483
Z,6,5.9019999504089355,484
N,6,7.809000015258789,485
U,6,6.561000108718872,486
AE,6,7.121000051498413,487
E,6,20.217000007629395,488
AD,6,6.059000015258789,489
AG,6,5.125999927520752,490
J,6,6.874000072479248,491
F,6,9.138999938964844,492
D,6,13.196000099182129,493
I,6,6.6000001430511475,494
W,6,6.613000154495239,495
A,5,25.88099980354309,496
C,5,7.466000080108643,497
AH,5,5.773000001907349,498
O,5,3.620000123977661,499
Q,5,34.95700001716614,500
AC,5,8.509999990463257,501
B,5,13.526999950408936,502
AI,5,13.371999979019165,503
V,5,8.63699984550476,504
T,5,6.4709999561309814,505
L,5,11.542999982833862,506
AA,5,16.397000074386597,507
AB,5,55.205000162124634,508
G,5,9.426000118255615,509
H,5,8.104000091552734,510
S,5,8.108000040054321,511
R,5,7.463000059127808,512
Y,5,9.914999961853027,513
W,7,97.57800006866455,514
B,7,19.710000038146973,515
S,7,32.02999997138977,516
U,7,41.14400005340576,517
K,7,140.67300009727478,518
AJ,7,19.86899995803833,519
N,7,18.276000022888184,520
Y,7,22.753000020980835,521
V,7,15.116000175476074,522
AD,7,19.100000143051147,523
Q,7,32.634000062942505,524
H,7,11.322999954223633,525
AH,7,6.175999879837036,526
L,7,10.644000053405762,527
F,7,10.815000057220459,528
AC,7,24.012999773025513,529
E,7,14.425999879837036,530
D,7,12.17900013923645,531
T,7,12.1489999294281,532
P,7,36.43400001525879,533
Z,7,20.131999969482422,534
C,7,21.186000108718872,535
AA,7,16.87999987602234,536
AI,7,18.651999950408936,537
M,7,19.91100001335144,538
A,7,18.30299997329712,539
R,7,8.44599986076355,540
K,7,24.993000030517578,541
AG,7,8.22100019454956,542
J,7,40.07299995422363,543
X,7,6.914000034332275,544
I,7,8.569000005722046,545
G,7,19.204999923706055,546
AE,7,11.48200011253357,547
O,7,10.54800009727478,548
AB,7,11.072999954223633,549
V,8,85.17400002479553,550
W,8,15.027999877929688,551
Y,8,12.614000082015991,552
AG,8,10.756999969482422,553
G,8,10.685999870300293,554
W,8,3.064000129699707,555
AI,8,31.450000047683716,556
N,8,9.444000005722046,557
U,8,20.69000005722046,558
I,8,8.562000036239624,559
AE,8,7.11899995803833,560
L,8,13.537999868392944,561
AJ,8,20.883999824523926,562
Z,8,10.567000150680542,563
AH,8,6.161999940872192,564
H,8,13.44599986076355,565
D,8,10.16700005531311,566
S,8,4.046000003814697,567
F,7,47.026000022888184,568
Y,7,9.669000148773193,569
I,7,7.828000068664551,570
S,7,8.25600004196167,571
Z,7,6.321999788284302,572
G,7,6.42900013923645,573
U,7,10.17900013923645,574
AJ,7,10.588000059127808,575
L,7,6.227999925613403,576
AI,7,6.210000038146973,577
V,7,6.20799994468689,578
H,7,7.177000045776367,579
AG,7,8.217000007629395,580
W,7,5.745000123977661,581
AH,7,6.552999973297119,582
AE,7,6.664999961853027,583
D,7,7.575000047683716,584
N,7,4.486999988555908,585
Y,8,59.33500003814697,586
AG,8,8.662999868392944,587
AH,8,5.172000169754028,588
V,8,3.9100000858306885,589
H,8,5.827999830245972,590
Z,8,7.463000059127808,591
F,8,5.131999969482422,592
D,8,6.4700000286102295,593
W,8,5.431999921798706,594
G,8,7.42300009727478,595
U,8,8.435999870300293,596
AI,8,9.936999797821045,597
L,8,10.098000049591064,598
I,8,6.711999893188477,599
AE,8,5.416999816894531,600
S,8,3.3529999256134033,601
N,8,6.829999923706055,602
AJ,8,3.752000093460083,603
L,7,85.66199994087219,604
AH,7,5.491000175476074,605
AE,7,7.562999963760376,606
G,7,4.194000005722046,607
N,7,5.575999975204468,608
V,7,5.33899998664856,609
AI,7,7.049999952316284,610
Z,7,5.628999948501587,611
Y,7,6.681999921798706,612
S,7,8.108999967575073,613
W,7,3.313999891281128,614
F,7,6.035999774932861,615
H,7,5.166000127792358,616
AG,7,7.124000072479248,617
D,7,5.359999895095825,618
I,7,6.375999927520752,619
AJ,7,4.625999927520752,620
U,7,5.17900013923645,621
W,8,35.8289999961853,622
I,8,7.338000059127808,623
G,8,6.263000011444092,624
Z,8,7.865999937057495,625
AG,8,9.529000043869019,626
W,8,3.197000026702881,627
S,8,3.2690000534057617,628
AE,8,7.736000061035156,629
L,8,9.44599986076355,630
AJ,8,4.786999940872192,631
AH,8,8.264999866485596,632
F,8,6.689000129699707,633
H,8,5.121999979019165,634
V,8,4.4700000286102295,635
Y,8,4.705999851226807,636
D,8,6.46399998664856,637
U,8,6.236999988555908,638
N,8,6.188999891281128,639
U,7,46.14699983596802,640
AG,7,6.1579999923706055,641
Y,7,7.5920000076293945,642
H,7,9.352999925613403,643
AJ,7,8.925999879837036,644
N,7,3.8889999389648438,645
S,7,6.099999904632568,646
AH,7,3.4539999961853027,647
Z,7,5.609999895095825,648
L,7,9.039000034332275,649
D,7,5.261999845504761,650
G,7,4.17300009727478,651
I,7,5.265000104904175,652
V,7,5.2170000076293945,653
F,7,4.64300012588501,654
AI,7,5.194000005722046,655
W,7,2.8910000324249268,656
AE,7,6.574000120162964,657
L,8,58.52499985694885,658
M,8,8.145999908447266,659
AE,8,4.498000144958496,660
S,8,3.135999917984009,661
E,8,8.101999998092651,662
AB,8,11.09600019454956,663
K,8,28.667999982833862,664
P,8,12.257999897003174,665
A,8,6.302000045776367,666
Z,8,7.063999891281128,667
H,8,4.542999982833862,668
R,8,5.973999977111816,669
U,8,8.263000011444092,670
Y,8,5.746999979019165,671
X,8,7.546999931335449,672
AJ,8,7.460000038146973,673
AC,8,8.562000036239624,674
O,8,6.124000072479248,675
B,8,13.924999952316284,676
D,8,6.365000009536743,677
W,8,2.7350001335144043,678
N,8,6.740999937057495,679
AD,8,6.601000070571899,680
AG,8,4.317999839782715,681
C,8,5.836999893188477,682
I,8,6.430000066757202,683
Q,8,14.40499997138977,684
AI,8,5.187999963760376,685
AF,8,10.59500002861023,686
F,8,6.514999866485596,687
V,8,4.459000110626221,688
J,8,11.702000141143799,689
G,8,6.570000171661377,690
AH,8,6.040999889373779,691
T,8,5.1529998779296875,692
AA,8,5.621999979019165,693
P,9,202.23399996757507,694
E,9,15.24399995803833,695
S,9,34.920000076293945,696
A,9,24.17799997329712,697
L,9,26.973999977111816,698
AE,9,32.84699988365173,699
P,9,15.156999826431274,700
AG,9,12.883000135421753,701
B,9,47.263999938964844,702
AD,9,6.333999872207642,703
F,9,12.622999906539917,704
Q,9,13.305000066757202,705
X,9,11.057000160217285,706
T,9,17.216000080108643,707
Y,9,6.266999959945679,708
O,9,17.082000017166138,709
AI,9,34.128000020980835,710
L,9,11.764999866485596,711
Z,9,15.463000059127808,712
AC,9,19.19599986076355,713
AF,9,11.226999998092651,714
R,9,14.52999997138977,715
P,9,20.707000017166138,716
AB,9,16.764999866485596,717
AH,9,6.871000051498413,718
AE,9,14.69700002670288,719
M,9,29.486999988555908,720
Y,9,12.279000043869019,721
AJ,9,12.205999851226807,722
U,9,26.831000089645386,723
AA,9,8.974999904632568,724
H,9,9.075000047683716,725
AJ,9,19.28600001335144,726
I,9,8.283999919891357,727
W,9,16.500999927520752,728
C,9,11.473999977111816,729
K,10,142.9579999446869,730
Q,10,7.361999988555908,731
E,10,8.539000034332275,732
AF,10,10.088000059127808,733
AB,10,17.609000205993652,734
C,10,13.15999984741211,735
J,10,16.70900011062622,736
M,10,17.4060001373291,737
AA,10,9.157999992370605,738
B,10,52.448999881744385,739
A,10,15.470999956130981,740
P,10,26.57699990272522,741
R,10,5.450000047683716,742
O,10,9.382999897003174,743
X,10,14.60700011253357,744
R,10,6.61899995803833,745
T,10,12.211000204086304,746
AD,10,7.168999910354614,747
B,9,110.22599983215332,748
P,9,5.79200005531311,749
R,9,6.634999990463257,750
P,9,4.942000150680542,751
O,9,9.677000045776367,752
T,9,9.587999820709229,753
AC,9,13.41700005531311,754
X,9,21.615000009536743,755
J,9,18.34500002861023,756
Q,9,13.92900013923645,757
E,9,13.315999984741211,758
M,9,24.276999950408936,759
AD,9,6.177000045776367,760
C,9,11.128999948501587,761
AA,9,13.425999879837036,762
A,9,14.198000192642212,763
P,9,11.11300015449524,764
AB,9,11.171000003814697,765
Q,10,103.6159999370575,766
E,10,5.828000068664551,767
AB,10,9.16700005531311,768
AF,10,7.072999954223633,769
A,10,9.509999990463257,770
AC,10,8.251000165939331,771
P,10,13.55400013923645,772
C,10,6.858999967575073,773
X,10,7.483999967575073,774
J,10,13.575000047683716,775
R,10,3.7919998168945312,776
AD,10,5.848999977111816,777
AA,10,9.58899998664856,778
B,10,20.170000076293945,779
M,10,7.641999959945679,780
O,10,4.555000066757202,781
K,10,12.947999954223633,782
T,10,7.559999942779541,783
X,9,84.9190001487732,784
Q,9,14.75,785
J,9,7.152000188827515,786
AB,9,6.17900013923645,787
A,9,7.41700005531311,788
B,9,10.184999942779541,789
P,9,4.783999919891357,790
AD,9,6.263000011444092,791
E,9,11.664000034332275,792
AF,9,8.190999984741211,793
C,9,8.375,794
M,9,10.178999900817871,795
AC,9,8.574999809265137,796
K,9,18.55900001525879,797
T,9,8.730000019073486,798
AA,9,5.26200008392334,799
R,9,4.979000091552734,800
O,9,9.139000177383423,801
AF,10,55.109999895095825,802
X,10,5.9700000286102295,803
C,10,6.541999816894531,804
A,10,10.141000032424927,805
J,10,9.146000146865845,806
P,10,7.865999937057495,807
T,10,6.957000017166138,808
Q,10,5.2179999351501465,809
K,10,7.986999988555908,810
AC,10,6.587000131607056,811
O,10,4.698999881744385,812
B,10,4.521000146865845,813
M,10,7.747999906539917,814
E,10,5.453999996185303,815
AA,10,7.22599983215332,816
R,10,3.0160000324249268,817
AB,10,5.121000051498413,818
AD,10,5.831000089645386,819
K,9,87.46000003814697,820
Q,9,6.634000062942505,821
P,9,4.254999876022339,822
AB,9,8.771000146865845,823
E,9,7.126999855041504,824
B,9,4.805999994277954,825
C,9,7.413000106811523,826
AA,9,4.491999864578247,827
J,9,8.836000204086304,828
X,9,7.931999921798706,829
AC,9,7.271999835968018,830
O,9,5.194999933242798,831
AF,9,7.190000057220459,832
R,9,4.408999919891357,833
A,9,7.710000038146973,834
AD,9,5.302000045776367,835
M,9,7.358000040054321,836
T,9,7.805000066757202,837
X,10,58.395999908447266,838
AB,10,5.039000034332275,839
S,10,7.811000108718872,840
F,10,8.398000001907349,841
AC,10,8.041999816894531,842
B,10,4.267999887466431,843
I,10,6.785999774932861,844
H,10,19.129000186920166,845
N,10,7.440000057220459,846
T,10,7.250999927520752,847
AD,10,5.180999994277954,848
AE,10,8.592999935150146,849
Y,10,11.337999820709229,850
K,10,8.151999950408936,851
M,10,7.391000032424927,852
E,10,5.128000020980835,853
Q,10,5.049000024795532,854
R,10,2.940999984741211,855
AH,10,7.085000038146973,856
J,10,7.490999937057495,857
Z,10,5.61899995803833,858
G,10,12.276999950408936,859
AG,10,8.575999975204468,860
AJ,10,8.187000036239624,861
V,10,9.266999959945679,862
P,10,8.235000133514404,863
C,10,5.556999921798706,864
L,10,11.281000137329102,865
AA,10,6.990999937057495,866
A,10,8.153000116348267,867
AF,10,5.555000066757202,868
W,10,17.75,869
AI,10,8.858999967575073,870
U,10,9.868000030517578,871
O,10,3.4670000076293945,872
D,10,8.249000072479248,873
L,11,179.34599995613098,874
AH,11,8.092000007629395,875
P,11,101.6949999332428,876
M,11,38.73399996757507,877
AD,11,26.76699995994568,878
U,11,48.04099988937378,879
I,11,14.299999952316284,880
AH,11,9.422000169754028,881
G,11,57.73099994659424,882
AC,11,36.007999897003174,883
E,11,19.77900004386902,884
Y,11,14.315000057220459,885
AA,11,32.19199991226196,886
S,11,22.81599998474121,887
N,11,19.49899983406067,888
AF,11,34.91000008583069,889
D,11,89.04199981689453,890
V,11,21.950999975204468,891
S,11,12.849000215530396,892
AG,11,15.398000001907349,893
Q,11,23.388000011444092,894
C,11,20.01099991798401,895
B,11,43.318000078201294,896
J,11,49.64800000190735,897
F,11,23.394999980926514,898
T,11,21.51099991798401,899
Z,11,46.78699994087219,900
AB,11,80.1930000782013,901
K,11,55.09699988365173,902
AH,11,5.767999887466431,903
X,11,30.216000080108643,904
AE,11,18.888000011444092,905
W,11,15.83400011062622,906
O,11,17.335000038146973,907
AJ,11,17.64800000190735,908
A,11,14.187000036239624,909
T,12,84.7039999961853,910
R,12,13.263999938964844,911
V,12,28.072999954223633,912
AB,12,44.54200005531311,913
G,12,64.59999990463257,914
L,12,22.183000087738037,915
A,12,11.986999988555908,916
Z,12,19.676999807357788,917
W,12,4.335000038146973,918
AF,12,15.009000062942505,919
AG,12,6.328999996185303,920
C,12,11.731000185012817,921
AD,12,13.793999910354614,922
AI,12,28.066999912261963,923
X,12,9.193000078201294,924
AH,12,7.351000070571899,925
M,12,27.76800012588501,926
B,12,37.88699984550476,927
B,11,81.54800009727478,928
V,11,17.84000015258789,929
L,11,14.077000141143799,930
AF,11,14.443000078201294,931
W,11,7.787999868392944,932
T,11,17.34599995613098,933
M,11,13.184999942779541,934
G,11,19.736999988555908,935
C,11,9.082000017166138,936
AH,11,6.0290000438690186,937
AD,11,9.039999961853027,938
AB,11,29.80999994277954,939
AG,11,11.289000034332275,940
A,11,8.944999933242798,941
Z,11,16.628000020980835,942
AI,11,19.697999954223633,943
R,11,6.293999910354614,944
X,11,5.795000076293945,945
Z,12,60.861000061035156,946
T,12,14.225000143051147,947
AD,12,7.5320000648498535,948
AG,12,8.251999855041504,949
AI,12,9.200000047683716,950
W,12,3.386000156402588,951
AH,12,5.24399995803833,952
Z,12,11.527000188827515,953
AB,12,35.776999950408936,954
M,12,9.586000204086304,955
C,12,6.700999975204468,956
X,12,6.441999912261963,957
AF,12,17.558000087738037,958
L,12,6.453000068664551,959
G,12,41.15400004386902,960
A,12,5.621000051498413,961
R,12,8.26800012588501,962
B,12,21.38700008392334,963
AI,11,82.18999981880188,964
AD,11,8.25,965
B,11,20.361000061035156,966
C,11,10.136000156402588,967
L,11,13.338000059127808,968
G,11,19.7189998626709,969
V,11,45.769999980926514,970
X,11,6.9670000076293945,971
AB,11,39.61299991607666,972
Z,11,11.175999879837036,973
A,11,7.510999917984009,974
AH,11,4.877000093460083,975
R,11,5.843999862670898,976
AG,11,11.66700005531311,977
AF,11,7.125,978
W,11,7.497000217437744,979
M,11,10.538000106811523,980
T,11,10.10699987411499,981
AD,12,43.28800010681152,982
V,12,9.662999868392944,983
C,12,9.190999984741211,984
AI,12,8.069999933242798,985
A,12,4.944999933242798,986
X,12,5.449000120162964,987
G,12,14.722000122070312,988
AG,12,6.5269999504089355,989
T,12,8.065000057220459,990
AB,12,15.07200002670288,991
W,12,3.5339999198913574,992
M,12,6.653000116348267,993
AF,12,6.455000162124634,994
R,12,6.435999870300293,995
AH,12,4.561999797821045,996
L,12,6.431999921798706,997
Z,12,12.590999841690063,998
B,12,7.353999853134155,999
AH,11,85.65299987792969,1000
AD,11,7.190999984741211,1001
W,11,5.736999988555908,1002
T,11,8.921000003814697,1003
B,11,20.9229998588562,1004
Z,11,18.503000020980835,1005
AF,11,12.368000030517578,1006
AG,11,11.285999774932861,1007
V,11,9.644999980926514,1008
AI,11,10.003999948501587,1009
G,11,9.151999950408936,1010
M,11,10.092999935150146,1011
X,11,7.608999967575073,1012
AB,11,19.86299991607666,1013
L,11,12.175999879837036,1014
C,11,8.452000141143799,1015
R,11,6.642999887466431,1016
A,11,8.25,1017
AC,12,68.36100006103516,1018
Z,12,9.60699987411499,1019
AI,12,7.136999845504761,1020
AB,12,9.924000024795532,1021
AE,12,10.449999809265137,1022
R,12,6.172999858856201,1023
W,12,2.7200000286102295,1024
O,12,5.359999895095825,1025
A,12,5.200000047683716,1026
X,12,7.177999973297119,1027
E,12,8.55299997329712,1028
I,12,6.08899998664856,1029
Y,12,12.753999948501587,1030
P,12,43.20899987220764,1031
N,12,5.332000017166138,1032
M,12,6.486999988555908,1033
U,12,15.66599988937378,1034
S,12,6.108000040054321,1035
T,12,9.361999988555908,1036
W,12,5.2820000648498535,1037
AD,12,8.151999950408936,1038
J,12,15.117999792098999,1039
Q,12,36.84599995613098,1040
B,12,8.495000123977661,1041
H,12,31.585000038146973,1042
AA,12,11.373999834060669,1043
AJ,12,8.76199984550476,1044
V,12,12.5239999294281,1045
C,12,6.185999870300293,1046
G,12,8.049999952316284,1047
K,12,7.234999895095825,1048
L,12,9.16599988937378,1049
D,12,14.091999769210815,1050
AH,12,4.7190001010894775,1051
F,12,5.818000078201294,1052
AG,12,5.053000211715698,1053
I,13,145.92600011825562,1054
AE,13,41.03800010681152,1055
I,13,16.55400013923645,1056
S,13,31.823999881744385,1057
AJ,13,41.741000175476074,1058
A,13,38.49600005149841,1059
F,13,38.526000022888184,1060
J,13,37.56100010871887,1061
AI,13,30.784000158309937,1062
M,13,34.54800009727478,1063
T,13,28.46499991416931,1064
AD,13,28.03700017929077,1065
O,13,16.264999866485596,1066
B,13,29.10599994659424,1067
K,13,38.61400008201599,1068
Z,13,25.563999891281128,1069
P,13,20.26799988746643,1070
AG,13,10.633000135421753,1071
E,13,11.215999841690063,1072
R,13,22.64800000190735,1073
L,13,34.12400007247925,1074
A,13,49.223000049591064,1075
AB,13,40.02500009536743,1076
Y,13,17.57200002670288,1077
N,13,24.650999784469604,1078
Q,13,39.343000173568726,1079
D,13,15.366999864578247,1080
H,13,21.144999980926514,1081
AF,13,21.223999977111816,1082
X,13,28.707000017166138,1083
R,13,169.46799993515015,1084
AC,13,8.634999990463257,1085
AH,13,11.256999969482422,1086
V,13,16.42199993133545,1087
AA,13,17.651999950408936,1088
L,13,31.67300009727478,1089
F,14,88.51599979400635,1090
I,14,33.294999837875366,1091
U,14,312.2890000343323,1092
K,14,33.680999994277954,1093
S,14,7.582000017166138,1094
J,14,52.45299983024597,1095
E,14,9.27999997138977,1096
Q,14,11.370000123977661,1097
AE,14,46.92799997329712,1098
Y,14,24.235999822616577,1099
O,14,13.966000080108643,1100
AJ,14,19.336999893188477,1101
AA,14,19.09000015258789,1102
AC,14,9.274999856948853,1103
D,14,16.383000135421753,1104
N,14,8.108000040054321,1105
P,14,36.371999979019165,1106
H,14,13.483000040054321,1107
D,13,67.4319999217987,1108
AJ,13,13.360999822616577,1109
F,13,13.342000007629395,1110
Q,13,11.918000221252441,1111
K,13,45.0770001411438,1112
H,13,9.180999994277954,1113
Y,13,10.781000137329102,1114
AE,13,8.444000005722046,1115
P,13,9.200999975204468,1116
E,13,8.442000150680542,1117
S,13,8.686000108718872,1118
AC,13,7.303000211715698,1119
U,13,12.609000205993652,1120
O,13,3.1760001182556152,1121
I,13,11.861999988555908,1122
J,13,22.57799983024597,1123
N,13,10.96999979019165,1124
AA,13,9.888000011444092,1125
S,14,78.72699999809265,1126
U,14,5.865999937057495,1127
Q,14,6.2799999713897705,1128
P,14,8.060999870300293,1129
N,14,10.217000007629395,1130
I,14,8.661999940872192,1131
O,14,6.614000082015991,1132
AC,14,5.565999984741211,1133
D,14,5.608999967575073,1134
Q,14,12.175999879837036,1135
AA,14,8.323999881744385,1136
Y,14,10.817000150680542,1137
H,14,7.016000032424927,1138
AJ,14,7.48199987411499,1139
E,14,8.927000045776367,1140
AE,14,9.434999942779541,1141
F,14,11.30299997329712,1142
J,14,15.83899998664856,1143
U,13,55.00600004196167,1144
K,13,15.269999980926514,1145
N,13,5.2179999351501465,1146
F,13,14.434999942779541,1147
P,13,10.009000062942505,1148
O,13,3.2249999046325684,1149
Y,13,9.180000066757202,1150
AC,13,6.223999977111816,1151
E,13,7.332000017166138,1152
AJ,13,12.153000116348267,1153
I,13,7.226999998092651,1154
AE,13,8.248999834060669,1155
AA,13,6.552999973297119,1156
S,13,8.242000102996826,1157
D,13,8.407000064849854,1158
O,13,11.699000120162964,1159
Q,13,11.042999982833862,1160
J,13,12.088000059127808,1161
AE,14,58.68300008773804,1162
U,14,5.888000011444092,1163
J,14,10.638000011444092,1164
D,14,5.716000080108643,1165
S,14,3.741000175476074,1166
Y,14,8.111000061035156,1167
K,14,10.600000143051147,1168
H,14,5.677999973297119,1169
AJ,14,7.4100000858306885,1170
O,14,8.141999959945679,1171
F,14,6.732999801635742,1172
I,14,7.674000024795532,1173
AA,14,8.453999996185303,1174
P,14,6.854000091552734,1175
E,14,6.744999885559082,1176
N,14,4.549999952316284,1177
Q,14,5.57699990272522,1178
AC,14,4.380000114440918,1179
H,13,47.687000036239624,1180
D,13,5.809000015258789,1181
AJ,13,11.656000137329102,1182
P,13,9.562999963760376,1183
AA,13,6.855000019073486,1184
I,13,5.542999982833862,1185
AC,13,5.562000036239624,1186
K,13,8.401000022888184,1187
J,13,13.313999891281128,1188
Q,13,10.211999893188477,1189
N,13,4.5329999923706055,1190
S,13,7.425999879837036,1191
AE,13,5.621999979019165,1192
F,13,8.373000144958496,1193
Y,13,7.141999959945679,1194
O,13,3.2990000247955322,1195
E,13,11.812999963760376,1196
U,13,8.569999933242798,1197
O,14,68.59500002861023,1198
P,14,5.496999979019165,1199
I,14,6.304999828338623,1200
M,14,20.92199993133545,1201
AC,14,5.128999948501587,1202
F,14,8.240999937057495,1203
U,14,7.611000061035156,1204
L,14,15.739000082015991,1205
AB,14,19.014999866485596,1206
E,14,8.429999828338623,1207
Y,14,7.2850000858306885,1208
J,14,10.686000108718872,1209
S,14,5.25,1210
AH,14,8.206000089645386,1211
AF,14,15.348999977111816,1212
C,14,32.26599979400635,1213
AD,14,20.53600001335144,1214
H,14,5.827999830245972,1215
W,14,8.612000226974487,1216
AG,14,8.33400011062622,1217
V,14,32.16799998283386,1218
K,14,6.358999967575073,1219
AA,14,7.822000026702881,1220
AJ,14,6.213000059127808,1221
AI,14,15.30400013923645,1222
B,14,201.6819999217987,1223
A,14,12.993000030517578,1224
AE,14,7.147000074386597,1225
X,14,23.014999866485596,1226
Q,14,5.522000074386597,1227
G,14,15.49399995803833,1228
D,14,4.811999797821045,1229
N,14,3.930999994277954,1230
W,14,12.536999940872192,1231
R,14,7.446000099182129,1232
Z,14,32.89199995994568,1233
C,15,205.65499997138977,1234
G,15,54.99900007247925,1235
AB,15,25.734999895095825,1236
V,15,66.29500007629395,1237
N,15,17.424000024795532,1238
AI,15,8.149999856948853,1239
D,15,12.344000101089478,1240
O,15,14.117000102996826,1241
AG,15,10.412000179290771,1242
Z,15,22.926000118255615,1243
AA,15,83.24000000953674,1244
AI,15,8.54200005531311,1245
I,15,16.370999813079834,1246
J,15,48.39400005340576,1247
U,15,19.61299991607666,1248
AI,15,15.792999982833862,1249
B,15,43.85800004005432,1250
Q,15,9.456000089645386,1251
F,15,22.141000032424927,1252
M,15,9.269000053405762,1253
O,15,20.283999919891357,1254
L,15,12.872999906539917,1255
AC,15,36.694000005722046,1256
AH,15,5.3450000286102295,1257
AJ,15,30.41200017929077,1258
AD,15,13.263999938964844,1259
AE,15,10.351999998092651,1260
AF,15,14.246999979019165,1261
H,15,12.18399977684021,1262
K,15,22.72499990463257,1263
X,15,15.597999811172485,1264
R,15,35.14699983596802,1265
T,15,10.562999963760376,1266
E,15,33.5770001411438,1267
P,15,24.40400004386902,1268
W,15,12.217000007629395,1269
Q,16,1170.361999988556,1270
R,16,14.969000101089478,1271
AD,16,6.825999975204468,1272
AF,16,15.72000002861023,1273
T,16,10.310999870300293,1274
L,16,34.307000160217285,1275
AH,16,8.630000114440918,1276
E,16,14.340999841690063,1277
U,16,26.41700005531311,1278
AD,16,5.564000129699707,1279
A,16,28.453999996185303,1280
Y,16,15.095999956130981,1281
AI,16,10.291000127792358,1282
AD,16,7.351999998092651,1283
X,16,20.95300006866455,1284
G,16,29.15400004386902,1285
K,16,11.20199990272522,1286
F,16,14.717999935150146,1287
R,15,109.51099991798401,1288
AD,15,25.366999864578247,1289
AI,15,3.7810001373291016,1290
Y,15,11.999000072479248,1291
G,15,15.680000066757202,1292
F,15,11.30400013923645,1293
E,15,13.419999837875366,1294
AF,15,9.567999839782715,1295
AB,15,7.591000080108643,1296
AC,15,4.164999961853027,1297
L,15,9.07099986076355,1298
U,15,10.730000019073486,1299
AH,15,5.144000053405762,1300
Q,15,6.608000040054321,1301
X,15,11.669000148773193,1302
K,15,10.062999963760376,1303
T,15,7.674000024795532,1304
A,15,13.11899995803833,1305
X,16,63.74500012397766,1306
Y,16,5.522000074386597,1307
AF,16,6.4029998779296875,1308
T,16,6.550999879837036,1309
R,16,12.73199987411499,1310
L,16,7.569999933242798,1311
U,16,5.552000045776367,1312
Q,16,7.479000091552734,1313
A,16,7.1549999713897705,1314
AD,16,6.4700000286102295,1315
G,16,9.235999822616577,1316
AB,16,5.0899999141693115,1317
AH,16,8.440000057220459,1318
K,16,7.760999917984009,1319
F,16,12.17799997329712,1320
AI,16,8.254999876022339,1321
E,16,7.726999998092651,1322
AC,16,6.49399995803833,1323
E,15,105.77100014686584,1324
AI,15,2.754999876022339,1325
X,15,12.685999870300293,1326
AB,15,6.121999979019165,1327
U,15,7.5290000438690186,1328
AH,15,4.411999940872192,1329
Y,15,5.056999921798706,1330
T,15,9.475000143051147,1331
G,15,8.102999925613403,1332
Q,15,6.234999895095825,1333
A,15,9.181999921798706,1334
L,15,5.479000091552734,1335
AD,15,8.575000047683716,1336
R,15,12.674000024795532,1337
AF,15,8.49400019645691,1338
AC,15,4.071000099182129,1339
F,15,8.151999950408936,1340
K,15,10.21399998664856,1341
G,16,55.407999992370605,1342
AD,16,4.325000047683716,1343
E,16,6.133999824523926,1344
K,16,5.5,1345
AC,16,6.651000022888184,1346
A,16,4.5970001220703125,1347
L,16,6.0920000076293945,1348
F,16,10.312000036239624,1349
Q,16,4.312000036239624,1350
U,16,4.582000017166138,1351
Y,16,5.200000047683716,1352
AI,16,4.31499981880188,1353
X,16,6.634000062942505,1354
R,16,4.638000011444092,1355
AH,16,4.8420000076293945,1356
AB,16,4.175999879837036,1357
AF,16,4.551000118255615,1358
T,16,6.193000078201294,1359
L,15,51.73699998855591,1360
AF,15,6.510999917984009,1361
G,15,7.019000053405762,1362
R,15,7.395999908447266,1363
Q,15,4.66100001335144,1364
F,15,7.069000005722046,1365
Y,15,5.309000015258789,1366
AC,15,4.052999973297119,1367
K,15,7.117000102996826,1368
A,15,7.565000057220459,1369
AB,15,6.194000005722046,1370
T,15,4.315000057220459,1371
E,15,7.075999975204468,1372
AD,15,8.526999950408936,1373
AI,15,3.4690001010894775,1374
X,15,7.453000068664551,1375
U,15,8.019999980926514,1376
AH,15,3.44599986076355,1377
O,16,75.62899994850159,1378
H,16,7.132000207901001,1379
AG,16,3.694999933242798,1380
AI,16,6.636999845504761,1381
V,16,8.20799994468689,1382
AH,16,7.196000099182129,1383
B,16,11.20799994468689,1384
I,16,7.3349997997283936,1385
D,16,10.087000131607056,1386
Q,16,5.305999994277954,1387
R,16,6.462000131607056,1388
G,16,5.54200005531311,1389
AC,16,7.239000082015991,1390
P,16,12.935999870300293,1391
AB,16,4.102999925613403,1392
Y,16,5.193000078201294,1393
X,16,6.17300009727478,1394
AF,16,5.454999923706055,1395
U,16,4.14900016784668,1396
L,16,5.521999835968018,1397
AD,16,4.397000074386597,1398
J,16,11.220999956130981,1399
N,16,11.151000022888184,1400
AA,16,14.138000011444092,1401
F,16,9.128999948501587,1402
E,16,5.56499981880188,1403
M,16,11.498000144958496,1404
S,16,7.1519999504089355,1405
W,16,5.013000011444092,1406
Z,16,16.22099995613098,1407
K,16,6.249000072479248,1408
A,16,5.726000070571899,1409
AE,16,7.626999855041504,1410
D,16,23.764000177383423,1411
C,16,11.161999940872192,1412
T,16,9.368000030517578,1413
C,17,203.6729998588562,1414
G,17,146.41100001335144,1415
AJ,17,33.5220000743866,1416
B,17,25.140000104904175,1417
AE,17,43.96599984169006,1418
V,17,35.88100004196167,1419
AC,17,20.67199993133545,1420
G,17,24.63599991798401,1421
R,17,29.246000051498413,1422
Y,17,59.532999992370605,1423
AF,17,25.799000024795532,1424
O,17,13.61900019645691,1425
AD,17,21.63100004196167,1426
A,17,71.74899983406067,1427
AG,17,10.661999940872192,1428
C,17,18.444999933242798,1429
S,17,26.55299997329712,1430
D,17,56.97100019454956,1431
E,17,26.306999921798706,1432
H,17,131.98399996757507,1433
AB,17,29.844000101089478,1434
K,17,50.93900012969971,1435
L,17,25.207000017166138,1436
Z,17,22.32100009918213,1437
P,17,165.75999999046326,1438
N,17,14.006999969482422,1439
AA,17,39.306999921798706,1440
X,17,11.910000085830688,1441
J,17,20.18499994277954,1442
AH,17,9.019000053405762,1443
M,17,17.085000038146973,1444
U,17,72.63199996948242,1445
F,17,54.09699988365173,1446
AB,17,42.24600005149841,1447
T,17,10.194000005722046,1448
I,17,5.33899998664856,1449
N,18,129.86800003051758,1450
AG,18,7.328999996185303,1451
P,18,32.73200011253357,1452
AE,18,12.452000141143799,1453
AA,18,8.571000099182129,1454
B,18,16.68999981880188,1455
M,18,10.249000072479248,1456
O,18,8.388000011444092,1457
J,18,14.5,1458
AJ,18,13.364000082015991,1459
D,18,16.197999954223633,1460
H,18,32.925999879837036,1461
C,18,12.631999969482422,1462
W,18,22.750999927520752,1463
S,18,6.242000102996826,1464
Z,18,8.269999980926514,1465
V,18,14.259999990463257,1466
I,18,5.230000019073486,1467
W,17,98.26799988746643,1468
I,17,4.541000127792358,1469
J,17,13.240999937057495,1470
P,17,15.111000061035156,1471
N,17,6.733000040054321,1472
AG,17,8.238999843597412,1473
AE,17,5.934000015258789,1474
B,17,21.13100004196167,1475
V,17,10.276000022888184,1476
O,17,6.194999933242798,1477
AA,17,4.29200005531311,1478
D,17,12.575000047683716,1479
AJ,17,7.415999889373779,1480
M,17,7.819999933242798,1481
C,17,7.182000160217285,1482
Z,17,6.108000040054321,1483
H,17,11.989000082015991,1484
S,17,5.141000032424927,1485
N,18,47.58899998664856,1486
AJ,18,6.239000082015991,1487
C,18,6.121999979019165,1488
S,18,8.33299994468689,1489
H,18,12.28600001335144,1490
AG,18,6.897000074386597,1491
P,18,11.347000122070312,1492
I,18,3.129999876022339,1493
D,18,7.322999954223633,1494
AE,18,5.194000005722046,1495
W,18,12.595999956130981,1496
O,18,7.348999977111816,1497
M,18,5.710999965667725,1498
Z,18,8.073999881744385,1499
J,18,10.316999912261963,1500
B,18,8.25,1501
AA,18,6.549000024795532,1502
V,18,8.384999990463257,1503
V,17,70.06100010871887,1504
S,17,3.2090001106262207,1505
N,17,7.0309998989105225,1506
AG,17,6.650000095367432,1507
M,17,7.23799991607666,1508
J,17,12.769000053405762,1509
AA,17,3.684999942779541,1510
C,17,9.240999937057495,1511
AJ,17,6.79200005531311,1512
O,17,5.272000074386597,1513
Z,17,4.669999837875366,1514
I,17,4.069999933242798,1515
B,17,7.580000162124634,1516
D,17,7.885999917984009,1517
W,17,4.598999977111816,1518
P,17,11.06499981880188,1519
AE,17,5.233000040054321,1520
H,17,8.813999891281128,1521
AE,18,46.950000047683716,1522
Z,18,5.240000009536743,1523
V,18,10.236000061035156,1524
P,18,6.671000003814697,1525
O,18,5.54200005531311,1526
W,18,5.9649999141693115,1527
M,18,4.227999925613403,1528
D,18,8.116999864578247,1529
AA,18,3.9129998683929443,1530
N,18,7.358999967575073,1531
J,18,5.746000051498413,1532
AJ,18,5.193000078201294,1533
S,18,5.2209999561309814,1534
H,18,8.322999954223633,1535
I,18,3.065999984741211,1536
C,18,10.121999979019165,1537
B,18,4.741000175476074,1538
AG,18,6.104000091552734,1539
AA,17,50.58400011062622,1540
S,17,4.148000001907349,1541
C,17,7.180999994277954,1542
AG,17,6.815000057220459,1543
Z,17,5.870999813079834,1544
O,17,4.648999929428101,1545
N,17,6.996000051498413,1546
M,17,6.609999895095825,1547
H,17,7.601999998092651,1548
W,17,4.325999975204468,1549
B,17,5.7170000076293945,1550
D,17,8.13100004196167,1551
I,17,3.239000082015991,1552
V,17,6.269999980926514,1553
AJ,17,4.354000091552734,1554
P,17,4.789999961853027,1555
J,17,9.148000001907349,1556
AE,17,4.58299994468689,1557
AJ,18,55.74799990653992,1558
Z,18,6.351000070571899,1559
J,18,5.414999961853027,1560
F,18,11.286999940872192,1561
N,18,7.6549999713897705,1562
U,18,34.80900001525879,1563
L,18,13.757999897003174,1564
AA,18,5.145999908447266,1565
AH,18,6.940000057220459,1566
T,18,6.296999931335449,1567
AG,18,5.123000144958496,1568
AE,18,4.126000165939331,1569
M,18,4.523999929428101,1570
O,18,5.495999813079834,1571
K,18,17.336999893188477,1572
A,18,63.18899989128113,1573
G,18,8.712999820709229,1574
AC,18,6.650000095367432,1575
I,18,2.6480000019073486,1576
E,18,15.266999959945679,1577
V,18,6.565000057220459,1578
H,18,6.799000024795532,1579
S,18,4.319000005722046,1580
Y,18,7.61899995803833,1581
X,18,7.16700005531311,1582
P,18,8.55400013923645,1583
AI,18,5.878999948501587,1584
Q,18,14.22100019454956,1585
AB,18,4.251999855041504,1586
B,18,4.315999984741211,1587
AD,18,2.945000171661377,1588
D,18,7.300000190734863,1589
C,18,5.147000074386597,1590
AF,18,13.82699990272522,1591
W,18,5.2749998569488525,1592
R,18,8.078999996185303,1593
I,19,297.7940001487732,1594
U,19,99.15100002288818,1595
AF,19,176.8399999141693,1596
C,19,38.18599987030029,1597
Z,19,96.1710000038147,1598
W,19,31.16600012779236,1599
J,19,221.08599996566772,1600
AI,19,89.64800000190735,1601
M,19,74.20700001716614,1602
AD,19,109.37000012397766,1603
AH,19,12.416000127792358,1604
V,19,36.84599995613098,1605
AE,19,116.72199988365173,1606
AI,19,125.28300023078918,1607
V,19,71.52999997138977,1608
AA,19,110.30700016021729,1609
G,19,77.93300008773804,1610
H,19,150.95300006866455,1611
AJ,19,61.413999795913696,1612
A,19,45.83500003814697,1613
AC,19,14.759999990463257,1614
Q,19,45.513999938964844,1615
S,19,22.587000131607056,1616
AG,19,44.42200016975403,1617
N,19,121.44099998474121,1618
F,19,40.92400002479553,1619
D,19,52.93599987030029,1620
I,19,8.986000061035156,1621
U,19,222.3710000514984,1622
K,19,57.03999996185303,1623
O,19,30.24400019645691,1624
AB,19,44.009000062942505,1625
E,19,23.210999965667725,1626
T,19,78.9760000705719,1627
X,19,23.622999906539917,1628
P,19,131.23099994659424,1629
AA,20,851.2260000705719,1630
O,20,14.07099986076355,1631
S,20,17.229000091552734,1632
AE,20,16.76099991798401,1633
C,20,23.335999965667725,1634
F,20,9.351999998092651,1635
T,20,107.81200003623962,1636
P,20,33.42799997329712,1637
AJ,20,12.049999952316284,1638
V,20,42.1010000705719,1639
E,20,21.542999982833862,1640
U,20,23.638000011444092,1641
K,20,18.407999992370605,1642
A,20,13.126000165939331,1643
N,20,8.148000001907349,1644
L,20,10.20199990272522,1645
AG,20,11.131999969482422,1646
Y,20,21.174000024795532,1647
AJ,19,631.4979999065399,1648
AJ,19,13.858999967575073,1649
P,19,64.13100004196167,1650
AG,19,8.138000011444092,1651
F,19,13.373999834060669,1652
L,19,13.272000074386597,1653
U,19,20.52300000190735,1654
AA,19,80.95500016212463,1655
N,19,8.438999891281128,1656
AE,19,7.641999959945679,1657
A,19,64.74300003051758,1658
E,19,10.32800006866455,1659
AJ,19,10.45900011062622,1660
S,19,8.1489999294281,1661
O,19,14.615000009536743,1662
Y,19,8.789000034332275,1663
T,19,34.65900015830994,1664
K,19,13.053000211715698,1665
F,20,102.7739999294281,1666
Y,20,6.784999847412109,1667
A,20,9.14300012588501,1668
AE,20,7.16700005531311,1669
P,20,25.977999925613403,1670
L,20,19.20899987220764,1671
AG,20,7.2179999351501465,1672
AJ,20,3.8970000743865967,1673
N,20,6.020000219345093,1674
K,20,10.32800006866455,1675
V,20,8.562999963760376,1676
S,20,6.68500018119812,1677
E,20,7.914000034332275,1678
O,20,7.640999794006348,1679
U,20,18.549999952316284,1680
T,20,7.518999814987183,1681
U,20,11.141999959945679,1682
AA,20,7.611999988555908,1683
F,19,76.89100003242493,1684
O,19,6.366000175476074,1685
T,19,7.181999921798706,1686
AE,19,7.26200008392334,1687
Y,19,7.552999973297119,1688
C,19,24.18999981880188,1689
N,19,8.681999921798706,1690
A,19,18.424000024795532,1691
K,19,7.684000015258789,1692
AA,19,6.135999917984009,1693
P,19,17.813000202178955,1694
AE,19,4.4019999504089355,1695
U,19,7.197999954223633,1696
AG,19,11.240000009536743,1697
E,19,9.335999965667725,1698
AJ,19,2.74399995803833,1699
V,19,6.255000114440918,1700
L,19,8.522000074386597,1701
V,20,61.38700008392334,1702
O,20,6.11899995803833,1703
E,20,5.631999969482422,1704
L,20,6.361999988555908,1705
F,20,9.424999952316284,1706
C,20,4.2809998989105225,1707
U,20,5.148000001907349,1708
AA,20,4.555000066757202,1709
AE,20,5.492000102996826,1710
AG,20,5.990999937057495,1711
P,20,7.2230000495910645,1712
S,20,5.2170000076293945,1713
A,20,18.503999948501587,1714
K,20,8.075000047683716,1715
N,20,4.726999998092651,1716
T,20,6.286999940872192,1717
AJ,20,3.703000068664551,1718
Y,20,5.661999940872192,1719
AJ,19,63.628000020980835,1720
K,19,21.246000051498413,1721
V,19,7.29200005531311,1722
N,19,7.266000032424927,1723
AE,19,4.79800009727478,1724
C,19,6.128000020980835,1725
AA,19,6.265000104904175,1726
L,19,6.132999897003174,1727
S,19,8.40499997138977,1728
T,19,9.563000202178955,1729
U,19,7.031999826431274,1730
P,19,6.974999904632568,1731
O,19,12.047999858856201,1732
AG,19,7.1579999923706055,1733
A,19,12.009000062942505,1734
E,19,7.710999965667725,1735
Y,19,4.703999996185303,1736
F,19,4.8450000286102295,1737
AJ,20,102.59500002861023,1738
AA,20,3.2970001697540283,1739
AB,20,18.49500012397766,1740
B,20,25.550000190734863,1741
X,20,8.375,1742
W,20,14.4760000705719,1743
G,20,36.18899989128113,1744
L,20,12.07200002670288,1745
AF,20,21.118000030517578,1746
AG,20,5.499000072479248,1747
AC,20,6.4649999141693115,1748
J,20,19.289999961853027,1749
E,20,5.375,1750
U,20,5.516000032424927,1751
Y,20,4.4659998416900635,1752
AH,20,8.151000022888184,1753
V,20,4.439000129699707,1754
C,20,4.358000040054321,1755
AF,20,24.46499991416931,1756
M,20,38.4539999961853,1757
K,20,7.631999969482422,1758
H,20,14.363999843597412,1759
S,20,4.585000038146973,1760
O,20,7.121000051498413,1761
AI,20,21.07800006866455,1762
N,20,5.226999998092651,1763
I,20,6.539999961853027,1764
T,20,5.114000082015991,1765
I,20,9.185999870300293,1766
P,20,7.4700000286102295,1767
AE,20,5.131999969482422,1768
M,20,19.875999927520752,1769
AD,20,15.159000158309937,1770
D,20,24.337000131607056,1771
F,20,18.618000030517578,1772
A,20,5.184999942779541,1773
C,21,280.9579999446869,1774
AJ,21,58.009000062942505,1775
AD,21,22.411999940872192,1776
I,21,14.973999977111816,1777
Y,21,23.247999906539917,1778
K,21,99.46599984169006,1779
U,21,23.168999910354614,1780
Q,21,79.13399982452393,1781
AF,21,44.31000018119812,1782
AG,21,7.651000022888184,1783
AI,21,16.521000146865845,1784
J,21,20.442000150680542,1785
B,21,331.1339998245239,1786
N,21,17.467000007629395,1787
AC,21,5.0950000286102295,1788
T,21,10.425999879837036,1789
L,21,11.676000118255615,1790
AH,21,5.702000141143799,1791
W,21,9.353000164031982,1792
E,21,10.245000123977661,1793
F,21,11.7739999294281,1794
AA,21,25.001999855041504,1795
V,21,18.463000059127808,1796
A,21,10.76799988746643,1797
I,21,45.7020001411438,1798
A,21,118.75699996948242,1799
I,21,20.0239999294281,1800
D,21,17.72000002861023,1801
X,21,14.735000133514404,1802
O,21,10.145000219345093,1803
Z,21,130.9579999446869,1804
M,21,13.932999849319458,1805
AB,21,21.949000120162964,1806
AE,21,43.48399996757507,1807
S,21,11.589999914169312,1808
Z,21,50.824000120162964,1809
D,22,162.60700011253357,1810
R,22,17.092999935150146,1811
AB,22,33.598999977111816,1812
J,22,35.64300012588501,1813
H,22,64.89199995994568,1814
M,22,9.164999961853027,1815
I,22,15.06600022315979,1816
AH,22,8.315000057220459,1817
W,22,11.723999977111816,1818
AD,22,24.002000093460083,1819
Z,22,9.032999992370605,1820
B,22,63.20799994468689,1821
Q,22,5.687999963760376,1822
AC,22,11.177000045776367,1823
X,22,17.305999994277954,1824
G,22,34.8439998626709,1825
AF,22,9.615000009536743,1826
AI,22,23.759000062942505,1827
I,21,70.19599986076355,1828
AB,21,9.907999992370605,1829
AD,21,5.301000118255615,1830
AF,21,7.921000003814697,1831
J,21,13.299000024795532,1832
B,21,23.01699995994568,1833
M,21,3.613999843597412,1834
R,21,6.129000186920166,1835
AH,21,3.0329999923706055,1836
AI,21,11.047999858856201,1837
G,21,21.89199995994568,1838
X,21,7.596999883651733,1839
W,21,7.598999977111816,1840
D,21,8.85700011253357,1841
Z,21,11.049999952316284,1842
H,21,11.194999933242798,1843
AC,21,3.3350000381469727,1844
Q,21,14.189000129699707,1845
AB,22,82.71300005912781,1846
AH,22,5.981000185012817,1847
M,22,5.859999895095825,1848
AC,22,15.365000009536743,1849
B,22,7.990000009536743,1850
D,22,6.778000116348267,1851
Z,22,6.7799999713897705,1852
J,22,20.03600001335144,1853
AF,22,6.408999919891357,1854
W,22,8.095999956130981,1855
Q,22,3.547999858856201,1856
AI,22,6.2840001583099365,1857
I,22,4.180000066757202,1858
G,22,4.937999963760376,1859
H,22,5.553999900817871,1860
X,22,6.578999996185303,1861
R,22,8.661999940872192,1862
AD,22,2.427999973297119,1863
AI,21,81.80299997329712,1864
Q,21,8.077000141143799,1865
AD,21,4.972999811172485,1866
Z,21,7.5980000495910645,1867
W,21,8.067999839782715,1868
AF,21,7.111999988555908,1869
X,21,6.477999925613403,1870
AH,21,3.8289999961853027,1871
R,21,5.144999980926514,1872
G,21,4.674000024795532,1873
I,21,3.625999927520752,1874
M,21,2.625,1875
AB,21,6.789999961853027,1876
B,21,5.861999988555908,1877
AC,21,2.1449999809265137,1878
D,21,9.14299988746643,1879
J,21,9.624000072479248,1880
H,21,3.9190001487731934,1881
D,22,42.83899998664856,1882
B,22,5.299000024795532,1883
Z,22,6.200999975204468,1884
X,22,4.4079999923706055,1885
I,22,4.276000022888184,1886
AF,22,5.269999980926514,1887
AI,22,6.835000038146973,1888
AB,22,6.4629998207092285,1889
W,22,8.614000082015991,1890
J,22,6.693000078201294,1891
AH,22,5.669999837875366,1892
M,22,3.919999837875366,1893
AD,22,2.796999931335449,1894
Q,22,4.416999816894531,1895
AC,22,6.398000001907349,1896
H,22,6.097999811172485,1897
G,22,4.42300009727478,1898
R,22,5.175999879837036,1899
AH,21,33.395999908447266,1900
B,21,7.315000057220459,1901
AB,21,7.840000152587891,1902
AI,21,6.551000118255615,1903
G,21,4.663999795913696,1904
AC,21,3.3489999771118164,1905
W,21,4.5980000495910645,1906
M,21,3.2189998626708984,1907
AF,21,6.9649999141693115,1908
Z,21,7.307000160217285,1909
H,21,5.227999925613403,1910
R,21,5.250999927520752,1911
X,21,5.83299994468689,1912
J,21,7.190999984741211,1913
Q,21,6.174999952316284,1914
D,21,5.770999908447266,1915
AD,21,4,1916
I,21,2.134000062942505,1917
AC,22,54.42899990081787,1918
J,22,18.032000064849854,1919
AH,22,4.781000137329102,1920
T,22,7.715000152587891,1921
W,22,6.5290000438690186,1922
X,22,4.4690001010894775,1923
Q,22,4.5920000076293945,1924
M,22,4.998999834060669,1925
AC,22,6.146000146865845,1926
S,22,3.438000202178955,1927
C,22,6.377000093460083,1928
K,22,7.968000173568726,1929
L,22,7.773999929428101,1930
AB,22,6.085999965667725,1931
B,22,5.672000169754028,1932
AF,22,5.398000001907349,1933
AA,22,9.628000020980835,1934
H,22,4.860999822616577,1935
AG,22,6.246999979019165,1936
A,22,58.39199995994568,1937
V,22,6.525000095367432,1938
AI,22,5.431999921798706,1939
P,22,61.14500021934509,1940
D,22,6.044999837875366,1941
E,22,11.08400011062622,1942
F,22,5.38100004196167,1943
G,22,4.517999887466431,1944
AE,22,8.2739999294281,1945
O,22,6.093999862670898,1946
N,22,6.631999969482422,1947
I,22,6.957000017166138,1948
Y,22,8.884999990463257,1949
AD,22,3.1410000324249268,1950
R,22,3.8349997997283936,1951
AJ,22,12.48800015449524,1952
U,22,32.66599988937378,1953
S,23,220.2630000114441,1954
AI,23,56.31000018119812,1955
AJ,23,37.4449999332428,1956
O,23,46.730000019073486,1957
AJ,23,16.536999940872192,1958
M,23,13.838000059127808,1959
R,23,53.30800008773804,1960
Z,23,93.32699990272522,1961
AJ,23,16.34999990463257,1962
K,23,36.34099984169006,1963
P,23,23.412999868392944,1964
E,23,46.85700011253357,1965
L,23,37.134000062942505,1966
AC,23,30.2739999294281,1967
T,23,21.79200005531311,1968
Z,23,56.71299982070923,1969
A,23,20.776000022888184,1970
AF,23,24.66600012779236,1971
Q,23,82.94599986076355,1972
G,23,47.30800008773804,1973
AG,23,20.75599980354309,1974
W,23,78.67400002479553,1975
AD,23,57.125,1976
Q,23,28.183000087738037,1977
E,23,85.83299994468689,1978
Y,23,16.31000018119812,1979
N,23,17.490999937057495,1980
AC,23,42.23100018501282,1981
F,23,35.855000019073486,1982
I,23,26.407000064849854,1983
M,23,12.609999895095825,1984
Y,23,48.996999979019165,1985
J,23,29.884999990463257,1986
H,23,54.59100008010864,1987
AA,23,33.13499999046326,1988
AH,23,25.39800000190735,1989
X,24,1444.4769999980927,1990
M,24,11.105999946594238,1991
AF,24,9.496999979019165,1992
AD,24,6.875999927520752,1993
AI,24,79.95700001716614,1994
W,24,15.47100019454956,1995
AH,24,9.361000061035156,1996
J,24,43.81500005722046,1997
Q,24,10.984999895095825,1998
Z,24,26.401999950408936,1999
AI,24,9.145999908447266,2000
H,24,19.26200008392334,2001
B,24,6.816999912261963,2002
R,24,12.428000211715698,2003
AC,24,9.717000007629395,2004
I,24,12.25,2005
AB,24,14.21399998664856,2006
D,24,9.993000030517578,2007
AH,23,125.00499987602234,2008
AI,23,13.94599986076355,2009
X,23,11.906999826431274,2010
B,23,10.731000185012817,2011
AC,23,10.143999814987183,2012
W,23,8.090999841690063,2013
I,23,15.168999910354614,2014
W,23,9.944000005722046,2015
AF,23,7.930000066757202,2016
Z,23,10.954999923706055,2017
Q,23,16.66699981689453,2018
D,23,13.13699984550476,2019
AI,23,11.248999834060669,2020
AB,23,18.732999801635742,2021
M,23,7.828999996185303,2022
H,23,17.274999856948853,2023
J,23,12.208000183105469,2024
G,23,9.53600001335144,2025
AF,24,192.81200003623962,2026
D,24,5.3459999561309814,2027
AH,24,3.378999948501587,2028
H,24,7.191999912261963,2029
G,24,5.369000196456909,2030
AB,24,13.944000005722046,2031
Z,24,6.678000211715698,2032
X,24,12.444999933242798,2033
I,24,6.197999954223633,2034
R,24,7.0970001220703125,2035
AD,24,5.148000001907349,2036
W,24,3.4529998302459717,2037
B,24,4.628999948501587,2038
AI,24,6.681999921798706,2039
Q,24,4.346999883651733,2040
M,24,7.551000118255615,2041
AC,24,7.258000135421753,2042
J,24,7.1570000648498535,2043
B,23,111.81900000572205,2044
X,23,5.986000061035156,2045
AI,23,11.697999954223633,2046
W,23,3.6599998474121094,2047
Z,23,10.413000106811523,2048
J,23,8.672999858856201,2049
M,23,6.183000087738037,2050
AH,23,6.83899998664856,2051
D,23,12.651999950408936,2052
AD,23,4.412999868392944,2053
I,23,9.080000162124634,2054
H,23,9.621000051498413,2055
Q,23,14.253000020980835,2056
G,23,6.707000017166138,2057
AF,23,8.332000017166138,2058
AB,23,9.200999975204468,2059
R,23,13.523000001907349,2060
AC,23,9.425999879837036,2061
Z,24,85.90400004386902,2062
AI,24,5.957000017166138,2063
I,24,6.00600004196167,2064
AB,24,7.394999980926514,2065
M,24,4.138999938964844,2066
X,24,6.1559998989105225,2067
Q,24,4.63700008392334,2068
AC,24,7.818000078201294,2069
B,24,6.174000024795532,2070
R,24,4.4679999351501465,2071
AH,24,3.557999849319458,2072
W,24,3.496999979019165,2073
D,24,6.549000024795532,2074
AF,24,5.200999975204468,2075
AD,24,2.797999858856201,2076
J,24,9.286999940872192,2077
H,24,8.241000175476074,2078
G,24,5.394000053405762,2079
W,23,59.46900010108948,2080
AD,23,4.4029998779296875,2081
AB,23,17.165000200271606,2082
B,23,6.787999868392944,2083
J,23,8.164999961853027,2084
W,23,3.821000099182129,2085
I,23,8.229000091552734,2086
Z,23,9.43500018119812,2087
D,23,10.30899977684021,2088
R,23,9.484999895095825,2089
X,23,5.305000066757202,2090
AC,23,8.38099980354309,2091
AF,23,7.568000078201294,2092
Q,23,11.532000064849854,2093
M,23,5.299999952316284,2094
AH,23,5.6000001430511475,2095
AI,23,7.603000164031982,2096
G,23,5.3440001010894775,2097
Z,24,86.44299983978271,2098
AH,24,3.5180001258850098,2099
C,24,10.796000003814697,2100
F,24,23.616000175476074,2101
AG,24,4.759999990463257,2102
AD,24,3.5209999084472656,2103
V,24,8.21399998664856,2104
Y,24,7.9040000438690186,2105
Q,24,4.746000051498413,2106
U,24,41.72699999809265,2107
N,24,10.277999877929688,2108
P,24,5.192000150680542,2109
AF,24,8.287999868392944,2110
J,24,8.526000022888184,2111
L,24,13.236000061035156,2112
R,24,4.419999837875366,2113
A,24,17.91599988937378,2114
T,24,8.5239999294281,2115
AA,24,12.031000137329102,2116
AC,24,5.58899998664856,2117
AB,24,9.21500015258789,2118
M,24,3.7890000343322754,2119
E,24,11.146000146865845,2120
W,24,3.236999988555908,2121
S,24,4.171000003814697,2122
D,24,7.365000009536743,2123
AE,24,9.8989999294281,2124
I,24,6.316999912261963,2125
O,24,3.8299999237060547,2126
B,24,6.81000018119812,2127
X,24,5.819999933242798,2128
AI,24,7.586999893188477,2129
K,24,9.895999908447266,2130
H,24,8.24399995803833,2131
G,24,5.716000080108643,2132
AJ,24,7.108999967575073,2133
R,25,150.1980001926422,2134
K,25,64.94800019264221,2135
AG,25,6.886000156402588,2136
U,25,39.88199996948242,2137
J,25,22.781999826431274,2138
AB,25,56.996999979019165,2139
L,25,16.61400008201599,2140
A,25,30.38599991798401,2141
O,25,9.15499997138977,2142
Y,25,24.026000022888184,2143
AC,25,25.316999912261963,2144
P,25,15.77999997138977,2145
M,25,51.145999908447266,2146
AE,25,14.638999938964844,2147
H,25,14.569000005722046,2148
R,25,23.15499997138977,2149
X,25,12.920000076293945,2150
Q,25,14.556999921798706,2151
E,25,12.229000091552734,2152
AD,25,11.852999925613403,2153
T,25,9.641000032424927,2154
F,25,11.51200008392334,2155
Z,25,22.585000038146973,2156
G,25,30.429999828338623,2157
N,25,11.264000177383423,2158
C,25,39.806999921798706,2159
AF,25,10.54099988937378,2160
AJ,25,16.186000108718872,2161
D,25,27.865000009536743,2162
V,25,7.977999925613403,2163
AI,25,21.847000122070312,2164
AA,25,31.23099994659424,2165
S,25,11.05299997329712,2166
W,25,9.473000049591064,2167
I,25,10.246000051498413,2168
AH,25,6.052000045776367,2169
S,26,91.4449999332428,2170
N,26,6.815999984741211,2171
N,26,5.70799994468689,2172
I,26,19.177000045776367,2173
O,26,12.629999876022339,2174
AJ,26,10.991999864578247,2175
J,26,16.200999975204468,2176
M,26,20.521000146865845,2177
AH,26,3.883999824523926,2178
U,26,42.29099988937378,2179
B,26,18.24399995803833,2180
I,26,6.147000074386597,2181
C,26,29.10699987411499,2182
W,26,4.561000108718872,2183
F,26,14.48800015449524,2184
AD,26,10.369999885559082,2185
P,26,10.69599986076355,2186
Z,26,7.960999965667725,2187
U,25,115.86400008201599,2188
AH,25,4.644999980926514,2189
B,25,11.2739999294281,2190
F,25,9.279000043869019,2191
Z,25,6.558000087738037,2192
P,25,3.681999921798706,2193
M,25,11.968999862670898,2194
N,25,7.17900013923645,2195
AD,25,6.08899998664856,2196
S,25,8.181999921798706,2197
G,25,8.128999948501587,2198
C,25,7.218000173568726,2199
W,25,5.138000011444092,2200
I,25,11.235000133514404,2201
AJ,25,13.108000040054321,2202
J,25,9.292999982833862,2203
O,25,7.210999965667725,2204
R,25,5.250999927520752,2205
C,26,74.19899988174438,2206
N,26,5.164000034332275,2207
Z,26,6.625,2208
U,26,25.20900011062622,2209
F,26,34.22099995613098,2210
J,26,8.19700002670288,2211
AJ,26,10.42300009727478,2212
I,26,6.025000095367432,2213
B,26,14.777999877929688,2214
M,26,8.98799991607666,2215
G,26,12.406999826431274,2216
P,26,5.9750001430511475,2217
AH,26,4.4730000495910645,2218
O,26,13.049000024795532,2219
AD,26,8.133999824523926,2220
R,26,6.324000120162964,2221
S,26,9.018999814987183,2222
W,26,3.069000005722046,2223
F,25,59.22199988365173,2224
W,25,5.1509997844696045,2225
C,25,6.215000152587891,2226
AJ,25,8.243000030517578,2227
O,25,5.732000112533569,2228
R,25,4.129000186920166,2229
B,25,12.625,2230
U,25,10.724999904632568,2231
G,25,8.388999938964844,2232
M,25,9.531999826431274,2233
J,25,9.52999997138977,2234
P,25,4.427999973297119,2235
S,25,4.7149999141693115,2236
AH,25,5.453000068664551,2237
AD,25,6.398999929428101,2238
N,25,4.2170000076293945,2239
I,25,5.574000120162964,2240
Z,25,5.357000112533569,2241
S,26,71.49399995803833,2242
I,26,6.111999988555908,2243
J,26,7.023999929428101,2244
B,26,23.16700005531311,2245
R,26,7.557000160217285,2246
W,26,4.1579999923706055,2247
AJ,26,7.9070000648498535,2248
AD,26,7.700999975204468,2249
P,26,5.891000032424927,2250
U,26,14.713000059127808,2251
Z,26,5.513999938964844,2252
N,26,3.3910000324249268,2253
G,26,9.05299997329712,2254
M,26,8.861000061035156,2255
AH,26,3.2769999504089355,2256
C,26,7.302000045776367,2257
F,26,8.51199984550476,2258
O,26,11.0239999294281,2259
C,25,88.52699995040894,2260
M,25,7.229000091552734,2261
S,25,3.7639999389648438,2262
Z,25,4.983000040054321,2263
O,25,3.6460001468658447,2264
F,25,5.538000106811523,2265
J,25,7.131999969482422,2266
B,25,6.433000087738037,2267
AD,25,6.891000032424927,2268
AH,25,5.490999937057495,2269
W,25,5.851999998092651,2270
P,25,6.049000024795532,2271
I,25,10.085000038146973,2272
AJ,25,5.562999963760376,2273
U,25,8.525999784469604,2274
AJ,25,1.8029999732971191,2275
N,25,8.428999900817871,2276
G,25,6.256999969482422,2277
AJ,26,70.75,2278
W,26,3.2760000228881836,2279
S,26,5.918999910354614,2280
AC,26,17.729000091552734,2281
J,26,7.7129998207092285,2282
G,26,13.96399998664856,2283
AD,26,8.638000011444092,2284
AH,26,3.0969998836517334,2285
Y,26,14.639000177383423,2286
M,26,8.109000205993652,2287
A,26,16.561000108718872,2288
C,26,10.363999843597412,2289
F,26,6.506999969482422,2290
I,26,6.227999925613403,2291
AG,26,8.968999862670898,2292
AA,26,21.484999895095825,2293
Z,26,6.111000061035156,2294
X,26,16.211999893188477,2295
K,26,13.081000089645386,2296
AB,26,36.99500012397766,2297
AE,26,10.093000173568726,2298
E,26,10.05299997329712,2299
N,26,2.8929998874664307,2300
AF,26,8.59500002861023,2301
V,26,4.349999904632568,2302
AI,26,16.955999851226807,2303
D,26,17.013000011444092,2304
L,26,9.363999843597412,2305
B,26,9.161999940872192,2306
R,26,15.330999851226807,2307
T,26,10.510999917984009,2308
O,26,6.483000040054321,2309
Q,26,10.629000186920166,2310
P,26,4.325999975204468,2311
H,26,4.546000003814697,2312
U,26,10.164000034332275,2313
R,27,270.3970000743866,2314
AG,27,10.901000022888184,2315
AI,27,26.960999965667725,2316
AF,27,40.76799988746643,2317
D,27,29.503999948501587,2318
AF,27,50.69000005722046,2319
W,27,49.28399991989136,2320
AE,27,50.19500017166138,2321
U,27,39.867000102996826,2322
L,27,28.805000066757202,2323
Q,27,27.90499997138977,2324
A,27,42.47200012207031,2325
AB,27,74.70700001716614,2326
W,27,39.18999981880188,2327
J,27,57.93299984931946,2328
AD,27,12.049999952316284,2329
K,27,54.503000020980835,2330
AH,27,12.072999954223633,2331
S,27,14.777999877929688,2332
N,27,24.76699995994568,2333
N,27,19.477999925613403,2334
Z,27,40.28699994087219,2335
G,27,38.78099989891052,2336
C,27,35.625,2337
T,27,13.032999992370605,2338
I,27,13.5,2339
X,27,18.50100016593933,2340
Z,27,21.515000104904175,2341
M,27,18.155999898910522,2342
F,27,13.70900011062622,2343
V,27,9.687999963760376,2344
O,27,14.91100001335144,2345
AC,27,12.04200005531311,2346
AA,27,24.57799983024597,2347
E,27,27.07699990272522,2348
P,27,10.902999877929688,2349
N,28,186.68699979782104,2350
D,28,20.585999965667725,2351
Z,28,9.960999965667725,2352
S,28,14.056999921798706,2353
I,28,18.312999963760376,2354
G,28,17.859999895095825,2355
AH,28,9.72599983215332,2356
Z,28,11.67900013923645,2357
V,28,15.131999969482422,2358
AI,28,55.188000202178955,2359
F,28,7.572999954223633,2360
L,28,16.873000144958496,2361
H,28,29.312000036239624,2362
W,28,13.329999923706055,2363
AH,28,11.319000005722046,2364
AE,28,11.55299997329712,2365
Y,28,22.02500009536743,2366
U,28,18.878999948501587,2367
AE,27,140.30200004577637,2368
G,27,9.148000001907349,2369
L,27,14.289000034332275,2370
U,27,59.35700011253357,2371
V,27,8.08400011062622,2372
AG,27,6.703999996185303,2373
H,27,28.873000144958496,2374
I,27,9.85700011253357,2375
D,27,17.704999923706055,2376
Z,27,13.147000074386597,2377
W,27,10.339999914169312,2378
F,27,9.822999954223633,2379
AI,27,14.69599986076355,2380
AJ,27,13.735000133514404,2381
N,27,9.448999881744385,2382
AH,27,8.147000074386597,2383
S,27,9.202999830245972,2384
Y,27,6.543999910354614,2385
Z,28,146.71200013160706,2386
AI,28,9.29699993133545,2387
L,28,7.167999982833862,2388
F,28,5.588000059127808,2389
N,28,7.098999977111816,2390
AH,28,9.590999841690063,2391
AE,28,9.069999933242798,2392
AJ,28,11.829999923706055,2393
V,28,4.551000118255615,2394
D,28,9.427000045776367,2395
G,28,10.65999984741211,2396
I,28,9.128999948501587,2397
W,28,20.651000022888184,2398
U,28,11.013000011444092,2399
AG,28,4.624000072479248,2400
H,28,17.60700011253357,2401
S,28,10.59500002861023,2402
Y,28,5.144999980926514,2403
V,27,79.94000005722046,2404
N,27,4.363999843597412,2405
Y,27,6.066999912261963,2406
U,27,9.628999948501587,2407
F,27,7.483000040054321,2408
I,27,8.884999990463257,2409
L,27,9.490000009536743,2410
AI,27,8.65499997138977,2411
G,27,8.444000005722046,2412
S,27,7.5269999504089355,2413
AG,27,5.023000001907349,2414
D,27,6.4670000076293945,2415
W,27,6.210000038146973,2416
AJ,27,8.560999870300293,2417
Z,27,5.664999961853027,2418
H,27,11.074000120162964,2419
AH,27,5.740999937057495,2420
AE,27,5.608999967575073,2421
F,28,45.97199988365173,2422
V,28,3.621000051498413,2423
D,28,8.370000123977661,2424
AI,28,10.203999996185303,2425
AE,28,7.416999816894531,2426
AG,28,4.105000019073486,2427
Z,28,3.7730000019073486,2428
N,28,6.180000066757202,2429
H,28,5.7210001945495605,2430
AJ,28,10.229000091552734,2431
L,28,10.105999946594238,2432
W,28,7.996000051498413,2433
U,28,10.117000102996826,2434
G,28,8.709999799728394,2435
AH,28,8.07200002670288,2436
S,28,8.565000057220459,2437
I,28,10.539999961853027,2438
Y,28,4.144999980926514,2439
AH,27,132.6119999885559,2440
V,27,3.427000045776367,2441
D,27,6.485000133514404,2442
L,27,8.453999996185303,2443
Z,27,4.236999988555908,2444
G,27,8.730000019073486,2445
Y,27,5.05899977684021,2446
H,27,6.740000009536743,2447
AI,27,4.114000082015991,2448
W,27,5.000999927520752,2449
F,27,8.144999980926514,2450
I,27,10.222000122070312,2451
N,27,4.546999931335449,2452
S,27,5.0950000286102295,2453
AE,27,5.374000072479248,2454
AJ,27,6.0920000076293945,2455
U,27,6.675000190734863,2456
AG,27,6.13100004196167,2457
X,28,61.480000019073486,2458
AF,28,10.754000186920166,2459
T,28,5.868000030517578,2460
P,28,18.54800009727478,2461
I,28,12.088000059127808,2462
AJ,28,10.759999990463257,2463
O,28,9.624000072479248,2464
AC,28,10.104000091552734,2465
K,28,42.08899998664856,2466
F,28,6.335999965667725,2467
V,28,4.2749998569488525,2468
Y,28,5.05400013923645,2469
A,28,22.5,2470
L,28,8.573999881744385,2471
W,28,6.828999996185303,2472
AD,28,8.044999837875366,2473
AI,28,8.078999996185303,2474
P,28,7.102999925613403,2475
S,28,11.907000064849854,2476
E,28,14.522000074386597,2477
C,28,8.111999988555908,2478
AB,28,13.431999921798706,2479
D,28,7.926999807357788,2480
AG,28,5.46999979019165,2481
N,28,5.517999887466431,2482
U,28,11.348999977111816,2483
AH,28,8.18999981880188,2484
M,28,19.2739999294281,2485
J,28,10.271000146865845,2486
H,28,6.063000202178955,2487
AE,28,7.125,2488
B,28,30.47599983215332,2489
R,28,8.167999982833862,2490
Z,28,3.6529998779296875,2491
M,28,6.04200005531311,2492
G,28,9.598999977111816,2493
D,29,266.82299995422363,2494
Y,29,25.180000066757202,2495
O,29,16.687999963760376,2496
F,29,38.19099998474121,2497
C,29,16.30299997329712,2498
E,29,10.26800012588501,2499
AD,29,11.295000076293945,2500
G,29,40.40900015830994,2501
B,29,27.117000102996826,2502
Z,29,45.75499987602234,2503
V,29,16.694000005722046,2504
P,29,71.60899996757507,2505
X,29,20.921000003814697,2506
A,29,29.51200008392334,2507
N,29,6.376999855041504,2508
K,29,28.842999935150146,2509
AJ,29,17.06599998474121,2510
W,29,11.180000066757202,2511
AH,29,5.651000022888184,2512
AE,29,14.82800006866455,2513
J,29,33.28099989891052,2514
T,29,12.625999927520752,2515
I,29,14.684000015258789,2516
AG,29,8.226999998092651,2517
S,29,10.954999923706055,2518
M,29,14.3510000705719,2519
R,29,21.924999952316284,2520
L,29,13.113999843597412,2521
H,29,11.836999893188477,2522
AC,29,14.438000202178955,2523
D,29,32.04699993133545,2524
AF,29,57.40900015830994,2525
AA,29,34.91799998283386,2526
AI,29,15.223999977111816,2527
Q,29,34.49499988555908,2528
AB,29,22.598999977111816,2529
AC,30,430.9779999256134,2530
AF,30,7.048999786376953,2531
R,30,12.216000080108643,2532
AB,30,5.211999893188477,2533
O,30,8.568000078201294,2534
X,30,2.806999921798706,2535
A,30,6.430999994277954,2536
O,30,6.480999946594238,2537
T,30,7.539999961853027,2538
K,30,13.947999954223633,2539
M,30,8.575999975204468,2540
B,30,9.92300009727478,2541
C,30,10.299999952316284,2542
P,30,14.2739999294281,2543
Q,30,6.692999839782715,2544
AA,30,8.524999856948853,2545
X,30,9.523000001907349,2546
E,30,5.38700008392334,2547
Q,29,91.89499998092651,2548
E,29,7.142000198364258,2549
AC,29,6.516000032424927,2550
P,29,5.641999959945679,2551
AF,29,5.172999858856201,2552
R,29,5.13100004196167,2553
AA,29,5.238999843597412,2554
T,29,6.454999923706055,2555
O,29,3.2230000495910645,2556
A,29,7.462000131607056,2557
C,29,6.460000038146973,2558
M,29,4.491999864578247,2559
AD,29,5.146999835968018,2560
K,29,8.325999975204468,2561
J,29,15.135999917984009,2562
X,29,4.434000015258789,2563
AB,29,5.546000003814697,2564
B,29,5.889000177383423,2565
X,30,47.41699981689453,2566
J,30,8.511000156402588,2567
AB,30,4.194999933242798,2568
P,30,7.638000011444092,2569
K,30,6.871000051498413,2570
C,30,5.668999910354614,2571
AC,30,4.765000104904175,2572
T,30,5.553999900817871,2573
AF,30,5.192999839782715,2574
A,30,6.104000091552734,2575
M,30,4.311000108718872,2576
R,30,8.309999942779541,2577
B,30,10.200000047683716,2578
AA,30,6.66100001335144,2579
Q,30,4.758999824523926,2580
AD,30,4.645999908447266,2581
E,30,5.28600001335144,2582
O,30,5.272000074386597,2583
AC,29,59.7979998588562,2584
T,29,3.24399995803833,2585
AD,29,5.460999965667725,2586
M,29,4.14300012588501,2587
K,29,6.19599986076355,2588
AB,29,7.13700008392334,2589
X,29,4.383999824523926,2590
E,29,5.129000186920166,2591
Q,29,4.182000160217285,2592
B,29,7.062999963760376,2593
AA,29,6.1540000438690186,2594
P,29,5.414000034332275,2595
A,29,8.513000011444092,2596
AF,29,4.476999998092651,2597
R,29,4.3379998207092285,2598
J,29,6.479000091552734,2599
O,29,9.230999946594238,2600
C,29,6.245000123977661,2601
AB,30,88.26500010490417,2602
E,30,6.351000070571899,2603
B,30,7.255000114440918,2604
X,30,4.2850000858306885,2605
Q,30,6.147000074386597,2606
A,30,5.161999940872192,2607
J,30,7.424999952316284,2608
AD,30,3.678999900817871,2609
C,30,7.488999843597412,2610
T,30,4.961999893188477,2611
R,30,6.7829999923706055,2612
M,30,4.355000019073486,2613
O,30,4.934000015258789,2614
P,30,8.325000047683716,2615
AF,30,4.318000078201294,2616
AA,30,6.7799999713897705,2617
AC,30,3.7269999980926514,2618
K,30,8.275000095367432,2619
P,29,118.99100017547607,2620
R,29,3.677000045776367,2621
AC,29,7.291999816894531,2622
AD,29,4.565999984741211,2623
M,29,7.0970001220703125,2624
AA,29,4.438999891281128,2625
E,29,14.327000141143799,2626
O,29,10.276999950408936,2627
X,29,4.504999876022339,2628
J,29,5.509000062942505,2629
C,29,8.385999917984009,2630
K,29,10.425999879837036,2631
Q,29,7.448999881744385,2632
A,29,5.6499998569488525,2633
T,29,3.615000009536743,2634
B,29,7.278000116348267,2635
AB,29,6.4730000495910645,2636
AF,29,4.781999826431274,2637
AE,30,77.23300004005432,2638
AJ,30,6.677999973297119,2639
AC,30,3.309999942779541,2640
AG,30,5.0849997997283936,2641
AD,30,4.153000116348267,2642
F,30,10.538000106811523,2643
L,30,5.8399999141693115,2644
X,30,3.2760000228881836,2645
Z,30,10.20900011062622,2646
O,30,4.4649999141693115,2647
E,30,5.445000171661377,2648
AB,30,4.105000019073486,2649
J,30,6.144999980926514,2650
G,30,9.067999839782715,2651
W,30,5.206999778747559,2652
Q,30,5.187000036239624,2653
AI,30,11.598999977111816,2654
AA,30,4.610000133514404,2655
S,30,6.75600004196167,2656
K,30,7.33299994468689,2657
Y,30,17.122999906539917,2658
AF,30,4.197000026702881,2659
H,30,7.602999925613403,2660
AH,30,3.876000165939331,2661
U,30,12.419000148773193,2662
A,30,6.573999881744385,2663
M,30,5.20199990272522,2664
T,30,6.240999937057495,2665
P,30,8.763999938964844,2666
R,30,4.430999994277954,2667
D,30,12.527000188827515,2668
B,30,9.85700011253357,2669
I,30,6.2799999713897705,2670
N,30,6.203999996185303,2671
C,30,9.312999963760376,2672
V,30,8.36899995803833,2673
AC,31,274.8919999599457,2674
X,31,38.12299990653992,2675
P,31,161.65499997138977,2676
AC,31,62.414000034332275,2677
K,31,54.2279999256134,2678
E,31,18.664000034332275,2679
AB,31,25.10800004005432,2680
AE,31,14.992000102996826,2681
L,31,55.89299988746643,2682
T,31,26.103000164031982,2683
G,31,60.598000049591064,2684
H,31,47.24400019645691,2685
Q,31,14.480999946594238,2686
Y,31,18.896000146865845,2687
D,31,38.67200016975403,2688
J,31,38.188000202178955,2689
M,31,18.444000005722046,2690
F,31,20.381999969482422,2691
V,31,13.332000017166138,2692
AF,31,14.592000007629395,2693
S,31,16.393999814987183,2694
AA,31,64.21099996566772,2695
G,31,21.746000051498413,2696
G,31,19.121000051498413,2697
AG,31,9.263999938964844,2698
W,31,23.16600012779236,2699
C,31,17.2260000705719,2700
N,31,11.194000005722046,2701
U,31,24.88699984550476,2702
A,31,20.180999994277954,2703
AD,31,14.03600001335144,2704
I,31,17.348999977111816,2705
AJ,31,11.514999866485596,2706
R,31,15.144000053405762,2707
AH,31,10.474999904632568,2708
AI,31,25.100000143051147,2709
AF,32,133.32200002670288,2710
L,32,37.35199999809265,2711
T,32,13.549000024795532,2712
AD,32,14.168999910354614,2713
Z,32,26.108999967575073,2714
X,32,26.971999883651733,2715
AB,32,12.416000127792358,2716
W,32,8.786999940872192,2717
R,32,7.210000038146973,2718
AH,32,6.496000051498413,2719
G,32,21.22699999809265,2720
L,32,16.45899987220764,2721
M,32,9.80400013923645,2722
AI,32,35.56399989128113,2723
V,32,8.664000034332275,2724
G,32,43.71500015258789,2725
AG,32,7.13100004196167,2726
A,32,10.453999996185303,2727
V,31,68.70000004768372,2728
W,31,7.5909998416900635,2729
Z,31,19.598999977111816,2730
AF,31,7.365000009536743,2731
M,31,12.223999977111816,2732
G,31,18.223999977111816,2733
AB,31,15.172999858856201,2734
AD,31,5.560999870300293,2735
AG,31,5.128000020980835,2736
C,31,8.124000072479248,2737
B,31,13.162000179290771,2738
R,31,4.3440001010894775,2739
AI,31,6.134999990463257,2740
AH,31,8.134999990463257,2741
A,31,7.633000135421753,2742
L,31,12.94700002670288,2743
T,31,8.141000032424927,2744
L,31,10.129000186920166,2745
R,32,54.68300008773804,2746
AD,32,6.4049999713897705,2747
Z,32,5.198999881744385,2748
W,32,5.235999822616577,2749
B,32,9.851999998092651,2750
AG,32,7.330000162124634,2751
V,32,8.172999858856201,2752
AB,32,11.888999938964844,2753
AI,32,5.312000036239624,2754
M,32,5.703000068664551,2755
AF,32,8.40500020980835,2756
T,32,5.557000160217285,2757
AH,32,6.4709999561309814,2758
G,32,26.32699990272522,2759
X,32,7.609999895095825,2760
L,32,10.059000015258789,2761
A,32,8.381999969482422,2762
B,32,7.047000169754028,2763
M,31,101.40400004386902,2764
Z,31,9.167999982833862,2765
AI,31,5.480999946594238,2766
B,31,10.157999992370605,2767
A,31,6.525000095367432,2768
T,31,5.4690001010894775,2769
L,31,7.6579999923706055,2770
W,31,7.509000062942505,2771
AF,31,6.140000104904175,2772
X,31,8.388999938964844,2773
AG,31,6.370000123977661,2774
AD,31,4.674999952316284,2775
V,31,4.020999908447266,2776
AB,31,4.208000183105469,2777
C,31,8.378999948501587,2778
G,31,13.203999996185303,2779
AH,31,7.145999908447266,2780
R,31,4.555000066757202,2781
G,32,55.13199996948242,2782
W,32,6.370999813079834,2783
T,32,4.726000070571899,2784
AG,32,5.663000106811523,2785
L,32,6.88700008392334,2786
M,32,5.420000076293945,2787
AD,32,4.615999937057495,2788
AI,32,5.931999921798706,2789
C,32,4.3429999351501465,2790
A,32,4.332000017166138,2791
Z,32,5.023999929428101,2792
X,32,7.0920000076293945,2793
AG,32,7.520999908447266,2794
AB,32,6.360000133514404,2795
AF,32,6.369000196456909,2796
V,32,6.358000040054321,2797
R,32,3.2920000553131104,2798
B,32,6.422999858856201,2799
R,31,49.444000005722046,2800
T,31,5.145999908447266,2801
L,31,8.16100001335144,2802
AH,31,7.4710001945495605,2803
AD,31,6.014999866485596,2804
C,31,10.134999990463257,2805
A,31,8.467999935150146,2806
Z,31,4.7170000076293945,2807
AF,31,7.430000066757202,2808
B,31,8.35099983215332,2809
V,31,3.263000011444092,2810
AG,31,5.13700008392334,2811
AB,31,3.866999864578247,2812
AI,31,7.773000001907349,2813
G,31,10.557999849319458,2814
X,31,7.78600001335144,2815
M,31,5.180999994277954,2816
W,31,5.619999885559082,2817
L,32,68.21099996566772,2818
AB,32,5.247000217437744,2819
AI,32,5.091000080108643,2820
E,32,15.41599988937378,2821
R,32,3.3410000801086426,2822
C,32,4.446000099182129,2823
AF,32,5.424999952316284,2824
T,32,5.177999973297119,2825
Z,32,3.31000018119812,2826
S,32,5.2220001220703125,2827
A,32,5.128999948501587,2828
K,32,17.843000173568726,2829
D,32,10.180000066757202,2830
AA,32,8.10700011253357,2831
N,32,5.976999998092651,2832
AJ,32,14.483999967575073,2833
M,32,4.269999980926514,2834
AE,32,5.242000102996826,2835
Q,32,19.18400001525879,2836
F,32,15.677000045776367,2837
AG,32,6.248000144958496,2838
AD,32,5.138000011444092,2839
AH,32,4.437999963760376,2840
G,32,7.858000040054321,2841
Y,32,11.461999893188477,2842
H,32,6.578999996185303,2843
O,32,5.684000015258789,2844
W,32,4.148999929428101,2845
B,32,9.115000009536743,2846
J,32,11.083999872207642,2847
K,32,59.276999950408936,2848
K,32,7.486000061035156,2849
X,32,7.546000003814697,2850
I,32,14.139999866485596,2851
V,32,5.431999921798706,2852
AC,32,8.187999963760376,2853
V,33,327.0529999732971,2854
F,33,27.39199995994568,2855
AE,33,38.79299998283386,2856
I,33,13.830999851226807,2857
G,33,59.57299995422363,2858
U,33,35.579999923706055,2859
AD,33,47.79900002479553,2860
T,33,21.48099994659424,2861
W,33,18.32699990272522,2862
J,33,23.286999940872192,2863
Y,33,9.724999904632568,2864
AB,33,32.34500002861023,2865
R,33,20.01199984550476,2866
D,33,16.873000144958496,2867
Z,33,21.161999940872192,2868
F,33,40.26100015640259,2869
X,33,24.402999877929688,2870
K,33,18.133000135421753,2871
H,33,21.215999841690063,2872
M,33,34.00800013542175,2873
AC,33,17.332000017166138,2874
AG,33,14.627000093460083,2875
L,33,17.078999996185303,2876
C,33,12.509999990463257,2877
AI,33,38.38700008392334,2878
G,33,33.11399984359741,2879
H,33,14.111000061035156,2880
A,33,38.875,2881
S,33,19.700000047683716,2882
AH,33,7.088000059127808,2883
U,33,26.16100001335144,2884
N,33,15.444000005722046,2885
AA,33,14.906999826431274,2886
AJ,33,19.71500015258789,2887
S,33,17.894999980926514,2888
A,33,44.12299990653992,2889
Y,34,112.43999981880188,2890
Q,34,11.260999917984009,2891
H,34,8.978000164031982,2892
D,34,23.247000217437744,2893
I,34,12.733999967575073,2894
O,34,6.776000022888184,2895
N,34,10.236999988555908,2896
AC,34,8.625999927520752,2897
AE,34,16.52899980545044,2898
U,34,19.14800000190735,2899
P,34,6.110999822616577,2900
AA,34,7.355000019073486,2901
AJ,34,6.857999801635742,2902
U,34,21.19099998474121,2903
F,34,9.523000001907349,2904
E,34,6.63100004196167,2905
J,34,10.297999858856201,2906
S,34,5.769000053405762,2907
Y,33,66.34300017356873,2908
O,33,3.872999906539917,2909
I,33,7.322000026702881,2910
K,33,27.90400004386902,2911
E,33,11.18999981880188,2912
N,33,5.2250001430511475,2913
H,33,7.184000015258789,2914
S,33,7.34499979019165,2915
U,33,11.649999856948853,2916
P,33,6.546999931335449,2917
AJ,33,6.926000118255615,2918
F,33,9.162000179290771,2919
AE,33,6.311000108718872,2920
J,33,8.174000024795532,2921
AA,33,3.185999870300293,2922
D,33,8.542999982833862,2923
AC,33,4.676000118255615,2924
K,33,11.353999853134155,2925
AC,34,91.11500000953674,2926
S,34,4.661999940872192,2927
J,34,8.127000093460083,2928
K,34,4.059000015258789,2929
AE,34,5.395999908447266,2930
U,34,8.177000045776367,2931
AA,34,5.119999885559082,2932
Y,34,5.255000114440918,2933
H,34,6.445000171661377,2934
AJ,34,3.2850000858306885,2935
F,34,8.436000108718872,2936
E,34,4.365000009536743,2937
D,34,5.1519999504089355,2938
O,34,6.438999891281128,2939
N,34,6.453000068664551,2940
I,34,13.754999876022339,2941
Q,34,10.30299997329712,2942
P,34,4.454999923706055,2943
U,33,86,2944
P,33,6.488999843597412,2945
AE,33,5.533999919891357,2946
AJ,33,5.796999931335449,2947
AC,33,3.4709999561309814,2948
D,33,4.863000154495239,2949
E,33,3.118000030517578,2950
K,33,8.019000053405762,2951
S,33,6.238000154495239,2952
F,33,6.197999954223633,2953
I,33,5.711999893188477,2954
Y,33,5.486999988555908,2955
O,33,3.452000141143799,2956
J,33,4.9670000076293945,2957
N,33,5.186999797821045,2958
H,33,7.1570000648498535,2959
Q,33,2.580000162124634,2960
AA,33,3.121000051498413,2961
P,34,48.568000078201294,2962
I,34,5.493000030517578,2963
D,34,5.088000059127808,2964
AE,34,3.2869999408721924,2965
AC,34,6.064000129699707,2966
N,34,5.019999980926514,2967
U,34,7.144000053405762,2968
H,34,5.1519999504089355,2969
Q,34,6.002000093460083,2970
O,34,5.503000020980835,2971
J,34,0.9599997997283936,2972
K,34,6.106000185012817,2973
AA,34,4.138999938964844,2974
AJ,34,3.7330000400543213,2975
Y,34,4.328999996185303,2976
F,34,7.425999879837036,2977
S,34,3.4240000247955322,2978
E,34,5.023000001907349,2979
Q,33,63.36899995803833,2980
S,33,4.585999965667725,2981
K,33,3.820000171661377,2982
I,33,5.96399998664856,2983
H,33,5.5320000648498535,2984
E,33,4.2209999561309814,2985
N,33,4.802000045776367,2986
J,33,4.86299991607666,2987
O,33,3.305999994277954,2988
U,33,8.21399998664856,2989
AE,33,5.426999807357788,2990
Y,33,5.1570000648498535,2991
D,33,4.20799994468689,2992
AJ,33,5.185999870300293,2993
AA,33,3.2109999656677246,2994
P,33,5.164000034332275,2995
AC,33,3.877000093460083,2996
F,33,6.113999843597412,2997
AB,34,76.53699994087219,2998
U,34,8.144999980926514,2999
X,34,7.523000001907349,3000
I,34,6.126999855041504,3001
M,34,5.394000053405762,3002
Y,34,4.7769999504089355,3003
AI,34,10.539000034332275,3004
AF,34,17.287999868392944,3005
O,34,6.292999982833862,3006
J,34,8.131999969482422,3007
A,34,8.530999898910522,3008
V,34,22.395999908447266,3009
S,34,4.482000112533569,3010
AG,34,6.744999885559082,3011
D,34,5.11899995803833,3012
F,34,6.2179999351501465,3013
H,34,7.129999876022339,3014
C,34,8.411999940872192,3015
J,34,2.925999879837036,3016
Q,34,5.753000020980835,3017
G,34,6.7790000438690186,3018
N,34,5.601999998092651,3019
T,34,7.199000120162964,3020
A,34,12.171000003814697,3021
Z,34,13.151999950408936,3022
AH,34,6.292999982833862,3023
R,34,6.053999900817871,3024
AJ,34,4.273999929428101,3025
B,34,21.373000144958496,3026
AA,34,10.258000135421753,3027
Z,34,7.28600001335144,3028
AD,34,7.289999961853027,3029
K,34,4.866000175476074,3030
P,34,4.310999870300293,3031
AC,34,5.743000030517578,3032
E,34,4.091000080108643,3033
U,35,384.364000082016,3034
S,35,26.121000051498413,3035
J,35,93.9779999256134,3036
AF,35,48.97800016403198,3037
I,35,19.60199999809265,3038
V,35,17.21399998664856,3039
E,35,21.508000135421753,3040
AC,35,21.736999988555908,3041
Q,35,25.094000101089478,3042
B,35,29.348000049591064,3043
C,35,16.608999967575073,3044
K,35,33.89099979400635,3045
A,35,24.48300004005432,3046
X,35,93.00699996948242,3047
B,35,136.19199991226196,3048
AG,35,10.342000007629395,3049
AA,35,62.78999996185303,3050
L,35,94.96099996566772,3051
AI,35,22.48799991607666,3052
AE,35,35.05900001525879,3053
M,35,33.467000007629395,3054
AJ,35,30.066999912261963,3055
Z,35,34.31500005722046,3056
O,35,17.429999828338623,3057
AD,35,16.950000047683716,3058
R,35,12.360000133514404,3059
H,35,28.57699990272522,3060
D,35,31.575000047683716,3061
N,35,22.39800000190735,3062
AB,35,55.91599988937378,3063
G,35,20.913000106811523,3064
W,35,37.663999795913696,3065
F,35,8.697999954223633,3066
Y,35,15.378000020980835,3067
T,35,21.378000020980835,3068
AH,35,5.260999917984009,3069
AB,36,197.29399991035461,3070
AB,36,14.980999946594238,3071
Q,36,27.680000066757202,3072
Y,36,32.7260000705719,3073
K,36,29.01799988746643,3074
F,36,14.164000034332275,3075
AI,36,34.25600004196167,3076
G,36,37.20099997520447,3077
L,36,22.91100001335144,3078
R,36,12.190999984741211,3079
AC,36,19.039999961853027,3080
U,36,59.7039999961853,3081
T,36,10.913000106811523,3082
A,36,27.443000078201294,3083
E,36,25.316999912261963,3084
AI,36,6.312000036239624,3085
AH,36,4.9670000076293945,3086
X,36,23.575999975204468,3087
T,35,119.66600012779236,3088
L,35,11.910000085830688,3089
AD,35,4.525000095367432,3090
Q,35,6.722999811172485,3091
A,35,10.419000148773193,3092
R,35,8.54099988937378,3093
G,35,17.842000007629395,3094
U,35,13.138000011444092,3095
AF,35,25.18400001525879,3096
AC,35,9.254000186920166,3097
X,35,10.292999982833862,3098
K,35,9.418999910354614,3099
F,35,7.190999984741211,3100
AH,35,3.1640000343322754,3101
AI,35,9.925000190734863,3102
AB,35,7.362000226974487,3103
Y,35,4.382999897003174,3104
E,35,11.033999919891357,3105
T,36,68.68799996376038,3106
AB,36,7.142999887466431,3107
AD,36,8.007999897003174,3108
E,36,11.50600004196167,3109
Q,36,8.29200005531311,3110
AC,36,10.863999843597412,3111
X,36,7.384999990463257,3112
U,36,10.026999950408936,3113
G,36,16.30999994277954,3114
F,36,5.338000059127808,3115
AF,36,6.742000102996826,3116
K,36,9.27999997138977,3117
AI,36,8.064000129699707,3118
L,36,8.050999879837036,3119
A,36,8.990000009536743,3120
AH,36,4.312000036239624,3121
Y,36,8.45799994468689,3122
R,36,7.432999849319458,3123
Y,35,54.3219997882843,3124
T,35,6.375,3125
AH,35,3.830000162124634,3126
AB,35,6.187999963760376,3127
Q,35,5.619999885559082,3128
AD,35,4.066999912261963,3129
R,35,4.358000040054321,3130
K,35,7.19599986076355,3131
A,35,6.065999984741211,3132
G,35,14.14299988746643,3133
AC,35,6.8429999351501465,3134
AF,35,4.378000020980835,3135
F,35,6.578999996185303,3136
AI,35,7.0249998569488525,3137
X,35,5.138999938964844,3138
E,35,5.328999996185303,3139
L,35,6.325000047683716,3140
U,35,6.2829999923706055,3141
K,36,106.1489999294281,3142
Y,36,4.708999872207642,3143
R,36,5.70799994468689,3144
E,36,6.319000005722046,3145
AB,36,7.668999910354614,3146
U,36,4.607000112533569,3147
Q,36,5.932999849319458,3148
AH,36,4.396000146865845,3149
F,36,4.556999921798706,3150
G,36,6.883000135421753,3151
L,36,9.297999858856201,3152
A,36,11.518999814987183,3153
AI,36,6.541000127792358,3154
AD,36,5.484000205993652,3155
T,36,6.624000072479248,3156
X,36,7.260999917984009,3157
AC,36,7.634000062942505,3158
AF,36,5.690000057220459,3159
Q,35,55.117000102996826,3160
F,35,5.24399995803833,3161
U,35,6.231000185012817,3162
L,35,6.24399995803833,3163
Y,35,4.358999967575073,3164
AD,35,4.164000034332275,3165
AH,35,3.1009998321533203,3166
E,35,5.424999952316284,3167
AB,35,4.74399995803833,3168
AF,35,4.442999839782715,3169
R,35,3.5839998722076416,3170
A,35,4.394999980926514,3171
AC,35,5.164999961853027,3172
G,35,5.486000061035156,3173
K,35,5.194999933242798,3174
T,35,5.260999917984009,3175
AI,35,8.13700008392334,3176
X,35,4.986999988555908,3177
AA,36,107.28900003433228,3178
L,36,7.521999835968018,3179
V,36,13.062000036239624,3180
B,36,8.216000080108643,3181
S,36,8.889000177383423,3182
AF,36,5.437999963760376,3183
H,36,23.174000024795532,3184
Y,36,4.891999959945679,3185
Z,36,36.38099980354309,3186
A,36,5.534999847412109,3187
T,36,5.809999942779541,3188
AH,36,3.544999837875366,3189
AB,36,9.692999839782715,3190
AC,36,5.690999984741211,3191
R,36,5.652000188827515,3192
I,36,12.185999870300293,3193
F,36,4.42300009727478,3194
K,36,8.261000156402588,3195
AJ,36,23.955999851226807,3196
X,36,5.355000019073486,3197
C,36,5.568000078201294,3198
Q,36,5.472999811172485,3199
O,36,6.565999984741211,3200
E,36,6.436000108718872,3201
AG,36,8.900000095367432,3202
AD,36,5.437000036239624,3203
M,36,7.125999927520752,3204
U,36,4.446000099182129,3205
J,36,29.526000022888184,3206
D,36,15.557999849319458,3207
G,36,6.733000040054321,3208
N,36,11.569000005722046,3209
P,36,19.039000034332275,3210
AE,36,8.432999849319458,3211
W,36,5.663999795913696,3212
AI,36,4.639000177383423,3213
E,37,363.44400000572205,3214
D,37,39.50500011444092,3215
Z,37,50.78500008583069,3216
I,37,76.87100005149841,3217
K,37,23.34500002861023,3218
H,37,27.480000019073486,3219
AB,37,55.90300011634827,3220
C,37,30.543999910354614,3221
N,37,24.555000066757202,3222
AJ,37,45.342000007629395,3223
AB,37,33.875,3224
R,37,35.918999910354614,3225
Q,37,6.3450000286102295,3226
AC,37,16.60099983215332,3227
G,37,73.96099996566772,3228
AG,37,11.407999992370605,3229
AD,37,12.48199987411499,3230
X,37,20.316999912261963,3231
K,37,35.54099988937378,3232
Q,37,22.061000108718872,3233
O,37,18.855000019073486,3234
W,37,22.72099995613098,3235
V,37,11.182000160217285,3236
AE,37,26.85599994659424,3237
Y,37,16.199000120162964,3238
S,37,14.14299988746643,3239
M,37,136.53600001335144,3240
B,37,54.819000005722046,3241
M,37,16.371999979019165,3242
J,37,22.867000102996826,3243
AA,37,40.194000005722046,3244
E,37,37.60199999809265,3245
G,37,27.61300015449524,3246
AH,37,10.021000146865845,3247
G,37,23.822999954223633,3248
F,37,39.44000005722046,3249
H,38,150.99199986457825,3250
D,38,111.62700009346008,3251
B,38,31.430999994277954,3252
AE,38,15.371000051498413,3253
C,38,20.124000072479248,3254
AJ,38,20.312999963760376,3255
V,38,17.329999923706055,3256
Z,38,10.58299994468689,3257
AA,38,8.514000177383423,3258
M,38,46.003000020980835,3259
S,38,7.625,3260
N,38,36.04699993133545,3261
I,38,23.147000074386597,3262
W,38,14.305999994277954,3263
D,38,29.895999908447266,3264
AG,38,7.057000160217285,3265
O,38,10.32099986076355,3266
J,38,22.243000030517578,3267
AJ,37,139.10899996757507,3268
N,37,7.41100001335144,3269
C,37,9.235000133514404,3270
AA,37,7.610999822616577,3271
P,37,50.79100012779236,3272
V,37,11.020999908447266,3273
M,37,8.233999967575073,3274
W,37,10.884999990463257,3275
J,37,15.178000211715698,3276
S,37,8.884000062942505,3277
I,37,11.54800009727478,3278
O,37,7.697000026702881,3279
AE,37,9.186000108718872,3280
Z,37,16.59599995613098,3281
H,37,11.184999942779541,3282
J,37,13.440999984741211,3283
AG,37,6.636000156402588,3284
B,37,16.543999910354614,3285
AA,38,301.34800004959106,3286
V,38,7.5970001220703125,3287
I,38,6.199000120162964,3288
B,38,19.424999952316284,3289
Z,38,5.2170000076293945,3290
C,38,7.346999883651733,3291
O,38,8.196999788284302,3292
J,38,16.132999897003174,3293
M,38,5.770000219345093,3294
W,38,5.523000001907349,3295
N,38,7.166000127792358,3296
AJ,38,8.977999925613403,3297
AE,38,5.180999994277954,3298
D,38,12.696000099182129,3299
P,38,7.2789998054504395,3300
H,38,9.468999862670898,3301
AG,38,3.5350000858306885,3302
S,38,6.615000009536743,3303
D,37,95.75300002098083,3304
AE,37,8.194000005722046,3305
S,37,5.127000093460083,3306
M,37,14.14299988746643,3307
AJ,37,7.5929999351501465,3308
W,37,5.765999794006348,3309
C,37,7.770999908447266,3310
O,37,5.315999984741211,3311
I,37,3.7309999465942383,3312
H,37,7.634999990463257,3313
AA,37,6.166000127792358,3314
N,37,8.57200002670288,3315
V,37,7.432000160217285,3316
Z,37,6.184999942779541,3317
B,37,10.92300009727478,3318
P,37,6.348999977111816,3319
AG,37,6.239000082015991,3320
J,37,7.670000076293945,3321
V,38,59.55200004577637,3322
O,38,4.713000059127808,3323
I,38,4.626999855041504,3324
P,38,11.858999967575073,3325
AG,38,3.7300000190734863,3326
AE,38,6.802999973297119,3327
H,38,7.417999982833862,3328
Z,38,6.0320000648498535,3329
S,38,4.78600001335144,3330
M,38,4.341000080108643,3331
N,38,8.734999895095825,3332
D,38,10.898000001907349,3333
W,38,5.406000137329102,3334
AA,38,6.479000091552734,3335
J,38,4.5290000438690186,3336
B,38,10.38100004196167,3337
B,38,5.70199990272522,3338
C,38,5.002000093460083,3339
S,37,74.60999989509583,3340
O,37,6.203000068664551,3341
Z,37,3.7850000858306885,3342
I,37,4.375,3343
Z,37,3.05400013923645,3344
AJ,37,11.593000173568726,3345
P,37,7.428000211715698,3346
D,37,8.478999853134155,3347
C,37,12.138999938964844,3348
W,37,6.240000009536743,3349
H,37,7.468000173568726,3350
J,37,5.582000017166138,3351
V,37,7.381999969482422,3352
AG,37,5.941999912261963,3353
N,37,5.515000104904175,3354
AA,37,5.5279998779296875,3355
B,37,18.14800000190735,3356
AE,37,8.495999813079834,3357
U,38,81.11899995803833,3358
L,38,13.057000160217285,3359
AE,38,6.689000129699707,3360
S,38,4.707000017166138,3361
L,38,35.13499999046326,3362
H,38,6.539000034332275,3363
F,38,14.510999917984009,3364
B,38,10.131999969482422,3365
AC,38,7.689000129699707,3366
G,38,29.911999940872192,3367
O,38,6.016999959945679,3368
D,38,8.186000108718872,3369
P,38,6.253000020980835,3370
Z,38,4.090000152587891,3371
Y,38,13.53600001335144,3372
M,38,5.424999952316284,3373
N,38,18.3439998626709,3374
X,38,23.251999855041504,3375
C,38,8.205999851226807,3376
P,38,4.875,3377
AH,38,6.03600001335144,3378
AD,38,7.7200000286102295,3379
Q,38,8.497999906539917,3380
I,38,7.426000118255615,3381
AB,38,21.042999982833862,3382
R,38,12.138999938964844,3383
AA,38,5.203999996185303,3384
J,38,12.489000082015991,3385
W,38,5.20799994468689,3386
AJ,38,7.726000070571899,3387
AG,38,4.055000066757202,3388
AF,38,14.230000019073486,3389
A,38,28.546000003814697,3390
T,38,7.302999973297119,3391
E,38,15.440999984741211,3392
AI,38,16.788000106811523,3393
A,39,347.77800011634827,3394
U,39,41.365999937057495,3395
Q,39,29.335000038146973,3396
X,39,17.953999996185303,3397
O,39,14.83400011062622,3398
AA,39,47.1710000038147,3399
E,39,17.931999921798706,3400
AB,39,18.519999980926514,3401
AG,39,6.257999897003174,3402
B,39,25.75600004196167,3403
K,39,28.33799982070923,3404
AH,39,17.020999908447266,3405
C,39,11.296000003814697,3406
S,39,14.42799997329712,3407
N,39,50.8050000667572,3408
AF,39,11.354000091552734,3409
F,39,16.799999952316284,3410
AH,39,8.861999988555908,3411
J,39,28.052000045776367,3412
AD,39,17.24399995803833,3413
Z,39,62.960999965667725,3414
A,39,78.1800000667572,3415
P,39,17.12999987602234,3416
AE,39,78.54200005531311,3417
AC,39,30.17900013923645,3418
AI,39,16.901000022888184,3419
H,39,16.380000114440918,3420
A,39,13.690000057220459,3421
Y,39,16.36900019645691,3422
D,39,25.301000118255615,3423
AJ,39,26.48900008201599,3424
I,39,10.5,3425
G,39,20.51200008392334,3426
R,39,15.138999938964844,3427
V,39,12.444000005722046,3428
M,39,13.127000093460083,3429
T,40,227.44900012016296,3430
L,40,14.825000047683716,3431
AE,40,6.9730000495910645,3432
P,40,57.478999853134155,3433
K,40,14.624000072479248,3434
P,40,6.312999963760376,3435
C,40,12.693000078201294,3436
V,40,19.14800000190735,3437
S,40,23.10700011253357,3438
O,40,7.359999895095825,3439
AJ,40,8.157999992370605,3440
AG,40,7.689000129699707,3441
N,40,10.644999980926514,3442
U,40,20.448000192642212,3443
A,40,13.52400016784668,3444
Y,40,19.21399998664856,3445
F,40,12.284000158309937,3446
AA,40,13.269000053405762,3447
S,39,90.91799998283386,3448
AE,39,7.142999887466431,3449
O,39,6.491000175476074,3450
A,39,7.126999855041504,3451
C,39,12.66700005531311,3452
T,39,33.07599997520447,3453
N,39,13.312000036239624,3454
K,39,9.28499984741211,3455
P,39,8.36899995803833,3456
AA,39,5.116000175476074,3457
Y,39,5.308000087738037,3458
U,39,13.963000059127808,3459
V,39,10.902999877929688,3460
AG,39,4.437000036239624,3461
AJ,39,12.40499997138977,3462
E,39,8.628999948501587,3463
F,39,10.694000005722046,3464
L,39,13.755000114440918,3465
L,40,177.56900000572205,3466
S,40,8.591000080108643,3467
N,40,10.932000160217285,3468
K,40,7.708000183105469,3469
F,40,9.25,3470
C,40,7.377000093460083,3471
AG,40,8.572999954223633,3472
Y,40,7.11299991607666,3473
U,40,13.668999910354614,3474
V,40,9.186000108718872,3475
AE,40,7.152000188827515,3476
AA,40,10.25600004196167,3477
A,40,11.858999967575073,3478
AJ,40,4.447999954223633,3479
P,40,10.51200008392334,3480
O,40,6.507000207901001,3481
E,40,5.4720001220703125,3482
T,40,6.117000102996826,3483
K,39,294.27300000190735,3484
U,39,7.343999862670898,3485
P,39,4.2850000858306885,3486
Y,39,7.53600001335144,3487
A,39,5.302999973297119,3488
AJ,39,3.7209999561309814,3489
O,39,5.194999933242798,3490
AE,39,3.681999921798706,3491
T,39,8.430000066757202,3492
N,39,6.161999940872192,3493
AA,39,7.115000009536743,3494
F,39,5.101000070571899,3495
E,39,7.105000019073486,3496
L,39,6.299999952316284,3497
C,39,7.082000017166138,3498
S,39,8.94700002670288,3499
AG,39,5.178999900817871,3500
V,39,13.57200002670288,3501
A,40,104.92900013923645,3502
AG,40,6.210000038146973,3503
AE,40,4.33299994468689,3504
Y,40,5.478999853134155,3505
N,40,6.207000017166138,3506
C,40,7.267999887466431,3507
S,40,6.0960001945495605,3508
P,40,3.486999988555908,3509
U,40,5.133999824523926,3510
K,40,8.859999895095825,3511
E,40,5.108000040054321,3512
T,40,4.9059998989105225,3513
O,40,6.45799994468689,3514
AJ,40,5.198999881744385,3515
V,40,4.46399998664856,3516
L,40,8.156000137329102,3517
F,40,4.276000022888184,3518
AA,40,8.083999872207642,3519
Y,39,74.01900005340576,3520
F,39,5.39900016784668,3521
U,39,5.085000038146973,3522
S,39,6.767000198364258,3523
O,39,5.509000062942505,3524
E,39,6.175999879837036,3525
L,39,7.293000221252441,3526
C,39,5.166000127792358,3527
P,39,3.9069998264312744,3528
AE,39,6.749000072479248,3529
AA,39,4.256999969482422,3530
K,39,7.077999830245972,3531
T,39,2.5739998817443848,3532
V,39,4.415999889373779,3533
AG,39,11.070000171661377,3534
N,39,8.261000156402588,3535
A,39,10.671000003814697,3536
AJ,39,3.8529999256134033,3537
AE,40,136.0569999217987,3538
Z,40,30.109000205993652,3539
L,40,12.88099980354309,3540
N,40,8.684999942779541,3541
AF,40,11.973999977111816,3542
O,40,7.115000009536743,3543
AC,40,8.20300006866455,3544
I,40,15.335000038146973,3545
T,40,8.397000074386597,3546
E,40,3.6440000534057617,3547
J,40,19.71499991416931,3548
AG,40,7.329999923706055,3549
U,40,6.4750001430511475,3550
Y,40,6.199000120162964,3551
D,40,9.184000015258789,3552
K,40,7.125,3553
M,40,9.621000051498413,3554
C,40,11.41700005531311,3555
V,40,6.131999969482422,3556
H,40,17.97000002861023,3557
B,40,12.710999965667725,3558
A,40,9.234000205993652,3559
P,40,3.3460001945495605,3560
F,40,6.136000156402588,3561
AD,40,8.371999979019165,3562
I,40,4.687000036239624,3563
D,40,62.07599997520447,3564
G,40,79.78200006484985,3565
X,40,9.091000080108643,3566
W,40,15.848999977111816,3567
S,40,8.185999870300293,3568
AI,40,13.851999998092651,3569
AA,40,11.430999994277954,3570
AH,40,9.785000085830688,3571
AJ,40,7.148999929428101,3572
R,40,8.585000038146973,3573
O,41,305.34500002861023,3574
A,41,41.22099995613098,3575
Y,41,48.86800003051758,3576
AH,41,12.879999876022339,3577
X,41,50.12600016593933,3578
AF,41,25.506999969482422,3579
Y,41,15.741000175476074,3580
U,41,22.431999921798706,3581
S,41,20.219000101089478,3582
L,41,35.806999921798706,3583
AA,41,29.240999937057495,3584
G,41,20.33299994468689,3585
AD,41,10.057000160217285,3586
AB,41,19.378000020980835,3587
D,41,17.925999879837036,3588
AG,41,5.697000026702881,3589
C,41,24.891000032424927,3590
W,41,10.54800009727478,3591
E,41,15.888000011444092,3592
G,41,112.8199999332428,3593
T,41,31.704999923706055,3594
N,41,14.049000024795532,3595
G,41,21.734999895095825,3596
J,41,14.315999984741211,3597
V,41,14.509999990463257,3598
G,41,62.09999990463257,3599
H,41,16.013999938964844,3600
AJ,41,82.85899996757507,3601
AC,41,6.855000019073486,3602
AC,41,12.174000024795532,3603
K,41,26.91000008583069,3604
Z,41,19.132999897003174,3605
R,41,9.520999908447266,3606
F,41,11.305999994277954,3607
AE,41,9.32200002670288,3608
M,41,17.371000051498413,3609
Q,42,153.75499987602234,3610
AE,42,14.097000122070312,3611
AA,42,18.020000219345093,3612
H,42,28.212000131607056,3613
AE,42,15.346999883651733,3614
A,42,19.687999963760376,3615
E,42,23.147000074386597,3616
D,42,19.895999908447266,3617
AG,42,6.016999959945679,3618
AF,42,15.626999855041504,3619
L,42,31.750999927520752,3620
AC,42,15.598999977111816,3621
X,42,21.13100004196167,3622
AE,42,6.309000015258789,3623
V,42,30.24399995803833,3624
K,42,26.34500002861023,3625
Y,42,13.059000015258789,3626
T,42,8.2220001220703125,3627
AC,41,61.098000049591064,3628
AI,41,10.998999834060669,3629
Q,41,12.661999940872192,3630
AA,41,9.17300009727478,3631
A,41,21.259999990463257,3632
AI,41,13.214999914169312,3633
H,41,15.861000061035156,3634
AB,41,14.76200008392334,3635
V,41,6.644999980926514,3636
T,41,8.173999786376953,3637
AF,41,7.2779998779296875,3638
X,41,11.354000091552734,3639
L,41,10.258000135421753,3640
D,41,6.5290000438690186,3641
Y,41,6.052999973297119,3642
AE,41,6.354000091552734,3643
AG,41,4.7820000648498535,3644
K,41,9.615000009536743,3645
A,42,76.51400017738342,3646
AB,42,6.065000057220459,3647
AC,42,6.744999885559082,3648
K,42,8.279000043869019,3649
AA,42,6.99399995803833,3650
Y,42,13.721999883651733,3651
T,42,6.620000123977661,3652
A,42,7.805999994277954,3653
AG,42,4.534999847412109,3654
AE,42,5.172999858856201,3655
E,42,10.992000102996826,3656
L,42,14.405999898910522,3657
Q,42,12.809000015258789,3658
AF,42,10.21999979019165,3659
H,42,7.176999807357788,3660
V,42,9.101999998092651,3661
X,42,10.54200005531311,3662
D,42,8.462999820709229,3663
D,41,59.73300004005432,3664
V,41,5.993000030517578,3665
AG,41,5.454999923706055,3666
L,41,4.75,3667
Y,41,6.457000017166138,3668
AC,41,4.539999961853027,3669
X,41,7.075999975204468,3670
A,41,7.933000087738037,3671
AF,41,5.052999973297119,3672
AB,41,6.183000087738037,3673
AA,41,5.118000030517578,3674
H,41,8.54200005531311,3675
AE,41,4.368000030517578,3676
Q,41,7.278000116348267,3677
L,41,7.973999977111816,3678
E,41,14.080999851226807,3679
T,41,5.377000093460083,3680
AI,41,31.400999784469604,3681
A,42,46.16300010681152,3682
AB,42,3.629999876022339,3683
V,42,8.589999914169312,3684
K,42,9.950999975204468,3685
E,42,12.65499997138977,3686
AF,42,14.723000049591064,3687
Y,42,7.062000036239624,3688
AE,42,3.955000162124634,3689
H,42,5.260999917984009,3690
Q,42,8.291000127792358,3691
AC,42,22.789999961853027,3692
AG,42,4.236000061035156,3693
D,42,20.45300006866455,3694
T,42,7.755999803543091,3695
AA,42,6.769000053405762,3696
X,42,7.283999919891357,3697
AI,42,8.17300009727478,3698
L,42,6.206000089645386,3699
E,41,51.08399987220764,3700
AE,41,3.75,3701
AF,41,6.6529998779296875,3702
T,41,3.7330000400543213,3703
D,41,5.48799991607666,3704
AI,41,7.25600004196167,3705
AG,41,5.338000059127808,3706
AA,41,3.5390000343322754,3707
L,41,5.114000082015991,3708
X,41,5.593000173568726,3709
L,41,6.2170000076293945,3710
AC,41,4.253000020980835,3711
Y,41,4.664000034332275,3712
H,41,6.697000026702881,3713
V,41,5.011000156402588,3714
AB,41,5.200999975204468,3715
Q,41,6.203999996185303,3716
A,41,8.111999988555908,3717
H,42,51.8289999961853,3718
U,42,7.936999797821045,3719
J,42,7.874000072479248,3720
AJ,42,15.027999877929688,3721
W,42,5.8470001220703125,3722
E,42,7.7170000076293945,3723
AA,42,6.450000047683716,3724
K,42,9.410000085830688,3725
AI,42,8.099999904632568,3726
AD,42,19.254000186920166,3727
AC,42,6.683000087738037,3728
X,42,6.255999803543091,3729
A,42,14.55400013923645,3730
AF,42,10.749000072479248,3731
I,42,6.6499998569488525,3732
B,42,10.776000022888184,3733
F,42,5.828000068664551,3734
G,42,60.26800012588501,3735
Q,42,6.943000078201294,3736
L,42,6.721999883651733,3737
AE,42,4.0320000648498535,3738
N,42,12.832000017166138,3739
Y,42,5.614000082015991,3740
AJ,42,21.58400011062622,3741
D,42,10.796000003814697,3742
S,42,4.356000185012817,3743
AH,42,8.521000146865845,3744
T,42,7.316999912261963,3745
AD,42,6.406000137329102,3746
O,42,7.125,3747
V,42,6.552999973297119,3748
R,42,8.235999822616577,3749
C,42,13.930000066757202,3750
AG,42,3.552999973297119,3751
AB,42,4.117999792098999,3752
AD,42,15.139000177383423,3753
