text,player_id,role,message_number,message_irrelevant,time_stamp,trial_id
"Err, a tree. It’s a got a triangle sticking out of the end, and… and",1,describer,1,NA,NA,1
"it looks like er a foot on the bottom, and like two spikey things sticking",1,describer,2,NA,NA,1
"out at the left, and… like a diamond head.",1,describer,3,NA,NA,1
Have you got it?,1,describer,4,NA,NA,1
"Erm, I think so",2,matcher,5,NA,NA,1
It looks like it’s got bunny ears and it looks like its going to lay,1,describer,1,NA,NA,2
down and an arm that looks like a triangle.,1,describer,2,NA,NA,2
"And it’s body’s going diagonal and then straight, and it’s got like a",1,describer,3,NA,NA,2
point at the bit.,1,describer,4,NA,NA,2
Have you got that one?,1,describer,5,NA,NA,2
I think so,2,matcher,6,NA,NA,2
"It looks like a man walking with a flag and, on his shoulder. And",1,describer,1,NA,NA,3
he’s got one foot up and one foot down and er and it’s like on the back of,1,describer,2,NA,NA,3
his shoulder.,1,describer,3,NA,NA,3
Yeah I think I’ve got it,2,matcher,4,NA,NA,3
It’s like a broken wall with a diamond on the top. You got it?,1,describer,1,NA,NA,4
yeah I’ve got it.,2,matcher,2,NA,NA,4
A man sitting down with a diamond head and…,1,describer,1,NA,NA,5
Everything’s got a square head or a diamond head,2,matcher,2,NA,NA,5
yeah.,1,describer,3,NA,NA,5
Yeah I’ve got that,2,matcher,4,NA,NA,5
It looks like someone’s flapping their wings and skidding on the,1,describer,1,NA,NA,6
"floor with a diamond head again, with a triangle sticking out with a arm on",1,describer,2,NA,NA,6
the left sticking out.,1,describer,3,NA,NA,6
Yeah she’s got it now,3,matcher,4,NA,NA,6
A man jumping up with his arms in the air. You got it?,1,describer,1,NA,NA,7
Yeah. Last one,2,matcher,2,NA,NA,7
A man putting his hand out with a diamond head again. It looks like,1,describer,1,NA,NA,8
long sleeves.,1,describer,2,NA,NA,8
Yeah got that.,2,matcher,3,NA,NA,8
"The man jumping up in the air, with his hands up in the air. You got",1,describer,1,NA,NA,9
that?,1,describer,2,NA,NA,9
Yeah I got that.,2,matcher,3,NA,NA,9
It looks like a cracked wall with a triangle on. Yeah a diamond on,1,describer,1,NA,NA,10
top. Got it?,1,describer,2,NA,NA,10
Yeah I think I do.,2,matcher,3,NA,NA,10
"Erm, a man with arms sticking out with long sleeves and a long",1,describer,1,NA,NA,11
"shirt, with a diamond on top.",1,describer,2,NA,NA,11
Yeah I think I’ve got that.,2,matcher,3,NA,NA,11
"Number 4, erm, it’s got a square, head, a square ear on the left.",1,describer,1,NA,NA,12
And a triangle on the other side. Pointing downwards.,1,describer,2,NA,NA,12
So is it…,2,matcher,3,NA,NA,12
And it’s sitting down with an arm like a triangle.,1,describer,4,NA,NA,12
Yeah yeah I think I got that. Yeah.,2,matcher,5,NA,NA,12
"Something like a lady bouncing up in the air, with a triangle on her",1,describer,1,NA,NA,13
"head, no a diamond and a triangle sticking out and the other arm sticking",1,describer,2,NA,NA,13
"out with… and at the bottom is a foot, on the left. Have you got that one?",1,describer,3,NA,NA,13
Yeah yeah.,2,matcher,4,NA,NA,13
"Erm, like a man running with like… or balancing with one foot in the",1,describer,1,NA,NA,14
air and with arms out and like a diamond head. You got that?,1,describer,2,NA,NA,14
Like a tree.,1,describer,3,NA,NA,14
Like a tree?,2,matcher,4,NA,NA,14
yeah. You got a tree?,1,describer,5,NA,NA,14
Oh. It looks like a bird.,2,matcher,6,NA,NA,14
Yeah and it has like a spikey head thing.,1,describer,7,NA,NA,14
You got that one?,1,describer,8,NA,NA,14
yeah I got that one.,2,matcher,9,NA,NA,14
"A man with a flag, and he’s one on foot, like walking on one foot",1,describer,1,NA,NA,15
up. With a head like going down.,1,describer,2,NA,NA,15
I don’t know,2,matcher,3,NA,NA,15
He’s got a flag on the shoulder.,1,describer,4,NA,NA,15
Got it?,1,describer,5,NA,NA,15
Yeah,2,matcher,6,NA,NA,15
"Erm, a man sitting down with a diamond head again, with no arms.",1,describer,1,NA,NA,16
No arms,2,matcher,2,NA,NA,16
He’s got his arms folded in,1,describer,3,NA,NA,16
Yeah. Ok I’m done,2,matcher,4,NA,NA,16
A man looking sad with like a flag and he’s walking with one foot up,1,describer,1,NA,NA,17
"and one foot down, like he’s been to a match and lost.",1,describer,2,NA,NA,17
Yeah I’ve got that.,2,matcher,3,NA,NA,17
An man jumping up in the air with no legs and his body’s going,1,describer,1,NA,NA,18
diagonal and arms sticking out.,1,describer,2,NA,NA,18
Got that.,2,matcher,3,NA,NA,18
"A man sitting down and at the bottom there’s like, coming towards,",1,describer,1,NA,NA,19
and he’s got a triangle head and no arms.,1,describer,2,NA,NA,19
A triangle head…,2,matcher,3,NA,NA,19
A diamond head.,1,describer,4,NA,NA,19
Yeah a diamond head. Is he… does he have any arms?,2,matcher,5,NA,NA,19
No,1,describer,6,NA,NA,19
"No, no arms. Yeah I’ve got that",2,matcher,7,NA,NA,19
"Er, a man, it’s like he’s running away with a foot sticking out, and",1,describer,1,NA,NA,20
he’s got pointy arms and a diamond head.,1,describer,2,NA,NA,20
Yeah I’ve got that.,2,matcher,3,NA,NA,20
"Err, arm sticking out pointing and then a diamond head with like a",1,describer,1,NA,NA,21
"other arm sticking there and er like a triangle foot at the bottom, and",1,describer,2,NA,NA,21
then you go down and sidewards then up and then diagonal and the go,1,describer,3,NA,NA,21
straight up and there’s a triangle.,1,describer,4,NA,NA,21
Yeah ok. Got that. I think,2,matcher,5,NA,NA,21
"Err, like a… like a square head, a, then it’s got arms and like a",1,describer,1,NA,NA,22
"triangle pointing down with, and the body is like pointy and you go down",1,describer,2,NA,NA,22
"and diagonal and it’s got a like a foot at the bottom, not at the bottom,",1,describer,3,NA,NA,22
"near the bottom in the middle, like a triangle.",1,describer,4,NA,NA,22
I think I’ve got that. Yeah I think.,2,matcher,5,NA,NA,22
"Err, it’s like a, one arm sticking out pointing and a diamond head",1,describer,1,NA,NA,23
and it’s got a round shirt on if you go down and it’s got a really long,1,describer,2,NA,NA,23
line.,1,describer,3,NA,NA,23
"Ok, yeah, got that.",2,matcher,4,NA,NA,23
"Erm, and a cracked wall with a diamond on top.",1,describer,1,NA,NA,24
"Hmmm I need to change something. Ok, I’m done.",2,matcher,2,NA,NA,24
A man walking with a flag and he’s looking sad cos there’s a match,1,describer,1,NA,NA,25
gone on and he’s lost.,1,describer,2,NA,NA,25
Huh?,3,matcher,3,NA,NA,25
Like a flag on his shoulder.,1,describer,4,NA,NA,25
Yeah,3,matcher,5,NA,NA,25
"A man with one leg sticking out, sticking out, and one leg standing",1,describer,1,NA,NA,26
like he’s running away and he’s got two pointy arms and a triangle head.,1,describer,2,NA,NA,26
Got it?,1,describer,3,NA,NA,26
Yes.,3,matcher,4,NA,NA,26
"Err, a man flying up in air with no legs and his body’s going",1,describer,1,NA,NA,27
"diagonal and he’s got two arms sticking out, with a diamond head…",1,describer,2,NA,NA,27
"Got it, I didn’t even have to move it.",3,matcher,3,NA,NA,27
"Like a wall, like a wall…",1,describer,1,NA,NA,28
Got it,3,matcher,2,NA,NA,28
"A man sat with no arms and no legs, like he’s sat down.",1,describer,1,NA,NA,29
Got it,3,matcher,2,NA,NA,29
Err like someone skidding on the floor with a pointy hand and,1,describer,1,NA,NA,30
"another one near the head, with a diamond head.",1,describer,2,NA,NA,30
Got it?,1,describer,3,NA,NA,30
Yep.,3,matcher,4,NA,NA,30
"Erm, what like, there’s one arm sticking out with a long shirt with",1,describer,1,NA,NA,31
a diamond head.,1,describer,2,NA,NA,31
Yep.,3,matcher,3,NA,NA,31
"Like someone walking down with a dress on, with a square head, and",1,describer,1,NA,NA,32
you go up and there’s like a triangle pointing down and the other one,1,describer,2,NA,NA,32
pointing up.,1,describer,3,NA,NA,32
Yeah.,3,matcher,4,NA,NA,32
"Right A, on the bottom it has like a leg and then a foot and then a",4,describer,1,NA,NA,33
bit up it has another leg pointing out with a foot,4,describer,2,NA,NA,33
Yeah has it got a square on his back?,5,matcher,3,NA,NA,33
Yeah sort of,4,describer,4,NA,NA,33
I’ve got it,5,matcher,5,NA,NA,33
"Next one, at the bottom it’s got like a rectangle and at the side",4,describer,1,NA,NA,34
"it’s got a straight line, it goes down and there’s like a triangle, a",4,describer,2,NA,NA,34
square at the top and then it’s like…,4,describer,3,NA,NA,34
"I think I’ve got it, has it got arms like that?",5,matcher,4,NA,NA,34
"Erm, no. Erm, and on the other side from the square, not the square",4,describer,5,NA,NA,34
"side, on the other side, it’s got like a triangle pointing down",4,describer,6,NA,NA,34
Is it like… It’s got a square head and it’s got like two triangles and,5,matcher,7,NA,NA,34
it’s got his foot sticking out?,5,matcher,8,NA,NA,34
"Yeah yeah, like a triangle",4,describer,9,NA,NA,34
Like a triangle… got it,5,matcher,10,NA,NA,34
"The next one A, is really quite easy. At the top it’s got like a",4,describer,1,NA,NA,35
"little thin bit and then it’s got a diamond, yeah, and then it’ll go up…",4,describer,2,NA,NA,35
"Yeah got it, it’s got like arms like that?",5,matcher,3,NA,NA,35
yeah,4,describer,4,NA,NA,35
Like he’s got a missing triangle like that?,5,matcher,5,NA,NA,35
Yeah,4,describer,6,NA,NA,35
yeah,5,matcher,7,NA,NA,35
The next one has a diamond at the top and then it’s got… at the,4,describer,1,NA,NA,36
"bottom, and then at the diamond at the top, its got like a full space at",4,describer,2,NA,NA,36
the bottom like a…,4,describer,3,NA,NA,36
Got it,5,matcher,4,NA,NA,36
"The next one is like… it has a thin bit, has a diamond on top and",4,describer,1,NA,NA,37
from the thin bit it has a straight line at the top and it goes down and,4,describer,2,NA,NA,37
"then another straight down, goes down and then down the other way, straight",4,describer,3,NA,NA,37
down at the bottom and then it goes up straight,4,describer,4,NA,NA,37
Got it,5,matcher,5,NA,NA,37
"The next one has a diamond on top like all of them do, nearly all of",4,describer,1,NA,NA,38
them. And then it’s got like triangle bit down below…,4,describer,2,NA,NA,38
Got it.,5,matcher,3,NA,NA,38
This one has a rectangle at top and then like a…,4,describer,1,NA,NA,39
Has it got like a little triangle?,5,matcher,2,NA,NA,39
"No quite a big triangle at the side and then at the bottom, it’s got a",4,describer,3,NA,NA,39
little triangle,4,describer,4,NA,NA,39
Got it,5,matcher,5,NA,NA,39
And last but not least…,4,describer,1,NA,NA,40
I’ve got it,5,matcher,2,NA,NA,40
What?,4,describer,3,NA,NA,40
It’s last one,5,matcher,4,NA,NA,40
Oh ok,4,describer,5,NA,NA,40
At the top it’s got a diamond and then a little thin bit and then…,4,describer,1,NA,NA,41
has it got like triangles and his legs up and down?,5,matcher,2,NA,NA,41
"No, it goes down then a straight line, down at the bottom, goes up,",4,describer,3,NA,NA,41
"straight line, another straight… not a straight, going like that, yeah and",4,describer,4,NA,NA,41
"then it’ll go up, go a bit that way and then it’ll go a straight line and",4,describer,5,NA,NA,41
then up that way and then it’ll come back to the diamond,4,describer,6,NA,NA,41
I don’t get that one. Has it got like a triangle… no a diamond and it’s,5,matcher,7,NA,NA,41
"got a straight line like that up side, straight line?",5,matcher,8,NA,NA,41
"At the bottom, it’s like that, straight at the bottom and then on that",4,describer,9,NA,NA,41
side it’s like that,4,describer,10,NA,NA,41
Ok,5,matcher,11,NA,NA,41
"And then on the other side, it’ll go to the bottom and then it’ll go up",4,describer,12,NA,NA,41
a bit like that then it’ll be a straight line,4,describer,13,NA,NA,41
Yeah,5,matcher,14,NA,NA,41
"And then it’ll go like that then it’ll go like that, then it’ll go like",4,describer,15,NA,NA,41
that,4,describer,16,NA,NA,41
"Right, listen to me, has it got like a square that’s got a tiny neck?",5,matcher,17,NA,NA,41
Yeah,4,describer,18,NA,NA,41
Got it,5,matcher,19,NA,NA,41
"This one, it’s a bit similar, it’s got a triangle at top, a thin",4,describer,1,NA,NA,42
"neck, it goes round that way like that and it’s got a pointy bit…",4,describer,2,NA,NA,42
Has it like got two triangles and it’s got it’s foot sticking out?,5,matcher,3,NA,NA,42
"At the side, it’s like a zigzag, it goes like that, then like that, then",4,describer,4,NA,NA,42
"like that, then like that.",4,describer,5,NA,NA,42
Got it,5,matcher,6,NA,NA,42
"This time, it has a square, a square, not at the top, at the front",4,describer,1,NA,NA,43
it’s got a little pointy bit and then it’ll go down on the other side and,4,describer,2,NA,NA,43
then it’ll be straight…,4,describer,3,NA,NA,43
Has it got like a little square at the side and it’s like that then it’s,5,matcher,4,NA,NA,43
got a little square and it’s like a neck?,5,matcher,5,NA,NA,43
Yeah,4,describer,6,NA,NA,43
Got it,5,matcher,7,NA,NA,43
"This one is a square at the top, no not at the top, at the side, a",4,describer,1,NA,NA,44
"diamond and then hanging down of it is a triangle, yeah",4,describer,2,NA,NA,44
"Has it got like a square and then it goes up, then there’s like a",5,matcher,3,NA,NA,44
triangle down and then there’s like a upside down triangle?,5,matcher,4,NA,NA,44
"No, at the bottom its got a little triangle at the bottom",4,describer,5,NA,NA,44
Got it,5,matcher,6,NA,NA,44
"This one, thin neck, diamond at the top, it’s a bit like a body",4,describer,1,NA,NA,45
going like…,4,describer,2,NA,NA,45
Does it go like that?,5,matcher,3,NA,NA,45
"It’s like a ghost, a ghost swinging like that",4,describer,4,NA,NA,45
"Erm, so it’s got… pretend my head is a diamond, yeah, and then that’s",4,describer,5,NA,NA,45
"the little thin neck, and then…",4,describer,6,NA,NA,45
I think I’ve got it in one of my pictures,5,matcher,7,NA,NA,45
Have you got it?,4,describer,8,NA,NA,45
Which one was the first one anyway?,5,matcher,20,NA,NA,41
The first one’s got a diamond at the top…,4,describer,21,NA,NA,41
"Has it got like erm a side neck, has it got like a side neck? Like a",5,matcher,22,NA,NA,41
little one? A little neck? Does it go like that?,5,matcher,23,NA,NA,41
"Erm, it’s got… right so, it’s got a diamond, pretend my head’s a",4,describer,24,NA,NA,41
"diamond, then it’s got a thin neck then that side is going like that, like",4,describer,25,NA,NA,41
"that then it’ll go really straight down, go like that",4,describer,26,NA,NA,41
Is it like that?,5,matcher,27,NA,NA,41
No. Why don’t we just leave this one until last?,4,describer,28,NA,NA,41
Yeah,5,matcher,29,NA,NA,41
"You know this one, you know when you went like that?",4,describer,1,NA,NA,46
Got it,5,matcher,2,NA,NA,46
"Ok, this one, square that side…",4,describer,1,NA,NA,47
Got it,5,matcher,2,NA,NA,47
"Ok, last but not least, erm…",4,describer,1,NA,NA,48
Is his legs like…,5,matcher,2,NA,NA,48
No he hasn’t got no legs,4,describer,3,NA,NA,48
Got it. Done,5,matcher,4,NA,NA,48
"This one has a diamond head, a thin neck, it’s like a ghost",4,describer,1,NA,NA,49
Got it,5,matcher,2,NA,NA,49
"This one, a square that side, ok, and then it’ll go up like that and",4,describer,1,NA,NA,50
then like…,4,describer,2,NA,NA,50
Got it,5,matcher,3,NA,NA,50
"This one, a diamond head, ok, a thin neck and there it has…it’ll go",4,describer,1,NA,NA,51
"down a bit like a rollercoaster, and then it’ll go like that, straight. And",4,describer,2,NA,NA,51
"then a pointy bit, and it’ll go round like that…",4,describer,3,NA,NA,51
Got it. Can you get number two for me please or do you want to do that,5,matcher,4,NA,NA,51
last?,5,matcher,5,NA,NA,51
Just leave number two as it was,4,describer,6,NA,NA,51
Err number three,4,describer,7,NA,NA,51
Now we’re on number four,5,matcher,8,NA,NA,51
"a diamond head, a thin neck, at the top a straight line and then at",4,describer,1,NA,NA,52
"the left it has erm, might as well just say, that side erm it’s a zigzag",4,describer,2,NA,NA,52
Got it,5,matcher,3,NA,NA,52
Number five,4,describer,4,NA,NA,52
Right do you want to do number two to last?,5,matcher,5,NA,NA,52
No just leave number two to last,4,describer,6,NA,NA,52
I’ve not got number two,5,matcher,7,NA,NA,52
"Err this one has erm a diamond there, a diamond the top and then",4,describer,1,NA,NA,53
"hanging down from the diamond, it’ll have like a little pyramid, there’s",4,describer,2,NA,NA,53
two and then…,4,describer,3,NA,NA,53
Got it,5,matcher,4,NA,NA,53
"This one, the legs, one leg’s like that and one leg’s down, yeah and",4,describer,1,NA,NA,54
then there has a triangle a pyramid and then at the side it’ll go like,4,describer,2,NA,NA,54
"that, at the side it’ll go up across up and then up and a diamond head at",4,describer,3,NA,NA,54
the top and then it’ll go like…,4,describer,4,NA,NA,54
Got it,5,matcher,5,NA,NA,54
"This one, erm, is a square that side ok, and then a thin neck…",4,describer,1,NA,NA,55
Got it,5,matcher,2,NA,NA,55
"Last, a diamond head and it has no legs, a neck like that",4,describer,1,NA,NA,56
Got it,5,matcher,2,NA,NA,56
"First one, a diamond at the top, ok, and then hanging down from the",4,describer,1,NA,NA,57
"diamond is…it’s just a straight line, a straight line yeah, and then it’ll",4,describer,2,NA,NA,57
have a zigzag that side,4,describer,3,NA,NA,57
Got it,6,matcher,4,NA,NA,57
"Number two, erm, number two, diamond at the top, ok, and then it’ll…",4,describer,1,NA,NA,58
"that side, it’ll go like that and then straight down, at the bottom, it’ll",4,describer,2,NA,NA,58
"have a straight line, and then it’ll sort of go up like that, yeah",4,describer,3,NA,NA,58
Does it have like a triangle going downwards?,6,matcher,4,NA,NA,58
No. And then it’ll go up like from the bottom and then straight and then,4,describer,5,NA,NA,58
"that like that, ok, and then straight line, basically it’s just like",4,describer,6,NA,NA,58
somebody not having legs and then that’s like as if it’s like a fat hand,4,describer,7,NA,NA,58
Got it,6,matcher,8,NA,NA,58
"Number three, it has a diamond, sort of a square that side, and then",4,describer,1,NA,NA,59
"it’ll go up and then that side, it’ll be a triangle, going down then up, so",4,describer,2,NA,NA,59
"the bottom is that side, that side going up. You got it?",4,describer,3,NA,NA,59
"Oh ok, and then it’ll go down like that, and then near the bottom it’ll",4,describer,4,NA,NA,59
have like a triangle down across and then up,4,describer,5,NA,NA,59
got it,6,matcher,6,NA,NA,59
"This one, erm, it has a diamond at the top and then hanging down",4,describer,1,NA,NA,60
from it is like a small pyramid but it’s like…,4,describer,2,NA,NA,60
Got it,6,matcher,3,NA,NA,60
"Number five, this one has no legs, not at all, erm, a diamond at the",4,describer,1,NA,NA,61
top,4,describer,2,NA,NA,61
Got it,6,matcher,3,NA,NA,61
"This one, a diamond at the top, then it goes sort of down like that,",4,describer,1,NA,NA,62
"and then it’ll go like that and then there’s a pyramid, the right way",4,describer,2,NA,NA,62
"round, and then it’ll have a leg and then it’ll have a leg down so it’s",4,describer,3,NA,NA,62
"standing on one foot, and then a zigzag that side. So it’s like that side,",4,describer,4,NA,NA,62
"it’ll go down across, down across.",4,describer,5,NA,NA,62
what was the fourth one again?,6,matcher,6,NA,NA,62
We’ll just leave that one as it was.,4,describer,7,NA,NA,62
"All it is is a diamond at the top, it goes down like that and then there",4,describer,8,NA,NA,62
"it’ll be a diamond, no not a diamond, a pyramid and a triangle like there,",4,describer,9,NA,NA,62
and then up and then…,4,describer,10,NA,NA,62
"At the bottom, there’s like a little triangle?",6,matcher,11,NA,NA,62
No at the bottom it’s just somebody standing on one foot,4,describer,12,NA,NA,62
Got that one. Is that one for the fourth?,6,matcher,13,NA,NA,62
"No, no, six",4,describer,14,NA,NA,62
Now this one…,4,describer,15,NA,NA,62
Did I get the fourth? I need number four describing again,6,matcher,16,NA,NA,62
We’ll leave that till last.,4,describer,17,NA,NA,62
"This one’s sort of a ghost, a ghost really",4,describer,1,NA,NA,63
Found it,6,matcher,2,NA,NA,63
"Number eight, the last one, this one has erm sort of a square there",4,describer,1,NA,NA,64
and then the elgs are sort of a bit like that,4,describer,2,NA,NA,64
Got that one.,6,matcher,3,NA,NA,64
And that one must be number four,6,matcher,4,NA,NA,60
Ok,4,describer,5,NA,NA,60
"Err number one it’s like diamond head at the top, it’s also got er…",7,describer,1,NA,NA,65
"it’s like a person holding something, and it’s got a little point coming",7,describer,2,NA,NA,65
out and it’s also got some point at the bottom.,7,describer,3,NA,NA,65
Does it look a bit like a prayer?,8,matcher,4,NA,NA,65
yeah it looks a bit like somebody holding their arms out erm holding,7,describer,5,NA,NA,65
"something underneath them like a square box, and the bottom, it’s a bit",7,describer,6,NA,NA,65
pointy and also where they’re like holding something the edge of their,7,describer,7,NA,NA,65
hands looks a bit pointy too,7,describer,8,NA,NA,65
Yeah I think I know which one it is now,8,matcher,9,NA,NA,65
"Right number two, another diamond top but just to the left of the",7,describer,1,NA,NA,66
diamond is a right angle and like sort of a bit of square. On the other,7,describer,2,NA,NA,66
"side is like a bit, looks like part of the square’s been tugged off. It’s",7,describer,3,NA,NA,66
got like loads of little zigzags in a bit,7,describer,4,NA,NA,66
Does it have like zigzags on like the right side?,8,matcher,5,NA,NA,66
"Yeah but it’s not exactly zigzags, it’s like…",7,describer,6,NA,NA,66
It’s like ziggyzags?,8,matcher,7,NA,NA,66
"Yeah, it’s a bit crooked if you know what I mean",7,describer,8,NA,NA,66
Yeah,8,matcher,9,NA,NA,66
Do you know which one I mean?,7,describer,10,NA,NA,66
yeah I think I got it,8,matcher,11,NA,NA,66
Number three is another person like a diamond with two arms in the,7,describer,1,NA,NA,67
"air each with like a little point on the end with the body err, bending",7,describer,2,NA,NA,67
slightly down to the right,7,describer,3,NA,NA,67
Is it slanted like that?,8,matcher,4,NA,NA,67
Yeah,7,describer,5,NA,NA,67
"Right number four, another sort of diamond thing at the top and to",7,describer,1,NA,NA,68
"the left it’s got two points, one on top of the other with a gap in between",7,describer,2,NA,NA,68
"so the very right is like a sort of triangle tail at the bottom, it’s like",7,describer,3,NA,NA,68
a foot,7,describer,4,NA,NA,68
So… right. Got it,8,matcher,5,NA,NA,68
Number five is like a diamond erm sort of put an angled square to,7,describer,1,NA,NA,69
the very right. It’s also got like something coming from the square to the,7,describer,2,NA,NA,69
"left, a point going upward and then it goes downward into a bit like a beak",7,describer,3,NA,NA,69
sort of thing and it’s got like two legs at the bottom. It looks a bit like,7,describer,4,NA,NA,69
"a man with his head round back to front and a freaky arm, well, a bit like",7,describer,5,NA,NA,69
a sort of beak thing as a head. It’s also got one leg lifted up and it’s,7,describer,6,NA,NA,69
got like a diamond square thing on its back,7,describer,7,NA,NA,69
Does it look a bit like a duck with legs?,8,matcher,8,NA,NA,69
A duck?,7,describer,9,NA,NA,69
With a square thing on its back?,8,matcher,10,NA,NA,69
err yeah,7,describer,11,NA,NA,69
"Right, next",8,matcher,12,NA,NA,69
"At the top there’s a square, at the top left corner of the object.",7,describer,1,NA,NA,70
"At the right there’s also an upside down triangle, but just to the right,",7,describer,2,NA,NA,70
there’s also like sort of…,7,describer,3,NA,NA,70
Like another weird triangle or something?,8,matcher,4,NA,NA,70
"A bit like a… one long line which goes straight up, one which goes",7,describer,5,NA,NA,70
"slightly, then it goes into a mini triangle",7,describer,6,NA,NA,70
Is there a right angle on it?,8,matcher,7,NA,NA,70
Err…,7,describer,8,NA,NA,70
"Right on the right side, is there a right angle?",8,matcher,9,NA,NA,70
"Erm, I can’t see very well. But at the bottom, it’s also got a sort of a",7,describer,10,NA,NA,70
right angle triangle at the right bottom. It’s also got like a like a long…,7,describer,11,NA,NA,70
it goes down then left sort of thing,7,describer,12,NA,NA,70
Does it look like a woman praying with her head slanted and a triangle,8,matcher,13,NA,NA,70
on the back?,8,matcher,14,NA,NA,70
Triangle no the back?,7,describer,15,NA,NA,70
Like a woman doing this and then with a triangle on the back?,8,matcher,16,NA,NA,70
"Well, I’m not sure, it looks a bit like a sort of the bottom bit looks",7,describer,17,NA,NA,70
like a sort of… it goes down then it goes that way,7,describer,18,NA,NA,70
Does it have a triangle bit at the bottom?,8,matcher,19,NA,NA,70
Yeah it has a triangle and it’s got a right angle at the left of that,7,describer,20,NA,NA,70
triangle at the bottom,7,describer,21,NA,NA,70
I think I’ve got it. So I’m left with two,8,matcher,22,NA,NA,70
"Erm, the next one, number seven I think it has like a sort of a",7,describer,1,NA,NA,71
square diamond on the very top. To the right it’s got a bit like a weird,7,describer,2,NA,NA,71
triangle and to the left it’s a very weird shape. But the bottom left,7,describer,3,NA,NA,71
corner…,7,describer,4,NA,NA,71
Does it have like two triangles on the right side?,8,matcher,5,NA,NA,71
The right side?,7,describer,6,NA,NA,71
Yeah does it have two triangles?,8,matcher,7,NA,NA,71
"Erm, no but there is one weird triangle to the right but at the bottom",7,describer,8,NA,NA,71
left corner there’s sort of a triangle,7,describer,9,NA,NA,71
I think…,8,matcher,10,NA,NA,71
"It goes a bit like this, it goes up then it goes sort of up again",7,describer,11,NA,NA,71
without touching the bottom,7,describer,12,NA,NA,71
Is there a right angle in this one?,8,matcher,13,NA,NA,71
err well there is one in the square diamond thing in the top,7,describer,14,NA,NA,71
Yeah I think I might have that one right,8,matcher,15,NA,NA,71
Do you think you know which one I mean?,7,describer,16,NA,NA,71
Yeah which means I’m left with the last one,8,matcher,17,NA,NA,71
The last one’s like a diamond thing. On top it sort of goes,7,describer,1,NA,NA,72
"straight… it goes like a… diamond here, it goes down",7,describer,2,NA,NA,72
Does it have like a bit sticking out on the right side?,8,matcher,3,NA,NA,72
Yeah like a…,7,describer,4,NA,NA,72
right I’m sorted I think,8,matcher,5,NA,NA,72
Number one is a bit like that person with the arms in the air again,7,describer,1,NA,NA,73
with the body to the right…,7,describer,2,NA,NA,73
slanted to the right?,8,matcher,3,NA,NA,73
Yeah,7,describer,4,NA,NA,73
Right number one is sorted,8,matcher,5,NA,NA,73
Number two is like a diamond on top but to the right there’s also,7,describer,1,NA,NA,74
"that weird triangle again, it’s sort of to the bottom left corner there’s",7,describer,2,NA,NA,74
that sort of triangle,7,describer,3,NA,NA,74
ok now you’ve confused me. So has it got two triangles on the right,8,matcher,4,NA,NA,74
side?,8,matcher,5,NA,NA,74
Right side…,7,describer,6,NA,NA,74
Does it look like a person sitting down with two triangles attached to,8,matcher,7,NA,NA,74
their back?,8,matcher,8,NA,NA,74
Well yeah but one looks a bit like it’s rear end,7,describer,9,NA,NA,74
Yeah I was gonna say that but…,8,matcher,10,NA,NA,74
The next one looks like that thing I described a bit like a duck,7,describer,1,NA,NA,75
thing,7,describer,2,NA,NA,75
Yeah. I described it as a duck with legs,8,matcher,3,NA,NA,75
Well most ducks have legs anyway,7,describer,4,NA,NA,75
Yeah they have flipper things,8,matcher,5,NA,NA,75
Erm the next one’s got the diamond thing on top as usual.,7,describer,1,NA,NA,76
I think they’ve all got diamond things on top so stop staying that,8,matcher,2,NA,NA,76
And you know how that one with the parts going sort of zigzagging to the,7,describer,3,NA,NA,76
right? It’s that one as if…,7,describer,4,NA,NA,76
So you’re saying it’s like a square with like… going like this?,8,matcher,5,NA,NA,76
"Well to the left, if you look at the diamond then go to the left,",7,describer,6,NA,NA,76
there’s a right angle,7,describer,7,NA,NA,76
I see two right angles,8,matcher,8,NA,NA,76
"On the left, then there’s another right angle to the right. It goes like",7,describer,9,NA,NA,76
that weird crooked zigzag thing,7,describer,10,NA,NA,76
"Yeah, I can remember that one",8,matcher,1,NA,NA,77
"This er... on this one to the very right, there’s also a triangle to the",7,describer,2,NA,NA,77
"right but it’s not exactly finished and touch the ground, it instantly goes",7,describer,3,NA,NA,77
left on part of the triangle. And to the very left is a triangle on top of,7,describer,4,NA,NA,77
each other and at the bottom its like one leg,7,describer,5,NA,NA,77
Right. I think I can remember that one cos you keep describing them all,8,matcher,6,NA,NA,77
exactly the same,8,matcher,7,NA,NA,77
erm this one it’s got like that square diamond thing,7,describer,1,NA,NA,78
Stop saying it’s got a diamond on that head,8,matcher,2,NA,NA,78
Well the squares on the very top to the left and to the right it’s got a,7,describer,3,NA,NA,78
sort of an upside triangle,7,describer,4,NA,NA,78
So is it that weird one?,8,matcher,5,NA,NA,78
Yeah with the triangle attached and the triangle like that,7,describer,6,NA,NA,78
I’m not sure what you mean but at the bottom… is there a right angle at,8,matcher,7,NA,NA,78
the bottom right side?,8,matcher,8,NA,NA,78
"Bottom right, err… yeah. It sort of looks like the person…",7,describer,9,NA,NA,78
Right it’s that one,8,matcher,10,NA,NA,78
Err this one’s like number eight that one with the thing on top and,7,describer,1,NA,NA,79
it goes down then slightly to the right,7,describer,2,NA,NA,79
So you mean the weird one? Not the person praying?,8,matcher,3,NA,NA,79
Yeah I think,7,describer,4,NA,NA,79
Right got that one.,8,matcher,5,NA,NA,79
Which means that’s my last one,8,matcher,1,NA,NA,80
Err and this one’s like that one with the arm thing coming out…,7,describer,2,NA,NA,80
With the person praying?,8,matcher,3,NA,NA,80
Yeah,7,describer,4,NA,NA,80
The one with the draping arms I like to call it,8,matcher,5,NA,NA,80
Right we’re done,7,describer,6,NA,NA,80
The one with the sort of diamond on top and the one you kept on,7,describer,1,NA,NA,81
"shouting at me for where it goes down, down and to the right again",7,describer,2,NA,NA,81
"So you mean this one, down, down, down, down, up, up, up?",8,matcher,3,NA,NA,81
I think if I …,7,describer,4,NA,NA,81
"Does it go down diagonally, down straight, up straight, up diagonally,",8,matcher,5,NA,NA,81
up diagonally the other way?,8,matcher,6,NA,NA,81
Yeah I think so,7,describer,7,NA,NA,81
Right,8,matcher,8,NA,NA,81
And number two is that freaky square one…,7,describer,1,NA,NA,82
The crooked right?,8,matcher,2,NA,NA,82
The crooked one,7,describer,3,NA,NA,82
"yeah, Mr crooked, I’ll call him Mr crook",8,matcher,4,NA,NA,82
The one with like the dangling triangle to the right,7,describer,1,NA,NA,83
You’ve lost me . Oh you mean that long draping triangle going down?,8,matcher,2,NA,NA,83
Yeah which looks like it’s balancing somehow,7,describer,3,NA,NA,83
Right has it got a right angle on the right side?,8,matcher,4,NA,NA,83
A right angle on the right side…,7,describer,5,NA,NA,83
at the bottom,8,matcher,6,NA,NA,83
At the bottom?,7,describer,7,NA,NA,83
Has it got a right angle?,8,matcher,8,NA,NA,83
yeah at the bottom right side yeah there’s a right angle,7,describer,9,NA,NA,83
Has it got like the two triangles but ones long and draping and the,8,matcher,10,NA,NA,83
others attached?,8,matcher,11,NA,NA,83
"Yeah ones like connected, and one’s got a small little joint on it",7,describer,12,NA,NA,83
Got it,8,matcher,13,NA,NA,83
"Number four’s like the one where the man’s going like this, sitting",7,describer,1,NA,NA,84
down with his arms on the back,7,describer,2,NA,NA,84
So you mean the one where he’s doing this?,8,matcher,3,NA,NA,84
yeah,7,describer,4,NA,NA,84
Oh,8,matcher,5,NA,NA,84
The next one is the man like jumping with the…,7,describer,1,NA,NA,85
So you mean like this? To your right. He’s a goal saver,8,matcher,2,NA,NA,85
That’s quite easy cos you can easy remember that description,7,describer,3,NA,NA,85
Next one’s ducky,7,describer,1,NA,NA,86
Ducky,8,matcher,2,NA,NA,86
The next one’s the prayer,7,describer,1,NA,NA,87
The prayer,8,matcher,2,NA,NA,87
And then other one’s the thing with the two triangles at the left,7,describer,1,NA,NA,88
with the triangle at the rear,7,describer,2,NA,NA,88
Done it,8,matcher,3,NA,NA,88
Err number one’s like the square to the left with a diamond on the,7,describer,1,NA,NA,89
top. It’s also a bit crooked to the right,7,describer,2,NA,NA,89
Crooked to the right…,9,matcher,3,NA,NA,89
"yeah, it’s also got a diamond on the top, it’s got two right angles to",7,describer,4,NA,NA,89
"the left, top and bottom, it’s also got a diamond on top, it’s also got a",7,describer,5,NA,NA,89
part of the triangle cracked off,7,describer,6,NA,NA,89
I think I might know which one it is. Yeah,9,matcher,7,NA,NA,89
the next one’s the one A called the prayer,7,describer,1,NA,NA,90
The prayer…,9,matcher,2,NA,NA,90
Yeah with that arm coming out with the box like underneath,7,describer,3,NA,NA,90
ah,9,matcher,4,NA,NA,90
The next one’s a bit like a man going like this,7,describer,1,NA,NA,91
Oh yeah with the leg sticking out,9,matcher,2,NA,NA,91
The next one’s sort of like a triangle sort of dangling from the,7,describer,1,NA,NA,92
right with a triangle which just ordinary connects. The other one seems to,7,describer,2,NA,NA,92
be sort of connected to the diamond sort of thing,7,describer,3,NA,NA,92
Is there a square for the head at the top?,9,matcher,4,NA,NA,92
yeah there’s like a squarey diamond sort of thing,7,describer,5,NA,NA,92
Yeah found it,9,matcher,6,NA,NA,92
The next one’s got erm two like half triangles to the very left with,7,describer,1,NA,NA,93
a triangle to the right that looks a bit like a leg,7,describer,2,NA,NA,93
I think I might…,9,matcher,3,NA,NA,93
"The next one’s got a diamond on top, it goes sort of down, down, and",7,describer,1,NA,NA,94
down again. A bit like err…,7,describer,2,NA,NA,94
"So it’s diagonal, diagonal, and then diagonal again?",9,matcher,3,NA,NA,94
"no it’s got the diamond thing on top, it goes diagonal right down,",7,describer,4,NA,NA,94
"straight down, diagonal right, diagonal left down and straight across left,",7,describer,5,NA,NA,94
"diagonal up left, straight up and then diagonal up right",7,describer,6,NA,NA,94
Now that’s just lost me,9,matcher,7,NA,NA,94
It’s sort of got the diamond on top and to the very right it’s got a,7,describer,8,NA,NA,94
"pointy bit coming out, a straight point",7,describer,9,NA,NA,94
Has it got two points on both sides?,9,matcher,10,NA,NA,94
"Well not exactly, if you look straight to the bottom right corner…",7,describer,11,NA,NA,94
it’s got a point?,9,matcher,12,NA,NA,94
"Yeah, you could also mark a little triangle out of there",7,describer,13,NA,NA,94
yeah and it looks like it’s somebody jumping?,9,matcher,14,NA,NA,94
"No, no not that. It’s not that one",7,describer,15,NA,NA,94
Oh yeah that one. And the last one is the person jumping,9,matcher,16,NA,NA,94
"No, it was… no that one I was trying to say to you with the diamond on",7,describer,17,NA,NA,94
"top, as I was trying to say it’s got diagonal down right, straight down and",7,describer,18,NA,NA,94
"it’s diagonal right again, but it doesn’t go too far for the last diagonal",7,describer,19,NA,NA,94
right. Do you know which one I mean now?,7,describer,20,NA,NA,94
Yes,9,matcher,21,NA,NA,94
The next one’s like the person jumping except the body’s like bent,7,describer,1,NA,NA,95
to the right,7,describer,2,NA,NA,95
yeah,9,matcher,3,NA,NA,95
"and the last one’s what A called Ducky, where it’s got like a beak",7,describer,1,NA,NA,96
"thing to the left, it’s got like two feet lifted up and at the back it’s",7,describer,2,NA,NA,96
got like a rectangle square sort of thing,7,describer,3,NA,NA,96
Ok,9,matcher,4,NA,NA,96
"if you look underneath it, it looks like a lump sort of thing, you know",7,describer,5,NA,NA,96
what I mean?,7,describer,6,NA,NA,96
yeah,9,matcher,7,NA,NA,96
Is that all of them?,7,describer,8,NA,NA,96
Yeah,9,matcher,9,NA,NA,96
"Number one looks like it’s got a diamond head, it looks like it’s",10,describer,1,NA,NA,97
got a kettle in its hand,10,describer,2,NA,NA,97
A what?,11,matcher,3,NA,NA,97
A kettle in its hand,10,describer,4,NA,NA,97
"Ok, I still don’t get what you mean",11,matcher,5,NA,NA,97
Its got quite a thick body and there’s like… its like a square sticking,10,describer,6,NA,NA,97
out and it’s just got a little pointy bit on one corner. Can’t you find it?,10,describer,7,NA,NA,97
Shall we come back to it?,10,describer,8,NA,NA,97
Yeah,11,matcher,9,NA,NA,97
Number two’s got like a diamond head again and got like a rectangle,10,describer,1,NA,NA,98
"then its got a triangle cut out and it’s a straight line, then there’s a",10,describer,2,NA,NA,98
point going up,10,describer,3,NA,NA,98
Can you say that again?,11,matcher,4,NA,NA,98
"right, it’s got a diamond head, looks like a rectangle but it’s got a",10,describer,5,NA,NA,98
"triangle cut out at the bottom, a line and then a line going diagonal at",10,describer,6,NA,NA,98
"the next point at the top, just under the head. Do you think you’ve got it?",10,describer,7,NA,NA,98
No,11,matcher,8,NA,NA,98
No,10,describer,9,NA,NA,98
Can you describe it a bit more?,11,matcher,10,NA,NA,98
"Do you know at the top, there’s a flat line then the diamonds sat on top",10,describer,11,NA,NA,98
"of that, and then to the left hand side there’s a straight line going down",10,describer,12,NA,NA,98
and then some of a straight line going across at the bottom and then,10,describer,13,NA,NA,98
"there’s like an irregular triangle, and then there’s a line going up after",10,describer,14,NA,NA,98
the irregular triangle and then there’s… after the line there’s a line,10,describer,15,NA,NA,98
"going out diagonal and making a point at the top, and that’s where the",10,describer,16,NA,NA,98
"straight line is, what the diamond’s sat on.",10,describer,17,NA,NA,98
You ready for the next one?,10,describer,18,NA,NA,98
Yeah,11,matcher,19,NA,NA,98
"Right erm, it’s got, it’s like it’s arms are like that in the air",10,describer,1,NA,NA,99
and then there’s a diamond in between but not exactly sat like a diamond,10,describer,2,NA,NA,99
Yeah I’ve got that one,11,matcher,3,NA,NA,99
Have ya?,10,describer,4,NA,NA,99
yeah,11,matcher,5,NA,NA,99
This one looks like its got it’ legs stuck out at the back and it’s,10,describer,1,NA,NA,100
got two arms at the front with a triangle cut out in between…,10,describer,2,NA,NA,100
Yeah think I’ve got that one,11,matcher,3,NA,NA,100
Number four looks like it’s… he’s only got one arm and it’s to the,10,describer,1,NA,NA,101
left hand side down and it’s got a point at the bottom and then there’s two,10,describer,2,NA,NA,101
"legs, one on the ground, one off the ground",10,describer,3,NA,NA,101
Can you say that one again?,11,matcher,4,NA,NA,101
"Yeah, right it’s like it’s heads facing that way to the right and it’s",10,describer,5,NA,NA,101
arms slopes down and its got a point at the bottom of the arm and one,10,describer,6,NA,NA,101
foot’s off of the ground just nearly under it but it’s got a bit of a gap,10,describer,7,NA,NA,101
and then there’s one foot on the ground,10,describer,8,NA,NA,101
You know when you said one foot on the left…,11,matcher,9,NA,NA,101
Legs…,10,describer,10,NA,NA,101
Yeah I think I’ve got it,11,matcher,11,NA,NA,101
That one’s gonna be hard. It’s got another diamond head and there’s,10,describer,1,NA,NA,102
"like a triangle dangling off of it what looks like a massive earring, a",10,describer,2,NA,NA,102
really big one and it’s got a little bit of a gap…,10,describer,3,NA,NA,102
Yeah I’ve got that one,11,matcher,4,NA,NA,102
"And then number seven, right, there’s… it’s sat like a square and",10,describer,1,NA,NA,103
it’s got a really big leg to the leg and quite a small one to the back and,10,describer,2,NA,NA,103
on the back as you go up there’s like an irregular triangle and there’s a,10,describer,3,NA,NA,103
little gap in between it,10,describer,4,NA,NA,103
Can you say that one again?,11,matcher,5,NA,NA,103
"Yeah, it’s got like a square head and the arm at the back - there’s only",10,describer,6,NA,NA,103
one arm at the back and it’s like a irregular triangle and it’s got a gap,10,describer,7,NA,NA,103
in between the back and the irregular triangle and then it’s got like a,10,describer,8,NA,NA,103
little foot at the back but there’s a straight line going down and then,10,describer,9,NA,NA,103
another diagonal one before the triangle and then in between the triangle’s,10,describer,10,NA,NA,103
a massive gap then there’s…,10,describer,11,NA,NA,103
I think I’ve got that one,11,matcher,12,NA,NA,103
"The last one has got like a diamond head, its legs are both out like",10,describer,1,NA,NA,104
that and there’s like a line going down like a hill…,10,describer,2,NA,NA,104
I think I’ve got that one,11,matcher,3,NA,NA,104
"Yeah, so we’re back onto number one",10,describer,10,NA,NA,97
That must be number one,11,matcher,11,NA,NA,97
"Number one has got it’s arms up in the air like that again, and then",10,describer,1,NA,NA,105
it’s got a little bit of a neck and like a diamond head,10,describer,2,NA,NA,105
Yeah I think I’ve got it,11,matcher,3,NA,NA,105
Number two is got a diamond head and then you know how like I said,10,describer,1,NA,NA,106
"last time, it’s got like a big triangle hanging off and a gap at the back",10,describer,2,NA,NA,106
Yeah I think I’ve got that one,11,matcher,3,NA,NA,106
The head is facing to the right and the arm’s going up a bit,10,describer,1,NA,NA,107
"diagonal and then down a bit diagonal and down straight and then… well, it",10,describer,2,NA,NA,107
looks like an arm bent down like that and then there’s one leg off of the,10,describer,3,NA,NA,107
ground and one leg on the ground.,10,describer,4,NA,NA,107
Yeah I think I’ve got that,11,matcher,5,NA,NA,107
And do you know the one that I said had a diamond sat on top of the,10,describer,1,NA,NA,108
rectangle and had some bits cut out? Can you remember that one?,10,describer,2,NA,NA,108
Yeah,11,matcher,3,NA,NA,108
And then there’s one where there’s a little foot sticking out at the,10,describer,1,NA,NA,109
"back, one leg on the ground, two arms out making a triangle in between them",10,describer,2,NA,NA,109
Yeah,11,matcher,3,NA,NA,109
And then the head is facing that way,10,describer,4,NA,NA,109
Yeah,11,matcher,5,NA,NA,109
"Then the next one has got like a square head, a little bit of a gap",10,describer,1,NA,NA,110
and…,10,describer,2,NA,NA,110
Yeah I think I’ve got that,11,matcher,3,NA,NA,110
And then there’s like a diamond on top of… well there’s a diamond,10,describer,1,NA,NA,111
"then there’s two diagonal lines, two straight ones, one shorter than the",10,describer,2,NA,NA,111
other on both and then…,10,describer,3,NA,NA,111
I think I’ve got that one,11,matcher,4,NA,NA,111
"Then the last one, there’s a diamond head and there’s like a square",10,describer,1,NA,NA,112
sticking out from a diagonal line and it’s got a point,10,describer,2,NA,NA,112
Yeah I’ve got that,11,matcher,3,NA,NA,112
"The first one’s got a diamond head, two diagonal lines going down,",10,describer,1,NA,NA,113
"one shorter than the other, two straight lines going down, one shorter than",10,describer,2,NA,NA,113
the other…,10,describer,3,NA,NA,113
Can you do it a bit slower?,11,matcher,4,NA,NA,113
"Yeah, a diamond, and then two diagonal lines, one shorter than the",10,describer,5,NA,NA,113
"other, two straight lines, one shorter than the other…",10,describer,6,NA,NA,113
Yeah I’ve got that one now,11,matcher,7,NA,NA,113
The rectangle one that had bits cut out,10,describer,1,NA,NA,114
Yeah got that one,11,matcher,2,NA,NA,114
And then the one that had a diamond head and had a like a triangle,10,describer,1,NA,NA,115
dangling off and a gap between the straight line…,10,describer,2,NA,NA,115
yeah,11,matcher,3,NA,NA,115
And then the one with the big leg and the head and the arm at the,10,describer,1,NA,NA,116
"back, and the little foot at the back",10,describer,2,NA,NA,116
Does it have two arms?,11,matcher,3,NA,NA,116
"No, one",10,describer,4,NA,NA,116
Oh. Can you say that again please?,11,matcher,5,NA,NA,116
"Right, it’s got like a square head and under the square head is a",10,describer,6,NA,NA,116
diagonal line and at the top of the diagonal line is a triangle and then a,10,describer,7,NA,NA,116
little bit of a gap between the straight line and that…,10,describer,8,NA,NA,116
I think I’ve got that one,11,matcher,9,NA,NA,116
"And then the next one is the one with the long leg on the ground,",10,describer,1,NA,NA,117
the little foot sticking out at the back and the two arms sticking out with,10,describer,2,NA,NA,117
a triangle…,10,describer,3,NA,NA,117
Yeah,11,matcher,4,NA,NA,117
And then the one with the arms like that,10,describer,1,NA,NA,118
Yeah,11,matcher,2,NA,NA,118
The one with the arm sloped down like that,10,describer,1,NA,NA,119
Yeah,11,matcher,2,NA,NA,119
Yeah,10,describer,3,NA,NA,119
The one with the kettle,10,describer,1,NA,NA,120
Yeah,11,matcher,2,NA,NA,120
Right number one has got a diamond at the top and a straight line,10,describer,1,NA,NA,121
underneath it. A diagonal line going that way down and then a straight line,10,describer,2,NA,NA,121
and then an irregular triangle and then a straight line at the bottom and,10,describer,3,NA,NA,121
"then on the left hand side at the bottom, there’s a straight line going up.",10,describer,4,NA,NA,121
A lot of them have got diamond heads though,12,matcher,5,NA,NA,121
Yeah. Well it looks like a rectangle for three lines and then its got,10,describer,6,NA,NA,121
"bits cut out, got one diagonal line cut out, one straight line going down",10,describer,7,NA,NA,121
cut out and then like an irregular triangle,10,describer,8,NA,NA,121
Ok I think this is hard,12,matcher,9,NA,NA,121
"yeah the first time’s hard, the second’s quite easy",10,describer,10,NA,NA,121
I think it might be this one but I’m not sure.,12,matcher,11,NA,NA,121
What does it look like?,10,describer,12,NA,NA,121
A diamond head and then it looks like it’s flying and it hasn’t got legs,12,matcher,13,NA,NA,121
Yeah,10,describer,14,NA,NA,121
"Then there’s like a diamond head again, a diagonal line going down,",10,describer,1,NA,NA,122
a straight line going across and then a little point and then a straight,10,describer,2,NA,NA,122
line going down and then a straight line going under and then a straight,10,describer,3,NA,NA,122
line going down like a point. You know how a kettle’s got like a point,10,describer,4,NA,NA,122
"there, like that, well it’s got a straight line and it makes a straight",10,describer,5,NA,NA,122
"line and then it’s like a square without the point, but when you put the",10,describer,6,NA,NA,122
"point on, it looks like that",10,describer,7,NA,NA,122
Hmmm. More description. And don’t say it’s black cos they’re all black,12,matcher,8,NA,NA,122
Right and then there’s two diagonal lines what are holding the diamond,10,describer,9,NA,NA,122
up and one’s shorter than the other and straight line and then it goes like,10,describer,10,NA,NA,122
"that, a little bit though, and then a straight line and another straight",10,describer,11,NA,NA,122
line underneath.,10,describer,12,NA,NA,122
Not got a clue,12,matcher,13,NA,NA,122
Do you want to leave it and go onto another one?,10,describer,14,NA,NA,122
Yeah please,12,matcher,15,NA,NA,122
"right, there’s like a square head but it’s not exactly sat like a",10,describer,1,NA,NA,123
"square, and then there’s a diagonal line going up and then there’s like a",10,describer,2,NA,NA,123
"triangle with a little bit of a gap and on the left hand side of the gap,",10,describer,3,NA,NA,123
there’s like a straight line going down and a diagonal line with a,10,describer,4,NA,NA,123
triangle…,10,describer,5,NA,NA,123
I think I’ve got that one,12,matcher,6,NA,NA,123
it’s got a sloped square with an irregular triangle dangling off and,10,describer,1,NA,NA,124
holding the head up is a straight line and then underneath the straight,10,describer,2,NA,NA,124
line it makes a point with a diagonal line and then a tiny straight line,10,describer,3,NA,NA,124
and then a diagonal line going…,10,describer,4,NA,NA,124
Is this four?,12,matcher,5,NA,NA,124
Yeah,10,describer,6,NA,NA,124
Ok,12,matcher,7,NA,NA,124
And on the next one it’s got two arms together like that with a,10,describer,1,NA,NA,125
"triangle in between but it’s like that, so arms go like them but they join",10,describer,2,NA,NA,125
together like that. And it’s a triangle in between. And there’s one long,10,describer,3,NA,NA,125
leg on the ground and one tiny leg with a triangle foot sticking out at the,10,describer,4,NA,NA,125
back,10,describer,5,NA,NA,125
I think I’ve got that one,12,matcher,6,NA,NA,125
Right and then the next one’s a diamond head again and it’s got two,10,describer,1,NA,NA,126
diagonal lines going down but one’s shorter than the other and then two,10,describer,2,NA,NA,126
straight lines going down but one’s shorter than the other. And then,10,describer,3,NA,NA,126
there’s two diagonal lines going like that and then underneath at the,10,describer,4,NA,NA,126
"bottom, there’s one line straight going across and after that, there’s one",10,describer,5,NA,NA,126
straight line going up making a point with one of the diagonal lines.,10,describer,6,NA,NA,126
Will you say that again?,12,matcher,7,NA,NA,126
"Yeah, diamond head on the top, two diagonal lines going down, one",10,describer,8,NA,NA,126
shorter than the other though,10,describer,9,NA,NA,126
Yeah,12,matcher,10,NA,NA,126
"And then there’s two straight lines going down, one shorter than the",10,describer,11,NA,NA,126
other and then there’s two diagonal lines going that way like that and then,10,describer,12,NA,NA,126
straight line at the bottom and then there’s a line going up like that,10,describer,13,NA,NA,126
making a point. Have you got it?,10,describer,14,NA,NA,126
I think,12,matcher,15,NA,NA,126
And then the next one’s got like arms like that saying ‘what?’,10,describer,1,NA,NA,127
Hmmm,12,matcher,2,NA,NA,127
It’s got a square head and it’s like that or it looks like a diamond,10,describer,3,NA,NA,127
I think I’ve done one wrong cos I don’t think any of these are,12,matcher,4,NA,NA,127
"It doesn’t matter, just put one that you think is right there.",10,describer,5,NA,NA,127
Right and the next one’s… well what’s the last one out? Just put,10,describer,1,NA,NA,128
"that there. Oh no, we’ve missed two so there’s three out",10,describer,2,NA,NA,128
Right there’s like a square head and it’s facing that way for me but,10,describer,3,NA,NA,128
it’s gonna be facing that way for you. And then there’s a diagonal line,10,describer,4,NA,NA,128
going up like that and then diagonal line going down and then a straight,10,describer,5,NA,NA,128
line going down and then underneath that is a straight line going up and,10,describer,6,NA,NA,128
then a straight line going down. No I mean diagonal… do you know after that,10,describer,7,NA,NA,128
"straight line, the last one I said?",10,describer,8,NA,NA,128
Yeah,12,matcher,9,NA,NA,128
There’s like a diagonal line going up and then a straight line going,10,describer,10,NA,NA,128
down and then a diagonal line going down and it looks like a leg and,10,describer,11,NA,NA,128
there’s one… there’s two things that look like a leg but they’ve got,10,describer,12,NA,NA,128
triangle feet,10,describer,13,NA,NA,128
"Ok I’ve definitely done one wrong then. Hmmm, I don’t really know, I",12,matcher,14,NA,NA,128
think that one is this one but… hmmm. Right like that.,12,matcher,15,NA,NA,128
The first one it looks like somebody holding a jar of something or a,13,describer,1,NA,NA,129
hat,13,describer,2,NA,NA,129
It’s that one isn’t it?,14,matcher,3,NA,NA,129
And then there’s another one and it’s got… I can’t really describe,13,describer,1,NA,NA,130
"that one. Erm… it’s like a man, it’s like something, it’s like a monster",13,describer,2,NA,NA,130
but with a mouth where our stomach would be. Have you done it?,13,describer,3,NA,NA,130
yeah,14,matcher,4,NA,NA,130
The third one is like a man putting his arms up like saying hurray,13,describer,1,NA,NA,131
Done that one,14,matcher,2,NA,NA,131
And there’s like one that looks like a very strange fish but with,13,describer,1,NA,NA,132
legs,13,describer,2,NA,NA,132
Done it,14,matcher,3,NA,NA,132
"This one and erm, that one just looks like a man dancing with his",13,describer,1,NA,NA,133
head the opposite way round,13,describer,2,NA,NA,133
"Erm and there’s another one, looks like it’s got a square body and",13,describer,1,NA,NA,134
it’s got… it’s like it’s got a sharks fin or a ray fin on the back,13,describer,2,NA,NA,134
Done that one,14,matcher,3,NA,NA,134
And there’s like… this one it looks like it’s a woman dancing with a,13,describer,1,NA,NA,135
dress on,13,describer,2,NA,NA,135
done that one,14,matcher,3,NA,NA,135
And there’s one that’s a man sat down,13,describer,1,NA,NA,136
Done that one. Done them all,14,matcher,2,NA,NA,136
There’s the man that’s cheering.,13,describer,1,NA,NA,137
And there’s that one that has like a star body with a ray fin,13,describer,1,NA,NA,138
Done it,14,matcher,2,NA,NA,138
The third one is the dancing man,13,describer,1,NA,NA,139
Done it,14,matcher,2,NA,NA,139
"Fourth is… it’s like a monster, the one that has the mouth on the",13,describer,1,NA,NA,140
"stomach, where our stomach would be",13,describer,2,NA,NA,140
That ones quite a hard one. More description D,14,matcher,3,NA,NA,140
it’s like got a diamond on top,13,describer,4,NA,NA,140
done it,14,matcher,5,NA,NA,140
It’s that one that looks a bit like a chicken with a fish tail,13,describer,1,NA,NA,141
And it’s the one that looks like the woman that looks like its,13,describer,1,NA,NA,142
dancing,13,describer,2,NA,NA,142
"A man that is sitting down with it’s legs out, well it’s legs in or",13,describer,1,NA,NA,143
"out, kneeling",13,describer,2,NA,NA,143
Done,14,matcher,3,NA,NA,143
And a man holding a pot,13,describer,1,NA,NA,144
Next one,14,matcher,2,NA,NA,144
That’s it,13,describer,3,NA,NA,144
Is that it? I’ve got one left,14,matcher,4,NA,NA,144
Have you? How many have you got then?,13,describer,5,NA,NA,144
Seven I’ve got seven. No it’s my fault,14,matcher,6,NA,NA,144
Do you want me to describe the last one?,13,describer,7,NA,NA,144
yeah,14,matcher,8,NA,NA,144
It’s a man holding the bottle thing,13,describer,9,NA,NA,144
yeah,14,matcher,10,NA,NA,144
have you done number… Did you know that I was describing number two,13,describer,11,NA,NA,144
after number one?,13,describer,12,NA,NA,144
yeah,14,matcher,13,NA,NA,144
You know where the man were cheering,13,describer,2,NA,NA,137
and number two was the one that has a diamond and body that had a,13,describer,3,NA,NA,138
fin shape?,13,describer,4,NA,NA,138
hmmm,14,matcher,5,NA,NA,138
Have you got the third one? The man that looks like it’s dancing?,13,describer,3,NA,NA,139
"Oh yeah, there’s another one now",14,matcher,4,NA,NA,139
"Fourth one, fourth one were that monster thing that had a hole near",13,describer,6,NA,NA,140
it’s body and a triangle shape on top,13,describer,7,NA,NA,140
That’s sort of the diamond fish one what we said before?,14,matcher,8,NA,NA,140
"No that’s not the one that’s sort of a fish one, it’s got two dints in",13,describer,9,NA,NA,140
"it’s body, it goes like a zigzag, it goes like a W but the line goes",13,describer,10,NA,NA,140
"further in, then it goes down then it goes up then its like a diamond",13,describer,11,NA,NA,140
"shape. So there’s a wall that’s gone crooked, they’ll be a diamond shape on",13,describer,12,NA,NA,140
top like that,13,describer,13,NA,NA,140
I’ve done it now D,14,matcher,14,NA,NA,140
The one that looks like she’s dancing,13,describer,1,NA,NA,145
done that one,14,matcher,2,NA,NA,145
the man that’s holding the pot,13,describer,1,NA,NA,146
Done that one,14,matcher,2,NA,NA,146
The cheering man,13,describer,1,NA,NA,147
Done that one,14,matcher,2,NA,NA,147
The man that’s kneeling down,13,describer,1,NA,NA,148
Done that one,14,matcher,2,NA,NA,148
The fish cockerel thing,13,describer,1,NA,NA,149
Fish cockerel… Done that one,14,matcher,2,NA,NA,149
The man that’s dancing,13,describer,1,NA,NA,150
That thing that has that tail like a red fish,13,describer,1,NA,NA,151
Done it,14,matcher,2,NA,NA,151
And the last one is that scary looking one and he’s got that zigzag,13,describer,1,NA,NA,152
pattern,13,describer,2,NA,NA,152
Done it,14,matcher,3,NA,NA,152
The man that’s kneeling down,13,describer,1,NA,NA,153
Done that one,15,matcher,2,NA,NA,153
"the funny shaped thing, one that’s got the dent like a knocked down",13,describer,1,NA,NA,154
wall,13,describer,2,NA,NA,154
done that one,15,matcher,3,NA,NA,154
The thing that’s got star arms it goes down to like a dress thing,13,describer,1,NA,NA,155
that’s got a tail on the back,13,describer,2,NA,NA,155
Done that one,15,matcher,3,NA,NA,155
The woman that’s dancing,13,describer,1,NA,NA,156
Done that one,15,matcher,2,NA,NA,156
"Erm, bird thing with the tail",13,describer,1,NA,NA,157
Done that one,15,matcher,2,NA,NA,157
The one that’s cheering,13,describer,1,NA,NA,158
done that one,15,matcher,2,NA,NA,158
The man that’s dancing,13,describer,1,NA,NA,159
Done that one,15,matcher,2,NA,NA,159
And the one’s that’s holding a pot,13,describer,1,NA,NA,160
Done that one,15,matcher,2,NA,NA,160
"It’s got a square head, it’s black, obviously, it’s got like an L",16,describer,1,NA,NA,161
"shape, a wonky L shape but with a corner chopped off and it’s black",16,describer,2,NA,NA,161
You said that,17,matcher,3,NA,NA,161
"So it’s got an L body but corner ripped off there, so like corner ripped",16,describer,4,NA,NA,161
off. Then it’s got a diamond head. That’s all I can think of. Have you,16,describer,5,NA,NA,161
done?,16,describer,6,NA,NA,161
Yeah,17,matcher,7,NA,NA,161
"right, second one, it’s got a diamond head as usual, it’s black, it",16,describer,1,NA,NA,162
looks like it’s carrying a gun. And it’s got…,16,describer,2,NA,NA,162
Right,17,matcher,3,NA,NA,162
Are you done?,16,describer,4,NA,NA,162
Yeah,17,matcher,5,NA,NA,162
"it’s got a diamond head, wonky square, it’s got like a rectangle but",16,describer,1,NA,NA,163
"bits have been chopped off. Things have been chopped off, so… Have you done",16,describer,2,NA,NA,163
it?,16,describer,3,NA,NA,163
No. Can you describe it a bit more please?,17,matcher,4,NA,NA,163
It’s got a diamond head. It’s like… the thingy is like da da da da but,16,describer,5,NA,NA,163
then it’s chopped off like that. You done it?,16,describer,6,NA,NA,163
Yeah,17,matcher,7,NA,NA,163
"This one looks like it’s balancing. Looks like he’s got one leg,",16,describer,1,NA,NA,164
"he’s got a tail, two arms like that, he’s got a…",16,describer,2,NA,NA,164
Diamond head?,17,matcher,3,NA,NA,164
Yes,16,describer,4,NA,NA,164
I think I’ve got that one,17,matcher,5,NA,NA,164
Balancing like…,16,describer,6,NA,NA,164
Yeah,17,matcher,7,NA,NA,164
Right you done?,16,describer,8,NA,NA,164
Yeah,17,matcher,9,NA,NA,164
This one looks like he’s looking backwards and he’s got his arm like,16,describer,1,NA,NA,165
"that and he’s like that. Like what I’m doing. So he’s like that, looking",16,describer,2,NA,NA,165
"backwards, he’s balancing again, looking backwards, he’s got a diamond",16,describer,3,NA,NA,165
"head, obviously black. Erm, he’s got a fat arm, so it looks like… It’s a",16,describer,4,NA,NA,165
man with somebody popping a flag out his head,16,describer,5,NA,NA,165
Yeah. I think I’ve got that one,17,matcher,6,NA,NA,165
"This one is easy, it looks like he’s cheering. You got that one?",16,describer,1,NA,NA,166
"It’s cheering, he’s got thingy head, diamond head, he’s cheering, it looks",16,describer,2,NA,NA,166
"like a man but he’s cheering, he’s like woohoo.",16,describer,3,NA,NA,166
Right I think I’ve got that one as well,17,matcher,4,NA,NA,166
"This one looks like he’s running. He’s not looking backwards, his",16,describer,1,NA,NA,167
head’s attached to his body and his arm. Or he’s speaking out one of those,16,describer,2,NA,NA,167
microphone things,16,describer,3,NA,NA,167
got that one?,16,describer,4,NA,NA,167
Yeah,17,matcher,5,NA,NA,167
Last one is somebody running again but looking backwards,16,describer,1,NA,NA,168
Yeah I think I’ve got that one,17,matcher,2,NA,NA,168
First one is somebody cheering again so he’s like…,16,describer,1,NA,NA,169
Right got it,17,matcher,2,NA,NA,169
"Second one is somebody running like that, he’s like that. At the",16,describer,1,NA,NA,170
"front, he’s got a big leg, a fat one. And at the back he’s got a skinny one",16,describer,2,NA,NA,170
"and he’s got a diamond head, and it looks like he’s speaking out of",16,describer,3,NA,NA,170
"something, one of those speaker thingys. Got it?",16,describer,4,NA,NA,170
Yeah,17,matcher,5,NA,NA,170
"This one looks like he’s balancing again, so it’s like a man",16,describer,1,NA,NA,171
balancing and someone popping a flag out the back again.,16,describer,2,NA,NA,171
Got it?,16,describer,3,NA,NA,171
Yeah,17,matcher,4,NA,NA,171
"This one, it’s got a thingy head, it’s like a rectangle but bits",16,describer,1,NA,NA,172
"have got chopped off. So it’s like da da da da da, got chopped off",16,describer,2,NA,NA,172
Got that one,17,matcher,3,NA,NA,172
"This looks like somebody’s like that, balancing forward, he’s like",16,describer,1,NA,NA,173
that and he’s balancing like a ballerina.,16,describer,2,NA,NA,173
Right got that one,17,matcher,3,NA,NA,173
"The next one is somebody like kneeling down, just like running but",16,describer,1,NA,NA,174
changed it. Somebody’s looking backwards like that and he’s got triangle…,16,describer,2,NA,NA,174
it’s like a lamp thing,16,describer,3,NA,NA,174
Got that,17,matcher,4,NA,NA,174
"This one… I think you got this one, I don’t know, square head, like",16,describer,1,NA,NA,175
an L shape but…,16,describer,2,NA,NA,175
Other way round?,17,matcher,3,NA,NA,175
No not other way round. It’s just like L shape then you know that bit,16,describer,4,NA,NA,175
there? It’s been chopped off,16,describer,5,NA,NA,175
A; Haven’t you already done that one?,16,describer,6,NA,NA,175
They’re all the same,16,describer,7,NA,NA,175
have you done that one?,16,describer,8,NA,NA,175
Yeah,17,matcher,9,NA,NA,175
And the last one is somebody with a gun,16,describer,1,NA,NA,176
Done it,17,matcher,2,NA,NA,176
"The first one has got square head, like a ballerina like that",16,describer,1,NA,NA,177
Uhuh,17,matcher,2,NA,NA,177
Like that,16,describer,3,NA,NA,177
"Right, I’ve got him or her",17,matcher,4,NA,NA,177
"Right, he’s like that, he’s cheering",16,describer,1,NA,NA,178
Got it,17,matcher,2,NA,NA,178
"A man balancing, there’s still a flag hanging out, a short flag",16,describer,1,NA,NA,179
hanging out of his back,16,describer,2,NA,NA,179
Done it?,16,describer,3,NA,NA,179
Yeah,17,matcher,4,NA,NA,179
"Square head again, but it’s an L shape and do you know like, it’s",16,describer,1,NA,NA,180
like that isn’t it? An L? It’s got that chopped off there and a bit chopped,16,describer,2,NA,NA,180
off there. So it’s like da da da da da,16,describer,3,NA,NA,180
You done?,16,describer,4,NA,NA,180
Yeah,17,matcher,5,NA,NA,180
"This one is similar, it’s got a rectangle body, bits chopped off",16,describer,1,NA,NA,181
like da da da,16,describer,2,NA,NA,181
Yeah got it,17,matcher,3,NA,NA,181
One like is running so it’s got flat surface there and it’s got like,16,describer,1,NA,NA,182
a triangle thing and it’s speaking out of something…,16,describer,2,NA,NA,182
Got it,17,matcher,3,NA,NA,182
One with a gun,16,describer,1,NA,NA,183
Got it,17,matcher,2,NA,NA,183
I only have to say one word and you’ve got it,16,describer,1,NA,NA,184
Got it,17,matcher,2,NA,NA,184
"First one, a square head, it’s like a diamond. And it’s got a",16,describer,1,NA,NA,185
"rectangle body like that that that that. Then it’s got chopped off, some",16,describer,2,NA,NA,185
bits chopped off. So it’s like da da da da da da. Got it?,16,describer,3,NA,NA,185
No. Is it like a Christmas tree with a diamond on top?,18,matcher,4,NA,NA,185
What?,16,describer,5,NA,NA,185
Is it a bit like a Christmas tree?,18,matcher,6,NA,NA,185
No,16,describer,7,NA,NA,185
Is it like a person with a diamond head in a rucksack?,18,matcher,8,NA,NA,185
I don’t get that,16,describer,9,NA,NA,185
"Right he’s like in a bag. He’s got his diamond head, and then it goes",18,matcher,10,NA,NA,185
"out, down, goes across and then it goes uh then it goes uh at the bottom",18,matcher,11,NA,NA,185
Do that again,16,describer,12,NA,NA,185
"A diamond head and it goes like that, like that, like that, like that",18,matcher,13,NA,NA,185
and then it goes across…,18,matcher,14,NA,NA,185
"No no no no she got that wrong as well, it’s a different one. Leave that",16,describer,15,NA,NA,185
"one out, just focus on…",16,describer,16,NA,NA,185
"Does it go like that, like that, like that, like that then up?",18,matcher,17,NA,NA,185
"So like that, that, that, that, that, that, that",16,describer,18,NA,NA,185
Has it got two points on the side?,18,matcher,19,NA,NA,185
"No. it’s like this - Da da da um um um. That’s it, so it’s something in",16,describer,20,NA,NA,185
a sack isn’t it…,16,describer,21,NA,NA,185
Does it go uh uh uh uh uh uh uh uh?,18,matcher,22,NA,NA,185
Right do you know the people like people…?,16,describer,23,NA,NA,185
Does it have a bit like a bowl in its hand?,18,matcher,24,NA,NA,185
A bowl?,16,describer,25,NA,NA,185
With something pointing out,18,matcher,26,NA,NA,185
I don’t get ya,16,describer,27,NA,NA,185
"It’s like a square with something pointing on top of it, out of it",18,matcher,28,NA,NA,185
So you’re thinking like a gun?,16,describer,29,NA,NA,185
I don’t get ya.,18,matcher,30,NA,NA,185
Right…,16,describer,31,NA,NA,185
I think I know I know which one. I’m gonna stick with it,18,matcher,32,NA,NA,185
Can I just tell you again?,16,describer,33,NA,NA,185
No,18,matcher,34,NA,NA,185
"Right second one, it’s like you said, it’s like a square and",16,describer,1,NA,NA,186
"something pointing out so it’s like a gun, he’s like that",16,describer,2,NA,NA,186
Ah yeah.,18,matcher,3,NA,NA,186
You done it?,16,describer,4,NA,NA,186
Which way is it pointing out? That way or that way?,18,matcher,5,NA,NA,186
It’s pointing like that way,16,describer,6,NA,NA,186
Yeah that’s number two,18,matcher,7,NA,NA,186
"Right the third one is a person, he’s like kneeling down, he’s like",16,describer,1,NA,NA,187
"proposing to somebody, he’s like, you’re old, you’ve got a girlfriend and",16,describer,2,NA,NA,187
you’re proposing to them. Yeah? And you’re looking behind to see what time,16,describer,3,NA,NA,187
"it is, is it time yet? Is it time yet? And you’re going like that to hold",16,describer,4,NA,NA,187
like a ring out. And it’s got a triangle surface,16,describer,5,NA,NA,187
I don’t know…,18,matcher,6,NA,NA,187
So he’s kneeling down isn’t he?,16,describer,7,NA,NA,187
I don’t know,18,matcher,8,NA,NA,187
"He’s kneeling down. Don’t get a big shape, it’s a skinny one, he’s a",16,describer,9,NA,NA,187
"skinny, not fat. And the flat surface is there, not there",16,describer,10,NA,NA,187
I don’t get ya. Right every single one’s got a square to diamond head,18,matcher,11,NA,NA,187
Yeah,16,describer,12,NA,NA,187
"So a diamond, you don’t need to tell me that. So what, right… is it like",18,matcher,13,NA,NA,187
a thing pointing out of the chest?,18,matcher,14,NA,NA,187
Yes,16,describer,15,NA,NA,187
I know what you mean! But is it going that way?,18,matcher,16,NA,NA,187
Yes,16,describer,17,NA,NA,187
"Ok, I know what you mean",18,matcher,18,NA,NA,187
Right the fourth one is similar but he’s like kneeling down again,16,describer,1,NA,NA,188
with his arms like that,16,describer,2,NA,NA,188
has he got a big point out?,18,matcher,3,NA,NA,188
"He’s got diamond there and he’s got speaker out like this triangle, so",16,describer,4,NA,NA,188
he’s got this big triangle,16,describer,5,NA,NA,188
"So it’s up like that, you know on it’s chest, is it up like that and",18,matcher,6,NA,NA,188
across like that?,18,matcher,7,NA,NA,188
Yeah yeah yeah,16,describer,8,NA,NA,188
"I know what you mean. Has it got a triangle on the back of his head,",18,matcher,9,NA,NA,188
"like a ponytail, where your ponytail is?",18,matcher,10,NA,NA,188
Like that?,16,describer,11,NA,NA,188
"Yeah, it comes out…",18,matcher,12,NA,NA,188
Yeah,16,describer,13,NA,NA,188
I know what you mean,18,matcher,14,NA,NA,188
"Fifth one, still got a diamond head, and you know, picture an L with",16,describer,1,NA,NA,189
"something on it like that, so it’s like da da da da da. So it’s like an L",16,describer,2,NA,NA,189
but…,16,describer,3,NA,NA,189
"Does it have one point there and another point there, so it goes like",18,matcher,4,NA,NA,189
"that, in, like that, in on it’s chest?",18,matcher,5,NA,NA,189
"No. It goes like that, da da then… picture an L in your head…",16,describer,6,NA,NA,189
"Is it like this thing… has it got, you know if it goes down like that,",18,matcher,7,NA,NA,189
has it got its head on it?,18,matcher,8,NA,NA,189
What do you mean?,16,describer,9,NA,NA,189
"I mean right… you know the bottom of it, has it got something in the",18,matcher,10,NA,NA,189
"middle, a bit like a leg sticking out?",18,matcher,11,NA,NA,189
No,16,describer,12,NA,NA,189
Oh,18,matcher,13,NA,NA,189
"Right, I’ll tell you cos I’m the describer. Right, picture an L shape in",16,describer,14,NA,NA,189
"your head, but picture a bit cut off there, so it’s like this… yeah",16,describer,15,NA,NA,189
"Is it just…Is it like that, up…?",18,matcher,16,NA,NA,189
Do that again,16,describer,17,NA,NA,189
it’s got a diamond head with a point at top,18,matcher,18,NA,NA,189
Yeah,16,describer,19,NA,NA,189
"and then, you know on its body, does the neck come out like that?",18,matcher,20,NA,NA,189
Yeah,16,describer,21,NA,NA,189
"And then it goes down and across like that, so like it’ in a rucksack,",18,matcher,22,NA,NA,189
then it goes across…,18,matcher,23,NA,NA,189
yeah yeah yeah,16,describer,24,NA,NA,189
I know what you mean,18,matcher,25,NA,NA,189
"This is what you keep saying, two points sticking out its chest…",16,describer,1,NA,NA,190
Yeah I know,18,matcher,2,NA,NA,190
He’s balancing like that. He’s on one leg and it looks like his leg’s,16,describer,3,NA,NA,190
sticking out his bum,16,describer,4,NA,NA,190
Yeah I know what you mean,18,matcher,5,NA,NA,190
"Right, done?",16,describer,6,NA,NA,190
Yeah,18,matcher,7,NA,NA,190
Right the one he’s like cheering,16,describer,1,NA,NA,191
"One’s higher and one’s lower, then he’s like slanted",18,matcher,2,NA,NA,191
yeah,16,describer,3,NA,NA,191
Yeah I know what you mean,18,matcher,4,NA,NA,191
"The last one, you know which one it is…",16,describer,1,NA,NA,192
I didn’t do number one though,18,matcher,2,NA,NA,192
You didn’t do number one?,16,describer,3,NA,NA,192
has one got its head on top of a straight bit?,18,matcher,35,NA,NA,185
Yeah,16,describer,36,NA,NA,185
I’ve got it,18,matcher,37,NA,NA,185
Right I’m done,16,describer,38,NA,NA,185
It’s like a square tipped on it’s side at the top and then it’s like,19,describer,1,NA,NA,193
"a big body kind of but it goes diagonal then straight, then diagonal and",19,describer,2,NA,NA,193
straight again,19,describer,3,NA,NA,193
Is the square so there’s a point at the bottom so it goes like a,20,matcher,4,NA,NA,193
diamond?,20,matcher,5,NA,NA,193
"Err, do you know which one that is or do you want…?",19,describer,6,NA,NA,193
Has it got sort of a pointy bit going out?,20,matcher,7,NA,NA,193
Yeah,19,describer,8,NA,NA,193
Yeah,20,matcher,9,NA,NA,193
it looks like a person waving their arms in the air with a diamond,19,describer,1,NA,NA,194
head,19,describer,2,NA,NA,194
Done,20,matcher,3,NA,NA,194
"it’s got a diamond head again, but it’s slightly to the left with",19,describer,1,NA,NA,195
two triangles that looks like a man when they’re put together. Then it’s,19,describer,2,NA,NA,195
got another triangle at the end and then it looks like a leg,19,describer,3,NA,NA,195
Right,20,matcher,4,NA,NA,195
"Erm there’s like a square, like on the right, that’s like attached",19,describer,1,NA,NA,196
"to like… like, on the left side it’s like erm it’s like a trapezium",19,describer,2,NA,NA,196
Can I ask a question? Has it got two legs?,20,matcher,3,NA,NA,196
Yeah and one’s like in the air,19,describer,4,NA,NA,196
"Right, do you want to go onto the next one?",20,matcher,5,NA,NA,196
The next one it’s got a diamond then attached to the diamond is a,19,describer,1,NA,NA,197
triangle which is not attached to anything appear from the diamond. Erm,19,describer,2,NA,NA,197
then there’s like a diamond… another diamond attached to the… a triangle,19,describer,3,NA,NA,197
attached to the diamond which looks like an arm sticking out. Then it’s,19,describer,4,NA,NA,197
"like… it goes like straight down then right a bit, then it’s like… then",19,describer,5,NA,NA,197
it’s got a triangle at the left bottom hand corner and that’s like attached,19,describer,6,NA,NA,197
to a… I don’t know how to explain it…,19,describer,7,NA,NA,197
"Can I ask a question? Do you know at the bottom right hand corner, is",20,matcher,8,NA,NA,197
there a right angle?,20,matcher,9,NA,NA,197
Yeah,19,describer,10,NA,NA,197
"Right, next one",20,matcher,11,NA,NA,197
The next one looks like there’s a square slightly tilted which is,19,describer,1,NA,NA,198
attached to like a triangle with a rectangle on it. And that’s attached to,19,describer,2,NA,NA,198
a triangle then it goes down and it’s like a square but slightly titled,19,describer,3,NA,NA,198
"which that is attached to another triangle, and then there’s like another",19,describer,4,NA,NA,198
trapezium attached onto the square,19,describer,5,NA,NA,198
"Do you know near the top, is there like a triangle going off like a",20,matcher,6,NA,NA,198
stick sort of thing?,20,matcher,7,NA,NA,198
Yeah,19,describer,8,NA,NA,198
"Right, next one please",20,matcher,9,NA,NA,198
This one looks like it’s got a square then it looks like someone’s,19,describer,1,NA,NA,199
got their arms out like asking for something with like a square underneath,19,describer,2,NA,NA,199
it,19,describer,3,NA,NA,199
is it like a cooking pot sort of thing?,20,matcher,4,NA,NA,199
Yeah sort of like that,19,describer,5,NA,NA,199
And then the next one is a diamond on top and straight line and then,19,describer,1,NA,NA,200
it’s got like a triangle on the end…,19,describer,2,NA,NA,200
Right I think I know which one it is,20,matcher,3,NA,NA,200
This one’s got a diamond head and it’s like giving it something with,19,describer,1,NA,NA,201
like the pan as you said,19,describer,2,NA,NA,201
Right,20,matcher,3,NA,NA,201
Next one is… it’s got a diamond head then a straight line and then a,19,describer,1,NA,NA,202
"diagonal attached to it but it’s like together. Erm, it’s… Would you like",19,describer,2,NA,NA,202
to ask any questions?,19,describer,3,NA,NA,202
"has it got after the diamond, has it got like a straight line?",20,matcher,4,NA,NA,202
"Yeah, straight and then it goes like to a triangle, sort of",19,describer,5,NA,NA,202
And in the straight line is there a right angle on the left hand side?,20,matcher,6,NA,NA,202
yeah and there’s a right angle at the bottom as well,19,describer,7,NA,NA,202
Yeah,20,matcher,8,NA,NA,202
The next one has got a square slightly tilted which is attached to,19,describer,1,NA,NA,203
like a body with two legs kicking and it’s got like a parallelogram on the,19,describer,2,NA,NA,203
left side,19,describer,3,NA,NA,203
Yeah I think I know which that is,20,matcher,4,NA,NA,203
Do you want to go onto the next one?,19,describer,5,NA,NA,203
Erm there’s a square that’s slightly tilted again and a triangle’s,19,describer,1,NA,NA,204
been attached to it and then there’s like…on the square on the other side,19,describer,2,NA,NA,204
it’s like a straight line then it goes diagonal in like a triangle and it’s,19,describer,3,NA,NA,204
got another triangle at left hand side bottom corner…,19,describer,4,NA,NA,204
I think I know which one,20,matcher,5,NA,NA,204
Next one looks like a person waving their hands in the air,19,describer,1,NA,NA,205
ok,20,matcher,2,NA,NA,205
Then the next one has got a diamond head and then it’s got two,19,describer,1,NA,NA,206
triangles that look like a mouth when they’re put together,19,describer,2,NA,NA,206
Yeah next one,20,matcher,3,NA,NA,206
This one’s got a square that’s slightly tilted for like a sort of,19,describer,1,NA,NA,207
head. Then it’s got like a sort of triangle which goes into a rectangle and,19,describer,2,NA,NA,207
then attached to that is a like a triangle and that’s looks like it’s been,19,describer,3,NA,NA,207
bent over or something. Then it goes down and there’s like a square but a,19,describer,4,NA,NA,207
big square and attached to that is a triangle then attached to the square,19,describer,5,NA,NA,207
is like a trapezium,19,describer,6,NA,NA,207
Right,20,matcher,7,NA,NA,207
And then the next one has got like a diamond head then it’s got like,19,describer,1,NA,NA,208
a big triangle then it goes straight down into like a big square with erm…,19,describer,2,NA,NA,208
Can I ask a question?,20,matcher,3,NA,NA,208
yeah,19,describer,4,NA,NA,208
has it got like a sticky out triangle at the bottom?,20,matcher,5,NA,NA,208
Yeah,19,describer,6,NA,NA,208
Ok,20,matcher,7,NA,NA,208
The first one looks like a man with his arms in the air,19,describer,1,NA,NA,209
Ok,20,matcher,2,NA,NA,209
next one has got a square slightly tilted which is attached to a,19,describer,1,NA,NA,210
triangle and then a rectangle and there’s a triangle attached to that which,19,describer,2,NA,NA,210
looks like it’s broken off or something,19,describer,3,NA,NA,210
Can I ask a question?,20,matcher,4,NA,NA,210
Yeah,19,describer,5,NA,NA,210
You know in the bottom right hand corner is there like a right angle?,20,matcher,6,NA,NA,210
"No, there’s a triangle, attached to the…",19,describer,7,NA,NA,210
right I know which one it is,20,matcher,8,NA,NA,210
The next one has got a diamond head and it looks like someone’s,19,describer,1,NA,NA,211
giving… he wants something with his arms out. It looks like a pan,19,describer,2,NA,NA,211
Right,20,matcher,3,NA,NA,211
the next one has got a diamond on it’s head and then it’s got a,19,describer,1,NA,NA,212
"straight line and then it’s got a right angle in the left hand corner, then",19,describer,2,NA,NA,212
it goes straight down and it’s got another right angle,19,describer,3,NA,NA,212
"Right ok, next one please",20,matcher,4,NA,NA,212
The next one is a diamond and the diamond’s got a triangle attached,19,describer,1,NA,NA,213
"to it, and it’s also got another triangle but erm it’s got a triangle",19,describer,2,NA,NA,213
attached to it then it’s got a straight line and then… which looks like a,19,describer,3,NA,NA,213
triangle. Right in the bottom left hand corner there’s like a triangle,19,describer,4,NA,NA,213
which is attached to like a… oh there’s a right angle in the bottom right,19,describer,5,NA,NA,213
corner,19,describer,6,NA,NA,213
Right,20,matcher,7,NA,NA,213
This one’s got a diamond head and it’s got two triangles that looks,19,describer,1,NA,NA,214
like a mouth,19,describer,2,NA,NA,214
Right next one,20,matcher,3,NA,NA,214
this one’s got a square that’s slightly tilted and it looks like two,19,describer,1,NA,NA,215
feet kicking,19,describer,2,NA,NA,215
Right the next one please,20,matcher,3,NA,NA,215
And the next one is the one with the diamond on it’s head and it,19,describer,1,NA,NA,216
looks like someone’s sitting down with their leg out and their leg upwards,19,describer,2,NA,NA,216
"to the side. Erm and the leg looks like a triangle, it’s got the point as a",19,describer,3,NA,NA,216
triangle,19,describer,4,NA,NA,216
Ok think I’ve done,20,matcher,5,NA,NA,216
It’s got a diamond head and it’s got a straight line underneath it,19,describer,1,NA,NA,217
with a right angle in the left corner,19,describer,2,NA,NA,217
I’m not very good with right angles,21,matcher,3,NA,NA,217
Then it goes straight down and it’s got another right angle in the left,19,describer,4,NA,NA,217
bottom corner,19,describer,5,NA,NA,217
Can I ask you a question? Is it big?,21,matcher,6,NA,NA,217
Erm sort of,19,describer,7,NA,NA,217
can you do it a bit more precise?,21,matcher,8,NA,NA,217
I’ll start from the beginning again. It’s got a diamond head…,19,describer,9,NA,NA,217
All of them have,21,matcher,10,NA,NA,217
Then it’s got a straight line then it’s got like a triangle on the right,19,describer,11,NA,NA,217
"hand side of the line. Erm right, there’s another straight line on the left",19,describer,12,NA,NA,217
"hand side, it’s just straight",19,describer,13,NA,NA,217
ok,21,matcher,14,NA,NA,217
This one has got a diamond head and it looks like someone’s asking,19,describer,1,NA,NA,218
"for something. It looks like a pan, a cooking pan. Right it’s like their",19,describer,2,NA,NA,218
"arms, it looks like…",19,describer,3,NA,NA,218
"Which side, left or right?",21,matcher,4,NA,NA,218
Left. Do you want to ask another question?,19,describer,5,NA,NA,218
"No I’m fine, I’m fine. Yeah",21,matcher,6,NA,NA,218
Do you want to go onto the next one?,19,describer,7,NA,NA,218
Yeah,21,matcher,8,NA,NA,218
There’s a square that’s slightly tilted to the left and it’s,19,describer,1,NA,NA,219
attached to a triangle…,19,describer,2,NA,NA,219
Yeah keep going. I meant move on,21,matcher,3,NA,NA,219
"Right, there’s a square that’s slightly tilted to the right",19,describer,1,NA,NA,220
"Wait go back one, do the other one. I’m not sure, sorry",21,matcher,2,NA,NA,220
"Right, there’s a square slightly tilted which is attached to a",19,describer,4,NA,NA,219
triangle which is attached to a rectangle,19,describer,5,NA,NA,219
Yeah it was the right one,21,matcher,6,NA,NA,219
Do you want to go onto the next one?,19,describer,7,NA,NA,219
Yeah,21,matcher,8,NA,NA,219
"Right it’s got a square that’s slightly tilted, it’s a diamond",19,describer,3,NA,NA,220
that’s tilted to the left,19,describer,4,NA,NA,220
The left?,21,matcher,5,NA,NA,220
"And attached to that is a triangle, a very big triangle, nothing else is",19,describer,6,NA,NA,220
attached to the triangle apart from the diamond,19,describer,7,NA,NA,220
There isn’t one going left. There isn’t a head going left with a,21,matcher,8,NA,NA,220
triangle. Is it the right? Do this… look for the L and that’s left,21,matcher,9,NA,NA,220
"Then there’s a big… Right, at the bottom right hand corner, there’s a",19,describer,10,NA,NA,220
right angle,19,describer,11,NA,NA,220
No there isn’t,21,matcher,12,NA,NA,220
Yes there is,19,describer,13,NA,NA,220
"There’s nothing, there isn’t anything there",21,matcher,14,NA,NA,220
There’s a right angle,19,describer,15,NA,NA,220
"Right angle, there’s one…",21,matcher,16,NA,NA,220
Have you got it?,19,describer,17,NA,NA,220
Yeah,21,matcher,18,NA,NA,220
"right next one, it’s got a diamond for the head",19,describer,1,NA,NA,221
"They’ve all got diamonds for heads, just say a normal head yeah?",21,matcher,2,NA,NA,221
And it’s got… there’s two lines that are diagonal then it goes straight,19,describer,3,NA,NA,221
down…,19,describer,4,NA,NA,221
At both sides?,21,matcher,5,NA,NA,221
"Yeah, but the left side goes slightly longer, then on the right side…",19,describer,6,NA,NA,221
Is it tilted?,21,matcher,7,NA,NA,221
Yeah,19,describer,8,NA,NA,221
Next one,21,matcher,9,NA,NA,221
Erm there’s a normal head and it looks like two arms are like a,19,describer,1,NA,NA,222
"mouth, two triangles, and it looks like there’s a leg at the bottom, it’s",19,describer,2,NA,NA,222
like a triangle foot with a rectangle leg. Have you got it?,19,describer,3,NA,NA,222
No,21,matcher,4,NA,NA,222
"On the right side in the middle, but on the right, there’s a triangle",19,describer,5,NA,NA,222
which is attached to the erm… it looks like another triangle but it’s not,19,describer,6,NA,NA,222
that’s very hard to find,21,matcher,7,NA,NA,222
There’s two triangles that look like a mouth,19,describer,8,NA,NA,222
Yeah I know that,21,matcher,9,NA,NA,222
have you got the one?,19,describer,10,NA,NA,222
No,21,matcher,11,NA,NA,222
Then after the last triangle there’s a straight line,19,describer,12,NA,NA,222
I’ve got it,21,matcher,13,NA,NA,222
Then it looks like there’s someone waving their arms in the air,19,describer,1,NA,NA,223
The last two are doing the same,21,matcher,2,NA,NA,223
It’s got a diamond head…,19,describer,3,NA,NA,223
Got it,21,matcher,4,NA,NA,223
"got the last one, the last one’s obvious",21,matcher,1,NA,NA,224
It looks like someone with a diamond head and he’s flying,22,describer,1,NA,NA,225
There,23,matcher,2,NA,NA,225
This one looks like another man flying,22,describer,1,NA,NA,226
erm are you sure you haven’t got two of the same? I can’t find it. I’ll,23,matcher,2,NA,NA,226
just got with that one,23,matcher,3,NA,NA,226
Err it looks like a man standing up,22,describer,1,NA,NA,227
Definitely,23,matcher,2,NA,NA,227
It looks like a ballerina with it’s leg up,22,describer,1,NA,NA,228
"Found it, there",23,matcher,2,NA,NA,228
"Erm, it looks like someone holding a bowl",22,describer,1,NA,NA,229
I haven’t got that one. Ok,23,matcher,2,NA,NA,229
It looks like a man sitting down,22,describer,1,NA,NA,230
Ooo I’ll just lay it down there. I’ve only got two more left,23,matcher,2,NA,NA,230
It looks like someone kneeling down,22,describer,1,NA,NA,231
This is getting simple now,23,matcher,2,NA,NA,231
Looks like someone’s kicking something,22,describer,1,NA,NA,232
Got it,23,matcher,2,NA,NA,232
It looks like a man kneeling… going like that ‘weeeee’,22,describer,1,NA,NA,233
What? Say it again,23,matcher,2,NA,NA,233
It looks like a man going diagonal,22,describer,3,NA,NA,233
Diagonal eh? Ready,23,matcher,4,NA,NA,233
It looks like a man kneeling down,22,describer,1,NA,NA,234
Erm,23,matcher,2,NA,NA,234
Have you done it yet?,22,describer,3,NA,NA,234
yeah I have,23,matcher,4,NA,NA,234
It looks like a man kicking something,22,describer,1,NA,NA,235
Again? I’ll take that one. Yeah,23,matcher,2,NA,NA,235
"Err, it looks like a man bending down",22,describer,1,NA,NA,236
It looks like a ballerina sticking her legs out,22,describer,1,NA,NA,237
"I’ve already used it. Err, ready",23,matcher,2,NA,NA,237
It looks like a man leaning forward with one leg stuck out forward,22,describer,1,NA,NA,238
with one leg stuck out behind,22,describer,2,NA,NA,238
"Ooo that’s that one, this could take a while D. Ready",23,matcher,3,NA,NA,238
It looks like a man sat down,22,describer,1,NA,NA,239
I’m done,23,matcher,2,NA,NA,239
It looks like a man with a bowl,22,describer,1,NA,NA,240
Bowl?,23,matcher,2,NA,NA,240
yeah,22,describer,3,NA,NA,240
ready,23,matcher,4,NA,NA,240
I’ve done,22,describer,5,NA,NA,240
I’ve still got one more,23,matcher,6,NA,NA,240
Have you?,22,describer,7,NA,NA,240
"No, I’ve used it",23,matcher,8,NA,NA,240
It looks like a man… I mean it looks like a ballerina with her legs,22,describer,1,NA,NA,241
stuck out,22,describer,2,NA,NA,241
Backwards?,23,matcher,3,NA,NA,241
Yeah,22,describer,4,NA,NA,241
Got that,23,matcher,5,NA,NA,241
looks like a man flying,22,describer,1,NA,NA,242
Got it,23,matcher,2,NA,NA,242
Looks like a man kicking something,22,describer,1,NA,NA,243
Looks like a man sitting down,22,describer,1,NA,NA,244
Got it,23,matcher,2,NA,NA,244
Looks like a man bending down,22,describer,1,NA,NA,245
That one,23,matcher,2,NA,NA,245
It looks like a man kneeling down backwards with one arm stuck out,22,describer,1,NA,NA,246
and one leg stuck out,22,describer,2,NA,NA,246
Is the leg stuck out backwards?,23,matcher,3,NA,NA,246
Yeah,22,describer,4,NA,NA,246
Go on,23,matcher,5,NA,NA,246
Looks like a man holding a bowl,22,describer,1,NA,NA,247
Got it again,23,matcher,2,NA,NA,247
It looks like a man with it’s legs out and then the other leg out,22,describer,1,NA,NA,248
I know,23,matcher,2,NA,NA,248
It looks like a man bending down,22,describer,1,NA,NA,249
next,24,matcher,2,NA,NA,249
It looks like a man with a bowl,22,describer,1,NA,NA,250
next,24,matcher,2,NA,NA,250
It looks like a man kneeling down with one arm down and one leg out,22,describer,1,NA,NA,251
forward and one leg out backward,22,describer,2,NA,NA,251
Next,24,matcher,3,NA,NA,251
Looks like another man kneeling down with one leg backwards and one,22,describer,1,NA,NA,252
leg forwards and one arm forward,22,describer,2,NA,NA,252
Next,24,matcher,3,NA,NA,252
It looks like a man sitting down,22,describer,1,NA,NA,253
With an arm coming out the back?,24,matcher,2,NA,NA,253
It ‘s just a man sat down,22,describer,3,NA,NA,253
Oh. Ok,24,matcher,4,NA,NA,253
It looks like a ballerina with her leg stuck out backwards,22,describer,1,NA,NA,254
Next,24,matcher,2,NA,NA,254
It looks like a man flying,22,describer,1,NA,NA,255
Next,24,matcher,2,NA,NA,255
Looks like a man kicking something,22,describer,1,NA,NA,256
Next,24,matcher,2,NA,NA,256
There’s no next,22,describer,3,NA,NA,256
Oh right,24,matcher,4,NA,NA,256
Looks a bit like a jelly bean with a triangle on top and a bit,25,describer,1,NA,NA,257
flicked out at the bottom.,25,describer,2,NA,NA,257
It looks like a dog laying down with a diamond on his head and a,25,describer,1,NA,NA,258
triangle.,25,describer,2,NA,NA,258
More description please,26,matcher,3,NA,NA,258
"It’s got on the left bottom, it’s got a triangle",25,describer,4,NA,NA,258
Move on,26,matcher,5,NA,NA,258
It looks like a dinosaur with one leg up and a diamond on it’s back,25,describer,1,NA,NA,259
The other one looks like a man with a triangle… no a diamond head,25,describer,1,NA,NA,260
and a watering can in his hand,25,describer,2,NA,NA,260
"It looks like a diamond head, it looks a bit like a bird with a t-",25,describer,1,NA,NA,261
"shirt on, a big one",25,describer,2,NA,NA,261
The other one’s got a diamond thing on top of it with some zigzags,25,describer,1,NA,NA,262
on the right hand side of his body,25,describer,2,NA,NA,262
It’s got… it looks a bit like a man sitting down with a diamond on,25,describer,1,NA,NA,263
"the left side of his head, a triangle on the right side of his head and a",25,describer,2,NA,NA,263
triangle down at the right hand corner bottom,25,describer,3,NA,NA,263
it looks like… it looks a bit like an animal with one leg and an,25,describer,1,NA,NA,264
open mouth and a diamond on his head,25,describer,2,NA,NA,264
Finished?,25,describer,3,NA,NA,264
Yeah,26,matcher,4,NA,NA,264
It looks like a bird with a diamond on his head and a t-shirt,25,describer,1,NA,NA,265
Looks like a dog with a triangle at the left bottom corner with a,25,describer,1,NA,NA,266
diamond on his head and a triangle,25,describer,2,NA,NA,266
Looks like a dinosaur with a diamond on his back,25,describer,1,NA,NA,267
It’s got some zigzag bits on the right hand side with a diamond on,25,describer,1,NA,NA,268
its head,25,describer,2,NA,NA,268
"It looks like an animal with his mouth open, with one leg, a diamond",25,describer,1,NA,NA,269
on his head and a triangle on his tail,25,describer,2,NA,NA,269
It looks like a person sitting down and he’s got a diamond on his,25,describer,1,NA,NA,270
head and a triangle,25,describer,2,NA,NA,270
it looks a bit like a jelly bean with a diamond on his head with a,25,describer,1,NA,NA,271
"bit, a triangle bit at the bottom",25,describer,2,NA,NA,271
Looks like a man with a watering can with a diamond on his head,25,describer,1,NA,NA,272
It’s like a man sitting or lying down with a diamond on his forehead,25,describer,1,NA,NA,273
and a triangle for like an ear and a triangle for an arm,25,describer,2,NA,NA,273
"It looks like a man standing up, with a diamond on his head and a",25,describer,1,NA,NA,274
watering can,25,describer,2,NA,NA,274
"Looks like a diamond on his head, looks like a square but with",25,describer,1,NA,NA,275
zigzag bits on the right hand side,25,describer,2,NA,NA,275
"Looks like a dog with a triangle for his paw, a diamond on his head",25,describer,1,NA,NA,276
with a triangle as an ear,25,describer,2,NA,NA,276
It looks a bit like a funny shaped animal with its mouth open with,25,describer,1,NA,NA,277
"one leg, a triangle for its tail and a diamond on its head",25,describer,2,NA,NA,277
"Looks a bit like a bird tipped over, with a t-shirt with a diamond",25,describer,1,NA,NA,278
bit on his head,25,describer,2,NA,NA,278
Looks a bit like a dinosaur with a leg lifted up with a diamond on,25,describer,1,NA,NA,279
its back,25,describer,2,NA,NA,279
Looks a bit like a jelly bean with a triangle for a foot and a,25,describer,1,NA,NA,280
diamond on his head,25,describer,2,NA,NA,280
Done,26,matcher,3,NA,NA,280
Looks a bit like a square with zigzag bits on the right hand side,25,describer,1,NA,NA,281
and a diamond on his head,25,describer,2,NA,NA,281
Looks like a man with a diamond on his head with a watering can and,25,describer,1,NA,NA,282
a triangle for his foot,25,describer,2,NA,NA,282
say it again,27,matcher,3,NA,NA,282
It looks like a man or woman with a diamond on its head with a watering,25,describer,4,NA,NA,282
can and a triangle for a foot,25,describer,5,NA,NA,282
Done it,27,matcher,6,NA,NA,282
Looks like a man sitting or laying down with a diamond on his,25,describer,1,NA,NA,283
"forehead, a triangle for an ear and a triangle for his arm or hand",25,describer,2,NA,NA,283
ready,27,matcher,3,NA,NA,283
"Looks like a dog laying down with a triangle for his paw, and two",25,describer,1,NA,NA,284
"ears with a diamond, a diamond ear and a triangle ear",25,describer,2,NA,NA,284
looks like a man or a woman in a sack or a sleeping bag with a,25,describer,1,NA,NA,285
triangle at the right bottom corner and a diamond head,25,describer,2,NA,NA,285
"Looks like a funny shaped monster with his mouth open, one leg, a",25,describer,1,NA,NA,286
diamond on his head and a triangle for a tail,25,describer,2,NA,NA,286
"Looks like a man or a bird with his arms out with a t-shirt on, and",25,describer,1,NA,NA,287
looks a bit like a bird with a diamond on his head,25,describer,2,NA,NA,287
Looks like a dinosaur with one leg up and a diamond on his back,25,describer,1,NA,NA,288
Done,27,matcher,2,NA,NA,288
"It’s got a square head, erm, it looks like its got a little body",28,describer,1,NA,NA,289
sitting down and then it goes up a bit and then it goes straight up with a,28,describer,2,NA,NA,289
pointy bit and its got triangles on the upper body and the second lower,28,describer,3,NA,NA,289
body. Do you want any more description?,28,describer,4,NA,NA,289
No I’ve got it. Ready for the next one,29,matcher,5,NA,NA,289
Its got sort of a foot then its got one foot and then it goes,28,describer,1,NA,NA,290
"upwards and then there’s two spikes on the left then on top of the spike,",28,describer,2,NA,NA,290
"the top spike, its got a diamond head then attached to the leg, it’s got a",28,describer,3,NA,NA,290
triangle,28,describer,4,NA,NA,290
"D, its only got one arm?",29,matcher,5,NA,NA,290
"It’s got one foot on the floor and another one on its body, then it",28,describer,1,NA,NA,291
goes up slanted then its got a straight back. Then its got a diagonal sort,28,describer,2,NA,NA,291
of neck and then a head that looks a bit like a triangle but its half a,28,describer,3,NA,NA,291
triangle,28,describer,4,NA,NA,291
I haven’t got any with a half triangle,29,matcher,5,NA,NA,291
You mean a square,28,describer,6,NA,NA,291
Square,29,matcher,7,NA,NA,291
On its head,28,describer,8,NA,NA,291
Oh yeah. Next,29,matcher,9,NA,NA,291
"And on its neck, its got a sort of a flag shaped thing on its back.",28,describer,10,NA,NA,291
"Ok, next",29,matcher,11,NA,NA,291
It looks a bit like a priest. Its got a pointy bit at the end on the,28,describer,1,NA,NA,292
floor and then it goes straight across. And the back goes straight up and,28,describer,2,NA,NA,292
it’s sort of got a neck and its got a diamond head and then its sort of got,28,describer,3,NA,NA,292
a hand…,28,describer,4,NA,NA,292
They’ve all got diamonds,29,matcher,5,NA,NA,292
That’s flat and then it’s got a pointy bit at the end,28,describer,6,NA,NA,292
Yeah got it,29,matcher,7,NA,NA,292
Do you want the next one?,28,describer,8,NA,NA,292
Yes,29,matcher,9,NA,NA,292
It looks a bit like a ghost,28,describer,1,NA,NA,293
Does it go like this?,29,matcher,2,NA,NA,293
Its got…,28,describer,3,NA,NA,293
Got it,29,matcher,4,NA,NA,293
a diamond head. Have you done it?,28,describer,5,NA,NA,293
Yeah,29,matcher,6,NA,NA,293
Erm this one looks like it’s sat on a chair but it’s not on a chair.,28,describer,1,NA,NA,294
"Erm, it’s got a diamond head again. It’s sort of got, on the bottom, it’s",28,describer,2,NA,NA,294
"sort of got slanted legs but they’re not legs, it’s like erm it’s got two",28,describer,3,NA,NA,294
straight diagonal lines…,28,describer,4,NA,NA,294
I’m done,29,matcher,5,NA,NA,294
You done that one?,28,describer,6,NA,NA,294
Yeah,29,matcher,7,NA,NA,294
It’s got half a square as a body and then it goes like a bit,28,describer,1,NA,NA,295
"zigzaggy on the other side of the body, and then it’s got a diamond head",28,describer,2,NA,NA,295
Yeah I’ve got it,29,matcher,3,NA,NA,295
It’s got a square head but it’s a bit turned,28,describer,1,NA,NA,296
Yeah I’ve got it,29,matcher,2,NA,NA,296
the first one looks like a ghost. The hands are…,28,describer,1,NA,NA,297
Got it,29,matcher,2,NA,NA,297
The second one has got a diamond head and a square coming out… not a,28,describer,1,NA,NA,298
"square, a triangle coming out of it",28,describer,2,NA,NA,298
Got it,29,matcher,3,NA,NA,298
This one’s got a foot on the floor and one on the body. It’s got,28,describer,1,NA,NA,299
sort of a flag coming out of its neck…,28,describer,2,NA,NA,299
Got it,29,matcher,3,NA,NA,299
This one has got half a square and zigzag…,28,describer,1,NA,NA,300
Got it,29,matcher,2,NA,NA,300
"This one’s got a diamond head again, a foot on the floor and two",28,describer,1,NA,NA,301
sort of half triangles on its body and then it’s got a triangle…,28,describer,2,NA,NA,301
Got it,29,matcher,3,NA,NA,301
Its head is square. It’s got…,28,describer,1,NA,NA,302
got it,29,matcher,2,NA,NA,302
"Triangle head, looks a bit like it’s sat down",28,describer,1,NA,NA,303
got it,29,matcher,2,NA,NA,303
Erm…,28,describer,1,NA,NA,304
I got it,29,matcher,2,NA,NA,304
"It’s got a square head, it’s got a triangle",28,describer,1,NA,NA,305
Got it,29,matcher,2,NA,NA,305
it looks like a priest,28,describer,1,NA,NA,306
Running? Does it look like a priest running? I’ve done number two but I,29,matcher,2,NA,NA,306
haven’t done number one. What’s the first one again?,29,matcher,3,NA,NA,306
"It’s got a square head, it’s sort of got a slanted neck and then a",28,describer,3,NA,NA,305
triangle attached to it.,28,describer,4,NA,NA,305
Got it,29,matcher,5,NA,NA,305
Number three?,28,describer,6,NA,NA,305
Yeah,29,matcher,7,NA,NA,305
It’s half a square and then zigzags,28,describer,1,NA,NA,307
Got it,29,matcher,2,NA,NA,307
"Number four’s got a diagonal head of a square, then it’s got a",28,describer,1,NA,NA,308
triangle coming out of it,28,describer,2,NA,NA,308
I haven’t got that,29,matcher,3,NA,NA,308
Have you done it?,28,describer,4,NA,NA,308
Are you on number three?,29,matcher,5,NA,NA,308
No,28,describer,6,NA,NA,308
What you on?,29,matcher,7,NA,NA,308
Four,28,describer,8,NA,NA,308
"I haven’t got one. Next, five",29,matcher,9,NA,NA,308
"It’s got a diagonal head, it’s got one foot and two zigzags on one",28,describer,1,NA,NA,309
of the sides of the body,28,describer,2,NA,NA,309
Got it,29,matcher,3,NA,NA,309
This one looks like a ghost,28,describer,1,NA,NA,310
Next,29,matcher,2,NA,NA,310
This one’s got a flag coming out of its neck,28,describer,1,NA,NA,311
Got it,29,matcher,2,NA,NA,311
And then the last one looks like it’s sat down,28,describer,1,NA,NA,312
Got it,29,matcher,2,NA,NA,312
The first one’s like a half a square and on one of the sides it’s,28,describer,1,NA,NA,313
got some zigzags and then it’s got a diamond head,28,describer,2,NA,NA,313
Found it,30,matcher,3,NA,NA,313
The second one looks a bit like a priest with a diamond head and,28,describer,1,NA,NA,314
it’s like got a straight back then it’s got two diagonal lines coming up to,28,describer,2,NA,NA,314
it’s neck,28,describer,3,NA,NA,314
The third one’s got a square head and it’s sort of got a slanted,28,describer,1,NA,NA,315
neck and then a triangle coming out of the neck. And then it’s got a,28,describer,2,NA,NA,315
"straight body and then on the other side, it’s got a pointy bit and then it",28,describer,3,NA,NA,315
comes down a bit and it’s got a diagonal bit coming from the straight line,28,describer,4,NA,NA,315
and then they haven’t got any legs but it’s got a straight line at the,28,describer,5,NA,NA,315
bottom and then it goes diagonally up to the right and then it’s got a,28,describer,6,NA,NA,315
triangle coming out of it,28,describer,7,NA,NA,315
ready,30,matcher,8,NA,NA,315
Do you want some more description?,28,describer,9,NA,NA,315
No I don’t,30,matcher,10,NA,NA,315
"Number four is got a triangle…no a diamond head, quite a big diamond",28,describer,1,NA,NA,316
head and then it’s got a triangle coming out of it and then it’s got a like,28,describer,2,NA,NA,316
"sort of a pointy arm, long pointy arm and then diagonal line comes down",28,describer,3,NA,NA,316
Next one,30,matcher,4,NA,NA,316
This one looks like it’s sat down with the diamond head and it’s,28,describer,1,NA,NA,317
sort of like… it’s not got any right angles. It’s like sat down,28,describer,2,NA,NA,317
Next one,30,matcher,3,NA,NA,317
It’s got a triangle head and two zigzag lines and then it’s got one,28,describer,1,NA,NA,318
"foot and then on the head, it’s got a diagonal line coming down and a",28,describer,2,NA,NA,318
straight line across and then a triangle,28,describer,3,NA,NA,318
Next one,30,matcher,4,NA,NA,318
This one looks a bit like a ghost with a diamond head. The arms are,28,describer,1,NA,NA,319
facing upwards,28,describer,2,NA,NA,319
Done it,30,matcher,3,NA,NA,319
"This one’s like got a diagonal line coming from it’s head, it’s got",28,describer,1,NA,NA,320
"two legs and a diagonal line that comes from it’s head, it’s got a flag",28,describer,2,NA,NA,320
coming out of it. It’s got two legs,28,describer,3,NA,NA,320
Done,30,matcher,4,NA,NA,320
"it looks like it’s a person hopping on one leg, it’s got a square",31,describer,1,NA,NA,321
head that looks like it’s facing right and it looks like it’s got two arms,31,describer,2,NA,NA,321
or one big long arm facing in front of him,31,describer,3,NA,NA,321
yep. Next one,32,matcher,4,NA,NA,321
It looks like a person reading a book or…,31,describer,1,NA,NA,322
A priest?,32,matcher,2,NA,NA,322
"it’s got like a square which is his head… like a diamond on top, and",31,describer,3,NA,NA,322
then his body goes down and his feet are like little triangles and then,31,describer,4,NA,NA,322
he’s got a big square with a triangle point on top,31,describer,5,NA,NA,322
Yeah,32,matcher,6,NA,NA,322
it looks like a shadow and it’s head’s a diamond and it’s right arm,31,describer,1,NA,NA,323
is… looks like a big diamond and it’s left arm is a rectangle and it’s body,31,describer,2,NA,NA,323
is a rectangle,31,describer,3,NA,NA,323
it’s got a diamond head again and it’s body looks like it’s facing,31,describer,1,NA,NA,324
away from us and it goes down and on the bottom right of it it goes out,31,describer,2,NA,NA,324
like a triangle,31,describer,3,NA,NA,324
More description,32,matcher,4,NA,NA,324
What? Have you got it?,31,describer,5,NA,NA,324
No,32,matcher,6,NA,NA,324
"erm, if you turn it like so it’s that way if that makes sense, it looks",31,describer,7,NA,NA,324
like a cot or a pram with a little diamond on the bottom,31,describer,8,NA,NA,324
yeah got it,32,matcher,9,NA,NA,324
"erm, this one looks like it’s got a square for the head again, and",31,describer,1,NA,NA,325
it goes up a bit and it’s got another triangle and it goes down and it’s,31,describer,2,NA,NA,325
got like… it goes down and it goes down again like it’s a person sitting,31,describer,3,NA,NA,325
"down and if you turn it like that again, it looks like, if you turn it like",31,describer,4,NA,NA,325
"that, it looks like a chair but with different legs and something coming",31,describer,5,NA,NA,325
out like a square,31,describer,6,NA,NA,325
Yep,32,matcher,7,NA,NA,325
"This one looks like it’s got a square head, and it looks like its",31,describer,1,NA,NA,326
standing on one leg and it kicks it’s leg out which is like a triangle and,31,describer,2,NA,NA,326
it looks like it’s got two triangle humps on its back,31,describer,3,NA,NA,326
I think I’ve got it,32,matcher,4,NA,NA,326
This one again has got a diamond for it’s head and it goes like…,31,describer,1,NA,NA,327
it’s got a square but it looks like half the square’s been eaten out of,31,describer,2,NA,NA,327
"him. And if you turn it a bit like that, it looks like a square again, with",31,describer,3,NA,NA,327
a triangle there and a triangle there. Can I move on?,31,describer,4,NA,NA,327
Yeah,32,matcher,5,NA,NA,327
This one looks like it’s got like a diamond square head again and,31,describer,1,NA,NA,328
it’s got wings in the back of it’s head which is a triangle and it’s got a,31,describer,2,NA,NA,328
"triangle which goes, it’s like it’s pointing downwards, the it starts to",31,describer,3,NA,NA,328
get a big shape and last it’s got it’s feet out,31,describer,4,NA,NA,328
yeah,32,matcher,5,NA,NA,328
the first one is the shadow,31,describer,1,NA,NA,329
yeah,32,matcher,2,NA,NA,329
the second one is I think the one with a diamond for the head and,31,describer,1,NA,NA,330
the wings coming out of the head,31,describer,2,NA,NA,330
yeah,32,matcher,3,NA,NA,330
"the third one is that man that was hopping, I think you got it mixed",31,describer,1,NA,NA,331
up last time,31,describer,2,NA,NA,331
"two of them, more description",32,matcher,3,NA,NA,331
"he’s look…. He’s like he’s looking to his right and he’s got, he’s on",31,describer,4,NA,NA,331
one… he’s on his left leg and his right leg is kicked out and his arms are,31,describer,5,NA,NA,331
just like… go up and they go out like a square,31,describer,6,NA,NA,331
Like together?,32,matcher,7,NA,NA,331
yeah,31,describer,8,NA,NA,331
Yeah,32,matcher,9,NA,NA,331
And this is the one with the square that looks like it’s been eaten,31,describer,1,NA,NA,332
out of and with the diamond on the top,31,describer,2,NA,NA,332
Is it like a brick but it’s got some… it’s like a square but it’s got,32,matcher,3,NA,NA,332
some missing?,32,matcher,4,NA,NA,332
yeah and it’s got a diamond on top of it,31,describer,5,NA,NA,332
yeah,32,matcher,6,NA,NA,332
this is the one that’s got two humps on his back and he’s kicking,31,describer,1,NA,NA,333
his leg out like a little triangle,31,describer,2,NA,NA,333
"Yeah, and it’s hopping on one leg?",32,matcher,3,NA,NA,333
yeah,31,describer,4,NA,NA,333
this is the one where it’s a lady I think with a head and if you,31,describer,1,NA,NA,334
"turn it that way, it looks a bit like a chair with wonky legs",31,describer,2,NA,NA,334
Yeah,32,matcher,3,NA,NA,334
this is the one where it looks like it’s facing away from him and,31,describer,1,NA,NA,335
you can just see a triangle for his head and his body and if you look at,31,describer,2,NA,NA,335
"bottom right of it or if you turn it like that, it looks like a baby’s cot",31,describer,3,NA,NA,335
yeah,32,matcher,4,NA,NA,335
"And this one is the where he’s waving a book preaching, that’s what",31,describer,1,NA,NA,336
I think he looks…,31,describer,2,NA,NA,336
Yeah,32,matcher,3,NA,NA,336
"Erm this one is that chair if you turn it like that, it looks like",31,describer,1,NA,NA,337
it’s got wonky legs. Or a lady with a head tilting and triangle coming out,31,describer,2,NA,NA,337
the back,31,describer,3,NA,NA,337
Yeah,32,matcher,4,NA,NA,337
this is the one where the man’s reading the book,31,describer,1,NA,NA,338
Yeah,32,matcher,2,NA,NA,338
This is the square that looks like it’s been eaten with and it’s got,31,describer,1,NA,NA,339
a triangle on top,31,describer,2,NA,NA,339
yeah,32,matcher,3,NA,NA,339
"this is the one, another angel one where her head’s tilted back a",31,describer,1,NA,NA,340
bit and a wing’s coming out the back of her head,31,describer,2,NA,NA,340
yeah,32,matcher,3,NA,NA,340
This is the one with the man with two humps coming out of his back,31,describer,1,NA,NA,341
"and his heads tilted, he’s kicking his triangle leg",31,describer,2,NA,NA,341
And the arms are together?,32,matcher,3,NA,NA,341
"Yeah. No… erm, he’s got two humps on his back, square for a head, his",31,describer,4,NA,NA,341
"left leg, I think, is kicked out, a triangle and he’s hopping on one leg",31,describer,5,NA,NA,341
Yeah,32,matcher,6,NA,NA,341
But he hasn’t got any arms,31,describer,7,NA,NA,341
Yeah,32,matcher,8,NA,NA,341
This one is the shadow one,31,describer,1,NA,NA,342
Yeah,32,matcher,2,NA,NA,342
And this one is the one you just said with the… looks like he’s got,31,describer,1,NA,NA,343
two arms and he’s hopping on one leg,31,describer,2,NA,NA,343
Yeah,32,matcher,3,NA,NA,343
And this is one is where he looks like he’s facing away from you.,31,describer,1,NA,NA,344
"He’s got a triangle… no a diamond for his head, and looks like he’s…",31,describer,2,NA,NA,344
Does it look like a cot?,32,matcher,3,NA,NA,344
"Yeah, the cot one",31,describer,4,NA,NA,344
Yeah,32,matcher,5,NA,NA,344
This one is the square that looks like it’s been eaten out of and,31,describer,1,NA,NA,345
it’s got a diamond on top. You got that one?,31,describer,2,NA,NA,345
yeah,33,matcher,3,NA,NA,345
This one is the person reading the book,31,describer,1,NA,NA,346
Yeah,33,matcher,2,NA,NA,346
And this one is the lady but it looks like a chair with wonky legs,31,describer,1,NA,NA,347
Yep,33,matcher,2,NA,NA,347
This one is the other one like the lady with the angel wings coming,31,describer,1,NA,NA,348
out of her,31,describer,2,NA,NA,348
Yeah,33,matcher,3,NA,NA,348
"This one looks like the person’s turned it’s back on us, with a",31,describer,1,NA,NA,349
diamond for it’s head,31,describer,2,NA,NA,349
You turn it round and it’s a cot?,33,matcher,3,NA,NA,349
Yeah,31,describer,4,NA,NA,349
This one is the man with two humps on the back and his heads tilted,31,describer,1,NA,NA,350
a bit and his legs kicked out,31,describer,2,NA,NA,350
This one is the shadow one,31,describer,1,NA,NA,351
Yeah,33,matcher,2,NA,NA,351
And this one is where he looks like he’s got two arms together,31,describer,1,NA,NA,352
yeah,33,matcher,2,NA,NA,352
"Erm, she’s got, her arms are in front and her legs are pointed.",34,describer,1,NA,NA,353
I’ve got it.,35,matcher,2,NA,NA,353
"Erm, it’s got a pointed tail, like a square, not… like a triangle,",34,describer,1,NA,NA,354
and it’s got a leg and it’s got some arms like that.,34,describer,2,NA,NA,354
Got it?,34,describer,3,NA,NA,354
Yep.,35,matcher,4,NA,NA,354
"Erm, her legs are at the back, erm, she’s got one leg at the back,",34,describer,1,NA,NA,355
"she’s got one leg in front, well, one arm in front.",34,describer,2,NA,NA,355
Got it.,35,matcher,3,NA,NA,355
"Erm, it’s got one leg, two arms and a pointy face.",34,describer,1,NA,NA,356
Got it,35,matcher,2,NA,NA,356
"It’s got erm, it’s like a square body but shapes are missing out of",34,describer,1,NA,NA,357
it,34,describer,2,NA,NA,357
Got it,35,matcher,3,NA,NA,357
"Erm, it’s got a diamond head, some points and a flat bum, and point",34,describer,1,NA,NA,358
and then straight and then point.,34,describer,2,NA,NA,358
Got it?,34,describer,3,NA,NA,358
Yeah,35,matcher,4,NA,NA,358
"Erm, it’s got two legs at front, erm an arm at back, arm in front",34,describer,1,NA,NA,359
and it’s got a diamond head.,34,describer,2,NA,NA,359
Got it,35,matcher,3,NA,NA,359
"Erm, it’s like this person’s diving",34,describer,1,NA,NA,360
Got it,35,matcher,2,NA,NA,360
"Erm, it’s got diamond head, shapes missing out of it’s body, and a",34,describer,1,NA,NA,361
flat bum.,34,describer,2,NA,NA,361
Ok,35,matcher,3,NA,NA,361
Got it?,34,describer,4,NA,NA,361
yeah,35,matcher,5,NA,NA,361
"Erm, it’s like a monster with two legs in front, it’s arms are",34,describer,1,NA,NA,362
pointed and it’s looking back.,34,describer,2,NA,NA,362
Got it,35,matcher,3,NA,NA,362
"It’s on one leg, it’s got like a tail and then he’s got his arms",34,describer,1,NA,NA,363
pointing out,34,describer,2,NA,NA,363
Got it,35,matcher,3,NA,NA,363
"It’s got its legs pointing out, a flat bit and then a leg behind.",34,describer,1,NA,NA,364
Got it,35,matcher,2,NA,NA,364
It’s a diamond for a head and then it’s going down and then across,34,describer,1,NA,NA,365
and up for its legs and then a triangle leg,34,describer,2,NA,NA,365
Got it,35,matcher,3,NA,NA,365
"It’s like, it’s got it’s arms together in front of him, and it’s got",34,describer,1,NA,NA,366
pointy toes and it’s got a diamond head.,34,describer,2,NA,NA,366
Got it,35,matcher,3,NA,NA,366
It’s got like a couple of shapes missing and it’s got a diamond head,34,describer,1,NA,NA,367
Got it,35,matcher,2,NA,NA,367
It’s like this boys diving,34,describer,1,NA,NA,368
Got it,35,matcher,2,NA,NA,368
"It’s got some shapes missing, and it’s got a diamond head and it’s",34,describer,1,NA,NA,369
got a flat back,34,describer,2,NA,NA,369
Ready?,34,describer,3,NA,NA,369
Got it,35,matcher,4,NA,NA,369
"It’s got a diamond head and it’s got like pointy hands, a straight",34,describer,1,NA,NA,370
back and pointy feet.,34,describer,2,NA,NA,370
Got it,35,matcher,3,NA,NA,370
It looks like someone’s looking forward and they’re relaxing and,34,describer,1,NA,NA,371
they’ve got pointy feet.,34,describer,2,NA,NA,371
Got it,35,matcher,3,NA,NA,371
"Erm, they’ve got a diamond head and pointy feet and a straight front",34,describer,1,NA,NA,372
Got it?,34,describer,2,NA,NA,372
Got it,35,matcher,3,NA,NA,372
"A diamond head, with like two arms in front with one below and one",34,describer,1,NA,NA,373
forward and there’s one… it’s like he’s balancing on one leg.,34,describer,2,NA,NA,373
Got it,35,matcher,3,NA,NA,373
He’s got a diamond head and it goes curved and then it’s got a flat,34,describer,1,NA,NA,374
bum and pointy toes.,34,describer,2,NA,NA,374
Got it,35,matcher,3,NA,NA,374
It’s a boy diving,34,describer,1,NA,NA,375
Got it,35,matcher,2,NA,NA,375
And it’s like a bird but it’s got a pointy beak and it’s got wings,34,describer,1,NA,NA,376
and two legs,34,describer,2,NA,NA,376
Got it,35,matcher,3,NA,NA,376
"- *before they started, they had a quick conversation saying that",35,matcher,1,NA,NA,377
they’ve all got diamond heads*,35,matcher,2,NA,NA,377
It’s like someone’s got a diamond head and pointy toes,34,describer,1,NA,NA,378
Got it,36,matcher,2,NA,NA,378
It’s like his hands are round the front and he’s got pointy toes and,34,describer,1,NA,NA,379
a straight back,34,describer,2,NA,NA,379
Got it,36,matcher,3,NA,NA,379
And a diamond head,34,describer,4,NA,NA,379
"He’s got his hands behind him, his legs behind him and he’s got a",34,describer,1,NA,NA,380
diamond head,34,describer,2,NA,NA,380
Got it,36,matcher,3,NA,NA,380
"he’s got a diamond head, a straight back and a flat bottom",34,describer,1,NA,NA,381
pardon?,36,matcher,2,NA,NA,381
"they’ve got a diamond head, a pointy corner and a flat bottom",34,describer,3,NA,NA,381
got it,36,matcher,4,NA,NA,381
"he’s got a diamond head, a pointy… point and shapes missing and a",34,describer,1,NA,NA,382
straight back.,34,describer,2,NA,NA,382
Got it,36,matcher,3,NA,NA,382
Like a boy’s diving,34,describer,1,NA,NA,383
"Got it, I got it",36,matcher,2,NA,NA,383
Yeah but I’ve just went onto something else,34,describer,3,NA,NA,383
Oh,36,matcher,4,NA,NA,383
(D laughs),36,matcher,5,NA,NA,383
"erm it’s got a diamond head, it’s like one hands at the bottom, one",34,describer,1,NA,NA,384
hands at the top and he’s on one leg,34,describer,2,NA,NA,384
Got it,36,matcher,3,NA,NA,384
"It’s like a bird, and it’s got wings, it’s got a pointy beak and",34,describer,3,NA,NA,377
it’s got two legs,34,describer,4,NA,NA,377
Got it,36,matcher,5,NA,NA,377
The first one is like a person with its arm out and it’s got a,37,describer,1,NA,NA,385
"really thick leg and it’s got a triangle leg, and it’s got a square head",37,describer,2,NA,NA,385
I think it’s this one,38,matcher,3,NA,NA,385
It’s only got one arm,37,describer,4,NA,NA,385
Oh I’ve got it,38,matcher,5,NA,NA,385
I don’t know how to describe this one,37,describer,1,NA,NA,386
Is it hard?,38,matcher,2,NA,NA,386
It’s sort of got a square head with an arm sticking out and two legs and,37,describer,3,NA,NA,386
it’s got a straight back,37,describer,4,NA,NA,386
I think it’s this one,38,matcher,5,NA,NA,386
Second one is like a diamond shape head and then it’s got like a,37,describer,1,NA,NA,387
point onto the diamond and then it’s like a rectangle and then it’s got,37,describer,2,NA,NA,387
err a point at the end and then it’s got like a book or something like,37,describer,3,NA,NA,387
that. Have you done it?,37,describer,4,NA,NA,387
Uhuh,38,matcher,5,NA,NA,387
This one is like a ballet dancer or something like that,37,describer,1,NA,NA,388
I got it,38,matcher,2,NA,NA,388
Like a diamond head…,37,describer,3,NA,NA,388
Got it,38,matcher,4,NA,NA,388
This one’s like a person with arms up in the air,37,describer,1,NA,NA,389
Uhuh. Three more left,38,matcher,2,NA,NA,389
It’s like a diamond shape head and it’s got a straight line under it,37,describer,1,NA,NA,390
"and it’s got a straight line down, then it’s got a straight line across and",37,describer,2,NA,NA,390
then it’s got sort of like bumps,37,describer,3,NA,NA,390
Done it,38,matcher,4,NA,NA,390
It’s like a diamond and then it’s like a chair,37,describer,1,NA,NA,391
"Got it, last one",38,matcher,2,NA,NA,391
It’s like a person with two arms and it looks like it’s kneeling,37,describer,1,NA,NA,392
down,37,describer,2,NA,NA,392
Got it,38,matcher,3,NA,NA,392
The first one is like a man waving his arms. Ready for the next one?,37,describer,1,NA,NA,393
yeah,38,matcher,2,NA,NA,393
A man with two arms and he’s kneeling down,37,describer,1,NA,NA,394
The third one is a man turning his head cos he doesn’t want to look,37,describer,1,NA,NA,395
at his arm and he’s taking like a step,37,describer,2,NA,NA,395
Done it,38,matcher,3,NA,NA,395
the third one is like a diamond on a table and some of the table’s,37,describer,1,NA,NA,396
broke,37,describer,2,NA,NA,396
next one is like a ballet dancer,37,describer,1,NA,NA,397
Next one is like a man pointing his arm out and he’s got a really,37,describer,1,NA,NA,398
thick leg,37,describer,2,NA,NA,398
Yeah,38,matcher,3,NA,NA,398
"Erm, it’s like a diamond on a chair",37,describer,1,NA,NA,399
Got it,38,matcher,2,NA,NA,399
"Last one is like a man telling someone not to do it, and he’s got a",37,describer,1,NA,NA,400
really thick like cloth on his arm or something like that,37,describer,2,NA,NA,400
"Erm the first one, man with a thick leg",37,describer,1,NA,NA,401
Thick leg,38,matcher,2,NA,NA,401
"Second one, a man pointing to someone with a cloth on his arm",37,describer,1,NA,NA,402
A diamond with a broken table,37,describer,1,NA,NA,403
yeah,38,matcher,2,NA,NA,403
A man with his arms out kneeling down,37,describer,1,NA,NA,404
"Next one, a ballet dancer",37,describer,1,NA,NA,405
"Next one, a man waving his arms in the air",37,describer,1,NA,NA,406
"Next one, a man don’t wanna look at his arms",37,describer,1,NA,NA,407
easy peasy,38,matcher,2,NA,NA,407
Third one a diamond on a chair,37,describer,1,NA,NA,408
First one is like a diamond that’s on a table that’s broken,37,describer,1,NA,NA,409
yep,39,matcher,2,NA,NA,409
next one is like a man pointing to someone with a cloth on his arm,37,describer,1,NA,NA,410
Yeah,39,matcher,2,NA,NA,410
"Next one, a man that don’t want to look at an arm or a leg but wants",37,describer,1,NA,NA,411
to look at his really thick leg,37,describer,2,NA,NA,411
yep,39,matcher,3,NA,NA,411
"next one, a man that’s kneeling down with his arms out",37,describer,1,NA,NA,412
yep,39,matcher,2,NA,NA,412
"next one, a diamond on a chair with no legs",37,describer,1,NA,NA,413
yeah,39,matcher,2,NA,NA,413
"Next one, a bit like a ballet dancer",37,describer,1,NA,NA,414
yeah,39,matcher,2,NA,NA,414
"erm, next one like a man with no legs waving his hands up in the air",37,describer,1,NA,NA,415
yeah,39,matcher,2,NA,NA,415
Next one’s a man that doesn’t want to look at his feet or his arm,37,describer,1,NA,NA,416
Yep,39,matcher,2,NA,NA,416
that’s it,37,describer,3,NA,NA,416
First one erm looks like someone’s bending backwards,40,describer,1,NA,NA,417
Found it I think,41,matcher,2,NA,NA,417
Have you found it?,40,describer,3,NA,NA,417
Yeah I think,41,matcher,4,NA,NA,417
Second one is someone’s pointing their finger. Found it?,40,describer,1,NA,NA,418
Yeah,41,matcher,2,NA,NA,418
"I don’t know what to say… It looks like an animal, it’s got a tail",40,describer,1,NA,NA,419
"Found it, I think",41,matcher,2,NA,NA,419
It’s a person that’s like jumping to the side,40,describer,1,NA,NA,420
Found it I think,41,matcher,2,NA,NA,420
Erm it’s a person that’s… what shall I say? It looks like it’s,40,describer,1,NA,NA,421
pointing again,40,describer,2,NA,NA,421
Found it,41,matcher,3,NA,NA,421
This one it’s sitting down,40,describer,1,NA,NA,422
I think I’ve found it,41,matcher,2,NA,NA,422
There’s one that’s like running,40,describer,1,NA,NA,423
Running?,41,matcher,2,NA,NA,423
Yeah,40,describer,3,NA,NA,423
Found it,41,matcher,4,NA,NA,423
have you done?,40,describer,5,NA,NA,423
No. I’m missing the fifth one,41,matcher,6,NA,NA,423
Erm it’s pointing,40,describer,4,NA,NA,421
Yeah,41,matcher,5,NA,NA,421
have you got it?,40,describer,6,NA,NA,421
Yeah,41,matcher,7,NA,NA,421
What number are you on now?,40,describer,8,NA,NA,421
The eighth,41,matcher,9,NA,NA,421
It’s sat down and it’s moving their arms about. It looks like the,40,describer,1,NA,NA,424
arms are running,40,describer,2,NA,NA,424
Arms are running?,41,matcher,3,NA,NA,424
"No, it’s sat down but it looks like he’s running",40,describer,4,NA,NA,424
Yes. I’m still missing the fifth one though,41,matcher,10,NA,NA,421
It’s pointing,40,describer,11,NA,NA,421
The fifth one?,41,matcher,12,NA,NA,421
Yeah. And it’s like got a little foot,40,describer,13,NA,NA,421
Little foot. Got it,41,matcher,14,NA,NA,421
The last one is sitting down but it’s got a triangle at side of it’s,40,describer,5,NA,NA,424
head. You done it?,40,describer,6,NA,NA,424
No,41,matcher,7,NA,NA,424
Found it?,40,describer,8,NA,NA,424
Yeah but there’s still one more left,41,matcher,9,NA,NA,424
There isn’t,40,describer,10,NA,NA,424
There is,41,matcher,11,NA,NA,424
Shall I go through them again?,40,describer,12,NA,NA,424
Yeah,41,matcher,13,NA,NA,424
The first one is someone walking but it’s got a head like…,40,describer,5,NA,NA,417
got that one,41,matcher,6,NA,NA,417
Someone pointing at something,40,describer,3,NA,NA,418
Yeah,41,matcher,4,NA,NA,418
Someone like a donkey,40,describer,3,NA,NA,419
Someone jumping to the side,40,describer,3,NA,NA,420
Yeah,41,matcher,4,NA,NA,420
Someone pointing again at the side,40,describer,15,NA,NA,421
Yeah,41,matcher,16,NA,NA,421
Someone sitting down,40,describer,3,NA,NA,422
Yeah,41,matcher,4,NA,NA,422
Someone sitting down but arms moving,40,describer,7,NA,NA,423
Yeah,41,matcher,8,NA,NA,423
And someone that’s got a triangle at their head,40,describer,14,NA,NA,424
Yeah I think,41,matcher,15,NA,NA,424
First one is like a donkey with a tail,40,describer,1,NA,NA,425
yeah,41,matcher,2,NA,NA,425
"Second one, someone sitting down but arms moving",40,describer,1,NA,NA,426
Yeah,41,matcher,2,NA,NA,426
"third one, sitting down",40,describer,1,NA,NA,427
err yeah,41,matcher,2,NA,NA,427
"Fourth one, someone pointing",40,describer,1,NA,NA,428
Ah,41,matcher,2,NA,NA,428
Someone jumping to the side,40,describer,1,NA,NA,429
Yeah,41,matcher,2,NA,NA,429
"Someone that’s got a triangle at back of their head, sitting down",40,describer,1,NA,NA,430
I think so,41,matcher,2,NA,NA,430
"Someone that’s walking, got their head at the side",40,describer,1,NA,NA,431
Yeah,41,matcher,2,NA,NA,431
"The last one, someone that’s got a foot",40,describer,1,NA,NA,432
A foot yeah,41,matcher,2,NA,NA,432
It’s someone that’s sitting down but their arms are moving,40,describer,1,NA,NA,433
Sitting down but their arms moving…yeah,41,matcher,2,NA,NA,433
Someone that’s pointing at something,40,describer,1,NA,NA,434
Yeah,41,matcher,2,NA,NA,434
Someone that’s like… a square but it’s zigzaggy at one side,40,describer,1,NA,NA,435
Yeah,41,matcher,2,NA,NA,435
Someone that’s got a triangle at their head and it’s got a little,40,describer,1,NA,NA,436
foot and a finger,40,describer,2,NA,NA,436
"Right, yeah",41,matcher,3,NA,NA,436
Someone that’s got a little tail and it looks like a donkey,40,describer,1,NA,NA,437
Right,41,matcher,2,NA,NA,437
Someone that’s jumping to the side,40,describer,1,NA,NA,438
Yeah,41,matcher,2,NA,NA,438
Someone that’s walking but they’ve got their head to the side,40,describer,1,NA,NA,439
Yeah,41,matcher,2,NA,NA,439
"And last one, someone that’s sitting down",40,describer,1,NA,NA,440
The first one is someone sitting down,40,describer,1,NA,NA,441
That one,42,matcher,2,NA,NA,441
"Someone that’s got a tail, it’s like a donkey",40,describer,1,NA,NA,442
Done it,42,matcher,2,NA,NA,442
Someone that’s jumping to the side,40,describer,1,NA,NA,443
This one,42,matcher,2,NA,NA,443
Ready?,40,describer,3,NA,NA,443
Yeah,42,matcher,4,NA,NA,443
Someone that’s walking but they’ve got their head to the side,40,describer,1,NA,NA,444
"Done it, that one. Ready",42,matcher,2,NA,NA,444
Someone that’s like… it’s like square but it’s zigzaggy at the side,40,describer,1,NA,NA,445
Yeah ready,42,matcher,2,NA,NA,445
Someone that’s pointing at something,40,describer,1,NA,NA,446
Ready,42,matcher,2,NA,NA,446
Someone that’s sitting down but they’ve got their arms moving,40,describer,1,NA,NA,447
"I don’t know, more description",42,matcher,2,NA,NA,447
"Someone, the last one is, someone that’s got a triangle at the back",40,describer,1,NA,NA,448
of their head and a little knee up,40,describer,2,NA,NA,448
Done,42,matcher,3,NA,NA,448
"It’s got like two legs at bottom, one’s long and one’s got a short",43,describer,1,NA,NA,449
"and it’s like coming out of the side, and it’s got something like a",43,describer,2,NA,NA,449
"triangle near the like arm part should be, one of the arms, and it’s got a",43,describer,3,NA,NA,449
head that’s hanging off,43,describer,4,NA,NA,449
Erm,44,matcher,5,NA,NA,449
It’s got like a triangle part where an arm’s meant to be. It’s got a,43,describer,6,NA,NA,449
"square head, it’s got one of the legs sticking out of the side and one on",43,describer,7,NA,NA,449
"the ground, on the right part",43,describer,8,NA,NA,449
I know which one it is. Next,44,matcher,9,NA,NA,449
"This one is like a god, it’s got something like a triangle arm that",43,describer,1,NA,NA,450
"goes down like a triangle, then he’s got a square part and then it goes",43,describer,2,NA,NA,450
"down, it’s got like a square foot and he’s got like a diamond head",43,describer,3,NA,NA,450
I know which one it is. Next,44,matcher,4,NA,NA,450
This has got a diamond head but where the arms are meant to be,43,describer,1,NA,NA,451
"there’s two triangles and at the back, there’s a triangle for like a tail",43,describer,2,NA,NA,451
and there’s one leg pointing down with a triangle foot,43,describer,3,NA,NA,451
Yep,44,matcher,4,NA,NA,451
"This one’s got a diamond head, his body’s in a slant and he’s got",43,describer,1,NA,NA,452
like one diamond arm and one arm that’s got a straight part like it’s hands,43,describer,2,NA,NA,452
"been chopped off. It’s got a diamond head, it’s body’s in a slant, he’s got",43,describer,3,NA,NA,452
like a diamond arm…,43,describer,4,NA,NA,452
Got it,44,matcher,5,NA,NA,452
"This other one is like the same as the others, it’s got a diamond",43,describer,1,NA,NA,453
"head, go down to the right, it’s got like a triangle then it goes…",43,describer,2,NA,NA,453
Done,44,matcher,3,NA,NA,453
It’s got a diamond head and it’s got something like a… And he’s got,43,describer,1,NA,NA,454
"like, for his right foot he’s got a like just a triangle with a diamond",43,describer,2,NA,NA,454
head,43,describer,3,NA,NA,454
Done it,44,matcher,4,NA,NA,454
"This has got a square head then if you go up, it’s got like a",43,describer,1,NA,NA,455
"triangle on it’s back, then if you go down it’s got another triangle then",43,describer,2,NA,NA,455
it’s got like a giant triangle on it’s foot like a giant foot,43,describer,3,NA,NA,455
Yeah done it,44,matcher,4,NA,NA,455
"This is a triangle, it’s got a triangles head…",43,describer,1,NA,NA,456
"Done it, that’s the last one",44,matcher,2,NA,NA,456
"This has got a triangle head, and it’s got, as you go down, one part",43,describer,1,NA,NA,457
"it’s got like two triangles and if you go down straight, it’s got his foot,",43,describer,2,NA,NA,457
just one foot and if you go up it’s got a tail but it’s in a triangle,43,describer,3,NA,NA,457
"shape, then it goes back up to the head, a diamond head. Two triangles",43,describer,4,NA,NA,457
"there, one two, it’s got a triangle at the tail and one leg.",43,describer,5,NA,NA,457
I got it,44,matcher,6,NA,NA,457
"This one is like a shoe, it’s got a square head, it’s got a triangle",43,describer,1,NA,NA,458
"at the back, he’s got… he’s like in a shoe, he’s got a heel, something like",43,describer,2,NA,NA,458
a heel but it’s a triangle and it goes down and it goes back up and then,43,describer,3,NA,NA,458
it’s got the head again,43,describer,4,NA,NA,458
I don’t get it,44,matcher,5,NA,NA,458
"He’s got a square head, he’s got like a little neck, if you go up, he’s",43,describer,6,NA,NA,458
"got like a triangle connected onto his back, you go down, it’s got another",43,describer,7,NA,NA,458
"triangle like the heel of a shoe, you go down and you’ve got like part of",43,describer,8,NA,NA,458
"the shoe like in a triangle shape, goes up and then back to the head",43,describer,9,NA,NA,458
Yeah,44,matcher,10,NA,NA,458
"This has got a triangle…diamond head, he’s got a straight part and",43,describer,1,NA,NA,459
"then he’s got like one triangle sticking out of it’s sides, side.",43,describer,2,NA,NA,459
Yep,44,matcher,3,NA,NA,459
"This is like a god, he’s got a triangle’s head and if you go down",43,describer,1,NA,NA,460
"left, he’s got like a triangle part and then it’s got a square box, it goes",43,describer,2,NA,NA,460
"down and it’s got one triangle foot on it’s left hand side, straight and",43,describer,3,NA,NA,460
then it goes back up to it’s head,43,describer,4,NA,NA,460
Yep,44,matcher,5,NA,NA,460
"This has got like one diamond hand, one part of it chopped off of",43,describer,1,NA,NA,461
"the other hand, it’s got a diamond head and it’s body sort of in a slant",43,describer,2,NA,NA,461
shape,43,describer,3,NA,NA,461
Yep,44,matcher,4,NA,NA,461
"This one is like somebody kneeling down, he’s got one part of its",43,describer,1,NA,NA,462
"arm that’s almost coming off of the triangle, diamond’s head, another",43,describer,2,NA,NA,462
"triangle and as you go down, it’s got like a triangle foot, just one on",43,describer,3,NA,NA,462
"it’s left hand side and it goes down, it goes to there, goes across, up and",43,describer,4,NA,NA,462
then up again,43,describer,5,NA,NA,462
Yep,44,matcher,6,NA,NA,462
This one’s like erm it’s got a square head…,43,describer,1,NA,NA,463
Yeah,44,matcher,2,NA,NA,463
You got it?,43,describer,3,NA,NA,463
uhuh,44,matcher,4,NA,NA,463
This one’s got…,43,describer,1,NA,NA,464
"yeah, last one.",44,matcher,2,NA,NA,464
"The first one has got a square head, and as you go up, he’s got like",43,describer,1,NA,NA,465
"a triangle on it’s back but it’s connected a bit. And as it goes down, it’s",43,describer,2,NA,NA,465
"like a heel of a shoe or a triangle, and you go up and it looks like this",43,describer,3,NA,NA,465
"big part and if you go to the end, there’s like a triangle",43,describer,4,NA,NA,465
Yeah,44,matcher,5,NA,NA,465
"This one has got a triangle’s head, it goes down, you’ve got a",43,describer,1,NA,NA,466
triangle part of the arm then it’s got a box underneath it connected and it,43,describer,2,NA,NA,466
goes down and you’ve got a foot on the right… left hand side,43,describer,3,NA,NA,466
Yep,44,matcher,4,NA,NA,466
This one’s got a triangle’s head and if you go to the right hand,43,describer,1,NA,NA,467
"side it’s got like an arm pointing out and as you go down, it’s got a part",43,describer,2,NA,NA,467
"of a triangle took out of it, then it just goes straight back up to the",43,describer,3,NA,NA,467
head,43,describer,4,NA,NA,467
Yeah,44,matcher,5,NA,NA,467
"This one’s somebody kneeling down, it’s got a triangles head, but",43,describer,1,NA,NA,468
"like the first one, this is more like off, the arm is more off, it’s got a",43,describer,2,NA,NA,468
bigger gap.,43,describer,3,NA,NA,468
Yeah,44,matcher,4,NA,NA,468
"This one’s like a ballerina, it’s got two arms at the front -",43,describer,1,NA,NA,469
triangles for the arms at the front,43,describer,2,NA,NA,469
Yes,44,matcher,3,NA,NA,469
"This has got like a dagger for an arm, like a point arm, but on the",43,describer,1,NA,NA,470
other arm it’s missing the pointy part and it’s got a triangle… I mean a,43,describer,2,NA,NA,470
diamond head and he’s got a slant body,43,describer,3,NA,NA,470
Yeah,44,matcher,4,NA,NA,470
"This one’s like somebody turned around, he’s got a square head, he’s",43,describer,1,NA,NA,471
got a foot touching the floor and he’s about to step,43,describer,2,NA,NA,471
yep,44,matcher,3,NA,NA,471
Yep,44,matcher,1,NA,NA,472
this one’s got a triangle head and as it goes down it’s got like a,43,describer,1,NA,NA,473
triangle foot on the left… right hand side,43,describer,2,NA,NA,473
Yep,45,matcher,3,NA,NA,473
"This one’s like a ballerina, it’s got two triangles at the front",43,describer,1,NA,NA,474
like arms…,43,describer,2,NA,NA,474
Yep,45,matcher,3,NA,NA,474
The only reason she’s knows is cos she’s seen them,43,describer,4,NA,NA,474
This one’s got like a dagger of a arm and the other one chopped off,43,describer,1,NA,NA,475
"erm, yes",45,matcher,2,NA,NA,475
It’s got a triangle head and a body like a slant,43,describer,3,NA,NA,475
Yes yes,45,matcher,4,NA,NA,475
This one’s like got a square head and he’s got like… somebody,43,describer,1,NA,NA,476
"stepping. He’s got one foot down on the ground, just like he’s put the",43,describer,2,NA,NA,476
other one on,43,describer,3,NA,NA,476
Yeah,45,matcher,4,NA,NA,476
"This one is erm it’s got a diamond’s head, it’s got like a arm on",43,describer,1,NA,NA,477
"the right hand side, it goes down and it’s got like a triangle to one side",43,describer,2,NA,NA,477
of it then it goes back up to the head,43,describer,3,NA,NA,477
Yeah,45,matcher,4,NA,NA,477
"This one’s like a god, got a triangle head and as you go down it’s",43,describer,1,NA,NA,478
got like a triangle on the end and a box underneath it,43,describer,2,NA,NA,478
Yeah,45,matcher,3,NA,NA,478
This one’s like a shoe,43,describer,1,NA,NA,479
"Erm, yeah",45,matcher,2,NA,NA,479
Pardon?,43,describer,3,NA,NA,479
Yep,45,matcher,4,NA,NA,479
This one’s like somebody…you know what the last one is?,43,describer,1,NA,NA,480
yep,45,matcher,2,NA,NA,480
First one looks a bit like a Christmas tree with a square on top but,46,describer,1,NA,NA,481
it looks like a Christmas tree chopped in half with a kangaroo attached to,46,describer,2,NA,NA,481
it with a triangle or a tail,46,describer,3,NA,NA,481
I think I’ve got it,47,matcher,4,NA,NA,481
The second one looks a bit… it’s like a dog poo scooper and erm it’s,46,describer,1,NA,NA,482
like got a triangle on the end of it at the bottom and then at the top it’s,46,describer,2,NA,NA,482
got a square and a triangle,46,describer,3,NA,NA,482
I think I’ve got it,47,matcher,4,NA,NA,482
Second one looks a bit like a man with a square head who’s sat down,46,describer,1,NA,NA,483
with no hands,46,describer,2,NA,NA,483
I’ve got it,47,matcher,3,NA,NA,483
The second one is kinda the same but this time he’s standing up and,46,describer,1,NA,NA,484
he’s got his hands out,46,describer,2,NA,NA,484
Uhuh,47,matcher,3,NA,NA,484
"The third one, err the next one is the same but it’s the like he’s",46,describer,1,NA,NA,485
doing it the opposite way and he’s a bit fatter,46,describer,2,NA,NA,485
I’ve got it,47,matcher,3,NA,NA,485
The next one looks like a man he’s trying to jump and his arms are,46,describer,1,NA,NA,486
out bit like a bird,46,describer,2,NA,NA,486
Got that one,47,matcher,3,NA,NA,486
The next one is like it’s like a woman with a dress on but its got a,46,describer,1,NA,NA,487
square head and she’s blowing a horn,46,describer,2,NA,NA,487
Got that one,47,matcher,3,NA,NA,487
"Last one is, it looks a bit like a bear with a sack on it’s bag, but",46,describer,1,NA,NA,488
it’s a square,46,describer,2,NA,NA,488
Yep,47,matcher,3,NA,NA,488
the first one is a man standing up with his arms out and he’s got…,46,describer,1,NA,NA,489
he’s a bit like a priest but he’s got a square head,46,describer,2,NA,NA,489
Erm I’ve got it,47,matcher,3,NA,NA,489
The second one is a bit like the first one I said but he’s sat down,46,describer,1,NA,NA,490
this time and he’s still got a square head,46,describer,2,NA,NA,490
I think I’ve got it,47,matcher,3,NA,NA,490
The second one is a bit like a shoe horn kinda thing and it’s got a,46,describer,1,NA,NA,491
triangle at the bottom attached to the corner of it and at the top it’s got,46,describer,2,NA,NA,491
a triangle and a square,46,describer,3,NA,NA,491
I think I’ve got it,47,matcher,4,NA,NA,491
The second one is like a bear kind of or a man with like a pointy,46,describer,1,NA,NA,492
head and it’s got a sack on it’s back but it’s square,46,describer,2,NA,NA,492
Think I’ve got it,47,matcher,3,NA,NA,492
The next one is kind of like the priest that I said but this time,46,describer,1,NA,NA,493
he’s holding his hands out and he’s just stood there holding his hands out,46,describer,2,NA,NA,493
kinda thing,46,describer,3,NA,NA,493
Uhuh,47,matcher,4,NA,NA,493
"Second one is kinda like a kangaroo but with a triangle, half a",46,describer,1,NA,NA,494
triangle and then if you chop in like kinda half you get like a Christmas,46,describer,2,NA,NA,494
tree but with a square on top,46,describer,3,NA,NA,494
Got that one,47,matcher,4,NA,NA,494
"The next one is like trying to… if you turn it upside down, he’s",46,describer,1,NA,NA,495
like trying to dive into a swimming pool kinda thing,46,describer,2,NA,NA,495
Yeah got that one,47,matcher,3,NA,NA,495
And the last one is like someone blowing into a horn,46,describer,1,NA,NA,496
think I’ve got that one,47,matcher,2,NA,NA,496
First one is like kind of a woman with a long dress on and it’s,46,describer,1,NA,NA,497
hands are like.. it’s like got something hanging off it’s neck kinda thing,46,describer,2,NA,NA,497
Think I’ve got that one,47,matcher,3,NA,NA,497
Next one is a man holding his hands out to the left hand side,46,describer,1,NA,NA,498
Think I’ve got that one,47,matcher,2,NA,NA,498
The third one is the same but the man’s a bit chubbier this time,46,describer,1,NA,NA,499
I think I’ve got that one,47,matcher,2,NA,NA,499
The fourth one is like someone blowing into a horn,46,describer,1,NA,NA,500
And I think I’ve got that one,47,matcher,2,NA,NA,500
the next one is like a kangaroo… It’s like half kangaroo with a,46,describer,1,NA,NA,501
triangle tail and like a Christmas tree with a square on top,46,describer,2,NA,NA,501
Got that one,47,matcher,3,NA,NA,501
"Turn it upside down, it’s a man diving into a pool",46,describer,1,NA,NA,502
Got it,47,matcher,2,NA,NA,502
The next one is like a bear with a sack on it’s back,46,describer,1,NA,NA,503
Got that one,47,matcher,2,NA,NA,503
And the last one is like a man sat down,46,describer,1,NA,NA,504
I think I’ve got it,47,matcher,2,NA,NA,504
The first one is a… it’s like a chubby man and he’s holding his,46,describer,1,NA,NA,505
hands out with a diamond head,46,describer,2,NA,NA,505
I think I’ve got it,47,matcher,3,NA,NA,505
The second one is the same again but he’s like skinnier,46,describer,1,NA,NA,506
Think I’ve got it,47,matcher,2,NA,NA,506
Second one is like a woman looking behind her but she’s running away,46,describer,1,NA,NA,507
with something in her hand,46,describer,2,NA,NA,507
Think I’ve got it,47,matcher,3,NA,NA,507
Next one is like someone blowing into a horn,46,describer,1,NA,NA,508
Think I’ve got it,47,matcher,2,NA,NA,508
Next one is like someone sat down with like a diamond head,46,describer,1,NA,NA,509
Yeah,47,matcher,2,NA,NA,509
Second one is like… the next one is like a kangaroo with a triangle,46,describer,1,NA,NA,510
"tail but err like, it’s like a Christmas tree with a square on top but it’s",46,describer,2,NA,NA,510
like a kangaroo at the same time,46,describer,3,NA,NA,510
yeah got it,47,matcher,4,NA,NA,510
next one if you turn it upside down it looks as if someone’s diving,46,describer,1,NA,NA,511
into a swimming pool,46,describer,2,NA,NA,511
Think I’ve got it,47,matcher,3,NA,NA,511
Next one looks a bit like a bear with a sack on his back,46,describer,1,NA,NA,512
Got it,47,matcher,2,NA,NA,512
It looks like somebody doing ballet but putting their leg up and,48,describer,1,NA,NA,513
putting one foot on the ground and she’s got like a diamond head with like,48,describer,2,NA,NA,513
two triangle right angle hands… arms sorry,48,describer,3,NA,NA,513
I think I’ve got it,49,matcher,4,NA,NA,513
It looks like… it looks like a woman and she’s got like a dress on,48,describer,1,NA,NA,514
"and it’s like, it goes straight at the top and goes up like that, and then",48,describer,2,NA,NA,514
it goes down like that and then its got like a rectangle with one of those,48,describer,3,NA,NA,514
slides like that at the bottom. And then it’s got a triangle on the bottom,48,describer,4,NA,NA,514
You know like…,49,matcher,5,NA,NA,514
And she’s got a diamond head that’s like going like sideways like that.,48,describer,6,NA,NA,514
And it looks like…,48,describer,7,NA,NA,514
Got it,49,matcher,8,NA,NA,514
It looks nearly like a square,48,describer,9,NA,NA,514
Erm it looks like a vampire’s coat where it’s got that and then it,48,describer,1,NA,NA,515
goes like that,48,describer,2,NA,NA,515
That? Like that?,49,matcher,3,NA,NA,515
"No it’s like a diamond but it goes like that instead, one sides shorter",48,describer,4,NA,NA,515
"than the other, it goes like that look… that, then that goes to there then",48,describer,5,NA,NA,515
that one goes all the way down to there,48,describer,6,NA,NA,515
"I think I’ve got it, yeah D",49,matcher,7,NA,NA,515
This one looks like a church man holding…,48,describer,8,NA,NA,515
Can I just ask you a question for the other one?,49,matcher,9,NA,NA,515
Yeah,48,describer,10,NA,NA,515
Does it… has it got feet? Like sort of feet… some kind of feet?,49,matcher,11,NA,NA,515
No,48,describer,12,NA,NA,515
"Oh, it’s not that one then",49,matcher,13,NA,NA,515
Do you need any more description?,48,describer,14,NA,NA,515
Yes please,49,matcher,15,NA,NA,515
"It’s like that, look A, it goes that, down, like… erm it goes… it’s like",48,describer,16,NA,NA,515
"a, like a square bit in the middle, and then it’s like a slide down there,",48,describer,17,NA,NA,515
like you’re going down a big slide like you drop out of a hole and you’re,48,describer,18,NA,NA,515
"going down a slide into the water, and at the end of the slide, it’s like",48,describer,19,NA,NA,515
that,48,describer,20,NA,NA,515
Has it got a diamond head?,49,matcher,21,NA,NA,515
Yeah but one side is bigger than the other,48,describer,22,NA,NA,515
Found it,49,matcher,23,NA,NA,515
This one’s like got a diamond head and a small neck and it’s like a,48,describer,1,NA,NA,516
church man holding out a bowl of water,48,describer,2,NA,NA,516
Yeah got it,49,matcher,3,NA,NA,516
"This one looks like a ghost and it’s got two hands up like that,",48,describer,1,NA,NA,517
"it’s got triangle head and a small neck, and just like a body like that",48,describer,2,NA,NA,517
look,48,describer,3,NA,NA,517
Is it like kinda like that? But it’s like facing that way?,49,matcher,4,NA,NA,517
"No, that’s… it’s got hands like that look… one like that and one like",48,describer,5,NA,NA,517
that. And it’s body’s like that look. And it’s just a normal square at the,48,describer,6,NA,NA,517
"bottom, it’s got no square but it’s just like that",48,describer,7,NA,NA,517
"Is it like that, and then that side goes like triangley? Is it just",49,matcher,8,NA,NA,517
normal…?,49,matcher,9,NA,NA,517
"It’s just like a normal… two sides like that, then it goes like that",48,describer,10,NA,NA,517
"look, then it goes like A",48,describer,11,NA,NA,517
Has it got that and then that?,49,matcher,12,NA,NA,517
"No, it’s just a straight, look, it’s got it’s hands up like that, it’s",48,describer,13,NA,NA,517
"got a triangle head, it’s got a little small neck and it’s like that look A",48,describer,14,NA,NA,517
and then like that,48,describer,15,NA,NA,517
Can you do the first one again please?,49,matcher,16,NA,NA,517
"It’s like someone that’s doing ballet and it’s going like that,",48,describer,5,NA,NA,513
"lifting it’s leg up going like that. And it’s like a ballet person, it’s",48,describer,6,NA,NA,513
got like a triangle foot and it’s got two hands going like that,48,describer,7,NA,NA,513
Well the one’s I’ve got haven’t got no hands,49,matcher,8,NA,NA,513
"Got it, got it got it got it",49,matcher,9,NA,NA,513
"Erm, next one?",48,describer,10,NA,NA,513
yep,49,matcher,11,NA,NA,513
err it’s like a policeman shouting out of one of those big things,48,describer,1,NA,NA,518
and in…,48,describer,2,NA,NA,518
"Is it like that, but it’s like out that way?",49,matcher,3,NA,NA,518
Erm no that’s a different one I think. It’s like got a triangle head,48,describer,4,NA,NA,518
like that and then one side’s like… it looks like that and then it’s got,48,describer,5,NA,NA,518
"like a speaker coming out like that, and it closes at the end like that",48,describer,6,NA,NA,518
"look, it goes like that and then it closes at the end like that and then",48,describer,7,NA,NA,518
it’s got like a big long back and then it just goes down in a triangle…,48,describer,8,NA,NA,518
Does it go da da at the back?,49,matcher,9,NA,NA,518
Yeah…,48,describer,10,NA,NA,518
Does it go da da and then the head’s like that and it’s like… the thing,49,matcher,11,NA,NA,518
goes like that?,49,matcher,12,NA,NA,518
Yeah,48,describer,13,NA,NA,518
Got it,49,matcher,14,NA,NA,518
I think it is,48,describer,15,NA,NA,518
Yeah,49,matcher,16,NA,NA,518
Erm the next one’s like a man looking behind him and he’s going like,48,describer,1,NA,NA,519
"that with both hands, and he’s putting one leg up like that and he’s",48,describer,2,NA,NA,519
looking behind going like that,48,describer,3,NA,NA,519
I know he’s got one leg up but he’s not looking behind is it?,49,matcher,4,NA,NA,519
"Yeah he’s looking behind, he’s going like that. He’s not walking, he’s",48,describer,5,NA,NA,519
"balancing and he’s going like that, so he’s got one leg up and that’s the",48,describer,6,NA,NA,519
one,48,describer,7,NA,NA,519
And has it got like a square sticking out of it’s back?,49,matcher,8,NA,NA,519
"Yeah, it’s like that and the head’s like da da da da",48,describer,9,NA,NA,519
Yeah,49,matcher,10,NA,NA,519
And the next one’s like a candle,48,describer,1,NA,NA,520
Is it like a candle with a diamond head?,49,matcher,2,NA,NA,520
Yeah,48,describer,3,NA,NA,520
"And it’s like this, pretend that’s a foot and that’s an arm, is it like",49,matcher,4,NA,NA,520
"that? Sort of like this, look",49,matcher,5,NA,NA,520
"No, look, no it goes like that, triangle, small bit, to the side, da da",48,describer,6,NA,NA,520
da da da,48,describer,7,NA,NA,520
Got it,49,matcher,8,NA,NA,520
The next one’s erm… it’s like got a diamond head with like a kind of,48,describer,1,NA,NA,521
big neck and one side’s bigger than the other and it goes like erm like,48,describer,2,NA,NA,521
"shoulders are longer than the other and one smaller, and then goes like a",48,describer,3,NA,NA,521
square all the way down till it goes like that,48,describer,4,NA,NA,521
Is it like…?,49,matcher,5,NA,NA,521
"No, it’s not got it’s arms up, it’s got no arms and it’s just like",48,describer,6,NA,NA,521
triangle head with…,48,describer,7,NA,NA,521
You mean diamond head?,49,matcher,8,NA,NA,521
Yeah diamond head sorry. A diamond head with like one shoulder bigger,48,describer,9,NA,NA,521
than the other and erm it’s got like a square in the middle of it and it’s,48,describer,10,NA,NA,521
got like that…,48,describer,11,NA,NA,521
Like what? Is it like that?,49,matcher,12,NA,NA,521
Yeah,48,describer,13,NA,NA,521
has it got arms?,49,matcher,14,NA,NA,521
No. It’s a square and then it goes sort of like that way and then…,48,describer,15,NA,NA,521
Out to the side?,49,matcher,16,NA,NA,521
To the right and it goes in the middle in like an upside down triangle,48,describer,17,NA,NA,521
but not much of a triangle,48,describer,18,NA,NA,521
"Got a diamond head and then one side goes like that, other side goes",49,matcher,19,NA,NA,521
like that and then it goes like that and like that?,49,matcher,20,NA,NA,521
Yeah,48,describer,21,NA,NA,521
"The next one’s like, it’s like that church man again, holding the",48,describer,1,NA,NA,522
thing,48,describer,2,NA,NA,522
Yeah,49,matcher,3,NA,NA,522
It’s that woman who’s got that triangle there and then it’s that….,48,describer,1,NA,NA,523
Do you mean a diamond?,49,matcher,2,NA,NA,523
"No it’s just a triangle, and she’s like sitting there about to sit down…",48,describer,3,NA,NA,523
got it got it,49,matcher,4,NA,NA,523
Err next one’s with the speaker again,48,describer,1,NA,NA,524
With that speaker and it sort of goes…,49,matcher,2,NA,NA,524
Yeah the one that’s got diamond head and she’s got speaker again,48,describer,3,NA,NA,524
"Well that’s that one, unless it’s that one",49,matcher,4,NA,NA,524
It’s like…,48,describer,5,NA,NA,524
Well that’s the speaker… so that one’s there and is that one there? I’m,49,matcher,6,NA,NA,524
done,49,matcher,7,NA,NA,524
"It’s got like a… it’s like that look A, it’s got like a triangle coming",48,describer,8,NA,NA,524
out of it’s mouth and it’s like a policeman kneeling on the ground and it’s,48,describer,9,NA,NA,524
foots like that…,48,describer,10,NA,NA,524
"I know, but I’m just stuck on the third one",49,matcher,11,NA,NA,524
"Oh, it’s like a woman about to sit down",48,describer,5,NA,NA,523
Has she got like diamond at back?,49,matcher,6,NA,NA,523
Erm no,48,describer,7,NA,NA,523
Does she go like this? Does she go da da da da da da da da,49,matcher,8,NA,NA,523
"No, erm it’s like a triangle head and it’s like that, it goes like that,",48,describer,9,NA,NA,523
it’s like that. And then it’s got like that that that that and like a bit,48,describer,10,NA,NA,523
pointing out there,48,describer,11,NA,NA,523
"Is it like that ballerina? Has it got a diamond head, da da da da da da,",49,matcher,12,NA,NA,523
"like a zigzag down one side? Does it go like that? Like that, then it goes",49,matcher,13,NA,NA,523
"down, then it goes up, then it goes down and is it like a foot sticking out",49,matcher,14,NA,NA,523
like that?,49,matcher,15,NA,NA,523
No,48,describer,16,NA,NA,523
Is it sort of doing that?,49,matcher,17,NA,NA,523
"No, it’s like she’s about to sit down and she’s going like that, with no",48,describer,18,NA,NA,523
"feet, she’s got no feet and she’s about to sit down",48,describer,19,NA,NA,523
You’re thinking of the fourth one aren’t ya?,49,matcher,20,NA,NA,523
No that’s the one kneeling down,48,describer,21,NA,NA,523
She’s about to sit down?,49,matcher,22,NA,NA,523
"Just guess A, you’ll probably get it right",48,describer,23,NA,NA,523
Yeah,49,matcher,24,NA,NA,523
Ok number four has got like a speaker coming out it’s mouth,48,describer,12,NA,NA,524
Yeah,49,matcher,13,NA,NA,524
"It’s like a candle, it’s got triangle head, small thing like a",48,describer,1,NA,NA,525
little thing triangle and it’s got like that - da da da da da da da da,48,describer,2,NA,NA,525
"It’s the one looking back like that, going like that with one foot",48,describer,1,NA,NA,526
up,48,describer,2,NA,NA,526
"It’s somebody, it’s that ballerina again with her arms out",48,describer,1,NA,NA,527
And it’s like a ghost,48,describer,1,NA,NA,528
Yeah,49,matcher,2,NA,NA,528
"It’s lady sitting down, like she’s trying to sit down",48,describer,1,NA,NA,529
Yeah she’s about to sit down,49,matcher,2,NA,NA,529
Right got it?,48,describer,3,NA,NA,529
Yeah got it,49,matcher,4,NA,NA,529
"Err, church man",48,describer,1,NA,NA,530
Candle,48,describer,1,NA,NA,531
Erm it’s a speaker,48,describer,1,NA,NA,532
Ballerina,48,describer,1,NA,NA,533
Ghost,48,describer,1,NA,NA,534
head looking back,48,describer,1,NA,NA,535
And the other one,48,describer,1,NA,NA,536
"It’s got one side bigger than the other, and it’s like got quite a",48,describer,1,NA,NA,537
"small, not a pushed in but quite fat neck and it’s got like shoulders going",48,describer,2,NA,NA,537
"like that B, it’s got shoulders going like that",48,describer,3,NA,NA,537
Yeah,50,matcher,4,NA,NA,537
And it’s like a square in the middle,48,describer,5,NA,NA,537
That one,50,matcher,6,NA,NA,537
"Erm, it’s like a ballerina and she’s like got a diamond head… Have",48,describer,1,NA,NA,538
you found it?,48,describer,2,NA,NA,538
Yeah,50,matcher,3,NA,NA,538
"Erm, it’s like a ghost, it’s got a body like that",48,describer,1,NA,NA,539
Yeah I’ve got it,50,matcher,2,NA,NA,539
"It’s someone looking backwards, it’s like got it’s head looking",48,describer,1,NA,NA,540
"backwards like that look, and then it’s got it’s hands like that",48,describer,2,NA,NA,540
Yeah yeah I’ve got that one,50,matcher,3,NA,NA,540
"Erm it’s like a candle, it’s got like a diamond flame and it goes",48,describer,1,NA,NA,541
"like that, look, it goes straight across, then it goes like that B, that,",48,describer,2,NA,NA,541
"that, that, that, that, that - did you see that?",48,describer,3,NA,NA,541
hmmm,50,matcher,4,NA,NA,541
"It’s head look, diamond, straight, bit across, like down like that, like",48,describer,5,NA,NA,541
that and then like that,48,describer,6,NA,NA,541
Think I’ve got it,50,matcher,7,NA,NA,541
It’s like a candle but a different shape,48,describer,8,NA,NA,541
"That one, yeah",50,matcher,9,NA,NA,541
"It’s like erm it’s like a church man holding out a bowl of water,",48,describer,1,NA,NA,542
it’s got like a long…,48,describer,2,NA,NA,542
Yeah got it,50,matcher,3,NA,NA,542
It’s like a woman about to sit down and she’s going like that,48,describer,1,NA,NA,543
Yeah got it,50,matcher,2,NA,NA,543
Erm it’s like a man with a speaker like that. It’s like a policeman,48,describer,1,NA,NA,544
and it’s like that from its mouth,48,describer,2,NA,NA,544
Err I think that’s it,50,matcher,3,NA,NA,544
Final decision?,48,describer,4,NA,NA,544
Yeah,50,matcher,5,NA,NA,544
"Ok, the first one it’s got like a diamond shape on the top and it",51,describer,1,NA,NA,545
"has like err, house shape all the way down the rectangle with like a little",51,describer,2,NA,NA,545
triangle at the bottom and it has a like a square going off with like a,51,describer,3,NA,NA,545
triangle on top.,51,describer,4,NA,NA,545
Priest,52,matcher,5,NA,NA,545
Done it,52,matcher,6,NA,NA,545
"The next one it’s erm, has like a mouth shape on the left hand side",51,describer,1,NA,NA,546
"and it has likeone leg with a tail, with like a diamond on top",51,describer,2,NA,NA,546
Bird looking thing,52,matcher,3,NA,NA,546
Pardon?,51,describer,4,NA,NA,546
A bird looking thing,52,matcher,5,NA,NA,546
Yeah,51,describer,6,NA,NA,546
Done,52,matcher,7,NA,NA,546
Shall I move onto the next one now?,51,describer,8,NA,NA,546
yeah,52,matcher,9,NA,NA,546
Ok,51,describer,10,NA,NA,546
"the next one looks a bit like erm, it looks a bit… it has a rectangle",51,describer,1,NA,NA,547
"near to like the triangle, a little triangle and it has like a head with",51,describer,2,NA,NA,547
"triangle and like a diamond square thing, it has like erm, erm, a rectangle",51,describer,3,NA,NA,547
with like a side cut off at the bottom.,51,describer,4,NA,NA,547
Don’t get ya,52,matcher,5,NA,NA,547
"Well it’s like err, the bottom bit it’s basically… erm a rectangle and",51,describer,6,NA,NA,547
it’s got like… near to the left it’s got the side chopped off. It looks,51,describer,7,NA,NA,547
like it’s got two ears and it looks like it’s got the beak of a bird,51,describer,8,NA,NA,547
Done,52,matcher,9,NA,NA,547
Ok,51,describer,10,NA,NA,547
"The next one, it’s got two legs, it looks like it’s got two legs.",51,describer,1,NA,NA,548
Done,52,matcher,2,NA,NA,548
"The next one it’s got an odd shaped body with a diamond on top, it’s",51,describer,1,NA,NA,549
"like, it’s like erm a rectangle with some bits cut off of it.",51,describer,2,NA,NA,549
Done,52,matcher,3,NA,NA,549
"The next one, it’s a, it’s like a rectangle with a pointed top and a",51,describer,1,NA,NA,550
bit oddly shaped bottom and it’s got a diamond on top,51,describer,2,NA,NA,550
I think I’ve done,52,matcher,3,NA,NA,550
"The next one it’s got a triangle near to the that diamond shape, and",51,describer,1,NA,NA,551
it’s got a triangle next to the bottom bit on the left hand side,51,describer,2,NA,NA,551
Done,52,matcher,3,NA,NA,551
"The next one, it’s like a person, erm, putting its hands up",51,describer,1,NA,NA,552
Done,52,matcher,2,NA,NA,552
"Ok, the first one it’s got two legs like a human it has",51,describer,1,NA,NA,553
Is there a diamond at the bottom?,52,matcher,2,NA,NA,553
"He got a diamond on the top, it’s like leaned over",51,describer,3,NA,NA,553
don’t get ya,52,matcher,4,NA,NA,553
it’s two legs on it and one legs up and one legs down and it’s got like,51,describer,5,NA,NA,553
a straight back and its heads a bit wonky and its got a diamond for its,51,describer,6,NA,NA,553
head.,51,describer,7,NA,NA,553
Done,52,matcher,8,NA,NA,553
The next one it’s a has like a mouth and then it has a diamond on,51,describer,1,NA,NA,554
top…,51,describer,2,NA,NA,554
Done,52,matcher,3,NA,NA,554
The next one it looks like its got two hands upwards,51,describer,1,NA,NA,555
Done,52,matcher,2,NA,NA,555
The next one it’s like a rectangle with bits cut off and a diamond,51,describer,1,NA,NA,556
on top,51,describer,2,NA,NA,556
Done,52,matcher,3,NA,NA,556
The next one it has a diamond on top and it’s a bit rigid on the,51,describer,1,NA,NA,557
ends.,51,describer,2,NA,NA,557
Think I got it,52,matcher,3,NA,NA,557
the next one it’s got a triangle connecting to the diamond and then,51,describer,1,NA,NA,558
"at the bottom it’s like a rigid edge, it’s got…",51,describer,2,NA,NA,558
Done,52,matcher,3,NA,NA,558
like a rigid edge,51,describer,4,NA,NA,558
"The next one it’s got, it looks like it’s putting its hands out…",51,describer,1,NA,NA,559
hand out,51,describer,2,NA,NA,559
Done,52,matcher,3,NA,NA,559
The next one it it has a diamond on top of like a beak head and then,51,describer,1,NA,NA,560
a triangle and then an odd bottom,51,describer,2,NA,NA,560
With like a hand sticking out,51,describer,3,NA,NA,560
"I think I’ve gone wrong on one, except I don’t know which one",52,matcher,4,NA,NA,560
"Erm, it’s got like a sticky out bit with a little long neck then its got",51,describer,5,NA,NA,560
a triangle coming from the bottom bit and a triangle erm.,51,describer,6,NA,NA,560
Got…,52,matcher,7,NA,NA,560
you got it?,51,describer,8,NA,NA,560
Got it I think,52,matcher,9,NA,NA,560
The first one looks like it’s got a mouth with one leg and it got a,51,describer,1,NA,NA,561
"triangle for a tail, it’s got like a diamond on top of its… on top of its",51,describer,2,NA,NA,561
head.,51,describer,3,NA,NA,561
Think I’ve done it,52,matcher,4,NA,NA,561
The next looks like it’s arms are sticking out,51,describer,1,NA,NA,562
Arms or arm?,52,matcher,2,NA,NA,562
Arm,51,describer,3,NA,NA,562
Done,52,matcher,4,NA,NA,562
The next one looks like it’s got… it’s got one leg up one leg down,51,describer,1,NA,NA,563
on the ground and then it’s got a body a bit like a tortoise at the back,51,describer,2,NA,NA,563
Done,52,matcher,3,NA,NA,563
The next one looks like a person with both arms up,51,describer,1,NA,NA,564
Done,52,matcher,2,NA,NA,564
The next one…,51,describer,3,NA,NA,564
Oh not done…,52,matcher,4,NA,NA,564
The next one looks like a ducks head with a triangle of it and a,51,describer,1,NA,NA,565
diamond on it and then and that goes down and it looks like it’s got a,51,describer,2,NA,NA,565
triangle on the floor and it looks like it got like a rectangle…,51,describer,3,NA,NA,565
Done,52,matcher,4,NA,NA,565
and then a cut bit off,51,describer,5,NA,NA,565
the next one it’s like it got a triangle connected to a diamond and,51,describer,1,NA,NA,566
the diamond is also connected to the rest of the shape…,51,describer,2,NA,NA,566
The body?,52,matcher,3,NA,NA,566
yeah,51,describer,4,NA,NA,566
The next one looks like a rectangle and on the right hand side it’s,51,describer,1,NA,NA,567
got bits cut off,51,describer,2,NA,NA,567
I know,52,matcher,3,NA,NA,567
Last one it’s got like a odd shaped body with a…,51,describer,1,NA,NA,568
Done,52,matcher,2,NA,NA,568
diamond on top,51,describer,3,NA,NA,568
"The first one looks like its got two legs, one legs on the ground,",51,describer,1,NA,NA,569
"one legs up. It’s got a bit of a back like a tortoise, it’s got a diamond",51,describer,2,NA,NA,569
on the top of the back and the head is a bit slanted looking down,51,describer,3,NA,NA,569
Think I’ve found it,53,matcher,4,NA,NA,569
The next one looks like it’s got two arms facing upwards,51,describer,1,NA,NA,570
done,53,matcher,2,NA,NA,570
The next one looks like it’s got an odd shaped body with like a,51,describer,1,NA,NA,571
diamond on top and the back it… it looks a bit like a tortoise again,51,describer,2,NA,NA,571
can you repeat that again please?,53,matcher,3,NA,NA,571
It has a diamond as a head and it goes down so it looks a bit like it’s,51,describer,4,NA,NA,571
"sitting down with its legs up and the back bit, if you turn it round, it",51,describer,5,NA,NA,571
looks a bit like a tortoise’s back,51,describer,6,NA,NA,571
Think I’ve got it,53,matcher,7,NA,NA,571
"the next one it looks like it’s got one leg, it looks like it’s got",51,describer,1,NA,NA,572
a mouth that’s open with a diamond on top. And it looks like it’s got a,51,describer,2,NA,NA,572
tail on the bottom cos it’s got a triangle.,51,describer,3,NA,NA,572
I think I found that one,53,matcher,4,NA,NA,572
the next one it looks like it’s got… it’s got a diamond connected to,51,describer,1,NA,NA,573
a triangle and then the diamond is also connected to erm a odd shape.,51,describer,2,NA,NA,573
Erm…I don’t think I can find that one,53,matcher,3,NA,NA,573
"It it’s got like a triangle, a triangle that’s like facing sideways",51,describer,4,NA,NA,573
"towards the right hand corner, and the diamond it’s connected to like a",51,describer,5,NA,NA,573
"triangle on the top with a straight side on the bottom, and it’s got like a",51,describer,6,NA,NA,573
straight side then it goes a bit towards the side and…,51,describer,7,NA,NA,573
I think I found it,53,matcher,8,NA,NA,573
and then the triangle.,51,describer,9,NA,NA,573
"The next one, it got like a rectangle at the left hand side but it’s",51,describer,1,NA,NA,574
"got like a corner cut off its got a rectangle going upwards, it’s got like",51,describer,2,NA,NA,574
a neck with like a duck head but it’s got like a triangle and a diamond on,51,describer,3,NA,NA,574
top,51,describer,4,NA,NA,574
Erm could I have some more clues please?,53,matcher,5,NA,NA,574
it’s got like a little triangle going out like its arm and then it’s got,51,describer,6,NA,NA,574
like a body that’s sat down and the head it’s like…,51,describer,7,NA,NA,574
I found it,53,matcher,8,NA,NA,574
The next one looks like it’s erm erm a person with an arm out,51,describer,1,NA,NA,575
I’ve got that one,53,matcher,2,NA,NA,575
The next… last one looks like it’s got like a rectangle with bits,51,describer,1,NA,NA,576
that have been like cut off with a diamond on top,51,describer,2,NA,NA,576
I think that one’s it,53,matcher,3,NA,NA,576
Yeah?,51,describer,4,NA,NA,576
Yeah,53,matcher,5,NA,NA,576
Well it looks like a cave on a beach with a square on the top and a,54,describer,1,NA,NA,577
rectangle falling down,54,describer,2,NA,NA,577
Has it got like a triangle at the bottom like… you’ve got like a long,55,matcher,3,NA,NA,577
straight then it… one goes diagonal then you come to the triangle?,55,matcher,4,NA,NA,577
Erm what do you mean?,54,describer,5,NA,NA,577
"You know at the bottom, like one row up",55,matcher,6,NA,NA,577
Erm,54,describer,7,NA,NA,577
Then you’ve got a triangle under the square,55,matcher,8,NA,NA,577
Yeah it’s like a…,54,describer,9,NA,NA,577
Is it a small triangle?,55,matcher,10,NA,NA,577
"No it’s not a small triangle, it’s quite a big one, it’s like a C, it",54,describer,11,NA,NA,577
dints in as a C and it… the square’s just about to fall off on the right,54,describer,12,NA,NA,577
hand side,54,describer,13,NA,NA,577
Is it right next to the triangle?,55,matcher,14,NA,NA,577
Yeah,54,describer,15,NA,NA,577
I’ve got it,55,matcher,16,NA,NA,577
"The next one is like a man with arms going to left ways, like two",54,describer,1,NA,NA,578
arms joined together with two… with a leg up and a leg touching the floor,54,describer,2,NA,NA,578
with a triangle head looking backwards,54,describer,3,NA,NA,578
Yeah I’ve got it,55,matcher,4,NA,NA,578
The third one looks like a seal with a square on it’s head. Can you,54,describer,1,NA,NA,579
find it?,54,describer,2,NA,NA,579
Has it got an arm on the right hand side?,55,matcher,3,NA,NA,579
Yeah,54,describer,4,NA,NA,579
"The fourth one is like a priest holding a book out, it’s like erm,",54,describer,1,NA,NA,580
with a diamond head and it looks like he’s…,54,describer,2,NA,NA,580
Already found it,55,matcher,3,NA,NA,580
Number five is like a square but it’s got a dint in that’s like a,54,describer,1,NA,NA,581
triangle and a dint out that looks like an arm with a triangle head,54,describer,2,NA,NA,581
I need more,55,matcher,3,NA,NA,581
"Well, it’s got a straight back, it goes from the top to the ground, then",54,describer,4,NA,NA,581
it’s straight at the bottom,54,describer,5,NA,NA,581
Is it like a diamond head?,55,matcher,6,NA,NA,581
Yeah,54,describer,7,NA,NA,581
I’ve got it,55,matcher,8,NA,NA,581
Number five is like a seat with a triangle at the top,54,describer,1,NA,NA,582
Has it like got a triangle head,55,matcher,2,NA,NA,582
Like a head kinda triangle thing,54,describer,3,NA,NA,582
So like you’ve got two triangles on the left hand side?,55,matcher,4,NA,NA,582
"No, it’s one triangle",54,describer,5,NA,NA,582
"Ah, has got like a…",55,matcher,6,NA,NA,582
"Well no, sorry, it’s a diamond kinda thing",54,describer,7,NA,NA,582
Has it got like a triangle hanging off the bottom?,55,matcher,8,NA,NA,582
"A bit, it looks like a seat at the bottom, a slanted seat",54,describer,9,NA,NA,582
Yeah and you’ve got a triangle really close into the back?,55,matcher,10,NA,NA,582
"No, it’s erm it’s a triangle at the top and it’s got like a neck then it",54,describer,11,NA,NA,582
goes straight then it’s like it’s like a seat at the top and then it’s,54,describer,12,NA,NA,582
"slanted at the bottom, with a triangle head on it",54,describer,13,NA,NA,582
"Is it, like at the bottom, has it got like a… one of those",55,matcher,14,NA,NA,582
parallelograms?,55,matcher,15,NA,NA,582
Yes,54,describer,16,NA,NA,582
And it’s got like a square like only just touching the top?,55,matcher,17,NA,NA,582
"It’s diamond at the top, it’s just like a diamond head, nothing else",54,describer,18,NA,NA,582
touching the head,54,describer,19,NA,NA,582
Is like a…you know at the bottom yeah?,55,matcher,20,NA,NA,582
yeah,54,describer,21,NA,NA,582
It’s like… you’ve got like a straight but then it goes out like a,55,matcher,22,NA,NA,582
triangle,55,matcher,23,NA,NA,582
Yeah,54,describer,24,NA,NA,582
Then it’s got like a diamond and it… from the diamond’s left hand side,55,matcher,25,NA,NA,582
it’s longer than the right hand side?,55,matcher,26,NA,NA,582
yeah,54,describer,27,NA,NA,582
Next one,55,matcher,28,NA,NA,582
It’s like a person flying,54,describer,1,NA,NA,583
Has it got two triangles on the left hand side?,55,matcher,2,NA,NA,583
erm kind of,54,describer,3,NA,NA,583
Your right hand side,55,matcher,4,NA,NA,583
"kind of, it’s like someone…",54,describer,5,NA,NA,583
Bending forward?,55,matcher,6,NA,NA,583
Yes,54,describer,7,NA,NA,583
Next,55,matcher,8,NA,NA,583
And the last one is like a cockerel,54,describer,1,NA,NA,584
Must be that one,55,matcher,2,NA,NA,584
The first one is like a priest holding out a book,54,describer,1,NA,NA,585
Yeah,55,matcher,2,NA,NA,585
"The next one is… think of a square, but a person with wonky teeth",54,describer,1,NA,NA,586
has eaten into it,54,describer,2,NA,NA,586
Has it got a triangle… like three quarters of a triangle then it goes,55,matcher,3,NA,NA,586
into a horizontal,55,matcher,4,NA,NA,586
Yes with a diamond head,54,describer,5,NA,NA,586
With a triangle falling off? Off the side of the triangle… off the side,55,matcher,6,NA,NA,586
of the diamond?,55,matcher,7,NA,NA,586
"Erm no, it’s got a diamond head",54,describer,8,NA,NA,586
Has it got like two feet,55,matcher,9,NA,NA,586
No,54,describer,10,NA,NA,586
Not that one,55,matcher,11,NA,NA,586
It’s got a diamond head and it’s got the top of a erm top of a square,54,describer,12,NA,NA,586
erm back of a square and half of the bottom bit of a square and then it,54,describer,13,NA,NA,586
goes,54,describer,14,NA,NA,586
Is it somebody bending forward?,55,matcher,15,NA,NA,586
"No, you know at the bottom, well it goes into a triangle dinted in",54,describer,16,NA,NA,586
triangle then it goes up then it goes out like a little little arm,54,describer,17,NA,NA,586
"it’s like a square then it goes into a horizontal right in, then it goes",55,matcher,18,NA,NA,586
down a bit then it goes to another horizontal right in then it goes,55,matcher,19,NA,NA,586
horizontal out left?,55,matcher,20,NA,NA,586
"erm, no",54,describer,21,NA,NA,586
You’ve lost me,55,matcher,22,NA,NA,586
"It’s a diamond head, and imagine a square underneath with a triangle",54,describer,23,NA,NA,586
"going in, then it goes up straight then a pointy triangle like a hat.",54,describer,24,NA,NA,586
Irregular triangle sticking out,54,describer,25,NA,NA,586
Ok next one,55,matcher,26,NA,NA,586
"The third one is like a zombie, it’s…",54,describer,1,NA,NA,587
I found it,55,matcher,2,NA,NA,587
The fourth one is the beach one again with the square and the,54,describer,1,NA,NA,588
triangle falling off,54,describer,2,NA,NA,588
Found it,55,matcher,3,NA,NA,588
Now the fifth one is a person flying,54,describer,1,NA,NA,589
Got it,55,matcher,2,NA,NA,589
"And then the sixth one is a triangle head with like, well it’s got a",54,describer,1,NA,NA,590
"triangle like an eye, then it’s got a mouth like a beak on one leg, then an",54,describer,2,NA,NA,590
equilateral triangle,54,describer,3,NA,NA,590
Then from the leg does it… you go up and then you hit a straight bit,55,matcher,4,NA,NA,590
then does it go into a triangle?,55,matcher,5,NA,NA,590
Yes,54,describer,6,NA,NA,590
next one,55,matcher,7,NA,NA,590
"Seventh one is like a seal, it’s got a square pointed head and the",54,describer,1,NA,NA,591
"head goes up, across, and an isosceles triangle. It’s like a seal",54,describer,2,NA,NA,591
"Is there like a horizontal bit at the bottom, like at the bottom on your",55,matcher,3,NA,NA,591
right hand side?,55,matcher,4,NA,NA,591
Yeah. It’s like a seal…,54,describer,5,NA,NA,591
Then you’ve got a triangle on your left hand side? Like falling off the,55,matcher,6,NA,NA,591
left parallelogram?,55,matcher,7,NA,NA,591
Think so,54,describer,8,NA,NA,591
last one,55,matcher,9,NA,NA,591
This is like a candle with a line… It’s like a candle with a seat,54,describer,1,NA,NA,592
bit at the end,54,describer,2,NA,NA,592
Ok,55,matcher,3,NA,NA,592
"Number one, the candle with the seat on the end",54,describer,1,NA,NA,593
Yep,55,matcher,2,NA,NA,593
Number two is the zombie,54,describer,1,NA,NA,594
yep,55,matcher,2,NA,NA,594
number three is the man with triangle head with the square that’s,54,describer,1,NA,NA,595
being eaten. Can you remember that one?,54,describer,2,NA,NA,595
Square that’s falling off? On your right hand side?,55,matcher,3,NA,NA,595
"No, it’s the… top is straight, the side is straight, the bottom is half,",54,describer,4,NA,NA,595
"then it dints in with the triangle, then it goes up",54,describer,5,NA,NA,595
"So it’s got two legs, one’s off the floor and one’s on the floor?",55,matcher,6,NA,NA,595
No,54,describer,7,NA,NA,595
"Is it like a diamond head and it’s got a straight top, then it goes in",55,matcher,8,NA,NA,595
for a dint then it goes straight then it goes in for another triangle?,55,matcher,9,NA,NA,595
Yeah,54,describer,10,NA,NA,595
The beach cave,54,describer,1,NA,NA,596
Beach… like a seal?,55,matcher,2,NA,NA,596
No the beach cave is the…,54,describer,3,NA,NA,596
Is it two squares and a square and a triangle falling off?,55,matcher,4,NA,NA,596
It’s a square and a triangle falling off,54,describer,5,NA,NA,596
The priest with the book,54,describer,1,NA,NA,597
Priest with the book,55,matcher,2,NA,NA,597
The man flying,54,describer,1,NA,NA,598
Man flying,55,matcher,2,NA,NA,598
The seal,54,describer,1,NA,NA,599
With the square falling off and the triangle on your left hand side,55,matcher,2,NA,NA,599
Yeah,54,describer,3,NA,NA,599
And then the last one is the cockerel,54,describer,1,NA,NA,600
The one with the two triangles on your right hand side?,55,matcher,2,NA,NA,600
"Yeah, no. The one with the leg then it goes into a corner then it goes",54,describer,3,NA,NA,600
into a triangle,54,describer,4,NA,NA,600
Is it two leg one? Ah yeah I’ve got it,55,matcher,5,NA,NA,600
The candle with the like a seat on the bottom. Can you see it?,54,describer,1,NA,NA,601
Yeah,56,matcher,2,NA,NA,601
Then we’ve got a person flying with their arms up in the air,54,describer,1,NA,NA,602
"Then we’ve got… this is the one that I couldn’t explain to A, it’s",54,describer,1,NA,NA,603
"got a triangle head, straight at top, straight down at the side, then it’s",54,describer,2,NA,NA,603
half at the bottom with a triangle dinting in,54,describer,3,NA,NA,603
yeah I got it,56,matcher,4,NA,NA,603
The priest with the book,54,describer,1,NA,NA,604
"The seal, like in a circus thing",54,describer,1,NA,NA,605
Err like a beach cave with a square falling off and a triangle,54,describer,1,NA,NA,606
falling off,54,describer,2,NA,NA,606
Zombie,54,describer,1,NA,NA,607
Yeah,56,matcher,2,NA,NA,607
And the cockerel,54,describer,1,NA,NA,608
Yeah,56,matcher,2,NA,NA,608
The first one looks a bit like… a man sticking his leg out and his,57,describer,1,NA,NA,609
head turned the other way.,57,describer,2,NA,NA,609
Are his hands out like that?,58,matcher,3,NA,NA,609
Well it looks a bit like a square out,57,describer,4,NA,NA,609
I’ve got it,58,matcher,5,NA,NA,609
The second one looks like a person sat down with his knees up and,57,describer,1,NA,NA,610
his head’s a bit like a diamond,57,describer,2,NA,NA,610
Can I have a bit more description just to check?,58,matcher,3,NA,NA,610
"Ok, err, it’s got like a square body with a triangle at the bottom",57,describer,4,NA,NA,610
"Erm, I think I’ve got it",58,matcher,5,NA,NA,610
The third one looks like a rabbit laying down with its arm,57,describer,1,NA,NA,611
supporting it,57,describer,2,NA,NA,611
Got it,58,matcher,3,NA,NA,611
The fourth one looks like a square body with triangles cut out of it,57,describer,1,NA,NA,612
and a diamond head,57,describer,2,NA,NA,612
Does it have like a triangle at the side?,58,matcher,3,NA,NA,612
No. It’s got a point at the top,57,describer,4,NA,NA,612
Like a man with his arm pointing out?,58,matcher,5,NA,NA,612
Yeah,57,describer,6,NA,NA,612
Got it,58,matcher,7,NA,NA,612
The fifth one looks a bit like a shadow with his arms up,57,describer,1,NA,NA,613
Slanted?,58,matcher,2,NA,NA,613
Yeah,57,describer,3,NA,NA,613
I’m just thinking which one to move,58,matcher,4,NA,NA,613
And the sixth one looks like a man carrying a bowl,57,describer,1,NA,NA,614
More description,58,matcher,2,NA,NA,614
Err it’s got like diamond head and it’s got a square underneath a point,57,describer,3,NA,NA,614
Does it look like one of his legs is out or something,58,matcher,4,NA,NA,614
"No, it looks like they’re both together",57,describer,5,NA,NA,614
Does it look like a triangle next to it?,58,matcher,6,NA,NA,614
No,57,describer,7,NA,NA,614
Yep,58,matcher,8,NA,NA,614
The seventh one looks like a cockerel,57,describer,1,NA,NA,615
Pardon?,58,matcher,2,NA,NA,615
Chicken with a diamond on top,57,describer,3,NA,NA,615
Does it have like one of it’s legs out or not?,58,matcher,4,NA,NA,615
No,57,describer,5,NA,NA,615
Got it,58,matcher,6,NA,NA,615
"the last one looks like… a girl with a pony tail on, on the back of",57,describer,1,NA,NA,616
"a diamond head, slanted a bit",57,describer,2,NA,NA,616
I’ve got it.,58,matcher,3,NA,NA,616
The first one looks like a man with his leg out,57,describer,1,NA,NA,617
Is his arm stuck out as well?,58,matcher,2,NA,NA,617
No his arms are sort of a bit like that,57,describer,3,NA,NA,617
I think I’ve got it. So you can see a gap between them all?,58,matcher,4,NA,NA,617
No,57,describer,5,NA,NA,617
Got it,58,matcher,6,NA,NA,617
The second one looks a bit like a chicken… and it’s got a triangular,57,describer,1,NA,NA,618
tail,57,describer,2,NA,NA,618
And it’s like are together like?,58,matcher,3,NA,NA,618
Yeah,57,describer,4,NA,NA,618
Yeah,58,matcher,5,NA,NA,618
the third one looks a bit like a shadow slanted,57,describer,1,NA,NA,619
Got it,58,matcher,2,NA,NA,619
The fourth one looks like a man like with his arms down to his feet,57,describer,1,NA,NA,620
Is it like a diamond on top of a big like a square with a triangle at,58,matcher,2,NA,NA,620
the bottom?,58,matcher,3,NA,NA,620
a square with a triangle at the bottom then like a acute triangle at the,57,describer,4,NA,NA,620
top,57,describer,5,NA,NA,620
I think I’ve got it,58,matcher,6,NA,NA,620
The fifth one looks like a man sat down,57,describer,1,NA,NA,621
With his head back and his arms folded?,58,matcher,2,NA,NA,621
No. Like a man sat down and a triangle at the bottom of him,57,describer,3,NA,NA,621
yep,58,matcher,4,NA,NA,621
the sixth one looks like a man with his head back and his arms,57,describer,1,NA,NA,622
folded,57,describer,2,NA,NA,622
Got it,58,matcher,3,NA,NA,622
The seventh one looks like a man carrying a bowl,57,describer,1,NA,NA,623
got it,58,matcher,2,NA,NA,623
And the last one looks a bit like…,57,describer,1,NA,NA,624
A rabbit?,58,matcher,2,NA,NA,624
"A rabbit, yeah",57,describer,3,NA,NA,624
The first one looks like a cockerel,57,describer,1,NA,NA,625
Got it,58,matcher,2,NA,NA,625
The second one looks like a man carrying a bowl,57,describer,1,NA,NA,626
Got it,58,matcher,2,NA,NA,626
The third one looks like a man sticking his leg out,57,describer,1,NA,NA,627
Got it,58,matcher,2,NA,NA,627
The fourth one looks like a shadow,57,describer,1,NA,NA,628
Got it,58,matcher,2,NA,NA,628
The fifth one looks like a rabbit with his arm back,57,describer,1,NA,NA,629
Got it,58,matcher,2,NA,NA,629
The sixth one looks like a man laying back with a triangle at the,57,describer,1,NA,NA,630
back of his head,57,describer,2,NA,NA,630
Got it,58,matcher,3,NA,NA,630
The eighth one looks like a man with a triangle at the bottom,57,describer,1,NA,NA,631
Does he look all like huddled up?,58,matcher,2,NA,NA,631
No he’s got an acute triangle at the top,57,describer,3,NA,NA,631
"Yep, got it",58,matcher,4,NA,NA,631
And the last one looks like a man with a triangle at the bottom,57,describer,1,NA,NA,632
Yeah,58,matcher,2,NA,NA,632
The first one looks like a man sticking his leg out,57,describer,1,NA,NA,633
has it got like a square or a diamond at the back?,59,matcher,2,NA,NA,633
yeah it’s like on a slant and it’s got a diamond at the back,57,describer,3,NA,NA,633
yeah I think I’ve got it,59,matcher,4,NA,NA,633
The second one looks a bit like a shadow with his arms up in the air,57,describer,1,NA,NA,634
Got it,59,matcher,2,NA,NA,634
"The third one looks like a man curled up with his, with a triangle",57,describer,1,NA,NA,635
at the bottom,57,describer,2,NA,NA,635
Does he have anything sticking out like a triangle?,59,matcher,3,NA,NA,635
At the bottom there’s a triangle sticking out,57,describer,4,NA,NA,635
Think I’ve got it yeah,59,matcher,5,NA,NA,635
The fourth one looks like a cockerel,57,describer,1,NA,NA,636
Got that one,59,matcher,2,NA,NA,636
The fifth one looks like a man laying back with a triangle at the,57,describer,1,NA,NA,637
back of his head. And it looks like he’s resting on a bean bag,57,describer,2,NA,NA,637
yeah,59,matcher,3,NA,NA,637
the sixth one looks like a rabbit with his arm back supporting it,57,describer,1,NA,NA,638
while it’s laying down,57,describer,2,NA,NA,638
yeah,59,matcher,3,NA,NA,638
The second to last one looks a bit like a man carrying a bowl,57,describer,1,NA,NA,639
Yep,59,matcher,2,NA,NA,639
Then the second one looks like a man with feet at the bottom and an,57,describer,1,NA,NA,640
acute triangle at the top,57,describer,2,NA,NA,640
Yeah,59,matcher,3,NA,NA,640
"Ok the first one’s got a diamond on it’s head, kind of like a",60,describer,1,NA,NA,641
"diamond and it’s got like err, so it comes down from the head and then well",60,describer,2,NA,NA,641
"it’s a bit like a diamond again. And then at the bottom it’s got a spike,",60,describer,3,NA,NA,641
"at the, I think it’s the right hand side. You got it?",60,describer,4,NA,NA,641
Has it got a like two diamonds like arms?,61,matcher,5,NA,NA,641
No,60,describer,6,NA,NA,641
"Erm, has it got like a diamond on the bottom right hand side and a",61,matcher,7,NA,NA,641
"diamond, like a triangle diamond up on the top right hand side?",61,matcher,8,NA,NA,641
kind of,60,describer,9,NA,NA,641
And then is there like a slope then a square?,61,matcher,10,NA,NA,641
No,60,describer,11,NA,NA,641
Erm,61,matcher,12,NA,NA,641
"Err, it’s a bit like a person sitting down but with only one leg, and",60,describer,13,NA,NA,641
it’s sitting down and it’s got like a pointy triangle,60,describer,14,NA,NA,641
has it got a flat bottom?,61,matcher,15,NA,NA,641
yeah,60,describer,16,NA,NA,641
So then has got like another flat bit on the bottom left hand side?,61,matcher,17,NA,NA,641
Yeah,60,describer,18,NA,NA,641
Got it,61,matcher,19,NA,NA,641
"Ok this one’s gonna be easier to describe, on the head it’s got a",60,describer,1,NA,NA,642
diamond and it’s got one leg with a slope and it comes down. And it’s got a,60,describer,2,NA,NA,642
"triangle tail and it looks a bit like a dog, long legged dog",60,describer,3,NA,NA,642
"so has it got like two triangles coming out, and a triangle, like a",61,matcher,4,NA,NA,642
diamond on top?,61,matcher,5,NA,NA,642
Yeah,60,describer,6,NA,NA,642
Got it,61,matcher,7,NA,NA,642
"This one is a bit like a bird, and it looks like it’s trying to",60,describer,1,NA,NA,643
squish something,60,describer,2,NA,NA,643
Erm has it got like a flat nose or something?,61,matcher,3,NA,NA,643
"No it hasn’t got a flat nose, it’s got a pointy nose",60,describer,4,NA,NA,643
Yeah a pointy nose but a flat like bit coming to like a triangle?,61,matcher,5,NA,NA,643
Yeah,60,describer,6,NA,NA,643
"Right, and has it got like an axe on top?",61,matcher,7,NA,NA,643
Yeah,60,describer,8,NA,NA,643
Got it,61,matcher,9,NA,NA,643
"This one, it looks like he’s, looks a bit like he’s mowing the",60,describer,1,NA,NA,644
"floor, and he’s got a head, two… a triangle stuck onto his head and that’s",60,describer,2,NA,NA,644
all I can describe. And he’s got like a square head with a triangle coming,60,describer,3,NA,NA,644
out,60,describer,4,NA,NA,644
Hs he got a flat bottom half?,61,matcher,5,NA,NA,644
yeah,60,describer,6,NA,NA,644
Got it,61,matcher,7,NA,NA,644
"Err, this ones got a diamond head again, it’s got straight side,",60,describer,1,NA,NA,645
"it’s coming down and it goes across, comes down, goes, there’s like a",60,describer,2,NA,NA,645
little slope and it has a flat bottom and then it goes straight up into the,60,describer,3,NA,NA,645
diamond again. You got it?,60,describer,4,NA,NA,645
"No, describe it again",61,matcher,5,NA,NA,645
"it’s got a diamond head, and it looks a bit like a head with a box",60,describer,6,NA,NA,645
Erm,61,matcher,7,NA,NA,645
Done it?,60,describer,8,NA,NA,645
No. Has it got like a flat left hand side and just like zigzags on the,61,matcher,9,NA,NA,645
right hand side?,61,matcher,10,NA,NA,645
yeah,60,describer,11,NA,NA,645
Right. Oh that one’s already in order,61,matcher,12,NA,NA,645
"Err, it’s got like a leg and it looks like she’s trying to do the",60,describer,1,NA,NA,646
splits,60,describer,2,NA,NA,646
"Yeah, that one you described as a slide",61,matcher,3,NA,NA,646
Yeah a bit like a slide,60,describer,4,NA,NA,646
yeah I got it,61,matcher,5,NA,NA,646
Err and this one’s looks like it’s coming out from a parachute,60,describer,1,NA,NA,647
Done,61,matcher,2,NA,NA,647
What you’ve finished?,60,describer,1,NA,NA,648
Yeah cos all I need to do then is swap them two round.,61,matcher,2,NA,NA,648
"The first one, err, it’s got, it’s like it’s doing the splits again.",60,describer,1,NA,NA,649
That one that were doing the splits.,60,describer,2,NA,NA,649
Is it that one that looked like a slide?,61,matcher,3,NA,NA,649
"Can you remember that one that was last? The one that was last, it",60,describer,1,NA,NA,650
goes second,60,describer,2,NA,NA,650
"You don’t have to tell me, you’ve got to describe it",61,matcher,3,NA,NA,650
"It looks like that man that were laying down on the floor, what",60,describer,1,NA,NA,651
looks like it’s gonna die again,60,describer,2,NA,NA,651
"What, who looks like he’s parachuting?",61,matcher,3,NA,NA,651
No not the parachuting one,60,describer,4,NA,NA,651
Oh the one with like a triangle coming out it’s mouth?,61,matcher,5,NA,NA,651
Yeah,60,describer,6,NA,NA,651
Right,61,matcher,7,NA,NA,651
"Then that like a mummy one, that mummy thing",60,describer,1,NA,NA,652
What so like it’s got a axe?,61,matcher,2,NA,NA,652
No not the one with a axe,60,describer,3,NA,NA,652
Not the one that looks like he’s parachuting?,61,matcher,4,NA,NA,652
"No. The first one, remember the first one from last time?",60,describer,5,NA,NA,652
"first one, first one… erm….",61,matcher,6,NA,NA,652
It might be in fourth place or something. And it looked like it were,60,describer,7,NA,NA,652
sitting down,60,describer,8,NA,NA,652
"Err, sitting down. Ah so has it got like a triangle, diamond head",61,matcher,9,NA,NA,652
Yeah,60,describer,10,NA,NA,652
"No arms, has it got any arms?",61,matcher,11,NA,NA,652
No,60,describer,12,NA,NA,652
has it got any feet,61,matcher,13,NA,NA,652
"It’s only got one foot, a triangle foot",60,describer,14,NA,NA,652
"What, so it’s like standing on one leg?",61,matcher,15,NA,NA,652
No it’s not standing on one leg,60,describer,16,NA,NA,652
So it’s sitting down,61,matcher,17,NA,NA,652
"Yeah, it’s sitting down with a triangle foot. Done it?",60,describer,18,NA,NA,652
"Erm, so is it sitting down on a flat base?",61,matcher,19,NA,NA,652
Yeah,60,describer,20,NA,NA,652
Right,61,matcher,21,NA,NA,652
"Err, can remember that one zigzag one? On the right hand… corner",60,describer,1,NA,NA,653
What so that last one?,61,matcher,2,NA,NA,653
"Err no it’s got a triangle head, zigzags on the left hand side.",60,describer,3,NA,NA,653
Yeah,61,matcher,4,NA,NA,653
Yeah.,60,describer,5,NA,NA,653
And that parachuting one,60,describer,1,NA,NA,654
And that kind of dog one. Remember that kind of dog one with that,60,describer,1,NA,NA,655
diamond on it’s head,60,describer,2,NA,NA,655
What so the one with zigzags on the right hand side?,61,matcher,3,NA,NA,655
Yeah,60,describer,4,NA,NA,655
That one was already there. Done.,61,matcher,1,NA,NA,656
"Err, the one, the man who’s sitting down and he’s got like a",60,describer,1,NA,NA,657
triangle thing,60,describer,2,NA,NA,657
On the bottom right hand corner?,61,matcher,3,NA,NA,657
Yeah,60,describer,4,NA,NA,657
So he’s got like a triangle,61,matcher,5,NA,NA,657
Yeah,60,describer,6,NA,NA,657
"so we had it second to last last time, one before the parachuter one?",61,matcher,7,NA,NA,657
Yeah,60,describer,8,NA,NA,657
"Err, zigzags on that side",60,describer,9,NA,NA,657
To you?,61,matcher,10,NA,NA,657
Yeah,60,describer,11,NA,NA,657
So on my right hand side?,61,matcher,12,NA,NA,657
Yeah,60,describer,13,NA,NA,657
So has it got a flat left hand side?,61,matcher,14,NA,NA,657
Yeah,60,describer,15,NA,NA,657
And the man who’s bending down to look at… look at something,60,describer,1,NA,NA,658
What so the one with a axe?,61,matcher,2,NA,NA,658
Yeah. No the triangle in his mouth,60,describer,3,NA,NA,658
What so he’s got like a triangle coming out his mouth and a square head?,61,matcher,4,NA,NA,658
Yeah he’s got a square head. Looks like…,60,describer,5,NA,NA,658
Ooo Priest!,61,matcher,6,NA,NA,658
"Looks like he’s been hit in the head by a Frisbee, a triangle Frisbee",60,describer,7,NA,NA,658
"Err, the man who’s…",60,describer,1,NA,NA,659
What so has it got an arm on the left hand side? Like an arm?,61,matcher,2,NA,NA,659
yeah like an arm,60,describer,3,NA,NA,659
Right,61,matcher,4,NA,NA,659
"Err, the man who’s doing the splits with the square head",60,describer,1,NA,NA,660
Done,61,matcher,2,NA,NA,660
The parachuting man,60,describer,1,NA,NA,661
The parachuting man…,61,matcher,2,NA,NA,661
We always get the parachuting man right for some reason,60,describer,3,NA,NA,661
"Err, the man who’s got the axe on his back and he looks like he’s",61,matcher,1,NA,NA,662
gonna stand on something,61,matcher,2,NA,NA,662
What the one with the axe?,61,matcher,3,NA,NA,662
Yeah the one with axe on his back…,60,describer,4,NA,NA,662
Well it looks like an axe,61,matcher,5,NA,NA,662
Yeah the one who looks like an axe,60,describer,6,NA,NA,662
So these one’s have either got to be turned round…,61,matcher,1,NA,NA,663
"Err, the one, the man with the…",60,describer,2,NA,NA,663
has he got a flat bottom?,61,matcher,3,NA,NA,663
Yeah he’s got a flat bottom and he look like he’s giving a present to,60,describer,4,NA,NA,663
somebody,60,describer,5,NA,NA,663
Yeah right right,61,matcher,6,NA,NA,663
And has the last one got zigzags on the right hand side?,61,matcher,1,NA,NA,664
Yeah,60,describer,2,NA,NA,664
Done,61,matcher,3,NA,NA,664
"Ok there’s this man, he’s got a diamond, he’s a got a diamond head",60,describer,1,NA,NA,665
Yeah,62,matcher,2,NA,NA,665
"On the right to you, to you, he’s got like a zigzag pattern",60,describer,3,NA,NA,665
Hmmm,62,matcher,4,NA,NA,665
Tell me when you’ve got it,60,describer,5,NA,NA,665
"I’ve got it, I think",62,matcher,6,NA,NA,665
"Err, we’ve got a man who looks like he’s giving something to",60,describer,1,NA,NA,666
somebody like a present,60,describer,2,NA,NA,666
ok,62,matcher,3,NA,NA,666
There’s like this man doing the splits with a square head,60,describer,1,NA,NA,667
Think I’ve got it,62,matcher,2,NA,NA,667
And the man who looks like sat down with the triangle in his mouth,60,describer,1,NA,NA,668
Got it,62,matcher,2,NA,NA,668
"And the one who looks like a dog with only one leg, like a raptor…",60,describer,1,NA,NA,669
with a triangle tail and big mouth,60,describer,2,NA,NA,669
Yeah,62,matcher,3,NA,NA,669
have you got it?,60,describer,4,NA,NA,669
Think so,62,matcher,5,NA,NA,669
And the man who’s sitting down,60,describer,1,NA,NA,670
The man who’s sitting down,62,matcher,2,NA,NA,670
"And there’s this man who looks like he’s coming from a parachute,",60,describer,1,NA,NA,671
what me and A has always got right…,60,describer,2,NA,NA,671
yeah,62,matcher,3,NA,NA,671
Every turn,60,describer,4,NA,NA,671
"Err, this, this… you should know this… there’s a man who looks like",60,describer,1,NA,NA,672
he’s got an axe on his back and he’s trying to stand on a bug,60,describer,2,NA,NA,672
Yeah,62,matcher,3,NA,NA,672
It looks a bit like a woman dancing. It’s got a square on the top,63,describer,1,NA,NA,673
Can you describe it a bit more?,64,matcher,2,NA,NA,673
At the end it’s got like a triangle at the back,63,describer,3,NA,NA,673
Does it have two triangles?,64,matcher,4,NA,NA,673
Nope,63,describer,5,NA,NA,673
I don’t know which one,64,matcher,6,NA,NA,673
Do you want to move on to the second one?,63,describer,7,NA,NA,673
Yes please,64,matcher,8,NA,NA,673
"Erm, it looks a bit like a square with a diamond on top",63,describer,1,NA,NA,674
Does it have a triangle on the bottom?,64,matcher,2,NA,NA,674
No,63,describer,3,NA,NA,674
has it got a arm that looks like a triangle but different?,64,matcher,4,NA,NA,674
Yeah,63,describer,5,NA,NA,674
I found it,64,matcher,6,NA,NA,674
Pardon?,63,describer,7,NA,NA,674
I’ve got it,64,matcher,8,NA,NA,674
"Erm, it looks a bit like someone doing the splits",63,describer,1,NA,NA,675
Hmmm?,64,matcher,2,NA,NA,675
Yeah,63,describer,3,NA,NA,675
does it have a triangle?,64,matcher,4,NA,NA,675
Yep,63,describer,5,NA,NA,675
I found it,64,matcher,6,NA,NA,675
The other one looks like a ghost,63,describer,1,NA,NA,676
I can’t find that one. Does it have a diamond head?,64,matcher,2,NA,NA,676
Yeah,63,describer,3,NA,NA,676
Does it have a little triangle at the bottom?,64,matcher,4,NA,NA,676
No,63,describer,5,NA,NA,676
Like at the side of it?,64,matcher,6,NA,NA,676
Yeah,63,describer,7,NA,NA,676
I found it,64,matcher,8,NA,NA,676
This looks like someone marching,63,describer,1,NA,NA,677
I cannot find that one,64,matcher,2,NA,NA,677
Do you want to move on?,63,describer,3,NA,NA,677
Yes please,64,matcher,4,NA,NA,677
This looks like someone doing… actually it looks a bit like a fish,63,describer,1,NA,NA,678
Does it have a diamond on the head?,64,matcher,2,NA,NA,678
Yeah,63,describer,3,NA,NA,678
"Does it have like a triangle on the, like in the middle?",64,matcher,4,NA,NA,678
No,63,describer,5,NA,NA,678
I think I found it,64,matcher,6,NA,NA,678
"Erm, it looks a bit like a snake",63,describer,1,NA,NA,679
Does it have a diamond as a head?,64,matcher,2,NA,NA,679
Yeah,63,describer,3,NA,NA,679
Has it got a little triangle at the bottom?,64,matcher,4,NA,NA,679
Yeah,63,describer,5,NA,NA,679
I found it,64,matcher,6,NA,NA,679
This looks a bit like a Chinese person,63,describer,1,NA,NA,680
Does it have zigzags on the side?,64,matcher,2,NA,NA,680
No,63,describer,3,NA,NA,680
Has it got a diamond head?,64,matcher,4,NA,NA,680
Yeah,63,describer,5,NA,NA,680
I think I found it,64,matcher,6,NA,NA,680
Do you want to do number five or number one?,63,describer,7,NA,NA,680
Number one,64,matcher,8,NA,NA,680
Looks like someone doing kung foo,63,describer,9,NA,NA,673
Does it have one leg shorter than the other?,64,matcher,10,NA,NA,673
Yeah,63,describer,11,NA,NA,673
I found it,64,matcher,12,NA,NA,673
Have you found the other one?,63,describer,5,NA,NA,677
yeah,64,matcher,6,NA,NA,677
This first one looks like it’s erm dancing,63,describer,1,NA,NA,681
Has it got two arms out to the side?,64,matcher,2,NA,NA,681
No,63,describer,3,NA,NA,681
Has it got one arm ripped?,64,matcher,4,NA,NA,681
Yeah,63,describer,5,NA,NA,681
I found it,64,matcher,6,NA,NA,681
it looks like this woman is holding a dish,63,describer,1,NA,NA,682
Has it got a point on the dish?,64,matcher,2,NA,NA,682
Yeah,63,describer,3,NA,NA,682
I found it,64,matcher,4,NA,NA,682
This person looks like it’s Chinese or something,63,describer,1,NA,NA,683
Does it have a diamond head?,64,matcher,2,NA,NA,683
Yeah,63,describer,3,NA,NA,683
Is its body shaped like a snake?,64,matcher,4,NA,NA,683
No,63,describer,5,NA,NA,683
I found it,64,matcher,6,NA,NA,683
This one looks like it’s a wiggly worm,63,describer,1,NA,NA,684
Does it have a point at the end?,64,matcher,2,NA,NA,684
Yeah,63,describer,3,NA,NA,684
I found it,64,matcher,4,NA,NA,684
It’s a bit like a square but its got two triangles missing,63,describer,1,NA,NA,685
Has it got two zigzags?,64,matcher,2,NA,NA,685
Yeah,63,describer,3,NA,NA,685
Has it got a diamond head?,64,matcher,4,NA,NA,685
Yeah,63,describer,5,NA,NA,685
Is it straight at the bottom and sides?,64,matcher,6,NA,NA,685
Yeah,63,describer,7,NA,NA,685
I found it,64,matcher,8,NA,NA,685
This one looks like a ghost,63,describer,1,NA,NA,686
Does it have a square head?,64,matcher,2,NA,NA,686
No,63,describer,3,NA,NA,686
A diamond head?,64,matcher,4,NA,NA,686
yeah,63,describer,5,NA,NA,686
And has it got big triangles?,64,matcher,6,NA,NA,686
Yeah,63,describer,7,NA,NA,686
Found it,64,matcher,8,NA,NA,686
this one looks a bit like a Christmas tree but it’s got a rectangle,63,describer,1,NA,NA,687
missing,63,describer,2,NA,NA,687
Does it have a spike at the side?,64,matcher,3,NA,NA,687
Yeah,63,describer,4,NA,NA,687
Does it have some erm like a leaf that’s a lot shorter than the other?,64,matcher,5,NA,NA,687
Yeah,63,describer,6,NA,NA,687
I found it,64,matcher,7,NA,NA,687
This one looks a bit like a ballerina or something doing ballet,63,describer,1,NA,NA,688
Found it. I found it cos it was the last one,64,matcher,2,NA,NA,688
This one looks like a snake,63,describer,1,NA,NA,689
Erm does it have like a wibbly body?,64,matcher,2,NA,NA,689
Yeah,63,describer,3,NA,NA,689
A diamond head?,64,matcher,4,NA,NA,689
Yeah. They’ve all got diamond heads,63,describer,5,NA,NA,689
Not all of them,64,matcher,6,NA,NA,689
well two have got square,63,describer,7,NA,NA,689
3,64,matcher,8,NA,NA,689
oh yeah,63,describer,9,NA,NA,689
has it got like a point at the bottom?,64,matcher,10,NA,NA,689
yeah,63,describer,11,NA,NA,689
Found it,64,matcher,12,NA,NA,689
"This one has got a square, bit like a rectangle with an extra bit on",63,describer,1,NA,NA,690
the end,63,describer,2,NA,NA,690
Has it got one arm?,64,matcher,3,NA,NA,690
Yeah,63,describer,4,NA,NA,690
One leg shorter than the other?,64,matcher,5,NA,NA,690
He hasn’t got… oh yeah he has got one leg,63,describer,6,NA,NA,690
One leg shorter than the other?,64,matcher,7,NA,NA,690
Yeah,63,describer,8,NA,NA,690
Found it,64,matcher,9,NA,NA,690
ThIs one looks like it’s doing a Spanish dance,63,describer,1,NA,NA,691
Does it have one arm ripped and one arm not ripped?,64,matcher,2,NA,NA,691
Yeah,63,describer,3,NA,NA,691
A diamond head?,64,matcher,4,NA,NA,691
Yeah,63,describer,5,NA,NA,691
A like a triangle at the bottom?,64,matcher,6,NA,NA,691
Yeah,63,describer,7,NA,NA,691
this one looks… has got a square,63,describer,1,NA,NA,692
pardon?,64,matcher,2,NA,NA,692
has got a square head,63,describer,3,NA,NA,692
has it got one arm ri[pped?,64,matcher,4,NA,NA,692
yeah,63,describer,5,NA,NA,692
has it got a point at the bottom with one rip?,64,matcher,6,NA,NA,692
yeah,63,describer,7,NA,NA,692
Found it,64,matcher,8,NA,NA,692
"this one looks like it’s flying, this person",63,describer,1,NA,NA,693
has it got two zigzags?,64,matcher,2,NA,NA,693
yeah,63,describer,3,NA,NA,693
at the side?,64,matcher,4,NA,NA,693
yeah,63,describer,5,NA,NA,693
Has it got three straight sides?,64,matcher,6,NA,NA,693
yeah,63,describer,7,NA,NA,693
found it,64,matcher,8,NA,NA,693
This one looks like a vampire,63,describer,1,NA,NA,694
erm does it have like a point?,64,matcher,2,NA,NA,694
erm yeah,63,describer,3,NA,NA,694
Found it,64,matcher,4,NA,NA,694
this one looks like its got a bowl with a towel underneath it,63,describer,1,NA,NA,695
what?,64,matcher,2,NA,NA,695
This person has got a diamond head and it’s got like this bowl and its,63,describer,3,NA,NA,695
got a towel underneath it,63,describer,4,NA,NA,695
Found it,64,matcher,5,NA,NA,695
This one looks a bit like a ballet dancer,63,describer,1,NA,NA,696
and has it got both arms up in the air?,64,matcher,2,NA,NA,696
No,63,describer,3,NA,NA,696
has it got like two triangle arms,64,matcher,4,NA,NA,696
yeah,63,describer,5,NA,NA,696
Found it,64,matcher,6,NA,NA,696
This one has got a diamond on his head and he’s got his left hand,63,describer,1,NA,NA,697
sticking out,63,describer,2,NA,NA,697
Does this one have like a triangle foot on the left hand side?,65,matcher,3,NA,NA,697
yeah,63,describer,4,NA,NA,697
does it have like one arm away from its body?,65,matcher,5,NA,NA,697
No,63,describer,6,NA,NA,697
has it got two arms on the left hand side?,65,matcher,7,NA,NA,697
No. It’d be your right hand side,63,describer,8,NA,NA,697
"Does it have like one big foot on the left hand side, I mean right?",65,matcher,9,NA,NA,697
Yeah,63,describer,10,NA,NA,697
found it,65,matcher,11,NA,NA,697
this one has got a diamond on its head and it’s carrying like a dish,63,describer,1,NA,NA,698
with a towel underneath it,63,describer,2,NA,NA,698
I found it,65,matcher,3,NA,NA,698
"this one looks like he’s doing a dance, a Spanish dance",63,describer,1,NA,NA,699
does it have one foot in the air?,65,matcher,2,NA,NA,699
no. its got one foot teared though,63,describer,3,NA,NA,699
pardon?,65,matcher,4,NA,NA,699
its got one foot teared with a triangle gap,63,describer,5,NA,NA,699
a triangle gap,65,matcher,6,NA,NA,699
this one looks like its got two arms and its got one arm teared on,63,describer,1,NA,NA,700
your right hand side,63,describer,2,NA,NA,700
"does this one have a huge, like a huge foot?",65,matcher,3,NA,NA,700
"yeah, and it’s got a tiny one…",63,describer,4,NA,NA,700
has it got like a tiny triangle on the bottom?,65,matcher,5,NA,NA,700
yeah,63,describer,6,NA,NA,700
found it,65,matcher,7,NA,NA,700
this one looks a bit like a ballet danceer with a triangle tail,63,describer,1,NA,NA,701
does one like have a penguins head?,65,matcher,2,NA,NA,701
err a bit,63,describer,3,NA,NA,701
found it,65,matcher,4,NA,NA,701
this one looks like a wiggly worm,63,describer,1,NA,NA,702
does this one have a rectangle head?,65,matcher,2,NA,NA,702
no it’s got a diamond head,63,describer,3,NA,NA,702
B; found it,63,describer,4,NA,NA,702
this one looks like a ghost,63,describer,1,NA,NA,703
I found it,65,matcher,2,NA,NA,703
this one looks like a vampire with a rectangle head,63,describer,1,NA,NA,704
I found it,65,matcher,2,NA,NA,704
"The first one has got like two triangles on the left hand, left",66,describer,1,NA,NA,705
"side, and it’s got a diamond on top of it",66,describer,2,NA,NA,705
Yeah,67,matcher,3,NA,NA,705
And then it’s got like a long leg and triangle on right side,66,describer,4,NA,NA,705
Yeah,67,matcher,5,NA,NA,705
Number two is a diamond tilted to the left and then…,66,describer,1,NA,NA,706
One minute. Right,67,matcher,2,NA,NA,706
And then like an upside down triangle and a long triangle that’s… It,66,describer,3,NA,NA,706
"looks like a man sat down but with no body or anything, so it’s like a long",66,describer,4,NA,NA,706
body with a triangle and a diamond and it’s got a triangle on the far right,66,describer,5,NA,NA,706
So a diamond at the top?,67,matcher,6,NA,NA,706
Diamond which is joined onto the long black part and then a triangle,66,describer,7,NA,NA,706
joined on but there’s a tiny gap and that’s at the top,66,describer,8,NA,NA,706
Can you describe that again?,67,matcher,9,NA,NA,706
"Yeah, so there’s at the bottom there’s a line that’s… there’s like… the",66,describer,10,NA,NA,706
"bottom is like a long, well it’s not long, it’s actually just I’d say it",66,describer,11,NA,NA,706
goes across and then up and then tilts up a little bit then it goes,66,describer,12,NA,NA,706
"straight up and then like with a point at the top, a tiny tiny point",66,describer,13,NA,NA,706
Is it like a t-shirt?,67,matcher,14,NA,NA,706
No. This is probably the hardest one to describe,66,describer,15,NA,NA,706
Can you describe it again?,67,matcher,16,NA,NA,706
Yeah. Right there’s a diamond that it looks like a fat diamond but it’s,66,describer,17,NA,NA,706
actually long if you look at it a different way,66,describer,18,NA,NA,706
it looks like a what?,67,matcher,19,NA,NA,706
"A diamond, then like it’s joined on by the tip at the bottom of it",66,describer,20,NA,NA,706
Yeah,67,matcher,21,NA,NA,706
And it goes… there’s like a tilt on the top of it,66,describer,22,NA,NA,706
Yeah,67,matcher,23,NA,NA,706
"A little triangle at the side, and it goes down, then down again and",66,describer,24,NA,NA,706
across and that’s a big black thick area. And then there’s like…,66,describer,25,NA,NA,706
Describe it again,67,matcher,26,NA,NA,706
"Right I’ll work from the side. A, look at the biggest… pick out the",66,describer,27,NA,NA,706
"biggest black fat one’s, just look at them",66,describer,28,NA,NA,706
Look at what?,67,matcher,29,NA,NA,706
the big fat bits at the bottom of any,66,describer,30,NA,NA,706
Right,67,matcher,31,NA,NA,706
Then there’s like a thinner strip at the top with a diamond on the side,66,describer,32,NA,NA,706
"Is it like a diamond on the top then it’s got like, it’s tilted then it",67,matcher,33,NA,NA,706
goes straight down with like a square at the front and then…,67,matcher,34,NA,NA,706
It looks like a man got their legs joined together and their feet down,66,describer,35,NA,NA,706
so they’ve got their knees up when they’re sat down,66,describer,36,NA,NA,706
He’s got no feet?,67,matcher,37,NA,NA,706
"No, he’s got no feet at all",66,describer,38,NA,NA,706
"Its got a diamond, it’s got one tilt there, one tilt there then it goes",67,matcher,39,NA,NA,706
down?,67,matcher,40,NA,NA,706
"Right I’ll give you a thing, there’s two triangles on there, three if",66,describer,41,NA,NA,706
you’re including the triangle on the side and one diamond. So there’s two,66,describer,42,NA,NA,706
triangles on the right far side,66,describer,43,NA,NA,706
Yeah,67,matcher,44,NA,NA,706
"One little one on the left, which doesn’t even look like one, it just",66,describer,45,NA,NA,706
looks like…,66,describer,46,NA,NA,706
It looks like a tail stuck onto the thin bit? Like a diamond then it’s,67,matcher,47,NA,NA,706
got a triangle and another triangle below it?,67,matcher,48,NA,NA,706
"Right I don’t know how to describe it, I don’t. Do you want to go back",66,describer,49,NA,NA,706
to it?,66,describer,50,NA,NA,706
Yeah,67,matcher,51,NA,NA,706
The third one is also so tricky. It looks like a monster with a foot,66,describer,1,NA,NA,707
up and a square on the back,66,describer,2,NA,NA,707
"Yeah, it’s got one foot down and one lifted up?",67,matcher,3,NA,NA,707
yeah,66,describer,4,NA,NA,707
It’s got a diamond on the top,66,describer,1,NA,NA,708
Yeah,67,matcher,2,NA,NA,708
Big triangle that’s to the like side,66,describer,3,NA,NA,708
One minute. Diamond at the top?,67,matcher,4,NA,NA,708
A big diamond,66,describer,5,NA,NA,708
Yeah. Is it like tilted?,67,matcher,6,NA,NA,708
"No, it goes straight up, then it’s… then there’s a triangle at the side",66,describer,7,NA,NA,708
of it joined onto the end then there’s a big straight line then it goes,66,describer,8,NA,NA,708
"down then it goes straight, then it goes down, then it goes up, down,",66,describer,9,NA,NA,708
"straight, up down and that’s it. So there’s a triangle tilted on the right",66,describer,10,NA,NA,708
"far side, not at the bottom right a the top",66,describer,11,NA,NA,708
There’s a diamond at the top and it’s got a triangle joined onto it on,67,matcher,12,NA,NA,708
that side?,67,matcher,13,NA,NA,708
This side,66,describer,14,NA,NA,708
This side?,67,matcher,15,NA,NA,708
The right side,66,describer,16,NA,NA,708
yeah,67,matcher,17,NA,NA,708
Then there’s a straight line…,66,describer,18,NA,NA,708
Has it got a triangle in the bottom corner?,67,matcher,19,NA,NA,708
On the left side?,66,describer,20,NA,NA,708
Yeah,67,matcher,21,NA,NA,708
Yeah. And that looks like half a triangle,66,describer,22,NA,NA,708
And it’s got a line under it?,67,matcher,23,NA,NA,708
Yeah,66,describer,24,NA,NA,708
And then going down and the across?,67,matcher,25,NA,NA,708
"Yeah, only slightly down",66,describer,26,NA,NA,708
Yeah,67,matcher,27,NA,NA,708
Ok. It looks like a man jumping,66,describer,1,NA,NA,709
Yeah,67,matcher,2,NA,NA,709
With diamond on the top,66,describer,3,NA,NA,709
"Yeah. And like a t-shirt? It’s like got one arm big, slanted like that",67,matcher,4,NA,NA,709
and then one arm straight?,67,matcher,5,NA,NA,709
"Yeah. It’s got a diamond as it’s head, two arms, and then like straight…",66,describer,6,NA,NA,709
Like a straight t-shirt bit? So it’s got a diamond then it’s like that,67,matcher,7,NA,NA,709
and then it goes like that but the arms pointing up?,67,matcher,8,NA,NA,709
As if they’re cheering,66,describer,9,NA,NA,709
Yeah,67,matcher,10,NA,NA,709
Yeah,66,describer,11,NA,NA,709
"The sixth one is got a triangle on it’s head, as it’s head, ok then",66,describer,1,NA,NA,710
it looks like there’s a servant carrying a plate to the left,66,describer,2,NA,NA,710
"There’s a diamond at the top then it’s necks going like that, it’s got a",67,matcher,3,NA,NA,710
diamond then it’s neck’s going like that,67,matcher,4,NA,NA,710
And then it looks like there’s two hands to the left holding a plate,66,describer,5,NA,NA,710
with…,66,describer,6,NA,NA,710
Yeah,67,matcher,7,NA,NA,710
Like a towel over it,66,describer,8,NA,NA,710
And then it’s got… It’s feet are like straight down from the tray like,67,matcher,9,NA,NA,710
that and then going like that at the bottom?,67,matcher,10,NA,NA,710
yeah,66,describer,11,NA,NA,710
"Seventh one, triangle on the head, ok, then it looks like it’s…",66,describer,1,NA,NA,711
actually it’s square the body is square with a little bit cut out. It looks,66,describer,2,NA,NA,711
a triangle’s cut out and then another triangle at the bottom,66,describer,3,NA,NA,711
Is there a diamond and then there’s a straight line going like that?,67,matcher,4,NA,NA,711
Just look for a square and a triangle but cut out the triangle and the,66,describer,5,NA,NA,711
triangle,66,describer,6,NA,NA,711
So it’s a diamond at the top and just under the diamond there’s a,67,matcher,7,NA,NA,711
straight line,67,matcher,8,NA,NA,711
Yeah,66,describer,9,NA,NA,711
then the straight like goes down then across then it’s got like a cut,67,matcher,10,NA,NA,711
out triangle?,67,matcher,11,NA,NA,711
Yeah,66,describer,12,NA,NA,711
Then it goes straight again?,67,matcher,13,NA,NA,711
Yeah,66,describer,14,NA,NA,711
"right the last one, you’ve got two to pick from?",66,describer,1,NA,NA,712
Yeah,67,matcher,2,NA,NA,712
"Right, there’s a diamond and it looks like…",66,describer,3,NA,NA,712
Has it got two cut out triangles on the left and the right?,67,matcher,4,NA,NA,712
No. It looks like…It’s got a triangle on it then it’s got two straight,66,describer,5,NA,NA,712
lines going from it’s neck…,66,describer,6,NA,NA,712
So it’s got… can you repeat that?,67,matcher,7,NA,NA,712
"got a triangle on it’s head, as it’s head",66,describer,8,NA,NA,712
yeah it’s got a square on the side?,67,matcher,9,NA,NA,712
"No it’s got like two straight edges, then it goes down, then it goes",66,describer,10,NA,NA,712
like slantedly…,66,describer,11,NA,NA,712
"Has it got a square, then it’s a straight line then it’s a triangle",67,matcher,12,NA,NA,712
attached to it’s side then it’s straight down and across and then there’s,67,matcher,13,NA,NA,712
"another triangle, then there’s a big cut out space and then it just goes",67,matcher,14,NA,NA,712
"straight on, comes back up and it’s…",67,matcher,15,NA,NA,712
No,66,describer,16,NA,NA,712
Has it got a square and a triangle near the top? It’s got a square on,67,matcher,17,NA,NA,712
the left side?,67,matcher,18,NA,NA,712
"That’s number two. Then the other one, tell me what the other one",66,describer,52,NA,NA,706
looks like,66,describer,53,NA,NA,706
I haven’t done number two yet.,67,matcher,54,NA,NA,706
"Well that’s number two, you’ve just said it",66,describer,55,NA,NA,706
But I don’t know what it is yet,67,matcher,56,NA,NA,706
You’ve just said it’s a square like on the left side,66,describer,57,NA,NA,706
"Yeah, is that right? So that’s number two?",67,matcher,58,NA,NA,706
And then tell me what the last one looks like?,66,describer,19,NA,NA,712
It’s a diamond on the top and it’s got like an edge there and an edge,67,matcher,20,NA,NA,712
there and then it goes down and then across and then like that,67,matcher,21,NA,NA,712
Yeah,66,describer,22,NA,NA,712
There’s a diamond on the top with like a big triangle joined to the,66,describer,1,NA,NA,713
bottom of it,66,describer,2,NA,NA,713
"Wait a minute, there’s a diamond at the top hmmm…",67,matcher,3,NA,NA,713
"I’m just trying to work out, what does it look like?",66,describer,4,NA,NA,713
Was it first last time or second or third?,67,matcher,5,NA,NA,713
I don’t recognise this one actually,66,describer,6,NA,NA,713
Can you remember?,67,matcher,7,NA,NA,713
"I have a strong feeling it’s that one… Right there’s a diamond on top,",66,describer,8,NA,NA,713
then like with like… a triangle joined to the right hand side of the bottom,66,describer,9,NA,NA,713
point,66,describer,10,NA,NA,713
Bottom?,67,matcher,11,NA,NA,713
"Bottom point, so the triangle at the top…",66,describer,12,NA,NA,713
Yeah it’s got a diamond then a triangle attached to it?,67,matcher,13,NA,NA,713
Yeah and then…,66,describer,14,NA,NA,713
And then it’s going like that and going across? It’s got a diamond?,67,matcher,15,NA,NA,713
yeah,66,describer,16,NA,NA,713
And then it’s like that? And then it’s got a triangle hanging down?,67,matcher,17,NA,NA,713
Yeah,66,describer,18,NA,NA,713
And then it’s got a straight line next to it?,67,matcher,19,NA,NA,713
Then it’s like a big… you’d call it a straight line at the bottom and,66,describer,20,NA,NA,713
then it goes straight up,66,describer,21,NA,NA,713
I haven’t got a clue. It’s like a diamond on the top?,67,matcher,22,NA,NA,713
Yeah,66,describer,23,NA,NA,713
"It’s going straight up like that, diagonal? Then it’s attaching to a",67,matcher,24,NA,NA,713
triangle and the triangles hanging down?,67,matcher,25,NA,NA,713
Yeah,66,describer,26,NA,NA,713
"And then next to the triangle, then there’s a massive yellow gap and",67,matcher,27,NA,NA,713
then there’s a triangle attached to the bottom?,67,matcher,28,NA,NA,713
Right let me just explain it a little bit more. The bottom ok? You did,66,describer,29,NA,NA,713
"work this out, I know I know you did, yeah? It had like a tiny tiny line,",66,describer,30,NA,NA,713
"then a triangle, then it went like across, up, and then like up, then a",66,describer,31,NA,NA,713
triangle joined onto the bottom point. So if you imagine a diamond like,66,describer,32,NA,NA,713
"that, this is the bottom point. Then think about it, if it’s split into",66,describer,33,NA,NA,713
"two, two triangles split onto it",66,describer,34,NA,NA,713
I haven’t got a clue what you’re on about…,67,matcher,35,NA,NA,713
"Well look A, it might flash back",66,describer,36,NA,NA,713
"Is it like a diamond, then it’s got a triangle, then it’s got another",67,matcher,37,NA,NA,713
"triangle at side of it… It’s got two triangles at side of it, then it goes",67,matcher,38,NA,NA,713
straight and then it’s got a leg hanging down,67,matcher,39,NA,NA,713
"Nope, there’s nothing like a leg there. So it doesn’t even look like",66,describer,40,NA,NA,713
anything. It looks actually like there’s a head with wings like that. Then,66,describer,41,NA,NA,713
"it looks like…One wings joined onto the bottom bit, the other wing isn’t.",66,describer,42,NA,NA,713
"So say if the wing’s like that on the bottom of it, the other one isn’t. Do",66,describer,43,NA,NA,713
you want to come back to it?,66,describer,44,NA,NA,713
yeah,67,matcher,45,NA,NA,713
Right number two is actually last time number seven,66,describer,1,NA,NA,714
I can’t remember,67,matcher,2,NA,NA,714
"right a triangle, then as we said, it looks like a square with a little",66,describer,3,NA,NA,714
bit cut out of it on the right hand side,66,describer,4,NA,NA,714
So it’s got what?,67,matcher,5,NA,NA,714
"it’s simple, it’s got a diamond for its head, it’s just a square on the",66,describer,6,NA,NA,714
bottom for it’s body,66,describer,7,NA,NA,714
Is it a diamond and then it’s got like arms waving up?,67,matcher,8,NA,NA,714
"It hasn’t got no arms. Right, can you imagine a big square A? Then it’s",66,describer,9,NA,NA,714
"got a diamond on top of it, in the middle of the top straight line.",66,describer,10,NA,NA,714
Yeah,67,matcher,11,NA,NA,714
"Then there’s like… there’s no left… there’s no right straight line, it’s",66,describer,12,NA,NA,714
cut out into triangles,66,describer,13,NA,NA,714
"Is it like a cut out square, a bits been cut out?",67,matcher,14,NA,NA,714
Yeah,66,describer,15,NA,NA,714
"It’s got a diamond on top, then it’s like a square then its got a cut",67,matcher,16,NA,NA,714
"out triangle there, and then it… so it’s a diamond then it goes straight",67,matcher,17,NA,NA,714
"then it goes like that, down, then it’s got a straight line going down,",67,matcher,18,NA,NA,714
"then it’s diagonal again, then you go back down where the cut out",67,matcher,19,NA,NA,714
triangle’s been then you go straight across and back up again?,67,matcher,20,NA,NA,714
"Yeah, that’s number two",66,describer,21,NA,NA,714
"As we said, it’s got a triangle as it’s head, this is the third one",66,describer,1,NA,NA,715
Yeah,67,matcher,2,NA,NA,715
It looks like a maid is giving somebody a plate with both its hands to,66,describer,3,NA,NA,715
"the left hand side, with a towel wrapped over it",66,describer,4,NA,NA,715
A triangle as its head?,67,matcher,5,NA,NA,715
No a diamond,66,describer,6,NA,NA,715
It’s like a servant?,67,matcher,7,NA,NA,715
"Yeah, it looks like it’s got a towel over it",66,describer,8,NA,NA,715
Got it,67,matcher,9,NA,NA,715
"Ok, and its feet like together and it’s like at the bottom",66,describer,10,NA,NA,715
It hasn’t got no feet? It’s just like a massive cloak that covers the,67,matcher,11,NA,NA,715
feet?,67,matcher,12,NA,NA,715
I think…,66,describer,13,NA,NA,715
"It’s got a diamond as a head, then it goes like that?",67,matcher,14,NA,NA,715
Like that,66,describer,15,NA,NA,715
"yeah, then it’s like that",67,matcher,16,NA,NA,715
With a round plate,66,describer,17,NA,NA,715
A round plate?,67,matcher,18,NA,NA,715
right can you imagine a round plate from the side?,66,describer,19,NA,NA,715
"It’s got a diamond on the top, then it’s like that, and on other side",67,matcher,20,NA,NA,715
"its like that, it goes straight down then it goes like that where it’s got",67,matcher,21,NA,NA,715
no feet. It goes back up and goes like that then there’s like a square and,67,matcher,22,NA,NA,715
then it’s like a square with a triangle on top as like a plate and it looks,67,matcher,23,NA,NA,715
like they’ve got both arms on it?,67,matcher,24,NA,NA,715
"yeah so it goes like that with a plate, A, to the left",66,describer,25,NA,NA,715
Yeah like that,67,matcher,26,NA,NA,715
yeah. That’s number three,66,describer,27,NA,NA,715
Number four is like a bogey monster with a square on it’s back,66,describer,1,NA,NA,716
Yeah. So one foot’s sticking up and one’s sticking down?,67,matcher,2,NA,NA,716
yeah. That’s number four,66,describer,3,NA,NA,716
"Then number five is simple, triangle as it’s head",66,describer,1,NA,NA,717
triangle?,67,matcher,2,NA,NA,717
I mean diamond,66,describer,3,NA,NA,717
Yeah,67,matcher,4,NA,NA,717
Then it’s like…,66,describer,5,NA,NA,717
Cheering?,67,matcher,6,NA,NA,717
No,66,describer,7,NA,NA,717
It’s like somebody sat there praying or something? It’s got a diamond at,67,matcher,8,NA,NA,717
"the top and then it goes like that on that side, then it goes down, it goes",67,matcher,9,NA,NA,717
"like that again, goes like that and goes back up there",67,matcher,10,NA,NA,717
Right there’s a diamond ok?,66,describer,11,NA,NA,717
Yeah,67,matcher,12,NA,NA,717
"So it joins on like a neck, then it goes down, then it goes on the",66,describer,13,NA,NA,717
right… probably your… well it’s on my left…,66,describer,14,NA,NA,717
On the left and the right is there like a triangle cut… it’s like a,67,matcher,15,NA,NA,717
"diamond and then on the left and the right, there’s two… that’s where it",67,matcher,16,NA,NA,717
looks like a triangle cut out?,67,matcher,17,NA,NA,717
Oh my god,66,describer,18,NA,NA,717
You can’t see his feet can ya?,67,matcher,19,NA,NA,717
No. It hasn’t got no feet on it,66,describer,20,NA,NA,717
Has it got a diamond and a triangle next to it on the top? Or just a,67,matcher,21,NA,NA,717
diamond?,67,matcher,22,NA,NA,717
Just a diamond,66,describer,23,NA,NA,717
I’ve got it. But it hasn’t got a triangle on has it?,67,matcher,24,NA,NA,717
"No, it’s just a simple black body but with a cut out on the side",66,describer,25,NA,NA,717
"I’ve got it, yeah",67,matcher,26,NA,NA,717
This one were number two last time that we were struggling on,66,describer,1,NA,NA,718
Yeah I think I can remember it,67,matcher,2,NA,NA,718
Can you?,66,describer,3,NA,NA,718
"Erm, think so. It’s got a diamond at the top, then it’s got a triangle",67,matcher,4,NA,NA,718
at the side and another triangle below it…,67,matcher,5,NA,NA,718
"Diamond… It looks like a square, so it’s square, it’s a tiny square A.",66,describer,6,NA,NA,718
"So it’s number two A, you’ve got to remember number two?",66,describer,7,NA,NA,718
I can’t remember it. I think it’s that one. Has it got like… It’s got,67,matcher,8,NA,NA,718
like a square attached to it there and then it’s got a triangle hanging,67,matcher,9,NA,NA,718
down,67,matcher,10,NA,NA,718
Yeah yeah yeah,66,describer,11,NA,NA,718
And then at the bottom there’s a straight line?,67,matcher,12,NA,NA,718
Yeah,66,describer,13,NA,NA,718
And then it goes up like that?,67,matcher,14,NA,NA,718
yeah,66,describer,15,NA,NA,718
"Right then, it looks like a man’s cheering, this one",66,describer,1,NA,NA,719
A man’s cheering?,67,matcher,2,NA,NA,719
So it’s like ‘yeah’ like that,66,describer,3,NA,NA,719
"Then number eight, yeah?",66,describer,1,NA,NA,720
Yeah,67,matcher,2,NA,NA,720
You’ve definitely got two left haven’t ya?,66,describer,3,NA,NA,720
yeah,67,matcher,4,NA,NA,720
Right,66,describer,5,NA,NA,720
I’ve missed number one out haven’t I?,67,matcher,6,NA,NA,720
"Right A, two big triangles on top of each other…",66,describer,7,NA,NA,720
It’s got a diamond and then there’s two big triangles on top of,67,matcher,8,NA,NA,720
"eachother, and one’s got a leg sticking down?",67,matcher,9,NA,NA,720
"Yeah, that’s it",66,describer,10,NA,NA,720
"One sticking down, then it’s got like a tail and it’s erm…",67,matcher,11,NA,NA,720
"Yeah that’s it, that’s it",66,describer,12,NA,NA,720
And the other one is number one,66,describer,46,NA,NA,713
"Number one, yeah, was actually number five",66,describer,1,NA,NA,721
So it’s number five now?,67,matcher,2,NA,NA,721
"No, the number one is number one, last time it was number five. So it’s",66,describer,3,NA,NA,721
number one now. Think about it,66,describer,4,NA,NA,721
"Oh so my number five is… it’s in the same order, so my number five is",67,matcher,5,NA,NA,721
now number one?,67,matcher,6,NA,NA,721
Yeah,66,describer,7,NA,NA,721
Yeah,67,matcher,8,NA,NA,721
"Right and the other one is number 6, the maid that was holding the",66,describer,1,NA,NA,722
plate. Number two.,66,describer,2,NA,NA,722
I didn’t have that,67,matcher,3,NA,NA,722
"You’ve got to have it, cos it was on number six, no number eight then",66,describer,4,NA,NA,722
"Yeah, so number eight is now number what? Two?",67,matcher,5,NA,NA,722
Erm yeah,66,describer,6,NA,NA,722
yeah,67,matcher,7,NA,NA,722
Then third one was…,66,describer,1,NA,NA,723
Yeah third one’s now number one,67,matcher,2,NA,NA,723
I didn’t actually tell you… hang on a minute. Right number three is a,66,describer,3,NA,NA,723
"triangle, then a square, then it’s cut out. You’ve got to remember this one",66,describer,4,NA,NA,723
A,66,describer,5,NA,NA,723
"I can remember it, I’ve got it in order as last time",67,matcher,6,NA,NA,723
Right number four,66,describer,1,NA,NA,724
Was it number four last time?,67,matcher,2,NA,NA,724
No it wasn’t,66,describer,3,NA,NA,724
Yeah,67,matcher,4,NA,NA,724
I don’t really remember what this one is. Triangle…,66,describer,5,NA,NA,724
You mean diamond?,67,matcher,6,NA,NA,724
"No a diamond, and then two triangles on the bottom point",66,describer,7,NA,NA,724
And it looks like a man standing up? So it’s got a diamond and then it’s,67,matcher,8,NA,NA,724
got two triangles on top of each other,67,matcher,9,NA,NA,724
"No. Diamond, two triangles…",66,describer,10,NA,NA,724
And what number’s this?,67,matcher,11,NA,NA,724
Number four,66,describer,12,NA,NA,724
"Yeah, it’s got a leg sticking down",67,matcher,13,NA,NA,724
"No it hasn’t got a leg A, it’s just a basic. It hasn’t got no legs on",66,describer,14,NA,NA,724
"it, it’s just a straight bottom. Then it’s got like a triangle on my left",66,describer,15,NA,NA,724
"What, that’s been cut out? I haven’t got it",67,matcher,16,NA,NA,724
"You’ve got to cos all these are simple, you know all these",66,describer,17,NA,NA,724
"That’ll be number one then. It’s got a square, then it’s got a triangle",67,matcher,18,NA,NA,724
and a triangle - one at top one at bottom. You said that were my number,67,matcher,19,NA,NA,724
one…,67,matcher,20,NA,NA,724
Shall we just leave that one and come back to it? Cos it’ll be much,66,describer,21,NA,NA,724
easier,66,describer,22,NA,NA,724
Come on then,67,matcher,23,NA,NA,724
"Number five, it looks like a man’s praying, sat down praying",66,describer,1,NA,NA,725
Then number six is monster with his leg stuck up and a thing on his,66,describer,1,NA,NA,726
back,66,describer,2,NA,NA,726
Man cheering,66,describer,1,NA,NA,727
"And then two triangles on top of each other, a leg and a tail",66,describer,1,NA,NA,728
Yeah,67,matcher,2,NA,NA,728
and then number four I what ever one you’ve got left,66,describer,24,NA,NA,724
"Describe me number four, has it got a diamond at the top, then it’s got",67,matcher,25,NA,NA,724
a straight line?,67,matcher,26,NA,NA,724
Yeah,66,describer,27,NA,NA,724
"There’s a diamond on the top, and like it’s a square on the first",66,describer,1,NA,NA,729
"one, so it’s a square body with a little bit cut out on my right",66,describer,2,NA,NA,729
"There’s two cut out, two triangles?",68,matcher,3,NA,NA,729
"Yeah, that’s number one",66,describer,4,NA,NA,729
"And number two, yeah, is it looks like a maid’s gonna give…",66,describer,1,NA,NA,730
Yeah I got it. Yeah it looks like it’s got a plate in it’s hand and like,67,matcher,2,NA,NA,730
a…,67,matcher,3,NA,NA,730
Yeah,66,describer,4,NA,NA,730
Number three is got a square…,66,describer,1,NA,NA,731
A square… yeah,67,matcher,2,NA,NA,731
Joined on like…,66,describer,3,NA,NA,731
It looks like a man with a leg up and a leg down?,67,matcher,4,NA,NA,731
"No. That’s number six B, so put that in your number six column, no",66,describer,1,NA,NA,732
your number eight column sorry. So it’ll be underneath… if you’re doing it,66,describer,2,NA,NA,732
"in fours, put it underneath your four",66,describer,3,NA,NA,732
So it’s got like two triangles at side?,67,matcher,4,NA,NA,732
"No, that’s actually number… if it’s got two triangles…",66,describer,5,NA,NA,732
it’s got a square at top with like a small…,67,matcher,6,NA,NA,732
No it looks like a monster with one leg up and one leg down. This is the,66,describer,7,NA,NA,732
"one that’s number six, number eight. And it’s got like a thing on it’s back",66,describer,8,NA,NA,732
Number four is like a diamond on top. It looks like angel wings,66,describer,1,NA,NA,733
"got that one, that’s number four?",68,matcher,2,NA,NA,733
Number four,66,describer,3,NA,NA,733
"It looks like a man’s praying, so it’s just simple",66,describer,1,NA,NA,734
"Yeah, it’s got a diamond at the top",68,matcher,2,NA,NA,734
Yeah,66,describer,3,NA,NA,734
And looks like it’s got a bit cut out of the diamond,68,matcher,4,NA,NA,734
"And then it looks like there’s a diamond on top, two triangles piled",66,describer,1,NA,NA,735
"up on top of each other, a leg’s down",66,describer,2,NA,NA,735
Leg’s down…,68,matcher,3,NA,NA,735
Leg’s straight down like that and then like a triangle like that,66,describer,4,NA,NA,735
There’s a triangle at the side of the leg?,68,matcher,5,NA,NA,735
"Yeah, and then there’s like a little triangle as it’s tail on the right,",66,describer,6,NA,NA,735
my right side. Yeah?,66,describer,7,NA,NA,735
Yeah,68,matcher,8,NA,NA,735
It looks like a man’s cheering. So it’s like that. Got it?,66,describer,1,NA,NA,736
Has it got a square at top of it?,68,matcher,2,NA,NA,736
"No it’s more like a diamond, there’s a diamond on top",66,describer,3,NA,NA,736
I’ve only got two left so…,68,matcher,4,NA,NA,736
"So it looks like a mans like tilted to one side and he’s cheering, and a",66,describer,5,NA,NA,736
diamond’s…,66,describer,6,NA,NA,736
Yeah and there’s a triangle at this side?,68,matcher,7,NA,NA,736
No.,66,describer,8,NA,NA,736
And there’s a massive gap between the triangle at side of it?,68,matcher,9,NA,NA,736
"It’s simple B, I don’t know why you can’t get it. That’s number",66,describer,5,NA,NA,731
"three I think, so put that as your third one",66,describer,6,NA,NA,731
The one with the diamond as its head?,68,matcher,7,NA,NA,731
"it hasn’t got a diamond nowhere on its head, well it has, but this side.",66,describer,8,NA,NA,731
So it looks like a square,66,describer,9,NA,NA,731
So that’s number three,68,matcher,10,NA,NA,731
And the other one’s number seven,66,describer,10,NA,NA,736
It’s got like triangle at the side and triangle at the bottom?,68,matcher,11,NA,NA,736
There isn’t a triangle anywhere on it. It looks like a man cheering. Can,66,describer,12,NA,NA,736
"you see a man cheering? That’s anywhere, cheering?",66,describer,13,NA,NA,736
has he got a flat part on the body at the bottom?,68,matcher,14,NA,NA,736
Yeah,66,describer,15,NA,NA,736
yeah got it,68,matcher,16,NA,NA,736
That’s number seven,66,describer,17,NA,NA,736
That’s it,68,matcher,18,NA,NA,736
It looks like erm a like a person with a diamond head putting his,69,describer,1,NA,NA,737
hands out and he’s stood up straight… well it’s stood up straight and it’s,69,describer,2,NA,NA,737
got a diamond head and he looks like he’s putting his arms out but the arms,69,describer,3,NA,NA,737
look pointy and it looks like a sleeve’s coming down.,69,describer,4,NA,NA,737
I got it,70,matcher,5,NA,NA,737
"The next one is… it looks like a diamond head again, it looks like",69,describer,1,NA,NA,738
he’s… it looks like a seat with a back and it looks like you’re looking,69,describer,2,NA,NA,738
from it like a side backwards way or you can look at it front ways. No,69,describer,3,NA,NA,738
"front ways better, so it looks like a seat with a diamond head and it looks",69,describer,4,NA,NA,738
like a seat and it’s got like a body with a seat bit,69,describer,5,NA,NA,738
Is it like sitting down?,70,matcher,6,NA,NA,738
Well it looks like a seat so yeah it’s sitting down,69,describer,7,NA,NA,738
Does it have two triangles on it?,70,matcher,8,NA,NA,738
No but it’s got a diamond head with like a body and then it looks like a,69,describer,9,NA,NA,738
seat diagonal way with a point right in the middle. It’s got like a body,69,describer,10,NA,NA,738
with a diamond head,69,describer,11,NA,NA,738
I’m just gonna say I’ve got it cos I can’t find it,70,matcher,12,NA,NA,738
Erm it looks like a bird with it’s beak open and it looks like it’s,69,describer,1,NA,NA,739
stood up with its tail in the air but he looks like he’s got a really big,69,describer,2,NA,NA,739
diamond feather on it’s head,69,describer,3,NA,NA,739
Got it,70,matcher,4,NA,NA,739
next one is… It looks like a man with his head turning around. He’s,69,describer,1,NA,NA,740
like looking on the floor but he’s got a hand in the air and a foot in the,69,describer,2,NA,NA,740
air but he’s stood on one foot with his square hand in the air. With his,69,describer,3,NA,NA,740
foot in the air.,69,describer,4,NA,NA,740
Yep,70,matcher,5,NA,NA,740
"The next one looks like a diamond, a diamond person but it looks",69,describer,1,NA,NA,741
"like an angel flying in the air with his arms up, it looks like he’s",69,describer,2,NA,NA,741
lifting a heavy crate but he’s got nothing in his hands,69,describer,3,NA,NA,741
Yeah I got it,70,matcher,4,NA,NA,741
The next one looks… well its got a square or a diamond and it looks,69,describer,1,NA,NA,742
like a mermaid but with a fin on it’s back and a fin on its tail. Its got,69,describer,2,NA,NA,742
like a... erm triangle coming off it on his tail and it looks like it’s got,69,describer,3,NA,NA,742
a fin coming of his back but the fins only just touching it,69,describer,4,NA,NA,742
Does it like have… for like a head does it have a fish?,70,matcher,5,NA,NA,742
No. It’s a square head,69,describer,6,NA,NA,742
A square head with like a triangle connected to it?,70,matcher,7,NA,NA,742
Yeah,69,describer,8,NA,NA,742
Got it,70,matcher,9,NA,NA,742
The next one looks like an ‘I’ with the diamond in… but it looks,69,describer,1,NA,NA,743
like the diamonds joined onto it but the I’s like… it’s straight on the,69,describer,2,NA,NA,743
left hand side and it’s straight on the top side but it’s…,69,describer,3,NA,NA,743
Got a diamond on the top?,70,matcher,4,NA,NA,743
Yeah it’s got a diamond on top and its all zigzag down there,69,describer,5,NA,NA,743
Got it,70,matcher,6,NA,NA,743
The next one is obvious. It looks like… It’s got a square on its,69,describer,1,NA,NA,744
head with a triangle coming off it and it looks like a girl on the floor,69,describer,2,NA,NA,744
"wants picking up with a triangle head… no… yeah, it’s got a diamond head",69,describer,3,NA,NA,744
but it looks like she’s looking up with her arms up and it looks like she’s,69,describer,4,NA,NA,744
got a triangle on the back of her head with her arms coming up,69,describer,5,NA,NA,744
Yeah got it,70,matcher,6,NA,NA,744
The first one it’s got a diamond head and it looks like he’s putting,69,describer,1,NA,NA,745
his arms out with a sleeve coming off him,69,describer,2,NA,NA,745
Got it,70,matcher,3,NA,NA,745
"second one looks like an I with a diamond on top, the left hand side",69,describer,1,NA,NA,746
is straight and the top side is straight but on the other side it’s all,69,describer,2,NA,NA,746
"zigzagged. It looks like an I, like an I in the letter",69,describer,3,NA,NA,746
Yeah. Got it,70,matcher,4,NA,NA,746
"The second one looks like an angel, flying again. It looks like he’s",69,describer,1,NA,NA,747
carrying something but he’s not carrying something in his arms,69,describer,2,NA,NA,747
Got it,70,matcher,3,NA,NA,747
Fourth one looks like a bird and it’s got a big diamond feather on,69,describer,1,NA,NA,748
"his head, looks like he’s opening his beak and he’s standing on one foot.",69,describer,2,NA,NA,748
"Done, done it",70,matcher,3,NA,NA,748
"Fifth one looks like he’s looking behind him, like he’s dropped his",69,describer,1,NA,NA,749
purse on the floor or something and he looks like he’s got one foot up and,69,describer,2,NA,NA,749
"one arm like… not across him but in front of him. He’s looking down, his",69,describer,3,NA,NA,749
head’s the other way.,69,describer,4,NA,NA,749
Got it,70,matcher,5,NA,NA,749
"Sixth one looks like a mermaid with a fin coming of it, a triangle",69,describer,1,NA,NA,750
"on it’s back and it looks like… it’s got a triangle for it’s tail, not it’s",69,describer,2,NA,NA,750
tail but it’s like a tail that cats have,69,describer,3,NA,NA,750
Got it,70,matcher,4,NA,NA,750
Seventh one it looks… it’s got a… it looks like she’s sitting on a…,69,describer,1,NA,NA,751
sitting down with her legs up and her arms across her and she looks like,69,describer,2,NA,NA,751
"she’s looking up. She’s got a square head or a diamond, either one but",69,describer,3,NA,NA,751
she’s got like a big triangle for her hair.,69,describer,4,NA,NA,751
Got it,70,matcher,5,NA,NA,751
the last one is like a seat with a diamond thing where you put your,69,describer,1,NA,NA,752
head on with a body and it’s got like a seat. So it looks like a seat with,69,describer,2,NA,NA,752
a diamond head,69,describer,3,NA,NA,752
Yeah I’ve got it,70,matcher,4,NA,NA,752
"The first one looks like an I. No a seat, sorry, a seat with a",69,describer,1,NA,NA,753
diamond,69,describer,2,NA,NA,753
Done it,70,matcher,3,NA,NA,753
Second one looks like an I with a diamond on it’s head,69,describer,1,NA,NA,754
Done it,70,matcher,2,NA,NA,754
Third one looks like a girl with a big ponytail,69,describer,1,NA,NA,755
Done it,70,matcher,2,NA,NA,755
"Fourth one looks like a mermaid, with a fin coming off it",69,describer,1,NA,NA,756
Done it,70,matcher,2,NA,NA,756
The other one looks like an angel,69,describer,1,NA,NA,757
Right,71,matcher,2,NA,NA,757
The other one looks like a man turning his head because he’s lost,69,describer,1,NA,NA,758
"something. Turning around like he’s lost something, that man",69,describer,2,NA,NA,758
Yeah I’ve got it,71,matcher,3,NA,NA,758
The other one looks like a man holding his hands out,69,describer,1,NA,NA,759
Done it,71,matcher,2,NA,NA,759
The other one looks like a bird,70,matcher,1,NA,NA,760
Done it,71,matcher,2,NA,NA,760
"The first one looks like an I, like a letter I with a diamond on",69,describer,1,NA,NA,761
it’s head. The left hand side is straight and the top side is straight and,69,describer,2,NA,NA,761
"then it goes in straight, in straight, and then it goes straight. So it",69,describer,3,NA,NA,761
"looks an I, the letter I with a diamond on it’s head. DO you want to ask me",69,describer,4,NA,NA,761
a question?,69,describer,5,NA,NA,761
"Err, can you repeat that bit about the straight bit?",71,matcher,6,NA,NA,761
The left hand side is straight and the top hand side is straight but,69,describer,7,NA,NA,761
it’s got like a diamond touching the top bit,69,describer,8,NA,NA,761
I think I know which one it is,71,matcher,9,NA,NA,761
So put a diamond so it looks like a diamond… It looks like a letter I,69,describer,10,NA,NA,761
"with a diamond on top, so if it’s like an I, a letter I, do you know on the",69,describer,11,NA,NA,761
"top bit, it’s got like a circle hasn’t it? Pretend that’s a diamond and",69,describer,12,NA,NA,761
"it’s touching it, touching the top, touching the bit.",69,describer,13,NA,NA,761
Got it,71,matcher,14,NA,NA,761
the second one looks like it’s got like a diamond head with… it,69,describer,1,NA,NA,762
"looks like he’s holding his hands out, it looks like he’s got pointy hands",69,describer,2,NA,NA,762
"and it looks like he’s got a sleeve. So he’s got a diamond head, the hand",69,describer,3,NA,NA,762
"and then a sleeve, and then his feet. He’s got his hands out, it looks like",69,describer,4,NA,NA,762
a hand with a very long sleeve coming down from it.,69,describer,5,NA,NA,762
think I’ve got it,71,matcher,6,NA,NA,762
The third one looks like a mermaid with his fin coming… just,69,describer,1,NA,NA,763
"touching but it looks like it’s coming off of him, and then it looks like",69,describer,2,NA,NA,763
erm cos he’s got his tail and then he’s got like a diamond coming off of,69,describer,3,NA,NA,763
his tail and then he’s got a triangle coming off of him. So a triangle,69,describer,4,NA,NA,763
coming off his tail and a triangle just coming off of him. But the first,69,describer,5,NA,NA,763
"triangle is like diagonal, the second triangle is upside down. Any",69,describer,6,NA,NA,763
"questions? So it looks like a mermaid with his tail, it looks like he’s",69,describer,7,NA,NA,763
sitting down and he’s just getting ready to jump off,69,describer,8,NA,NA,763
"I think it’s that one, I think it is",71,matcher,9,NA,NA,763
"The fourth one erm, he erm looks… it’s got his head, a diamond head,",69,describer,1,NA,NA,764
it looks a little girl sitting down with her legs out and it looks like,69,describer,2,NA,NA,764
she’s putting her hands up and it… from head she’s got a really big,69,describer,3,NA,NA,764
"triangle, it looks like she’s got a ponytail and she’s got a diamond head",69,describer,4,NA,NA,764
"and it looks she’s putting her hands out, she’s got pointy hands and she’s",69,describer,5,NA,NA,764
putting them out like she wants to be picked up or something,69,describer,6,NA,NA,764
I’ve already put that one down. What was it that you said before the one,71,matcher,7,NA,NA,764
with the triangles?,71,matcher,8,NA,NA,764
Have you got the first one?,69,describer,9,NA,NA,764
It was the third one,71,matcher,10,NA,NA,764
"The third one, it looks like she’s sitting down, she’s just getting",69,describer,11,NA,NA,764
"ready to jump off a rock. She’s got like a head, she’s got like a little",69,describer,12,NA,NA,764
"bit of a neck and on her back, it’s got this like triangle fin sticking out",69,describer,13,NA,NA,764
of her. And it looks like er the first triangle is straight and the second,69,describer,14,NA,NA,764
triangle which is coming off her tail is upside down,69,describer,15,NA,NA,764
I think it’s that one,71,matcher,16,NA,NA,764
Have you done the fourth one?,69,describer,17,NA,NA,764
Yeah I’ve done it now,71,matcher,18,NA,NA,764
The fifth one looks like a bird opening his mouth and it looks like,69,describer,1,NA,NA,765
he’s putting a leg down so he’s got a triangle feather coming off his head,69,describer,2,NA,NA,765
with his beak open and it looks like he’s standing on one leg with his tail,69,describer,3,NA,NA,765
coming off of him. So basically it looks like a bird with a triangle on his,69,describer,4,NA,NA,765
head,69,describer,5,NA,NA,765
Yep,71,matcher,6,NA,NA,765
The sixth one looks like a seat. It looks like a diamond head and it,69,describer,1,NA,NA,766
"looks like he’s got shoulders, he’s got a body and then it looks like a",69,describer,2,NA,NA,766
seat on the bottom,69,describer,3,NA,NA,766
He hasn’t got any hands or legs?,71,matcher,4,NA,NA,766
Yeah I know,69,describer,5,NA,NA,766
yeah yeah ok,71,matcher,6,NA,NA,766
Got it?,69,describer,7,NA,NA,766
yeah,71,matcher,8,NA,NA,766
The other one looks like an angel but it looks like she’s got,69,describer,1,NA,NA,767
something in her arms but she hasn’t got nothing in her arms,69,describer,2,NA,NA,767
Yeah I’ve got that one. Yeah I've got the last one as well.,71,matcher,3,NA,NA,767
it looks like a man with his head looking to the other side but it,69,describer,1,NA,NA,768
looks like he’s dropped his wallet or something,69,describer,2,NA,NA,768
yeah,71,matcher,3,NA,NA,768
Done?,69,describer,4,NA,NA,768
Yeah,71,matcher,5,NA,NA,768
