text,player_id,role,message_number,message_irrelevant,time_stamp,trial_id
"o.k. auf der Nummer 1 habe ich eine Figur, die aussieht wie eine Schlittschuhläuferin",1,describer,1,NA,NA,1
2 ist so eine Figur die die so eine Art Hampelmann macht also beide arme waagerecht raus streckt.,1,describer,1,NA,NA,2
Figur 3 sieht so aus als würde sie gerade Basketball spielen.,1,describer,1,NA,NA,3
Ja,2,matcher,2,NA,NA,3
4 ist ähm wahrscheinlich ein äh ähm so ähm ein Priester der irgendwie so gerade so eine Schüssel in der Hand hat,1,describer,1,NA,NA,4
Was eine Schüssel in der Hand ?,2,matcher,2,NA,NA,4
Ja,1,describer,3,NA,NA,4
Kannst du die 2 noch mal schnell sagen,2,matcher,2,NA,NA,2
Die 2 ist so ein äh sieht aus wie ein Engel beide Hände gehen waagerecht nach aussen. Die Arme,1,describer,3,NA,NA,2
Äh warte schnell,2,matcher,4,NA,NA,2
Ja? 5?,1,describer,1,NA,NA,5
Also du hast gesagt die 4 ist jemand der so halb auf den Knien ist und mit einer Schüssel in der Hand,2,matcher,4,NA,NA,4
auf den Knien mit einer Schüssel in der Hand,1,describer,5,NA,NA,4
Ja. O.k.,2,matcher,6,NA,NA,4
5 der liegt auf dem Boden und hat die Füsse hinten gegen oben und v. und die Arme streckt er vor  sich,1,describer,2,NA,NA,5
Ja,2,matcher,3,NA,NA,5
6 ist ähm eine gebückte Gestalt. Also jemand der älter ist,1,describer,1,NA,NA,6
Ja,2,matcher,2,NA,NA,6
7 ist äh wahrscheinlich ein Aerobiktänzer  Ist gut?,1,describer,1,NA,NA,7
Also jetzt habe ich bei 2 und 7 habe ich einfach immer noch ein Problem,2,matcher,5,NA,NA,2
Also die 2 ist jemand äh der Oberkörper ist wie ein Trapez,1,describer,6,NA,NA,2
Mhm,2,matcher,7,NA,NA,2
Ja?,1,describer,8,NA,NA,2
Mhm,2,matcher,9,NA,NA,2
Er hat also beide Arme gleich waagerecht hinaus,1,describer,10,NA,NA,2
AHHH o.k.,2,matcher,11,NA,NA,2
und 7 wäre das Männchen das die Arme hinauf streckt,2,matcher,2,NA,NA,7
7 ist ja ein Arm rauf und der andere runter,1,describer,3,NA,NA,7
Ah einer nach oben und einer nach unten,2,matcher,4,NA,NA,7
und die 5 wäre dann das wo beide Arme so nach oben sind mit so einem viereckigen Köpfchen? ist das das?,2,matcher,4,NA,NA,5
5 da liegt jemand am Boden. Nein nein die 5 28,1,describer,5,NA,NA,5
und mit den Armen äh nein die Beine nach oben,1,describer,6,NA,NA,5
Ja,2,matcher,7,NA,NA,5
Ist gut?,1,describer,8,NA,NA,5
Ja,2,matcher,9,NA,NA,5
o.k.,1,describer,10,NA,NA,5
Also die 1 ist das Männchen das beide Arme auf die Seite raus streckt.,2,describer,1,NA,NA,8
Die 2 ist,2,describer,1,NA,NA,9
waagerecht?,1,matcher,2,NA,NA,9
Jawohl Ja genau,2,describer,3,NA,NA,9
Das wie ein Trapez aussieht,1,matcher,4,NA,NA,9
Ja. Die 2 ist ein Männchen das sitzt und so als ob es Rumpfbeugen machen würde,2,describer,5,NA,NA,9
Ja,1,matcher,6,NA,NA,9
Die 3 ist das Männchen das liegt und die Beine in die Luft  gestreckt werden,2,describer,1,NA,NA,10
ja,1,matcher,2,NA,NA,10
Die 4 ist der Eiskunstläufer,2,describer,1,NA,NA,11
Ja,1,matcher,2,NA,NA,11
Die 5 ist das Männchen das ein Arm nach oben und ein Arm nach unten hält,2,describer,1,NA,NA,12
Ja,1,matcher,2,NA,NA,12
Die 6 ist das gebückte Männchen 47  M Ja,2,describer,1,NA,NA,13
Die 7 ist der der betet mit der Schüssel in der Hand,2,describer,1,NA,NA,14
Ja ja,1,matcher,2,NA,NA,14
Und die 8 ist eben der Basketballspieler 0.k,2,describer,1,NA,NA,15
ja ja,1,matcher,2,NA,NA,15
Also 1 Rumpfbeuge,1,describer,1,NA,NA,16
Mhm,2,matcher,2,NA,NA,16
2 gebückt,1,describer,1,NA,NA,17
Ja,2,matcher,2,NA,NA,17
3 liegend am Boden,1,describer,1,NA,NA,18
Ja,2,matcher,2,NA,NA,18
4 Eiskunstläufer,1,describer,1,NA,NA,19
Ja,2,matcher,2,NA,NA,19
Die 5 das Trapezmännchen,1,describer,1,NA,NA,20
Ja,2,matcher,2,NA,NA,20
Die 6 Priester,1,describer,1,NA,NA,21
Ja,2,matcher,2,NA,NA,21
7 der Basketballer,1,describer,1,NA,NA,22
und die 8 der Aerobiktänzer,1,describer,1,NA,NA,23
Ja. Ok.,2,matcher,2,NA,NA,23
1 Basktballspieler,2,describer,1,NA,NA,24
Ja,1,matcher,2,NA,NA,24
2 Trapezmännchen,2,describer,1,NA,NA,25
Ja,1,matcher,2,NA,NA,25
3 Rumpfbeuge,2,describer,1,NA,NA,26
Ja,1,matcher,2,NA,NA,26
4 der Liegende,2,describer,1,NA,NA,27
Ja,1,matcher,2,NA,NA,27
5 der Gebückte,2,describer,1,NA,NA,28
Ja,1,matcher,2,NA,NA,28
6 der Basketballer oh äh habe ich das schon einmal gehabt?,2,describer,1,NA,NA,29
Ja beim 1,1,matcher,3,NA,NA,24
Oh shit nein 1 ist in dem Fall der der ein Arm hoch und ein Arm runter hält sorry,2,describer,4,NA,NA,24
Ist jetzt bei der 6?,1,matcher,5,NA,NA,24
Nein das ist die 1,2,describer,6,NA,NA,24
die 6 ist der der Basketballspieler,2,describer,2,NA,NA,29
ist die 1 o.k.,1,matcher,7,NA,NA,24
7 ist der der betet,2,describer,1,NA,NA,30
8 ist der Eiskunstläufer,2,describer,1,NA,NA,31
o.k.,1,matcher,2,NA,NA,31
o.k. 1 der der gebückt ist.,1,describer,1,NA,NA,32
2 der Liegende.,1,describer,1,NA,NA,33
3 der Eiskunstläufer.,1,describer,1,NA,NA,34
4 der Trapezmann.,1,describer,1,NA,NA,35
5 der Basketballer.,1,describer,1,NA,NA,36
6 der Priester,1,describer,1,NA,NA,37
Mhm,2,matcher,2,NA,NA,37
7 der Aerobiktänzer.,1,describer,1,NA,NA,38
Und 8 der mit den Beinen,1,describer,1,NA,NA,39
o.k.,2,matcher,2,NA,NA,39
1 Aerobiktänzer,2,describer,1,NA,NA,40
Ja,1,matcher,2,NA,NA,40
2 Trapezmännchen,2,describer,1,NA,NA,41
Ja,1,matcher,2,NA,NA,41
3 Rumpfbeuge,2,describer,1,NA,NA,42
Ja,1,matcher,2,NA,NA,42
4 liegend,2,describer,1,NA,NA,43
Ja,1,matcher,2,NA,NA,43
5 gebückt,2,describer,1,NA,NA,44
Ja,1,matcher,2,NA,NA,44
6 Basketball,2,describer,1,NA,NA,45
Ja,1,matcher,2,NA,NA,45
7 betend,2,describer,1,NA,NA,46
Ja,1,matcher,2,NA,NA,46
8 Eiskunstläufer,2,describer,1,NA,NA,47
o.k.,1,matcher,2,NA,NA,47
o.k. 1 ein Basketballspieler der der mit dem Ball prellt. Hat das Bein hinten rauf,1,describer,1,NA,NA,48
Mhm hinten rauf ?,2,matcher,2,NA,NA,48
Hinten rauf und eigentlich mehr vorne rüber also also,1,describer,3,NA,NA,48
Ja,2,matcher,4,NA,NA,48
2 das ist auch wieder ein Trapezmännchen einfach mit zwei kleinen Trapezen,1,describer,1,NA,NA,49
Ja,2,matcher,2,NA,NA,49
3 liegt am Boden hat beide Füsse nach oben,1,describer,1,NA,NA,50
4 der Aerobiktänzer,1,describer,1,NA,NA,51
Ja,2,matcher,2,NA,NA,51
5,1,describer,1,NA,NA,52
also Aerobiktänzer der der,2,matcher,3,NA,NA,51
Ein Arm nach oben der andere nach unten und ein Bein so auf die Seite,1,describer,4,NA,NA,51
So das es eine Diagonale gibt?,2,matcher,5,NA,NA,51
Ja genau,1,describer,6,NA,NA,51
Ja,2,matcher,7,NA,NA,51
5 gebückt.,1,describer,2,NA,NA,52
Ja,2,matcher,3,NA,NA,52
6  ähm 6 ich weiss nicht was der hat ähm ein ein Bein in der Luft und und beide Arme so also,1,describer,1,NA,NA,53
Also ein Arm weiter oben so runter hängend so komisch,2,matcher,2,NA,NA,53
Ja also so was gibt es gar nicht  ja,1,describer,3,NA,NA,53
ja  ja,2,matcher,4,NA,NA,53
Ist glaube ich leicht körperbehindert ich sag mal so.,1,describer,5,NA,NA,53
3 am Boden liegend also Boden liegend SITZEND aufrechter Körper aber,1,describer,2,NA,NA,50
ja sitzend ja,2,matcher,3,NA,NA,50
4 äh 8 der Priester,1,describer,1,NA,NA,54
o.k.,2,matcher,2,NA,NA,54
1 das Männchen das liegt,2,describer,1,NA,NA,55
Ja,1,matcher,2,NA,NA,55
2 das Trapezmännchen,2,describer,1,NA,NA,56
Ja,1,matcher,2,NA,NA,56
3 der Priester,2,describer,1,NA,NA,57
Ja,1,matcher,2,NA,NA,57
4 der der prellen tut,2,describer,1,NA,NA,58
Ja,1,matcher,2,NA,NA,58
5 der der die Diagonale hat aber,2,describer,1,NA,NA,59
Ja,1,matcher,2,NA,NA,59
6 der der so gebückt läuft mit dem gestreckten,2,describer,1,NA,NA,60
ja mhm,1,matcher,2,NA,NA,60
7 der Behinderte,2,describer,1,NA,NA,61
Ja,1,matcher,2,NA,NA,61
Und 8 das Marienmännchen,2,describer,1,NA,NA,62
o.k.,1,matcher,2,NA,NA,62
1Trapez,1,describer,1,NA,NA,63
Ja,2,matcher,2,NA,NA,63
2 der Liegende,1,describer,1,NA,NA,64
Ja,2,matcher,2,NA,NA,64
3 der aufrecht Sitzende.,1,describer,1,NA,NA,65
4 der Priester,1,describer,1,NA,NA,66
Ja,2,matcher,2,NA,NA,66
5 der der. der Preller,1,describer,1,NA,NA,67
Ja,2,matcher,2,NA,NA,67
6 der Behinderte,1,describer,1,NA,NA,68
Ja,2,matcher,2,NA,NA,68
7 der Diagonale,1,describer,1,NA,NA,69
Ja,2,matcher,2,NA,NA,69
Und 8 der alte,1,describer,1,NA,NA,70
o.k.,2,matcher,2,NA,NA,70
1 das Marienmännchen,2,describer,1,NA,NA,71
Ja,1,matcher,2,NA,NA,71
Die 2 der Behinderte,2,describer,1,NA,NA,72
Ja,1,matcher,2,NA,NA,72
3 das gebückte Männchen da das,2,describer,1,NA,NA,73
Ja das vorne runter ja genau,1,matcher,2,NA,NA,73
Ja äh die 4 ist der Basketball Preller da.,2,describer,1,NA,NA,74
Die 5 äh ist das diagonale Männchen,2,describer,1,NA,NA,75
ja mhm,1,matcher,2,NA,NA,75
6 ist der Priester,2,describer,1,NA,NA,76
Mhm,1,matcher,2,NA,NA,76
Die 7 das Trapezmännchen,2,describer,1,NA,NA,77
Mhm,1,matcher,2,NA,NA,77
Und die 8 liegend,2,describer,1,NA,NA,78
Mhm. O.k.,1,matcher,2,NA,NA,78
1 der Diagonale,1,describer,1,NA,NA,79
Mhm,2,matcher,2,NA,NA,79
2 der Alte,1,describer,1,NA,NA,80
Ja,2,matcher,2,NA,NA,80
3 der liegende,1,describer,1,NA,NA,81
Ja,2,matcher,2,NA,NA,81
4 der Priester,1,describer,1,NA,NA,82
Ja,2,matcher,2,NA,NA,82
5 das Trapezmännchen,1,describer,1,NA,NA,83
Ja,2,matcher,2,NA,NA,83
6 der Behinderte,1,describer,1,NA,NA,84
Ja,2,matcher,2,NA,NA,84
7  der aufrecht Sitzende,1,describer,1,NA,NA,85
Ja,2,matcher,2,NA,NA,85
8 der Preller,1,describer,1,NA,NA,86
o.k.,2,matcher,2,NA,NA,86
1 liegend,2,describer,1,NA,NA,87
Ja,1,matcher,2,NA,NA,87
2 der Alte,2,describer,1,NA,NA,88
ja,1,matcher,2,NA,NA,88
3 der prellende,2,describer,1,NA,NA,89
Ja,1,matcher,2,NA,NA,89
4 der Behinderte,2,describer,1,NA,NA,90
Ja,1,matcher,2,NA,NA,90
5 der Priester,2,describer,1,NA,NA,91
Ja,1,matcher,2,NA,NA,91
6 die Maria,2,describer,1,NA,NA,92
ja,1,matcher,2,NA,NA,92
7 das Trapezmännchen,2,describer,1,NA,NA,93
Ja,1,matcher,2,NA,NA,93
Und 8 der Diagonale,2,describer,1,NA,NA,94
o.k.,1,matcher,2,NA,NA,94
ich habe jetzt die 8 Bilder vor mir,3,describer,1,TRUE,NA,95
mhm,4,matcher,2,TRUE,NA,95
und ich fange mit dem ersten Bild an,3,describer,3,NA,NA,95
mhm,4,matcher,4,NA,NA,95
oeh. wenn ich jetzt. bildhaft sprechen würde sieht es aus wie eine Ballettdanseuse. oeh und sie steht auf einem Bein und schaut nach links,3,describer,5,NA,NA,95
und. sie streckt das zweite Bein in die- nach hinten,4,matcher,6,NA,NA,95
mhja horizontal hinaus,3,describer,7,NA,NA,95
ja,4,matcher,8,NA,NA,95
und. horizontal ist ein Triangel,3,describer,9,NA,NA,95
ja ist gut,4,matcher,10,NA,NA,95
ist gut okay.,3,describer,11,NA,NA,95
Bild Nummer 2. ich spreche wieder in bildhafter Sprache,3,describer,1,NA,NA,96
mhm,4,matcher,2,NA,NA,96
das ist ein Clown. er steht auf einer Fuss und streckt oeh das andere Bein ein wenig vorwärts,3,describer,3,NA,NA,96
und sein Kopf ist ein. oeh es sind alle Köpfe mh,4,matcher,4,NA,NA,96
zwei Gipfelis  wie zwei Zacken,3,describer,5,NA,NA,96
ja,4,matcher,6,NA,NA,96
und auf sein Buckel trägt er noch mh ein Quadrat,3,describer,7,NA,NA,96
ein. okay. gut,4,matcher,8,NA,NA,96
und die Nummer 3 das ist auch ein Figur ein Mann. tanzend. oeh wie eine Niki Saint de Phaller Figur. streckt oeh. die Hand hoch in der Luft.,3,describer,1,NA,NA,97
mhm,4,matcher,2,NA,NA,97
und das Kopf ist wieder ein. Quadrat.,3,describer,3,NA,NA,97
aber steht.,3,describer,4,NA,NA,97
mh wie sagt man dem,4,matcher,5,NA,NA,97
springt. er sieht ja aus als ob er sp- in die in die Luft springen würde,4,matcher,6,NA,NA,97
genau,3,describer,7,NA,NA,97
okay,4,matcher,8,NA,NA,97
vierte Figur. das ist ein betender Mann. er hebt. in der Hand,3,describer,1,NA,NA,98
einen Kelch,4,matcher,2,NA,NA,98
genau,3,describer,3,NA,NA,98
ja,4,matcher,4,NA,NA,98
und. Nummer 5 das ist eine alte Frau die sich hinunter bückt. sie pickt etwas auf.,3,describer,1,NA,NA,99
ja,4,matcher,2,NA,NA,99
Nummer 6. das ist jemand der auf der Strasse sitzt.,3,describer,1,NA,NA,100
mit angewinkelten Knien,4,matcher,2,NA,NA,100
genau,3,describer,3,NA,NA,100
ja,4,matcher,4,NA,NA,100
7. da spielt jemand mit einem Fussball,3,describer,1,NA,NA,101
ja ist gut,4,matcher,2,NA,NA,101
und 8,3,describer,1,NA,NA,102
ja,4,matcher,2,NA,NA,102
Nummer 1 ist der Clown,4,describer,1,NA,NA,103
ja,3,matcher,2,NA,NA,103
2 die alte Frau die sich bückt,4,describer,1,NA,NA,104
jawohl,3,matcher,2,NA,NA,104
3 mh. sieht aus wie mh. Chris- Christus so,4,describer,1,NA,NA,105
jawohl,3,matcher,2,NA,NA,105
ein bisschen.,4,describer,3,NA,NA,105
4 ist die Ballett Balletttänzer.,4,describer,1,NA,NA,106
auf einem Bein,3,matcher,2,NA,NA,106
ja,4,describer,3,NA,NA,106
ja okay,3,matcher,4,NA,NA,106
5 ist der betende Mann mit dem Kelch,4,describer,1,NA,NA,107
okay,3,matcher,2,NA,NA,107
6 ist der. es sieht aus wie wenn jemand in die Luft springt,4,describer,1,NA,NA,108
jawohl,3,matcher,2,NA,NA,108
7 ist jemand auf- mit der angewinkelten Knien auf der Strasse sitzt,4,describer,1,NA,NA,109
ja,3,matcher,2,NA,NA,109
und 8 ist der F- mit dem Fussball spielt,4,describer,1,NA,NA,110
okay,3,matcher,2,NA,NA,110
"Vp fragt vor dem Beginn, ob es die gleiche Aufgabe ist",4,matcher,1,TRUE,NA,111
das erste der Fussballspieler,3,describer,1,NA,NA,112
ja,4,matcher,2,NA,NA,112
zweiten. oeh der zweite Bild ist der Clown mit dem Quadrat auf dem Rücken,3,describer,1,NA,NA,113
ja,4,matcher,2,NA,NA,113
drittens ist die alte Frau auf der Strasse mit angewinkelten Beine,3,describer,1,NA,NA,114
ja,4,matcher,2,NA,NA,114
4 Ballettdanseusin,3,describer,1,NA,NA,115
moment mit angewinkelten Beinen oder. die sich bückt?,4,matcher,2,NA,NA,115
nein mit angewinkelten Beine,3,describer,3,NA,NA,115
okay,4,matcher,4,NA,NA,115
Beinen  4 die Ballettdanseusin,3,describer,5,NA,NA,115
ja,4,matcher,6,NA,NA,115
5. der Clown. hochspringend in der Luft,3,describer,1,NA,NA,116
ja,4,matcher,2,NA,NA,116
6 die alte Dame. hinunterbückend,3,describer,1,NA,NA,117
ja,4,matcher,2,NA,NA,117
7 Christus,3,describer,1,NA,NA,118
mhm,4,matcher,2,NA,NA,118
8 der Pfarrer,3,describer,2,NA,NA,111
ja,4,matcher,3,NA,NA,111
Balletttänzerin,4,describer,1,NA,NA,119
ja?,4,describer,2,NA,NA,119
ja nei-  ja jetzt habe ich sie,3,matcher,3,NA,NA,119
okay. jemand der mit dem Fussball spielt,4,describer,1,NA,NA,120
ja,3,matcher,2,NA,NA,120
der betende mit dem Kelch,4,describer,1,NA,NA,121
jawohl,3,matcher,2,NA,NA,121
die Frau mit den angewinkelten Knien,4,describer,1,NA,NA,122
jawohl,3,matcher,2,NA,NA,122
jemand der in die Luft springt,4,describer,1,NA,NA,123
jawohl,3,matcher,2,NA,NA,123
jemand der sich bückt,4,describer,1,NA,NA,124
jawohl,3,matcher,2,NA,NA,124
Christus,4,describer,1,NA,NA,125
ja,3,matcher,2,NA,NA,125
und der Clown,4,describer,1,NA,NA,126
okay,3,matcher,2,NA,NA,126
der Clown,3,describer,1,NA,NA,127
die alte Frau die sich hinunterbückt.,3,describer,1,NA,NA,128
jemand der betet.,3,describer,1,NA,NA,129
Christus.,3,describer,1,NA,NA,130
jemand der in die Luft hinauf hoch springt.,3,describer,1,NA,NA,131
ja,4,matcher,2,NA,NA,131
der Fussballspieler.,3,describer,1,NA,NA,132
ja,4,matcher,2,NA,NA,132
die alte Dame auf der Strasse,3,describer,1,NA,NA,133
ja,4,matcher,2,NA,NA,133
und. die Ballettdanseuse,3,describer,1,NA,NA,134
ja,4,matcher,2,NA,NA,134
in die Luft springend,4,describer,1,NA,NA,135
ja,3,matcher,2,NA,NA,135
Christus.,4,describer,1,NA,NA,136
die Tänzerin,4,describer,1,NA,NA,137
wart wart wart Christus ja.,3,matcher,2,NA,NA,136
die Tänzerin,4,describer,2,NA,NA,137
ja,3,matcher,3,NA,NA,137
jemand der sich bückt,4,describer,1,NA,NA,138
ja,3,matcher,2,NA,NA,138
jemand der mit angewinkelten Knien auf der Strasse sitzt,4,describer,1,NA,NA,139
jawohl,3,matcher,2,NA,NA,139
fussballspielend,4,describer,1,NA,NA,140
jawohl,3,matcher,2,NA,NA,140
der Clown,4,describer,1,NA,NA,141
ja,3,matcher,2,NA,NA,141
und jemand der betet,4,describer,1,NA,NA,142
"ja Vp stellt Frage als Kärtchen gesammelt werden, etwa:  Vp: wir werden das nicht eine ganze Stunde machen oder?  VL: das sehen Sie dann",3,matcher,2,TRUE,NA,142
ah das sind  die Balletttänzerin. es sind aber eine andere Figur,3,describer,1,NA,NA,143
jaa es sind andere. können wir das anders.,4,matcher,2,NA,NA,143
okay. das ist jemand der auf einem Bein steht  streckt ein. Bein. eh horizontal hinaus angewinkelt,3,describer,3,NA,NA,143
mh ja,4,matcher,4,NA,NA,143
Kopf ist ein Quadrat,3,describer,5,NA,NA,143
ja. das nützt glaube ich nicht so viel. weil mh okay,4,matcher,6,NA,NA,143
ist es nicht in Ordnung?,3,describer,7,NA,NA,143
keine Arme?,4,matcher,8,NA,NA,143
oeh d- doch in Form von einer Triangel,3,describer,9,NA,NA,143
ja aber. nur das,4,matcher,10,NA,NA,143
ja,3,describer,11,NA,NA,143
okay,4,matcher,12,NA,NA,143
und 2 das ist ein Quadrat.  mh was ist für dich einfacher wenn ich die oeh Figuren erkläre oder wenn ich das in einer bildhaften Sprache darstelle,3,describer,1,NA,NA,144
bildhaft ist schon gut,4,matcher,2,NA,NA,144
okay.,3,describer,3,NA,NA,144
ja,4,matcher,4,NA,NA,144
jemand liegt da jemand liegt auf dem Boden,3,describer,5,NA,NA,144
mhm,4,matcher,6,NA,NA,144
oeh 2 Beine. die beiden Beine sind Triangeln,3,describer,7,NA,NA,144
in die Luft,4,matcher,8,NA,NA,144
einer ist in der Luft und die andere ist. nicht ganz. äh angeheftet am. Quadrat,3,describer,9,NA,NA,144
ja,4,matcher,10,NA,NA,144
oder. ja. 3 ist wieder. diese betende Person,3,describer,1,NA,NA,145
ja,4,matcher,2,NA,NA,145
4 ist wieder eine Frau die sich hinunter bückt,3,describer,1,NA,NA,146
ja,4,matcher,2,NA,NA,146
5 ist dem Clown ähnlich,3,describer,1,NA,NA,147
streckt ein Arm ein Arm. links in die Höhe,4,matcher,2,NA,NA,147
nein,3,describer,3,NA,NA,147
nein okay  ich. ja,4,matcher,4,NA,NA,147
ha- hast du's,3,describer,5,NA,NA,147
ja ist gut,4,matcher,6,NA,NA,147
6 ist jemand de- jemand der auf der Strasse sitzt. keine Arme,3,describer,1,NA,NA,148
ja,4,matcher,2,NA,NA,148
7 ist.  eine vereinfachte Jesus Christus,3,describer,1,NA,NA,149
ja,4,matcher,2,NA,NA,149
und 8 ist wieder mh. jemand der hoch springt,3,describer,1,NA,NA,150
die vereinfachte Jesus Christus Figur,4,describer,1,NA,NA,151
ja,3,matcher,2,NA,NA,151
mh. der ähnliche Clown,4,describer,1,NA,NA,152
mh. jawohl,3,matcher,2,NA,NA,152
die sich bückende Frau,4,describer,1,NA,NA,153
jawohl,3,matcher,2,NA,NA,153
jemand der auf dem Boden liegt und beide Beine in die Luft streckt,4,describer,1,NA,NA,154
ja,3,matcher,2,NA,NA,154
mh. die. ähnliche. Tänzerin. ein bisschen ähnlich,4,describer,1,NA,NA,155
oehh,3,matcher,2,NA,NA,155
mh ein Bein oeh auf dem Boden und das andere nach hinten ausgestreckt,4,describer,3,NA,NA,155
okay,3,matcher,4,NA,NA,155
dann mh  jemand der den r- linken Arm. in die Luft streckt,4,describer,1,NA,NA,156
ja,3,matcher,2,NA,NA,156
jemand der auf dem Boden sitzt,4,describer,1,NA,NA,157
ja,3,matcher,2,NA,NA,157
und jemand der betet,4,describer,1,NA,NA,158
jawohl,3,matcher,2,NA,NA,158
die Person die. liegt. Bei- die Beine streckt sie. in die Luft,3,describer,1,NA,NA,159
ja,4,matcher,2,NA,NA,159
die bückende Dame,3,describer,1,NA,NA,160
ja,4,matcher,2,NA,NA,160
die betende Person,3,describer,1,NA,NA,161
ja,4,matcher,2,NA,NA,161
der Läufer. mit dem Bein horizontal hinaus,3,describer,1,NA,NA,162
der Läufer,4,matcher,2,NA,NA,162
ja,3,describer,3,NA,NA,162
den du vorher als oeh ähnlich zu der Tänzerin beschrieb,4,matcher,4,NA,NA,162
jawohl  ja stimmt,3,describer,5,NA,NA,162
ja okay,4,matcher,6,NA,NA,162
okay. und den. jemand der auf der Strasse sitzt,3,describer,1,NA,NA,163
ja,4,matcher,2,NA,NA,163
keine Arme keine Beine.,3,describer,3,NA,NA,163
ja,4,matcher,4,NA,NA,163
Jesus Christus,3,describer,1,NA,NA,164
ja,4,matcher,2,NA,NA,164
oeh jemand der die Arm. hoch streckt,3,describer,1,NA,NA,165
ja,4,matcher,2,NA,NA,165
und dann der Clown,3,describer,1,NA,NA,166
ja,4,matcher,2,NA,NA,166
jemand mit dem Kelch,4,describer,1,NA,NA,167
ja,3,matcher,2,NA,NA,167
auf der- auf dem Boden liegend mit den Füssen in der Luft,4,describer,1,NA,NA,168
ja,3,matcher,2,NA,NA,168
sich bückend,4,describer,1,NA,NA,169
jawohl,3,matcher,2,NA,NA,169
mh Christus,4,describer,1,NA,NA,170
der Läufer,4,describer,1,NA,NA,171
oder die Tänzerin,4,describer,1,NA,NA,172
jawohl,3,matcher,2,NA,NA,172
mit einem Arm in der Luft,4,describer,3,NA,NA,172
ja,3,matcher,4,NA,NA,172
der Clown,4,describer,1,NA,NA,173
jawohl,3,matcher,2,NA,NA,173
und jemand der sitzt,4,describer,1,NA,NA,174
ja,3,matcher,2,NA,NA,174
der Clown.,3,describer,1,NA,NA,175
liegend auf der Strasse.,3,describer,1,NA,NA,176
zwei Beine hoch,3,describer,2,NA,NA,176
ja,4,matcher,3,NA,NA,176
Christus.,3,describer,1,NA,NA,177
sitzend.,3,describer,1,NA,NA,178
bückend.,3,describer,1,NA,NA,179
hoch springend.,3,describer,1,NA,NA,180
betend.,3,describer,1,NA,NA,181
tanzend,3,describer,1,NA,NA,182
ja,4,matcher,2,NA,NA,182
(eine Vp nicht deutscher Muttersprache),3,matcher,1,TRUE,NA,183
bückend,4,describer,1,NA,NA,184
ja,3,matcher,2,NA,NA,184
liegend,4,describer,1,NA,NA,185
ja,3,matcher,2,NA,NA,185
betend,4,describer,1,NA,NA,186
ja,3,matcher,2,NA,NA,186
Christus,4,describer,1,NA,NA,187
ja,3,matcher,2,NA,NA,187
tanzend,4,describer,1,NA,NA,188
j- ja,3,matcher,2,NA,NA,188
hoch springend,4,describer,1,NA,NA,189
ja,3,matcher,2,NA,NA,189
sitzend,4,describer,1,NA,NA,190
ja,3,matcher,2,NA,NA,190
und der Clown,4,describer,2,NA,NA,183
jawohl,3,matcher,3,NA,NA,183
also fangen wir an mit der 1,5,describer,1,NA,NA,191
mhm,6,matcher,2,NA,NA,191
Das ist so ein Typ der sich irgendwie quasi nach rechts so ein bisschen beugt und sich auf seine Hand abstützt und er steht irgendwie auf einem Fuss,5,describer,3,NA,NA,191
ja,6,matcher,4,NA,NA,191
hast du es?,5,describer,5,NA,NA,191
Ja.,6,matcher,6,NA,NA,191
O.k. jetzt machen wir das 5.  der sieht aus als würde er am Boden liegen und sich irgendwie. oder ja den Kopf so abstützen. Und die Beine hängen in der Luft,5,describer,1,NA,NA,192
also wie einer der sich halb zu Tode lacht oder ?,6,matcher,2,NA,NA,192
äh,5,describer,3,NA,NA,192
am Boden,6,matcher,4,NA,NA,192
ja,5,describer,5,NA,NA,192
o.k.,6,matcher,6,NA,NA,192
kann natürlich auch sein dass er bei dir verkehrt herum ist,5,describer,7,NA,NA,192
also er liegt am Boden und hat die Füsse auf die rechte  auf die linke Seite,6,matcher,8,NA,NA,192
ja,5,describer,9,NA,NA,192
Und auf die rechte Seiten den Kopf und ein Arm,6,matcher,10,NA,NA,192
ja,5,describer,11,NA,NA,192
o.k.,6,matcher,12,NA,NA,192
über dem Arm,5,describer,13,NA,NA,192
"Ja, ja",6,matcher,14,NA,NA,192
o.k.  der sieht gerade so aus als würde er gerade rennen,5,describer,15,NA,NA,192
ähm und er rennt nach links so,6,matcher,16,NA,NA,192
nach links. Genau. o.k.,5,describer,17,NA,NA,192
-,6,matcher,18,NA,NA,192
ähm. mh. Und jetzt das 8  das sieht so ein wenig nach einer Denkerpose aus . Ja also die Füsse sage ich jetzt einmal schauen nach links,5,describer,1,NA,NA,193
Und er sitzt ?,6,matcher,2,NA,NA,193
Ja und es ist so ein wenig bucklig,5,describer,3,NA,NA,193
Ja  also er sitzt. oder,6,matcher,4,NA,NA,193
Ja. und es sieht so aus als würde er. Als wären dann die Arme über den Knien,5,describer,5,NA,NA,193
o.k. und das ist die 8,6,matcher,6,NA,NA,193
Das ist die 8 ja und dann 8,5,describer,7,NA,NA,193
mhm ja,6,matcher,8,NA,NA,193
ähm dann haben wir die 6. Haben wir das schon? nein,5,describer,1,NA,NA,194
nein,6,matcher,2,NA,NA,194
ähm das ist ähnlich wie die 5 aber er steht  und der Kopf ist dann rechts vom Arm,5,describer,3,NA,NA,194
noch mal. Was er steht ?,6,matcher,4,NA,NA,194
Ja. Und zwar auf einem Fuss,5,describer,5,NA,NA,194
Ja und der andere Fuss dreht er nach links und der Kopf ist so gegen schräg rechts offen,6,matcher,6,NA,NA,194
ja ja und der arm ist so komisch krumm,5,describer,7,NA,NA,194
ja. verkrüppelt oder? das ist die 6,6,matcher,8,NA,NA,194
Ja. das ist die 6.,5,describer,9,NA,NA,194
"Und jetzt haben wir die 1, 2, 5, 6 und die 8",6,matcher,10,TRUE,NA,194
nd jetzt mach ich die 7. Und zwar ist das eine stehende Figur. relativ symmetrisch,5,describer,1,NA,NA,195
Ja. O.k. die habe ich,6,matcher,2,NA,NA,195
ähm die 3 das ist. das sieht so fast tänzerisch aus äh ja so ein Typ ähm er steht irgendwie auf dem linken Bein also ja wenn man von dir aus gesehen schaut,5,describer,1,NA,NA,196
mhm,6,matcher,2,NA,NA,196
ähm dann haben wir die 6.,6,matcher,3,NA,NA,196
Und das rechte ist so auf die Seite raus und bei den Armen ist es irgendwie umgekehrt,5,describer,4,NA,NA,196
ja,6,matcher,5,NA,NA,196
sieht aus wie der John Travolta,5,describer,6,NA,NA,196
o.k. das ist die 3,6,matcher,7,NA,NA,196
ja,5,describer,8,NA,NA,196
Und die 4,6,matcher,1,NA,NA,197
Die 4 ist in dem Fall das letzte,5,describer,2,NA,NA,197
Ja. und da hat er so eine Reisschale in der Hand,6,matcher,3,NA,NA,197
Aber es ist. aha aha o.k. ja ja genau der hat so eine Reisschale,5,describer,4,NA,NA,197
Also eine Schale,6,matcher,5,NA,NA,197
o.k.,5,describer,6,NA,NA,197
Also die 1 das ist der der eben am Boden sitzt mit den Armen auf den Knien,6,describer,1,NA,NA,198
mhm ja,5,matcher,2,NA,NA,198
Dann die 2 mit der Reisschale,6,describer,1,NA,NA,199
mhm,5,matcher,2,NA,NA,199
Die 3 die symmetrische die die Arme auf die Seiten hinaus streckt,6,describer,1,NA,NA,200
Ja,5,matcher,2,NA,NA,200
Und die 4 ist der der am Boden liegt,6,describer,1,NA,NA,201
Mhm,5,matcher,2,NA,NA,201
Dann die 7 äh nein warte die 5,6,describer,1,NA,NA,202
mhm,5,matcher,2,NA,NA,202
Der der nach links rennt,6,describer,3,NA,NA,202
ja,5,matcher,4,NA,NA,202
die 6. steht auf dem rechten Bein hebt das linke so  ja der hat einfach ein Bein gegen links und der verkrüppelte Arm,6,describer,1,NA,NA,203
Aha ja,5,matcher,2,NA,NA,203
dann die 7 stütz sich rechts auf,6,describer,1,NA,NA,204
Mhm,5,matcher,2,NA,NA,204
Ja. weist du welches?,6,describer,3,NA,NA,204
Ja,5,matcher,4,NA,NA,204
o.k. die 8 ist dann noch die Hampelmannfigur der John Travolta 47  o.k.,6,describer,1,NA,NA,205
Also die 5 ist die sitzende Person,5,describer,1,NA,NA,206
Mhm,6,matcher,2,NA,NA,206
Die 6 ist der John Travolta,5,describer,1,NA,NA,207
o.k.,6,matcher,2,NA,NA,207
Die 7 ist die stehende symmetrische Person,5,describer,1,NA,NA,208
Mhm,6,matcher,2,NA,NA,208
Die 8 ist der Reisschalentyp,5,describer,1,NA,NA,209
Ja,6,matcher,2,NA,NA,209
Die 4 ist der der nach links rennt,5,describer,1,NA,NA,210
Gut,6,matcher,2,NA,NA,210
Die 3 ist der der steht auf einem Bein. Und den verkrüppelten Armen,5,describer,1,NA,NA,211
Mhm,6,matcher,2,NA,NA,211
Die 2 der der liegt,5,describer,1,NA,NA,212
Mhm,6,matcher,2,NA,NA,212
Und die 1 ist der der sich abstützt auf dem rechten Arm,5,describer,1,NA,NA,213
o.k. stopp,6,matcher,2,NA,NA,213
Also die 1 ist die symmetrische die steht,6,describer,1,NA,NA,214
Ja,5,matcher,2,NA,NA,214
Die 2 ist der der sich abstützt. Gegen rechts,6,describer,1,NA,NA,215
Ja,5,matcher,2,NA,NA,215
Die 3 der der gegen links rennt,6,describer,1,NA,NA,216
Mhm,5,matcher,2,NA,NA,216
die 4 der Reisschalentyp,6,describer,1,NA,NA,217
Ja,5,matcher,2,NA,NA,217
Dann die 5  der der so einen verkrüppelten Arm hat,6,describer,1,NA,NA,218
Ja,5,matcher,2,NA,NA,218
Die 6 der  John Travolta,6,describer,1,NA,NA,219
Und die 7 der der am Boden liegt,6,describer,1,NA,NA,220
Ja,5,matcher,2,NA,NA,220
Und die 8 der der sitzt. Ja,6,describer,1,NA,NA,221
Also die 1 die sitzende Person,5,describer,1,NA,NA,222
Ja,6,matcher,2,NA,NA,222
2 Reisschale,5,describer,1,NA,NA,223
ja.,6,matcher,2,NA,NA,223
3 die stehende Person mit den verkrüppelten Armen,5,describer,1,NA,NA,224
Mhm.,6,matcher,2,NA,NA,224
4 der der nach links rennt,5,describer,1,NA,NA,225
Mhm,6,matcher,2,NA,NA,225
5 John Travolta,5,describer,1,NA,NA,226
o.k.,6,matcher,2,NA,NA,226
6 die liegende Person die sich abstützt,5,describer,1,NA,NA,227
äh sie liegt oder,6,matcher,2,NA,NA,227
Sie liegt ja,5,describer,3,NA,NA,227
Aha,6,matcher,4,NA,NA,227
Und die 7 der symmetrisch stehend,5,describer,1,NA,NA,228
Mhm,6,matcher,2,NA,NA,228
Und die 8 die Person die sich abstützt,5,describer,1,NA,NA,229
Ja. O.k.,6,matcher,2,NA,NA,229
Also die 1 ist. der John Travolta,6,describer,1,NA,NA,230
Mhm,5,matcher,2,NA,NA,230
2 der mit den verkrüppelten Armen,6,describer,1,NA,NA,231
Mhm,5,matcher,2,NA,NA,231
Die 3 sitzt,6,describer,1,NA,NA,232
mmm. mhm,5,matcher,2,NA,NA,232
Die 4 der symmetrische. Stehende,6,describer,1,NA,NA,233
Mhm.,5,matcher,2,NA,NA,233
5 der der liegt,6,describer,1,NA,NA,234
Ja.,5,matcher,2,NA,NA,234
Die 6 der der sich abstützt,6,describer,1,NA,NA,235
Mhm,5,matcher,2,NA,NA,235
7 mit der Reisschale,6,describer,1,NA,NA,236
Ja,5,matcher,2,NA,NA,236
Und 8 rennt gegen links 110  M Ja. stopp,6,describer,1,NA,NA,237
Also die 1 ist die liegende Person die aber ein wenig anders aussieht,5,describer,1,NA,NA,238
Ja.,6,matcher,2,NA,NA,238
Die 2 ist äh jemand der sich auf einem Fuss also ja auf einem Fuss steht und nach links schaut,5,describer,1,NA,NA,239
Mhm. So wie ein Schlittschuh-,6,matcher,2,NA,NA,239
Ja.,5,describer,3,NA,NA,239
o.k.,6,matcher,4,NA,NA,239
Die 3 ist wieder so etwas wie die stehende Person die symmetrische,5,describer,1,NA,NA,240
Ja. Einfach ohne Beine,6,matcher,2,NA,NA,240
ja,5,describer,3,NA,NA,240
Also ohne Füsse,6,matcher,4,NA,NA,240
jaha .Die 4 Person die sich rechts abstützt,5,describer,1,NA,NA,241
Mhm.,6,matcher,2,NA,NA,241
Die 5 ist die sitzende Person,5,describer,1,NA,NA,242
Ja,6,matcher,2,NA,NA,242
Die 6 die Reisschalenperson die jetzt einfach kniet,5,describer,1,NA,NA,243
mhm,6,matcher,2,NA,NA,243
Die 7 die Person die auf einem Bein steht ABER hinauf schaut und jetzt zwei Arme hat,5,describer,1,NA,NA,244
Ja,6,matcher,2,NA,NA,244
Und die 8. Ja der John Travolta,5,describer,1,NA,NA,245
Ja. O.k.,6,matcher,2,NA,NA,245
Also die 1 ist die symmetrische,6,describer,1,NA,NA,246
Mhm,5,matcher,2,NA,NA,246
Die 2 die sitzt,6,describer,1,NA,NA,247
Wo sitzt,5,matcher,2,NA,NA,247
Hast du ihn,6,describer,3,NA,NA,247
Ja,5,matcher,4,NA,NA,247
Die 3 ist der der liegt,6,describer,1,NA,NA,248
Mmhm ja,5,matcher,2,NA,NA,248
Und die 4 der neue John Travolta.,6,describer,1,NA,NA,249
Ja,5,matcher,2,NA,NA,249
5 mit der Reisschale,6,describer,1,NA,NA,250
Ja,5,matcher,2,NA,NA,250
Die 6 stützt sich rechts auf,6,describer,1,NA,NA,251
Mhm,5,matcher,2,NA,NA,251
Dann die 7 wieder der Schlittschuhtyp,6,describer,1,NA,NA,252
Ja.,5,matcher,2,NA,NA,252
Und ähm die 8 ja der mit mit zwei Armen,6,describer,1,NA,NA,253
ja.,5,matcher,2,NA,NA,253
Also die 1 ist der John Travolta,5,describer,1,NA,NA,254
Mhm.,6,matcher,2,NA,NA,254
Die 2 der mit den beiden Armen jetzt,5,describer,1,NA,NA,255
Ja.,6,matcher,2,NA,NA,255
die 3 ist die Reisschalenperson,5,describer,1,NA,NA,256
Ja,6,matcher,2,NA,NA,256
Die 4 die sitzende Person,5,describer,1,NA,NA,257
Ja,6,matcher,2,NA,NA,257
Die 5 die liegende Person,5,describer,1,NA,NA,258
Ja,6,matcher,2,NA,NA,258
6 die die sich abstützt gegen rechts,5,describer,1,NA,NA,259
Mhm,6,matcher,2,NA,NA,259
Die 7 die Schlittschuhperson,5,describer,1,NA,NA,260
Ja,6,matcher,2,NA,NA,260
Und die 8,5,describer,1,NA,NA,261
und die 8 die symmetrische.,6,matcher,2,NA,NA,261
Also 1 stützt sich ab,6,describer,1,NA,NA,262
Mhm,5,matcher,2,NA,NA,262
2 sitzt,6,describer,1,NA,NA,263
Mm ja.,5,matcher,2,NA,NA,263
3 ist der der mit den Armen,6,describer,1,NA,NA,264
ja,5,matcher,2,NA,NA,264
4 symmetrisch,6,describer,1,NA,NA,265
Ja,5,matcher,2,NA,NA,265
Dann die 5 fährt Schlittschuh,6,describer,1,NA,NA,266
Ja,5,matcher,2,NA,NA,266
6 mit der Reisschale,6,describer,1,NA,NA,267
Ja,5,matcher,2,NA,NA,267
7 liegt am Boden,6,describer,1,NA,NA,268
Mhm,5,matcher,2,NA,NA,268
Und 8 ist der John Travolta,6,describer,1,NA,NA,269
Ja ist o.k.,5,matcher,2,NA,NA,269
Also die 1 ist die Person die sich gegen rechts abstützt,5,describer,1,NA,NA,270
Mhm,6,matcher,2,NA,NA,270
2 symmetrisch,5,describer,1,NA,NA,271
Ja,6,matcher,2,NA,NA,271
3 die liegende Person,5,describer,1,NA,NA,272
Liegend,6,matcher,2,NA,NA,272
4 die Reisschalenperson,5,describer,1,NA,NA,273
Ja,6,matcher,2,NA,NA,273
5 der Schlittschuhfahrer,5,describer,1,NA,NA,274
Mhm,6,matcher,2,NA,NA,274
6 die mit den ZWEI Armen,5,describer,1,NA,NA,275
Ja,6,matcher,2,NA,NA,275
7 der John Travolta,5,describer,1,NA,NA,276
Ja,6,matcher,2,NA,NA,276
Die 8 die sitzende Person,5,describer,1,NA,NA,277
ja. O.k. stopp,6,matcher,2,NA,NA,277
Also die 1 ist der John Travolta,6,describer,1,NA,NA,278
Mmhm,5,matcher,2,NA,NA,278
2 liegt,6,describer,1,NA,NA,279
Wie ?,5,matcher,2,NA,NA,279
2 die liegende Person,6,describer,3,NA,NA,279
Ja,5,matcher,4,NA,NA,279
Und die 3 die sitzend,6,describer,1,NA,NA,280
Mhm,5,matcher,2,NA,NA,280
4 mit. Beiden Armen,6,describer,1,NA,NA,281
Ja,5,matcher,2,NA,NA,281
Und die 5 mit der Reisschale,6,describer,1,NA,NA,282
Ja,5,matcher,2,NA,NA,282
6 Schlittschuh,6,describer,1,NA,NA,283
Mhm,5,matcher,2,NA,NA,283
7 abgestützt,6,describer,1,NA,NA,284
Ja,5,matcher,2,NA,NA,284
Dann ist die 8 symmetrisch,6,describer,1,NA,NA,285
Ja. Stopp.,5,matcher,2,NA,NA,285
Also 6 ist das das von sich aus gesehen die linken Beine so hoch- das linke Bein so hoch hält,7,describer,1,NA,NA,286
Das linke Bein nach oben,8,matcher,2,NA,NA,286
Weist du welcher,7,describer,3,NA,NA,286
Ähm könnte das auch das rechte Bein sein,8,matcher,4,NA,NA,286
Ja von mir ausgesehen ist es das rechte ja,7,describer,5,NA,NA,286
Ja ja,8,matcher,6,NA,NA,286
Und die 1 ist das das gegen links schief ist,7,describer,1,NA,NA,287
Äh gegen links schief,8,matcher,2,NA,NA,287
jaha,7,describer,3,NA,NA,287
Das so tanzt wie,8,matcher,4,NA,NA,287
Ja genau ja.,7,describer,5,NA,NA,287
Und das zweite ist recht ausgefüllt und hat links so ein Dreieckchen unten,7,describer,1,NA,NA,288
Rechts ausgefüllt und,8,matcher,2,NA,NA,288
und links ist ein Dreieckchen so ein spitzes,7,describer,3,NA,NA,288
So ein spitzes. Kannst du irgend eine Person darin identifizieren?,8,matcher,4,NA,NA,288
Ein Kartoffelsack,7,describer,5,NA,NA,288
Ein Kartoffelsack?,8,matcher,6,NA,NA,288
Das ist das einzige was,7,describer,7,NA,NA,288
AH SO wie. Ja ja so,8,matcher,8,NA,NA,288
ja. Die 3 die 3 die liegt und hat beide Beine gegen oben. es liegt auf der Seite,7,describer,1,NA,NA,289
Es liegt auf der Seite und hat die Beine oben,8,matcher,2,NA,NA,289
Ja.,7,describer,3,NA,NA,289
jaa ich,8,matcher,4,NA,NA,289
Kopf gegen rechts,7,describer,5,NA,NA,289
Kopf gegen rechts ein viereckigen Kopf im nach runter schauend  jaa,8,matcher,6,NA,NA,289
Ja. ja. Und die 4 die die rennt,7,describer,1,NA,NA,290
Warte noch mal die 3. Was war die 3?,8,matcher,7,NA,NA,289
Das liegt und hat die Beine gegen oben,7,describer,8,NA,NA,289
Ähm ja und äh die 4?,8,matcher,2,NA,NA,290
Die 4 die sieht aus wie wenn es rennen würde und,7,describer,3,NA,NA,290
Hat es eine Startposition,8,matcher,4,NA,NA,290
Es schaut auch runter.,7,describer,5,NA,NA,290
NEIN die Startposition das ist die 8,7,describer,1,NA,NA,291
Startposition,8,matcher,1,NA,NA,292
und die 7 das ist so eine so wie eine Kerze,8,matcher,2,NA,NA,292
Wie so ein Betender auf eine Art also so eine Seeligsprechender,8,matcher,3,NA,NA,292
Ja genau mit so zwei Engelsflügelchen auf den Seiten. Und was haben wir noch nicht,7,describer,4,NA,NA,292
AH die 5 das ist das hält so wie eine Schale,7,describer,1,NA,NA,293
Hat eine Schale,8,matcher,2,NA,NA,293
Es kniet,7,describer,3,NA,NA,293
Ja,8,matcher,4,NA,NA,293
Also dann weisst Du ja die 4 auch,7,describer,6,NA,NA,290
Ah ja,8,matcher,7,NA,NA,290
o.k.,7,describer,8,NA,NA,290
O.k. die 8 das ist äh das Männchen das so auf den Boden ähm etwas auflesen möchte,8,describer,1,NA,NA,294
Ja.,7,matcher,2,NA,NA,294
o.k. dann kommen wir noch zur 2. Die 2 das ist äh irgendwie ein Männchen das sich hinsetzt und das mehr eine Form einer Kerze hat,8,describer,1,NA,NA,295
Ein. Eine Kerze,7,matcher,2,NA,NA,295
jjaa ähm fast so,8,describer,3,NA,NA,295
wo unten so ein,7,matcher,4,NA,NA,295
fast so wie symmetrisch und zur linken Seite schaut ein Dreieck raus,8,describer,5,NA,NA,295
ja.,7,matcher,6,NA,NA,295
Dann die 5 ist wieder der der der die Schale anbietet,8,describer,1,NA,NA,296
aha ja.,7,matcher,2,NA,NA,296
Die 7 ist das Männchen das eine Art Zauber spricht,8,describer,1,NA,NA,297
Ah das ist nicht die 5,7,matcher,2,NA,NA,297
Ähh das,8,describer,3,NA,NA,297
AH Zauber. das mit denen oben zwei Dreieckchen ja,7,matcher,4,NA,NA,297
Ja. genau. Dann haben wir ähm bei der Nummer 6 haben wir einen der so Spagat äh recht nach oben macht,8,describer,1,NA,NA,298
Ja. ja,7,matcher,2,NA,NA,298
Dann haben wir  beim 1 das nach links äh tendierende Männchen,8,describer,1,NA,NA,299
schiefe ja.,7,matcher,2,NA,NA,299
Dann die 3 das liegt so. auf dem Boden und der links rauf,8,describer,1,NA,NA,300
und die die 4 haben wir noch nicht gell?,8,describer,1,NA,NA,301
ja. ist gut,7,matcher,2,NA,NA,300
Jjaa das haben ich jetzt eigentlich,8,describer,3,NA,NA,300
In dem fall sind wir komplett,7,matcher,4,NA,NA,300
Das ist das das springt,8,describer,2,NA,NA,301
Die 8 ist der Segenssprecher,7,describer,1,NA,NA,302
jja,8,matcher,2,NA,NA,302
Die 5 ist der mit der Schale da der die Gabe hat,7,describer,1,NA,NA,303
mh ja.,8,matcher,2,NA,NA,303
Die 1 ist der der am Boden hockt mit dem Eckchen links,7,describer,1,NA,NA,304
Der der am Boden hockt und mit,8,matcher,2,NA,NA,304
Ja das hast du so gesagt,7,describer,3,NA,NA,304
jajaja,8,matcher,4,NA,NA,304
Und die 2 ist der mit dem Spagat nach rechts hoch,7,describer,1,NA,NA,305
Ja.,8,matcher,2,NA,NA,305
Die 3 bückt sich,7,describer,1,NA,NA,306
Ähm ja,8,matcher,2,NA,NA,306
Die 4 ist der der liegt,7,describer,1,NA,NA,307
Ja,8,matcher,2,NA,NA,307
6 ist der linksschiefe,7,describer,1,NA,NA,308
Linksschiefe,8,matcher,2,NA,NA,308
Und 7 ist das das springt,7,describer,1,NA,NA,309
Ja.,8,matcher,2,NA,NA,309
Gut o.k.,7,describer,3,NA,NA,309
o.k. die Nummer 1 ist der der den Segen gibt,8,describer,1,NA,NA,310
Ja.,7,matcher,2,NA,NA,310
Die Nummer 8 ist der der die Schale hin hält,8,describer,1,NA,NA,311
Ja.,7,matcher,2,NA,NA,311
Die Nummer 4 ist der der das Bein so spagatartig rechts hoch hebt,8,describer,1,NA,NA,312
Ja,7,matcher,2,NA,NA,312
die Nummer 6 ist der der aussieht wie eine Kerze oder sich hinsetzt,8,describer,1,NA,NA,313
ah WAS die Kerze,7,matcher,2,NA,NA,313
Ja.,8,describer,3,NA,NA,313
AH JA,7,matcher,4,NA,NA,313
Dann die Nummer 5 ist der der sich hinlegt und die Beine links rauf hält,8,describer,1,NA,NA,314
Ja,7,matcher,2,NA,NA,314
Dann die 2 ist der der sich bückt und etwas aufliest oder so etwas,8,describer,1,NA,NA,315
Ja,7,matcher,2,NA,NA,315
Die 3 ist der Linksschiefe,8,describer,1,NA,NA,316
Ja. ist gut 79  D Stop,7,matcher,2,NA,NA,316
Der 1 ist der Linksschiefe,7,describer,1,NA,NA,317
Eins Mh,8,matcher,2,NA,NA,317
2 hockt am Boden,7,describer,1,NA,NA,318
Jawohl,8,matcher,2,NA,NA,318
Die 5 ist der mit der Gabe,7,describer,1,NA,NA,319
der der WAS,8,matcher,2,NA,NA,319
Der der die Schale hält,7,describer,3,NA,NA,319
Der der die Schale hält,8,matcher,4,NA,NA,319
Die 6 liegt und hebt beide Beine in die Luft,7,describer,1,NA,NA,320
Ja,8,matcher,2,NA,NA,320
Die 7 ist der mit dem Segen,7,describer,1,NA,NA,321
Jja,8,matcher,2,NA,NA,321
Die 8 ist der mit dem Spagat nach rechts,7,describer,1,NA,NA,322
Ja.,8,matcher,2,NA,NA,322
Und die 3 bückt sich,7,describer,1,NA,NA,323
jja 95 95  M Jja. Gut.,8,matcher,2,NA,NA,323
o.k. die 4 ist der mit der Schale der gibt,8,describer,1,NA,NA,324
Ja.,7,matcher,2,NA,NA,324
Die 1 ist der mit dem Spagat nach rechts hoch,8,describer,1,NA,NA,325
ja,7,matcher,2,NA,NA,325
Die 6 ist derjenige der segnet,8,describer,1,NA,NA,326
Ja,7,matcher,2,NA,NA,326
Dann die 2 ist derjenige der etwas auflesen will,8,describer,1,NA,NA,327
Ja,7,matcher,2,NA,NA,327
Die 7 ist derjenige der sich hinlegt und beide Beine in die Luft hebt,8,describer,1,NA,NA,328
Ja,7,matcher,2,NA,NA,328
Die 8 ist deine Kerze,8,describer,1,NA,NA,329
ja,7,matcher,2,NA,NA,329
Die 5 der Linksschiefe,8,describer,1,NA,NA,330
und die 3 ist klar,8,describer,1,NA,NA,331
o.k.,7,matcher,2,NA,NA,331
die 3 ist so ein ganz ein schmales flaches,7,describer,1,NA,NA,332
Ganz ein schmales flaches das so am Boden oben,8,matcher,2,NA,NA,332
Ja und  aus. Und die 5 der hat so die Beine überkreuzt und hockt am Boden,7,describer,1,NA,NA,333
Beine überkreuzt. jja,8,matcher,2,NA,NA,333
Und die 4 ist so mit einer Schale. Einer der so eine hält so,7,describer,1,NA,NA,334
äh jja so betend,8,matcher,2,NA,NA,334
Ja. und die 8 macht die Schwalbe,7,describer,1,NA,NA,335
Die 8 macht die Schwalbe. ja,8,matcher,2,NA,NA,335
Die 7 hebt etwas auf,7,describer,1,NA,NA,336
Was liest etwas auf. Ja,8,matcher,2,NA,NA,336
Und die 6 ist eine ganz symmetrische Figur,7,describer,1,NA,NA,337
Ja. so eine Art wie ein Segen,8,matcher,2,NA,NA,337
Ja genau. Und die 1 hat so zwei Eckchen gegen oben und die Beine sieht man auch recht gut einzeln so nach links,7,describer,1,NA,NA,338
So gegen li- das ist die 2,8,matcher,1,NA,NA,339
Ja NEIN die 1,7,describer,2,NA,NA,339
Die 1.,8,matcher,2,NA,NA,338
Und das andere springt so in die Luft,8,matcher,3,NA,NA,339
Ja.,7,describer,4,NA,NA,339
Gut.,8,matcher,5,NA,NA,339
o.k. die 1 ist die symmetrisch seg- segnende Figur,8,describer,1,NA,NA,340
Ja,7,matcher,2,NA,NA,340
Die 4 ist die Schwalbe,8,describer,1,NA,NA,341
ja,7,matcher,2,NA,NA,341
"Die 5 ist der mit der Schale, der der betet",8,describer,1,NA,NA,342
Jja,7,matcher,2,NA,NA,342
Die 2 ist der der etwas aufliest,8,describer,1,NA,NA,343
Ja,7,matcher,2,NA,NA,343
Die 3 ist der am Boden nach,8,describer,1,NA,NA,344
ja,7,matcher,2,NA,NA,344
8 ist der sitzende mit der gekreuzten Beinen,8,describer,1,NA,NA,345
Ja,7,matcher,2,NA,NA,345
Die 7 ist der der in die Luft springt und der andere,8,describer,1,NA,NA,346
Ja ist gut,7,matcher,2,NA,NA,346
Die 4 liest auf,7,describer,1,NA,NA,347
Ja,8,matcher,2,NA,NA,347
2 ist symmetrisch,7,describer,1,NA,NA,348
Ja,8,matcher,2,NA,NA,348
3 ist die Schwalbe,7,describer,1,NA,NA,349
Ja,8,matcher,2,NA,NA,349
8 ist der der etwas gibt der mit der Gabe,7,describer,1,NA,NA,350
Ja,8,matcher,2,NA,NA,350
Die 7 liegt am Boden,7,describer,1,NA,NA,351
Mhm,8,matcher,2,NA,NA,351
Die 5 hockt am Boden mit den gekreuzten Beinen,7,describer,1,NA,NA,352
Mhm,8,matcher,2,NA,NA,352
Und die 1 springt in die Luft,7,describer,1,NA,NA,353
Mhm,8,matcher,2,NA,NA,353
Und die 6 ist der andere,7,describer,1,NA,NA,354
Ja. fertig,8,matcher,2,NA,NA,354
Die 1 ist der der etwas aufliest,8,describer,1,NA,NA,355
Ja,7,matcher,2,NA,NA,355
Die 5 ist der der die Schale hinhält,8,describer,1,NA,NA,356
Ja,7,matcher,2,NA,NA,356
Die 6 ist die symmetrische Figur,8,describer,1,NA,NA,357
Ja,7,matcher,2,NA,NA,357
2 ist der der sich hinlegt,8,describer,1,NA,NA,358
Ja,7,matcher,2,NA,NA,358
8 ist die Schwalbe,8,describer,1,NA,NA,359
Ja,7,matcher,2,NA,NA,359
Die 4 ist der der sitzt mit gekreuzten Beinen,8,describer,1,NA,NA,360
Ja,7,matcher,2,NA,NA,360
Die 7 ist der der in die Luft springt,8,describer,1,NA,NA,361
o.k.  gut,7,matcher,2,NA,NA,361
1 liest auf,7,describer,1,NA,NA,362
ähm ja,8,matcher,2,NA,NA,362
Die 5 hat die gekreuzten Beine und sitzt,7,describer,1,NA,NA,363
ja,8,matcher,2,NA,NA,363
Die 2 ist symmetrisch,7,describer,1,NA,NA,364
Ja,8,matcher,2,NA,NA,364
3 ist die Schwalbe,7,describer,1,NA,NA,365
Ja,8,matcher,2,NA,NA,365
Die 4 hat die Schüssel,7,describer,1,NA,NA,366
Ja,8,matcher,2,NA,NA,366
Die 8 liegt,7,describer,1,NA,NA,367
Ja,8,matcher,2,NA,NA,367
Und die 7 hüpft in die Luft,7,describer,1,NA,NA,368
Ja. fertig,8,matcher,2,NA,NA,368
Die 1 ist der der die Schale hin hält,8,describer,1,NA,NA,369
Ja,7,matcher,2,NA,NA,369
Die 5 ist der der etwas aufliest,8,describer,1,NA,NA,370
Ja,7,matcher,2,NA,NA,370
Die 6 ist die symmetrische Figur,8,describer,1,NA,NA,371
Ja,7,matcher,2,NA,NA,371
2 liegt,8,describer,1,NA,NA,372
Ja,7,matcher,2,NA,NA,372
Die 3 springt in die Luft,8,describer,1,NA,NA,373
Ja,7,matcher,2,NA,NA,373
Die 4 macht eine Schwalbe,8,describer,1,NA,NA,374
Ja,7,matcher,2,NA,NA,374
8 setzt sich hin und kreuzt die Bein,8,describer,1,NA,NA,375
o.k.,9,describer,1,TRUE,NA,376
Ja,10,matcher,2,TRUE,NA,376
Also ich versuch dir mal verstehst du Schweizerdeutsch,9,describer,3,TRUE,NA,376
Jja,10,matcher,4,TRUE,NA,376
Ist das gut. Also ich versuch dir das erste. mal zu beschreiben,9,describer,5,TRUE,NA,376
Ja,10,matcher,6,TRUE,NA,376
Es ist zu oberst ähm ein Viereck das auf einem ecken steht,9,describer,7,NA,NA,376
Ja,10,matcher,8,NA,NA,376
Und unten dran wie ein Häuschen also das unten links  ähm ja das so aussieht also unter dem Viereck ist wirklich wie ein Dach,9,describer,9,NA,NA,376
Mhm,10,matcher,10,NA,NA,376
Und dann noch so zwei Graden und links geht es dann,9,describer,11,NA,NA,376
Ja unten geht es links raus,10,matcher,12,NA,NA,376
Ja,9,describer,13,NA,NA,376
Ja das ist in Ordnung,10,matcher,14,NA,NA,376
o.k. das zweite. Oh je da ist rechts aussen ein Viereck das auch mit einem Ecken auf eine Gerade trifft und dort ist alles geht alles ein wenig nach links runter also es zieht sich so so etwas länglich nach links runter und zwei Zacken nach oben. Die linke Zacke ist ein bisschen länger  oh je wie sagt man das jetzt. Weis- weist du ungefähr welches?,9,describer,1,NA,NA,377
da bin ich jetzt sehr unsicher. Also das vier- das ursprüngliche Viereckchen trifft das auf eine vertikale Gerade,10,matcher,2,NA,NA,377
Ja,9,describer,3,NA,NA,377
Aha. also der Ecken trifft auf der ver- auf die vertikale Gerade,10,matcher,4,NA,NA,377
ja ja genau genau,9,describer,5,NA,NA,377
Und dann geht ein kleiner Spitz nach oben,10,matcher,6,NA,NA,377
Ja,9,describer,7,NA,NA,377
Und ein grösserer äh auch nach oben,10,matcher,8,NA,NA,377
Ja genau,9,describer,9,NA,NA,377
Und dann geht es runter,10,matcher,10,NA,NA,377
Nach links,9,describer,11,NA,NA,377
Und dann hat es wie zwei Füsschen,10,matcher,12,NA,NA,377
Ja,9,describer,13,NA,NA,377
Ja dann weiss ich welches,10,matcher,1,NA,NA,378
o.k. das 3 sieht  aus wie ein Tier. Und zwar ist der Kopf ist auch ein Viereck aber das ist mit einem mit einer Seite auf ein ja auch eine Gerade aber die ist weder horizontal noch vertikal sie ist so ein bisschen schräg,9,describer,2,NA,NA,378
Mhm,10,matcher,3,NA,NA,378
Und dann hat es auch. Es sieht aus wie ein Körper und dann hat es ein Dreieck das in der Mitte spitz nach unten zeigt das aussieht wie als wären es die Arme und unten hat es ja es sieht aus als wären unten die Beine oder Füsse daran,9,describer,4,NA,NA,378
Also wie so ein Buckliger,10,matcher,5,NA,NA,378
Ja genau,9,describer,6,NA,NA,378
Ja,10,matcher,7,NA,NA,378
o.k. und das 4 sieht aus wie ein Mensch der den einen Arme nach vorne hält und eine Schüssel hält,9,describer,1,NA,NA,379
ähm ja das ist klar,10,matcher,2,NA,NA,379
o.k. und das 5 sieht aus wie ein Männchen das soo das eine Bein im Spagat herauf hebt irgendwie so,9,describer,1,NA,NA,380
Ja also in die Luft rauf,10,matcher,2,NA,NA,380
Ja genau,9,describer,3,NA,NA,380
Ja. das ist auch klar,10,matcher,4,NA,NA,380
Und das andere das 6 sieht aus wie so eine mhmm eine Frau die einen Rock anhat die so aussieht als würde sie auf die Seite runter fallen,9,describer,1,NA,NA,381
Ja. so wie Schlittschuhlaufen oder so,10,matcher,2,NA,NA,381
Ja genau,9,describer,3,NA,NA,381
Mhm,10,matcher,4,NA,NA,381
Ja genau. das 7 ist äh wie ein Baum. ja nein ist ein bisschen weit hergeholt. Auf jeden Fall trifft auch das Viereck ist zu oberst und trifft mit dem Ecken auf eine horizontale Gerade und unten ist wie ein Stamm,9,describer,1,NA,NA,382
Ja,10,matcher,2,NA,NA,382
Hat allerdings unten noch ein so zwei kleine Zacken,9,describer,3,NA,NA,382
Und links und rechts Dri- Dreieckchen,10,matcher,4,NA,NA,382
Ja genau,9,describer,5,NA,NA,382
Ja,10,matcher,6,NA,NA,382
Und das 8 ist wie ein Seelöwe also  es ist es sind so. auf der linken Seite sind so wie zwei Flossen sieht es aus auch mit Dreieckchen,9,describer,1,NA,NA,383
Ja. Hörmal das musst du nicht beschreiben weil das ist ja einfach das letzte,10,matcher,2,NA,NA,383
Ah ja klar. ja ich habe nicht gewusst ob du vielleicht mehr hast,9,describer,3,NA,NA,383
Ja. Nein das muss das sein,10,matcher,4,NA,NA,383
o.k.,9,describer,5,NA,NA,383
So etwas liegendes mit Füssen in der Luft mhm.,10,matcher,6,NA,NA,383
ja genau in dem Fall Stop,9,describer,7,NA,NA,383
Also unter Nummer 1 haben wir ähm so eine Art buckelige Frau oder Mann die wie eine Schüssel in der Hand hält,10,describer,1,NA,NA,384
ja,9,matcher,2,NA,NA,384
Nummer 2 auch ein Männchen das ähm ein Bein in die Luft hält,10,describer,1,NA,NA,385
ja ja,9,matcher,2,NA,NA,385
Nummer 3 eiiin Buckliger den man also die beiden also oben rechts ist ein Quadrat das wieder auf dieser Geraden ist,10,describer,1,NA,NA,386
ja. das ein bisschen Schräg ist,9,matcher,2,NA,NA,386
Ja genau. Die Nummer 4 ähm ein Quadrat äh dessen Spitze auf eine Vertikale trifft. Nachher schaut,10,describer,1,NA,NA,387
ja,9,matcher,2,NA,NA,387
ein kleiner Zacken nach oben und ein grosser Zacken nach oben,10,describer,3,NA,NA,387
Ja. alles klar,9,matcher,4,NA,NA,387
Nummer 5 ein Quadrat trifft mit dem Spitz auch auf ein Spitz,10,describer,1,NA,NA,388
Ja das mit dem Häuschen,9,matcher,2,NA,NA,388
genau,10,describer,3,NA,NA,388
Ja,9,matcher,4,NA,NA,388
Die Nummer 6 ist ähm die Nummer 8 von vorhin,10,describer,1,NA,NA,389
Das letzte das mit den Flossen,9,matcher,2,NA,NA,389
Ja die nach oben schauen,10,describer,3,NA,NA,389
Ja genau,9,matcher,4,NA,NA,389
Nummer 7 Schlittschuhfrau,10,describer,1,NA,NA,390
Ja,10,describer,2,NA,NA,390
Und Nummer 8 der baum,10,describer,1,NA,NA,391
8 der Baum ja ist gut,10,describer,2,NA,NA,391
Also die 1 ist der Baum,9,describer,1,NA,NA,392
Ja,10,matcher,2,NA,NA,392
Das 2 ist das Männchen das das eine Bein in die Luft hebt,9,describer,1,NA,NA,393
Ja,10,matcher,2,NA,NA,393
Die 3 ist die Schlittschuhläuferin da,9,describer,1,NA,NA,394
Ja,10,matcher,2,NA,NA,394
Die 4 ist der Bucklige,9,describer,1,NA,NA,395
ja,10,matcher,2,NA,NA,395
Aber nicht der der ohne Schüssel,9,describer,3,NA,NA,395
Ja,10,matcher,4,NA,NA,395
die 5 ist da der mit den Flossen,9,describer,1,NA,NA,396
Ja,10,matcher,2,NA,NA,396
Die 6 ist das Häuschen,9,describer,1,NA,NA,397
Ja,10,matcher,2,NA,NA,397
Die 7 ist  das mit den weist du mit den Zacken,9,describer,1,NA,NA,398
Ja,10,matcher,2,NA,NA,398
Und die 8 ist der mit der Schüssel,9,describer,1,NA,NA,399
Ja,10,matcher,2,NA,NA,399
Ist gut,9,describer,3,NA,NA,399
Ahm also die 1 ist die mit den Flossen nach oben,10,describer,1,NA,NA,400
Ja,9,matcher,2,NA,NA,400
Die 2 das Häuschen,10,describer,1,NA,NA,401
Ähhh ja.,9,matcher,2,NA,NA,401
3 Männchen das die Beine in die Luft hebt,10,describer,1,NA,NA,402
Ja,9,matcher,2,NA,NA,402
4 Buckelige mit Schüssel,10,describer,1,NA,NA,403
Ja,9,matcher,2,NA,NA,403
5 buckelig ohne Schüssel,10,describer,1,NA,NA,404
Ja,9,matcher,2,NA,NA,404
Die 6 Baum,10,describer,1,NA,NA,405
Ja,9,matcher,2,NA,NA,405
Die 7 Schlittschuhläuferin,10,describer,1,NA,NA,406
Ja,9,matcher,2,NA,NA,406
8 das mit den zwei Zacken,10,describer,1,NA,NA,407
ja. o.k. alles klar,9,matcher,2,NA,NA,407
Also Buckelige ohne Schüssel,9,describer,1,NA,NA,408
Äh ja.,10,matcher,2,NA,NA,408
Flosse,9,describer,1,NA,NA,409
Ja,10,matcher,2,NA,NA,409
Häuschen,9,describer,1,NA,NA,410
Ja,10,matcher,2,NA,NA,410
Schlittschuhe,9,describer,1,NA,NA,411
Ja,10,matcher,2,NA,NA,411
Baum,9,describer,1,NA,NA,412
Ja,10,matcher,2,NA,NA,412
Buckelige mit Schüssel,9,describer,1,NA,NA,413
ja,10,matcher,2,NA,NA,413
Und das mit den Zacken,9,describer,1,NA,NA,414
Ja,10,matcher,2,NA,NA,414
Und das Männchen mit den Beinen in der Luft,9,describer,1,NA,NA,415
Ja.,10,matcher,2,NA,NA,415
Beide zacken nach oben,10,describer,1,NA,NA,416
Ähhh ja,9,matcher,2,NA,NA,416
Buckelig mit Schüssel,10,describer,1,NA,NA,417
Ja,9,matcher,2,NA,NA,417
Häuschen,10,describer,1,NA,NA,418
Ja,9,matcher,2,NA,NA,418
Beine in die Luft,10,describer,1,NA,NA,419
Ja,9,matcher,2,NA,NA,419
Buckelig normal,10,describer,1,NA,NA,420
Ja,9,matcher,2,NA,NA,420
Baum,10,describer,1,NA,NA,421
Ja,9,matcher,2,NA,NA,421
Schlittschuhläuferin,10,describer,1,NA,NA,422
Ja,9,matcher,2,NA,NA,422
Flossen,10,describer,1,NA,NA,423
Ja,9,matcher,2,NA,NA,423
Also das sind jetzt andere,9,describer,1,TRUE,NA,424
Ja,10,matcher,2,TRUE,NA,424
Also das erste ist  ähm ein Viereck das mit dem Zacken gerade auf eine Vertikale trifft und es sieht aus wie also ob einer knien würde und ein Schüssel in der Hand hält,9,describer,1,NA,NA,425
Vertikale,10,matcher,2,NA,NA,425
Ja also es sieht aus wie ein Männchen das eine Schüssel in der Hand hält und kniet,9,describer,3,NA,NA,425
Ja ich weiss welches,10,matcher,4,NA,NA,425
Das zweite sieht aus wie ein Männchen das  mhhm so die Hände rauf streckt und ein Bein rauf hebt,9,describer,1,NA,NA,426
ja,10,matcher,2,NA,NA,426
Es ist so ähm zwei Zacken zeigen auch nach oben,9,describer,3,NA,NA,426
Das ist klar ja,10,matcher,4,NA,NA,426
Und das andere ist auch wieder ein Buckelchen das so die Hände nach unten hält,9,describer,1,NA,NA,427
Ja,10,matcher,2,NA,NA,427
Das 3 sieht aus wie das olympische Feuer,9,describer,1,NA,NA,428
Ja. das war die Nummer 4,10,matcher,2,NA,NA,428
Äh die 4 ja.,9,describer,3,NA,NA,428
Und die 5 ist wieder so etwas ähnliches wie ein Schlittschuhläufer ein bisschen. So zwei Zacken zeigen nach vorne,9,describer,1,NA,NA,429
Ja also ein Bein wäre äh dann horizontal,10,matcher,2,NA,NA,429
So wie ein Schwalbe,9,describer,3,NA,NA,429
Ja genau,10,matcher,4,NA,NA,429
Die 6 ist äh die die sitzt und die Beine so angewinkelt hat,9,describer,1,NA,NA,430
Ja,10,matcher,2,NA,NA,430
Das 7 ist ähm  ja wie ein Männchen das ein arm nach oben hält und das andere den andern gegen unten,9,describer,1,NA,NA,431
Ja,10,matcher,2,NA,NA,431
3 Und das 8 ist irgendetwas das so wie liegt 132 M Ja.,9,describer,3,NA,NA,424
Ja. o.k.,10,matcher,4,NA,NA,424
Ähm Männchen das ein Arm nach oben hebt und einen nach unten,10,describer,1,NA,NA,432
Ja,9,matcher,2,NA,NA,432
2 das liegende Ding,10,describer,1,NA,NA,433
Ja,9,matcher,2,NA,NA,433
3 olympisches Feuer,10,describer,1,NA,NA,434
Mhm,9,matcher,2,NA,NA,434
4 Schlittschuhläufer,10,describer,1,NA,NA,435
Mhm,9,matcher,2,NA,NA,435
5 kn- kniendes Männchen mit Schüssel in der Hand,10,describer,1,NA,NA,436
Ja,9,matcher,2,NA,NA,436
6 Männchen das ein Bein in die Luft hebt,10,describer,1,NA,NA,437
Ja,9,matcher,2,NA,NA,437
7 sitzendes Männchen,10,describer,1,NA,NA,438
Mhm,9,matcher,2,NA,NA,438
8 buckelig,10,describer,1,NA,NA,439
o.k.,9,matcher,2,NA,NA,439
Das eine ist das Männchen das die Arme nach unten fallen lässt so ein buckeliges,9,describer,1,NA,NA,440
Äh ja,10,matcher,2,NA,NA,440
Und das nächste AH das ist jetzt gemischt nein ah mmh das nächste ist das das kniet mit der Schüssel,9,describer,1,NA,NA,441
Ja,10,matcher,2,NA,NA,441
Und das olympische Feuer,9,describer,1,NA,NA,442
Mhm,10,matcher,2,NA,NA,442
Dann das das sitzt mit angewinkelten Beinen,9,describer,1,NA,NA,443
Jja,10,matcher,2,NA,NA,443
Dann das das ein Bein nach oben hebt,9,describer,1,NA,NA,444
Ja,10,matcher,2,NA,NA,444
Der Schlittschuhläufer,9,describer,1,NA,NA,445
ja,10,matcher,2,NA,NA,445
Und dann noch das das ein Arm nach unten und das andere nach unten,9,describer,1,NA,NA,446
Mhm,10,matcher,2,NA,NA,446
Und das liegende,9,describer,1,NA,NA,447
Mhm,10,matcher,2,NA,NA,447
Buckelig,10,describer,1,NA,NA,448
Hmm ja,9,matcher,2,NA,NA,448
Männchen mit einem Bein nach oben,10,describer,1,NA,NA,449
Ja,9,matcher,2,NA,NA,449
Männchen mit einem Arm nach oben,10,describer,1,NA,NA,450
Ja,9,matcher,2,NA,NA,450
Olympisches Feuer,10,describer,1,NA,NA,451
Ja,9,matcher,2,NA,NA,451
Sitzend,10,describer,1,NA,NA,452
-,9,matcher,2,NA,NA,452
Kniend mit Schüssel,10,describer,1,NA,NA,453
Ja,9,matcher,2,NA,NA,453
Liegendes Ding,10,describer,1,NA,NA,454
ja,9,matcher,2,NA,NA,454
Und Schlittschuhläufer,10,describer,1,NA,NA,455
Ja.,9,matcher,2,NA,NA,455
Das das sitzt,9,describer,1,NA,NA,456
Ja,10,matcher,2,NA,NA,456
Das liegende Ding,9,describer,1,NA,NA,457
Ja,10,matcher,2,NA,NA,457
Das mit einem nach oben und einem nach unten,9,describer,1,NA,NA,458
Mhm,10,matcher,2,NA,NA,458
Olympisches Feuer,9,describer,1,NA,NA,459
Mhm,10,matcher,2,NA,NA,459
Schlittschuhläufer,9,describer,1,NA,NA,460
Ja,10,matcher,2,NA,NA,460
Das mit einem Bein nach oben,9,describer,1,NA,NA,461
Ja,10,matcher,2,NA,NA,461
Kniend und Schüssel,9,describer,1,NA,NA,462
Ja,10,matcher,2,NA,NA,462
Und buckelig,9,describer,1,NA,NA,463
Ja,10,matcher,2,NA,NA,463
Olympisches Feuer,10,describer,1,NA,NA,464
Mhm,9,matcher,2,NA,NA,464
Ein Bein nach oben,10,describer,1,NA,NA,465
Mhm,9,matcher,2,NA,NA,465
Ein arm nach oben,10,describer,1,NA,NA,466
Mhm,9,matcher,2,NA,NA,466
Kniend mit Schüssel,10,describer,1,NA,NA,467
Mhm,9,matcher,2,NA,NA,467
Liegendes Ding,10,describer,1,NA,NA,468
Mhm,9,matcher,2,NA,NA,468
Buckelig,10,describer,1,NA,NA,469
Mhm,9,matcher,2,NA,NA,469
Schlittschuhläufer,10,describer,1,NA,NA,470
Ja,9,matcher,2,NA,NA,470
Sitzend,10,describer,1,NA,NA,471
o.k.,9,matcher,2,NA,NA,471
Ja. Fang mal an,11,matcher,1,TRUE,NA,472
Hast du auch zwei Reihen auf deinem äh Karton oder,12,describer,2,TRUE,NA,472
ja das habe ich auch,11,matcher,3,TRUE,NA,472
Hast du auch zwei auf deinem Karton äh was hast du auf der Nummer 6,12,describer,4,TRUE,NA,472
Ich habe gar nichts ich habe sie alle neben dran,11,matcher,5,TRUE,NA,472
Neben dran. Mhm bei mir liegt auf der Nummer 6 jemand auf dem Bauch und hat ähm,12,describer,6,NA,NA,472
Ja ich sehe es,11,matcher,7,NA,NA,472
Siehst du es ?,12,describer,8,NA,NA,472
Ja,11,matcher,9,NA,NA,472
Das ist bei mir die Nummer 6,12,describer,10,NA,NA,472
Mhm,11,matcher,11,NA,NA,472
Ist bei dir normal nummeriert von 1 bis 8 einfach durchgehend?,12,describer,12,TRUE,NA,472
Ja. OBEN 1 bis 4 und unten von 5 bis 8,11,matcher,13,TRUE,NA,472
O.k. eben die 6 ist bei mir der der auf dem Bauch liegt,12,describer,14,NA,NA,472
Ja,11,matcher,15,NA,NA,472
Dann ähm die 7 neben dran ist die Fig- hat die Figur etwas in den Händen  also sieht aus wie so ein,12,describer,1,NA,NA,473
mhm steht ?,11,matcher,2,NA,NA,473
Auf den Kni- er kniet glaube ich,12,describer,3,NA,NA,473
Kniet. Ja. streckt so,11,matcher,4,NA,NA,473
Mhm,12,describer,5,NA,NA,473
Ja ist gut,11,matcher,6,NA,NA,473
Und ähm die Figur 5 sieht aus als würde sie mit so einem kleinen Staubsauger staubsaugen,12,describer,1,NA,NA,474
Ja. sehe ich ist gut mhm,11,matcher,2,NA,NA,474
Also sie steht auf einem Fuss und bei deeer Figur 8 die steht auch nur auf einem Bein und tut so quasi wie balancieren,12,describer,3,NA,NA,474
Ja,11,matcher,4,NA,NA,474
Und eines streckt sie hinten raus,12,describer,5,NA,NA,474
Ja.,11,matcher,6,NA,NA,474
Die Nummer 4 sitzt auf dem Boden mit gestreckten Beinen so sieht es einfach aus,12,describer,1,NA,NA,475
Ja,11,matcher,2,NA,NA,475
und hast du sie gefunden die Nummer 4?,12,describer,3,NA,NA,475
Ja. jetzt bin ich nicht sicher bei der 8 ist das der der rennt oder der der steht ?,11,matcher,1,NA,NA,476
Äh der rennt. das sieht aus als würde er rennen,12,describer,2,NA,NA,476
o.k.,11,matcher,3,NA,NA,476
Mhm und die Nummer 3 der steht eigentlich ganz normal da also  so wie gespreizte Beine und,12,describer,4,NA,NA,476
ja ist nicht ein Bein so wie raus gestreckt,11,matcher,5,NA,NA,476
NEIN beide Beine am Boden,12,describer,6,NA,NA,476
Ah ja. o.k.,11,matcher,7,NA,NA,476
Ganz normal einfach der macht fast nichts,12,describer,8,NA,NA,476
ja ja mhm,11,matcher,9,NA,NA,476
Und die Nummer 1,12,describer,1,NA,NA,477
Ja,11,matcher,2,NA,NA,477
Der hebt ein Bein nach vorne,12,describer,3,NA,NA,477
Ja,11,matcher,4,NA,NA,477
Und ein Arm gegen oben ja.,12,describer,5,NA,NA,477
ja,11,matcher,6,NA,NA,477
Und die 2 der steht auf einem Bein,12,describer,1,NA,NA,478
Mhm,11,matcher,2,NA,NA,478
Hat den Kopf so irgendwie ganz schief also,12,describer,3,NA,NA,478
Mhm,11,matcher,4,NA,NA,478
Und eines streckt er nach vorne,12,describer,5,NA,NA,478
also nach oben,12,describer,6,NA,NA,478
Ja also jetzt im Vergleich zur 1 der streckt sein Bein am Boden entlang und,12,describer,7,NA,NA,478
Ja,11,matcher,8,NA,NA,478
o.k.,12,describer,9,NA,NA,478
Also der streckt sein Bein in die Luft die 2 ? o.k. ja,11,matcher,10,NA,NA,478
ja. ist gut. Stopp,12,describer,11,NA,NA,478
Also es ist wieder nummeriert 1 bis 8 das gleiche in dem Fall,11,describer,1,TRUE,NA,479
Mhm ja,12,matcher,2,TRUE,NA,479
Und die 1 da steht er,11,describer,1,NA,NA,480
Ganz normal ?,12,matcher,2,NA,NA,480
Ganz normal,11,describer,3,NA,NA,480
Mhm,12,matcher,4,NA,NA,480
Die 2 ist der der das Bein anhebt. Also in die Luft,11,describer,3,NA,NA,479
Ja,12,matcher,4,NA,NA,479
Und steht.,11,describer,5,NA,NA,479
Ja,12,matcher,6,NA,NA,479
Die 3 ist der mit dem vorgestreckten Bein,11,describer,1,NA,NA,481
Ja,12,matcher,2,NA,NA,481
Die 4 ist der Staubsauger,11,describer,1,NA,NA,482
Ja,12,matcher,2,NA,NA,482
Die 5 ist der auf dem Bauch,11,describer,1,NA,NA,483
ja,12,matcher,2,NA,NA,483
6 ist der der sitzt,11,describer,1,NA,NA,484
Mhm,12,matcher,2,NA,NA,484
Die 7 der der rennt,11,describer,1,NA,NA,485
Ja,12,matcher,2,NA,NA,485
Und 8 der der etwas trägt,11,describer,1,NA,NA,486
o.k. stopp,12,matcher,2,NA,NA,486
Also die 1 ist der der das Bein nach vorne streckt,12,describer,1,NA,NA,487
Mhm,11,matcher,2,NA,NA,487
Die 2 ist der der auf dem Bauch liegt,12,describer,1,NA,NA,488
Mm mhm,11,matcher,2,NA,NA,488
Die 3 der der etwas in der Hand hält und gegen vorne streckt. Der Kelch,12,describer,1,NA,NA,489
Ja,11,matcher,2,NA,NA,489
Die 4 der der rennt,12,describer,1,NA,NA,490
Mhm,11,matcher,2,NA,NA,490
Die 5 der Staubsauger,12,describer,1,NA,NA,491
Mhm,11,matcher,2,NA,NA,491
Die 6 der der sitzt am Boden,12,describer,1,NA,NA,492
Mhm,11,matcher,2,NA,NA,492
Die 7 der der das Bein nach oben streckt,12,describer,1,NA,NA,493
Ja,11,matcher,2,NA,NA,493
Und die 8 der der normal steht,12,describer,1,NA,NA,494
Ja. stopp,11,matcher,2,NA,NA,494
Der der sitzt,11,describer,1,NA,NA,495
Mhm,12,matcher,2,NA,NA,495
Der der auf dem Bauch liegt,11,describer,1,NA,NA,496
Mhm,12,matcher,2,NA,NA,496
Der der etwas trägt,11,describer,1,NA,NA,497
Ja.,12,matcher,2,NA,NA,497
Der der steht,11,describer,1,NA,NA,498
Ja,12,matcher,2,NA,NA,498
Staubsauger,11,describer,1,NA,NA,499
Ja,12,matcher,2,NA,NA,499
Der der das Bein nach oben hält,11,describer,1,NA,NA,500
Ja,12,matcher,2,NA,NA,500
Einen nach vorne streckt Und der der rennt,11,describer,1,NA,NA,501
o.k,12,matcher,2,NA,NA,501
.,12,matcher,3,TRUE,NA,501
Der der staubsaugt,12,describer,1,NA,NA,502
Der der die Hände nach vorne streckt,12,describer,1,NA,NA,503
der der das Bein nach vorne streckt,12,describer,1,NA,NA,504
Mhm,11,matcher,2,NA,NA,504
Der der rennt,12,describer,1,NA,NA,505
Mhm,11,matcher,2,NA,NA,505
Der der das Bein nach oben streckt,12,describer,1,NA,NA,506
Mhm,11,matcher,2,NA,NA,506
Der der am Boden sitzt,12,describer,1,NA,NA,507
Der der gerade steht,12,describer,1,NA,NA,508
Und der der auf dem Bauch liegt,12,describer,1,NA,NA,509
Mhm,11,matcher,2,NA,NA,509
Gut ?,12,describer,3,NA,NA,509
Ja.,11,matcher,4,NA,NA,509
Der liegende.,11,describer,1,NA,NA,510
Der sitzende,11,describer,1,NA,NA,511
Mhm,12,matcher,2,NA,NA,511
Der der das Bein nach oben streckt,11,describer,1,NA,NA,512
Ja,12,matcher,2,NA,NA,512
Der rennende,11,describer,1,NA,NA,513
Ja,12,matcher,2,NA,NA,513
Staubsauger,11,describer,1,NA,NA,514
Der stehende,11,describer,1,NA,NA,515
Der Träger,11,describer,1,NA,NA,516
Und der der das Bein vorstreckt,11,describer,1,NA,NA,517
o.k.,12,matcher,2,NA,NA,517
Ähm die 1 Figur die hat ähm die tut die Beine also beide Beine sind leicht nach vorne und ein Arm der wenn du es vor dir hast der linke Arm zeigt gegen oben und der recht gegen unten,12,describer,1,NA,NA,518
was. AH ja ja ja o.k. ja,11,matcher,2,NA,NA,518
Die Figur 2 die kni- kniet und hat etwas in den Armen,12,describer,1,NA,NA,519
ja,11,matcher,2,NA,NA,519
Wie die von vorhin,12,describer,3,NA,NA,519
Ja ja,11,matcher,4,NA,NA,519
Die Figur 3 die steht auf einem Bein die tut so quasi wie Schlittschuhlaufen,12,describer,1,NA,NA,520
Ja,11,matcher,2,NA,NA,520
Die Figur 4 die sitzt auf dem Boden und hat angezogene Beine,12,describer,1,NA,NA,521
Ja,11,matcher,2,NA,NA,521
Die Figur 5 liegt auf dem Bauch,12,describer,1,NA,NA,522
Ja,11,matcher,2,NA,NA,522
Die Figur 6 staubsaugt auch wieder,12,describer,1,NA,NA,523
Ja,11,matcher,2,NA,NA,523
Figur 7  die hat beide Arme nach oben gestreckt und auch wieder ein Bein nach oben,12,describer,1,NA,NA,524
ja,11,matcher,2,NA,NA,524
Und die Figur 8 streckt die Arme aus,12,describer,1,NA,NA,525
Ja. gut,11,matcher,2,NA,NA,525
Der sitzende,11,describer,1,NA,NA,526
Ja,12,matcher,2,NA,NA,526
Der Schlittschuhläufer,11,describer,1,NA,NA,527
Ja,12,matcher,2,NA,NA,527
Der Staubsauger,11,describer,1,NA,NA,528
Ja,12,matcher,2,NA,NA,528
Der der ein Arm oben und ein Arm unten hat,11,describer,1,NA,NA,529
Ja,12,matcher,2,NA,NA,529
Der der BEIDE Arme oben hat,11,describer,1,NA,NA,530
Ja,12,matcher,2,NA,NA,530
Der der trägt,11,describer,1,NA,NA,531
Ja,12,matcher,2,NA,NA,531
Der der steht,11,describer,1,NA,NA,532
Ja,12,matcher,2,NA,NA,532
Und der der liegt,11,describer,1,NA,NA,533
o.k.,12,matcher,2,NA,NA,533
Linke Arm oben.,12,describer,1,NA,NA,534
Der hat etwas in der Hand und trägt es.,12,describer,1,NA,NA,535
ähm das rechte Bein oben.,12,describer,1,NA,NA,536
Der der beide Arme ausgestreckt hat.,12,describer,1,NA,NA,537
Schlittschuhläufer.,12,describer,1,NA,NA,538
Sitzen.,12,describer,1,NA,NA,539
Liegen.,12,describer,1,NA,NA,540
Und Staubsauger.,12,describer,1,NA,NA,541
o.k.,11,matcher,2,NA,NA,541
Der der liegt,11,describer,1,NA,NA,542
Ja,12,matcher,2,NA,NA,542
Beide Arme oben,11,describer,1,NA,NA,543
ja,12,matcher,2,NA,NA,543
Steht,11,describer,1,NA,NA,544
ja,12,matcher,2,NA,NA,544
Träger.,11,describer,1,NA,NA,545
Staubsauger.,11,describer,1,NA,NA,546
Ein Arm oben ein Arm unten.,11,describer,1,NA,NA,547
Schlittschuhe.,11,describer,1,NA,NA,548
Und sitzend ist gut?,11,describer,1,NA,NA,549
o.k.,12,matcher,2,NA,NA,549
Schlittschuhläufer.,12,describer,1,NA,NA,550
Sitzen.,12,describer,1,NA,NA,551
Auf dem Bauch liegen.,12,describer,1,NA,NA,552
staubsaugen.,12,describer,1,NA,NA,553
ähm beid- ein Bein rauf.,12,describer,1,NA,NA,554
Beide Arme auf die Seite gestreckt.,12,describer,1,NA,NA,555
Etwas in der Hand.,12,describer,1,NA,NA,556
Und ähm der linke Arm .,12,describer,1,NA,NA,557
Ja. ist gut,11,matcher,2,NA,NA,557
Staubsauger.,11,describer,1,NA,NA,558
Beide Arme oben.,11,describer,1,NA,NA,559
Schlittschuhe.,11,describer,1,NA,NA,560
Sitzend.,11,describer,1,NA,NA,561
Der der steht.,11,describer,1,NA,NA,562
Träger.,11,describer,1,NA,NA,563
liegend.,11,describer,1,NA,NA,564
Ein Arm oben und ein Arm unten.,11,describer,1,NA,NA,565
Das ist die 8?,12,matcher,2,NA,NA,565
ja,11,describer,3,NA,NA,565
Kannst du mir noch mal die 3 sagen,12,matcher,2,NA,NA,560
Die 3 ist der Schlittschuhläufer,11,describer,3,NA,NA,560
Der Schlittschuhläufer.,12,matcher,4,NA,NA,560
und die 5 und von ab der 5 noch mal,12,matcher,2,NA,NA,562
Stehen.,11,describer,3,NA,NA,562
Träger.,11,describer,2,NA,NA,563
liegend.,11,describer,2,NA,NA,564
ein arm oben ein Arm unten.,11,describer,4,NA,NA,565
o.k.,12,matcher,5,NA,NA,565
Also was hast du als erstes,13,matcher,1,NA,NA,566
Ähm ich habe da so eine Figur die die Hand so nach oben hält wie wenn sie um etwas bittet in so einer gebückten Haltung,14,describer,2,NA,NA,566
Gebückten Haltung,13,matcher,3,NA,NA,566
Siehst du die?,14,describer,4,NA,NA,566
Ähm steht er oder kniet er? Oder liegt er? Er steht,13,matcher,5,NA,NA,566
Äh steht oder kniet  er kniet oder sie,14,describer,6,NA,NA,566
Man sieht die Hände,13,matcher,7,NA,NA,566
Ja es sieht so aus al- also oben sieht es so aus wie ein kleiner Kelch aber das könnte auch eine Hand sein die geöffnet ist,14,describer,8,NA,NA,566
ah ja ja ich habe es,13,matcher,9,NA,NA,566
Hast du es,14,describer,10,NA,NA,566
Ja,13,matcher,11,NA,NA,566
Super. Dann die 2 Karte ist bei mir ähm eine Figur also man sieht die die Beine  ist aber auch gebückt so nach vorne und die Arme hängen so runter. Von der Seite,14,describer,1,NA,NA,567
ja,13,matcher,2,NA,NA,567
Hast du,14,describer,3,NA,NA,567
Ja.,13,matcher,4,NA,NA,567
Die 3 Karte ist ähm ist eine Figur die liegt irgendwie hat die Beine so in die höhe  könnte vielleicht,14,describer,1,NA,NA,568
der der macht eine Bauchlandung,13,matcher,2,NA,NA,568
JA genau genau,14,describer,3,NA,NA,568
Ja,13,matcher,4,NA,NA,568
Dann ähm die 4 Karte ist eine Figur die sieht man von vorne,14,describer,1,NA,NA,569
Der betet,13,matcher,2,NA,NA,569
nein der betet nicht man mm man sieht so einen kleinen Ansatz von den Schul- von der Schultern oder so. er steht so ein bisschen schräg,14,describer,3,NA,NA,569
ähm also der steht und wie ist- der ist schräg,13,matcher,4,NA,NA,569
Also man sieht ihn von vorne aber er steht so seitlich irgendwie so,14,describer,5,NA,NA,569
Ja nach links von links unten nach rechts oben?,13,matcher,6,NA,NA,569
Boh ich habe Probleme mit links und rechts  also von rechts unten nach links ja genau,14,describer,7,NA,NA,569
mhm und hat er hat keine Arme nur so viel grosse Schultern,13,matcher,8,NA,NA,569
Ja genau und unten sieht man wie so kleine Füsse so so dreieckige also Füsse,14,describer,9,NA,NA,569
o.k. ja,13,matcher,10,NA,NA,569
Hast du?,14,describer,11,NA,NA,569
Ja,13,matcher,12,NA,NA,569
Die 5 Karte ist eine Figur in einer Betstellung. würde ich sagen,14,describer,1,NA,NA,570
Ja,13,matcher,2,NA,NA,570
Ja? Dann die 6 Karte ist ähm sieht man auch von vorne,14,describer,1,NA,NA,571
Mhm,13,matcher,2,NA,NA,571
Hat ähm wie so die Arme nach oben und ähm,14,describer,3,NA,NA,571
So wie ein Vogel?,13,matcher,4,NA,NA,571
Wie ein Vogel?,14,describer,5,NA,NA,571
Also ist der Kopf nach nach rechts geneigt oder ist er oben?,13,matcher,6,NA,NA,571
Der Kopf ist nach vorne. Ganz gerade nach vorne,14,describer,7,NA,NA,571
o.k. hat er die Beine gespreizt oder hat er nur so Füsse,13,matcher,8,NA,NA,571
Ähm man kann die Füsse und die Beine nicht sehen es sieht aus als ob er irgendwie so ein Gewand an hätte und unten fehlt so ein kleiner Zipfel,14,describer,9,NA,NA,571
A Also er ist ganz gerade,13,matcher,10,NA,NA,571
Mhm,14,describer,11,NA,NA,571
Und die Arme macht er hoch,13,matcher,12,NA,NA,571
Mhm,14,describer,13,NA,NA,571
o.k.,13,matcher,14,NA,NA,571
o.k. Dann die 7 Karte sieht man glaube ich die Figur sieht man von der Seite es sieht so aus wie eine Person die die da steht und sich so nach hinten lehnt WIE so eine ähm so ein Tangotänzer. Also die Frau die sich dann so als bei so einer Drehung oder so nach hinten neigt,14,describer,1,NA,NA,572
Sind die Beine gespreizt oder offen äh oder geschlossen? Mehr oder weniger,13,matcher,2,NA,NA,572
ähm also das eine Bein steht so ein bisschen nach hinten,14,describer,3,NA,NA,572
Mhm aber es ist keine grosse Spannbreite zwischen den Beinen,13,matcher,4,NA,NA,572
Nein nic- nicht gross,14,describer,5,NA,NA,572
Und die Hände sind nach oben,13,matcher,6,NA,NA,572
Ja genau,14,describer,7,NA,NA,572
o.k. und das letzte ist das mit den gespreizten Beinen,13,matcher,1,NA,NA,573
Jjjjjj also arg gespreizte Beine,14,describer,2,NA,NA,573
Ja,13,matcher,3,NA,NA,573
Eigentlich ganz über die die Beine am weitesten gespreizt,14,describer,4,NA,NA,573
o.k. Fertig,13,matcher,5,NA,NA,573
Also ähm beim ersten da haben wir ähm der schaut so nach rechts vorne hat Arme nach hinten äh fast wie ein Vogel. in die Höhe gestreckt,13,describer,1,NA,NA,574
Der Vogel hatten wir vorhin schon mal,14,matcher,2,NA,NA,574
Ja,13,describer,3,NA,NA,574
Also du sagst der schaut nach rechts vorne,14,matcher,4,NA,NA,574
Ja. also horizontal,13,describer,5,NA,NA,574
mhmmm,14,matcher,6,NA,NA,574
Und der hat Füsse aber keine Beine,13,describer,7,NA,NA,574
Mhm,14,matcher,8,NA,NA,574
Und ja die Arme sehen aus wie ein Flügel finde ich,13,describer,9,NA,NA,574
Mhmmm. Er steht gerade,14,matcher,10,NA,NA,574
n- ja so ein bisschen nach rechts oben geneigt,13,describer,11,NA,NA,574
Nach rechts oben geneigt,14,matcher,12,NA,NA,574
Also der Körper ist äh schief links unten nach rechts oben,13,describer,13,NA,NA,574
mhm links unten nach rechts oben,14,matcher,14,NA,NA,574
Mhm,13,describer,15,NA,NA,574
Links unten nach rechts oben,14,matcher,16,NA,NA,574
Und der Kopf ähm das Quadrat ist auf die Spitze gestellt,13,describer,17,NA,NA,574
Mhm!  mach mal die 2,14,matcher,1,NA,NA,575
Ähm das ist ähm bisschen wie ein Tanzbär der hat die Beine arg gespreizt,13,describer,2,NA,NA,575
Mhm,14,matcher,3,NA,NA,575
Das war das letzte von vorhin,13,describer,4,NA,NA,575
Mhm. O.k. gut ja,14,matcher,5,NA,NA,575
Der 3 das ist der der gerade steht die Arme in in die der steht gerade,13,describer,1,NA,NA,576
Mhm,14,matcher,2,NA,NA,576
Unten fehlt ein Zipfel,13,describer,3,NA,NA,576
Mhm ah ja gut ja,14,matcher,4,NA,NA,576
Betstellung,13,describer,1,NA,NA,577
Ja,14,matcher,2,NA,NA,577
5 der bückt sich da ähm,13,describer,1,NA,NA,578
Hat die Arme nach unten hängen,14,matcher,2,NA,NA,578
ja,13,describer,3,NA,NA,578
o.k.,14,matcher,4,NA,NA,578
Das 6 ist der der mit dem Kelch,13,describer,1,NA,NA,579
Mmhm ja.,14,matcher,2,NA,NA,579
Das 7 ist ähm von rechts äh der hat den Körper von rechts unten nach links oben,13,describer,1,NA,NA,580
Mhm,14,matcher,2,NA,NA,580
Ähm Schultern angedeutet,13,describer,3,NA,NA,580
Mhm,14,matcher,4,NA,NA,580
8 der ist die Bauchlandung,13,describer,1,NA,NA,581
o.k. gut,14,matcher,2,NA,NA,581
O.k. die 1 Karte ist  Figur in der Betstellung,14,describer,1,NA,NA,582
Ja,13,matcher,2,NA,NA,582
Die 2 Karte ist ähm das Männchen das die Arme nach oben streckt  bei dem Rock oder dem Kleid fehlt unten so ein Zipfel,14,describer,1,NA,NA,583
Ja,13,matcher,2,NA,NA,583
Die 3 Karte ist die Figur die die Beine ganz weit weg streckt,14,describer,1,NA,NA,584
ja,13,matcher,2,NA,NA,584
Ähm die 4 Figur die ich vorher gemeint habe die aussehen würde wie so eine Tangotanz Figur also geht von von links unten nach rechts oben. Steht so schräg,14,describer,1,NA,NA,585
mmh ist das das was wir vorhin als erstes hatten was wir nicht raus gefunden haben,13,matcher,2,NA,NA,585
da bin ich mir nicht so ganz sicher ob ich da richtig gelegt habe,14,describer,3,NA,NA,585
ähm der hat die ähm links unten na na na na der Kopf ist ähm das Viereck ist auf die Spitze gestellt ?,13,matcher,4,NA,NA,585
Ja genau,14,describer,5,NA,NA,585
Und die Arme in die in die Höhe?,13,matcher,6,NA,NA,585
Ja genau,14,describer,7,NA,NA,585
So wie ein Vogel?,13,matcher,8,NA,NA,585
Ja mh o.k.,14,describer,9,NA,NA,585
o.k.,13,matcher,10,NA,NA,585
o.k. die 5 Karte ist die Person die gebückt da steht und die Arme nach unten hängen hat,14,describer,1,NA,NA,586
Ja,13,matcher,2,NA,NA,586
Die 6 Person ist die Figur mit dem Kelch,14,describer,1,NA,NA,587
Ja,13,matcher,2,NA,NA,587
Die 7 ist die Person mit der Bauchlandung,14,describer,1,NA,NA,588
Ja,13,matcher,2,NA,NA,588
Und die 8 ist die Figur die so von rechts unten nach links oben da steht und die Schultern so angedeutet sind,14,describer,1,NA,NA,589
Ja stopp,13,matcher,2,NA,NA,589
Also 1 ist Kelchmensch,13,describer,1,NA,NA,590
jjja.,14,matcher,2,NA,NA,590
2 ist der Mensch mit den gespreizten Beinen,13,describer,1,NA,NA,591
Mit den arg auseinander gespreizten Beinen?,14,matcher,2,NA,NA,591
Ja,13,describer,3,NA,NA,591
Ja,14,matcher,4,NA,NA,591
3 ist der ähm gerade stehende mh mit den Armen in die Höhe und dem abgeschnittenen Zipfelchen am Kleid,13,describer,1,NA,NA,592
Ja,14,matcher,2,NA,NA,592
4 ist Betstellung,13,describer,1,NA,NA,593
Mmh ja,14,matcher,2,NA,NA,593
5 ist Bauchlandung,13,describer,1,NA,NA,594
Jja,14,matcher,2,NA,NA,594
6 ist der Gebückte. Der die Arme nach unten hängen lässt,13,describer,1,NA,NA,595
Ja,14,matcher,2,NA,NA,595
7 ist ähm von rechts unten nach links oben mit den Schultern angedeutet,13,describer,1,NA,NA,596
Ja,14,matcher,2,NA,NA,596
Und das 8 ist da der Vogel,13,describer,1,NA,NA,597
o.k. gut,14,matcher,2,NA,NA,597
Die 1 Figur ist die in der Betstellung,14,describer,1,NA,NA,598
Ja,13,matcher,2,NA,NA,598
Die 2 ist die mit dem Kelch in der Hand,14,describer,1,NA,NA,599
Ja,13,matcher,2,NA,NA,599
Die 3 ist die Bauchlandung,14,describer,1,NA,NA,600
Ja,13,matcher,2,NA,NA,600
Die 4 ist die Person die gebückt da steht und die Arme nach unten hängen lässt,14,describer,1,NA,NA,601
Mh Ja,13,matcher,2,NA,NA,601
Die 5 ist die mit den Beinen arg gespreizt,14,describer,1,NA,NA,602
jaha,13,matcher,2,NA,NA,602
Die 6 ist dein Vogel,14,describer,1,NA,NA,603
die 7 ist die Person die von rechts unten nach links oben geht und die Schultern so angedeutet sind,14,describer,1,NA,NA,604
Ja,13,matcher,2,NA,NA,604
Die 8 ist die Person die die Arme nach oben hält und vom Rock ein Zipfel fehlt,14,describer,1,NA,NA,605
o.k.,13,matcher,2,NA,NA,605
Also 1 ist der Gebückte,13,describer,1,NA,NA,606
Mit den Armen nach unten ?,14,matcher,2,NA,NA,606
Ja . 2 ist die arg gespreizte Beinstellung,13,describer,1,NA,NA,607
Ja,14,matcher,2,NA,NA,607
3 ist von rechts oben nach links äh Quatsch rechts unten nach links oben mit den angedeuteten Schultern,13,describer,1,NA,NA,608
o.k.,14,matcher,2,NA,NA,608
4 Kelch,13,describer,1,NA,NA,609
Ja,14,matcher,2,NA,NA,609
5 Vogel,13,describer,1,NA,NA,610
Ja,14,matcher,2,NA,NA,610
6 ähm gerade mit fehlendem Zipfel im Kleid,13,describer,1,NA,NA,611
Ja,14,matcher,2,NA,NA,611
7 Betstellung,13,describer,1,NA,NA,612
Ja,14,matcher,2,NA,NA,612
8 Bauchlandung 110  M o.k.,13,describer,1,NA,NA,613
Die erste Figur ist eine Figur die die Arme gespr- also von sich hält vom Körper aber die Beine sind gerade. Also man sieht aus wie ein Kleid,14,describer,1,NA,NA,614
Ja so wie ein Priester ein bisschen,13,matcher,2,NA,NA,614
Ja genau. wie einer der ein Segen gibt so etwas,14,describer,3,NA,NA,614
Ja genau,13,matcher,4,NA,NA,614
Die 2 Figur ist eigentlich auch so eine Figur die ähm sieht aus wie wenn sie beten würde aber vorne so ein Kelch hat,14,describer,1,NA,NA,615
Ja,13,matcher,2,NA,NA,615
Die 3 Figur ist auch wieder so eine gebückte Figur,14,describer,1,NA,NA,616
nja,13,matcher,2,NA,NA,616
Die 4 Figur sieht aus ähm mh wie so eine Tanzfigur man sieht sie eigentlich von der Seite das eine Bein ist ein bis- steht ein bisschen in die Höhe,14,describer,1,NA,NA,617
So wie ein Fussballer?,13,matcher,2,NA,NA,617
JA genau.,14,describer,3,NA,NA,617
Gut die 5 Figur ist jemand der sitzt,14,describer,1,NA,NA,618
Und ähm äh einen krummen Rücken macht?,13,matcher,2,NA,NA,618
Jja und die Beine so angewinkelt,14,describer,3,NA,NA,618
Ja,13,matcher,4,NA,NA,618
Die 6 Figur sieht aus wie so eine Figur aus dem Leistungs- ja aus dem aus dem ja Turnen streckt so ein Bein nach hinten,14,describer,1,NA,NA,619
So so ein ein Sprinter ?,13,matcher,2,NA,NA,619
Nein also die die Arme sind nach vorne gestreckt das eine Bein steht auf dem Boden und das andere steht so waagerecht weg nach hinten,14,describer,3,NA,NA,619
hm,13,matcher,4,NA,NA,619
hm machen wir mal weiter ähm die die 7 Karte ist eine Figur die liegt auf dem Boden,14,describer,1,NA,NA,620
So am schwimmt ein bisschen? Ist eigentlich noch horizontal? angewinkelt?,13,matcher,2,NA,NA,620
hmm ja und die Beine sind so ja genau wie so eine Fernsehschau –kuckstellung so.  und hast du sie?,14,describer,3,NA,NA,620
mhm,13,matcher,4,NA,NA,620
Und die 8 Figur ist ähm sieht man von vorne. Der linke Arm ist nach oben gestreckt und der rechte deute so nach unten,14,describer,1,NA,NA,621
Mhm,13,matcher,2,NA,NA,621
Und die Beine sind ein bisschen abgewinkelt,14,describer,3,NA,NA,621
Der sieht jetzt aus wie ein Sprinter. Ein bisschen,13,matcher,4,NA,NA,621
Wie ein Sprinter?,14,describer,5,NA,NA,621
Ja der rennt,13,matcher,6,NA,NA,621
Man sieht ihn von vorne der Kopf ist auf,14,describer,7,NA,NA,621
ja ja,13,matcher,8,NA,NA,621
Auf eine Spitze gestellt von,14,describer,5,NA,NA,619
Ja dann ist das 6 das sieht aus wie ähm wie ein Kücken (lacht) nur nicht ganz stimmt. O.k. stopp,13,matcher,6,NA,NA,619
ja,14,describer,7,NA,NA,619
Also die 1 ist der Priester der den Segen gibt,13,describer,1,NA,NA,622
Mhm ja,14,matcher,2,NA,NA,622
Die 2 ist dieses äh pfff  äh da hatten wir vorhin so Mühe,13,describer,1,NA,NA,623
Die Karte Nummer 6?,14,matcher,1,NA,NA,624
Ja,13,describer,2,NA,NA,623
o.k. gut,14,matcher,3,NA,NA,623
der 3 ist der mit dem runden Rücken der mit den angewinkelten Beinen,13,describer,1,NA,NA,625
Mhm ja,14,matcher,2,NA,NA,625
4 ist der mm Fussballer,13,describer,1,NA,NA,626
Mhm ja,14,matcher,2,NA,NA,626
5 ist ähm die gebückte Person,13,describer,1,NA,NA,627
Mit den armen nach unten,14,matcher,2,NA,NA,627
Ja mit den  Armen,13,describer,3,NA,NA,627
Ja,14,matcher,4,NA,NA,627
6 ist die Betstellung mit dem Kelch,13,describer,2,NA,NA,624
Ja,14,matcher,3,NA,NA,624
7 ist ähm der steht gerade mit mit ähm linkem Arm nach oben rechtem Arm nach unten,13,describer,1,NA,NA,628
Mhm gut,14,matcher,2,NA,NA,628
Und 8 ist äh ja liegend,13,describer,1,NA,NA,629
o.k. stopp,14,matcher,2,NA,NA,629
Die 1 Person ist die die sitzt mit dem gebückten Rücken angewinkelte Beine,14,describer,1,NA,NA,630
Mhm,13,matcher,2,NA,NA,630
Die 2 ist wieder die die Karte bei der wir vorher Mühe hatten,14,describer,1,NA,NA,631
ja,13,matcher,2,NA,NA,631
Die 3 Karte ist die ähm der linke Arm zeigt nach oben der recht nach unten,14,describer,1,NA,NA,632
Mmhm,13,matcher,2,NA,NA,632
Die 4 ist die Person die auf dem Boden liegt auf dem Bauch liegt,14,describer,1,NA,NA,633
Mhm,13,matcher,2,NA,NA,633
Die 5 Karte ist die Person die gebückt da steht Arme nach unten,14,describer,1,NA,NA,634
Mhm,13,matcher,2,NA,NA,634
Die 6 ist ähm die Person in Betstellung mit dem Kelch,14,describer,1,NA,NA,635
Mhm,13,matcher,2,NA,NA,635
Die 7 ist der Priester,14,describer,1,NA,NA,636
Und der 8 ist der Fussballer,14,describer,1,NA,NA,637
o.k. stopp,13,matcher,2,NA,NA,637
1 ist der liegt auf dem Bauch,13,describer,1,NA,NA,638
Mhm,14,matcher,2,NA,NA,638
2 der Priester,13,describer,1,NA,NA,639
Mhm,14,matcher,2,NA,NA,639
3 gebückte Stellung mit Arm nach unten,13,describer,1,NA,NA,640
Mhm,14,matcher,2,NA,NA,640
4 Betstellung mit Kelch,13,describer,1,NA,NA,641
Mhm,14,matcher,2,NA,NA,641
Äh 5 das undefinierbare,13,describer,1,NA,NA,642
Mhm,14,matcher,2,NA,NA,642
6 der Fussballer,13,describer,1,NA,NA,643
Mhm,14,matcher,2,NA,NA,643
7 linker Arm nach oben rechter Arm nach unten,13,describer,1,NA,NA,644
mhm,14,matcher,2,NA,NA,644
8 runder Rücken mit angespr- äh winkelten,13,describer,1,NA,NA,645
o.k.,14,matcher,2,NA,NA,645
Die 1 Karte ist die Figur die auf dem Bauch liegt,14,describer,1,NA,NA,646
Mhm,13,matcher,2,NA,NA,646
Die 2 ist die Person die gebückt da steht Arme nach unten,14,describer,1,NA,NA,647
mmm ja,13,matcher,2,NA,NA,647
Die 3 ist die undefinierbare,14,describer,1,NA,NA,648
ja,13,matcher,2,NA,NA,648
Die 4 ist die die sitzt mit dem gebückten gebeugten Rücken,14,describer,1,NA,NA,649
Mhm,13,matcher,2,NA,NA,649
Die 5 ist die Person in Betstellung mit dem Kelch,14,describer,1,NA,NA,650
Mhm,13,matcher,2,NA,NA,650
Die 2 ist der Priester äh die die 6 ist der Priester,14,describer,1,NA,NA,651
Mhm,13,matcher,2,NA,NA,651
Die 7 ist die Person der linke Arm zeigt nach oben der rechte nach unten,14,describer,1,NA,NA,652
Ja,13,matcher,2,NA,NA,652
Und der 8 ist der Fussballer,14,describer,1,NA,NA,653
Ja.,13,matcher,2,NA,NA,653
1 Bet- Beter mit Kelch,13,describer,1,NA,NA,654
Ja,14,matcher,2,NA,NA,654
2 ähm das undefinierbare,13,describer,1,NA,NA,655
Mmm ja,14,matcher,2,NA,NA,655
3 äh Fussballer,13,describer,1,NA,NA,656
Ja,14,matcher,2,NA,NA,656
4 linker Arm nach oben rechter nach unten,13,describer,1,NA,NA,657
Ja,14,matcher,2,NA,NA,657
5 äh runder Ruck- Rücken mit,13,describer,1,NA,NA,658
ja,14,matcher,2,NA,NA,658
Ähm bücken mit Arm nach unten,13,describer,1,NA,NA,659
ja,14,matcher,2,NA,NA,659
7 Priester,13,describer,1,NA,NA,660
Ja,14,matcher,2,NA,NA,660
8 äh Bauch,13,describer,1,NA,NA,661
o.k.,14,matcher,2,NA,NA,661
Also bei 5 dort wo die Karte 5 liegt,15,describer,1,NA,NA,662
Ja,16,matcher,2,NA,NA,662
Also hast du auch Nummern auf deinem,15,describer,3,TRUE,NA,662
Auf meiner Schablone ja ja,16,matcher,4,TRUE,NA,662
Ja da liegt bei mir ein Männchen,15,describer,5,TRUE,NA,662
Bei 5,16,matcher,6,NA,NA,662
Ja,15,describer,7,NA,NA,662
o.k. mit den Füssen hoch in der Luft,16,matcher,8,NA,NA,662
Ja,15,describer,9,NA,NA,662
o.k.,16,matcher,10,NA,NA,662
Und dann habe ich bei 7 eines das sitzt,15,describer,1,NA,NA,663
Was wo hast du das ?,16,matcher,2,NA,NA,663
Bei 7,15,describer,3,NA,NA,663
Bei 7 eins das sitzt,16,matcher,4,NA,NA,663
Ja,15,describer,5,NA,NA,663
Sitzen  o.k. ich was du meinst,16,matcher,6,NA,NA,663
Dann habe ich bei  4 eines das hat einen Krug in der Hand,15,describer,1,NA,NA,664
o.k. so eine Schale kann man auch so  interpretieren,16,matcher,2,NA,NA,664
Mhm  dann 1 habe ich eines das sieht aus auch aus als würde es sich nach einer Schale bücken als ob es. ja,15,describer,1,NA,NA,665
ja,16,matcher,2,NA,NA,665
Dann ist eines da das streckt beide Arme waagerecht auf beide Seiten,15,describer,1,NA,NA,666
Mhm steht gerade,16,matcher,2,NA,NA,666
Ja,15,describer,3,NA,NA,666
Ales symmetrisch,16,matcher,4,NA,NA,666
Mhm,15,describer,5,NA,NA,666
Wo ist das bei 2?,16,matcher,6,NA,NA,666
Bei 2 28 M Ja o.,15,describer,7,NA,NA,666
ja o.k.,16,matcher,8,NA,NA,666
Bei 8 da rennt eines,15,describer,1,NA,NA,667
Mhm sieht aus wie ein Schlittschuhläufer,16,matcher,2,NA,NA,667
ja,15,describer,3,NA,NA,667
o.k.,16,matcher,4,NA,NA,667
Und bei 3 streckt eines ein Bein ganz gerade auf eine Seite,15,describer,1,NA,NA,668
Mhm und die Hand diagonal dazu,16,matcher,2,NA,NA,668
Ja,15,describer,3,NA,NA,668
Bei 3 ne,16,matcher,4,NA,NA,668
Ja,15,describer,5,NA,NA,668
o.k. das letzte ist bei 6,16,matcher,1,NA,NA,669
Ja. das letzte ist bei 6 und das streckt ein Bein,15,describer,2,NA,NA,669
Zieht ein Bein hoch,16,matcher,3,NA,NA,669
Ja. ja ich glaube das ist gut so oder,15,describer,4,NA,NA,669
Ja ich denke wir brauchen es nicht zu,16,matcher,5,NA,NA,669
ja,15,describer,6,NA,NA,669
Zu durch checken,16,matcher,7,NA,NA,669
O.k. also bei 1 haben wir wieder das Männchen das läuft das wie ein Eiskunstläufer aussieht,16,describer,1,NA,NA,670
Mhm,15,matcher,2,NA,NA,670
Bei 5 wieder die Figur die sich bückt um eine Schale oder Vase,16,describer,1,NA,NA,671
Ja,15,matcher,2,NA,NA,671
Zu holen. bei 2 haben wir Figur die das Bein hoch zieht aber gerade steht,16,describer,1,NA,NA,672
Ja,15,matcher,2,NA,NA,672
Bei 6 haben wir die Figur die symmetrisch da steht mit beiden Armen ausgestreckt,16,describer,1,NA,NA,673
Ja mhm,15,matcher,2,NA,NA,673
Bei 3 haben wir die Figur die liegt mit beiden Beinen hoch,16,describer,1,NA,NA,674
mhm,15,matcher,2,NA,NA,674
Bei 7  die Figur die kniet mit einer Schale,16,describer,1,NA,NA,675
Ja,15,matcher,2,NA,NA,675
Und ausgestreckten Armen Bei 4 die Figur die sitzt,16,describer,1,NA,NA,676
Ja,15,matcher,2,NA,NA,676
Von der Seite her gesehen. Und bei 8 die Figur die diagonal ihr Bein ausstreckt und,16,describer,1,NA,NA,677
Ja,15,matcher,2,NA,NA,677
Den Arm dazu,16,describer,3,NA,NA,677
Ja ist schon o.k.,15,matcher,4,NA,NA,677
Bei 8 habe ich das liegende Männchen,15,describer,1,NA,NA,678
Ja,16,matcher,2,NA,NA,678
Bei 4 das Männchen mit das sich bückt mit einer Schale in der Hand,15,describer,1,NA,NA,679
Ja,16,matcher,2,NA,NA,679
Bei 3 das symmetrische,15,describer,1,NA,NA,680
Ja,16,matcher,2,NA,NA,680
Bei 7 das rennende,15,describer,1,NA,NA,681
o.k.,16,matcher,2,NA,NA,681
Bei 6 das sitzende,15,describer,1,NA,NA,682
Ja,16,matcher,2,NA,NA,682
Bei 2 das das kniet mit der Schale in der Hand,15,describer,1,NA,NA,683
o.k.,16,matcher,2,NA,NA,683
Äh bei 1 dasjenige das das Bein anzieht,15,describer,1,NA,NA,684
Ja,16,matcher,2,NA,NA,684
Und bei 5 das mit den diagonalen Beinen und Armen,15,describer,1,NA,NA,685
Ja ist gut 63  D Gut ist gut,16,matcher,2,NA,NA,685
Also bei 1 ist das Männchen das das Bein ausstreckt und diagonal dazu den Arm,16,describer,1,NA,NA,686
Ja,15,matcher,2,NA,NA,686
Bei 5 das Männchen das das Bein hoch zieht,16,describer,1,NA,NA,687
ja,15,matcher,2,NA,NA,687
Bei 2 die Figur die rennt,16,describer,1,NA,NA,688
Ja,15,matcher,2,NA,NA,688
Bei 6 die Figur die die schale hoch nimmt die sich bückt,16,describer,1,NA,NA,689
Die sich bückt,15,matcher,2,NA,NA,689
Ja. bei 3 die Figur die sitzt,16,describer,3,NA,NA,688
Bei 7 Figur die symmetrisch ist,16,describer,1,NA,NA,690
Ja,15,matcher,2,NA,NA,690
Und bei 4 die liegt un- mit Beinen hoch,16,describer,1,NA,NA,691
Mhm,15,matcher,2,NA,NA,691
Und bei 8 die Figur die kniet mit der Schale im Arm,16,describer,1,NA,NA,692
ja,15,matcher,2,NA,NA,692
o.k.,16,describer,3,NA,NA,692
Bei 5 das liegende Männchen,15,describer,1,NA,NA,693
ja,16,matcher,2,NA,NA,693
Bei 1 das kniende mit Schale,15,describer,1,NA,NA,694
Ja,16,matcher,2,NA,NA,694
Bei 2 das sitzende,15,describer,1,NA,NA,695
ja,16,matcher,2,NA,NA,695
Bei 6 das das das Bein hoch zieht,15,describer,1,NA,NA,696
ja,16,matcher,2,NA,NA,696
Bei 7 das diagonale,15,describer,1,NA,NA,697
Äh bei 7,16,matcher,2,NA,NA,697
ja,15,describer,3,NA,NA,697
Mhm,16,matcher,4,NA,NA,697
Bei 3 das rennende,15,describer,1,NA,NA,698
ja,16,matcher,2,NA,NA,698
Bei 8 das symmetrische,15,describer,1,NA,NA,699
Ja,16,matcher,2,NA,NA,699
Und bei 4 das das sich nach der Schale bückt,15,describer,1,NA,NA,700
o.k.,16,matcher,2,NA,NA,700
Bei 1 das symmetrische,16,describer,1,NA,NA,701
ja,15,matcher,2,NA,NA,701
Bei 5 das diagonale. Bein ausgestreckt Arm ausgestreckt,16,describer,1,NA,NA,702
Mhm,15,matcher,2,NA,NA,702
bei 2 das kniende,16,describer,1,NA,NA,703
mit Schale ?,15,matcher,2,NA,NA,703
Mit Schale ja.,16,describer,3,NA,NA,703
bei 6 das Mä- die Figur die sich bückt,16,describer,1,NA,NA,704
Mhm,15,matcher,2,NA,NA,704
Bei 3 die Figur die die das Bein hoch zieht,16,describer,1,NA,NA,705
Mhm,15,matcher,2,NA,NA,705
Bei 7 das liegende,16,describer,1,NA,NA,706
Mhm,15,matcher,2,NA,NA,706
Bei 4 das rennende Männchen,16,describer,1,NA,NA,707
Ja,15,matcher,2,NA,NA,707
Und bei 8 das sitzende,16,describer,1,NA,NA,708
Ja ist gut,15,matcher,2,NA,NA,708
Bei 8 das kniende Männchen,15,describer,1,NA,NA,709
äh ja,16,matcher,2,NA,NA,709
Hast du es,15,describer,3,NA,NA,709
Moment nein,16,matcher,4,NA,NA,709
Nein,15,describer,5,NA,NA,709
Kniend?,16,matcher,6,NA,NA,709
Ja das mit der Schale,15,describer,7,NA,NA,709
ja o.k. 8? Ja,16,matcher,8,NA,NA,709
Ja. bei 4 das symmetrische,15,describer,1,NA,NA,710
Ja,16,matcher,2,NA,NA,710
Bei 7 das sitzende,15,describer,1,NA,NA,711
ja bei 7 ?,16,matcher,2,NA,NA,711
Ja. Bei 3 das das das Bein hoch zieht,15,describer,1,NA,NA,712
Ja,16,matcher,2,NA,NA,712
Bei 6 das liegende,15,describer,1,NA,NA,713
Ja,16,matcher,2,NA,NA,713
Bei 1 das das sich nach der Schale bückt,15,describer,1,NA,NA,714
o.k.,16,matcher,2,NA,NA,714
Bei 5 eines das nach hinten ein Bein ausgestreckt hat,15,describer,1,NA,NA,715
o.k. habe ich,16,matcher,2,NA,NA,715
Und 2 so ein tanzendes,15,describer,1,NA,NA,716
o.k. ist gut.,16,matcher,2,NA,NA,716
Also bei 1 die Figur die das Bein hoch zieht,16,describer,1,NA,NA,717
ja,15,matcher,2,NA,NA,717
Bei 5 die Figur die kniet mit der Vase,16,describer,1,NA,NA,718
Mm ja,15,matcher,2,NA,NA,718
Bei 2 die Figur die liegt,16,describer,1,NA,NA,719
Mhm,15,matcher,2,NA,NA,719
Bei 6 die Figur die tanzt Ballett macht,16,describer,1,NA,NA,720
Mhm,15,matcher,2,NA,NA,720
Ein Bein nach oben das andere ausgestreckt,16,describer,3,NA,NA,720
Mhm,15,matcher,4,NA,NA,720
3 die Figur die sich bückt,16,describer,1,NA,NA,721
7 die Figur die sitzt und die Knie angezogen hat,16,describer,1,NA,NA,722
Mhm,15,matcher,2,NA,NA,722
4 die Figur die symmetrisch ist,16,describer,1,NA,NA,723
Und 8 die Figur die tanzt,16,describer,1,NA,NA,724
Ja. stopp,15,matcher,2,NA,NA,724
Bei 8 die liegende Figur,15,describer,1,NA,NA,725
Ja,16,matcher,2,NA,NA,725
Bei 4 die kniende mit Schale,15,describer,1,NA,NA,726
Kniend mit schale ja.,16,matcher,2,NA,NA,726
Bei 3 die sitzende,15,describer,1,NA,NA,727
Ja,16,matcher,2,NA,NA,727
Bei 7 die die das Bein nach hinten ausstreckt,15,describer,1,NA,NA,728
Ja,16,matcher,2,NA,NA,728
Bei 6 die sich bückende mit Schale,15,describer,1,NA,NA,729
ja,16,matcher,2,NA,NA,729
Die 2 die tanzende Figur,15,describer,1,NA,NA,730
Ja,16,matcher,2,NA,NA,730
Die 5 die symmetrische,15,describer,1,NA,NA,731
Mhm,16,matcher,2,NA,NA,731
Und die 1die die das Bein hoch zieht,15,describer,1,NA,NA,732
o.k.,16,matcher,2,NA,NA,732
1 die kniende,16,describer,1,NA,NA,733
Ja,15,matcher,2,NA,NA,733
5 die hoch ziehende mit dem Bein,16,describer,1,NA,NA,734
Mmm ja,15,matcher,2,NA,NA,734
Bei 2 die Figur die das Bein nach hinten ausstreckt aber steht,16,describer,1,NA,NA,735
Ja,15,matcher,2,NA,NA,735
Bei 6 die symmetrische,16,describer,1,NA,NA,736
Mhm,15,matcher,2,NA,NA,736
Bei 3 die tanzende,16,describer,1,NA,NA,737
Mhm,15,matcher,2,NA,NA,737
Bei 7 die liegende,16,describer,1,NA,NA,738
Mhm,15,matcher,2,NA,NA,738
Bei 4 die bückende,16,describer,1,NA,NA,739
Mhm,15,matcher,2,NA,NA,739
Und bei 8 die sitzende,16,describer,1,NA,NA,740
Ja.stopp,15,matcher,2,NA,NA,740
Bei 1 die sitzende,15,describer,1,NA,NA,741
Ja,16,matcher,2,NA,NA,741
Bei 5 die mit dem Bein nach hinten,15,describer,1,NA,NA,742
Ja,16,matcher,2,NA,NA,742
Bei 2 die die sich bückt,15,describer,1,NA,NA,743
o.k.,16,matcher,2,NA,NA,743
Bei 6 die liegende,15,describer,1,NA,NA,744
Ja,16,matcher,2,NA,NA,744
Bei 3 die symmetrische,15,describer,1,NA,NA,745
Ja,16,matcher,2,NA,NA,745
Bei 7 die mit dem angezogenen Bein,15,describer,1,NA,NA,746
Ja,16,matcher,2,NA,NA,746
Auf 4 die tanzende,15,describer,1,NA,NA,747
Ja,16,matcher,2,NA,NA,747
Und bei 8 die kniende,15,describer,1,NA,NA,748
o.k.,16,matcher,2,NA,NA,748
Bei 1 die tanzende,16,describer,1,NA,NA,749
Ja,15,matcher,2,NA,NA,749
Bei 5 sitzend,16,describer,1,NA,NA,750
Ja,15,matcher,2,NA,NA,750
2 liegend,16,describer,1,NA,NA,751
Mhm,15,matcher,2,NA,NA,751
6 symmetrisch,16,describer,1,NA,NA,752
Mhm,15,matcher,2,NA,NA,752
3 kniend,16,describer,1,NA,NA,753
Mhm,15,matcher,2,NA,NA,753
7 Beine hoch ziehen,16,describer,1,NA,NA,754
Mhm,15,matcher,2,NA,NA,754
4 Bein nach hinten ausstrecken,16,describer,1,NA,NA,755
ja,15,matcher,2,NA,NA,755
Und äh 8 bückend,16,describer,1,NA,NA,756
Ja. stopp,15,matcher,2,NA,NA,756
Also was ist deine erste Karte?,17,matcher,1,NA,NA,757
Jaa es ist mmh ein Männchen mit mmh dem rechten Bein am Boden und das linke ist in der Luft,18,describer,2,NA,NA,757
ja. also das linke so nach oben,17,matcher,3,NA,NA,757
ja,18,describer,4,NA,NA,757
der Kopf ist so im rechten  unteren Ecken,17,matcher,5,NA,NA,757
o.k. ja,18,describer,6,NA,NA,757
mhm. das 2 ?,17,matcher,1,NA,NA,758
das 2 sieht aus wie eine Schlittschuhläuferin,18,describer,2,NA,NA,758
so mit den Armen oben,17,matcher,3,NA,NA,758
ja. ist gut,17,matcher,4,NA,NA,758
das 3 ist ääh auch wieder zwei Dreieckchen am Boden,18,describer,1,NA,NA,759
ja,17,matcher,2,NA,NA,759
eines spitz also ja einfach eine Spitze am Boden,18,describer,3,NA,NA,759
mhm,17,matcher,4,NA,NA,759
und er sieht auch wie ein Schl-,18,describer,5,NA,NA,759
wie so wie wenn er versuchen würde zu fliegen,17,matcher,6,NA,NA,759
ja irgend so etwas und der Kopf ist ganz rechts waagerecht,18,describer,7,NA,NA,759
o.k. mhm,17,matcher,8,NA,NA,759
und noch der andere ist der mit den beiden Ar- äh Armen oben,18,describer,1,NA,NA,760
beiden Armen oben,17,matcher,2,NA,NA,760
ja genau,18,describer,3,NA,NA,760
so relativ gerade,17,matcher,4,NA,NA,760
mhm,18,describer,5,NA,NA,760
mhm,17,matcher,6,NA,NA,760
der 5 ist der der der irgend wie sitzen würde. gerade einfach so in äh äh wie sagt man  der Kopf gerade,18,describer,1,NA,NA,761
so mit dem Rücken. fast. oder so links hat es noch so eine Spitze heraus,17,matcher,2,NA,NA,761
NEIN aber  also doch links hat es noch so eine Spitze unten dran bei den Füssen,18,describer,3,NA,NA,761
ja genau,18,describer,4,NA,NA,761
ja aber sonst ist er gerade,17,matcher,5,NA,NA,761
sonst ja,18,describer,6,NA,NA,761
ja,17,matcher,7,NA,NA,761
der 6 ist äh er lehnt sich nach vorne mit beiden Füssen,18,describer,1,NA,NA,762
mhm ist gut,17,matcher,2,NA,NA,762
der 7 ist  äh auch eigentlich ähnlich wie die 6 nur äh ein grosses Dreieck am Boden also,18,describer,1,NA,NA,763
ähnlich wie die 6 ?,17,matcher,2,NA,NA,763
ja,18,describer,3,NA,NA,763
hat es nicht so zwei,17,matcher,4,NA,NA,763
so von der Figur her so von der Ausrichtung,18,describer,5,NA,NA,763
mhm und die zwei hat es so zwei Dreiecke rechts,17,matcher,6,NA,NA,763
rechts ja,18,describer,7,NA,NA,763
ähä so ein äh so ein bisschen so ein wenig  verstellt also es ist wie wenn es sich bücken,17,matcher,8,NA,NA,763
aber es hat wie ähhh?,18,describer,9,NA,NA,763
würde und so etwas in der Hand hält so eine Schale in der Hand,17,matcher,10,NA,NA,763
ja o.k. genau o.k.,18,describer,11,NA,NA,763
o.k.,17,matcher,12,NA,NA,763
und die 8 ist der der,18,describer,1,NA,NA,764
am Boden liegt,17,matcher,2,NA,NA,764
ja am Boden liegt genau die Beine eigentlich in die Luft hält wenn du so willst,18,describer,3,NA,NA,764
ja o.k.,17,matcher,4,NA,NA,764
also zuerst ist der der gerade steht. mit den Armen oben,17,describer,1,NA,NA,765
o.k.,18,matcher,2,NA,NA,765
der 2 ist der der sich bückt. mit den zwei Dreieckchen am Boden. die Füsse und rechts ist der Kopf,17,describer,1,NA,NA,766
mhm,18,matcher,2,NA,NA,766
dann der 3 ist das das die Schale hält was wir vorhin hatten,17,describer,1,NA,NA,767
ja o.k.,18,matcher,2,NA,NA,767
die 4 ist das mit dem Bein am Boden,17,describer,1,NA,NA,768
also mit einem Bein  in der Luft,18,matcher,2,NA,NA,768
am Boden. ja,17,describer,3,NA,NA,768
o.k.,18,matcher,4,NA,NA,768
die 5 ist der der liegt,17,describer,1,NA,NA,769
oh der der liegt ja,18,matcher,2,NA,NA,769
ja. die 6 ist der der fliegt,17,describer,1,NA,NA,770
ja,18,matcher,2,NA,NA,770
die 7 ist der der so so schräg steht irgendwie,17,describer,1,NA,NA,771
einfach also ja,18,matcher,2,NA,NA,771
so rechts,17,describer,3,NA,NA,771
aber zwei Dreieckchen an Boden,18,matcher,4,NA,NA,771
ja genau,17,describer,5,NA,NA,771
o.k. dieser ist der der meditiert,18,matcher,6,NA,NA,771
ja der 8 ist meditierend,17,describer,1,NA,NA,772
ja.,18,matcher,2,NA,NA,772
der 1 ist der mit den beiden Dreieckchen am Boden,18,describer,1,NA,NA,773
der der bückt?,17,matcher,2,NA,NA,773
äh nein er steht,18,describer,3,NA,NA,773
der andere,17,matcher,4,NA,NA,773
er steht leicht schräg,18,describer,5,NA,NA,773
o.k.,17,matcher,6,NA,NA,773
der 2 ist der mit einem Bein am Boden wie ein Sumoringer,18,describer,1,NA,NA,774
ja,17,matcher,2,NA,NA,774
der 3 ist die steh- also der steht mit den Armen oben,18,describer,1,NA,NA,775
mhm,17,matcher,2,NA,NA,775
der 4 ist der mit der Tasse,18,describer,1,NA,NA,776
ja,17,matcher,2,NA,NA,776
der 5 ist der liegende Beine hinten hoch,18,describer,1,NA,NA,777
ja,17,matcher,2,NA,NA,777
der 6 ist der meditierende,18,describer,1,NA,NA,778
ja,17,matcher,2,NA,NA,778
der 7 ist der der den Kopf rechts hat,18,describer,1,NA,NA,779
mhm mit den beiden Füssen am Boden,17,matcher,2,NA,NA,779
am Boden und der andere ist der Rück- also ja so mit gekrümmtem Rücken,18,describer,3,NA,NA,779
der der 8 ?,17,matcher,1,NA,NA,780
ja,18,describer,2,NA,NA,780
und der 7 ist der der fliegt ?,17,matcher,4,NA,NA,779
ja,18,describer,5,NA,NA,779
o.k.,17,matcher,6,NA,NA,779
die 1 ist der der gebückt ist.,17,describer,1,NA,NA,781
die 2 ist der mit einem Bein am Boden.,17,describer,1,NA,NA,782
die 3 der meditierend.,17,describer,1,NA,NA,783
4 der stehend,17,describer,1,NA,NA,784
warte warte die 3 der meditierende?,18,matcher,2,NA,NA,783
4 der gerade ist mit den beiden Armen in der Luft,17,describer,2,NA,NA,784
5 der mit der Tasse,17,describer,1,NA,NA,785
ja,18,matcher,2,NA,NA,785
6 der schräge der steht,17,describer,1,NA,NA,786
nicht verstanden,18,matcher,2,NA,NA,786
der der schräg steht,17,describer,3,NA,NA,786
mhm ja,18,matcher,4,NA,NA,786
7 der fliegende.,17,describer,1,NA,NA,787
und 8 der liegende,17,describer,1,NA,NA,788
o.k.,18,matcher,2,NA,NA,788
der 1 ist der der ganz gerade steht,18,describer,1,NA,NA,789
ja,17,matcher,2,NA,NA,789
der 2 ist der mit dem der Tasse,18,describer,1,NA,NA,790
ja,17,matcher,2,NA,NA,790
der 3 ist der fliegend,18,describer,1,NA,NA,791
ja,17,matcher,2,NA,NA,791
der 4 ist mit dem krummen Rücken,18,describer,1,NA,NA,792
ja,17,matcher,2,NA,NA,792
der 5 ist der liegende,18,describer,1,NA,NA,793
ja,17,matcher,2,NA,NA,793
der 6 ist der meditierende,18,describer,1,NA,NA,794
ja,17,matcher,2,NA,NA,794
der 7 ist der Sumoringer,18,describer,1,NA,NA,795
ja,17,matcher,2,NA,NA,795
der 8 ist irgendwie,18,describer,1,NA,NA,796
ja. ok.,17,matcher,2,NA,NA,796
also,18,matcher,1,NA,NA,797
1 Sumoringer.,17,describer,2,NA,NA,797
2 meditierend.,17,describer,1,NA,NA,798
3 am Boden liegend.,17,describer,1,NA,NA,799
und 4 der der bückt.,17,describer,1,NA,NA,800
5 der gerade steht.,17,describer,1,NA,NA,801
6 der fliegt.,17,describer,1,NA,NA,802
der 7 mit der Tasse,17,describer,1,NA,NA,803
und 8 der schräge,17,describer,1,NA,NA,804
ja,18,matcher,2,NA,NA,804
der 1 ist der der die Arme ausgebreitet hat wie ein Priester,18,describer,1,NA,NA,805
ja,17,matcher,2,NA,NA,805
der 2 ist äh tanzend auch mit einem Bein am Boden und das andere gegen links,18,describer,1,NA,NA,806
ja,17,matcher,2,NA,NA,806
der 3 ist der  mit dem krümmen Rücken,18,describer,1,NA,NA,807
ja,17,matcher,2,NA,NA,807
der 4 ist äh der linke Arm rauf gehalten und auf das rechte Bein unten also so eine Siegerpose,18,describer,1,NA,NA,808
Siegerpose?,17,matcher,2,NA,NA,808
jjja,18,describer,3,NA,NA,808
JA,17,matcher,4,NA,NA,808
der 5 ist der der auf auf dem Arsch sitzt,18,describer,1,NA,NA,809
ja,17,matcher,2,NA,NA,809
der 6 der auf den Knien sitzt,18,describer,1,NA,NA,810
ja,17,matcher,2,NA,NA,810
der 7 ist der der liegt,18,describer,1,NA,NA,811
mhm,17,matcher,2,NA,NA,811
der 8 ist der mit einem Bein hinten raus,18,describer,1,NA,NA,812
mhm o.k.,17,matcher,2,NA,NA,812
der 1 ist der auf dem Arsch,17,describer,1,NA,NA,813
mhm,18,matcher,2,NA,NA,813
die 2 der der sich bückt.,17,describer,1,NA,NA,814
der 3 der das Bein hinten rauf hält,17,describer,1,NA,NA,815
ja,18,matcher,2,NA,NA,815
der 4 der mit den Armen draussen.,17,describer,1,NA,NA,816
der 5 in der Siegerpose.,17,describer,1,NA,NA,817
der 6 der liegt.,17,describer,1,NA,NA,818
der 7 auf den Knien.,17,describer,1,NA,NA,819
der 8 der der so tänzelt,17,describer,1,NA,NA,820
mhm. ja,18,matcher,2,NA,NA,820
der 1 ist der Priester,18,describer,1,NA,NA,821
ja,17,matcher,2,NA,NA,821
der 2 ist der liegende,18,describer,1,NA,NA,822
ja,17,matcher,2,NA,NA,822
der 3 Siegerpose,18,describer,1,NA,NA,823
ja,17,matcher,2,NA,NA,823
4 ist Beine hinten raus,18,describer,1,NA,NA,824
ja,17,matcher,2,NA,NA,824
der 5 ist der tanzende Bär,18,describer,1,NA,NA,825
was?,17,matcher,2,NA,NA,825
tanzender Bär,18,describer,3,NA,NA,825
ja,17,matcher,4,NA,NA,825
und 6 ist der auf den Knien,18,describer,1,NA,NA,826
ja,17,matcher,2,NA,NA,826
7 ist der mit dem krummen Rücken,18,describer,1,NA,NA,827
ja,17,matcher,2,NA,NA,827
und der 8 auf dem Arsch,18,describer,1,NA,NA,828
ja,17,matcher,2,NA,NA,828
1 auf den Knien.,17,describer,1,NA,NA,829
2 auf dem Arsch.,17,describer,1,NA,NA,830
3 der bückt.,17,describer,1,NA,NA,831
4 die Siegespose,17,describer,1,NA,NA,832
mh,18,matcher,2,NA,NA,832
5 tanzender Bär.,17,describer,1,NA,NA,833
6 Priester.,17,describer,1,NA,NA,834
7 Beine hinten raus,17,describer,1,NA,NA,835
und 8 liegend,17,describer,1,NA,NA,836
o.k.,18,matcher,2,NA,NA,836
der 1 ist mit dem krummen Rücken,18,describer,1,NA,NA,837
mhm,17,matcher,2,NA,NA,837
der 2 ist der tanzende Bär,18,describer,1,NA,NA,838
mhm,17,matcher,2,NA,NA,838
der 3 ist mit den Beinen hinten raus,18,describer,1,NA,NA,839
ja,17,matcher,2,NA,NA,839
der 4 ist der sitzende,18,describer,1,NA,NA,840
ja,17,matcher,2,NA,NA,840
der 5 ist der kniende,18,describer,1,NA,NA,841
ja,17,matcher,2,NA,NA,841
der 6 ist der Priester,18,describer,1,NA,NA,842
ja,17,matcher,2,NA,NA,842
der 7 ist der liegende,18,describer,1,NA,NA,843
ja,17,matcher,2,NA,NA,843
und 8 Siegerpose,18,describer,1,NA,NA,844
ja,17,matcher,2,NA,NA,844
Beine hinten raus.,17,describer,1,NA,NA,845
liegen.,17,describer,1,NA,NA,846
Siegerpose.,17,describer,1,NA,NA,847
hocken.,17,describer,1,NA,NA,848
knien.,17,describer,1,NA,NA,849
Priester.,17,describer,1,NA,NA,850
krummer Rücken.,17,describer,1,NA,NA,851
tanzen,17,describer,1,NA,NA,852
HEY Sorry 5 was war die 6? Priester,18,matcher,2,NA,NA,850
Priester.,17,describer,3,NA,NA,850
krummer Rücken.,17,describer,2,NA,NA,851
tanzen,17,describer,2,NA,NA,852
ja.,18,matcher,3,NA,NA,852
Gut ähm was hast auf der 1,19,matcher,1,NA,NA,853
auf der 1 habe ich wie ein Männchen das springt. davon rennt vor etwas,20,describer,2,NA,NA,853
ja. die 2 ?,19,matcher,1,NA,NA,854
die 2 würde ich sagen ist wie ein Männchen das  und zwar von mir aus gesehen,20,describer,2,NA,NA,854
hat so eine Diagonale drin,19,matcher,3,NA,NA,854
von mir aus gesehen auf der rechten Seite ist das Bein länger,20,describer,4,NA,NA,854
eben es ist so wie eine Diagonale,19,matcher,5,NA,NA,854
wie ?,20,describer,6,NA,NA,854
der Arm ist so wie hinauf,19,matcher,7,NA,NA,854
ja,20,describer,8,NA,NA,854
o.k.,19,matcher,9,NA,NA,854
der von mir ausgesehen der linke Arm,20,describer,10,NA,NA,854
ja,19,matcher,11,NA,NA,854
geht nach oben,20,describer,12,NA,NA,854
ja,19,matcher,13,NA,NA,854
das 3 wäre wie ich würde sagen jemand der so ein Opfer  darbringt in einer Schale,20,describer,1,NA,NA,855
ja 4 ?,19,matcher,1,NA,NA,856
die 4 ist jemand der äh sitzt. so im wie als ob es im Schneidersitz sitzen aber hat ein Tuch über sich,20,describer,2,NA,NA,856
ja,19,matcher,3,NA,NA,856
die 5 könnte man sucht etwas am Boden,20,describer,1,NA,NA,857
ja,19,matcher,2,NA,NA,857
aber liegt nicht am Boden sonder es  ist mehr hat wie ein Bügeleisen am Boden,20,describer,3,NA,NA,857
ja hä?,19,matcher,4,NA,NA,857
ein Bügeleisen also  ja,20,describer,5,NA,NA,857
also warte mal ist die Person,19,matcher,6,NA,NA,857
sucht also bückt sich ja nach vorne,20,describer,7,NA,NA,857
gebückt,19,matcher,8,NA,NA,857
ja ja,20,describer,9,NA,NA,857
die 6 wäre auch auf eine Art wie ein tanzen  aber ähm,20,describer,1,NA,NA,858
ja.,19,matcher,2,NA,NA,858
gut. die 7 liegt am Boden,20,describer,1,NA,NA,859
ja,19,matcher,2,NA,NA,859
8 steht  einfach gerade,20,describer,1,NA,NA,860
ja. o.k. stopp,19,matcher,2,NA,NA,860
gut also die 1 ist äh so wie du gesagt hast wie so ein Tuch,19,describer,1,NA,NA,861
ja,20,matcher,2,NA,NA,861
das 2 die die si- die springt das war die 1 vorhin,19,describer,1,NA,NA,862
ja,20,matcher,2,NA,NA,862
die 3 ist die diagonale die so wie tanzt,19,describer,1,NA,NA,863
ja,20,matcher,2,NA,NA,863
4 ist das wo du vorhin gesagt hast mit dem Opfer,19,describer,1,NA,NA,864
mit dem Opfer ja.,20,matcher,2,NA,NA,864
5 ist wo du gesagt hast es sieht auch aus als ob es tanzt. aber einfach weniger also nicht so mit der Diagonale darin oder,19,describer,1,NA,NA,865
ja,20,matcher,2,NA,NA,865
die 6 ist die Person von der du gesagt hast das sich sich so bückt so wie ein Bügeleisen oder so etwas,19,describer,1,NA,NA,866
mhm,20,matcher,2,NA,NA,866
7 ist so wie steht 47  M mhm,19,describer,1,NA,NA,867
und 8 so sieht aus als ob er fliegen würde,19,describer,1,NA,NA,868
stopp,20,matcher,2,NA,NA,868
ähm die die ähm sich nach vorne äh ähm,20,describer,1,NA,NA,869
ja. bückt,19,matcher,2,NA,NA,869
bückt. 2 die die spr. davon springt,20,describer,3,NA,NA,869
ja,19,matcher,1,NA,NA,870
äh 3 die das Opfer bringt,20,describer,1,NA,NA,871
ja,19,matcher,2,NA,NA,871
4 die einfach gerade steht,20,describer,1,NA,NA,872
ja,19,matcher,2,NA,NA,872
5 die ähm sitzt im Schneidersitz,20,describer,1,NA,NA,873
ja,19,matcher,2,NA,NA,873
6 der mit der Diagonale tanzend,20,describer,1,NA,NA,874
ja,19,matcher,2,NA,NA,874
7 der ta- tanzend aber auf auf eine Seite,20,describer,1,NA,NA,875
stopp,19,matcher,1,NA,NA,876
und die 8,20,describer,2,NA,NA,876
war schon stopp,19,matcher,3,NA,NA,876
gut das ist die Person die liegt,19,describer,1,NA,NA,877
ja,20,matcher,2,NA,NA,877
und das Opfer,19,describer,1,NA,NA,878
ja,20,matcher,2,NA,NA,878
diagonale,19,describer,1,NA,NA,879
mhm,20,matcher,2,NA,NA,879
die Person die steht,19,describer,1,NA,NA,880
mhm,20,matcher,2,NA,NA,880
die die davon rennt,19,describer,1,NA,NA,881
ja,20,matcher,2,NA,NA,881
die die sich so bückt,19,describer,1,NA,NA,882
so bückt?,20,matcher,2,NA,NA,882
ja das ist so ähm  so vorne runter bückt,19,describer,3,NA,NA,882
ja ist gut. mhm,20,matcher,4,NA,NA,882
dann die so tanzt  und einfach so,19,describer,1,NA,NA,883
ja,20,matcher,2,NA,NA,883
und die sitzt,19,describer,1,NA,NA,884
stopp,20,matcher,2,NA,NA,884
äh die steht 1,20,describer,1,NA,NA,885
ja,19,matcher,2,NA,NA,885
2 die rennt,20,describer,1,NA,NA,886
ja,19,matcher,2,NA,NA,886
3 Opfer,20,describer,1,NA,NA,887
ja,19,matcher,2,NA,NA,887
4 tanzt OHNE Diagonale,20,describer,1,NA,NA,888
ja,19,matcher,2,NA,NA,888
5 die sich bückt,20,describer,1,NA,NA,889
ja,19,matcher,2,NA,NA,889
6 die sitzt im Schneidersitz,20,describer,1,NA,NA,890
ja,19,matcher,2,NA,NA,890
7 tanzt in diagonale,20,describer,1,NA,NA,891
ja,19,matcher,2,NA,NA,891
8 liegen. stopp,20,describer,1,NA,NA,892
stopp,19,matcher,2,NA,NA,892
gut Person die rennt,19,describer,1,NA,NA,893
ja,20,matcher,2,NA,NA,893
dann das mit der Diagonalen,19,describer,1,NA,NA,894
ja,20,matcher,2,NA,NA,894
dann das mit dem Opfer,19,describer,1,NA,NA,895
mhm,20,matcher,2,NA,NA,895
dann das liegen,19,describer,1,NA,NA,896
mhm,20,matcher,2,NA,NA,896
bücken,19,describer,1,NA,NA,897
mhm,20,matcher,2,NA,NA,897
das zweite tanzen,19,describer,1,NA,NA,898
ja,20,matcher,2,NA,NA,898
im Schneidersitz,19,describer,1,NA,NA,899
mhm,20,matcher,2,NA,NA,899
stehen,19,describer,1,NA,NA,900
ja. stopp,20,matcher,2,NA,NA,900
die die sich bückt,20,describer,1,NA,NA,901
jja,19,matcher,2,NA,NA,901
äh die das sind andere,20,describer,3,NA,NA,901
ja,19,matcher,4,NA,NA,901
also die die ähm wie beide Arme in den Himmel hoch das 2 beide Arme in den Himmel hoch und ein Bein,20,describer,1,NA,NA,902
ja,19,matcher,2,NA,NA,902
auch nach oben. die 3 ist  es sitzt am Boden. sitzen,20,describer,1,NA,NA,903
mit,19,matcher,2,NA,NA,903
mhm,20,describer,3,NA,NA,903
o.k.,19,matcher,4,NA,NA,903
die 4 würde ich sag- hüpfen springen nach oben wie nach einem äh Ball,20,describer,1,NA,NA,904
ja,19,matcher,2,NA,NA,904
sich strecken. die 5 ist auch wieder in ein Opfer äh kniend,20,describer,1,NA,NA,905
ja,19,matcher,2,NA,NA,905
die 6 ist einfach eine stehende Person,20,describer,1,NA,NA,906
so die Arme nach links und rechts,19,matcher,2,NA,NA,906
ja,20,describer,3,NA,NA,906
ja,19,matcher,4,NA,NA,906
7 ist von mir aus nach links sich  beugen,20,describer,1,NA,NA,907
ja so wie auf den Schlittschuhen so etwas,19,matcher,2,NA,NA,907
ja genau,20,describer,3,NA,NA,907
ja,19,matcher,4,NA,NA,907
6 liegend,20,describer,1,NA,NA,908
o.k. stopp,19,matcher,2,NA,NA,908
also die Person die sich bückt,19,describer,1,NA,NA,909
ja,20,matcher,2,NA,NA,909
dann beide Arme in den Himmel und die Beine hoch und DAS Bein hoch,19,describer,1,NA,NA,910
ja,20,matcher,2,NA,NA,910
die am Boden sitzt,19,describer,1,NA,NA,911
ja,20,matcher,2,NA,NA,911
die so springt,19,describer,1,NA,NA,912
ja,20,matcher,2,NA,NA,912
Opfer,19,describer,1,NA,NA,913
mhm,20,matcher,2,NA,NA,913
steht und mit beiden Armen links und rechts. raus,19,describer,1,NA,NA,914
mhm,20,matcher,2,NA,NA,914
dann so was ich gesagt habe wegen den Schlittschuhen so beide Beine,19,describer,1,NA,NA,915
mhm,20,matcher,2,NA,NA,915
und liegen,19,describer,1,NA,NA,916
stopp,20,matcher,2,NA,NA,916
äh sto- stehend,20,describer,1,NA,NA,917
ja,19,matcher,2,NA,NA,917
2 liegend,20,describer,1,NA,NA,918
ja,19,matcher,2,NA,NA,918
3 sitzend,20,describer,1,NA,NA,919
ja,19,matcher,2,NA,NA,919
4 hat Schlittschuhe,20,describer,1,NA,NA,920
ja,19,matcher,2,NA,NA,920
5 äh flehend nach oben,20,describer,1,NA,NA,921
mit den Armen. ja,19,matcher,2,NA,NA,921
6 bückend,20,describer,1,NA,NA,922
ja,19,matcher,2,NA,NA,922
7 nach Ball,20,describer,1,NA,NA,923
jja,19,matcher,2,NA,NA,923
8 äh Opfer,20,describer,1,NA,NA,924
stopp,19,matcher,2,NA,NA,924
bücken,19,describer,1,NA,NA,925
ja,20,matcher,2,NA,NA,925
sitzen,19,describer,1,NA,NA,926
mhm,20,matcher,2,NA,NA,926
ähm beide Arme hoch plus ein Bein,19,describer,1,NA,NA,927
ja,20,matcher,2,NA,NA,927
springen hüpfen,19,describer,1,NA,NA,928
mhm,20,matcher,2,NA,NA,928
Opfer,19,describer,1,NA,NA,929
ja,20,matcher,2,NA,NA,929
auf einem Bein Schlittschuh,19,describer,1,NA,NA,930
ja,20,matcher,2,NA,NA,930
stehend,19,describer,1,NA,NA,931
ja,20,matcher,2,NA,NA,931
liegend,19,describer,1,NA,NA,932
stopp,20,matcher,2,NA,NA,932
1 Opfer,20,describer,1,NA,NA,933
ja,19,matcher,2,NA,NA,933
2 Schlittschuhe,20,describer,1,NA,NA,934
ja,19,matcher,2,NA,NA,934
3 liegend,20,describer,1,NA,NA,935
ja,19,matcher,2,NA,NA,935
4 stehend,20,describer,1,NA,NA,936
ja,19,matcher,2,NA,NA,936
5 sitzend,20,describer,1,NA,NA,937
ja,19,matcher,2,NA,NA,937
6 nach Ball äh springend,20,describer,1,NA,NA,938
ja,19,matcher,2,NA,NA,938
7 bücken,20,describer,1,NA,NA,939
ja  stopp,19,matcher,2,NA,NA,939
das mit dem Opfer,19,describer,1,NA,NA,940
ja,20,matcher,2,NA,NA,940
mit einem Bein,19,describer,1,NA,NA,941
mhm,20,matcher,2,NA,NA,941
der liegende,19,describer,1,NA,NA,942
ja,20,matcher,2,NA,NA,942
der stehende mit den Armen raus,19,describer,1,NA,NA,943
ja,20,matcher,2,NA,NA,943
sitzend,19,describer,1,NA,NA,944
ja,20,matcher,2,NA,NA,944
so springend,19,describer,1,NA,NA,945
mhm nach Ball ?,20,matcher,2,NA,NA,945
ja,19,describer,1,NA,NA,946
mhm,20,matcher,2,NA,NA,946
sich bückend,19,describer,1,NA,NA,947
ja,20,matcher,2,NA,NA,947
stopp.,20,matcher,3,NA,NA,947
Also das erste Kärtchen sieht aus wie ein Eiskunstläufer,21,describer,1,NA,NA,948
Mhm,22,matcher,2,NA,NA,948
Der ein Bein in die Luft hält. Also das ist das erste,21,describer,3,NA,NA,948
Das Bein ist rechts oben. Das er in die Luft hebt. Oder sie,22,matcher,4,NA,NA,948
Ja. Genau. Und die Arme sind links also wenn du das  anschaust,21,describer,5,NA,NA,948
Mhm ja,22,matcher,6,NA,NA,948
Die 2 sieht aus wie eine Frau die sich nach etwas bückt,21,describer,1,NA,NA,949
Ja,22,matcher,2,NA,NA,949
Und zwar nach der rechten Seite,21,describer,3,NA,NA,949
Ja ist gut,22,matcher,4,NA,NA,949
Das 3 äh ist ein Männchen uff das das rechte Bein in die Luft hebt das linke ist am Boden,21,describer,1,NA,NA,950
Beide Arme in der Luft?,22,matcher,2,NA,NA,950
Beide Arme auf die linke Seite ja,21,describer,3,NA,NA,950
Und so quadratisch so auf der Spitze?,22,matcher,4,NA,NA,950
Ja ja genau.,21,describer,5,NA,NA,950
Ja,22,matcher,6,NA,NA,950
Die 5 sieht aus wie eine die betet mit einer Schale in der Hand,21,describer,1,NA,NA,951
Ja,22,matcher,2,NA,NA,951
Die 6 sieht aus wie ein Polizist,21,describer,1,NA,NA,952
Jawohl also beide Arme ausgestreckt Ja,22,matcher,2,NA,NA,952
Ja. Die 7 ist ein Männchen das sitzt,21,describer,1,NA,NA,953
Ja,22,matcher,2,NA,NA,953
Und die 8 ja,21,describer,1,NA,NA,954
Ja  o.k.,22,matcher,2,NA,NA,954
1 betende Frau mit Schale,22,describer,1,NA,NA,955
Ja,21,matcher,2,NA,NA,955
2 linker Arm in die Höhe rechter unten so tanzend,22,describer,1,NA,NA,956
Ja,21,matcher,2,NA,NA,956
3 sitzend Beine angewinkelt,22,describer,1,NA,NA,957
Ja,21,matcher,2,NA,NA,957
4 Eiskunstläuferin,22,describer,1,NA,NA,958
Ja,21,matcher,2,NA,NA,958
5 beide Arme nach links rauf ein Bein nach oben,22,describer,1,NA,NA,959
Ja,21,matcher,2,NA,NA,959
6 bückende Frau,22,describer,1,NA,NA,960
Ja,21,matcher,2,NA,NA,960
7 liegend,22,describer,1,NA,NA,961
Ja,21,matcher,2,NA,NA,961
Und 8 der Polizist,22,describer,1,NA,NA,962
Stopp,21,matcher,2,NA,NA,962
1 ist die liegende Person,21,describer,1,NA,NA,963
Ja,22,matcher,2,NA,NA,963
2 die mit den beiden Armen links oben und dem rechten Bein oben,21,describer,1,NA,NA,964
Ja,22,matcher,2,NA,NA,964
3 der Polizist,21,describer,1,NA,NA,965
Ja,22,matcher,2,NA,NA,965
4 die betende,21,describer,1,NA,NA,966
Ja,22,matcher,2,NA,NA,966
5 der Eiskunstläufer,21,describer,1,NA,NA,967
Ja,22,matcher,2,NA,NA,967
6 der Tanzend,21,describer,1,NA,NA,968
Ja,22,matcher,2,NA,NA,968
7 die gebü.,21,describer,1,NA,NA,969
Moment schnell 6 der Tanzende das ist,22,matcher,3,NA,NA,968
Ja der linke Arm oben der linke unten,21,describer,4,NA,NA,968
Ja mhm,22,matcher,5,NA,NA,968
Äh 7 die Gebückte,21,describer,2,NA,NA,969
Ja,22,matcher,3,NA,NA,969
Und 8 der sitzende,21,describer,1,NA,NA,970
ja. GUT,22,matcher,2,NA,NA,970
1 Polizist,22,describer,1,NA,NA,971
Mhm,21,matcher,2,NA,NA,971
2 sitzend,22,describer,1,NA,NA,972
Mhm,21,matcher,2,NA,NA,972
3 Eiskunstläuferin.,22,describer,1,NA,NA,973
4 gebückt also sich bückend,22,describer,1,NA,NA,974
Ja,21,matcher,2,NA,NA,974
5 liegend,22,describer,1,NA,NA,975
Ja,21,matcher,2,NA,NA,975
6 betend,22,describer,1,NA,NA,976
Ja,21,matcher,2,NA,NA,976
7 linker Arm oben rechter unten,22,describer,1,NA,NA,977
Ja,21,matcher,2,NA,NA,977
Und 8 tanzend,22,describer,1,NA,NA,978
stopp,21,matcher,2,NA,NA,978
1 ist der Eiskunstläufer,21,describer,1,NA,NA,979
Ja,22,matcher,2,NA,NA,979
2 der Polizist,21,describer,1,NA,NA,980
Ja,22,matcher,2,NA,NA,980
3 liegend,21,describer,1,NA,NA,981
Ja,22,matcher,2,NA,NA,981
4 beide Arme links oben ein Bein rechts hoch,21,describer,1,NA,NA,982
Ja,22,matcher,2,NA,NA,982
5 ist der Tänzer,21,describer,1,NA,NA,983
Ja,22,matcher,2,NA,NA,983
6 ist der bückende,21,describer,1,NA,NA,984
Ja,22,matcher,2,NA,NA,984
7 ist die betende,21,describer,1,NA,NA,985
Ja,22,matcher,2,NA,NA,985
Und 8 ist der Sitzende,21,describer,1,NA,NA,986
Ja . stopp,22,matcher,2,NA,NA,986
Beide Arme oben das rechte Bein oben die Nummer 1,22,describer,1,NA,NA,987
Ja,21,matcher,2,NA,NA,987
2 sitzend,22,describer,1,NA,NA,988
Ja,21,matcher,2,NA,NA,988
3 liegend,22,describer,1,NA,NA,989
Ja,21,matcher,2,NA,NA,989
4 gebückte,22,describer,1,NA,NA,990
ja,21,matcher,2,NA,NA,990
5 betend,22,describer,1,NA,NA,991
Mhm,21,matcher,2,NA,NA,991
6 äh eine Arm rauf und einer runter,22,describer,1,NA,NA,992
Mhm ja,21,matcher,2,NA,NA,992
7 Eiskunstlauf,22,describer,1,NA,NA,993
Ja,21,matcher,2,NA,NA,993
8 Polizist,22,describer,1,NA,NA,994
Stopp,21,matcher,2,NA,NA,994
Also das sind andere,21,describer,1,TRUE,NA,995
Ja,22,matcher,2,TRUE,NA,995
Das 1 ist rechtes Bein oben linker Arm ist oben ist wie dicker wie breiter,21,describer,1,NA,NA,996
Ähm Moment rechtes Bein ist so ausgestreckt und der linke Arm ist einfach so die Fortsetzung,22,matcher,2,NA,NA,996
oben,21,describer,3,NA,NA,996
vom Bein fast,22,matcher,4,NA,NA,996
Mmh nein nein er hat das rechte Bein oben,21,describer,5,NA,NA,996
Und das linke u.v. 2-3),22,matcher,6,NA,NA,996
Und den linken Arm oben es sieht aus als wür. würde er sich abstützten so,21,describer,7,NA,NA,996
Mhm. AHA abstützten also bückt sich so ein bisschen?,22,matcher,8,NA,NA,996
Nein. nein nicht bücken nein nein,21,describer,9,NA,NA,996
Also er hat das r.,22,matcher,10,NA,NA,996
er hat das rechte Bein oben und der linke Arm oben und der ist ziemlich breit,21,describer,11,NA,NA,996
Ja o.k.,22,matcher,12,NA,NA,996
Die 2 sieht aus wie ein Sprinter,21,describer,1,NA,NA,997
"oh, oh wie ein Sprinter ?",22,matcher,2,NA,NA,997
Rechtes Bein vorne linkes Bein oben,21,describer,3,NA,NA,997
Jawohl und ein Dreieck ist äh der Körper und da oben sitzt ein Quadrat,22,matcher,4,NA,NA,997
Ja. Die 3 ist ähm jemand wie jemand der sich so bückt das ist das was du vorhin gesagt hast,21,describer,1,NA,NA,998
jawohl ja,22,matcher,2,NA,NA,998
4 ist liegend wieder,21,describer,1,NA,NA,999
Ja,22,matcher,2,NA,NA,999
5 ist wieder betend,21,describer,1,NA,NA,1000
Ja,22,matcher,2,NA,NA,1000
6 sieht aus wie ein wie ein einer der ein Kostüm an hat mit so einer Halskrause,21,describer,1,NA,NA,1001
Jawohl,22,matcher,2,NA,NA,1001
7 ist sitzend,21,describer,1,NA,NA,1002
Ja,22,matcher,2,NA,NA,1002
Ja und 8 ist der Rest,21,describer,3,NA,NA,995
ja,22,matcher,4,NA,NA,995
Also die 1 ist das rechte Bein so weggestreckt und der der linke Arm rauf,22,describer,1,NA,NA,1003
Ja,21,matcher,2,NA,NA,1003
Die 2 ist etwas aufheben,22,describer,1,NA,NA,1004
Jjjja,21,matcher,2,NA,NA,1004
Die 3 ist Halskrause,22,describer,1,NA,NA,1005
Ja,21,matcher,2,NA,NA,1005
Die 4 ist der dicke Arm. oben,22,describer,1,NA,NA,1006
Ja,21,matcher,2,NA,NA,1006
Die 5 liegend,22,describer,1,NA,NA,1007
Ja,21,matcher,2,NA,NA,1007
6 betend,22,describer,1,NA,NA,1008
Ja,21,matcher,2,NA,NA,1008
Ähm die 7 ist so der der ein Bein hinten hoch hat,22,describer,1,NA,NA,1009
Ja,21,matcher,2,NA,NA,1009
Und ja die 8,22,describer,1,NA,NA,1010
Ja stopp,21,matcher,2,NA,NA,1010
1 Halskrause,21,describer,1,NA,NA,1011
Ja,22,matcher,2,NA,NA,1011
2 dicker Arm,21,describer,1,NA,NA,1012
äh dicker Arm ja,22,matcher,2,NA,NA,1012
3 betend,21,describer,1,NA,NA,1013
Ja,22,matcher,2,NA,NA,1013
4 linker Arm oben rechtes Bein ausgestreckt nach unten,21,describer,1,NA,NA,1014
Jawohl,22,matcher,2,NA,NA,1014
5 der Sprinter,21,describer,1,NA,NA,1015
Ja,22,matcher,2,NA,NA,1015
6 sich nach etwas bücken,21,describer,1,NA,NA,1016
Ja,22,matcher,2,NA,NA,1016
7 sitzend,21,describer,1,NA,NA,1017
und 8 liegend,21,describer,1,NA,NA,1018
Fertig,22,matcher,2,NA,NA,1018
Rechtes Bein weggestreckt linker Arm hoch die 1,22,describer,1,NA,NA,1019
Ja,21,matcher,2,NA,NA,1019
Die 2 sich bückend,22,describer,1,NA,NA,1020
Ja,21,matcher,2,NA,NA,1020
3 Halskrause,22,describer,1,NA,NA,1021
Ja,21,matcher,2,NA,NA,1021
4 dicker Arm oben,22,describer,1,NA,NA,1022
Ja,21,matcher,2,NA,NA,1022
5 ausgestreckt liegend,22,describer,1,NA,NA,1023
Ja,21,matcher,2,NA,NA,1023
Äh betend 6,22,describer,1,NA,NA,1024
Mhm,21,matcher,2,NA,NA,1024
7 ein Bein hinten in der Luft,22,describer,1,NA,NA,1025
Ja,21,matcher,2,NA,NA,1025
Und 8 sitzend,22,describer,1,NA,NA,1026
Stopp,21,matcher,2,NA,NA,1026
1 sitzend,21,describer,1,NA,NA,1027
Moment schnell ja,22,matcher,2,NA,NA,1027
2 Halskrause,21,describer,1,NA,NA,1028
Ja,22,matcher,2,NA,NA,1028
3 linker Arm ausgestreckt rechtes Bein unten ausgestreckt,21,describer,1,NA,NA,1029
Ja,22,matcher,2,NA,NA,1029
4 Sprinter,21,describer,1,NA,NA,1030
Ja,22,matcher,2,NA,NA,1030
5 Beter,21,describer,1,NA,NA,1031
Ja,22,matcher,2,NA,NA,1031
6 liegend,21,describer,1,NA,NA,1032
Ja,22,matcher,2,NA,NA,1032
7 dicker Arm,21,describer,1,NA,NA,1033
und 8 bückend,21,describer,1,NA,NA,1034
Fertig,22,matcher,2,NA,NA,1034
1 ausgestreckt liegend am Boden,22,describer,1,NA,NA,1035
Mhm,21,matcher,2,NA,NA,1035
2 dicker Arm,22,describer,1,NA,NA,1036
Ja,21,matcher,2,NA,NA,1036
Halskrause,22,describer,1,NA,NA,1037
Ja,21,matcher,2,NA,NA,1037
4 betend,22,describer,1,NA,NA,1038
Ja,21,matcher,2,NA,NA,1038
5 ein Bein hinten rauf,22,describer,1,NA,NA,1039
Ja,21,matcher,2,NA,NA,1039
Sitzend,22,describer,1,NA,NA,1040
Ja,21,matcher,2,NA,NA,1040
Bückend,22,describer,1,NA,NA,1041
ja,21,matcher,2,NA,NA,1041
Und 8,22,describer,1,NA,NA,1042
stopp,21,matcher,2,NA,NA,1042
Also bei der 1,23,describer,1,NA,NA,1043
Ja,24,matcher,2,NA,NA,1043
Hast du  wo ein. Von sich aus gesehen den rechten Arm oben hat und den linken unten,23,describer,3,NA,NA,1043
Ja,24,matcher,4,NA,NA,1043
Und die Beine sind irgendwie unten auch so über kreuzt,23,describer,5,NA,NA,1043
Über kreuzt?,24,matcher,6,NA,NA,1043
Ja wie als wenn  Beine in der Mitte wären,23,describer,7,NA,NA,1043
Ja wie als würde er so hüpfen,24,matcher,8,NA,NA,1043
Ja genau,23,describer,9,NA,NA,1043
Ja. o.k.,24,matcher,10,NA,NA,1043
Und dann die 2. der liegt auf dem Bauch,23,describer,1,NA,NA,1044
und hat so ein komischen Kopf,24,matcher,2,NA,NA,1044
Ja die haben alle komische Köpfe. So ein viereckiger,23,describer,3,NA,NA,1044
Ja,24,matcher,4,NA,NA,1044
Der liegt einfach auf dem Bauch und die Bei. und hat eigentlich. die Beine hinten angewinkelt,23,describer,5,NA,NA,1044
ja ich glaube es ist schon das,24,matcher,6,NA,NA,1044
o.k. und die 3 steht auf einem Bein,23,describer,1,NA,NA,1045
äh und was macht er mit den Armen?,24,matcher,2,NA,NA,1045
Äh da. das rech. äh das andere Bein schaut vorne raus,23,describer,3,NA,NA,1045
Ja mhm,24,matcher,4,NA,NA,1045
Und die Arme gehen hinauf,23,describer,5,NA,NA,1045
Mhm,24,matcher,6,NA,NA,1045
Ja?,23,describer,7,NA,NA,1045
Ja,24,matcher,8,NA,NA,1045
Ja und das 4 ist das das auch auf einem Bein steht und das Bein nach hinten hinauf hält,23,describer,1,NA,NA,1046
Ja,24,matcher,2,NA,NA,1046
Ja? 28  M Ja,23,describer,3,NA,NA,1046
Und die 5 der sitzt,23,describer,1,NA,NA,1047
Und schaut nach links?,24,matcher,2,NA,NA,1047
Schaut nach links ?,23,describer,3,NA,NA,1047
Also,24,matcher,4,NA,NA,1047
Ja es ist so abgebildet,23,describer,5,NA,NA,1047
Ja,24,matcher,6,NA,NA,1047
Und die 6 der bückt sich sieht aus wie ein Nikolaus.,23,describer,1,NA,NA,1048
Bückt sich so,23,describer,2,NA,NA,1048
Ja,24,matcher,3,NA,NA,1048
Ja? Und die 7 ist. Hat Arme so auseinander ja ich weiss nicht so wie ein Engel,23,describer,1,NA,NA,1049
ein grosses „Y“ mit eine Kopf oben,23,describer,2,NA,NA,1049
ja ja,24,matcher,3,NA,NA,1049
Und die 8 ist am knien und hat so irgendetwas in der Hand,23,describer,1,NA,NA,1050
Ja,24,matcher,2,NA,NA,1050
Ja?,23,describer,3,NA,NA,1050
Mhm,24,matcher,4,NA,NA,1050
Ist gut?,23,describer,5,NA,NA,1050
Ist gut,24,matcher,6,NA,NA,1050
o.k. stopp,23,describer,7,NA,NA,1050
Also die 1 ist das Männchen wieder das sitzt mit den Beinen nach links angewinkelt,24,describer,1,NA,NA,1051
"Ja, ja",23,matcher,2,NA,NA,1051
2 ist das das liegt,24,describer,1,NA,NA,1052
Auf dem Bauch ?,23,matcher,2,NA,NA,1052
Ja  die 3 ist das „Y“,24,describer,1,NA,NA,1053
Ja,23,matcher,2,NA,NA,1053
Die 4 ist das das so kniet und so aussieht,24,describer,1,NA,NA,1054
ja das so etwas hat,23,matcher,2,NA,NA,1054
Ja,24,describer,3,NA,NA,1054
Mhm,23,matcher,4,NA,NA,1054
Die 5 ist das das so hüpft seinen rechten Arm so hinauf hält,24,describer,1,NA,NA,1055
Ja .,23,matcher,2,NA,NA,1055
Die 6 ist das das auf einem Bein steht. Das andere nach hinten hält,24,describer,1,NA,NA,1056
Mhm,23,matcher,2,NA,NA,1056
Die 7 ist der Nikolaus,24,describer,1,NA,NA,1057
Mhm,23,matcher,2,NA,NA,1057
Und die 8 ist der der die Arme so rauf hält,24,describer,1,NA,NA,1058
Mhm o.k. ja,23,matcher,2,NA,NA,1058
Ja ist gut,24,describer,3,NA,NA,1058
Als o 1 ist der Nikolaus,23,describer,1,NA,NA,1059
Ja,24,matcher,2,NA,NA,1059
2 der der kniet und etwas hält,23,describer,1,NA,NA,1060
ja,24,matcher,2,NA,NA,1060
3 ist der auf einem Bein der das andere nach hinten hält,23,describer,1,NA,NA,1061
Ja,24,matcher,2,NA,NA,1061
4 ist der der sitzt,23,describer,1,NA,NA,1062
Der der sitzt ja,24,matcher,2,NA,NA,1062
Die 5 das „Y“,23,describer,1,NA,NA,1063
Mhm,24,matcher,2,NA,NA,1063
Die 6 der der auf einem Bein steht,23,describer,1,NA,NA,1064
Mhm,24,matcher,2,NA,NA,1064
7 der der liegt,23,describer,1,NA,NA,1065
Ja,24,matcher,2,NA,NA,1065
Und die 8 der der,23,describer,1,NA,NA,1066
Ja. O.k.,24,matcher,2,NA,NA,1066
Also die 1 ist der der auf dem einen Bein und das andre nach vorne,24,describer,1,NA,NA,1067
mhm,23,matcher,2,NA,NA,1067
Die 2 ist der der sitzt,24,describer,1,NA,NA,1068
Ja,23,matcher,2,NA,NA,1068
Die 3 das „Y“,24,describer,1,NA,NA,1069
Ja,23,matcher,2,NA,NA,1069
Die 4 ist der der so hüpft,24,describer,1,NA,NA,1070
Mhm,23,matcher,2,NA,NA,1070
Die 5 ist der der auf einem Bein mit dem anderen nach hinten,24,describer,1,NA,NA,1071
Ja,23,matcher,2,NA,NA,1071
6 ist der der liegt,24,describer,1,NA,NA,1072
Ja,23,matcher,2,NA,NA,1072
7 ist der der kniet,24,describer,1,NA,NA,1073
Ja,23,matcher,2,NA,NA,1073
und die 8 der Nikolaus,24,describer,1,NA,NA,1074
o.k.,23,matcher,2,NA,NA,1074
Die 1 ist der der auf einem Bein hüpft,23,describer,1,NA,NA,1075
Und das andere?,24,matcher,2,NA,NA,1075
Vorne,23,describer,3,NA,NA,1075
Mhm,24,matcher,4,NA,NA,1075
Ähm die 2 ist der der sitzt,23,describer,1,NA,NA,1076
Ja,24,matcher,2,NA,NA,1076
Die 3 das „Y“,23,describer,1,NA,NA,1077
Ja,24,matcher,2,NA,NA,1077
Die 4 der der so hüpft,23,describer,1,NA,NA,1078
Ja,24,matcher,2,NA,NA,1078
Die 5 ist der auf einem Bein und nach hinten 110  M Ja,23,describer,1,NA,NA,1079
6 der der liegt,23,describer,1,NA,NA,1080
Ja,24,matcher,2,NA,NA,1080
7 der der kniet,23,describer,1,NA,NA,1081
Ja,24,matcher,2,NA,NA,1081
Und 8 der Nikolaus,23,describer,1,NA,NA,1082
Ja.,24,matcher,2,NA,NA,1082
Also die 1 ist der der kniet,24,describer,1,NA,NA,1083
Ja,23,matcher,2,NA,NA,1083
Die 2 ist der Nikolaus,24,describer,1,NA,NA,1084
Ja,23,matcher,2,NA,NA,1084
Die 3 ist der der sitzt,24,describer,1,NA,NA,1085
Ja,23,matcher,2,NA,NA,1085
Die 4 ist der auf einem Bein und das andre nach hinten,24,describer,1,NA,NA,1086
Ja,23,matcher,2,NA,NA,1086
Die 5 ist das „Y“,24,describer,1,NA,NA,1087
Ja,23,matcher,2,NA,NA,1087
Die 6 ist der der liegt,24,describer,1,NA,NA,1088
Ja,23,matcher,2,NA,NA,1088
Die 7 ist der auf dem einen Bein,24,describer,1,NA,NA,1089
Ja,23,matcher,2,NA,NA,1089
Und die 8 ist der der hüpft,24,describer,1,NA,NA,1090
o.k.,23,matcher,2,NA,NA,1090
o.k. die 1 bückt sich so,23,describer,1,NA,NA,1091
Ja,24,matcher,2,NA,NA,1091
Die 2 ist einfach so ein Klumpen ohne Arme und Beine,23,describer,1,NA,NA,1092
ja,24,matcher,2,NA,NA,1092
Die 3 hat oben so dreieckige Arme und die Beine in der Mitte ist ein Strich eigentlich,23,describer,1,NA,NA,1093
Ähm ja,24,matcher,2,NA,NA,1093
Weisst du welchen ?,23,describer,3,NA,NA,1093
Ja,24,matcher,4,NA,NA,1093
Die 4 hat. Ähm den Kopf ganz rechts,23,describer,1,NA,NA,1094
Er steht?,24,matcher,2,NA,NA,1094
Ja er steht,23,describer,3,NA,NA,1094
Mhm,24,matcher,4,NA,NA,1094
O.k. die 5 ist. Ja der kniet auch so. und bringt so etwas,23,describer,1,NA,NA,1095
Er hat äh er hat so etwas in der Hand,24,matcher,2,NA,NA,1095
Ja so ein Dreieckchen,23,describer,3,NA,NA,1095
Ja,24,matcher,4,NA,NA,1095
Dann die 6 der liegt,23,describer,1,NA,NA,1096
mhm,24,matcher,2,NA,NA,1096
7 hüpft nach links,23,describer,1,NA,NA,1097
Mhm,24,matcher,2,NA,NA,1097
Und die 8 nach rechts,23,describer,1,NA,NA,1098
ja. O.k.,24,matcher,2,NA,NA,1098
Also die 1 ist der der nur ein Bollen ist und ein Kopf,24,describer,1,NA,NA,1099
mhm ja,23,matcher,2,NA,NA,1099
Die 2 ist der der liegt mit den Füssen,24,describer,1,NA,NA,1100
Ja,23,matcher,2,NA,NA,1100
3 ist der Strich mit den Armen nach oben,24,describer,1,NA,NA,1101
ja,23,matcher,2,NA,NA,1101
Die 4 ist der der rechts hüpft,24,describer,1,NA,NA,1102
Ja,23,matcher,2,NA,NA,1102
Die 5 ist der der links hüpft,24,describer,1,NA,NA,1103
Ja,23,matcher,2,NA,NA,1103
Die 6 ist der mit dem Kopf nach hinten runter geht,24,describer,1,NA,NA,1104
Der der den Kopf ganz rechts hat?,23,matcher,2,NA,NA,1104
Ja,24,describer,3,NA,NA,1104
Ja,23,matcher,4,NA,NA,1104
7 ist der der sich bückt,24,describer,1,NA,NA,1105
Mhm,23,matcher,2,NA,NA,1105
Und die 8 ist der der so,24,describer,1,NA,NA,1106
etwas bringt?,23,matcher,2,TRUE,NA,1106
Der was?,24,describer,3,TRUE,NA,1106
Etwas bringt?,23,matcher,4,TRUE,NA,1106
Ja,24,describer,5,TRUE,NA,1106
o.k.,23,matcher,6,TRUE,NA,1106
Die 1 ist der der nach links hüpft,23,describer,1,NA,NA,1107
Ähm,24,matcher,2,NA,NA,1107
Ja,24,matcher,3,NA,NA,1107
Die 2 hat das linke Bein unten,23,describer,1,NA,NA,1108
WAS die 2,24,matcher,2,NA,NA,1108
Ja die 2 hat das linke von uns ausgesehen das linke Bein unten springt eigentlich auch nach links,23,describer,3,NA,NA,1108
hä?,24,matcher,4,NA,NA,1108
Also machen wir mal weiter. Die 3 ist der der sich bückt,23,describer,1,NA,NA,1109
Ja,24,matcher,2,NA,NA,1109
Die 4 ist der der etwas bringt,23,describer,1,NA,NA,1110
Wo. AH bringt ja,24,matcher,2,NA,NA,1110
Die 8 ist der Strich,23,describer,1,NA,NA,1111
Ja,24,matcher,2,NA,NA,1111
Die 8,23,describer,3,NA,NA,1111
WAS das 8,24,matcher,4,NA,NA,1111
Ja ist der Strich,23,describer,5,NA,NA,1111
Mhm,24,matcher,6,NA,NA,1111
7 ist der Bollen,23,describer,1,NA,NA,1112
Ja,24,matcher,2,NA,NA,1112
6 ist der mit dem Kopf rechts,23,describer,1,NA,NA,1113
Ja,24,matcher,2,NA,NA,1113
Die 5 der der liegt,23,describer,1,NA,NA,1114
und dann hast du die 2,23,describer,5,NA,NA,1108
Ja o.k.,24,matcher,6,NA,NA,1108
ja,23,describer,7,NA,NA,1108
Die 1 ist der der trinkt,24,describer,1,NA,NA,1115
Der der WAS,23,matcher,2,NA,NA,1115
Der der etwas hat,24,describer,3,NA,NA,1115
Aha ja,23,matcher,4,NA,NA,1115
Die 2 ist der der sich bückt,24,describer,1,NA,NA,1116
Ja,23,matcher,2,NA,NA,1116
Die 3 ist der mit dem Kopf ganz rechts,24,describer,1,NA,NA,1117
Ja,23,matcher,2,NA,NA,1117
4 ist der der nach links springt,24,describer,1,NA,NA,1118
Ja,23,matcher,2,NA,NA,1118
Die 5 ist der der nach rechts springt,24,describer,1,NA,NA,1119
Ja,23,matcher,2,NA,NA,1119
Die 6 ist der Bollen,24,describer,1,NA,NA,1120
Ja,23,matcher,2,NA,NA,1120
7 der Strich,24,describer,1,NA,NA,1121
Ja,23,matcher,2,NA,NA,1121
Und 8 der der liegt,24,describer,1,NA,NA,1122
Ja. O.k.,23,matcher,2,NA,NA,1122
o.k. die 1 ist der Bollen,23,describer,1,NA,NA,1123
ja,24,matcher,2,NA,NA,1123
Die 2 der der liegt,23,describer,1,NA,NA,1124
Ja,24,matcher,2,NA,NA,1124
Die 3 der der nach,23,describer,1,NA,NA,1125
ja,24,matcher,2,NA,NA,1125
Die 4 ist der der sich bückt,23,describer,1,NA,NA,1126
Ja,24,matcher,2,NA,NA,1126
Die 5 der Strich,23,describer,1,NA,NA,1127
Ja,24,matcher,2,NA,NA,1127
Die 6 der mit dem Kopf rechts,23,describer,1,NA,NA,1128
Ja,24,matcher,2,NA,NA,1128
7 der der andere der springt,23,describer,1,NA,NA,1129
Ja,24,matcher,2,NA,NA,1129
Und 8 der der etwas bringt,23,describer,1,NA,NA,1130
Ja,24,matcher,2,NA,NA,1130
o.k.,23,describer,3,NA,NA,1130
1 ist der der sich bückt,24,describer,1,NA,NA,1131
ja,23,matcher,2,NA,NA,1131
Die 2 der Strich,24,describer,1,NA,NA,1132
Ja,23,matcher,2,NA,NA,1132
Die 3 der der nach links hüpft,24,describer,1,NA,NA,1133
Ja,23,matcher,2,NA,NA,1133
Die 4 der der liegt,24,describer,1,NA,NA,1134
Ja,23,matcher,2,NA,NA,1134
Die 5 der Bollen,24,describer,1,NA,NA,1135
Ja,23,matcher,2,NA,NA,1135
Die 6 der mit dem Kopf rechts,24,describer,1,NA,NA,1136
Ja,23,matcher,2,NA,NA,1136
Die 7 der der nach rechts springt,24,describer,1,NA,NA,1137
Ja,23,matcher,2,NA,NA,1137
Und die 8 der der etwas bringt,24,describer,1,NA,NA,1138
O.k.,23,matcher,2,NA,NA,1138
"o.k. oben links, wo Nummer 1 steht",25,describer,1,NA,NA,1139
Mhm,26,matcher,2,NA,NA,1139
haben wir quasi so ein Männchen mit ausgebr. Mit beidem ausgestreckten Armen,25,describer,3,NA,NA,1139
Mhm und mit einem erhobenen Bein,26,matcher,4,NA,NA,1139
Mit äh die Beine sind zusammen er steht nur die Bei. die Arme sind ausgebreitet,25,describer,5,NA,NA,1139
Ah ja o.k.,26,matcher,6,NA,NA,1139
Der Kopf ist,25,describer,7,NA,NA,1139
In der mitte ist der Kopf,26,matcher,8,NA,NA,1139
Ja genau  gerade neben dran,25,describer,9,NA,NA,1139
Mhm,26,matcher,10,NA,NA,1139
Ist auch ein Männchen das sich nach vorne bückt,25,describer,11,NA,NA,1139
Mhm,26,matcher,12,NA,NA,1139
Ist eher aus wie eine alte Frau,25,describer,13,NA,NA,1139
Ja die irgendetwas aufhebt vom Boden. Mhm,26,matcher,14,NA,NA,1139
Nummer 3 da haben wir auch äh eher eine Frau die Eislauf macht so eine Eiskunstläuferin,25,describer,1,NA,NA,1140
Ja. Mhm,26,matcher,2,NA,NA,1140
Sie ist gegen links,25,describer,3,NA,NA,1140
ja beide Arme gestreckt und ein Bein nach hinten raus,26,matcher,4,NA,NA,1140
Genau. Dann die Nummer 4 da haben wir auch eine Person die Arme nach oben streckt und das rechte Bein wenn ich das richtig sehe ist nach nacht vorne gestreckt,25,describer,1,NA,NA,1141
Mhm. Also nur noch mit einem Bein am Boden,26,matcher,2,NA,NA,1141
Ja genau.,25,describer,3,NA,NA,1141
Ja.,26,matcher,4,NA,NA,1141
Dann die Nummer 5  das ist ein bisschen kompliziert äh ich würde sagen eine Person die liegt der Kopf ist nach oben also das Quadrat,25,describer,1,NA,NA,1142
Mhm,26,matcher,2,NA,NA,1142
Ist auf der Spitzte und links von der Person geht ein Bein hoch,25,describer,3,NA,NA,1142
Ja also eigentlich die einzig liegende Figur,26,matcher,4,NA,NA,1142
Ja genau 28  M o.k.,25,describer,5,NA,NA,1142
Ja. Dann Nummer 6 wäre die nächste Person die betet,25,describer,1,NA,NA,1143
Mhm,26,matcher,2,NA,NA,1143
Der Kopf ein bisschen nach oben die Arme sind,25,describer,3,NA,NA,1143
Zusammen,26,matcher,4,NA,NA,1143
In der Gebet- Position in der Bet- Position.,25,describer,5,NA,NA,1143
Gut ähm gehen wir zur Nummer 8 das ist das letzte das ist einfacher das ist einfach eine Person die am Boden sitzt,25,describer,1,NA,NA,1144
Ja. O.k.,26,matcher,2,NA,NA,1144
Nummer 7 wäre das letzte das ist das das springt und der linke nein der rechte Arm nach vorne streckt,25,describer,1,NA,NA,1145
ein Arm nach oben ja.,26,matcher,2,NA,NA,1145
o.k.,25,describer,3,NA,NA,1145
Also auf der Nummer 1 ist die Schlittschuhläuferin,26,describer,1,NA,NA,1146
Ja  gut,25,matcher,2,NA,NA,1146
Auf der Nummer 2 ist die Person frontal mit den ausgestreckten Armen,26,describer,1,NA,NA,1147
Jawohl als mit den Beinen zusammen,25,matcher,2,NA,NA,1147
Ja genau. Auf der 3 ist die sich bückende Frau oder Person,26,describer,1,NA,NA,1148
Mhm ja,25,matcher,2,NA,NA,1148
Auf dem. ich spring zur 5 das ist einfacher,26,describer,1,NA,NA,1149
Ja,25,matcher,2,NA,NA,1149
Das ist ähm die Figur die beide Arme in die Luft streckt und ein Bein erhoben hat 47  M Genau,26,describer,3,NA,NA,1149
Auf der 6 ist die sitzende Figur,26,describer,1,NA,NA,1150
Mhm,25,matcher,2,NA,NA,1150
Auf der 7 die betende,26,describer,1,NA,NA,1151
Ja,25,matcher,2,NA,NA,1151
Und auf der 8 die liegende,26,describer,1,NA,NA,1152
Die liegende mhm,25,matcher,2,NA,NA,1152
Und dann auf der 4 halt die die springende,26,describer,1,NA,NA,1153
die springende,25,matcher,2,NA,NA,1153
o.k.,26,describer,3,NA,NA,1153
Die Nummer 1ist die Person die beide Arme nach oben streckt und ein Bein nach vorne,25,describer,1,NA,NA,1154
mhm,26,matcher,2,NA,NA,1154
Nummer 2 die liegende Person,25,describer,1,NA,NA,1155
mhm,26,matcher,2,NA,NA,1155
Bei der 3 haben wir die betende Person,25,describer,1,NA,NA,1156
Mhm,26,matcher,2,NA,NA,1156
Bei der 4 haben wir die sitzende Person,25,describer,1,NA,NA,1157
Mhm,26,matcher,2,NA,NA,1157
Bei der 5 haben wir die springende Person die den rechten Arm nach oben streckt,25,describer,1,NA,NA,1158
Mhm,26,matcher,2,NA,NA,1158
Auf der 6haben wir die Eiskunstläuferin,25,describer,1,NA,NA,1159
Mhm,26,matcher,2,NA,NA,1159
Auf der 7 haben wir die Person die steht und beide Arme raus streckt,25,describer,1,NA,NA,1160
Mhm,26,matcher,2,NA,NA,1160
Und auf der 8 haben wir die sich beugende Person,25,describer,1,NA,NA,1161
O.k.,26,matcher,2,NA,NA,1161
o.k. auf der 1 ist der Springer,26,describer,1,NA,NA,1162
Ja,25,matcher,2,NA,NA,1162
Auf der 2 ist die sitzende Person,26,describer,1,NA,NA,1163
Mhm,25,matcher,2,NA,NA,1163
Auf der 3 die liegende,26,describer,1,NA,NA,1164
Ja,25,matcher,2,NA,NA,1164
Auf der 4 die die sich bückt,26,describer,1,NA,NA,1165
Mhm ja,25,matcher,2,NA,NA,1165
Auf der 5 der stehende mit ausgespreitzten Armen,26,describer,1,NA,NA,1166
Ja,25,matcher,2,NA,NA,1166
Dann auf der 6 die die beide Arme nach oben und ein Bein nach vorne so kletternd,26,describer,1,NA,NA,1167
Mhm,25,matcher,2,NA,NA,1167
7 ist betend,26,describer,1,NA,NA,1168
Mhm,25,matcher,2,NA,NA,1168
8 ist Schlittschuhläuferin,26,describer,1,NA,NA,1169
o.k.,25,matcher,2,NA,NA,1169
Auf der 1 haben wir die liegende Person,25,describer,1,NA,NA,1170
Mhm,26,matcher,2,NA,NA,1170
Auf der 2 haben wir die sitzende Person,25,describer,1,NA,NA,1171
Mhm,26,matcher,2,NA,NA,1171
Auf der 3 haben wir die betende Person,25,describer,1,NA,NA,1172
Mhm,26,matcher,2,NA,NA,1172
Auf der 4 haben wir die springende Person,25,describer,1,NA,NA,1173
mhm,26,matcher,2,NA,NA,1173
Auf der 5 haben wir die die beide Arme nach oben streckt,25,describer,1,NA,NA,1174
Mhm,26,matcher,2,NA,NA,1174
auf der 6 haben wir die bückende Person,25,describer,1,NA,NA,1175
Mhm,26,matcher,2,NA,NA,1175
Und 7 die die steht und beide Arme gespreizt,25,describer,1,NA,NA,1176
Mhm,26,matcher,2,NA,NA,1176
Und auf der 8 haben wir die Schlittschuhläuferin,25,describer,1,NA,NA,1177
Mhm,26,matcher,2,NA,NA,1177
o.k. auf der 1 ist die betende Person,26,describer,1,NA,NA,1178
Mhm,25,matcher,2,NA,NA,1178
Auf der 2 Schlittschuhläufer,26,describer,1,NA,NA,1179
Genau,25,matcher,2,NA,NA,1179
Auf der 3 frontal mit den gespreizten Armen 110  M Ja,26,describer,1,NA,NA,1180
Auf der 4 der Springer,26,describer,1,NA,NA,1181
Mhm,25,matcher,2,NA,NA,1181
Auf der 5 die liegende Person,26,describer,1,NA,NA,1182
Ja,25,matcher,2,NA,NA,1182
Auf der 6 die kletternde,26,describer,1,NA,NA,1183
Mhm,25,matcher,2,NA,NA,1183
Auf der 7 die sich bückende,26,describer,1,NA,NA,1184
Mhm,25,matcher,2,NA,NA,1184
Und auf der 8 die sitzende,26,describer,1,NA,NA,1185
o.k.,25,matcher,2,NA,NA,1185
Mhm o.k.  ähm ich fang mal mit der 2 an da hat es eine Person die steht mit beiden Armen nach oben gestreckt,25,describer,1,NA,NA,1186
Mhm,26,matcher,2,NA,NA,1186
Dann auf der 5 haben wir eine Person die sich ein bisschen bückt und die eine Schachtel oder Schüssel im Arm hat,25,describer,1,NA,NA,1187
Mhm,26,matcher,2,NA,NA,1187
Mhm,26,matcher,3,NA,NA,1187
Auf der 6 haben wir eine sitzende Person und man sieht keine Arme,25,describer,1,NA,NA,1188
Mhm,26,matcher,2,NA,NA,1188
Auf der 7 haben wir eine bückende Person,25,describer,1,NA,NA,1189
Mhm,26,matcher,2,NA,NA,1189
Auf der 3 haben wir eine Person die auf den Boden gefallen ist und beide Beine nach oben streckt,25,describer,1,NA,NA,1190
Mhm,26,matcher,2,NA,NA,1190
Auf der 8 haben wir eine Person die nur auf dem linken Bein steht. Das andere Bein ist in der Höhe,25,describer,1,NA,NA,1191
Mhm auf der 8?,26,matcher,2,NA,NA,1191
Ja auf der 8.,25,describer,3,NA,NA,1191
Dann auf der 4 haben wir eine Person die rennt nach links geneigt ist,25,describer,1,NA,NA,1192
Mhm,26,matcher,2,NA,NA,1192
Und beide Arme nach oben hat.,25,describer,3,NA,NA,1192
Und dann noch auf der 1 haben wir eine Person der Kopf ist so rechts seitwärts und beide Arme richten sich nach oben,25,describer,1,NA,NA,1193
Ja. O.k.,26,matcher,2,NA,NA,1193
o.k. auf der 1 ist die nach links rennende Person,26,describer,1,NA,NA,1194
Jawohl,25,matcher,2,NA,NA,1194
Auf der 2 die kerzengerade,26,describer,1,NA,NA,1195
Jawohl,25,matcher,2,NA,NA,1195
Auf der 3 die sitzende die keine Arme hat,26,describer,1,NA,NA,1196
Ja,25,matcher,2,NA,NA,1196
Auf der 4 die stampfende Person mit dem li. Linken Bein oben,26,describer,1,NA,NA,1197
Ja,25,matcher,2,NA,NA,1197
Auf der 5 die sich bückende ohne Schüssel,26,describer,1,NA,NA,1198
Ohne Schüssel?,25,matcher,2,NA,NA,1198
Ohne Schüssel,26,describer,3,NA,NA,1198
Mhm,25,matcher,4,NA,NA,1198
Auf der 6 die gefallene Person,26,describer,1,NA,NA,1199
Mhm,25,matcher,2,NA,NA,1199
Auf der 7 die nach rechts geneigte Person,26,describer,1,NA,NA,1200
Mit Schüssel?,25,matcher,2,NA,NA,1200
Äh nein mit äh beiden Armen nach oben,26,describer,3,NA,NA,1200
Und auf 8?,25,matcher,1,NA,NA,1201
Die mit der Schüssel,26,describer,2,NA,NA,1201
o.k. bestens o.k.,25,matcher,3,NA,NA,1201
Auf der 1 haben wir die Person die auf einem Bein steht und das andre in die Luft hält,25,describer,1,NA,NA,1202
Mhm,26,matcher,2,NA,NA,1202
Auf der 2 die sitzende Person ohne Arme,25,describer,1,NA,NA,1203
Mhm,26,matcher,2,NA,NA,1203
Und dann die sich bückende Person ohne Schüssel,25,describer,1,NA,NA,1204
mhm,26,matcher,2,NA,NA,1204
Auf der 4 haben wir die kerzengerade Person beiden armen oben,25,describer,1,NA,NA,1205
Mhm,26,matcher,2,NA,NA,1205
Auf der 5 sehen wir die  Person die sich nach hinten neigt nach rechts,25,describer,1,NA,NA,1206
Mhm,26,matcher,2,NA,NA,1206
Auf der 6 haben wir die Person die sich nach vorne beugt mit der Schüssel,25,describer,1,NA,NA,1207
Mhm,26,matcher,2,NA,NA,1207
Auf der 7 dann die gefallende Person,25,describer,1,NA,NA,1208
Mhm,26,matcher,2,NA,NA,1208
Und auf der 8 haben wir die nach links rennende Person,25,describer,1,NA,NA,1209
Ja. O.k.,26,matcher,2,NA,NA,1209
Also auf der 1 ist die nach hinten fallende mit den mit dem Kopf nach runter,26,describer,1,NA,NA,1210
Mhm,25,matcher,2,NA,NA,1210
Auf der 2 ist die nach links rennende,26,describer,1,NA,NA,1211
Mhm,25,matcher,2,NA,NA,1211
Auf der 3 die die hinfallen ist,26,describer,1,NA,NA,1212
Mhm,25,matcher,2,NA,NA,1212
Auf der 4 die sitzende ohne Arme,26,describer,1,NA,NA,1213
Mhm,25,matcher,2,NA,NA,1213
Auf der 5 die sich beugende MIT Schüssel,26,describer,1,NA,NA,1214
Mhm,25,matcher,2,NA,NA,1214
Auf der 6 die sich beugende ohne Schüssel,26,describer,1,NA,NA,1215
Mhm,25,matcher,2,NA,NA,1215
Auf der 7 die kerzengerade,26,describer,1,NA,NA,1216
Mhm,25,matcher,2,NA,NA,1216
Und auf der 8 die stampfende,26,describer,1,NA,NA,1217
Mhm o.k.,25,matcher,2,NA,NA,1217
Gut 1 haben wir die nach vorne gebeugte Person ohne Schüssel,25,describer,1,NA,NA,1218
Mhm,26,matcher,2,NA,NA,1218
Und dann haben wir die sitzende Person ohne Arme,25,describer,1,NA,NA,1219
Mhm,26,matcher,2,NA,NA,1219
die nach vorne gebeugte Person mit Schüssel,25,describer,1,NA,NA,1220
Mhm,26,matcher,2,NA,NA,1220
Auf der 4 haben wir die nach links rennende Person,25,describer,1,NA,NA,1221
mhm,26,matcher,2,NA,NA,1221
Auf der 5 haben wir die kerzengerade Person,25,describer,1,NA,NA,1222
Mhm,26,matcher,2,NA,NA,1222
Auf der 6 die auf den Boden gefallene Person,25,describer,1,NA,NA,1223
Mhm,26,matcher,2,NA,NA,1223
Auf der 7 die stampfende Person ein Bein oben ein Bein unten,25,describer,1,NA,NA,1224
Mhm,26,matcher,2,NA,NA,1224
Auf der 8 die nach hinten neigende Person,25,describer,1,NA,NA,1225
Mhm,26,matcher,2,NA,NA,1225
o.k. auf der 1 ist die nach links geneigte,26,describer,1,NA,NA,1226
Ja,25,matcher,2,NA,NA,1226
Auf der 2 die stampfende,26,describer,1,NA,NA,1227
Mhm,25,matcher,2,NA,NA,1227
Auf der 3 die sich bückende ohne Schüssel,26,describer,1,NA,NA,1228
Ja,25,matcher,2,NA,NA,1228
Auf der 4 die nach hinten geneigte,26,describer,1,NA,NA,1229
Ja,25,matcher,2,NA,NA,1229
Auf der 5 die sitzende ohne Arme,26,describer,1,NA,NA,1230
Ja,25,matcher,2,NA,NA,1230
Auf der 6 die Kerze,26,describer,1,NA,NA,1231
Mhm,25,matcher,2,NA,NA,1231
Auf der 7 die mit Schüssel,26,describer,1,NA,NA,1232
Mhm,25,matcher,2,NA,NA,1232
und auf der 8 die gefallene,26,describer,1,NA,NA,1233
Mhm. O.k.,25,matcher,2,NA,NA,1233
Also ein Männchen hat so eine Haltung die so aussieht als würde es sitzen. Also wenn es so. du siehst so die Knie links,27,describer,1,NA,NA,1234
Ja,28,matcher,2,NA,NA,1234
Und es sitzt. Das musst du ähm zur Nummer 6 tun,27,describer,3,NA,NA,1234
Mhm also wart mal schnell es sitzt auf dem Po,28,matcher,4,NA,NA,1234
ja,27,describer,5,NA,NA,1234
Ist es das ?,28,matcher,6,NA,NA,1234
Ja,27,describer,7,NA,NA,1234
Also auf die 6?,28,matcher,8,NA,NA,1234
Ja. Dann hat es etwas das so aussieht als ob es sich bücken so abbücken so auf die rechte Seite,27,describer,1,NA,NA,1235
Ja o.k.,28,matcher,2,NA,NA,1235
Und das geht zur 3,27,describer,3,NA,NA,1235
ja,28,matcher,4,NA,NA,1235
Und dann äh gibt es eine Figur die tut so äh zur rechten Seite das Bein raus strecken,27,describer,1,NA,NA,1236
Ja ja mhm,28,matcher,2,NA,NA,1236
Sieht aus wie so ein Schlittschuhläufer. Zur 5.,27,describer,3,NA,NA,1236
Und dann ähm hat es eins dass so aussieht wie wenn jemand und einfach die Arme so auseinander,27,describer,1,NA,NA,1237
Mhm ja,28,matcher,2,NA,NA,1237
Das geht zu der 4,27,describer,3,NA,NA,1237
Ja,28,matcher,4,NA,NA,1237
Und unten dran kommt so einer der aussieht wie jemand der so so von einer Sekte  so beten so mit so einer. Er ist so auf den Knien und ähm es sieht aus wie als ob er noch etwas in der Hand hätte so ein Dreieck ähm,27,describer,1,NA,NA,1238
AH ja ja,28,matcher,2,NA,NA,1238
Das kommt zur 8,27,describer,3,NA,NA,1238
Mhm,28,matcher,4,NA,NA,1238
Wie viele hast du jetzt noch nicht ?,27,describer,5,TRUE,NA,1238
Noch drei. Also jetzt ist eines das einfach so liegt einfach so,28,matcher,1,NA,NA,1239
ja das kommt zur 1 genau.,27,describer,2,NA,NA,1239
Und ähm neben dran auf der 2 kommt eines das einfach zuoberst ist der Kopf hat so ein ähm ähm so ein Quadrat das so,27,describer,1,NA,NA,1240
So schräg steht,28,matcher,2,NA,NA,1240
Ja genau und der eine Arm so hinauf 28  M Mhm der linke Arm so rauf,27,describer,3,NA,NA,1240
Ja genau das kommt zur 2,27,describer,4,NA,NA,1240
Ja o.k. und das andere ist die 7,28,matcher,1,NA,NA,1241
o.k. ja.,27,describer,2,NA,NA,1241
Also das das die Arme einfach so ausstreckt,28,describer,1,NA,NA,1242
ja,27,matcher,2,NA,NA,1242
Das ist bei der 4,28,describer,3,NA,NA,1242
Mhm,27,matcher,4,NA,NA,1242
Dann ähm das das so betetet wie du gesagt hast wie ein Sekten,28,describer,1,NA,NA,1243
ja,27,matcher,2,NA,NA,1243
das ist bei der 8,28,describer,3,NA,NA,1243
Mhm bei der 8. Ja,27,matcher,4,NA,NA,1243
Dann das äh das komische das einfach so liegt wo man gar nichts dazu sagen kann,28,describer,1,NA,NA,1244
Ja,27,matcher,2,NA,NA,1244
Das ist bei der 1,28,describer,3,NA,NA,1244
Ja,27,matcher,4,NA,NA,1244
Und das das auf dem Po sitzt  weißt du welches ?,28,describer,1,NA,NA,1245
Ja. Ja,27,matcher,2,NA,NA,1245
Das ist bei der 6 47  M Ja,28,describer,3,NA,NA,1245
Dann äh das das sich so runter,28,describer,1,NA,NA,1246
Ja,27,matcher,2,NA,NA,1246
Das ist auf der 3,28,describer,3,NA,NA,1246
Mhm,27,matcher,4,NA,NA,1246
Dann äh das das nach hinten das Bein so ausstreckt ist auf der 5,28,describer,1,NA,NA,1247
ja mhm,27,matcher,2,NA,NA,1247
Dann äh das das wie so tanzt und so ein Bein nach links hoch hat ist auf der 7,28,describer,1,NA,NA,1248
mhm,27,matcher,2,NA,NA,1248
Und jetzt hast du die 2 noch nicht gell?,28,describer,1,NA,NA,1249
Ja das das so hä?  Ich komm nicht so draus,27,matcher,2,TRUE,NA,1249
Wieviel hast du jetzt noch nicht?,28,describer,3,TRUE,NA,1249
Ja doch ich haben schon nur noch das eine ich weiss nur nicht von welcher Seite man es anschauen muss,27,matcher,4,TRUE,NA,1249
Aha ja o.k. das eine ist dann einfach noch die 2,28,describer,5,NA,NA,1249
Ja FEHLER 2 und 7 VERWECHSELT,27,matcher,6,TRUE,NA,1249
o.k.,28,describer,7,TRUE,NA,1249
Also das das auf dem Po  sitzt ist die 2,27,describer,1,NA,NA,1250
ja,28,matcher,2,NA,NA,1250
Der von der Sekte kommt auf die 1,27,describer,1,NA,NA,1251
Ja,28,matcher,2,NA,NA,1251
Das das nur so liegt,27,describer,1,NA,NA,1252
Ja,28,matcher,2,NA,NA,1252
Wo nur so ein Strich ist kommt auf die 5,27,describer,3,NA,NA,1252
ja,28,matcher,4,NA,NA,1252
Der der sich so runter bückt auf die 6,27,describer,1,NA,NA,1253
Mhm,28,matcher,2,NA,NA,1253
Auf die 3 kommt der der die Arme ausbreitet auf beide Seiten,27,describer,1,NA,NA,1254
ja,28,matcher,2,NA,NA,1254
Und der der tanzt mit dem Bein auf eine Seite hoch kommt auf die 4,27,describer,1,NA,NA,1255
Ja,28,matcher,2,NA,NA,1255
Ähm wieviel brauchst du jetzt noch ?,27,describer,3,TRUE,NA,1255
Noch zwei,28,matcher,4,TRUE,NA,1255
Noch zwei,27,describer,5,TRUE,NA,1255
Also ich haben einen der sein Bein nach links ausstreckt,28,matcher,1,NA,NA,1256
Oh oh nach rechts raus streckt.  Der der so wie der Schlittschuhläufer ist?,27,describer,2,NA,NA,1256
ja,28,matcher,3,NA,NA,1256
Der kommt auf die 8,27,describer,4,NA,NA,1256
o.k.,28,matcher,1,NA,NA,1257
Und das letzte auf die 7,27,describer,2,NA,NA,1257
"o.k. Fehler 5, 8",28,matcher,3,TRUE,NA,1257
Also der der die Arme so ausgestreckt hat ist auf der 1,28,describer,1,NA,NA,1258
Mhm,27,matcher,2,NA,NA,1258
Dann äh der von der Sekte ist auf der 2,28,describer,1,NA,NA,1259
Ja,27,matcher,2,NA,NA,1259
Dann äh der der nur so komisch da liegt ist auf der 4,28,describer,1,NA,NA,1260
Ja,27,matcher,2,NA,NA,1260
Dann der Schlittschuhläufer weißt du welcher?,28,describer,1,NA,NA,1261
Ja,27,matcher,2,NA,NA,1261
Ist auf der 3,28,describer,3,NA,NA,1261
Ja,27,matcher,4,NA,NA,1261
Dann der der sich so bückt ist auf der 5,28,describer,1,NA,NA,1262
Ja,27,matcher,2,NA,NA,1262
Dann der der auf dem Po sitzt ist auf der 7,28,describer,1,NA,NA,1263
ja,27,matcher,2,NA,NA,1263
Und der der das Bein so hinten raus streckt ist auf der 8,28,describer,1,NA,NA,1264
Ja. o.k.,27,matcher,2,NA,NA,1264
Und,28,describer,3,NA,NA,1264
Und der komische ist auf der 6. fertig,27,matcher,1,NA,NA,1265
"Ja FEHLER 3, 8",28,describer,2,TRUE,NA,1265
Also der der sitzt ist auf der 1,27,describer,1,NA,NA,1266
Mhm,28,matcher,2,NA,NA,1266
Der der die Arme ausstreckt ist auf der 2 110  M Mhm,27,describer,1,NA,NA,1267
Der der nur so komisch liegt ist auf der 3,27,describer,1,NA,NA,1268
Mhm,28,matcher,2,NA,NA,1268
Ähm die 4 ist der bei dem wie nicht genau wissen,27,describer,1,NA,NA,1269
Wo wir,28,matcher,2,NA,NA,1269
genau. Das 5 ist der Schlittschuhläufer,27,describer,1,NA,NA,1270
Ja,28,matcher,2,NA,NA,1270
Der 6 ist der von der Sekte,27,describer,1,NA,NA,1271
Ja,28,matcher,2,NA,NA,1271
Das 7 die die sich bückt,27,describer,1,NA,NA,1272
Ja,28,matcher,2,NA,NA,1272
Und das 8 ja das weißt du ja,27,describer,1,NA,NA,1273
"Ja o.k. FEHLER 4, 8,6",28,matcher,2,TRUE,NA,1273
Also der der sich bückt ist auf der 2,28,describer,1,NA,NA,1274
Ja,27,matcher,2,NA,NA,1274
Der der die Arme ausstreckt ist auf der 3,28,describer,1,NA,NA,1275
Ja,27,matcher,2,NA,NA,1275
Der der  ja ich bin mir nicht sicher ob das dein Schlittschuhläufer ist,28,describer,1,NA,NA,1276
Der nach rechts das Bein raus streckt,27,matcher,2,NA,NA,1276
Aha o.k. der Schlittschuhläufer auf der 4,28,describer,3,NA,NA,1276
Ja mhm,27,matcher,4,NA,NA,1276
Dann die 5 der der sitzt,28,describer,1,NA,NA,1277
Ja,27,matcher,2,NA,NA,1277
Auf der 6 der von der Sekte,28,describer,1,NA,NA,1278
Ja,27,matcher,2,NA,NA,1278
Auf der 7 den den wir nicht benenne,28,describer,1,NA,NA,1279
Ja,27,matcher,2,NA,NA,1279
Auf der 8 der der so komisch liegt,28,describer,1,NA,NA,1280
Ja,27,matcher,2,NA,NA,1280
Und auf der 1 der andere,28,describer,3,NA,NA,1280
"Ja. O.k. FEHLER 1, 7",27,matcher,4,TRUE,NA,1280
Oh  also einen hat es der so wie nach rechts den Kopf runter tut also so ähm so von links unten nach rechts oben ist so eine Linie und ähm rechts oben ist das Quadrat das der Kopf,27,describer,1,NA,NA,1281
Ah warte schnell ähm,28,matcher,2,NA,NA,1281
Nehmen wir zuerst ein anderes,27,describer,3,NA,NA,1281
AHA ja er ist so wie schräg,28,matcher,4,NA,NA,1281
Ja genau der kommt auf die 2,27,describer,5,NA,NA,1281
Ja,28,matcher,6,NA,NA,1281
Dann hat es so einen der wieder wie so von einer Sekte aussieht  das ist auf der 3,27,describer,1,NA,NA,1282
Er hat so ein Dreieck,28,matcher,2,NA,NA,1282
Ja genau und dann einer ja,27,describer,3,NA,NA,1282
Einer der so die Beine spreizt ?,28,matcher,1,NA,NA,1283
nicht der von eben.,27,describer,2,NA,NA,1283
"Nein, nein",28,matcher,3,NA,NA,1283
Ja der kommt auf die 4,27,describer,4,NA,NA,1283
o.k.,28,matcher,5,NA,NA,1283
o.k. und dann hat es einen der so die einfachste so Figur ist,27,describer,1,NA,NA,1284
Ja,28,matcher,2,NA,NA,1284
Der kommt auf die 6,27,describer,3,NA,NA,1284
Ja,28,matcher,4,NA,NA,1284
Dann hat es einen der aussieht  wie wenn er auf den Boden gefalle wäre,27,describer,1,NA,NA,1285
Ja,28,matcher,2,NA,NA,1285
Und streckt die Beine in die Luft der ist auf der 7,27,describer,3,NA,NA,1285
ja ja,28,matcher,4,NA,NA,1285
Und auf der 8 kommt einer der einfach so als Körper so ein langes ähm Ding,27,describer,1,NA,NA,1286
Ja und zwei Dreiecke,28,matcher,2,NA,NA,1286
Ja genau,27,describer,3,NA,NA,1286
Auf der 8,28,matcher,4,NA,NA,1286
Ja auf der 8.,27,describer,5,NA,NA,1286
Und auf der 1 kommt so einer der sich so bückt,27,describer,1,NA,NA,1287
Ja. und dann,28,matcher,2,NA,NA,1287
Fertig ?,27,describer,3,NA,NA,1287
ja,28,matcher,4,NA,NA,1287
Also der der umgefallen ist der ist auf der 1,28,describer,1,NA,NA,1288
Ja,27,matcher,2,NA,NA,1288
Dann die komische einfach nur der Bollen Der ist auf der 5,28,describer,1,NA,NA,1289
Ja mhm,27,matcher,2,NA,NA,1289
Dann der längliche der so Dreiecke hat der ist auf der 6,28,describer,1,NA,NA,1290
ja ja,27,matcher,2,NA,NA,1290
Dann äh der den du mir als ersten nanntest weißt du der schräge der ist auf der 7,28,describer,1,NA,NA,1291
ja mhm,27,matcher,2,NA,NA,1291
Dann der mit den gespreizten Beinen ist auf der 8,28,describer,1,NA,NA,1292
ja,27,matcher,2,NA,NA,1292
Und der von der Sekte ist auf der 4,28,describer,1,NA,NA,1293
Ja  du aber wenn du von dem mit den gespreizten Beinen redest meinst du den der von links unten nach rechst oben so die Beine hat also nicht der der unten rechts so die Beine also so zwei Dreiecke hat,27,matcher,2,NA,NA,1293
nein nein also,28,describer,3,NA,NA,1293
O.K. dann weiss ich welcher,27,matcher,4,NA,NA,1293
o.k. dann äh auf der 2 steht so ein runter gebücktes,28,describer,1,NA,NA,1294
Ja,27,matcher,2,NA,NA,1294
Und auf der 3 ist,28,describer,1,NA,NA,1295
o.k.,27,matcher,2,NA,NA,1295
Also der der so die Beine spreizt ist auf der 1,27,describer,1,NA,NA,1296
Mhm,28,matcher,2,NA,NA,1296
Und der der einfach nur so ganz einfach ist auf der 2,27,describer,1,NA,NA,1297
ja Mhm,28,matcher,2,NA,NA,1297
Den den ich als erstes genannt habe der ist auf der 3,27,describer,1,NA,NA,1298
ja mhm,28,matcher,2,NA,NA,1298
Der der sich bückt auf der 4,27,describer,1,NA,NA,1299
Mhm,28,matcher,2,NA,NA,1299
Die 5 ist der von der Sekte,27,describer,1,NA,NA,1300
Mhm,28,matcher,2,NA,NA,1300
Nach kommt der ähm mit den Dreiecken oben,27,describer,1,NA,NA,1301
Ja,28,matcher,2,NA,NA,1301
Dann der  der umgefallen ist,27,describer,1,NA,NA,1302
Ja,28,matcher,2,NA,NA,1302
Und dann das letzte,27,describer,1,NA,NA,1303
Ja o.k.,28,matcher,2,NA,NA,1303
Also der länglich mit den Dreiecken ist die 1,28,describer,1,NA,NA,1304
Mhm,27,matcher,2,NA,NA,1304
Dann der den du als erstes mal genannt hast die 2,28,describer,1,NA,NA,1305
Ja,27,matcher,2,NA,NA,1305
Dann der der sich bückt ist auf der 3,28,describer,1,NA,NA,1306
Ja,27,matcher,2,NA,NA,1306
Dann der der der Bollen,28,describer,1,NA,NA,1307
Ja,27,matcher,2,NA,NA,1307
Dann der gespreizte auf der 5,28,describer,1,NA,NA,1308
Ja,27,matcher,2,NA,NA,1308
Dann äh auf der 7 der der auf den Boden gefallen ist,28,describer,1,NA,NA,1309
Ja,27,matcher,2,NA,NA,1309
Auf der 8 ist der von der Sekte,28,describer,1,NA,NA,1310
Ja,27,matcher,2,NA,NA,1310
Ja und auf der 6 ja das ist klar,28,describer,1,NA,NA,1311
o.k.,27,matcher,2,NA,NA,1311
Der der die Beine spreizt ist auf der 1,27,describer,1,NA,NA,1312
mhm,28,matcher,2,NA,NA,1312
Die 2 ist der Sekten Heini,27,describer,1,NA,NA,1313
Mhm,28,matcher,2,NA,NA,1313
Der 3 der der sich bückt,27,describer,1,NA,NA,1314
ja,28,matcher,2,NA,NA,1314
Der 4 der mit den Dreiecken oben,27,describer,1,NA,NA,1315
Ja,28,matcher,2,NA,NA,1315
Der 5  der zu dem wir nie etwas gesagt haben,27,describer,1,NA,NA,1316
Ja,28,matcher,2,NA,NA,1316
Der 6 der den ich mal als ersten gesagt habe,27,describer,1,NA,NA,1317
Ja,28,matcher,2,NA,NA,1317
Der 7 der Bollen,27,describer,1,NA,NA,1318
Ja,28,matcher,2,NA,NA,1318
Und der 8 der der umgefallen ist,27,describer,1,NA,NA,1319
Ja o.k.,28,matcher,2,NA,NA,1319
Also auf der 1 ist der der umgefallen ist,28,describer,1,NA,NA,1320
Ja,27,matcher,2,NA,NA,1320
Auf der 2 der lange mit den Dreieckchen,28,describer,1,NA,NA,1321
ja,27,matcher,2,NA,NA,1321
Auf der 3 der mit den gespreizten Beinen,28,describer,1,NA,NA,1322
Ja,27,matcher,2,NA,NA,1322
Auf der 4 der der sich bückt,28,describer,1,NA,NA,1323
Ja,27,matcher,2,NA,NA,1323
Auf der 5 der von der Sekte,28,describer,1,NA,NA,1324
Ja,27,matcher,2,NA,NA,1324
Auf der 6 der Bollen.,28,describer,1,NA,NA,1325
auf der 8 der den du das erstemal gesagt hast,28,describer,1,NA,NA,1326
Ja,27,matcher,2,NA,NA,1326
Und auf der 7 ja,28,describer,1,NA,NA,1327
o.k.,27,matcher,2,NA,NA,1327
o.k. also die die Nummer 1 wäre die Karte die aussieht wie ein Mensch der in die Luft springt und  der rechte Arm hält,29,describer,1,NA,NA,1328
Mhm,30,matcher,2,NA,NA,1328
Also von dir aus gesehen ist es der linke Arm,29,describer,3,NA,NA,1328
Ja,30,matcher,4,NA,NA,1328
Die Beine sind ein bisschen angespreizt so ein bisschen angewinkelt,29,describer,5,NA,NA,1328
Mhm ich glaube ich weiss welches,30,matcher,6,NA,NA,1328
Die 2 Figur ähm musst du dir vorstellen wie ein eine Bank die auf der rechten Seite so ein Quadrat hat das auf einer Kannte steht und oben links auf dem Bänkchen musst du dir vorstellen ist ein Dreieckchen das auch auf einer Kannte denn wieder so eine Verbiegung hat,29,describer,1,NA,NA,1329
Mhm ich weiss welches,30,matcher,2,NA,NA,1329
Das 3 Kärtchen musst du dir vorstellen wie ein alter Mann der ein bisschen gebückt ist,29,describer,1,NA,NA,1330
Ja ich weiss welches,30,matcher,2,NA,NA,1330
das 4 Kärtchen musst du dir vorstellen wie ein Hahn. Also ich finde das sieht aus wie ein Hahn hat ein Maul so ein dreieckiges hinten so einen kleinen Schwanz wo die Kante eigentlich die Verlängerung vom Schwanz sein sollte und der Hahn also das was er auf dem Kopf hat ich weiss jetzt gerade nicht mehr wie man dem sagt,29,describer,1,NA,NA,1331
Aha er hat so wie ein Quadrat auf dem Kopf oben dran,30,matcher,2,NA,NA,1331
er steht auf der einen Seite . ja exakt,29,describer,3,NA,NA,1331
o.k.,30,matcher,4,NA,NA,1331
Äh das 5 musst du dir vorstellen wie ein Messdiener der kniet. Mit so einer Schale,29,describer,1,NA,NA,1332
Habe ich,30,matcher,2,NA,NA,1332
Die 6 musst du dir vorstellen wie äh ein Männchen das beide Arme links und rechts raus streckt,29,describer,1,NA,NA,1333
Habe ich. ah links und rechts raus gestreckt,30,matcher,2,NA,NA,1333
Ja ja genau. Dann äh ich nehme zuerst den letzten der ist einfacher das ist wie ein Mann der sitzt,29,describer,3,NA,NA,1333
Ja,30,matcher,4,NA,NA,1333
Und der seine Beine so übereinander hält,29,describer,5,NA,NA,1333
Ja,30,matcher,6,NA,NA,1333
Und der 7 der erübrigt sich ja dann,29,describer,1,NA,NA,1334
Der hält die Arme so in die Höhe,30,matcher,2,NA,NA,1334
genau,29,describer,3,NA,NA,1334
Gut fertig,30,matcher,4,NA,NA,1334
Gut zuerst haben wir das Bänkchen,30,describer,1,NA,NA,1335
Ja,29,matcher,2,NA,NA,1335
Dann den gebückten alten Mann,30,describer,1,NA,NA,1336
Mhm,29,matcher,2,NA,NA,1336
Dann den Luftsprung. Mit einer Hand in der Höhe,30,describer,1,NA,NA,1337
Ja,29,matcher,2,NA,NA,1337
Dann der der sitzt,30,describer,1,NA,NA,1338
Ja,29,matcher,2,NA,NA,1338
Dann der mit den Armen links und rechts frontal,30,describer,1,NA,NA,1339
Mhm,29,matcher,2,NA,NA,1339
Dann der Hahn,30,describer,1,NA,NA,1340
Ja,29,matcher,2,NA,NA,1340
Dann der Messdiener. Und den den wir das letzte mal als letztes gehabt haben. Mit den Händen in der Höhe,30,describer,1,NA,NA,1341
o.k.,29,matcher,2,NA,NA,1341
Also 1 der gebückte Mann,29,describer,1,NA,NA,1342
Mhm,30,matcher,2,NA,NA,1342
Der Mann der die Hände so in der Luft hat,29,describer,1,NA,NA,1343
mhm,30,matcher,2,NA,NA,1343
Der Mann der sitzt also,29,describer,1,NA,NA,1344
Mhm,30,matcher,2,NA,NA,1344
Dann der Messdiener,29,describer,1,NA,NA,1345
Mhm,30,matcher,2,NA,NA,1345
Das Bänkchen,29,describer,1,NA,NA,1346
Mhm,30,matcher,2,NA,NA,1346
Der Mann mit den gespreizten also den gespreizten Armen,29,describer,1,NA,NA,1347
Mhm,30,matcher,2,NA,NA,1347
Dann der Mann der in die Luft springt,29,describer,1,NA,NA,1348
Mhm,30,matcher,2,NA,NA,1348
und der Hahn,29,describer,1,NA,NA,1349
Gut,30,matcher,2,NA,NA,1349
Messdiener,30,describer,1,NA,NA,1350
Mhm,29,matcher,2,NA,NA,1350
Hahn,30,describer,1,NA,NA,1351
Mhm,29,matcher,2,NA,NA,1351
Luftsprung,30,describer,1,NA,NA,1352
Mhm,29,matcher,2,NA,NA,1352
Sitzend,30,describer,1,NA,NA,1353
Mhm,29,matcher,2,NA,NA,1353
Gebückt,30,describer,1,NA,NA,1354
Mhm,29,matcher,2,NA,NA,1354
Bank,30,describer,1,NA,NA,1355
Mhm,29,matcher,2,NA,NA,1355
Hände in die Höhe,30,describer,1,NA,NA,1356
Mhm,29,matcher,2,NA,NA,1356
Und,30,describer,1,NA,NA,1357
Mhm,29,matcher,2,NA,NA,1357
Mann der in die Luft springt,29,describer,1,NA,NA,1358
Mhm,30,matcher,2,NA,NA,1358
Der der die Arme ausstreckt links und rechts,29,describer,1,NA,NA,1359
Mhm,30,matcher,2,NA,NA,1359
Der alte Mann,29,describer,1,NA,NA,1360
Mhm,30,matcher,2,NA,NA,1360
Das Bänkchen,29,describer,1,NA,NA,1361
Mhm,30,matcher,2,NA,NA,1361
Der sitzende Mann,29,describer,1,NA,NA,1362
Mhm,30,matcher,2,NA,NA,1362
Der Mann der der,29,describer,1,NA,NA,1363
Mhm,30,matcher,2,NA,NA,1363
Der Hahn und der Messdiener,29,describer,1,NA,NA,1364
Mhm gut,30,matcher,2,NA,NA,1364
Bänkchen,30,describer,1,NA,NA,1365
Ja,29,matcher,2,NA,NA,1365
Dann der der das Bein so nach hinten spreizt äh,30,describer,1,NA,NA,1366
der Hahn,30,describer,1,NA,NA,1367
Dann der alte Mann.,30,describer,1,NA,NA,1368
Dann der der sitzt.,30,describer,1,NA,NA,1369
Dann der mit den gespreizten Armen.,30,describer,1,NA,NA,1370
Messdiener.,30,describer,1,NA,NA,1371
Hände in die Höhe,30,describer,1,NA,NA,1372
und Luftsprung,30,describer,2,NA,NA,1372
o.k.,29,matcher,3,NA,NA,1372
Messdiener,29,describer,1,NA,NA,1373
Mhm,30,matcher,2,NA,NA,1373
Dann haben wir äh ein Mann der einen in den Magen bekommen hat,29,describer,1,NA,NA,1374
Mmmh ja den gebückte meinst du,30,matcher,2,NA,NA,1374
Nein der ist nicht gebückt er hat ein Bein in die Luft,29,describer,3,NA,NA,1374
Aha ja mhm,30,matcher,4,NA,NA,1374
Dann haben wir noch sitzend ein bisschen anders als vorhin,29,describer,1,NA,NA,1375
mhm,30,matcher,2,NA,NA,1375
Dann würde  so ein Eiskunstläufer aber so ein Schnellläufer 110  M Mhm,29,describer,1,NA,NA,1376
Dann haben wir einer der tanzt das ist der John Travolta in,29,describer,1,NA,NA,1377
Dann der gebückte Mann der die Hände runter hält,29,describer,1,NA,NA,1378
Ja,30,matcher,2,NA,NA,1378
Dann haben wir einen der auf dem Bauch liegt,29,describer,1,NA,NA,1379
Ja,30,matcher,2,NA,NA,1379
Und dann der wie vorhin mit den gespreizten Armen nur etwas kürzer,29,describer,1,NA,NA,1380
Pharao. Ich find der sieht aus wie ein Pharao,30,matcher,2,NA,NA,1380
Gut.,29,describer,3,NA,NA,1380
Äh der gebückte,30,describer,1,NA,NA,1381
Ja,29,matcher,2,NA,NA,1381
Dann der John Travolta,30,describer,1,NA,NA,1382
Ja,29,matcher,2,NA,NA,1382
Messdiener,30,describer,1,NA,NA,1383
Ja,29,matcher,2,NA,NA,1383
Der auf dem Bauch,30,describer,1,NA,NA,1384
Ja,29,matcher,2,NA,NA,1384
Der sitzende,30,describer,1,NA,NA,1385
Mhm,29,matcher,2,NA,NA,1385
Der Pharao,30,describer,1,NA,NA,1386
Mhm,29,matcher,2,NA,NA,1386
Der mit den Händen nach unten,30,describer,1,NA,NA,1387
Was,29,matcher,2,NA,NA,1387
Der mit den Händen so nach unten,30,describer,3,NA,NA,1387
ja,29,matcher,4,NA,NA,1387
Und der Eiskunstläufer,30,describer,1,NA,NA,1388
Ja,29,matcher,2,NA,NA,1388
Ist gut.,30,describer,3,NA,NA,1388
Der der sitzt,29,describer,1,NA,NA,1389
Mhm,30,matcher,2,NA,NA,1389
Der der der einen im Magen hat,29,describer,1,NA,NA,1390
Ja,30,matcher,2,NA,NA,1390
Messdiener,29,describer,1,NA,NA,1391
Ja,30,matcher,2,NA,NA,1391
Eiskunstläufer,29,describer,1,NA,NA,1392
Ja,30,matcher,2,NA,NA,1392
Pharao,29,describer,1,NA,NA,1393
Ja,30,matcher,2,NA,NA,1393
Auf dem Bauch,29,describer,1,NA,NA,1394
Mhm,30,matcher,2,NA,NA,1394
Der alte Mann,29,describer,1,NA,NA,1395
Ja,30,matcher,2,NA,NA,1395
John Travolta,29,describer,1,NA,NA,1396
stopp,30,matcher,2,NA,NA,1396
Messdiener,30,describer,1,NA,NA,1397
Mhm,29,matcher,2,NA,NA,1397
Pharao,30,describer,1,NA,NA,1398
Mhm,29,matcher,2,NA,NA,1398
Gebückt,30,describer,1,NA,NA,1399
Mhm,29,matcher,2,NA,NA,1399
Auf dem Bauch,30,describer,1,NA,NA,1400
Mhm,29,matcher,2,NA,NA,1400
Hände nach unten.,30,describer,1,NA,NA,1401
John Travolta.,30,describer,1,NA,NA,1402
Eiskunstläufer,30,describer,1,NA,NA,1403
und sitzend,30,describer,1,NA,NA,1404
stopp,29,matcher,2,NA,NA,1404
Gebückte Mann,29,describer,1,NA,NA,1405
Mhm,30,matcher,2,NA,NA,1405
Auf dem Bauch,29,describer,1,NA,NA,1406
Mhm,30,matcher,2,NA,NA,1406
Pharao,29,describer,1,NA,NA,1407
Mhm,30,matcher,2,NA,NA,1407
Messdiener,29,describer,1,NA,NA,1408
Mhm,30,matcher,2,NA,NA,1408
Travolta,29,describer,1,NA,NA,1409
Mhm,30,matcher,2,NA,NA,1409
Sitzend,29,describer,1,NA,NA,1410
Mhm,30,matcher,2,NA,NA,1410
Eiskunstläufer,29,describer,1,NA,NA,1411
ja,30,matcher,2,NA,NA,1411
Und ja,29,describer,1,NA,NA,1412
gut,30,matcher,2,NA,NA,1412
Der Pharao,30,describer,1,NA,NA,1413
Mhm,29,matcher,2,NA,NA,1413
Hände nach unten.,30,describer,1,NA,NA,1414
Eiskunstläufer.,30,describer,1,NA,NA,1415
Messdiener.,30,describer,1,NA,NA,1416
Alter Mann.,30,describer,1,NA,NA,1417
Auf dem Bauch.,30,describer,1,NA,NA,1418
John Travolta.,30,describer,1,NA,NA,1419
Sitzend,30,describer,1,NA,NA,1420
o.k.,29,matcher,2,NA,NA,1420
