room_num,option_set,target,stage_num,trial_num,rep_num,exclude,exclusion_reason,order_match,condition_id,describer,matchers,trial_id,game_id
1,unk1;unk2;unk3;unk4;unk5;unk6;unk7;unk8,unk1,1,1,1,NA,NA,order,1,1,NA,1,1
1,unk1;unk2;unk3;unk4;unk5;unk6;unk7;unk8,unk1,1,2,1,NA,NA,order,1,1,2,2,1
1,unk1;unk2;unk3;unk4;unk5;unk6;unk7;unk8,unk1,1,3,1,NA,NA,order,1,1,2,3,1
1,unk1;unk2;unk3;unk4;unk5;unk6;unk7;unk8,unk1,1,4,1,NA,NA,order,1,1,2,4,1
1,unk1;unk2;unk3;unk4;unk5;unk6;unk7;unk8,unk1,1,5,1,NA,NA,order,1,1,2,5,1
1,unk1;unk2;unk3;unk4;unk5;unk6;unk7;unk8,unk1,1,6,1,NA,NA,order,1,1,2,6,1
1,unk1;unk2;unk3;unk4;unk5;unk6;unk7;unk8,unk1,1,7,1,NA,NA,order,1,1,2,7,1
1,unk1;unk2;unk3;unk4;unk5;unk6;unk7;unk8,unk1,1,9,2,NA,NA,order,1,2,NA,8,1
1,unk1;unk2;unk3;unk4;unk5;unk6;unk7;unk8,unk1,1,10,2,NA,NA,order,1,2,1,9,1
1,unk1;unk2;unk3;unk4;unk5;unk6;unk7;unk8,unk1,1,11,2,NA,NA,order,1,2,1,10,1
1,unk1;unk2;unk3;unk4;unk5;unk6;unk7;unk8,unk1,1,12,2,NA,NA,order,1,2,1,11,1
1,unk1;unk2;unk3;unk4;unk5;unk6;unk7;unk8,unk1,1,13,2,NA,NA,order,1,2,1,12,1
1,unk1;unk2;unk3;unk4;unk5;unk6;unk7;unk8,unk1,1,14,2,NA,NA,order,1,2,NA,13,1
1,unk1;unk2;unk3;unk4;unk5;unk6;unk7;unk8,unk1,1,15,2,NA,NA,order,1,2,1,14,1
1,unk1;unk2;unk3;unk4;unk5;unk6;unk7;unk8,unk1,1,16,2,NA,NA,order,1,2,1,15,1
1,unk1;unk2;unk3;unk4;unk5;unk6;unk7;unk8,unk1,1,17,3,NA,NA,order,1,1,2,16,1
1,unk1;unk2;unk3;unk4;unk5;unk6;unk7;unk8,unk1,1,18,3,NA,NA,order,1,1,2,17,1
1,unk1;unk2;unk3;unk4;unk5;unk6;unk7;unk8,unk1,1,19,3,NA,NA,order,1,1,2,18,1
1,unk1;unk2;unk3;unk4;unk5;unk6;unk7;unk8,unk1,1,20,3,NA,NA,order,1,1,2,19,1
1,unk1;unk2;unk3;unk4;unk5;unk6;unk7;unk8,unk1,1,21,3,NA,NA,order,1,1,2,20,1
1,unk1;unk2;unk3;unk4;unk5;unk6;unk7;unk8,unk1,1,22,3,NA,NA,order,1,1,2,21,1
1,unk1;unk2;unk3;unk4;unk5;unk6;unk7;unk8,unk1,1,23,3,NA,NA,order,1,1,NA,22,1
1,unk1;unk2;unk3;unk4;unk5;unk6;unk7;unk8,unk1,1,24,3,NA,NA,order,1,1,2,23,1
1,unk1;unk2;unk3;unk4;unk5;unk6;unk7;unk8,unk1,1,25,4,NA,NA,order,1,2,1,24,1
1,unk1;unk2;unk3;unk4;unk5;unk6;unk7;unk8,unk1,1,26,4,NA,NA,order,1,2,1,25,1
1,unk1;unk2;unk3;unk4;unk5;unk6;unk7;unk8,unk1,1,27,4,NA,NA,order,1,2,1,26,1
1,unk1;unk2;unk3;unk4;unk5;unk6;unk7;unk8,unk1,1,28,4,NA,NA,order,1,2,1,27,1
1,unk1;unk2;unk3;unk4;unk5;unk6;unk7;unk8,unk1,1,29,4,NA,NA,order,1,2,1,28,1
1,unk1;unk2;unk3;unk4;unk5;unk6;unk7;unk8,unk1,1,30,4,NA,NA,order,1,2,NA,29,1
1,unk1;unk2;unk3;unk4;unk5;unk6;unk7;unk8,unk1,1,31,4,NA,NA,order,1,2,NA,30,1
1,unk1;unk2;unk3;unk4;unk5;unk6;unk7;unk8,unk1,1,32,4,NA,NA,order,1,2,1,31,1
1,unk1;unk2;unk3;unk4;unk5;unk6;unk7;unk8,unk1,1,33,5,NA,NA,order,1,1,NA,32,1
1,unk1;unk2;unk3;unk4;unk5;unk6;unk7;unk8,unk1,1,34,5,NA,NA,order,1,1,NA,33,1
1,unk1;unk2;unk3;unk4;unk5;unk6;unk7;unk8,unk1,1,35,5,NA,NA,order,1,1,NA,34,1
1,unk1;unk2;unk3;unk4;unk5;unk6;unk7;unk8,unk1,1,36,5,NA,NA,order,1,1,NA,35,1
1,unk1;unk2;unk3;unk4;unk5;unk6;unk7;unk8,unk1,1,37,5,NA,NA,order,1,1,NA,36,1
1,unk1;unk2;unk3;unk4;unk5;unk6;unk7;unk8,unk1,1,38,5,NA,NA,order,1,1,2,37,1
1,unk1;unk2;unk3;unk4;unk5;unk6;unk7;unk8,unk1,1,39,5,NA,NA,order,1,1,NA,38,1
1,unk1;unk2;unk3;unk4;unk5;unk6;unk7;unk8,unk1,1,40,5,NA,NA,order,1,1,2,39,1
1,unk1;unk2;unk3;unk4;unk5;unk6;unk7;unk8,unk1,1,41,6,NA,NA,order,1,2,1,40,1
1,unk1;unk2;unk3;unk4;unk5;unk6;unk7;unk8,unk1,1,42,6,NA,NA,order,1,2,1,41,1
1,unk1;unk2;unk3;unk4;unk5;unk6;unk7;unk8,unk1,1,43,6,NA,NA,order,1,2,1,42,1
1,unk1;unk2;unk3;unk4;unk5;unk6;unk7;unk8,unk1,1,44,6,NA,NA,order,1,2,1,43,1
1,unk1;unk2;unk3;unk4;unk5;unk6;unk7;unk8,unk1,1,45,6,NA,NA,order,1,2,1,44,1
1,unk1;unk2;unk3;unk4;unk5;unk6;unk7;unk8,unk1,1,46,6,NA,NA,order,1,2,1,45,1
1,unk1;unk2;unk3;unk4;unk5;unk6;unk7;unk8,unk1,1,47,6,NA,NA,order,1,2,1,46,1
1,unk1;unk2;unk3;unk4;unk5;unk6;unk7;unk8,unk1,1,48,6,NA,NA,order,1,2,1,47,1
1,unk1;unk2;unk3;unk4;unk5;unk6;unk7;unk8,unk1,2,49,7,NA,NA,order,1,1,2,48,1
1,unk1;unk2;unk3;unk4;unk5;unk6;unk7;unk8,unk1,2,50,7,NA,NA,order,1,1,2,49,1
1,unk1;unk2;unk3;unk4;unk5;unk6;unk7;unk8,unk1,2,51,7,NA,NA,order,1,1,2,50,1
1,unk1;unk2;unk3;unk4;unk5;unk6;unk7;unk8,unk1,2,52,7,NA,NA,order,1,1,2,51,1
1,unk1;unk2;unk3;unk4;unk5;unk6;unk7;unk8,unk1,2,53,7,NA,NA,order,1,1,2,52,1
1,unk1;unk2;unk3;unk4;unk5;unk6;unk7;unk8,unk1,2,54,7,NA,NA,order,1,1,2,53,1
1,unk1;unk2;unk3;unk4;unk5;unk6;unk7;unk8,unk1,2,56,7,NA,NA,order,1,1,2,54,1
1,unk1;unk2;unk3;unk4;unk5;unk6;unk7;unk8,unk1,2,57,8,NA,NA,order,1,2,1,55,1
1,unk1;unk2;unk3;unk4;unk5;unk6;unk7;unk8,unk1,2,58,8,NA,NA,order,1,2,1,56,1
1,unk1;unk2;unk3;unk4;unk5;unk6;unk7;unk8,unk1,2,59,8,NA,NA,order,1,2,1,57,1
1,unk1;unk2;unk3;unk4;unk5;unk6;unk7;unk8,unk1,2,60,8,NA,NA,order,1,2,1,58,1
1,unk1;unk2;unk3;unk4;unk5;unk6;unk7;unk8,unk1,2,61,8,NA,NA,order,1,2,1,59,1
1,unk1;unk2;unk3;unk4;unk5;unk6;unk7;unk8,unk1,2,62,8,NA,NA,order,1,2,1,60,1
1,unk1;unk2;unk3;unk4;unk5;unk6;unk7;unk8,unk1,2,63,8,NA,NA,order,1,2,1,61,1
1,unk1;unk2;unk3;unk4;unk5;unk6;unk7;unk8,unk1,2,64,8,NA,NA,order,1,2,1,62,1
1,unk1;unk2;unk3;unk4;unk5;unk6;unk7;unk8,unk1,2,65,9,NA,NA,order,1,1,2,63,1
1,unk1;unk2;unk3;unk4;unk5;unk6;unk7;unk8,unk1,2,66,9,NA,NA,order,1,1,2,64,1
1,unk1;unk2;unk3;unk4;unk5;unk6;unk7;unk8,unk1,2,67,9,NA,NA,order,1,1,NA,65,1
1,unk1;unk2;unk3;unk4;unk5;unk6;unk7;unk8,unk1,2,68,9,NA,NA,order,1,1,2,66,1
1,unk1;unk2;unk3;unk4;unk5;unk6;unk7;unk8,unk1,2,69,9,NA,NA,order,1,1,2,67,1
1,unk1;unk2;unk3;unk4;unk5;unk6;unk7;unk8,unk1,2,70,9,NA,NA,order,1,1,2,68,1
1,unk1;unk2;unk3;unk4;unk5;unk6;unk7;unk8,unk1,2,71,9,NA,NA,order,1,1,2,69,1
1,unk1;unk2;unk3;unk4;unk5;unk6;unk7;unk8,unk1,2,72,9,NA,NA,order,1,1,2,70,1
1,unk1;unk2;unk3;unk4;unk5;unk6;unk7;unk8,unk1,2,73,10,NA,NA,order,1,2,1,71,1
1,unk1;unk2;unk3;unk4;unk5;unk6;unk7;unk8,unk1,2,74,10,NA,NA,order,1,2,1,72,1
1,unk1;unk2;unk3;unk4;unk5;unk6;unk7;unk8,unk1,2,75,10,NA,NA,order,1,2,1,73,1
1,unk1;unk2;unk3;unk4;unk5;unk6;unk7;unk8,unk1,2,76,10,NA,NA,order,1,2,NA,74,1
1,unk1;unk2;unk3;unk4;unk5;unk6;unk7;unk8,unk1,2,77,10,NA,NA,order,1,2,1,75,1
1,unk1;unk2;unk3;unk4;unk5;unk6;unk7;unk8,unk1,2,78,10,NA,NA,order,1,2,1,76,1
1,unk1;unk2;unk3;unk4;unk5;unk6;unk7;unk8,unk1,2,79,10,NA,NA,order,1,2,1,77,1
1,unk1;unk2;unk3;unk4;unk5;unk6;unk7;unk8,unk1,2,80,10,NA,NA,order,1,2,1,78,1
1,unk1;unk2;unk3;unk4;unk5;unk6;unk7;unk8,unk1,2,81,11,NA,NA,order,1,1,2,79,1
1,unk1;unk2;unk3;unk4;unk5;unk6;unk7;unk8,unk1,2,82,11,NA,NA,order,1,1,2,80,1
1,unk1;unk2;unk3;unk4;unk5;unk6;unk7;unk8,unk1,2,83,11,NA,NA,order,1,1,2,81,1
1,unk1;unk2;unk3;unk4;unk5;unk6;unk7;unk8,unk1,2,84,11,NA,NA,order,1,1,2,82,1
1,unk1;unk2;unk3;unk4;unk5;unk6;unk7;unk8,unk1,2,85,11,NA,NA,order,1,1,2,83,1
1,unk1;unk2;unk3;unk4;unk5;unk6;unk7;unk8,unk1,2,86,11,NA,NA,order,1,1,2,84,1
1,unk1;unk2;unk3;unk4;unk5;unk6;unk7;unk8,unk1,2,87,11,NA,NA,order,1,1,2,85,1
1,unk1;unk2;unk3;unk4;unk5;unk6;unk7;unk8,unk1,2,88,11,NA,NA,order,1,1,2,86,1
1,unk1;unk2;unk3;unk4;unk5;unk6;unk7;unk8,unk1,2,89,12,NA,NA,order,1,2,1,87,1
1,unk1;unk2;unk3;unk4;unk5;unk6;unk7;unk8,unk1,2,90,12,NA,NA,order,1,2,1,88,1
1,unk1;unk2;unk3;unk4;unk5;unk6;unk7;unk8,unk1,2,91,12,NA,NA,order,1,2,1,89,1
1,unk1;unk2;unk3;unk4;unk5;unk6;unk7;unk8,unk1,2,92,12,NA,NA,order,1,2,1,90,1
1,unk1;unk2;unk3;unk4;unk5;unk6;unk7;unk8,unk1,2,93,12,NA,NA,order,1,2,1,91,1
1,unk1;unk2;unk3;unk4;unk5;unk6;unk7;unk8,unk1,2,94,12,NA,NA,order,1,2,1,92,1
1,unk1;unk2;unk3;unk4;unk5;unk6;unk7;unk8,unk1,2,95,12,NA,NA,order,1,2,1,93,1
1,unk1;unk2;unk3;unk4;unk5;unk6;unk7;unk8,unk1,2,96,12,NA,NA,order,1,2,1,94,1
1,unk1;unk2;unk3;unk4;unk5;unk6;unk7;unk8,unk1,1,1,1,NA,NA,order,1,3,4,95,2
1,unk1;unk2;unk3;unk4;unk5;unk6;unk7;unk8,unk1,1,2,1,NA,NA,order,1,3,4,96,2
1,unk1;unk2;unk3;unk4;unk5;unk6;unk7;unk8,unk1,1,3,1,NA,NA,order,1,3,4,97,2
1,unk1;unk2;unk3;unk4;unk5;unk6;unk7;unk8,unk1,1,4,1,NA,NA,order,1,3,4,98,2
1,unk1;unk2;unk3;unk4;unk5;unk6;unk7;unk8,unk1,1,5,1,NA,NA,order,1,3,4,99,2
1,unk1;unk2;unk3;unk4;unk5;unk6;unk7;unk8,unk1,1,6,1,NA,NA,order,1,3,4,100,2
1,unk1;unk2;unk3;unk4;unk5;unk6;unk7;unk8,unk1,1,7,1,NA,NA,order,1,3,4,101,2
1,unk1;unk2;unk3;unk4;unk5;unk6;unk7;unk8,unk1,1,8,1,NA,NA,order,1,3,4,102,2
1,unk1;unk2;unk3;unk4;unk5;unk6;unk7;unk8,unk1,1,9,2,NA,NA,order,1,4,3,103,2
1,unk1;unk2;unk3;unk4;unk5;unk6;unk7;unk8,unk1,1,10,2,NA,NA,order,1,4,3,104,2
1,unk1;unk2;unk3;unk4;unk5;unk6;unk7;unk8,unk1,1,11,2,NA,NA,order,1,4,3,105,2
1,unk1;unk2;unk3;unk4;unk5;unk6;unk7;unk8,unk1,1,12,2,NA,NA,order,1,4,3,106,2
1,unk1;unk2;unk3;unk4;unk5;unk6;unk7;unk8,unk1,1,13,2,NA,NA,order,1,4,3,107,2
1,unk1;unk2;unk3;unk4;unk5;unk6;unk7;unk8,unk1,1,14,2,NA,NA,order,1,4,3,108,2
1,unk1;unk2;unk3;unk4;unk5;unk6;unk7;unk8,unk1,1,15,2,NA,NA,order,1,4,3,109,2
1,unk1;unk2;unk3;unk4;unk5;unk6;unk7;unk8,unk1,1,16,2,NA,NA,order,1,4,3,110,2
1,unk1;unk2;unk3;unk4;unk5;unk6;unk7;unk8,unk1,1,24,3,NA,NA,order,1,3,4,111,2
1,unk1;unk2;unk3;unk4;unk5;unk6;unk7;unk8,unk1,1,17,3,NA,NA,order,1,3,4,112,2
1,unk1;unk2;unk3;unk4;unk5;unk6;unk7;unk8,unk1,1,18,3,NA,NA,order,1,3,4,113,2
1,unk1;unk2;unk3;unk4;unk5;unk6;unk7;unk8,unk1,1,19,3,NA,NA,order,1,3,4,114,2
1,unk1;unk2;unk3;unk4;unk5;unk6;unk7;unk8,unk1,1,20,3,NA,NA,order,1,3,4,115,2
1,unk1;unk2;unk3;unk4;unk5;unk6;unk7;unk8,unk1,1,21,3,NA,NA,order,1,3,4,116,2
1,unk1;unk2;unk3;unk4;unk5;unk6;unk7;unk8,unk1,1,22,3,NA,NA,order,1,3,4,117,2
1,unk1;unk2;unk3;unk4;unk5;unk6;unk7;unk8,unk1,1,23,3,NA,NA,order,1,3,4,118,2
1,unk1;unk2;unk3;unk4;unk5;unk6;unk7;unk8,unk1,1,25,4,NA,NA,order,1,4,3,119,2
1,unk1;unk2;unk3;unk4;unk5;unk6;unk7;unk8,unk1,1,26,4,NA,NA,order,1,4,3,120,2
1,unk1;unk2;unk3;unk4;unk5;unk6;unk7;unk8,unk1,1,27,4,NA,NA,order,1,4,3,121,2
1,unk1;unk2;unk3;unk4;unk5;unk6;unk7;unk8,unk1,1,28,4,NA,NA,order,1,4,3,122,2
1,unk1;unk2;unk3;unk4;unk5;unk6;unk7;unk8,unk1,1,29,4,NA,NA,order,1,4,3,123,2
1,unk1;unk2;unk3;unk4;unk5;unk6;unk7;unk8,unk1,1,30,4,NA,NA,order,1,4,3,124,2
1,unk1;unk2;unk3;unk4;unk5;unk6;unk7;unk8,unk1,1,31,4,NA,NA,order,1,4,3,125,2
1,unk1;unk2;unk3;unk4;unk5;unk6;unk7;unk8,unk1,1,32,4,NA,NA,order,1,4,3,126,2
1,unk1;unk2;unk3;unk4;unk5;unk6;unk7;unk8,unk1,1,33,5,NA,NA,order,1,3,NA,127,2
1,unk1;unk2;unk3;unk4;unk5;unk6;unk7;unk8,unk1,1,34,5,NA,NA,order,1,3,NA,128,2
1,unk1;unk2;unk3;unk4;unk5;unk6;unk7;unk8,unk1,1,35,5,NA,NA,order,1,3,NA,129,2
1,unk1;unk2;unk3;unk4;unk5;unk6;unk7;unk8,unk1,1,36,5,NA,NA,order,1,3,NA,130,2
1,unk1;unk2;unk3;unk4;unk5;unk6;unk7;unk8,unk1,1,37,5,NA,NA,order,1,3,4,131,2
1,unk1;unk2;unk3;unk4;unk5;unk6;unk7;unk8,unk1,1,38,5,NA,NA,order,1,3,4,132,2
1,unk1;unk2;unk3;unk4;unk5;unk6;unk7;unk8,unk1,1,39,5,NA,NA,order,1,3,4,133,2
1,unk1;unk2;unk3;unk4;unk5;unk6;unk7;unk8,unk1,1,40,5,NA,NA,order,1,3,4,134,2
1,unk1;unk2;unk3;unk4;unk5;unk6;unk7;unk8,unk1,1,41,6,NA,NA,order,1,4,3,135,2
1,unk1;unk2;unk3;unk4;unk5;unk6;unk7;unk8,unk1,1,42,6,NA,NA,order,1,4,3,136,2
1,unk1;unk2;unk3;unk4;unk5;unk6;unk7;unk8,unk1,1,43,6,NA,NA,order,1,4,3,137,2
1,unk1;unk2;unk3;unk4;unk5;unk6;unk7;unk8,unk1,1,44,6,NA,NA,order,1,4,3,138,2
1,unk1;unk2;unk3;unk4;unk5;unk6;unk7;unk8,unk1,1,45,6,NA,NA,order,1,4,3,139,2
1,unk1;unk2;unk3;unk4;unk5;unk6;unk7;unk8,unk1,1,46,6,NA,NA,order,1,4,3,140,2
1,unk1;unk2;unk3;unk4;unk5;unk6;unk7;unk8,unk1,1,47,6,NA,NA,order,1,4,3,141,2
1,unk1;unk2;unk3;unk4;unk5;unk6;unk7;unk8,unk1,1,48,6,NA,NA,order,1,4,3,142,2
1,unk1;unk2;unk3;unk4;unk5;unk6;unk7;unk8,unk1,2,49,7,NA,NA,order,1,3,4,143,2
1,unk1;unk2;unk3;unk4;unk5;unk6;unk7;unk8,unk1,2,50,7,NA,NA,order,1,3,4,144,2
1,unk1;unk2;unk3;unk4;unk5;unk6;unk7;unk8,unk1,2,51,7,NA,NA,order,1,3,4,145,2
1,unk1;unk2;unk3;unk4;unk5;unk6;unk7;unk8,unk1,2,52,7,NA,NA,order,1,3,4,146,2
1,unk1;unk2;unk3;unk4;unk5;unk6;unk7;unk8,unk1,2,53,7,NA,NA,order,1,3,4,147,2
1,unk1;unk2;unk3;unk4;unk5;unk6;unk7;unk8,unk1,2,54,7,NA,NA,order,1,3,4,148,2
1,unk1;unk2;unk3;unk4;unk5;unk6;unk7;unk8,unk1,2,55,7,NA,NA,order,1,3,4,149,2
1,unk1;unk2;unk3;unk4;unk5;unk6;unk7;unk8,unk1,2,56,7,NA,NA,order,1,3,NA,150,2
1,unk1;unk2;unk3;unk4;unk5;unk6;unk7;unk8,unk1,2,57,8,NA,NA,order,1,4,3,151,2
1,unk1;unk2;unk3;unk4;unk5;unk6;unk7;unk8,unk1,2,58,8,NA,NA,order,1,4,3,152,2
1,unk1;unk2;unk3;unk4;unk5;unk6;unk7;unk8,unk1,2,59,8,NA,NA,order,1,4,3,153,2
1,unk1;unk2;unk3;unk4;unk5;unk6;unk7;unk8,unk1,2,60,8,NA,NA,order,1,4,3,154,2
1,unk1;unk2;unk3;unk4;unk5;unk6;unk7;unk8,unk1,2,61,8,NA,NA,order,1,4,3,155,2
1,unk1;unk2;unk3;unk4;unk5;unk6;unk7;unk8,unk1,2,62,8,NA,NA,order,1,4,3,156,2
1,unk1;unk2;unk3;unk4;unk5;unk6;unk7;unk8,unk1,2,63,8,NA,NA,order,1,4,3,157,2
1,unk1;unk2;unk3;unk4;unk5;unk6;unk7;unk8,unk1,2,64,8,NA,NA,order,1,4,3,158,2
1,unk1;unk2;unk3;unk4;unk5;unk6;unk7;unk8,unk1,2,65,9,NA,NA,order,1,3,4,159,2
1,unk1;unk2;unk3;unk4;unk5;unk6;unk7;unk8,unk1,2,66,9,NA,NA,order,1,3,4,160,2
1,unk1;unk2;unk3;unk4;unk5;unk6;unk7;unk8,unk1,2,67,9,NA,NA,order,1,3,4,161,2
1,unk1;unk2;unk3;unk4;unk5;unk6;unk7;unk8,unk1,2,68,9,NA,NA,order,1,3,4,162,2
1,unk1;unk2;unk3;unk4;unk5;unk6;unk7;unk8,unk1,2,69,9,NA,NA,order,1,3,4,163,2
1,unk1;unk2;unk3;unk4;unk5;unk6;unk7;unk8,unk1,2,70,9,NA,NA,order,1,3,4,164,2
1,unk1;unk2;unk3;unk4;unk5;unk6;unk7;unk8,unk1,2,71,9,NA,NA,order,1,3,4,165,2
1,unk1;unk2;unk3;unk4;unk5;unk6;unk7;unk8,unk1,2,72,9,NA,NA,order,1,3,4,166,2
1,unk1;unk2;unk3;unk4;unk5;unk6;unk7;unk8,unk1,2,73,10,NA,NA,order,1,4,3,167,2
1,unk1;unk2;unk3;unk4;unk5;unk6;unk7;unk8,unk1,2,74,10,NA,NA,order,1,4,3,168,2
1,unk1;unk2;unk3;unk4;unk5;unk6;unk7;unk8,unk1,2,75,10,NA,NA,order,1,4,3,169,2
1,unk1;unk2;unk3;unk4;unk5;unk6;unk7;unk8,unk1,2,76,10,NA,NA,order,1,4,NA,170,2
1,unk1;unk2;unk3;unk4;unk5;unk6;unk7;unk8,unk1,2,77,10,NA,NA,order,1,4,NA,171,2
1,unk1;unk2;unk3;unk4;unk5;unk6;unk7;unk8,unk1,2,78,10,NA,NA,order,1,4,3,172,2
1,unk1;unk2;unk3;unk4;unk5;unk6;unk7;unk8,unk1,2,79,10,NA,NA,order,1,4,3,173,2
1,unk1;unk2;unk3;unk4;unk5;unk6;unk7;unk8,unk1,2,80,10,NA,NA,order,1,4,3,174,2
1,unk1;unk2;unk3;unk4;unk5;unk6;unk7;unk8,unk1,2,81,11,NA,NA,order,1,3,NA,175,2
1,unk1;unk2;unk3;unk4;unk5;unk6;unk7;unk8,unk1,2,82,11,NA,NA,order,1,3,4,176,2
1,unk1;unk2;unk3;unk4;unk5;unk6;unk7;unk8,unk1,2,83,11,NA,NA,order,1,3,NA,177,2
1,unk1;unk2;unk3;unk4;unk5;unk6;unk7;unk8,unk1,2,84,11,NA,NA,order,1,3,NA,178,2
1,unk1;unk2;unk3;unk4;unk5;unk6;unk7;unk8,unk1,2,85,11,NA,NA,order,1,3,NA,179,2
1,unk1;unk2;unk3;unk4;unk5;unk6;unk7;unk8,unk1,2,86,11,NA,NA,order,1,3,NA,180,2
1,unk1;unk2;unk3;unk4;unk5;unk6;unk7;unk8,unk1,2,87,11,NA,NA,order,1,3,NA,181,2
1,unk1;unk2;unk3;unk4;unk5;unk6;unk7;unk8,unk1,2,88,11,NA,NA,order,1,3,4,182,2
1,unk1;unk2;unk3;unk4;unk5;unk6;unk7;unk8,unk1,2,96,12,NA,NA,order,1,4,3,183,2
1,unk1;unk2;unk3;unk4;unk5;unk6;unk7;unk8,unk1,2,89,12,NA,NA,order,1,4,3,184,2
1,unk1;unk2;unk3;unk4;unk5;unk6;unk7;unk8,unk1,2,90,12,NA,NA,order,1,4,3,185,2
1,unk1;unk2;unk3;unk4;unk5;unk6;unk7;unk8,unk1,2,91,12,NA,NA,order,1,4,3,186,2
1,unk1;unk2;unk3;unk4;unk5;unk6;unk7;unk8,unk1,2,92,12,NA,NA,order,1,4,3,187,2
1,unk1;unk2;unk3;unk4;unk5;unk6;unk7;unk8,unk1,2,93,12,NA,NA,order,1,4,3,188,2
1,unk1;unk2;unk3;unk4;unk5;unk6;unk7;unk8,unk1,2,94,12,NA,NA,order,1,4,3,189,2
1,unk1;unk2;unk3;unk4;unk5;unk6;unk7;unk8,unk1,2,95,12,NA,NA,order,1,4,3,190,2
1,unk1;unk2;unk3;unk4;unk5;unk6;unk7;unk8,unk1,1,1,1,NA,NA,order,2,5,6,191,3
1,unk1;unk2;unk3;unk4;unk5;unk6;unk7;unk8,unk1,1,5,1,NA,NA,order,2,5,6,192,3
1,unk1;unk2;unk3;unk4;unk5;unk6;unk7;unk8,unk1,1,8,1,NA,NA,order,2,5,6,193,3
1,unk1;unk2;unk3;unk4;unk5;unk6;unk7;unk8,unk1,1,6,1,NA,NA,order,2,5,6,194,3
1,unk1;unk2;unk3;unk4;unk5;unk6;unk7;unk8,unk1,1,7,1,NA,NA,order,2,5,6,195,3
1,unk1;unk2;unk3;unk4;unk5;unk6;unk7;unk8,unk1,1,3,1,NA,NA,order,2,5,6,196,3
1,unk1;unk2;unk3;unk4;unk5;unk6;unk7;unk8,unk1,1,4,1,NA,NA,order,2,5,6,197,3
1,unk1;unk2;unk3;unk4;unk5;unk6;unk7;unk8,unk1,1,9,2,NA,NA,order,2,6,5,198,3
1,unk1;unk2;unk3;unk4;unk5;unk6;unk7;unk8,unk1,1,10,2,NA,NA,order,2,6,5,199,3
1,unk1;unk2;unk3;unk4;unk5;unk6;unk7;unk8,unk1,1,11,2,NA,NA,order,2,6,5,200,3
1,unk1;unk2;unk3;unk4;unk5;unk6;unk7;unk8,unk1,1,12,2,NA,NA,order,2,6,5,201,3
1,unk1;unk2;unk3;unk4;unk5;unk6;unk7;unk8,unk1,1,13,2,NA,NA,order,2,6,5,202,3
1,unk1;unk2;unk3;unk4;unk5;unk6;unk7;unk8,unk1,1,14,2,NA,NA,order,2,6,5,203,3
1,unk1;unk2;unk3;unk4;unk5;unk6;unk7;unk8,unk1,1,15,2,NA,NA,order,2,6,5,204,3
1,unk1;unk2;unk3;unk4;unk5;unk6;unk7;unk8,unk1,1,16,2,NA,NA,order,2,6,NA,205,3
1,unk1;unk2;unk3;unk4;unk5;unk6;unk7;unk8,unk1,1,21,3,NA,NA,order,2,5,6,206,3
1,unk1;unk2;unk3;unk4;unk5;unk6;unk7;unk8,unk1,1,22,3,NA,NA,order,2,5,6,207,3
1,unk1;unk2;unk3;unk4;unk5;unk6;unk7;unk8,unk1,1,23,3,NA,NA,order,2,5,6,208,3
1,unk1;unk2;unk3;unk4;unk5;unk6;unk7;unk8,unk1,1,24,3,NA,NA,order,2,5,6,209,3
1,unk1;unk2;unk3;unk4;unk5;unk6;unk7;unk8,unk1,1,20,3,NA,NA,order,2,5,6,210,3
1,unk1;unk2;unk3;unk4;unk5;unk6;unk7;unk8,unk1,1,19,3,NA,NA,order,2,5,6,211,3
1,unk1;unk2;unk3;unk4;unk5;unk6;unk7;unk8,unk1,1,18,3,NA,NA,order,2,5,6,212,3
1,unk1;unk2;unk3;unk4;unk5;unk6;unk7;unk8,unk1,1,17,3,NA,NA,order,2,5,6,213,3
1,unk1;unk2;unk3;unk4;unk5;unk6;unk7;unk8,unk1,1,25,4,NA,NA,order,2,6,5,214,3
1,unk1;unk2;unk3;unk4;unk5;unk6;unk7;unk8,unk1,1,26,4,NA,NA,order,2,6,5,215,3
1,unk1;unk2;unk3;unk4;unk5;unk6;unk7;unk8,unk1,1,27,4,NA,NA,order,2,6,5,216,3
1,unk1;unk2;unk3;unk4;unk5;unk6;unk7;unk8,unk1,1,28,4,NA,NA,order,2,6,5,217,3
1,unk1;unk2;unk3;unk4;unk5;unk6;unk7;unk8,unk1,1,29,4,NA,NA,order,2,6,5,218,3
1,unk1;unk2;unk3;unk4;unk5;unk6;unk7;unk8,unk1,1,30,4,NA,NA,order,2,6,NA,219,3
1,unk1;unk2;unk3;unk4;unk5;unk6;unk7;unk8,unk1,1,31,4,NA,NA,order,2,6,5,220,3
1,unk1;unk2;unk3;unk4;unk5;unk6;unk7;unk8,unk1,1,32,4,NA,NA,order,2,6,NA,221,3
1,unk1;unk2;unk3;unk4;unk5;unk6;unk7;unk8,unk1,1,33,5,NA,NA,order,2,5,6,222,3
1,unk1;unk2;unk3;unk4;unk5;unk6;unk7;unk8,unk1,1,34,5,NA,NA,order,2,5,6,223,3
1,unk1;unk2;unk3;unk4;unk5;unk6;unk7;unk8,unk1,1,35,5,NA,NA,order,2,5,6,224,3
1,unk1;unk2;unk3;unk4;unk5;unk6;unk7;unk8,unk1,1,36,5,NA,NA,order,2,5,6,225,3
1,unk1;unk2;unk3;unk4;unk5;unk6;unk7;unk8,unk1,1,37,5,NA,NA,order,2,5,6,226,3
1,unk1;unk2;unk3;unk4;unk5;unk6;unk7;unk8,unk1,1,38,5,NA,NA,order,2,5,6,227,3
1,unk1;unk2;unk3;unk4;unk5;unk6;unk7;unk8,unk1,1,39,5,NA,NA,order,2,5,6,228,3
1,unk1;unk2;unk3;unk4;unk5;unk6;unk7;unk8,unk1,1,40,5,NA,NA,order,2,5,6,229,3
1,unk1;unk2;unk3;unk4;unk5;unk6;unk7;unk8,unk1,1,41,6,NA,NA,order,2,6,5,230,3
1,unk1;unk2;unk3;unk4;unk5;unk6;unk7;unk8,unk1,1,42,6,NA,NA,order,2,6,5,231,3
1,unk1;unk2;unk3;unk4;unk5;unk6;unk7;unk8,unk1,1,43,6,NA,NA,order,2,6,5,232,3
1,unk1;unk2;unk3;unk4;unk5;unk6;unk7;unk8,unk1,1,44,6,NA,NA,order,2,6,5,233,3
1,unk1;unk2;unk3;unk4;unk5;unk6;unk7;unk8,unk1,1,45,6,NA,NA,order,2,6,5,234,3
1,unk1;unk2;unk3;unk4;unk5;unk6;unk7;unk8,unk1,1,46,6,NA,NA,order,2,6,5,235,3
1,unk1;unk2;unk3;unk4;unk5;unk6;unk7;unk8,unk1,1,47,6,NA,NA,order,2,6,5,236,3
1,unk1;unk2;unk3;unk4;unk5;unk6;unk7;unk8,unk1,1,48,6,NA,NA,order,2,6,NA,237,3
1,unk1;unk2;unk3;unk4;unk5;unk6;unk7;unk8,unk1,2,49,7,NA,NA,order,2,5,6,238,3
1,unk1;unk2;unk3;unk4;unk5;unk6;unk7;unk8,unk1,2,50,7,NA,NA,order,2,5,6,239,3
1,unk1;unk2;unk3;unk4;unk5;unk6;unk7;unk8,unk1,2,51,7,NA,NA,order,2,5,6,240,3
1,unk1;unk2;unk3;unk4;unk5;unk6;unk7;unk8,unk1,2,52,7,NA,NA,order,2,5,6,241,3
1,unk1;unk2;unk3;unk4;unk5;unk6;unk7;unk8,unk1,2,53,7,NA,NA,order,2,5,6,242,3
1,unk1;unk2;unk3;unk4;unk5;unk6;unk7;unk8,unk1,2,54,7,NA,NA,order,2,5,6,243,3
1,unk1;unk2;unk3;unk4;unk5;unk6;unk7;unk8,unk1,2,55,7,NA,NA,order,2,5,6,244,3
1,unk1;unk2;unk3;unk4;unk5;unk6;unk7;unk8,unk1,2,56,7,NA,NA,order,2,5,6,245,3
1,unk1;unk2;unk3;unk4;unk5;unk6;unk7;unk8,unk1,2,57,8,NA,NA,order,2,6,5,246,3
1,unk1;unk2;unk3;unk4;unk5;unk6;unk7;unk8,unk1,2,58,8,NA,NA,order,2,6,5,247,3
1,unk1;unk2;unk3;unk4;unk5;unk6;unk7;unk8,unk1,2,59,8,NA,NA,order,2,6,5,248,3
1,unk1;unk2;unk3;unk4;unk5;unk6;unk7;unk8,unk1,2,60,8,NA,NA,order,2,6,5,249,3
1,unk1;unk2;unk3;unk4;unk5;unk6;unk7;unk8,unk1,2,61,8,NA,NA,order,2,6,5,250,3
1,unk1;unk2;unk3;unk4;unk5;unk6;unk7;unk8,unk1,2,62,8,NA,NA,order,2,6,5,251,3
1,unk1;unk2;unk3;unk4;unk5;unk6;unk7;unk8,unk1,2,63,8,NA,NA,order,2,6,5,252,3
1,unk1;unk2;unk3;unk4;unk5;unk6;unk7;unk8,unk1,2,64,8,NA,NA,order,2,6,5,253,3
1,unk1;unk2;unk3;unk4;unk5;unk6;unk7;unk8,unk1,2,65,9,NA,NA,order,2,5,6,254,3
1,unk1;unk2;unk3;unk4;unk5;unk6;unk7;unk8,unk1,2,66,9,NA,NA,order,2,5,6,255,3
1,unk1;unk2;unk3;unk4;unk5;unk6;unk7;unk8,unk1,2,67,9,NA,NA,order,2,5,6,256,3
1,unk1;unk2;unk3;unk4;unk5;unk6;unk7;unk8,unk1,2,68,9,NA,NA,order,2,5,6,257,3
1,unk1;unk2;unk3;unk4;unk5;unk6;unk7;unk8,unk1,2,69,9,NA,NA,order,2,5,6,258,3
1,unk1;unk2;unk3;unk4;unk5;unk6;unk7;unk8,unk1,2,70,9,NA,NA,order,2,5,6,259,3
1,unk1;unk2;unk3;unk4;unk5;unk6;unk7;unk8,unk1,2,71,9,NA,NA,order,2,5,6,260,3
1,unk1;unk2;unk3;unk4;unk5;unk6;unk7;unk8,unk1,2,72,9,NA,NA,order,2,5,6,261,3
1,unk1;unk2;unk3;unk4;unk5;unk6;unk7;unk8,unk1,2,73,10,NA,NA,order,2,6,5,262,3
1,unk1;unk2;unk3;unk4;unk5;unk6;unk7;unk8,unk1,2,74,10,NA,NA,order,2,6,5,263,3
1,unk1;unk2;unk3;unk4;unk5;unk6;unk7;unk8,unk1,2,75,10,NA,NA,order,2,6,5,264,3
1,unk1;unk2;unk3;unk4;unk5;unk6;unk7;unk8,unk1,2,76,10,NA,NA,order,2,6,5,265,3
1,unk1;unk2;unk3;unk4;unk5;unk6;unk7;unk8,unk1,2,77,10,NA,NA,order,2,6,5,266,3
1,unk1;unk2;unk3;unk4;unk5;unk6;unk7;unk8,unk1,2,78,10,NA,NA,order,2,6,5,267,3
1,unk1;unk2;unk3;unk4;unk5;unk6;unk7;unk8,unk1,2,79,10,NA,NA,order,2,6,5,268,3
1,unk1;unk2;unk3;unk4;unk5;unk6;unk7;unk8,unk1,2,80,10,NA,NA,order,2,6,5,269,3
1,unk1;unk2;unk3;unk4;unk5;unk6;unk7;unk8,unk1,2,81,11,NA,NA,order,2,5,6,270,3
1,unk1;unk2;unk3;unk4;unk5;unk6;unk7;unk8,unk1,2,82,11,NA,NA,order,2,5,6,271,3
1,unk1;unk2;unk3;unk4;unk5;unk6;unk7;unk8,unk1,2,83,11,NA,NA,order,2,5,6,272,3
1,unk1;unk2;unk3;unk4;unk5;unk6;unk7;unk8,unk1,2,84,11,NA,NA,order,2,5,6,273,3
1,unk1;unk2;unk3;unk4;unk5;unk6;unk7;unk8,unk1,2,85,11,NA,NA,order,2,5,6,274,3
1,unk1;unk2;unk3;unk4;unk5;unk6;unk7;unk8,unk1,2,86,11,NA,NA,order,2,5,6,275,3
1,unk1;unk2;unk3;unk4;unk5;unk6;unk7;unk8,unk1,2,87,11,NA,NA,order,2,5,6,276,3
1,unk1;unk2;unk3;unk4;unk5;unk6;unk7;unk8,unk1,2,88,11,NA,NA,order,2,5,6,277,3
1,unk1;unk2;unk3;unk4;unk5;unk6;unk7;unk8,unk1,2,89,12,NA,NA,order,2,6,5,278,3
1,unk1;unk2;unk3;unk4;unk5;unk6;unk7;unk8,unk1,2,90,12,NA,NA,order,2,6,5,279,3
1,unk1;unk2;unk3;unk4;unk5;unk6;unk7;unk8,unk1,2,91,12,NA,NA,order,2,6,5,280,3
1,unk1;unk2;unk3;unk4;unk5;unk6;unk7;unk8,unk1,2,92,12,NA,NA,order,2,6,5,281,3
1,unk1;unk2;unk3;unk4;unk5;unk6;unk7;unk8,unk1,2,93,12,NA,NA,order,2,6,5,282,3
1,unk1;unk2;unk3;unk4;unk5;unk6;unk7;unk8,unk1,2,94,12,NA,NA,order,2,6,5,283,3
1,unk1;unk2;unk3;unk4;unk5;unk6;unk7;unk8,unk1,2,95,12,NA,NA,order,2,6,5,284,3
1,unk1;unk2;unk3;unk4;unk5;unk6;unk7;unk8,unk1,2,96,12,NA,NA,order,2,6,5,285,3
1,unk1;unk2;unk3;unk4;unk5;unk6;unk7;unk8,unk1,1,6,1,NA,NA,order,3,7,8,286,4
1,unk1;unk2;unk3;unk4;unk5;unk6;unk7;unk8,unk1,1,1,1,NA,NA,order,3,7,8,287,4
1,unk1;unk2;unk3;unk4;unk5;unk6;unk7;unk8,unk1,1,2,1,NA,NA,order,3,7,8,288,4
1,unk1;unk2;unk3;unk4;unk5;unk6;unk7;unk8,unk1,1,3,1,NA,NA,order,3,7,8,289,4
1,unk1;unk2;unk3;unk4;unk5;unk6;unk7;unk8,unk1,1,4,1,NA,NA,order,3,7,8,290,4
1,unk1;unk2;unk3;unk4;unk5;unk6;unk7;unk8,unk1,1,8,1,NA,NA,order,3,7,NA,291,4
1,unk1;unk2;unk3;unk4;unk5;unk6;unk7;unk8,unk1,1,7,1,NA,NA,order,3,7,8,292,4
1,unk1;unk2;unk3;unk4;unk5;unk6;unk7;unk8,unk1,1,5,1,NA,NA,order,3,7,8,293,4
1,unk1;unk2;unk3;unk4;unk5;unk6;unk7;unk8,unk1,1,16,2,NA,NA,order,3,8,7,294,4
1,unk1;unk2;unk3;unk4;unk5;unk6;unk7;unk8,unk1,1,10,2,NA,NA,order,3,8,7,295,4
1,unk1;unk2;unk3;unk4;unk5;unk6;unk7;unk8,unk1,1,13,2,NA,NA,order,3,8,7,296,4
1,unk1;unk2;unk3;unk4;unk5;unk6;unk7;unk8,unk1,1,15,2,NA,NA,order,3,8,7,297,4
1,unk1;unk2;unk3;unk4;unk5;unk6;unk7;unk8,unk1,1,14,2,NA,NA,order,3,8,7,298,4
1,unk1;unk2;unk3;unk4;unk5;unk6;unk7;unk8,unk1,1,9,2,NA,NA,order,3,8,7,299,4
1,unk1;unk2;unk3;unk4;unk5;unk6;unk7;unk8,unk1,1,11,2,NA,NA,order,3,8,7,300,4
1,unk1;unk2;unk3;unk4;unk5;unk6;unk7;unk8,unk1,1,12,2,NA,NA,order,3,8,NA,301,4
1,unk1;unk2;unk3;unk4;unk5;unk6;unk7;unk8,unk1,1,24,3,NA,NA,order,3,7,8,302,4
1,unk1;unk2;unk3;unk4;unk5;unk6;unk7;unk8,unk1,1,21,3,NA,NA,order,3,7,8,303,4
1,unk1;unk2;unk3;unk4;unk5;unk6;unk7;unk8,unk1,1,17,3,NA,NA,order,3,7,8,304,4
1,unk1;unk2;unk3;unk4;unk5;unk6;unk7;unk8,unk1,1,18,3,NA,NA,order,3,7,8,305,4
1,unk1;unk2;unk3;unk4;unk5;unk6;unk7;unk8,unk1,1,19,3,NA,NA,order,3,7,8,306,4
1,unk1;unk2;unk3;unk4;unk5;unk6;unk7;unk8,unk1,1,20,3,NA,NA,order,3,7,8,307,4
1,unk1;unk2;unk3;unk4;unk5;unk6;unk7;unk8,unk1,1,22,3,NA,NA,order,3,7,8,308,4
1,unk1;unk2;unk3;unk4;unk5;unk6;unk7;unk8,unk1,1,23,3,NA,NA,order,3,7,8,309,4
1,unk1;unk2;unk3;unk4;unk5;unk6;unk7;unk8,unk1,1,25,4,NA,NA,order,3,8,7,310,4
1,unk1;unk2;unk3;unk4;unk5;unk6;unk7;unk8,unk1,1,32,4,NA,NA,order,3,8,7,311,4
1,unk1;unk2;unk3;unk4;unk5;unk6;unk7;unk8,unk1,1,28,4,NA,NA,order,3,8,7,312,4
1,unk1;unk2;unk3;unk4;unk5;unk6;unk7;unk8,unk1,1,30,4,NA,NA,order,3,8,7,313,4
1,unk1;unk2;unk3;unk4;unk5;unk6;unk7;unk8,unk1,1,29,4,NA,NA,order,3,8,7,314,4
1,unk1;unk2;unk3;unk4;unk5;unk6;unk7;unk8,unk1,1,26,4,NA,NA,order,3,8,7,315,4
1,unk1;unk2;unk3;unk4;unk5;unk6;unk7;unk8,unk1,1,27,4,NA,NA,order,3,8,7,316,4
1,unk1;unk2;unk3;unk4;unk5;unk6;unk7;unk8,unk1,1,33,5,NA,NA,order,3,7,8,317,4
1,unk1;unk2;unk3;unk4;unk5;unk6;unk7;unk8,unk1,1,34,5,NA,NA,order,3,7,8,318,4
1,unk1;unk2;unk3;unk4;unk5;unk6;unk7;unk8,unk1,1,37,5,NA,NA,order,3,7,8,319,4
1,unk1;unk2;unk3;unk4;unk5;unk6;unk7;unk8,unk1,1,38,5,NA,NA,order,3,7,8,320,4
1,unk1;unk2;unk3;unk4;unk5;unk6;unk7;unk8,unk1,1,39,5,NA,NA,order,3,7,8,321,4
1,unk1;unk2;unk3;unk4;unk5;unk6;unk7;unk8,unk1,1,40,5,NA,NA,order,3,7,8,322,4
1,unk1;unk2;unk3;unk4;unk5;unk6;unk7;unk8,unk1,1,35,5,NA,NA,order,3,7,8,323,4
1,unk1;unk2;unk3;unk4;unk5;unk6;unk7;unk8,unk1,1,44,6,NA,NA,order,3,8,7,324,4
1,unk1;unk2;unk3;unk4;unk5;unk6;unk7;unk8,unk1,1,41,6,NA,NA,order,3,8,7,325,4
1,unk1;unk2;unk3;unk4;unk5;unk6;unk7;unk8,unk1,1,46,6,NA,NA,order,3,8,7,326,4
1,unk1;unk2;unk3;unk4;unk5;unk6;unk7;unk8,unk1,1,42,6,NA,NA,order,3,8,7,327,4
1,unk1;unk2;unk3;unk4;unk5;unk6;unk7;unk8,unk1,1,47,6,NA,NA,order,3,8,7,328,4
1,unk1;unk2;unk3;unk4;unk5;unk6;unk7;unk8,unk1,1,48,6,NA,NA,order,3,8,7,329,4
1,unk1;unk2;unk3;unk4;unk5;unk6;unk7;unk8,unk1,1,45,6,NA,NA,order,3,8,NA,330,4
1,unk1;unk2;unk3;unk4;unk5;unk6;unk7;unk8,unk1,1,43,6,NA,NA,order,3,8,7,331,4
1,unk1;unk2;unk3;unk4;unk5;unk6;unk7;unk8,unk1,2,51,7,NA,NA,order,3,7,8,332,4
1,unk1;unk2;unk3;unk4;unk5;unk6;unk7;unk8,unk1,2,53,7,NA,NA,order,3,7,8,333,4
1,unk1;unk2;unk3;unk4;unk5;unk6;unk7;unk8,unk1,2,52,7,NA,NA,order,3,7,8,334,4
1,unk1;unk2;unk3;unk4;unk5;unk6;unk7;unk8,unk1,2,56,7,NA,NA,order,3,7,8,335,4
1,unk1;unk2;unk3;unk4;unk5;unk6;unk7;unk8,unk1,2,55,7,NA,NA,order,3,7,8,336,4
1,unk1;unk2;unk3;unk4;unk5;unk6;unk7;unk8,unk1,2,54,7,NA,NA,order,3,7,8,337,4
1,unk1;unk2;unk3;unk4;unk5;unk6;unk7;unk8,unk1,2,49,7,NA,NA,order,3,7,8,338,4
1,unk1;unk2;unk3;unk4;unk5;unk6;unk7;unk8,unk1,2,50,7,NA,NA,order,3,7,8,339,4
1,unk1;unk2;unk3;unk4;unk5;unk6;unk7;unk8,unk1,2,57,8,NA,NA,order,3,8,7,340,4
1,unk1;unk2;unk3;unk4;unk5;unk6;unk7;unk8,unk1,2,60,8,NA,NA,order,3,8,7,341,4
1,unk1;unk2;unk3;unk4;unk5;unk6;unk7;unk8,unk1,2,61,8,NA,NA,order,3,8,7,342,4
1,unk1;unk2;unk3;unk4;unk5;unk6;unk7;unk8,unk1,2,58,8,NA,NA,order,3,8,7,343,4
1,unk1;unk2;unk3;unk4;unk5;unk6;unk7;unk8,unk1,2,59,8,NA,NA,order,3,8,7,344,4
1,unk1;unk2;unk3;unk4;unk5;unk6;unk7;unk8,unk1,2,64,8,NA,NA,order,3,8,7,345,4
1,unk1;unk2;unk3;unk4;unk5;unk6;unk7;unk8,unk1,2,63,8,NA,NA,order,3,8,7,346,4
1,unk1;unk2;unk3;unk4;unk5;unk6;unk7;unk8,unk1,2,68,9,NA,NA,order,3,7,8,347,4
1,unk1;unk2;unk3;unk4;unk5;unk6;unk7;unk8,unk1,2,66,9,NA,NA,order,3,7,8,348,4
1,unk1;unk2;unk3;unk4;unk5;unk6;unk7;unk8,unk1,2,67,9,NA,NA,order,3,7,8,349,4
1,unk1;unk2;unk3;unk4;unk5;unk6;unk7;unk8,unk1,2,72,9,NA,NA,order,3,7,8,350,4
1,unk1;unk2;unk3;unk4;unk5;unk6;unk7;unk8,unk1,2,71,9,NA,NA,order,3,7,8,351,4
1,unk1;unk2;unk3;unk4;unk5;unk6;unk7;unk8,unk1,2,69,9,NA,NA,order,3,7,8,352,4
1,unk1;unk2;unk3;unk4;unk5;unk6;unk7;unk8,unk1,2,65,9,NA,NA,order,3,7,8,353,4
1,unk1;unk2;unk3;unk4;unk5;unk6;unk7;unk8,unk1,2,70,9,NA,NA,order,3,7,8,354,4
1,unk1;unk2;unk3;unk4;unk5;unk6;unk7;unk8,unk1,2,73,10,NA,NA,order,3,8,7,355,4
1,unk1;unk2;unk3;unk4;unk5;unk6;unk7;unk8,unk1,2,77,10,NA,NA,order,3,8,7,356,4
1,unk1;unk2;unk3;unk4;unk5;unk6;unk7;unk8,unk1,2,78,10,NA,NA,order,3,8,7,357,4
1,unk1;unk2;unk3;unk4;unk5;unk6;unk7;unk8,unk1,2,74,10,NA,NA,order,3,8,7,358,4
1,unk1;unk2;unk3;unk4;unk5;unk6;unk7;unk8,unk1,2,80,10,NA,NA,order,3,8,7,359,4
1,unk1;unk2;unk3;unk4;unk5;unk6;unk7;unk8,unk1,2,76,10,NA,NA,order,3,8,7,360,4
1,unk1;unk2;unk3;unk4;unk5;unk6;unk7;unk8,unk1,2,79,10,NA,NA,order,3,8,7,361,4
1,unk1;unk2;unk3;unk4;unk5;unk6;unk7;unk8,unk1,2,81,11,NA,NA,order,3,7,8,362,4
1,unk1;unk2;unk3;unk4;unk5;unk6;unk7;unk8,unk1,2,85,11,NA,NA,order,3,7,8,363,4
1,unk1;unk2;unk3;unk4;unk5;unk6;unk7;unk8,unk1,2,82,11,NA,NA,order,3,7,8,364,4
1,unk1;unk2;unk3;unk4;unk5;unk6;unk7;unk8,unk1,2,83,11,NA,NA,order,3,7,8,365,4
1,unk1;unk2;unk3;unk4;unk5;unk6;unk7;unk8,unk1,2,84,11,NA,NA,order,3,7,8,366,4
1,unk1;unk2;unk3;unk4;unk5;unk6;unk7;unk8,unk1,2,88,11,NA,NA,order,3,7,8,367,4
1,unk1;unk2;unk3;unk4;unk5;unk6;unk7;unk8,unk1,2,87,11,NA,NA,order,3,7,8,368,4
1,unk1;unk2;unk3;unk4;unk5;unk6;unk7;unk8,unk1,2,89,12,NA,NA,order,3,8,7,369,4
1,unk1;unk2;unk3;unk4;unk5;unk6;unk7;unk8,unk1,2,93,12,NA,NA,order,3,8,7,370,4
1,unk1;unk2;unk3;unk4;unk5;unk6;unk7;unk8,unk1,2,94,12,NA,NA,order,3,8,7,371,4
1,unk1;unk2;unk3;unk4;unk5;unk6;unk7;unk8,unk1,2,90,12,NA,NA,order,3,8,7,372,4
1,unk1;unk2;unk3;unk4;unk5;unk6;unk7;unk8,unk1,2,91,12,NA,NA,order,3,8,7,373,4
1,unk1;unk2;unk3;unk4;unk5;unk6;unk7;unk8,unk1,2,92,12,NA,NA,order,3,8,7,374,4
1,unk1;unk2;unk3;unk4;unk5;unk6;unk7;unk8,unk1,2,96,12,NA,NA,order,3,8,NA,375,4
1,unk1;unk2;unk3;unk4;unk5;unk6;unk7;unk8,unk1,1,1,1,NA,NA,order,3,9,10,376,5
1,unk1;unk2;unk3;unk4;unk5;unk6;unk7;unk8,unk1,1,2,1,NA,NA,order,3,9,10,377,5
1,unk1;unk2;unk3;unk4;unk5;unk6;unk7;unk8,unk1,1,3,1,NA,NA,order,3,9,10,378,5
1,unk1;unk2;unk3;unk4;unk5;unk6;unk7;unk8,unk1,1,4,1,NA,NA,order,3,9,10,379,5
1,unk1;unk2;unk3;unk4;unk5;unk6;unk7;unk8,unk1,1,5,1,NA,NA,order,3,9,10,380,5
1,unk1;unk2;unk3;unk4;unk5;unk6;unk7;unk8,unk1,1,6,1,NA,NA,order,3,9,10,381,5
1,unk1;unk2;unk3;unk4;unk5;unk6;unk7;unk8,unk1,1,7,1,NA,NA,order,3,9,10,382,5
1,unk1;unk2;unk3;unk4;unk5;unk6;unk7;unk8,unk1,1,8,1,NA,NA,order,3,9,10,383,5
1,unk1;unk2;unk3;unk4;unk5;unk6;unk7;unk8,unk1,1,9,2,NA,NA,order,3,10,9,384,5
1,unk1;unk2;unk3;unk4;unk5;unk6;unk7;unk8,unk1,1,10,2,NA,NA,order,3,10,9,385,5
1,unk1;unk2;unk3;unk4;unk5;unk6;unk7;unk8,unk1,1,11,2,NA,NA,order,3,10,9,386,5
1,unk1;unk2;unk3;unk4;unk5;unk6;unk7;unk8,unk1,1,12,2,NA,NA,order,3,10,9,387,5
1,unk1;unk2;unk3;unk4;unk5;unk6;unk7;unk8,unk1,1,13,2,NA,NA,order,3,10,9,388,5
1,unk1;unk2;unk3;unk4;unk5;unk6;unk7;unk8,unk1,1,14,2,NA,NA,order,3,10,9,389,5
1,unk1;unk2;unk3;unk4;unk5;unk6;unk7;unk8,unk1,1,15,2,NA,NA,order,3,10,NA,390,5
1,unk1;unk2;unk3;unk4;unk5;unk6;unk7;unk8,unk1,1,16,2,NA,NA,order,3,10,NA,391,5
1,unk1;unk2;unk3;unk4;unk5;unk6;unk7;unk8,unk1,1,17,3,NA,NA,order,3,9,10,392,5
1,unk1;unk2;unk3;unk4;unk5;unk6;unk7;unk8,unk1,1,18,3,NA,NA,order,3,9,10,393,5
1,unk1;unk2;unk3;unk4;unk5;unk6;unk7;unk8,unk1,1,19,3,NA,NA,order,3,9,10,394,5
1,unk1;unk2;unk3;unk4;unk5;unk6;unk7;unk8,unk1,1,20,3,NA,NA,order,3,9,10,395,5
1,unk1;unk2;unk3;unk4;unk5;unk6;unk7;unk8,unk1,1,21,3,NA,NA,order,3,9,10,396,5
1,unk1;unk2;unk3;unk4;unk5;unk6;unk7;unk8,unk1,1,22,3,NA,NA,order,3,9,10,397,5
1,unk1;unk2;unk3;unk4;unk5;unk6;unk7;unk8,unk1,1,23,3,NA,NA,order,3,9,10,398,5
1,unk1;unk2;unk3;unk4;unk5;unk6;unk7;unk8,unk1,1,24,3,NA,NA,order,3,9,10,399,5
1,unk1;unk2;unk3;unk4;unk5;unk6;unk7;unk8,unk1,1,25,4,NA,NA,order,3,10,9,400,5
1,unk1;unk2;unk3;unk4;unk5;unk6;unk7;unk8,unk1,1,26,4,NA,NA,order,3,10,9,401,5
1,unk1;unk2;unk3;unk4;unk5;unk6;unk7;unk8,unk1,1,27,4,NA,NA,order,3,10,9,402,5
1,unk1;unk2;unk3;unk4;unk5;unk6;unk7;unk8,unk1,1,28,4,NA,NA,order,3,10,9,403,5
1,unk1;unk2;unk3;unk4;unk5;unk6;unk7;unk8,unk1,1,29,4,NA,NA,order,3,10,9,404,5
1,unk1;unk2;unk3;unk4;unk5;unk6;unk7;unk8,unk1,1,30,4,NA,NA,order,3,10,9,405,5
1,unk1;unk2;unk3;unk4;unk5;unk6;unk7;unk8,unk1,1,31,4,NA,NA,order,3,10,9,406,5
1,unk1;unk2;unk3;unk4;unk5;unk6;unk7;unk8,unk1,1,32,4,NA,NA,order,3,10,9,407,5
1,unk1;unk2;unk3;unk4;unk5;unk6;unk7;unk8,unk1,1,33,5,NA,NA,order,3,9,10,408,5
1,unk1;unk2;unk3;unk4;unk5;unk6;unk7;unk8,unk1,1,34,5,NA,NA,order,3,9,10,409,5
1,unk1;unk2;unk3;unk4;unk5;unk6;unk7;unk8,unk1,1,35,5,NA,NA,order,3,9,10,410,5
1,unk1;unk2;unk3;unk4;unk5;unk6;unk7;unk8,unk1,1,36,5,NA,NA,order,3,9,10,411,5
1,unk1;unk2;unk3;unk4;unk5;unk6;unk7;unk8,unk1,1,37,5,NA,NA,order,3,9,10,412,5
1,unk1;unk2;unk3;unk4;unk5;unk6;unk7;unk8,unk1,1,38,5,NA,NA,order,3,9,10,413,5
1,unk1;unk2;unk3;unk4;unk5;unk6;unk7;unk8,unk1,1,39,5,NA,NA,order,3,9,10,414,5
1,unk1;unk2;unk3;unk4;unk5;unk6;unk7;unk8,unk1,1,40,5,NA,NA,order,3,9,10,415,5
1,unk1;unk2;unk3;unk4;unk5;unk6;unk7;unk8,unk1,1,41,6,NA,NA,order,3,10,9,416,5
1,unk1;unk2;unk3;unk4;unk5;unk6;unk7;unk8,unk1,1,42,6,NA,NA,order,3,10,9,417,5
1,unk1;unk2;unk3;unk4;unk5;unk6;unk7;unk8,unk1,1,43,6,NA,NA,order,3,10,9,418,5
1,unk1;unk2;unk3;unk4;unk5;unk6;unk7;unk8,unk1,1,44,6,NA,NA,order,3,10,9,419,5
1,unk1;unk2;unk3;unk4;unk5;unk6;unk7;unk8,unk1,1,45,6,NA,NA,order,3,10,9,420,5
1,unk1;unk2;unk3;unk4;unk5;unk6;unk7;unk8,unk1,1,46,6,NA,NA,order,3,10,9,421,5
1,unk1;unk2;unk3;unk4;unk5;unk6;unk7;unk8,unk1,1,47,6,NA,NA,order,3,10,9,422,5
1,unk1;unk2;unk3;unk4;unk5;unk6;unk7;unk8,unk1,1,48,6,NA,NA,order,3,10,9,423,5
1,unk1;unk2;unk3;unk4;unk5;unk6;unk7;unk8,unk1,2,56,7,NA,NA,order,3,9,10,424,5
1,unk1;unk2;unk3;unk4;unk5;unk6;unk7;unk8,unk1,2,49,7,NA,NA,order,3,9,10,425,5
1,unk1;unk2;unk3;unk4;unk5;unk6;unk7;unk8,unk1,2,50,7,NA,NA,order,3,9,10,426,5
1,unk1;unk2;unk3;unk4;unk5;unk6;unk7;unk8,unk1,2,51,7,NA,NA,order,3,9,10,427,5
1,unk1;unk2;unk3;unk4;unk5;unk6;unk7;unk8,unk1,2,52,7,NA,NA,order,3,9,10,428,5
1,unk1;unk2;unk3;unk4;unk5;unk6;unk7;unk8,unk1,2,53,7,NA,NA,order,3,9,10,429,5
1,unk1;unk2;unk3;unk4;unk5;unk6;unk7;unk8,unk1,2,54,7,NA,NA,order,3,9,10,430,5
1,unk1;unk2;unk3;unk4;unk5;unk6;unk7;unk8,unk1,2,55,7,NA,NA,order,3,9,10,431,5
1,unk1;unk2;unk3;unk4;unk5;unk6;unk7;unk8,unk1,2,57,8,NA,NA,order,3,10,9,432,5
1,unk1;unk2;unk3;unk4;unk5;unk6;unk7;unk8,unk1,2,58,8,NA,NA,order,3,10,9,433,5
1,unk1;unk2;unk3;unk4;unk5;unk6;unk7;unk8,unk1,2,59,8,NA,NA,order,3,10,9,434,5
1,unk1;unk2;unk3;unk4;unk5;unk6;unk7;unk8,unk1,2,60,8,NA,NA,order,3,10,9,435,5
1,unk1;unk2;unk3;unk4;unk5;unk6;unk7;unk8,unk1,2,61,8,NA,NA,order,3,10,9,436,5
1,unk1;unk2;unk3;unk4;unk5;unk6;unk7;unk8,unk1,2,62,8,NA,NA,order,3,10,9,437,5
1,unk1;unk2;unk3;unk4;unk5;unk6;unk7;unk8,unk1,2,63,8,NA,NA,order,3,10,9,438,5
1,unk1;unk2;unk3;unk4;unk5;unk6;unk7;unk8,unk1,2,64,8,NA,NA,order,3,10,9,439,5
1,unk1;unk2;unk3;unk4;unk5;unk6;unk7;unk8,unk1,2,65,9,NA,NA,order,3,9,10,440,5
1,unk1;unk2;unk3;unk4;unk5;unk6;unk7;unk8,unk1,2,66,9,NA,NA,order,3,9,10,441,5
1,unk1;unk2;unk3;unk4;unk5;unk6;unk7;unk8,unk1,2,67,9,NA,NA,order,3,9,10,442,5
1,unk1;unk2;unk3;unk4;unk5;unk6;unk7;unk8,unk1,2,68,9,NA,NA,order,3,9,10,443,5
1,unk1;unk2;unk3;unk4;unk5;unk6;unk7;unk8,unk1,2,69,9,NA,NA,order,3,9,10,444,5
1,unk1;unk2;unk3;unk4;unk5;unk6;unk7;unk8,unk1,2,70,9,NA,NA,order,3,9,10,445,5
1,unk1;unk2;unk3;unk4;unk5;unk6;unk7;unk8,unk1,2,71,9,NA,NA,order,3,9,10,446,5
1,unk1;unk2;unk3;unk4;unk5;unk6;unk7;unk8,unk1,2,72,9,NA,NA,order,3,9,10,447,5
1,unk1;unk2;unk3;unk4;unk5;unk6;unk7;unk8,unk1,2,73,10,NA,NA,order,3,10,9,448,5
1,unk1;unk2;unk3;unk4;unk5;unk6;unk7;unk8,unk1,2,74,10,NA,NA,order,3,10,9,449,5
1,unk1;unk2;unk3;unk4;unk5;unk6;unk7;unk8,unk1,2,75,10,NA,NA,order,3,10,9,450,5
1,unk1;unk2;unk3;unk4;unk5;unk6;unk7;unk8,unk1,2,76,10,NA,NA,order,3,10,9,451,5
1,unk1;unk2;unk3;unk4;unk5;unk6;unk7;unk8,unk1,2,77,10,NA,NA,order,3,10,9,452,5
1,unk1;unk2;unk3;unk4;unk5;unk6;unk7;unk8,unk1,2,78,10,NA,NA,order,3,10,9,453,5
1,unk1;unk2;unk3;unk4;unk5;unk6;unk7;unk8,unk1,2,79,10,NA,NA,order,3,10,9,454,5
1,unk1;unk2;unk3;unk4;unk5;unk6;unk7;unk8,unk1,2,80,10,NA,NA,order,3,10,9,455,5
1,unk1;unk2;unk3;unk4;unk5;unk6;unk7;unk8,unk1,2,81,11,NA,NA,order,3,9,10,456,5
1,unk1;unk2;unk3;unk4;unk5;unk6;unk7;unk8,unk1,2,82,11,NA,NA,order,3,9,10,457,5
1,unk1;unk2;unk3;unk4;unk5;unk6;unk7;unk8,unk1,2,83,11,NA,NA,order,3,9,10,458,5
1,unk1;unk2;unk3;unk4;unk5;unk6;unk7;unk8,unk1,2,84,11,NA,NA,order,3,9,10,459,5
1,unk1;unk2;unk3;unk4;unk5;unk6;unk7;unk8,unk1,2,85,11,NA,NA,order,3,9,10,460,5
1,unk1;unk2;unk3;unk4;unk5;unk6;unk7;unk8,unk1,2,86,11,NA,NA,order,3,9,10,461,5
1,unk1;unk2;unk3;unk4;unk5;unk6;unk7;unk8,unk1,2,87,11,NA,NA,order,3,9,10,462,5
1,unk1;unk2;unk3;unk4;unk5;unk6;unk7;unk8,unk1,2,88,11,NA,NA,order,3,9,10,463,5
1,unk1;unk2;unk3;unk4;unk5;unk6;unk7;unk8,unk1,2,89,12,NA,NA,order,3,10,9,464,5
1,unk1;unk2;unk3;unk4;unk5;unk6;unk7;unk8,unk1,2,90,12,NA,NA,order,3,10,9,465,5
1,unk1;unk2;unk3;unk4;unk5;unk6;unk7;unk8,unk1,2,91,12,NA,NA,order,3,10,9,466,5
1,unk1;unk2;unk3;unk4;unk5;unk6;unk7;unk8,unk1,2,92,12,NA,NA,order,3,10,9,467,5
1,unk1;unk2;unk3;unk4;unk5;unk6;unk7;unk8,unk1,2,93,12,NA,NA,order,3,10,9,468,5
1,unk1;unk2;unk3;unk4;unk5;unk6;unk7;unk8,unk1,2,94,12,NA,NA,order,3,10,9,469,5
1,unk1;unk2;unk3;unk4;unk5;unk6;unk7;unk8,unk1,2,95,12,NA,NA,order,3,10,9,470,5
1,unk1;unk2;unk3;unk4;unk5;unk6;unk7;unk8,unk1,2,96,12,NA,NA,order,3,10,9,471,5
1,unk1;unk2;unk3;unk4;unk5;unk6;unk7;unk8,unk1,1,6,1,NA,NA,order,2,12,11,472,6
1,unk1;unk2;unk3;unk4;unk5;unk6;unk7;unk8,unk1,1,7,1,NA,NA,order,2,12,11,473,6
1,unk1;unk2;unk3;unk4;unk5;unk6;unk7;unk8,unk1,1,5,1,NA,NA,order,2,12,11,474,6
1,unk1;unk2;unk3;unk4;unk5;unk6;unk7;unk8,unk1,1,4,1,NA,NA,order,2,12,11,475,6
1,unk1;unk2;unk3;unk4;unk5;unk6;unk7;unk8,unk1,1,8,1,NA,NA,order,2,12,11,476,6
1,unk1;unk2;unk3;unk4;unk5;unk6;unk7;unk8,unk1,1,1,1,NA,NA,order,2,12,11,477,6
1,unk1;unk2;unk3;unk4;unk5;unk6;unk7;unk8,unk1,1,2,1,NA,NA,order,2,12,11,478,6
1,unk1;unk2;unk3;unk4;unk5;unk6;unk7;unk8,unk1,1,10,2,NA,NA,order,2,11,12,479,6
1,unk1;unk2;unk3;unk4;unk5;unk6;unk7;unk8,unk1,1,9,2,NA,NA,order,2,11,12,480,6
1,unk1;unk2;unk3;unk4;unk5;unk6;unk7;unk8,unk1,1,11,2,NA,NA,order,2,11,12,481,6
1,unk1;unk2;unk3;unk4;unk5;unk6;unk7;unk8,unk1,1,12,2,NA,NA,order,2,11,12,482,6
1,unk1;unk2;unk3;unk4;unk5;unk6;unk7;unk8,unk1,1,13,2,NA,NA,order,2,11,12,483,6
1,unk1;unk2;unk3;unk4;unk5;unk6;unk7;unk8,unk1,1,14,2,NA,NA,order,2,11,12,484,6
1,unk1;unk2;unk3;unk4;unk5;unk6;unk7;unk8,unk1,1,15,2,NA,NA,order,2,11,12,485,6
1,unk1;unk2;unk3;unk4;unk5;unk6;unk7;unk8,unk1,1,16,2,NA,NA,order,2,11,12,486,6
1,unk1;unk2;unk3;unk4;unk5;unk6;unk7;unk8,unk1,1,17,3,NA,NA,order,2,12,11,487,6
1,unk1;unk2;unk3;unk4;unk5;unk6;unk7;unk8,unk1,1,18,3,NA,NA,order,2,12,11,488,6
1,unk1;unk2;unk3;unk4;unk5;unk6;unk7;unk8,unk1,1,19,3,NA,NA,order,2,12,11,489,6
1,unk1;unk2;unk3;unk4;unk5;unk6;unk7;unk8,unk1,1,20,3,NA,NA,order,2,12,11,490,6
1,unk1;unk2;unk3;unk4;unk5;unk6;unk7;unk8,unk1,1,21,3,NA,NA,order,2,12,11,491,6
1,unk1;unk2;unk3;unk4;unk5;unk6;unk7;unk8,unk1,1,22,3,NA,NA,order,2,12,11,492,6
1,unk1;unk2;unk3;unk4;unk5;unk6;unk7;unk8,unk1,1,23,3,NA,NA,order,2,12,11,493,6
1,unk1;unk2;unk3;unk4;unk5;unk6;unk7;unk8,unk1,1,24,3,NA,NA,order,2,12,11,494,6
1,unk1;unk2;unk3;unk4;unk5;unk6;unk7;unk8,unk1,1,25,4,NA,NA,order,2,11,12,495,6
1,unk1;unk2;unk3;unk4;unk5;unk6;unk7;unk8,unk1,1,26,4,NA,NA,order,2,11,12,496,6
1,unk1;unk2;unk3;unk4;unk5;unk6;unk7;unk8,unk1,1,27,4,NA,NA,order,2,11,12,497,6
1,unk1;unk2;unk3;unk4;unk5;unk6;unk7;unk8,unk1,1,28,4,NA,NA,order,2,11,12,498,6
1,unk1;unk2;unk3;unk4;unk5;unk6;unk7;unk8,unk1,1,29,4,NA,NA,order,2,11,12,499,6
1,unk1;unk2;unk3;unk4;unk5;unk6;unk7;unk8,unk1,1,30,4,NA,NA,order,2,11,12,500,6
1,unk1;unk2;unk3;unk4;unk5;unk6;unk7;unk8,unk1,1,31,4,NA,NA,order,2,11,12,501,6
1,unk1;unk2;unk3;unk4;unk5;unk6;unk7;unk8,unk1,1,33,5,NA,NA,order,2,12,NA,502,6
1,unk1;unk2;unk3;unk4;unk5;unk6;unk7;unk8,unk1,1,34,5,NA,NA,order,2,12,NA,503,6
1,unk1;unk2;unk3;unk4;unk5;unk6;unk7;unk8,unk1,1,35,5,NA,NA,order,2,12,11,504,6
1,unk1;unk2;unk3;unk4;unk5;unk6;unk7;unk8,unk1,1,36,5,NA,NA,order,2,12,11,505,6
1,unk1;unk2;unk3;unk4;unk5;unk6;unk7;unk8,unk1,1,37,5,NA,NA,order,2,12,11,506,6
1,unk1;unk2;unk3;unk4;unk5;unk6;unk7;unk8,unk1,1,38,5,NA,NA,order,2,12,NA,507,6
1,unk1;unk2;unk3;unk4;unk5;unk6;unk7;unk8,unk1,1,39,5,NA,NA,order,2,12,NA,508,6
1,unk1;unk2;unk3;unk4;unk5;unk6;unk7;unk8,unk1,1,40,5,NA,NA,order,2,12,11,509,6
1,unk1;unk2;unk3;unk4;unk5;unk6;unk7;unk8,unk1,1,41,6,NA,NA,order,2,11,NA,510,6
1,unk1;unk2;unk3;unk4;unk5;unk6;unk7;unk8,unk1,1,42,6,NA,NA,order,2,11,12,511,6
1,unk1;unk2;unk3;unk4;unk5;unk6;unk7;unk8,unk1,1,43,6,NA,NA,order,2,11,12,512,6
1,unk1;unk2;unk3;unk4;unk5;unk6;unk7;unk8,unk1,1,44,6,NA,NA,order,2,11,12,513,6
1,unk1;unk2;unk3;unk4;unk5;unk6;unk7;unk8,unk1,1,45,6,NA,NA,order,2,11,NA,514,6
1,unk1;unk2;unk3;unk4;unk5;unk6;unk7;unk8,unk1,1,46,6,NA,NA,order,2,11,NA,515,6
1,unk1;unk2;unk3;unk4;unk5;unk6;unk7;unk8,unk1,1,47,6,NA,NA,order,2,11,NA,516,6
1,unk1;unk2;unk3;unk4;unk5;unk6;unk7;unk8,unk1,1,48,6,NA,NA,order,2,11,12,517,6
1,unk1;unk2;unk3;unk4;unk5;unk6;unk7;unk8,unk1,2,49,7,NA,NA,order,2,12,11,518,6
1,unk1;unk2;unk3;unk4;unk5;unk6;unk7;unk8,unk1,2,50,7,NA,NA,order,2,12,11,519,6
1,unk1;unk2;unk3;unk4;unk5;unk6;unk7;unk8,unk1,2,51,7,NA,NA,order,2,12,11,520,6
1,unk1;unk2;unk3;unk4;unk5;unk6;unk7;unk8,unk1,2,52,7,NA,NA,order,2,12,11,521,6
1,unk1;unk2;unk3;unk4;unk5;unk6;unk7;unk8,unk1,2,53,7,NA,NA,order,2,12,11,522,6
1,unk1;unk2;unk3;unk4;unk5;unk6;unk7;unk8,unk1,2,54,7,NA,NA,order,2,12,11,523,6
1,unk1;unk2;unk3;unk4;unk5;unk6;unk7;unk8,unk1,2,55,7,NA,NA,order,2,12,11,524,6
1,unk1;unk2;unk3;unk4;unk5;unk6;unk7;unk8,unk1,2,56,7,NA,NA,order,2,12,11,525,6
1,unk1;unk2;unk3;unk4;unk5;unk6;unk7;unk8,unk1,2,57,8,NA,NA,order,2,11,12,526,6
1,unk1;unk2;unk3;unk4;unk5;unk6;unk7;unk8,unk1,2,58,8,NA,NA,order,2,11,12,527,6
1,unk1;unk2;unk3;unk4;unk5;unk6;unk7;unk8,unk1,2,59,8,NA,NA,order,2,11,12,528,6
1,unk1;unk2;unk3;unk4;unk5;unk6;unk7;unk8,unk1,2,60,8,NA,NA,order,2,11,12,529,6
1,unk1;unk2;unk3;unk4;unk5;unk6;unk7;unk8,unk1,2,61,8,NA,NA,order,2,11,12,530,6
1,unk1;unk2;unk3;unk4;unk5;unk6;unk7;unk8,unk1,2,62,8,NA,NA,order,2,11,12,531,6
1,unk1;unk2;unk3;unk4;unk5;unk6;unk7;unk8,unk1,2,63,8,NA,NA,order,2,11,12,532,6
1,unk1;unk2;unk3;unk4;unk5;unk6;unk7;unk8,unk1,2,64,8,NA,NA,order,2,11,12,533,6
1,unk1;unk2;unk3;unk4;unk5;unk6;unk7;unk8,unk1,2,65,9,NA,NA,order,2,12,NA,534,6
1,unk1;unk2;unk3;unk4;unk5;unk6;unk7;unk8,unk1,2,66,9,NA,NA,order,2,12,NA,535,6
1,unk1;unk2;unk3;unk4;unk5;unk6;unk7;unk8,unk1,2,67,9,NA,NA,order,2,12,NA,536,6
1,unk1;unk2;unk3;unk4;unk5;unk6;unk7;unk8,unk1,2,68,9,NA,NA,order,2,12,NA,537,6
1,unk1;unk2;unk3;unk4;unk5;unk6;unk7;unk8,unk1,2,69,9,NA,NA,order,2,12,NA,538,6
1,unk1;unk2;unk3;unk4;unk5;unk6;unk7;unk8,unk1,2,70,9,NA,NA,order,2,12,NA,539,6
1,unk1;unk2;unk3;unk4;unk5;unk6;unk7;unk8,unk1,2,71,9,NA,NA,order,2,12,NA,540,6
1,unk1;unk2;unk3;unk4;unk5;unk6;unk7;unk8,unk1,2,72,9,NA,NA,order,2,12,11,541,6
1,unk1;unk2;unk3;unk4;unk5;unk6;unk7;unk8,unk1,2,73,10,NA,NA,order,2,11,12,542,6
1,unk1;unk2;unk3;unk4;unk5;unk6;unk7;unk8,unk1,2,74,10,NA,NA,order,2,11,12,543,6
1,unk1;unk2;unk3;unk4;unk5;unk6;unk7;unk8,unk1,2,75,10,NA,NA,order,2,11,12,544,6
1,unk1;unk2;unk3;unk4;unk5;unk6;unk7;unk8,unk1,2,76,10,NA,NA,order,2,11,NA,545,6
1,unk1;unk2;unk3;unk4;unk5;unk6;unk7;unk8,unk1,2,77,10,NA,NA,order,2,11,NA,546,6
1,unk1;unk2;unk3;unk4;unk5;unk6;unk7;unk8,unk1,2,78,10,NA,NA,order,2,11,NA,547,6
1,unk1;unk2;unk3;unk4;unk5;unk6;unk7;unk8,unk1,2,79,10,NA,NA,order,2,11,NA,548,6
1,unk1;unk2;unk3;unk4;unk5;unk6;unk7;unk8,unk1,2,80,10,NA,NA,order,2,11,12,549,6
1,unk1;unk2;unk3;unk4;unk5;unk6;unk7;unk8,unk1,2,81,11,NA,NA,order,2,12,NA,550,6
1,unk1;unk2;unk3;unk4;unk5;unk6;unk7;unk8,unk1,2,82,11,NA,NA,order,2,12,NA,551,6
1,unk1;unk2;unk3;unk4;unk5;unk6;unk7;unk8,unk1,2,83,11,NA,NA,order,2,12,NA,552,6
1,unk1;unk2;unk3;unk4;unk5;unk6;unk7;unk8,unk1,2,84,11,NA,NA,order,2,12,NA,553,6
1,unk1;unk2;unk3;unk4;unk5;unk6;unk7;unk8,unk1,2,85,11,NA,NA,order,2,12,NA,554,6
1,unk1;unk2;unk3;unk4;unk5;unk6;unk7;unk8,unk1,2,86,11,NA,NA,order,2,12,NA,555,6
1,unk1;unk2;unk3;unk4;unk5;unk6;unk7;unk8,unk1,2,87,11,NA,NA,order,2,12,NA,556,6
1,unk1;unk2;unk3;unk4;unk5;unk6;unk7;unk8,unk1,2,88,11,NA,NA,order,2,12,11,557,6
1,unk1;unk2;unk3;unk4;unk5;unk6;unk7;unk8,unk1,2,89,12,NA,NA,order,2,11,NA,558,6
1,unk1;unk2;unk3;unk4;unk5;unk6;unk7;unk8,unk1,2,90,12,NA,NA,order,2,11,NA,559,6
1,unk1;unk2;unk3;unk4;unk5;unk6;unk7;unk8,unk1,2,91,12,NA,NA,order,2,11,12,560,6
1,unk1;unk2;unk3;unk4;unk5;unk6;unk7;unk8,unk1,2,92,12,NA,NA,order,2,11,NA,561,6
1,unk1;unk2;unk3;unk4;unk5;unk6;unk7;unk8,unk1,2,93,12,NA,NA,order,2,11,12,562,6
1,unk1;unk2;unk3;unk4;unk5;unk6;unk7;unk8,unk1,2,94,12,NA,NA,order,2,11,NA,563,6
1,unk1;unk2;unk3;unk4;unk5;unk6;unk7;unk8,unk1,2,95,12,NA,NA,order,2,11,NA,564,6
1,unk1;unk2;unk3;unk4;unk5;unk6;unk7;unk8,unk1,2,96,12,NA,NA,order,2,11,12,565,6
1,unk1;unk2;unk3;unk4;unk5;unk6;unk7;unk8,unk1,1,1,1,NA,NA,order,3,14,13,566,7
1,unk1;unk2;unk3;unk4;unk5;unk6;unk7;unk8,unk1,1,2,1,NA,NA,order,3,14,13,567,7
1,unk1;unk2;unk3;unk4;unk5;unk6;unk7;unk8,unk1,1,3,1,NA,NA,order,3,14,13,568,7
1,unk1;unk2;unk3;unk4;unk5;unk6;unk7;unk8,unk1,1,4,1,NA,NA,order,3,14,13,569,7
1,unk1;unk2;unk3;unk4;unk5;unk6;unk7;unk8,unk1,1,5,1,NA,NA,order,3,14,13,570,7
1,unk1;unk2;unk3;unk4;unk5;unk6;unk7;unk8,unk1,1,6,1,NA,NA,order,3,14,13,571,7
1,unk1;unk2;unk3;unk4;unk5;unk6;unk7;unk8,unk1,1,7,1,NA,NA,order,3,14,13,572,7
1,unk1;unk2;unk3;unk4;unk5;unk6;unk7;unk8,unk1,1,8,1,NA,NA,order,3,14,13,573,7
1,unk1;unk2;unk3;unk4;unk5;unk6;unk7;unk8,unk1,1,9,2,NA,NA,order,3,13,14,574,7
1,unk1;unk2;unk3;unk4;unk5;unk6;unk7;unk8,unk1,1,10,2,NA,NA,order,3,13,14,575,7
1,unk1;unk2;unk3;unk4;unk5;unk6;unk7;unk8,unk1,1,11,2,NA,NA,order,3,13,14,576,7
1,unk1;unk2;unk3;unk4;unk5;unk6;unk7;unk8,unk1,1,12,2,NA,NA,order,3,13,14,577,7
1,unk1;unk2;unk3;unk4;unk5;unk6;unk7;unk8,unk1,1,13,2,NA,NA,order,3,13,14,578,7
1,unk1;unk2;unk3;unk4;unk5;unk6;unk7;unk8,unk1,1,14,2,NA,NA,order,3,13,14,579,7
1,unk1;unk2;unk3;unk4;unk5;unk6;unk7;unk8,unk1,1,15,2,NA,NA,order,3,13,14,580,7
1,unk1;unk2;unk3;unk4;unk5;unk6;unk7;unk8,unk1,1,16,2,NA,NA,order,3,13,14,581,7
1,unk1;unk2;unk3;unk4;unk5;unk6;unk7;unk8,unk1,1,17,3,NA,NA,order,3,14,13,582,7
1,unk1;unk2;unk3;unk4;unk5;unk6;unk7;unk8,unk1,1,18,3,NA,NA,order,3,14,13,583,7
1,unk1;unk2;unk3;unk4;unk5;unk6;unk7;unk8,unk1,1,19,3,NA,NA,order,3,14,13,584,7
1,unk1;unk2;unk3;unk4;unk5;unk6;unk7;unk8,unk1,1,20,3,NA,NA,order,3,14,13,585,7
1,unk1;unk2;unk3;unk4;unk5;unk6;unk7;unk8,unk1,1,21,3,NA,NA,order,3,14,13,586,7
1,unk1;unk2;unk3;unk4;unk5;unk6;unk7;unk8,unk1,1,22,3,NA,NA,order,3,14,13,587,7
1,unk1;unk2;unk3;unk4;unk5;unk6;unk7;unk8,unk1,1,23,3,NA,NA,order,3,14,13,588,7
1,unk1;unk2;unk3;unk4;unk5;unk6;unk7;unk8,unk1,1,24,3,NA,NA,order,3,14,13,589,7
1,unk1;unk2;unk3;unk4;unk5;unk6;unk7;unk8,unk1,1,25,4,NA,NA,order,3,13,14,590,7
1,unk1;unk2;unk3;unk4;unk5;unk6;unk7;unk8,unk1,1,26,4,NA,NA,order,3,13,14,591,7
1,unk1;unk2;unk3;unk4;unk5;unk6;unk7;unk8,unk1,1,27,4,NA,NA,order,3,13,14,592,7
1,unk1;unk2;unk3;unk4;unk5;unk6;unk7;unk8,unk1,1,28,4,NA,NA,order,3,13,14,593,7
1,unk1;unk2;unk3;unk4;unk5;unk6;unk7;unk8,unk1,1,29,4,NA,NA,order,3,13,14,594,7
1,unk1;unk2;unk3;unk4;unk5;unk6;unk7;unk8,unk1,1,30,4,NA,NA,order,3,13,14,595,7
1,unk1;unk2;unk3;unk4;unk5;unk6;unk7;unk8,unk1,1,31,4,NA,NA,order,3,13,14,596,7
1,unk1;unk2;unk3;unk4;unk5;unk6;unk7;unk8,unk1,1,32,4,NA,NA,order,3,13,14,597,7
1,unk1;unk2;unk3;unk4;unk5;unk6;unk7;unk8,unk1,1,33,5,NA,NA,order,3,14,13,598,7
1,unk1;unk2;unk3;unk4;unk5;unk6;unk7;unk8,unk1,1,34,5,NA,NA,order,3,14,13,599,7
1,unk1;unk2;unk3;unk4;unk5;unk6;unk7;unk8,unk1,1,35,5,NA,NA,order,3,14,13,600,7
1,unk1;unk2;unk3;unk4;unk5;unk6;unk7;unk8,unk1,1,36,5,NA,NA,order,3,14,13,601,7
1,unk1;unk2;unk3;unk4;unk5;unk6;unk7;unk8,unk1,1,37,5,NA,NA,order,3,14,13,602,7
1,unk1;unk2;unk3;unk4;unk5;unk6;unk7;unk8,unk1,1,38,5,NA,NA,order,3,14,NA,603,7
1,unk1;unk2;unk3;unk4;unk5;unk6;unk7;unk8,unk1,1,39,5,NA,NA,order,3,14,13,604,7
1,unk1;unk2;unk3;unk4;unk5;unk6;unk7;unk8,unk1,1,40,5,NA,NA,order,3,14,13,605,7
1,unk1;unk2;unk3;unk4;unk5;unk6;unk7;unk8,unk1,1,41,6,NA,NA,order,3,13,14,606,7
1,unk1;unk2;unk3;unk4;unk5;unk6;unk7;unk8,unk1,1,42,6,NA,NA,order,3,13,14,607,7
1,unk1;unk2;unk3;unk4;unk5;unk6;unk7;unk8,unk1,1,43,6,NA,NA,order,3,13,14,608,7
1,unk1;unk2;unk3;unk4;unk5;unk6;unk7;unk8,unk1,1,44,6,NA,NA,order,3,13,14,609,7
1,unk1;unk2;unk3;unk4;unk5;unk6;unk7;unk8,unk1,1,45,6,NA,NA,order,3,13,14,610,7
1,unk1;unk2;unk3;unk4;unk5;unk6;unk7;unk8,unk1,1,46,6,NA,NA,order,3,13,14,611,7
1,unk1;unk2;unk3;unk4;unk5;unk6;unk7;unk8,unk1,1,47,6,NA,NA,order,3,13,14,612,7
1,unk1;unk2;unk3;unk4;unk5;unk6;unk7;unk8,unk1,1,48,6,NA,NA,order,3,13,NA,613,7
1,unk1;unk2;unk3;unk4;unk5;unk6;unk7;unk8,unk1,2,49,7,NA,NA,order,3,14,13,614,7
1,unk1;unk2;unk3;unk4;unk5;unk6;unk7;unk8,unk1,2,50,7,NA,NA,order,3,14,13,615,7
1,unk1;unk2;unk3;unk4;unk5;unk6;unk7;unk8,unk1,2,51,7,NA,NA,order,3,14,13,616,7
1,unk1;unk2;unk3;unk4;unk5;unk6;unk7;unk8,unk1,2,52,7,NA,NA,order,3,14,13,617,7
1,unk1;unk2;unk3;unk4;unk5;unk6;unk7;unk8,unk1,2,53,7,NA,NA,order,3,14,13,618,7
1,unk1;unk2;unk3;unk4;unk5;unk6;unk7;unk8,unk1,2,54,7,NA,NA,order,3,14,13,619,7
1,unk1;unk2;unk3;unk4;unk5;unk6;unk7;unk8,unk1,2,55,7,NA,NA,order,3,14,13,620,7
1,unk1;unk2;unk3;unk4;unk5;unk6;unk7;unk8,unk1,2,56,7,NA,NA,order,3,14,13,621,7
1,unk1;unk2;unk3;unk4;unk5;unk6;unk7;unk8,unk1,2,57,8,NA,NA,order,3,13,14,622,7
1,unk1;unk2;unk3;unk4;unk5;unk6;unk7;unk8,unk1,2,58,8,NA,NA,order,3,13,14,623,7
1,unk1;unk2;unk3;unk4;unk5;unk6;unk7;unk8,unk1,2,62,8,NA,NA,order,3,13,14,624,7
1,unk1;unk2;unk3;unk4;unk5;unk6;unk7;unk8,unk1,2,59,8,NA,NA,order,3,13,14,625,7
1,unk1;unk2;unk3;unk4;unk5;unk6;unk7;unk8,unk1,2,60,8,NA,NA,order,3,13,14,626,7
1,unk1;unk2;unk3;unk4;unk5;unk6;unk7;unk8,unk1,2,61,8,NA,NA,order,3,13,14,627,7
1,unk1;unk2;unk3;unk4;unk5;unk6;unk7;unk8,unk1,2,63,8,NA,NA,order,3,13,14,628,7
1,unk1;unk2;unk3;unk4;unk5;unk6;unk7;unk8,unk1,2,64,8,NA,NA,order,3,13,14,629,7
1,unk1;unk2;unk3;unk4;unk5;unk6;unk7;unk8,unk1,2,65,9,NA,NA,order,3,14,13,630,7
1,unk1;unk2;unk3;unk4;unk5;unk6;unk7;unk8,unk1,2,66,9,NA,NA,order,3,14,13,631,7
1,unk1;unk2;unk3;unk4;unk5;unk6;unk7;unk8,unk1,2,67,9,NA,NA,order,3,14,13,632,7
1,unk1;unk2;unk3;unk4;unk5;unk6;unk7;unk8,unk1,2,68,9,NA,NA,order,3,14,13,633,7
1,unk1;unk2;unk3;unk4;unk5;unk6;unk7;unk8,unk1,2,69,9,NA,NA,order,3,14,13,634,7
1,unk1;unk2;unk3;unk4;unk5;unk6;unk7;unk8,unk1,2,70,9,NA,NA,order,3,14,13,635,7
1,unk1;unk2;unk3;unk4;unk5;unk6;unk7;unk8,unk1,2,71,9,NA,NA,order,3,14,NA,636,7
1,unk1;unk2;unk3;unk4;unk5;unk6;unk7;unk8,unk1,2,72,9,NA,NA,order,3,14,13,637,7
1,unk1;unk2;unk3;unk4;unk5;unk6;unk7;unk8,unk1,2,73,10,NA,NA,order,3,13,14,638,7
1,unk1;unk2;unk3;unk4;unk5;unk6;unk7;unk8,unk1,2,74,10,NA,NA,order,3,13,14,639,7
1,unk1;unk2;unk3;unk4;unk5;unk6;unk7;unk8,unk1,2,75,10,NA,NA,order,3,13,14,640,7
1,unk1;unk2;unk3;unk4;unk5;unk6;unk7;unk8,unk1,2,76,10,NA,NA,order,3,13,14,641,7
1,unk1;unk2;unk3;unk4;unk5;unk6;unk7;unk8,unk1,2,77,10,NA,NA,order,3,13,14,642,7
1,unk1;unk2;unk3;unk4;unk5;unk6;unk7;unk8,unk1,2,78,10,NA,NA,order,3,13,14,643,7
1,unk1;unk2;unk3;unk4;unk5;unk6;unk7;unk8,unk1,2,79,10,NA,NA,order,3,13,14,644,7
1,unk1;unk2;unk3;unk4;unk5;unk6;unk7;unk8,unk1,2,80,10,NA,NA,order,3,13,14,645,7
1,unk1;unk2;unk3;unk4;unk5;unk6;unk7;unk8,unk1,2,81,11,NA,NA,order,3,14,13,646,7
1,unk1;unk2;unk3;unk4;unk5;unk6;unk7;unk8,unk1,2,82,11,NA,NA,order,3,14,13,647,7
1,unk1;unk2;unk3;unk4;unk5;unk6;unk7;unk8,unk1,2,83,11,NA,NA,order,3,14,13,648,7
1,unk1;unk2;unk3;unk4;unk5;unk6;unk7;unk8,unk1,2,84,11,NA,NA,order,3,14,13,649,7
1,unk1;unk2;unk3;unk4;unk5;unk6;unk7;unk8,unk1,2,85,11,NA,NA,order,3,14,13,650,7
1,unk1;unk2;unk3;unk4;unk5;unk6;unk7;unk8,unk1,2,86,11,NA,NA,order,3,14,13,651,7
1,unk1;unk2;unk3;unk4;unk5;unk6;unk7;unk8,unk1,2,87,11,NA,NA,order,3,14,13,652,7
1,unk1;unk2;unk3;unk4;unk5;unk6;unk7;unk8,unk1,2,88,11,NA,NA,order,3,14,13,653,7
1,unk1;unk2;unk3;unk4;unk5;unk6;unk7;unk8,unk1,2,89,12,NA,NA,order,3,13,14,654,7
1,unk1;unk2;unk3;unk4;unk5;unk6;unk7;unk8,unk1,2,90,12,NA,NA,order,3,13,14,655,7
1,unk1;unk2;unk3;unk4;unk5;unk6;unk7;unk8,unk1,2,91,12,NA,NA,order,3,13,14,656,7
1,unk1;unk2;unk3;unk4;unk5;unk6;unk7;unk8,unk1,2,92,12,NA,NA,order,3,13,14,657,7
1,unk1;unk2;unk3;unk4;unk5;unk6;unk7;unk8,unk1,2,93,12,NA,NA,order,3,13,14,658,7
1,unk1;unk2;unk3;unk4;unk5;unk6;unk7;unk8,unk1,2,94,12,NA,NA,order,3,13,14,659,7
1,unk1;unk2;unk3;unk4;unk5;unk6;unk7;unk8,unk1,2,95,12,NA,NA,order,3,13,14,660,7
1,unk1;unk2;unk3;unk4;unk5;unk6;unk7;unk8,unk1,2,96,12,NA,NA,order,3,13,14,661,7
1,unk1;unk2;unk3;unk4;unk5;unk6;unk7;unk8,unk1,1,5,1,NA,NA,order,2,15,16,662,8
1,unk1;unk2;unk3;unk4;unk5;unk6;unk7;unk8,unk1,1,7,1,NA,NA,order,2,15,16,663,8
1,unk1;unk2;unk3;unk4;unk5;unk6;unk7;unk8,unk1,1,4,1,NA,NA,order,2,15,16,664,8
1,unk1;unk2;unk3;unk4;unk5;unk6;unk7;unk8,unk1,1,1,1,NA,NA,order,2,15,16,665,8
1,unk1;unk2;unk3;unk4;unk5;unk6;unk7;unk8,unk1,1,2,1,NA,NA,order,2,15,16,666,8
1,unk1;unk2;unk3;unk4;unk5;unk6;unk7;unk8,unk1,1,8,1,NA,NA,order,2,15,16,667,8
1,unk1;unk2;unk3;unk4;unk5;unk6;unk7;unk8,unk1,1,3,1,NA,NA,order,2,15,16,668,8
1,unk1;unk2;unk3;unk4;unk5;unk6;unk7;unk8,unk1,1,6,1,NA,NA,order,2,15,16,669,8
1,unk1;unk2;unk3;unk4;unk5;unk6;unk7;unk8,unk1,1,9,2,NA,NA,order,2,16,15,670,8
1,unk1;unk2;unk3;unk4;unk5;unk6;unk7;unk8,unk1,1,13,2,NA,NA,order,2,16,15,671,8
1,unk1;unk2;unk3;unk4;unk5;unk6;unk7;unk8,unk1,1,10,2,NA,NA,order,2,16,15,672,8
1,unk1;unk2;unk3;unk4;unk5;unk6;unk7;unk8,unk1,1,14,2,NA,NA,order,2,16,15,673,8
1,unk1;unk2;unk3;unk4;unk5;unk6;unk7;unk8,unk1,1,11,2,NA,NA,order,2,16,15,674,8
1,unk1;unk2;unk3;unk4;unk5;unk6;unk7;unk8,unk1,1,15,2,NA,NA,order,2,16,15,675,8
1,unk1;unk2;unk3;unk4;unk5;unk6;unk7;unk8,unk1,1,12,2,NA,NA,order,2,16,15,676,8
1,unk1;unk2;unk3;unk4;unk5;unk6;unk7;unk8,unk1,1,16,2,NA,NA,order,2,16,15,677,8
1,unk1;unk2;unk3;unk4;unk5;unk6;unk7;unk8,unk1,1,24,3,NA,NA,order,2,15,16,678,8
1,unk1;unk2;unk3;unk4;unk5;unk6;unk7;unk8,unk1,1,20,3,NA,NA,order,2,15,16,679,8
1,unk1;unk2;unk3;unk4;unk5;unk6;unk7;unk8,unk1,1,19,3,NA,NA,order,2,15,16,680,8
1,unk1;unk2;unk3;unk4;unk5;unk6;unk7;unk8,unk1,1,23,3,NA,NA,order,2,15,16,681,8
1,unk1;unk2;unk3;unk4;unk5;unk6;unk7;unk8,unk1,1,22,3,NA,NA,order,2,15,16,682,8
1,unk1;unk2;unk3;unk4;unk5;unk6;unk7;unk8,unk1,1,18,3,NA,NA,order,2,15,16,683,8
1,unk1;unk2;unk3;unk4;unk5;unk6;unk7;unk8,unk1,1,17,3,NA,NA,order,2,15,16,684,8
1,unk1;unk2;unk3;unk4;unk5;unk6;unk7;unk8,unk1,1,21,3,NA,NA,order,2,15,16,685,8
1,unk1;unk2;unk3;unk4;unk5;unk6;unk7;unk8,unk1,1,25,4,NA,NA,order,2,16,15,686,8
1,unk1;unk2;unk3;unk4;unk5;unk6;unk7;unk8,unk1,1,29,4,NA,NA,order,2,16,15,687,8
1,unk1;unk2;unk3;unk4;unk5;unk6;unk7;unk8,unk1,1,27,4,NA,NA,order,2,16,15,688,8
1,unk1;unk2;unk3;unk4;unk5;unk6;unk7;unk8,unk1,1,30,4,NA,NA,order,2,16,15,689,8
1,unk1;unk2;unk3;unk4;unk5;unk6;unk7;unk8,unk1,1,31,4,NA,NA,order,2,16,15,690,8
1,unk1;unk2;unk3;unk4;unk5;unk6;unk7;unk8,unk1,1,28,4,NA,NA,order,2,16,15,691,8
1,unk1;unk2;unk3;unk4;unk5;unk6;unk7;unk8,unk1,1,32,4,NA,NA,order,2,16,15,692,8
1,unk1;unk2;unk3;unk4;unk5;unk6;unk7;unk8,unk1,1,37,5,NA,NA,order,2,15,16,693,8
1,unk1;unk2;unk3;unk4;unk5;unk6;unk7;unk8,unk1,1,33,5,NA,NA,order,2,15,16,694,8
1,unk1;unk2;unk3;unk4;unk5;unk6;unk7;unk8,unk1,1,34,5,NA,NA,order,2,15,16,695,8
1,unk1;unk2;unk3;unk4;unk5;unk6;unk7;unk8,unk1,1,38,5,NA,NA,order,2,15,16,696,8
1,unk1;unk2;unk3;unk4;unk5;unk6;unk7;unk8,unk1,1,39,5,NA,NA,order,2,15,16,697,8
1,unk1;unk2;unk3;unk4;unk5;unk6;unk7;unk8,unk1,1,35,5,NA,NA,order,2,15,16,698,8
1,unk1;unk2;unk3;unk4;unk5;unk6;unk7;unk8,unk1,1,40,5,NA,NA,order,2,15,16,699,8
1,unk1;unk2;unk3;unk4;unk5;unk6;unk7;unk8,unk1,1,36,5,NA,NA,order,2,15,16,700,8
1,unk1;unk2;unk3;unk4;unk5;unk6;unk7;unk8,unk1,1,41,6,NA,NA,order,2,16,15,701,8
1,unk1;unk2;unk3;unk4;unk5;unk6;unk7;unk8,unk1,1,45,6,NA,NA,order,2,16,15,702,8
1,unk1;unk2;unk3;unk4;unk5;unk6;unk7;unk8,unk1,1,42,6,NA,NA,order,2,16,15,703,8
1,unk1;unk2;unk3;unk4;unk5;unk6;unk7;unk8,unk1,1,46,6,NA,NA,order,2,16,15,704,8
1,unk1;unk2;unk3;unk4;unk5;unk6;unk7;unk8,unk1,1,43,6,NA,NA,order,2,16,15,705,8
1,unk1;unk2;unk3;unk4;unk5;unk6;unk7;unk8,unk1,1,47,6,NA,NA,order,2,16,15,706,8
1,unk1;unk2;unk3;unk4;unk5;unk6;unk7;unk8,unk1,1,44,6,NA,NA,order,2,16,15,707,8
1,unk1;unk2;unk3;unk4;unk5;unk6;unk7;unk8,unk1,1,48,6,NA,NA,order,2,16,15,708,8
1,unk1;unk2;unk3;unk4;unk5;unk6;unk7;unk8,unk1,2,56,7,NA,NA,order,2,15,16,709,8
1,unk1;unk2;unk3;unk4;unk5;unk6;unk7;unk8,unk1,2,52,7,NA,NA,order,2,15,16,710,8
1,unk1;unk2;unk3;unk4;unk5;unk6;unk7;unk8,unk1,2,55,7,NA,NA,order,2,15,16,711,8
1,unk1;unk2;unk3;unk4;unk5;unk6;unk7;unk8,unk1,2,51,7,NA,NA,order,2,15,16,712,8
1,unk1;unk2;unk3;unk4;unk5;unk6;unk7;unk8,unk1,2,54,7,NA,NA,order,2,15,16,713,8
1,unk1;unk2;unk3;unk4;unk5;unk6;unk7;unk8,unk1,2,49,7,NA,NA,order,2,15,16,714,8
1,unk1;unk2;unk3;unk4;unk5;unk6;unk7;unk8,unk1,2,53,7,NA,NA,order,2,15,16,715,8
1,unk1;unk2;unk3;unk4;unk5;unk6;unk7;unk8,unk1,2,50,7,NA,NA,order,2,15,16,716,8
1,unk1;unk2;unk3;unk4;unk5;unk6;unk7;unk8,unk1,2,57,8,NA,NA,order,2,16,15,717,8
1,unk1;unk2;unk3;unk4;unk5;unk6;unk7;unk8,unk1,2,61,8,NA,NA,order,2,16,15,718,8
1,unk1;unk2;unk3;unk4;unk5;unk6;unk7;unk8,unk1,2,58,8,NA,NA,order,2,16,15,719,8
1,unk1;unk2;unk3;unk4;unk5;unk6;unk7;unk8,unk1,2,62,8,NA,NA,order,2,16,15,720,8
1,unk1;unk2;unk3;unk4;unk5;unk6;unk7;unk8,unk1,2,59,8,NA,NA,order,2,16,NA,721,8
1,unk1;unk2;unk3;unk4;unk5;unk6;unk7;unk8,unk1,2,63,8,NA,NA,order,2,16,15,722,8
1,unk1;unk2;unk3;unk4;unk5;unk6;unk7;unk8,unk1,2,60,8,NA,NA,order,2,16,NA,723,8
1,unk1;unk2;unk3;unk4;unk5;unk6;unk7;unk8,unk1,2,64,8,NA,NA,order,2,16,15,724,8
1,unk1;unk2;unk3;unk4;unk5;unk6;unk7;unk8,unk1,2,72,9,NA,NA,order,2,15,16,725,8
1,unk1;unk2;unk3;unk4;unk5;unk6;unk7;unk8,unk1,2,68,9,NA,NA,order,2,15,16,726,8
1,unk1;unk2;unk3;unk4;unk5;unk6;unk7;unk8,unk1,2,67,9,NA,NA,order,2,15,16,727,8
1,unk1;unk2;unk3;unk4;unk5;unk6;unk7;unk8,unk1,2,71,9,NA,NA,order,2,15,16,728,8
1,unk1;unk2;unk3;unk4;unk5;unk6;unk7;unk8,unk1,2,70,9,NA,NA,order,2,15,16,729,8
1,unk1;unk2;unk3;unk4;unk5;unk6;unk7;unk8,unk1,2,66,9,NA,NA,order,2,15,16,730,8
1,unk1;unk2;unk3;unk4;unk5;unk6;unk7;unk8,unk1,2,69,9,NA,NA,order,2,15,16,731,8
1,unk1;unk2;unk3;unk4;unk5;unk6;unk7;unk8,unk1,2,65,9,NA,NA,order,2,15,16,732,8
1,unk1;unk2;unk3;unk4;unk5;unk6;unk7;unk8,unk1,2,73,10,NA,NA,order,2,16,15,733,8
1,unk1;unk2;unk3;unk4;unk5;unk6;unk7;unk8,unk1,2,77,10,NA,NA,order,2,16,15,734,8
1,unk1;unk2;unk3;unk4;unk5;unk6;unk7;unk8,unk1,2,74,10,NA,NA,order,2,16,15,735,8
1,unk1;unk2;unk3;unk4;unk5;unk6;unk7;unk8,unk1,2,78,10,NA,NA,order,2,16,15,736,8
1,unk1;unk2;unk3;unk4;unk5;unk6;unk7;unk8,unk1,2,75,10,NA,NA,order,2,16,15,737,8
1,unk1;unk2;unk3;unk4;unk5;unk6;unk7;unk8,unk1,2,79,10,NA,NA,order,2,16,15,738,8
1,unk1;unk2;unk3;unk4;unk5;unk6;unk7;unk8,unk1,2,76,10,NA,NA,order,2,16,15,739,8
1,unk1;unk2;unk3;unk4;unk5;unk6;unk7;unk8,unk1,2,80,10,NA,NA,order,2,16,15,740,8
1,unk1;unk2;unk3;unk4;unk5;unk6;unk7;unk8,unk1,2,81,11,NA,NA,order,2,15,16,741,8
1,unk1;unk2;unk3;unk4;unk5;unk6;unk7;unk8,unk1,2,85,11,NA,NA,order,2,15,16,742,8
1,unk1;unk2;unk3;unk4;unk5;unk6;unk7;unk8,unk1,2,82,11,NA,NA,order,2,15,16,743,8
1,unk1;unk2;unk3;unk4;unk5;unk6;unk7;unk8,unk1,2,86,11,NA,NA,order,2,15,16,744,8
1,unk1;unk2;unk3;unk4;unk5;unk6;unk7;unk8,unk1,2,83,11,NA,NA,order,2,15,16,745,8
1,unk1;unk2;unk3;unk4;unk5;unk6;unk7;unk8,unk1,2,87,11,NA,NA,order,2,15,16,746,8
1,unk1;unk2;unk3;unk4;unk5;unk6;unk7;unk8,unk1,2,84,11,NA,NA,order,2,15,16,747,8
1,unk1;unk2;unk3;unk4;unk5;unk6;unk7;unk8,unk1,2,88,11,NA,NA,order,2,15,16,748,8
1,unk1;unk2;unk3;unk4;unk5;unk6;unk7;unk8,unk1,2,89,12,NA,NA,order,2,16,15,749,8
1,unk1;unk2;unk3;unk4;unk5;unk6;unk7;unk8,unk1,2,93,12,NA,NA,order,2,16,15,750,8
1,unk1;unk2;unk3;unk4;unk5;unk6;unk7;unk8,unk1,2,90,12,NA,NA,order,2,16,15,751,8
1,unk1;unk2;unk3;unk4;unk5;unk6;unk7;unk8,unk1,2,94,12,NA,NA,order,2,16,15,752,8
1,unk1;unk2;unk3;unk4;unk5;unk6;unk7;unk8,unk1,2,91,12,NA,NA,order,2,16,15,753,8
1,unk1;unk2;unk3;unk4;unk5;unk6;unk7;unk8,unk1,2,95,12,NA,NA,order,2,16,15,754,8
1,unk1;unk2;unk3;unk4;unk5;unk6;unk7;unk8,unk1,2,92,12,NA,NA,order,2,16,15,755,8
1,unk1;unk2;unk3;unk4;unk5;unk6;unk7;unk8,unk1,2,96,12,NA,NA,order,2,16,15,756,8
1,unk1;unk2;unk3;unk4;unk5;unk6;unk7;unk8,unk1,1,1,1,NA,NA,order,3,18,17,757,9
1,unk1;unk2;unk3;unk4;unk5;unk6;unk7;unk8,unk1,1,2,1,NA,NA,order,3,18,17,758,9
1,unk1;unk2;unk3;unk4;unk5;unk6;unk7;unk8,unk1,1,3,1,NA,NA,order,3,18,17,759,9
1,unk1;unk2;unk3;unk4;unk5;unk6;unk7;unk8,unk1,1,4,1,NA,NA,order,3,18,17,760,9
1,unk1;unk2;unk3;unk4;unk5;unk6;unk7;unk8,unk1,1,5,1,NA,NA,order,3,18,17,761,9
1,unk1;unk2;unk3;unk4;unk5;unk6;unk7;unk8,unk1,1,6,1,NA,NA,order,3,18,17,762,9
1,unk1;unk2;unk3;unk4;unk5;unk6;unk7;unk8,unk1,1,7,1,NA,NA,order,3,18,17,763,9
1,unk1;unk2;unk3;unk4;unk5;unk6;unk7;unk8,unk1,1,8,1,NA,NA,order,3,18,17,764,9
1,unk1;unk2;unk3;unk4;unk5;unk6;unk7;unk8,unk1,1,9,2,NA,NA,order,3,17,18,765,9
1,unk1;unk2;unk3;unk4;unk5;unk6;unk7;unk8,unk1,1,10,2,NA,NA,order,3,17,18,766,9
1,unk1;unk2;unk3;unk4;unk5;unk6;unk7;unk8,unk1,1,11,2,NA,NA,order,3,17,18,767,9
1,unk1;unk2;unk3;unk4;unk5;unk6;unk7;unk8,unk1,1,12,2,NA,NA,order,3,17,18,768,9
1,unk1;unk2;unk3;unk4;unk5;unk6;unk7;unk8,unk1,1,13,2,NA,NA,order,3,17,18,769,9
1,unk1;unk2;unk3;unk4;unk5;unk6;unk7;unk8,unk1,1,14,2,NA,NA,order,3,17,18,770,9
1,unk1;unk2;unk3;unk4;unk5;unk6;unk7;unk8,unk1,1,15,2,NA,NA,order,3,17,18,771,9
1,unk1;unk2;unk3;unk4;unk5;unk6;unk7;unk8,unk1,1,16,2,NA,NA,order,3,17,18,772,9
1,unk1;unk2;unk3;unk4;unk5;unk6;unk7;unk8,unk1,1,17,3,NA,NA,order,3,18,17,773,9
1,unk1;unk2;unk3;unk4;unk5;unk6;unk7;unk8,unk1,1,18,3,NA,NA,order,3,18,17,774,9
1,unk1;unk2;unk3;unk4;unk5;unk6;unk7;unk8,unk1,1,19,3,NA,NA,order,3,18,17,775,9
1,unk1;unk2;unk3;unk4;unk5;unk6;unk7;unk8,unk1,1,20,3,NA,NA,order,3,18,17,776,9
1,unk1;unk2;unk3;unk4;unk5;unk6;unk7;unk8,unk1,1,21,3,NA,NA,order,3,18,17,777,9
1,unk1;unk2;unk3;unk4;unk5;unk6;unk7;unk8,unk1,1,22,3,NA,NA,order,3,18,17,778,9
1,unk1;unk2;unk3;unk4;unk5;unk6;unk7;unk8,unk1,1,23,3,NA,NA,order,3,18,17,779,9
1,unk1;unk2;unk3;unk4;unk5;unk6;unk7;unk8,unk1,1,24,3,NA,NA,order,3,18,17,780,9
1,unk1;unk2;unk3;unk4;unk5;unk6;unk7;unk8,unk1,1,25,4,NA,NA,order,3,17,NA,781,9
1,unk1;unk2;unk3;unk4;unk5;unk6;unk7;unk8,unk1,1,26,4,NA,NA,order,3,17,NA,782,9
1,unk1;unk2;unk3;unk4;unk5;unk6;unk7;unk8,unk1,1,27,4,NA,NA,order,3,17,18,783,9
1,unk1;unk2;unk3;unk4;unk5;unk6;unk7;unk8,unk1,1,28,4,NA,NA,order,3,17,NA,784,9
1,unk1;unk2;unk3;unk4;unk5;unk6;unk7;unk8,unk1,1,29,4,NA,NA,order,3,17,18,785,9
1,unk1;unk2;unk3;unk4;unk5;unk6;unk7;unk8,unk1,1,30,4,NA,NA,order,3,17,18,786,9
1,unk1;unk2;unk3;unk4;unk5;unk6;unk7;unk8,unk1,1,31,4,NA,NA,order,3,17,NA,787,9
1,unk1;unk2;unk3;unk4;unk5;unk6;unk7;unk8,unk1,1,32,4,NA,NA,order,3,17,18,788,9
1,unk1;unk2;unk3;unk4;unk5;unk6;unk7;unk8,unk1,1,33,5,NA,NA,order,3,18,17,789,9
1,unk1;unk2;unk3;unk4;unk5;unk6;unk7;unk8,unk1,1,34,5,NA,NA,order,3,18,17,790,9
1,unk1;unk2;unk3;unk4;unk5;unk6;unk7;unk8,unk1,1,35,5,NA,NA,order,3,18,17,791,9
1,unk1;unk2;unk3;unk4;unk5;unk6;unk7;unk8,unk1,1,36,5,NA,NA,order,3,18,17,792,9
1,unk1;unk2;unk3;unk4;unk5;unk6;unk7;unk8,unk1,1,37,5,NA,NA,order,3,18,17,793,9
1,unk1;unk2;unk3;unk4;unk5;unk6;unk7;unk8,unk1,1,38,5,NA,NA,order,3,18,17,794,9
1,unk1;unk2;unk3;unk4;unk5;unk6;unk7;unk8,unk1,1,39,5,NA,NA,order,3,18,17,795,9
1,unk1;unk2;unk3;unk4;unk5;unk6;unk7;unk8,unk1,1,40,5,NA,NA,order,3,18,17,796,9
1,unk1;unk2;unk3;unk4;unk5;unk6;unk7;unk8,unk1,1,41,6,NA,NA,order,3,17,18,797,9
1,unk1;unk2;unk3;unk4;unk5;unk6;unk7;unk8,unk1,1,42,6,NA,NA,order,3,17,NA,798,9
1,unk1;unk2;unk3;unk4;unk5;unk6;unk7;unk8,unk1,1,43,6,NA,NA,order,3,17,NA,799,9
1,unk1;unk2;unk3;unk4;unk5;unk6;unk7;unk8,unk1,1,44,6,NA,NA,order,3,17,NA,800,9
1,unk1;unk2;unk3;unk4;unk5;unk6;unk7;unk8,unk1,1,45,6,NA,NA,order,3,17,NA,801,9
1,unk1;unk2;unk3;unk4;unk5;unk6;unk7;unk8,unk1,1,46,6,NA,NA,order,3,17,NA,802,9
1,unk1;unk2;unk3;unk4;unk5;unk6;unk7;unk8,unk1,1,47,6,NA,NA,order,3,17,NA,803,9
1,unk1;unk2;unk3;unk4;unk5;unk6;unk7;unk8,unk1,1,48,6,NA,NA,order,3,17,18,804,9
1,unk1;unk2;unk3;unk4;unk5;unk6;unk7;unk8,unk1,2,49,7,NA,NA,order,3,18,17,805,9
1,unk1;unk2;unk3;unk4;unk5;unk6;unk7;unk8,unk1,2,50,7,NA,NA,order,3,18,17,806,9
1,unk1;unk2;unk3;unk4;unk5;unk6;unk7;unk8,unk1,2,51,7,NA,NA,order,3,18,17,807,9
1,unk1;unk2;unk3;unk4;unk5;unk6;unk7;unk8,unk1,2,52,7,NA,NA,order,3,18,17,808,9
1,unk1;unk2;unk3;unk4;unk5;unk6;unk7;unk8,unk1,2,53,7,NA,NA,order,3,18,17,809,9
1,unk1;unk2;unk3;unk4;unk5;unk6;unk7;unk8,unk1,2,54,7,NA,NA,order,3,18,17,810,9
1,unk1;unk2;unk3;unk4;unk5;unk6;unk7;unk8,unk1,2,55,7,NA,NA,order,3,18,17,811,9
1,unk1;unk2;unk3;unk4;unk5;unk6;unk7;unk8,unk1,2,56,7,NA,NA,order,3,18,17,812,9
1,unk1;unk2;unk3;unk4;unk5;unk6;unk7;unk8,unk1,2,57,8,NA,NA,order,3,17,18,813,9
1,unk1;unk2;unk3;unk4;unk5;unk6;unk7;unk8,unk1,2,58,8,NA,NA,order,3,17,NA,814,9
1,unk1;unk2;unk3;unk4;unk5;unk6;unk7;unk8,unk1,2,59,8,NA,NA,order,3,17,18,815,9
1,unk1;unk2;unk3;unk4;unk5;unk6;unk7;unk8,unk1,2,60,8,NA,NA,order,3,17,NA,816,9
1,unk1;unk2;unk3;unk4;unk5;unk6;unk7;unk8,unk1,2,61,8,NA,NA,order,3,17,NA,817,9
1,unk1;unk2;unk3;unk4;unk5;unk6;unk7;unk8,unk1,2,62,8,NA,NA,order,3,17,NA,818,9
1,unk1;unk2;unk3;unk4;unk5;unk6;unk7;unk8,unk1,2,63,8,NA,NA,order,3,17,NA,819,9
1,unk1;unk2;unk3;unk4;unk5;unk6;unk7;unk8,unk1,2,64,8,NA,NA,order,3,17,18,820,9
1,unk1;unk2;unk3;unk4;unk5;unk6;unk7;unk8,unk1,2,65,9,NA,NA,order,3,18,17,821,9
1,unk1;unk2;unk3;unk4;unk5;unk6;unk7;unk8,unk1,2,66,9,NA,NA,order,3,18,17,822,9
1,unk1;unk2;unk3;unk4;unk5;unk6;unk7;unk8,unk1,2,67,9,NA,NA,order,3,18,17,823,9
1,unk1;unk2;unk3;unk4;unk5;unk6;unk7;unk8,unk1,2,68,9,NA,NA,order,3,18,17,824,9
1,unk1;unk2;unk3;unk4;unk5;unk6;unk7;unk8,unk1,2,69,9,NA,NA,order,3,18,17,825,9
1,unk1;unk2;unk3;unk4;unk5;unk6;unk7;unk8,unk1,2,70,9,NA,NA,order,3,18,17,826,9
1,unk1;unk2;unk3;unk4;unk5;unk6;unk7;unk8,unk1,2,71,9,NA,NA,order,3,18,17,827,9
1,unk1;unk2;unk3;unk4;unk5;unk6;unk7;unk8,unk1,2,72,9,NA,NA,order,3,18,17,828,9
1,unk1;unk2;unk3;unk4;unk5;unk6;unk7;unk8,unk1,2,73,10,NA,NA,order,3,17,NA,829,9
1,unk1;unk2;unk3;unk4;unk5;unk6;unk7;unk8,unk1,2,74,10,NA,NA,order,3,17,NA,830,9
1,unk1;unk2;unk3;unk4;unk5;unk6;unk7;unk8,unk1,2,75,10,NA,NA,order,3,17,NA,831,9
1,unk1;unk2;unk3;unk4;unk5;unk6;unk7;unk8,unk1,2,76,10,NA,NA,order,3,17,18,832,9
1,unk1;unk2;unk3;unk4;unk5;unk6;unk7;unk8,unk1,2,77,10,NA,NA,order,3,17,NA,833,9
1,unk1;unk2;unk3;unk4;unk5;unk6;unk7;unk8,unk1,2,78,10,NA,NA,order,3,17,NA,834,9
1,unk1;unk2;unk3;unk4;unk5;unk6;unk7;unk8,unk1,2,79,10,NA,NA,order,3,17,NA,835,9
1,unk1;unk2;unk3;unk4;unk5;unk6;unk7;unk8,unk1,2,80,10,NA,NA,order,3,17,18,836,9
1,unk1;unk2;unk3;unk4;unk5;unk6;unk7;unk8,unk1,2,81,11,NA,NA,order,3,18,17,837,9
1,unk1;unk2;unk3;unk4;unk5;unk6;unk7;unk8,unk1,2,82,11,NA,NA,order,3,18,17,838,9
1,unk1;unk2;unk3;unk4;unk5;unk6;unk7;unk8,unk1,2,83,11,NA,NA,order,3,18,17,839,9
1,unk1;unk2;unk3;unk4;unk5;unk6;unk7;unk8,unk1,2,84,11,NA,NA,order,3,18,17,840,9
1,unk1;unk2;unk3;unk4;unk5;unk6;unk7;unk8,unk1,2,85,11,NA,NA,order,3,18,17,841,9
1,unk1;unk2;unk3;unk4;unk5;unk6;unk7;unk8,unk1,2,86,11,NA,NA,order,3,18,17,842,9
1,unk1;unk2;unk3;unk4;unk5;unk6;unk7;unk8,unk1,2,87,11,NA,NA,order,3,18,17,843,9
1,unk1;unk2;unk3;unk4;unk5;unk6;unk7;unk8,unk1,2,88,11,NA,NA,order,3,18,17,844,9
1,unk1;unk2;unk3;unk4;unk5;unk6;unk7;unk8,unk1,2,89,12,NA,NA,order,3,17,NA,845,9
1,unk1;unk2;unk3;unk4;unk5;unk6;unk7;unk8,unk1,2,90,12,NA,NA,order,3,17,NA,846,9
1,unk1;unk2;unk3;unk4;unk5;unk6;unk7;unk8,unk1,2,91,12,NA,NA,order,3,17,NA,847,9
1,unk1;unk2;unk3;unk4;unk5;unk6;unk7;unk8,unk1,2,92,12,NA,NA,order,3,17,NA,848,9
1,unk1;unk2;unk3;unk4;unk5;unk6;unk7;unk8,unk1,2,93,12,NA,NA,order,3,17,NA,849,9
1,unk1;unk2;unk3;unk4;unk5;unk6;unk7;unk8,unk1,2,94,12,NA,NA,order,3,17,18,850,9
1,unk1;unk2;unk3;unk4;unk5;unk6;unk7;unk8,unk1,2,95,12,NA,NA,order,3,17,NA,851,9
1,unk1;unk2;unk3;unk4;unk5;unk6;unk7;unk8,unk1,2,96,12,NA,NA,order,3,17,18,852,9
1,unk1;unk2;unk3;unk4;unk5;unk6;unk7;unk8,unk1,1,1,1,NA,NA,order,2,20,19,853,10
1,unk1;unk2;unk3;unk4;unk5;unk6;unk7;unk8,unk1,1,2,1,NA,NA,order,2,20,19,854,10
1,unk1;unk2;unk3;unk4;unk5;unk6;unk7;unk8,unk1,1,3,1,NA,NA,order,2,20,NA,855,10
1,unk1;unk2;unk3;unk4;unk5;unk6;unk7;unk8,unk1,1,4,1,NA,NA,order,2,20,19,856,10
1,unk1;unk2;unk3;unk4;unk5;unk6;unk7;unk8,unk1,1,5,1,NA,NA,order,2,20,19,857,10
1,unk1;unk2;unk3;unk4;unk5;unk6;unk7;unk8,unk1,1,6,1,NA,NA,order,2,20,19,858,10
1,unk1;unk2;unk3;unk4;unk5;unk6;unk7;unk8,unk1,1,7,1,NA,NA,order,2,20,19,859,10
1,unk1;unk2;unk3;unk4;unk5;unk6;unk7;unk8,unk1,1,8,1,NA,NA,order,2,20,19,860,10
1,unk1;unk2;unk3;unk4;unk5;unk6;unk7;unk8,unk1,1,9,2,NA,NA,order,2,19,20,861,10
1,unk1;unk2;unk3;unk4;unk5;unk6;unk7;unk8,unk1,1,10,2,NA,NA,order,2,19,20,862,10
1,unk1;unk2;unk3;unk4;unk5;unk6;unk7;unk8,unk1,1,11,2,NA,NA,order,2,19,20,863,10
1,unk1;unk2;unk3;unk4;unk5;unk6;unk7;unk8,unk1,1,12,2,NA,NA,order,2,19,20,864,10
1,unk1;unk2;unk3;unk4;unk5;unk6;unk7;unk8,unk1,1,13,2,NA,NA,order,2,19,20,865,10
1,unk1;unk2;unk3;unk4;unk5;unk6;unk7;unk8,unk1,1,14,2,NA,NA,order,2,19,20,866,10
1,unk1;unk2;unk3;unk4;unk5;unk6;unk7;unk8,unk1,1,15,2,NA,NA,order,2,19,NA,867,10
1,unk1;unk2;unk3;unk4;unk5;unk6;unk7;unk8,unk1,1,16,2,NA,NA,order,2,19,20,868,10
1,unk1;unk2;unk3;unk4;unk5;unk6;unk7;unk8,unk1,1,17,3,NA,NA,order,2,20,19,869,10
1,unk1;unk2;unk3;unk4;unk5;unk6;unk7;unk8,unk1,1,18,3,NA,NA,order,2,20,19,870,10
1,unk1;unk2;unk3;unk4;unk5;unk6;unk7;unk8,unk1,1,19,3,NA,NA,order,2,20,19,871,10
1,unk1;unk2;unk3;unk4;unk5;unk6;unk7;unk8,unk1,1,20,3,NA,NA,order,2,20,19,872,10
1,unk1;unk2;unk3;unk4;unk5;unk6;unk7;unk8,unk1,1,21,3,NA,NA,order,2,20,19,873,10
1,unk1;unk2;unk3;unk4;unk5;unk6;unk7;unk8,unk1,1,22,3,NA,NA,order,2,20,19,874,10
1,unk1;unk2;unk3;unk4;unk5;unk6;unk7;unk8,unk1,1,23,3,NA,NA,order,2,20,NA,875,10
1,unk1;unk2;unk3;unk4;unk5;unk6;unk7;unk8,unk1,1,24,3,NA,NA,order,2,20,19,876,10
1,unk1;unk2;unk3;unk4;unk5;unk6;unk7;unk8,unk1,1,25,4,NA,NA,order,2,19,20,877,10
1,unk1;unk2;unk3;unk4;unk5;unk6;unk7;unk8,unk1,1,26,4,NA,NA,order,2,19,20,878,10
1,unk1;unk2;unk3;unk4;unk5;unk6;unk7;unk8,unk1,1,27,4,NA,NA,order,2,19,20,879,10
1,unk1;unk2;unk3;unk4;unk5;unk6;unk7;unk8,unk1,1,28,4,NA,NA,order,2,19,20,880,10
1,unk1;unk2;unk3;unk4;unk5;unk6;unk7;unk8,unk1,1,29,4,NA,NA,order,2,19,20,881,10
1,unk1;unk2;unk3;unk4;unk5;unk6;unk7;unk8,unk1,1,30,4,NA,NA,order,2,19,20,882,10
1,unk1;unk2;unk3;unk4;unk5;unk6;unk7;unk8,unk1,1,31,4,NA,NA,order,2,19,20,883,10
1,unk1;unk2;unk3;unk4;unk5;unk6;unk7;unk8,unk1,1,32,4,NA,NA,order,2,19,20,884,10
1,unk1;unk2;unk3;unk4;unk5;unk6;unk7;unk8,unk1,1,33,5,NA,NA,order,2,20,19,885,10
1,unk1;unk2;unk3;unk4;unk5;unk6;unk7;unk8,unk1,1,34,5,NA,NA,order,2,20,19,886,10
1,unk1;unk2;unk3;unk4;unk5;unk6;unk7;unk8,unk1,1,35,5,NA,NA,order,2,20,19,887,10
1,unk1;unk2;unk3;unk4;unk5;unk6;unk7;unk8,unk1,1,36,5,NA,NA,order,2,20,19,888,10
1,unk1;unk2;unk3;unk4;unk5;unk6;unk7;unk8,unk1,1,37,5,NA,NA,order,2,20,19,889,10
1,unk1;unk2;unk3;unk4;unk5;unk6;unk7;unk8,unk1,1,38,5,NA,NA,order,2,20,19,890,10
1,unk1;unk2;unk3;unk4;unk5;unk6;unk7;unk8,unk1,1,39,5,NA,NA,order,2,20,19,891,10
1,unk1;unk2;unk3;unk4;unk5;unk6;unk7;unk8,unk1,1,40,5,NA,NA,order,2,20,19,892,10
1,unk1;unk2;unk3;unk4;unk5;unk6;unk7;unk8,unk1,1,41,6,NA,NA,order,2,19,20,893,10
1,unk1;unk2;unk3;unk4;unk5;unk6;unk7;unk8,unk1,1,42,6,NA,NA,order,2,19,20,894,10
1,unk1;unk2;unk3;unk4;unk5;unk6;unk7;unk8,unk1,1,43,6,NA,NA,order,2,19,20,895,10
1,unk1;unk2;unk3;unk4;unk5;unk6;unk7;unk8,unk1,1,44,6,NA,NA,order,2,19,20,896,10
1,unk1;unk2;unk3;unk4;unk5;unk6;unk7;unk8,unk1,1,45,6,NA,NA,order,2,19,20,897,10
1,unk1;unk2;unk3;unk4;unk5;unk6;unk7;unk8,unk1,1,46,6,NA,NA,order,2,19,20,898,10
1,unk1;unk2;unk3;unk4;unk5;unk6;unk7;unk8,unk1,1,47,6,NA,NA,order,2,19,20,899,10
1,unk1;unk2;unk3;unk4;unk5;unk6;unk7;unk8,unk1,1,48,6,NA,NA,order,2,19,20,900,10
1,unk1;unk2;unk3;unk4;unk5;unk6;unk7;unk8,unk1,2,49,7,NA,NA,order,2,20,19,901,10
1,unk1;unk2;unk3;unk4;unk5;unk6;unk7;unk8,unk1,2,50,7,NA,NA,order,2,20,19,902,10
1,unk1;unk2;unk3;unk4;unk5;unk6;unk7;unk8,unk1,2,51,7,NA,NA,order,2,20,19,903,10
1,unk1;unk2;unk3;unk4;unk5;unk6;unk7;unk8,unk1,2,52,7,NA,NA,order,2,20,19,904,10
1,unk1;unk2;unk3;unk4;unk5;unk6;unk7;unk8,unk1,2,53,7,NA,NA,order,2,20,19,905,10
1,unk1;unk2;unk3;unk4;unk5;unk6;unk7;unk8,unk1,2,54,7,NA,NA,order,2,20,19,906,10
1,unk1;unk2;unk3;unk4;unk5;unk6;unk7;unk8,unk1,2,55,7,NA,NA,order,2,20,19,907,10
1,unk1;unk2;unk3;unk4;unk5;unk6;unk7;unk8,unk1,2,56,7,NA,NA,order,2,20,19,908,10
1,unk1;unk2;unk3;unk4;unk5;unk6;unk7;unk8,unk1,2,57,8,NA,NA,order,2,19,20,909,10
1,unk1;unk2;unk3;unk4;unk5;unk6;unk7;unk8,unk1,2,58,8,NA,NA,order,2,19,20,910,10
1,unk1;unk2;unk3;unk4;unk5;unk6;unk7;unk8,unk1,2,59,8,NA,NA,order,2,19,20,911,10
1,unk1;unk2;unk3;unk4;unk5;unk6;unk7;unk8,unk1,2,60,8,NA,NA,order,2,19,20,912,10
1,unk1;unk2;unk3;unk4;unk5;unk6;unk7;unk8,unk1,2,61,8,NA,NA,order,2,19,20,913,10
1,unk1;unk2;unk3;unk4;unk5;unk6;unk7;unk8,unk1,2,62,8,NA,NA,order,2,19,20,914,10
1,unk1;unk2;unk3;unk4;unk5;unk6;unk7;unk8,unk1,2,63,8,NA,NA,order,2,19,20,915,10
1,unk1;unk2;unk3;unk4;unk5;unk6;unk7;unk8,unk1,2,64,8,NA,NA,order,2,19,20,916,10
1,unk1;unk2;unk3;unk4;unk5;unk6;unk7;unk8,unk1,2,65,9,NA,NA,order,2,20,19,917,10
1,unk1;unk2;unk3;unk4;unk5;unk6;unk7;unk8,unk1,2,66,9,NA,NA,order,2,20,19,918,10
1,unk1;unk2;unk3;unk4;unk5;unk6;unk7;unk8,unk1,2,67,9,NA,NA,order,2,20,19,919,10
1,unk1;unk2;unk3;unk4;unk5;unk6;unk7;unk8,unk1,2,68,9,NA,NA,order,2,20,19,920,10
1,unk1;unk2;unk3;unk4;unk5;unk6;unk7;unk8,unk1,2,69,9,NA,NA,order,2,20,19,921,10
1,unk1;unk2;unk3;unk4;unk5;unk6;unk7;unk8,unk1,2,70,9,NA,NA,order,2,20,19,922,10
1,unk1;unk2;unk3;unk4;unk5;unk6;unk7;unk8,unk1,2,71,9,NA,NA,order,2,20,19,923,10
1,unk1;unk2;unk3;unk4;unk5;unk6;unk7;unk8,unk1,2,72,9,NA,NA,order,2,20,19,924,10
1,unk1;unk2;unk3;unk4;unk5;unk6;unk7;unk8,unk1,2,73,10,NA,NA,order,2,19,20,925,10
1,unk1;unk2;unk3;unk4;unk5;unk6;unk7;unk8,unk1,2,74,10,NA,NA,order,2,19,20,926,10
1,unk1;unk2;unk3;unk4;unk5;unk6;unk7;unk8,unk1,2,75,10,NA,NA,order,2,19,20,927,10
1,unk1;unk2;unk3;unk4;unk5;unk6;unk7;unk8,unk1,2,76,10,NA,NA,order,2,19,20,928,10
1,unk1;unk2;unk3;unk4;unk5;unk6;unk7;unk8,unk1,2,77,10,NA,NA,order,2,19,20,929,10
1,unk1;unk2;unk3;unk4;unk5;unk6;unk7;unk8,unk1,2,78,10,NA,NA,order,2,19,20,930,10
1,unk1;unk2;unk3;unk4;unk5;unk6;unk7;unk8,unk1,2,79,10,NA,NA,order,2,19,20,931,10
1,unk1;unk2;unk3;unk4;unk5;unk6;unk7;unk8,unk1,2,80,10,NA,NA,order,2,19,20,932,10
1,unk1;unk2;unk3;unk4;unk5;unk6;unk7;unk8,unk1,2,81,11,NA,NA,order,2,20,19,933,10
1,unk1;unk2;unk3;unk4;unk5;unk6;unk7;unk8,unk1,2,82,11,NA,NA,order,2,20,19,934,10
1,unk1;unk2;unk3;unk4;unk5;unk6;unk7;unk8,unk1,2,83,11,NA,NA,order,2,20,19,935,10
1,unk1;unk2;unk3;unk4;unk5;unk6;unk7;unk8,unk1,2,84,11,NA,NA,order,2,20,19,936,10
1,unk1;unk2;unk3;unk4;unk5;unk6;unk7;unk8,unk1,2,85,11,NA,NA,order,2,20,19,937,10
1,unk1;unk2;unk3;unk4;unk5;unk6;unk7;unk8,unk1,2,86,11,NA,NA,order,2,20,19,938,10
1,unk1;unk2;unk3;unk4;unk5;unk6;unk7;unk8,unk1,2,87,11,NA,NA,order,2,20,19,939,10
1,unk1;unk2;unk3;unk4;unk5;unk6;unk7;unk8,unk1,2,89,12,NA,NA,order,2,19,20,940,10
1,unk1;unk2;unk3;unk4;unk5;unk6;unk7;unk8,unk1,2,90,12,NA,NA,order,2,19,20,941,10
1,unk1;unk2;unk3;unk4;unk5;unk6;unk7;unk8,unk1,2,91,12,NA,NA,order,2,19,20,942,10
1,unk1;unk2;unk3;unk4;unk5;unk6;unk7;unk8,unk1,2,92,12,NA,NA,order,2,19,20,943,10
1,unk1;unk2;unk3;unk4;unk5;unk6;unk7;unk8,unk1,2,93,12,NA,NA,order,2,19,20,944,10
1,unk1;unk2;unk3;unk4;unk5;unk6;unk7;unk8,unk1,2,94,12,NA,NA,order,2,19,20,945,10
1,unk1;unk2;unk3;unk4;unk5;unk6;unk7;unk8,unk1,2,95,12,NA,NA,order,2,19,20,946,10
1,unk1;unk2;unk3;unk4;unk5;unk6;unk7;unk8,unk1,2,96,12,NA,NA,order,2,19,20,947,10
1,unk1;unk2;unk3;unk4;unk5;unk6;unk7;unk8,unk1,1,1,1,NA,NA,order,1,21,22,948,11
1,unk1;unk2;unk3;unk4;unk5;unk6;unk7;unk8,unk1,1,2,1,NA,NA,order,1,21,22,949,11
1,unk1;unk2;unk3;unk4;unk5;unk6;unk7;unk8,unk1,1,3,1,NA,NA,order,1,21,22,950,11
1,unk1;unk2;unk3;unk4;unk5;unk6;unk7;unk8,unk1,1,5,1,NA,NA,order,1,21,22,951,11
1,unk1;unk2;unk3;unk4;unk5;unk6;unk7;unk8,unk1,1,6,1,NA,NA,order,1,21,22,952,11
1,unk1;unk2;unk3;unk4;unk5;unk6;unk7;unk8,unk1,1,7,1,NA,NA,order,1,21,22,953,11
1,unk1;unk2;unk3;unk4;unk5;unk6;unk7;unk8,unk1,1,8,1,NA,NA,order,1,21,22,954,11
1,unk1;unk2;unk3;unk4;unk5;unk6;unk7;unk8,unk1,1,9,2,NA,NA,order,1,22,21,955,11
1,unk1;unk2;unk3;unk4;unk5;unk6;unk7;unk8,unk1,1,10,2,NA,NA,order,1,22,21,956,11
1,unk1;unk2;unk3;unk4;unk5;unk6;unk7;unk8,unk1,1,11,2,NA,NA,order,1,22,21,957,11
1,unk1;unk2;unk3;unk4;unk5;unk6;unk7;unk8,unk1,1,12,2,NA,NA,order,1,22,21,958,11
1,unk1;unk2;unk3;unk4;unk5;unk6;unk7;unk8,unk1,1,13,2,NA,NA,order,1,22,21,959,11
1,unk1;unk2;unk3;unk4;unk5;unk6;unk7;unk8,unk1,1,14,2,NA,NA,order,1,22,21,960,11
1,unk1;unk2;unk3;unk4;unk5;unk6;unk7;unk8,unk1,1,15,2,NA,NA,order,1,22,21,961,11
1,unk1;unk2;unk3;unk4;unk5;unk6;unk7;unk8,unk1,1,16,2,NA,NA,order,1,22,21,962,11
1,unk1;unk2;unk3;unk4;unk5;unk6;unk7;unk8,unk1,1,17,3,NA,NA,order,1,21,22,963,11
1,unk1;unk2;unk3;unk4;unk5;unk6;unk7;unk8,unk1,1,18,3,NA,NA,order,1,21,22,964,11
1,unk1;unk2;unk3;unk4;unk5;unk6;unk7;unk8,unk1,1,19,3,NA,NA,order,1,21,22,965,11
1,unk1;unk2;unk3;unk4;unk5;unk6;unk7;unk8,unk1,1,20,3,NA,NA,order,1,21,22,966,11
1,unk1;unk2;unk3;unk4;unk5;unk6;unk7;unk8,unk1,1,21,3,NA,NA,order,1,21,22,967,11
1,unk1;unk2;unk3;unk4;unk5;unk6;unk7;unk8,unk1,1,22,3,NA,NA,order,1,21,22,968,11
1,unk1;unk2;unk3;unk4;unk5;unk6;unk7;unk8,unk1,1,23,3,NA,NA,order,1,21,22,969,11
1,unk1;unk2;unk3;unk4;unk5;unk6;unk7;unk8,unk1,1,24,3,NA,NA,order,1,21,22,970,11
1,unk1;unk2;unk3;unk4;unk5;unk6;unk7;unk8,unk1,1,25,4,NA,NA,order,1,22,21,971,11
1,unk1;unk2;unk3;unk4;unk5;unk6;unk7;unk8,unk1,1,26,4,NA,NA,order,1,22,21,972,11
1,unk1;unk2;unk3;unk4;unk5;unk6;unk7;unk8,unk1,1,27,4,NA,NA,order,1,22,NA,973,11
1,unk1;unk2;unk3;unk4;unk5;unk6;unk7;unk8,unk1,1,28,4,NA,NA,order,1,22,21,974,11
1,unk1;unk2;unk3;unk4;unk5;unk6;unk7;unk8,unk1,1,29,4,NA,NA,order,1,22,21,975,11
1,unk1;unk2;unk3;unk4;unk5;unk6;unk7;unk8,unk1,1,30,4,NA,NA,order,1,22,21,976,11
1,unk1;unk2;unk3;unk4;unk5;unk6;unk7;unk8,unk1,1,31,4,NA,NA,order,1,22,21,977,11
1,unk1;unk2;unk3;unk4;unk5;unk6;unk7;unk8,unk1,1,32,4,NA,NA,order,1,22,21,978,11
1,unk1;unk2;unk3;unk4;unk5;unk6;unk7;unk8,unk1,1,33,5,NA,NA,order,1,21,22,979,11
1,unk1;unk2;unk3;unk4;unk5;unk6;unk7;unk8,unk1,1,34,5,NA,NA,order,1,21,22,980,11
1,unk1;unk2;unk3;unk4;unk5;unk6;unk7;unk8,unk1,1,35,5,NA,NA,order,1,21,22,981,11
1,unk1;unk2;unk3;unk4;unk5;unk6;unk7;unk8,unk1,1,36,5,NA,NA,order,1,21,22,982,11
1,unk1;unk2;unk3;unk4;unk5;unk6;unk7;unk8,unk1,1,37,5,NA,NA,order,1,21,22,983,11
1,unk1;unk2;unk3;unk4;unk5;unk6;unk7;unk8,unk1,1,38,5,NA,NA,order,1,21,22,984,11
1,unk1;unk2;unk3;unk4;unk5;unk6;unk7;unk8,unk1,1,39,5,NA,NA,order,1,21,22,985,11
1,unk1;unk2;unk3;unk4;unk5;unk6;unk7;unk8,unk1,1,40,5,NA,NA,order,1,21,22,986,11
1,unk1;unk2;unk3;unk4;unk5;unk6;unk7;unk8,unk1,1,41,6,NA,NA,order,1,22,21,987,11
1,unk1;unk2;unk3;unk4;unk5;unk6;unk7;unk8,unk1,1,42,6,NA,NA,order,1,22,21,988,11
1,unk1;unk2;unk3;unk4;unk5;unk6;unk7;unk8,unk1,1,43,6,NA,NA,order,1,22,21,989,11
1,unk1;unk2;unk3;unk4;unk5;unk6;unk7;unk8,unk1,1,44,6,NA,NA,order,1,22,21,990,11
1,unk1;unk2;unk3;unk4;unk5;unk6;unk7;unk8,unk1,1,45,6,NA,NA,order,1,22,21,991,11
1,unk1;unk2;unk3;unk4;unk5;unk6;unk7;unk8,unk1,1,46,6,NA,NA,order,1,22,21,992,11
1,unk1;unk2;unk3;unk4;unk5;unk6;unk7;unk8,unk1,1,47,6,NA,NA,order,1,22,21,993,11
1,unk1;unk2;unk3;unk4;unk5;unk6;unk7;unk8,unk1,1,48,6,NA,NA,order,1,22,21,994,11
1,unk1;unk2;unk3;unk4;unk5;unk6;unk7;unk8,unk1,2,56,7,NA,NA,order,1,21,22,995,11
1,unk1;unk2;unk3;unk4;unk5;unk6;unk7;unk8,unk1,2,49,7,NA,NA,order,1,21,22,996,11
1,unk1;unk2;unk3;unk4;unk5;unk6;unk7;unk8,unk1,2,50,7,NA,NA,order,1,21,22,997,11
1,unk1;unk2;unk3;unk4;unk5;unk6;unk7;unk8,unk1,2,51,7,NA,NA,order,1,21,22,998,11
1,unk1;unk2;unk3;unk4;unk5;unk6;unk7;unk8,unk1,2,52,7,NA,NA,order,1,21,22,999,11
1,unk1;unk2;unk3;unk4;unk5;unk6;unk7;unk8,unk1,2,53,7,NA,NA,order,1,21,22,1000,11
1,unk1;unk2;unk3;unk4;unk5;unk6;unk7;unk8,unk1,2,54,7,NA,NA,order,1,21,22,1001,11
1,unk1;unk2;unk3;unk4;unk5;unk6;unk7;unk8,unk1,2,55,7,NA,NA,order,1,21,22,1002,11
1,unk1;unk2;unk3;unk4;unk5;unk6;unk7;unk8,unk1,2,57,8,NA,NA,order,1,22,21,1003,11
1,unk1;unk2;unk3;unk4;unk5;unk6;unk7;unk8,unk1,2,58,8,NA,NA,order,1,22,21,1004,11
1,unk1;unk2;unk3;unk4;unk5;unk6;unk7;unk8,unk1,2,59,8,NA,NA,order,1,22,21,1005,11
1,unk1;unk2;unk3;unk4;unk5;unk6;unk7;unk8,unk1,2,60,8,NA,NA,order,1,22,21,1006,11
1,unk1;unk2;unk3;unk4;unk5;unk6;unk7;unk8,unk1,2,61,8,NA,NA,order,1,22,21,1007,11
1,unk1;unk2;unk3;unk4;unk5;unk6;unk7;unk8,unk1,2,62,8,NA,NA,order,1,22,21,1008,11
1,unk1;unk2;unk3;unk4;unk5;unk6;unk7;unk8,unk1,2,63,8,NA,NA,order,1,22,21,1009,11
1,unk1;unk2;unk3;unk4;unk5;unk6;unk7;unk8,unk1,2,64,8,NA,NA,order,1,22,21,1010,11
1,unk1;unk2;unk3;unk4;unk5;unk6;unk7;unk8,unk1,2,65,9,NA,NA,order,1,21,22,1011,11
1,unk1;unk2;unk3;unk4;unk5;unk6;unk7;unk8,unk1,2,66,9,NA,NA,order,1,21,22,1012,11
1,unk1;unk2;unk3;unk4;unk5;unk6;unk7;unk8,unk1,2,67,9,NA,NA,order,1,21,22,1013,11
1,unk1;unk2;unk3;unk4;unk5;unk6;unk7;unk8,unk1,2,68,9,NA,NA,order,1,21,22,1014,11
1,unk1;unk2;unk3;unk4;unk5;unk6;unk7;unk8,unk1,2,69,9,NA,NA,order,1,21,22,1015,11
1,unk1;unk2;unk3;unk4;unk5;unk6;unk7;unk8,unk1,2,70,9,NA,NA,order,1,21,22,1016,11
1,unk1;unk2;unk3;unk4;unk5;unk6;unk7;unk8,unk1,2,71,9,NA,NA,order,1,21,NA,1017,11
1,unk1;unk2;unk3;unk4;unk5;unk6;unk7;unk8,unk1,2,72,9,NA,NA,order,1,21,22,1018,11
1,unk1;unk2;unk3;unk4;unk5;unk6;unk7;unk8,unk1,2,73,10,NA,NA,order,1,22,21,1019,11
1,unk1;unk2;unk3;unk4;unk5;unk6;unk7;unk8,unk1,2,74,10,NA,NA,order,1,22,21,1020,11
1,unk1;unk2;unk3;unk4;unk5;unk6;unk7;unk8,unk1,2,75,10,NA,NA,order,1,22,21,1021,11
1,unk1;unk2;unk3;unk4;unk5;unk6;unk7;unk8,unk1,2,76,10,NA,NA,order,1,22,21,1022,11
1,unk1;unk2;unk3;unk4;unk5;unk6;unk7;unk8,unk1,2,77,10,NA,NA,order,1,22,21,1023,11
1,unk1;unk2;unk3;unk4;unk5;unk6;unk7;unk8,unk1,2,78,10,NA,NA,order,1,22,21,1024,11
1,unk1;unk2;unk3;unk4;unk5;unk6;unk7;unk8,unk1,2,79,10,NA,NA,order,1,22,21,1025,11
1,unk1;unk2;unk3;unk4;unk5;unk6;unk7;unk8,unk1,2,80,10,NA,NA,order,1,22,21,1026,11
1,unk1;unk2;unk3;unk4;unk5;unk6;unk7;unk8,unk1,2,81,11,NA,NA,order,1,21,22,1027,11
1,unk1;unk2;unk3;unk4;unk5;unk6;unk7;unk8,unk1,2,82,11,NA,NA,order,1,21,22,1028,11
1,unk1;unk2;unk3;unk4;unk5;unk6;unk7;unk8,unk1,2,83,11,NA,NA,order,1,21,22,1029,11
1,unk1;unk2;unk3;unk4;unk5;unk6;unk7;unk8,unk1,2,84,11,NA,NA,order,1,21,22,1030,11
1,unk1;unk2;unk3;unk4;unk5;unk6;unk7;unk8,unk1,2,85,11,NA,NA,order,1,21,22,1031,11
1,unk1;unk2;unk3;unk4;unk5;unk6;unk7;unk8,unk1,2,86,11,NA,NA,order,1,21,22,1032,11
1,unk1;unk2;unk3;unk4;unk5;unk6;unk7;unk8,unk1,2,87,11,NA,NA,order,1,21,NA,1033,11
1,unk1;unk2;unk3;unk4;unk5;unk6;unk7;unk8,unk1,2,88,11,NA,NA,order,1,21,22,1034,11
1,unk1;unk2;unk3;unk4;unk5;unk6;unk7;unk8,unk1,2,89,12,NA,NA,order,1,22,21,1035,11
1,unk1;unk2;unk3;unk4;unk5;unk6;unk7;unk8,unk1,2,90,12,NA,NA,order,1,22,21,1036,11
1,unk1;unk2;unk3;unk4;unk5;unk6;unk7;unk8,unk1,2,91,12,NA,NA,order,1,22,21,1037,11
1,unk1;unk2;unk3;unk4;unk5;unk6;unk7;unk8,unk1,2,92,12,NA,NA,order,1,22,21,1038,11
1,unk1;unk2;unk3;unk4;unk5;unk6;unk7;unk8,unk1,2,93,12,NA,NA,order,1,22,21,1039,11
1,unk1;unk2;unk3;unk4;unk5;unk6;unk7;unk8,unk1,2,94,12,NA,NA,order,1,22,21,1040,11
1,unk1;unk2;unk3;unk4;unk5;unk6;unk7;unk8,unk1,2,95,12,NA,NA,order,1,22,21,1041,11
1,unk1;unk2;unk3;unk4;unk5;unk6;unk7;unk8,unk1,2,96,12,NA,NA,order,1,22,21,1042,11
1,unk1;unk2;unk3;unk4;unk5;unk6;unk7;unk8,unk1,1,1,1,NA,NA,order,4,23,24,1043,12
1,unk1;unk2;unk3;unk4;unk5;unk6;unk7;unk8,unk1,1,2,1,NA,NA,order,4,23,24,1044,12
1,unk1;unk2;unk3;unk4;unk5;unk6;unk7;unk8,unk1,1,3,1,NA,NA,order,4,23,24,1045,12
1,unk1;unk2;unk3;unk4;unk5;unk6;unk7;unk8,unk1,1,4,1,NA,NA,order,4,23,24,1046,12
1,unk1;unk2;unk3;unk4;unk5;unk6;unk7;unk8,unk1,1,5,1,NA,NA,order,4,23,24,1047,12
1,unk1;unk2;unk3;unk4;unk5;unk6;unk7;unk8,unk1,1,6,1,NA,NA,order,4,23,24,1048,12
1,unk1;unk2;unk3;unk4;unk5;unk6;unk7;unk8,unk1,1,7,1,NA,NA,order,4,23,24,1049,12
1,unk1;unk2;unk3;unk4;unk5;unk6;unk7;unk8,unk1,1,8,1,NA,NA,order,4,23,24,1050,12
1,unk1;unk2;unk3;unk4;unk5;unk6;unk7;unk8,unk1,1,9,2,NA,NA,order,4,24,23,1051,12
1,unk1;unk2;unk3;unk4;unk5;unk6;unk7;unk8,unk1,1,10,2,NA,NA,order,4,24,23,1052,12
1,unk1;unk2;unk3;unk4;unk5;unk6;unk7;unk8,unk1,1,11,2,NA,NA,order,4,24,23,1053,12
1,unk1;unk2;unk3;unk4;unk5;unk6;unk7;unk8,unk1,1,12,2,NA,NA,order,4,24,23,1054,12
1,unk1;unk2;unk3;unk4;unk5;unk6;unk7;unk8,unk1,1,13,2,NA,NA,order,4,24,23,1055,12
1,unk1;unk2;unk3;unk4;unk5;unk6;unk7;unk8,unk1,1,14,2,NA,NA,order,4,24,23,1056,12
1,unk1;unk2;unk3;unk4;unk5;unk6;unk7;unk8,unk1,1,15,2,NA,NA,order,4,24,23,1057,12
1,unk1;unk2;unk3;unk4;unk5;unk6;unk7;unk8,unk1,1,16,2,NA,NA,order,4,24,23,1058,12
1,unk1;unk2;unk3;unk4;unk5;unk6;unk7;unk8,unk1,1,17,3,NA,NA,order,4,23,24,1059,12
1,unk1;unk2;unk3;unk4;unk5;unk6;unk7;unk8,unk1,1,18,3,NA,NA,order,4,23,24,1060,12
1,unk1;unk2;unk3;unk4;unk5;unk6;unk7;unk8,unk1,1,19,3,NA,NA,order,4,23,24,1061,12
1,unk1;unk2;unk3;unk4;unk5;unk6;unk7;unk8,unk1,1,20,3,NA,NA,order,4,23,24,1062,12
1,unk1;unk2;unk3;unk4;unk5;unk6;unk7;unk8,unk1,1,21,3,NA,NA,order,4,23,24,1063,12
1,unk1;unk2;unk3;unk4;unk5;unk6;unk7;unk8,unk1,1,22,3,NA,NA,order,4,23,24,1064,12
1,unk1;unk2;unk3;unk4;unk5;unk6;unk7;unk8,unk1,1,23,3,NA,NA,order,4,23,24,1065,12
1,unk1;unk2;unk3;unk4;unk5;unk6;unk7;unk8,unk1,1,24,3,NA,NA,order,4,23,24,1066,12
1,unk1;unk2;unk3;unk4;unk5;unk6;unk7;unk8,unk1,1,25,4,NA,NA,order,4,24,23,1067,12
1,unk1;unk2;unk3;unk4;unk5;unk6;unk7;unk8,unk1,1,26,4,NA,NA,order,4,24,23,1068,12
1,unk1;unk2;unk3;unk4;unk5;unk6;unk7;unk8,unk1,1,27,4,NA,NA,order,4,24,23,1069,12
1,unk1;unk2;unk3;unk4;unk5;unk6;unk7;unk8,unk1,1,28,4,NA,NA,order,4,24,23,1070,12
1,unk1;unk2;unk3;unk4;unk5;unk6;unk7;unk8,unk1,1,29,4,NA,NA,order,4,24,23,1071,12
1,unk1;unk2;unk3;unk4;unk5;unk6;unk7;unk8,unk1,1,30,4,NA,NA,order,4,24,23,1072,12
1,unk1;unk2;unk3;unk4;unk5;unk6;unk7;unk8,unk1,1,31,4,NA,NA,order,4,24,23,1073,12
1,unk1;unk2;unk3;unk4;unk5;unk6;unk7;unk8,unk1,1,32,4,NA,NA,order,4,24,23,1074,12
1,unk1;unk2;unk3;unk4;unk5;unk6;unk7;unk8,unk1,1,33,5,NA,NA,order,4,23,24,1075,12
1,unk1;unk2;unk3;unk4;unk5;unk6;unk7;unk8,unk1,1,34,5,NA,NA,order,4,23,24,1076,12
1,unk1;unk2;unk3;unk4;unk5;unk6;unk7;unk8,unk1,1,35,5,NA,NA,order,4,23,24,1077,12
1,unk1;unk2;unk3;unk4;unk5;unk6;unk7;unk8,unk1,1,36,5,NA,NA,order,4,23,24,1078,12
1,unk1;unk2;unk3;unk4;unk5;unk6;unk7;unk8,unk1,1,37,5,NA,NA,order,4,23,NA,1079,12
1,unk1;unk2;unk3;unk4;unk5;unk6;unk7;unk8,unk1,1,38,5,NA,NA,order,4,23,24,1080,12
1,unk1;unk2;unk3;unk4;unk5;unk6;unk7;unk8,unk1,1,39,5,NA,NA,order,4,23,24,1081,12
1,unk1;unk2;unk3;unk4;unk5;unk6;unk7;unk8,unk1,1,40,5,NA,NA,order,4,23,24,1082,12
1,unk1;unk2;unk3;unk4;unk5;unk6;unk7;unk8,unk1,1,41,6,NA,NA,order,4,24,23,1083,12
1,unk1;unk2;unk3;unk4;unk5;unk6;unk7;unk8,unk1,1,42,6,NA,NA,order,4,24,23,1084,12
1,unk1;unk2;unk3;unk4;unk5;unk6;unk7;unk8,unk1,1,43,6,NA,NA,order,4,24,23,1085,12
1,unk1;unk2;unk3;unk4;unk5;unk6;unk7;unk8,unk1,1,44,6,NA,NA,order,4,24,23,1086,12
1,unk1;unk2;unk3;unk4;unk5;unk6;unk7;unk8,unk1,1,45,6,NA,NA,order,4,24,23,1087,12
1,unk1;unk2;unk3;unk4;unk5;unk6;unk7;unk8,unk1,1,46,6,NA,NA,order,4,24,23,1088,12
1,unk1;unk2;unk3;unk4;unk5;unk6;unk7;unk8,unk1,1,47,6,NA,NA,order,4,24,23,1089,12
1,unk1;unk2;unk3;unk4;unk5;unk6;unk7;unk8,unk1,1,48,6,NA,NA,order,4,24,23,1090,12
1,unk1;unk2;unk3;unk4;unk5;unk6;unk7;unk8,unk1,2,49,7,NA,NA,order,4,23,24,1091,12
1,unk1;unk2;unk3;unk4;unk5;unk6;unk7;unk8,unk1,2,50,7,NA,NA,order,4,23,24,1092,12
1,unk1;unk2;unk3;unk4;unk5;unk6;unk7;unk8,unk1,2,51,7,NA,NA,order,4,23,24,1093,12
1,unk1;unk2;unk3;unk4;unk5;unk6;unk7;unk8,unk1,2,52,7,NA,NA,order,4,23,24,1094,12
1,unk1;unk2;unk3;unk4;unk5;unk6;unk7;unk8,unk1,2,53,7,NA,NA,order,4,23,24,1095,12
1,unk1;unk2;unk3;unk4;unk5;unk6;unk7;unk8,unk1,2,54,7,NA,NA,order,4,23,24,1096,12
1,unk1;unk2;unk3;unk4;unk5;unk6;unk7;unk8,unk1,2,55,7,NA,NA,order,4,23,24,1097,12
1,unk1;unk2;unk3;unk4;unk5;unk6;unk7;unk8,unk1,2,56,7,NA,NA,order,4,23,24,1098,12
1,unk1;unk2;unk3;unk4;unk5;unk6;unk7;unk8,unk1,2,57,8,NA,NA,order,4,24,23,1099,12
1,unk1;unk2;unk3;unk4;unk5;unk6;unk7;unk8,unk1,2,58,8,NA,NA,order,4,24,23,1100,12
1,unk1;unk2;unk3;unk4;unk5;unk6;unk7;unk8,unk1,2,59,8,NA,NA,order,4,24,23,1101,12
1,unk1;unk2;unk3;unk4;unk5;unk6;unk7;unk8,unk1,2,60,8,NA,NA,order,4,24,23,1102,12
1,unk1;unk2;unk3;unk4;unk5;unk6;unk7;unk8,unk1,2,61,8,NA,NA,order,4,24,23,1103,12
1,unk1;unk2;unk3;unk4;unk5;unk6;unk7;unk8,unk1,2,62,8,NA,NA,order,4,24,23,1104,12
1,unk1;unk2;unk3;unk4;unk5;unk6;unk7;unk8,unk1,2,63,8,NA,NA,order,4,24,23,1105,12
1,unk1;unk2;unk3;unk4;unk5;unk6;unk7;unk8,unk1,2,64,8,NA,NA,order,4,24,23,1106,12
1,unk1;unk2;unk3;unk4;unk5;unk6;unk7;unk8,unk1,2,65,9,NA,NA,order,4,23,24,1107,12
1,unk1;unk2;unk3;unk4;unk5;unk6;unk7;unk8,unk1,2,66,9,NA,NA,order,4,23,24,1108,12
1,unk1;unk2;unk3;unk4;unk5;unk6;unk7;unk8,unk1,2,67,9,NA,NA,order,4,23,24,1109,12
1,unk1;unk2;unk3;unk4;unk5;unk6;unk7;unk8,unk1,2,68,9,NA,NA,order,4,23,24,1110,12
1,unk1;unk2;unk3;unk4;unk5;unk6;unk7;unk8,unk1,2,72,9,NA,NA,order,4,23,24,1111,12
1,unk1;unk2;unk3;unk4;unk5;unk6;unk7;unk8,unk1,2,71,9,NA,NA,order,4,23,24,1112,12
1,unk1;unk2;unk3;unk4;unk5;unk6;unk7;unk8,unk1,2,70,9,NA,NA,order,4,23,24,1113,12
1,unk1;unk2;unk3;unk4;unk5;unk6;unk7;unk8,unk1,2,69,9,NA,NA,order,4,23,NA,1114,12
1,unk1;unk2;unk3;unk4;unk5;unk6;unk7;unk8,unk1,2,73,10,NA,NA,order,4,24,23,1115,12
1,unk1;unk2;unk3;unk4;unk5;unk6;unk7;unk8,unk1,2,74,10,NA,NA,order,4,24,23,1116,12
1,unk1;unk2;unk3;unk4;unk5;unk6;unk7;unk8,unk1,2,75,10,NA,NA,order,4,24,23,1117,12
1,unk1;unk2;unk3;unk4;unk5;unk6;unk7;unk8,unk1,2,76,10,NA,NA,order,4,24,23,1118,12
1,unk1;unk2;unk3;unk4;unk5;unk6;unk7;unk8,unk1,2,77,10,NA,NA,order,4,24,23,1119,12
1,unk1;unk2;unk3;unk4;unk5;unk6;unk7;unk8,unk1,2,78,10,NA,NA,order,4,24,23,1120,12
1,unk1;unk2;unk3;unk4;unk5;unk6;unk7;unk8,unk1,2,79,10,NA,NA,order,4,24,23,1121,12
1,unk1;unk2;unk3;unk4;unk5;unk6;unk7;unk8,unk1,2,80,10,NA,NA,order,4,24,23,1122,12
1,unk1;unk2;unk3;unk4;unk5;unk6;unk7;unk8,unk1,2,81,11,NA,NA,order,4,23,24,1123,12
1,unk1;unk2;unk3;unk4;unk5;unk6;unk7;unk8,unk1,2,82,11,NA,NA,order,4,23,24,1124,12
1,unk1;unk2;unk3;unk4;unk5;unk6;unk7;unk8,unk1,2,83,11,NA,NA,order,4,23,24,1125,12
1,unk1;unk2;unk3;unk4;unk5;unk6;unk7;unk8,unk1,2,84,11,NA,NA,order,4,23,24,1126,12
1,unk1;unk2;unk3;unk4;unk5;unk6;unk7;unk8,unk1,2,85,11,NA,NA,order,4,23,24,1127,12
1,unk1;unk2;unk3;unk4;unk5;unk6;unk7;unk8,unk1,2,86,11,NA,NA,order,4,23,24,1128,12
1,unk1;unk2;unk3;unk4;unk5;unk6;unk7;unk8,unk1,2,87,11,NA,NA,order,4,23,24,1129,12
1,unk1;unk2;unk3;unk4;unk5;unk6;unk7;unk8,unk1,2,88,11,NA,NA,order,4,23,24,1130,12
1,unk1;unk2;unk3;unk4;unk5;unk6;unk7;unk8,unk1,2,89,12,NA,NA,order,4,24,23,1131,12
1,unk1;unk2;unk3;unk4;unk5;unk6;unk7;unk8,unk1,2,90,12,NA,NA,order,4,24,23,1132,12
1,unk1;unk2;unk3;unk4;unk5;unk6;unk7;unk8,unk1,2,91,12,NA,NA,order,4,24,23,1133,12
1,unk1;unk2;unk3;unk4;unk5;unk6;unk7;unk8,unk1,2,92,12,NA,NA,order,4,24,23,1134,12
1,unk1;unk2;unk3;unk4;unk5;unk6;unk7;unk8,unk1,2,93,12,NA,NA,order,4,24,23,1135,12
1,unk1;unk2;unk3;unk4;unk5;unk6;unk7;unk8,unk1,2,94,12,NA,NA,order,4,24,23,1136,12
1,unk1;unk2;unk3;unk4;unk5;unk6;unk7;unk8,unk1,2,95,12,NA,NA,order,4,24,23,1137,12
1,unk1;unk2;unk3;unk4;unk5;unk6;unk7;unk8,unk1,2,96,12,NA,NA,order,4,24,23,1138,12
1,unk1;unk2;unk3;unk4;unk5;unk6;unk7;unk8,unk1,1,1,1,NA,NA,order,4,25,26,1139,13
1,unk1;unk2;unk3;unk4;unk5;unk6;unk7;unk8,unk1,1,3,1,NA,NA,order,4,25,26,1140,13
1,unk1;unk2;unk3;unk4;unk5;unk6;unk7;unk8,unk1,1,4,1,NA,NA,order,4,25,26,1141,13
1,unk1;unk2;unk3;unk4;unk5;unk6;unk7;unk8,unk1,1,5,1,NA,NA,order,4,25,26,1142,13
1,unk1;unk2;unk3;unk4;unk5;unk6;unk7;unk8,unk1,1,6,1,NA,NA,order,4,25,26,1143,13
1,unk1;unk2;unk3;unk4;unk5;unk6;unk7;unk8,unk1,1,8,1,NA,NA,order,4,25,26,1144,13
1,unk1;unk2;unk3;unk4;unk5;unk6;unk7;unk8,unk1,1,7,1,NA,NA,order,4,25,26,1145,13
1,unk1;unk2;unk3;unk4;unk5;unk6;unk7;unk8,unk1,1,9,2,NA,NA,order,4,26,25,1146,13
1,unk1;unk2;unk3;unk4;unk5;unk6;unk7;unk8,unk1,1,10,2,NA,NA,order,4,26,25,1147,13
1,unk1;unk2;unk3;unk4;unk5;unk6;unk7;unk8,unk1,1,11,2,NA,NA,order,4,26,25,1148,13
1,unk1;unk2;unk3;unk4;unk5;unk6;unk7;unk8,unk1,1,13,2,NA,NA,order,4,26,25,1149,13
1,unk1;unk2;unk3;unk4;unk5;unk6;unk7;unk8,unk1,1,14,2,NA,NA,order,4,26,25,1150,13
1,unk1;unk2;unk3;unk4;unk5;unk6;unk7;unk8,unk1,1,15,2,NA,NA,order,4,26,25,1151,13
1,unk1;unk2;unk3;unk4;unk5;unk6;unk7;unk8,unk1,1,16,2,NA,NA,order,4,26,25,1152,13
1,unk1;unk2;unk3;unk4;unk5;unk6;unk7;unk8,unk1,1,12,2,NA,NA,order,4,26,25,1153,13
1,unk1;unk2;unk3;unk4;unk5;unk6;unk7;unk8,unk1,1,17,3,NA,NA,order,4,25,26,1154,13
1,unk1;unk2;unk3;unk4;unk5;unk6;unk7;unk8,unk1,1,18,3,NA,NA,order,4,25,26,1155,13
1,unk1;unk2;unk3;unk4;unk5;unk6;unk7;unk8,unk1,1,19,3,NA,NA,order,4,25,26,1156,13
1,unk1;unk2;unk3;unk4;unk5;unk6;unk7;unk8,unk1,1,20,3,NA,NA,order,4,25,26,1157,13
1,unk1;unk2;unk3;unk4;unk5;unk6;unk7;unk8,unk1,1,21,3,NA,NA,order,4,25,26,1158,13
1,unk1;unk2;unk3;unk4;unk5;unk6;unk7;unk8,unk1,1,22,3,NA,NA,order,4,25,26,1159,13
1,unk1;unk2;unk3;unk4;unk5;unk6;unk7;unk8,unk1,1,23,3,NA,NA,order,4,25,26,1160,13
1,unk1;unk2;unk3;unk4;unk5;unk6;unk7;unk8,unk1,1,24,3,NA,NA,order,4,25,26,1161,13
1,unk1;unk2;unk3;unk4;unk5;unk6;unk7;unk8,unk1,1,25,4,NA,NA,order,4,26,25,1162,13
1,unk1;unk2;unk3;unk4;unk5;unk6;unk7;unk8,unk1,1,26,4,NA,NA,order,4,26,25,1163,13
1,unk1;unk2;unk3;unk4;unk5;unk6;unk7;unk8,unk1,1,27,4,NA,NA,order,4,26,25,1164,13
1,unk1;unk2;unk3;unk4;unk5;unk6;unk7;unk8,unk1,1,28,4,NA,NA,order,4,26,25,1165,13
1,unk1;unk2;unk3;unk4;unk5;unk6;unk7;unk8,unk1,1,29,4,NA,NA,order,4,26,25,1166,13
1,unk1;unk2;unk3;unk4;unk5;unk6;unk7;unk8,unk1,1,30,4,NA,NA,order,4,26,25,1167,13
1,unk1;unk2;unk3;unk4;unk5;unk6;unk7;unk8,unk1,1,31,4,NA,NA,order,4,26,25,1168,13
1,unk1;unk2;unk3;unk4;unk5;unk6;unk7;unk8,unk1,1,32,4,NA,NA,order,4,26,25,1169,13
1,unk1;unk2;unk3;unk4;unk5;unk6;unk7;unk8,unk1,1,33,5,NA,NA,order,4,25,26,1170,13
1,unk1;unk2;unk3;unk4;unk5;unk6;unk7;unk8,unk1,1,34,5,NA,NA,order,4,25,26,1171,13
1,unk1;unk2;unk3;unk4;unk5;unk6;unk7;unk8,unk1,1,35,5,NA,NA,order,4,25,26,1172,13
1,unk1;unk2;unk3;unk4;unk5;unk6;unk7;unk8,unk1,1,36,5,NA,NA,order,4,25,26,1173,13
1,unk1;unk2;unk3;unk4;unk5;unk6;unk7;unk8,unk1,1,37,5,NA,NA,order,4,25,26,1174,13
1,unk1;unk2;unk3;unk4;unk5;unk6;unk7;unk8,unk1,1,38,5,NA,NA,order,4,25,26,1175,13
1,unk1;unk2;unk3;unk4;unk5;unk6;unk7;unk8,unk1,1,39,5,NA,NA,order,4,25,26,1176,13
1,unk1;unk2;unk3;unk4;unk5;unk6;unk7;unk8,unk1,1,40,5,NA,NA,order,4,25,26,1177,13
1,unk1;unk2;unk3;unk4;unk5;unk6;unk7;unk8,unk1,1,41,6,NA,NA,order,4,26,25,1178,13
1,unk1;unk2;unk3;unk4;unk5;unk6;unk7;unk8,unk1,1,42,6,NA,NA,order,4,26,25,1179,13
1,unk1;unk2;unk3;unk4;unk5;unk6;unk7;unk8,unk1,1,43,6,NA,NA,order,4,26,NA,1180,13
1,unk1;unk2;unk3;unk4;unk5;unk6;unk7;unk8,unk1,1,44,6,NA,NA,order,4,26,25,1181,13
1,unk1;unk2;unk3;unk4;unk5;unk6;unk7;unk8,unk1,1,45,6,NA,NA,order,4,26,25,1182,13
1,unk1;unk2;unk3;unk4;unk5;unk6;unk7;unk8,unk1,1,46,6,NA,NA,order,4,26,25,1183,13
1,unk1;unk2;unk3;unk4;unk5;unk6;unk7;unk8,unk1,1,47,6,NA,NA,order,4,26,25,1184,13
1,unk1;unk2;unk3;unk4;unk5;unk6;unk7;unk8,unk1,1,48,6,NA,NA,order,4,26,25,1185,13
1,unk1;unk2;unk3;unk4;unk5;unk6;unk7;unk8,unk1,2,50,7,NA,NA,order,4,25,26,1186,13
1,unk1;unk2;unk3;unk4;unk5;unk6;unk7;unk8,unk1,2,53,7,NA,NA,order,4,25,26,1187,13
1,unk1;unk2;unk3;unk4;unk5;unk6;unk7;unk8,unk1,2,54,7,NA,NA,order,4,25,26,1188,13
1,unk1;unk2;unk3;unk4;unk5;unk6;unk7;unk8,unk1,2,55,7,NA,NA,order,4,25,26,1189,13
1,unk1;unk2;unk3;unk4;unk5;unk6;unk7;unk8,unk1,2,51,7,NA,NA,order,4,25,26,1190,13
1,unk1;unk2;unk3;unk4;unk5;unk6;unk7;unk8,unk1,2,56,7,NA,NA,order,4,25,26,1191,13
1,unk1;unk2;unk3;unk4;unk5;unk6;unk7;unk8,unk1,2,52,7,NA,NA,order,4,25,26,1192,13
1,unk1;unk2;unk3;unk4;unk5;unk6;unk7;unk8,unk1,2,49,7,NA,NA,order,4,25,26,1193,13
1,unk1;unk2;unk3;unk4;unk5;unk6;unk7;unk8,unk1,2,57,8,NA,NA,order,4,26,25,1194,13
1,unk1;unk2;unk3;unk4;unk5;unk6;unk7;unk8,unk1,2,58,8,NA,NA,order,4,26,25,1195,13
1,unk1;unk2;unk3;unk4;unk5;unk6;unk7;unk8,unk1,2,59,8,NA,NA,order,4,26,25,1196,13
1,unk1;unk2;unk3;unk4;unk5;unk6;unk7;unk8,unk1,2,60,8,NA,NA,order,4,26,25,1197,13
1,unk1;unk2;unk3;unk4;unk5;unk6;unk7;unk8,unk1,2,61,8,NA,NA,order,4,26,25,1198,13
1,unk1;unk2;unk3;unk4;unk5;unk6;unk7;unk8,unk1,2,62,8,NA,NA,order,4,26,25,1199,13
1,unk1;unk2;unk3;unk4;unk5;unk6;unk7;unk8,unk1,2,63,8,NA,NA,order,4,26,25,1200,13
1,unk1;unk2;unk3;unk4;unk5;unk6;unk7;unk8,unk1,2,64,8,NA,NA,order,4,26,25,1201,13
1,unk1;unk2;unk3;unk4;unk5;unk6;unk7;unk8,unk1,2,65,9,NA,NA,order,4,25,26,1202,13
1,unk1;unk2;unk3;unk4;unk5;unk6;unk7;unk8,unk1,2,66,9,NA,NA,order,4,25,26,1203,13
1,unk1;unk2;unk3;unk4;unk5;unk6;unk7;unk8,unk1,2,67,9,NA,NA,order,4,25,26,1204,13
1,unk1;unk2;unk3;unk4;unk5;unk6;unk7;unk8,unk1,2,68,9,NA,NA,order,4,25,26,1205,13
1,unk1;unk2;unk3;unk4;unk5;unk6;unk7;unk8,unk1,2,69,9,NA,NA,order,4,25,26,1206,13
1,unk1;unk2;unk3;unk4;unk5;unk6;unk7;unk8,unk1,2,70,9,NA,NA,order,4,25,26,1207,13
1,unk1;unk2;unk3;unk4;unk5;unk6;unk7;unk8,unk1,2,71,9,NA,NA,order,4,25,26,1208,13
1,unk1;unk2;unk3;unk4;unk5;unk6;unk7;unk8,unk1,2,72,9,NA,NA,order,4,25,26,1209,13
1,unk1;unk2;unk3;unk4;unk5;unk6;unk7;unk8,unk1,2,73,10,NA,NA,order,4,26,25,1210,13
1,unk1;unk2;unk3;unk4;unk5;unk6;unk7;unk8,unk1,2,74,10,NA,NA,order,4,26,25,1211,13
1,unk1;unk2;unk3;unk4;unk5;unk6;unk7;unk8,unk1,2,75,10,NA,NA,order,4,26,25,1212,13
1,unk1;unk2;unk3;unk4;unk5;unk6;unk7;unk8,unk1,2,76,10,NA,NA,order,4,26,25,1213,13
1,unk1;unk2;unk3;unk4;unk5;unk6;unk7;unk8,unk1,2,77,10,NA,NA,order,4,26,25,1214,13
1,unk1;unk2;unk3;unk4;unk5;unk6;unk7;unk8,unk1,2,78,10,NA,NA,order,4,26,25,1215,13
1,unk1;unk2;unk3;unk4;unk5;unk6;unk7;unk8,unk1,2,79,10,NA,NA,order,4,26,25,1216,13
1,unk1;unk2;unk3;unk4;unk5;unk6;unk7;unk8,unk1,2,80,10,NA,NA,order,4,26,25,1217,13
1,unk1;unk2;unk3;unk4;unk5;unk6;unk7;unk8,unk1,2,81,11,NA,NA,order,4,25,26,1218,13
1,unk1;unk2;unk3;unk4;unk5;unk6;unk7;unk8,unk1,2,82,11,NA,NA,order,4,25,26,1219,13
1,unk1;unk2;unk3;unk4;unk5;unk6;unk7;unk8,unk1,2,83,11,NA,NA,order,4,25,26,1220,13
1,unk1;unk2;unk3;unk4;unk5;unk6;unk7;unk8,unk1,2,84,11,NA,NA,order,4,25,26,1221,13
1,unk1;unk2;unk3;unk4;unk5;unk6;unk7;unk8,unk1,2,85,11,NA,NA,order,4,25,26,1222,13
1,unk1;unk2;unk3;unk4;unk5;unk6;unk7;unk8,unk1,2,86,11,NA,NA,order,4,25,26,1223,13
1,unk1;unk2;unk3;unk4;unk5;unk6;unk7;unk8,unk1,2,87,11,NA,NA,order,4,25,26,1224,13
1,unk1;unk2;unk3;unk4;unk5;unk6;unk7;unk8,unk1,2,88,11,NA,NA,order,4,25,26,1225,13
1,unk1;unk2;unk3;unk4;unk5;unk6;unk7;unk8,unk1,2,89,12,NA,NA,order,4,26,25,1226,13
1,unk1;unk2;unk3;unk4;unk5;unk6;unk7;unk8,unk1,2,90,12,NA,NA,order,4,26,25,1227,13
1,unk1;unk2;unk3;unk4;unk5;unk6;unk7;unk8,unk1,2,91,12,NA,NA,order,4,26,25,1228,13
1,unk1;unk2;unk3;unk4;unk5;unk6;unk7;unk8,unk1,2,92,12,NA,NA,order,4,26,25,1229,13
1,unk1;unk2;unk3;unk4;unk5;unk6;unk7;unk8,unk1,2,93,12,NA,NA,order,4,26,25,1230,13
1,unk1;unk2;unk3;unk4;unk5;unk6;unk7;unk8,unk1,2,94,12,NA,NA,order,4,26,25,1231,13
1,unk1;unk2;unk3;unk4;unk5;unk6;unk7;unk8,unk1,2,95,12,NA,NA,order,4,26,25,1232,13
1,unk1;unk2;unk3;unk4;unk5;unk6;unk7;unk8,unk1,2,96,12,NA,NA,order,4,26,25,1233,13
1,unk1;unk2;unk3;unk4;unk5;unk6;unk7;unk8,unk1,1,6,1,NA,NA,order,4,27,28,1234,14
1,unk1;unk2;unk3;unk4;unk5;unk6;unk7;unk8,unk1,1,3,1,NA,NA,order,4,27,28,1235,14
1,unk1;unk2;unk3;unk4;unk5;unk6;unk7;unk8,unk1,1,5,1,NA,NA,order,4,27,28,1236,14
1,unk1;unk2;unk3;unk4;unk5;unk6;unk7;unk8,unk1,1,4,1,NA,NA,order,4,27,28,1237,14
1,unk1;unk2;unk3;unk4;unk5;unk6;unk7;unk8,unk1,1,8,1,NA,NA,order,4,27,28,1238,14
1,unk1;unk2;unk3;unk4;unk5;unk6;unk7;unk8,unk1,1,1,1,NA,NA,order,4,27,28,1239,14
1,unk1;unk2;unk3;unk4;unk5;unk6;unk7;unk8,unk1,1,2,1,NA,NA,order,4,27,28,1240,14
1,unk1;unk2;unk3;unk4;unk5;unk6;unk7;unk8,unk1,1,7,1,NA,NA,order,4,27,28,1241,14
1,unk1;unk2;unk3;unk4;unk5;unk6;unk7;unk8,unk1,1,12,2,NA,NA,order,4,28,27,1242,14
1,unk1;unk2;unk3;unk4;unk5;unk6;unk7;unk8,unk1,1,16,2,NA,NA,order,4,28,27,1243,14
1,unk1;unk2;unk3;unk4;unk5;unk6;unk7;unk8,unk1,1,9,2,NA,NA,order,4,28,27,1244,14
1,unk1;unk2;unk3;unk4;unk5;unk6;unk7;unk8,unk1,1,14,2,NA,NA,order,4,28,27,1245,14
1,unk1;unk2;unk3;unk4;unk5;unk6;unk7;unk8,unk1,1,11,2,NA,NA,order,4,28,27,1246,14
1,unk1;unk2;unk3;unk4;unk5;unk6;unk7;unk8,unk1,1,13,2,NA,NA,order,4,28,27,1247,14
1,unk1;unk2;unk3;unk4;unk5;unk6;unk7;unk8,unk1,1,15,2,NA,NA,order,4,28,27,1248,14
1,unk1;unk2;unk3;unk4;unk5;unk6;unk7;unk8,unk1,1,10,2,NA,NA,order,4,28,27,1249,14
1,unk1;unk2;unk3;unk4;unk5;unk6;unk7;unk8,unk1,1,18,3,NA,NA,order,4,27,28,1250,14
1,unk1;unk2;unk3;unk4;unk5;unk6;unk7;unk8,unk1,1,17,3,NA,NA,order,4,27,28,1251,14
1,unk1;unk2;unk3;unk4;unk5;unk6;unk7;unk8,unk1,1,21,3,NA,NA,order,4,27,28,1252,14
1,unk1;unk2;unk3;unk4;unk5;unk6;unk7;unk8,unk1,1,22,3,NA,NA,order,4,27,28,1253,14
1,unk1;unk2;unk3;unk4;unk5;unk6;unk7;unk8,unk1,1,19,3,NA,NA,order,4,27,28,1254,14
1,unk1;unk2;unk3;unk4;unk5;unk6;unk7;unk8,unk1,1,20,3,NA,NA,order,4,27,28,1255,14
1,unk1;unk2;unk3;unk4;unk5;unk6;unk7;unk8,unk1,1,24,3,NA,NA,order,4,27,28,1256,14
1,unk1;unk2;unk3;unk4;unk5;unk6;unk7;unk8,unk1,1,23,3,NA,NA,order,4,27,28,1257,14
1,unk1;unk2;unk3;unk4;unk5;unk6;unk7;unk8,unk1,1,25,4,NA,NA,order,4,28,27,1258,14
1,unk1;unk2;unk3;unk4;unk5;unk6;unk7;unk8,unk1,1,26,4,NA,NA,order,4,28,27,1259,14
1,unk1;unk2;unk3;unk4;unk5;unk6;unk7;unk8,unk1,1,28,4,NA,NA,order,4,28,27,1260,14
1,unk1;unk2;unk3;unk4;unk5;unk6;unk7;unk8,unk1,1,27,4,NA,NA,order,4,28,27,1261,14
1,unk1;unk2;unk3;unk4;unk5;unk6;unk7;unk8,unk1,1,29,4,NA,NA,order,4,28,27,1262,14
1,unk1;unk2;unk3;unk4;unk5;unk6;unk7;unk8,unk1,1,31,4,NA,NA,order,4,28,27,1263,14
1,unk1;unk2;unk3;unk4;unk5;unk6;unk7;unk8,unk1,1,32,4,NA,NA,order,4,28,27,1264,14
1,unk1;unk2;unk3;unk4;unk5;unk6;unk7;unk8,unk1,1,30,4,NA,NA,order,4,28,27,1265,14
1,unk1;unk2;unk3;unk4;unk5;unk6;unk7;unk8,unk1,1,33,5,NA,NA,order,4,27,28,1266,14
1,unk1;unk2;unk3;unk4;unk5;unk6;unk7;unk8,unk1,1,34,5,NA,NA,order,4,27,NA,1267,14
1,unk1;unk2;unk3;unk4;unk5;unk6;unk7;unk8,unk1,1,35,5,NA,NA,order,4,27,28,1268,14
1,unk1;unk2;unk3;unk4;unk5;unk6;unk7;unk8,unk1,1,36,5,NA,NA,order,4,27,28,1269,14
1,unk1;unk2;unk3;unk4;unk5;unk6;unk7;unk8,unk1,1,37,5,NA,NA,order,4,27,28,1270,14
1,unk1;unk2;unk3;unk4;unk5;unk6;unk7;unk8,unk1,1,38,5,NA,NA,order,4,27,28,1271,14
1,unk1;unk2;unk3;unk4;unk5;unk6;unk7;unk8,unk1,1,39,5,NA,NA,order,4,27,28,1272,14
1,unk1;unk2;unk3;unk4;unk5;unk6;unk7;unk8,unk1,1,40,5,NA,NA,order,4,27,28,1273,14
1,unk1;unk2;unk3;unk4;unk5;unk6;unk7;unk8,unk1,1,42,6,NA,NA,order,4,28,27,1274,14
1,unk1;unk2;unk3;unk4;unk5;unk6;unk7;unk8,unk1,1,43,6,NA,NA,order,4,28,27,1275,14
1,unk1;unk2;unk3;unk4;unk5;unk6;unk7;unk8,unk1,1,44,6,NA,NA,order,4,28,27,1276,14
1,unk1;unk2;unk3;unk4;unk5;unk6;unk7;unk8,unk1,1,45,6,NA,NA,order,4,28,27,1277,14
1,unk1;unk2;unk3;unk4;unk5;unk6;unk7;unk8,unk1,1,46,6,NA,NA,order,4,28,27,1278,14
1,unk1;unk2;unk3;unk4;unk5;unk6;unk7;unk8,unk1,1,47,6,NA,NA,order,4,28,27,1279,14
1,unk1;unk2;unk3;unk4;unk5;unk6;unk7;unk8,unk1,1,48,6,NA,NA,order,4,28,27,1280,14
1,unk1;unk2;unk3;unk4;unk5;unk6;unk7;unk8,unk1,2,50,7,NA,NA,order,4,27,28,1281,14
1,unk1;unk2;unk3;unk4;unk5;unk6;unk7;unk8,unk1,2,51,7,NA,NA,order,4,27,28,1282,14
1,unk1;unk2;unk3;unk4;unk5;unk6;unk7;unk8,unk1,2,52,7,NA,NA,order,4,27,28,1283,14
1,unk1;unk2;unk3;unk4;unk5;unk6;unk7;unk8,unk1,2,54,7,NA,NA,order,4,27,28,1284,14
1,unk1;unk2;unk3;unk4;unk5;unk6;unk7;unk8,unk1,2,55,7,NA,NA,order,4,27,28,1285,14
1,unk1;unk2;unk3;unk4;unk5;unk6;unk7;unk8,unk1,2,56,7,NA,NA,order,4,27,28,1286,14
1,unk1;unk2;unk3;unk4;unk5;unk6;unk7;unk8,unk1,2,49,7,NA,NA,order,4,27,28,1287,14
1,unk1;unk2;unk3;unk4;unk5;unk6;unk7;unk8,unk1,2,57,8,NA,NA,order,4,28,27,1288,14
1,unk1;unk2;unk3;unk4;unk5;unk6;unk7;unk8,unk1,2,61,8,NA,NA,order,4,28,27,1289,14
1,unk1;unk2;unk3;unk4;unk5;unk6;unk7;unk8,unk1,2,62,8,NA,NA,order,4,28,27,1290,14
1,unk1;unk2;unk3;unk4;unk5;unk6;unk7;unk8,unk1,2,63,8,NA,NA,order,4,28,27,1291,14
1,unk1;unk2;unk3;unk4;unk5;unk6;unk7;unk8,unk1,2,64,8,NA,NA,order,4,28,27,1292,14
1,unk1;unk2;unk3;unk4;unk5;unk6;unk7;unk8,unk1,2,60,8,NA,NA,order,4,28,27,1293,14
1,unk1;unk2;unk3;unk4;unk5;unk6;unk7;unk8,unk1,2,58,8,NA,NA,order,4,28,27,1294,14
1,unk1;unk2;unk3;unk4;unk5;unk6;unk7;unk8,unk1,2,59,8,NA,NA,order,4,28,27,1295,14
1,unk1;unk2;unk3;unk4;unk5;unk6;unk7;unk8,unk1,2,65,9,NA,NA,order,4,27,28,1296,14
1,unk1;unk2;unk3;unk4;unk5;unk6;unk7;unk8,unk1,2,66,9,NA,NA,order,4,27,28,1297,14
1,unk1;unk2;unk3;unk4;unk5;unk6;unk7;unk8,unk1,2,67,9,NA,NA,order,4,27,28,1298,14
1,unk1;unk2;unk3;unk4;unk5;unk6;unk7;unk8,unk1,2,68,9,NA,NA,order,4,27,28,1299,14
1,unk1;unk2;unk3;unk4;unk5;unk6;unk7;unk8,unk1,2,69,9,NA,NA,order,4,27,28,1300,14
1,unk1;unk2;unk3;unk4;unk5;unk6;unk7;unk8,unk1,2,70,9,NA,NA,order,4,27,28,1301,14
1,unk1;unk2;unk3;unk4;unk5;unk6;unk7;unk8,unk1,2,71,9,NA,NA,order,4,27,28,1302,14
1,unk1;unk2;unk3;unk4;unk5;unk6;unk7;unk8,unk1,2,72,9,NA,NA,order,4,27,28,1303,14
1,unk1;unk2;unk3;unk4;unk5;unk6;unk7;unk8,unk1,2,73,10,NA,NA,order,4,28,27,1304,14
1,unk1;unk2;unk3;unk4;unk5;unk6;unk7;unk8,unk1,2,74,10,NA,NA,order,4,28,27,1305,14
1,unk1;unk2;unk3;unk4;unk5;unk6;unk7;unk8,unk1,2,75,10,NA,NA,order,4,28,27,1306,14
1,unk1;unk2;unk3;unk4;unk5;unk6;unk7;unk8,unk1,2,76,10,NA,NA,order,4,28,27,1307,14
1,unk1;unk2;unk3;unk4;unk5;unk6;unk7;unk8,unk1,2,77,10,NA,NA,order,4,28,27,1308,14
1,unk1;unk2;unk3;unk4;unk5;unk6;unk7;unk8,unk1,2,79,10,NA,NA,order,4,28,27,1309,14
1,unk1;unk2;unk3;unk4;unk5;unk6;unk7;unk8,unk1,2,80,10,NA,NA,order,4,28,27,1310,14
1,unk1;unk2;unk3;unk4;unk5;unk6;unk7;unk8,unk1,2,78,10,NA,NA,order,4,28,27,1311,14
1,unk1;unk2;unk3;unk4;unk5;unk6;unk7;unk8,unk1,2,81,11,NA,NA,order,4,27,28,1312,14
1,unk1;unk2;unk3;unk4;unk5;unk6;unk7;unk8,unk1,2,82,11,NA,NA,order,4,27,28,1313,14
1,unk1;unk2;unk3;unk4;unk5;unk6;unk7;unk8,unk1,2,83,11,NA,NA,order,4,27,28,1314,14
1,unk1;unk2;unk3;unk4;unk5;unk6;unk7;unk8,unk1,2,84,11,NA,NA,order,4,27,28,1315,14
1,unk1;unk2;unk3;unk4;unk5;unk6;unk7;unk8,unk1,2,85,11,NA,NA,order,4,27,28,1316,14
1,unk1;unk2;unk3;unk4;unk5;unk6;unk7;unk8,unk1,2,86,11,NA,NA,order,4,27,28,1317,14
1,unk1;unk2;unk3;unk4;unk5;unk6;unk7;unk8,unk1,2,87,11,NA,NA,order,4,27,28,1318,14
1,unk1;unk2;unk3;unk4;unk5;unk6;unk7;unk8,unk1,2,88,11,NA,NA,order,4,27,28,1319,14
1,unk1;unk2;unk3;unk4;unk5;unk6;unk7;unk8,unk1,2,89,12,NA,NA,order,4,28,27,1320,14
1,unk1;unk2;unk3;unk4;unk5;unk6;unk7;unk8,unk1,2,90,12,NA,NA,order,4,28,27,1321,14
1,unk1;unk2;unk3;unk4;unk5;unk6;unk7;unk8,unk1,2,91,12,NA,NA,order,4,28,27,1322,14
1,unk1;unk2;unk3;unk4;unk5;unk6;unk7;unk8,unk1,2,92,12,NA,NA,order,4,28,27,1323,14
1,unk1;unk2;unk3;unk4;unk5;unk6;unk7;unk8,unk1,2,93,12,NA,NA,order,4,28,27,1324,14
1,unk1;unk2;unk3;unk4;unk5;unk6;unk7;unk8,unk1,2,94,12,NA,NA,order,4,28,NA,1325,14
1,unk1;unk2;unk3;unk4;unk5;unk6;unk7;unk8,unk1,2,96,12,NA,NA,order,4,28,27,1326,14
1,unk1;unk2;unk3;unk4;unk5;unk6;unk7;unk8,unk1,2,95,12,NA,NA,order,4,28,27,1327,14
1,unk1;unk2;unk3;unk4;unk5;unk6;unk7;unk8,unk1,1,1,1,NA,NA,order,1,29,30,1328,15
1,unk1;unk2;unk3;unk4;unk5;unk6;unk7;unk8,unk1,1,2,1,NA,NA,order,1,29,30,1329,15
1,unk1;unk2;unk3;unk4;unk5;unk6;unk7;unk8,unk1,1,3,1,NA,NA,order,1,29,30,1330,15
1,unk1;unk2;unk3;unk4;unk5;unk6;unk7;unk8,unk1,1,4,1,NA,NA,order,1,29,30,1331,15
1,unk1;unk2;unk3;unk4;unk5;unk6;unk7;unk8,unk1,1,5,1,NA,NA,order,1,29,30,1332,15
1,unk1;unk2;unk3;unk4;unk5;unk6;unk7;unk8,unk1,1,6,1,NA,NA,order,1,29,30,1333,15
1,unk1;unk2;unk3;unk4;unk5;unk6;unk7;unk8,unk1,1,7,1,NA,NA,order,1,29,30,1334,15
1,unk1;unk2;unk3;unk4;unk5;unk6;unk7;unk8,unk1,1,9,2,NA,NA,order,1,30,29,1335,15
1,unk1;unk2;unk3;unk4;unk5;unk6;unk7;unk8,unk1,1,10,2,NA,NA,order,1,30,29,1336,15
1,unk1;unk2;unk3;unk4;unk5;unk6;unk7;unk8,unk1,1,11,2,NA,NA,order,1,30,29,1337,15
1,unk1;unk2;unk3;unk4;unk5;unk6;unk7;unk8,unk1,1,12,2,NA,NA,order,1,30,29,1338,15
1,unk1;unk2;unk3;unk4;unk5;unk6;unk7;unk8,unk1,1,13,2,NA,NA,order,1,30,29,1339,15
1,unk1;unk2;unk3;unk4;unk5;unk6;unk7;unk8,unk1,1,14,2,NA,NA,order,1,30,29,1340,15
1,unk1;unk2;unk3;unk4;unk5;unk6;unk7;unk8,unk1,1,15,2,NA,NA,order,1,30,29,1341,15
1,unk1;unk2;unk3;unk4;unk5;unk6;unk7;unk8,unk1,1,17,3,NA,NA,order,1,29,30,1342,15
1,unk1;unk2;unk3;unk4;unk5;unk6;unk7;unk8,unk1,1,18,3,NA,NA,order,1,29,30,1343,15
1,unk1;unk2;unk3;unk4;unk5;unk6;unk7;unk8,unk1,1,19,3,NA,NA,order,1,29,30,1344,15
1,unk1;unk2;unk3;unk4;unk5;unk6;unk7;unk8,unk1,1,20,3,NA,NA,order,1,29,30,1345,15
1,unk1;unk2;unk3;unk4;unk5;unk6;unk7;unk8,unk1,1,21,3,NA,NA,order,1,29,30,1346,15
1,unk1;unk2;unk3;unk4;unk5;unk6;unk7;unk8,unk1,1,22,3,NA,NA,order,1,29,30,1347,15
1,unk1;unk2;unk3;unk4;unk5;unk6;unk7;unk8,unk1,1,23,3,NA,NA,order,1,29,30,1348,15
1,unk1;unk2;unk3;unk4;unk5;unk6;unk7;unk8,unk1,1,24,3,NA,NA,order,1,29,30,1349,15
1,unk1;unk2;unk3;unk4;unk5;unk6;unk7;unk8,unk1,1,25,4,NA,NA,order,1,30,29,1350,15
1,unk1;unk2;unk3;unk4;unk5;unk6;unk7;unk8,unk1,1,26,4,NA,NA,order,1,30,29,1351,15
1,unk1;unk2;unk3;unk4;unk5;unk6;unk7;unk8,unk1,1,27,4,NA,NA,order,1,30,29,1352,15
1,unk1;unk2;unk3;unk4;unk5;unk6;unk7;unk8,unk1,1,28,4,NA,NA,order,1,30,29,1353,15
1,unk1;unk2;unk3;unk4;unk5;unk6;unk7;unk8,unk1,1,29,4,NA,NA,order,1,30,29,1354,15
1,unk1;unk2;unk3;unk4;unk5;unk6;unk7;unk8,unk1,1,30,4,NA,NA,order,1,30,29,1355,15
1,unk1;unk2;unk3;unk4;unk5;unk6;unk7;unk8,unk1,1,31,4,NA,NA,order,1,30,29,1356,15
1,unk1;unk2;unk3;unk4;unk5;unk6;unk7;unk8,unk1,1,32,4,NA,NA,order,1,30,29,1357,15
1,unk1;unk2;unk3;unk4;unk5;unk6;unk7;unk8,unk1,1,33,5,NA,NA,order,1,29,30,1358,15
1,unk1;unk2;unk3;unk4;unk5;unk6;unk7;unk8,unk1,1,34,5,NA,NA,order,1,29,30,1359,15
1,unk1;unk2;unk3;unk4;unk5;unk6;unk7;unk8,unk1,1,35,5,NA,NA,order,1,29,30,1360,15
1,unk1;unk2;unk3;unk4;unk5;unk6;unk7;unk8,unk1,1,36,5,NA,NA,order,1,29,30,1361,15
1,unk1;unk2;unk3;unk4;unk5;unk6;unk7;unk8,unk1,1,37,5,NA,NA,order,1,29,30,1362,15
1,unk1;unk2;unk3;unk4;unk5;unk6;unk7;unk8,unk1,1,38,5,NA,NA,order,1,29,30,1363,15
1,unk1;unk2;unk3;unk4;unk5;unk6;unk7;unk8,unk1,1,39,5,NA,NA,order,1,29,30,1364,15
1,unk1;unk2;unk3;unk4;unk5;unk6;unk7;unk8,unk1,1,41,6,NA,NA,order,1,30,29,1365,15
1,unk1;unk2;unk3;unk4;unk5;unk6;unk7;unk8,unk1,1,42,6,NA,NA,order,1,30,NA,1366,15
1,unk1;unk2;unk3;unk4;unk5;unk6;unk7;unk8,unk1,1,43,6,NA,NA,order,1,30,NA,1367,15
1,unk1;unk2;unk3;unk4;unk5;unk6;unk7;unk8,unk1,1,44,6,NA,NA,order,1,30,NA,1368,15
1,unk1;unk2;unk3;unk4;unk5;unk6;unk7;unk8,unk1,1,45,6,NA,NA,order,1,30,NA,1369,15
1,unk1;unk2;unk3;unk4;unk5;unk6;unk7;unk8,unk1,1,46,6,NA,NA,order,1,30,NA,1370,15
1,unk1;unk2;unk3;unk4;unk5;unk6;unk7;unk8,unk1,1,47,6,NA,NA,order,1,30,NA,1371,15
1,unk1;unk2;unk3;unk4;unk5;unk6;unk7;unk8,unk1,1,48,6,NA,NA,order,1,30,29,1372,15
1,unk1;unk2;unk3;unk4;unk5;unk6;unk7;unk8,unk1,2,49,7,NA,NA,order,1,29,30,1373,15
1,unk1;unk2;unk3;unk4;unk5;unk6;unk7;unk8,unk1,2,50,7,NA,NA,order,1,29,30,1374,15
1,unk1;unk2;unk3;unk4;unk5;unk6;unk7;unk8,unk1,2,51,7,NA,NA,order,1,29,30,1375,15
1,unk1;unk2;unk3;unk4;unk5;unk6;unk7;unk8,unk1,2,52,7,NA,NA,order,1,29,NA,1376,15
1,unk1;unk2;unk3;unk4;unk5;unk6;unk7;unk8,unk1,2,53,7,NA,NA,order,1,29,NA,1377,15
1,unk1;unk2;unk3;unk4;unk5;unk6;unk7;unk8,unk1,2,54,7,NA,NA,order,1,29,30,1378,15
1,unk1;unk2;unk3;unk4;unk5;unk6;unk7;unk8,unk1,2,55,7,NA,NA,order,1,29,30,1379,15
1,unk1;unk2;unk3;unk4;unk5;unk6;unk7;unk8,unk1,2,56,7,NA,NA,order,1,29,30,1380,15
1,unk1;unk2;unk3;unk4;unk5;unk6;unk7;unk8,unk1,2,57,8,NA,NA,order,1,30,29,1381,15
1,unk1;unk2;unk3;unk4;unk5;unk6;unk7;unk8,unk1,2,58,8,NA,NA,order,1,30,29,1382,15
1,unk1;unk2;unk3;unk4;unk5;unk6;unk7;unk8,unk1,2,59,8,NA,NA,order,1,30,29,1383,15
1,unk1;unk2;unk3;unk4;unk5;unk6;unk7;unk8,unk1,2,60,8,NA,NA,order,1,30,29,1384,15
1,unk1;unk2;unk3;unk4;unk5;unk6;unk7;unk8,unk1,2,61,8,NA,NA,order,1,30,29,1385,15
1,unk1;unk2;unk3;unk4;unk5;unk6;unk7;unk8,unk1,2,62,8,NA,NA,order,1,30,29,1386,15
1,unk1;unk2;unk3;unk4;unk5;unk6;unk7;unk8,unk1,2,63,8,NA,NA,order,1,30,29,1387,15
1,unk1;unk2;unk3;unk4;unk5;unk6;unk7;unk8,unk1,2,64,8,NA,NA,order,1,30,29,1388,15
1,unk1;unk2;unk3;unk4;unk5;unk6;unk7;unk8,unk1,2,65,9,NA,NA,order,1,29,30,1389,15
1,unk1;unk2;unk3;unk4;unk5;unk6;unk7;unk8,unk1,2,66,9,NA,NA,order,1,29,30,1390,15
1,unk1;unk2;unk3;unk4;unk5;unk6;unk7;unk8,unk1,2,67,9,NA,NA,order,1,29,30,1391,15
1,unk1;unk2;unk3;unk4;unk5;unk6;unk7;unk8,unk1,2,68,9,NA,NA,order,1,29,30,1392,15
1,unk1;unk2;unk3;unk4;unk5;unk6;unk7;unk8,unk1,2,69,9,NA,NA,order,1,29,30,1393,15
1,unk1;unk2;unk3;unk4;unk5;unk6;unk7;unk8,unk1,2,70,9,NA,NA,order,1,29,30,1394,15
1,unk1;unk2;unk3;unk4;unk5;unk6;unk7;unk8,unk1,2,71,9,NA,NA,order,1,29,30,1395,15
1,unk1;unk2;unk3;unk4;unk5;unk6;unk7;unk8,unk1,2,72,9,NA,NA,order,1,29,30,1396,15
1,unk1;unk2;unk3;unk4;unk5;unk6;unk7;unk8,unk1,2,73,10,NA,NA,order,1,30,29,1397,15
1,unk1;unk2;unk3;unk4;unk5;unk6;unk7;unk8,unk1,2,74,10,NA,NA,order,1,30,29,1398,15
1,unk1;unk2;unk3;unk4;unk5;unk6;unk7;unk8,unk1,2,75,10,NA,NA,order,1,30,29,1399,15
1,unk1;unk2;unk3;unk4;unk5;unk6;unk7;unk8,unk1,2,76,10,NA,NA,order,1,30,29,1400,15
1,unk1;unk2;unk3;unk4;unk5;unk6;unk7;unk8,unk1,2,77,10,NA,NA,order,1,30,NA,1401,15
1,unk1;unk2;unk3;unk4;unk5;unk6;unk7;unk8,unk1,2,78,10,NA,NA,order,1,30,NA,1402,15
1,unk1;unk2;unk3;unk4;unk5;unk6;unk7;unk8,unk1,2,79,10,NA,NA,order,1,30,NA,1403,15
1,unk1;unk2;unk3;unk4;unk5;unk6;unk7;unk8,unk1,2,80,10,NA,NA,order,1,30,29,1404,15
1,unk1;unk2;unk3;unk4;unk5;unk6;unk7;unk8,unk1,2,81,11,NA,NA,order,1,29,30,1405,15
1,unk1;unk2;unk3;unk4;unk5;unk6;unk7;unk8,unk1,2,82,11,NA,NA,order,1,29,30,1406,15
1,unk1;unk2;unk3;unk4;unk5;unk6;unk7;unk8,unk1,2,83,11,NA,NA,order,1,29,30,1407,15
1,unk1;unk2;unk3;unk4;unk5;unk6;unk7;unk8,unk1,2,84,11,NA,NA,order,1,29,30,1408,15
1,unk1;unk2;unk3;unk4;unk5;unk6;unk7;unk8,unk1,2,85,11,NA,NA,order,1,29,30,1409,15
1,unk1;unk2;unk3;unk4;unk5;unk6;unk7;unk8,unk1,2,86,11,NA,NA,order,1,29,30,1410,15
1,unk1;unk2;unk3;unk4;unk5;unk6;unk7;unk8,unk1,2,87,11,NA,NA,order,1,29,30,1411,15
1,unk1;unk2;unk3;unk4;unk5;unk6;unk7;unk8,unk1,2,88,11,NA,NA,order,1,29,30,1412,15
1,unk1;unk2;unk3;unk4;unk5;unk6;unk7;unk8,unk1,2,89,12,NA,NA,order,1,30,29,1413,15
1,unk1;unk2;unk3;unk4;unk5;unk6;unk7;unk8,unk1,2,90,12,NA,NA,order,1,30,NA,1414,15
1,unk1;unk2;unk3;unk4;unk5;unk6;unk7;unk8,unk1,2,91,12,NA,NA,order,1,30,NA,1415,15
1,unk1;unk2;unk3;unk4;unk5;unk6;unk7;unk8,unk1,2,92,12,NA,NA,order,1,30,NA,1416,15
1,unk1;unk2;unk3;unk4;unk5;unk6;unk7;unk8,unk1,2,93,12,NA,NA,order,1,30,NA,1417,15
1,unk1;unk2;unk3;unk4;unk5;unk6;unk7;unk8,unk1,2,94,12,NA,NA,order,1,30,NA,1418,15
1,unk1;unk2;unk3;unk4;unk5;unk6;unk7;unk8,unk1,2,95,12,NA,NA,order,1,30,NA,1419,15
1,unk1;unk2;unk3;unk4;unk5;unk6;unk7;unk8,unk1,2,96,12,NA,NA,order,1,30,29,1420,15
