image_id,image_type,kilogram_id,image_path
unk1,tangram,NA,NA
L,tangram,page-L,page-L.svg
B,tangram,page-B,page-B.svg
A,tangram,page-A,page-A.svg
F,tangram,page-F,page-F.svg
K,tangram,page-K,page-K.svg
G,tangram,page-G,page-G.svg
D,tangram,page-D,page-D.svg
J,tangram,page-J,page-J.svg
E,tangram,page-E,page-E.svg
H,tangram,page-H,page-H.svg
I,tangram,page-I,page-I.svg
C,tangram,page-C,page-C.svg
f9,fribble,NA,NA
f6,fribble,NA,NA
f15,fribble,NA,NA
f14,fribble,NA,NA
f13,fribble,NA,NA
f16,fribble,NA,NA
f11,fribble,NA,NA
f8,fribble,NA,NA
f3,fribble,NA,NA
f10,fribble,NA,NA
f5,fribble,NA,NA
f4,fribble,NA,NA
f7,fribble,NA,NA
f2,fribble,NA,NA
f1,fribble,NA,NA
f12,fribble,NA,NA
hold,tangram,NA,I1.jpg
swim,tangram,NA,D1.jpg
walk,tangram,NA,B1.jpg
jump,tangram,NA,E1.jpg
1_4_2,tangram,NA,1_4_2.jpeg
1_1_2,tangram,NA,1_1_2.jpeg
1_2_3,tangram,NA,1_2_3.jpeg
1_3_3,tangram,NA,1_3_3.jpeg
1_2_1,tangram,NA,1_2_1.jpeg
1_2_2,tangram,NA,1_2_2.jpeg
1_4_3,tangram,NA,1_4_3.jpeg
1_4_4,tangram,NA,1_4_4.jpeg
1_3_4,tangram,NA,1_3_4.jpeg
1_1_4,tangram,NA,1_1_4.jpeg
1_2_4,tangram,NA,1_2_4.jpeg
1_1_3,tangram,NA,1_1_3.jpeg
1_4_1,tangram,NA,1_4_1.jpeg
1_3_1,tangram,NA,1_3_1.jpeg
1_1_1,tangram,NA,1_1_1.jpeg
1_3_2,tangram,NA,1_3_2.jpeg
2_4_2,tangram,NA,2_4_2.jpeg
2_1_2,tangram,NA,2_1_2.jpeg
2_2_3,tangram,NA,2_2_3.jpeg
2_2_2,tangram,NA,2_2_2.jpeg
2_3_3,tangram,NA,2_3_3.jpeg
2_2_1,tangram,NA,2_2_1.jpeg
2_4_3,tangram,NA,2_4_3.jpeg
2_4_4,tangram,NA,2_4_4.jpeg
2_3_4,tangram,NA,2_3_4.jpeg
2_1_4,tangram,NA,2_1_4.jpeg
2_1_3,tangram,NA,2_1_3.jpeg
2_2_4,tangram,NA,2_2_4.jpeg
2_3_1,tangram,NA,2_3_1.jpeg
2_4_1,tangram,NA,2_4_1.jpeg
2_1_1,tangram,NA,2_1_1.jpeg
2_3_2,tangram,NA,2_3_2.jpeg
3,tangram,NA,NA
2,tangram,NA,NA
6,tangram,NA,NA
5,tangram,NA,NA
1,tangram,NA,NA
4,tangram,NA,NA
COCO_val2014_000000331727.jpg,photograph,NA,NA
COCO_val2014_000000396542.jpg,photograph,NA,NA
COCO_val2014_000000241638.jpg,photograph,NA,NA
COCO_val2014_000000249687.jpg,photograph,NA,NA
COCO_val2014_000000315939.jpg,photograph,NA,NA
COCO_val2014_000000248382.jpg,photograph,NA,NA
COCO_val2014_000000388398.jpg,photograph,NA,NA
COCO_val2014_000000504977.jpg,photograph,NA,NA
COCO_val2014_000000476258.jpg,photograph,NA,NA
COCO_val2014_000000251857.jpg,photograph,NA,NA
COCO_val2014_000000017003.jpg,photograph,NA,NA
COCO_val2014_000000135785.jpg,photograph,NA,NA
COCO_val2014_000000486576.jpg,photograph,NA,NA
COCO_val2014_000000280766.jpg,photograph,NA,NA
COCO_val2014_000000353953.jpg,photograph,NA,NA
COCO_val2014_000000373768.jpg,photograph,NA,NA
COCO_val2014_000000127781.jpg,photograph,NA,NA
COCO_val2014_000000104683.jpg,photograph,NA,NA
COCO_val2014_000000339845.jpg,photograph,NA,NA
COCO_val2014_000000419074.jpg,photograph,NA,NA
COCO_val2014_000000161044.jpg,photograph,NA,NA
COCO_val2014_000000551650.jpg,photograph,NA,NA
COCO_val2014_000000455943.jpg,photograph,NA,NA
COCO_val2014_000000142890.jpg,photograph,NA,NA
COCO_val2014_000000040842.jpg,photograph,NA,NA
COCO_val2014_000000232383.jpg,photograph,NA,NA
COCO_val2014_000000375509.jpg,photograph,NA,NA
COCO_val2014_000000201004.jpg,photograph,NA,NA
COCO_val2014_000000479099.jpg,photograph,NA,NA
COCO_val2014_000000087912.jpg,photograph,NA,NA
COCO_val2014_000000436138.jpg,photograph,NA,NA
COCO_val2014_000000335119.jpg,photograph,NA,NA
COCO_val2014_000000338826.jpg,photograph,NA,NA
COCO_val2014_000000376677.jpg,photograph,NA,NA
COCO_val2014_000000579036.jpg,photograph,NA,NA
COCO_val2014_000000022118.jpg,photograph,NA,NA
COCO_val2014_000000490244.jpg,photograph,NA,NA
COCO_val2014_000000234595.jpg,photograph,NA,NA
COCO_val2014_000000347253.jpg,photograph,NA,NA
COCO_val2014_000000388846.jpg,photograph,NA,NA
COCO_val2014_000000036492.jpg,photograph,NA,NA
COCO_val2014_000000549789.jpg,photograph,NA,NA
COCO_val2014_000000283498.jpg,photograph,NA,NA
COCO_val2014_000000195974.jpg,photograph,NA,NA
COCO_val2014_000000267521.jpg,photograph,NA,NA
COCO_val2014_000000033958.jpg,photograph,NA,NA
COCO_val2014_000000027272.jpg,photograph,NA,NA
COCO_val2014_000000196442.jpg,photograph,NA,NA
COCO_val2014_000000174457.jpg,photograph,NA,NA
COCO_val2014_000000452263.jpg,photograph,NA,NA
COCO_val2014_000000501898.jpg,photograph,NA,NA
COCO_val2014_000000083773.jpg,photograph,NA,NA
COCO_val2014_000000191721.jpg,photograph,NA,NA
COCO_val2014_000000284220.jpg,photograph,NA,NA
COCO_val2014_000000580847.jpg,photograph,NA,NA
COCO_val2014_000000136400.jpg,photograph,NA,NA
COCO_val2014_000000000724.jpg,photograph,NA,NA
COCO_val2014_000000321308.jpg,photograph,NA,NA
COCO_val2014_000000098268.jpg,photograph,NA,NA
COCO_val2014_000000541123.jpg,photograph,NA,NA
COCO_val2014_000000102478.jpg,photograph,NA,NA
COCO_val2014_000000377588.jpg,photograph,NA,NA
COCO_val2014_000000124712.jpg,photograph,NA,NA
COCO_val2014_000000337247.jpg,photograph,NA,NA
COCO_val2014_000000198367.jpg,photograph,NA,NA
COCO_val2014_000000344758.jpg,photograph,NA,NA
COCO_val2014_000000568961.jpg,photograph,NA,NA
COCO_val2014_000000353558.jpg,photograph,NA,NA
COCO_val2014_000000325666.jpg,photograph,NA,NA
COCO_val2014_000000178982.jpg,photograph,NA,NA
COCO_val2014_000000013168.jpg,photograph,NA,NA
COCO_val2014_000000027285.jpg,photograph,NA,NA
COCO_val2014_000000053697.jpg,photograph,NA,NA
COCO_val2014_000000548523.jpg,photograph,NA,NA
COCO_val2014_000000454907.jpg,photograph,NA,NA
COCO_val2014_000000574666.jpg,photograph,NA,NA
COCO_val2014_000000285314.jpg,photograph,NA,NA
COCO_val2014_000000050326.jpg,photograph,NA,NA
COCO_val2014_000000083277.jpg,photograph,NA,NA
COCO_val2014_000000212545.jpg,photograph,NA,NA
COCO_val2014_000000468043.jpg,photograph,NA,NA
COCO_val2014_000000318888.jpg,photograph,NA,NA
COCO_val2014_000000193401.jpg,photograph,NA,NA
COCO_val2014_000000363922.jpg,photograph,NA,NA
COCO_val2014_000000350855.jpg,photograph,NA,NA
COCO_val2014_000000182170.jpg,photograph,NA,NA
COCO_val2014_000000447854.jpg,photograph,NA,NA
COCO_val2014_000000322987.jpg,photograph,NA,NA
COCO_val2014_000000516766.jpg,photograph,NA,NA
COCO_val2014_000000190700.jpg,photograph,NA,NA
COCO_val2014_000000475330.jpg,photograph,NA,NA
COCO_val2014_000000408534.jpg,photograph,NA,NA
COCO_val2014_000000317070.jpg,photograph,NA,NA
COCO_val2014_000000272958.jpg,photograph,NA,NA
COCO_val2014_000000339676.jpg,photograph,NA,NA
COCO_val2014_000000050962.jpg,photograph,NA,NA
COCO_val2014_000000092644.jpg,photograph,NA,NA
COCO_val2014_000000435308.jpg,photograph,NA,NA
COCO_val2014_000000111909.jpg,photograph,NA,NA
COCO_val2014_000000514518.jpg,photograph,NA,NA
COCO_val2014_000000465489.jpg,photograph,NA,NA
COCO_val2014_000000428254.jpg,photograph,NA,NA
COCO_val2014_000000290602.jpg,photograph,NA,NA
COCO_val2014_000000194903.jpg,photograph,NA,NA
COCO_val2014_000000043314.jpg,photograph,NA,NA
COCO_val2014_000000281500.jpg,photograph,NA,NA
COCO_val2014_000000567276.jpg,photograph,NA,NA
COCO_val2014_000000019763.jpg,photograph,NA,NA
COCO_val2014_000000050422.jpg,photograph,NA,NA
COCO_val2014_000000535312.jpg,photograph,NA,NA
COCO_val2014_000000317798.jpg,photograph,NA,NA
COCO_val2014_000000468162.jpg,photograph,NA,NA
COCO_val2014_000000198625.jpg,photograph,NA,NA
COCO_val2014_000000044934.jpg,photograph,NA,NA
COCO_val2014_000000572850.jpg,photograph,NA,NA
COCO_val2014_000000391269.jpg,photograph,NA,NA
COCO_val2014_000000093670.jpg,photograph,NA,NA
COCO_val2014_000000427965.jpg,photograph,NA,NA
COCO_val2014_000000134807.jpg,photograph,NA,NA
COCO_val2014_000000483358.jpg,photograph,NA,NA
COCO_val2014_000000423113.jpg,photograph,NA,NA
COCO_val2014_000000485212.jpg,photograph,NA,NA
COCO_val2014_000000199442.jpg,photograph,NA,NA
COCO_val2014_000000140076.jpg,photograph,NA,NA
COCO_val2014_000000290477.jpg,photograph,NA,NA
COCO_val2014_000000213224.jpg,photograph,NA,NA
COCO_val2014_000000166401.jpg,photograph,NA,NA
COCO_val2014_000000515792.jpg,photograph,NA,NA
COCO_val2014_000000289620.jpg,photograph,NA,NA
COCO_val2014_000000536416.jpg,photograph,NA,NA
COCO_val2014_000000566049.jpg,photograph,NA,NA
COCO_val2014_000000460732.jpg,photograph,NA,NA
COCO_val2014_000000014592.jpg,photograph,NA,NA
COCO_val2014_000000360318.jpg,photograph,NA,NA
COCO_val2014_000000045387.jpg,photograph,NA,NA
COCO_val2014_000000391199.jpg,photograph,NA,NA
COCO_val2014_000000297578.jpg,photograph,NA,NA
COCO_val2014_000000386089.jpg,photograph,NA,NA
COCO_val2014_000000059567.jpg,photograph,NA,NA
COCO_val2014_000000159716.jpg,photograph,NA,NA
COCO_val2014_000000334417.jpg,photograph,NA,NA
COCO_val2014_000000558640.jpg,photograph,NA,NA
COCO_val2014_000000473237.jpg,photograph,NA,NA
COCO_val2014_000000214919.jpg,photograph,NA,NA
COCO_val2014_000000553667.jpg,photograph,NA,NA
COCO_val2014_000000256660.jpg,photograph,NA,NA
COCO_val2014_000000359105.jpg,photograph,NA,NA
COCO_val2014_000000271177.jpg,photograph,NA,NA
COCO_val2014_000000142537.jpg,photograph,NA,NA
COCO_val2014_000000566249.jpg,photograph,NA,NA
COCO_val2014_000000264121.jpg,photograph,NA,NA
COCO_val2014_000000068740.jpg,photograph,NA,NA
COCO_val2014_000000483941.jpg,photograph,NA,NA
COCO_val2014_000000453390.jpg,photograph,NA,NA
COCO_val2014_000000359843.jpg,photograph,NA,NA
COCO_val2014_000000001347.jpg,photograph,NA,NA
COCO_val2014_000000402623.jpg,photograph,NA,NA
COCO_val2014_000000383322.jpg,photograph,NA,NA
COCO_val2014_000000392320.jpg,photograph,NA,NA
COCO_val2014_000000048475.jpg,photograph,NA,NA
COCO_val2014_000000117352.jpg,photograph,NA,NA
COCO_val2014_000000359947.jpg,photograph,NA,NA
COCO_val2014_000000389340.jpg,photograph,NA,NA
COCO_val2014_000000182849.jpg,photograph,NA,NA
COCO_val2014_000000256180.jpg,photograph,NA,NA
COCO_val2014_000000125539.jpg,photograph,NA,NA
COCO_val2014_000000151896.jpg,photograph,NA,NA
COCO_val2014_000000532671.jpg,photograph,NA,NA
COCO_val2014_000000047882.jpg,photograph,NA,NA
COCO_val2014_000000212688.jpg,photograph,NA,NA
COCO_val2014_000000579970.jpg,photograph,NA,NA
COCO_val2014_000000571804.jpg,photograph,NA,NA
COCO_val2014_000000426611.jpg,photograph,NA,NA
COCO_val2014_000000006460.jpg,photograph,NA,NA
COCO_val2014_000000061897.jpg,photograph,NA,NA
COCO_val2014_000000050431.jpg,photograph,NA,NA
COCO_val2014_000000566543.jpg,photograph,NA,NA
COCO_val2014_000000455299.jpg,photograph,NA,NA
COCO_val2014_000000046378.jpg,photograph,NA,NA
COCO_val2014_000000373341.jpg,photograph,NA,NA
COCO_val2014_000000171601.jpg,photograph,NA,NA
COCO_val2014_000000231402.jpg,photograph,NA,NA
COCO_val2014_000000213359.jpg,photograph,NA,NA
COCO_val2014_000000547013.jpg,photograph,NA,NA
COCO_val2014_000000293026.jpg,photograph,NA,NA
COCO_val2014_000000081251.jpg,photograph,NA,NA
COCO_val2014_000000231364.jpg,photograph,NA,NA
COCO_val2014_000000366931.jpg,photograph,NA,NA
COCO_val2014_000000128417.jpg,photograph,NA,NA
COCO_val2014_000000090501.jpg,photograph,NA,NA
COCO_val2014_000000205513.jpg,photograph,NA,NA
COCO_val2014_000000426542.jpg,photograph,NA,NA
COCO_val2014_000000180539.jpg,photograph,NA,NA
COCO_val2014_000000298933.jpg,photograph,NA,NA
COCO_val2014_000000140963.jpg,photograph,NA,NA
COCO_val2014_000000432378.jpg,photograph,NA,NA
COCO_val2014_000000261999.jpg,photograph,NA,NA
COCO_val2014_000000143247.jpg,photograph,NA,NA
COCO_val2014_000000350675.jpg,photograph,NA,NA
COCO_val2014_000000281123.jpg,photograph,NA,NA
COCO_val2014_000000250893.jpg,photograph,NA,NA
COCO_val2014_000000129065.jpg,photograph,NA,NA
COCO_val2014_000000544538.jpg,photograph,NA,NA
COCO_val2014_000000575896.jpg,photograph,NA,NA
COCO_val2014_000000017534.jpg,photograph,NA,NA
COCO_val2014_000000548246.jpg,photograph,NA,NA
COCO_val2014_000000216695.jpg,photograph,NA,NA
COCO_val2014_000000102741.jpg,photograph,NA,NA
COCO_val2014_000000377012.jpg,photograph,NA,NA
COCO_val2014_000000363581.jpg,photograph,NA,NA
COCO_val2014_000000528011.jpg,photograph,NA,NA
COCO_val2014_000000162675.jpg,photograph,NA,NA
COCO_val2014_000000058758.jpg,photograph,NA,NA
COCO_val2014_000000044860.jpg,photograph,NA,NA
COCO_val2014_000000534081.jpg,photograph,NA,NA
COCO_val2014_000000095516.jpg,photograph,NA,NA
COCO_val2014_000000071826.jpg,photograph,NA,NA
COCO_val2014_000000386967.jpg,photograph,NA,NA
COCO_val2014_000000234660.jpg,photograph,NA,NA
COCO_val2014_000000387850.jpg,photograph,NA,NA
COCO_val2014_000000034056.jpg,photograph,NA,NA
COCO_val2014_000000378825.jpg,photograph,NA,NA
COCO_val2014_000000356967.jpg,photograph,NA,NA
COCO_val2014_000000307026.jpg,photograph,NA,NA
COCO_val2014_000000413704.jpg,photograph,NA,NA
COCO_val2014_000000237558.jpg,photograph,NA,NA
COCO_val2014_000000071306.jpg,photograph,NA,NA
COCO_val2014_000000067686.jpg,photograph,NA,NA
COCO_val2014_000000315178.jpg,photograph,NA,NA
COCO_val2014_000000409251.jpg,photograph,NA,NA
COCO_val2014_000000145199.jpg,photograph,NA,NA
COCO_val2014_000000288591.jpg,photograph,NA,NA
COCO_val2014_000000155912.jpg,photograph,NA,NA
COCO_val2014_000000223362.jpg,photograph,NA,NA
COCO_val2014_000000182240.jpg,photograph,NA,NA
COCO_val2014_000000415746.jpg,photograph,NA,NA
COCO_val2014_000000225609.jpg,photograph,NA,NA
COCO_val2014_000000071072.jpg,photograph,NA,NA
COCO_val2014_000000023575.jpg,photograph,NA,NA
COCO_val2014_000000054712.jpg,photograph,NA,NA
COCO_val2014_000000383921.jpg,photograph,NA,NA
COCO_val2014_000000233711.jpg,photograph,NA,NA
COCO_val2014_000000556073.jpg,photograph,NA,NA
COCO_val2014_000000272630.jpg,photograph,NA,NA
COCO_val2014_000000021198.jpg,photograph,NA,NA
COCO_val2014_000000304355.jpg,photograph,NA,NA
COCO_val2014_000000010613.jpg,photograph,NA,NA
COCO_val2014_000000190585.jpg,photograph,NA,NA
COCO_val2014_000000285742.jpg,photograph,NA,NA
COCO_val2014_000000245497.jpg,photograph,NA,NA
COCO_val2014_000000058849.jpg,photograph,NA,NA
COCO_val2014_000000468885.jpg,photograph,NA,NA
COCO_val2014_000000388974.jpg,photograph,NA,NA
COCO_val2014_000000462006.jpg,photograph,NA,NA
COCO_val2014_000000023879.jpg,photograph,NA,NA
COCO_val2014_000000468577.jpg,photograph,NA,NA
COCO_val2014_000000379402.jpg,photograph,NA,NA
COCO_val2014_000000487861.jpg,photograph,NA,NA
COCO_val2014_000000230598.jpg,photograph,NA,NA
COCO_val2014_000000146126.jpg,photograph,NA,NA
COCO_val2014_000000178028.jpg,photograph,NA,NA
COCO_val2014_000000121326.jpg,photograph,NA,NA
COCO_val2014_000000449403.jpg,photograph,NA,NA
COCO_val2014_000000269033.jpg,photograph,NA,NA
COCO_val2014_000000043816.jpg,photograph,NA,NA
COCO_val2014_000000347768.jpg,photograph,NA,NA
COCO_val2014_000000045685.jpg,photograph,NA,NA
COCO_val2014_000000082821.jpg,photograph,NA,NA
COCO_val2014_000000511307.jpg,photograph,NA,NA
COCO_val2014_000000453104.jpg,photograph,NA,NA
COCO_val2014_000000011340.jpg,photograph,NA,NA
COCO_val2014_000000552247.jpg,photograph,NA,NA
COCO_val2014_000000272440.jpg,photograph,NA,NA
COCO_val2014_000000537145.jpg,photograph,NA,NA
COCO_val2014_000000555002.jpg,photograph,NA,NA
COCO_val2014_000000127182.jpg,photograph,NA,NA
COCO_val2014_000000344795.jpg,photograph,NA,NA
COCO_val2014_000000148392.jpg,photograph,NA,NA
COCO_val2014_000000381021.jpg,photograph,NA,NA
COCO_val2014_000000011511.jpg,photograph,NA,NA
COCO_val2014_000000093959.jpg,photograph,NA,NA
COCO_val2014_000000244754.jpg,photograph,NA,NA
COCO_val2014_000000352652.jpg,photograph,NA,NA
COCO_val2014_000000082994.jpg,photograph,NA,NA
COCO_val2014_000000242379.jpg,photograph,NA,NA
COCO_val2014_000000255633.jpg,photograph,NA,NA
COCO_val2014_000000302260.jpg,photograph,NA,NA
COCO_val2014_000000493641.jpg,photograph,NA,NA
COCO_val2014_000000551910.jpg,photograph,NA,NA
COCO_val2014_000000438373.jpg,photograph,NA,NA
COCO_val2014_000000557780.jpg,photograph,NA,NA
COCO_val2014_000000015032.jpg,photograph,NA,NA
COCO_val2014_000000310770.jpg,photograph,NA,NA
COCO_val2014_000000412373.jpg,photograph,NA,NA
COCO_val2014_000000231952.jpg,photograph,NA,NA
COCO_val2014_000000432962.jpg,photograph,NA,NA
COCO_val2014_000000180490.jpg,photograph,NA,NA
COCO_val2014_000000409303.jpg,photograph,NA,NA
COCO_val2014_000000346788.jpg,photograph,NA,NA
COCO_val2014_000000270376.jpg,photograph,NA,NA
COCO_val2014_000000075783.jpg,photograph,NA,NA
COCO_val2014_000000254828.jpg,photograph,NA,NA
COCO_val2014_000000190218.jpg,photograph,NA,NA
COCO_val2014_000000561766.jpg,photograph,NA,NA
COCO_val2014_000000294776.jpg,photograph,NA,NA
COCO_val2014_000000374743.jpg,photograph,NA,NA
COCO_val2014_000000009262.jpg,photograph,NA,NA
COCO_val2014_000000359451.jpg,photograph,NA,NA
COCO_val2014_000000388487.jpg,photograph,NA,NA
COCO_val2014_000000354606.jpg,photograph,NA,NA
COCO_val2014_000000475906.jpg,photograph,NA,NA
COCO_val2014_000000067427.jpg,photograph,NA,NA
COCO_val2014_000000191013.jpg,photograph,NA,NA
COCO_val2014_000000528311.jpg,photograph,NA,NA
COCO_val2014_000000471858.jpg,photograph,NA,NA
COCO_val2014_000000448275.jpg,photograph,NA,NA
COCO_val2014_000000227479.jpg,photograph,NA,NA
COCO_val2014_000000488086.jpg,photograph,NA,NA
COCO_val2014_000000417455.jpg,photograph,NA,NA
COCO_val2014_000000323602.jpg,photograph,NA,NA
COCO_val2014_000000013943.jpg,photograph,NA,NA
COCO_val2014_000000020571.jpg,photograph,NA,NA
COCO_val2014_000000551533.jpg,photograph,NA,NA
COCO_val2014_000000182784.jpg,photograph,NA,NA
COCO_val2014_000000543577.jpg,photograph,NA,NA
COCO_val2014_000000556000.jpg,photograph,NA,NA
COCO_val2014_000000516415.jpg,photograph,NA,NA
COCO_val2014_000000192838.jpg,photograph,NA,NA
COCO_val2014_000000021879.jpg,photograph,NA,NA
COCO_val2014_000000391222.jpg,photograph,NA,NA
COCO_val2014_000000508370.jpg,photograph,NA,NA
COCO_val2014_000000006471.jpg,photograph,NA,NA
COCO_val2014_000000174888.jpg,photograph,NA,NA
COCO_val2014_000000096034.jpg,photograph,NA,NA
COCO_val2014_000000235808.jpg,photograph,NA,NA
COCO_val2014_000000417193.jpg,photograph,NA,NA
COCO_val2014_000000213008.jpg,photograph,NA,NA
COCO_val2014_000000233119.jpg,photograph,NA,NA
COCO_val2014_000000250301.jpg,photograph,NA,NA
COCO_val2014_000000211177.jpg,photograph,NA,NA
COCO_val2014_000000246478.jpg,photograph,NA,NA
COCO_val2014_000000058949.jpg,photograph,NA,NA
COCO_val2014_000000080974.jpg,photograph,NA,NA
COCO_val2014_000000293166.jpg,photograph,NA,NA
COCO_val2014_000000577840.jpg,photograph,NA,NA
COCO_val2014_000000404476.jpg,photograph,NA,NA
COCO_val2014_000000293891.jpg,photograph,NA,NA
COCO_val2014_000000198234.jpg,photograph,NA,NA
COCO_val2014_000000133836.jpg,photograph,NA,NA
COCO_val2014_000000186472.jpg,photograph,NA,NA
COCO_val2014_000000448786.jpg,photograph,NA,NA
COCO_val2014_000000557672.jpg,photograph,NA,NA
COCO_val2014_000000207937.jpg,photograph,NA,NA
COCO_val2014_000000456239.jpg,photograph,NA,NA
COCO_val2014_000000385669.jpg,photograph,NA,NA
COCO_val2014_000000066523.jpg,photograph,NA,NA
COCO_val2014_000000161854.jpg,photograph,NA,NA
COCO_val2014_000000081469.jpg,photograph,NA,NA
COCO_val2014_000000134199.jpg,photograph,NA,NA
COCO_val2014_000000296433.jpg,photograph,NA,NA
COCO_val2014_000000065465.jpg,photograph,NA,NA
COCO_val2014_000000522880.jpg,photograph,NA,NA
COCO_val2014_000000498650.jpg,photograph,NA,NA
COCO_val2014_000000542163.jpg,photograph,NA,NA
COCO_val2014_000000278973.jpg,photograph,NA,NA
COCO_val2014_000000326420.jpg,photograph,NA,NA
COCO_val2014_000000358763.jpg,photograph,NA,NA
COCO_val2014_000000579548.jpg,photograph,NA,NA
COCO_val2014_000000281376.jpg,photograph,NA,NA
COCO_val2014_000000499842.jpg,photograph,NA,NA
COCO_val2014_000000413779.jpg,photograph,NA,NA
COCO_val2014_000000575428.jpg,photograph,NA,NA
COCO_val2014_000000412094.jpg,photograph,NA,NA
COCO_val2014_000000495349.jpg,photograph,NA,NA
COCO_val2014_000000240158.jpg,photograph,NA,NA
COCO_val2014_000000236189.jpg,photograph,NA,NA
COCO_val2014_000000328238.jpg,photograph,NA,NA
COCO_val2014_000000401244.jpg,photograph,NA,NA
COCO_val2014_000000263664.jpg,photograph,NA,NA
COCO_val2014_000000352476.jpg,photograph,NA,NA
COCO_val2014_000000005535.jpg,photograph,NA,NA
COCO_val2014_000000320872.jpg,photograph,NA,NA
COCO_val2014_000000307172.jpg,photograph,NA,NA
COCO_val2014_000000360393.jpg,photograph,NA,NA
COCO_val2014_000000116208.jpg,photograph,NA,NA
COCO_val2014_000000402588.jpg,photograph,NA,NA
COCO_val2014_000000203539.jpg,photograph,NA,NA
COCO_val2014_000000169198.jpg,photograph,NA,NA
COCO_val2014_000000217303.jpg,photograph,NA,NA
COCO_val2014_000000515485.jpg,photograph,NA,NA
COCO_val2014_000000392990.jpg,photograph,NA,NA
COCO_val2014_000000010216.jpg,photograph,NA,NA
COCO_val2014_000000099553.jpg,photograph,NA,NA
COCO_val2014_000000192607.jpg,photograph,NA,NA
COCO_val2014_000000159223.jpg,photograph,NA,NA
COCO_val2014_000000342770.jpg,photograph,NA,NA
COCO_val2014_000000517318.jpg,photograph,NA,NA
COCO_val2014_000000556369.jpg,photograph,NA,NA
COCO_val2014_000000046327.jpg,photograph,NA,NA
COCO_val2014_000000377361.jpg,photograph,NA,NA
COCO_val2014_000000023489.jpg,photograph,NA,NA
COCO_val2014_000000020470.jpg,photograph,NA,NA
COCO_val2014_000000107306.jpg,photograph,NA,NA
COCO_val2014_000000265372.jpg,photograph,NA,NA
COCO_val2014_000000307967.jpg,photograph,NA,NA
COCO_val2014_000000417857.jpg,photograph,NA,NA
COCO_val2014_000000072075.jpg,photograph,NA,NA
COCO_val2014_000000166696.jpg,photograph,NA,NA
COCO_val2014_000000017179.jpg,photograph,NA,NA
COCO_val2014_000000289523.jpg,photograph,NA,NA
COCO_val2014_000000384204.jpg,photograph,NA,NA
COCO_val2014_000000386457.jpg,photograph,NA,NA
COCO_val2014_000000157390.jpg,photograph,NA,NA
COCO_val2014_000000442106.jpg,photograph,NA,NA
COCO_val2014_000000493206.jpg,photograph,NA,NA
COCO_val2014_000000394259.jpg,photograph,NA,NA
COCO_val2014_000000087561.jpg,photograph,NA,NA
COCO_val2014_000000355418.jpg,photograph,NA,NA
COCO_val2014_000000206958.jpg,photograph,NA,NA
COCO_val2014_000000098895.jpg,photograph,NA,NA
COCO_val2014_000000554302.jpg,photograph,NA,NA
COCO_val2014_000000435384.jpg,photograph,NA,NA
COCO_val2014_000000057353.jpg,photograph,NA,NA
COCO_val2014_000000272566.jpg,photograph,NA,NA
COCO_val2014_000000135578.jpg,photograph,NA,NA
COCO_val2014_000000008876.jpg,photograph,NA,NA
COCO_val2014_000000521357.jpg,photograph,NA,NA
COCO_val2014_000000126429.jpg,photograph,NA,NA
COCO_val2014_000000557644.jpg,photograph,NA,NA
COCO_val2014_000000271844.jpg,photograph,NA,NA
COCO_val2014_000000344762.jpg,photograph,NA,NA
COCO_val2014_000000032391.jpg,photograph,NA,NA
COCO_val2014_000000132682.jpg,photograph,NA,NA
COCO_val2014_000000167477.jpg,photograph,NA,NA
COCO_val2014_000000572399.jpg,photograph,NA,NA
COCO_val2014_000000011727.jpg,photograph,NA,NA
COCO_val2014_000000092700.jpg,photograph,NA,NA
COCO_val2014_000000233968.jpg,photograph,NA,NA
COCO_val2014_000000452218.jpg,photograph,NA,NA
COCO_val2014_000000195829.jpg,photograph,NA,NA
COCO_val2014_000000260182.jpg,photograph,NA,NA
COCO_val2014_000000181249.jpg,photograph,NA,NA
COCO_val2014_000000204360.jpg,photograph,NA,NA
COCO_val2014_000000072050.jpg,photograph,NA,NA
page2-136,tangram,NA,NA
page7-79,tangram,NA,NA
page6-52,tangram,NA,NA
page8-248,tangram,NA,NA
page6-206,tangram,NA,NA
page2-100,tangram,NA,NA
page9-40,tangram,NA,NA
page6-160,tangram,NA,NA
page5-139,tangram,NA,NA
page7-40,tangram,NA,NA
page6-155,tangram,NA,NA
page6-109,tangram,NA,NA
page5-71,tangram,NA,NA
page5-65,tangram,NA,NA
page7-166,tangram,NA,NA
page7-20,tangram,NA,NA
page4-11,tangram,NA,NA
page8-169,tangram,NA,NA
page2-140,tangram,NA,NA
page5-153,tangram,NA,NA
page9-39,tangram,NA,NA
page1-95,tangram,NA,NA
page5-86,tangram,NA,NA
page7-107,tangram,NA,NA
page2-34,tangram,NA,NA
page6-122,tangram,NA,NA
page3-52,tangram,NA,NA
page3-70,tangram,NA,NA
page1-133,tangram,NA,NA
page7-125,tangram,NA,NA
page5-121,tangram,NA,NA
page8-21,tangram,NA,NA
page3-201,tangram,NA,NA
page7-81,tangram,NA,NA
page7-44,tangram,NA,NA
page8-183,tangram,NA,NA
page6-1,tangram,NA,NA
page7-116,tangram,NA,NA
page1-117,tangram,NA,NA
page3-33,tangram,NA,NA
page1-30,tangram,NA,NA
page7-226,tangram,NA,NA
page7-53,tangram,NA,NA
page8-58,tangram,NA,NA
page5-85,tangram,NA,NA
page7-225,tangram,NA,NA
page8-246,tangram,NA,NA
page2-133,tangram,NA,NA
page7-115,tangram,NA,NA
page5-56,tangram,NA,NA
page7-126,tangram,NA,NA
page5-40,tangram,NA,NA
page2-16,tangram,NA,NA
page7-177,tangram,NA,NA
page5-45,tangram,NA,NA
page1-186,tangram,NA,NA
page6-185,tangram,NA,NA
page6-23,tangram,NA,NA
page5-63,tangram,NA,NA
page1-150,tangram,NA,NA
page8-206,tangram,NA,NA
page7-36,tangram,NA,NA
page4-142,tangram,NA,NA
page6-124,tangram,NA,NA
page5-36,tangram,NA,NA
page3-12,tangram,NA,NA
page6-208,tangram,NA,NA
page5-232,tangram,NA,NA
page5-84,tangram,NA,NA
page5-26,tangram,NA,NA
page6-71,tangram,NA,NA
page7-41,tangram,NA,NA
page2-86,tangram,NA,NA
page8-234,tangram,NA,NA
page7-186,tangram,NA,NA
page4-98,tangram,NA,NA
page1-48,tangram,NA,NA
page5-101,tangram,NA,NA
page8-156,tangram,NA,NA
page4-180,tangram,NA,NA
page8-159,tangram,NA,NA
page4-195,tangram,NA,NA
page6-135,tangram,NA,NA
page4-128,tangram,NA,NA
page6-186,tangram,NA,NA
page6-219,tangram,NA,NA
page6-21,tangram,NA,NA
page6-226,tangram,NA,NA
page7-15,tangram,NA,NA
page4-232,tangram,NA,NA
page3-66,tangram,NA,NA
page6-204,tangram,NA,NA
page7-145,tangram,NA,NA
page6-162,tangram,NA,NA
page7-73,tangram,NA,NA
page4-241,tangram,NA,NA
page5-66,tangram,NA,NA
page5-96,tangram,NA,NA
page8-192,tangram,NA,NA
page2-131,tangram,NA,NA
page4-96,tangram,NA,NA
page7-55,tangram,NA,NA
page8-38,tangram,NA,NA
page2-20,tangram,NA,NA
page7-202,tangram,NA,NA
page7-113,tangram,NA,NA
page7-29,tangram,NA,NA
page6-167,tangram,NA,NA
page2-36,tangram,NA,NA
page1-132,tangram,NA,NA
page1-77,tangram,NA,NA
page1-172,tangram,NA,NA
page1-185,tangram,NA,NA
page7-203,tangram,NA,NA
page3-61,tangram,NA,NA
page7-127,tangram,NA,NA
page5-165,tangram,NA,NA
page5-80,tangram,NA,NA
page3-139,tangram,NA,NA
page8-247,tangram,NA,NA
page6-121,tangram,NA,NA
page6-171,tangram,NA,NA
page6-245,tangram,NA,NA
page4-190,tangram,NA,NA
page6-166,tangram,NA,NA
page6-196,tangram,NA,NA
page7-216,tangram,NA,NA
page4-5,tangram,NA,NA
page4-244,tangram,NA,NA
page2-165,tangram,NA,NA
page5-154,tangram,NA,NA
page7-157,tangram,NA,NA
page8-182,tangram,NA,NA
page5-155,tangram,NA,NA
page6-228,tangram,NA,NA
page7-22,tangram,NA,NA
page4-197,tangram,NA,NA
page1-175,tangram,NA,NA
page6-107,tangram,NA,NA
page6-175,tangram,NA,NA
page2-85,tangram,NA,NA
page4-155,tangram,NA,NA
page5-102,tangram,NA,NA
page5-128,tangram,NA,NA
page8-56,tangram,NA,NA
page8-54,tangram,NA,NA
page1-34,tangram,NA,NA
page1-107,tangram,NA,NA
page8-18,tangram,NA,NA
page7-217,tangram,NA,NA
page5-75,tangram,NA,NA
page8-22,tangram,NA,NA
page1-149,tangram,NA,NA
page7-35,tangram,NA,NA
page7-144,tangram,NA,NA
page5-213,tangram,NA,NA
page9-23,tangram,NA,NA
page2-114,tangram,NA,NA
page7-10,tangram,NA,NA
page7-191,tangram,NA,NA
page7-4,tangram,NA,NA
page5-188,tangram,NA,NA
page8-166,tangram,NA,NA
page9-32,tangram,NA,NA
page9-25,tangram,NA,NA
page6-31,tangram,NA,NA
page9-34,tangram,NA,NA
page3-59,tangram,NA,NA
page8-221,tangram,NA,NA
page3-21,tangram,NA,NA
page7-117,tangram,NA,NA
page7-155,tangram,NA,NA
page8-215,tangram,NA,NA
page5-120,tangram,NA,NA
page3-163,tangram,NA,NA
page8-176,tangram,NA,NA
page1-128,tangram,NA,NA
page2-64,tangram,NA,NA
page1-97,tangram,NA,NA
page5-233,tangram,NA,NA
page2-190,tangram,NA,NA
page6-192,tangram,NA,NA
page6-123,tangram,NA,NA
page3-207,tangram,NA,NA
page4-108,tangram,NA,NA
page6-53,tangram,NA,NA
page5-190,tangram,NA,NA
page8-217,tangram,NA,NA
page3-200,tangram,NA,NA
page5-174,tangram,NA,NA
page3-205,tangram,NA,NA
page5-107,tangram,NA,NA
page9-38,tangram,NA,NA
page5-235,tangram,NA,NA
page8-180,tangram,NA,NA
page1-22,tangram,NA,NA
page4-97,tangram,NA,NA
page8-222,tangram,NA,NA
page5-168,tangram,NA,NA
page7-148,tangram,NA,NA
page1-129,tangram,NA,NA
page5-143,tangram,NA,NA
page4-15,tangram,NA,NA
page3-26,tangram,NA,NA
page5-58,tangram,NA,NA
page3-168,tangram,NA,NA
page4-16,tangram,NA,NA
page8-199,tangram,NA,NA
page4-247,tangram,NA,NA
page2-166,tangram,NA,NA
page7-234,tangram,NA,NA
page5-89,tangram,NA,NA
page3-24,tangram,NA,NA
page8-216,tangram,NA,NA
page8-63,tangram,NA,NA
page1-82,tangram,NA,NA
page1-125,tangram,NA,NA
page3-99,tangram,NA,NA
page7-105,tangram,NA,NA
page6-198,tangram,NA,NA
page5-122,tangram,NA,NA
page7-109,tangram,NA,NA
page5-37,tangram,NA,NA
page3-189,tangram,NA,NA
page8-43,tangram,NA,NA
page3-193,tangram,NA,NA
page6-181,tangram,NA,NA
page4-93,tangram,NA,NA
page7-251,tangram,NA,NA
page7-198,tangram,NA,NA
page3-56,tangram,NA,NA
page2-159,tangram,NA,NA
page8-129,tangram,NA,NA
page2-26,tangram,NA,NA
page3-187,tangram,NA,NA
page1-79,tangram,NA,NA
page3-110,tangram,NA,NA
page1-113,tangram,NA,NA
page1-148,tangram,NA,NA
page6-117,tangram,NA,NA
page7-244,tangram,NA,NA
page8-210,tangram,NA,NA
page4-150,tangram,NA,NA
page4-19,tangram,NA,NA
page4-176,tangram,NA,NA
page6-205,tangram,NA,NA
page4-237,tangram,NA,NA
page2-189,tangram,NA,NA
page3-40,tangram,NA,NA
page4-103,tangram,NA,NA
page5-193,tangram,NA,NA
page5-184,tangram,NA,NA
page4-127,tangram,NA,NA
page2-152,tangram,NA,NA
page3-120,tangram,NA,NA
page5-134,tangram,NA,NA
page6-113,tangram,NA,NA
page4-229,tangram,NA,NA
page1-116,tangram,NA,NA
page9-46,tangram,NA,NA
page1-16,tangram,NA,NA
page1-66,tangram,NA,NA
page1-72,tangram,NA,NA
page6-92,tangram,NA,NA
page5-135,tangram,NA,NA
page2-24,tangram,NA,NA
page9-36,tangram,NA,NA
page6-179,tangram,NA,NA
page2-157,tangram,NA,NA
page5-81,tangram,NA,NA
page7-92,tangram,NA,NA
page7-106,tangram,NA,NA
page1-25,tangram,NA,NA
page7-179,tangram,NA,NA
page8-148,tangram,NA,NA
page3-198,tangram,NA,NA
page5-145,tangram,NA,NA
page1-14,tangram,NA,NA
page7-17,tangram,NA,NA
page7-76,tangram,NA,NA
page2-112,tangram,NA,NA
page6-176,tangram,NA,NA
page5-106,tangram,NA,NA
page7-32,tangram,NA,NA
page5-198,tangram,NA,NA
page7-132,tangram,NA,NA
page6-168,tangram,NA,NA
page6-143,tangram,NA,NA
page8-164,tangram,NA,NA
page6-159,tangram,NA,NA
page7-59,tangram,NA,NA
page4-92,tangram,NA,NA
page4-157,tangram,NA,NA
page2-48,tangram,NA,NA
page5-123,tangram,NA,NA
page6-24,tangram,NA,NA
page4-25,tangram,NA,NA
page7-147,tangram,NA,NA
page2-174,tangram,NA,NA
page8-236,tangram,NA,NA
page2-191,tangram,NA,NA
page7-161,tangram,NA,NA
page4-203,tangram,NA,NA
page2-49,tangram,NA,NA
page7-69,tangram,NA,NA
page5-239,tangram,NA,NA
page2-113,tangram,NA,NA
page7-195,tangram,NA,NA
page3-38,tangram,NA,NA
page9-31,tangram,NA,NA
page4-249,tangram,NA,NA
page2-103,tangram,NA,NA
page8-65,tangram,NA,NA
page1-73,tangram,NA,NA
page1-59,tangram,NA,NA
page4-135,tangram,NA,NA
page3-95,tangram,NA,NA
page7-58,tangram,NA,NA
page2-155,tangram,NA,NA
page7-135,tangram,NA,NA
page2-19,tangram,NA,NA
page1-31,tangram,NA,NA
page8-249,tangram,NA,NA
page7-52,tangram,NA,NA
page3-143,tangram,NA,NA
page5-220,tangram,NA,NA
page2-54,tangram,NA,NA
page4-59,tangram,NA,NA
page2-32,tangram,NA,NA
page7-154,tangram,NA,NA
page3-44,tangram,NA,NA
page1-122,tangram,NA,NA
page6-73,tangram,NA,NA
page8-207,tangram,NA,NA
page1-168,tangram,NA,NA
page8-153,tangram,NA,NA
page9-14,tangram,NA,NA
page7-180,tangram,NA,NA
page1-90,tangram,NA,NA
page4-156,tangram,NA,NA
page9-22,tangram,NA,NA
page8-235,tangram,NA,NA
page7-80,tangram,NA,NA
page4-164,tangram,NA,NA
page7-102,tangram,NA,NA
page2-72,tangram,NA,NA
page4-89,tangram,NA,NA
page6-177,tangram,NA,NA
page6-94,tangram,NA,NA
page6-210,tangram,NA,NA
page7-252,tangram,NA,NA
page3-3,tangram,NA,NA
page2-145,tangram,NA,NA
page8-77,tangram,NA,NA
page8-2,tangram,NA,NA
page1-29,tangram,NA,NA
page2-88,tangram,NA,NA
page5-74,tangram,NA,NA
page4-118,tangram,NA,NA
page3-32,tangram,NA,NA
page4-34,tangram,NA,NA
page2-105,tangram,NA,NA
page6-82,tangram,NA,NA
page4-194,tangram,NA,NA
page8-11,tangram,NA,NA
page2-47,tangram,NA,NA
page1-142,tangram,NA,NA
page5-132,tangram,NA,NA
page5-94,tangram,NA,NA
page5-182,tangram,NA,NA
page8-39,tangram,NA,NA
page2-129,tangram,NA,NA
page2-67,tangram,NA,NA
page3-23,tangram,NA,NA
page6-240,tangram,NA,NA
page7-16,tangram,NA,NA
page5-57,tangram,NA,NA
page7-65,tangram,NA,NA
page7-86,tangram,NA,NA
page1-171,tangram,NA,NA
page4-60,tangram,NA,NA
page4-130,tangram,NA,NA
page5-136,tangram,NA,NA
page1-5,tangram,NA,NA
page7-30,tangram,NA,NA
page7-13,tangram,NA,NA
page7-84,tangram,NA,NA
page4-220,tangram,NA,NA
page3-170,tangram,NA,NA
page7-57,tangram,NA,NA
page9-17,tangram,NA,NA
page7-219,tangram,NA,NA
page2-65,tangram,NA,NA
page7-28,tangram,NA,NA
page4-140,tangram,NA,NA
page5-246,tangram,NA,NA
page9-27,tangram,NA,NA
page1-75,tangram,NA,NA
page8-188,tangram,NA,NA
page7-184,tangram,NA,NA
page4-204,tangram,NA,NA
page4-239,tangram,NA,NA
page1-63,tangram,NA,NA
page1-103,tangram,NA,NA
page5-151,tangram,NA,NA
page7-39,tangram,NA,NA
page3-57,tangram,NA,NA
page7-196,tangram,NA,NA
page5-38,tangram,NA,NA
page4-148,tangram,NA,NA
page1-165,tangram,NA,NA
page2-187,tangram,NA,NA
page8-204,tangram,NA,NA
page8-179,tangram,NA,NA
page1-42,tangram,NA,NA
page6-114,tangram,NA,NA
page1-69,tangram,NA,NA
page8-240,tangram,NA,NA
page7-236,tangram,NA,NA
page4-169,tangram,NA,NA
page2-176,tangram,NA,NA
page6-173,tangram,NA,NA
page7-249,tangram,NA,NA
page5-18,tangram,NA,NA
page9-29,tangram,NA,NA
page4-177,tangram,NA,NA
page7-85,tangram,NA,NA
page3-128,tangram,NA,NA
page7-14,tangram,NA,NA
page2-106,tangram,NA,NA
page6-105,tangram,NA,NA
page3-60,tangram,NA,NA
page7-209,tangram,NA,NA
page1-156,tangram,NA,NA
page4-9,tangram,NA,NA
page7-88,tangram,NA,NA
page3-191,tangram,NA,NA
page2-21,tangram,NA,NA
page4-193,tangram,NA,NA
page6-80,tangram,NA,NA
page7-185,tangram,NA,NA
page3-31,tangram,NA,NA
page7-246,tangram,NA,NA
page9-30,tangram,NA,NA
page7-111,tangram,NA,NA
page2-17,tangram,NA,NA
page1-183,tangram,NA,NA
page3-123,tangram,NA,NA
page5-187,tangram,NA,NA
page3-29,tangram,NA,NA
page6-38,tangram,NA,NA
page6-137,tangram,NA,NA
page5-178,tangram,NA,NA
page2-101,tangram,NA,NA
page6-150,tangram,NA,NA
page9-16,tangram,NA,NA
page6-106,tangram,NA,NA
page1-49,tangram,NA,NA
page9-43,tangram,NA,NA
page3-34,tangram,NA,NA
page3-133,tangram,NA,NA
page6-83,tangram,NA,NA
page2-143,tangram,NA,NA
page6-72,tangram,NA,NA
page2-188,tangram,NA,NA
page1-0,tangram,NA,NA
page5-238,tangram,NA,NA
page1-96,tangram,NA,NA
page8-118,tangram,NA,NA
page3-47,tangram,NA,NA
page5-229,tangram,NA,NA
page8-147,tangram,NA,NA
page4-192,tangram,NA,NA
page6-158,tangram,NA,NA
page6-140,tangram,NA,NA
page5-0,tangram,NA,NA
page5-157,tangram,NA,NA
page6-28,tangram,NA,NA
page3-203,tangram,NA,NA
page6-138,tangram,NA,NA
page6-199,tangram,NA,NA
page6-43,tangram,NA,NA
page3-130,tangram,NA,NA
page6-164,tangram,NA,NA
page5-105,tangram,NA,NA
page7-156,tangram,NA,NA
page7-245,tangram,NA,NA
page7-224,tangram,NA,NA
page7-130,tangram,NA,NA
page7-149,tangram,NA,NA
page5-59,tangram,NA,NA
page2-80,tangram,NA,NA
page7-97,tangram,NA,NA
page6-13,tangram,NA,NA
page7-169,tangram,NA,NA
page5-87,tangram,NA,NA
page7-167,tangram,NA,NA
page7-26,tangram,NA,NA
page5-138,tangram,NA,NA
page4-65,tangram,NA,NA
page9-11,tangram,NA,NA
page8-184,tangram,NA,NA
page7-112,tangram,NA,NA
page2-150,tangram,NA,NA
page1-33,tangram,NA,NA
page1-65,tangram,NA,NA
page5-31,tangram,NA,NA
page3-167,tangram,NA,NA
page6-218,tangram,NA,NA
page7-247,tangram,NA,NA
page4-95,tangram,NA,NA
page7-136,tangram,NA,NA
page7-47,tangram,NA,NA
page2-126,tangram,NA,NA
page6-60,tangram,NA,NA
page5-207,tangram,NA,NA
page4-201,tangram,NA,NA
page4-64,tangram,NA,NA
page4-3,tangram,NA,NA
page5-104,tangram,NA,NA
page4-161,tangram,NA,NA
page2-40,tangram,NA,NA
page5-160,tangram,NA,NA
page4-242,tangram,NA,NA
page7-122,tangram,NA,NA
page5-179,tangram,NA,NA
page4-165,tangram,NA,NA
page2-79,tangram,NA,NA
page7-172,tangram,NA,NA
page2-137,tangram,NA,NA
page1-105,tangram,NA,NA
page8-174,tangram,NA,NA
page3-176,tangram,NA,NA
page4-185,tangram,NA,NA
page1-57,tangram,NA,NA
page9-13,tangram,NA,NA
page1-7,tangram,NA,NA
page8-142,tangram,NA,NA
page1-88,tangram,NA,NA
page2-124,tangram,NA,NA
page1-85,tangram,NA,NA
page5-6,tangram,NA,NA
page4-166,tangram,NA,NA
page6-221,tangram,NA,NA
page4-22,tangram,NA,NA
page1-47,tangram,NA,NA
page4-233,tangram,NA,NA
page5-44,tangram,NA,NA
page9-4,tangram,NA,NA
page5-28,tangram,NA,NA
page2-148,tangram,NA,NA
page2-90,tangram,NA,NA
page2-181,tangram,NA,NA
page7-18,tangram,NA,NA
page3-45,tangram,NA,NA
page1-112,tangram,NA,NA
page3-141,tangram,NA,NA
page7-218,tangram,NA,NA
page6-207,tangram,NA,NA
page7-188,tangram,NA,NA
page8-30,tangram,NA,NA
page1-40,tangram,NA,NA
page3-8,tangram,NA,NA
page8-230,tangram,NA,NA
page1-44,tangram,NA,NA
page8-24,tangram,NA,NA
page6-224,tangram,NA,NA
page4-86,tangram,NA,NA
page6-141,tangram,NA,NA
page2-170,tangram,NA,NA
page1-130,tangram,NA,NA
page4-20,tangram,NA,NA
page2-71,tangram,NA,NA
page1-26,tangram,NA,NA
page1-83,tangram,NA,NA
page9-35,tangram,NA,NA
page1-56,tangram,NA,NA
page6-112,tangram,NA,NA
page5-175,tangram,NA,NA
page8-72,tangram,NA,NA
page2-37,tangram,NA,NA
page2-168,tangram,NA,NA
page5-49,tangram,NA,NA
page6-75,tangram,NA,NA
page5-199,tangram,NA,NA
page5-249,tangram,NA,NA
page7-95,tangram,NA,NA
page6-78,tangram,NA,NA
page1-51,tangram,NA,NA
page4-17,tangram,NA,NA
page4-202,tangram,NA,NA
page7-33,tangram,NA,NA
page6-6,tangram,NA,NA
page6-200,tangram,NA,NA
page2-23,tangram,NA,NA
page3-166,tangram,NA,NA
page1-159,tangram,NA,NA
page8-239,tangram,NA,NA
page8-202,tangram,NA,NA
page9-15,tangram,NA,NA
page3-35,tangram,NA,NA
page3-174,tangram,NA,NA
page3-86,tangram,NA,NA
page2-4,tangram,NA,NA
page4-81,tangram,NA,NA
page4-56,tangram,NA,NA
page4-235,tangram,NA,NA
page5-183,tangram,NA,NA
page5-147,tangram,NA,NA
page6-99,tangram,NA,NA
page3-206,tangram,NA,NA
page5-27,tangram,NA,NA
page4-208,tangram,NA,NA
page7-181,tangram,NA,NA
page3-71,tangram,NA,NA
page6-165,tangram,NA,NA
page2-59,tangram,NA,NA
page5-72,tangram,NA,NA
page7-253,tangram,NA,NA
page7-146,tangram,NA,NA
page4-238,tangram,NA,NA
page6-184,tangram,NA,NA
page6-231,tangram,NA,NA
page7-194,tangram,NA,NA
page8-198,tangram,NA,NA
page7-71,tangram,NA,NA
page5-200,tangram,NA,NA
page3-41,tangram,NA,NA
page5-191,tangram,NA,NA
page1-114,tangram,NA,NA
page1-13,tangram,NA,NA
page1-162,tangram,NA,NA
page8-160,tangram,NA,NA
page2-42,tangram,NA,NA
page4-248,tangram,NA,NA
page4-243,tangram,NA,NA
page2-146,tangram,NA,NA
page5-142,tangram,NA,NA
page1-54,tangram,NA,NA
page1-110,tangram,NA,NA
page8-181,tangram,NA,NA
page3-37,tangram,NA,NA
page8-8,tangram,NA,NA
page3-124,tangram,NA,NA
page3-54,tangram,NA,NA
page8-152,tangram,NA,NA
page7-101,tangram,NA,NA
page7-242,tangram,NA,NA
page3-69,tangram,NA,NA
page3-101,tangram,NA,NA
page3-20,tangram,NA,NA
page5-176,tangram,NA,NA
page6-16,tangram,NA,NA
page7-96,tangram,NA,NA
page7-164,tangram,NA,NA
page2-15,tangram,NA,NA
page5-64,tangram,NA,NA
page1-24,tangram,NA,NA
page5-247,tangram,NA,NA
page4-141,tangram,NA,NA
page8-190,tangram,NA,NA
page2-134,tangram,NA,NA
page1-27,tangram,NA,NA
page6-27,tangram,NA,NA
page5-173,tangram,NA,NA
page2-138,tangram,NA,NA
page4-113,tangram,NA,NA
page3-53,tangram,NA,NA
page2-39,tangram,NA,NA
page3-171,tangram,NA,NA
page8-20,tangram,NA,NA
page9-7,tangram,NA,NA
page9-20,tangram,NA,NA
page7-183,tangram,NA,NA
page6-70,tangram,NA,NA
page6-172,tangram,NA,NA
page4-47,tangram,NA,NA
page4-55,tangram,NA,NA
page5-43,tangram,NA,NA
page3-43,tangram,NA,NA
page8-244,tangram,NA,NA
page2-158,tangram,NA,NA
page7-67,tangram,NA,NA
page4-10,tangram,NA,NA
page5-99,tangram,NA,NA
page7-72,tangram,NA,NA
page7-45,tangram,NA,NA
page7-165,tangram,NA,NA
page1-119,tangram,NA,NA
page6-111,tangram,NA,NA
page4-24,tangram,NA,NA
page9-42,tangram,NA,NA
page7-158,tangram,NA,NA
page1-178,tangram,NA,NA
page7-220,tangram,NA,NA
page7-137,tangram,NA,NA
page5-167,tangram,NA,NA
page5-244,tangram,NA,NA
page1-78,tangram,NA,NA
page7-205,tangram,NA,NA
K1,tangram,NA,K1.jpg
C1,tangram,NA,C1.jpg
I1,tangram,NA,I1.jpg
E1,tangram,NA,E1.jpg
H1,tangram,NA,H1.jpg
B1,tangram,NA,B1.jpg
G1,tangram,NA,G1.jpg
A1,tangram,NA,A1.jpg
D1,tangram,NA,D1.jpg
F1,tangram,NA,F1.jpg
/tangrams/343_157.png,tangram,NA,NA
/tangrams/336_402.png,tangram,NA,NA
/tangrams/189_405.png,tangram,NA,NA
/tangrams/298_465.png,tangram,NA,NA
/tangrams/189_465.png,tangram,NA,NA
/tangrams/462_139.png,tangram,NA,NA
/tangrams/462_157.png,tangram,NA,NA
/tangrams/207_404.png,tangram,NA,NA
/tangrams/379_296.png,tangram,NA,NA
/tangrams/180_128.png,tangram,NA,NA
/tangrams/336_128.png,tangram,NA,NA
/tangrams/235_421.png,tangram,NA,NA
/tangrams/9_62.png,tangram,NA,NA
/tangrams/49_355.png,tangram,NA,NA
/tangrams/370_121.png,tangram,NA,NA
/tangrams/9_304.png,tangram,NA,NA
/tangrams/298_453.png,tangram,NA,NA
/tangrams/341_388.png,tangram,NA,NA
/tangrams/57_296.png,tangram,NA,NA
/tangrams/375_388.png,tangram,NA,NA
/tangrams/128_333.png,tangram,NA,NA
/tangrams/298_154.png,tangram,NA,NA
/tangrams/320_405.png,tangram,NA,NA
/tangrams/293_154.png,tangram,NA,NA
/tangrams/336_311.png,tangram,NA,NA
/tangrams/293_24.png,tangram,NA,NA
/tangrams/287_469.png,tangram,NA,NA
/tangrams/293_453.png,tangram,NA,NA
/tangrams/144_311.png,tangram,NA,NA
/tangrams/375_24.png,tangram,NA,NA
/tangrams/253_376.png,tangram,NA,NA
/tangrams/379_27.png,tangram,NA,NA
/tangrams/373_227.png,tangram,NA,NA
/tangrams/321_96.png,tangram,NA,NA
/tangrams/373_442.png,tangram,NA,NA
/tangrams/8_69.png,tangram,NA,NA
/tangrams/8_399.png,tangram,NA,NA
/tangrams/79_122.png,tangram,NA,NA
/tangrams/12_432.png,tangram,NA,NA
/tangrams/235_220.png,tangram,NA,NA
/tangrams/361_27.png,tangram,NA,NA
/tangrams/226_400.png,tangram,NA,NA
/tangrams/98_62.png,tangram,NA,NA
/tangrams/341_154.png,tangram,NA,NA
/tangrams/237_404.png,tangram,NA,NA
/tangrams/373_376.png,tangram,NA,NA
/tangrams/125_453.png,tangram,NA,NA
/tangrams/235_128.png,tangram,NA,NA
/tangrams/109_140.png,tangram,NA,NA
/tangrams/280_128.png,tangram,NA,NA
/tangrams/361_248.png,tangram,NA,NA
/tangrams/441_128.png,tangram,NA,NA
/tangrams/387_128.png,tangram,NA,NA
/tangrams/222_258.png,tangram,NA,NA
/tangrams/147_119.png,tangram,NA,NA
/tangrams/146_402.png,tangram,NA,NA
/tangrams/146_128.png,tangram,NA,NA
/tangrams/180_402.png,tangram,NA,NA
/tangrams/234_119.png,tangram,NA,NA
/tangrams/194_140.png,tangram,NA,NA
/tangrams/144_128.png,tangram,NA,NA
/tangrams/390_347.png,tangram,NA,NA
/tangrams/279_355.png,tangram,NA,NA
/tangrams/222_119.png,tangram,NA,NA
/tangrams/350_119.png,tangram,NA,NA
/tangrams/147_258.png,tangram,NA,NA
/tangrams/373_432.png,tangram,NA,NA
/tangrams/120_114.png,tangram,NA,NA
/tangrams/373_96.png,tangram,NA,NA
/tangrams/390_272.png,tangram,NA,NA
/tangrams/373_123.png,tangram,NA,NA
/tangrams/396_432.png,tangram,NA,NA
/tangrams/396_442.png,tangram,NA,NA
/tangrams/373_220.png,tangram,NA,NA
/tangrams/373_265.png,tangram,NA,NA
/tangrams/147_34.png,tangram,NA,NA
/tangrams/147_409.png,tangram,NA,NA
/tangrams/144_252.png,tangram,NA,NA
/tangrams/269_421.png,tangram,NA,NA
/tangrams/298_24.png,tangram,NA,NA
/tangrams/120_396.png,tangram,NA,NA
/tangrams/361_296.png,tangram,NA,NA
/tangrams/194_333.png,tangram,NA,NA
/tangrams/441_27.png,tangram,NA,NA
/tangrams/280_27.png,tangram,NA,NA
/tangrams/387_27.png,tangram,NA,NA
/tangrams/226_296.png,tangram,NA,NA
/tangrams/146_311.png,tangram,NA,NA
/tangrams/382_435.png,tangram,NA,NA
/tangrams/390_435.png,tangram,NA,NA
/tangrams/375_154.png,tangram,NA,NA
/tangrams/215_139.png,tangram,NA,NA
/tangrams/79_140.png,tangram,NA,NA
/tangrams/95_50.png,tangram,NA,NA
/tangrams/460_400.png,tangram,NA,NA
/tangrams/120_400.png,tangram,NA,NA
/tangrams/8_50.png,tangram,NA,NA
/tangrams/131_400.png,tangram,NA,NA
/tangrams/55_50.png,tangram,NA,NA
/tangrams/180_252.png,tangram,NA,NA
/tangrams/279_435.png,tangram,NA,NA
/tangrams/144_402.png,tangram,NA,NA
/tangrams/253_442.png,tangram,NA,NA
/tangrams/350_409.png,tangram,NA,NA
/tangrams/222_409.png,tangram,NA,NA
/tangrams/222_34.png,tangram,NA,NA
/tangrams/234_409.png,tangram,NA,NA
/tangrams/79_382.png,tangram,NA,NA
/tangrams/394_453.png,tangram,NA,NA
/tangrams/295_453.png,tangram,NA,NA
/tangrams/321_220.png,tangram,NA,NA
/tangrams/391_423.png,tangram,NA,NA
/tangrams/447_423.png,tangram,NA,NA
/tangrams/447_248.png,tangram,NA,NA
/tangrams/109_122.png,tangram,NA,NA
/tangrams/109_333.png,tangram,NA,NA
/tangrams/194_122.png,tangram,NA,NA
/tangrams/98_53.png,tangram,NA,NA
/tangrams/334_96.png,tangram,NA,NA
/tangrams/396_376.png,tangram,NA,NA
/tangrams/7_96.png,tangram,NA,NA
/tangrams/128_382.png,tangram,NA,NA
/tangrams/57_27.png,tangram,NA,NA
/tangrams/12_227.png,tangram,NA,NA
/tangrams/132_7.png,tangram,NA,NA
/tangrams/55_385.png,tangram,NA,NA
/tangrams/95_385.png,tangram,NA,NA
/tangrams/8_385.png,tangram,NA,NA
/tangrams/396_385.png,tangram,NA,NA
/tangrams/12_376.png,tangram,NA,NA
/tangrams/12_442.png,tangram,NA,NA
/tangrams/42_458.png,tangram,NA,NA
/tangrams/180_311.png,tangram,NA,NA
/tangrams/262_248.png,tangram,NA,NA
/tangrams/86_69.png,tangram,NA,NA
/tangrams/184_248.png,tangram,NA,NA
/tangrams/391_248.png,tangram,NA,NA
/tangrams/235_27.png,tangram,NA,NA
/tangrams/396_227.png,tangram,NA,NA
/tangrams/237_69.png,tangram,NA,NA
/tangrams/323_69.png,tangram,NA,NA
/tangrams/207_69.png,tangram,NA,NA
/tangrams/95_69.png,tangram,NA,NA
/tangrams/396_69.png,tangram,NA,NA
/tangrams/55_69.png,tangram,NA,NA
/tangrams/287_465.png,tangram,NA,NA
/tangrams/396_50.png,tangram,NA,NA
/tangrams/396_399.png,tangram,NA,NA
/tangrams/394_446.png,tangram,NA,NA
/tangrams/370_375.png,tangram,NA,NA
/tangrams/287_405.png,tangram,NA,NA
/tangrams/287_251.png,tangram,NA,NA
/tangrams/95_399.png,tangram,NA,NA
/tangrams/55_399.png,tangram,NA,NA
/tangrams/350_34.png,tangram,NA,NA
/tangrams/57_391.png,tangram,NA,NA
/tangrams/134_446.png,tangram,NA,NA
/tangrams/134_442.png,tangram,NA,NA
/tangrams/262_423.png,tangram,NA,NA
/tangrams/125_446.png,tangram,NA,NA
/tangrams/134_453.png,tangram,NA,NA
/tangrams/379_248.png,tangram,NA,NA
/tangrams/222_62.png,tangram,NA,NA
/tangrams/98_215.png,tangram,NA,NA
/tangrams/98_304.png,tangram,NA,NA
/tangrams/361_391.png,tangram,NA,NA
/tangrams/226_27.png,tangram,NA,NA
/tangrams/226_248.png,tangram,NA,NA
/tangrams/320_469.png,tangram,NA,NA
/tangrams/320_251.png,tangram,NA,NA
/tangrams/320_465.png,tangram,NA,NA
/tangrams/295_442.png,tangram,NA,NA
/tangrams/295_439.png,tangram,NA,NA
/tangrams/295_446.png,tangram,NA,NA
/tangrams/62_458.png,tangram,NA,NA
/tangrams/234_258.png,tangram,NA,NA
/tangrams/350_258.png,tangram,NA,NA
/tangrams/379_391.png,tangram,NA,NA
/tangrams/226_391.png,tangram,NA,NA
/tangrams/79_333.png,tangram,NA,NA
/tangrams/382_272.png,tangram,NA,NA
/tangrams/207_22.png,tangram,NA,NA
/tangrams/49_347.png,tangram,NA,NA
/tangrams/86_404.png,tangram,NA,NA
/tangrams/323_404.png,tangram,NA,NA
/tangrams/194_382.png,tangram,NA,NA
/tangrams/125_439.png,tangram,NA,NA
/tangrams/125_442.png,tangram,NA,NA
/tangrams/334_220.png,tangram,NA,NA
/tangrams/279_347.png,tangram,NA,NA
/tangrams/39_304.png,tangram,NA,NA
/tangrams/9_215.png,tangram,NA,NA
/tangrams/298_405.png,tangram,NA,NA
/tangrams/42_121.png,tangram,NA,NA
/tangrams/269_121.png,tangram,NA,NA
/tangrams/62_121.png,tangram,NA,NA
/tangrams/49_272.png,tangram,NA,NA
/tangrams/323_22.png,tangram,NA,NA
/tangrams/86_22.png,tangram,NA,NA
/tangrams/237_22.png,tangram,NA,NA
/tangrams/375_453.png,tangram,NA,NA
/tangrams/253_432.png,tangram,NA,NA
/tangrams/341_453.png,tangram,NA,NA
/tangrams/42_375.png,tangram,NA,NA
/tangrams/128_122.png,tangram,NA,NA
/tangrams/336_252.png,tangram,NA,NA
/tangrams/460_396.png,tangram,NA,NA
/tangrams/131_396.png,tangram,NA,NA
/tangrams/226_396.png,tangram,NA,NA
/tangrams/298_469.png,tangram,NA,NA
/tangrams/131_114.png,tangram,NA,NA
/tangrams/460_114.png,tangram,NA,NA
/tangrams/226_114.png,tangram,NA,NA
/tangrams/146_252.png,tangram,NA,NA
/tangrams/370_458.png,tangram,NA,NA
/tangrams/234_34.png,tangram,NA,NA
/tangrams/382_347.png,tangram,NA,NA
/tangrams/207_5.png,tangram,NA,NA
/tangrams/86_5.png,tangram,NA,NA
/tangrams/323_5.png,tangram,NA,NA
/tangrams/237_5.png,tangram,NA,NA
/tangrams/215_157.png,tangram,NA,NA
/tangrams/215_7.png,tangram,NA,NA
/tangrams/462_7.png,tangram,NA,NA
/tangrams/343_7.png,tangram,NA,NA
/tangrams/390_355.png,tangram,NA,NA
/tangrams/189_251.png,tangram,NA,NA
/tangrams/387_220.png,tangram,NA,NA
/tangrams/298_251.png,tangram,NA,NA
/tangrams/62_375.png,tangram,NA,NA
/tangrams/253_227.png,tangram,NA,NA
/tangrams/382_355.png,tangram,NA,NA
/tangrams/280_421.png,tangram,NA,NA
/tangrams/387_421.png,tangram,NA,NA
/tangrams/441_421.png,tangram,NA,NA
/tangrams/132_157.png,tangram,NA,NA
/tangrams/132_139.png,tangram,NA,NA
/tangrams/132_106.png,tangram,NA,NA
/tangrams/222_215.png,tangram,NA,NA
/tangrams/128_140.png,tangram,NA,NA
/tangrams/222_304.png,tangram,NA,NA
/tangrams/394_439.png,tangram,NA,NA
/tangrams/447_368.png,tangram,NA,NA
/tangrams/49_435.png,tangram,NA,NA
/tangrams/62_421.png,tangram,NA,NA
/tangrams/341_24.png,tangram,NA,NA
/tangrams/57_248.png,tangram,NA,NA
/tangrams/120_286.png,tangram,NA,NA
/tangrams/131_286.png,tangram,NA,NA
/tangrams/215_106.png,tangram,NA,NA
/tangrams/370_421.png,tangram,NA,NA
/tangrams/7_220.png,tangram,NA,NA
/tangrams/269_375.png,tangram,NA,NA
/tangrams/293_388.png,tangram,NA,NA
/tangrams/298_388.png,tangram,NA,NA
/tangrams/39_53.png,tangram,NA,NA
/tangrams/222_53.png,tangram,NA,NA
/tangrams/134_439.png,tangram,NA,NA
/tangrams/279_272.png,tangram,NA,NA
/tangrams/189_469.png,tangram,NA,NA
/tangrams/42_421.png,tangram,NA,NA
/tangrams/462_106.png,tangram,NA,NA
/tangrams/343_106.png,tangram,NA,NA
/tangrams/269_458.png,tangram,NA,NA
/tangrams/343_139.png,tangram,NA,NA
/tangrams/7_123.png,tangram,NA,NA
/tangrams/447_298.png,tangram,NA,NA
/tangrams/262_298.png,tangram,NA,NA
/tangrams/391_298.png,tangram,NA,NA
/tangrams/184_298.png,tangram,NA,NA
/tangrams/184_423.png,tangram,NA,NA
/tangrams/334_265.png,tangram,NA,NA
/tangrams/394_442.png,tangram,NA,NA
/tangrams/441_220.png,tangram,NA,NA
/tangrams/280_220.png,tangram,NA,NA
/tangrams/460_286.png,tangram,NA,NA
/tangrams/226_286.png,tangram,NA,NA
/tangrams/39_62.png,tangram,NA,NA
/tangrams/39_215.png,tangram,NA,NA
/tangrams/321_265.png,tangram,NA,NA
/tangrams/7_265.png,tangram,NA,NA
/tangrams/391_368.png,tangram,NA,NA
/tangrams/262_368.png,tangram,NA,NA
/tangrams/184_368.png,tangram,NA,NA
/tangrams/109_382.png,tangram,NA,NA
/tangrams/321_123.png,tangram,NA,NA
/tangrams/334_123.png,tangram,NA,NA
/tangrams/9_53.png,tangram,NA,NA
/tangrams/165_284.png,tangram,NA,NA
/tangrams/117_284.png,tangram,NA,NA
/tangrams/34_70.png,tangram,NA,NA
/tangrams/273_404.png,tangram,NA,NA
/tangrams/165_456.png,tangram,NA,NA
/tangrams/332_351.png,tangram,NA,NA
/tangrams/262_96.png,tangram,NA,NA
/tangrams/440_136.png,tangram,NA,NA
/tangrams/17_149.png,tangram,NA,NA
/tangrams/117_463.png,tangram,NA,NA
/tangrams/367_187.png,tangram,NA,NA
/tangrams/385_270.png,tangram,NA,NA
/tangrams/367_456.png,tangram,NA,NA
/tangrams/461_463.png,tangram,NA,NA
/tangrams/367_293.png,tangram,NA,NA
/tangrams/117_456.png,tangram,NA,NA
/tangrams/461_456.png,tangram,NA,NA
/tangrams/267_187.png,tangram,NA,NA
/tangrams/25_193.png,tangram,NA,NA
/tangrams/25_433.png,tangram,NA,NA
/tangrams/378_469.png,tangram,NA,NA
/tangrams/193_273.png,tangram,NA,NA
/tangrams/117_187.png,tangram,NA,NA
/tangrams/367_284.png,tangram,NA,NA
/tangrams/467_86.png,tangram,NA,NA
/tangrams/165_187.png,tangram,NA,NA
/tangrams/165_463.png,tangram,NA,NA
/tangrams/66_389.png,tangram,NA,NA
/tangrams/150_34.png,tangram,NA,NA
/tangrams/367_463.png,tangram,NA,NA
/tangrams/420_15.png,tangram,NA,NA
/tangrams/461_187.png,tangram,NA,NA
/tangrams/362_202.png,tangram,NA,NA
/tangrams/461_284.png,tangram,NA,NA
/tangrams/458_469.png,tangram,NA,NA
/tangrams/378_245.png,tangram,NA,NA
/tangrams/452_329.png,tangram,NA,NA
/tangrams/127_433.png,tangram,NA,NA
/tangrams/452_193.png,tangram,NA,NA
/tangrams/52_273.png,tangram,NA,NA
/tangrams/52_126.png,tangram,NA,NA
/tangrams/420_44.png,tangram,NA,NA
/tangrams/150_389.png,tangram,NA,NA
/tangrams/150_351.png,tangram,NA,NA
/tangrams/150_190.png,tangram,NA,NA
/tangrams/385_52.png,tangram,NA,NA
/tangrams/327_52.png,tangram,NA,NA
/tangrams/151_372.png,tangram,NA,NA
/tangrams/151_375.png,tangram,NA,NA
/tangrams/151_245.png,tangram,NA,NA
/tangrams/361_276.png,tangram,NA,NA
/tangrams/77_276.png,tangram,NA,NA
/tangrams/332_276.png,tangram,NA,NA
/tangrams/127_329.png,tangram,NA,NA
/tangrams/440_276.png,tangram,NA,NA
/tangrams/326_7.png,tangram,NA,NA
/tangrams/326_202.png,tangram,NA,NA
/tangrams/77_464.png,tangram,NA,NA
/tangrams/332_464.png,tangram,NA,NA
/tangrams/80_273.png,tangram,NA,NA
/tangrams/440_464.png,tangram,NA,NA
/tangrams/361_464.png,tangram,NA,NA
/tangrams/315_98.png,tangram,NA,NA
/tangrams/311_329.png,tangram,NA,NA
/tangrams/341_221.png,tangram,NA,NA
/tangrams/420_293.png,tangram,NA,NA
/tangrams/250_293.png,tangram,NA,NA
/tangrams/315_293.png,tangram,NA,NA
/tangrams/341_331.png,tangram,NA,NA
/tangrams/458_375.png,tangram,NA,NA
/tangrams/266_221.png,tangram,NA,NA
/tangrams/193_320.png,tangram,NA,NA
/tangrams/425_258.png,tangram,NA,NA
/tangrams/24_7.png,tangram,NA,NA
/tangrams/80_96.png,tangram,NA,NA
/tangrams/250_15.png,tangram,NA,NA
/tangrams/367_44.png,tangram,NA,NA
/tangrams/250_44.png,tangram,NA,NA
/tangrams/25_329.png,tangram,NA,NA
/tangrams/458_245.png,tangram,NA,NA
/tangrams/384_245.png,tangram,NA,NA
/tangrams/385_258.png,tangram,NA,NA
/tangrams/213_292.png,tangram,NA,NA
/tangrams/93_128.png,tangram,NA,NA
/tangrams/215_128.png,tangram,NA,NA
/tangrams/266_22.png,tangram,NA,NA
/tangrams/420_98.png,tangram,NA,NA
/tangrams/293_22.png,tangram,NA,NA
/tangrams/258_292.png,tangram,NA,NA
/tangrams/449_128.png,tangram,NA,NA
/tangrams/213_344.png,tangram,NA,NA
/tangrams/103_258.png,tangram,NA,NA
/tangrams/315_44.png,tangram,NA,NA
/tangrams/103_183.png,tangram,NA,NA
/tangrams/396_86.png,tangram,NA,NA
/tangrams/446_86.png,tangram,NA,NA
/tangrams/179_86.png,tangram,NA,NA
/tangrams/10_351.png,tangram,NA,NA
/tangrams/205_292.png,tangram,NA,NA
/tangrams/283_221.png,tangram,NA,NA
/tangrams/33_157.png,tangram,NA,NA
/tangrams/33_410.png,tangram,NA,NA
/tangrams/137_292.png,tangram,NA,NA
/tangrams/93_274.png,tangram,NA,NA
/tangrams/268_128.png,tangram,NA,NA
/tangrams/293_361.png,tangram,NA,NA
/tangrams/385_183.png,tangram,NA,NA
/tangrams/341_22.png,tangram,NA,NA
/tangrams/452_433.png,tangram,NA,NA
/tangrams/33_404.png,tangram,NA,NA
/tangrams/374_450.png,tangram,NA,NA
/tangrams/374_379.png,tangram,NA,NA
/tangrams/267_70.png,tangram,NA,NA
/tangrams/374_149.png,tangram,NA,NA
/tangrams/425_183.png,tangram,NA,NA
/tangrams/10_389.png,tangram,NA,NA
/tangrams/293_221.png,tangram,NA,NA
/tangrams/341_361.png,tangram,NA,NA
/tangrams/266_361.png,tangram,NA,NA
/tangrams/262_351.png,tangram,NA,NA
/tangrams/416_351.png,tangram,NA,NA
/tangrams/293_331.png,tangram,NA,NA
/tangrams/247_96.png,tangram,NA,NA
/tangrams/193_96.png,tangram,NA,NA
/tangrams/459_273.png,tangram,NA,NA
/tangrams/247_351.png,tangram,NA,NA
/tangrams/262_233.png,tangram,NA,NA
/tangrams/195_164.png,tangram,NA,NA
/tangrams/247_74.png,tangram,NA,NA
/tangrams/416_233.png,tangram,NA,NA
/tangrams/376_431.png,tangram,NA,NA
/tangrams/267_467.png,tangram,NA,NA
/tangrams/158_70.png,tangram,NA,NA
/tangrams/158_431.png,tangram,NA,NA
/tangrams/158_467.png,tangram,NA,NA
/tangrams/376_187.png,tangram,NA,NA
/tangrams/376_70.png,tangram,NA,NA
/tangrams/267_431.png,tangram,NA,NA
/tangrams/283_361.png,tangram,NA,NA
/tangrams/247_233.png,tangram,NA,NA
/tangrams/376_467.png,tangram,NA,NA
/tangrams/34_187.png,tangram,NA,NA
/tangrams/158_187.png,tangram,NA,NA
/tangrams/332_233.png,tangram,NA,NA
/tangrams/332_96.png,tangram,NA,NA
/tangrams/302_190.png,tangram,NA,NA
/tangrams/416_96.png,tangram,NA,NA
/tangrams/425_270.png,tangram,NA,NA
/tangrams/103_270.png,tangram,NA,NA
/tangrams/327_270.png,tangram,NA,NA
/tangrams/258_336.png,tangram,NA,NA
/tangrams/258_354.png,tangram,NA,NA
/tangrams/258_344.png,tangram,NA,NA
/tangrams/326_348.png,tangram,NA,NA
/tangrams/356_165.png,tangram,NA,NA
/tangrams/356_202.png,tangram,NA,NA
/tangrams/195_450.png,tangram,NA,NA
/tangrams/356_7.png,tangram,NA,NA
/tangrams/362_348.png,tangram,NA,NA
/tangrams/24_348.png,tangram,NA,NA
/tangrams/356_348.png,tangram,NA,NA
/tangrams/215_274.png,tangram,NA,NA
/tangrams/302_351.png,tangram,NA,NA
/tangrams/367_98.png,tangram,NA,NA
/tangrams/302_34.png,tangram,NA,NA
/tangrams/25_196.png,tangram,NA,NA
/tangrams/452_196.png,tangram,NA,NA
/tangrams/127_196.png,tangram,NA,NA
/tangrams/311_196.png,tangram,NA,NA
/tangrams/137_336.png,tangram,NA,NA
/tangrams/396_134.png,tangram,NA,NA
/tangrams/446_134.png,tangram,NA,NA
/tangrams/137_344.png,tangram,NA,NA
/tangrams/467_134.png,tangram,NA,NA
/tangrams/115_400.png,tangram,NA,NA
/tangrams/115_410.png,tangram,NA,NA
/tangrams/115_157.png,tangram,NA,NA
/tangrams/115_404.png,tangram,NA,NA
/tangrams/446_45.png,tangram,NA,NA
/tangrams/93_384.png,tangram,NA,NA
/tangrams/449_384.png,tangram,NA,NA
/tangrams/268_384.png,tangram,NA,NA
/tangrams/215_384.png,tangram,NA,NA
/tangrams/137_354.png,tangram,NA,NA
/tangrams/367_15.png,tangram,NA,NA
/tangrams/195_149.png,tangram,NA,NA
/tangrams/362_165.png,tangram,NA,NA
/tangrams/378_375.png,tangram,NA,NA
/tangrams/458_372.png,tangram,NA,NA
/tangrams/52_320.png,tangram,NA,NA
/tangrams/205_354.png,tangram,NA,NA
/tangrams/459_320.png,tangram,NA,NA
/tangrams/326_165.png,tangram,NA,NA
/tangrams/80_320.png,tangram,NA,NA
/tangrams/205_336.png,tangram,NA,NA
/tangrams/224_379.png,tangram,NA,NA
/tangrams/10_190.png,tangram,NA,NA
/tangrams/10_34.png,tangram,NA,NA
/tangrams/66_34.png,tangram,NA,NA
/tangrams/416_74.png,tangram,NA,NA
/tangrams/262_74.png,tangram,NA,NA
/tangrams/332_74.png,tangram,NA,NA
/tangrams/110_404.png,tangram,NA,NA
/tangrams/110_400.png,tangram,NA,NA
/tangrams/250_98.png,tangram,NA,NA
/tangrams/24_202.png,tangram,NA,NA
/tangrams/24_165.png,tangram,NA,NA
/tangrams/103_52.png,tangram,NA,NA
/tangrams/449_274.png,tangram,NA,NA
/tangrams/449_46.png,tangram,NA,NA
/tangrams/17_379.png,tangram,NA,NA
/tangrams/17_450.png,tangram,NA,NA
/tangrams/17_164.png,tangram,NA,NA
/tangrams/52_96.png,tangram,NA,NA
/tangrams/459_96.png,tangram,NA,NA
/tangrams/266_331.png,tangram,NA,NA
/tangrams/213_336.png,tangram,NA,NA
/tangrams/151_469.png,tangram,NA,NA
/tangrams/378_372.png,tangram,NA,NA
/tangrams/283_22.png,tangram,NA,NA
/tangrams/315_15.png,tangram,NA,NA
/tangrams/22_240.png,tangram,NA,NA
/tangrams/302_389.png,tangram,NA,NA
/tangrams/127_193.png,tangram,NA,NA
/tangrams/179_45.png,tangram,NA,NA
/tangrams/396_45.png,tangram,NA,NA
/tangrams/241_276.png,tangram,NA,NA
/tangrams/467_45.png,tangram,NA,NA
/tangrams/66_351.png,tangram,NA,NA
/tangrams/384_372.png,tangram,NA,NA
/tangrams/384_469.png,tangram,NA,NA
/tangrams/273_157.png,tangram,NA,NA
/tangrams/311_193.png,tangram,NA,NA
/tangrams/148_221.png,tangram,NA,NA
/tangrams/33_400.png,tangram,NA,NA
/tangrams/273_410.png,tangram,NA,NA
/tangrams/110_410.png,tangram,NA,NA
/tangrams/268_274.png,tangram,NA,NA
/tangrams/283_331.png,tangram,NA,NA
/tangrams/327_183.png,tangram,NA,NA
/tangrams/440_144.png,tangram,NA,NA
/tangrams/374_164.png,tangram,NA,NA
/tangrams/77_144.png,tangram,NA,NA
/tangrams/332_144.png,tangram,NA,NA
/tangrams/74_331.png,tangram,NA,NA
/tangrams/384_375.png,tangram,NA,NA
/tangrams/396_440.png,tangram,NA,NA
/tangrams/224_450.png,tangram,NA,NA
/tangrams/66_190.png,tangram,NA,NA
/tangrams/110_157.png,tangram,NA,NA
/tangrams/48_296.png,tangram,NA,NA
/tangrams/311_433.png,tangram,NA,NA
/tangrams/179_134.png,tangram,NA,NA
/tangrams/327_258.png,tangram,NA,NA
/tangrams/205_344.png,tangram,NA,NA
/tangrams/213_354.png,tangram,NA,NA
/tangrams/459_126.png,tangram,NA,NA
/tangrams/361_136.png,tangram,NA,NA
/tangrams/34_431.png,tangram,NA,NA
/tangrams/224_164.png,tangram,NA,NA
/tangrams/224_149.png,tangram,NA,NA
/tangrams/425_52.png,tangram,NA,NA
/tangrams/361_144.png,tangram,NA,NA
/tangrams/273_400.png,tangram,NA,NA
/tangrams/77_136.png,tangram,NA,NA
/tangrams/200_276.png,tangram,NA,NA
/tangrams/446_440.png,tangram,NA,NA
/tangrams/467_440.png,tangram,NA,NA
/tangrams/179_440.png,tangram,NA,NA
/tangrams/195_379.png,tangram,NA,NA
/tangrams/74_294.png,tangram,NA,NA
/tangrams/241_222.png,tangram,NA,NA
/tangrams/215_46.png,tangram,NA,NA
/tangrams/34_467.png,tangram,NA,NA
/tangrams/332_136.png,tangram,NA,NA
/tangrams/362_7.png,tangram,NA,NA
/tangrams/48_294.png,tangram,NA,NA
/tangrams/80_126.png,tangram,NA,NA
/tangrams/193_126.png,tangram,NA,NA
/tangrams/336_404.png,tangram,NA,NA
/tangrams/93_46.png,tangram,NA,NA
/tangrams/268_46.png,tangram,NA,NA
/tangrams/200_221.png,tangram,NA,NA
/tangrams/318_179.png,tangram,NA,NA
/tangrams/74_16.png,tangram,NA,NA
/tangrams/233_321.png,tangram,NA,NA
/tangrams/306_96.png,tangram,NA,NA
/tangrams/387_40.png,tangram,NA,NA
/tangrams/385_370.png,tangram,NA,NA
/tangrams/14_100.png,tangram,NA,NA
/tangrams/437_265.png,tangram,NA,NA
/tangrams/276_179.png,tangram,NA,NA
/tangrams/90_117.png,tangram,NA,NA
/tangrams/36_318.png,tangram,NA,NA
/tangrams/98_8.png,tangram,NA,NA
/tangrams/168_114.png,tangram,NA,NA
/tangrams/367_366.png,tangram,NA,NA
/tangrams/399_218.png,tangram,NA,NA
/tangrams/67_181.png,tangram,NA,NA
/tangrams/300_121.png,tangram,NA,NA
/tangrams/443_232.png,tangram,NA,NA
/tangrams/130_150.png,tangram,NA,NA
/tangrams/124_363.png,tangram,NA,NA
/tangrams/105_219.png,tangram,NA,NA
/tangrams/241_339.png,tangram,NA,NA
/tangrams/7_203.png,tangram,NA,NA
/tangrams/178_4.png,tangram,NA,NA
/tangrams/146_22.png,tangram,NA,NA
/tangrams/465_428.png,tangram,NA,NA
/tangrams/179_144.png,tangram,NA,NA
/tangrams/78_443.png,tangram,NA,NA
/tangrams/224_179.png,tangram,NA,NA
/tangrams/137_262.png,tangram,NA,NA
/tangrams/264_469.png,tangram,NA,NA
/tangrams/246_381.png,tangram,NA,NA
/tangrams/248_14.png,tangram,NA,NA
/tangrams/81_320.png,tangram,NA,NA
/tangrams/285_113.png,tangram,NA,NA
/tangrams/430_210.png,tangram,NA,NA
/tangrams/143_146.png,tangram,NA,NA
/tangrams/355_222.png,tangram,NA,NA
/tangrams/440_270.png,tangram,NA,NA
/tangrams/271_33.png,tangram,NA,NA
/tangrams/109_153.png,tangram,NA,NA
/tangrams/448_157.png,tangram,NA,NA
/tangrams/431_465.png,tangram,NA,NA
/tangrams/259_154.png,tangram,NA,NA
/tangrams/257_344.png,tangram,NA,NA
/tangrams/138_67.png,tangram,NA,NA
/tangrams/289_358.png,tangram,NA,NA
/tangrams/53_344.png,tangram,NA,NA
/tangrams/142_421.png,tangram,NA,NA
/tangrams/407_119.png,tangram,NA,NA
/tangrams/432_9.png,tangram,NA,NA
/tangrams/375_308.png,tangram,NA,NA
/tangrams/210_295.png,tangram,NA,NA
/tangrams/177_216.png,tangram,NA,NA
/tangrams/259_79.png,tangram,NA,NA
/tangrams/289_190.png,tangram,NA,NA
/tangrams/396_274.png,tangram,NA,NA
/tangrams/115_457.png,tangram,NA,NA
/tangrams/68_13.png,tangram,NA,NA
/tangrams/282_56.png,tangram,NA,NA
/tangrams/292_405.png,tangram,NA,NA
/tangrams/6_346.png,tangram,NA,NA
/tangrams/38_224.png,tangram,NA,NA
/tangrams/380_103.png,tangram,NA,NA
/tangrams/305_47.png,tangram,NA,NA
/tangrams/409_334.png,tangram,NA,NA
/tangrams/129_321.png,tangram,NA,NA
/tangrams/322_100.png,tangram,NA,NA
/tangrams/128_177.png,tangram,NA,NA
/tangrams/147_16.png,tangram,NA,NA
/tangrams/311_292.png,tangram,NA,NA
/tangrams/11_250.png,tangram,NA,NA
/tangrams/200_411.png,tangram,NA,NA
/tangrams/292_304.png,tangram,NA,NA
/tangrams/292_427.png,tangram,NA,NA
/tangrams/414_225.png,tangram,NA,NA
/tangrams/217_375.png,tangram,NA,NA
/tangrams/414_315.png,tangram,NA,NA
/tangrams/5_267.png,tangram,NA,NA
/tangrams/147_199.png,tangram,NA,NA
/tangrams/143_147.png,tangram,NA,NA
/tangrams/399_459.png,tangram,NA,NA
/tangrams/157_403.png,tangram,NA,NA
/tangrams/280_202.png,tangram,NA,NA
/tangrams/344_91.png,tangram,NA,NA
/tangrams/354_221.png,tangram,NA,NA
/tangrams/44_112.png,tangram,NA,NA
/tangrams/18_45.png,tangram,NA,NA
/tangrams/330_172.png,tangram,NA,NA
/tangrams/353_196.png,tangram,NA,NA
/tangrams/205_265.png,tangram,NA,NA
/tangrams/25_45.png,tangram,NA,NA
/tangrams/434_340.png,tangram,NA,NA
/tangrams/48_117.png,tangram,NA,NA
/tangrams/100_7.png,tangram,NA,NA
/tangrams/357_465.png,tangram,NA,NA
/tangrams/418_61.png,tangram,NA,NA
/tangrams/150_56.png,tangram,NA,NA
/tangrams/74_268.png,tangram,NA,NA
/tangrams/446_252.png,tangram,NA,NA
/tangrams/18_249.png,tangram,NA,NA
/tangrams/341_316.png,tangram,NA,NA
/tangrams/456_197.png,tangram,NA,NA
/tangrams/165_204.png,tangram,NA,NA
/tangrams/268_39.png,tangram,NA,NA
/tangrams/37_189.png,tangram,NA,NA
/tangrams/4_71.png,tangram,NA,NA
/tangrams/306_202.png,tangram,NA,NA
/tangrams/200_328.png,tangram,NA,NA
/tangrams/270_171.png,tangram,NA,NA
/tangrams/357_23.png,tangram,NA,NA
/tangrams/307_90.png,tangram,NA,NA
/tangrams/316_155.png,tangram,NA,NA
/tangrams/413_219.png,tangram,NA,NA
/tangrams/442_358.png,tangram,NA,NA
/tangrams/383_34.png,tangram,NA,NA
/tangrams/400_72.png,tangram,NA,NA
/tangrams/68_105.png,tangram,NA,NA
/tangrams/255_386.png,tangram,NA,NA
/tangrams/382_431.png,tangram,NA,NA
/tangrams/451_357.png,tangram,NA,NA
/tangrams/374_73.png,tangram,NA,NA
/tangrams/349_379.png,tangram,NA,NA
/tangrams/298_34.png,tangram,NA,NA
/tangrams/448_349.png,tangram,NA,NA
/tangrams/208_146.png,tangram,NA,NA
/tangrams/134_358.png,tangram,NA,NA
/tangrams/231_404.png,tangram,NA,NA
/tangrams/258_469.png,tangram,NA,NA
/tangrams/400_249.png,tangram,NA,NA
/tangrams/314_203.png,tangram,NA,NA
/tangrams/133_293.png,tangram,NA,NA
/tangrams/109_73.png,tangram,NA,NA
/tangrams/337_160.png,tangram,NA,NA
/tangrams/267_178.png,tangram,NA,NA
/tangrams/293_155.png,tangram,NA,NA
/tangrams/269_39.png,tangram,NA,NA
/tangrams/0_269.png,tangram,NA,NA
/tangrams/267_42.png,tangram,NA,NA
/tangrams/151_344.png,tangram,NA,NA
/tangrams/70_169.png,tangram,NA,NA
/tangrams/189_205.png,tangram,NA,NA
/tangrams/365_437.png,tangram,NA,NA
/tangrams/88_246.png,tangram,NA,NA
/tangrams/392_444.png,tangram,NA,NA
/tangrams/252_315.png,tangram,NA,NA
/tangrams/56_88.png,tangram,NA,NA
/tangrams/171_328.png,tangram,NA,NA
/tangrams/40_352.png,tangram,NA,NA
/tangrams/338_159.png,tangram,NA,NA
/tangrams/7_291.png,tangram,NA,NA
/tangrams/433_101.png,tangram,NA,NA
/tangrams/39_104.png,tangram,NA,NA
/tangrams/61_103.png,tangram,NA,NA
/tangrams/53_321.png,tangram,NA,NA
/tangrams/443_4.png,tangram,NA,NA
/tangrams/2_115.png,tangram,NA,NA
/tangrams/356_287.png,tangram,NA,NA
/tangrams/305_244.png,tangram,NA,NA
/tangrams/244_351.png,tangram,NA,NA
/tangrams/17_443.png,tangram,NA,NA
/tangrams/391_300.png,tangram,NA,NA
/tangrams/40_171.png,tangram,NA,NA
/tangrams/401_7.png,tangram,NA,NA
/tangrams/183_431.png,tangram,NA,NA
/tangrams/352_28.png,tangram,NA,NA
/tangrams/381_65.png,tangram,NA,NA
/tangrams/399_183.png,tangram,NA,NA
/tangrams/134_118.png,tangram,NA,NA
/tangrams/289_119.png,tangram,NA,NA
/tangrams/214_384.png,tangram,NA,NA
/tangrams/314_133.png,tangram,NA,NA
/tangrams/0_21.png,tangram,NA,NA
/tangrams/224_361.png,tangram,NA,NA
/tangrams/102_297.png,tangram,NA,NA
/tangrams/83_318.png,tangram,NA,NA
/tangrams/350_266.png,tangram,NA,NA
/tangrams/170_215.png,tangram,NA,NA
/tangrams/400_255.png,tangram,NA,NA
/tangrams/191_158.png,tangram,NA,NA
/tangrams/466_228.png,tangram,NA,NA
/tangrams/199_189.png,tangram,NA,NA
/tangrams/101_93.png,tangram,NA,NA
/tangrams/11_198.png,tangram,NA,NA
/tangrams/48_278.png,tangram,NA,NA
/tangrams/296_183.png,tangram,NA,NA
/tangrams/405_232.png,tangram,NA,NA
/tangrams/366_375.png,tangram,NA,NA
/tangrams/126_454.png,tangram,NA,NA
/tangrams/139_376.png,tangram,NA,NA
/tangrams/350_14.png,tangram,NA,NA
/tangrams/236_382.png,tangram,NA,NA
/tangrams/442_379.png,tangram,NA,NA
/tangrams/390_80.png,tangram,NA,NA
/tangrams/282_144.png,tangram,NA,NA
/tangrams/252_244.png,tangram,NA,NA
/tangrams/238_272.png,tangram,NA,NA
/tangrams/432_149.png,tangram,NA,NA
/tangrams/198_150.png,tangram,NA,NA
/tangrams/28_309.png,tangram,NA,NA
/tangrams/422_424.png,tangram,NA,NA
/tangrams/95_418.png,tangram,NA,NA
/tangrams/410_62.png,tangram,NA,NA
/tangrams/240_108.png,tangram,NA,NA
/tangrams/23_39.png,tangram,NA,NA
/tangrams/177_333.png,tangram,NA,NA
/tangrams/431_273.png,tangram,NA,NA
/tangrams/449_177.png,tangram,NA,NA
/tangrams/213_115.png,tangram,NA,NA
/tangrams/339_153.png,tangram,NA,NA
/tangrams/228_240.png,tangram,NA,NA
/tangrams/208_186.png,tangram,NA,NA
/tangrams/103_230.png,tangram,NA,NA
/tangrams/71_11.png,tangram,NA,NA
/tangrams/130_465.png,tangram,NA,NA
/tangrams/397_107.png,tangram,NA,NA
/tangrams/189_419.png,tangram,NA,NA
/tangrams/165_386.png,tangram,NA,NA
/tangrams/207_157.png,tangram,NA,NA
/tangrams/255_402.png,tangram,NA,NA
/tangrams/224_417.png,tangram,NA,NA
/tangrams/6_268.png,tangram,NA,NA
/tangrams/169_26.png,tangram,NA,NA
/tangrams/174_113.png,tangram,NA,NA
/tangrams/441_246.png,tangram,NA,NA
/tangrams/364_418.png,tangram,NA,NA
/tangrams/361_85.png,tangram,NA,NA
/tangrams/259_444.png,tangram,NA,NA
/tangrams/446_200.png,tangram,NA,NA
/tangrams/455_230.png,tangram,NA,NA
/tangrams/202_253.png,tangram,NA,NA
/tangrams/256_439.png,tangram,NA,NA
/tangrams/435_43.png,tangram,NA,NA
/tangrams/288_93.png,tangram,NA,NA
/tangrams/5_85.png,tangram,NA,NA
/tangrams/385_330.png,tangram,NA,NA
/tangrams/281_5.png,tangram,NA,NA
/tangrams/369_11.png,tangram,NA,NA
/tangrams/254_423.png,tangram,NA,NA
/tangrams/211_353.png,tangram,NA,NA
/tangrams/447_310.png,tangram,NA,NA
/tangrams/76_320.png,tangram,NA,NA
/tangrams/385_26.png,tangram,NA,NA
/tangrams/89_413.png,tangram,NA,NA
/tangrams/365_392.png,tangram,NA,NA
/tangrams/117_469.png,tangram,NA,NA
/tangrams/316_426.png,tangram,NA,NA
/tangrams/454_114.png,tangram,NA,NA
/tangrams/383_108.png,tangram,NA,NA
/tangrams/356_466.png,tangram,NA,NA
/tangrams/378_108.png,tangram,NA,NA
/tangrams/145_325.png,tangram,NA,NA
/tangrams/377_325.png,tangram,NA,NA
/tangrams/4_339.png,tangram,NA,NA
/tangrams/218_325.png,tangram,NA,NA
/tangrams/338_405.png,tangram,NA,NA
/tangrams/392_101.png,tangram,NA,NA
/tangrams/272_132.png,tangram,NA,NA
/tangrams/6_127.png,tangram,NA,NA
/tangrams/170_336.png,tangram,NA,NA
/tangrams/17_69.png,tangram,NA,NA
/tangrams/240_419.png,tangram,NA,NA
/tangrams/410_403.png,tangram,NA,NA
/tangrams/387_464.png,tangram,NA,NA
/tangrams/425_394.png,tangram,NA,NA
/tangrams/45_355.png,tangram,NA,NA
/tangrams/436_445.png,tangram,NA,NA
/tangrams/122_19.png,tangram,NA,NA
/tangrams/220_438.png,tangram,NA,NA
/tangrams/80_460.png,tangram,NA,NA
/tangrams/37_445.png,tangram,NA,NA
/tangrams/97_82.png,tangram,NA,NA
/tangrams/421_4.png,tangram,NA,NA
/tangrams/15_82.png,tangram,NA,NA
/tangrams/137_30.png,tangram,NA,NA
/tangrams/294_72.png,tangram,NA,NA
/tangrams/281_129.png,tangram,NA,NA
/tangrams/270_102.png,tangram,NA,NA
/tangrams/131_253.png,tangram,NA,NA
/tangrams/308_187.png,tangram,NA,NA
/tangrams/301_341.png,tangram,NA,NA
/tangrams/374_341.png,tangram,NA,NA
/tangrams/117_6.png,tangram,NA,NA
/tangrams/374_285.png,tangram,NA,NA
/tangrams/249_259.png,tangram,NA,NA
/tangrams/117_207.png,tangram,NA,NA
/tangrams/266_17.png,tangram,NA,NA
/tangrams/81_17.png,tangram,NA,NA
/tangrams/408_17.png,tangram,NA,NA
/tangrams/424_17.png,tangram,NA,NA
/tangrams/277_41.png,tangram,NA,NA
/tangrams/374_24.png,tangram,NA,NA
/tangrams/301_24.png,tangram,NA,NA
/tangrams/288_24.png,tangram,NA,NA
/tangrams/61_264.png,tangram,NA,NA
/tangrams/431_264.png,tangram,NA,NA
/tangrams/450_41.png,tangram,NA,NA
/tangrams/450_88.png,tangram,NA,NA
/tangrams/399_456.png,tangram,NA,NA
/tangrams/23_137.png,tangram,NA,NA
/tangrams/424_216.png,tangram,NA,NA
/tangrams/408_216.png,tangram,NA,NA
/tangrams/40_133.png,tangram,NA,NA
/tangrams/223_360.png,tangram,NA,NA
/tangrams/117_153.png,tangram,NA,NA
/tangrams/181_197.png,tangram,NA,NA
/tangrams/288_307.png,tangram,NA,NA
/tangrams/23_81.png,tangram,NA,NA
/tangrams/342_75.png,tangram,NA,NA
/tangrams/232_197.png,tangram,NA,NA
/tangrams/203_47.png,tangram,NA,NA
/tangrams/203_291.png,tangram,NA,NA
/tangrams/203_357.png,tangram,NA,NA
/tangrams/363_133.png,tangram,NA,NA
/tangrams/61_133.png,tangram,NA,NA
/tangrams/431_133.png,tangram,NA,NA
/tangrams/30_6.png,tangram,NA,NA
/tangrams/117_0.png,tangram,NA,NA
/tangrams/223_0.png,tangram,NA,NA
/tangrams/78_47.png,tangram,NA,NA
/tangrams/459_47.png,tangram,NA,NA
/tangrams/376_332.png,tangram,NA,NA
/tangrams/360_6.png,tangram,NA,NA
/tangrams/103_397.png,tangram,NA,NA
/tangrams/342_332.png,tangram,NA,NA
/tangrams/103_6.png,tangram,NA,NA
/tangrams/408_278.png,tangram,NA,NA
/tangrams/376_197.png,tangram,NA,NA
/tangrams/450_137.png,tangram,NA,NA
/tangrams/450_81.png,tangram,NA,NA
/tangrams/223_456.png,tangram,NA,NA
/tangrams/342_197.png,tangram,NA,NA
/tangrams/399_0.png,tangram,NA,NA
/tangrams/399_360.png,tangram,NA,NA
/tangrams/399_27.png,tangram,NA,NA
/tangrams/381_285.png,tangram,NA,NA
/tangrams/381_307.png,tangram,NA,NA
/tangrams/381_24.png,tangram,NA,NA
/tangrams/381_341.png,tangram,NA,NA
/tangrams/288_285.png,tangram,NA,NA
/tangrams/277_137.png,tangram,NA,NA
/tangrams/38_137.png,tangram,NA,NA
/tangrams/38_41.png,tangram,NA,NA
/tangrams/38_81.png,tangram,NA,NA
/tangrams/38_88.png,tangram,NA,NA
/tangrams/181_332.png,tangram,NA,NA
/tangrams/23_88.png,tangram,NA,NA
/tangrams/23_41.png,tangram,NA,NA
/tangrams/78_291.png,tangram,NA,NA
/tangrams/78_259.png,tangram,NA,NA
/tangrams/78_357.png,tangram,NA,NA
/tangrams/440_456.png,tangram,NA,NA
/tangrams/81_216.png,tangram,NA,NA
/tangrams/440_360.png,tangram,NA,NA
/tangrams/61_233.png,tangram,NA,NA
/tangrams/117_360.png,tangram,NA,NA
/tangrams/103_153.png,tangram,NA,NA
/tangrams/363_77.png,tangram,NA,NA
/tangrams/431_77.png,tangram,NA,NA
/tangrams/61_77.png,tangram,NA,NA
/tangrams/40_77.png,tangram,NA,NA
/tangrams/459_259.png,tangram,NA,NA
/tangrams/459_357.png,tangram,NA,NA
/tangrams/459_291.png,tangram,NA,NA
/tangrams/301_285.png,tangram,NA,NA
/tangrams/232_75.png,tangram,NA,NA
/tangrams/360_153.png,tangram,NA,NA
/tangrams/117_397.png,tangram,NA,NA
/tangrams/181_75.png,tangram,NA,NA
/tangrams/374_307.png,tangram,NA,NA
/tangrams/363_233.png,tangram,NA,NA
/tangrams/232_332.png,tangram,NA,NA
/tangrams/376_437.png,tangram,NA,NA
/tangrams/342_437.png,tangram,NA,NA
/tangrams/181_437.png,tangram,NA,NA
/tangrams/203_259.png,tangram,NA,NA
/tangrams/40_233.png,tangram,NA,NA
/tangrams/431_233.png,tangram,NA,NA
/tangrams/408_212.png,tangram,NA,NA
/tangrams/424_278.png,tangram,NA,NA
/tangrams/277_88.png,tangram,NA,NA
/tangrams/277_81.png,tangram,NA,NA
/tangrams/117_27.png,tangram,NA,NA
/tangrams/30_207.png,tangram,NA,NA
/tangrams/232_437.png,tangram,NA,NA
/tangrams/301_307.png,tangram,NA,NA
/tangrams/360_207.png,tangram,NA,NA
/tangrams/440_0.png,tangram,NA,NA
/tangrams/376_75.png,tangram,NA,NA
/tangrams/288_341.png,tangram,NA,NA
/tangrams/249_47.png,tangram,NA,NA
/tangrams/249_357.png,tangram,NA,NA
/tangrams/249_291.png,tangram,NA,NA
/tangrams/266_278.png,tangram,NA,NA
/tangrams/81_278.png,tangram,NA,NA
/tangrams/223_27.png,tangram,NA,NA
/tangrams/30_153.png,tangram,NA,NA
/tangrams/30_397.png,tangram,NA,NA
/tangrams/360_397.png,tangram,NA,NA
/tangrams/440_27.png,tangram,NA,NA
/tangrams/363_264.png,tangram,NA,NA
/tangrams/40_264.png,tangram,NA,NA
/tangrams/81_212.png,tangram,NA,NA
/tangrams/424_212.png,tangram,NA,NA
/tangrams/266_212.png,tangram,NA,NA
/tangrams/103_207.png,tangram,NA,NA
/tangrams/266_216.png,tangram,NA,NA
/tangrams/391_197.png,tangram,NA,NA
/tangrams/144_67.png,tangram,NA,NA
/tangrams/57_200.png,tangram,NA,NA
/tangrams/144_206.png,tangram,NA,NA
/tangrams/144_226.png,tangram,NA,NA
/tangrams/144_42.png,tangram,NA,NA
/tangrams/150_159.png,tangram,NA,NA
/tangrams/38_226.png,tangram,NA,NA
/tangrams/178_405.png,tangram,NA,NA
/tangrams/320_404.png,tangram,NA,NA
/tangrams/253_270.png,tangram,NA,NA
/tangrams/38_42.png,tangram,NA,NA
/tangrams/38_206.png,tangram,NA,NA
/tangrams/263_419.png,tangram,NA,NA
/tangrams/38_67.png,tangram,NA,NA
/tangrams/428_279.png,tangram,NA,NA
/tangrams/328_364.png,tangram,NA,NA
/tangrams/380_233.png,tangram,NA,NA
/tangrams/257_102.png,tangram,NA,NA
/tangrams/257_233.png,tangram,NA,NA
/tangrams/257_373.png,tangram,NA,NA
/tangrams/257_171.png,tangram,NA,NA
/tangrams/282_380.png,tangram,NA,NA
/tangrams/309_224.png,tangram,NA,NA
/tangrams/359_382.png,tangram,NA,NA
/tangrams/229_169.png,tangram,NA,NA
/tangrams/146_169.png,tangram,NA,NA
/tangrams/146_233.png,tangram,NA,NA
/tangrams/69_392.png,tangram,NA,NA
/tangrams/278_116.png,tangram,NA,NA
/tangrams/37_381.png,tangram,NA,NA
/tangrams/456_157.png,tangram,NA,NA
/tangrams/23_467.png,tangram,NA,NA
/tangrams/422_331.png,tangram,NA,NA
/tangrams/222_290.png,tangram,NA,NA
/tangrams/332_423.png,tangram,NA,NA
/tangrams/353_375.png,tangram,NA,NA
/tangrams/275_343.png,tangram,NA,NA
/tangrams/231_380.png,tangram,NA,NA
/tangrams/282_138.png,tangram,NA,NA
/tangrams/352_217.png,tangram,NA,NA
/tangrams/231_446.png,tangram,NA,NA
/tangrams/234_214.png,tangram,NA,NA
/tangrams/235_326.png,tangram,NA,NA
/tangrams/229_156.png,tangram,NA,NA
/tangrams/167_137.png,tangram,NA,NA
/tangrams/459_88.png,tangram,NA,NA
/tangrams/460_288.png,tangram,NA,NA
/tangrams/413_98.png,tangram,NA,NA
/tangrams/6_171.png,tangram,NA,NA
/tangrams/164_134.png,tangram,NA,NA
/tangrams/300_429.png,tangram,NA,NA
/tangrams/282_429.png,tangram,NA,NA
/tangrams/369_243.png,tangram,NA,NA
/tangrams/161_200.png,tangram,NA,NA
/tangrams/21_451.png,tangram,NA,NA
/tangrams/361_325.png,tangram,NA,NA
/tangrams/107_416.png,tangram,NA,NA
/tangrams/431_194.png,tangram,NA,NA
/tangrams/94_175.png,tangram,NA,NA
/tangrams/9_87.png,tangram,NA,NA
/tangrams/356_108.png,tangram,NA,NA
/tangrams/416_443.png,tangram,NA,NA
/tangrams/48_233.png,tangram,NA,NA
/tangrams/380_102.png,tangram,NA,NA
/tangrams/380_373.png,tangram,NA,NA
/tangrams/432_41.png,tangram,NA,NA
/tangrams/101_24.png,tangram,NA,NA
/tangrams/68_72.png,tangram,NA,NA
/tangrams/440_135.png,tangram,NA,NA
/tangrams/423_169.png,tangram,NA,NA
/tangrams/243_410.png,tangram,NA,NA
/tangrams/137_110.png,tangram,NA,NA
/tangrams/126_161.png,tangram,NA,NA
/tangrams/171_352.png,tangram,NA,NA
/tangrams/423_87.png,tangram,NA,NA
/tangrams/118_74.png,tangram,NA,NA
/tangrams/146_87.png,tangram,NA,NA
/tangrams/146_156.png,tangram,NA,NA
/tangrams/229_87.png,tangram,NA,NA
/tangrams/417_164.png,tangram,NA,NA
/tangrams/9_156.png,tangram,NA,NA
/tangrams/233_69.png,tangram,NA,NA
/tangrams/313_295.png,tangram,NA,NA
/tangrams/423_156.png,tangram,NA,NA
/tangrams/332_339.png,tangram,NA,NA
/tangrams/366_432.png,tangram,NA,NA
/tangrams/138_226.png,tangram,NA,NA
/tangrams/138_206.png,tangram,NA,NA
/tangrams/138_42.png,tangram,NA,NA
/tangrams/300_380.png,tangram,NA,NA
/tangrams/101_138.png,tangram,NA,NA
/tangrams/9_233.png,tangram,NA,NA
/tangrams/231_138.png,tangram,NA,NA
/tangrams/300_446.png,tangram,NA,NA
/tangrams/101_446.png,tangram,NA,NA
/tangrams/282_446.png,tangram,NA,NA
/tangrams/439_425.png,tangram,NA,NA
/tangrams/406_358.png,tangram,NA,NA
/tangrams/118_358.png,tangram,NA,NA
/tangrams/178_358.png,tangram,NA,NA
/tangrams/332_358.png,tangram,NA,NA
/tangrams/101_380.png,tangram,NA,NA
/tangrams/169_404.png,tangram,NA,NA
/tangrams/300_138.png,tangram,NA,NA
/tangrams/355_223.png,tangram,NA,NA
/tangrams/380_171.png,tangram,NA,NA
/tangrams/6_102.png,tangram,NA,NA
/tangrams/9_169.png,tangram,NA,NA
/tangrams/178_208.png,tangram,NA,NA
/tangrams/255_206.png,tangram,NA,NA
/tangrams/406_342.png,tangram,NA,NA
/tangrams/255_226.png,tangram,NA,NA
/tangrams/255_42.png,tangram,NA,NA
/tangrams/255_67.png,tangram,NA,NA
/tangrams/6_373.png,tangram,NA,NA
/tangrams/406_74.png,tangram,NA,NA
/tangrams/251_61.png,tangram,NA,NA
/tangrams/247_407.png,tangram,NA,NA
/tangrams/229_233.png,tangram,NA,NA
/tangrams/101_429.png,tangram,NA,NA
/tangrams/336_378.png,tangram,NA,NA
/tangrams/163_216.png,tangram,NA,NA
/tangrams/106_35.png,tangram,NA,NA
/tangrams/259_265.png,tangram,NA,NA
/tangrams/31_381.png,tangram,NA,NA
/tangrams/332_342.png,tangram,NA,NA
/tangrams/41_272.png,tangram,NA,NA
/tangrams/8_85.png,tangram,NA,NA
/tangrams/48_373.png,tangram,NA,NA
/tangrams/48_171.png,tangram,NA,NA
/tangrams/459_74.png,tangram,NA,NA
/tangrams/178_74.png,tangram,NA,NA
/tangrams/406_405.png,tangram,NA,NA
/tangrams/118_342.png,tangram,NA,NA
/tangrams/118_405.png,tangram,NA,NA
/tangrams/178_342.png,tangram,NA,NA
/tangrams/332_405.png,tangram,NA,NA
/tangrams/174_281.png,tangram,NA,NA
/tangrams/231_429.png,tangram,NA,NA
/tangrams/108_215.png,tangram,NA,NA
/tangrams/211_355.png,tangram,NA,NA
/tangrams/19_49.png,tangram,NA,NA
/tangrams/423_233.png,tangram,NA,NA
/tangrams/213_128.png,tangram,NA,NA
/tangrams/48_102.png,tangram,NA,NA
/tangrams/236_92.png,tangram,NA,NA
/tangrams/6_233.png,tangram,NA,NA
/tangrams/413_81.png,tangram,NA,NA
/tangrams/292_225.png,tangram,NA,NA
/tangrams/243_44.png,tangram,NA,NA
/tangrams/378_409.png,tangram,NA,NA
/tangrams/235_154.png,tangram,NA,NA
/tangrams/181_267.png,tangram,NA,NA
/tangrams/209_402.png,tangram,NA,NA
/tangrams/6_279.png,tangram,NA,NA
/tangrams/220_189.png,tangram,NA,NA
/tangrams/73_24.png,tangram,NA,NA
/tangrams/271_2.png,tangram,NA,NA
/tangrams/398_269.png,tangram,NA,NA
/tangrams/129_19.png,tangram,NA,NA
/tangrams/207_361.png,tangram,NA,NA
/tangrams/24_454.png,tangram,NA,NA
/tangrams/4_370.png,tangram,NA,NA
/tangrams/158_10.png,tangram,NA,NA
/tangrams/117_55.png,tangram,NA,NA
/tangrams/135_223.png,tangram,NA,NA
/tangrams/191_239.png,tangram,NA,NA
/tangrams/49_464.png,tangram,NA,NA
/tangrams/333_115.png,tangram,NA,NA
/tangrams/173_154.png,tangram,NA,NA
/tangrams/21_312.png,tangram,NA,NA
/tangrams/322_317.png,tangram,NA,NA
/tangrams/364_144.png,tangram,NA,NA
/tangrams/467_418.png,tangram,NA,NA
/tangrams/70_457.png,tangram,NA,NA
/tangrams/454_344.png,tangram,NA,NA
/tangrams/323_186.png,tangram,NA,NA
/tangrams/387_172.png,tangram,NA,NA
/tangrams/323_179.png,tangram,NA,NA
/tangrams/430_317.png,tangram,NA,NA
/tangrams/13_252.png,tangram,NA,NA
/tangrams/313_82.png,tangram,NA,NA
/tangrams/259_194.png,tangram,NA,NA
/tangrams/166_313.png,tangram,NA,NA
/tangrams/56_12.png,tangram,NA,NA
/tangrams/99_271.png,tangram,NA,NA
/tangrams/34_465.png,tangram,NA,NA
/tangrams/217_276.png,tangram,NA,NA
/tangrams/27_137.png,tangram,NA,NA
/tangrams/184_91.png,tangram,NA,NA
/tangrams/318_231.png,tangram,NA,NA
/tangrams/363_304.png,tangram,NA,NA
/tangrams/66_307.png,tangram,NA,NA
/tangrams/201_290.png,tangram,NA,NA
/tangrams/103_374.png,tangram,NA,NA
/tangrams/439_89.png,tangram,NA,NA
/tangrams/206_349.png,tangram,NA,NA
/tangrams/192_109.png,tangram,NA,NA
/tangrams/265_38.png,tangram,NA,NA
/tangrams/292_177.png,tangram,NA,NA
/tangrams/380_222.png,tangram,NA,NA
/tangrams/188_262.png,tangram,NA,NA
/tangrams/417_438.png,tangram,NA,NA
/tangrams/239_167.png,tangram,NA,NA
/tangrams/29_137.png,tangram,NA,NA
/tangrams/160_415.png,tangram,NA,NA
/tangrams/57_303.png,tangram,NA,NA
/tangrams/117_383.png,tangram,NA,NA
/tangrams/320_184.png,tangram,NA,NA
/tangrams/38_76.png,tangram,NA,NA
/tangrams/156_447.png,tangram,NA,NA
/tangrams/90_15.png,tangram,NA,NA
/tangrams/367_130.png,tangram,NA,NA
/tangrams/173_221.png,tangram,NA,NA
/tangrams/438_204.png,tangram,NA,NA
/tangrams/240_98.png,tangram,NA,NA
/tangrams/159_199.png,tangram,NA,NA
/tangrams/207_316.png,tangram,NA,NA
/tangrams/214_53.png,tangram,NA,NA
/tangrams/401_416.png,tangram,NA,NA
/tangrams/229_139.png,tangram,NA,NA
/tangrams/109_83.png,tangram,NA,NA
/tangrams/454_278.png,tangram,NA,NA
/tangrams/366_429.png,tangram,NA,NA
/tangrams/445_120.png,tangram,NA,NA
/tangrams/364_297.png,tangram,NA,NA
/tangrams/411_144.png,tangram,NA,NA
/tangrams/150_103.png,tangram,NA,NA
/tangrams/458_160.png,tangram,NA,NA
/tangrams/364_299.png,tangram,NA,NA
/tangrams/63_374.png,tangram,NA,NA
/tangrams/47_151.png,tangram,NA,NA
/tangrams/257_159.png,tangram,NA,NA
/tangrams/314_8.png,tangram,NA,NA
/tangrams/403_12.png,tangram,NA,NA
/tangrams/163_286.png,tangram,NA,NA
/tangrams/389_60.png,tangram,NA,NA
/tangrams/389_331.png,tangram,NA,NA
/tangrams/96_369.png,tangram,NA,NA
/tangrams/157_385.png,tangram,NA,NA
/tangrams/96_130.png,tangram,NA,NA
/tangrams/468_108.png,tangram,NA,NA
/tangrams/268_369.png,tangram,NA,NA
/tangrams/390_108.png,tangram,NA,NA
/tangrams/298_125.png,tangram,NA,NA
/tangrams/299_446.png,tangram,NA,NA
/tangrams/139_0.png,tangram,NA,NA
/tangrams/411_447.png,tangram,NA,NA
/tangrams/456_192.png,tangram,NA,NA
/tangrams/238_131.png,tangram,NA,NA
/tangrams/139_91.png,tangram,NA,NA
/tangrams/410_414.png,tangram,NA,NA
/tangrams/202_233.png,tangram,NA,NA
/tangrams/170_411.png,tangram,NA,NA
/tangrams/53_35.png,tangram,NA,NA
/tangrams/361_170.png,tangram,NA,NA
/tangrams/440_209.png,tangram,NA,NA
/tangrams/23_161.png,tangram,NA,NA
/tangrams/406_64.png,tangram,NA,NA
/tangrams/289_73.png,tangram,NA,NA
/tangrams/177_379.png,tangram,NA,NA
/tangrams/311_33.png,tangram,NA,NA
/tangrams/79_301.png,tangram,NA,NA
/tangrams/24_105.png,tangram,NA,NA
/tangrams/60_251.png,tangram,NA,NA
/tangrams/52_270.png,tangram,NA,NA
/tangrams/241_353.png,tangram,NA,NA
/tangrams/431_436.png,tangram,NA,NA
/tangrams/403_465.png,tangram,NA,NA
/tangrams/271_258.png,tangram,NA,NA
/tangrams/362_465.png,tangram,NA,NA
/tangrams/179_103.png,tangram,NA,NA
/tangrams/435_215.png,tangram,NA,NA
/tangrams/124_320.png,tangram,NA,NA
/tangrams/230_378.png,tangram,NA,NA
/tangrams/286_434.png,tangram,NA,NA
/tangrams/415_363.png,tangram,NA,NA
/tangrams/147_226.png,tangram,NA,NA
/tangrams/132_30.png,tangram,NA,NA
/tangrams/426_17.png,tangram,NA,NA
/tangrams/337_401.png,tangram,NA,NA
/tangrams/181_132.png,tangram,NA,NA
/tangrams/121_425.png,tangram,NA,NA
/tangrams/394_286.png,tangram,NA,NA
/tangrams/205_339.png,tangram,NA,NA
/tangrams/24_150.png,tangram,NA,NA
/tangrams/469_79.png,tangram,NA,NA
/tangrams/386_321.png,tangram,NA,NA
/tangrams/212_20.png,tangram,NA,NA
/tangrams/349_68.png,tangram,NA,NA
/tangrams/304_115.png,tangram,NA,NA
/tangrams/122_255.png,tangram,NA,NA
/tangrams/288_362.png,tangram,NA,NA
/tangrams/191_268.png,tangram,NA,NA
/tangrams/169_394.png,tangram,NA,NA
/tangrams/266_359.png,tangram,NA,NA
/tangrams/199_357.png,tangram,NA,NA
/tangrams/67_58.png,tangram,NA,NA
/tangrams/257_149.png,tangram,NA,NA
/tangrams/163_222.png,tangram,NA,NA
/tangrams/6_93.png,tangram,NA,NA
/tangrams/185_381.png,tangram,NA,NA
/tangrams/268_292.png,tangram,NA,NA
/tangrams/290_182.png,tangram,NA,NA
/tangrams/210_332.png,tangram,NA,NA
/tangrams/441_357.png,tangram,NA,NA
/tangrams/400_379.png,tangram,NA,NA
/tangrams/448_366.png,tangram,NA,NA
/tangrams/242_215.png,tangram,NA,NA
/tangrams/391_233.png,tangram,NA,NA
/tangrams/310_214.png,tangram,NA,NA
/tangrams/403_208.png,tangram,NA,NA
/tangrams/268_234.png,tangram,NA,NA
/tangrams/28_48.png,tangram,NA,NA
/tangrams/122_298.png,tangram,NA,NA
/tangrams/60_345.png,tangram,NA,NA
/tangrams/439_314.png,tangram,NA,NA
/tangrams/180_204.png,tangram,NA,NA
/tangrams/389_297.png,tangram,NA,NA
/tangrams/173_216.png,tangram,NA,NA
/tangrams/7_226.png,tangram,NA,NA
/tangrams/439_81.png,tangram,NA,NA
/tangrams/104_218.png,tangram,NA,NA
/tangrams/37_379.png,tangram,NA,NA
/tangrams/282_449.png,tangram,NA,NA
/tangrams/28_385.png,tangram,NA,NA
/tangrams/346_434.png,tangram,NA,NA
/tangrams/59_81.png,tangram,NA,NA
/tangrams/406_23.png,tangram,NA,NA
/tangrams/207_350.png,tangram,NA,NA
/tangrams/51_442.png,tangram,NA,NA
/tangrams/284_239.png,tangram,NA,NA
/tangrams/449_370.png,tangram,NA,NA
/tangrams/370_387.png,tangram,NA,NA
/tangrams/100_47.png,tangram,NA,NA
/tangrams/394_419.png,tangram,NA,NA
/tangrams/218_258.png,tangram,NA,NA
/tangrams/352_172.png,tangram,NA,NA
/tangrams/421_352.png,tangram,NA,NA
/tangrams/138_316.png,tangram,NA,NA
/tangrams/48_172.png,tangram,NA,NA
/tangrams/171_285.png,tangram,NA,NA
/tangrams/138_227.png,tangram,NA,NA
/tangrams/203_301.png,tangram,NA,NA
/tangrams/62_381.png,tangram,NA,NA
/tangrams/135_384.png,tangram,NA,NA
/tangrams/412_219.png,tangram,NA,NA
/tangrams/106_289.png,tangram,NA,NA
/tangrams/287_136.png,tangram,NA,NA
/tangrams/149_425.png,tangram,NA,NA
/tangrams/172_381.png,tangram,NA,NA
/tangrams/257_132.png,tangram,NA,NA
/tangrams/121_136.png,tangram,NA,NA
/tangrams/5_249.png,tangram,NA,NA
/tangrams/243_179.png,tangram,NA,NA
/tangrams/127_124.png,tangram,NA,NA
/tangrams/111_120.png,tangram,NA,NA
/tangrams/356_398.png,tangram,NA,NA
/tangrams/257_128.png,tangram,NA,NA
/tangrams/214_426.png,tangram,NA,NA
/tangrams/245_136.png,tangram,NA,NA
/tangrams/167_421.png,tangram,NA,NA
/tangrams/171_388.png,tangram,NA,NA
/tangrams/391_105.png,tangram,NA,NA
/tangrams/140_110.png,tangram,NA,NA
/tangrams/461_46.png,tangram,NA,NA
/tangrams/387_15.png,tangram,NA,NA
/tangrams/199_196.png,tangram,NA,NA
/tangrams/325_273.png,tangram,NA,NA
/tangrams/324_271.png,tangram,NA,NA
/tangrams/247_227.png,tangram,NA,NA
/tangrams/31_326.png,tangram,NA,NA
/tangrams/110_301.png,tangram,NA,NA
/tangrams/220_181.png,tangram,NA,NA
/tangrams/204_166.png,tangram,NA,NA
/tangrams/343_350.png,tangram,NA,NA
/tangrams/65_134.png,tangram,NA,NA
/tangrams/424_365.png,tangram,NA,NA
/tangrams/359_41.png,tangram,NA,NA
/tangrams/447_415.png,tangram,NA,NA
/tangrams/403_312.png,tangram,NA,NA
/tangrams/3_53.png,tangram,NA,NA
/tangrams/156_386.png,tangram,NA,NA
/tangrams/428_275.png,tangram,NA,NA
/tangrams/7_103.png,tangram,NA,NA
/tangrams/275_397.png,tangram,NA,NA
/tangrams/370_445.png,tangram,NA,NA
/tangrams/159_40.png,tangram,NA,NA
/tangrams/469_197.png,tangram,NA,NA
/tangrams/48_446.png,tangram,NA,NA
/tangrams/397_131.png,tangram,NA,NA
/tangrams/296_222.png,tangram,NA,NA
/tangrams/358_324.png,tangram,NA,NA
/tangrams/397_43.png,tangram,NA,NA
/tangrams/181_425.png,tangram,NA,NA
/tangrams/376_79.png,tangram,NA,NA
/tangrams/27_348.png,tangram,NA,NA
/tangrams/356_236.png,tangram,NA,NA
/tangrams/415_396.png,tangram,NA,NA
/tangrams/123_377.png,tangram,NA,NA
/tangrams/107_455.png,tangram,NA,NA
/tangrams/427_14.png,tangram,NA,NA
/tangrams/156_237.png,tangram,NA,NA
/tangrams/250_298.png,tangram,NA,NA
/tangrams/359_300.png,tangram,NA,NA
/tangrams/152_273.png,tangram,NA,NA
/tangrams/425_380.png,tangram,NA,NA
/tangrams/164_95.png,tangram,NA,NA
/tangrams/458_198.png,tangram,NA,NA
/tangrams/15_158.png,tangram,NA,NA
/tangrams/171_414.png,tangram,NA,NA
/tangrams/453_158.png,tangram,NA,NA
/tangrams/463_250.png,tangram,NA,NA
/tangrams/347_433.png,tangram,NA,NA
/tangrams/122_400.png,tangram,NA,NA
/tangrams/337_135.png,tangram,NA,NA
/tangrams/84_382.png,tangram,NA,NA
/tangrams/392_15.png,tangram,NA,NA
/tangrams/381_43.png,tangram,NA,NA
/tangrams/304_17.png,tangram,NA,NA
/tangrams/290_127.png,tangram,NA,NA
/tangrams/461_9.png,tangram,NA,NA
/tangrams/77_69.png,tangram,NA,NA
/tangrams/155_122.png,tangram,NA,NA
/tangrams/215_290.png,tangram,NA,NA
/tangrams/119_60.png,tangram,NA,NA
/tangrams/213_319.png,tangram,NA,NA
/tangrams/283_26.png,tangram,NA,NA
/tangrams/398_177.png,tangram,NA,NA
/tangrams/217_179.png,tangram,NA,NA
/tangrams/152_51.png,tangram,NA,NA
/tangrams/369_165.png,tangram,NA,NA
/tangrams/425_134.png,tangram,NA,NA
/tangrams/165_397.png,tangram,NA,NA
/tangrams/65_454.png,tangram,NA,NA
/tangrams/112_285.png,tangram,NA,NA
/tangrams/107_387.png,tangram,NA,NA
/tangrams/388_246.png,tangram,NA,NA
/tangrams/350_141.png,tangram,NA,NA
/tangrams/98_431.png,tangram,NA,NA
/tangrams/234_225.png,tangram,NA,NA
/tangrams/390_419.png,tangram,NA,NA
/tangrams/398_132.png,tangram,NA,NA
/tangrams/79_459.png,tangram,NA,NA
/tangrams/400_63.png,tangram,NA,NA
/tangrams/234_316.png,tangram,NA,NA
/tangrams/315_107.png,tangram,NA,NA
/tangrams/181_390.png,tangram,NA,NA
/tangrams/354_257.png,tangram,NA,NA
/tangrams/23_440.png,tangram,NA,NA
/tangrams/214_186.png,tangram,NA,NA
/tangrams/236_37.png,tangram,NA,NA
/tangrams/453_109.png,tangram,NA,NA
/tangrams/252_318.png,tangram,NA,NA
/tangrams/311_200.png,tangram,NA,NA
/tangrams/424_65.png,tangram,NA,NA
/tangrams/163_210.png,tangram,NA,NA
/tangrams/99_211.png,tangram,NA,NA
/tangrams/323_217.png,tangram,NA,NA
/tangrams/168_93.png,tangram,NA,NA
/tangrams/409_389.png,tangram,NA,NA
/tangrams/330_79.png,tangram,NA,NA
/tangrams/468_334.png,tangram,NA,NA
/tangrams/45_145.png,tangram,NA,NA
/tangrams/441_5.png,tangram,NA,NA
/tangrams/120_4.png,tangram,NA,NA
/tangrams/259_264.png,tangram,NA,NA
/tangrams/12_452.png,tangram,NA,NA
/tangrams/80_346.png,tangram,NA,NA
/tangrams/434_126.png,tangram,NA,NA
/tangrams/237_141.png,tangram,NA,NA
/tangrams/63_47.png,tangram,NA,NA
/tangrams/199_53.png,tangram,NA,NA
/tangrams/443_334.png,tangram,NA,NA
/tangrams/364_312.png,tangram,NA,NA
/tangrams/44_10.png,tangram,NA,NA
/tangrams/229_241.png,tangram,NA,NA
/tangrams/300_314.png,tangram,NA,NA
/tangrams/374_314.png,tangram,NA,NA
/tangrams/83_331.png,tangram,NA,NA
/tangrams/83_209.png,tangram,NA,NA
/tangrams/408_137.png,tangram,NA,NA
/tangrams/83_447.png,tangram,NA,NA
/tangrams/91_0.png,tangram,NA,NA
/tangrams/51_137.png,tangram,NA,NA
/tangrams/374_186.png,tangram,NA,NA
/tangrams/191_277.png,tangram,NA,NA
/tangrams/83_237.png,tangram,NA,NA
/tangrams/232_93.png,tangram,NA,NA
/tangrams/336_358.png,tangram,NA,NA
/tangrams/355_241.png,tangram,NA,NA
/tangrams/374_293.png,tangram,NA,NA
/tangrams/300_293.png,tangram,NA,NA
/tangrams/53_293.png,tangram,NA,NA
/tangrams/336_293.png,tangram,NA,NA
/tangrams/336_86.png,tangram,NA,NA
/tangrams/374_447.png,tangram,NA,NA
/tangrams/441_0.png,tangram,NA,NA
/tangrams/51_93.png,tangram,NA,NA
/tangrams/51_192.png,tangram,NA,NA
/tangrams/44_277.png,tangram,NA,NA
/tangrams/355_0.png,tangram,NA,NA
/tangrams/130_93.png,tangram,NA,NA
/tangrams/84_180.png,tangram,NA,NA
/tangrams/411_108.png,tangram,NA,NA
/tangrams/408_93.png,tangram,NA,NA
/tangrams/411_5.png,tangram,NA,NA
/tangrams/44_5.png,tangram,NA,NA
/tangrams/411_358.png,tangram,NA,NA
/tangrams/336_39.png,tangram,NA,NA
/tangrams/91_241.png,tangram,NA,NA
/tangrams/411_10.png,tangram,NA,NA
/tangrams/411_39.png,tangram,NA,NA
/tangrams/300_186.png,tangram,NA,NA
/tangrams/232_192.png,tangram,NA,NA
/tangrams/336_186.png,tangram,NA,NA
/tangrams/191_5.png,tangram,NA,NA
/tangrams/411_277.png,tangram,NA,NA
/tangrams/44_108.png,tangram,NA,NA
/tangrams/84_34.png,tangram,NA,NA
/tangrams/84_391.png,tangram,NA,NA
/tangrams/90_358.png,tangram,NA,NA
/tangrams/90_39.png,tangram,NA,NA
/tangrams/90_426.png,tangram,NA,NA
/tangrams/408_447.png,tangram,NA,NA
/tangrams/283_277.png,tangram,NA,NA
/tangrams/32_83.png,tangram,NA,NA
/tangrams/17_336.png,tangram,NA,NA
/tangrams/405_336.png,tangram,NA,NA
/tangrams/130_447.png,tangram,NA,NA
/tangrams/123_336.png,tangram,NA,NA
/tangrams/232_447.png,tangram,NA,NA
/tangrams/32_336.png,tangram,NA,NA
/tangrams/408_192.png,tangram,NA,NA
/tangrams/53_314.png,tangram,NA,NA
/tangrams/283_10.png,tangram,NA,NA
/tangrams/336_314.png,tangram,NA,NA
/tangrams/457_391.png,tangram,NA,NA
/tangrams/283_108.png,tangram,NA,NA
/tangrams/283_5.png,tangram,NA,NA
/tangrams/102_447.png,tangram,NA,NA
/tangrams/374_331.png,tangram,NA,NA
/tangrams/374_209.png,tangram,NA,NA
/tangrams/374_86.png,tangram,NA,NA
/tangrams/374_237.png,tangram,NA,NA
/tangrams/140_166.png,tangram,NA,NA
/tangrams/232_137.png,tangram,NA,NA
/tangrams/441_241.png,tangram,NA,NA
/tangrams/123_83.png,tangram,NA,NA
/tangrams/53_186.png,tangram,NA,NA
/tangrams/140_358.png,tangram,NA,NA
/tangrams/17_239.png,tangram,NA,NA
/tangrams/17_73.png,tangram,NA,NA
/tangrams/17_83.png,tangram,NA,NA
/tangrams/84_207.png,tangram,NA,NA
/tangrams/457_207.png,tangram,NA,NA
/tangrams/355_155.png,tangram,NA,NA
/tangrams/441_155.png,tangram,NA,NA
/tangrams/91_155.png,tangram,NA,NA
/tangrams/229_155.png,tangram,NA,NA
/tangrams/405_239.png,tangram,NA,NA
/tangrams/405_73.png,tangram,NA,NA
/tangrams/405_83.png,tangram,NA,NA
/tangrams/384_207.png,tangram,NA,NA
/tangrams/384_391.png,tangram,NA,NA
/tangrams/384_180.png,tangram,NA,NA
/tangrams/384_34.png,tangram,NA,NA
/tangrams/456_100.png,tangram,NA,NA
/tangrams/63_391.png,tangram,NA,NA
/tangrams/300_86.png,tangram,NA,NA
/tangrams/123_239.png,tangram,NA,NA
/tangrams/32_239.png,tangram,NA,NA
/tangrams/53_86.png,tangram,NA,NA
/tangrams/51_447.png,tangram,NA,NA
/tangrams/130_192.png,tangram,NA,NA
/tangrams/63_34.png,tangram,NA,NA
/tangrams/229_0.png,tangram,NA,NA
/tangrams/63_180.png,tangram,NA,NA
/tangrams/191_10.png,tangram,NA,NA
/tangrams/123_73.png,tangram,NA,NA
/tangrams/32_73.png,tangram,NA,NA
/tangrams/63_207.png,tangram,NA,NA
/tangrams/178_331.png,tangram,NA,NA
/tangrams/355_31.png,tangram,NA,NA
/tangrams/178_237.png,tangram,NA,NA
/tangrams/456_94.png,tangram,NA,NA
/tangrams/219_100.png,tangram,NA,NA
/tangrams/304_100.png,tangram,NA,NA
/tangrams/304_386.png,tangram,NA,NA
/tangrams/219_94.png,tangram,NA,NA
/tangrams/456_163.png,tangram,NA,NA
/tangrams/457_34.png,tangram,NA,NA
/tangrams/178_209.png,tangram,NA,NA
/tangrams/90_166.png,tangram,NA,NA
/tangrams/336_426.png,tangram,NA,NA
/tangrams/102_237.png,tangram,NA,NA
/tangrams/336_166.png,tangram,NA,NA
/tangrams/457_180.png,tangram,NA,NA
/tangrams/411_166.png,tangram,NA,NA
/tangrams/411_426.png,tangram,NA,NA
/tangrams/191_108.png,tangram,NA,NA
/tangrams/130_137.png,tangram,NA,NA
/tangrams/229_31.png,tangram,NA,NA
/tangrams/102_209.png,tangram,NA,NA
/tangrams/178_447.png,tangram,NA,NA
/tangrams/140_426.png,tangram,NA,NA
/tangrams/441_31.png,tangram,NA,NA
/tangrams/91_31.png,tangram,NA,NA
/tangrams/140_39.png,tangram,NA,NA
/tangrams/102_331.png,tangram,NA,NA
/tangrams/304_163.png,tangram,NA,NA
/tangrams/377_299.png,tangram,NA,NA
/tangrams/12_66.png,tangram,NA,NA
/tangrams/12_118.png,tangram,NA,NA
/tangrams/110_429.png,tangram,NA,NA
/tangrams/393_62.png,tangram,NA,NA
/tangrams/263_286.png,tangram,NA,NA
/tangrams/137_75.png,tangram,NA,NA
/tangrams/27_118.png,tangram,NA,NA
/tangrams/27_66.png,tangram,NA,NA
/tangrams/27_327.png,tangram,NA,NA
/tangrams/160_62.png,tangram,NA,NA
/tangrams/377_118.png,tangram,NA,NA
/tangrams/207_118.png,tangram,NA,NA
/tangrams/207_189.png,tangram,NA,NA
/tangrams/207_299.png,tangram,NA,NA
/tangrams/195_137.png,tangram,NA,NA
/tangrams/126_32.png,tangram,NA,NA
/tangrams/359_327.png,tangram,NA,NA
/tangrams/131_355.png,tangram,NA,NA
/tangrams/137_465.png,tangram,NA,NA
/tangrams/160_232.png,tangram,NA,NA
/tangrams/427_118.png,tangram,NA,NA
/tangrams/359_66.png,tangram,NA,NA
/tangrams/160_327.png,tangram,NA,NA
/tangrams/96_333.png,tangram,NA,NA
/tangrams/101_333.png,tangram,NA,NA
/tangrams/112_333.png,tangram,NA,NA
/tangrams/443_3.png,tangram,NA,NA
/tangrams/8_465.png,tangram,NA,NA
/tangrams/395_333.png,tangram,NA,NA
/tangrams/160_75.png,tangram,NA,NA
/tangrams/399_384.png,tangram,NA,NA
/tangrams/454_235.png,tangram,NA,NA
/tangrams/468_290.png,tangram,NA,NA
/tangrams/393_232.png,tangram,NA,NA
/tangrams/305_137.png,tangram,NA,NA
/tangrams/110_137.png,tangram,NA,NA
/tangrams/430_189.png,tangram,NA,NA
/tangrams/142_57.png,tangram,NA,NA
/tangrams/137_62.png,tangram,NA,NA
/tangrams/195_429.png,tangram,NA,NA
/tangrams/195_157.png,tangram,NA,NA
/tangrams/348_163.png,tangram,NA,NA
/tangrams/198_444.png,tangram,NA,NA
/tangrams/142_32.png,tangram,NA,NA
/tangrams/348_157.png,tangram,NA,NA
/tangrams/338_293.png,tangram,NA,NA
/tangrams/391_335.png,tangram,NA,NA
/tangrams/348_429.png,tangram,NA,NA
/tangrams/305_429.png,tangram,NA,NA
/tangrams/305_157.png,tangram,NA,NA
/tangrams/110_163.png,tangram,NA,NA
/tangrams/202_444.png,tangram,NA,NA
/tangrams/387_444.png,tangram,NA,NA
/tangrams/92_168.png,tangram,NA,NA
/tangrams/373_48.png,tangram,NA,NA
/tangrams/263_134.png,tangram,NA,NA
/tangrams/430_118.png,tangram,NA,NA
/tangrams/387_94.png,tangram,NA,NA
/tangrams/393_75.png,tangram,NA,NA
/tangrams/198_94.png,tangram,NA,NA
/tangrams/443_399.png,tangram,NA,NA
/tangrams/67_199.png,tangram,NA,NA
/tangrams/198_389.png,tangram,NA,NA
/tangrams/181_327.png,tangram,NA,NA
/tangrams/157_40.png,tangram,NA,NA
/tangrams/383_40.png,tangram,NA,NA
/tangrams/338_40.png,tangram,NA,NA
/tangrams/8_75.png,tangram,NA,NA
/tangrams/406_164.png,tangram,NA,NA
/tangrams/12_327.png,tangram,NA,NA
/tangrams/181_66.png,tangram,NA,NA
/tangrams/181_299.png,tangram,NA,NA
/tangrams/191_299.png,tangram,NA,NA
/tangrams/92_299.png,tangram,NA,NA
/tangrams/116_428.png,tangram,NA,NA
/tangrams/427_135.png,tangram,NA,NA
/tangrams/8_232.png,tangram,NA,NA
/tangrams/430_299.png,tangram,NA,NA
/tangrams/433_15.png,tangram,NA,NA
/tangrams/427_299.png,tangram,NA,NA
/tangrams/290_299.png,tangram,NA,NA
/tangrams/395_189.png,tangram,NA,NA
/tangrams/112_189.png,tangram,NA,NA
/tangrams/101_189.png,tangram,NA,NA
/tangrams/96_189.png,tangram,NA,NA
/tangrams/406_437.png,tangram,NA,NA
/tangrams/118_355.png,tangram,NA,NA
/tangrams/118_290.png,tangram,NA,NA
/tangrams/131_408.png,tangram,NA,NA
/tangrams/399_134.png,tangram,NA,NA
/tangrams/118_408.png,tangram,NA,NA
/tangrams/468_408.png,tangram,NA,NA
/tangrams/226_408.png,tangram,NA,NA
/tangrams/191_168.png,tangram,NA,NA
/tangrams/377_3.png,tangram,NA,NA
/tangrams/8_62.png,tangram,NA,NA
/tangrams/144_322.png,tangram,NA,NA
/tangrams/160_322.png,tangram,NA,NA
/tangrams/454_322.png,tangram,NA,NA
/tangrams/468_461.png,tangram,NA,NA
/tangrams/226_461.png,tangram,NA,NA
/tangrams/241_199.png,tangram,NA,NA
/tangrams/112_277.png,tangram,NA,NA
/tangrams/468_161.png,tangram,NA,NA
/tangrams/144_161.png,tangram,NA,NA
/tangrams/144_453.png,tangram,NA,NA
/tangrams/468_453.png,tangram,NA,NA
/tangrams/36_335.png,tangram,NA,NA
/tangrams/131_290.png,tangram,NA,NA
/tangrams/226_290.png,tangram,NA,NA
/tangrams/144_327.png,tangram,NA,NA
/tangrams/48_327.png,tangram,NA,NA
/tangrams/454_327.png,tangram,NA,NA
/tangrams/195_163.png,tangram,NA,NA
/tangrams/29_48.png,tangram,NA,NA
/tangrams/84_48.png,tangram,NA,NA
/tangrams/260_48.png,tangram,NA,NA
/tangrams/154_164.png,tangram,NA,NA
/tangrams/440_164.png,tangram,NA,NA
/tangrams/256_164.png,tangram,NA,NA
/tangrams/339_384.png,tangram,NA,NA
/tangrams/395_277.png,tangram,NA,NA
/tangrams/96_277.png,tangram,NA,NA
/tangrams/101_277.png,tangram,NA,NA
/tangrams/116_286.png,tangram,NA,NA
/tangrams/160_465.png,tangram,NA,NA
/tangrams/393_465.png,tangram,NA,NA
/tangrams/358_40.png,tangram,NA,NA
/tangrams/358_427.png,tangram,NA,NA
/tangrams/358_293.png,tangram,NA,NA
/tangrams/358_307.png,tangram,NA,NA
/tangrams/348_137.png,tangram,NA,NA
/tangrams/207_135.png,tangram,NA,NA
/tangrams/430_135.png,tangram,NA,NA
/tangrams/377_135.png,tangram,NA,NA
/tangrams/117_15.png,tangram,NA,NA
/tangrams/157_427.png,tangram,NA,NA
/tangrams/427_189.png,tangram,NA,NA
/tangrams/116_134.png,tangram,NA,NA
/tangrams/359_118.png,tangram,NA,NA
/tangrams/126_399.png,tangram,NA,NA
/tangrams/377_399.png,tangram,NA,NA
/tangrams/12_134.png,tangram,NA,NA
/tangrams/443_57.png,tangram,NA,NA
/tangrams/399_14.png,tangram,NA,NA
/tangrams/399_2.png,tangram,NA,NA
/tangrams/468_355.png,tangram,NA,NA
/tangrams/117_134.png,tangram,NA,NA
/tangrams/433_134.png,tangram,NA,NA
/tangrams/313_335.png,tangram,NA,NA
/tangrams/12_384.png,tangram,NA,NA
/tangrams/127_134.png,tangram,NA,NA
/tangrams/313_439.png,tangram,NA,NA
/tangrams/313_145.png,tangram,NA,NA
/tangrams/263_15.png,tangram,NA,NA
/tangrams/263_428.png,tangram,NA,NA
/tangrams/383_307.png,tangram,NA,NA
/tangrams/157_307.png,tangram,NA,NA
/tangrams/338_307.png,tangram,NA,NA
/tangrams/181_418.png,tangram,NA,NA
/tangrams/290_418.png,tangram,NA,NA
/tangrams/92_418.png,tangram,NA,NA
/tangrams/191_418.png,tangram,NA,NA
/tangrams/181_118.png,tangram,NA,NA
/tangrams/377_57.png,tangram,NA,NA
/tangrams/391_150.png,tangram,NA,NA
/tangrams/181_150.png,tangram,NA,NA
/tangrams/126_3.png,tangram,NA,NA
/tangrams/36_150.png,tangram,NA,NA
/tangrams/387_389.png,tangram,NA,NA
/tangrams/305_163.png,tangram,NA,NA
/tangrams/137_232.png,tangram,NA,NA
/tangrams/202_94.png,tangram,NA,NA
/tangrams/181_168.png,tangram,NA,NA
/tangrams/180_94.png,tangram,NA,NA
/tangrams/313_150.png,tangram,NA,NA
/tangrams/377_189.png,tangram,NA,NA
/tangrams/116_15.png,tangram,NA,NA
/tangrams/181_145.png,tangram,NA,NA
/tangrams/256_384.png,tangram,NA,NA
/tangrams/406_384.png,tangram,NA,NA
/tangrams/440_384.png,tangram,NA,NA
/tangrams/154_384.png,tangram,NA,NA
/tangrams/181_439.png,tangram,NA,NA
/tangrams/433_428.png,tangram,NA,NA
/tangrams/143_161.png,tangram,NA,NA
/tangrams/126_57.png,tangram,NA,NA
/tangrams/339_453.png,tangram,NA,NA
/tangrams/339_324.png,tangram,NA,NA
/tangrams/468_324.png,tangram,NA,NA
/tangrams/191_352.png,tangram,NA,NA
/tangrams/241_302.png,tangram,NA,NA
/tangrams/1_428.png,tangram,NA,NA
/tangrams/339_366.png,tangram,NA,NA
/tangrams/143_366.png,tangram,NA,NA
/tangrams/181_352.png,tangram,NA,NA
/tangrams/144_366.png,tangram,NA,NA
/tangrams/468_366.png,tangram,NA,NA
/tangrams/12_2.png,tangram,NA,NA
/tangrams/12_14.png,tangram,NA,NA
/tangrams/84_152.png,tangram,NA,NA
/tangrams/29_152.png,tangram,NA,NA
/tangrams/377_32.png,tangram,NA,NA
/tangrams/92_352.png,tangram,NA,NA
/tangrams/198_115.png,tangram,NA,NA
/tangrams/339_134.png,tangram,NA,NA
/tangrams/180_115.png,tangram,NA,NA
/tangrams/180_444.png,tangram,NA,NA
/tangrams/202_389.png,tangram,NA,NA
/tangrams/387_115.png,tangram,NA,NA
/tangrams/202_115.png,tangram,NA,NA
/tangrams/339_14.png,tangram,NA,NA
/tangrams/290_352.png,tangram,NA,NA
/tangrams/67_302.png,tangram,NA,NA
/tangrams/131_461.png,tangram,NA,NA
/tangrams/339_161.png,tangram,NA,NA
/tangrams/181_335.png,tangram,NA,NA
/tangrams/67_428.png,tangram,NA,NA
/tangrams/166_428.png,tangram,NA,NA
/tangrams/241_428.png,tangram,NA,NA
/tangrams/117_428.png,tangram,NA,NA
/tangrams/143_324.png,tangram,NA,NA
/tangrams/157_293.png,tangram,NA,NA
/tangrams/433_286.png,tangram,NA,NA
/tangrams/144_447.png,tangram,NA,NA
/tangrams/142_3.png,tangram,NA,NA
/tangrams/144_324.png,tangram,NA,NA
/tangrams/166_302.png,tangram,NA,NA
/tangrams/406_226.png,tangram,NA,NA
/tangrams/154_226.png,tangram,NA,NA
/tangrams/440_437.png,tangram,NA,NA
/tangrams/1_199.png,tangram,NA,NA
/tangrams/241_293.png,tangram,NA,NA
/tangrams/339_2.png,tangram,NA,NA
/tangrams/383_427.png,tangram,NA,NA
/tangrams/160_235.png,tangram,NA,NA
/tangrams/127_14.png,tangram,NA,NA
/tangrams/12_364.png,tangram,NA,NA
/tangrams/27_364.png,tangram,NA,NA
/tangrams/290_168.png,tangram,NA,NA
/tangrams/112_352.png,tangram,NA,NA
/tangrams/373_320.png,tangram,NA,NA
/tangrams/127_2.png,tangram,NA,NA
/tangrams/127_384.png,tangram,NA,NA
/tangrams/338_427.png,tangram,NA,NA
/tangrams/440_226.png,tangram,NA,NA
/tangrams/391_439.png,tangram,NA,NA
/tangrams/391_145.png,tangram,NA,NA
/tangrams/36_439.png,tangram,NA,NA
/tangrams/118_461.png,tangram,NA,NA
/tangrams/144_235.png,tangram,NA,NA
/tangrams/1_302.png,tangram,NA,NA
/tangrams/36_145.png,tangram,NA,NA
/tangrams/166_199.png,tangram,NA,NA
/tangrams/48_235.png,tangram,NA,NA
/tangrams/48_447.png,tangram,NA,NA
/tangrams/48_322.png,tangram,NA,NA
/tangrams/260_152.png,tangram,NA,NA
/tangrams/373_152.png,tangram,NA,NA
/tangrams/84_320.png,tangram,NA,NA
/tangrams/260_320.png,tangram,NA,NA
/tangrams/29_320.png,tangram,NA,NA
/tangrams/142_399.png,tangram,NA,NA
/tangrams/160_447.png,tangram,NA,NA
/tangrams/117_286.png,tangram,NA,NA
/tangrams/101_352.png,tangram,NA,NA
/tangrams/96_352.png,tangram,NA,NA
/tangrams/395_352.png,tangram,NA,NA
/tangrams/143_453.png,tangram,NA,NA
/tangrams/359_364.png,tangram,NA,NA
/tangrams/256_437.png,tangram,NA,NA
/tangrams/84_467.png,tangram,NA,NA
/tangrams/383_293.png,tangram,NA,NA
/tangrams/260_467.png,tangram,NA,NA
/tangrams/373_467.png,tangram,NA,NA
/tangrams/29_467.png,tangram,NA,NA
/tangrams/443_32.png,tangram,NA,NA
/tangrams/226_355.png,tangram,NA,NA
/tangrams/180_389.png,tangram,NA,NA
/tangrams/256_226.png,tangram,NA,NA
/tangrams/454_447.png,tangram,NA,NA
/tangrams/154_437.png,tangram,NA,NA
/tangrams/181_364.png,tangram,NA,NA
/tangrams/166_293.png,tangram,NA,NA
/tangrams/67_293.png,tangram,NA,NA
/tangrams/1_293.png,tangram,NA,NA
/tangrams/271_191.png,tangram,NA,NA
/tangrams/331_324.png,tangram,NA,NA
/tangrams/199_364.png,tangram,NA,NA
/tangrams/265_367.png,tangram,NA,NA
/tangrams/372_6.png,tangram,NA,NA
/tangrams/52_132.png,tangram,NA,NA
/tangrams/355_456.png,tangram,NA,NA
/tangrams/461_443.png,tangram,NA,NA
/tangrams/265_443.png,tangram,NA,NA
/tangrams/161_404.png,tangram,NA,NA
/tangrams/68_428.png,tangram,NA,NA
/tangrams/89_432.png,tangram,NA,NA
/tangrams/68_317.png,tangram,NA,NA
/tangrams/2_198.png,tangram,NA,NA
/tangrams/8_182.png,tangram,NA,NA
/tangrams/99_245.png,tangram,NA,NA
/tangrams/8_324.png,tangram,NA,NA
/tangrams/372_265.png,tangram,NA,NA
/tangrams/215_265.png,tangram,NA,NA
/tangrams/340_37.png,tangram,NA,NA
/tangrams/215_37.png,tangram,NA,NA
/tangrams/143_108.png,tangram,NA,NA
/tangrams/399_311.png,tangram,NA,NA
/tangrams/113_355.png,tangram,NA,NA
/tangrams/314_428.png,tangram,NA,NA
/tangrams/48_331.png,tangram,NA,NA
/tangrams/436_331.png,tangram,NA,NA
/tangrams/371_372.png,tangram,NA,NA
/tangrams/166_48.png,tangram,NA,NA
/tangrams/314_159.png,tangram,NA,NA
/tangrams/314_317.png,tangram,NA,NA
/tangrams/49_323.png,tangram,NA,NA
/tangrams/314_432.png,tangram,NA,NA
/tangrams/113_292.png,tangram,NA,NA
/tangrams/399_265.png,tangram,NA,NA
/tangrams/52_174.png,tangram,NA,NA
/tangrams/27_70.png,tangram,NA,NA
/tangrams/52_84.png,tangram,NA,NA
/tangrams/18_174.png,tangram,NA,NA
/tangrams/426_254.png,tangram,NA,NA
/tangrams/387_70.png,tangram,NA,NA
/tangrams/234_468.png,tangram,NA,NA
/tangrams/224_84.png,tangram,NA,NA
/tangrams/62_84.png,tangram,NA,NA
/tangrams/18_84.png,tangram,NA,NA
/tangrams/62_137.png,tangram,NA,NA
/tangrams/323_380.png,tangram,NA,NA
/tangrams/181_465.png,tangram,NA,NA
/tangrams/113_198.png,tangram,NA,NA
/tangrams/334_60.png,tangram,NA,NA
/tangrams/399_344.png,tangram,NA,NA
/tangrams/451_380.png,tangram,NA,NA
/tangrams/331_182.png,tangram,NA,NA
/tangrams/205_182.png,tangram,NA,NA
/tangrams/363_198.png,tangram,NA,NA
/tangrams/363_355.png,tangram,NA,NA
/tangrams/2_355.png,tangram,NA,NA
/tangrams/135_443.png,tangram,NA,NA
/tangrams/334_261.png,tangram,NA,NA
/tangrams/49_261.png,tangram,NA,NA
/tangrams/234_463.png,tangram,NA,NA
/tangrams/100_456.png,tangram,NA,NA
/tangrams/148_188.png,tangram,NA,NA
/tangrams/236_198.png,tangram,NA,NA
/tangrams/452_455.png,tangram,NA,NA
/tangrams/2_292.png,tangram,NA,NA
/tangrams/236_14.png,tangram,NA,NA
/tangrams/363_14.png,tangram,NA,NA
/tangrams/2_14.png,tangram,NA,NA
/tangrams/363_292.png,tangram,NA,NA
/tangrams/113_14.png,tangram,NA,NA
/tangrams/461_367.png,tangram,NA,NA
/tangrams/74_296.png,tangram,NA,NA
/tangrams/436_296.png,tangram,NA,NA
/tangrams/353_252.png,tangram,NA,NA
/tangrams/75_329.png,tangram,NA,NA
/tangrams/224_132.png,tangram,NA,NA
/tangrams/18_156.png,tangram,NA,NA
/tangrams/381_2.png,tangram,NA,NA
/tangrams/18_132.png,tangram,NA,NA
/tangrams/110_2.png,tangram,NA,NA
/tangrams/18_428.png,tangram,NA,NA
/tangrams/312_70.png,tangram,NA,NA
/tangrams/110_38.png,tangram,NA,NA
/tangrams/436_294.png,tangram,NA,NA
/tangrams/11_115.png,tangram,NA,NA
/tangrams/397_456.png,tangram,NA,NA
/tangrams/236_292.png,tangram,NA,NA
/tangrams/246_26.png,tangram,NA,NA
/tangrams/452_344.png,tangram,NA,NA
/tangrams/100_465.png,tangram,NA,NA
/tangrams/234_456.png,tangram,NA,NA
/tangrams/253_463.png,tangram,NA,NA
/tangrams/330_3.png,tangram,NA,NA
/tangrams/13_108.png,tangram,NA,NA
/tangrams/181_456.png,tangram,NA,NA
/tangrams/356_418.png,tangram,NA,NA
/tangrams/27_403.png,tangram,NA,NA
/tangrams/330_190.png,tangram,NA,NA
/tangrams/215_6.png,tangram,NA,NA
/tangrams/323_344.png,tangram,NA,NA
/tangrams/97_456.png,tangram,NA,NA
/tangrams/323_419.png,tangram,NA,NA
/tangrams/323_455.png,tangram,NA,NA
/tangrams/74_367.png,tangram,NA,NA
/tangrams/48_20.png,tangram,NA,NA
/tangrams/13_2.png,tangram,NA,NA
/tangrams/13_319.png,tangram,NA,NA
/tangrams/454_137.png,tangram,NA,NA
/tangrams/184_372.png,tangram,NA,NA
/tangrams/135_367.png,tangram,NA,NA
/tangrams/381_108.png,tangram,NA,NA
/tangrams/62_38.png,tangram,NA,NA
/tangrams/164_456.png,tangram,NA,NA
/tangrams/373_20.png,tangram,NA,NA
/tangrams/184_280.png,tangram,NA,NA
/tangrams/137_372.png,tangram,NA,NA
/tangrams/371_280.png,tangram,NA,NA
/tangrams/99_372.png,tangram,NA,NA
/tangrams/373_79.png,tangram,NA,NA
/tangrams/373_158.png,tangram,NA,NA
/tangrams/137_280.png,tangram,NA,NA
/tangrams/436_108.png,tangram,NA,NA
/tangrams/373_419.png,tangram,NA,NA
/tangrams/199_443.png,tangram,NA,NA
/tangrams/246_364.png,tangram,NA,NA
/tangrams/57_329.png,tangram,NA,NA
/tangrams/57_254.png,tangram,NA,NA
/tangrams/399_6.png,tangram,NA,NA
/tangrams/253_465.png,tangram,NA,NA
/tangrams/271_60.png,tangram,NA,NA
/tangrams/81_60.png,tangram,NA,NA
/tangrams/234_465.png,tangram,NA,NA
/tangrams/49_60.png,tangram,NA,NA
/tangrams/355_341.png,tangram,NA,NA
/tangrams/62_132.png,tangram,NA,NA
/tangrams/166_141.png,tangram,NA,NA
/tangrams/291_342.png,tangram,NA,NA
/tangrams/387_120.png,tangram,NA,NA
/tangrams/20_463.png,tangram,NA,NA
/tangrams/110_108.png,tangram,NA,NA
/tangrams/143_294.png,tangram,NA,NA
/tangrams/89_159.png,tangram,NA,NA
/tangrams/89_428.png,tangram,NA,NA
/tangrams/89_317.png,tangram,NA,NA
/tangrams/387_336.png,tangram,NA,NA
/tangrams/178_336.png,tangram,NA,NA
/tangrams/188_336.png,tangram,NA,NA
/tangrams/100_463.png,tangram,NA,NA
/tangrams/181_463.png,tangram,NA,NA
/tangrams/188_274.png,tangram,NA,NA
/tangrams/387_341.png,tangram,NA,NA
/tangrams/34_341.png,tangram,NA,NA
/tangrams/397_341.png,tangram,NA,NA
/tangrams/353_270.png,tangram,NA,NA
/tangrams/265_364.png,tangram,NA,NA
/tangrams/199_287.png,tangram,NA,NA
/tangrams/114_115.png,tangram,NA,NA
/tangrams/157_158.png,tangram,NA,NA
/tangrams/114_316.png,tangram,NA,NA
/tangrams/356_48.png,tangram,NA,NA
/tangrams/334_323.png,tangram,NA,NA
/tangrams/80_48.png,tangram,NA,NA
/tangrams/295_48.png,tangram,NA,NA
/tangrams/348_38.png,tangram,NA,NA
/tangrams/305_38.png,tangram,NA,NA
/tangrams/74_38.png,tangram,NA,NA
/tangrams/186_188.png,tangram,NA,NA
/tangrams/75_254.png,tangram,NA,NA
/tangrams/353_254.png,tangram,NA,NA
/tangrams/8_3.png,tangram,NA,NA
/tangrams/48_108.png,tangram,NA,NA
/tangrams/331_3.png,tangram,NA,NA
/tangrams/340_265.png,tangram,NA,NA
/tangrams/59_430.png,tangram,NA,NA
/tangrams/348_430.png,tangram,NA,NA
/tangrams/305_430.png,tangram,NA,NA
/tangrams/271_261.png,tangram,NA,NA
/tangrams/74_430.png,tangram,NA,NA
/tangrams/81_191.png,tangram,NA,NA
/tangrams/334_191.png,tangram,NA,NA
/tangrams/49_191.png,tangram,NA,NA
/tangrams/52_156.png,tangram,NA,NA
/tangrams/161_16.png,tangram,NA,NA
/tangrams/340_311.png,tangram,NA,NA
/tangrams/426_252.png,tangram,NA,NA
/tangrams/75_252.png,tangram,NA,NA
/tangrams/57_252.png,tangram,NA,NA
/tangrams/246_70.png,tangram,NA,NA
/tangrams/205_3.png,tangram,NA,NA
/tangrams/62_319.png,tangram,NA,NA
/tangrams/271_323.png,tangram,NA,NA
/tangrams/81_323.png,tangram,NA,NA
/tangrams/257_367.png,tangram,NA,NA
/tangrams/11_92.png,tangram,NA,NA
/tangrams/257_37.png,tangram,NA,NA
/tangrams/184_218.png,tangram,NA,NA
/tangrams/257_463.png,tangram,NA,NA
/tangrams/114_92.png,tangram,NA,NA
/tangrams/409_92.png,tangram,NA,NA
/tangrams/204_92.png,tangram,NA,NA
/tangrams/257_29.png,tangram,NA,NA
/tangrams/143_296.png,tangram,NA,NA
/tangrams/188_120.png,tangram,NA,NA
/tangrams/188_219.png,tangram,NA,NA
/tangrams/465_188.png,tangram,NA,NA
/tangrams/426_270.png,tangram,NA,NA
/tangrams/99_218.png,tangram,NA,NA
/tangrams/387_456.png,tangram,NA,NA
/tangrams/399_37.png,tangram,NA,NA
/tangrams/180_303.png,tangram,NA,NA
/tangrams/291_113.png,tangram,NA,NA
/tangrams/291_403.png,tangram,NA,NA
/tangrams/291_70.png,tangram,NA,NA
/tangrams/265_287.png,tangram,NA,NA
/tangrams/461_287.png,tangram,NA,NA
/tangrams/461_364.png,tangram,NA,NA
/tangrams/135_287.png,tangram,NA,NA
/tangrams/422_137.png,tangram,NA,NA
/tangrams/286_137.png,tangram,NA,NA
/tangrams/387_412.png,tangram,NA,NA
/tangrams/399_380.png,tangram,NA,NA
/tangrams/371_218.png,tangram,NA,NA
/tangrams/355_412.png,tangram,NA,NA
/tangrams/34_456.png,tangram,NA,NA
/tangrams/422_238.png,tangram,NA,NA
/tangrams/137_218.png,tangram,NA,NA
/tangrams/397_412.png,tangram,NA,NA
/tangrams/34_412.png,tangram,NA,NA
/tangrams/295_141.png,tangram,NA,NA
/tangrams/80_418.png,tangram,NA,NA
/tangrams/80_141.png,tangram,NA,NA
/tangrams/137_245.png,tangram,NA,NA
/tangrams/204_115.png,tangram,NA,NA
/tangrams/356_141.png,tangram,NA,NA
/tangrams/399_419.png,tangram,NA,NA
/tangrams/399_455.png,tangram,NA,NA
/tangrams/253_456.png,tangram,NA,NA
/tangrams/452_380.png,tangram,NA,NA
/tangrams/126_364.png,tangram,NA,NA
/tangrams/356_334.png,tangram,NA,NA
/tangrams/295_418.png,tangram,NA,NA
/tangrams/465_239.png,tangram,NA,NA
/tangrams/114_374.png,tangram,NA,NA
/tangrams/409_374.png,tangram,NA,NA
/tangrams/204_374.png,tangram,NA,NA
/tangrams/11_374.png,tangram,NA,NA
/tangrams/452_419.png,tangram,NA,NA
/tangrams/62_2.png,tangram,NA,NA
/tangrams/451_455.png,tangram,NA,NA
/tangrams/451_344.png,tangram,NA,NA
/tangrams/62_452.png,tangram,NA,NA
/tangrams/62_125.png,tangram,NA,NA
/tangrams/178_274.png,tangram,NA,NA
/tangrams/340_6.png,tangram,NA,NA
/tangrams/422_125.png,tangram,NA,NA
/tangrams/454_125.png,tangram,NA,NA
/tangrams/286_125.png,tangram,NA,NA
/tangrams/11_316.png,tangram,NA,NA
/tangrams/8_190.png,tangram,NA,NA
/tangrams/62_238.png,tangram,NA,NA
/tangrams/205_190.png,tangram,NA,NA
/tangrams/331_190.png,tangram,NA,NA
/tangrams/236_355.png,tangram,NA,NA
/tangrams/75_270.png,tangram,NA,NA
/tangrams/415_404.png,tangram,NA,NA
/tangrams/18_159.png,tangram,NA,NA
/tangrams/295_334.png,tangram,NA,NA
/tangrams/18_432.png,tangram,NA,NA
/tangrams/18_317.png,tangram,NA,NA
/tangrams/425_239.png,tangram,NA,NA
/tangrams/20_37.png,tangram,NA,NA
/tangrams/79_336.png,tangram,NA,NA
/tangrams/79_219.png,tangram,NA,NA
/tangrams/79_274.png,tangram,NA,NA
/tangrams/79_120.png,tangram,NA,NA
/tangrams/387_274.png,tangram,NA,NA
/tangrams/387_219.png,tangram,NA,NA
/tangrams/286_452.png,tangram,NA,NA
/tangrams/48_419.png,tangram,NA,NA
/tangrams/148_173.png,tangram,NA,NA
/tangrams/372_37.png,tangram,NA,NA
/tangrams/205_324.png,tangram,NA,NA
/tangrams/330_182.png,tangram,NA,NA
/tangrams/253_468.png,tangram,NA,NA
/tangrams/317_456.png,tangram,NA,NA
/tangrams/48_79.png,tangram,NA,NA
/tangrams/48_158.png,tangram,NA,NA
/tangrams/178_219.png,tangram,NA,NA
/tangrams/372_311.png,tangram,NA,NA
/tangrams/459_319.png,tangram,NA,NA
/tangrams/381_319.png,tangram,NA,NA
/tangrams/317_319.png,tangram,NA,NA
/tangrams/102_419.png,tangram,NA,NA
/tangrams/348_245.png,tangram,NA,NA
/tangrams/305_245.png,tangram,NA,NA
/tangrams/59_245.png,tangram,NA,NA
/tangrams/74_245.png,tangram,NA,NA
/tangrams/81_261.png,tangram,NA,NA
/tangrams/34_150.png,tangram,NA,NA
/tangrams/388_172.png,tangram,NA,NA
/tangrams/426_329.png,tangram,NA,NA
/tangrams/353_329.png,tangram,NA,NA
/tangrams/13_38.png,tangram,NA,NA
/tangrams/63_37.png,tangram,NA,NA
/tangrams/180_70.png,tangram,NA,NA
/tangrams/110_319.png,tangram,NA,NA
/tangrams/100_468.png,tangram,NA,NA
/tangrams/181_468.png,tangram,NA,NA
/tangrams/199_367.png,tangram,NA,NA
/tangrams/425_188.png,tangram,NA,NA
/tangrams/286_238.png,tangram,NA,NA
/tangrams/80_334.png,tangram,NA,NA
/tangrams/381_38.png,tangram,NA,NA
/tangrams/330_324.png,tangram,NA,NA
/tangrams/465_38.png,tangram,NA,NA
/tangrams/157_20.png,tangram,NA,NA
/tangrams/157_419.png,tangram,NA,NA
/tangrams/157_79.png,tangram,NA,NA
/tangrams/422_452.png,tangram,NA,NA
/tangrams/126_303.png,tangram,NA,NA
/tangrams/186_239.png,tangram,NA,NA
/tangrams/186_38.png,tangram,NA,NA
/tangrams/62_156.png,tangram,NA,NA
/tangrams/20_29.png,tangram,NA,NA
/tangrams/465_173.png,tangram,NA,NA
/tangrams/74_37.png,tangram,NA,NA
/tangrams/74_463.png,tangram,NA,NA
/tangrams/445_15.png,tangram,NA,NA
/tangrams/387_403.png,tangram,NA,NA
/tangrams/387_342.png,tangram,NA,NA
/tangrams/387_113.png,tangram,NA,NA
/tangrams/204_316.png,tangram,NA,NA
/tangrams/161_397.png,tangram,NA,NA
/tangrams/161_15.png,tangram,NA,NA
/tangrams/445_397.png,tangram,NA,NA
/tangrams/445_404.png,tangram,NA,NA
/tangrams/102_20.png,tangram,NA,NA
/tangrams/102_79.png,tangram,NA,NA
/tangrams/27_113.png,tangram,NA,NA
/tangrams/274_15.png,tangram,NA,NA
/tangrams/388_46.png,tangram,NA,NA
/tangrams/143_331.png,tangram,NA,NA
/tangrams/59_38.png,tangram,NA,NA
/tangrams/409_316.png,tangram,NA,NA
/tangrams/27_342.png,tangram,NA,NA
/tangrams/63_29.png,tangram,NA,NA
/tangrams/20_367.png,tangram,NA,NA
/tangrams/274_404.png,tangram,NA,NA
/tangrams/74_108.png,tangram,NA,NA
/tangrams/126_26.png,tangram,NA,NA
/tangrams/415_15.png,tangram,NA,NA
/tangrams/415_16.png,tangram,NA,NA
/tangrams/63_367.png,tangram,NA,NA
/tangrams/391_46.png,tangram,NA,NA
/tangrams/62_174.png,tangram,NA,NA
/tangrams/148_38.png,tangram,NA,NA
/tangrams/246_303.png,tangram,NA,NA
/tangrams/312_364.png,tangram,NA,NA
/tangrams/97_319.png,tangram,NA,NA
/tangrams/180_364.png,tangram,NA,NA
/tangrams/102_158.png,tangram,NA,NA
/tangrams/224_174.png,tangram,NA,NA
/tangrams/224_156.png,tangram,NA,NA
/tangrams/68_159.png,tangram,NA,NA
/tangrams/385_113.png,tangram,NA,NA
/tangrams/425_38.png,tangram,NA,NA
/tangrams/425_173.png,tangram,NA,NA
/tangrams/397_150.png,tangram,NA,NA
/tangrams/387_150.png,tangram,NA,NA
/tangrams/355_150.png,tangram,NA,NA
/tangrams/371_245.png,tangram,NA,NA
/tangrams/409_115.png,tangram,NA,NA
/tangrams/385_342.png,tangram,NA,NA
/tangrams/385_70.png,tangram,NA,NA
/tangrams/385_403.png,tangram,NA,NA
/tangrams/451_419.png,tangram,NA,NA
/tangrams/454_452.png,tangram,NA,NA
/tangrams/454_238.png,tangram,NA,NA
/tangrams/68_432.png,tangram,NA,NA
/tangrams/391_450.png,tangram,NA,NA
/tangrams/178_120.png,tangram,NA,NA
/tangrams/305_339.png,tangram,NA,NA
/tangrams/148_239.png,tangram,NA,NA
/tangrams/186_173.png,tangram,NA,NA
/tangrams/74_29.png,tangram,NA,NA
/tangrams/63_463.png,tangram,NA,NA
/tangrams/166_334.png,tangram,NA,NA
/tangrams/62_108.png,tangram,NA,NA
/tangrams/166_418.png,tangram,NA,NA
/tangrams/415_397.png,tangram,NA,NA
/tangrams/459_456.png,tangram,NA,NA
/tangrams/27_450.png,tangram,NA,NA
/tangrams/274_16.png,tangram,NA,NA
/tangrams/184_245.png,tangram,NA,NA
/tangrams/59_339.png,tangram,NA,NA
/tangrams/99_280.png,tangram,NA,NA
/tangrams/348_339.png,tangram,NA,NA
/tangrams/57_270.png,tangram,NA,NA
/tangrams/74_339.png,tangram,NA,NA
/tangrams/215_311.png,tangram,NA,NA
/tangrams/445_16.png,tangram,NA,NA
/tangrams/274_397.png,tangram,NA,NA
/tangrams/135_364.png,tangram,NA,NA
/tangrams/180_26.png,tangram,NA,NA
/tangrams/375_153.png,tangram,NA,NA
/tangrams/198_52.png,tangram,NA,NA
/tangrams/205_27.png,tangram,NA,NA
/tangrams/303_217.png,tangram,NA,NA
/tangrams/289_66.png,tangram,NA,NA
/tangrams/452_11.png,tangram,NA,NA
/tangrams/172_121.png,tangram,NA,NA
/tangrams/293_397.png,tangram,NA,NA
/tangrams/32_365.png,tangram,NA,NA
/tangrams/230_266.png,tangram,NA,NA
/tangrams/384_91.png,tangram,NA,NA
/tangrams/67_124.png,tangram,NA,NA
/tangrams/443_301.png,tangram,NA,NA
/tangrams/197_322.png,tangram,NA,NA
/tangrams/314_47.png,tangram,NA,NA
/tangrams/358_121.png,tangram,NA,NA
/tangrams/409_58.png,tangram,NA,NA
/tangrams/431_356.png,tangram,NA,NA
/tangrams/254_350.png,tangram,NA,NA
/tangrams/106_441.png,tangram,NA,NA
/tangrams/61_375.png,tangram,NA,NA
/tangrams/255_238.png,tangram,NA,NA
/tangrams/70_453.png,tangram,NA,NA
/tangrams/231_326.png,tangram,NA,NA
/tangrams/311_116.png,tangram,NA,NA
/tangrams/444_326.png,tangram,NA,NA
/tangrams/269_429.png,tangram,NA,NA
/tangrams/406_166.png,tangram,NA,NA
/tangrams/202_97.png,tangram,NA,NA
/tangrams/74_133.png,tangram,NA,NA
/tangrams/443_199.png,tangram,NA,NA
/tangrams/193_406.png,tangram,NA,NA
/tangrams/183_190.png,tangram,NA,NA
/tangrams/279_221.png,tangram,NA,NA
/tangrams/438_112.png,tangram,NA,NA
/tangrams/455_408.png,tangram,NA,NA
/tangrams/281_104.png,tangram,NA,NA
/tangrams/57_372.png,tangram,NA,NA
/tangrams/74_311.png,tangram,NA,NA
/tangrams/163_179.png,tangram,NA,NA
/tangrams/352_186.png,tangram,NA,NA
/tangrams/219_269.png,tangram,NA,NA
/tangrams/28_63.png,tangram,NA,NA
/tangrams/204_232.png,tangram,NA,NA
/tangrams/311_9.png,tangram,NA,NA
/tangrams/204_461.png,tangram,NA,NA
/tangrams/111_145.png,tangram,NA,NA
/tangrams/330_400.png,tangram,NA,NA
/tangrams/414_38.png,tangram,NA,NA
/tangrams/433_440.png,tangram,NA,NA
/tangrams/419_238.png,tangram,NA,NA
/tangrams/299_340.png,tangram,NA,NA
/tangrams/67_303.png,tangram,NA,NA
/tangrams/263_317.png,tangram,NA,NA
/tangrams/285_423.png,tangram,NA,NA
/tangrams/300_44.png,tangram,NA,NA
/tangrams/335_307.png,tangram,NA,NA
/tangrams/56_431.png,tangram,NA,NA
/tangrams/228_173.png,tangram,NA,NA
/tangrams/294_121.png,tangram,NA,NA
/tangrams/175_412.png,tangram,NA,NA
/tangrams/282_0.png,tangram,NA,NA
/tangrams/196_402.png,tangram,NA,NA
/tangrams/468_197.png,tangram,NA,NA
/tangrams/53_132.png,tangram,NA,NA
/tangrams/91_356.png,tangram,NA,NA
/tangrams/373_397.png,tangram,NA,NA
/tangrams/53_220.png,tangram,NA,NA
/tangrams/383_305.png,tangram,NA,NA
/tangrams/81_29.png,tangram,NA,NA
/tangrams/247_292.png,tangram,NA,NA
/tangrams/265_67.png,tangram,NA,NA
/tangrams/10_183.png,tangram,NA,NA
/tangrams/180_277.png,tangram,NA,NA
/tangrams/427_107.png,tangram,NA,NA
/tangrams/44_229.png,tangram,NA,NA
/tangrams/340_276.png,tangram,NA,NA
/tangrams/69_396.png,tangram,NA,NA
/tangrams/454_299.png,tangram,NA,NA
/tangrams/48_268.png,tangram,NA,NA
/tangrams/285_132.png,tangram,NA,NA
/tangrams/357_162.png,tangram,NA,NA
/tangrams/214_453.png,tangram,NA,NA
/tangrams/134_235.png,tangram,NA,NA
/tangrams/312_246.png,tangram,NA,NA
/tangrams/453_60.png,tangram,NA,NA
/tangrams/355_95.png,tangram,NA,NA
/tangrams/12_173.png,tangram,NA,NA
/tangrams/160_325.png,tangram,NA,NA
/tangrams/318_63.png,tangram,NA,NA
/tangrams/107_175.png,tangram,NA,NA
/tangrams/87_393.png,tangram,NA,NA
/tangrams/84_47.png,tangram,NA,NA
/tangrams/337_352.png,tangram,NA,NA
/tangrams/80_354.png,tangram,NA,NA
/tangrams/317_31.png,tangram,NA,NA
/tangrams/166_440.png,tangram,NA,NA
/tangrams/315_81.png,tangram,NA,NA
/tangrams/424_438.png,tangram,NA,NA
/tangrams/222_263.png,tangram,NA,NA
/tangrams/14_368.png,tangram,NA,NA
/tangrams/26_302.png,tangram,NA,NA
/tangrams/218_142.png,tangram,NA,NA
/tangrams/415_262.png,tangram,NA,NA
/tangrams/308_380.png,tangram,NA,NA
/tangrams/374_417.png,tangram,NA,NA
/tangrams/196_217.png,tangram,NA,NA
/tangrams/357_210.png,tangram,NA,NA
/tangrams/279_280.png,tangram,NA,NA
/tangrams/349_97.png,tangram,NA,NA
/tangrams/201_61.png,tangram,NA,NA
/tangrams/396_74.png,tangram,NA,NA
/tangrams/150_51.png,tangram,NA,NA
/tangrams/227_432.png,tangram,NA,NA
/tangrams/188_21.png,tangram,NA,NA
/tangrams/79_342.png,tangram,NA,NA
/tangrams/185_316.png,tangram,NA,NA
/tangrams/296_387.png,tangram,NA,NA
/tangrams/253_79.png,tangram,NA,NA
/tangrams/10_110.png,tangram,NA,NA
/tangrams/52_291.png,tangram,NA,NA
/tangrams/427_81.png,tangram,NA,NA
/tangrams/295_246.png,tangram,NA,NA
/tangrams/101_211.png,tangram,NA,NA
/tangrams/273_338.png,tangram,NA,NA
/tangrams/308_178.png,tangram,NA,NA
/tangrams/105_192.png,tangram,NA,NA
/tangrams/255_312.png,tangram,NA,NA
/tangrams/350_366.png,tangram,NA,NA
/tangrams/19_187.png,tangram,NA,NA
/tangrams/284_327.png,tangram,NA,NA
/tangrams/20_218.png,tangram,NA,NA
/tangrams/251_299.png,tangram,NA,NA
/tangrams/459_257.png,tangram,NA,NA
/tangrams/96_56.png,tangram,NA,NA
/tangrams/154_123.png,tangram,NA,NA
/tangrams/211_288.png,tangram,NA,NA
/tangrams/241_427.png,tangram,NA,NA
/tangrams/137_20.png,tangram,NA,NA
/tangrams/178_366.png,tangram,NA,NA
/tangrams/170_375.png,tangram,NA,NA
/tangrams/265_236.png,tangram,NA,NA
/tangrams/448_150.png,tangram,NA,NA
/tangrams/430_105.png,tangram,NA,NA
/tangrams/292_114.png,tangram,NA,NA
/tangrams/211_315.png,tangram,NA,NA
/tangrams/248_44.png,tangram,NA,NA
/tangrams/337_391.png,tangram,NA,NA
/tangrams/146_258.png,tangram,NA,NA
/tangrams/301_460.png,tangram,NA,NA
/tangrams/73_250.png,tangram,NA,NA
/tangrams/419_454.png,tangram,NA,NA
/tangrams/281_102.png,tangram,NA,NA
/tangrams/405_190.png,tangram,NA,NA
/tangrams/20_175.png,tangram,NA,NA
/tangrams/267_250.png,tangram,NA,NA
/tangrams/464_277.png,tangram,NA,NA
/tangrams/20_369.png,tangram,NA,NA
/tangrams/93_195.png,tangram,NA,NA
/tangrams/407_412.png,tangram,NA,NA
/tangrams/46_126.png,tangram,NA,NA
/tangrams/462_285.png,tangram,NA,NA
/tangrams/169_229.png,tangram,NA,NA
/tangrams/102_404.png,tangram,NA,NA
/tangrams/450_432.png,tangram,NA,NA
/tangrams/286_250.png,tangram,NA,NA
/tangrams/284_184.png,tangram,NA,NA
/tangrams/46_192.png,tangram,NA,NA
/tangrams/129_278.png,tangram,NA,NA
/tangrams/307_190.png,tangram,NA,NA
/tangrams/271_4.png,tangram,NA,NA
/tangrams/335_445.png,tangram,NA,NA
/tangrams/455_270.png,tangram,NA,NA
/tangrams/68_217.png,tangram,NA,NA
/tangrams/26_193.png,tangram,NA,NA
/tangrams/80_373.png,tangram,NA,NA
/tangrams/52_225.png,tangram,NA,NA
/tangrams/52_7.png,tangram,NA,NA
/tangrams/52_373.png,tangram,NA,NA
/tangrams/52_391.png,tangram,NA,NA
/tangrams/77_225.png,tangram,NA,NA
/tangrams/52_396.png,tangram,NA,NA
/tangrams/65_277.png,tangram,NA,NA
/tangrams/80_277.png,tangram,NA,NA
/tangrams/63_80.png,tangram,NA,NA
/tangrams/463_30.png,tangram,NA,NA
/tangrams/63_124.png,tangram,NA,NA
/tangrams/400_90.png,tangram,NA,NA
/tangrams/181_124.png,tangram,NA,NA
/tangrams/431_352.png,tangram,NA,NA
/tangrams/173_42.png,tangram,NA,NA
/tangrams/173_8.png,tangram,NA,NA
/tangrams/304_373.png,tangram,NA,NA
/tangrams/173_24.png,tangram,NA,NA
/tangrams/173_446.png,tangram,NA,NA
/tangrams/379_216.png,tangram,NA,NA
/tangrams/39_216.png,tangram,NA,NA
/tangrams/448_216.png,tangram,NA,NA
/tangrams/116_216.png,tangram,NA,NA
/tangrams/272_19.png,tangram,NA,NA
/tangrams/428_19.png,tangram,NA,NA
/tangrams/354_19.png,tangram,NA,NA
/tangrams/428_22.png,tangram,NA,NA
/tangrams/12_312.png,tangram,NA,NA
/tangrams/428_36.png,tangram,NA,NA
/tangrams/448_260.png,tangram,NA,NA
/tangrams/379_260.png,tangram,NA,NA
/tangrams/52_312.png,tangram,NA,NA
/tangrams/116_260.png,tangram,NA,NA
/tangrams/63_21.png,tangram,NA,NA
/tangrams/404_396.png,tangram,NA,NA
/tangrams/375_277.png,tangram,NA,NA
/tangrams/371_57.png,tangram,NA,NA
/tangrams/171_28.png,tangram,NA,NA
/tangrams/246_352.png,tangram,NA,NA
/tangrams/304_391.png,tangram,NA,NA
/tangrams/138_350.png,tangram,NA,NA
/tangrams/63_304.png,tangram,NA,NA
/tangrams/431_80.png,tangram,NA,NA
/tangrams/187_175.png,tangram,NA,NA
/tangrams/457_383.png,tangram,NA,NA
/tangrams/209_19.png,tangram,NA,NA
/tangrams/187_304.png,tangram,NA,NA
/tangrams/209_36.png,tangram,NA,NA
/tangrams/12_383.png,tangram,NA,NA
/tangrams/354_22.png,tangram,NA,NA
/tangrams/39_34.png,tangram,NA,NA
/tangrams/52_383.png,tangram,NA,NA
/tangrams/371_6.png,tangram,NA,NA
/tangrams/431_124.png,tangram,NA,NA
/tangrams/351_122.png,tangram,NA,NA
/tangrams/101_84.png,tangram,NA,NA
/tangrams/375_373.png,tangram,NA,NA
/tangrams/204_373.png,tangram,NA,NA
/tangrams/77_373.png,tangram,NA,NA
/tangrams/63_352.png,tangram,NA,NA
/tangrams/65_373.png,tangram,NA,NA
/tangrams/80_30.png,tangram,NA,NA
/tangrams/39_260.png,tangram,NA,NA
/tangrams/354_320.png,tangram,NA,NA
/tangrams/38_57.png,tangram,NA,NA
/tangrams/38_122.png,tangram,NA,NA
/tangrams/457_312.png,tangram,NA,NA
/tangrams/38_6.png,tangram,NA,NA
/tangrams/38_462.png,tangram,NA,NA
/tangrams/246_21.png,tangram,NA,NA
/tangrams/396_446.png,tangram,NA,NA
/tangrams/114_446.png,tangram,NA,NA
/tangrams/371_122.png,tangram,NA,NA
/tangrams/322_84.png,tangram,NA,NA
/tangrams/21_350.png,tangram,NA,NA
/tangrams/187_350.png,tangram,NA,NA
/tangrams/63_350.png,tangram,NA,NA
/tangrams/19_28.png,tangram,NA,NA
/tangrams/400_302.png,tangram,NA,NA
/tangrams/423_446.png,tangram,NA,NA
/tangrams/423_24.png,tangram,NA,NA
/tangrams/423_42.png,tangram,NA,NA
/tangrams/423_8.png,tangram,NA,NA
/tangrams/396_8.png,tangram,NA,NA
/tangrams/63_24.png,tangram,NA,NA
/tangrams/463_175.png,tangram,NA,NA
/tangrams/246_80.png,tangram,NA,NA
/tangrams/457_142.png,tangram,NA,NA
/tangrams/375_400.png,tangram,NA,NA
/tangrams/138_304.png,tangram,NA,NA
/tangrams/246_124.png,tangram,NA,NA
/tangrams/396_175.png,tangram,NA,NA
/tangrams/469_175.png,tangram,NA,NA
/tangrams/400_175.png,tangram,NA,NA
/tangrams/204_7.png,tangram,NA,NA
/tangrams/138_175.png,tangram,NA,NA
/tangrams/63_175.png,tangram,NA,NA
/tangrams/21_175.png,tangram,NA,NA
/tangrams/21_304.png,tangram,NA,NA
/tangrams/21_24.png,tangram,NA,NA
/tangrams/80_400.png,tangram,NA,NA
/tangrams/204_391.png,tangram,NA,NA
/tangrams/77_391.png,tangram,NA,NA
/tangrams/234_276.png,tangram,NA,NA
/tangrams/312_303.png,tangram,NA,NA
/tangrams/171_317.png,tangram,NA,NA
/tangrams/204_225.png,tangram,NA,NA
/tangrams/234_317.png,tangram,NA,NA
/tangrams/234_28.png,tangram,NA,NA
/tangrams/116_156.png,tangram,NA,NA
/tangrams/209_22.png,tangram,NA,NA
/tangrams/404_312.png,tangram,NA,NA
/tangrams/404_383.png,tangram,NA,NA
/tangrams/209_320.png,tangram,NA,NA
/tangrams/19_132.png,tangram,NA,NA
/tangrams/19_317.png,tangram,NA,NA
/tangrams/459_400.png,tangram,NA,NA
/tangrams/12_396.png,tangram,NA,NA
/tangrams/459_277.png,tangram,NA,NA
/tangrams/459_373.png,tangram,NA,NA
/tangrams/459_30.png,tangram,NA,NA
/tangrams/457_396.png,tangram,NA,NA
/tangrams/73_462.png,tangram,NA,NA
/tangrams/73_57.png,tangram,NA,NA
/tangrams/73_122.png,tangram,NA,NA
/tangrams/73_6.png,tangram,NA,NA
/tangrams/431_21.png,tangram,NA,NA
/tangrams/181_21.png,tangram,NA,NA
/tangrams/396_24.png,tangram,NA,NA
/tangrams/181_310.png,tangram,NA,NA
/tangrams/272_36.png,tangram,NA,NA
/tangrams/404_142.png,tangram,NA,NA
/tangrams/114_8.png,tangram,NA,NA
/tangrams/171_276.png,tangram,NA,NA
/tangrams/114_24.png,tangram,NA,NA
/tangrams/90_84.png,tangram,NA,NA
/tangrams/90_359.png,tangram,NA,NA
/tangrams/90_332.png,tangram,NA,NA
/tangrams/90_310.png,tangram,NA,NA
/tangrams/65_400.png,tangram,NA,NA
/tangrams/181_84.png,tangram,NA,NA
/tangrams/463_90.png,tangram,NA,NA
/tangrams/469_302.png,tangram,NA,NA
/tangrams/52_142.png,tangram,NA,NA
/tangrams/181_80.png,tangram,NA,NA
/tangrams/12_142.png,tangram,NA,NA
/tangrams/375_30.png,tangram,NA,NA
/tangrams/242_317.png,tangram,NA,NA
/tangrams/138_24.png,tangram,NA,NA
/tangrams/77_7.png,tangram,NA,NA
/tangrams/19_276.png,tangram,NA,NA
/tangrams/396_42.png,tangram,NA,NA
/tangrams/396_302.png,tangram,NA,NA
/tangrams/171_132.png,tangram,NA,NA
/tangrams/234_132.png,tangram,NA,NA
/tangrams/242_28.png,tangram,NA,NA
/tangrams/379_156.png,tangram,NA,NA
/tangrams/304_225.png,tangram,NA,NA
/tangrams/379_34.png,tangram,NA,NA
/tangrams/39_156.png,tangram,NA,NA
/tangrams/448_156.png,tangram,NA,NA
/tangrams/242_132.png,tangram,NA,NA
/tangrams/351_57.png,tangram,NA,NA
/tangrams/272_320.png,tangram,NA,NA
/tangrams/272_22.png,tangram,NA,NA
/tangrams/242_276.png,tangram,NA,NA
/tangrams/322_332.png,tangram,NA,NA
/tangrams/101_310.png,tangram,NA,NA
/tangrams/101_332.png,tangram,NA,NA
/tangrams/114_42.png,tangram,NA,NA
/tangrams/65_30.png,tangram,NA,NA
/tangrams/469_90.png,tangram,NA,NA
/tangrams/354_36.png,tangram,NA,NA
/tangrams/396_30.png,tangram,NA,NA
/tangrams/469_30.png,tangram,NA,NA
/tangrams/400_30.png,tangram,NA,NA
/tangrams/322_359.png,tangram,NA,NA
/tangrams/101_359.png,tangram,NA,NA
/tangrams/181_359.png,tangram,NA,NA
/tangrams/187_24.png,tangram,NA,NA
/tangrams/396_90.png,tangram,NA,NA
/tangrams/322_310.png,tangram,NA,NA
/tangrams/448_34.png,tangram,NA,NA
/tangrams/116_34.png,tangram,NA,NA
/tangrams/351_462.png,tangram,NA,NA
/tangrams/351_6.png,tangram,NA,NA
/tangrams/371_462.png,tangram,NA,NA
/tangrams/126_70.png,tangram,NA,NA
/tangrams/463_302.png,tangram,NA,NA
/tangrams/428_320.png,tangram,NA,NA
/tangrams/456_83.png,tangram,NA,NA
/tangrams/304_7.png,tangram,NA,NA
/tangrams/461_136.png,tangram,NA,NA
/tangrams/97_189.png,tangram,NA,NA
/tangrams/225_45.png,tangram,NA,NA
/tangrams/97_440.png,tangram,NA,NA
/tangrams/225_189.png,tangram,NA,NA
/tangrams/448_248.png,tangram,NA,NA
/tangrams/334_63.png,tangram,NA,NA
/tangrams/177_63.png,tangram,NA,NA
/tangrams/400_440.png,tangram,NA,NA
/tangrams/263_163.png,tangram,NA,NA
/tangrams/263_63.png,tangram,NA,NA
/tangrams/37_99.png,tangram,NA,NA
/tangrams/37_403.png,tangram,NA,NA
/tangrams/37_16.png,tangram,NA,NA
/tangrams/448_246.png,tangram,NA,NA
/tangrams/271_440.png,tangram,NA,NA
/tangrams/125_246.png,tangram,NA,NA
/tangrams/376_246.png,tangram,NA,NA
/tangrams/148_439.png,tangram,NA,NA
/tangrams/460_231.png,tangram,NA,NA
/tangrams/125_231.png,tangram,NA,NA
/tangrams/395_407.png,tangram,NA,NA
/tangrams/125_248.png,tangram,NA,NA
/tangrams/271_16.png,tangram,NA,NA
/tangrams/271_45.png,tangram,NA,NA
/tangrams/125_451.png,tangram,NA,NA
/tangrams/249_179.png,tangram,NA,NA
/tangrams/42_179.png,tangram,NA,NA
/tangrams/396_216.png,tangram,NA,NA
/tangrams/396_286.png,tangram,NA,NA
/tangrams/396_407.png,tangram,NA,NA
/tangrams/396_152.png,tangram,NA,NA
/tangrams/453_439.png,tangram,NA,NA
/tangrams/376_248.png,tangram,NA,NA
/tangrams/460_248.png,tangram,NA,NA
/tangrams/460_246.png,tangram,NA,NA
/tangrams/159_439.png,tangram,NA,NA
/tangrams/6_263.png,tangram,NA,NA
/tangrams/118_439.png,tangram,NA,NA
/tangrams/177_163.png,tangram,NA,NA
/tangrams/177_244.png,tangram,NA,NA
/tangrams/40_372.png,tangram,NA,NA
/tangrams/40_71.png,tangram,NA,NA
/tangrams/40_18.png,tangram,NA,NA
/tangrams/460_451.png,tangram,NA,NA
/tangrams/453_435.png,tangram,NA,NA
/tangrams/40_72.png,tangram,NA,NA
/tangrams/122_341.png,tangram,NA,NA
/tangrams/225_152.png,tangram,NA,NA
/tangrams/225_286.png,tangram,NA,NA
/tangrams/395_286.png,tangram,NA,NA
/tangrams/89_126.png,tangram,NA,NA
/tangrams/6_126.png,tangram,NA,NA
/tangrams/424_126.png,tangram,NA,NA
/tangrams/122_126.png,tangram,NA,NA
/tangrams/5_72.png,tangram,NA,NA
/tangrams/5_71.png,tangram,NA,NA
/tangrams/438_215.png,tangram,NA,NA
/tangrams/5_18.png,tangram,NA,NA
/tangrams/322_71.png,tangram,NA,NA
/tangrams/89_263.png,tangram,NA,NA
/tangrams/395_152.png,tangram,NA,NA
/tangrams/56_71.png,tangram,NA,NA
/tangrams/56_372.png,tangram,NA,NA
/tangrams/56_72.png,tangram,NA,NA
/tangrams/148_9.png,tangram,NA,NA
/tangrams/376_451.png,tangram,NA,NA
/tangrams/118_187.png,tangram,NA,NA
/tangrams/159_187.png,tangram,NA,NA
/tangrams/249_417.png,tangram,NA,NA
/tangrams/118_435.png,tangram,NA,NA
/tangrams/453_187.png,tangram,NA,NA
/tangrams/376_231.png,tangram,NA,NA
/tangrams/448_231.png,tangram,NA,NA
/tangrams/400_189.png,tangram,NA,NA
/tangrams/159_9.png,tangram,NA,NA
/tangrams/184_403.png,tangram,NA,NA
/tangrams/352_16.png,tangram,NA,NA
/tangrams/352_403.png,tangram,NA,NA
/tangrams/352_245.png,tangram,NA,NA
/tangrams/352_99.png,tangram,NA,NA
/tangrams/122_263.png,tangram,NA,NA
/tangrams/271_189.png,tangram,NA,NA
/tangrams/424_135.png,tangram,NA,NA
/tangrams/89_135.png,tangram,NA,NA
/tangrams/122_135.png,tangram,NA,NA
/tangrams/448_451.png,tangram,NA,NA
/tangrams/6_341.png,tangram,NA,NA
/tangrams/177_61.png,tangram,NA,NA
/tangrams/263_61.png,tangram,NA,NA
/tangrams/141_61.png,tangram,NA,NA
/tangrams/334_61.png,tangram,NA,NA
/tangrams/148_187.png,tangram,NA,NA
/tangrams/25_179.png,tangram,NA,NA
/tangrams/322_18.png,tangram,NA,NA
/tangrams/322_72.png,tangram,NA,NA
/tangrams/97_16.png,tangram,NA,NA
/tangrams/400_16.png,tangram,NA,NA
/tangrams/225_16.png,tangram,NA,NA
/tangrams/56_18.png,tangram,NA,NA
/tangrams/322_372.png,tangram,NA,NA
/tangrams/117_152.png,tangram,NA,NA
/tangrams/453_9.png,tangram,NA,NA
/tangrams/25_279.png,tangram,NA,NA
/tangrams/14_417.png,tangram,NA,NA
/tangrams/424_263.png,tangram,NA,NA
/tangrams/89_341.png,tangram,NA,NA
/tangrams/141_163.png,tangram,NA,NA
/tangrams/334_163.png,tangram,NA,NA
/tangrams/25_417.png,tangram,NA,NA
/tangrams/14_179.png,tangram,NA,NA
/tangrams/438_342.png,tangram,NA,NA
/tangrams/49_403.png,tangram,NA,NA
/tangrams/394_342.png,tangram,NA,NA
/tangrams/117_216.png,tangram,NA,NA
/tangrams/148_435.png,tangram,NA,NA
/tangrams/5_372.png,tangram,NA,NA
/tangrams/400_45.png,tangram,NA,NA
/tangrams/184_99.png,tangram,NA,NA
/tangrams/225_407.png,tangram,NA,NA
/tangrams/97_45.png,tangram,NA,NA
/tangrams/159_435.png,tangram,NA,NA
/tangrams/6_135.png,tangram,NA,NA
/tangrams/424_341.png,tangram,NA,NA
/tangrams/37_245.png,tangram,NA,NA
/tangrams/225_440.png,tangram,NA,NA
/tangrams/49_99.png,tangram,NA,NA
/tangrams/118_9.png,tangram,NA,NA
/tangrams/42_417.png,tangram,NA,NA
/tangrams/263_244.png,tangram,NA,NA
/tangrams/249_112.png,tangram,NA,NA
/tangrams/14_112.png,tangram,NA,NA
/tangrams/249_279.png,tangram,NA,NA
/tangrams/141_244.png,tangram,NA,NA
/tangrams/141_63.png,tangram,NA,NA
/tangrams/49_16.png,tangram,NA,NA
/tangrams/14_279.png,tangram,NA,NA
/tangrams/42_279.png,tangram,NA,NA
/tangrams/25_112.png,tangram,NA,NA
/tangrams/42_112.png,tangram,NA,NA
/tangrams/334_244.png,tangram,NA,NA
/tangrams/166_218.png,tangram,NA,NA
/tangrams/117_407.png,tangram,NA,NA
/tangrams/184_16.png,tangram,NA,NA
/tangrams/49_245.png,tangram,NA,NA
/tangrams/30_342.png,tangram,NA,NA
/tangrams/395_216.png,tangram,NA,NA
/tangrams/225_216.png,tangram,NA,NA
/tangrams/273_297.png,tangram,NA,NA
/tangrams/266_162.png,tangram,NA,NA
/tangrams/464_13.png,tangram,NA,NA
/tangrams/316_250.png,tangram,NA,NA
/tangrams/81_464.png,tangram,NA,NA
/tangrams/9_10.png,tangram,NA,NA
/tangrams/220_137.png,tangram,NA,NA
/tangrams/412_13.png,tangram,NA,NA
/tangrams/450_403.png,tangram,NA,NA
/tangrams/145_203.png,tangram,NA,NA
/tangrams/300_69.png,tangram,NA,NA
/tangrams/223_362.png,tangram,NA,NA
/tangrams/89_145.png,tangram,NA,NA
/tangrams/84_11.png,tangram,NA,NA
/tangrams/426_108.png,tangram,NA,NA
/tangrams/78_121.png,tangram,NA,NA
/tangrams/289_303.png,tangram,NA,NA
/tangrams/46_180.png,tangram,NA,NA
/tangrams/288_466.png,tangram,NA,NA
/tangrams/60_95.png,tangram,NA,NA
/tangrams/258_410.png,tangram,NA,NA
/tangrams/239_353.png,tangram,NA,NA
/tangrams/384_393.png,tangram,NA,NA
/tangrams/188_71.png,tangram,NA,NA
/tangrams/341_172.png,tangram,NA,NA
/tangrams/198_390.png,tangram,NA,NA
/tangrams/28_50.png,tangram,NA,NA
/tangrams/313_438.png,tangram,NA,NA
/tangrams/424_324.png,tangram,NA,NA
/tangrams/113_61.png,tangram,NA,NA
/tangrams/251_221.png,tangram,NA,NA
/tangrams/260_272.png,tangram,NA,NA
/tangrams/266_315.png,tangram,NA,NA
/tangrams/10_298.png,tangram,NA,NA
/tangrams/314_330.png,tangram,NA,NA
/tangrams/351_15.png,tangram,NA,NA
/tangrams/136_276.png,tangram,NA,NA
/tangrams/18_229.png,tangram,NA,NA
/tangrams/467_386.png,tangram,NA,NA
/tangrams/269_133.png,tangram,NA,NA
/tangrams/290_466.png,tangram,NA,NA
/tangrams/131_281.png,tangram,NA,NA
/tangrams/113_171.png,tangram,NA,NA
/tangrams/363_56.png,tangram,NA,NA
/tangrams/326_394.png,tangram,NA,NA
/tangrams/269_13.png,tangram,NA,NA
/tangrams/289_163.png,tangram,NA,NA
/tangrams/363_189.png,tangram,NA,NA
/tangrams/138_348.png,tangram,NA,NA
/tangrams/460_380.png,tangram,NA,NA
/tangrams/321_336.png,tangram,NA,NA
/tangrams/277_177.png,tangram,NA,NA
/tangrams/323_195.png,tangram,NA,NA
/tangrams/152_230.png,tangram,NA,NA
/tangrams/367_234.png,tangram,NA,NA
/tangrams/272_59.png,tangram,NA,NA
/tangrams/274_232.png,tangram,NA,NA
/tangrams/167_337.png,tangram,NA,NA
/tangrams/49_397.png,tangram,NA,NA
/tangrams/109_286.png,tangram,NA,NA
/tangrams/136_139.png,tangram,NA,NA
/tangrams/236_209.png,tangram,NA,NA
/tangrams/222_288.png,tangram,NA,NA
/tangrams/273_234.png,tangram,NA,NA
/tangrams/305_228.png,tangram,NA,NA
/tangrams/400_410.png,tangram,NA,NA
/tangrams/310_74.png,tangram,NA,NA
/tangrams/373_330.png,tangram,NA,NA
/tangrams/412_46.png,tangram,NA,NA
/tangrams/34_201.png,tangram,NA,NA
/tangrams/178_189.png,tangram,NA,NA
/tangrams/439_127.png,tangram,NA,NA
/tangrams/431_218.png,tangram,NA,NA
/tangrams/436_403.png,tangram,NA,NA
/tangrams/383_102.png,tangram,NA,NA
/tangrams/18_31.png,tangram,NA,NA
/tangrams/162_276.png,tangram,NA,NA
/tangrams/382_53.png,tangram,NA,NA
/tangrams/2_82.png,tangram,NA,NA
/tangrams/15_280.png,tangram,NA,NA
/tangrams/33_368.png,tangram,NA,NA
/tangrams/256_104.png,tangram,NA,NA
/tangrams/87_458.png,tangram,NA,NA
/tangrams/364_448.png,tangram,NA,NA
/tangrams/282_114.png,tangram,NA,NA
/tangrams/131_414.png,tangram,NA,NA
/tangrams/103_396.png,tangram,NA,NA
/tangrams/86_303.png,tangram,NA,NA
/tangrams/134_108.png,tangram,NA,NA
/tangrams/302_371.png,tangram,NA,NA
/tangrams/461_465.png,tangram,NA,NA
/tangrams/78_385.png,tangram,NA,NA
/tangrams/165_441.png,tangram,NA,NA
/tangrams/305_448.png,tangram,NA,NA
/tangrams/361_307.png,tangram,NA,NA
/tangrams/320_235.png,tangram,NA,NA
/tangrams/114_370.png,tangram,NA,NA
/tangrams/237_20.png,tangram,NA,NA
/tangrams/347_156.png,tangram,NA,NA
/tangrams/24_171.png,tangram,NA,NA
/tangrams/231_75.png,tangram,NA,NA
/tangrams/445_55.png,tangram,NA,NA
/tangrams/208_74.png,tangram,NA,NA
/tangrams/140_33.png,tangram,NA,NA
/tangrams/250_229.png,tangram,NA,NA
/tangrams/128_374.png,tangram,NA,NA
/tangrams/288_123.png,tangram,NA,NA
/tangrams/168_37.png,tangram,NA,NA
/tangrams/18_1.png,tangram,NA,NA
/tangrams/292_46.png,tangram,NA,NA
/tangrams/34_392.png,tangram,NA,NA
/tangrams/21_198.png,tangram,NA,NA
/tangrams/80_286.png,tangram,NA,NA
/tangrams/254_58.png,tangram,NA,NA
/tangrams/109_35.png,tangram,NA,NA
/tangrams/272_319.png,tangram,NA,NA
/tangrams/392_441.png,tangram,NA,NA
/tangrams/316_359.png,tangram,NA,NA
/tangrams/464_238.png,tangram,NA,NA
/tangrams/379_342.png,tangram,NA,NA
/tangrams/365_300.png,tangram,NA,NA
/tangrams/28_244.png,tangram,NA,NA
/tangrams/354_179.png,tangram,NA,NA
/tangrams/149_229.png,tangram,NA,NA
/tangrams/383_43.png,tangram,NA,NA
/tangrams/227_370.png,tangram,NA,NA
/tangrams/3_324.png,tangram,NA,NA
/tangrams/248_464.png,tangram,NA,NA
/tangrams/271_309.png,tangram,NA,NA
/tangrams/183_302.png,tangram,NA,NA
/tangrams/156_179.png,tangram,NA,NA
/tangrams/416_352.png,tangram,NA,NA
/tangrams/95_425.png,tangram,NA,NA
/tangrams/220_337.png,tangram,NA,NA
/tangrams/265_126.png,tangram,NA,NA
/tangrams/239_395.png,tangram,NA,NA
/tangrams/183_95.png,tangram,NA,NA
/tangrams/319_124.png,tangram,NA,NA
/tangrams/203_286.png,tangram,NA,NA
/tangrams/239_46.png,tangram,NA,NA
/tangrams/250_365.png,tangram,NA,NA
/tangrams/413_337.png,tangram,NA,NA
/tangrams/142_81.png,tangram,NA,NA
/tangrams/404_468.png,tangram,NA,NA
/tangrams/381_337.png,tangram,NA,NA
/tangrams/285_169.png,tangram,NA,NA
/tangrams/46_141.png,tangram,NA,NA
/tangrams/291_374.png,tangram,NA,NA
/tangrams/394_20.png,tangram,NA,NA
/tangrams/394_305.png,tangram,NA,NA
/tangrams/83_305.png,tangram,NA,NA
/tangrams/92_297.png,tangram,NA,NA
/tangrams/435_118.png,tangram,NA,NA
/tangrams/240_435.png,tangram,NA,NA
/tangrams/124_445.png,tangram,NA,NA
/tangrams/333_393.png,tangram,NA,NA
/tangrams/121_140.png,tangram,NA,NA
/tangrams/90_26.png,tangram,NA,NA
/tangrams/275_443.png,tangram,NA,NA
/tangrams/294_1.png,tangram,NA,NA
/tangrams/426_297.png,tangram,NA,NA
/tangrams/216_342.png,tangram,NA,NA
/tangrams/288_204.png,tangram,NA,NA
/tangrams/333_132.png,tangram,NA,NA
/tangrams/377_219.png,tangram,NA,NA
/tangrams/426_221.png,tangram,NA,NA
/tangrams/362_456.png,tangram,NA,NA
/tangrams/322_364.png,tangram,NA,NA
/tangrams/373_371.png,tangram,NA,NA
/tangrams/436_178.png,tangram,NA,NA
/tangrams/285_165.png,tangram,NA,NA
/tangrams/238_17.png,tangram,NA,NA
/tangrams/426_68.png,tangram,NA,NA
/tangrams/262_222.png,tangram,NA,NA
/tangrams/338_443.png,tangram,NA,NA
/tangrams/152_372.png,tangram,NA,NA
/tangrams/96_437.png,tangram,NA,NA
/tangrams/359_396.png,tangram,NA,NA
/tangrams/349_204.png,tangram,NA,NA
/tangrams/7_185.png,tangram,NA,NA
/tangrams/401_347.png,tangram,NA,NA
/tangrams/53_161.png,tangram,NA,NA
/tangrams/247_169.png,tangram,NA,NA
/tangrams/293_321.png,tangram,NA,NA
/tangrams/234_243.png,tangram,NA,NA
/tangrams/63_415.png,tangram,NA,NA
/tangrams/350_250.png,tangram,NA,NA
/tangrams/320_4.png,tangram,NA,NA
/tangrams/219_197.png,tangram,NA,NA
/tangrams/20_271.png,tangram,NA,NA
/tangrams/310_123.png,tangram,NA,NA
/tangrams/120_290.png,tangram,NA,NA
/tangrams/120_38.png,tangram,NA,NA
/tangrams/120_308.png,tangram,NA,NA
/tangrams/120_376.png,tangram,NA,NA
/tangrams/462_429.png,tangram,NA,NA
/tangrams/366_145.png,tangram,NA,NA
/tangrams/172_378.png,tangram,NA,NA
/tangrams/30_215.png,tangram,NA,NA
/tangrams/166_385.png,tangram,NA,NA
/tangrams/235_142.png,tangram,NA,NA
/tangrams/33_142.png,tangram,NA,NA
/tangrams/436_142.png,tangram,NA,NA
/tangrams/263_142.png,tangram,NA,NA
/tangrams/131_429.png,tangram,NA,NA
/tangrams/436_7.png,tangram,NA,NA
/tangrams/77_305.png,tangram,NA,NA
/tangrams/359_203.png,tangram,NA,NA
/tangrams/235_118.png,tangram,NA,NA
/tangrams/436_118.png,tangram,NA,NA
/tangrams/424_55.png,tangram,NA,NA
/tangrams/263_118.png,tangram,NA,NA
/tangrams/274_42.png,tangram,NA,NA
/tangrams/263_90.png,tangram,NA,NA
/tangrams/33_90.png,tangram,NA,NA
/tangrams/304_433.png,tangram,NA,NA
/tangrams/265_433.png,tangram,NA,NA
/tangrams/426_298.png,tangram,NA,NA
/tangrams/316_290.png,tangram,NA,NA
/tangrams/47_36.png,tangram,NA,NA
/tangrams/37_272.png,tangram,NA,NA
/tangrams/283_347.png,tangram,NA,NA
/tangrams/467_328.png,tangram,NA,NA
/tangrams/462_444.png,tangram,NA,NA
/tangrams/462_377.png,tangram,NA,NA
/tangrams/30_218.png,tangram,NA,NA
/tangrams/225_281.png,tangram,NA,NA
/tangrams/402_448.png,tangram,NA,NA
/tangrams/219_55.png,tangram,NA,NA
/tangrams/394_218.png,tangram,NA,NA
/tangrams/422_28.png,tangram,NA,NA
/tangrams/395_264.png,tangram,NA,NA
/tangrams/462_28.png,tangram,NA,NA
/tangrams/418_91.png,tangram,NA,NA
/tangrams/422_377.png,tangram,NA,NA
/tangrams/390_55.png,tangram,NA,NA
/tangrams/418_267.png,tangram,NA,NA
/tangrams/161_453.png,tangram,NA,NA
/tangrams/198_91.png,tangram,NA,NA
/tangrams/467_367.png,tangram,NA,NA
/tangrams/54_42.png,tangram,NA,NA
/tangrams/24_337.png,tangram,NA,NA
/tangrams/422_444.png,tangram,NA,NA
/tangrams/162_278.png,tangram,NA,NA
/tangrams/274_331.png,tangram,NA,NA
/tangrams/182_36.png,tangram,NA,NA
/tangrams/320_401.png,tangram,NA,NA
/tangrams/401_377.png,tangram,NA,NA
/tangrams/121_267.png,tangram,NA,NA
/tangrams/156_403.png,tangram,NA,NA
/tangrams/467_145.png,tangram,NA,NA
/tangrams/401_429.png,tangram,NA,NA
/tangrams/228_337.png,tangram,NA,NA
/tangrams/228_65.png,tangram,NA,NA
/tangrams/8_114.png,tangram,NA,NA
/tangrams/121_431.png,tangram,NA,NA
/tangrams/47_243.png,tangram,NA,NA
/tangrams/235_90.png,tangram,NA,NA
/tangrams/320_276.png,tangram,NA,NA
/tangrams/78_232.png,tangram,NA,NA
/tangrams/436_243.png,tangram,NA,NA
/tangrams/182_7.png,tangram,NA,NA
/tangrams/78_262.png,tangram,NA,NA
/tangrams/144_232.png,tangram,NA,NA
/tangrams/140_360.png,tangram,NA,NA
/tangrams/63_65.png,tangram,NA,NA
/tangrams/63_177.png,tangram,NA,NA
/tangrams/228_177.png,tangram,NA,NA
/tangrams/390_91.png,tangram,NA,NA
/tangrams/182_320.png,tangram,NA,NA
/tangrams/161_25.png,tangram,NA,NA
/tangrams/401_28.png,tangram,NA,NA
/tangrams/131_28.png,tangram,NA,NA
/tangrams/17_131.png,tangram,NA,NA
/tangrams/422_429.png,tangram,NA,NA
/tangrams/436_272.png,tangram,NA,NA
/tangrams/182_91.png,tangram,NA,NA
/tangrams/17_278.png,tangram,NA,NA
/tangrams/463_360.png,tangram,NA,NA
/tangrams/274_456.png,tangram,NA,NA
/tangrams/162_417.png,tangram,NA,NA
/tangrams/33_85.png,tangram,NA,NA
/tangrams/235_85.png,tangram,NA,NA
/tangrams/436_85.png,tangram,NA,NA
/tangrams/263_85.png,tangram,NA,NA
/tangrams/204_145.png,tangram,NA,NA
/tangrams/182_243.png,tangram,NA,NA
/tangrams/75_1.png,tangram,NA,NA
/tangrams/268_203.png,tangram,NA,NA
/tangrams/75_203.png,tangram,NA,NA
/tangrams/154_1.png,tangram,NA,NA
/tangrams/154_203.png,tangram,NA,NA
/tangrams/268_1.png,tangram,NA,NA
/tangrams/198_320.png,tangram,NA,NA
/tangrams/131_444.png,tangram,NA,NA
/tangrams/268_447.png,tangram,NA,NA
/tangrams/395_378.png,tangram,NA,NA
/tangrams/355_378.png,tangram,NA,NA
/tangrams/418_60.png,tangram,NA,NA
/tangrams/340_378.png,tangram,NA,NA
/tangrams/96_60.png,tangram,NA,NA
/tangrams/121_60.png,tangram,NA,NA
/tangrams/134_60.png,tangram,NA,NA
/tangrams/467_405.png,tangram,NA,NA
/tangrams/47_272.png,tangram,NA,NA
/tangrams/182_272.png,tangram,NA,NA
/tangrams/30_385.png,tangram,NA,NA
/tangrams/219_254.png,tangram,NA,NA
/tangrams/436_36.png,tangram,NA,NA
/tangrams/17_417.png,tangram,NA,NA
/tangrams/283_137.png,tangram,NA,NA
/tangrams/2_55.png,tangram,NA,NA
/tangrams/55_448.png,tangram,NA,NA
/tangrams/366_328.png,tangram,NA,NA
/tangrams/17_360.png,tangram,NA,NA
/tangrams/274_299.png,tangram,NA,NA
/tangrams/219_305.png,tangram,NA,NA
/tangrams/395_210.png,tangram,NA,NA
/tangrams/355_210.png,tangram,NA,NA
/tangrams/281_145.png,tangram,NA,NA
/tangrams/281_405.png,tangram,NA,NA
/tangrams/281_367.png,tangram,NA,NA
/tangrams/424_305.png,tangram,NA,NA
/tangrams/2_305.png,tangram,NA,NA
/tangrams/337_320.png,tangram,NA,NA
/tangrams/107_110.png,tangram,NA,NA
/tangrams/96_431.png,tangram,NA,NA
/tangrams/189_401.png,tangram,NA,NA
/tangrams/134_267.png,tangram,NA,NA
/tangrams/355_264.png,tangram,NA,NA
/tangrams/172_264.png,tangram,NA,NA
/tangrams/134_431.png,tangram,NA,NA
/tangrams/140_417.png,tangram,NA,NA
/tangrams/463_417.png,tangram,NA,NA
/tangrams/134_91.png,tangram,NA,NA
/tangrams/144_134.png,tangram,NA,NA
/tangrams/340_264.png,tangram,NA,NA
/tangrams/366_63.png,tangram,NA,NA
/tangrams/390_70.png,tangram,NA,NA
/tangrams/426_114.png,tangram,NA,NA
/tangrams/316_308.png,tangram,NA,NA
/tangrams/340_210.png,tangram,NA,NA
/tangrams/172_210.png,tangram,NA,NA
/tangrams/107_403.png,tangram,NA,NA
/tangrams/107_114.png,tangram,NA,NA
/tangrams/107_298.png,tangram,NA,NA
/tangrams/166_215.png,tangram,NA,NA
/tangrams/166_342.png,tangram,NA,NA
/tangrams/366_405.png,tangram,NA,NA
/tangrams/430_453.png,tangram,NA,NA
/tangrams/366_9.png,tangram,NA,NA
/tangrams/418_431.png,tangram,NA,NA
/tangrams/144_262.png,tangram,NA,NA
/tangrams/281_328.png,tangram,NA,NA
/tangrams/395_299.png,tangram,NA,NA
/tangrams/63_337.png,tangram,NA,NA
/tangrams/405_337.png,tangram,NA,NA
/tangrams/24_445.png,tangram,NA,NA
/tangrams/405_65.png,tangram,NA,NA
/tangrams/405_177.png,tangram,NA,NA
/tangrams/316_376.png,tangram,NA,NA
/tangrams/198_70.png,tangram,NA,NA
/tangrams/337_70.png,tangram,NA,NA
/tangrams/182_70.png,tangram,NA,NA
/tangrams/182_55.png,tangram,NA,NA
/tangrams/129_299.png,tangram,NA,NA
/tangrams/435_107.png,tangram,NA,NA
/tangrams/121_91.png,tangram,NA,NA
/tangrams/272_376.png,tangram,NA,NA
/tangrams/272_38.png,tangram,NA,NA
/tangrams/272_308.png,tangram,NA,NA
/tangrams/272_290.png,tangram,NA,NA
/tangrams/235_137.png,tangram,NA,NA
/tangrams/140_131.png,tangram,NA,NA
/tangrams/24_177.png,tangram,NA,NA
/tangrams/140_278.png,tangram,NA,NA
/tangrams/162_131.png,tangram,NA,NA
/tangrams/55_25.png,tangram,NA,NA
/tangrams/438_385.png,tangram,NA,NA
/tangrams/98_428.png,tangram,NA,NA
/tangrams/98_107.png,tangram,NA,NA
/tangrams/463_278.png,tangram,NA,NA
/tangrams/63_445.png,tangram,NA,NA
/tangrams/54_331.png,tangram,NA,NA
/tangrams/54_299.png,tangram,NA,NA
/tangrams/54_456.png,tangram,NA,NA
/tangrams/390_320.png,tangram,NA,NA
/tangrams/283_401.png,tangram,NA,NA
/tangrams/304_134.png,tangram,NA,NA
/tangrams/53_70.png,tangram,NA,NA
/tangrams/356_281.png,tangram,NA,NA
/tangrams/162_360.png,tangram,NA,NA
/tangrams/204_405.png,tangram,NA,NA
/tangrams/204_367.png,tangram,NA,NA
/tangrams/204_328.png,tangram,NA,NA
/tangrams/355_299.png,tangram,NA,NA
/tangrams/172_299.png,tangram,NA,NA
/tangrams/340_299.png,tangram,NA,NA
/tangrams/401_444.png,tangram,NA,NA
/tangrams/268_327.png,tangram,NA,NA
/tangrams/228_445.png,tangram,NA,NA
/tangrams/366_367.png,tangram,NA,NA
/tangrams/55_453.png,tangram,NA,NA
/tangrams/59_299.png,tangram,NA,NA
/tangrams/78_134.png,tangram,NA,NA
/tangrams/96_91.png,tangram,NA,NA
/tangrams/96_267.png,tangram,NA,NA
/tangrams/267_376.png,tangram,NA,NA
/tangrams/78_433.png,tangram,NA,NA
/tangrams/154_447.png,tangram,NA,NA
/tangrams/225_424.png,tangram,NA,NA
/tangrams/161_448.png,tangram,NA,NA
/tangrams/53_281.png,tangram,NA,NA
/tangrams/356_424.png,tangram,NA,NA
/tangrams/337_55.png,tangram,NA,NA
/tangrams/98_406.png,tangram,NA,NA
/tangrams/131_377.png,tangram,NA,NA
/tangrams/337_91.png,tangram,NA,NA
/tangrams/356_70.png,tangram,NA,NA
/tangrams/438_218.png,tangram,NA,NA
/tangrams/359_1.png,tangram,NA,NA
/tangrams/426_110.png,tangram,NA,NA
/tangrams/426_403.png,tangram,NA,NA
/tangrams/463_131.png,tangram,NA,NA
/tangrams/316_38.png,tangram,NA,NA
/tangrams/75_327.png,tangram,NA,NA
/tangrams/304_262.png,tangram,NA,NA
/tangrams/226_63.png,tangram,NA,NA
/tangrams/2_33.png,tangram,NA,NA
/tangrams/59_42.png,tangram,NA,NA
/tangrams/59_456.png,tangram,NA,NA
/tangrams/59_331.png,tangram,NA,NA
/tangrams/156_298.png,tangram,NA,NA
/tangrams/156_114.png,tangram,NA,NA
/tangrams/23_406.png,tangram,NA,NA
/tangrams/23_207.png,tangram,NA,NA
/tangrams/144_433.png,tangram,NA,NA
/tangrams/50_207.png,tangram,NA,NA
/tangrams/283_276.png,tangram,NA,NA
/tangrams/435_207.png,tangram,NA,NA
/tangrams/161_395.png,tangram,NA,NA
/tangrams/235_401.png,tangram,NA,NA
/tangrams/198_55.png,tangram,NA,NA
/tangrams/320_137.png,tangram,NA,NA
/tangrams/320_347.png,tangram,NA,NA
/tangrams/430_395.png,tangram,NA,NA
/tangrams/23_107.png,tangram,NA,NA
/tangrams/394_215.png,tangram,NA,NA
/tangrams/435_406.png,tangram,NA,NA
/tangrams/8_110.png,tangram,NA,NA
/tangrams/37_36.png,tangram,NA,NA
/tangrams/436_90.png,tangram,NA,NA
/tangrams/23_428.png,tangram,NA,NA
/tangrams/267_38.png,tangram,NA,NA
/tangrams/394_385.png,tangram,NA,NA
/tangrams/267_308.png,tangram,NA,NA
/tangrams/267_290.png,tangram,NA,NA
/tangrams/154_327.png,tangram,NA,NA
/tangrams/24_65.png,tangram,NA,NA
/tangrams/424_254.png,tangram,NA,NA
/tangrams/129_456.png,tangram,NA,NA
/tangrams/265_262.png,tangram,NA,NA
/tangrams/235_276.png,tangram,NA,NA
/tangrams/235_347.png,tangram,NA,NA
/tangrams/77_33.png,tangram,NA,NA
/tangrams/77_254.png,tangram,NA,NA
/tangrams/33_118.png,tangram,NA,NA
/tangrams/424_33.png,tangram,NA,NA
/tangrams/50_107.png,tangram,NA,NA
/tangrams/98_207.png,tangram,NA,NA
/tangrams/435_428.png,tangram,NA,NA
/tangrams/129_331.png,tangram,NA,NA
/tangrams/8_298.png,tangram,NA,NA
/tangrams/8_403.png,tangram,NA,NA
/tangrams/359_447.png,tangram,NA,NA
/tangrams/55_395.png,tangram,NA,NA
/tangrams/219_33.png,tangram,NA,NA
/tangrams/189_276.png,tangram,NA,NA
/tangrams/189_137.png,tangram,NA,NA
/tangrams/189_347.png,tangram,NA,NA
/tangrams/156_110.png,tangram,NA,NA
/tangrams/37_243.png,tangram,NA,NA
/tangrams/50_406.png,tangram,NA,NA
/tangrams/225_408.png,tangram,NA,NA
/tangrams/53_408.png,tangram,NA,NA
/tangrams/396_281.png,tangram,NA,NA
/tangrams/396_70.png,tangram,NA,NA
/tangrams/50_428.png,tangram,NA,NA
/tangrams/396_424.png,tangram,NA,NA
/tangrams/225_70.png,tangram,NA,NA
/tangrams/356_408.png,tangram,NA,NA
/tangrams/53_424.png,tangram,NA,NA
/tangrams/304_232.png,tangram,NA,NA
/tangrams/265_134.png,tangram,NA,NA
/tangrams/75_447.png,tangram,NA,NA
/tangrams/396_408.png,tangram,NA,NA
/tangrams/47_7.png,tangram,NA,NA
/tangrams/402_453.png,tangram,NA,NA
/tangrams/402_395.png,tangram,NA,NA
/tangrams/77_55.png,tangram,NA,NA
/tangrams/129_42.png,tangram,NA,NA
/tangrams/430_448.png,tangram,NA,NA
/tangrams/265_232.png,tangram,NA,NA
/tangrams/37_7.png,tangram,NA,NA
/tangrams/370_9.png,tangram,NA,NA
/tangrams/405_445.png,tangram,NA,NA
/tangrams/2_254.png,tangram,NA,NA
/tangrams/165_42.png,tangram,NA,NA
/tangrams/45_52.png,tangram,NA,NA
/tangrams/312_73.png,tangram,NA,NA
/tangrams/186_73.png,tangram,NA,NA
/tangrams/178_291.png,tangram,NA,NA
/tangrams/274_312.png,tangram,NA,NA
/tangrams/22_346.png,tangram,NA,NA
/tangrams/15_201.png,tangram,NA,NA
/tangrams/201_223.png,tangram,NA,NA
/tangrams/307_235.png,tangram,NA,NA
/tangrams/165_235.png,tangram,NA,NA
/tangrams/351_365.png,tangram,NA,NA
/tangrams/159_420.png,tangram,NA,NA
/tangrams/361_119.png,tangram,NA,NA
/tangrams/18_398.png,tangram,NA,NA
/tangrams/159_69.png,tangram,NA,NA
/tangrams/244_322.png,tangram,NA,NA
/tangrams/131_307.png,tangram,NA,NA
/tangrams/340_42.png,tangram,NA,NA
/tangrams/307_42.png,tangram,NA,NA
/tangrams/55_297.png,tangram,NA,NA
/tangrams/150_398.png,tangram,NA,NA
/tangrams/42_403.png,tangram,NA,NA
/tangrams/42_407.png,tangram,NA,NA
/tangrams/38_144.png,tangram,NA,NA
/tangrams/38_365.png,tangram,NA,NA
/tangrams/42_365.png,tangram,NA,NA
/tangrams/38_179.png,tangram,NA,NA
/tangrams/351_179.png,tangram,NA,NA
/tangrams/435_179.png,tangram,NA,NA
/tangrams/438_282.png,tangram,NA,NA
/tangrams/105_353.png,tangram,NA,NA
/tangrams/312_406.png,tangram,NA,NA
/tangrams/178_42.png,tangram,NA,NA
/tangrams/150_119.png,tangram,NA,NA
/tangrams/137_302.png,tangram,NA,NA
/tangrams/312_52.png,tangram,NA,NA
/tangrams/186_52.png,tangram,NA,NA
/tangrams/382_52.png,tangram,NA,NA
/tangrams/38_262.png,tangram,NA,NA
/tangrams/55_351.png,tangram,NA,NA
/tangrams/307_424.png,tangram,NA,NA
/tangrams/456_43.png,tangram,NA,NA
/tangrams/41_351.png,tangram,NA,NA
/tangrams/125_331.png,tangram,NA,NA
/tangrams/466_225.png,tangram,NA,NA
/tangrams/137_225.png,tangram,NA,NA
/tangrams/441_225.png,tangram,NA,NA
/tangrams/125_225.png,tangram,NA,NA
/tangrams/271_262.png,tangram,NA,NA
/tangrams/38_187.png,tangram,NA,NA
/tangrams/271_187.png,tangram,NA,NA
/tangrams/38_320.png,tangram,NA,NA
/tangrams/438_144.png,tangram,NA,NA
/tangrams/12_403.png,tangram,NA,NA
/tangrams/341_201.png,tangram,NA,NA
/tangrams/75_373.png,tangram,NA,NA
/tangrams/46_200.png,tangram,NA,NA
/tangrams/442_353.png,tangram,NA,NA
/tangrams/46_389.png,tangram,NA,NA
/tangrams/239_257.png,tangram,NA,NA
/tangrams/105_389.png,tangram,NA,NA
/tangrams/41_297.png,tangram,NA,NA
/tangrams/105_200.png,tangram,NA,NA
/tangrams/46_353.png,tangram,NA,NA
/tangrams/239_389.png,tangram,NA,NA
/tangrams/55_420.png,tangram,NA,NA
/tangrams/364_17.png,tangram,NA,NA
/tangrams/105_257.png,tangram,NA,NA
/tangrams/10_83.png,tangram,NA,NA
/tangrams/239_200.png,tangram,NA,NA
/tangrams/18_17.png,tangram,NA,NA
/tangrams/442_389.png,tangram,NA,NA
/tangrams/442_200.png,tangram,NA,NA
/tangrams/303_147.png,tangram,NA,NA
/tangrams/189_201.png,tangram,NA,NA
/tangrams/442_257.png,tangram,NA,NA
/tangrams/12_307.png,tangram,NA,NA
/tangrams/38_282.png,tangram,NA,NA
/tangrams/115_233.png,tangram,NA,NA
/tangrams/201_147.png,tangram,NA,NA
/tangrams/197_147.png,tangram,NA,NA
/tangrams/351_282.png,tangram,NA,NA
/tangrams/435_282.png,tangram,NA,NA
/tangrams/466_331.png,tangram,NA,NA
/tangrams/244_147.png,tangram,NA,NA
/tangrams/22_425.png,tangram,NA,NA
/tangrams/433_464.png,tangram,NA,NA
/tangrams/258_251.png,tangram,NA,NA
/tangrams/41_344.png,tangram,NA,NA
/tangrams/433_94.png,tangram,NA,NA
/tangrams/167_119.png,tangram,NA,NA
/tangrams/438_365.png,tangram,NA,NA
/tangrams/417_315.png,tangram,NA,NA
/tangrams/150_445.png,tangram,NA,NA
/tangrams/165_291.png,tangram,NA,NA
/tangrams/361_17.png,tangram,NA,NA
/tangrams/361_445.png,tangram,NA,NA
/tangrams/361_398.png,tangram,NA,NA
/tangrams/41_17.png,tangram,NA,NA
/tangrams/413_346.png,tangram,NA,NA
/tangrams/303_322.png,tangram,NA,NA
/tangrams/227_448.png,tangram,NA,NA
/tangrams/458_344.png,tangram,NA,NA
/tangrams/212_57.png,tangram,NA,NA
/tangrams/212_459.png,tangram,NA,NA
/tangrams/212_399.png,tangram,NA,NA
/tangrams/212_145.png,tangram,NA,NA
/tangrams/165_424.png,tangram,NA,NA
/tangrams/268_315.png,tangram,NA,NA
/tangrams/104_428.png,tangram,NA,NA
/tangrams/268_31.png,tangram,NA,NA
/tangrams/351_144.png,tangram,NA,NA
/tangrams/232_346.png,tangram,NA,NA
/tangrams/417_428.png,tangram,NA,NA
/tangrams/417_196.png,tangram,NA,NA
/tangrams/417_31.png,tangram,NA,NA
/tangrams/104_31.png,tangram,NA,NA
/tangrams/268_196.png,tangram,NA,NA
/tangrams/108_412.png,tangram,NA,NA
/tangrams/271_412.png,tangram,NA,NA
/tangrams/38_412.png,tangram,NA,NA
/tangrams/41_442.png,tangram,NA,NA
/tangrams/227_321.png,tangram,NA,NA
/tangrams/456_412.png,tangram,NA,NA
/tangrams/104_196.png,tangram,NA,NA
/tangrams/193_428.png,tangram,NA,NA
/tangrams/435_144.png,tangram,NA,NA
/tangrams/115_17.png,tangram,NA,NA
/tangrams/435_365.png,tangram,NA,NA
/tangrams/87_62.png,tangram,NA,NA
/tangrams/186_406.png,tangram,NA,NA
/tangrams/382_73.png,tangram,NA,NA
/tangrams/186_403.png,tangram,NA,NA
/tangrams/382_406.png,tangram,NA,NA
/tangrams/466_302.png,tangram,NA,NA
/tangrams/458_442.png,tangram,NA,NA
/tangrams/340_235.png,tangram,NA,NA
/tangrams/307_291.png,tangram,NA,NA
/tangrams/466_175.png,tangram,NA,NA
/tangrams/268_428.png,tangram,NA,NA
/tangrams/295_307.png,tangram,NA,NA
/tangrams/413_321.png,tangram,NA,NA
/tangrams/413_425.png,tangram,NA,NA
/tangrams/413_448.png,tangram,NA,NA
/tangrams/75_348.png,tangram,NA,NA
/tangrams/131_403.png,tangram,NA,NA
/tangrams/295_403.png,tangram,NA,NA
/tangrams/327_287.png,tangram,NA,NA
/tangrams/232_425.png,tangram,NA,NA
/tangrams/15_287.png,tangram,NA,NA
/tangrams/189_287.png,tangram,NA,NA
/tangrams/303_384.png,tangram,NA,NA
/tangrams/238_251.png,tangram,NA,NA
/tangrams/341_287.png,tangram,NA,NA
/tangrams/201_384.png,tangram,NA,NA
/tangrams/244_384.png,tangram,NA,NA
/tangrams/75_212.png,tangram,NA,NA
/tangrams/143_212.png,tangram,NA,NA
/tangrams/197_384.png,tangram,NA,NA
/tangrams/240_212.png,tangram,NA,NA
/tangrams/389_212.png,tangram,NA,NA
/tangrams/227_425.png,tangram,NA,NA
/tangrams/167_17.png,tangram,NA,NA
/tangrams/167_445.png,tangram,NA,NA
/tangrams/167_398.png,tangram,NA,NA
/tangrams/143_373.png,tangram,NA,NA
/tangrams/240_373.png,tangram,NA,NA
/tangrams/104_315.png,tangram,NA,NA
/tangrams/193_196.png,tangram,NA,NA
/tangrams/41_420.png,tangram,NA,NA
/tangrams/382_403.png,tangram,NA,NA
/tangrams/312_403.png,tangram,NA,NA
/tangrams/131_365.png,tangram,NA,NA
/tangrams/12_365.png,tangram,NA,NA
/tangrams/295_365.png,tangram,NA,NA
/tangrams/389_348.png,tangram,NA,NA
/tangrams/240_348.png,tangram,NA,NA
/tangrams/226_399.png,tangram,NA,NA
/tangrams/87_464.png,tangram,NA,NA
/tangrams/201_322.png,tangram,NA,NA
/tangrams/355_420.png,tangram,NA,NA
/tangrams/363_459.png,tangram,NA,NA
/tangrams/363_57.png,tangram,NA,NA
/tangrams/340_291.png,tangram,NA,NA
/tangrams/18_119.png,tangram,NA,NA
/tangrams/18_445.png,tangram,NA,NA
/tangrams/150_17.png,tangram,NA,NA
/tangrams/441_302.png,tangram,NA,NA
/tangrams/125_302.png,tangram,NA,NA
/tangrams/303_223.png,tangram,NA,NA
/tangrams/340_424.png,tangram,NA,NA
/tangrams/438_179.png,tangram,NA,NA
/tangrams/305_312.png,tangram,NA,NA
/tangrams/458_17.png,tangram,NA,NA
/tangrams/159_297.png,tangram,NA,NA
/tangrams/305_345.png,tangram,NA,NA
/tangrams/59_244.png,tangram,NA,NA
/tangrams/364_442.png,tangram,NA,NA
/tangrams/364_344.png,tangram,NA,NA
/tangrams/178_424.png,tangram,NA,NA
/tangrams/178_235.png,tangram,NA,NA
/tangrams/232_448.png,tangram,NA,NA
/tangrams/327_201.png,tangram,NA,NA
/tangrams/346_345.png,tangram,NA,NA
/tangrams/441_331.png,tangram,NA,NA
/tangrams/115_442.png,tangram,NA,NA
/tangrams/389_373.png,tangram,NA,NA
/tangrams/41_233.png,tangram,NA,NA
/tangrams/458_233.png,tangram,NA,NA
/tangrams/131_407.png,tangram,NA,NA
/tangrams/12_407.png,tangram,NA,NA
/tangrams/363_399.png,tangram,NA,NA
/tangrams/295_407.png,tangram,NA,NA
/tangrams/197_223.png,tangram,NA,NA
/tangrams/440_57.png,tangram,NA,NA
/tangrams/413_441.png,tangram,NA,NA
/tangrams/363_145.png,tangram,NA,NA
/tangrams/240_248.png,tangram,NA,NA
/tangrams/193_315.png,tangram,NA,NA
/tangrams/456_187.png,tangram,NA,NA
/tangrams/59_132.png,tangram,NA,NA
/tangrams/143_248.png,tangram,NA,NA
/tangrams/143_348.png,tangram,NA,NA
/tangrams/51_132.png,tangram,NA,NA
/tangrams/51_345.png,tangram,NA,NA
/tangrams/115_344.png,tangram,NA,NA
/tangrams/45_406.png,tangram,NA,NA
/tangrams/461_43.png,tangram,NA,NA
/tangrams/75_248.png,tangram,NA,NA
/tangrams/137_331.png,tangram,NA,NA
/tangrams/364_233.png,tangram,NA,NA
/tangrams/108_262.png,tangram,NA,NA
/tangrams/258_94.png,tangram,NA,NA
/tangrams/456_262.png,tangram,NA,NA
/tangrams/137_175.png,tangram,NA,NA
/tangrams/159_351.png,tangram,NA,NA
/tangrams/45_73.png,tangram,NA,NA
/tangrams/45_403.png,tangram,NA,NA
/tangrams/189_193.png,tangram,NA,NA
/tangrams/327_193.png,tangram,NA,NA
/tangrams/327_224.png,tangram,NA,NA
/tangrams/10_136.png,tangram,NA,NA
/tangrams/22_321.png,tangram,NA,NA
/tangrams/22_448.png,tangram,NA,NA
/tangrams/42_307.png,tangram,NA,NA
/tangrams/227_346.png,tangram,NA,NA
/tangrams/189_224.png,tangram,NA,NA
/tangrams/440_459.png,tangram,NA,NA
/tangrams/226_57.png,tangram,NA,NA
/tangrams/232_321.png,tangram,NA,NA
/tangrams/341_224.png,tangram,NA,NA
/tangrams/456_320.png,tangram,NA,NA
/tangrams/108_187.png,tangram,NA,NA
/tangrams/341_193.png,tangram,NA,NA
/tangrams/15_193.png,tangram,NA,NA
/tangrams/15_224.png,tangram,NA,NA
/tangrams/125_175.png,tangram,NA,NA
/tangrams/441_175.png,tangram,NA,NA
/tangrams/244_223.png,tangram,NA,NA
/tangrams/46_257.png,tangram,NA,NA
/tangrams/440_145.png,tangram,NA,NA
/tangrams/440_399.png,tangram,NA,NA
/tangrams/271_320.png,tangram,NA,NA
/tangrams/108_320.png,tangram,NA,NA
/tangrams/305_132.png,tangram,NA,NA
/tangrams/461_216.png,tangram,NA,NA
/tangrams/193_31.png,tangram,NA,NA
/tangrams/355_69.png,tangram,NA,NA
/tangrams/10_43.png,tangram,NA,NA
/tangrams/87_94.png,tangram,NA,NA
/tangrams/389_248.png,tangram,NA,NA
/tangrams/87_251.png,tangram,NA,NA
/tangrams/258_62.png,tangram,NA,NA
/tangrams/355_297.png,tangram,NA,NA
/tangrams/355_351.png,tangram,NA,NA
/tangrams/226_459.png,tangram,NA,NA
/tangrams/226_145.png,tangram,NA,NA
/tangrams/252_0.png,tangram,NA,NA
/tangrams/198_221.png,tangram,NA,NA
/tangrams/275_70.png,tangram,NA,NA
/tangrams/69_94.png,tangram,NA,NA
/tangrams/50_97.png,tangram,NA,NA
/tangrams/444_39.png,tangram,NA,NA
/tangrams/281_127.png,tangram,NA,NA
/tangrams/387_466.png,tangram,NA,NA
/tangrams/430_137.png,tangram,NA,NA
/tangrams/178_52.png,tangram,NA,NA
/tangrams/293_34.png,tangram,NA,NA
/tangrams/38_205.png,tangram,NA,NA
/tangrams/148_212.png,tangram,NA,NA
/tangrams/362_260.png,tangram,NA,NA
/tangrams/71_456.png,tangram,NA,NA
/tangrams/252_35.png,tangram,NA,NA
/tangrams/279_180.png,tangram,NA,NA
/tangrams/441_13.png,tangram,NA,NA
/tangrams/311_436.png,tangram,NA,NA
/tangrams/54_271.png,tangram,NA,NA
/tangrams/450_407.png,tangram,NA,NA
/tangrams/200_57.png,tangram,NA,NA
/tangrams/96_50.png,tangram,NA,NA
/tangrams/102_195.png,tangram,NA,NA
/tangrams/118_203.png,tangram,NA,NA
/tangrams/341_78.png,tangram,NA,NA
/tangrams/254_222.png,tangram,NA,NA
/tangrams/211_371.png,tangram,NA,NA
/tangrams/332_183.png,tangram,NA,NA
/tangrams/395_149.png,tangram,NA,NA
/tangrams/11_2.png,tangram,NA,NA
/tangrams/128_266.png,tangram,NA,NA
/tangrams/87_256.png,tangram,NA,NA
/tangrams/278_300.png,tangram,NA,NA
/tangrams/450_389.png,tangram,NA,NA
/tangrams/290_105.png,tangram,NA,NA
/tangrams/80_113.png,tangram,NA,NA
/tangrams/278_457.png,tangram,NA,NA
/tangrams/272_265.png,tangram,NA,NA
/tangrams/46_217.png,tangram,NA,NA
/tangrams/454_121.png,tangram,NA,NA
/tangrams/177_330.png,tangram,NA,NA
/tangrams/96_344.png,tangram,NA,NA
/tangrams/149_7.png,tangram,NA,NA
/tangrams/406_369.png,tangram,NA,NA
/tangrams/446_169.png,tangram,NA,NA
/tangrams/69_1.png,tangram,NA,NA
/tangrams/451_230.png,tangram,NA,NA
/tangrams/125_292.png,tangram,NA,NA
/tangrams/303_292.png,tangram,NA,NA
/tangrams/346_106.png,tangram,NA,NA
/tangrams/128_421.png,tangram,NA,NA
/tangrams/154_12.png,tangram,NA,NA
/tangrams/282_280.png,tangram,NA,NA
/tangrams/120_49.png,tangram,NA,NA
/tangrams/245_98.png,tangram,NA,NA
/tangrams/464_375.png,tangram,NA,NA
/tangrams/282_7.png,tangram,NA,NA
/tangrams/361_65.png,tangram,NA,NA
/tangrams/426_459.png,tangram,NA,NA
/tangrams/343_388.png,tangram,NA,NA
/tangrams/3_467.png,tangram,NA,NA
/tangrams/122_228.png,tangram,NA,NA
/tangrams/291_239.png,tangram,NA,NA
/tangrams/193_211.png,tangram,NA,NA
/tangrams/421_189.png,tangram,NA,NA
/tangrams/300_24.png,tangram,NA,NA
/tangrams/319_356.png,tangram,NA,NA
/tangrams/59_67.png,tangram,NA,NA
/tangrams/327_330.png,tangram,NA,NA
/tangrams/23_442.png,tangram,NA,NA
/tangrams/219_35.png,tangram,NA,NA
/tangrams/128_48.png,tangram,NA,NA
/tangrams/305_11.png,tangram,NA,NA
/tangrams/445_227.png,tangram,NA,NA
/tangrams/123_214.png,tangram,NA,NA
/tangrams/356_386.png,tangram,NA,NA
/tangrams/402_119.png,tangram,NA,NA
/tangrams/401_267.png,tangram,NA,NA
/tangrams/153_7.png,tangram,NA,NA
/tangrams/31_350.png,tangram,NA,NA
/tangrams/36_224.png,tangram,NA,NA
/tangrams/109_202.png,tangram,NA,NA
/tangrams/327_132.png,tangram,NA,NA
/tangrams/25_203.png,tangram,NA,NA
/tangrams/259_413.png,tangram,NA,NA
/tangrams/347_254.png,tangram,NA,NA
/tangrams/108_97.png,tangram,NA,NA
/tangrams/394_190.png,tangram,NA,NA
/tangrams/37_144.png,tangram,NA,NA
/tangrams/185_391.png,tangram,NA,NA
/tangrams/373_74.png,tangram,NA,NA
/tangrams/389_116.png,tangram,NA,NA
/tangrams/301_403.png,tangram,NA,NA
/tangrams/303_159.png,tangram,NA,NA
/tangrams/157_143.png,tangram,NA,NA
/tangrams/348_427.png,tangram,NA,NA
/tangrams/259_393.png,tangram,NA,NA
/tangrams/295_161.png,tangram,NA,NA
/tangrams/112_393.png,tangram,NA,NA
/tangrams/232_223.png,tangram,NA,NA
/tangrams/35_116.png,tangram,NA,NA
/tangrams/56_469.png,tangram,NA,NA
/tangrams/289_133.png,tangram,NA,NA
/tangrams/301_430.png,tangram,NA,NA
/tangrams/67_412.png,tangram,NA,NA
/tangrams/327_452.png,tangram,NA,NA
/tangrams/452_447.png,tangram,NA,NA
/tangrams/52_159.png,tangram,NA,NA
/tangrams/265_219.png,tangram,NA,NA
/tangrams/190_448.png,tangram,NA,NA
/tangrams/129_405.png,tangram,NA,NA
/tangrams/349_314.png,tangram,NA,NA
/tangrams/40_449.png,tangram,NA,NA
/tangrams/284_246.png,tangram,NA,NA
/tangrams/190_106.png,tangram,NA,NA
/tangrams/199_89.png,tangram,NA,NA
/tangrams/145_428.png,tangram,NA,NA
/tangrams/262_252.png,tangram,NA,NA
/tangrams/326_147.png,tangram,NA,NA
/tangrams/178_275.png,tangram,NA,NA
/tangrams/129_354.png,tangram,NA,NA
/tangrams/18_20.png,tangram,NA,NA
/tangrams/460_441.png,tangram,NA,NA
/tangrams/119_1.png,tangram,NA,NA
/tangrams/397_436.png,tangram,NA,NA
/tangrams/229_305.png,tangram,NA,NA
/tangrams/54_354.png,tangram,NA,NA
/tangrams/342_260.png,tangram,NA,NA
/tangrams/455_97.png,tangram,NA,NA
/tangrams/144_91.png,tangram,NA,NA
/tangrams/122_65.png,tangram,NA,NA
/tangrams/193_127.png,tangram,NA,NA
/tangrams/201_15.png,tangram,NA,NA
/tangrams/237_181.png,tangram,NA,NA
/tangrams/299_394.png,tangram,NA,NA
/tangrams/360_205.png,tangram,NA,NA
/tangrams/194_282.png,tangram,NA,NA
/tangrams/46_343.png,tangram,NA,NA
/tangrams/276_194.png,tangram,NA,NA
/tangrams/184_52.png,tangram,NA,NA
/tangrams/107_390.png,tangram,NA,NA
/tangrams/47_100.png,tangram,NA,NA
/tangrams/245_352.png,tangram,NA,NA
/tangrams/190_212.png,tangram,NA,NA
/tangrams/349_458.png,tangram,NA,NA
/tangrams/255_161.png,tangram,NA,NA
/tangrams/14_140.png,tangram,NA,NA
/tangrams/377_5.png,tangram,NA,NA
/tangrams/17_385.png,tangram,NA,NA
/tangrams/185_363.png,tangram,NA,NA
/tangrams/360_394.png,tangram,NA,NA
/tangrams/256_280.png,tangram,NA,NA
/tangrams/105_299.png,tangram,NA,NA
/tangrams/193_108.png,tangram,NA,NA
/tangrams/21_226.png,tangram,NA,NA
/tangrams/346_20.png,tangram,NA,NA
/tangrams/298_143.png,tangram,NA,NA
/tangrams/371_446.png,tangram,NA,NA
/tangrams/311_197.png,tangram,NA,NA
/tangrams/216_352.png,tangram,NA,NA
/tangrams/126_42.png,tangram,NA,NA
/tangrams/324_188.png,tangram,NA,NA
/tangrams/194_229.png,tangram,NA,NA
/tangrams/360_401.png,tangram,NA,NA
/tangrams/219_77.png,tangram,NA,NA
/tangrams/382_215.png,tangram,NA,NA
/tangrams/380_95.png,tangram,NA,NA
/tangrams/258_183.png,tangram,NA,NA
/tangrams/32_312.png,tangram,NA,NA
/tangrams/87_321.png,tangram,NA,NA
/tangrams/3_418.png,tangram,NA,NA
/tangrams/463_316.png,tangram,NA,NA
/tangrams/443_257.png,tangram,NA,NA
/tangrams/173_330.png,tangram,NA,NA
/tangrams/142_251.png,tangram,NA,NA
/tangrams/3_382.png,tangram,NA,NA
/tangrams/142_103.png,tangram,NA,NA
/tangrams/351_87.png,tangram,NA,NA
/tangrams/237_100.png,tangram,NA,NA
/tangrams/237_279.png,tangram,NA,NA
/tangrams/426_344.png,tangram,NA,NA
/tangrams/196_17.png,tangram,NA,NA
/tangrams/47_105.png,tangram,NA,NA
/tangrams/158_379.png,tangram,NA,NA
/tangrams/75_57.png,tangram,NA,NA
/tangrams/48_198.png,tangram,NA,NA
/tangrams/410_48.png,tangram,NA,NA
/tangrams/381_327.png,tangram,NA,NA
/tangrams/264_72.png,tangram,NA,NA
/tangrams/429_255.png,tangram,NA,NA
/tangrams/27_48.png,tangram,NA,NA
/tangrams/54_342.png,tangram,NA,NA
/tangrams/197_249.png,tangram,NA,NA
/tangrams/284_68.png,tangram,NA,NA
/tangrams/365_388.png,tangram,NA,NA
/tangrams/83_467.png,tangram,NA,NA
/tangrams/368_380.png,tangram,NA,NA
/tangrams/370_454.png,tangram,NA,NA
/tangrams/47_417.png,tangram,NA,NA
/tangrams/301_289.png,tangram,NA,NA
/tangrams/136_138.png,tangram,NA,NA
/tangrams/401_298.png,tangram,NA,NA
/tangrams/458_256.png,tangram,NA,NA
/tangrams/380_261.png,tangram,NA,NA
/tangrams/233_129.png,tangram,NA,NA
/tangrams/120_261.png,tangram,NA,NA
/tangrams/83_261.png,tangram,NA,NA
/tangrams/349_69.png,tangram,NA,NA
/tangrams/390_348.png,tangram,NA,NA
/tangrams/139_218.png,tangram,NA,NA
/tangrams/30_89.png,tangram,NA,NA
/tangrams/340_218.png,tangram,NA,NA
/tangrams/254_334.png,tangram,NA,NA
/tangrams/366_219.png,tangram,NA,NA
/tangrams/7_214.png,tangram,NA,NA
/tangrams/299_73.png,tangram,NA,NA
/tangrams/87_468.png,tangram,NA,NA
/tangrams/230_38.png,tangram,NA,NA
/tangrams/418_97.png,tangram,NA,NA
/tangrams/49_353.png,tangram,NA,NA
/tangrams/323_208.png,tangram,NA,NA
/tangrams/69_315.png,tangram,NA,NA
/tangrams/167_227.png,tangram,NA,NA
/tangrams/189_346.png,tangram,NA,NA
/tangrams/439_139.png,tangram,NA,NA
/tangrams/354_68.png,tangram,NA,NA
/tangrams/115_330.png,tangram,NA,NA
/tangrams/156_251.png,tangram,NA,NA
/tangrams/248_279.png,tangram,NA,NA
/tangrams/394_414.png,tangram,NA,NA
/tangrams/456_124.png,tangram,NA,NA
/tangrams/44_196.png,tangram,NA,NA
/tangrams/63_61.png,tangram,NA,NA
/tangrams/172_311.png,tangram,NA,NA
/tangrams/434_459.png,tangram,NA,NA
/tangrams/92_372.png,tangram,NA,NA
/tangrams/90_286.png,tangram,NA,NA
/tangrams/332_97.png,tangram,NA,NA
/tangrams/283_275.png,tangram,NA,NA
/tangrams/240_388.png,tangram,NA,NA
/tangrams/394_359.png,tangram,NA,NA
/tangrams/150_297.png,tangram,NA,NA
/tangrams/295_376.png,tangram,NA,NA
/tangrams/95_337.png,tangram,NA,NA
/tangrams/310_282.png,tangram,NA,NA
/tangrams/440_213.png,tangram,NA,NA
/tangrams/249_262.png,tangram,NA,NA
/tangrams/250_437.png,tangram,NA,NA
/tangrams/278_351.png,tangram,NA,NA
/tangrams/295_75.png,tangram,NA,NA
/tangrams/272_430.png,tangram,NA,NA
/tangrams/191_343.png,tangram,NA,NA
/tangrams/266_249.png,tangram,NA,NA
/tangrams/302_286.png,tangram,NA,NA
/tangrams/127_302.png,tangram,NA,NA
/tangrams/195_422.png,tangram,NA,NA
/tangrams/379_340.png,tangram,NA,NA
/tangrams/212_442.png,tangram,NA,NA
/tangrams/267_130.png,tangram,NA,NA
/tangrams/54_281.png,tangram,NA,NA
/tangrams/292_247.png,tangram,NA,NA
/tangrams/131_317.png,tangram,NA,NA
/tangrams/392_56.png,tangram,NA,NA
/tangrams/174_279.png,tangram,NA,NA
/tangrams/188_308.png,tangram,NA,NA
/tangrams/380_18.png,tangram,NA,NA
/tangrams/36_116.png,tangram,NA,NA
/tangrams/358_109.png,tangram,NA,NA
/tangrams/273_88.png,tangram,NA,NA
/tangrams/92_28.png,tangram,NA,NA
/tangrams/403_159.png,tangram,NA,NA
/tangrams/383_464.png,tangram,NA,NA
/tangrams/252_270.png,tangram,NA,NA
/tangrams/178_384.png,tangram,NA,NA
/tangrams/295_179.png,tangram,NA,NA
/tangrams/185_224.png,tangram,NA,NA
/tangrams/395_30.png,tangram,NA,NA
/tangrams/116_218.png,tangram,NA,NA
/tangrams/319_448.png,tangram,NA,NA
/tangrams/200_167.png,tangram,NA,NA
/tangrams/17_52.png,tangram,NA,NA
/tangrams/324_13.png,tangram,NA,NA
/tangrams/163_117.png,tangram,NA,NA
/tangrams/247_452.png,tangram,NA,NA
/tangrams/336_52.png,tangram,NA,NA
/tangrams/52_437.png,tangram,NA,NA
/tangrams/324_153.png,tangram,NA,NA
/tangrams/143_37.png,tangram,NA,NA
/tangrams/260_53.png,tangram,NA,NA
/tangrams/170_166.png,tangram,NA,NA
/tangrams/8_332.png,tangram,NA,NA
/tangrams/425_424.png,tangram,NA,NA
/tangrams/13_260.png,tangram,NA,NA
/tangrams/139_189.png,tangram,NA,NA
/tangrams/77_21.png,tangram,NA,NA
/tangrams/36_0.png,tangram,NA,NA
/tangrams/317_367.png,tangram,NA,NA
/tangrams/66_170.png,tangram,NA,NA
/tangrams/6_377.png,tangram,NA,NA
/tangrams/149_375.png,tangram,NA,NA
/tangrams/453_377.png,tangram,NA,NA
/tangrams/351_274.png,tangram,NA,NA
/tangrams/176_305.png,tangram,NA,NA
/tangrams/24_3.png,tangram,NA,NA
/tangrams/359_386.png,tangram,NA,NA
/tangrams/347_299.png,tangram,NA,NA
/tangrams/398_356.png,tangram,NA,NA
/tangrams/65_88.png,tangram,NA,NA
/tangrams/99_437.png,tangram,NA,NA
/tangrams/69_279.png,tangram,NA,NA
/tangrams/344_400.png,tangram,NA,NA
/tangrams/90_12.png,tangram,NA,NA
/tangrams/127_61.png,tangram,NA,NA
/tangrams/26_448.png,tangram,NA,NA
/tangrams/327_68.png,tangram,NA,NA
/tangrams/167_146.png,tangram,NA,NA
/tangrams/438_268.png,tangram,NA,NA
/tangrams/191_75.png,tangram,NA,NA
/tangrams/311_268.png,tangram,NA,NA
/tangrams/411_130.png,tangram,NA,NA
/tangrams/270_201.png,tangram,NA,NA
/tangrams/71_134.png,tangram,NA,NA
/tangrams/257_453.png,tangram,NA,NA
/tangrams/40_12.png,tangram,NA,NA
/tangrams/61_56.png,tangram,NA,NA
/tangrams/99_354.png,tangram,NA,NA
/tangrams/176_43.png,tangram,NA,NA
/tangrams/177_230.png,tangram,NA,NA
/tangrams/432_428.png,tangram,NA,NA
/tangrams/276_255.png,tangram,NA,NA
/tangrams/282_325.png,tangram,NA,NA
/tangrams/466_460.png,tangram,NA,NA
/tangrams/370_333.png,tangram,NA,NA
/tangrams/338_363.png,tangram,NA,NA
/tangrams/444_375.png,tangram,NA,NA
/tangrams/251_6.png,tangram,NA,NA
/tangrams/247_287.png,tangram,NA,NA
/tangrams/68_253.png,tangram,NA,NA
/tangrams/336_108.png,tangram,NA,NA
/tangrams/458_167.png,tangram,NA,NA
/tangrams/122_249.png,tangram,NA,NA
/tangrams/360_199.png,tangram,NA,NA
/tangrams/122_35.png,tangram,NA,NA
/tangrams/346_303.png,tangram,NA,NA
/tangrams/266_218.png,tangram,NA,NA
/tangrams/467_451.png,tangram,NA,NA
/tangrams/159_391.png,tangram,NA,NA
/tangrams/297_136.png,tangram,NA,NA
/tangrams/448_310.png,tangram,NA,NA
/tangrams/160_224.png,tangram,NA,NA
/tangrams/249_355.png,tangram,NA,NA
/tangrams/339_250.png,tangram,NA,NA
/tangrams/187_29.png,tangram,NA,NA
/tangrams/119_293.png,tangram,NA,NA
/tangrams/368_190.png,tangram,NA,NA
/tangrams/162_70.png,tangram,NA,NA
/tangrams/128_51.png,tangram,NA,NA
/tangrams/311_302.png,tangram,NA,NA
/tangrams/211_183.png,tangram,NA,NA
/tangrams/237_126.png,tangram,NA,NA
/tangrams/288_101.png,tangram,NA,NA
/tangrams/362_404.png,tangram,NA,NA
/tangrams/351_93.png,tangram,NA,NA
/tangrams/214_192.png,tangram,NA,NA
/tangrams/179_307.png,tangram,NA,NA
/tangrams/446_23.png,tangram,NA,NA
/tangrams/30_192.png,tangram,NA,NA
/tangrams/214_23.png,tangram,NA,NA
/tangrams/385_23.png,tangram,NA,NA
/tangrams/30_346.png,tangram,NA,NA
/tangrams/130_343.png,tangram,NA,NA
/tangrams/30_23.png,tangram,NA,NA
/tangrams/133_48.png,tangram,NA,NA
/tangrams/444_279.png,tangram,NA,NA
/tangrams/302_420.png,tangram,NA,NA
/tangrams/170_279.png,tangram,NA,NA
/tangrams/300_93.png,tangram,NA,NA
/tangrams/461_83.png,tangram,NA,NA
/tangrams/179_68.png,tangram,NA,NA
/tangrams/30_158.png,tangram,NA,NA
/tangrams/179_89.png,tangram,NA,NA
/tangrams/214_158.png,tangram,NA,NA
/tangrams/446_158.png,tangram,NA,NA
/tangrams/385_158.png,tangram,NA,NA
/tangrams/396_83.png,tangram,NA,NA
/tangrams/35_307.png,tangram,NA,NA
/tangrams/423_450.png,tangram,NA,NA
/tangrams/357_450.png,tangram,NA,NA
/tangrams/130_450.png,tangram,NA,NA
/tangrams/412_135.png,tangram,NA,NA
/tangrams/28_450.png,tangram,NA,NA
/tangrams/119_115.png,tangram,NA,NA
/tangrams/357_137.png,tangram,NA,NA
/tangrams/28_343.png,tangram,NA,NA
/tangrams/98_371.png,tangram,NA,NA
/tangrams/460_89.png,tangram,NA,NA
/tangrams/436_318.png,tangram,NA,NA
/tangrams/179_194.png,tangram,NA,NA
/tangrams/1_298.png,tangram,NA,NA
/tangrams/85_135.png,tangram,NA,NA
/tangrams/71_135.png,tangram,NA,NA
/tangrams/460_307.png,tangram,NA,NA
/tangrams/36_307.png,tangram,NA,NA
/tangrams/360_373.png,tangram,NA,NA
/tangrams/258_373.png,tangram,NA,NA
/tangrams/324_373.png,tangram,NA,NA
/tangrams/234_373.png,tangram,NA,NA
/tangrams/423_343.png,tangram,NA,NA
/tangrams/385_346.png,tangram,NA,NA
/tangrams/446_346.png,tangram,NA,NA
/tangrams/461_420.png,tangram,NA,NA
/tangrams/214_346.png,tangram,NA,NA
/tangrams/362_142.png,tangram,NA,NA
/tangrams/362_123.png,tangram,NA,NA
/tangrams/362_185.png,tangram,NA,NA
/tangrams/362_318.png,tangram,NA,NA
/tangrams/71_289.png,tangram,NA,NA
/tangrams/71_316.png,tangram,NA,NA
/tangrams/412_289.png,tangram,NA,NA
/tangrams/299_216.png,tangram,NA,NA
/tangrams/412_316.png,tangram,NA,NA
/tangrams/461_140.png,tangram,NA,NA
/tangrams/302_140.png,tangram,NA,NA
/tangrams/53_468.png,tangram,NA,NA
/tangrams/172_435.png,tangram,NA,NA
/tangrams/1_435.png,tangram,NA,NA
/tangrams/243_435.png,tangram,NA,NA
/tangrams/1_410.png,tangram,NA,NA
/tangrams/16_123.png,tangram,NA,NA
/tangrams/16_185.png,tangram,NA,NA
/tangrams/16_318.png,tangram,NA,NA
/tangrams/460_188.png,tangram,NA,NA
/tangrams/16_142.png,tangram,NA,NA
/tangrams/130_468.png,tangram,NA,NA
/tangrams/289_187.png,tangram,NA,NA
/tangrams/206_371.png,tangram,NA,NA
/tangrams/257_253.png,tangram,NA,NA
/tangrams/308_204.png,tangram,NA,NA
/tangrams/402_159.png,tangram,NA,NA
/tangrams/460_140.png,tangram,NA,NA
/tangrams/207_159.png,tangram,NA,NA
/tangrams/360_306.png,tangram,NA,NA
/tangrams/234_306.png,tangram,NA,NA
/tangrams/359_159.png,tangram,NA,NA
/tangrams/299_159.png,tangram,NA,NA
/tangrams/206_187.png,tangram,NA,NA
/tangrams/206_85.png,tangram,NA,NA
/tangrams/206_253.png,tangram,NA,NA
/tangrams/289_253.png,tangram,NA,NA
/tangrams/234_399.png,tangram,NA,NA
/tangrams/289_371.png,tangram,NA,NA
/tangrams/289_85.png,tangram,NA,NA
/tangrams/360_399.png,tangram,NA,NA
/tangrams/170_244.png,tangram,NA,NA
/tangrams/240_244.png,tangram,NA,NA
/tangrams/258_399.png,tangram,NA,NA
/tangrams/444_244.png,tangram,NA,NA
/tangrams/172_145.png,tangram,NA,NA
/tangrams/38_244.png,tangram,NA,NA
/tangrams/172_410.png,tangram,NA,NA
/tangrams/324_399.png,tangram,NA,NA
/tangrams/172_298.png,tangram,NA,NA
/tangrams/460_371.png,tangram,NA,NA
/tangrams/456_216.png,tangram,NA,NA
/tangrams/53_273.png,tangram,NA,NA
/tangrams/42_289.png,tangram,NA,NA
/tangrams/207_71.png,tangram,NA,NA
/tangrams/207_305.png,tangram,NA,NA
/tangrams/207_216.png,tangram,NA,NA
/tangrams/67_468.png,tangram,NA,NA
/tangrams/85_316.png,tangram,NA,NA
/tangrams/460_194.png,tangram,NA,NA
/tangrams/300_115.png,tangram,NA,NA
/tangrams/42_316.png,tangram,NA,NA
/tangrams/42_109.png,tangram,NA,NA
/tangrams/85_289.png,tangram,NA,NA
/tangrams/35_89.png,tangram,NA,NA
/tangrams/461_371.png,tangram,NA,NA
/tangrams/28_281.png,tangram,NA,NA
/tangrams/351_281.png,tangram,NA,NA
/tangrams/402_71.png,tangram,NA,NA
/tangrams/402_216.png,tangram,NA,NA
/tangrams/133_448.png,tangram,NA,NA
/tangrams/396_43.png,tangram,NA,NA
/tangrams/7_204.png,tangram,NA,NA
/tangrams/299_71.png,tangram,NA,NA
/tangrams/360_20.png,tangram,NA,NA
/tangrams/119_93.png,tangram,NA,NA
/tangrams/243_298.png,tangram,NA,NA
/tangrams/28_93.png,tangram,NA,NA
/tangrams/392_229.png,tangram,NA,NA
/tangrams/392_302.png,tangram,NA,NA
/tangrams/299_305.png,tangram,NA,NA
/tangrams/359_305.png,tangram,NA,NA
/tangrams/402_305.png,tangram,NA,NA
/tangrams/258_306.png,tangram,NA,NA
/tangrams/236_229.png,tangram,NA,NA
/tangrams/71_109.png,tangram,NA,NA
/tangrams/72_55.png,tangram,NA,NA
/tangrams/71_70.png,tangram,NA,NA
/tangrams/308_161.png,tangram,NA,NA
/tangrams/38_279.png,tangram,NA,NA
/tangrams/240_279.png,tangram,NA,NA
/tangrams/85_109.png,tangram,NA,NA
/tangrams/240_2.png,tangram,NA,NA
/tangrams/170_2.png,tangram,NA,NA
/tangrams/444_2.png,tangram,NA,NA
/tangrams/38_2.png,tangram,NA,NA
/tangrams/36_68.png,tangram,NA,NA
/tangrams/385_192.png,tangram,NA,NA
/tangrams/28_166.png,tangram,NA,NA
/tangrams/359_71.png,tangram,NA,NA
/tangrams/351_166.png,tangram,NA,NA
/tangrams/35_68.png,tangram,NA,NA
/tangrams/258_20.png,tangram,NA,NA
/tangrams/324_20.png,tangram,NA,NA
/tangrams/357_343.png,tangram,NA,NA
/tangrams/133_273.png,tangram,NA,NA
/tangrams/133_468.png,tangram,NA,NA
/tangrams/364_410.png,tangram,NA,NA
/tangrams/460_420.png,tangram,NA,NA
/tangrams/460_68.png,tangram,NA,NA
/tangrams/234_20.png,tangram,NA,NA
/tangrams/28_115.png,tangram,NA,NA
/tangrams/351_115.png,tangram,NA,NA
/tangrams/119_166.png,tangram,NA,NA
/tangrams/300_166.png,tangram,NA,NA
/tangrams/423_468.png,tangram,NA,NA
/tangrams/268_185.png,tangram,NA,NA
/tangrams/72_322.png,tangram,NA,NA
/tangrams/98_420.png,tangram,NA,NA
/tangrams/28_137.png,tangram,NA,NA
/tangrams/423_137.png,tangram,NA,NA
/tangrams/324_306.png,tangram,NA,NA
/tangrams/364_435.png,tangram,NA,NA
/tangrams/364_298.png,tangram,NA,NA
/tangrams/364_145.png,tangram,NA,NA
/tangrams/446_192.png,tangram,NA,NA
/tangrams/119_281.png,tangram,NA,NA
/tangrams/36_89.png,tangram,NA,NA
/tangrams/98_188.png,tangram,NA,NA
/tangrams/7_187.png,tangram,NA,NA
/tangrams/7_85.png,tangram,NA,NA
/tangrams/7_371.png,tangram,NA,NA
/tangrams/7_253.png,tangram,NA,NA
/tangrams/28_468.png,tangram,NA,NA
/tangrams/243_145.png,tangram,NA,NA
/tangrams/412_109.png,tangram,NA,NA
/tangrams/1_145.png,tangram,NA,NA
/tangrams/257_371.png,tangram,NA,NA
/tangrams/42_135.png,tangram,NA,NA
/tangrams/461_188.png,tangram,NA,NA
/tangrams/268_142.png,tangram,NA,NA
/tangrams/268_123.png,tangram,NA,NA
/tangrams/268_318.png,tangram,NA,NA
/tangrams/72_451.png,tangram,NA,NA
/tangrams/98_140.png,tangram,NA,NA
/tangrams/359_216.png,tangram,NA,NA
/tangrams/36_194.png,tangram,NA,NA
/tangrams/35_194.png,tangram,NA,NA
/tangrams/302_188.png,tangram,NA,NA
/tangrams/53_48.png,tangram,NA,NA
/tangrams/456_136.png,tangram,NA,NA
/tangrams/396_136.png,tangram,NA,NA
/tangrams/71_204.png,tangram,NA,NA
/tangrams/436_185.png,tangram,NA,NA
/tangrams/436_123.png,tangram,NA,NA
/tangrams/392_322.png,tangram,NA,NA
/tangrams/191_468.png,tangram,NA,NA
/tangrams/191_48.png,tangram,NA,NA
/tangrams/191_448.png,tangram,NA,NA
/tangrams/67_273.png,tangram,NA,NA
/tangrams/191_273.png,tangram,NA,NA
/tangrams/68_322.png,tangram,NA,NA
/tangrams/67_48.png,tangram,NA,NA
/tangrams/53_448.png,tangram,NA,NA
/tangrams/444_367.png,tangram,NA,NA
/tangrams/300_281.png,tangram,NA,NA
/tangrams/357_468.png,tangram,NA,NA
/tangrams/10_216.png,tangram,NA,NA
/tangrams/67_448.png,tangram,NA,NA
/tangrams/38_367.png,tangram,NA,NA
/tangrams/170_367.png,tangram,NA,NA
/tangrams/240_367.png,tangram,NA,NA
/tangrams/257_85.png,tangram,NA,NA
/tangrams/257_187.png,tangram,NA,NA
/tangrams/468_282.png,tangram,NA,NA
/tangrams/328_171.png,tangram,NA,NA
/tangrams/32_432.png,tangram,NA,NA
/tangrams/32_334.png,tangram,NA,NA
/tangrams/32_102.png,tangram,NA,NA
/tangrams/298_344.png,tangram,NA,NA
/tangrams/220_348.png,tangram,NA,NA
/tangrams/336_348.png,tangram,NA,NA
/tangrams/366_205.png,tangram,NA,NA
/tangrams/118_339.png,tangram,NA,NA
/tangrams/280_189.png,tangram,NA,NA
/tangrams/311_189.png,tangram,NA,NA
/tangrams/274_289.png,tangram,NA,NA
/tangrams/391_115.png,tangram,NA,NA
/tangrams/298_336.png,tangram,NA,NA
/tangrams/82_348.png,tangram,NA,NA
/tangrams/220_117.png,tangram,NA,NA
/tangrams/220_415.png,tangram,NA,NA
/tangrams/48_7.png,tangram,NA,NA
/tangrams/141_117.png,tangram,NA,NA
/tangrams/82_40.png,tangram,NA,NA
/tangrams/167_55.png,tangram,NA,NA
/tangrams/34_189.png,tangram,NA,NA
/tangrams/118_407.png,tangram,NA,NA
/tangrams/82_117.png,tangram,NA,NA
/tangrams/333_282.png,tangram,NA,NA
/tangrams/446_89.png,tangram,NA,NA
/tangrams/94_77.png,tangram,NA,NA
/tangrams/265_437.png,tangram,NA,NA
/tangrams/101_297.png,tangram,NA,NA
/tangrams/131_7.png,tangram,NA,NA
/tangrams/34_12.png,tangram,NA,NA
/tangrams/231_339.png,tangram,NA,NA
/tangrams/385_380.png,tangram,NA,NA
/tangrams/226_138.png,tangram,NA,NA
/tangrams/231_240.png,tangram,NA,NA
/tangrams/302_407.png,tangram,NA,NA
/tangrams/274_137.png,tangram,NA,NA
/tangrams/298_102.png,tangram,NA,NA
/tangrams/280_12.png,tangram,NA,NA
/tangrams/32_344.png,tangram,NA,NA
/tangrams/298_334.png,tangram,NA,NA
/tangrams/443_344.png,tangram,NA,NA
/tangrams/446_362.png,tangram,NA,NA
/tangrams/446_282.png,tangram,NA,NA
/tangrams/373_138.png,tangram,NA,NA
/tangrams/373_205.png,tangram,NA,NA
/tangrams/373_63.png,tangram,NA,NA
/tangrams/373_9.png,tangram,NA,NA
/tangrams/366_138.png,tangram,NA,NA
/tangrams/370_205.png,tangram,NA,NA
/tangrams/373_365.png,tangram,NA,NA
/tangrams/280_137.png,tangram,NA,NA
/tangrams/311_289.png,tangram,NA,NA
/tangrams/280_289.png,tangram,NA,NA
/tangrams/336_40.png,tangram,NA,NA
/tangrams/8_206.png,tangram,NA,NA
/tangrams/336_117.png,tangram,NA,NA
/tangrams/355_344.png,tangram,NA,NA
/tangrams/355_334.png,tangram,NA,NA
/tangrams/370_138.png,tangram,NA,NA
/tangrams/373_39.png,tangram,NA,NA
/tangrams/468_89.png,tangram,NA,NA
/tangrams/226_205.png,tangram,NA,NA
/tangrams/254_468.png,tangram,NA,NA
/tangrams/83_351.png,tangram,NA,NA
/tangrams/32_48.png,tangram,NA,NA
/tangrams/83_468.png,tangram,NA,NA
/tangrams/254_51.png,tangram,NA,NA
/tangrams/228_468.png,tangram,NA,NA
/tangrams/158_351.png,tangram,NA,NA
/tangrams/83_185.png,tangram,NA,NA
/tangrams/83_51.png,tangram,NA,NA
/tangrams/228_51.png,tangram,NA,NA
/tangrams/254_185.png,tangram,NA,NA
/tangrams/228_185.png,tangram,NA,NA
/tangrams/158_185.png,tangram,NA,NA
/tangrams/34_289.png,tangram,NA,NA
/tangrams/158_468.png,tangram,NA,NA
/tangrams/201_171.png,tangram,NA,NA
/tangrams/321_41.png,tangram,NA,NA
/tangrams/201_432.png,tangram,NA,NA
/tangrams/118_240.png,tangram,NA,NA
/tangrams/48_441.png,tangram,NA,NA
/tangrams/84_441.png,tangram,NA,NA
/tangrams/25_441.png,tangram,NA,NA
/tangrams/0_441.png,tangram,NA,NA
/tangrams/391_96.png,tangram,NA,NA
/tangrams/101_115.png,tangram,NA,NA
/tangrams/101_19.png,tangram,NA,NA
/tangrams/45_96.png,tangram,NA,NA
/tangrams/54_362.png,tangram,NA,NA
/tangrams/84_119.png,tangram,NA,NA
/tangrams/201_41.png,tangram,NA,NA
/tangrams/32_41.png,tangram,NA,NA
/tangrams/328_41.png,tangram,NA,NA
/tangrams/355_102.png,tangram,NA,NA
/tangrams/336_415.png,tangram,NA,NA
/tangrams/444_115.png,tangram,NA,NA
/tangrams/391_19.png,tangram,NA,NA
/tangrams/391_297.png,tangram,NA,NA
/tangrams/323_395.png,tangram,NA,NA
/tangrams/323_51.png,tangram,NA,NA
/tangrams/45_115.png,tangram,NA,NA
/tangrams/323_77.png,tangram,NA,NA
/tangrams/171_145.png,tangram,NA,NA
/tangrams/274_189.png,tangram,NA,NA
/tangrams/167_312.png,tangram,NA,NA
/tangrams/328_48.png,tangram,NA,NA
/tangrams/321_171.png,tangram,NA,NA
/tangrams/328_432.png,tangram,NA,NA
/tangrams/321_432.png,tangram,NA,NA
/tangrams/303_206.png,tangram,NA,NA
/tangrams/141_40.png,tangram,NA,NA
/tangrams/141_348.png,tangram,NA,NA
/tangrams/141_415.png,tangram,NA,NA
/tangrams/302_339.png,tangram,NA,NA
/tangrams/446_463.png,tangram,NA,NA
/tangrams/101_96.png,tangram,NA,NA
/tangrams/444_96.png,tangram,NA,NA
/tangrams/220_40.png,tangram,NA,NA
/tangrams/167_413.png,tangram,NA,NA
/tangrams/32_171.png,tangram,NA,NA
/tangrams/45_19.png,tangram,NA,NA
/tangrams/311_12.png,tangram,NA,NA
/tangrams/355_336.png,tangram,NA,NA
/tangrams/311_137.png,tangram,NA,NA
/tangrams/154_6.png,tangram,NA,NA
/tangrams/122_6.png,tangram,NA,NA
/tangrams/265_6.png,tangram,NA,NA
/tangrams/26_6.png,tangram,NA,NA
/tangrams/274_12.png,tangram,NA,NA
/tangrams/82_415.png,tangram,NA,NA
/tangrams/201_48.png,tangram,NA,NA
/tangrams/131_413.png,tangram,NA,NA
/tangrams/84_379.png,tangram,NA,NA
/tangrams/0_379.png,tangram,NA,NA
/tangrams/25_379.png,tangram,NA,NA
/tangrams/25_180.png,tangram,NA,NA
/tangrams/25_119.png,tangram,NA,NA
/tangrams/167_7.png,tangram,NA,NA
/tangrams/94_395.png,tangram,NA,NA
/tangrams/444_297.png,tangram,NA,NA
/tangrams/131_312.png,tangram,NA,NA
/tangrams/48_180.png,tangram,NA,NA
/tangrams/444_19.png,tangram,NA,NA
/tangrams/48_119.png,tangram,NA,NA
/tangrams/48_55.png,tangram,NA,NA
/tangrams/48_379.png,tangram,NA,NA
/tangrams/453_116.png,tangram,NA,NA
/tangrams/321_48.png,tangram,NA,NA
/tangrams/54_463.png,tangram,NA,NA
/tangrams/231_407.png,tangram,NA,NA
/tangrams/34_137.png,tangram,NA,NA
/tangrams/443_336.png,tangram,NA,NA
/tangrams/333_463.png,tangram,NA,NA
/tangrams/122_291.png,tangram,NA,NA
/tangrams/303_36.png,tangram,NA,NA
/tangrams/94_380.png,tangram,NA,NA
/tangrams/94_51.png,tangram,NA,NA
/tangrams/302_240.png,tangram,NA,NA
/tangrams/308_395.png,tangram,NA,NA
/tangrams/385_77.png,tangram,NA,NA
/tangrams/0_119.png,tangram,NA,NA
/tangrams/48_413.png,tangram,NA,NA
/tangrams/45_297.png,tangram,NA,NA
/tangrams/157_198.png,tangram,NA,NA
/tangrams/303_240.png,tangram,NA,NA
/tangrams/226_9.png,tangram,NA,NA
/tangrams/303_407.png,tangram,NA,NA
/tangrams/131_55.png,tangram,NA,NA
/tangrams/468_463.png,tangram,NA,NA
/tangrams/333_89.png,tangram,NA,NA
/tangrams/303_469.png,tangram,NA,NA
/tangrams/333_362.png,tangram,NA,NA
/tangrams/231_469.png,tangram,NA,NA
/tangrams/37_55.png,tangram,NA,NA
/tangrams/468_362.png,tangram,NA,NA
/tangrams/54_89.png,tangram,NA,NA
/tangrams/37_413.png,tangram,NA,NA
/tangrams/303_339.png,tangram,NA,NA
/tangrams/26_437.png,tangram,NA,NA
/tangrams/443_102.png,tangram,NA,NA
/tangrams/122_437.png,tangram,NA,NA
/tangrams/95_87.png,tangram,NA,NA
/tangrams/228_351.png,tangram,NA,NA
/tangrams/48_312.png,tangram,NA,NA
/tangrams/37_312.png,tangram,NA,NA
/tangrams/122_212.png,tangram,NA,NA
/tangrams/308_77.png,tangram,NA,NA
/tangrams/370_63.png,tangram,NA,NA
/tangrams/308_51.png,tangram,NA,NA
/tangrams/385_51.png,tangram,NA,NA
/tangrams/385_395.png,tangram,NA,NA
/tangrams/118_469.png,tangram,NA,NA
/tangrams/302_469.png,tangram,NA,NA
/tangrams/0_180.png,tangram,NA,NA
/tangrams/26_291.png,tangram,NA,NA
/tangrams/26_212.png,tangram,NA,NA
/tangrams/154_291.png,tangram,NA,NA
/tangrams/154_212.png,tangram,NA,NA
/tangrams/265_212.png,tangram,NA,NA
/tangrams/157_87.png,tangram,NA,NA
/tangrams/101_448.png,tangram,NA,NA
/tangrams/303_90.png,tangram,NA,NA
/tangrams/254_351.png,tangram,NA,NA
/tangrams/158_51.png,tangram,NA,NA
/tangrams/265_291.png,tangram,NA,NA
/tangrams/399_36.png,tangram,NA,NA
/tangrams/50_39.png,tangram,NA,NA
/tangrams/54_282.png,tangram,NA,NA
/tangrams/28_133.png,tangram,NA,NA
/tangrams/227_306.png,tangram,NA,NA
/tangrams/393_276.png,tangram,NA,NA
/tangrams/208_225.png,tangram,NA,NA
/tangrams/160_306.png,tangram,NA,NA
/tangrams/194_19.png,tangram,NA,NA
/tangrams/87_439.png,tangram,NA,NA
/tangrams/204_415.png,tangram,NA,NA
/tangrams/454_398.png,tangram,NA,NA
/tangrams/424_88.png,tangram,NA,NA
/tangrams/135_261.png,tangram,NA,NA
/tangrams/32_222.png,tangram,NA,NA
/tangrams/195_322.png,tangram,NA,NA
/tangrams/171_210.png,tangram,NA,NA
/tangrams/314_168.png,tangram,NA,NA
/tangrams/42_192.png,tangram,NA,NA
/tangrams/130_167.png,tangram,NA,NA
/tangrams/243_35.png,tangram,NA,NA
/tangrams/387_316.png,tangram,NA,NA
/tangrams/230_193.png,tangram,NA,NA
/tangrams/93_460.png,tangram,NA,NA
/tangrams/202_232.png,tangram,NA,NA
/tangrams/260_77.png,tangram,NA,NA
/tangrams/69_134.png,tangram,NA,NA
/tangrams/189_16.png,tangram,NA,NA
/tangrams/435_132.png,tangram,NA,NA
/tangrams/267_64.png,tangram,NA,NA
/tangrams/429_352.png,tangram,NA,NA
/tangrams/431_69.png,tangram,NA,NA
/tangrams/227_326.png,tangram,NA,NA
/tangrams/283_81.png,tangram,NA,NA
/tangrams/305_360.png,tangram,NA,NA
/tangrams/208_181.png,tangram,NA,NA
/tangrams/4_338.png,tangram,NA,NA
/tangrams/52_438.png,tangram,NA,NA
/tangrams/76_424.png,tangram,NA,NA
/tangrams/122_50.png,tangram,NA,NA
/tangrams/127_112.png,tangram,NA,NA
/tangrams/349_235.png,tangram,NA,NA
/tangrams/212_295.png,tangram,NA,NA
/tangrams/420_270.png,tangram,NA,NA
/tangrams/87_203.png,tangram,NA,NA
/tangrams/15_329.png,tangram,NA,NA
/tangrams/138_60.png,tangram,NA,NA
/tangrams/188_334.png,tangram,NA,NA
/tangrams/268_446.png,tangram,NA,NA
/tangrams/463_143.png,tangram,NA,NA
/tangrams/252_395.png,tangram,NA,NA
/tangrams/428_427.png,tangram,NA,NA
/tangrams/320_21.png,tangram,NA,NA
/tangrams/167_139.png,tangram,NA,NA
/tangrams/457_361.png,tangram,NA,NA
/tangrams/179_20.png,tangram,NA,NA
/tangrams/337_185.png,tangram,NA,NA
/tangrams/172_265.png,tangram,NA,NA
/tangrams/211_126.png,tangram,NA,NA
/tangrams/17_59.png,tangram,NA,NA
/tangrams/13_373.png,tangram,NA,NA
/tangrams/390_250.png,tangram,NA,NA
/tangrams/181_282.png,tangram,NA,NA
/tangrams/298_51.png,tangram,NA,NA
/tangrams/222_91.png,tangram,NA,NA
/tangrams/417_80.png,tangram,NA,NA
/tangrams/2_391.png,tangram,NA,NA
/tangrams/44_235.png,tangram,NA,NA
/tangrams/304_351.png,tangram,NA,NA
/tangrams/356_376.png,tangram,NA,NA
/tangrams/299_38.png,tangram,NA,NA
/tangrams/177_258.png,tangram,NA,NA
/tangrams/408_373.png,tangram,NA,NA
/tangrams/144_126.png,tangram,NA,NA
/tangrams/147_426.png,tangram,NA,NA
/tangrams/213_33.png,tangram,NA,NA
/tangrams/45_61.png,tangram,NA,NA
/tangrams/282_165.png,tangram,NA,NA
/tangrams/81_53.png,tangram,NA,NA
/tangrams/164_294.png,tangram,NA,NA
/tangrams/232_412.png,tangram,NA,NA
/tangrams/456_8.png,tangram,NA,NA
/tangrams/357_433.png,tangram,NA,NA
/tangrams/363_16.png,tangram,NA,NA
/tangrams/18_134.png,tangram,NA,NA
/tangrams/96_217.png,tangram,NA,NA
/tangrams/459_13.png,tangram,NA,NA
/tangrams/253_52.png,tangram,NA,NA
/tangrams/10_246.png,tangram,NA,NA
/tangrams/339_48.png,tangram,NA,NA
/tangrams/354_325.png,tangram,NA,NA
/tangrams/368_375.png,tangram,NA,NA
/tangrams/382_129.png,tangram,NA,NA
/tangrams/269_228.png,tangram,NA,NA
/tangrams/232_455.png,tangram,NA,NA
/tangrams/328_268.png,tangram,NA,NA
/tangrams/315_137.png,tangram,NA,NA
/tangrams/417_266.png,tangram,NA,NA
/tangrams/397_441.png,tangram,NA,NA
/tangrams/275_133.png,tangram,NA,NA
/tangrams/405_184.png,tangram,NA,NA
/tangrams/322_409.png,tangram,NA,NA
/tangrams/427_383.png,tangram,NA,NA
/tangrams/211_354.png,tangram,NA,NA
/tangrams/191_447.png,tangram,NA,NA
/tangrams/284_176.png,tangram,NA,NA
/tangrams/354_430.png,tangram,NA,NA
/tangrams/314_46.png,tangram,NA,NA
/tangrams/379_193.png,tangram,NA,NA
/tangrams/314_341.png,tangram,NA,NA
/tangrams/56_189.png,tangram,NA,NA
/tangrams/345_437.png,tangram,NA,NA
/tangrams/448_96.png,tangram,NA,NA
/tangrams/315_126.png,tangram,NA,NA
/tangrams/355_162.png,tangram,NA,NA
/tangrams/121_368.png,tangram,NA,NA
/tangrams/437_29.png,tangram,NA,NA
/tangrams/77_146.png,tangram,NA,NA
/tangrams/442_382.png,tangram,NA,NA
/tangrams/334_254.png,tangram,NA,NA
/tangrams/358_235.png,tangram,NA,NA
/tangrams/107_333.png,tangram,NA,NA
/tangrams/356_247.png,tangram,NA,NA
/tangrams/200_330.png,tangram,NA,NA
/tangrams/265_186.png,tangram,NA,NA
/tangrams/104_136.png,tangram,NA,NA
/tangrams/466_457.png,tangram,NA,NA
/tangrams/115_29.png,tangram,NA,NA
/tangrams/167_384.png,tangram,NA,NA
/tangrams/171_10.png,tangram,NA,NA
/tangrams/79_165.png,tangram,NA,NA
/tangrams/390_134.png,tangram,NA,NA
/tangrams/393_240.png,tangram,NA,NA
/tangrams/427_343.png,tangram,NA,NA
/tangrams/22_209.png,tangram,NA,NA
/tangrams/345_171.png,tangram,NA,NA
/tangrams/140_457.png,tangram,NA,NA
/tangrams/352_388.png,tangram,NA,NA
/tangrams/355_365.png,tangram,NA,NA
/tangrams/291_82.png,tangram,NA,NA
/tangrams/450_365.png,tangram,NA,NA
/tangrams/324_102.png,tangram,NA,NA
/tangrams/234_327.png,tangram,NA,NA
/tangrams/406_84.png,tangram,NA,NA
/tangrams/211_30.png,tangram,NA,NA
/tangrams/224_371.png,tangram,NA,NA
/tangrams/118_103.png,tangram,NA,NA
/tangrams/52_252.png,tangram,NA,NA
/tangrams/52_466.png,tangram,NA,NA
/tangrams/200_451.png,tangram,NA,NA
/tangrams/187_398.png,tangram,NA,NA
/tangrams/278_398.png,tangram,NA,NA
/tangrams/365_6.png,tangram,NA,NA
/tangrams/351_254.png,tangram,NA,NA
/tangrams/390_195.png,tangram,NA,NA
/tangrams/283_253.png,tangram,NA,NA
/tangrams/107_105.png,tangram,NA,NA
/tangrams/364_76.png,tangram,NA,NA
/tangrams/114_219.png,tangram,NA,NA
/tangrams/384_40.png,tangram,NA,NA
/tangrams/309_258.png,tangram,NA,NA
/tangrams/184_97.png,tangram,NA,NA
/tangrams/286_231.png,tangram,NA,NA
/tangrams/38_252.png,tangram,NA,NA
/tangrams/463_85.png,tangram,NA,NA
/tangrams/21_260.png,tangram,NA,NA
/tangrams/351_105.png,tangram,NA,NA
/tangrams/426_61.png,tangram,NA,NA
/tangrams/142_98.png,tangram,NA,NA
/tangrams/390_135.png,tangram,NA,NA
/tangrams/15_194.png,tangram,NA,NA
/tangrams/227_201.png,tangram,NA,NA
/tangrams/54_267.png,tangram,NA,NA
/tangrams/411_55.png,tangram,NA,NA
/tangrams/253_161.png,tangram,NA,NA
/tangrams/265_277.png,tangram,NA,NA
/tangrams/463_9.png,tangram,NA,NA
/tangrams/203_170.png,tangram,NA,NA
/tangrams/205_410.png,tangram,NA,NA
/tangrams/422_461.png,tangram,NA,NA
/tangrams/145_136.png,tangram,NA,NA
/tangrams/334_341.png,tangram,NA,NA
/tangrams/55_300.png,tangram,NA,NA
/tangrams/389_104.png,tangram,NA,NA
/tangrams/334_365.png,tangram,NA,NA
/tangrams/180_198.png,tangram,NA,NA
/tangrams/62_328.png,tangram,NA,NA
/tangrams/321_26.png,tangram,NA,NA
/tangrams/266_54.png,tangram,NA,NA
/tangrams/468_462.png,tangram,NA,NA
/tangrams/461_169.png,tangram,NA,NA
/tangrams/266_91.png,tangram,NA,NA
/tangrams/314_207.png,tangram,NA,NA
/tangrams/14_395.png,tangram,NA,NA
/tangrams/463_25.png,tangram,NA,NA
/tangrams/130_191.png,tangram,NA,NA
/tangrams/406_208.png,tangram,NA,NA
/tangrams/318_158.png,tangram,NA,NA
/tangrams/103_59.png,tangram,NA,NA
/tangrams/194_354.png,tangram,NA,NA
/tangrams/443_382.png,tangram,NA,NA
/tangrams/440_301.png,tangram,NA,NA
/tangrams/449_89.png,tangram,NA,NA
/tangrams/400_268.png,tangram,NA,NA
/tangrams/209_169.png,tangram,NA,NA
/tangrams/403_210.png,tangram,NA,NA
/tangrams/66_421.png,tangram,NA,NA
/tangrams/32_256.png,tangram,NA,NA
/tangrams/27_42.png,tangram,NA,NA
/tangrams/54_406.png,tangram,NA,NA
/tangrams/114_297.png,tangram,NA,NA
/tangrams/72_387.png,tangram,NA,NA
/tangrams/368_149.png,tangram,NA,NA
/tangrams/297_39.png,tangram,NA,NA
/tangrams/13_136.png,tangram,NA,NA
/tangrams/139_93.png,tangram,NA,NA
/tangrams/353_455.png,tangram,NA,NA
/tangrams/104_29.png,tangram,NA,NA
/tangrams/402_15.png,tangram,NA,NA
/tangrams/432_105.png,tangram,NA,NA
/tangrams/261_25.png,tangram,NA,NA
/tangrams/5_254.png,tangram,NA,NA
/tangrams/278_9.png,tangram,NA,NA
/tangrams/243_94.png,tangram,NA,NA
/tangrams/363_68.png,tangram,NA,NA
/tangrams/348_103.png,tangram,NA,NA
/tangrams/19_200.png,tangram,NA,NA
/tangrams/138_273.png,tangram,NA,NA
/tangrams/244_214.png,tangram,NA,NA
/tangrams/12_420.png,tangram,NA,NA
/tangrams/117_279.png,tangram,NA,NA
/tangrams/450_437.png,tangram,NA,NA
/tangrams/201_382.png,tangram,NA,NA
/tangrams/13_382.png,tangram,NA,NA
/tangrams/250_61.png,tangram,NA,NA
/tangrams/250_180.png,tangram,NA,NA
/tangrams/233_61.png,tangram,NA,NA
/tangrams/192_180.png,tangram,NA,NA
/tangrams/192_136.png,tangram,NA,NA
/tangrams/334_52.png,tangram,NA,NA
/tangrams/453_145.png,tangram,NA,NA
/tangrams/250_242.png,tangram,NA,NA
/tangrams/83_356.png,tangram,NA,NA
/tangrams/334_260.png,tangram,NA,NA
/tangrams/83_52.png,tangram,NA,NA
/tangrams/349_52.png,tangram,NA,NA
/tangrams/436_52.png,tangram,NA,NA
/tangrams/250_136.png,tangram,NA,NA
/tangrams/219_242.png,tangram,NA,NA
/tangrams/192_242.png,tangram,NA,NA
/tangrams/349_260.png,tangram,NA,NA
/tangrams/453_382.png,tangram,NA,NA
/tangrams/219_180.png,tangram,NA,NA
/tangrams/453_307.png,tangram,NA,NA
/tangrams/453_447.png,tangram,NA,NA
/tangrams/233_242.png,tangram,NA,NA
/tangrams/349_356.png,tangram,NA,NA
/tangrams/436_356.png,tangram,NA,NA
/tangrams/83_260.png,tangram,NA,NA
/tangrams/233_180.png,tangram,NA,NA
/tangrams/13_307.png,tangram,NA,NA
/tangrams/201_307.png,tangram,NA,NA
/tangrams/20_307.png,tangram,NA,NA
/tangrams/13_145.png,tangram,NA,NA
/tangrams/219_61.png,tangram,NA,NA
/tangrams/201_145.png,tangram,NA,NA
/tangrams/334_356.png,tangram,NA,NA
/tangrams/83_178.png,tangram,NA,NA
/tangrams/349_178.png,tangram,NA,NA
/tangrams/20_382.png,tangram,NA,NA
/tangrams/334_178.png,tangram,NA,NA
/tangrams/20_145.png,tangram,NA,NA
/tangrams/436_260.png,tangram,NA,NA
/tangrams/201_447.png,tangram,NA,NA
/tangrams/192_61.png,tangram,NA,NA
/tangrams/219_136.png,tangram,NA,NA
/tangrams/233_136.png,tangram,NA,NA
/tangrams/20_447.png,tangram,NA,NA
/tangrams/13_447.png,tangram,NA,NA
/tangrams/30_42.png,tangram,NA,NA
/tangrams/39_42.png,tangram,NA,NA
/tangrams/463_42.png,tangram,NA,NA
/tangrams/30_43.png,tangram,NA,NA
/tangrams/32_150.png,tangram,NA,NA
/tangrams/279_150.png,tangram,NA,NA
/tangrams/341_150.png,tangram,NA,NA
/tangrams/293_452.png,tangram,NA,NA
/tangrams/389_346.png,tangram,NA,NA
/tangrams/394_125.png,tangram,NA,NA
/tangrams/220_257.png,tangram,NA,NA
/tangrams/343_257.png,tangram,NA,NA
/tangrams/89_115.png,tangram,NA,NA
/tangrams/89_346.png,tangram,NA,NA
/tangrams/220_367.png,tangram,NA,NA
/tangrams/443_41.png,tangram,NA,NA
/tangrams/30_67.png,tangram,NA,NA
/tangrams/389_269.png,tangram,NA,NA
/tangrams/331_269.png,tangram,NA,NA
/tangrams/449_346.png,tangram,NA,NA
/tangrams/343_452.png,tangram,NA,NA
/tangrams/449_352.png,tangram,NA,NA
/tangrams/220_41.png,tangram,NA,NA
/tangrams/293_41.png,tangram,NA,NA
/tangrams/293_257.png,tangram,NA,NA
/tangrams/389_352.png,tangram,NA,NA
/tangrams/331_352.png,tangram,NA,NA
/tangrams/359_304.png,tangram,NA,NA
/tangrams/341_386.png,tangram,NA,NA
/tangrams/323_355.png,tangram,NA,NA
/tangrams/323_360.png,tangram,NA,NA
/tangrams/102_355.png,tangram,NA,NA
/tangrams/323_253.png,tangram,NA,NA
/tangrams/102_360.png,tangram,NA,NA
/tangrams/206_306.png,tangram,NA,NA
/tangrams/279_290.png,tangram,NA,NA
/tangrams/279_386.png,tangram,NA,NA
/tangrams/279_13.png,tangram,NA,NA
/tangrams/411_106.png,tangram,NA,NA
/tangrams/411_285.png,tangram,NA,NA
/tangrams/411_252.png,tangram,NA,NA
/tangrams/283_360.png,tangram,NA,NA
/tangrams/411_222.png,tangram,NA,NA
/tangrams/42_347.png,tangram,NA,NA
/tangrams/375_221.png,tangram,NA,NA
/tangrams/206_221.png,tangram,NA,NA
/tangrams/373_324.png,tangram,NA,NA
/tangrams/373_42.png,tangram,NA,NA
/tangrams/373_67.png,tangram,NA,NA
/tangrams/236_329.png,tangram,NA,NA
/tangrams/373_43.png,tangram,NA,NA
/tangrams/325_221.png,tangram,NA,NA
/tangrams/422_221.png,tangram,NA,NA
/tangrams/206_237.png,tangram,NA,NA
/tangrams/375_237.png,tangram,NA,NA
/tangrams/32_386.png,tangram,NA,NA
/tangrams/283_355.png,tangram,NA,NA
/tangrams/42_390.png,tangram,NA,NA
/tangrams/60_434.png,tangram,NA,NA
/tangrams/189_434.png,tangram,NA,NA
/tangrams/236_434.png,tangram,NA,NA
/tangrams/55_129.png,tangram,NA,NA
/tangrams/96_434.png,tangram,NA,NA
/tangrams/32_290.png,tangram,NA,NA
/tangrams/341_290.png,tangram,NA,NA
/tangrams/394_50.png,tangram,NA,NA
/tangrams/195_290.png,tangram,NA,NA
/tangrams/195_386.png,tangram,NA,NA
/tangrams/195_13.png,tangram,NA,NA
/tangrams/195_150.png,tangram,NA,NA
/tangrams/394_178.png,tangram,NA,NA
/tangrams/98_7.png,tangram,NA,NA
/tangrams/325_360.png,tangram,NA,NA
/tangrams/325_355.png,tangram,NA,NA
/tangrams/343_41.png,tangram,NA,NA
/tangrams/331_346.png,tangram,NA,NA
/tangrams/40_125.png,tangram,NA,NA
/tangrams/443_367.png,tangram,NA,NA
/tangrams/463_324.png,tangram,NA,NA
/tangrams/338_178.png,tangram,NA,NA
/tangrams/32_13.png,tangram,NA,NA
/tangrams/341_13.png,tangram,NA,NA
/tangrams/89_269.png,tangram,NA,NA
/tangrams/89_352.png,tangram,NA,NA
/tangrams/331_115.png,tangram,NA,NA
/tangrams/391_222.png,tangram,NA,NA
/tangrams/391_285.png,tangram,NA,NA
/tangrams/391_252.png,tangram,NA,NA
/tangrams/391_106.png,tangram,NA,NA
/tangrams/60_391.png,tangram,NA,NA
/tangrams/375_367.png,tangram,NA,NA
/tangrams/96_391.png,tangram,NA,NA
/tangrams/236_391.png,tangram,NA,NA
/tangrams/98_178.png,tangram,NA,NA
/tangrams/189_391.png,tangram,NA,NA
/tangrams/30_324.png,tangram,NA,NA
/tangrams/40_50.png,tangram,NA,NA
/tangrams/39_43.png,tangram,NA,NA
/tangrams/463_43.png,tangram,NA,NA
/tangrams/60_453.png,tangram,NA,NA
/tangrams/96_453.png,tangram,NA,NA
/tangrams/189_453.png,tangram,NA,NA
/tangrams/236_453.png,tangram,NA,NA
/tangrams/432_222.png,tangram,NA,NA
/tangrams/449_269.png,tangram,NA,NA
/tangrams/102_420.png,tangram,NA,NA
/tangrams/102_253.png,tangram,NA,NA
/tangrams/39_67.png,tangram,NA,NA
/tangrams/60_329.png,tangram,NA,NA
/tangrams/359_369.png,tangram,NA,NA
/tangrams/422_367.png,tangram,NA,NA
/tangrams/422_306.png,tangram,NA,NA
/tangrams/422_237.png,tangram,NA,NA
/tangrams/389_115.png,tangram,NA,NA
/tangrams/57_438.png,tangram,NA,NA
/tangrams/189_329.png,tangram,NA,NA
/tangrams/98_125.png,tangram,NA,NA
/tangrams/226_304.png,tangram,NA,NA
/tangrams/216_285.png,tangram,NA,NA
/tangrams/220_452.png,tangram,NA,NA
/tangrams/216_252.png,tangram,NA,NA
/tangrams/226_369.png,tangram,NA,NA
/tangrams/40_178.png,tangram,NA,NA
/tangrams/325_253.png,tangram,NA,NA
/tangrams/76_347.png,tangram,NA,NA
/tangrams/463_204.png,tangram,NA,NA
/tangrams/40_7.png,tangram,NA,NA
/tangrams/394_7.png,tangram,NA,NA
/tangrams/325_237.png,tangram,NA,NA
/tangrams/98_50.png,tangram,NA,NA
/tangrams/338_125.png,tangram,NA,NA
/tangrams/76_428.png,tangram,NA,NA
/tangrams/206_367.png,tangram,NA,NA
/tangrams/343_367.png,tangram,NA,NA
/tangrams/325_420.png,tangram,NA,NA
/tangrams/325_306.png,tangram,NA,NA
/tangrams/325_367.png,tangram,NA,NA
/tangrams/226_92.png,tangram,NA,NA
/tangrams/226_186.png,tangram,NA,NA
/tangrams/449_115.png,tangram,NA,NA
/tangrams/216_222.png,tangram,NA,NA
/tangrams/443_452.png,tangram,NA,NA
/tangrams/375_306.png,tangram,NA,NA
/tangrams/432_106.png,tangram,NA,NA
/tangrams/216_106.png,tangram,NA,NA
/tangrams/39_324.png,tangram,NA,NA
/tangrams/323_420.png,tangram,NA,NA
/tangrams/139_304.png,tangram,NA,NA
/tangrams/293_367.png,tangram,NA,NA
/tangrams/359_92.png,tangram,NA,NA
/tangrams/359_186.png,tangram,NA,NA
/tangrams/106_92.png,tangram,NA,NA
/tangrams/106_369.png,tangram,NA,NA
/tangrams/106_186.png,tangram,NA,NA
/tangrams/106_304.png,tangram,NA,NA
/tangrams/300_260.png,tangram,NA,NA
/tangrams/55_438.png,tangram,NA,NA
/tangrams/338_50.png,tangram,NA,NA
/tangrams/338_7.png,tangram,NA,NA
/tangrams/96_329.png,tangram,NA,NA
/tangrams/283_420.png,tangram,NA,NA
/tangrams/323_49.png,tangram,NA,NA
/tangrams/463_67.png,tangram,NA,NA
/tangrams/139_92.png,tangram,NA,NA
/tangrams/139_186.png,tangram,NA,NA
/tangrams/139_369.png,tangram,NA,NA
/tangrams/323_204.png,tangram,NA,NA
/tangrams/432_285.png,tangram,NA,NA
/tangrams/432_252.png,tangram,NA,NA
/tangrams/383_240.png,tangram,NA,NA
/tangrams/330_95.png,tangram,NA,NA
/tangrams/320_143.png,tangram,NA,NA
/tangrams/404_159.png,tangram,NA,NA
/tangrams/266_37.png,tangram,NA,NA
/tangrams/9_37.png,tangram,NA,NA
/tangrams/320_278.png,tangram,NA,NA
/tangrams/404_405.png,tangram,NA,NA
/tangrams/266_95.png,tangram,NA,NA
/tangrams/21_40.png,tangram,NA,NA
/tangrams/372_408.png,tangram,NA,NA
/tangrams/351_126.png,tangram,NA,NA
/tangrams/77_177.png,tangram,NA,NA
/tangrams/372_22.png,tangram,NA,NA
/tangrams/148_22.png,tangram,NA,NA
/tangrams/287_22.png,tangram,NA,NA
/tangrams/139_439.png,tangram,NA,NA
/tangrams/95_439.png,tangram,NA,NA
/tangrams/351_22.png,tangram,NA,NA
/tangrams/436_79.png,tangram,NA,NA
/tangrams/436_8.png,tangram,NA,NA
/tangrams/148_408.png,tangram,NA,NA
/tangrams/436_240.png,tangram,NA,NA
/tangrams/355_56.png,tangram,NA,NA
/tangrams/190_56.png,tangram,NA,NA
/tangrams/174_56.png,tangram,NA,NA
/tangrams/50_56.png,tangram,NA,NA
/tangrams/124_25.png,tangram,NA,NA
/tangrams/124_79.png,tangram,NA,NA
/tangrams/383_25.png,tangram,NA,NA
/tangrams/249_66.png,tangram,NA,NA
/tangrams/394_66.png,tangram,NA,NA
/tangrams/353_66.png,tangram,NA,NA
/tangrams/94_66.png,tangram,NA,NA
/tangrams/372_430.png,tangram,NA,NA
/tangrams/47_204.png,tangram,NA,NA
/tangrams/436_25.png,tangram,NA,NA
/tangrams/9_278.png,tangram,NA,NA
/tangrams/9_95.png,tangram,NA,NA
/tangrams/9_143.png,tangram,NA,NA
/tangrams/330_278.png,tangram,NA,NA
/tangrams/148_430.png,tangram,NA,NA
/tangrams/190_93.png,tangram,NA,NA
/tangrams/50_108.png,tangram,NA,NA
/tangrams/139_193.png,tangram,NA,NA
/tangrams/124_240.png,tangram,NA,NA
/tangrams/92_240.png,tangram,NA,NA
/tangrams/92_8.png,tangram,NA,NA
/tangrams/92_25.png,tangram,NA,NA
/tangrams/394_331.png,tangram,NA,NA
/tangrams/353_331.png,tangram,NA,NA
/tangrams/249_331.png,tangram,NA,NA
/tangrams/94_331.png,tangram,NA,NA
/tangrams/61_320.png,tangram,NA,NA
/tangrams/61_249.png,tangram,NA,NA
/tangrams/61_439.png,tangram,NA,NA
/tangrams/61_193.png,tangram,NA,NA
/tangrams/77_147.png,tangram,NA,NA
/tangrams/327_147.png,tangram,NA,NA
/tangrams/327_177.png,tangram,NA,NA
/tangrams/404_147.png,tangram,NA,NA
/tangrams/266_143.png,tangram,NA,NA
/tangrams/249_135.png,tangram,NA,NA
/tangrams/353_135.png,tangram,NA,NA
/tangrams/327_159.png,tangram,NA,NA
/tangrams/77_159.png,tangram,NA,NA
/tangrams/262_159.png,tangram,NA,NA
/tangrams/320_95.png,tangram,NA,NA
/tangrams/320_37.png,tangram,NA,NA
/tangrams/167_193.png,tangram,NA,NA
/tangrams/262_147.png,tangram,NA,NA
/tangrams/95_249.png,tangram,NA,NA
/tangrams/262_177.png,tangram,NA,NA
/tangrams/399_308.png,tangram,NA,NA
/tangrams/167_439.png,tangram,NA,NA
/tangrams/287_408.png,tangram,NA,NA
/tangrams/287_430.png,tangram,NA,NA
/tangrams/167_249.png,tangram,NA,NA
/tangrams/351_430.png,tangram,NA,NA
/tangrams/287_126.png,tangram,NA,NA
/tangrams/399_417.png,tangram,NA,NA
/tangrams/399_49.png,tangram,NA,NA
/tangrams/394_135.png,tangram,NA,NA
/tangrams/399_204.png,tangram,NA,NA
/tangrams/404_177.png,tangram,NA,NA
/tangrams/94_135.png,tangram,NA,NA
/tangrams/224_408.png,tangram,NA,NA
/tangrams/139_320.png,tangram,NA,NA
/tangrams/139_249.png,tangram,NA,NA
/tangrams/95_193.png,tangram,NA,NA
/tangrams/174_396.png,tangram,NA,NA
/tangrams/50_396.png,tangram,NA,NA
/tangrams/190_396.png,tangram,NA,NA
/tangrams/355_396.png,tangram,NA,NA
/tangrams/124_8.png,tangram,NA,NA
/tangrams/463_308.png,tangram,NA,NA
/tangrams/327_405.png,tangram,NA,NA
/tangrams/47_49.png,tangram,NA,NA
/tangrams/463_49.png,tangram,NA,NA
/tangrams/50_93.png,tangram,NA,NA
/tangrams/355_93.png,tangram,NA,NA
/tangrams/174_93.png,tangram,NA,NA
/tangrams/330_37.png,tangram,NA,NA
/tangrams/47_308.png,tangram,NA,NA
/tangrams/323_417.png,tangram,NA,NA
/tangrams/3_84.png,tangram,NA,NA
/tangrams/3_410.png,tangram,NA,NA
/tangrams/325_144.png,tangram,NA,NA
/tangrams/174_108.png,tangram,NA,NA
/tangrams/190_108.png,tangram,NA,NA
/tangrams/323_308.png,tangram,NA,NA
/tangrams/77_405.png,tangram,NA,NA
/tangrams/167_320.png,tangram,NA,NA
/tangrams/95_320.png,tangram,NA,NA
/tangrams/351_408.png,tangram,NA,NA
/tangrams/262_405.png,tangram,NA,NA
/tangrams/92_79.png,tangram,NA,NA
/tangrams/383_8.png,tangram,NA,NA
/tangrams/353_315.png,tangram,NA,NA
/tangrams/99_129.png,tangram,NA,NA
/tangrams/355_108.png,tangram,NA,NA
/tangrams/130_37.png,tangram,NA,NA
/tangrams/330_143.png,tangram,NA,NA
/tangrams/148_126.png,tangram,NA,NA
/tangrams/249_315.png,tangram,NA,NA
/tangrams/394_315.png,tangram,NA,NA
/tangrams/94_315.png,tangram,NA,NA
/tangrams/372_126.png,tangram,NA,NA
/tangrams/383_79.png,tangram,NA,NA
/tangrams/224_144.png,tangram,NA,NA
/tangrams/436_20.png,tangram,NA,NA
/tangrams/137_434.png,tangram,NA,NA
/tangrams/14_428.png,tangram,NA,NA
/tangrams/130_188.png,tangram,NA,NA
/tangrams/207_191.png,tangram,NA,NA
/tangrams/250_8.png,tangram,NA,NA
/tangrams/179_367.png,tangram,NA,NA
/tangrams/45_460.png,tangram,NA,NA
/tangrams/245_329.png,tangram,NA,NA
/tangrams/64_165.png,tangram,NA,NA
/tangrams/272_145.png,tangram,NA,NA
/tangrams/196_125.png,tangram,NA,NA
/tangrams/414_90.png,tangram,NA,NA
/tangrams/369_378.png,tangram,NA,NA
/tangrams/183_83.png,tangram,NA,NA
/tangrams/94_349.png,tangram,NA,NA
/tangrams/278_226.png,tangram,NA,NA
/tangrams/443_28.png,tangram,NA,NA
/tangrams/449_6.png,tangram,NA,NA
/tangrams/450_160.png,tangram,NA,NA
/tangrams/89_33.png,tangram,NA,NA
/tangrams/146_52.png,tangram,NA,NA
/tangrams/194_373.png,tangram,NA,NA
/tangrams/365_343.png,tangram,NA,NA
/tangrams/462_57.png,tangram,NA,NA
/tangrams/276_156.png,tangram,NA,NA
/tangrams/212_439.png,tangram,NA,NA
/tangrams/47_249.png,tangram,NA,NA
/tangrams/297_251.png,tangram,NA,NA
/tangrams/280_375.png,tangram,NA,NA
/tangrams/373_82.png,tangram,NA,NA
/tangrams/366_35.png,tangram,NA,NA
/tangrams/459_135.png,tangram,NA,NA
/tangrams/117_56.png,tangram,NA,NA
/tangrams/203_3.png,tangram,NA,NA
/tangrams/366_85.png,tangram,NA,NA
/tangrams/338_53.png,tangram,NA,NA
/tangrams/105_246.png,tangram,NA,NA
/tangrams/161_256.png,tangram,NA,NA
/tangrams/5_39.png,tangram,NA,NA
/tangrams/306_410.png,tangram,NA,NA
/tangrams/199_260.png,tangram,NA,NA
/tangrams/155_29.png,tangram,NA,NA
/tangrams/60_15.png,tangram,NA,NA
/tangrams/432_351.png,tangram,NA,NA
/tangrams/189_94.png,tangram,NA,NA
/tangrams/66_182.png,tangram,NA,NA
/tangrams/130_43.png,tangram,NA,NA
/tangrams/409_455.png,tangram,NA,NA
/tangrams/197_60.png,tangram,NA,NA
/tangrams/82_330.png,tangram,NA,NA
/tangrams/337_177.png,tangram,NA,NA
/tangrams/157_391.png,tangram,NA,NA
/tangrams/100_30.png,tangram,NA,NA
/tangrams/300_145.png,tangram,NA,NA
/tangrams/231_135.png,tangram,NA,NA
/tangrams/208_72.png,tangram,NA,NA
/tangrams/211_0.png,tangram,NA,NA
/tangrams/117_249.png,tangram,NA,NA
/tangrams/56_49.png,tangram,NA,NA
/tangrams/268_462.png,tangram,NA,NA
/tangrams/167_211.png,tangram,NA,NA
/tangrams/25_99.png,tangram,NA,NA
/tangrams/27_78.png,tangram,NA,NA
/tangrams/23_418.png,tangram,NA,NA
/tangrams/274_127.png,tangram,NA,NA
/tangrams/195_433.png,tangram,NA,NA
/tangrams/187_353.png,tangram,NA,NA
/tangrams/401_282.png,tangram,NA,NA
/tangrams/447_177.png,tangram,NA,NA
/tangrams/277_400.png,tangram,NA,NA
/tangrams/281_66.png,tangram,NA,NA
/tangrams/330_8.png,tangram,NA,NA
/tangrams/413_384.png,tangram,NA,NA
/tangrams/157_284.png,tangram,NA,NA
/tangrams/427_21.png,tangram,NA,NA
/tangrams/328_193.png,tangram,NA,NA
/tangrams/206_178.png,tangram,NA,NA
/tangrams/230_331.png,tangram,NA,NA
/tangrams/443_220.png,tangram,NA,NA
/tangrams/30_209.png,tangram,NA,NA
/tangrams/261_296.png,tangram,NA,NA
/tangrams/387_291.png,tangram,NA,NA
/tangrams/372_115.png,tangram,NA,NA
/tangrams/110_391.png,tangram,NA,NA
/tangrams/405_287.png,tangram,NA,NA
/tangrams/262_133.png,tangram,NA,NA
/tangrams/47_250.png,tangram,NA,NA
/tangrams/438_214.png,tangram,NA,NA
/tangrams/1_219.png,tangram,NA,NA
/tangrams/351_370.png,tangram,NA,NA
/tangrams/213_165.png,tangram,NA,NA
/tangrams/270_351.png,tangram,NA,NA
/tangrams/18_162.png,tangram,NA,NA
/tangrams/183_70.png,tangram,NA,NA
/tangrams/362_233.png,tangram,NA,NA
/tangrams/251_79.png,tangram,NA,NA
/tangrams/269_98.png,tangram,NA,NA
/tangrams/186_346.png,tangram,NA,NA
/tangrams/59_379.png,tangram,NA,NA
/tangrams/51_108.png,tangram,NA,NA
/tangrams/444_320.png,tangram,NA,NA
/tangrams/193_326.png,tangram,NA,NA
/tangrams/81_27.png,tangram,NA,NA
/tangrams/407_17.png,tangram,NA,NA
/tangrams/99_265.png,tangram,NA,NA
/tangrams/171_45.png,tangram,NA,NA
/tangrams/220_411.png,tangram,NA,NA
/tangrams/87_252.png,tangram,NA,NA
/tangrams/34_251.png,tangram,NA,NA
/tangrams/176_95.png,tangram,NA,NA
/tangrams/245_212.png,tangram,NA,NA
/tangrams/329_375.png,tangram,NA,NA
/tangrams/468_248.png,tangram,NA,NA
/tangrams/421_399.png,tangram,NA,NA
/tangrams/395_69.png,tangram,NA,NA
/tangrams/356_204.png,tangram,NA,NA
/tangrams/340_228.png,tangram,NA,NA
/tangrams/208_334.png,tangram,NA,NA
/tangrams/427_147.png,tangram,NA,NA
/tangrams/118_30.png,tangram,NA,NA
/tangrams/373_213.png,tangram,NA,NA
/tangrams/75_343.png,tangram,NA,NA
/tangrams/208_375.png,tangram,NA,NA
/tangrams/72_340.png,tangram,NA,NA
/tangrams/232_279.png,tangram,NA,NA
/tangrams/155_151.png,tangram,NA,NA
/tangrams/368_107.png,tangram,NA,NA
/tangrams/263_351.png,tangram,NA,NA
/tangrams/234_188.png,tangram,NA,NA
/tangrams/97_335.png,tangram,NA,NA
/tangrams/129_376.png,tangram,NA,NA
/tangrams/344_346.png,tangram,NA,NA
/tangrams/308_105.png,tangram,NA,NA
/tangrams/326_328.png,tangram,NA,NA
/tangrams/435_431.png,tangram,NA,NA
/tangrams/378_88.png,tangram,NA,NA
/tangrams/124_382.png,tangram,NA,NA
/tangrams/181_303.png,tangram,NA,NA
/tangrams/311_67.png,tangram,NA,NA
/tangrams/393_349.png,tangram,NA,NA
/tangrams/293_200.png,tangram,NA,NA
/tangrams/457_185.png,tangram,NA,NA
/tangrams/138_356.png,tangram,NA,NA
/tangrams/58_34.png,tangram,NA,NA
/tangrams/307_169.png,tangram,NA,NA
/tangrams/2_247.png,tangram,NA,NA
/tangrams/44_96.png,tangram,NA,NA
/tangrams/209_51.png,tangram,NA,NA
/tangrams/259_232.png,tangram,NA,NA
/tangrams/439_33.png,tangram,NA,NA
/tangrams/359_406.png,tangram,NA,NA
/tangrams/277_49.png,tangram,NA,NA
/tangrams/279_91.png,tangram,NA,NA
/tangrams/142_406.png,tangram,NA,NA
/tangrams/383_33.png,tangram,NA,NA
/tangrams/89_51.png,tangram,NA,NA
/tangrams/365_197.png,tangram,NA,NA
/tangrams/257_71.png,tangram,NA,NA
/tangrams/414_273.png,tangram,NA,NA
/tangrams/432_206.png,tangram,NA,NA
/tangrams/139_280.png,tangram,NA,NA
/tangrams/90_156.png,tangram,NA,NA
/tangrams/46_226.png,tangram,NA,NA
/tangrams/110_226.png,tangram,NA,NA
/tangrams/395_226.png,tangram,NA,NA
/tangrams/392_226.png,tangram,NA,NA
/tangrams/417_59.png,tangram,NA,NA
/tangrams/133_17.png,tangram,NA,NA
/tangrams/336_218.png,tangram,NA,NA
/tangrams/212_454.png,tangram,NA,NA
/tangrams/165_454.png,tangram,NA,NA
/tangrams/417_47.png,tangram,NA,NA
/tangrams/46_406.png,tangram,NA,NA
/tangrams/249_156.png,tangram,NA,NA
/tangrams/417_156.png,tangram,NA,NA
/tangrams/341_156.png,tangram,NA,NA
/tangrams/193_162.png,tangram,NA,NA
/tangrams/193_17.png,tangram,NA,NA
/tangrams/341_31.png,tangram,NA,NA
/tangrams/90_47.png,tangram,NA,NA
/tangrams/341_47.png,tangram,NA,NA
/tangrams/110_327.png,tangram,NA,NA
/tangrams/119_364.png,tangram,NA,NA
/tangrams/197_64.png,tangram,NA,NA
/tangrams/428_354.png,tangram,NA,NA
/tangrams/39_386.png,tangram,NA,NA
/tangrams/108_386.png,tangram,NA,NA
/tangrams/114_454.png,tangram,NA,NA
/tangrams/15_361.png,tangram,NA,NA
/tangrams/417_287.png,tangram,NA,NA
/tangrams/90_287.png,tangram,NA,NA
/tangrams/90_31.png,tangram,NA,NA
/tangrams/370_3.png,tangram,NA,NA
/tangrams/76_386.png,tangram,NA,NA
/tangrams/14_465.png,tangram,NA,NA
/tangrams/110_406.png,tangram,NA,NA
/tangrams/392_334.png,tangram,NA,NA
/tangrams/406_271.png,tangram,NA,NA
/tangrams/14_119.png,tangram,NA,NA
/tangrams/406_465.png,tangram,NA,NA
/tangrams/406_112.png,tangram,NA,NA
/tangrams/406_119.png,tangram,NA,NA
/tangrams/108_118.png,tangram,NA,NA
/tangrams/192_348.png,tangram,NA,NA
/tangrams/458_448.png,tangram,NA,NA
/tangrams/110_334.png,tangram,NA,NA
/tangrams/114_354.png,tangram,NA,NA
/tangrams/114_66.png,tangram,NA,NA
/tangrams/114_288.png,tangram,NA,NA
/tangrams/15_64.png,tangram,NA,NA
/tangrams/266_55.png,tangram,NA,NA
/tangrams/162_271.png,tangram,NA,NA
/tangrams/392_406.png,tangram,NA,NA
/tangrams/190_147.png,tangram,NA,NA
/tangrams/78_440.png,tangram,NA,NA
/tangrams/165_354.png,tangram,NA,NA
/tangrams/165_66.png,tangram,NA,NA
/tangrams/133_162.png,tangram,NA,NA
/tangrams/46_327.png,tangram,NA,NA
/tangrams/133_3.png,tangram,NA,NA
/tangrams/336_17.png,tangram,NA,NA
/tangrams/336_162.png,tangram,NA,NA
/tangrams/336_3.png,tangram,NA,NA
/tangrams/249_287.png,tangram,NA,NA
/tangrams/7_380.png,tangram,NA,NA
/tangrams/395_334.png,tangram,NA,NA
/tangrams/395_406.png,tangram,NA,NA
/tangrams/263_262.png,tangram,NA,NA
/tangrams/263_386.png,tangram,NA,NA
/tangrams/7_219.png,tangram,NA,NA
/tangrams/39_262.png,tangram,NA,NA
/tangrams/76_262.png,tangram,NA,NA
/tangrams/190_59.png,tangram,NA,NA
/tangrams/249_31.png,tangram,NA,NA
/tangrams/170_112.png,tangram,NA,NA
/tangrams/220_64.png,tangram,NA,NA
/tangrams/170_271.png,tangram,NA,NA
/tangrams/170_465.png,tangram,NA,NA
/tangrams/193_3.png,tangram,NA,NA
/tangrams/395_327.png,tangram,NA,NA
/tangrams/53_219.png,tangram,NA,NA
/tangrams/7_448.png,tangram,NA,NA
/tangrams/392_327.png,tangram,NA,NA
/tangrams/15_19.png,tangram,NA,NA
/tangrams/313_59.png,tangram,NA,NA
/tangrams/7_348.png,tangram,NA,NA
/tangrams/53_380.png,tangram,NA,NA
/tangrams/212_66.png,tangram,NA,NA
/tangrams/370_17.png,tangram,NA,NA
/tangrams/313_147.png,tangram,NA,NA
/tangrams/76_118.png,tangram,NA,NA
/tangrams/39_118.png,tangram,NA,NA
/tangrams/428_454.png,tangram,NA,NA
/tangrams/428_66.png,tangram,NA,NA
/tangrams/428_288.png,tangram,NA,NA
/tangrams/458_380.png,tangram,NA,NA
/tangrams/458_348.png,tangram,NA,NA
/tangrams/192_219.png,tangram,NA,NA
/tangrams/46_334.png,tangram,NA,NA
/tangrams/266_165.png,tangram,NA,NA
/tangrams/170_119.png,tangram,NA,NA
/tangrams/162_119.png,tangram,NA,NA
/tangrams/197_361.png,tangram,NA,NA
/tangrams/193_218.png,tangram,NA,NA
/tangrams/133_218.png,tangram,NA,NA
/tangrams/212_288.png,tangram,NA,NA
/tangrams/39_432.png,tangram,NA,NA
/tangrams/76_432.png,tangram,NA,NA
/tangrams/417_147.png,tangram,NA,NA
/tangrams/108_432.png,tangram,NA,NA
/tangrams/263_432.png,tangram,NA,NA
/tangrams/192_448.png,tangram,NA,NA
/tangrams/458_219.png,tangram,NA,NA
/tangrams/162_465.png,tangram,NA,NA
/tangrams/313_448.png,tangram,NA,NA
/tangrams/212_354.png,tangram,NA,NA
/tangrams/220_19.png,tangram,NA,NA
/tangrams/119_64.png,tangram,NA,NA
/tangrams/220_361.png,tangram,NA,NA
/tangrams/162_112.png,tangram,NA,NA
/tangrams/165_288.png,tangram,NA,NA
/tangrams/192_380.png,tangram,NA,NA
/tangrams/370_218.png,tangram,NA,NA
/tangrams/370_162.png,tangram,NA,NA
/tangrams/78_59.png,tangram,NA,NA
/tangrams/197_364.png,tangram,NA,NA
/tangrams/220_364.png,tangram,NA,NA
/tangrams/15_364.png,tangram,NA,NA
/tangrams/14_271.png,tangram,NA,NA
/tangrams/119_19.png,tangram,NA,NA
/tangrams/119_361.png,tangram,NA,NA
/tangrams/53_348.png,tangram,NA,NA
/tangrams/197_19.png,tangram,NA,NA
/tangrams/41_154.png,tangram,NA,NA
/tangrams/448_254.png,tangram,NA,NA
/tangrams/249_143.png,tangram,NA,NA
/tangrams/299_234.png,tangram,NA,NA
/tangrams/398_433.png,tangram,NA,NA
/tangrams/408_303.png,tangram,NA,NA
/tangrams/193_396.png,tangram,NA,NA
/tangrams/277_322.png,tangram,NA,NA
/tangrams/379_408.png,tangram,NA,NA
/tangrams/372_162.png,tangram,NA,NA
/tangrams/232_303.png,tangram,NA,NA
/tangrams/357_315.png,tangram,NA,NA
/tangrams/357_296.png,tangram,NA,NA
/tangrams/379_460.png,tangram,NA,NA
/tangrams/277_468.png,tangram,NA,NA
/tangrams/227_254.png,tangram,NA,NA
/tangrams/277_396.png,tangram,NA,NA
/tangrams/455_239.png,tangram,NA,NA
/tangrams/41_315.png,tangram,NA,NA
/tangrams/299_413.png,tangram,NA,NA
/tangrams/277_92.png,tangram,NA,NA
/tangrams/199_396.png,tangram,NA,NA
/tangrams/249_460.png,tangram,NA,NA
/tangrams/402_25.png,tangram,NA,NA
/tangrams/232_193.png,tangram,NA,NA
/tangrams/398_173.png,tangram,NA,NA
/tangrams/250_290.png,tangram,NA,NA
/tangrams/197_46.png,tangram,NA,NA
/tangrams/379_322.png,tangram,NA,NA
/tangrams/445_315.png,tangram,NA,NA
/tangrams/372_190.png,tangram,NA,NA
/tangrams/467_322.png,tangram,NA,NA
/tangrams/459_143.png,tangram,NA,NA
/tangrams/121_239.png,tangram,NA,NA
/tangrams/459_460.png,tangram,NA,NA
/tangrams/408_433.png,tangram,NA,NA
/tangrams/47_164.png,tangram,NA,NA
/tangrams/250_234.png,tangram,NA,NA
/tangrams/197_230.png,tangram,NA,NA
/tangrams/372_164.png,tangram,NA,NA
/tangrams/373_433.png,tangram,NA,NA
/tangrams/467_468.png,tangram,NA,NA
/tangrams/459_322.png,tangram,NA,NA
/tangrams/68_413.png,tangram,NA,NA
/tangrams/250_413.png,tangram,NA,NA
/tangrams/191_164.png,tangram,NA,NA
/tangrams/299_154.png,tangram,NA,NA
/tangrams/408_173.png,tangram,NA,NA
/tangrams/347_154.png,tangram,NA,NA
/tangrams/398_303.png,tangram,NA,NA
/tangrams/299_290.png,tangram,NA,NA
/tangrams/199_92.png,tangram,NA,NA
/tangrams/413_254.png,tangram,NA,NA
/tangrams/455_46.png,tangram,NA,NA
/tangrams/357_154.png,tangram,NA,NA
/tangrams/187_352.png,tangram,NA,NA
/tangrams/193_92.png,tangram,NA,NA
/tangrams/197_68.png,tangram,NA,NA
/tangrams/187_254.png,tangram,NA,NA
/tangrams/373_303.png,tangram,NA,NA
/tangrams/467_396.png,tangram,NA,NA
/tangrams/191_190.png,tangram,NA,NA
/tangrams/225_162.png,tangram,NA,NA
/tangrams/455_68.png,tangram,NA,NA
/tangrams/408_193.png,tangram,NA,NA
/tangrams/249_408.png,tangram,NA,NA
/tangrams/47_190.png,tangram,NA,NA
/tangrams/372_398.png,tangram,NA,NA
/tangrams/225_398.png,tangram,NA,NA
/tangrams/347_315.png,tangram,NA,NA
/tangrams/422_230.png,tangram,NA,NA
/tangrams/347_296.png,tangram,NA,NA
/tangrams/187_136.png,tangram,NA,NA
/tangrams/373_193.png,tangram,NA,NA
/tangrams/413_136.png,tangram,NA,NA
/tangrams/47_398.png,tangram,NA,NA
/tangrams/147_290.png,tangram,NA,NA
/tangrams/193_322.png,tangram,NA,NA
/tangrams/193_468.png,tangram,NA,NA
/tangrams/121_68.png,tangram,NA,NA
/tangrams/347_52.png,tangram,NA,NA
/tangrams/373_173.png,tangram,NA,NA
/tangrams/227_136.png,tangram,NA,NA
/tangrams/249_322.png,tangram,NA,NA
/tangrams/227_339.png,tangram,NA,NA
/tangrams/413_339.png,tangram,NA,NA
/tangrams/68_290.png,tangram,NA,NA
/tangrams/289_143.png,tangram,NA,NA
/tangrams/225_190.png,tangram,NA,NA
/tangrams/227_352.png,tangram,NA,NA
/tangrams/289_460.png,tangram,NA,NA
/tangrams/121_230.png,tangram,NA,NA
/tangrams/467_92.png,tangram,NA,NA
/tangrams/430_25.png,tangram,NA,NA
/tangrams/199_468.png,tangram,NA,NA
/tangrams/199_322.png,tangram,NA,NA
/tangrams/68_234.png,tangram,NA,NA
/tangrams/297_290.png,tangram,NA,NA
/tangrams/357_52.png,tangram,NA,NA
/tangrams/41_52.png,tangram,NA,NA
/tangrams/289_408.png,tangram,NA,NA
/tangrams/147_413.png,tangram,NA,NA
/tangrams/41_296.png,tangram,NA,NA
/tangrams/413_352.png,tangram,NA,NA
/tangrams/250_154.png,tangram,NA,NA
/tangrams/197_239.png,tangram,NA,NA
/tangrams/12_162.png,tangram,NA,NA
/tangrams/232_173.png,tangram,NA,NA
/tangrams/422_46.png,tangram,NA,NA
/tangrams/147_234.png,tangram,NA,NA
/tangrams/445_296.png,tangram,NA,NA
/tangrams/445_52.png,tangram,NA,NA
/tangrams/191_398.png,tangram,NA,NA
/tangrams/422_68.png,tangram,NA,NA
/tangrams/448_136.png,tangram,NA,NA
/tangrams/379_143.png,tangram,NA,NA
/tangrams/147_154.png,tangram,NA,NA
/tangrams/68_154.png,tangram,NA,NA
/tangrams/121_46.png,tangram,NA,NA
/tangrams/289_322.png,tangram,NA,NA
/tangrams/187_339.png,tangram,NA,NA
/tangrams/398_193.png,tangram,NA,NA
/tangrams/232_433.png,tangram,NA,NA
/tangrams/459_408.png,tangram,NA,NA
/tangrams/47_162.png,tangram,NA,NA
/tangrams/225_164.png,tangram,NA,NA
/tangrams/448_339.png,tangram,NA,NA
/tangrams/445_154.png,tangram,NA,NA
/tangrams/448_352.png,tangram,NA,NA
/tangrams/422_239.png,tangram,NA,NA
/tangrams/191_162.png,tangram,NA,NA
/tangrams/23_162.png,tangram,NA,NA
/tangrams/12_0.png,tangram,NA,NA
/tangrams/220_448.png,tangram,NA,NA
/tangrams/430_166.png,tangram,NA,NA
/tangrams/302_281.png,tangram,NA,NA
/tangrams/197_331.png,tangram,NA,NA
/tangrams/184_451.png,tangram,NA,NA
/tangrams/82_153.png,tangram,NA,NA
/tangrams/176_181.png,tangram,NA,NA
/tangrams/469_130.png,tangram,NA,NA
/tangrams/455_253.png,tangram,NA,NA
/tangrams/456_213.png,tangram,NA,NA
/tangrams/276_326.png,tangram,NA,NA
/tangrams/238_157.png,tangram,NA,NA
/tangrams/205_442.png,tangram,NA,NA
/tangrams/294_326.png,tangram,NA,NA
/tangrams/115_51.png,tangram,NA,NA
/tangrams/369_77.png,tangram,NA,NA
/tangrams/314_466.png,tangram,NA,NA
/tangrams/71_211.png,tangram,NA,NA
/tangrams/47_356.png,tangram,NA,NA
/tangrams/101_113.png,tangram,NA,NA
/tangrams/107_222.png,tangram,NA,NA
/tangrams/254_272.png,tangram,NA,NA
/tangrams/439_258.png,tangram,NA,NA
/tangrams/283_336.png,tangram,NA,NA
/tangrams/8_113.png,tangram,NA,NA
/tangrams/174_8.png,tangram,NA,NA
/tangrams/414_305.png,tangram,NA,NA
/tangrams/282_243.png,tangram,NA,NA
/tangrams/144_373.png,tangram,NA,NA
/tangrams/83_304.png,tangram,NA,NA
/tangrams/204_79.png,tangram,NA,NA
/tangrams/366_44.png,tangram,NA,NA
/tangrams/57_335.png,tangram,NA,NA
/tangrams/211_417.png,tangram,NA,NA
/tangrams/337_82.png,tangram,NA,NA
/tangrams/155_409.png,tangram,NA,NA
/tangrams/453_140.png,tangram,NA,NA
/tangrams/59_39.png,tangram,NA,NA
/tangrams/345_443.png,tangram,NA,NA
/tangrams/249_216.png,tangram,NA,NA
/tangrams/222_296.png,tangram,NA,NA
/tangrams/56_240.png,tangram,NA,NA
/tangrams/103_75.png,tangram,NA,NA
/tangrams/38_246.png,tangram,NA,NA
/tangrams/347_86.png,tangram,NA,NA
/tangrams/39_219.png,tangram,NA,NA
/tangrams/409_251.png,tangram,NA,NA
/tangrams/411_61.png,tangram,NA,NA
/tangrams/323_399.png,tangram,NA,NA
/tangrams/375_422.png,tangram,NA,NA
/tangrams/228_190.png,tangram,NA,NA
/tangrams/437_368.png,tangram,NA,NA
/tangrams/278_303.png,tangram,NA,NA
/tangrams/50_454.png,tangram,NA,NA
/tangrams/285_284.png,tangram,NA,NA
/tangrams/208_390.png,tangram,NA,NA
/tangrams/229_340.png,tangram,NA,NA
/tangrams/305_62.png,tangram,NA,NA
/tangrams/427_201.png,tangram,NA,NA
/tangrams/104_396.png,tangram,NA,NA
/tangrams/309_215.png,tangram,NA,NA
/tangrams/43_356.png,tangram,NA,NA
/tangrams/358_153.png,tangram,NA,NA
/tangrams/149_350.png,tangram,NA,NA
/tangrams/51_135.png,tangram,NA,NA
/tangrams/287_351.png,tangram,NA,NA
/tangrams/180_319.png,tangram,NA,NA
/tangrams/375_323.png,tangram,NA,NA
/tangrams/193_0.png,tangram,NA,NA
/tangrams/83_439.png,tangram,NA,NA
/tangrams/400_199.png,tangram,NA,NA
/tangrams/109_7.png,tangram,NA,NA
/tangrams/107_389.png,tangram,NA,NA
/tangrams/97_288.png,tangram,NA,NA
/tangrams/194_262.png,tangram,NA,NA
/tangrams/261_395.png,tangram,NA,NA
/tangrams/247_212.png,tangram,NA,NA
/tangrams/425_5.png,tangram,NA,NA
/tangrams/57_123.png,tangram,NA,NA
/tangrams/90_458.png,tangram,NA,NA
/tangrams/142_42.png,tangram,NA,NA
/tangrams/146_330.png,tangram,NA,NA
/tangrams/195_415.png,tangram,NA,NA
/tangrams/275_364.png,tangram,NA,NA
/tangrams/436_164.png,tangram,NA,NA
/tangrams/357_300.png,tangram,NA,NA
/tangrams/318_11.png,tangram,NA,NA
/tangrams/454_212.png,tangram,NA,NA
/tangrams/18_447.png,tangram,NA,NA
/tangrams/146_388.png,tangram,NA,NA
/tangrams/11_443.png,tangram,NA,NA
/tangrams/127_94.png,tangram,NA,NA
/tangrams/67_290.png,tangram,NA,NA
/tangrams/378_133.png,tangram,NA,NA
/tangrams/427_111.png,tangram,NA,NA
/tangrams/35_169.png,tangram,NA,NA
/tangrams/42_29.png,tangram,NA,NA
/tangrams/426_197.png,tangram,NA,NA
/tangrams/333_8.png,tangram,NA,NA
/tangrams/118_45.png,tangram,NA,NA
/tangrams/117_60.png,tangram,NA,NA
/tangrams/223_64.png,tangram,NA,NA
/tangrams/187_42.png,tangram,NA,NA
/tangrams/130_458.png,tangram,NA,NA
/tangrams/291_328.png,tangram,NA,NA
/tangrams/449_29.png,tangram,NA,NA
/tangrams/150_206.png,tangram,NA,NA
/tangrams/255_397.png,tangram,NA,NA
/tangrams/327_89.png,tangram,NA,NA
/tangrams/60_402.png,tangram,NA,NA
/tangrams/366_181.png,tangram,NA,NA
/tangrams/463_211.png,tangram,NA,NA
/tangrams/453_64.png,tangram,NA,NA
/tangrams/432_399.png,tangram,NA,NA
/tangrams/58_366.png,tangram,NA,NA
/tangrams/78_128.png,tangram,NA,NA
/tangrams/147_84.png,tangram,NA,NA
/tangrams/124_164.png,tangram,NA,NA
/tangrams/65_453.png,tangram,NA,NA
/tangrams/310_72.png,tangram,NA,NA
/tangrams/333_336.png,tangram,NA,NA
/tangrams/333_297.png,tangram,NA,NA
/tangrams/13_294.png,tangram,NA,NA
/tangrams/21_244.png,tangram,NA,NA
/tangrams/21_336.png,tangram,NA,NA
/tangrams/178_148.png,tangram,NA,NA
/tangrams/84_337.png,tangram,NA,NA
/tangrams/418_336.png,tangram,NA,NA
/tangrams/329_431.png,tangram,NA,NA
/tangrams/84_54.png,tangram,NA,NA
/tangrams/7_337.png,tangram,NA,NA
/tangrams/418_297.png,tangram,NA,NA
/tangrams/333_134.png,tangram,NA,NA
/tangrams/178_387.png,tangram,NA,NA
/tangrams/247_93.png,tangram,NA,NA
/tangrams/252_431.png,tangram,NA,NA
/tangrams/418_134.png,tangram,NA,NA
/tangrams/189_46.png,tangram,NA,NA
/tangrams/13_46.png,tangram,NA,NA
/tangrams/329_46.png,tangram,NA,NA
/tangrams/343_337.png,tangram,NA,NA
/tangrams/84_9.png,tangram,NA,NA
/tangrams/48_403.png,tangram,NA,NA
/tangrams/48_337.png,tangram,NA,NA
/tangrams/439_134.png,tangram,NA,NA
/tangrams/21_297.png,tangram,NA,NA
/tangrams/320_151.png,tangram,NA,NA
/tangrams/252_121.png,tangram,NA,NA
/tangrams/21_134.png,tangram,NA,NA
/tangrams/13_121.png,tangram,NA,NA
/tangrams/204_93.png,tangram,NA,NA
/tangrams/252_294.png,tangram,NA,NA
/tangrams/189_294.png,tangram,NA,NA
/tangrams/247_151.png,tangram,NA,NA
/tangrams/7_403.png,tangram,NA,NA
/tangrams/439_244.png,tangram,NA,NA
/tangrams/178_151.png,tangram,NA,NA
/tangrams/343_403.png,tangram,NA,NA
/tangrams/247_387.png,tangram,NA,NA
/tangrams/320_93.png,tangram,NA,NA
/tangrams/178_93.png,tangram,NA,NA
/tangrams/247_148.png,tangram,NA,NA
/tangrams/48_54.png,tangram,NA,NA
/tangrams/320_387.png,tangram,NA,NA
/tangrams/84_403.png,tangram,NA,NA
/tangrams/418_244.png,tangram,NA,NA
/tangrams/204_148.png,tangram,NA,NA
/tangrams/320_148.png,tangram,NA,NA
/tangrams/333_244.png,tangram,NA,NA
/tangrams/343_54.png,tangram,NA,NA
/tangrams/7_9.png,tangram,NA,NA
/tangrams/48_9.png,tangram,NA,NA
/tangrams/7_54.png,tangram,NA,NA
/tangrams/439_336.png,tangram,NA,NA
/tangrams/189_431.png,tangram,NA,NA
/tangrams/204_387.png,tangram,NA,NA
/tangrams/343_9.png,tangram,NA,NA
/tangrams/329_294.png,tangram,NA,NA
/tangrams/189_121.png,tangram,NA,NA
/tangrams/252_46.png,tangram,NA,NA
/tangrams/439_297.png,tangram,NA,NA
/tangrams/204_151.png,tangram,NA,NA
/tangrams/329_121.png,tangram,NA,NA
/tangrams/13_431.png,tangram,NA,NA
/tangrams/46_333.png,tangram,NA,NA
/tangrams/46_92.png,tangram,NA,NA
/tangrams/156_333.png,tangram,NA,NA
/tangrams/118_333.png,tangram,NA,NA
/tangrams/166_154.png,tangram,NA,NA
/tangrams/75_340.png,tangram,NA,NA
/tangrams/82_367.png,tangram,NA,NA
/tangrams/88_425.png,tangram,NA,NA
/tangrams/77_57.png,tangram,NA,NA
/tangrams/95_406.png,tangram,NA,NA
/tangrams/205_264.png,tangram,NA,NA
/tangrams/188_426.png,tangram,NA,NA
/tangrams/116_185.png,tangram,NA,NA
/tangrams/242_440.png,tangram,NA,NA
/tangrams/21_355.png,tangram,NA,NA
/tangrams/370_144.png,tangram,NA,NA
/tangrams/438_372.png,tangram,NA,NA
/tangrams/233_465.png,tangram,NA,NA
/tangrams/63_309.png,tangram,NA,NA
/tangrams/163_463.png,tangram,NA,NA
/tangrams/279_420.png,tangram,NA,NA
/tangrams/160_409.png,tangram,NA,NA
/tangrams/240_378.png,tangram,NA,NA
/tangrams/435_345.png,tangram,NA,NA
/tangrams/226_210.png,tangram,NA,NA
/tangrams/279_20.png,tangram,NA,NA
/tangrams/242_305.png,tangram,NA,NA
/tangrams/323_111.png,tangram,NA,NA
/tangrams/52_18.png,tangram,NA,NA
/tangrams/369_181.png,tangram,NA,NA
/tangrams/44_320.png,tangram,NA,NA
/tangrams/397_425.png,tangram,NA,NA
/tangrams/390_455.png,tangram,NA,NA
/tangrams/366_250.png,tangram,NA,NA
/tangrams/426_362.png,tangram,NA,NA
/tangrams/24_366.png,tangram,NA,NA
/tangrams/177_313.png,tangram,NA,NA
/tangrams/33_347.png,tangram,NA,NA
/tangrams/262_360.png,tangram,NA,NA
/tangrams/199_232.png,tangram,NA,NA
/tangrams/281_273.png,tangram,NA,NA
/tangrams/351_178.png,tangram,NA,NA
/tangrams/382_184.png,tangram,NA,NA
/tangrams/223_277.png,tangram,NA,NA
/tangrams/80_103.png,tangram,NA,NA
/tangrams/214_452.png,tangram,NA,NA
/tangrams/32_384.png,tangram,NA,NA
/tangrams/415_365.png,tangram,NA,NA
/tangrams/14_227.png,tangram,NA,NA
/tangrams/338_110.png,tangram,NA,NA
/tangrams/354_213.png,tangram,NA,NA
/tangrams/224_201.png,tangram,NA,NA
/tangrams/46_120.png,tangram,NA,NA
/tangrams/370_446.png,tangram,NA,NA
/tangrams/457_432.png,tangram,NA,NA
/tangrams/104_37.png,tangram,NA,NA
/tangrams/104_446.png,tangram,NA,NA
/tangrams/104_121.png,tangram,NA,NA
/tangrams/370_248.png,tangram,NA,NA
/tangrams/152_248.png,tangram,NA,NA
/tangrams/245_95.png,tangram,NA,NA
/tangrams/152_121.png,tangram,NA,NA
/tangrams/152_37.png,tangram,NA,NA
/tangrams/370_37.png,tangram,NA,NA
/tangrams/109_37.png,tangram,NA,NA
/tangrams/104_248.png,tangram,NA,NA
/tangrams/109_446.png,tangram,NA,NA
/tangrams/152_446.png,tangram,NA,NA
/tangrams/377_373.png,tangram,NA,NA
/tangrams/49_200.png,tangram,NA,NA
/tangrams/247_434.png,tangram,NA,NA
/tangrams/275_246.png,tangram,NA,NA
/tangrams/109_121.png,tangram,NA,NA
/tangrams/109_248.png,tangram,NA,NA
/tangrams/415_272.png,tangram,NA,NA
/tangrams/117_253.png,tangram,NA,NA
/tangrams/459_414.png,tangram,NA,NA
/tangrams/305_24.png,tangram,NA,NA
/tangrams/330_234.png,tangram,NA,NA
/tangrams/330_97.png,tangram,NA,NA
/tangrams/193_408.png,tangram,NA,NA
/tangrams/193_61.png,tangram,NA,NA
/tangrams/226_50.png,tangram,NA,NA
/tangrams/117_97.png,tangram,NA,NA
/tangrams/411_234.png,tangram,NA,NA
/tangrams/330_253.png,tangram,NA,NA
/tangrams/411_253.png,tangram,NA,NA
/tangrams/50_253.png,tangram,NA,NA
/tangrams/386_189.png,tangram,NA,NA
/tangrams/349_147.png,tangram,NA,NA
/tangrams/411_97.png,tangram,NA,NA
/tangrams/270_260.png,tangram,NA,NA
/tangrams/324_93.png,tangram,NA,NA
/tangrams/237_373.png,tangram,NA,NA
/tangrams/345_343.png,tangram,NA,NA
/tangrams/304_215.png,tangram,NA,NA
/tangrams/411_420.png,tangram,NA,NA
/tangrams/368_405.png,tangram,NA,NA
/tangrams/225_221.png,tangram,NA,NA
/tangrams/315_244.png,tangram,NA,NA
/tangrams/248_113.png,tangram,NA,NA
/tangrams/384_229.png,tangram,NA,NA
/tangrams/52_386.png,tangram,NA,NA
/tangrams/124_252.png,tangram,NA,NA
/tangrams/415_288.png,tangram,NA,NA
/tangrams/452_130.png,tangram,NA,NA
/tangrams/367_85.png,tangram,NA,NA
/tangrams/117_420.png,tangram,NA,NA
/tangrams/303_125.png,tangram,NA,NA
/tangrams/223_140.png,tangram,NA,NA
/tangrams/237_448.png,tangram,NA,NA
/tangrams/116_41.png,tangram,NA,NA
/tangrams/84_135.png,tangram,NA,NA
/tangrams/191_232.png,tangram,NA,NA
/tangrams/344_58.png,tangram,NA,NA
/tangrams/270_296.png,tangram,NA,NA
/tangrams/270_439.png,tangram,NA,NA
/tangrams/270_31.png,tangram,NA,NA
/tangrams/417_381.png,tangram,NA,NA
/tangrams/122_439.png,tangram,NA,NA
/tangrams/122_296.png,tangram,NA,NA
/tangrams/195_31.png,tangram,NA,NA
/tangrams/330_420.png,tangram,NA,NA
/tangrams/195_296.png,tangram,NA,NA
/tangrams/195_439.png,tangram,NA,NA
/tangrams/195_260.png,tangram,NA,NA
/tangrams/65_48.png,tangram,NA,NA
/tangrams/381_445.png,tangram,NA,NA
/tangrams/75_445.png,tangram,NA,NA
/tangrams/48_445.png,tangram,NA,NA
/tangrams/344_445.png,tangram,NA,NA
/tangrams/313_94.png,tangram,NA,NA
/tangrams/50_234.png,tangram,NA,NA
/tangrams/117_234.png,tangram,NA,NA
/tangrams/254_227.png,tangram,NA,NA
/tangrams/75_359.png,tangram,NA,NA
/tangrams/48_359.png,tangram,NA,NA
/tangrams/348_355.png,tangram,NA,NA
/tangrams/381_359.png,tangram,NA,NA
/tangrams/344_359.png,tangram,NA,NA
/tangrams/415_61.png,tangram,NA,NA
/tangrams/193_48.png,tangram,NA,NA
/tangrams/65_61.png,tangram,NA,NA
/tangrams/415_48.png,tangram,NA,NA
/tangrams/415_408.png,tangram,NA,NA
/tangrams/48_58.png,tangram,NA,NA
/tangrams/63_272.png,tangram,NA,NA
/tangrams/63_48.png,tangram,NA,NA
/tangrams/193_272.png,tangram,NA,NA
/tangrams/254_111.png,tangram,NA,NA
/tangrams/443_372.png,tangram,NA,NA
/tangrams/122_31.png,tangram,NA,NA
/tangrams/50_420.png,tangram,NA,NA
/tangrams/40_126.png,tangram,NA,NA
/tangrams/170_274.png,tangram,NA,NA
/tangrams/237_50.png,tangram,NA,NA
/tangrams/242_459.png,tangram,NA,NA
/tangrams/394_404.png,tangram,NA,NA
/tangrams/20_255.png,tangram,NA,NA
/tangrams/295_40.png,tangram,NA,NA
/tangrams/51_191.png,tangram,NA,NA
/tangrams/81_121.png,tangram,NA,NA
/tangrams/65_408.png,tangram,NA,NA
/tangrams/65_272.png,tangram,NA,NA
/tangrams/344_441.png,tangram,NA,NA
/tangrams/350_294.png,tangram,NA,NA
/tangrams/102_403.png,tangram,NA,NA
/tangrams/385_296.png,tangram,NA,NA
/tangrams/268_3.png,tangram,NA,NA
/tangrams/385_31.png,tangram,NA,NA
/tangrams/385_439.png,tangram,NA,NA
/tangrams/75_441.png,tangram,NA,NA
/tangrams/422_96.png,tangram,NA,NA
/tangrams/75_58.png,tangram,NA,NA
/tangrams/385_260.png,tangram,NA,NA
/tangrams/63_408.png,tangram,NA,NA
/tangrams/415_424.png,tangram,NA,NA
/tangrams/381_58.png,tangram,NA,NA
/tangrams/342_200.png,tangram,NA,NA
/tangrams/204_464.png,tangram,NA,NA
/tangrams/381_441.png,tangram,NA,NA
/tangrams/122_260.png,tangram,NA,NA
/tangrams/2_441.png,tangram,NA,NA
/tangrams/167_23.png,tangram,NA,NA
/tangrams/454_136.png,tangram,NA,NA
/tangrams/13_257.png,tangram,NA,NA
/tangrams/454_158.png,tangram,NA,NA
/tangrams/281_158.png,tangram,NA,NA
/tangrams/89_158.png,tangram,NA,NA
/tangrams/253_223.png,tangram,NA,NA
/tangrams/281_257.png,tangram,NA,NA
/tangrams/32_424.png,tangram,NA,NA
/tangrams/281_131.png,tangram,NA,NA
/tangrams/101_424.png,tangram,NA,NA
/tangrams/367_54.png,tangram,NA,NA
/tangrams/167_250.png,tangram,NA,NA
/tangrams/13_131.png,tangram,NA,NA
/tangrams/105_81.png,tangram,NA,NA
/tangrams/171_81.png,tangram,NA,NA
/tangrams/345_130.png,tangram,NA,NA
/tangrams/50_32.png,tangram,NA,NA
/tangrams/413_349.png,tangram,NA,NA
/tangrams/107_325.png,tangram,NA,NA
/tangrams/107_424.png,tangram,NA,NA
/tangrams/101_183.png,tangram,NA,NA
/tangrams/193_424.png,tangram,NA,NA
/tangrams/105_250.png,tangram,NA,NA
/tangrams/101_18.png,tangram,NA,NA
/tangrams/253_49.png,tangram,NA,NA
/tangrams/240_49.png,tangram,NA,NA
/tangrams/362_49.png,tangram,NA,NA
/tangrams/367_49.png,tangram,NA,NA
/tangrams/331_431.png,tangram,NA,NA
/tangrams/193_183.png,tangram,NA,NA
/tangrams/454_257.png,tangram,NA,NA
/tangrams/89_257.png,tangram,NA,NA
/tangrams/105_441.png,tangram,NA,NA
/tangrams/171_441.png,tangram,NA,NA
/tangrams/253_54.png,tangram,NA,NA
/tangrams/253_96.png,tangram,NA,NA
/tangrams/362_54.png,tangram,NA,NA
/tangrams/240_54.png,tangram,NA,NA
/tangrams/112_408.png,tangram,NA,NA
/tangrams/89_131.png,tangram,NA,NA
/tangrams/447_459.png,tangram,NA,NA
/tangrams/2_81.png,tangram,NA,NA
/tangrams/344_446.png,tangram,NA,NA
/tangrams/194_395.png,tangram,NA,NA
/tangrams/2_23.png,tangram,NA,NA
/tangrams/454_131.png,tangram,NA,NA
/tangrams/2_250.png,tangram,NA,NA
/tangrams/6_416.png,tangram,NA,NA
/tangrams/242_289.png,tangram,NA,NA
/tangrams/301_383.png,tangram,NA,NA
/tangrams/105_23.png,tangram,NA,NA
/tangrams/240_223.png,tangram,NA,NA
/tangrams/367_96.png,tangram,NA,NA
/tangrams/167_81.png,tangram,NA,NA
/tangrams/362_96.png,tangram,NA,NA
/tangrams/171_23.png,tangram,NA,NA
/tangrams/131_277.png,tangram,NA,NA
/tangrams/29_37.png,tangram,NA,NA
/tangrams/281_136.png,tangram,NA,NA
/tangrams/89_136.png,tangram,NA,NA
/tangrams/362_223.png,tangram,NA,NA
/tangrams/367_223.png,tangram,NA,NA
/tangrams/372_439.png,tangram,NA,NA
/tangrams/107_18.png,tangram,NA,NA
/tangrams/43_424.png,tangram,NA,NA
/tangrams/43_183.png,tangram,NA,NA
/tangrams/454_442.png,tangram,NA,NA
/tangrams/34_312.png,tangram,NA,NA
/tangrams/112_341.png,tangram,NA,NA
/tangrams/73_382.png,tangram,NA,NA
/tangrams/352_17.png,tangram,NA,NA
/tangrams/183_219.png,tangram,NA,NA
/tangrams/323_361.png,tangram,NA,NA
/tangrams/215_90.png,tangram,NA,NA
/tangrams/171_250.png,tangram,NA,NA
/tangrams/167_441.png,tangram,NA,NA
/tangrams/13_158.png,tangram,NA,NA
/tangrams/240_96.png,tangram,NA,NA
/tangrams/101_325.png,tangram,NA,NA
/tangrams/43_325.png,tangram,NA,NA
/tangrams/260_297.png,tangram,NA,NA
/tangrams/193_18.png,tangram,NA,NA
/tangrams/43_18.png,tangram,NA,NA
/tangrams/193_325.png,tangram,NA,NA
/tangrams/107_183.png,tangram,NA,NA
/tangrams/326_256.png,tangram,NA,NA
/tangrams/453_56.png,tangram,NA,NA
/tangrams/326_257.png,tangram,NA,NA
/tangrams/82_123.png,tangram,NA,NA
/tangrams/361_256.png,tangram,NA,NA
/tangrams/461_181.png,tangram,NA,NA
/tangrams/326_358.png,tangram,NA,NA
/tangrams/361_181.png,tangram,NA,NA
/tangrams/348_358.png,tangram,NA,NA
/tangrams/326_181.png,tangram,NA,NA
/tangrams/354_385.png,tangram,NA,NA
/tangrams/348_257.png,tangram,NA,NA
/tangrams/444_307.png,tangram,NA,NA
/tangrams/368_307.png,tangram,NA,NA
/tangrams/55_307.png,tangram,NA,NA
/tangrams/18_307.png,tangram,NA,NA
/tangrams/361_358.png,tangram,NA,NA
/tangrams/18_154.png,tangram,NA,NA
/tangrams/18_458.png,tangram,NA,NA
/tangrams/354_56.png,tangram,NA,NA
/tangrams/461_256.png,tangram,NA,NA
/tangrams/442_420.png,tangram,NA,NA
/tangrams/442_401.png,tangram,NA,NA
/tangrams/442_232.png,tangram,NA,NA
/tangrams/18_402.png,tangram,NA,NA
/tangrams/442_431.png,tangram,NA,NA
/tangrams/361_257.png,tangram,NA,NA
/tangrams/444_402.png,tangram,NA,NA
/tangrams/461_358.png,tangram,NA,NA
/tangrams/453_123.png,tangram,NA,NA
/tangrams/55_154.png,tangram,NA,NA
/tangrams/368_154.png,tangram,NA,NA
/tangrams/444_154.png,tangram,NA,NA
/tangrams/80_401.png,tangram,NA,NA
/tangrams/80_431.png,tangram,NA,NA
/tangrams/80_232.png,tangram,NA,NA
/tangrams/444_458.png,tangram,NA,NA
/tangrams/368_458.png,tangram,NA,NA
/tangrams/426_5.png,tangram,NA,NA
/tangrams/446_401.png,tangram,NA,NA
/tangrams/447_401.png,tangram,NA,NA
/tangrams/446_232.png,tangram,NA,NA
/tangrams/82_277.png,tangram,NA,NA
/tangrams/340_434.png,tangram,NA,NA
/tangrams/348_256.png,tangram,NA,NA
/tangrams/340_5.png,tangram,NA,NA
/tangrams/461_257.png,tangram,NA,NA
/tangrams/82_56.png,tangram,NA,NA
/tangrams/232_438.png,tangram,NA,NA
/tangrams/348_181.png,tangram,NA,NA
/tangrams/447_431.png,tangram,NA,NA
/tangrams/446_431.png,tangram,NA,NA
/tangrams/447_232.png,tangram,NA,NA
/tangrams/447_420.png,tangram,NA,NA
/tangrams/446_420.png,tangram,NA,NA
/tangrams/55_458.png,tangram,NA,NA
/tangrams/55_402.png,tangram,NA,NA
/tangrams/372_434.png,tangram,NA,NA
/tangrams/368_402.png,tangram,NA,NA
/tangrams/80_420.png,tangram,NA,NA
/tangrams/426_434.png,tangram,NA,NA
/tangrams/360_434.png,tangram,NA,NA
/tangrams/372_341.png,tangram,NA,NA
/tangrams/454_265.png,tangram,NA,NA
/tangrams/237_94.png,tangram,NA,NA
/tangrams/54_80.png,tangram,NA,NA
/tangrams/345_52.png,tangram,NA,NA
/tangrams/436_238.png,tangram,NA,NA
/tangrams/452_148.png,tangram,NA,NA
/tangrams/90_100.png,tangram,NA,NA
/tangrams/379_368.png,tangram,NA,NA
/tangrams/109_290.png,tangram,NA,NA
/tangrams/67_326.png,tangram,NA,NA
/tangrams/312_326.png,tangram,NA,NA
/tangrams/241_236.png,tangram,NA,NA
/tangrams/42_48.png,tangram,NA,NA
/tangrams/358_448.png,tangram,NA,NA
/tangrams/137_334.png,tangram,NA,NA
/tangrams/443_305.png,tangram,NA,NA
/tangrams/210_136.png,tangram,NA,NA
/tangrams/409_219.png,tangram,NA,NA
/tangrams/468_75.png,tangram,NA,NA
/tangrams/369_219.png,tangram,NA,NA
/tangrams/435_423.png,tangram,NA,NA
/tangrams/230_37.png,tangram,NA,NA
/tangrams/14_16.png,tangram,NA,NA
/tangrams/256_2.png,tangram,NA,NA
/tangrams/443_291.png,tangram,NA,NA
/tangrams/44_393.png,tangram,NA,NA
/tangrams/105_410.png,tangram,NA,NA
/tangrams/434_149.png,tangram,NA,NA
/tangrams/128_107.png,tangram,NA,NA
/tangrams/356_116.png,tangram,NA,NA
/tangrams/38_146.png,tangram,NA,NA
/tangrams/211_317.png,tangram,NA,NA
/tangrams/345_266.png,tangram,NA,NA
/tangrams/192_359.png,tangram,NA,NA
/tangrams/45_380.png,tangram,NA,NA
/tangrams/414_287.png,tangram,NA,NA
/tangrams/33_113.png,tangram,NA,NA
/tangrams/258_147.png,tangram,NA,NA
/tangrams/95_30.png,tangram,NA,NA
/tangrams/147_71.png,tangram,NA,NA
/tangrams/93_243.png,tangram,NA,NA
/tangrams/122_237.png,tangram,NA,NA
/tangrams/72_197.png,tangram,NA,NA
/tangrams/126_37.png,tangram,NA,NA
/tangrams/20_406.png,tangram,NA,NA
/tangrams/422_407.png,tangram,NA,NA
/tangrams/73_187.png,tangram,NA,NA
/tangrams/257_300.png,tangram,NA,NA
/tangrams/45_190.png,tangram,NA,NA
/tangrams/123_368.png,tangram,NA,NA
/tangrams/204_315.png,tangram,NA,NA
/tangrams/281_111.png,tangram,NA,NA
/tangrams/359_339.png,tangram,NA,NA
/tangrams/290_165.png,tangram,NA,NA
/tangrams/469_185.png,tangram,NA,NA
/tangrams/423_381.png,tangram,NA,NA
/tangrams/399_189.png,tangram,NA,NA
/tangrams/133_329.png,tangram,NA,NA
/tangrams/399_422.png,tangram,NA,NA
/tangrams/412_211.png,tangram,NA,NA
/tangrams/369_336.png,tangram,NA,NA
/tangrams/236_444.png,tangram,NA,NA
/tangrams/184_457.png,tangram,NA,NA
/tangrams/134_47.png,tangram,NA,NA
/tangrams/21_400.png,tangram,NA,NA
/tangrams/436_280.png,tangram,NA,NA
/tangrams/433_390.png,tangram,NA,NA
/tangrams/415_202.png,tangram,NA,NA
/tangrams/257_381.png,tangram,NA,NA
/tangrams/451_191.png,tangram,NA,NA
/tangrams/262_362.png,tangram,NA,NA
/tangrams/467_133.png,tangram,NA,NA
/tangrams/82_189.png,tangram,NA,NA
/tangrams/74_376.png,tangram,NA,NA
/tangrams/57_0.png,tangram,NA,NA
/tangrams/291_135.png,tangram,NA,NA
/tangrams/422_322.png,tangram,NA,NA
/tangrams/219_315.png,tangram,NA,NA
/tangrams/331_247.png,tangram,NA,NA
/tangrams/408_336.png,tangram,NA,NA
/tangrams/63_253.png,tangram,NA,NA
/tangrams/256_21.png,tangram,NA,NA
/tangrams/349_299.png,tangram,NA,NA
/tangrams/277_365.png,tangram,NA,NA
/tangrams/267_316.png,tangram,NA,NA
/tangrams/263_212.png,tangram,NA,NA
/tangrams/123_234.png,tangram,NA,NA
/tangrams/180_337.png,tangram,NA,NA
/tangrams/378_468.png,tangram,NA,NA
/tangrams/216_321.png,tangram,NA,NA
/tangrams/200_322.png,tangram,NA,NA
/tangrams/223_89.png,tangram,NA,NA
/tangrams/85_167.png,tangram,NA,NA
/tangrams/329_421.png,tangram,NA,NA
/tangrams/70_36.png,tangram,NA,NA
/tangrams/28_405.png,tangram,NA,NA
/tangrams/444_263.png,tangram,NA,NA
/tangrams/375_303.png,tangram,NA,NA
/tangrams/384_160.png,tangram,NA,NA
/tangrams/192_227.png,tangram,NA,NA
/tangrams/156_406.png,tangram,NA,NA
/tangrams/312_417.png,tangram,NA,NA
/tangrams/418_102.png,tangram,NA,NA
/tangrams/19_354.png,tangram,NA,NA
/tangrams/381_310.png,tangram,NA,NA
/tangrams/193_270.png,tangram,NA,NA
/tangrams/3_68.png,tangram,NA,NA
/tangrams/26_179.png,tangram,NA,NA
/tangrams/193_356.png,tangram,NA,NA
/tangrams/93_241.png,tangram,NA,NA
/tangrams/40_144.png,tangram,NA,NA
/tangrams/166_298.png,tangram,NA,NA
/tangrams/423_462.png,tangram,NA,NA
/tangrams/418_79.png,tangram,NA,NA
/tangrams/302_463.png,tangram,NA,NA
/tangrams/240_50.png,tangram,NA,NA
/tangrams/176_122.png,tangram,NA,NA
/tangrams/335_321.png,tangram,NA,NA
/tangrams/14_337.png,tangram,NA,NA
/tangrams/343_346.png,tangram,NA,NA
/tangrams/461_277.png,tangram,NA,NA
/tangrams/188_232.png,tangram,NA,NA
/tangrams/455_221.png,tangram,NA,NA
/tangrams/22_232.png,tangram,NA,NA
/tangrams/455_468.png,tangram,NA,NA
/tangrams/336_277.png,tangram,NA,NA
/tangrams/148_222.png,tangram,NA,NA
/tangrams/455_276.png,tangram,NA,NA
/tangrams/22_277.png,tangram,NA,NA
/tangrams/461_232.png,tangram,NA,NA
/tangrams/455_222.png,tangram,NA,NA
/tangrams/188_240.png,tangram,NA,NA
/tangrams/148_468.png,tangram,NA,NA
/tangrams/188_404.png,tangram,NA,NA
/tangrams/461_240.png,tangram,NA,NA
/tangrams/200_468.png,tangram,NA,NA
/tangrams/241_468.png,tangram,NA,NA
/tangrams/461_404.png,tangram,NA,NA
/tangrams/336_240.png,tangram,NA,NA
/tangrams/241_221.png,tangram,NA,NA
/tangrams/22_404.png,tangram,NA,NA
/tangrams/336_232.png,tangram,NA,NA
/tangrams/148_276.png,tangram,NA,NA
/tangrams/188_277.png,tangram,NA,NA
/tangrams/200_222.png,tangram,NA,NA
/tangrams/310_109.png,tangram,NA,NA
/tangrams/135_147.png,tangram,NA,NA
/tangrams/0_313.png,tangram,NA,NA
/tangrams/90_288.png,tangram,NA,NA
/tangrams/103_216.png,tangram,NA,NA
/tangrams/328_443.png,tangram,NA,NA
/tangrams/271_196.png,tangram,NA,NA
/tangrams/126_140.png,tangram,NA,NA
/tangrams/34_346.png,tangram,NA,NA
/tangrams/152_325.png,tangram,NA,NA
/tangrams/390_298.png,tangram,NA,NA
/tangrams/81_159.png,tangram,NA,NA
/tangrams/270_319.png,tangram,NA,NA
/tangrams/168_111.png,tangram,NA,NA
/tangrams/401_111.png,tangram,NA,NA
/tangrams/251_164.png,tangram,NA,NA
/tangrams/460_111.png,tangram,NA,NA
/tangrams/84_381.png,tangram,NA,NA
/tangrams/124_63.png,tangram,NA,NA
/tangrams/251_179.png,tangram,NA,NA
/tangrams/119_403.png,tangram,NA,NA
/tangrams/107_179.png,tangram,NA,NA
/tangrams/168_288.png,tangram,NA,NA
/tangrams/10_335.png,tangram,NA,NA
/tangrams/401_179.png,tangram,NA,NA
/tangrams/31_403.png,tangram,NA,NA
/tangrams/22_438.png,tangram,NA,NA
/tangrams/216_403.png,tangram,NA,NA
/tangrams/31_243.png,tangram,NA,NA
/tangrams/347_397.png,tangram,NA,NA
/tangrams/107_111.png,tangram,NA,NA
/tangrams/17_448.png,tangram,NA,NA
/tangrams/84_243.png,tangram,NA,NA
/tangrams/417_111.png,tangram,NA,NA
/tangrams/401_164.png,tangram,NA,NA
/tangrams/119_381.png,tangram,NA,NA
/tangrams/277_153.png,tangram,NA,NA
/tangrams/216_243.png,tangram,NA,NA
/tangrams/184_122.png,tangram,NA,NA
/tangrams/251_18.png,tangram,NA,NA
/tangrams/124_98.png,tangram,NA,NA
/tangrams/417_18.png,tangram,NA,NA
/tangrams/216_233.png,tangram,NA,NA
/tangrams/460_98.png,tangram,NA,NA
/tangrams/224_76.png,tangram,NA,NA
/tangrams/31_233.png,tangram,NA,NA
/tangrams/52_71.png,tangram,NA,NA
/tangrams/124_288.png,tangram,NA,NA
/tangrams/84_233.png,tangram,NA,NA
/tangrams/413_288.png,tangram,NA,NA
/tangrams/119_233.png,tangram,NA,NA
/tangrams/409_145.png,tangram,NA,NA
/tangrams/238_196.png,tangram,NA,NA
/tangrams/168_63.png,tangram,NA,NA
/tangrams/460_63.png,tangram,NA,NA
/tangrams/119_243.png,tangram,NA,NA
/tangrams/417_179.png,tangram,NA,NA
/tangrams/63_0.png,tangram,NA,NA
/tangrams/401_18.png,tangram,NA,NA
/tangrams/413_111.png,tangram,NA,NA
/tangrams/235_449.png,tangram,NA,NA
/tangrams/124_111.png,tangram,NA,NA
/tangrams/251_111.png,tangram,NA,NA
/tangrams/107_164.png,tangram,NA,NA
/tangrams/168_98.png,tangram,NA,NA
/tangrams/413_63.png,tangram,NA,NA
/tangrams/216_381.png,tangram,NA,NA
/tangrams/131_194.png,tangram,NA,NA
/tangrams/411_427.png,tangram,NA,NA
/tangrams/361_66.png,tangram,NA,NA
/tangrams/90_269.png,tangram,NA,NA
/tangrams/223_32.png,tangram,NA,NA
/tangrams/454_215.png,tangram,NA,NA
/tangrams/369_102.png,tangram,NA,NA
/tangrams/51_347.png,tangram,NA,NA
/tangrams/92_233.png,tangram,NA,NA
/tangrams/350_132.png,tangram,NA,NA
/tangrams/457_453.png,tangram,NA,NA
/tangrams/409_71.png,tangram,NA,NA
/tangrams/109_370.png,tangram,NA,NA
/tangrams/208_145.png,tangram,NA,NA
/tangrams/173_94.png,tangram,NA,NA
/tangrams/305_240.png,tangram,NA,NA
/tangrams/48_116.png,tangram,NA,NA
/tangrams/283_36.png,tangram,NA,NA
/tangrams/173_422.png,tangram,NA,NA
/tangrams/269_153.png,tangram,NA,NA
/tangrams/366_342.png,tangram,NA,NA
/tangrams/267_47.png,tangram,NA,NA
/tangrams/119_237.png,tangram,NA,NA
/tangrams/138_339.png,tangram,NA,NA
/tangrams/207_368.png,tangram,NA,NA
/tangrams/13_453.png,tangram,NA,NA
/tangrams/439_263.png,tangram,NA,NA
/tangrams/191_123.png,tangram,NA,NA
/tangrams/123_87.png,tangram,NA,NA
/tangrams/461_60.png,tangram,NA,NA
/tangrams/32_128.png,tangram,NA,NA
/tangrams/450_77.png,tangram,NA,NA
/tangrams/150_155.png,tangram,NA,NA
/tangrams/241_21.png,tangram,NA,NA
/tangrams/73_414.png,tangram,NA,NA
/tangrams/392_5.png,tangram,NA,NA
/tangrams/95_133.png,tangram,NA,NA
/tangrams/255_100.png,tangram,NA,NA
/tangrams/219_386.png,tangram,NA,NA
/tangrams/255_163.png,tangram,NA,NA
/tangrams/304_94.png,tangram,NA,NA
/tangrams/219_163.png,tangram,NA,NA
/tangrams/255_94.png,tangram,NA,NA
/tangrams/456_386.png,tangram,NA,NA
/tangrams/459_439.png,tangram,NA,NA
/tangrams/219_46.png,tangram,NA,NA
/tangrams/97_130.png,tangram,NA,NA
/tangrams/27_46.png,tangram,NA,NA
/tangrams/459_130.png,tangram,NA,NA
/tangrams/391_172.png,tangram,NA,NA
/tangrams/219_450.png,tangram,NA,NA
/tangrams/388_450.png,tangram,NA,NA
/tangrams/317_130.png,tangram,NA,NA
/tangrams/27_172.png,tangram,NA,NA
/tangrams/388_211.png,tangram,NA,NA
/tangrams/312_26.png,tangram,NA,NA
/tangrams/164_439.png,tangram,NA,NA
/tangrams/27_211.png,tangram,NA,NA
/tangrams/164_130.png,tangram,NA,NA
/tangrams/97_439.png,tangram,NA,NA
/tangrams/164_319.png,tangram,NA,NA
/tangrams/219_172.png,tangram,NA,NA
/tangrams/219_211.png,tangram,NA,NA
/tangrams/317_439.png,tangram,NA,NA
/tangrams/391_211.png,tangram,NA,NA
/tangrams/21_240.png,tangram,NA,NA
/tangrams/67_187.png,tangram,NA,NA
/tangrams/37_105.png,tangram,NA,NA
/tangrams/210_302.png,tangram,NA,NA
/tangrams/35_83.png,tangram,NA,NA
/tangrams/462_56.png,tangram,NA,NA
/tangrams/62_135.png,tangram,NA,NA
/tangrams/408_84.png,tangram,NA,NA
/tangrams/124_308.png,tangram,NA,NA
/tangrams/142_22.png,tangram,NA,NA
/tangrams/376_249.png,tangram,NA,NA
/tangrams/75_70.png,tangram,NA,NA
/tangrams/414_247.png,tangram,NA,NA
/tangrams/23_358.png,tangram,NA,NA
/tangrams/450_208.png,tangram,NA,NA
/tangrams/15_296.png,tangram,NA,NA
/tangrams/347_319.png,tangram,NA,NA
/tangrams/296_212.png,tangram,NA,NA
/tangrams/347_457.png,tangram,NA,NA
/tangrams/50_212.png,tangram,NA,NA
/tangrams/146_290.png,tangram,NA,NA
/tangrams/50_457.png,tangram,NA,NA
/tangrams/50_290.png,tangram,NA,NA
/tangrams/146_457.png,tangram,NA,NA
/tangrams/146_212.png,tangram,NA,NA
/tangrams/50_319.png,tangram,NA,NA
/tangrams/296_457.png,tangram,NA,NA
/tangrams/146_319.png,tangram,NA,NA
/tangrams/347_212.png,tangram,NA,NA
/tangrams/296_290.png,tangram,NA,NA
/tangrams/296_319.png,tangram,NA,NA
/tangrams/347_290.png,tangram,NA,NA
/tangrams/258_464.png,tangram,NA,NA
/tangrams/413_244.png,tangram,NA,NA
/tangrams/433_251.png,tangram,NA,NA
/tangrams/238_62.png,tangram,NA,NA
/tangrams/346_317.png,tangram,NA,NA
/tangrams/238_464.png,tangram,NA,NA
/tangrams/274_317.png,tangram,NA,NA
/tangrams/353_441.png,tangram,NA,NA
/tangrams/346_312.png,tangram,NA,NA
/tangrams/59_117.png,tangram,NA,NA
/tangrams/413_117.png,tangram,NA,NA
/tangrams/41_69.png,tangram,NA,NA
/tangrams/413_132.png,tangram,NA,NA
/tangrams/274_132.png,tangram,NA,NA
/tangrams/202_441.png,tangram,NA,NA
/tangrams/202_132.png,tangram,NA,NA
/tangrams/274_345.png,tangram,NA,NA
/tangrams/59_441.png,tangram,NA,NA
/tangrams/202_117.png,tangram,NA,NA
/tangrams/433_62.png,tangram,NA,NA
/tangrams/353_117.png,tangram,NA,NA
/tangrams/353_244.png,tangram,NA,NA
/tangrams/51_312.png,tangram,NA,NA
/tangrams/305_317.png,tangram,NA,NA
/tangrams/353_132.png,tangram,NA,NA
/tangrams/202_244.png,tangram,NA,NA
/tangrams/51_317.png,tangram,NA,NA
/tangrams/238_94.png,tangram,NA,NA
/tangrams/346_132.png,tangram,NA,NA
/tangrams/286_462.png,tangram,NA,NA
/tangrams/61_199.png,tangram,NA,NA
/tangrams/127_323.png,tangram,NA,NA
/tangrams/406_118.png,tangram,NA,NA
/tangrams/208_455.png,tangram,NA,NA
/tangrams/269_76.png,tangram,NA,NA
/tangrams/354_142.png,tangram,NA,NA
/tangrams/77_271.png,tangram,NA,NA
/tangrams/426_39.png,tangram,NA,NA
/tangrams/230_262.png,tangram,NA,NA
/tangrams/432_112.png,tangram,NA,NA
/tangrams/153_363.png,tangram,NA,NA
/tangrams/223_40.png,tangram,NA,NA
/tangrams/318_88.png,tangram,NA,NA
/tangrams/159_315.png,tangram,NA,NA
/tangrams/237_288.png,tangram,NA,NA
/tangrams/68_192.png,tangram,NA,NA
/tangrams/319_369.png,tangram,NA,NA
/tangrams/246_179.png,tangram,NA,NA
/tangrams/50_418.png,tangram,NA,NA
/tangrams/143_439.png,tangram,NA,NA
/tangrams/211_158.png,tangram,NA,NA
/tangrams/164_441.png,tangram,NA,NA
/tangrams/207_340.png,tangram,NA,NA
/tangrams/436_190.png,tangram,NA,NA
/tangrams/72_65.png,tangram,NA,NA
/tangrams/146_346.png,tangram,NA,NA
/tangrams/142_71.png,tangram,NA,NA
/tangrams/465_196.png,tangram,NA,NA
/tangrams/408_439.png,tangram,NA,NA
/tangrams/179_375.png,tangram,NA,NA
/tangrams/270_229.png,tangram,NA,NA
/tangrams/236_322.png,tangram,NA,NA
/tangrams/7_161.png,tangram,NA,NA
/tangrams/7_70.png,tangram,NA,NA
/tangrams/392_403.png,tangram,NA,NA
/tangrams/121_279.png,tangram,NA,NA
/tangrams/68_55.png,tangram,NA,NA
/tangrams/71_455.png,tangram,NA,NA
/tangrams/295_455.png,tangram,NA,NA
/tangrams/18_403.png,tangram,NA,NA
/tangrams/18_302.png,tangram,NA,NA
/tangrams/222_399.png,tangram,NA,NA
/tangrams/308_455.png,tangram,NA,NA
/tangrams/121_221.png,tangram,NA,NA
/tangrams/9_221.png,tangram,NA,NA
/tangrams/142_288.png,tangram,NA,NA
/tangrams/222_279.png,tangram,NA,NA
/tangrams/9_288.png,tangram,NA,NA
/tangrams/222_221.png,tangram,NA,NA
/tangrams/9_279.png,tangram,NA,NA
/tangrams/270_302.png,tangram,NA,NA
/tangrams/142_221.png,tangram,NA,NA
/tangrams/340_326.png,tangram,NA,NA
/tangrams/295_70.png,tangram,NA,NA
/tangrams/142_279.png,tangram,NA,NA
/tangrams/340_55.png,tangram,NA,NA
/tangrams/236_302.png,tangram,NA,NA
/tangrams/18_322.png,tangram,NA,NA
/tangrams/71_161.png,tangram,NA,NA
/tangrams/68_451.png,tangram,NA,NA
/tangrams/340_451.png,tangram,NA,NA
/tangrams/295_204.png,tangram,NA,NA
/tangrams/7_455.png,tangram,NA,NA
/tangrams/454_326.png,tangram,NA,NA
/tangrams/121_288.png,tangram,NA,NA
/tangrams/454_451.png,tangram,NA,NA
/tangrams/72_326.png,tangram,NA,NA
/tangrams/270_322.png,tangram,NA,NA
/tangrams/454_55.png,tangram,NA,NA
/tangrams/9_399.png,tangram,NA,NA
/tangrams/270_403.png,tangram,NA,NA
/tangrams/236_403.png,tangram,NA,NA
/tangrams/121_399.png,tangram,NA,NA
/tangrams/68_326.png,tangram,NA,NA
/tangrams/340_322.png,tangram,NA,NA
/tangrams/308_70.png,tangram,NA,NA
/tangrams/303_145.png,tangram,NA,NA
/tangrams/171_206.png,tangram,NA,NA
/tangrams/171_90.png,tangram,NA,NA
/tangrams/95_448.png,tangram,NA,NA
/tangrams/95_116.png,tangram,NA,NA
/tangrams/50_385.png,tangram,NA,NA
/tangrams/101_116.png,tangram,NA,NA
/tangrams/8_36.png,tangram,NA,NA
/tangrams/399_90.png,tangram,NA,NA
/tangrams/86_20.png,tangram,NA,NA
/tangrams/8_90.png,tangram,NA,NA
/tangrams/101_87.png,tangram,NA,NA
/tangrams/307_39.png,tangram,NA,NA
/tangrams/86_109.png,tangram,NA,NA
/tangrams/157_448.png,tangram,NA,NA
/tangrams/346_73.png,tangram,NA,NA
/tangrams/157_116.png,tangram,NA,NA
/tangrams/307_365.png,tangram,NA,NA
/tangrams/453_198.png,tangram,NA,NA
/tangrams/46_62.png,tangram,NA,NA
/tangrams/86_62.png,tangram,NA,NA
/tangrams/46_469.png,tangram,NA,NA
/tangrams/399_145.png,tangram,NA,NA
/tangrams/210_20.png,tangram,NA,NA
/tangrams/453_448.png,tangram,NA,NA
/tangrams/46_20.png,tangram,NA,NA
/tangrams/50_73.png,tangram,NA,NA
/tangrams/95_198.png,tangram,NA,NA
/tangrams/101_198.png,tangram,NA,NA
/tangrams/346_365.png,tangram,NA,NA
/tangrams/453_87.png,tangram,NA,NA
/tangrams/8_145.png,tangram,NA,NA
/tangrams/307_385.png,tangram,NA,NA
/tangrams/373_385.png,tangram,NA,NA
/tangrams/210_109.png,tangram,NA,NA
/tangrams/346_385.png,tangram,NA,NA
/tangrams/42_20.png,tangram,NA,NA
/tangrams/373_73.png,tangram,NA,NA
/tangrams/46_109.png,tangram,NA,NA
/tangrams/42_62.png,tangram,NA,NA
/tangrams/86_469.png,tangram,NA,NA
/tangrams/210_62.png,tangram,NA,NA
/tangrams/210_469.png,tangram,NA,NA
/tangrams/307_73.png,tangram,NA,NA
/tangrams/42_469.png,tangram,NA,NA
/tangrams/50_365.png,tangram,NA,NA
/tangrams/399_206.png,tangram,NA,NA
/tangrams/346_39.png,tangram,NA,NA
/tangrams/171_36.png,tangram,NA,NA
/tangrams/268_100.png,tangram,NA,NA
/tangrams/50_189.png,tangram,NA,NA
/tangrams/80_459.png,tangram,NA,NA
/tangrams/311_332.png,tangram,NA,NA
/tangrams/247_104.png,tangram,NA,NA
/tangrams/188_341.png,tangram,NA,NA
/tangrams/12_139.png,tangram,NA,NA
/tangrams/196_379.png,tangram,NA,NA
/tangrams/189_283.png,tangram,NA,NA
/tangrams/401_154.png,tangram,NA,NA
/tangrams/272_312.png,tangram,NA,NA
/tangrams/21_258.png,tangram,NA,NA
/tangrams/225_360.png,tangram,NA,NA
/tangrams/333_45.png,tangram,NA,NA
/tangrams/218_465.png,tangram,NA,NA
/tangrams/25_141.png,tangram,NA,NA
/tangrams/313_238.png,tangram,NA,NA
/tangrams/325_46.png,tangram,NA,NA
/tangrams/275_419.png,tangram,NA,NA
/tangrams/254_360.png,tangram,NA,NA
/tangrams/446_210.png,tangram,NA,NA
/tangrams/383_149.png,tangram,NA,NA
/tangrams/327_156.png,tangram,NA,NA
/tangrams/191_451.png,tangram,NA,NA
/tangrams/257_58.png,tangram,NA,NA
/tangrams/72_354.png,tangram,NA,NA
/tangrams/112_39.png,tangram,NA,NA
/tangrams/57_260.png,tangram,NA,NA
/tangrams/351_131.png,tangram,NA,NA
/tangrams/232_260.png,tangram,NA,NA
/tangrams/55_260.png,tangram,NA,NA
/tangrams/351_428.png,tangram,NA,NA
/tangrams/76_131.png,tangram,NA,NA
/tangrams/51_131.png,tangram,NA,NA
/tangrams/351_347.png,tangram,NA,NA
/tangrams/57_69.png,tangram,NA,NA
/tangrams/76_390.png,tangram,NA,NA
/tangrams/232_69.png,tangram,NA,NA
/tangrams/42_131.png,tangram,NA,NA
/tangrams/300_438.png,tangram,NA,NA
/tangrams/51_428.png,tangram,NA,NA
/tangrams/232_129.png,tangram,NA,NA
/tangrams/300_129.png,tangram,NA,NA
/tangrams/42_428.png,tangram,NA,NA
/tangrams/57_129.png,tangram,NA,NA
/tangrams/51_390.png,tangram,NA,NA
/tangrams/351_390.png,tangram,NA,NA
/tangrams/21_410.png,tangram,NA,NA
/tangrams/87_154.png,tangram,NA,NA
/tangrams/325_129.png,tangram,NA,NA
/tangrams/164_400.png,tangram,NA,NA
/tangrams/437_154.png,tangram,NA,NA
/tangrams/437_397.png,tangram,NA,NA
/tangrams/87_60.png,tangram,NA,NA
/tangrams/21_84.png,tangram,NA,NA
/tangrams/164_154.png,tangram,NA,NA
/tangrams/193_181.png,tangram,NA,NA
/tangrams/215_410.png,tangram,NA,NA
/tangrams/164_397.png,tangram,NA,NA
/tangrams/99_181.png,tangram,NA,NA
/tangrams/3_40.png,tangram,NA,NA
/tangrams/224_129.png,tangram,NA,NA
/tangrams/325_408.png,tangram,NA,NA
/tangrams/325_181.png,tangram,NA,NA
/tangrams/215_40.png,tangram,NA,NA
/tangrams/437_60.png,tangram,NA,NA
/tangrams/193_129.png,tangram,NA,NA
/tangrams/87_397.png,tangram,NA,NA
/tangrams/130_410.png,tangram,NA,NA
/tangrams/308_60.png,tangram,NA,NA
/tangrams/130_40.png,tangram,NA,NA
/tangrams/21_37.png,tangram,NA,NA
/tangrams/308_397.png,tangram,NA,NA
/tangrams/3_37.png,tangram,NA,NA
/tangrams/224_181.png,tangram,NA,NA
/tangrams/99_144.png,tangram,NA,NA
/tangrams/99_408.png,tangram,NA,NA
/tangrams/215_84.png,tangram,NA,NA
/tangrams/437_400.png,tangram,NA,NA
/tangrams/130_84.png,tangram,NA,NA
/tangrams/164_60.png,tangram,NA,NA
/tangrams/308_154.png,tangram,NA,NA
/tangrams/308_400.png,tangram,NA,NA
/tangrams/193_144.png,tangram,NA,NA
/tangrams/87_400.png,tangram,NA,NA
/tangrams/418_378.png,tangram,NA,NA
/tangrams/32_353.png,tangram,NA,NA
/tangrams/451_112.png,tangram,NA,NA
/tangrams/416_453.png,tangram,NA,NA
/tangrams/7_466.png,tangram,NA,NA
/tangrams/127_303.png,tangram,NA,NA
/tangrams/163_268.png,tangram,NA,NA
/tangrams/188_310.png,tangram,NA,NA
/tangrams/400_23.png,tangram,NA,NA
/tangrams/15_351.png,tangram,NA,NA
/tangrams/282_290.png,tangram,NA,NA
/tangrams/413_375.png,tangram,NA,NA
/tangrams/409_18.png,tangram,NA,NA
/tangrams/345_165.png,tangram,NA,NA
/tangrams/313_440.png,tangram,NA,NA
/tangrams/345_18.png,tangram,NA,NA
/tangrams/78_448.png,tangram,NA,NA
/tangrams/266_18.png,tangram,NA,NA
/tangrams/190_440.png,tangram,NA,NA
/tangrams/345_159.png,tangram,NA,NA
/tangrams/266_159.png,tangram,NA,NA
/tangrams/409_165.png,tangram,NA,NA
/tangrams/78_147.png,tangram,NA,NA
/tangrams/127_55.png,tangram,NA,NA
/tangrams/409_159.png,tangram,NA,NA
/tangrams/127_159.png,tangram,NA,NA
/tangrams/409_55.png,tangram,NA,NA
/tangrams/417_448.png,tangram,NA,NA
/tangrams/345_55.png,tangram,NA,NA
/tangrams/127_18.png,tangram,NA,NA
/tangrams/127_165.png,tangram,NA,NA
/tangrams/417_440.png,tangram,NA,NA
/tangrams/107_0.png,tangram,NA,NA
/tangrams/107_162.png,tangram,NA,NA
/tangrams/297_453.png,tangram,NA,NA
/tangrams/12_290.png,tangram,NA,NA
/tangrams/23_453.png,tangram,NA,NA
/tangrams/12_453.png,tangram,NA,NA
/tangrams/23_290.png,tangram,NA,NA
/tangrams/23_0.png,tangram,NA,NA
/tangrams/107_453.png,tangram,NA,NA
/tangrams/297_162.png,tangram,NA,NA
/tangrams/107_290.png,tangram,NA,NA
/tangrams/297_0.png,tangram,NA,NA
/tangrams/178_175.png,tangram,NA,NA
/tangrams/49_146.png,tangram,NA,NA
/tangrams/25_454.png,tangram,NA,NA
/tangrams/256_444.png,tangram,NA,NA
/tangrams/434_264.png,tangram,NA,NA
/tangrams/277_182.png,tangram,NA,NA
/tangrams/128_200.png,tangram,NA,NA
/tangrams/432_445.png,tangram,NA,NA
/tangrams/315_393.png,tangram,NA,NA
/tangrams/469_366.png,tangram,NA,NA
/tangrams/419_22.png,tangram,NA,NA
/tangrams/118_154.png,tangram,NA,NA
/tangrams/118_223.png,tangram,NA,NA
/tangrams/46_154.png,tangram,NA,NA
/tangrams/166_223.png,tangram,NA,NA
/tangrams/156_223.png,tangram,NA,NA
/tangrams/46_223.png,tangram,NA,NA
/tangrams/156_92.png,tangram,NA,NA
/tangrams/166_92.png,tangram,NA,NA
/tangrams/166_333.png,tangram,NA,NA
/tangrams/118_92.png,tangram,NA,NA
/tangrams/156_154.png,tangram,NA,NA
/tangrams/189_266.png,tangram,NA,NA
/tangrams/150_87.png,tangram,NA,NA
/tangrams/369_265.png,tangram,NA,NA
/tangrams/335_143.png,tangram,NA,NA
/tangrams/94_162.png,tangram,NA,NA
/tangrams/129_437.png,tangram,NA,NA
/tangrams/66_249.png,tangram,NA,NA
/tangrams/252_168.png,tangram,NA,NA
/tangrams/416_419.png,tangram,NA,NA
/tangrams/316_207.png,tangram,NA,NA
/tangrams/103_79.png,tangram,NA,NA
/tangrams/237_464.png,tangram,NA,NA
/tangrams/226_156.png,tangram,NA,NA
/tangrams/226_464.png,tangram,NA,NA
/tangrams/204_50.png,tangram,NA,NA
/tangrams/371_373.png,tangram,NA,NA
/tangrams/237_156.png,tangram,NA,NA
/tangrams/371_464.png,tangram,NA,NA
/tangrams/371_156.png,tangram,NA,NA
/tangrams/204_156.png,tangram,NA,NA
/tangrams/371_50.png,tangram,NA,NA
/tangrams/226_373.png,tangram,NA,NA
/tangrams/433_270.png,tangram,NA,NA
/tangrams/138_341.png,tangram,NA,NA
/tangrams/32_341.png,tangram,NA,NA
/tangrams/0_326.png,tangram,NA,NA
/tangrams/138_442.png,tangram,NA,NA
/tangrams/112_290.png,tangram,NA,NA
/tangrams/253_448.png,tangram,NA,NA
/tangrams/219_343.png,tangram,NA,NA
/tangrams/32_442.png,tangram,NA,NA
/tangrams/370_143.png,tangram,NA,NA
/tangrams/43_394.png,tangram,NA,NA
/tangrams/88_40.png,tangram,NA,NA
/tangrams/108_48.png,tangram,NA,NA
/tangrams/138_408.png,tangram,NA,NA
/tangrams/140_148.png,tangram,NA,NA
/tangrams/32_408.png,tangram,NA,NA
/tangrams/454_290.png,tangram,NA,NA
/tangrams/454_408.png,tangram,NA,NA
/tangrams/180_73.png,tangram,NA,NA
/tangrams/69_417.png,tangram,NA,NA
/tangrams/54_286.png,tangram,NA,NA
/tangrams/112_442.png,tangram,NA,NA
/tangrams/454_341.png,tangram,NA,NA
/tangrams/138_290.png,tangram,NA,NA
/tangrams/82_385.png,tangram,NA,NA
/tangrams/241_123.png,tangram,NA,NA
/tangrams/360_5.png,tangram,NA,NA
/tangrams/453_277.png,tangram,NA,NA
/tangrams/241_277.png,tangram,NA,NA
/tangrams/372_5.png,tangram,NA,NA
/tangrams/241_385.png,tangram,NA,NA
/tangrams/354_277.png,tangram,NA,NA
/tangrams/354_123.png,tangram,NA,NA
/tangrams/426_348.png,tangram,NA,NA
/tangrams/360_341.png,tangram,NA,NA
/tangrams/372_348.png,tangram,NA,NA
/tangrams/453_385.png,tangram,NA,NA
/tangrams/340_341.png,tangram,NA,NA
/tangrams/241_56.png,tangram,NA,NA
/tangrams/426_341.png,tangram,NA,NA
/tangrams/360_348.png,tangram,NA,NA
/tangrams/340_348.png,tangram,NA,NA
/tangrams/362_339.png,tangram,NA,NA
/tangrams/169_236.png,tangram,NA,NA
/tangrams/232_397.png,tangram,NA,NA
/tangrams/309_310.png,tangram,NA,NA
/tangrams/39_171.png,tangram,NA,NA
/tangrams/124_94.png,tangram,NA,NA
/tangrams/428_0.png,tangram,NA,NA
/tangrams/450_131.png,tangram,NA,NA
/tangrams/26_111.png,tangram,NA,NA
/tangrams/264_111.png,tangram,NA,NA
/tangrams/388_159.png,tangram,NA,NA
/tangrams/185_422.png,tangram,NA,NA
/tangrams/135_137.png,tangram,NA,NA
/tangrams/201_73.png,tangram,NA,NA
/tangrams/214_168.png,tangram,NA,NA
/tangrams/129_51.png,tangram,NA,NA
/tangrams/166_341.png,tangram,NA,NA
/tangrams/161_8.png,tangram,NA,NA
/tangrams/261_93.png,tangram,NA,NA
/tangrams/407_206.png,tangram,NA,NA
/tangrams/114_203.png,tangram,NA,NA
/tangrams/23_52.png,tangram,NA,NA
/tangrams/231_153.png,tangram,NA,NA
/tangrams/196_314.png,tangram,NA,NA
/tangrams/67_317.png,tangram,NA,NA
/tangrams/64_367.png,tangram,NA,NA
basket_9,photograph,NA,basket_9.png
basket_3,photograph,NA,basket_3.png
basket_7,photograph,NA,basket_7.png
basket_5,photograph,NA,basket_5.png
basket_10,photograph,NA,basket_10.png
basket_1,photograph,NA,basket_1.png
basket_4,photograph,NA,basket_4.png
basket_6,photograph,NA,basket_6.png
basket_2,photograph,NA,basket_2.png
basket_8,photograph,NA,basket_8.png
dog_2,photograph,NA,dog_2.png
dog_8,photograph,NA,dog_8.png
dog_4,photograph,NA,dog_4.png
dog_10,photograph,NA,dog_10.png
dog_6,photograph,NA,dog_6.png
dog_3,photograph,NA,dog_3.png
dog_7,photograph,NA,dog_7.png
dog_1,photograph,NA,dog_1.png
dog_9,photograph,NA,dog_9.png
dog_5,photograph,NA,dog_5.png
image_101,line drawing,NA,NA
image_102,line drawing,NA,NA
image_103,line drawing,NA,NA
image_104,line drawing,NA,NA
image_105,line drawing,NA,NA
image_106,line drawing,NA,NA
image_107,line drawing,NA,NA
image_108,line drawing,NA,NA
image_109,line drawing,NA,NA
image_110,line drawing,NA,NA
image_111,line drawing,NA,NA
image_112,line drawing,NA,NA
image_113,line drawing,NA,NA
image_114,line drawing,NA,NA
image_115,line drawing,NA,NA
image_116,line drawing,NA,NA
image_201,line drawing,NA,NA
image_202,line drawing,NA,NA
image_203,line drawing,NA,NA
image_204,line drawing,NA,NA
image_205,line drawing,NA,NA
image_206,line drawing,NA,NA
image_207,line drawing,NA,NA
image_208,line drawing,NA,NA
image_209,line drawing,NA,NA
image_210,line drawing,NA,NA
image_211,line drawing,NA,NA
image_212,line drawing,NA,NA
image_213,line drawing,NA,NA
image_214,line drawing,NA,NA
image_215,line drawing,NA,NA
image_216,line drawing,NA,NA
image_301,line drawing,NA,NA
image_302,line drawing,NA,NA
image_303,line drawing,NA,NA
image_304,line drawing,NA,NA
image_305,line drawing,NA,NA
image_306,line drawing,NA,NA
image_307,line drawing,NA,NA
image_308,line drawing,NA,NA
image_309,line drawing,NA,NA
image_310,line drawing,NA,NA
image_311,line drawing,NA,NA
image_312,line drawing,NA,NA
image_313,line drawing,NA,NA
image_314,line drawing,NA,NA
image_315,line drawing,NA,NA
image_316,line drawing,NA,NA
image_401,line drawing,NA,NA
image_402,line drawing,NA,NA
image_403,line drawing,NA,NA
image_404,line drawing,NA,NA
image_405,line drawing,NA,NA
image_406,line drawing,NA,NA
image_407,line drawing,NA,NA
image_408,line drawing,NA,NA
image_409,line drawing,NA,NA
image_410,line drawing,NA,NA
image_411,line drawing,NA,NA
image_412,line drawing,NA,NA
image_413,line drawing,NA,NA
image_414,line drawing,NA,NA
image_415,line drawing,NA,NA
image_416,line drawing,NA,NA
image_501,line drawing,NA,NA
image_502,line drawing,NA,NA
image_503,line drawing,NA,NA
image_504,line drawing,NA,NA
image_505,line drawing,NA,NA
image_506,line drawing,NA,NA
image_507,line drawing,NA,NA
image_508,line drawing,NA,NA
image_509,line drawing,NA,NA
image_510,line drawing,NA,NA
image_511,line drawing,NA,NA
image_512,line drawing,NA,NA
image_513,line drawing,NA,NA
image_514,line drawing,NA,NA
image_515,line drawing,NA,NA
image_516,line drawing,NA,NA
image_601,line drawing,NA,NA
image_602,line drawing,NA,NA
image_603,line drawing,NA,NA
image_604,line drawing,NA,NA
image_605,line drawing,NA,NA
image_606,line drawing,NA,NA
image_607,line drawing,NA,NA
image_608,line drawing,NA,NA
image_609,line drawing,NA,NA
image_610,line drawing,NA,NA
image_611,line drawing,NA,NA
image_612,line drawing,NA,NA
image_613,line drawing,NA,NA
image_614,line drawing,NA,NA
image_615,line drawing,NA,NA
image_616,line drawing,NA,NA
image_701,line drawing,NA,NA
image_702,line drawing,NA,NA
image_703,line drawing,NA,NA
image_704,line drawing,NA,NA
image_705,line drawing,NA,NA
image_706,line drawing,NA,NA
image_707,line drawing,NA,NA
image_708,line drawing,NA,NA
image_709,line drawing,NA,NA
image_710,line drawing,NA,NA
image_711,line drawing,NA,NA
image_712,line drawing,NA,NA
image_713,line drawing,NA,NA
image_714,line drawing,NA,NA
image_715,line drawing,NA,NA
image_716,line drawing,NA,NA
image_801,line drawing,NA,NA
image_802,line drawing,NA,NA
image_803,line drawing,NA,NA
image_804,line drawing,NA,NA
image_805,line drawing,NA,NA
image_806,line drawing,NA,NA
image_807,line drawing,NA,NA
image_808,line drawing,NA,NA
image_809,line drawing,NA,NA
image_810,line drawing,NA,NA
image_811,line drawing,NA,NA
image_812,line drawing,NA,NA
image_813,line drawing,NA,NA
image_814,line drawing,NA,NA
image_815,line drawing,NA,NA
image_816,line drawing,NA,NA
