game,grid,targetPosition,chitchat,role,message
2,0,1,x,E, Do I talk now?
2,0,1,x,E,Okay.
2,0,1,x,E,"Oh, okay."
2,0,1,x,E,Yeah.
2,0,1,,D,"So this one is, it looks like a dude riding a, like an animal and the animal that the animal is facing to the left and the person's head is a square."
2,0,1,,D, and the the tail of the animal okay this one looks kind of like a bunny rabbit like two triangles on the top of his head and it's like the guy the bunny rabbit is like the bunny rabbit's body is a triangle
2,0,2,,D," Okay, this one looks like a priest who has his hands out pointed to the left."
2,0,3,,D,His head is a square.
2,0,3,,D,"Okay, this one is like a bulkier priest and his like a little stubby arm pointing to the right and it's a triangle."
2,0,4,,D," And his head is a square, and the foot..."
2,0,4,,D,"Okay, this one looks like an animal."
2,0,5,,D,"His head is a parallelogram, and it's pointing to the left."
2,0,5,,D,It has two legs.
2,0,5,,D," Okay, this one..."
2,0,6,,D,This one looks like an upside down Y.
2,0,6,,D,And the top is a square.
2,0,6,,D,The bottom...
2,0,7,x,D,"Okay, this one... Looks like... Just like..."
2,0,7,x,D, uh an oval blob with a square on top and like a tiny thing jutting out on the bottom right side um like looks like a like a like like the thick priest but like there's a little triangle
2,0,8,,D," Okay, this one has a triangle for the base, but then at the bottom right corner of the triangle is another upside down triangle."
2,0,8,,D,And the top is a square.
2,0,8,,D,"And on the left and right side, there's like two more shapes jutting out."
2,0,9,,D," Okay, this one looks like a scuba diver and the little flipper leg, the flipper feet are two triangles at the bottom and the scuba dive, yeah."
2,0,10,,D,"Okay, this one is like, it's very simple."
2,0,10,,D,It's just a parallelogram and then there's
2,0,10,,D, like a line coming down on the left side.
2,0,11,,D,"This one looks like, if you think of like a monk with like their robes, they're like, he's like standing and he's facing to the left and he's lifting one of his legs up."
2,0,11,,D, His head is a square.
2,0,11,,D,The feet are little triangles.
2,0,11,,D,"Another way to think of it is, oh, nice."
2,0,12,x,D," Okay, this one is just kind of like a line of shapes going from the top left to the bottom right."
2,0,12,,D,"It starts with like a triangle, then a trapezoid, then a parallelogram, and then a triangle."
2,0,13,,D,"This one reminds me of someone doing a handstand, like there's a square on the bottom."
2,0,13,,D, that I think is the head.
2,0,13,,D,And then the top is just a small triangle.
2,0,13,,D,"And then there's a big triangle at the bottom, at the very bottom."
2,0,13,,D,And the square is kind of like a quarter of the way up from the bottom of the picture.
2,0,13,,D, The top is like a tiny triangle.
2,0,14,,D,"Okay, this one reminds me of someone praying."
2,0,14,,D,The bottom is a parallelogram and they're kneeling towards the right.
2,0,14,,D,The bottom is a parallelogram.
2,0,15,,D," Okay, this one is like a scorpion."
2,0,15,,D,It has like a square and then two triangle arms and a tail going down to the right.
2,0,15,,D,"The bottom right, like the tail part is a parallelogram."
2,0,15,,D,"And there's like, there's a triangle"
2,0,15,,D," at the top that has like two triangles next to it, kind of making three points, kind of like a crown."
2,0,16,,D,"This is someone sitting down, their feet are pointed towards the left and their head is tilted down a little bit."
2,0,17,,D," Okay, this one is a rectangle slanted pointing from the top left to the bottom right."
2,0,17,,D,And then there's like shapes attached to it.
2,0,17,,D,
2,0,17,,D,So there's a triangle on like the bottom side.
2,0,18,,D,This one is a house and there's a rectangle on the right side sticking up.
2,0,19,,D, This one has a square on the top and then like two triangles pointed out from the sides
2,0,19,,D,but the triangle on the right is like detached from the main body and then the bottom is like a bunch of shapes.
2,0,20,,D," Okay, this one looks like the animal from before, but its head is a triangle."
2,0,20,,D,And its front legs are bigger than the back legs.
2,0,20,,D,And it has a parallelogram tail.
2,0,21,,D,This one reminds me of an ostrich.
2,0,21,,D,"Its head is pointed to the right, and it has two triangle feet at the bottom."
2,0,21,,D,Looks like a swan or something.
2,0,22,,D, This one reminds me of a person dancing kind of.
2,0,22,,D,There's a rectangle at the base kind of going up and down.
2,0,22,,D,And then there's a triangle on the right.
2,0,22,,D,"And then on the left side of the rectangle is a square and two more triangles, like the person's arms."
2,0,22,x,D,They're doing like a thingy.
2,0,23,,D," This one is a symmetrical object, square on the top, looks like a spaceship on the bottom."
2,0,24,,D,"Okay, this one also symmetrical."
2,0,24,,D,This one is two diamonds on top of each other with a square on top.
2,0,25,,D," Okay, this one is like the person praying."
2,0,25,x,M,Oh.
2,0,25,x,M,Oops.
2,0,26,,D,"Okay, this one, this one is, um, this one is a little complicated."
2,0,26,,D,There's a square on the top.
2,0,26,x,D,Um.
2,0,26,,D, And then at the bottom there's a parallelogram on the right and then kind of like a hook shape on the left made by like a triangle and a rectangle.
2,0,26,,D,It reminds me of like a can opener at the bottom.
2,0,27,,D," Okay, this is a house, but the rectangle is on the left side and there's an arrow at the top."
2,0,28,,D,"Okay, this one is there's a square at the top and then towards the right side and then a triangle on the left side upside down."
2,0,28,,D, And then there's like a big rectangle type thing slanted from the top right to the bottom left.
2,0,29,,D,"Okay, this one reminds me of a pillar or some type of tower."
2,0,29,,D,There's a rectangular base with like a triangle thing.
2,0,29,,M,"Oh, is that what it is?"
2,0,29,x,D,"Hey, hey, hey, hey."
2,0,30,,D, This one is like a person with their arms up.
2,0,30,,D,"There's a triangle on the top and then two, the main body is a big parallelogram and they have their hands, their arms up."
2,0,31,,D,"Okay, this one looks like another person riding an animal."
2,0,31,,D,The animal is facing the left.
2,0,31,,D, The person has a square head.
2,0,31,,D,The animal has a triangle head and a triangle tail.
2,0,32,,D,"Okay, this one has a square at the top and then also a triangle at the top on the right side, which is kind of detached."
2,0,32,,D, and then on towards the middle on the right side there's another detached triangle and the bottom left is a parallelogram it's kind of a weird shape
2,0,33,,D," Okay, this one reminds me of a totem pole."
2,0,33,,D,"It's just a pole and then two triangles stuck on the side, or two trapezoids stuck on the side."
2,0,34,,D,This one is someone diving down into water.
2,0,34,,D,"The top is two triangles, and then the"
2,0,34,,D, bottom is like a square head and two arm-like things.
2,0,35,,D,"Okay, this is rectangle at the bottom and then skinny rectangle going up on the left with a triangle on top."
2,0,36,,D," This one is just a symmetrical upside down trapezoid with two parallelograms on either side, kind of pointing inwards."
2,0,36,x,E,Sway.
2,0,36,x,E," I made a little oopsie in the middle, but that's okay."
2,0,36,x,E,Trigger happy.
2,0,36,,E,Great.
2,0,36,,E,Sounds good.
2,0,36,,E,Thank you.
2,0,36,,E,Yep.
2,1,1,x,D,"Hi, Tommy."
2,1,1,,D,"Okay, so it's like a horse, like, kneeling back."
2,1,1,,D,"Okay, a little diagram on the right."
2,1,1,,D,Bottom left corner.
2,1,1,,D,"The square is, like, in the middle up."
2,1,1,,D,"And then there's, like, two triangles separated that are, like, kneeling back."
2,1,1,,D,It's like a horse neighing.
2,1,1,,D,"Reigning, it's, like, on two hooves up in the air."
2,1,1,,D,"It's, like, two separate triangles."
2,1,1,,D,"One in the right- upper right corner, one in the lower right corner as well."
2,1,1,,D,"Trapezoid with a parallelogram of the body, with like, a rectangle going up."
2,1,1,x,M,No... Oh no...
2,1,1,x,M,I'll do better.
2,1,2,,D,"Okay, this is like a toilet."
2,1,2,,D,"Um, with like a square on the top, a diamond on the top."
2,1,2,,D,um like the seat is pointed to the left and there's like a little triangle like many triangles sticking out from the right side the base has like a rectangle with two triangles one small 
2,1,3,,D,um this is someone trying to do the splits upside down why
2,1,4,,D,"This one's the, uh, let's say a music note."
2,1,4,,D,"Square on the bottom, like a big rectangle on the bottom, and then a pole going up with a triangle on the very top."
2,1,5,,D,House with a rectangle on the right.
2,1,5,,D,Long rectangle on the right.
2,1,6,,D,"Okay, person with his arms out for triangles with the one on the right is attached, but the one on the left is still attached."
2,1,6,,D,"Square head, like two triangles sticking out from the sides, one is attached, the one on the right is attached, the one on the left is still intact."
2,1,6,,D,"Okay, and then the other one is..."
2,1,7,,D,This one is like a blob of person.
2,1,7,,D,It's a blob with a head.
2,1,7,,D,"With a square head, but the body's just one blob."
2,1,7,,D,"Like, one oval-y, oval-y blob."
2,1,7,x,D,"But, like, not..."
2,1,7,,D,"But, like, a triangle on the very right bottom."
2,1,7,x,M,Yeah.
2,1,7,x,D,Okay.
2,1,8,,D,"This one is, it's like the blob like we saw just now, except now there's a triangle on the very top and the bottom."
2,1,8,x,M,"Um, yeah."
2,1,9,,D,"Uh, horse riding."
2,1,9,,D,Riding a horse.
2,1,9,,D,Or riding an animal.
2,1,10,,D,Spaceship.
2,1,10,,D,Triangle on the right and the left and then triangle going up with a connection to a diamond at the very top.
2,1,10,,D,Very symmetrical.
2,1,10,,D,Very pleasing to look at.
2,1,11,,D,Handstand.
2,1,11,,D,The two feet are like very small triangles at the very top.
2,1,11,,D,"Uh, someone on like one hand."
2,1,11,,D,One parallelogram of the hand.
2,1,12,,D,Scuba diver.
2,1,12,,D,Two tiny little triangle feet.
2,1,13,,D,"Um, Scorpion."
2,1,13,,D,The three triangles at the very top with the parallel logo.
2,1,14,,D,"Um, someone, like the priest praying, like not praying, the one that's like extending his hands out to like give, like, yeah."
2,1,15,,D,Ice skater.
2,1,15,,D,"Um, foot is on the, point to the left."
2,1,15,,D,"Foot is on the, yeah, one foot is up in the air and then they're like two arms or triangles point to the left."
2,1,15,x,M,Yeah.
2,1,16,,D,"Okay, this one is the trapezoid in the bottom and then parallelogram stuck towards the middle."
2,1,17,,D,It's sort of a really weird shape.
2,1,17,,D,"Triangle at the top, triangle at the top left corner, triangle at the top right bottom."
2,1,17,,D,"I mean, bottom right corner."
2,1,17,,D,"And then in the middle, they're like a trapezoid and a parallelogram."
2,1,17,,M,"Trapezoid on the top, parallelogram on the bottom right."
2,1,17,,D,"Bottom right, parallelogram with a triangle."
2,1,17,,D,"Top left, trapezoid with a triangle."
2,1,17,,D,Goes from top left to bottom right.
2,1,17,,D,It's like a string of stinky little patterns.
2,1,17,,M,Top right.
2,1,17,,D,There's nothing in top right or bottom left.
2,1,17,,M,Top left.
2,1,17,x,D,Yeah.
2,1,18,,D,"Okay, and then this dancer with a, like, with a"
2,1,18,,D,triangle two triangles for feet uh one triangle is facing to the right one triangle facing down and then there's another triangle on the top that's like facing to the right with a trap yeah
2,1,18,x,M,Right.
2,1,18,x,D,Yeah.
2,2,1,,D,"Okay, this is the weird string of, uh, shapes going from the..."
2,2,2,,D,"Okay, priest with the arms open to the left."
2,2,2,x,M,Uh...
2,2,3,,D,Scorpion.
2,2,3,,D,Three points at the top.
2,2,4,,D,This one is upside down trapezoid.
2,2,4,,D,Two parallelograms.
2,2,5,,D,"Okay, this one is, the top is a square, and then the rest looks like a pillar, like the trapezoid base, a little thing sticking out on the right."
2,2,5,,D,"The base is like a rectangle, and then the, it's like a, like,"
2,2,5,,D,"a triangle at the, or like, trapezoid shape at the bottom, and then upside down trapezoid halfway through, and then a little pointy triangle nub on the right."
2,2,5,x,M,Okay.
2,2,5,x,M,I don't have time.
2,2,6,,D,"Ice skater, triangle, foot pointing out to the right, the two arms out."
2,2,7,,D,This one is like thick person with the two triangles pointing to the right with a square head.
2,2,7,,D,Like the foot is a triangle and then the arm is a triangle pointing to the right.
2,2,8,,D,House rectangle up on the right side.
2,2,9,,D,Person doing the splits.
2,2,9,,D,Square head.
2,2,9,,D,Trapezoid.
2,2,10,,D,This is a weird shape with the person with the arms and like the triangle on the right is not attached.
2,2,10,,D,And the triangle on the left is attached.
2,2,11,,D,Person riding a horse.
2,2,12,,D,"Oh, this is what you said the horse neighing was."
2,2,12,,D,The two triangles pointing to the right.
2,2,13,,D,um this is like the dancer what i said was a can opener at the bottom like two triangle legs 
2,2,14,,D,uh scuba diver going up
2,2,15,,D,spaceship satisfying 
2,2,16,,D,um this is the oval blob person with little triangles sticking out on the right bottom right
2,2,17,,D,"This is the rectangle face with the skinny rectangle on the left side, triangle on the top."
2,2,18,,D,"Handstand person, two triangles at the top."
2,2,18,x,M,Good.
2,2,18,x,D,Yeah.
2,2,18,x,M,Okay.
2,3,1,,D,"Okay, it's a dancer with a can opener leg."
2,3,2,,D,It's the person blob with the triangle- one triangle facing to the right.
2,3,3,,D,Satisfying
2,3,4,,D,Right arm detached and left arm attached.
2,3,5,,D,"A big rectangle, little rectangle, and little triangle to the left."
2,3,6,,D,Music note.
2,3,7,,D,scuba diver.
2,3,8,,D,Ice skater.
2,3,9,,D,Maying.
2,3,9,,D,Horse maying.
2,3,10,,D,Splits.
2,3,11,,D,Upside down line.
2,3,11,,D,Handstand.
2,3,12,,D,house rectangle on the right 
2,3,13,,D,a weird weird shape triangle on the top triangle on the bottom right as well top left to top bottom right weird shapes throughout trapozoid and the
2,3,13,x,M,Yeah.
2,3,14,,D,"Okay, the chunky dude with the two triangles facing to the right."
2,3,15,,D,"Priest, holding hands out."
2,3,16,,D,Then trapezoid upside down with parallelogram facing north.
2,3,17,,D,Bathroom.
2,3,17,,D,Toilet.
2,3,17,x,D,With the... Yeah.
2,3,18,,D,Scorpion.
2,3,18,x,M,Hey!
2,3,18,x,M,Nice.
2,3,18,x,D,Sounds good.
2,3,18,x,M,Thank you
2,4,1,,D,Horsey.
2,4,1,,D,Riding a horsey.
2,4,1,,D,Person riding a horsey.
2,4,2,,D,Patient.
2,4,3,,D,Handstand person.
2,4,3,,D,Two triangles on the top.
2,4,4,,D,Scorpion.
2,4,5,,D,Toilet.
2,4,6,,D,Upside down trapezoid.
2,4,6,,D,Two parallelograms.
2,4,7,,D,Ice skater.
2,4,8,,D,Triangle of right.
2,4,8,,D,Weird shape.
2,4,8,,D,Detached triangle on the right.
2,4,8,,D,Square head.
2,4,8,,D,Arms out.
2,4,9,,D,"Dancer, can opener bottom."
2,4,10,,D,Scuba diver.
2,4,11,,D,"Um, oval blob person, triangle bottom right."
2,4,12,,D,"Thick person, two triangles pointing to the right."
2,4,13,,D,House rectangle on the right.
2,4,14,,D,Music note.
2,4,15,,D,Person doing splits.
2,4,16,,D,Weird line of shapes.
2,4,17,,D,Horse neighing.
2,4,18,,D,"Priest, arms out to the left."
2,4,18,x,M,Woo!
2,4,18,x,D,Nice.
2,4,18,x,M,Yes.
2,5,1,,D,Scorpion.
2,5,2,,D,Dancer with the can opener.
2,5,3,,D,We'll try and go to the right.
2,5,5,,D,priest
2,5,6,,D,riding horse
2,5,7,,D,ice skating
2,5,9,,D,Detach right arm and attach left arm.
2,5,10,,D,Music note.
2,5,11,,D,handstand
2,5,12,,D,"Uh, Chunky Man."
2,5,13,,D,Splits.
2,5,15,,D,Weird shapes in a line.
2,5,16,,D,Spaceship.
2,5,17,,D,House.
2,5,18,,D,Scuba diver.
2,5,18,x,M,Sounds good.
2,6,1,,D,"Uh, can opener, dancer."
2,6,2,,D,Detached right arm.
2,6,3,,D,"Uh, oval blob, one right triangle, bottom right."
2,6,4,,D,Scorpion.
2,6,5,x,M,Oh!
2,6,5,,M,"Oh, man!"
2,6,5,,D,Chunky guy.
2,6,5,,D,Chunky guy.
2,6,5,,D,Thick guy.
2,6,5,,D,To the right.
2,6,6,,D,Handstand guy.
2,6,7,,D,Toilet.
2,6,8,,D,"Uh, splits."
2,6,8,,D,Upside down triangle.
2,6,9,,D,Priest arms wide to the left.
2,6,10,,D,Upside down trapezoid.
2,6,11,,D,Weird shapes in a line.
2,6,12,,D,Scuba diving.
2,6,13,,D,Music note.
2,6,14,,D,Ice skater.
2,6,15,,D,Riding horse.
2,6,16,,D,Spaceship.
2,6,17,,D,Horse name.
2,6,18,,D,House.
2,6,18,x,M,Woo!
2,6,18,x,D,Yay.
2,6,18,x,M,Yay.
2,6,18,x,D,Woo!
2,6,18,x,D,Let's go
2,7,1,,D," Okay, this one is kind of the logo on the very top, and then it's like a small skinny thing going down, and then in the very right, and then going to the right is like a square."
2,7,1,x,M,Yeah.
2,7,2,,D," Uh, this is like an animal with the front triangle bigger than the back triangle."
2,7,2,,D,"Like, front foot is bigger than the back foot."
2,7,2,x,M,Yeah.
2,7,2,x,D,Nice.
2,7,3,,D,"Okay, this is an upset dantrapazoid."
2,7,4,,D," Okay, this is two diamonds with a square on the top."
2,7,4,x,D,I'll hit country.
2,7,5,,D,spaceship
2,7,6,,D," Okay, other animal."
2,7,6,,D,Pellegrin for one of the front foot.
2,7,7,,D,House with a triangle to the left.
2,7,8,,D," Chunky man, chunky man with the two legs, two feet, two triangles."
2,7,9,,D,"Someone with two hands, two arms in the air."
2,7,9,,D,Parallelogram of the body.
2,7,10,,D," Um, person riding a horse."
2,7,10,,D,Because it's more like a dog.
2,7,10,,D,It's a little child riding a dog.
2,7,11,,D,Handstand.
2,7,12,,D, Dancer with the can opener.
2,7,13,,D,Cleared shapes going into line from the top left to the bottom right.
2,7,14,,D, Music note.
2,7,15,,D,"Oh, totem pole."
2,7,15,,M,Weird totem pole.
2,7,15,x,D,"Yeah, there you go."
2,7,16,,D," A person, like, sitting down in, like, a crouch position."
2,7,16,,M,Depresso Espresso.
2,7,17,,D,Splits.
2,7,18,,D,Creep.
2,7,19,,D, Scorpion.
2,7,20,,D,Blob with the triangle two into the right.
2,7,21,,D,okay this is like a rectangle going from the top left to the bottom right and then there's a triangle coming
2,7,21,x,M,yeah
2,7,22,,D,okay this one's a flamingo or swan
2,7,23,,D," Okay, person, like zombie kind of guy, one foot on the floor, one foot going to the left."
2,7,24,,D,"Okay, kneeling to the right with like a triangle outstretched and then a triangle, like two triangles to the right."
2,7,24,,D," Um, and like they're like kneeling, but then there's like a blob in the very bottom."
2,7,24,,D,It's like a triangle with a right- right angle on the bottom left.
2,7,24,x,M,Yeah.
2,7,25,,D,Toilet.
2,7,26,,D,horse neighing
2,7,27,,D,bunny bunny ears triangle body nice
2,7,28,,D,Ice skating
2,7,29,,D,Scuba diver
2,7,30,,D," Okay, this one is weird."
2,7,30,,D,Triangle with the right angle to the right.
2,7,30,,D,And then another triangle on top of that with a rectangle on top of that.
2,7,30,,D,And then another triangle on top of that with the right angle on the left.
2,7,30,,D,"And then a tiny little triangle on the... Oh, sorry."
2,7,30,x,D,That was a bad description.
2,7,31,,D,"Right arm detached, left arm attached."
2,7,32,,D, um the whole the like triangle like giving hands out to the right but then this time the parallelogram on the bottom instead of a triangle
2,7,33,,D," And this is like a floating person going to the sky with a triangle, upside down triangle on his butt."
2,7,33,,D,"And then a head, the square head."
2,7,33,,D,And then a rectangular body going from the bottom left corner to the upper right corner.
2,7,33,,M,Triangle.
2,7,33,x,D,Yeah.
2,7,34,,D, Riding horse.
2,7,35,x,D,How's our Kingo on the right?
2,7,36,,D,"Okay, this is like..."
2,7,36,,D, An upside down triangle on the bottom right corner.
2,7,36,,D,And then on top of that is another triangle.
2,7,36,x,E,"And then, yay."
2,7,36,x,E, Sounds good.
2,7,36,x,E,Thank you.
3,0,1,,D,his back is straight like a straight 90 degree angle
3,0,1,,M,is there like a square on the top that's his head diagonal almost the square
3,0,1,,D,it's like a perfect diamond head
3,0,1,,M,his one arm sticking out to the right
3,0,1,,D,yes
3,0,1,x,M, Okay.
3,0,2,,D,"It looks like another person who's, like, running really fast and pointing at somebody, but he's pointing to the left."
3,0,2,x,E,"Um, okay, wait, how do I go down with the buttons?"
3,0,2,x,E,"Ooh, I don't know."
3,0,2,x,E,What if I wanna go down?
3,0,2,x,E," I know left is one, right is two."
3,0,2,x,E,"Yeah, okay."
3,0,2,x,E,Select is three.
3,0,2,x,E,"Try four, maybe."
3,0,2,x,E,They said there's no down button.
3,0,2,x,E,Okay.
3,0,2,,D,Um... Um... His head's also a perfect diamond.
3,0,2,x,M,"Oh, oh, I see, I see."
3,0,2,x,M,"Okay, okay."
3,0,2,x,M,"Yeah, that's it."
3,0,2,x,M,Okay.
3,0,2,x,M,Okay.
3,0,3,,D," This one is like, it looks like a dog maybe?"
3,0,3,,D,And his tail is sticking straight out.
3,0,3,,D,He's looking to the left.
3,0,3,,M,Does he kind of look like a horse also?
3,0,3,,D,"Yeah, like a horse dog."
3,0,3,x,M,Okay.
3,0,3,x,M,Yay.
3,0,3,x,M,Okay.
3,0,4,,D," It's like, kind of like a crab, but like, I don't know, the top has three triangles, and then he's got like, one really long wag."
3,0,4,,D,It's weird.
3,0,4,,M,Does it kind of look like a flower?
3,0,4,,D,"Yes, it does."
3,0,4,,D,"But like, a flower with three petals."
3,0,4,,M,"Yeah, like a creepy flower."
3,0,4,x,D,Yeah.
3,0,4,x,M,Yeah.
3,0,5,,D, um this one is has like the biggest trapezoid out of all of them is it also kind of look like a crab yeah perfect um
3,0,5,x,D, This one...
3,0,6,,D,I would say looks like a snowman.
3,0,6,,D,Or a grenade.
3,0,6,,D,A snowman or a grenade?
3,0,6,,D,"Um... Like, it's got, like, two squares as, like, the snowman balls, and a square head."
3,0,6,x,M,"Oh, I see that."
3,0,6,x,D,Perfect.
3,0,7,,D," Okay, so if you were to take any one of these and wear it as a fake mustache, it would be the most convincing fake mustache."
3,0,7,,M,Most what mustache?
3,0,7,,D,"Like a fake mustache, like one of those you buy at like Party City and you wear it."
3,0,7,,D,It's like long and thin and
3,0,7,,D," They kind of look like sunglasses, maybe."
3,0,7,x,M,"Oh, wait."
3,0,7,x,M,"Okay, there's one that kind of might look like this."
3,0,7,x,D,"Yeah, you got it, you got it."
3,0,8,,D,"Okay, this one looks like an apostrophe."
3,0,8,,D,"Like a... Oh, or like a music note."
3,0,8,,D," No, no, no, not that one."
3,0,8,,D,"Like, uh, maybe a boomerang?"
3,0,8,,D,"Um, it's not the music note."
3,0,8,x,D,"Oh, oh, oh."
3,0,8,x,D,Um...
3,0,8,,D,"It's like a... Like, you could hold it."
3,0,8,,M,"Like, it looks like a... Like, like a gun, maybe?"
3,0,8,x,D,"Yeah, yeah, yeah."
3,0,8,x,D,"Yeah, you got it."
3,0,8,x,D,Okay.
3,0,9,,D,This one looks like a person.
3,0,9,,D," and he has, um, his two arms are like in the air and he's like, why me?"
3,0,9,,M,"Is this, does it kind of look like an angel?"
3,0,9,,D,Yes.
3,0,9,,M,Why me?
3,0,9,x,D,"Yeah, you got it."
3,0,9,x,D, Okay.
3,0,10,,D,This guy is the only one with a triangle head.
3,0,10,,D,"Looks like a person, kind of."
3,0,10,,D,"He's, like, maybe reading a book."
3,0,10,x,M,"Oh, I see that."
3,0,10,,M,"Like, bending over and reading a book."
3,0,10,x,D,Yeah.
3,0,10,x,D,"Alright, you got it."
3,0,11,,D," Alright, this is, it looks like a person riding like a horse, or a chihuahua."
3,0,11,,M,Is it a really tiny person?
3,0,11,,D,"It's a person, yeah, it's like a, he's got a little square head and a..."
3,0,11,,M,The person's only like two shapes?
3,0,11,,D,He's on like an animal though.
3,0,11,x,D,"Yeah, you got it."
3,0,11,x,D,"Yeah, yeah, yeah, yeah."
3,0,12,,D," Okay, so this is a person, he looks like a person, and he's holding, like, a really smelly towel and turning his head the other way with one leg in the air."
3,0,12,,D,"Like... Like, he just, like, cleaned something, and the towel smells, and he's like, uh, get this out of my face."
3,0,12,,D,Creep.
3,0,12,x,M, Um...
3,0,12,x,D,He's got...
3,0,12,,D,He looks like he has two legs.
3,0,12,,D,"And one of it's, like, tilted in the air."
3,0,12,x,M,Um...
3,0,12,x,D,He's got... Ooh.
3,0,12,x,M,"Is it, like..."
3,0,12,x,D,"He's got... Oh, no."
3,0,12,x,D,"Oh, no."
3,0,12,x,D,Okay.
3,0,12,x,D,He did not get that one.
3,0,12,x,D,But we'll get the next... We've been on a good streak here.
3,0,12,x,D,Okay.
3,0,12,x,D,This one...
3,0,13,,D," It kind of looks like the letter C, like tilted."
3,0,13,x,M,"Oh, does it?"
3,0,13,,D,"Yeah, it almost looks like a TV stand."
3,0,13,,D,"Sure, yeah, it's got like a spear heading out of it."
3,0,13,,D,I don't know how to pronounce it.
3,0,13,,D,"Like half of an arrow, and then the letter C. Yeah, yeah, yeah, okay."
3,0,13,x,D,"Yeah, you got it."
3,0,13,x,D, Okay.
3,0,14,,D,"So this is another person riding like an animal, but instead of..."
3,0,14,,D,"It's a different one, though."
3,0,14,,M,"Like, it's the... Is it still a square head?"
3,0,14,,D,"Square head, but he's, like, looking down."
3,0,14,,D,"He's, like, running... Yeah, yeah."
3,0,14,x,D,Yeah.
3,0,14,,D,He's not happy.
3,0,14,,D,He's not enjoying the ride.
3,0,14,x,D,No.
3,0,14,x,D,You got it.
3,0,14,x,D,You got it.
3,0,14,x,D,Okay.
3,0,14,x,D,This guy...
3,0,15,,D," He's, like, squatting with his, like, hands cuffed in front of him."
3,0,15,,D,"Maybe he's, like, begging."
3,0,15,,M,Does he have a square head?
3,0,15,,D,"He does, but it's, like, a diamond."
3,0,15,,D,Yeah.
3,0,15,,M,"Is his hands, like, a triangle jutting out?"
3,0,15,,D,"Yes, to the right, yeah."
3,0,15,x,D,Yeah.
3,0,15,x,D,You got it.
3,0,15,x,D, Okay.
3,0,15,x,D,Um...
3,0,15,x,D,So...
3,0,16,,D,"I would say it looks like another human, like another person."
3,0,16,x,D,Um... Who's...
3,0,16,,D,There's like one with like a weird upside-down triangle on the bottom.
3,0,16,,M, Does it kind of look like it's running in different directions?
3,0,16,,D,"Yeah, it's like arms are maybe crossed."
3,0,16,x,D,"Yeah, you got it."
3,0,16,x,D,Okay.
3,0,17,,D,"You know, this one's a tough one."
3,0,17,x,D,This one...
3,0,17,x,D,I would say...
3,0,17,,D," Maybe it looks like a person who's, like, vacuuming."
3,0,17,,D,"He's got, like, a square head, but it's somewhat tilted, but it's not a diamond, and it's not perfectly square."
3,0,17,,D,"He's got, like, a little..."
3,0,17,,M,Does it look like he's wearing a top hat?
3,0,17,x,D,"Oh, wait, no."
3,0,17,,D,"No, he's got a little triangle tail."
3,0,17,,D,The one with the tail that looks like a triangle.
3,0,17,,D,"And he's, like, looking left, maybe."
3,0,17,,D," Not looking right, but left."
3,0,17,x,D,What?
3,0,17,x,D,"Oh, that one."
3,0,18,,D,It's the house with the tree.
3,0,18,x,M,"Oh, okay."
3,0,18,x,D,"Oh, you got it."
3,0,18,x,D, Okay.
3,0,19,x,D,This one...
3,0,19,x,D,It's...
3,0,19,,D,"So, like, it's really tall."
3,0,19,x,D,It's not a...
3,0,19,,D,It doesn't look like a person or an animal.
3,0,19,,D,"It's tall, and it's got a square perfectly balancing on one of its corners."
3,0,19,x,D,"Like, the tip is... Yeah, you got it."
3,0,20,,D," Okay, it's the top hat, man."
3,0,20,x,D,Yeah.
3,0,21,,D,"Okay, this dude's just, like, chillin'."
3,0,21,,D,He's sittin' down.
3,0,21,,D,"He's, like, our legs now."
3,0,21,,D,"They're, like, they're kinda bent."
3,0,21,,M," Is this the one where, like, is there a triangle, like, an upside-down triangle resting, or is it, like, two wing triangles?"
3,0,21,x,D,Oh.
3,0,21,,D,I don't think either.
3,0,21,,D,"He's, like, sitting down, pondering life, looking at the sky."
3,0,21,,D,He's looking left.
3,0,21,,M,"Oh, like, under a tree?"
3,0,21,,D,"No, he's just, like, vibing."
3,0,21,,D,It's a dude sitting down.
3,0,21,,M, Is this anyone that's just like sitting on his butt?
3,0,21,x,D,"Yeah, you got it."
3,0,22,,D,"Alright, this is the house with the chimney on it."
3,0,22,x,D,"Oh yeah, you got it."
3,0,22,x,D," Uh, okay."
3,0,23,,D,"This one's like, it looks like a person, um, he's got like, okay, um, his arms are triangles, but like there's a weird gap in the middle of his torso."
3,0,23,x,D,"Yeah, you got it."
3,0,24,,D," Alright, this one's like a swan taking a shit."
3,0,24,,M,A swan?
3,0,24,,D,He's like... A ribby goose.
3,0,24,,D,"But like, it looks like a bird head."
3,0,24,x,M,"Oh, oh, I got it."
3,0,24,x,D,Okay.
3,0,24,x,D,"Alright, yeah, you got it."
3,0,24,x,D,Alright.
3,0,25,,D," This is a guy, and he looks like he's playing karate."
3,0,25,,D,"He's like, wapow."
3,0,25,,D,"And he's like, his arm's sticking to the right."
3,0,25,,D,His front leg is out.
3,0,25,,D,"I don't know, he's like..."
3,0,25,,M,"Does his front leg, like, turn back?"
3,0,25,,D,"Yes, but it's like, inward for some reason."
3,0,25,,M,Yeah.
3,0,25,,D,"Like, he's like, bending forward."
3,0,25,x,M,Yeah.
3,0,25,x,D,Yeah.
3,0,26,,D," Okay, this one looks like a strip of barbed wire."
3,0,26,,D,Like you'd get cut if you rub your fingers against it.
3,0,26,,D,Or it looks like a fancy knife.
3,0,26,x,D,"Like a... Yeah, I would say like... Yeah, you got it."
3,0,27,,D,"Alright, this is a person who looks like they're on their knees."
3,0,27,,D," With their hands out backing, maybe."
3,0,27,,D,"Oh, there's two of these."
3,0,27,,M,There are.
3,0,27,,M,"Is it the one with the double diamond or the one with, like, the thicker block in the middle?"
3,0,27,,D,"Oh, I don't know."
3,0,27,,D,It's the one.
3,0,27,x,D,"It's got, like."
3,0,27,x,D,"Oh, you got it."
3,0,27,x,M,I think we already did the other one.
3,0,27,x,D,Yeah.
3,0,27,x,D,All right.
3,0,27,x,D,You got it.
3,0,28,,D," Alright, this looks like a really sad rabbit."
3,0,28,,D,A really sad rabbit.
3,0,28,,D,"He's got, like, big rabbit ears."
3,0,28,,M,"Oh, there's a few, though."
3,0,28,x,D,Um...
3,0,28,,D,It's like a 90-degree triangle.
3,0,28,,D,"Like, perfectly, like... A right triangle as his body."
3,0,28,,D,"And he's, like, looking right."
3,0,28,x,D,"Oh, um..."
3,0,28,x,D," Yeah, you got it."
3,0,29,,D,"Alright, this is the music note."
3,0,29,x,M,"Oh, I see."
3,0,29,x,D, Okay.
3,0,30,,D,I would say this is the most simple human figure out of all of them.
3,0,30,,D,"He's got, like... Is he holding a bowl?"
3,0,30,,D,"You know, it doesn't really look like he has arms."
3,0,30,,M,"Oh, he's just kind of sitting, like, praying."
3,0,30,x,D,"I would say so, yeah."
3,0,30,x,D,"Yeah, you got it."
3,0,31,,D," Okay, this one looks like an animal, like a dog with like, he's looking left, but his arms in front are like straight, straight out."
3,0,31,,D,He's got like a rhombus head and like a twisted L for his body.
3,0,31,,D," Like an L, but like it's laying flat on the long edge."
3,0,31,,M,"I'm gonna just guess one, but I actually don't know."
3,0,31,x,D,"Hey, you got it."
3,0,31,x,D,You got it.
3,0,32,,D,"Okay, this is the guy who's holding a bowl."
3,0,32,x,D," Yeah, you got it."
3,0,33,,D,"Alright, this looks like maybe a guy in a boat."
3,0,33,,D,"Or like, okay, if you were to take any one of these and make it into like a fountain in your garden, it would look the prettiest."
3,0,33,x,D,There we go.
3,0,33,x,D, Um...
3,0,33,x,D,Okay.
3,0,34,,D,"This one has a... Look for a triangle, but the triangle is balancing just on the..."
3,0,34,,D,"It's upside down, and it's on the tip."
3,0,34,,D,"It kind of looks like the tail, almost."
3,0,34,x,D,"But, like, um..."
3,0,34,,D,"It looks like something's, like, leaping."
3,0,34,x,D,Um...
3,0,34,,D,"It's got, like, a diamond head."
3,0,34,,D," Oh, this is a tough one."
3,0,34,,M,"Does it have, like, a diamond head and a balancing triangle, and it's, like, kind of, like, flying?"
3,0,34,x,D,"Yeah, yeah."
3,0,34,x,D,"Yay, you got it."
3,0,34,x,D,You're pretty good at this.
3,0,34,x,D,So are you.
3,0,34,x,D,Thank you.
3,0,35,,D,"Okay, this one... Alright, he looks like he's, like, a star soccer player."
3,0,35,,M,Is he running to the left?
3,0,35,,D," Ew, I don't know."
3,0,35,,D,"It doesn't look like he's running, but it looks like he's balancing a square on his back foot."
3,0,35,,M,"Oh, does he have two heads?"
3,0,35,,D,Yeah.
3,0,36,,D,And this one...
3,0,36,,D,He has one leg.
3,0,36,,D,"Like, one foot."
3,0,36,,D, And he's just like standing on it.
3,0,36,,D,"He looks like a Christmas tree, kind of."
3,0,36,,M,But... Is he sticking out his back foot?
3,0,36,x,D,"Yeah, yeah."
3,0,36,x,D,"Yeah, you got it."
3,0,36,x,D,Yay.
3,0,36,,E,Are we doing... 10 of these?
3,0,36,,E, I think I'm going to be less good at being a speaker.
3,1,1,x,E,Is there any chance you guys could turn the volume up on Steve a little?
3,1,1,x,E,"Um, okay."
3,1,1,x,E,"This one... Can you hear me, Steve?"
3,1,1,x,E,"Yeah, I can hear you."
3,1,1,,D,"Okay, this one is the tall one with the, like, diamond bouncing on the top."
3,1,1,x,M,Okay.
3,1,1,x,D,"Uh, there we go."
3,1,1,x,D,"Oh, no!"
3,1,1,x,D,Okay.
3,1,1,x,D,"Oh, that's not bad."
3,1,1,x,D,"Alright, we're still getting used to it."
3,1,2,,D,This one is the house with the tree.
3,1,2,x,M,Okay.
3,1,2,x,M,Got it.
3,1,2,x,M,Yay.
3,1,2,x,D,This will help because I can just say what you basically said already.
3,1,3,,D,It's a soccer player bouncing the soccer ball.
3,1,3,x,M,"Oh, yeah."
3,1,4,,D,It's the guy with the bowl.
3,1,4,x,M,"Oh, there he is."
3,1,4,x,M,"Um, I just don't want to hit the wrong button."
3,1,4,x,M,Okay.
3,1,4,x,D,"It's the one, um, yeah."
3,1,4,x,M,"Okay, I got it."
3,1,4,x,D,Yay.
3,1,5,,D,"Uh, this is the one that you said was really simple."
3,1,5,,D,"He's just kind of, like, sitting."
3,1,5,x,M,Okay.
3,1,5,,D,"Um, not really doing anything."
3,1,6,,D,"This guy is, like, running to the left, and his head is bouncing on top."
3,1,6,x,D,"Yeah, there you go."
3,1,6,x,M,Yeah.
3,1,6,x,D,"Oh my goodness, we're killing it."
3,1,7,,D,um this is like a weird dog thing but there's two of these it's this it's the one that looks more like a dog maybe and less like a horse it has like a completely flat like square butt
3,1,7,x,M,oh i got it
3,1,7,x,D,okay yeah
3,1,7,x,M,This is like that game Codenames or whatever.
3,1,7,x,D,Yeah.
3,1,8,,D,"Oh, this is the shitting duck."
3,1,8,x,M,Yes.
3,1,9,,D,"Um, this is like the other dog horse figure, but this one has like a tail that sticks out to the right."
3,1,9,x,M,Yeah.
3,1,9,x,M,"Oh my god, I'm so good at this."
3,1,9,x,D,"This guy is like... Oh, this is the one..."
3,1,10,,D,"Okay, it's kind of like holding a bowl or something to the right, but it has two connected diamond heads on top."
3,1,10,,D,"Like, one on top of the other."
3,1,10,x,D,And...
3,1,10,,M,"Does it look like they're, like, on their knees?"
3,1,10,,D,"Yeah, it does, yeah."
3,1,10,x,D,"Yeah, yay."
3,1,11,,D,"Um, this one is kind of similar to the one we just did, but, like, it looks like their knees are bent instead of sitting, and there's only one diamond head."
3,1,11,x,M,I see it.
3,1,11,,M,"They're, like, holding a bowl to the right, yeah."
3,1,11,x,D,Yeah.
3,1,11,x,D,Yeah.
3,1,12,,D,This is the fountain that you want in your room.
3,1,12,x,M,Maybe I want in my front yard.
3,1,12,x,D,"Yeah, maybe you get two."
3,1,13,,D,"This dude is the one that's like looking down with like two, he's got like a headdress on."
3,1,13,,D,"with, like, two big triangles."
3,1,13,,D,"I can't remember how you described it, but his head is, like, a square, and then there's, like, two big triangles protruding from the top."
3,1,13,,M,"He looks like a rabbit, right?"
3,1,13,x,D,"Yeah, yeah, yeah."
3,1,13,x,D,Alright.
3,1,13,x,D,Poor Bugs Bunny.
3,1,13,x,D,He looks so sad.
3,1,14,,D,"Oh, this is the little guy..."
3,1,14,,D,"I think you said he was riding a chihuahua, except there's two of those..."
3,1,14,,D,"So this is the one where like the person kind of looks like he's like lying alongside, like on top."
3,1,14,,M,There's like a... Is he looking down or looking up?
3,1,14,,D,He's looking up.
3,1,14,x,D,Yeah.
3,1,15,,D,"Um, this is the one that kind of looks like a TV stand almost."
3,1,15,,D,It's like sideways.
3,1,15,x,D,"Oh, yeah."
3,1,15,,D,It's like a big U on a triangle.
3,1,15,x,D,Yeah.
3,1,16,,D,"Okay, this is the other little guy riding a chihuahua, but he's looking down and his tail thing is pointing up."
3,1,16,x,M,Yeah.
3,1,16,,D,He's not enjoying it.
3,1,16,x,M,No.
3,1,17,,D,This guy kind of looks like he's dancing.
3,1,17,,D,"Um, he's got, like, his arm out to the right and his knee out to the left, but his knee is, like, bent back and inwards, and his body is a square, basically, on the, like, on the left half."
3,1,17,x,M,Okay.
3,1,17,,M,Karate guy.
3,1,17,x,D,Yeah.
3,1,18,,D,"This one kinda looks like a bear to me, or like a bird or something."
3,1,18,,D,"It's like, they're two distinct legs, but then the body's just like a big block, and then there's like a little square that looks like a backpack or something, kinda."
3,1,18,,D,And the head is like a beak.
3,1,18,,D,We haven't done this one yet.
3,1,18,,D,"He's like, standing on one leg, and one leg is up and to the left."
3,1,18,,D,And he's facing to the left.
3,1,18,,D,"He's kind of, like, looking down."
3,1,18,,D,"And there's, like, a block."
3,1,18,,D,"There's, like, a square on top of his, like, shoulders."
3,1,18,x,M,Hey.
3,1,18,x,M,Yay.
3,1,18,,M,We did do this one.
3,1,18,,D,We did?
3,1,18,,M,"Yeah, it's the guy with the smelly towel."
3,1,18,x,E,Oh.
3,1,18,x,E,"Hey, good round."
3,1,18,x,E,Good rounds.
3,1,18,x,E,Yay.
3,1,18,x,E,That was way faster.
3,1,18,x,E,He's up there forever.
3,1,18,x,E,Yes.
3,1,18,x,E,Okay.
3,1,18,x,E,"Are we doing, like, 8 out of 10?"
3,1,18,x,E,"Well, I don't know."
3,1,18,x,E,Okay.
3,1,18,x,E,Are you wearing block 4 now?
3,1,18,x,E,Mm-hmm.
3,1,18,x,E,Uh-oh.
3,1,18,x,E,Okay.
3,1,18,x,E,"Hopefully they're just the same shapes, I think they will be, yeah."
3,2,1,,D,"Okay, it's the really simple guy with no arms."
3,2,1,,D,"The one who's, like, praying kind of way too."
3,2,1,x,M,"Yeah, yeah."
3,2,1,x,D,"We're gonna be so good at this, are we?"
3,2,1,x,M,"Yes, yes."
3,2,2,,D,"Okay, this is, like, the tall one with the square balancing on top."
3,2,2,,D,"It doesn't look like a person or a dog, yeah."
3,2,2,x,M,Yeah.
3,2,3,,D,It's the guy who looks like he's begging.
3,2,3,,D,"He's got, like, his arms cupped, but he's not on his knees."
3,2,3,,D,"He's, like, squatting."
3,2,3,,M,"Oh, he's got, like, his knees bent to the right and then the left?"
3,2,3,x,D,Yeah.
3,2,3,,D,"Uh, just to the right."
3,2,3,x,D,"Yeah, yeah."
3,2,3,x,D,There we go.
3,2,3,,D,He's to the left.
3,2,4,,D,It's the guy with the bowl.
3,2,4,,M,"Oh, the guy, the bowl's on the left?"
3,2,4,x,D,Yeah.
3,2,5,,D,"It's the, uh, the horse with the flat butt."
3,2,5,x,M,Okay.
3,2,6,,D,It's the happy guy riding the Chihuahua.
3,2,6,x,D,It's...
3,2,7,,D,"Okay, it's the guy, it's the same one, the same guy begging, but instead they're on their knees."
3,2,7,,D,With the double diamond head.
3,2,7,x,M,Yeah.
3,2,8,,D,It's the guy with the smelly towel.
3,2,8,,D,The one we had last.
3,2,8,,D,The one that I think looks like a bear.
3,2,8,x,M,Yeah.
3,2,8,x,D,"Okay, it's the..."
3,2,9,,D,It's the dog with his tail sticking up.
3,2,9,,D,Doesn't have a flat butt.
3,2,9,,D,The other one.
3,2,9,x,M,Okay.
3,2,10,,D,"Okay, it's the guy..."
3,2,10,,D,He's got a really long stride.
3,2,10,,D,He's pointing.
3,2,10,,D,To the left.
3,2,10,x,M,Yeah.
3,2,10,,D,Square head balancing.
3,2,10,x,M,Yeah.
3,2,10,,D,He looks angry.
3,2,11,,D,It's the house with the tree.
3,2,11,x,D,I like this one.
3,2,11,x,D,It's nice and simple.
3,2,11,x,D,I would put my fountain next to that tree.
3,2,12,,D,"It's the sad, sad rabbit with the two triangles on his head."
3,2,12,,D,He's like chilling.
3,2,12,x,D,Yeah.
3,2,13,,D,It's the beautiful fountain.
3,2,13,x,M,Yeah.
3,2,13,x,D,"If I ever get rich, I'll commission a fountain like that."
3,2,14,,D,It's the shitting goose.
3,2,14,x,M,"Yay, I like this one too."
3,2,15,,D,"Okay, it's the sad guy on the Chihuahua."
3,2,15,,D,He's riding.
3,2,15,,D,But he's sad.
3,2,15,x,M,Yeah.
3,2,15,x,M,The goose probably pooped in his fountain.
3,2,16,,D,It's the karate dancing guy.
3,2,16,x,M,Um.
3,2,16,x,M,Wait.
3,2,16,,D,Karate dancing guy.
3,2,16,,D,Like if any of them were to say ka-chow.
3,2,16,,D,He's like pointing to the right.
3,2,16,x,M,Yeah.
3,2,16,x,M,Yeah.
3,2,16,,D,"I bet he's got a black belt on, but we just can't see it."
3,2,17,,D,"Um, it's like the soccer player."
3,2,17,x,M,It's like a what?
3,2,17,,D,The soccer player with the soccer ball on his back foot.
3,2,17,x,M,"Oh, yeah."
3,2,17,,D,I want two heads.
3,2,18,,D,"Uh, it's the, uh, the U, it's the TV's dad."
3,2,18,x,E,Oh.
3,2,18,x,E,Yay.
3,2,18,x,E,Yay.
3,2,18,x,E,Cool beans.
3,2,18,x,E,Pretty good.
3,3,1,,D,"Okay, it's the dancing karate guy."
3,3,1,x,M,Yeah.
3,3,2,,D,It is the smelly towel guy.
3,3,2,x,M,Yeah.
3,3,2,,D,The bear.
3,3,3,,D,"It's the horse with, like, the big tail, not the flat butt."
3,3,3,,M,"The horse dog, yeah."
3,3,4,,D,"It's the dude that's, like, sitting, praying, but his knees are bent."
3,3,4,,D,"He's not, like, sitting."
3,3,4,x,M,"Ah, yeah."
3,3,5,,D,It's the sad guy riding the Chihuahua.
3,3,5,x,M,Aww.
3,3,5,x,M,I always feel for him.
3,3,6,,D,It's the happy guy riding the Chihuahua.
3,3,6,x,M,Aww.
3,3,6,x,M,I feel for him too.
3,3,8,,D,It's the dude with the bowl on the left.
3,3,9,,D,the house with the tree.
3,3,9,x,M,You still have a pretty good life if you put all these images together.
3,3,9,x,D,Honestly.
3,3,9,x,M,"Like a house, a fountain, a dog, and a chihuahua."
3,3,9,x,D,And a goose that poops all over.
3,3,10,,D,This is the guy that's running to the left.
3,3,10,,D,He looks kind of angry.
3,3,10,x,M,"Ah, yes."
3,3,10,,M,He's definitely in a hurry.
3,3,10,,M,"He's like, you there."
3,3,10,x,D,"Yeah, exactly."
3,3,10,,M,Stop trespassing.
3,3,10,,M,Maybe he's a policeman.
3,3,10,,D,He could be.
3,3,11,,D,"Um, this is the horse with the flat butt."
3,3,11,x,M,"Ah, yes."
3,3,12,,D,"This dude is praying, but he's sitting."
3,3,12,x,M,"Ah, yes."
3,3,13,,D,It's the rabbit guy.
3,3,13,x,M,"Oh, Mr. Oh, no, I hit the wrong button."
3,3,13,x,M,Damn it.
3,3,13,x,M,I'm doing my heart.
3,3,14,,D,"It's the fountain one with the- oh no, no, no, no, not the fountain, not the fountain."
3,3,14,x,M,Okay.
3,3,14,,D,"Um, the- the tall one with the square bouncing on top."
3,3,14,x,M,Yeah.
3,3,14,,D,"Not even, not minimal."
3,3,14,,D,I could- it looks like a- like a cool modern fountain.
3,3,14,,M,"Yeah, it does look like a water fountain."
3,3,15,,D,It's the soccer player who's like about to do a rainbow with the ball.
3,3,15,,D,Rinaldo.
3,3,16,,D,It's the shitty goose.
3,3,16,x,M,"Oh, Mr."
3,3,16,x,M,Goose.
3,3,16,x,M,Classic.
3,3,17,,D,"Oh, it's my favorite fountain."
3,3,17,x,M,Yeah.
3,3,17,x,M,Yeah.
3,3,18,,D,It's the really simple guy who's just like sitting there.
3,3,18,,D,"I bet deep down inside, he's a lot more complicated."
3,3,18,,D,He might be the most complicated of all.
3,3,18,,D,He could.
3,3,18,x,E,"Oh, there's still so much left."
3,3,18,x,E,Yeah.
3,3,18,x,E,"Yeah, that's it."
3,4,1,,D,It's the really simple guy.
3,4,1,,M,"Oh, he's not so simple, maybe."
3,4,1,,D,He's not.
3,4,1,,M,"He's probably got, like, a 401K."
3,4,1,,M,He's gonna retire soon.
3,4,1,x,D,I don't know.
3,4,1,,M,"A wife and kids, maybe?"
3,4,2,,D,"Um, the rainbow soccer ball."
3,4,2,x,M,Yay.
3,4,2,,M,Someone be like that guy.
3,4,2,,D,"I do, too."
3,4,3,,D,"Uh, sad, sad rabbit."
3,4,3,x,M,Oh.
3,4,3,x,M,"Oh, boy."
3,4,3,x,M,"Oh, no!"
3,4,3,x,M,"Oh, no!"
3,4,3,x,D,It's okay.
3,4,3,x,D,There's so many sad guys.
3,4,3,x,M,"Yeah, no, that's so true."
3,4,4,,D,It's the beautiful fountain.
3,4,4,,D,Not the drinking fountain.
3,4,4,,D,Not the drinking one.
3,4,4,,D,The garden one.
3,4,5,,D,It's the guy with the bowl facing left.
3,4,5,,D,The guy with the bowl.
3,4,5,,D,"Oh, the guy with the bowl."
3,4,5,x,D,Yeah.
3,4,5,x,M,I think he's my favorite.
3,4,5,,M,"Yeah, it could be a bowl."
3,4,5,,M,It could be the top hat man who took off his hat.
3,4,5,,D,True.
3,4,5,,D,And now he's holding it for him.
3,4,6,,D,It's the horse with the flat butt.
3,4,6,x,M,Hmm.
3,4,6,,M,"Poor horse, that's what he's known by."
3,4,6,,D,Let's call him Daryl.
3,4,6,,M,Daryl?
3,4,6,,D,Daryl.
3,4,6,x,M,Alright.
3,4,7,,D,"Um, it's karate dancing guy with the black belt."
3,4,7,,M,I like this guy.
3,4,7,,D,"He's kind of like the angry running guy, but a little more flamboyant."
3,4,7,x,M,Yes!
3,4,8,,D,It's the shitting goose.
3,4,8,x,M,I see.
3,4,8,x,D,This poor goose.
3,4,8,x,D,"Maybe she's having a good time, though."
3,4,8,x,M,"I mean, that's all they do."
3,4,8,x,D,True.
3,4,8,x,M,"Like, they just poop everywhere."
3,4,8,x,M,"He's in his, like, home territory with that."
3,4,9,,D,It's the drinking fountain.
3,4,10,,D,it's the house with the tree 
3,4,11,,D,yeah it's the the praying guy but like
3,4,11,,D,He's squatting.
3,4,11,,D,He's not on his knees.
3,4,11,,D,His hands are out to the right.
3,4,11,,D,They come together.
3,4,11,,D,"He's doing like a leg, what's it called?"
3,4,11,,M,A wall sit.
3,4,11,,D,"Yeah, a wall sit."
3,4,11,x,D,Perfect.
3,4,11,x,M,I hate those.
3,4,11,x,D,Me too.
3,4,12,,D,It's the TV stand.
3,4,12,x,M,Oh.
3,4,13,,D,It's Happy Chihuahua Guy.
3,4,13,x,M,Yay.
3,4,13,,M,"Does he not look like he's, like, flying, like, holding onto the front?"
3,4,13,,D,I can see that.
3,4,14,,D,It's the Angry Policeman.
3,4,15,,D,"Oh, it's not the guy doing the wall sit, it's the other one with his hands out, like on their knees."
3,4,15,x,M,Yeah.
3,4,15,,M,He's less of a tight heart.
3,4,15,x,M,Yeah.
3,4,16,,D,The guy that looks like the bear with the smelly towel.
3,4,16,x,M,Mm-hmm.
3,4,17,,D,"It's not Daryl the horse, it's the other horse with the tail."
3,4,17,x,M,Hmm.
3,4,17,,M,What's his name?
3,4,17,,D,"Oh, you get to pick that one."
3,4,17,,M,How about... Johnny?
3,4,17,x,D,Okay.
3,4,18,,D,"Um, it's the sad guy on the Chihuahua."
3,4,18,x,M,Aww.
3,4,18,x,M,Bad boy hours.
3,4,18,x,D,Yeah.
3,4,18,x,M,He does look so fat.
3,4,18,x,E,We killed it.
3,4,18,x,E,We keep killing it.
3,4,18,x,E,"I know, we're speedy now."
3,4,18,x,E,Thank you.
3,5,1,,D,"Um, it's the TV stand."
3,5,1,x,M,"Ah, yes."
3,5,1,x,M,It takes so long to tell me I'm correct.
3,5,1,x,D,I know.
3,5,1,x,D,"Well, it's just because we're so much faster than the computer now."
3,5,1,x,M,Yeah.
3,5,2,,D,It's the happy guy riding the chihuahua.
3,5,2,x,M,Yay.
3,5,3,,D,It's the sad bear with the smelly towel.
3,5,3,x,M,Yeah.
3,5,4,,D,It's the simple but secretly super roughly complicated guy.
3,5,4,,D,It could be a monk.
3,5,4,,M,"Yeah, I see that."
3,5,4,,D,I feel like a lot of these guys are monks.
3,5,4,x,M,Yeah.
3,5,5,,D,"Um, it is the running karate guy who's way more chill than policeman guy."
3,5,5,x,M,Okay.
3,5,6,,D,Daryl!
3,5,6,,M,"Daryl, I know who that is."
3,5,6,,M,"Aww, Daryl."
3,5,6,,D,We should get so good at this and just name everything if we go to like 20 rounds.
3,5,7,,D,It's the fountain.
3,5,7,,D,It's not the garden fountain.
3,5,7,,D,It's like the drinking fountain.
3,5,7,x,M,Okay.
3,5,8,,D,"Oh, it's the rabbit."
3,5,8,,M,"Oh, Mr. Bugs."
3,5,8,,M,Bugs Bunny.
3,5,9,,D,"It's Squatman, the guy who's doing the wall sets."
3,5,9,x,M,"Ah, yes."
3,5,10,,D,"Oh, it's the less tryhard guy, the one who's also praying, but he's just sitting there."
3,5,10,x,M,Yeah.
3,5,11,,D,It's our really aggro policeman.
3,5,11,x,M,"Oh, yeah."
3,5,12,,D,It's your garden fountain.
3,5,12,x,M,Aw.
3,5,12,x,M,I keep hitting the wrong button and going the wrong way.
3,5,12,x,M,It takes me 10 years to get to it.
3,5,13,,D,"Aw, it's the shitting goose."
3,5,13,x,M,Yay.
3,5,14,,D,It's the bowl man.
3,5,14,,M,The what man?
3,5,14,,D,He's holding his bowl on the left.
3,5,14,,M,"Oh, yes."
3,5,14,,M,What's in the bowl?
3,5,14,,D,"I think it's, like, water."
3,5,14,,D,"Maybe it's, like... Ramen noodles."
3,5,14,,M,I don't know.
3,5,14,,D,Is it a bowl?
3,5,14,,D,"Or is it, like, a big bowl?"
3,5,15,,D,That's Ronaldo.
3,5,15,,M,Ronaldo.
3,5,16,,D,"Oh, it's Johnny."
3,5,16,,M,John.
3,5,16,x,M,I'm so happy.
3,5,16,x,M,I'm so happy to be in a nice spot.
3,5,17,,D,It's the house of the tree.
3,5,18,,D,"Oh, it's the side guy riding the horse."
3,5,18,,M,"I think he needs a name, too."
3,5,18,,D,Okay.
3,5,18,,D,You get to pick it.
3,5,18,,D,It has to be a sad name.
3,5,18,,D,It's a sad name.
3,5,18,,D,Did you pick it yet?
3,5,18,,M,"No, I'm trying to think of sad names, but I also don't want to offend anybody."
3,5,18,,M,"Ooh, what about Daniel?"
3,6,1,,D,"Oh, karate guy."
3,6,1,,D,"This guy is just like, doing it."
3,6,2,,D,It's the angry policeman.
3,6,3,,D,It's the TV stand.
3,6,4,,D,"Oh, it's John."
3,6,4,,M,John?
3,6,4,,M,"Or Don, the horse with the tail."
3,6,4,,D,Donnie!
3,6,4,,M,"Okay, Donnie."
3,6,4,,M,He's happy.
3,6,5,,D,It's the guy with the bowl of ramen noodles.
3,6,5,x,M,Aww.
3,6,6,,D,"Oh, it's the happy horse guy."
3,6,7,,D,It's the drinking fountain.
3,6,8,,D,"Oh, it's the guy with the smelly towel."
3,6,8,x,M,The goose could've pooped on him.
3,6,8,x,D,What?
3,6,8,,M,The bear.
3,6,8,,D,"The bear guy, yeah."
3,6,8,x,D,We've heard a really good story.
3,6,9,,D,"Ah, Ronaldo."
3,6,10,,D,That's the beautiful garden fountain.
3,6,10,x,M,"I like that they are all staying in the same place when they're like, the setup hasn't rotated, so it's so much easier to find now."
3,6,10,x,M,Exactly.
3,6,11,,D,It's the guy crying with her on their knees.
3,6,11,,D,He's not doing the wall sit.
3,6,11,,M,It's Daryl.
3,6,12,,D,"Oh, this is Daniel."
3,6,12,,M,"Oh, Daniel."
3,6,12,,M,"Sad, sad Daniel."
3,6,12,x,M,Maybe he'll lighten up soon.
3,6,12,x,D,Yeah.
3,6,12,x,D,Maybe he's not as fast as the other one.
3,6,12,x,M,Yeah.
3,6,14,,D,"Okay, this is Bugs Bunny."
3,6,15,,D,"Oh, this is wall squat guy."
3,6,15,x,D,This leg's gotta be hurt by now.
3,6,16,,D,"Oh, it's the goose."
3,6,17,,D,It's the really simple man with the 401K and the wife and kids.
3,6,18,,D,"Oh, and it's the house with the tree."
3,6,18,x,E,"Whoa, whoa, two more."
3,6,18,x,E,"Oh, this one's 36."
3,6,18,x,E,Holy fuck.
3,6,18,x,E,Okay.
3,6,18,x,E,I felt that.
3,7,1,x,E," Oh, I just hit the wrong button."
3,7,1,x,E,My remote was backwards.
3,7,1,x,E,You just got so excited.
3,7,1,x,E,"Uh, okay."
3,7,1,x,E,Here we go.
3,7,2,,D,"Okay, it is, uh, Daniel."
3,7,2,,M,"Sad, sad Daniel."
3,7,2,,M,Daniel.
3,7,2,x,M,"It's almost over, Daniel."
3,7,2,x,M,So close.
3,7,3,,D,It's Ronaldo.
3,7,3,,M, I like the little accent you put on that.
3,7,3,x,D,Thank you.
3,7,3,x,M,What the hell?
3,7,4,,D,It's the music note thing.
3,7,4,x,D,We're really going back to our roots here.
3,7,4,x,M,Yeah.
3,7,5,,D, It's the TV stand.
3,7,5,x,M,"Ah, yes."
3,7,5,x,M,This sounds weird.
3,7,6,,D,"It's like, it's the double diamonds that are overlapping with the square on top."
3,7,6,,M,"Ooh, is it the one with the word gap in the torso?"
3,7,6,,M," Oh, it's the grenade, or the snowman."
3,7,6,,D,"Yeah, yeah, yeah, the grenade, snowman."
3,7,6,x,M,Boom.
3,7,7,,D,"Okay, I think this one looks like an angel."
3,7,7,,D,"He's, like, flying up to the top left."
3,7,7,,M,"Um, his arms, oh, he's the one saying, um, like, why me?"
3,7,7,,D,Why me?
3,7,7,x,M,Okay.
3,7,8,,D, It's so simple.
3,7,8,,D,He's a really complicated guy.
3,7,8,x,D,I'm gonna miss him.
3,7,8,x,D,I hope you have a good life.
3,7,8,x,M,I know.
3,7,8,x,M,He might be the happiest.
3,7,8,x,M,He's meditating.
3,7,8,x,D,He is.
3,7,9,,D,It's smelly towel guy.
3,7,9,x,M,Ah.
3,7,10,,D," Um, this one looks like almost like a crab, but it's like flat."
3,7,10,,D,It's like horizontal.
3,7,10,,D,It's got like two arms pointing in.
3,7,10,x,M,"Oh, okay."
3,7,10,,D,The big trapezoid.
3,7,10,x,M,Yeah.
3,7,10,x,M,Yeah.
3,7,11,,D," Aw, it's, um, it's Happy Chihuahua Boy."
3,7,11,x,M,"Oh, yes."
3,7,11,x,M,Daniel's rival.
3,7,11,x,M,Yeah.
3,7,12,,D,It's the drinking fountain.
3,7,13,,D," It's the dude who's, like, kicking back."
3,7,13,x,D,Find him.
3,7,13,,D,"He's got, like, his arms out in front to the left."
3,7,13,,D,He's standing on one leg.
3,7,13,x,D,Yeah.
3,7,13,,D,Christmas tree guy.
3,7,13,,D,"He's, like, doing, like, a, um, like a ballet scene."
3,7,14,,D,"Um, this guy looks like he's doing a really dramatic dance move."
3,7,14,,D,"He's, like, he's facing the right, I think."
3,7,14,,D," But his leg is huge, and it's, like, stretched out behind him."
3,7,14,x,M,Oh.
3,7,14,,D,"And his front foot is, like, a triangle."
3,7,14,,M,Does it have the triangle balancing on his butt?
3,7,14,,D,No.
3,7,14,,D,The head.
3,7,14,,D,"There's, like, a square on top that's his head."
3,7,14,x,M,Okay.
3,7,14,,M,With the gap in the torso?
3,7,14,x,D,"No, no, no."
3,7,14,x,D,"No, it's, like, um... Oh, okay."
3,7,14,,M, Does he look like he's vacuuming?
3,7,14,,D,Maybe.
3,7,14,x,M,Maybe?
3,7,14,x,M,I'm going to pick that one.
3,7,14,x,M,"Oh, boom."
3,7,14,x,M,Okay.
3,7,15,,D,"Okay, this one was kind of weird."
3,7,15,,D,"Oh, it's the sunglasses, bow tie."
3,7,15,,D,Mustache.
3,7,16,,D," Oh, it's the, it's the wall sit guy."
3,7,16,x,M,"Oh, okay."
3,7,17,,D,It's the garden fountain.
3,7,18,,D, It's Daryl.
3,7,18,,M,Daryl.
3,7,18,x,M,He's a good boy.
3,7,18,x,M,"You are, Daryl."
3,7,18,x,M,I'm gonna miss him the most.
3,7,19,,D,"Um, it's the guy that's, like, sitting, chilling."
3,7,19,x,M,Yeah.
3,7,19,,D,"He's got, like, kind of a long neck."
3,7,19,x,M,Yeah.
3,7,20,,D, It's our policeman.
3,7,20,x,M,"Oh, yes."
3,7,21,,D,It's the shitting goose.
3,7,22,,D, It's the dancing karate boy.
3,7,22,x,D,Ka-chow.
3,7,23,,D,"This one looks like a flower slash, like, machine."
3,7,23,,D,"It's got, like, a tail on the bottom."
3,7,23,x,D,Yeah.
3,7,23,x,D,Yeah.
3,7,24,,D, our bowl man.
3,7,24,,D,Bowl man.
3,7,25,,D,"Um, okay, this dude is like, it's like a rectangle, just like a big square, but then the right side is like, has, it's like, not."
3,7,25,x,M,Yeah.
3,7,25,x,M,Yeah.
3,7,25,x,M, Daryl's dad.
3,7,26,,D,It's the house with the Super tall chimney.
3,7,26,,D,Not as good as the tree house.
3,7,26,x,M,No.
3,7,26,x,M,No.
3,7,27,,D,Rabbit.
3,7,27,,D,Sad rabbit.
3,7,27,,M,Bugs Bunny.
3,7,27,x,D,Yeah.
3,7,28,,D," Um, it's Johnny."
3,7,28,x,M,"Aww, Sonny."
3,7,29,,D,This is the one with like the weird little cutout in the middle of the two winged arms.
3,7,29,x,M,Yeah.
3,7,30,,D," This dude has, like, his arms crossed, and they're going, like, different directions."
3,7,30,x,M,"Oh, I know."
3,7,30,x,M,Mm-hmm.
3,7,30,,D,Looks like he's wearing a dress.
3,7,30,x,M,"Yeah, low-key."
3,7,31,,D,"Um, this is, like, the apostrophe gun."
3,7,31,x,M,"Oh, yes."
3,7,32,,D," This dude is like reading a book, bending over."
3,7,32,x,M,Yeah.
3,7,32,x,M,Interesting way to read a book.
3,7,32,x,D,I wonder what book it is.
3,7,32,x,M,Harry Potter.
3,7,32,x,D,Yeah.
3,7,33,,D,"Um, Treehouse."
3,7,33,x,M,Um...
3,7,34,,D," Um, sitting praying guy, not our wall sit guy."
3,7,34,x,M,Okay.
3,7,35,,D,"Um, this is like the fancy knife thing that like would hurt to touch."
3,7,35,x,M,Oh yeah.
3,7,36,,D," Um, this dude is like sitting kind of like tilted to the right."
3,7,36,,D,"His head is like perfect, is like a perfect diamond."
3,7,36,,D,"And then there's like something, there's like a perfect triangle bouncing on the left."
3,7,36,x,E,"Yay, we did it."
3,7,36,x,E,Yay.
3,7,36,x,E, Sounds good.
4,0,1,x,E, Are we allowed to start?
4,0,1,x,E,Okay.
4,0,1,x,E,It's a little hard to hear over the sound.
4,0,1,x,E,Yeah.
4,0,1,x,E,Do you hear me?
4,0,1,x,E, Not really very well.
4,0,1,x,E,Yeah.
4,0,1,x,E,Okay.
4,0,1,x,E,Can you hear me?
4,0,1,x,E,"Yes, I can hear you."
4,0,1,x,E,Okay.
4,0,2,,D,The selected shape kind of looks like it's got a diamond head.
4,0,2,,D,It looks like it's kind of like a dog perched up to greet someone or something.
4,0,2,,D,It's got like an upside down triangle which looks like a tail.
4,0,2,x,E,Oh no.
4,0,2,x,E,What the heck?
4,0,2,x,E, Oh no.
4,0,2,x,E,"Wait, I did not mean to click that."
4,0,2,x,E,What?
4,0,2,x,E,"Wait, I'm sorry."
4,0,2,x,E,"I can't really... Oh, okay."
4,0,2,x,E,Wait.
4,0,2,x,E,What were you saying?
4,0,2,x,E,I couldn't really hear what you said.
4,0,2,x,E,I'm sorry.
4,0,2,x,E,I was just panicking because I did not mean to click that and it said...
4,0,2,x,E,"Wait, why?"
4,0,2,x,E,"Oh, okay."
4,0,2,x,E,I got it.
4,0,2,x,E,Okay.
4,0,2,x,E, Oh.
4,0,2,x,E,"Wait, um, the red... Oh, huh?"
4,0,2,x,E,"Oh, sorry."
4,0,2,x,E,Okay.
4,0,2,x,E,"I clicked my target, but it was off."
4,0,2,x,E,Okay.
4,0,3,,D,"Um, this picture kind of looks like a man walking to the left."
4,0,3,,D,"He's got his toe pointed out to the left, a diamond head."
4,0,3,x,M,Um...
4,0,3,x,M,Uh...
4,0,3,x,D,"Uh, the other..."
4,0,3,,D," There's a, on the upper part, there's a triangle piece pointing to the left."
4,0,3,,D,The center is like thin and skinny.
4,0,3,,D,"And it's got like two, it looks like legs jetting out at the bottom with what looks like a toe pointing up to the left."
4,0,3,x,M,Okay.
4,0,4,,D,okay um this one's a little bit more abstract
4,0,4,,D,um it's on the bottom to the left it's kind of like a slab
4,0,4,,D,and then to the right is like a triangular piece hanging off and then on the top there's a tilted square on the left part and um
4,0,4,,D, a triangle piece on the right it's thin skinny in the center kind of like the one before um the i it could kind of look like it's like a horse rearing up or something like that but um
4,0,5,,D, uh this looks like a long dog without its front legs facing to the left okay um it's got a triangular head and one what looks like one triangular foot or leg on the bottom right
4,0,6,,D," Um, it looks like someone praying, looking to the right."
4,0,6,,D,"Um, kind of like they're almost half, they're on, like they're bending on their knees, they're like bending over a little bit."
4,0,6,,D,"And they, it doesn't have, it does, it's not the one with the extra triangular piece on a left."
4,0,6,,D,"It's, it, it, it, um, so, it's just like the person bending over looking like they're gonna give something to someone or pray and they're looking to the, to the right."
4,0,6,x,M,Um.
4,0,7,,D,um this kind of it looks like this is a man wearing a top hat or something
4,0,7,,D,his feet the feet are kind of looks like almost crossing the ankles like two little triangles
4,0,7,,D,um with an arm sticking out to the right
4,0,8,,D, This one is completely symmetric on the left and right side.
4,0,8,,D,It looks like it could be like a little boat or something.
4,0,8,x,M,Whoops.
4,0,8,x,M,Whoops.
4,0,9,,D, This looks very clearly like someone sitting down looking to the left.
4,0,9,,D,Maybe you can see their foot on the left tilted slightly upward.
4,0,9,,D,Look at their head if it's like the square thing at the top looking down a little bit.
4,0,9,,D,So sitting facing the left.
4,0,10,,D," Uh, this is another kind of- this is a little harder to describe."
4,0,10,,D,"It's got- it's got a triangular piece on the lower left, and then a more claw-like, big claw-like piece on the up- on the, like, upper right half."
4,0,10,,D,"Um, it doesn't look like a person or any type- or any kind of, like, obvious form."
4,0,10,x,D,Um...
4,0,10,,D, It's got like three kind of things sticking out of it.
4,0,10,,D,Three main appendages.
4,0,10,,D,I guess that one of them kind of looks like a CE and the other is like a triangle part sticking out.
4,0,10,x,M,Oops.
4,0,11,,D,uh this looks like if this has like a uh at the very top there's a tri uh triangular piece
4,0,11,,D,the triangle is pointing to the left and it kind of looks like a head it it comes to a point
4,0,11,,D,and then the rest of the then the rest of the part below looks like it could be something holding like a block facing to the left
4,0,12,,D, This is also completely symmetrical.
4,0,12,,D,It kind of looks like it could be a boat with like a diamond on top.
4,0,12,,D,So completely symmetrical to the left and right.
4,0,13,,D,"Um, it's got like a horizontal piece at the bottom with a diamond coming off a point on top."
4,0,13,x,D,Uh...
4,0,13,,D, Most of the vertices are generally pointing towards the left.
4,0,13,,D,"On the middle, it kind of looks like it could be a leg with a foot or like a pedestal."
4,0,13,,D,And then it's got like two tree-like triangular shapes pointing out on the left side with a diamond on the left side as well.
4,0,13,,D,And the little triangle pointing out on the right.
4,0,13,,D, um kind of looks part of it kind of looks it could be part of like a kid's drawing of a tree with the triangle stacks on top of each other on the left side um
4,0,14,,D, This looks like it could be like a swan or a duck or something facing to the right.
4,0,14,,D,There's a little triangular piece that comes off from a point on the bottom left.
4,0,15,,D," This looks like a person riding a horse or a dog, and the person is looking, um, excited, not sad."
4,0,15,,D,There's another one where they look sad.
4,0,15,,D,"Um, and the, like, the, like, animal that they're riding is kind of, has got their head horizontal."
4,0,15,,D,The triangle head is horizontal.
4,0,15,,D,And the tail is not pointing up.
4,0,15,,D,It's pointing slightly down.
4,0,15,x,D,Um.
4,0,15,,D, And the person looks like they're grabbing the head of the horse or the dog or something.
4,0,15,,D,This is the other kind of praying looking one except for they're looking to the left and standing.
4,0,15,,D,Or they could be like giving something.
4,0,16,,D, it's like a it looks very almost like a priest or something i i i don't know um you've got like a diamond head looking like they're wearing a cloak looking to the left outstretched arms uh
4,0,17,,D,this it's got like two one foot on the ground one foot pointing um to the left left up a little bit
4,0,17,,D,what looks like it's got like a slightly tilted square on the top um
4,0,17,,D,and it looks like someone could be standing on one foot and having the other foot in the air um
4,0,17,,D, with a triangular headpiece pointing down and a square on the right top coming off a little bit.
4,0,18,,D, This looks like a person with their arms stretched out in celebration.
4,0,18,,D,You only see the torso and the arms stretched up and the square head.
4,0,18,x,D,Um...
4,0,19,,D,um this it looks like like a mountain
4,0,19,,D,it's got like two like a small peak on the bottom left and then another peak
4,0,19,,D,and then a square with two triangles sticking out of it attached to the top peak um conversely or not conversely um
4,0,19,x,D, Yeah.
4,0,19,,D,So it's like it's kind of slanted upward with a triangle for a square and two triangles sticking out at the top.
4,0,19,,D,It could kind of look like someone sitting down facing the right looking a little sad or something.
4,0,19,x,D,I don't know.
4,0,20,,D, This looks like a house with a big tall building or silo or something next to it.
4,0,20,,D,It kind of looks like a barn.
4,0,21,,D,This looks like a horse or dog-like animal looking to the left with
4,0,21,,D," point, their feet or leg parts coming to a point, triangular point, and a triangular head and a parallelogram tail."
4,0,22,,D,"This looks, it's got like"
4,0,22,,D,"three main central tiers, like a triangle, and then a other thing, and then another triangle,"
4,0,22,,D,"and then it's at the top, and then like a diamond on top of the whole thing, and a little triangle on the bottom left."
4,0,22,,D,"So they have little triangles sticking out on the bottom left, and that's the most defining characteristic."
4,0,22,,D,"And it kind of looks like it's about to topple over, maybe."
4,0,22,x,D,But not...
4,0,22,,D, Or like a woman wearing a dress or something.
4,0,23,,D,This looks like a water fountain.
4,0,23,,D,Or a toilet.
4,0,23,,D,With a diamond on top of it.
4,0,23,,D,Or like a pedestal.
4,0,23,,D,Some kind of pedestal.
4,0,23,,D,With a skinny piece on the top.
4,0,24,,D,um left and then a diamond on top it looks like an ornament
4,0,24,,D,um it's got like it's like two squares superimposed that you can't see the top
4,0,24,,D,the the lower ones top bird it protects the top ones lower vertex
4,0,24,,D,but it looks like a christmas tree ornament
4,0,25,,D, This also kind of looks like it has a water fountain with a diamond sitting on top of it.
4,0,25,,D,It actually looks like that a lot.
4,0,25,,D,"It's like if you take off the top diamond piece, it looks like a water fountain."
4,0,25,x,D,Yeah.
4,0,26,,D," Oh, this one's a bit abstract."
4,0,26,,D,"It's got two little triangular pieces sticking out from a vertex at the top, and then another block that looks like it's about to fall off, or it could be sliding down a little triangular piece."
4,0,26,,D,"It's got like the two little triangles coming off the vertex point at the top, on the top slightly to the left."
4,0,26,,D,That's probably the most defining characteristic.
4,0,27,,D, This is very simple.
4,0,27,,D,It's convex to the left.
4,0,27,,D,"It's got a long piece sticking out at the top, a long thicker piece, and then a thinner piece on the left side."
4,0,28,,D," Um, this is, uh, it kind of looks like it could be a person, like, sitting down, kind of looking upward with their, up to the left with their arms outstretched."
4,0,28,,D,It looks just like a triangle outstretched to the left.
4,0,28,,D,"Um, it kind of looks like, on the bottom left, it looks like a little mountain peak."
4,0,28,x,D,"Um, and, yeah."
4,0,29,,D," This is a very simple, it looks like a square on the bottom with a long piece sticking out on the left."
4,0,29,,D,Like a goose or something looking to the left.
4,0,29,,D,Square with a chimney.
4,0,30,,D, This looks like a sad person riding a dog or horse.
4,0,30,,D,It's like the other one.
4,0,30,,D,The person looks like they're looking down.
4,0,30,,D,"It's similar to the one before, but the person is looking a little down."
4,0,31,,D,"This is a person looking to the right, standing up."
4,0,31,,D,It looks like they're holding something.
4,0,31,,D, Maybe like wearing a dress.
4,0,31,,D,But there is like a point on the bottom left side that sticks out that's kind of random.
4,0,31,,D,But it looks like a person standing up looking to the right holding something.
4,0,31,,D,That's about to give something to someone else.
4,0,31,,D,Like a basket or something.
4,0,31,,D,Although it's got a diamond at the top of the head.
4,0,32,,D, um and then uh this looks like a dog looking to the left um just with a flat feet and um
4,0,32,,D," Looks like a person standing, maybe like they're dancing or something, looking to the left."
4,0,32,,D,They've got one parallelogram leg that's all straightened out to the left.
4,0,32,,D,"And then another one, the right one that's bent, that has a triangular foot."
4,0,32,,D,And a triangular arm pointing to the left.
4,0,34,,D," Um, this is a less clear shape, but it looks like a person kind of maybe pointed to the left."
4,0,34,,D,It's like a blob on the bottom and then a diamond head on the top.
4,0,34,x,D,"Um, I think, yeah."
4,0,35,,D, This looks like a house with a triangular chimney silo thing attached to it.
4,0,35,,D,Another barn.
4,0,35,,D,What else is a barn?
4,0,36,,D,This looks like a bamboo rod with spikes sticking out on either side.
4,0,36,,D,Very simple.
4,0,36,,D," It's just a rod with some things sticking out, yeah."
4,0,36,x,E,Good?
4,0,36,,E,"Feeling great, yeah."
4,0,36,,E,"No, it was OK."
4,0,36,,E, Um...
4,0,36,,E,It was okay.
4,0,36,,E,Yes.
4,0,36,,E,Okay.
4,0,36,,E,Mm-hmm.
4,0,36,,E," Oh, sorry."
4,0,36,,E,"I mean, I was just talking, so it was okay."
4,0,36,,E,But it probably would have been a little hard to hear someone.
4,0,36,,E,"Oh, okay."
4,0,36,,E,But I don't really know.
4,0,36,,E,"Okay, I stopped talking just in case."
4,0,36,,E,"Oh, got it."
4,0,36,,E,Okay.
4,0,36,,E,Okay.
4,0,36,,E,"Okay, sounds good."
4,0,36,,E,Uh-huh.
4,0,36,,E,Okay.
4,0,36,,E, Okay.
4,0,36,,E, oh yeah i just yeah i did that just in case so i didn't press okay thank you okay yeah that's pretty loud okay do you hear me um yeah but not very well honestly yeah i can't really hear myself either but
4,0,36,,E," So the figure is a person facing the left, and it has a triangular head facing to the left, and it looks like it could be holding a square."
4,0,36,,E,"Its feet arch, okay."
4,0,36,,E,"Yeah, it's super loud."
4,0,36,,E,It's really hard to hear.
4,0,36,,E,Yeah.
4,0,36,,E,"Okay, the next figure is Symmetrical."
4,0,36,,E," The bottom part is thick, and the two top parts are two parallelograms facing each other."
4,0,36,,E,Yeah.
4,0,36,,E,Yeah.
4,0,36,,E,Yeah.
4,0,36,,E,"Um, I think I can make it through."
4,0,36,,E,Okay.
4,0,36,,E,"The next figure is, like, a house and a..."
4,0,36,,E, block next to the house.
4,0,36,,E,"Okay, the next figure is a person leaning toward the left with its arms outstretched and its arms are made of parallelograms."
4,0,36,,E," The person is facing to the left, standing on one foot."
4,0,36,,E,"And it has a foot in the air, a triangle pointing upwards."
4,0,36,,E,"And there are two larger triangles, which are like arms, pointing to the left."
4,0,36,,E," And the speaker is harder to explain, but it has two arms with two hands, but it's okay."
4,0,36,,E,"Its head is tilted to the left, but its body is"
4,0,36,,E, facing to the right the bottom part is a parallelogram with another parallelogram on top it's thicker and then its arms are kind of abstract and its hands are two triangles like hanging hanging triangles um okay
4,0,36,,E," And the next figure is like a tree or like a bamboo stick with two, like two, yeah."
4,0,36,,E,The next one is like a dog without a front leg and it's facing to the left.
4,0,36,,E," The next figure is like a small person on a rock, and its arms, which are large triangles, are outstretched."
4,0,36,,E,"The person is kind of looking to the right, and the rock has a small triangle on the left."
4,0,36,,E,"Um, I'm sorry, I couldn't really hear what you said, honestly."
4,0,36,,E,"Oh, okay."
4,0,36,,E,"Um, I heard, uh..."
4,0,36,,E," Uh, yeah, that person is, it's like a small person with a head and two triangles, like larger triangles, and it looks like their arms are outstretched, and they're on a rock, and the rock, okay."
4,0,36,,E,"Oopsie, I didn't, oh, that was an accident."
4,0,36,,E,"Oh, sorry."
4,0,36,,E,No worries.
4,0,36,,E,"Okay, I really can't hear very well, to be honest."
4,0,36,,E,I'll try to speak up a little.
4,0,36,,E," Um, is it better now?"
4,0,36,,E,"Okay, so the figure is slouching and its leg and foot is pointing to the left."
4,0,36,,E,Okay.
4,0,36,,E,Yeah.
4,0,36,,E,"Okay, sure."
4,0,36,,E,Okay.
4,0,36,,E," Hello, sorry about that."
4,0,36,,E,"No, no, sorry."
4,0,36,,E,I didn't know if you- Yeah.
4,0,36,,E,"I couldn't really hear you well either, so I wasn't too sure."
4,0,36,,E,I'm okay.
4,0,36,,E," Um, very quietly."
4,0,36,,E, Thank you.
4,0,36,,E," Um, the tape is supposed to be really tight, right?"
4,0,36,,E,"Oh, okay."
4,0,36,,E,Yeah.
4,0,36,,E,Okay.
4,0,36,,E,A little tight.
4,0,36,,E,Yeah.
4,0,36,,E,Yeah.
4,0,36,,E,Yeah.
4,0,36,,E,Yeah.
4,0,36,,E," Yeah, I think it gets tight because you put this on, but it should be okay."
4,0,36,,E,"Oh, yeah, that's good."
4,0,36,,E,I can see the screen.
4,0,36,,E,Yeah.
4,0,36,,E,"Okay, cool."
4,0,36,,E,Thanks.
4,0,36,,E, Yes.
4,0,36,,E,"I think so, yeah."
4,0,36,,E,"I mean, there's no loud noise right now, but it sounds, like, sounds, sounds, sounds, yeah."
4,0,36,,E,"That's better, thank you."
4,0,36,,E,"Yeah, it feels good."
4,0,36,,E,"Yeah, definitely."
4,0,36,,E,"Oops, yeah."
4,0,36,,E, Hey.
4,0,36,,E,"Okay, I can hear you."
4,0,36,,E,"Oh, I think better now."
4,0,36,,E, Thank you.
4,0,36,,E, Thank you.
4,0,36,,E, Thanks for watching!
4,0,36,,E, Thank you.
4,0,36,,E, Thank you.
4,0,36,,E, Thank you.
4,0,36,,E, Thank you.
4,0,36,,E, Okay.
4,0,36,,E,Sure.
4,0,36,,E,Testing.
4,0,36,,E,Yes.
4,0,36,,E,"Testing, testing, testing, testing, testing, testing, testing, testing."
4,0,36,,E,Testing.
4,0,36,,E,I can hear it.
4,0,36,,E,It might be a little soft once there's a bunch of other noise.
4,0,36,,E,Okay.
4,0,36,,E, testing testing testing testing testing testing testing um that's okay yes a little louder yes please i can also just try speaking louder like if i speak like this is it better yes okay okay me too let me know if i should speak up okay
4,0,36,,E, It sounds better.
4,0,36,,E,Yeah.
4,0,36,,E,Okay.
4,0,36,,E,Okay.
4,0,36,,E,Sure.
4,1,1,x,D,"Okay, so..."
4,1,1,,,um it looks like a
4,1,1,,,it's got like a person with like three middle pieces and a diamond head
4,1,1,,,the top arm is outstretched to the left and it's got like a little triangle on the bottom left
4,1,1,,,i'm sorry sorry a
4,1,1,,,rm out just to the right and it's got a little triangle with the point downwards in the bottom right
4,1,1,,,"Um, a square with a long chimney on the left."
4,1,1,,,Very simple.
4,1,1,,,Could be like a swan looking to the left.
4,1,1,,M,A swan?
4,1,1,,D,It's just like a square on the bottom with a long skinny part sticking up on the rectangle on the left.
4,1,1,x,M,"Um, wait, sorry, can you say that again one more time?"
4,1,1,,D,A square on the bottom with a long skinny rectangle sticking up on the left.
4,1,1,,,It's very simple.
4,1,1,x,M,Okay.
4,1,1,,D,It could be like a bird with a long neck looking to the left.
4,1,1,x,E,Okay.
4,1,1,x,,Can you hear me?
4,1,1,x,,"Yes, I can."
4,1,1,x,,Sorry.
4,1,1,x,,"Okay, I can't really hear you very well."
4,1,1,x,,"Okay, so let me know if you want me to speak up."
4,1,1,x,,"Okay, sure."
4,1,2,,D,This one looks like a barn or the house with the silo on the right.
4,1,2,,,"Yeah, it's the house one again."
4,1,6,,,This is the bamboo rod with the two pointy parts sticking out on either side.
4,1,6,,,The one on the left is a little higher.
4,1,7,,,"The person with the parallelogram arms outstretched and diamond head tilt, the person is kind of leaning to the left a little bit."
4,1,7,,,It's just the torso and the arms.
4,1,8,,D,"Um, this is another person."
4,1,8,,,"It could be sitting down, looking up and to the left with, um, arm, triangular arm outstretched to the left."
4,1,8,,,"And then on the bottom left, it's got like an extra little triangle sticking out."
4,1,8,,,It looks like a little mountain peak.
4,1,8,,,"Um, and the triangle, the head is, um, tilted like they're looking up and to the left."
4,1,8,,,"Um, and it's got like a big triangle."
4,1,8,,,It could be like a ponytail or something.
4,1,8,,,um on the right side um what a triangle ponytail on the right um yeah triangular um on the it could be like it could alternatively it could be like
4,1,8,,,"It's got, okay, so it's got a diamond on the very top, and then attached to that, it's got, like, two triangular pieces."
4,1,8,,,"Attached to the bigger triangular piece, you've got the base, um, which has a little mountain peak on the bottom left."
4,1,8,x,,Um...
4,1,8,,,This looks like a dog without front legs.
4,1,8,,,"It's the simple C shape with an extended top part, parallelogram on top, and then a skinny rectangle going to the bottom on the left."
4,1,8,,,It's like a C facing to the right.
4,1,8,,,A C?
4,1,8,x,,A what?
4,1,8,,,The letter C?
4,1,8,x,,"Oh, okay."
4,1,8,x,,Yeah.
4,1,8,,,It's just the top part is like a long parallelogram.
4,1,8,,,"Uh, it looks like it's like some kind of water fountain with the diamond on top, with the diamond on top."
4,1,8,x,,Um.
4,1,8,x,,"That's, yeah."
4,1,8,x,,Um.
4,1,8,,,It looks like a person holding something with a little triangular head that comes off at a point when it attaches to the rest of the body.
4,1,8,,,"And they're holding a diamond square thing on the, yeah."
4,1,8,,,It looks like a dog jumping up to the right.
4,1,8,,,It's got like an upside down triangle for a tail and a diamond for a head.
4,1,8,,,"It's looking up to the, it looks, yeah."
4,1,8,,,um it looks like it could be a horse rearing its hat rearing up like vertically to the right
4,1,8,,,um or it could be just like a parallelogram base attached to another parallelogram and two little triangles sticking out on the on the right one on the bottom one on the top
4,1,8,,,and then a square set at least killed square head on the top left
4,1,8,,,It kind of looks like a horse rearing up like 90 degrees.
4,1,8,x,,"Oh, sorry about that."
4,1,14,,,This one looks like an ornament.
4,1,14,x,,"It's got, yeah."
4,1,15,,,This looks like a person with two triangular little feet crossed and a top hat and an arm outstretched to the right.
4,1,15,,,It looks like some person standing on one leg with a tail outstretched to the left.
4,1,15,,,right and two yeah of course a person sitting down facing to the left
4,1,15,,,looking a little sad got a foot on the left stretched out
4,1,15,,,what tells us that the upward the head of the diamond tilted a little bit down
4,1,15,,,um it's just like someone just like sitting down it could be like grabbing their knees
4,1,15,,,"a symmetrical, um, geometric shape, um, with two little arms sticking out on the left and right side, which is like a base plus, yeah."
4,1,15,x,,"Um, this has got like a"
4,1,15,,,"It looks like it could, it's, okay, another abstract one."
4,1,15,,,"Um, on the top it kind of looks like it could be a flower bud or something, and then it's got a longer skinny piece sticking out on the bottom right."
4,1,15,,,"Um, the top looks like it could be a claw or like a tulip or something like that."
4,1,15,,,"Um, and then it's got like a thinner parallelogram sticking out, um, on the right, bottom right."
4,1,15,x,,"Um, yeah."
4,1,15,x,,Sounds good.
4,1,15,x,,Oh
4,1,15,x,,Thank you.
4,1,15,x,,Thanks for watching!
4,1,15,x,,Bye.
4,1,15,x,,Okay.
4,1,15,x,,"Okay, so the first figure is a small person with, do you hear me?"
4,1,15,x,,"Uh, not very well."
4,1,15,x,,Can you speak louder?
4,1,15,x,,"Uh, yeah."
4,1,15,x,,Okay.
4,1,15,x,,I can't hear.
4,1,15,x,,Okay.
4,1,15,,,"So, it's a small person, and it has two arms that are large triangles."
4,1,15,,,"It's like the person is, um, raising its arms up, and... Can you speak a little bit louder?"
4,1,15,x,,Yeah.
4,1,15,,,I think this is the loudest I can speak.
4,1,15,x,,Is this better?
4,1,15,x,,"Um, just, okay."
4,1,15,x,,Maybe just keep going.
4,1,15,x,,Okay.
4,1,15,x,,Um...
4,1,15,,,"The person is on a rock, a little rock, and the rock has a triangle pointed to the left."
4,1,15,x,,"Um, I, it's like super hard to hear."
4,1,15,x,,"Wait, yeah, I think it's, it's kind of hard to hear on my end too."
4,1,15,x,,"Um, maybe just continue."
4,1,15,x,,Okay.
4,1,15,x,,Are we continuing?
4,1,15,x,,I don't think so.
4,1,15,x,,Okay.
4,1,15,x,,Okay.
4,1,15,,,"Yeah, I think that comes to get us out."
4,1,15,,,Okay.
4,1,15,,,Something I was wondering.
4,1,15,,,"Oh, sorry."
4,1,15,,,Yeah.
4,1,15,,,"That's okay, but I was wondering if, like, the sharp noises are supposed to be very loud?"
4,1,15,,,"Because I can't, like, the first time, the machine was loud, which was okay, but now the sharp noises are very loud."
4,1,15,,,"Yeah, it goes, like, it gets, like, really loud in the stop."
4,1,15,,,Yeah.
4,1,15,,,Yeah.
4,1,15,,,Yeah.
4,1,15,,,Why don't you tell us if it's still happening?
4,1,15,,,Okay.
4,1,15,,,"It's possible that it was, like, getting picked up from the internet or something."
4,1,15,,,"Oh, okay."
4,1,15,,,Okay.
4,1,15,,,Let's try this and see if it's...
4,1,15,,,"Okay, sounds good."
4,1,15,,,"Okay, it's okay."
4,1,15,,,Thank you.
4,1,15,,,Thank you.
4,1,15,,,Yes.
4,2,1,x,E,Should I start?
4,2,1,x,E,Sure.
4,2,1,x,E,"Or, I don't know."
4,2,1,x,E,Okay.
4,2,1,,D,Dog without front legs.
4,2,1,,D,Without front hind legs.
4,2,1,,D,"Sorry, front legs."
4,2,1,x,M,"Yeah, yeah."
4,2,1,x,M,I get what you mean.
4,2,1,,M,"Sorry, hind is the opposite."
4,2,2,,D,House with silo on the right sticking up.
4,2,2,x,M,Okay.
4,2,2,x,M,Oops.
4,2,2,,D,The barn house looking one.
4,2,2,x,M,"Oops, what?"
4,2,2,x,E,"Um, the volume is okay, but the background noise is very, very loud."
4,2,2,x,E,Huh?
4,2,2,x,E,"Um, I think it's fine."
4,2,2,x,E,"We can just go through it, yeah."
4,2,2,x,E,I can't really hear you.
4,2,2,x,E,"Um, what were you saying?"
4,2,2,x,E,"Okay, yeah."
4,2,3,,D,"Um, it looks like the one with the horses rearing up, almost like vertically to the right."
4,2,3,x,M,"Um, okay."
4,2,3,,D,Parallelogram base.
4,2,4,,D,"Person with outstretched arms looking up, slanted to the left."
4,2,4,x,M,Okay.
4,2,5,,D,"Standing on one leg, two triangles on the left and one little triangle on the right."
4,2,6,,D,The stick with the two things sticking out on either side.
4,2,6,,D,Stick with the base of two triangles on either side of it.
4,2,6,,D,"Like the band, yeah."
4,2,7,,D,"The person sitting looking up and to the left with arms stretched to the left, a little triangle on the bottom left, and a larger triangle on the center right coming off of a point."
4,2,7,,D,So at the top there's kind of like three things coming off of a point.
4,2,7,,D,"There's like the diamond,"
4,2,7,,D,A bigger triangle that's connected to the base and then another little triangle off to the right.
4,2,7,x,M,Okay.
4,2,8,,D,"Man sitting, person sitting down looking to the left with the knees bent."
4,2,9,,D,"Water fountain with, um, diamond on top."
4,2,9,x,M,The what?
4,2,9,,M,The what with the diamond?
4,2,9,,D,"Water, like, looks like a water fountain."
4,2,9,x,M,"Oh, okay."
4,2,10,,D,"Looks like a dog jumping up to the right, um, with an upside-down triangle for a tail and a diamond for the head."
4,2,10,x,M,"Um, yeah."
4,2,10,,M,A dog jumping to the right?
4,2,10,,D,"To the, like, kind of like jumping, or looking up to the right."
4,2,10,,D,"An upside-down triangle for a tail, and a diamond coming off at a point for the head."
4,2,10,,M,"Um, is the tail a parallelogram?"
4,2,10,,D,"No, the tail is an upside-down little triangle."
4,2,10,x,M,Um...
4,2,10,,D,"It's looking, it looks like it's point, looking up, or it's kind of like it's legs are, it's like jumping up to the right."
4,2,10,x,M,"Oh, sorry, I see it, yeah."
4,2,11,,D,"Uh, it's the one with the claw or flower part on top, connected to a thin parallelogram and then another little parallelogram."
4,2,12,,D,"A person with the three middle sections, the diamond head, and the little triangle on the bottom right."
4,2,12,,D,The little triangle pointed down on the bottom right is like the most distinct part.
4,2,12,,D,"Okay, different from anything else."
4,2,13,,D,A big C-looking shape pointing to the right.
4,2,13,,D,The parallelogram for the top.
4,2,13,,D,It's kind of like it's missing the bottom part.
4,2,13,,D,Looks like a ratio.
4,2,14,,D,An ornament with the two squares.
4,2,15,,D,A person with a top hat and two little triangular feet that are crossed at a point.
4,2,15,,D,And the arm to the right.
4,2,16,,D,A person holding a diamond block with a triangular little head that comes off at a point.
4,2,17,,D,"Um, uh, square with the long neck on the- rectangular neck sticking out on the left up."
4,2,17,,D,"Um, so it's just square on the bottom, um, rectangular part sticking out on the left."
4,2,17,,D,Kinda looks like a swan.
4,2,17,,D,Or it reminds me of a very simple bird.
4,2,17,x,M,Okay.
4,2,17,,D,"Uh, well, like a duck or something."
4,2,17,x,M,It's just...
4,2,17,,D,"I guess it kinda looks more like a building, I don't know."
4,2,18,,D,The symmetric one with the two arms sticking out on the left and right.
4,2,18,x,E,Okay.
4,2,18,x,E,That's okay.
4,2,18,x,E,Yeah.
4,2,18,,E,No worries.
4,2,18,,E,Okay.
4,2,18,,E,Okay.
4,2,18,,E,Sure.
4,2,18,,E,Sounds good.
4,2,18,,E,Thanks for watching!
4,3,1,x,E,"Okay, can I start?"
4,3,1,x,E,Huh?
4,3,1,x,E,I'll start?
4,3,1,x,E,Okay.
4,3,1,,D,So the first figure is like a horse rearing to the right and it has two hanging triangles for hands and a parallelogram body face.
4,3,2,,D,The next figure is like a long stick with two triangles embedded into it.
4,3,3,,D,"The next is like a rectangle for a body, a long thin neck, and a triangle head, like a bird."
4,3,4,,D,"The next figure is like a dog jumping to the right and it has a diamond head, a larger square, yeah."
4,3,5,,D,"The next is like a ornament, a Christmas ornament, and it has two squares on top of each other."
4,3,6,,D,"The next figure is, like, a woman sitting with her feet to the right, and she has, like, a belt."
4,3,6,,D,"Yeah, wait, um, or a, like, a diamond head, a, uh, a rhombus, and then a rhombus, like, three rhombuses stacked on top of each other,"
4,3,6,,D,"and a upside-down triangle, a small upside-down triangle to the right, yeah."
4,3,7,,D,"Yeah, the next figure is a person slouching toward the left and their body is like a blob and their feet is like pointed left upwards."
4,3,7,x,M,What did you say?
4,3,7,x,M,"Oh, yeah."
4,3,7,,D,"The person is slouching, facing to the left, their knee is up, and their feet is pointed left upwards."
4,3,7,,M,Slouching?
4,3,7,,D,Like sitting down and slouching.
4,3,7,x,M,Huh?
4,3,7,,D,Sitting down and slouching to the left.
4,3,7,x,M,"Oh, okay."
4,3,8,,D,"Okay, and the next figure is like a C with a thick parallelogram at the top."
4,3,8,x,M,Okay.
4,3,9,,D,"The next figure is like a dog without a front leg, facing the left."
4,3,10,,D,The figure has a house and a block next to it.
4,3,11,,D,"Okay, this figure is like a water fountain with a diamond on top."
4,3,12,,D,This figure is a person slanting toward the left with its arms outstretched with only its torso.
4,3,13,x,M,Yeah.
4,3,14,,D,This person is like a tiny person on a rock and the rock has a small triangle to the left that's pointing upwards.
4,3,15,,D,This figure is symmetrical and it has two parallelograms facing each other.
4,3,16,,D,This figure is balancing on one leg and it has a triangle like its other leg is up in the air and it's a triangle facing upwards.
4,3,16,,D,This person has a small triangle for a head and it looks like it's holding a diamond.
4,3,17,,D,"This figure is like a flower with two leaves on, which are triangles facing either to the left and to the right."
4,3,17,,D,"And the base of the flower, like the bottom of the flower, is like a square, a diamond."
4,3,17,,D,"And it has a parallelogram on the right, the bottom right."
4,3,17,x,M,Could you repeat that?
4,3,17,x,D,Yes.
4,3,17,,D,"The figure looks like a flower, and it has a parallelogram to its bottom right."
4,3,17,x,M,"Oh, that was an accident."
4,3,17,x,D,That's okay.
4,3,18,,D,"Yeah, the final figure is like a guy with a top hat and a backpack, and he has two small triangles for feet."
4,3,18,x,M,"Okay, sounds good."
4,4,1,,D,"Um, this is the one with the three middle sections, and the little triangle on the bottom right, pointing downwards."
4,4,1,x,M,Okay.
4,4,1,x,M,Um.
4,4,1,x,M,"Oops, oh my god, sorry, that was an accident."
4,4,1,x,M,"Oh, dear."
4,4,1,x,M,"Oh dear, sorry."
4,4,1,x,M,Okay.
4,4,2,,D,"Uh, the one with the flower part pointing upwards, um, and then a parallelogram on the bottom going down into the"
4,4,3,,D,person sitting down looking to the left with their knees bent and toe points upward
4,4,4,,D,Standing on one leg with two large triangles.
4,4,5,,D,A horse rearing up to the right vertically.
4,4,6,,D,Water fountain diamond on top.
4,4,7,,D,A rod with triangles embedded.
4,4,7,,D,A stick with the triangles embedded on either side.
4,4,7,x,M,Oh yeah.
4,4,8,,D,The person on a rock looking up and to the left with arms to the triangle arm to the left.
4,4,8,x,M,Wait.
4,4,8,,M,Triangle arms only to the left?
4,4,8,,D,I think if you describe it as a person on a rock.
4,4,8,x,M,Okay.
4,4,8,x,M,Yeah.
4,4,9,,D,The house one with the long tall building next to it.
4,4,10,,D,The man with the top hat and the two little triangle feet and the arm to the right.
4,4,11,,D,The dog with the missing front legs looking to the left.
4,4,12,,D,The dog jumping up to the right with the upside down triangle for a tail and a diamond head.
4,4,13,,D,The symmetric one with the two parallelogram arms on either side pointing towards each other.
4,4,14,,D,"The person holding something, holding a block with a little triangle head that comes off at a point."
4,4,15,,D,"Person with outstretched arms, just the torso, the arms, and the head."
4,4,16,,D,ornament with the two squares embedded into each other.
4,4,17,,D,It's like a very simple bird looking to the left with a square bottom and a long neck.
4,4,18,,D,"The C with the bottom part missing, the top is a parallelogram."
4,4,18,x,E,yesterday.
4,5,1,,D,"Okay, so the first figure is a person balancing on one leg, and it has a foot, which, oops, do you hear me?"
4,5,1,x,M,"Yeah, yeah, sorry, I'm in the wrong direction."
4,5,1,x,M,"Oh, okay."
4,5,1,x,M,Okay.
4,5,1,x,M,Okay.
4,5,2,,D,"Okay, the second figure is a person with a small triangle head, and it's holding a diamond."
4,5,3,,D,The next figure is a person leaning toward the left with two arms outstretched and arms are parallel to the ground.
4,5,4,,D,The next figure is the dog with the front leg missing.
4,5,5,,D,"The next figure is the bird with a rectangular body, long neck, and triangle head."
4,5,6,,D,The next one is a house with a long tall building next to it.
4,5,7,,D,"Okay, the next one is the Christmas ornament with two spirits on top of each other."
4,5,8,,D,"Okay, the next one is the C with a thick parallelogram at the top."
4,5,9,,D,"The next is the man with the top hat, the backpack, and two tiny triangle feet, yeah."
4,5,10,,D,The next is the small person on a rock with its arms unstretched.
4,5,10,x,M,"Oh, ah, right, okay, sorry."
4,5,10,x,M,That was...
4,5,11,,D,"Okay, the next one is the water fountain with a diamond on it."
4,5,11,x,M,The what?
4,5,11,,D,The water fountain with a diamond on it.
4,5,11,x,M,The what with what?
4,5,11,x,M,"The... Oh, sorry."
4,5,11,,D,"Oh, water fountain."
4,5,11,x,D,Yeah.
4,5,11,x,D,Sorry.
4,5,11,x,D,It's okay.
4,5,12,,D,The next one is the dog...
4,5,12,,D,"Leaping to the right, it has a triangle tail, an upside down triangle tail."
4,5,13,,D,The next one is the flower with a parallelogram at the bottom right.
4,5,14,,D,The next one is the woman sitting facing the right and her foot is a small upside down triangle.
4,5,14,,D,"Oh yeah, she's wearing a dress."
4,5,15,,D,This one is symmetrical with two parallelograms facing each other.
4,5,16,,D,This one is like a stick with two triangles embedded into it.
4,5,17,,D,"Yep, and this one is a guy sitting down, slouching, his knee is up, and his, yeah."
4,5,18,,D,This figure is like the horse veering up to the right.
4,5,18,,D,It's head tilted back.
4,5,18,x,M,"Oh, wait, oh, ah, sorry."
4,5,18,x,M,Wrong one.
4,5,18,,M,"Oh yeah, sorry."
4,5,18,,M,"I realized that, yeah, afterwards."
4,5,18,,M,Oops.
4,5,18,,M,"Okay, yes."
4,5,18,,M,"Sorry, okay."
4,6,1,,D,"Standing on one leg, two triangles on"
4,6,2,,D,the water fountain with diamond on top.
4,6,3,,D,The woman with the belt wearing a dress and the little triangle on the bottom right for a foot.
4,6,4,,D,The stick with two triangles embedded into it.
4,6,5,,D,The symmetric one with the two parallelogram arms pointing towards each other.
4,6,6,,D,"Leaning to the left, outstretched arms, diamond head."
4,6,6,,D,Just the torso.
4,6,6,x,M,"Okay, yeah."
4,6,6,,D,"Outstretched arms, just the torso leaning to the left."
4,6,7,,D,I'm sitting down slouching to looking to the facing the left.
4,6,8,,D,Some person on a rock with arms stretched to the left.
4,6,9,,D,A horse rearing up to the right with the two little triangular hooves.
4,6,10,,D,"Holding a block, a little triangular head that comes off at a point."
4,6,11,,D,The flower or claw on top.
4,6,11,,D,The parallelogram base with two parts.
4,6,12,,D,The simple bird with the long neck looking to the left with a little triangular head.
4,6,13,,D,The dog jumping up to the right with the upside down triangle for a tail and the diamond head.
4,6,14,,D,The dog missing front leg.
4,6,15,,D,ornament made up of two squares or diamonds i guess
4,6,16,,D, house with the long skinny building next to it
4,6,17,,D,The man with the top hat and the two little triangular feet.
4,6,18,,D,"The C with the bottom part missing, pointing right."
4,6,18,x,E,Okay.
4,6,18,x,E,"Oh, sorry."
4,6,18,x,E,Okay.
4,6,18,x,E,Sure.
4,7,1,x,E," Okay, so this one is an, oh, do you hear me?"
4,7,1,x,E,I think I'm the speaker.
4,7,1,x,E,"Oh, sorry."
4,7,1,x,E,"Oh, it's okay."
4,7,1,x,E,You're right.
4,7,1,,D,"Okay, um, a person with the leg pointed down, um, um, facing to the right, um, a diamond head."
4,7,1,,D,"So one leg, the right leg straightened and the left leg bent."
4,7,1,,D,"Um, it's like they're, could be dancing and they're kind of leaning."
4,7,1,,D, To the left.
4,7,1,,D,They're kind of leaning.
4,7,1,,D,The right leg is straightened and the left leg is bent.
4,7,1,x,M,Okay.
4,7,1,,D,And they have an arm sticking out to the right.
4,7,1,,D,It's just a triangle.
4,7,1,x,M,Okay.
4,7,2,,D,Person holding a block with a little triangular head.
4,7,2,x,M,Okay.
4,7,3,,D,dog looking up to the right they're jumping up to the right upside down triangle for a tail
4,7,4,,D,okay um person on a horse looking down looking sad
4,7,4,x,M,um okay i see it
4,7,5,,D, The flower on top with the two parallelograms.
4,7,6,,D,Looks like a toilet with a diamond on top of it.
4,7,6,x,M,Yep.
4,7,6,x,M,Okay.
4,7,7,,D, uh and a little triangle on a part of a triangle sticking out on the right side dog with missing front legs yep
4,7,8,,D," A C pointing to the right, missing the bottom part."
4,7,9,,D,A woman with three sections and a little upside down triangle for a foot.
4,7,10,,D, Riding a horse.
4,7,10,,D,Looking up.
4,7,10,,D,Not the sad one.
4,7,10,,D,The tail.
4,7,11,,D,It looks like it's a mountain peak.
4,7,11,,D,"And then on the top left, there's a block attached to two triangles."
4,7,11,,D," So it's kind of, they come together at like almost a point."
4,7,11,,D,"But it looks like a slope with a little, yeah."
4,7,12,,D,Symmetric with two arms sticking out on either side parallel to the rims.
4,7,13,,D, House next to Arrow.
4,7,13,,D,Big Arrow.
4,7,14,,D,Water fountain with diamond on top of it.
4,7,15,,D," Sitting down, slouching, looking, facing to the left."
4,7,16,,D,"A person standing, looking like they're giving something, or facing to the left."
4,7,16,,D," to the left with their arms outstretched, like they're giving something to someone else."
4,7,17,,D,"Standing on one leg, two triangles on the left side, one little triangle on the right side."
4,7,18,,D," The simple bird with the square, rectangle neck, and triangle head."
4,7,18,x,M,"Oh, I'm the listener now, okay."
4,7,18,x,M,"Oh, okay."
4,7,19,,D,"First, the figure is new."
4,7,19,,D,"It has a diamond head, but the head is tilted back."
4,7,19,,D," So, tilt it back to the right."
4,7,19,,D,"It has one foot on the ground, one triangle foot on the ground, one triangle foot in the air, and the triangle foot in the air is the left."
4,7,19,x,M,"Oh, sorry, my fingers are all tingling, so it's hard to press the button."
4,7,19,x,M,"Oh, okay."
4,7,19,x,M,"There you go, I got it."
4,7,20,,D,"Okay, next figure is the person with a torso and its arms are parallel grams outstretched."
4,7,21,,D," Okay, next house with long tall buildings."
4,7,22,,D,"Okay, Christmas ornament."
4,7,23,,D," Okay, person is on a, this is a new one, person on a podium facing to the right."
4,7,23,x,M,Person on a what?
4,7,23,,D,A podium.
4,7,23,x,M,A what?
4,7,23,,D,"It's like a, okay, there's a podium."
4,7,23,x,M,Oh.
4,7,23,,D,"It's like a large triangle, a large triangle."
4,7,23,,D,It's the tip of the triangle opposite from the hypotenuse is to the left of up.
4,7,23,x,M,Is that what it says?
4,7,23,x,M," No, that didn't make sense."
4,7,23,x,M,Okay.
4,7,23,x,M,Um... Oh.
4,7,23,x,M,"Sorry, sorry."
4,7,23,x,M,Yeah.
4,7,23,x,M,"Oh, okay."
4,7,23,x,M,"That would make sense, too."
4,7,24,,D,"The next is a person on a boat, and the boat is a six-sided shape."
4,7,24,,D,Hexagon.
4,7,25,,D," Okay, person on a rock and they have two triangle arms."
4,7,25,,M,A person on a what?
4,7,25,,D,A person on- like a small person on a rock.
4,7,25,x,M,Oh.
4,7,25,x,M,They have- yeah.
4,7,26,x,D,"Okay, this person has- okay."
4,7,26,,D, It looks like their foot is balancing the diamond and they have two triangles as a head.
4,7,27,,D,"Okay, it looks like a horse facing to the left and its tail is a parallelogram upwards."
4,7,28,,D, This looks kind of like a swan and facing to the right and it has a tiny triangle.
4,7,28,x,M,Yeah.
4,7,29,,D,"This person looks like they are praying, but they are, what's it called?"
4,7,29,,D,Squatting to the right.
4,7,30,,D," This looks like an old telephone, but at a slant toward... Huh?"
4,7,30,,M,An old what?
4,7,30,,D,An old telephone.
4,7,30,x,M,Okay.
4,7,30,,D,"Yeah, on a slant toward the right."
4,7,30,x,M,"Oh, I see, I see."
4,7,30,x,M,Okay.
4,7,31,x,D,"Okay, this person is..."
4,7,31,,D," Facing left, it has like a tail, parallelogram tail facing the right and it's kind of sitting."
4,7,31,,D,Its toe is pointed left.
4,7,31,,D,It has a small triangle.
4,7,31,x,M,"Oh yeah, wait, okay."
4,7,32,,D,"So its legs are, okay."
4,7,32,,D,"It is sitting, so the leg is kind of diagonal to the bottom left corner, bottom left corner."
4,7,32,,D, um okay so it's um diamond head underneath that is a triangle um and then underneath that is like a thin thin rectangle and then two two like legs coming from like in a diagonal okay oh
4,7,32,,D," Okay, next one is the horse veering to the right, its head tilted back."
4,7,33,,D,"Okay, this person, its body is a blob, and it has a diamond head."
4,7,34,,D," Okay, this one is the bamboo stick with two triangles in it."
4,7,34,x,M,The what?
4,7,34,x,M,"Oh, I heard."
4,7,34,x,M,"Oh, yeah."
4,7,35,,D,"Okay, this is the guy with the top hat and the backpack and two small triangle feet."
4,7,36,,D, This one looks like a dog facing to the left.
4,7,36,,D,Its front leg is a parallelogram and its back leg is a triangle.
4,7,36,x,M, Sure.
5,0,3,,D,uh it's like a just a thin rectangle in the middle with like two trapezoids on each side it kind of looks like maybe like the side of a traffic light
5,0,3,x,M,maybe my button's not working
5,0,3,,D,yes uh it's like a traffic light
5,0,3,,D," Yeah, like the side of a traffic light."
5,0,3,x,M,"It's just kind of a... Yeah, I think I got it."
5,0,3,x,M,Okay.
5,0,3,x,M,Cool.
5,0,3,x,M,Um...
5,0,4,,D,"This is, like, it's a, like, diamond on top."
5,0,4,,D,"It's, like, a person, I guess, with a leg, like, the right leg stretched down to the right lower corner, like, diagonally, and, like,"
5,0,4,,D," a right arm towards the right, but then there's like a weird trapezoid to the left, like extending towards the left."
5,0,4,,M,There's two of those.
5,0,4,,M,Is the guy like kind of like crooked a little bit or straight?
5,0,4,,D,"No, he's pretty straight up."
5,0,4,x,M,Okay.
5,0,4,,M,There's a straight one.
5,0,4,x,M,I think this is it.
5,0,4,x,M,Yeah.
5,0,4,x,M,Okay.
5,0,5,,D," This one is kind of a weird shape, kind of diagonally."
5,0,5,,D,"There's a diamond at the middle, there's a triangle at the right, and then there's another triangle kind of connected at one corner to the right."
5,0,5,,D, It doesn't really look like anything.
5,0,5,,M,Diamonds and a bunch of triangles?
5,0,5,x,D,Yeah.
5,0,5,x,D,Yeah.
5,0,5,,M,Is it asymmetrical?
5,0,5,,D,"Yeah, it is."
5,0,5,,D,It's very asymmetrical.
5,0,5,,M,"So, does it kind of look like a guy, like, holding out hands, arms on either side?"
5,0,5,,D,"Uh, no."
5,0,5,,M,"It just looks like a... Oh, does it look like a water fountain, sort of?"
5,0,5,,D," Um... No, it's not symmetrical at all."
5,0,5,,M,"Oh, it's not symmetrical."
5,0,5,,D,Yeah.
5,0,5,,D,It just looks like a bunch of shapes put together.
5,0,5,,M,"But is it pretty, like, hefty at the bottom?"
5,0,5,,D,"Uh, no."
5,0,5,,D,"It's just kind of, like, one, like, trapezoid in the middle that's kind of diagonal and, like, horizontal."
5,0,5,,D,And there's just different shapes attached to it.
5,0,5,x,M,Uh-oh.
5,0,5,x,M,Um...
5,0,5,,D,"There's, like, four triangles and a diamond..."
5,0,5,,D," Okay, more triangles, more triangles, more triangles."
5,0,5,x,M,Uh...
5,0,5,x,M,I'm just gonna guess.
5,0,5,x,M,I don't quite...
5,0,5,,M,"Wait, which side is it asymmetrical to?"
5,0,5,,D,It's like asymmetrical like everywhere.
5,0,5,x,M,"Oh no, okay."
5,0,5,,D," Yeah, at the top there should be like a diamond kind of weirdly on the edge of a triangle."
5,0,5,,D,On the edge of a triangle.
5,0,5,x,M,Yeah.
5,0,5,x,M,That sounds cool.
5,0,5,x,M,"Sorry, I'm just being indecisive."
5,0,5,x,M,I'm just going to go with one.
5,0,5,x,M,I think it's wrong.
5,0,5,x,M,Whatever.
5,0,5,x,M,Uh-oh.
5,0,5,x,D," No, this one's a sad kid riding a dog."
5,0,5,x,M,Oh!
5,0,6,,D,"So this one, he has a super small head with a triangle, but it kind of looks like he's bending down towards the left with his back bent, and he's picking up something that's like a diamond."
5,0,6,x,M,"Yeah, I got it."
5,0,6,x,M,Yeah.
5,0,6,,M, I think this looks like a rabbit reading a book.
5,0,6,x,M,Oh.
5,0,7,,D,It looks like one of those cash register scanners facing the right.
5,0,7,,D,Facing the right.
5,0,7,,M,Cash register.
5,0,7,,D,Like one of the scanners for the groceries.
5,0,7,x,M,"Oh, okay."
5,0,7,x,M,Got it.
5,0,7,x,M,Yeah.
5,0,7,x,M,Yeah.
5,0,8,,D," Um, I mean, this one looks like a dog facing the left."
5,0,8,,M,"Okay, I actually have two dogs."
5,0,8,,M,"Is it, like, standing flat?"
5,0,8,,D,"Oh, yeah, it's standing flat, like, with, I guess, back legs a little bit bent and, like, front legs a little bit diagonal."
5,0,8,,D,"Okay, it doesn't have a tail."
5,0,8,x,M,Yeah.
5,0,8,,D, Like a wiener dog.
5,0,8,x,M,Oh yeah.
5,0,9,,D,"Um, this one kind of looks like..."
5,0,9,,D,"I guess like a dog, but like pretty long neck and like the legs are like triangles."
5,0,9,,D,"Yeah, like it has a tail."
5,0,9,,D,"Yeah, it has a tail going up."
5,0,9,,M,I think this one looks like a balloon dog.
5,0,9,x,D,Oh yeah.
5,0,10,,D, um this one's pretty symmetrical it looks like a dumpling or like a water fountain like it has two things going up the sides oh i see yeah
5,0,11,,D,um this one this one just looks like two like i guess little alters
5,0,11,,D,like the left one is shorter it's kind of like trapezoidish
5,0,11,,D,the right one's like more straight like a rectangle with a diamond on top they're like right next to each other um
5,0,11,,M, There's a couple.
5,0,11,x,M,I think this is the right one.
5,0,11,x,M,"Yay, great."
5,0,12,,D,"This one looks like a guy who's, I guess, kneeling or sitting somewhere, but no arms outstretched."
5,0,12,,M,Just kneeling?
5,0,12,,D,"Yeah, kneeling guy."
5,0,12,,D,"Yeah, just kneeling."
5,0,13,,D, This one's a house with a long chimney on the right.
5,0,14,,D,"This one's a guy facing the right, kind of bending his knees, and it's like he's holding something on the right side."
5,0,14,,D," Yeah, like a bowl."
5,0,14,x,M,Yeah.
5,0,14,,D,Bowl.
5,0,15,,D,This one is kind of like sitting on the floor with his legs kind of pulled towards him.
5,0,15,,D,He's like facing the left.
5,0,15,,D,"Yeah, it's a sad boy."
5,0,15,,D,"Yeah, it's very sad."
5,0,16,,D," This one looks like one of those, like, paper origami boats with, like, a diamond on top."
5,0,16,,M,Does it also kind of look like a reception desk?
5,0,16,,M,Uh... With the person waiting there?
5,0,16,x,D,I think this is right.
5,0,16,,M,"It's symmetrical, right?"
5,0,16,x,D,"Oh, yeah, yeah, yeah."
5,0,16,x,M,"Yeah, okay."
5,0,16,,M," Yeah, I see the boat."
5,0,17,,D,"This one looks like somebody facing the right, but it also looks like they have rabbit ears on."
5,0,17,,M,"Oh yeah, like a rabbit costume."
5,0,18,,D,"It's like, is there a cape?"
5,0,18,,D," This one, he's facing the left."
5,0,18,,D,"He's holding something, kind of like a waiter."
5,0,18,,D,Looks like he has a tray with a towel on his arm that he's down.
5,0,18,x,M,Yeah.
5,0,19,,D,"This one looks like a weird, I guess, bird or something with a long neck on the right."
5,0,19,,M," Oh yeah, it's like pooping?"
5,0,19,,D,Yeah.
5,0,19,,M,A poopy swan.
5,0,19,,D,Yeah.
5,0,20,,D,"Um, this one's like another type of, it looks like somebody holding a bowl towards their left, but like their right side of the body is kind of cut off."
5,0,20,x,M,Uh...
5,0,20,,D, a bowl.
5,0,20,,M,Does it look like he's running or just standing still?
5,0,20,,D,It looks like he's standing still holding a bowl on the left and then on the right it's not like a full rectangle.
5,0,20,,D,It's kind of cut off.
5,0,20,x,M,Okay.
5,0,20,x,M, a bull.
5,0,21,,D,It looks like he's standing still holding a bull on the left and then on the right it's not like a full rectangle.
5,0,21,,D,It's kind of cut off.
5,0,21,,D,Okay.
5,0,21,,D,Yeah.
5,0,21,,M,oh yeah okay i see that and i thought it was like a weird animal but sunglasses makes more sense that's funny
5,0,22,,D," This one is kind of a guy kind of, like, leaning out of something with his arms, like, stretched out over his head."
5,0,22,,D,"And, like, he's waving both hands."
5,0,22,,M,"Oh, like, it looks like the Jesus statue?"
5,0,22,,D,"Uh, yeah, but, like, kind of diagonal."
5,0,22,,M,"Okay, yeah, yeah, diagonal guy."
5,0,22,,M,"Oh, I meant, like, the Brazilian Jesus statue."
5,0,22,x,D,"Oh, right, right, right."
5,0,22,x,D,"Yeah, that one."
5,0,22,x,D,Very specific.
5,0,22,x,D,Okay.
5,0,23,,D," This one, it kind of looks like a, I guess just a wrench on the right with this weird triangle attached to it on the left."
5,0,24,,D,"Yeah, this one's weird."
5,0,24,x,D,I don't like it.
5,0,24,x,D,Yeah.
5,0,24,,D," This one's, like, a guy..."
5,0,24,,D,"It's kind of like he's doing a handstand with his, like, legs as triangles at the top."
5,0,24,,D,"And then his body, his, like, head and stuff is towards the left."
5,0,24,x,M,"Oh, wow, yeah, I see that."
5,0,24,,M,"I thought it was another bunny, but I thought it was..."
5,0,25,,D,"This one's, like, a little, like..."
5,0,25,,D,tulip or like a flower with like like a trapezoid like extending down towards the lower right attached to it so like kind of like a flower
5,0,25,x,M,oh yeah oh
5,0,25,,M,this is i thought this is the monster like the little guy waving his arm up but tulip actually makes sense too no no i get tulip this one
5,0,26,,D," It's like a guy, like, with one feet on the floor, with the other leg a little bit extended towards the left."
5,0,26,,D,"His head's kind of, like, leaned back, and his arms are kind of towards the air."
5,0,26,x,M,"Oh, yeah."
5,0,26,,D,It looks like he's dancing.
5,0,26,,D,Spooky dancing.
5,0,26,x,M,Yeah.
5,0,26,x,M,Yeah.
5,0,26,x,M,Yeah.
5,0,27,,D," This one's, like, a really tall guy with a backpack on the left."
5,0,27,x,M,"Oh, yeah."
5,0,27,,M,Tall guy.
5,0,27,x,D,Yeah.
5,0,27,,M,Blockhead.
5,0,28,,D,"This one, this guy's kind of, like, kneeling down towards the right."
5,0,28,,D,"Again, like, holding, like, maybe with his arms kind of stretched out a bit."
5,0,28,,D,uh towards the right yeah he's like he looks like he's holding like the tray again and he's like kneeling down towards facing the right okay
5,0,29,,D,yeah this one's like another house but like with the chimney plus
5,0,29,,D, Very weird.
5,0,29,,D,Mushroom house.
5,0,30,,D,"Uh, this one's kinda like a guy just standing there, but with like, his right arm stretched out, but his left side is like covered by like a rectangle."
5,0,30,,M," So does he have, like, the leg extended?"
5,0,30,,D,"Like, his shoulders are straight, and the left side is a rectangle, and the right side of his body is kind of like a triangle-ish."
5,0,30,,M,It's pretty asymmetrical.
5,0,30,,D,"Yeah, it's asymmetrical."
5,0,30,x,D,...
5,0,31,,D," Um, this guy's, like, taking a huge step towards the left with, like, his- Yeah, Monopoly guy."
5,0,31,x,M,"Oh, yeah."
5,0,31,x,M,Sorry.
5,0,31,x,M,"No, no, no, I get it."
5,0,31,,D,He looks like he's running towards something.
5,0,31,x,M,Yeah.
5,0,32,,D,"This one's, like, with- it's kicking his leg out towards the right, and he's facing the left."
5,0,32,x,M,Yeah.
5,0,32,x,M,Yeah.
5,0,32,,D,Kick guy.
5,0,33,,D, This one is kind of dancing.
5,0,33,,D,They're facing the right.
5,0,33,,D,There's a leg towards the left.
5,0,33,,D,But they're facing the right with their arms stretched out towards the upper right.
5,0,33,x,D,"Yeah, this one's like"
5,0,34,,D, A little dog on top of a jumping dog.
5,0,34,,M,"Yeah, yeah."
5,0,34,,D,A dog riding a dog.
5,0,35,,D,"This one looks like just, I guess, some sort of fruit."
5,0,35,,D,There's like two diamonds overlaid on each other.
5,0,35,,M,"Oh yeah, it's like a cord."
5,0,35,x,M,Yeah.
5,0,36,,D," This one, it looks like he's, like, breakdancing or something."
5,0,36,,D,"He has, like, a leg stretched out towards the lower right."
5,0,36,x,E,Okay.
5,0,36,x,E,Yeah.
5,0,36,x,E,Yay.
5,0,36,x,E,Good job.
5,0,36,,E, .
5,0,36,,E,.
5,0,36,,E, Okay.
5,1,1,,D,"Uh, balloon dog with a tail facing the left."
5,1,1,x,M,Okay.
5,1,1,x,M,Yeah.
5,1,2,,D,"Uh, the music stand?"
5,1,2,,M,The music stand?
5,1,2,,D,"Or, yeah, it has a rectangle at the bottom."
5,1,2,x,M,"Oh, okay."
5,1,2,,D,"It looks like a Nessie, too, actually."
5,1,2,x,M,Uh...
5,1,2,,D,Rectangle at the bottom.
5,1,2,,M,"Yeah, this big chunk, yeah."
5,1,2,,D,Looks like a dinosaur to me now.
5,1,2,x,M,"Okay, what's this?"
5,1,3,,D,"Uh, this is the flat dog."
5,1,3,,D,The dog standing flat to the left.
5,1,3,,M,"Is the kind of, like, long one?"
5,1,3,,D,"Yeah, the wiener dog."
5,1,3,,M,"Oh, wiener dog."
5,1,4,,D,"Uh, the house with the extra roof thing, triangle."
5,1,4,,D,Mushroom house.
5,1,4,x,M,"Oh, okay."
5,1,5,,D,"Uh, the ballet dancer?"
5,1,5,,D,He's facing the right.
5,1,5,x,M,"Uh, yeah."
5,1,5,,D,"Stretched out, weirdly."
5,1,5,x,M,Right.
5,1,6,,D,"Uh, sad boy."
5,1,6,x,M,Uh.
5,1,6,,D,Sitting facing left.
5,1,6,x,M,Uh-oh.
5,1,6,x,M,That's okay.
5,1,6,x,M,We all know this is the sad boy.
5,1,7,,D,"Uh, the, like, guy kicking up with two triangles as legs facing the left."
5,1,7,x,M,Uh...
5,1,7,,D,"Also, like, two triangle legs all the way up the top."
5,1,7,,D,It kind of looks like bunny ears at the top.
5,1,7,x,M,"Oh, okay."
5,1,7,,D,"Yeah, we can just do bunny ears for this."
5,1,7,,D,I don't think there's anything else.
5,1,7,,M,Bunny ears at the top?
5,1,7,,M,Okay.
5,1,7,,D,"Yeah, two triangles."
5,1,7,,D,It's like a bunny drinking tea.
5,1,7,x,M,Yeah.
5,1,8,,M,The cashier register thing.
5,1,9,,D,"Guy also kind of dancing, but then extending a leg out like a triangle at the bottom."
5,1,9,,D,"And then a weird, like, trapezoid sticking out of his other side."
5,1,9,,M,"Oh, like, towards the lower right?"
5,1,9,x,D,Yeah.
5,1,9,x,D,I don't know what this is.
5,1,10,,D,This is also a dancer guy.
5,1,10,x,M,"Yeah, I think this one."
5,1,10,,M,It's like a Turkish dancer.
5,1,10,,D,"Yeah, I think this is a Turkish dancer."
5,1,10,,M,"Okay, guy kicking."
5,1,10,,M,Back kick.
5,1,10,x,D,"Ah, yeah."
5,1,11,,D,"Uh, dog riding a dog."
5,1,11,x,M,"Uh, okay."
5,1,12,,D,"Um, guy with the bull facing the right, but, like, knees bent a little bit."
5,1,12,x,M,"Oh, I see it."
5,1,13,,D,A bunny reading a book.
5,1,13,,D,Like kind of looking down.
5,1,13,,D,Or holding a diamond.
5,1,13,,D,Facing the left.
5,1,13,,D,"Oh, oh, oh, right."
5,1,13,,D,"Yeah, triangle here."
5,1,13,,D,"Basically, all the triangle guys are bunnies."
5,1,13,x,M,This one.
5,1,13,x,M,Yeah.
5,1,14,,D,"Oh, sunglasses."
5,1,14,,M,Sunglasses?
5,1,14,x,D,Yeah.
5,1,14,x,M,"Yes, I got it."
5,1,15,,D,"Uh, regular house."
5,1,16,,D,"Uh, kneeling guy."
5,1,16,,D,"Uh... Just, like... Just kneeling."
5,1,16,,D,To the right.
5,1,16,,M,"Oh, okay, like, no legs, no arms."
5,1,16,x,D,Yeah.
5,1,16,x,M,Okay.
5,1,16,,M,The blob.
5,1,17,,D,"Uh, the waiter guy, like, holding something on a towel to the left."
5,1,17,x,M,Yeah.
5,1,18,,D,"Uh, traffic light."
5,1,18,x,M,"Oh, yeah."
5,1,18,x,M,Okay.
5,2,1,,D,"Uh, so this is the sad looking guy."
5,2,1,,D,Sad boy.
5,2,2,,D,"Is that the loo- uh, the wiener dog?"
5,2,2,,D,The wiener dog.
5,2,2,x,M,Yeah.
5,2,3,,D,Is this the back gate?
5,2,3,x,M,Uh-huh.
5,2,4,,M,Is this the traffic light?
5,2,5,,M,"Uh, the sunglasses."
5,2,6,,M,It's like the ballet dancer with the weird outstretched legs.
5,2,7,,M,This is the guy that's also dancing with an outstretched leg but with a weird trapezoid in the left side.
5,2,7,x,M,Yeah.
5,2,8,,D,This is the guy bending down with a book.
5,2,8,,M,You mean the bunny?
5,2,8,x,D,"Oh yeah, yeah."
5,2,8,,D,The bunny.
5,2,8,x,M,It's okay.
5,2,8,,M,You don't have to call it a bunny.
5,2,8,,D,"Yeah, but only one ear."
5,2,8,x,M,Yeah.
5,2,8,,D,"Yeah, it's like a side profile bunny."
5,2,8,x,D,You know?
5,2,8,x,M,Yeah.
5,2,9,,D,"Uh, the guy that's venting at the beach towards the right is like a bull."
5,2,10,,D,"Uh, this is like the other bunny ears."
5,2,11,,D,This is the balloon dog.
5,2,11,,D,Balloon dog.
5,2,12,,D,"And then this is like the guy that's kneeling with no arms, no legs."
5,2,13,,D,This is the house with the mushroom.
5,2,13,,D,Mushroom.
5,2,13,,D,Mushroom house.
5,2,13,,D,A tiny house that's under a mushroom.
5,2,14,,D,"Oh, this is the music stand or the one with the rectangle at the bottom?"
5,2,14,,D,It's a music stand or
5,2,14,,D,On Nessie.
5,2,14,,D,You don't see the Nessie?
5,2,14,x,M,"Oh, yeah, I actually, yeah."
5,2,15,,D,This is the other house.
5,2,16,,D,This is the dog riding a dog.
5,2,16,x,D,They're on an adventure.
5,2,17,,D,"This is the guy that's kind of like a waiter, towards the left, holding like a tree in his hand."
5,2,18,,D,This is the cash register scanner thing.
5,2,18,x,E,Good.
5,3,1,,D,uh flat dog wiener dog
5,3,2,,D, mushroom house
5,3,3,,D,regular house 
5,3,4,,D, a balloon dog
5,3,5,,D,Nailing blob guy?
5,3,5,x,M,"Uh, yeah."
5,3,6,,D,Sunglasses.
5,3,7,,D,Sad boy.
5,3,8,,D,A waiter?
5,3,8,,D,Waiter guy?
5,3,9,,D,"Uh, Nessie?"
5,3,9,x,M,"Oh, yeah."
5,3,9,x,D,I can't unsee the Nessie now.
5,3,9,x,D,It's just a Nessie.
5,3,10,,D,"Uh, ballet guy."
5,3,10,,D,Ballet dancer.
5,3,11,,D,The other dancer guy.
5,3,12,,D,Bunny with two ears.
5,3,13,,D,"Uh, bent knee with bowl."
5,3,13,x,M,Yeah.
5,3,14,,D,"Uh, back kick guy."
5,3,15,,D,Dog on a dog.
5,3,15,x,D,Adventure friends.
5,3,16,,D,Traffic light.
5,3,17,,D,Cash.
5,3,17,,D,scanner thing.
5,3,18,,D,Bunny with one ear.
5,3,18,x,M,Yep.
5,3,18,,M,A reading bunny.
5,3,18,x,E,"Okay, I feel my leg moving a little bit, so I'm going to move it a little bit."
5,3,18,x,E,Okay.
5,3,18,x,E,I might have drifted in that one.
5,3,18,,E,"I was trying not to, but... No, well, I shouldn't stretch, but okay, I'm good."
5,3,18,,E,Getting competitive.
5,3,18,,E,Amazing.
5,4,1,,D,"Uh, this is the guy with the legs bent, with the pole on the right."
5,4,2,,D,"Uh, it's a regular house."
5,4,2,,D,"It looks like a farm, actually."
5,4,2,,D,A farm house.
5,4,2,,D,"Yeah, a barn."
5,4,2,,D,A farm.
5,4,3,,D,"Uh, the dog riding a dog."
5,4,4,,D,Ballet dancer?
5,4,4,x,M,Yeah.
5,4,5,,D,This register scanner thing.
5,4,6,,D,The balloon dog.
5,4,6,,D,The balloon dog.
5,4,7,,D,"Uh, um, two bunny ears."
5,4,7,,D,Two bunny ears.
5,4,7,,D,Definitely not a pup.
5,4,7,,D,"Yeah, he's like drinking tea."
5,4,7,,D,He's only drinking tea.
5,4,7,x,D,Yeah.
5,4,8,,D,"Uh, sunglasses."
5,4,9,x,D,"Uh, weiner dog?"
5,4,10,,D,"Uh, traffic light?"
5,4,11,,D,"Uh, Nessie?"
5,4,12,,D,"Uh, the really sad guy."
5,4,12,,D,Sad boy.
5,4,13,,D,I'm just gonna deal with the block guy.
5,4,13,,D,"No arms, no legs."
5,4,13,,D,Blah blah.
5,4,13,,D,Just call him a blob.
5,4,14,,D,"Ah, mushroom house."
5,4,15,,D,"Uh, waiter?"
5,4,16,,D,"Uh, the back kick."
5,4,16,,D,Karate guy.
5,4,16,,D,"Although he kinda looks whimsical, too."
5,4,17,,D,"Uh, is that one bunny ear?"
5,4,18,,D,"Uh, it's the other dancing guy with the weird copper sword on the left."
5,4,18,x,E,Yay.
5,5,1,,D,"Bunny, two ears."
5,5,1,x,E,Okay.
5,5,1,x,E,Huh?
5,5,1,x,E,Uh-oh.
5,5,1,x,E,"Oh, I got the buttons mixed up."
5,5,1,x,E,Uh-oh.
5,5,1,x,E,That's okay.
5,5,2,,D,Backkick guy.
5,5,2,x,M,Yeah.
5,5,3,,D,Ballet guy.
5,5,3,x,D,"They don't have to be guys, but they're guys."
5,5,3,x,D,They're dudes.
5,5,4,,D,Sunglasses.
5,5,5,,D,Mushroom House.
5,5,6,,D,Dusty.
5,5,7,,D,Topic light.
5,5,8,,D,Dog on dog.
5,5,9,,D,Bent knee guy.
5,5,10,,D,One ear bunny.
5,5,10,,D,A reading bunny.
5,5,10,,D,A literate bunny.
5,5,11,,D,Regular house or barn
5,5,12,,D,Sad boy
5,5,13,,D,Kneeling Blob
5,5,14,,D,Balloon dog
5,5,15,,D,wiener dog
5,5,16,,D,Waiter guy.
5,5,17,,D,Other dancer.
5,5,18,,D,cash thing register scanner okay
5,6,1,,D,This is the other dancer with the weird trapezoid on the left.
5,6,2,,D,Mushroom house.
5,6,2,,D,"Mushroom, mushroom."
5,6,3,,D,Sweeter dog?
5,6,4,,D,"Uh, kneeling guy, just blocks."
5,6,4,x,M,"Wait, I didn't hear."
5,6,4,,D,Blob?
5,6,4,,D,"Yeah, just like a block."
5,6,4,,D,A blob.
5,6,4,x,D,Yeah.
5,6,4,,D,A blob guy.
5,6,5,,D,uh the one bunny ear 
5,6,5,,M,the one
5,6,5,,D,yeah just the one
5,6,6,,D,uh the cash register scanner
5,6,7,,D,The traffic light.
5,6,8,,D,A regular house.
5,6,9,,D,sunglasses.
5,6,10,,D,The kneeling guy to the right.
5,6,11,,D,The non-blob guy.
5,6,11,,M,"Yeah, they'll fit these."
5,6,12,,D,Waiter 
5,6,13,,D,Ballet dancer
5,6,14,,D,That bullet dog.
5,6,15,,D,The sad guy.
5,6,15,x,D,They wouldn't be sad if they all hung out with each other.
5,6,16,,D,"Uh, the two buddies."
5,6,17,,D,Nessie
5,6,18,,D,And the two dogs.
5,6,18,x,E,"Half done at lunch, eh?"
5,6,18,x,E,"Yay, I'm almost done."
5,6,18,x,E,Nope.
5,7,1,,D, A bent knee guy.
5,7,2,,D,A tulip.
5,7,2,,D,Surprise tulip.
5,7,2,x,M,"Oh, yeah."
5,7,2,x,M,Sneaky.
5,7,3,,D, Dog on dog.
5,7,3,x,M,Yes.
5,7,4,,D,Traffic light.
5,7,5,,D, A sad bunny sitting towards the right.
5,7,5,x,M,"Uh, ah, I see it."
5,7,6,,D,"A guy, like, kicking to the right, like, a leg extended."
5,7,6,,M,"Kind of like he's, like, breakdancing?"
5,7,6,,D,"Yeah, breakdancing guy."
5,7,6,x,M,Okay.
5,7,7,,D," Um, it's like the kneeling bent knee bowl guy, but then has an extra thing sticking out of the left."
5,7,7,,D,Like he's facing the right.
5,7,7,,D,He's facing the right.
5,7,7,,D,And has like a weird triangle thing on his butt.
5,7,7,,D,He's holding a bowl.
5,7,7,,D,A big bowl.
5,7,7,x,M,"Oh, okay."
5,7,8,,D," It's like a guy holding a bowl, but then to the left."
5,7,8,,D,"And on the right, he's just a triangle."
5,7,8,x,M,Okay.
5,7,8,,D,"Like a judge, actually."
5,7,9,,D,"Guy doing a weird spooky dance with his, like, legs up high."
5,7,9,x,M,Yeah.
5,7,9,x,M,Yeah.
5,7,10,,D, Sunglasses.
5,7,11,,D,Feeling blob guy.
5,7,12,,D, A cool guy with a backpack.
5,7,12,x,M,Yep.
5,7,13,,D,"Uh, our second dancer guy?"
5,7,13,,M,With a trapezoid on his side?
5,7,13,x,D,"Uh, yeah."
5,7,14,,D, weiner dog.
5,7,15,,D,"Monopoly guy is, like, running."
5,7,15,x,M,"Uh, yeah."
5,7,16,,D," Uh, one ear bunny."
5,7,16,,M,One ear?
5,7,16,,D,One ear.
5,7,16,,D,"Yeah, reading bunny."
5,7,17,,D,A guy on a boat.
5,7,17,,D,The origami boat.
5,7,17,x,M,"Ah, yeah."
5,7,18,,D, A gourd?
5,7,18,,D,A fruit?
5,7,19,,D,"Um, it's like a guy dancing also with his arms stretched out, but he's kind of kneeling, and he's facing the right."
5,7,19,x,M,"Oh yeah, I see it."
5,7,20,,D,Waiter Guy
5,7,21,,D,Nessie
5,7,22,,D, Cash scanner thing.
5,7,23,,D,Dumpling.
5,7,23,,D,Dumpling.
5,7,24,,D, Mushroom House.
5,7,25,,D,It's like the Jesus with his arms up guy.
5,7,26,,D, Bat kick guy.
5,7,27,,D,"Um, it looks like a water fountain to me."
5,7,27,,D,It's got a- it's like a diamond at the top and then a rectangle on the right.
5,7,28,,D, Two ears bunny.
5,7,28,x,M,Um...
5,7,29,,D, It's like a sad dog riding a dog.
5,7,29,x,M,"Uh, I see it."
5,7,29,x,M,Don't be sad.
5,7,30,,D,Sad boy!
5,7,31,,D, Balloon dog.
5,7,31,x,M,Yep.
5,7,32,,D,"Uh, another water fountain, but it's like just a rectangle on the left and then asymmetrical on the right."
5,7,32,x,M,Okay.
5,7,33,,D, Ballet dancer.
5,7,34,,D,Regular house.
5,7,35,,D, A pooping swan.
5,7,35,x,M,Yeah.
5,7,36,,D,A weird wrench thing?
5,7,36,x,M,"Yeah, I see it."
5,7,36,x,M, Yay.
5,7,36,x,M," I can hold that, I'm fine."
6,0,17,,D,"The other bunny-looking one, there are two ears that are small triangles,"
6,0,17,,D,"and then on the left side of the figure, there's a little square that's balancing on top of another triangle that's part of the body."
6,0,17,x,M,"Sorry, it's not letting me move from left to right."
6,0,17,x,M,"Okay, got it."
6,0,17,,M," Is there a square in this one, Karina?"
6,0,17,,D,"Yeah, there's a square on the left side."
6,0,17,x,M,"Okay, got it."
6,0,18,,D,"Looks like a person holding, like, a triangle, and it kind of looks like their knee is bent, so..."
6,0,18,x,M,"Okay, got it."
6,0,19,,D," Um, this one's, like, skinny, but it's tilted."
6,0,19,,D,"So... Um, kind of looks like a pair of sunglasses."
6,0,19,x,M,"Okay, I think I got it."
6,0,19,x,M,Got it.
6,0,20,,D,This one's pretty symmetric.
6,0,20,,D,It's a hexagon that's flat.
6,0,20,,D, and then on top of that there's a triangle and a square.
6,0,20,x,M,Can you say that one more time?
6,0,20,,D,"It's a flat hexagon on the bottom, and then on top of that there's a little triangle and then a diamond."
6,0,20,,M,"It's symmetric, you said?"
6,0,20,,D,Yeah.
6,0,21,,D,"Um, looks like a person riding"
6,0,21,,D, horse or something.
6,0,21,x,M,Okay.
6,0,21,,D,And the horse has a little triangle for a tail and a triangle for a head.
6,0,21,x,M,Got it.
6,0,22,,D,Looks like a figure that's standing up has like a square for a head and two little triangles for feet that look like flippers.
6,0,22,x,M," Okay, got it."
6,0,23,,D,There are two heads in this one.
6,0,23,,D,There's one diamond and one upside down triangle.
6,0,23,,D,They're on like different levels.
6,0,23,,D,So the diamond is toward the right and it's tall.
6,0,23,,D," And the upside-down triangle's on the left, it's shorter."
6,0,23,x,M,"Got it, okay."
6,0,24,,D,"Um, just one head in this one, it's a diamond that's slightly to the left."
6,0,24,,D,"Um, it's on top of, like, a triangle-y thingy that melts into the body."
6,0,24,x,M, Okay.
6,0,25,,D,This one's another house and there's a big tall rectangle to the right of it.
6,0,25,x,M,Got it.
6,0,26,,D," Kinda looks again like someone riding a horse, except this time the person's head is just on top of a parallelogram."
6,0,27,,D,looks fairly almost symmetric there are like three points um
6,0,27,,D,except it's coming out of something on the right side
6,0,27,,D,it's kind of like a ghost coming out of um like a bottle or something it's so much
6,0,27,,M,oh i see okay
6,0,28,,D, Looks like some sort of animal.
6,0,28,,D,It has two legs and a tall neck and a head on the left side.
6,0,28,x,M,Okay.
6,0,28,x,D,"Oh yeah, that's really similar."
6,0,29,,D,Looks like a very squat person holding a book.
6,0,29,,D, Their lower body...
6,0,29,,D,Very strange looking.
6,0,30,,D,There's a diamond head and then below that there's kind of a weird quadrilateral.
6,0,30,,D,Another weird quadrilateral below that.
6,0,30,,D,It's very asymmetric.
6,0,30,,D,And then a triangle and a little triangle on the bottom right corner.
6,0,30,,M, Okay.
6,0,30,,M,It has a diamond at the top?
6,0,30,,D,Yeah.
6,0,31,,D,Looks like a seesaw that's been turned lopsided towards the right.
6,0,31,x,M,Got it.
6,0,32,,D, Kind of just looks like a potato that grew a diamond for a head.
6,0,33,,D,"This is another one that looks like someone holding a book, except their upper body is stretched and the book is a square on the bottom left."
6,0,33,,D, They're kind of like bent over.
6,0,33,,D,And they have a triangle for a head?
6,0,33,,M,Yeah.
6,0,34,,D,Looks like someone balancing on one leg.
6,0,34,,D,And they have two like triangles for arms and a diamond for a head.
6,0,34,x,M,Okay.
6,0,35,,D, A rectangle with a long neck on the left side.
6,0,35,,D,It kind of looks like an L. Yeah.
6,0,36,,D,Looks like someone shrugging and they're kind of tilted.
6,0,36,x,E, Okay.
6,0,36,x,E, Good.
6,0,36,x,E,"I don't know how hard it's supposed to be to hear, but I got a lot of noise in my ears too."
6,0,36,,E,Yeah.
6,0,36,,E,Good.
6,0,36,,E,Okay.
6,0,36,,E,Gotcha.
6,0,36,,E,Okay.
6,0,36,,E, OK. OK.
6,0,36,,E,Cool.
6,0,36,,E,Good.
6,0,36,,E,Cool.
6,0,36,,E,Yep.
6,1,1,,D,"Okay, this looks like somebody that's kneeling."
6,1,1,,D,They have a diamond head and it's a triangle that's returning to the right.
6,1,1,,D,So a diamond head stacked on top of another diamond.
6,1,1,,D,It looks like a kneeling person.
6,1,1,,D,And they're like two triangular shapes on the right hand side.
6,1,1,x,M,Okay.
6,1,1,,D,Looks like they're kneeling.
6,1,1,,M,Are there two triangles or something?
6,1,1,,D,"Yeah, it kind of looks like something's kneeling, looking upwards almost."
6,1,1,,D,"But yeah, a diamond sort of head, and then there's two triangular shapes that are protruding to the right."
6,1,2,,D,"This looks almost like a candlestick, but it has another shape off to the left."
6,1,2,,D,So overall a candle.
6,1,2,x,D,"Yeah, awesome."
6,1,3,,D,This looks like a bunny rabbit and it has a triangular shaped body.
6,1,4,,D,"This looks like somebody riding a horse or a bull, and it has a triangle as a tail."
6,1,5,,D,"Okay, this has a diamond as a head."
6,1,5,,D,It's attached to something that looks kind of like a trapezoid.
6,1,5,,D,"If you want to think about it as a person, it looks like somebody has one knee out and is stepping forward."
6,1,5,x,D,Yep.
6,1,6,,D,This looks like somebody that's shrugging.
6,1,6,x,M,What's a runner?
6,1,6,,D,"Shrugging, yeah."
6,1,6,,D,Has a diamond-shaped head and is kind of tilted.
6,1,6,x,M,"Oh, shrugging."
6,1,6,x,D,"Shrugging, yep."
6,1,7,,D,"This also looks somewhat like a candlestick figure, so it has a diamond head, but its body is thicker and it's not regularly shaped."
6,1,7,,D,"So the left-hand side is completely straight as a line, but the right-hand side has some curves on it."
6,1,7,x,M,"Oh, got it."
6,1,8,,D,This looks like a ghost or like a tulip shaped flower.
6,1,8,,D,"It's angled towards the right, if that makes sense."
6,1,8,,D,"So it's not perfectly symmetrical, but the top looks like a tulip and there's some stuff on the right side."
6,1,9,,D,This looks like a scale that's tilted off to the right.
6,1,10,,D,"This has a diamond as its head, and then immediately off to the right there's a triangle, but it's all attached to something that looks pretty irregularly shaped."
6,1,10,,D,"Yeah, it almost looks like if it were a person, somebody with a ponytail."
6,1,10,,D,So a diamond with a triangle attached to the right-hand side.
6,1,10,,D,"And just the rest of it, just one big blob."
6,1,10,,D,"Sorry, it's just a diamond shape with a triangle attached to the right-hand side in its bottom corner."
6,1,10,,M,The bottom corner?
6,1,10,,D,"Yeah, so just looking at the diamond as a head, it has a triangle, an equilateral triangle that's attached to its bottom corner."
6,1,10,,M,Is it one of the smaller ones?
6,1,10,,D,It's one of the smaller ones.
6,1,10,,D,It's a little bit shorter than the other ones.
6,1,11,,D,"This looks like somebody that might be kicking something, so"
6,1,11,,D,"His left leg is slightly higher than the right, and he's standing on his right leg."
6,1,11,,D,"There's a square off to the right hand side, but it looks like a person that's just lifting his leg up."
6,1,12,,D,"This looks like somebody with a diamond head that might be holding a bowl, so there's a triangle on the left hand side, slightly below the diamond head."
6,1,12,,M,What do you say they would be holding?
6,1,12,,D,"It's kind of like a person's shape, so he has a diamond head and then there's a triangle slightly below him, almost like somebody's holding a cup or a glass."
6,1,12,x,M,"Oh, I see."
6,1,13,,D,This is a symmetrical shape.
6,1,13,,D,It looks like it's a diamond atop.
6,1,13,x,M,"Oops, sorry."
6,1,14,,D,This looks like an upside down pine tree.
6,1,14,,D,It's also a symmetrical shape.
6,1,15,,D,"This looks like somebody that is maybe walking, so their stride is split."
6,1,15,,D,"If they have two legs, it's split."
6,1,15,,D,And it has a diamond head with
6,1,15,,D,a more triangular body.
6,1,16,,D,This looks like a scuba diver so their feet have little triangle slippers.
6,1,17,,D,This looks like a swan or some sort of bird.
6,1,17,,D,"So on the right-hand side, it should look like something with an animal with a long neck."
6,1,17,,D,And there's a small triangle in the bottom left corner of the shape.
6,1,18,,D,"This looks like a crab, and it's a symmetrical shape."
6,1,18,x,E,Good.
6,1,18,x,E,OK. OK.
6,1,18,x,E,Sure.
6,1,18,x,E,Okay.
6,2,1,,D,"Um, this is the one you said looked like it had a ponytail."
6,2,1,,D,"So diamond head, triangle on the right side."
6,2,1,x,M,Got it.
6,2,2,,D,This is the person holding a wine glass.
6,2,3,,D,A scuba diver.
6,2,4,,D,A one that's riding a bull or horse.
6,2,4,x,M,"Oh, sorry."
6,2,4,x,M,I pressed the wrong button.
6,2,5,,D,This is the upside-down pie tree.
6,2,6,,D,The swan that's tilted to the right.
6,2,6,,M,The swan?
6,2,6,x,D,Yep.
6,2,7,,D,"Uh, the symmetrical one with a flattened hexagon as the face."
6,2,7,x,M,Okay.
6,2,8,,D,It's a person taking a big step and has a triangle for a body.
6,2,8,,M,A person who's picking up what?
6,2,8,,D,A big step.
6,2,8,,M,Say that one more time.
6,2,8,,D,Big step or running.
6,2,8,x,M,"Okay, gotcha."
6,2,9,,D,Diamond Head has a squat body that's asymmetric.
6,2,9,,D,Left side is straight.
6,2,9,,D,Right side has nothing to say.
6,2,10,,D,Just a candlestick with extra stuff on the left side.
6,2,11,,D,A bunny facing the right.
6,2,11,,M,Say that one more time.
6,2,11,,D,It's like a rabbit facing the right with a triangle as a body.
6,2,12,,D,Looks like a tulip.
6,2,12,x,M,Looks like a what?
6,2,12,x,D,Tulip.
6,2,12,x,M,Can you say that one more time?
6,2,12,x,D,Tulip.
6,2,12,,D,Or a ghost.
6,2,12,x,M,Did he say a dress?
6,2,12,,D,Tulip or a ghost.
6,2,12,,D,A tulip.
6,2,12,x,M,"Okay, thank you."
6,2,13,,D,Symmetric and looks like a crab.
6,2,14,,D,It's the person shrugging and tilted to the left.
6,2,15,,D,"Then overturn, scale, or seesaw."
6,2,15,x,M,Can you say that one more time?
6,2,15,,D,It's a tilted seesaw or a scale.
6,2,15,x,M,Gotcha.
6,2,16,,D,Like a person picking something.
6,2,17,,D,It's the weird one that has a diamond as a head slightly to the left and then a triangle below it and a triangle to the right.
6,2,17,x,M,"Oh, sorry."
6,2,17,x,M,Okay.
6,2,18,,D,Like a person with one leg extended to the right.
6,2,18,x,D,That's straight.
6,2,18,x,E,"I tried not to blink during the reaction thing, like when the image popped up at the end."
6,2,18,,E,So that's better?
6,2,18,,E,OK. OK. OK.
6,2,18,,E,Okay.
6,2,18,,E,Sure.
6,3,1,,D,"Okay, this looks like a candlestick, and there's some stuff on the left-hand side that it's protruding out."
6,3,1,x,M,Got it.
6,3,2,,D,"This looks like a bunny or a rabbit, and it's facing the right."
6,3,3,,D,This looks like a person facing the right and is taking a step.
6,3,4,,D,This is a person riding a bull or horse.
6,3,5,,D,This is a person who looks like he's standing on one leg.
6,3,5,,D,It is facing the left.
6,3,6,,D,This is symmetrical.
6,3,6,,D,It has a hexagonal base.
6,3,6,,D,It has a diamond on top.
6,3,6,x,M,Got it.
6,3,7,,D,"This looks like a person holding a bowl, so it has a diamond on the right side and then a triangle shape on the left side that's a little lower."
6,3,8,,D,This looks like a person shrugging and off to the left.
6,3,9,,D,This looks like somebody is taking a step or walking and they're going to the left.
6,3,10,,D,"This is one of the really weird shapes, so it's a little bit wider."
6,3,10,,D,"It has a diamond at the top and the left is a straight line, but the right has some curves."
6,3,11,,D,This is the scuba diver shape.
6,3,12,,D,This is the crab shape.
6,3,12,,D,It's symmetrical.
6,3,13,,D,This is the scale or the seesaw shape that's tilted off to the right side.
6,3,14,,D,"This is a shorter shape, so it's not as long or as tall as the other ones."
6,3,14,,D,"It has a square and then a diamond, sorry, a square and then a triangle attached to the bottom corner of the shape."
6,3,14,,D,"And a triangle off to the left-hand side, too."
6,3,14,,D,Looks like a girl with a ponytail.
6,3,14,x,M,Okay.
6,3,15,,D,This looks like a ghost or the tulip shape.
6,3,15,x,M,Yep.
6,3,16,,D,This is the upside down pine tree.
6,3,17,,D,This looks like somebody kneeling and facing to the right hand side.
6,3,17,,D,There's two triangles on the right side.
6,3,18,,D,This is the swan shape with the little triangle on the bottom left.
6,3,18,x,E,"Okay, what's the movement, okay?"
6,3,18,x,E,Cool.
6,3,18,x,E,Okay.
6,3,18,x,E,Gotcha.
6,4,1,,D, The person stepping toward the left.
6,4,2,,D,This is the candlestick with stuff on the left.
6,4,2,x,M,Say that one more time.
6,4,2,x,D,The candlestick with stuff on the left.
6,4,3,,D," Also like a candlestick, but wider with a straight left and stuff missing on the right."
6,4,4,,D,The person stepping toward the right
6,4,5,,D, The person that's kicking something one foot off the ground on the left side.
6,4,6,,D,A girl with a ponytail.
6,4,7,,D, Person holding a bowl.
6,4,8,,D,The symmetric crab.
6,4,9,,D, The bunny.
6,4,9,x,M,Say that again.
6,4,9,x,D,Bunny.
6,4,10,,D,The person riding a bull.
6,4,11,,D, A person shrugging.
6,4,12,,D,A tulip shape.
6,4,13,,D, Symmetric with a hexagon on the bottom.
6,4,14,,D,A weird one with diamond and then two triangles on the bottom.
6,4,14,,D,Like a person kneeling.
6,4,15,,D, The swan tilted toward the right.
6,4,16,,D,A scale tilted toward the right.
6,4,17,,D, Scuba diver.
6,4,18,,D,Upside down pine tree.
6,4,18,x,M, Cool.
6,5,1,,D,"A person riding a horse, herbal."
6,5,2,,D,A person taking a step to the left.
6,5,3,,D,Somebody that's shrugging.
6,5,4,,D,Somebody kicking something to the left and is standing on one leg.
6,5,4,,D,Facing the left side.
6,5,4,x,M,Got it.
6,5,5,,D,"This is a wider one and it has a straight side on the left, but it has some ridges on the right."
6,5,5,,M,"Looks like a candlestick, right?"
6,5,6,,D,A person holding a bowl or a cup.
6,5,7,,D,A swan.
6,5,8,,D,A candlestick.
6,5,9,,D,"Somebody that's kneeling, it has two triangles on the right side."
6,5,10,,D,This is the hexagonal base and it's symmetrical.
6,5,11,,D,Upside down pipe country.
6,5,12,,D,This is the girl with the ponytail.
6,5,13,,D,The tulip or the ghost shape.
6,5,14,,D,This is the bunny rabbit.
6,5,14,,D,Facing the right.
6,5,15,,D,This is the scale that's tilted to the right.
6,5,16,,D,The scuba diver.
6,5,17,,D,Somebody taking a step to the right.
6,5,18,,D,The crab shape is symmetrical.
6,5,18,x,E,Gotcha.
6,5,18,x,E,Okay.
6,6,1,,D,The person kneeling with two triangles on the right.
6,6,2,,D,The candlestick with stuff on the left.
6,6,3,,D,The person holding a bowl.
6,6,4,,D,Person taking a step to the right.
6,6,5,,D,The bunny rabbit.
6,6,6,,D,The girl with the ponytail.
6,6,7,,D,The person shrugging.
6,6,8,,D,The scale that's tilted to the right.
6,6,9,,D,The wider candlestick with a straight left side.
6,6,10,,D,The person stepping to the left.
6,6,11,,D,Hexagon as a base and symmetric.
6,6,12,,D,Upside down pine tree.
6,6,13,,D,Person riding a bull.
6,6,14,,D,Scuba diver.
6,6,15,,D,person kicking something to the left.
6,6,16,,D,Symmetric crab
6,6,17,,D,The Tulip.
6,6,18,,D,The Tilted Swan.
6,6,18,,D,"The Swan, yep."
6,6,18,x,E,Sounds good.
6,7,1,,D, This is a person stepping to the left.
6,7,2,,D,This is somebody stepping to the right.
6,7,3,,D, This is a really skinny shape.
6,7,3,,D,It has two triangles on each side.
6,7,4,,D,This looks like a person that's sitting down to the left.
6,7,5,,D, This is a symmetrical shape with a hexagonal base.
6,7,6,,D,This is a little girl with a ponytail.
6,7,7,,D, This looks like somebody that's kicking something behind them with two triangles on the left side of their body.
6,7,8,,D,This looks like the lowercase letter I.
6,7,8,,D,It's all connected as one shape.
6,7,8,x,M,"So, okay."
6,7,8,,D, It has like a diamond as a head.
6,7,8,,D,"Yeah, it has a diamond as a head and it looks like the letter I."
6,7,9,,D,This looks like the letter C but with the bottom part cut off.
6,7,10,,D, This is a swan.
6,7,11,,D,This looks like a crab.
6,7,12,,D, This looks like a person riding a horse.
6,7,13,,D,This looks like a dog.
6,7,13,,D,Its feet are flat on the ground.
6,7,13,,D,It's facing the left.
6,7,14,,D, This is like a person kneeling and facing the right with two triangles on the right.
6,7,15,,D,This is the tulip or the ghost sheep.
6,7,16,,D, This is the bunny rabbit.
6,7,17,,D,This looks like the candlestick.
6,7,18,,D, The scuba diver.
6,7,19,,D,This looks like a house and it has a long rectangle to the right side.
6,7,20,,D, This looks like the other candlestick shape except it has a straight line on the left side and it's wider.
6,7,21,,D,This looks like a pair of sunglasses.
6,7,22,,D," This kind of looks like the bunny rabbit shape, except it has a diamond and a triangle as the two ears."
6,7,23,,D,"This is like the house shape, except it has an arrow on the left."
6,7,24,,D, This looks like somebody with a triangle head who's holding a book.
6,7,24,,D,It has a small head but a bigger body.
6,7,25,,D,This looks like an animal.
6,7,25,,D,"It's facing the left side, but it's not like the dog shape."
6,7,25,,D,It has triangles as legs.
6,7,26,,D, This is a person holding a cup.
6,7,27,,D,Somebody shrugging.
6,7,28,,D, This is somebody that's squatting and has two triangles to the right.
6,7,28,,D,They're facing the right as well.
6,7,29,,D,This is a scale tilted to the right.
6,7,30,,D, Somebody that's taking something to the left and is standing on one leg.
6,7,31,,D,A person riding a horse or a bull.
6,7,32,,D," Okay, this looks like a llama with no legs."
6,7,32,,D,It's facing the left.
6,7,32,,D,It has a rectangular body.
6,7,32,,D,It looks like a llama.
6,7,32,,D,It has a recta- yeah.
6,7,33,,D," Um, this looks like it has bunny rabbit ears, two triangles as ears, and has a square book below it."
6,7,34,,D,"This has a diamond head, and it's on..."
6,7,34,,D,I guess in the bottom right corner there's a triangle.
6,7,35,,D, Upside down pine tree.
6,7,36,,D,Looks like a person holding a towel facing the left and is standing.
6,7,36,x,M, Good.
7,0,1,,D," Okay, so it has like a rhombus on top."
7,0,1,,D,It kind of looks like someone who's like begging almost.
7,0,1,,D,Kind of a tilted trapezoid on bottom.
7,0,1,,D,Kind of a fairly streamlined middle section.
7,0,1,,D,"And then on the right side, there's like a triangle on the right side."
7,0,1,x,M,"Okay, I got it."
7,0,1,,D,Triangle on the right.
7,0,1,x,M,Okay.
7,0,2,,D," Okay, so on the top there are two separate triangles, and then there's a square kind of midway towards the middle."
7,0,2,x,M,Press the wrong button.
7,0,3,,D,"Okay, so Rhombus on the top towards the right, and then on the left around the middle there's an upside-down triangle, so the point's on the bottom."
7,0,3,,D," So, like, Ramos on top, and then on the left, towards the middle, there's an upside-down triangle, and then on the bottom left, there's kind of, like, a foot, almost."
7,0,3,,D,It kind of looks like a person facing left.
7,0,3,x,M,I'm trying to think here.
7,0,3,,D,"And then on the right, like, the entire right side, almost, is like a"
7,0,3,,D," triangle, the triangle pointing to the right."
7,0,3,x,M,Let's see here.
7,0,3,,M,"Yeah, so I'm looking at the other ones and trying to"
7,0,3,,M, Because there's a bunch with the rhombus on top.
7,0,3,x,M,So this one has...
7,0,3,,D,So the biggest factor is there's an upside-down triangle on the left side resting...
7,0,3,,D,"It kind of looks like it's resting on someone's lap, almost."
7,0,3,x,M,And it's not...
7,0,3,,D,The only point of contact of this triangle is on one other piece.
7,0,3,x,M,And I think
7,0,4,,D, it's the only one that i can see with that like triangle touching one piece on the left side okay that helps okay great okay so this one
7,0,4,,D," There's two that, I mean, there's one that looks a little similar to it, I think."
7,0,4,,D,"It kind of looks like someone's, like, raising their hands up."
7,0,4,,D,"And so there are, but in this case, instead of a, actually, so on the top, there are three distinct kind of, like, triangle shapes."
7,0,4,,D,"But not, like, there's not a single rhombus shape on this figure."
7,0,4,,D,"And then on the bottom right, it looks like the right side of a"
7,0,4,,D," parallelogram, kind of trapezoid figure."
7,0,4,x,D,And let's see.
7,0,4,x,D,"Oh, nice."
7,0,5,,D,"Okay, so this one is towards, let's see."
7,0,5,,D, I think it's the only one that kind of looks like it.
7,0,5,,D,So the bottom part is just an upside down trapezoid.
7,0,5,,D,"And then on top of it, on the right and left side, there are two parallelograms that face in."
7,0,5,,D,And then the empty space at the top forms a trapezoid.
7,0,5,x,M,"OK, yeah."
7,0,6,,D,okay this one's got a lot going on
7,0,6,,D,okay so at the top there is a rhombus and at the bottom right there is  a triangle
7,0,6,,D,and i've sent out like a triangle pointing downward and the only point of contact with the triangle is with another triangle on the bottom right
7,0,6,,D,so like the top left of this triangle is touching the bottom right of another one in the furthest bottom right corner of the shape
7,0,6,x,D, Do you need any more?
7,0,6,,M,Is there a rhombus on the top?
7,0,6,,M,Like a tilted square?
7,0,6,x,D,"Yeah, yeah, yeah, yeah."
7,0,7,,D,"Okay, this one, it kind of looks like someone's figure skating."
7,0,7,,D,"There's a rhombus on the top left, and then on the right"
7,0,7,,D, There's a triangle pointing upwards around the middle.
7,0,7,x,D,Great.
7,0,8,,D,"All right, this one kind of looks like someone's walking with a backpack and they're facing the right."
7,0,8,,D,"So on top, there's a square."
7,0,8,x,D,And then... All right.
7,0,9,,D," Okay, so on this one, the furthest right shape is a triangle pointing, like, southwest."
7,0,9,,D,"And then on the left side, there's a part of a trapezoid pointing to the left."
7,0,9,,D,"And then there's, like, a square on top that's a little bit tilted."
7,0,9,x,D,Let's see.
7,0,9,x,D,"It's, like..."
7,0,9,,D,"It doesn't really look like anything, in my opinion,"
7,0,9,,D,"but I think the kind of tilted triangle on the right side, on the bottom right, pointing southwest,"
7,0,9,,M,I don't see anything else like that of the options.
7,0,9,,M,"Is there like a raw, I guess it's a parallelogram on the left side?"
7,0,9,x,D,Yeah.
7,0,9,x,D,Okay.
7,0,10,,D," Okay, so this one, on the top, there is a rhombus, and its only point of contact is with a triangle pointing up, and then it just looks like a kind of like a scale on bottom."
7,0,10,,D,It's the flattest of all the shapes.
7,0,10,,D,"Yeah, I guess flattest."
7,0,10,,D,"It's more horizontal than vertical, is probably what I'm looking for."
7,0,10,,M,"Does it have, like,"
7,0,10,,M," Two triangles on each side, like one on the left and one on the right?"
7,0,10,,D,Yeah.
7,0,10,x,D,Yeah.
7,0,11,,D,"Okay, so this one, it kind of looks like someone's wearing bunny ears and is facing to their right."
7,0,11,,D, So the top has two triangles that are connected to the top left corner of a square.
7,0,11,x,M,Uh-huh.
7,0,11,x,M,Yeah.
7,0,11,x,M,Great.
7,0,11,x,M,Okay.
7,0,12,,D,"Okay, this one just looks like a four-legged animal facing the left."
7,0,12,x,M,Um... Where...
7,0,12,,D, The head is like a parallelogram pointing left.
7,0,13,,D,"Okay, so this one is tilted."
7,0,13,,D,The top part is the left.
7,0,13,,D,It goes top left to bottom right.
7,0,13,,D,And then the bottom left is a triangle pointing...
7,0,13,,D, northeast.
7,0,13,,D,It kind of looks like a tray that's been tilted.
7,0,13,x,M,And let's see.
7,0,14,x,D,"Okay, so this one is"
7,0,14,,D,pretty skinny vertically it has a rhombus on top that's touching
7,0,14,,D,it's not just touching at one point it's kind of touching about half of the left side of it
7,0,14,,D,and then it's a pretty like vertical structure but the bottom right has a triangle pointing right
7,0,14,x,M,oh shoot that one too my b it's okay i didn't see that one
7,0,15,,D," Okay, this one just looks like a backwards seven, like the number."
7,0,15,,D,"So it's got like a upside down trapezoid pointing to the right on top, and then a skinny little rectangle on the left side."
7,0,16,,D,Okay this one also it kind of looks like a jumping animal where the head is on the left side
7,0,16,,D,the tail is on the right it's a triangle that's only touching at one point and it's the triangles pointing to the right.
7,0,16,,M," Does it have, like, a square or something?"
7,0,16,,D,"Yeah, in the middle, like, the top middle."
7,0,16,x,D,"Yeah, yeah, yeah."
7,0,17,,D,"Okay, this kind of looks like a person holding out a tray."
7,0,17,,D,"So the top is a rhombus, and then it's got this, like..."
7,0,17,,D,little cut off upside down trapezoid and then like a square connected to the trapezoid on the left like around the middle of the shape
7,0,17,,D,um the like body of the shape is almost just a rectangle there's like a little bit of there's a triangle at top that's like touching the rhombus um but it's mostly rectangular um it
7,0,17,x,M," I'm trying to discern, because there's a few that kind of look like this."
7,0,17,,D,"The difference, I'd say, between this and the other ones that look like it is it's a little wider."
7,0,17,,D,The left trapezoid protrudes out more than anything else of this shape.
7,0,17,,D,"And it's pointing left, whereas all the other ones point right."
7,0,17,,M,Is the
7,0,17,,M," Rectangle, does it have a triangle on the right, or is it just a rectangle?"
7,0,17,,D,"So, no, no, no, no, I see what you're talking about."
7,0,17,,D,"So it's like, um, the right side of the figure is completely flat, except for a triangle towards the top that's pointing up."
7,0,17,,D,"Um, and then at the bottom, okay, cool."
7,0,18,,D,"Okay, this one kind of looks like another four-legged animal, where the head is facing- is on the left side,"
7,0,18,,D,"and it's a triangle pointed up, and then the tail is a parallelogram with a right side pointing towards the top right."
7,0,18,x,M,Um...
7,0,18,x,M,"It's... Yeah, cool."
7,0,19,,M," Okay, so this is the one that you clicked earlier that was really vertical."
7,0,19,x,M,"Oh, okay."
7,0,19,,D,And it has two... yeah.
7,0,19,,M,Sounds like a cactus.
7,0,20,,D,"Okay, this one looks like a house with a tree on the left."
7,0,21,,D," Okay, this one has a rhombus on top, and its only point of contact is with a flat"
7,0,21,,D, rectangle.
7,0,21,,D,"On that rectangle there's also a triangle pointing to the right, but midway up it."
7,0,22,,D,"Okay, this one is the other one that I thought kind of looked like someone raising their arms up."
7,0,22,,D," So the head is a rhombus with, like, one point of contact with kind of a flat space."
7,0,22,,D,It's tilted towards the top left.
7,0,22,x,D,Yeah.
7,0,22,x,D,"And, like, the... Yeah."
7,0,22,x,D,Okay.
7,0,23,,D,This one's kind of tricky.
7,0,23,x,D,So this one...
7,0,23,,D,has a triangle with one point of contact near the top right
7,0,23,,D,and the left side of the figure is like kind of a mix of a bunch of shapes
7,0,23,,D,um on top there's a rhombus that's like it's connecting the right triangle with everything else
7,0,23,,D,on the left um let's see and then the bottom left has a triangle pointed upward
7,0,23,,D, that's connected not to a few places.
7,0,23,x,D,Alright.
7,0,24,,D,"Okay, so this one has a rhombus on the top, and a very flat, it's connected to like a very flat wide, um,"
7,0,24,,D,base and then the base kind of gets skinnier towards the bottom
7,0,24,,D,where the bottom is like a cut off triangle almost um
7,0,24,,D,and then the so like the left side is completely rectangular like completely flat there's nothing
7,0,24,,D,and then the right side has some angles um kind of decreasing uh let's see
7,0,24,,D, I think it's the only one with a rhombus on top with a completely straight left side.
7,0,24,x,D,"Okay, yeah."
7,0,25,,D,"Okay, this one kind of looks like a person sitting down, facing..."
7,0,25,,D,the left so the top is a rhombus but it's kind of like it's a little more tilted than all the other ones
7,0,25,,D,um and then the bottom left is a triangle facing downward that's kind of connected to another straight figure um nice
7,0,26,,D," Um, okay, this one kind of looks like an animal, so the bottom left of this one is a triangle pointed northwest, um, and it's only touching at one point."
7,0,26,,D,"I think it's the only one that's like a, like, yeah."
7,0,26,x,D,"Okay, cool."
7,0,26,,D,Let's see if there are other ones.
7,0,26,x,D," Okay, this one... Let's see."
7,0,27,,D,"This one is, like, slanted, where the top is at the left and the bottom is at the..."
7,0,27,,D,"So it's, like, top left to bottom right."
7,0,27,x,D,Um...
7,0,27,,D,"The top left of it is a triangle pointed upward, but it's connected to, like, another trapezoid figure."
7,0,27,x,D,Um...
7,0,27,x,D,It...
7,0,27,,D, And then the bottom right is a triangle pointed southeast.
7,0,27,x,M,"Yeah, I think I know."
7,0,27,x,D,Yeah.
7,0,28,,D," Okay, so the top is a rhombus touching a..."
7,0,28,,D,"It's touching a flat side where the left side is completely flat and then the right is like a triangle inverted, like coming back in."
7,0,28,,D,And so like the flat left side does go in to form like the empty space is a triangle on the left side before it picks up again.
7,0,28,,D, And then the lowest part of the entire figure is at the bottom right.
7,0,28,,D,And it's like a trapezoid parallelogram type figure pointed downward.
7,0,28,,D,Down and then a little bit to the right.
7,0,28,x,M,I'm trying to see.
7,0,28,,D,"Yeah, so I think Rhombus on top and then the lowest point in the figure is the bottom right with a"
7,0,28,,D, kind of brought like trapezoid triangle pointing down to the right as well um let's see okay
7,0,28,,D," Okay, so this one has Aramis on top and its point of contact is the triangle pointed upward."
7,0,29,,D,And then it kind of looks like someone's on their knees and they're facing towards the right.
7,0,29,,D,There's another triangle connected.
7,0,29,x,D,Let's see.
7,0,29,,D,"Actually, there's Aramis on top connected to a triangle pointed upward."
7,0,29,x,D,And then there's like
7,0,29,,D," The left side forms, like, the blank space of the left side kind of forms a diamond, almost."
7,0,29,,M,Does it kind of look like a woman kneeling reading a book?
7,0,29,x,D,"Yes, yes."
7,0,30,,D, This is a house with a chimney on the right side.
7,0,31,,D,"Okay, this one looks like someone walking to the left."
7,0,31,,D,So the top is a rhombus.
7,0,31,,D,The bottom left is a triangle pointed downward.
7,0,31,x,D,It's like...
7,0,31,,D, The middle part is the skinniest.
7,0,31,,D,It's very skinny.
7,0,31,,D,It gets very skinny in the middle.
7,0,31,,M,Does it look like a guy wearing a bag of pants?
7,0,31,x,D,"Yeah, yeah."
7,0,32,x,D,This one looks like
7,0,32,,D,a dog with like something on its back so the head is on the left side and then the tail is a triangle pointed upward and it's like barely touching the rest of the figure um that's on the right side
7,0,33,x,D,okay this one is
7,0,33,,D," Got a really long, skinny rectangle on the left."
7,0,33,,D,"And then the base, it just looks like a big L. Yeah, it's just like a big L. This one kind of looks like an upside-down tree, almost."
7,0,33,x,D,It's like
7,0,34,,D," The top is a rectangle, a flat rectangle, and the bottom is like a diamond pointed down, and then there's like another similar diamond."
7,0,34,,D,There's like two of them.
7,0,35,,D,"Okay, the top of this one is a triangle that's barely touching everything else, and the triangle's pointed to the left."
7,0,35,,D," And then the bottom, there's like a square towards the bottom."
7,0,35,,D,It looks like someone's like holding it.
7,0,35,,D,Facing the left.
7,0,36,,D," Okay, this one looks like there's someone walking to the left, and they're, like, stepping up, and then on the back is a square that's, like, kind of touching the rest of the figure, but not really."
7,0,36,x,E,Okay.
7,0,36,x,E,Great.
7,0,36,x,E,Cool.
7,0,36,,E,Okay.
7,0,36,,E, still?
7,0,36,,E, Sounds good.
7,1,1,,D,"Okay, so this one has a triangle tilted to the left coming out of what looks like a trapezoid with another triangle."
7,1,1,,D,It kind of looks like a crane that's facing the right.
7,1,1,x,M,"Yeah, I got it."
7,1,2,,D,So this one looks like a guy that's wearing the backpack facing the right with a square on the top.
7,1,3,,D,"Okay, this one looks like an animal."
7,1,3,,D,Its head is facing to the left.
7,1,3,,D,It's a triangle on the top connected to a square.
7,1,3,,D,Its tail looks like an upside-down trapezoid.
7,1,3,,D,It's facing to the right.
7,1,3,,M,The left?
7,1,3,,D,To the right.
7,1,3,,D,To the right.
7,1,3,,D,The tail's on the right.
7,1,3,,D,The tail's on the right.
7,1,3,,D,The head on top is equilateral.
7,1,3,x,D,"Okay, yeah."
7,1,4,,D,okay so this one has a rhombus on top and one of its points is touching a flat surface
7,1,4,,D,it kind of looks like a um like it could have been a square but it has a white space it looks like a triangle um and then it extends into
7,1,4,,D,a trapezoid and on the right side and then like a rectangle with a triangle facing yeah down yeah is the triangle like pointed like to the bottom left yeah yeah okay
7,1,5,,D,"Okay, this one kind of looks like someone's performing a fan dance or something."
7,1,5,,D,"So the bottom left starts out with a parallelogram, and then it extends into kind of like a trapezoid."
7,1,5,,D,"And then on the right side, just touching that trapezoid, is a triangle pointed towards the left and down."
7,1,5,,D,And then on the top left is a rhombus that's tilted to the top left.
7,1,5,,D,And it's barely touching.
7,1,5,x,M,"Um, okay."
7,1,5,x,M,"Oh, um."
7,1,5,,D,So bottom left is a parallelogram.
7,1,5,,M,"Oh, it's a parallelogram."
7,1,5,x,M,Is it?
7,1,5,x,M,"Um, oh, oh, oh, wait."
7,1,5,x,M,I think I didn't see it.
7,1,5,x,M,I think I know what you're talking about.
7,1,5,,M,"So yeah, the top left is like a, it's like barely touching part of the left."
7,1,5,x,D,Yeah.
7,1,5,x,M,"Yeah, I gotcha."
7,1,5,x,M,"Yeah, okay."
7,1,6,,D,"Okay, so this one kind of looks like someone is kneeling and like reading a book, and they're facing the right, so it's a rhombus on the top."
7,1,6,x,D,Yeah.
7,1,6,,M,"Is the thing on the right, like, it's kind of like a triangular shape?"
7,1,6,x,D,Yeah.
7,1,6,x,D,Yeah.
7,1,6,x,D,Yeah.
7,1,6,x,D,"Okay, okay."
7,1,7,,D,"Okay, so this one looks like the person walking that's facing towards the left that's picking up his shoe and has, like, a square just barely touching the back."
7,1,7,x,M,Yeah.
7,1,8,,D,"Okay, this one looks like an origami animal of sorts, so it starts with the top left, and it has a triangle facing up, and then it connects to a trapezoid that's tilted."
7,1,8,x,M,Yeah.
7,1,9,,D,So this one looks like the big L. 
7,1,10,,D,"Okay, this one looks like an animal with someone that's like dozing off riding it."
7,1,10,,D,"So it's on the left side, you're going to see like the white space kind of making a triangle pointing to the right."
7,1,10,x,M,"And then, yeah."
7,1,11,,D,And this one looks like a house with a tree on the left.
7,1,12,,D,"Okay, this one looks like someone's raising their arms up and praising."
7,1,12,,D,So the promise on top is more towards the left.
7,1,13,x,D,"Okay, this one, so it starts out with a..."
7,1,13,,D,trapezoid facing downwards and then it has a parallelogram on either side and then the white space makes another trapezoid.
7,1,13,x,M,Yeah.
7,1,13,x,M,Okay.
7,1,14,,D,This one has two triangles on top
7,1,14,,D,barely touching what is like another triangle um and they're facing to the left the triangles on top are facing left um there's also like a square yeah there's a square yeah
7,1,15,,D,"Okay, this one looks like a guy walking towards the left with really baggy pants with a robber's on top."
7,1,15,x,M,Yeah.
7,1,15,x,M,Yeah.
7,1,16,,D,This one looks like a house with a really big chimney on the right side.
7,1,17,,D,"Okay, this kind of looks like a stitch."
7,1,17,,D,It's like three triangles on the top.
7,1,17,,D,"One of them is facing left, one of them is pointing up, and one of them is facing to the right."
7,1,17,,D,And they're all connected to a trapezoid that's facing down.
7,1,17,,D,And then on the bottom right there's like a parallelogram.
7,1,17,x,M,Yeah.
7,1,18,,D,"Okay, so this one has a rhombus that's connected to two triangles."
7,1,18,,D,So the rhombus is on top and then at the point of contact there's a triangle that is on the bottom right of that rhombus and it's facing like the top left corner and then the other triangle
7,1,18,,D,"It's connected to, like, a bigger shape, and it's pointing to the top right."
7,1,18,,D,"On the bottom left, there's also, like, a triangle pointing up."
7,1,18,x,E,Yeah.
7,1,18,x,E,Okay.
7,1,18,x,E,Yeah.
7,1,18,x,E,So good.
7,1,18,x,E,Thanks.
7,1,18,,E,Sweet.
7,1,18,,E,Okay.
7,1,18,,E,Yeah.
7,1,18,,E,"Oh, yeah."
7,1,18,,E,Yeah.
7,1,18,,E,Thank you.
7,2,1,,D,"Okay, this is the last one that we just did with the triangle at the bottom left and then the rhombus touching the two triangles at the top."
7,2,1,x,M,Yeah.
7,2,2,,D,This one is the four-legged animal facing the left.
7,2,2,,D,with a triangle as a head at the top left and then a parallelogram as a tail on the right.
7,2,2,x,M,Okay.
7,2,3,,D,This is the person reading a book facing to the right.
7,2,4,,D,"This is the animal with someone resting on top, with the tail on the right side, the head on the left, and there's a square in the middle."
7,2,5,,D,This is the big L.
7,2,6,,D,"This is the, like, kind of crane figure with the bottom left being a triangle touching on one edge and the triangles facing the top left."
7,2,7,,D,This is the figure with three triangles on top and they're all pointing upward.
7,2,7,,D,And the triangle in the middle is like the wider one.
7,2,7,x,M,"Okay, yeah."
7,2,8,,M,"This is the one, I can't remember how you described it, but it's got like a"
7,2,8,,M,a square tilted a little bit on top touching on the left and then the bottom left is like a a parallelogram that's kind of cut off and the bottom right is a triangle 
7,2,9,,M,this is the person like praising with the head slightly more towards the left than the right
7,2,10,,M,This is the house with the chimney on the right.
7,2,11,,M,"This is the one with the upside-down trapezoid on the bottom, and then the two parallelograms facing inward on top with the... yeah."
7,2,12,,M,"This one has, it's got rhombus on top, more towards the left than the right,"
7,2,12,,M,"and then the left side's like more straight, and the right side's got like a triangular kind of dip,"
7,2,12,,M,"and the bottom right is a parallelogram pointed towards the down and right, and then the bottom left is a triangle pointed to the bottom left."
7,2,12,x,M,Okay.
7,2,13,,D,This is the house with the tree on the left.
7,2,14,,D,This is the person picking up their shoe facing the left with a square on their back.
7,2,15,,D,This is kind of like an origami animal shape with a triangle at the top left pointed up and then on the bottom right a triangle pointed to the bottom right.
7,2,16,,D,This is the one with the two triangles on top that are touching at one space at the very top.
7,2,16,,D,And then there's a square like midway in the figure.
7,2,16,x,M,"OK, yeah."
7,2,17,,D,This is a person with a backpack walking to the right.
7,2,17,,D,The backpack's like a skinny rectangle.
7,2,18,,D,That's the baggy pants person.
7,2,18,x,E,Okay.
7,2,18,x,E,Okay.
7,3,1,,D,"Okay, so this one is like the origami figure with the... On the left there's a triangle pointed up, and on the bottom right there's a..."
7,3,2,,D,Okay this one looks like an animal pointed like with its head facing to the right but on the left side there's a triangle pointed like northwest and yeah.
7,3,3,,D,This one's the one with the trapezoid facing the bottom and then two parallelograms on either side.
7,3,4,,D,This one's the house with the tree on the left.
7,3,5,,D,This one has two triangles at the top touching another triangle and it has a square on the left side.
7,3,6,,D,This one's the big L. 
7,3,7,,D,This one's the house with the chimney on the right.
7,3,8,,D,This one is like an origami animal.
7,3,8,,D,It has a triangle on the top.
7,3,8,,D,"It's like on the left side, and on the right there's a parallelogram."
7,3,9,,D,"Okay, this one's the one with a rhombus on the top, more towards the left on a flat surface."
7,3,9,,D,And it has a triangle made from the white space.
7,3,9,,D,It's like a chunk was taken out of the rectangle.
7,3,9,,M,"Yes, I think."
7,3,9,,M,"Is the bottom left, um, like a parallelogram?"
7,3,9,,D,"Uh, the bottom right's a parallelogram."
7,3,9,x,M,"Um, uh... Oh, oh, oh, yeah, okay."
7,3,9,x,M,Yeah.
7,3,10,,D,"Um, this one's the one with three triangles on the top."
7,3,10,,D,The middle one's the widest.
7,3,11,,D,"Um, this one's the person praising with the rhombus mortars a lot."
7,3,11,x,M,Yeah.
7,3,12,,D,"Um, this one's the guy walking to the left with baggy pants."
7,3,13,,D,"Um, okay, this one looks like an animal with something on its back."
7,3,13,,D,It has the head is a triangle facing to the left.
7,3,13,,D,the corners kind of pointing up though and then there's a the tail is going to be a triangle um yeah 
7,3,14,,D,this looks like someone that's like kneeling while leading a book facing to the right
7,3,15,,D,"Okay, this one has a parallelogram on the bottom left, and then a triangle kind of touching the extension of that parallelogram, and the triangle's facing the bottom left corner."
7,3,15,,D,And there's a rhombus on top that kind of looks like someone's head.
7,3,15,,D,"It's only touching by one of its vertices, though."
7,3,15,,M,Is there a triangle at the bottom right?
7,3,15,x,D,Yeah.
7,3,15,x,D,Okay.
7,3,16,,D,"This looks like the person walking, picking up their shoe, with the square on their back."
7,3,17,,D,This is a person walking to the right with the backpack on and the square on top.
7,3,18,,D,This one's like a rhombus that's touching two triangles on the bottom.
7,3,18,,D,and the shape also has a triangle coming out like on the bottom left facing upwards yes
7,3,18,x,E,"Sounds good, thank you."
7,3,18,x,E,Yep.
7,3,18,x,E,Okay.
7,4,1,,D,"Okay, this is the one with the two triangles at the top that are barely touching the rest of the figure."
7,4,2,,D,This is the one with the upside down trapezoid and then the two parallelograms facing inward on top.
7,4,3,,D,"This is the one with the rhombus on top, a little more to the right, touching two triangles, and then the bottom left, there's another triangle facing upward."
7,4,3,x,M,"Okay, yeah."
7,4,4,,D,This is the one of someone praising with the head more to the left.
7,4,5,,D,This is a person reading a book facing the right.
7,4,6,,D,"This is the one with the trapezoid at the bottom left, and then a square at the top touching one point."
7,4,6,,D,And then the bottom right is a triangle pointed down and left.
7,4,6,x,M,"OK, yeah."
7,4,7,,D,This is the animal facing the left with its tail on the right.
7,4,7,,D,Its head is a triangle facing upward.
7,4,7,,D,So when I got wrong last time.
7,4,7,,M,Does this one have a square?
7,4,7,,D,No.
7,4,7,,M,"Okay, so it's the other one."
7,4,7,,D,Yeah.
7,4,7,,M,"And it has a triangle on the bottom right, right?"
7,4,7,x,D,Um...
7,4,7,,M,"So, it's the one that's, like, flatter."
7,4,7,,M,"Like, it's got, like, a triangle top left, a parallelogram on the top right as, like, a tail."
7,4,7,x,D,"Oh, okay, yeah, yeah."
7,4,8,,D,"Um, this is the person with the baggy pants walking left."
7,4,8,x,D,"Um, this is..."
7,4,9,,D,It's kind of like a person walking right.
7,4,9,x,D,Um...
7,4,9,,D,with so like the head is more towards the left
7,4,9,,D,it's a rhombus where the point is touching a really flat surface and the left part of the body is flat
7,4,9,,D,and the right side is it's got more shape to it
7,4,9,,D,um it's like so like the top is a rhombus it's touching it at one vertice and the left side of like what it's touching is completely flat like the left
7,4,9,,D,okay yeah the back side and then the front yeah 
7,4,10,,D,okay this is the other like origami animal that's facing the left side um without anything on its back it's got like let's try and go at the top left let's try go to the bottom right okay yeah
7,4,11,,D,This is the person walking to the left picking up their shoe with a square on the back.
7,4,12,,D,This is the house with the chimney on the right.
7,4,13,,D,"This is the person walking to the right with a backpack, square as a head on top."
7,4,14,,D,This is the house with the tree on the left.
7,4,15,,D,This is the animal facing the left with the thing on its back.
7,4,15,,D,Like someone resting on its back.
7,4,16,,D,The big L
7,4,17,,D,This is the one with the three triangles on top with the wider one in the middle.
7,4,17,,D,All facing upward.
7,4,18,,D,This is like the kind of swan shape pointed to the right with a triangle at the bottom left just touching at one point.
7,4,18,x,D,Yeah.
7,4,18,,D,"Uh, facing the top left."
7,4,18,x,D,Yep.
7,5,1,,D,"Okay, this one's the trapezoid facing down with the parallelograms on each side."
7,5,2,,D,This one's the animal facing to the left with the tail as a parallelogram.
7,5,3,,D,"Uh, this one's the person, uh, praising with the rhombus more towards the left."
7,5,3,x,M,Yep.
7,5,4,,D,This one's the one with the two triangles touching one point on top and a square on the left side.
7,5,4,x,M,Yeah.
7,5,5,,D,This one's the person walking to the left picking up their shoe.
7,5,6,,D,"Uh, this one's the person walking with baggy pants."
7,5,7,,D,"Uh, this is sort of like the parallelogram on the left, bottom left."
7,5,7,,D,"And then, um, connected to like a trapezoid and a triangle facing..."
7,5,7,,M,So like a triangle at the bottom right?
7,5,7,x,D,Yeah.
7,5,7,x,D,Yeah.
7,5,8,,D,"Uh, this is a house with a tree on the left."
7,5,9,,D,and then this is like a animal facing the right with the triangle connected by one courtesy
7,5,10,,D,this one has a promise on top more on the left and it's connected to like a flat surface um and it looks like there's a triangle made up by the white space on the right side
7,5,11,,D, this one's the big l
7,5,12,,D,This one's the one with the three triangles on top and the middle one's the widest.
7,5,13,,D,This one's the animal facing left with something on its back.
7,5,14,,D,This one's a person walking with a bag on and then a square on their head.
7,5,15,,D,This one's the house with the chimney on the right.
7,5,16,,D,This one's a person kneeling facing the right while reading a book.
7,5,17,,D,This one's the animal facing towards the left.
7,5,17,,D,Triangle on the top left and then a triangle facing down on the bottom right.
7,5,18,,D,This one has a rhombus more towards the right and it's touching two triangles.
7,5,18,x,E,Pretty good.
7,5,18,x,E,Is it okay if I shift around a little bit before the next round starts?
7,5,18,,E,Yeah.
7,5,18,,E,Okay.
7,5,18,,E,I'm good now.
7,6,1,,D,This is the house with the chimney on the right.
7,6,2,,D,This is the upside down trapezoid with the two parallelograms facing inward on top.
7,6,4,,D,This is the animal facing right where there's a triangle barely touching at the bottom left.
7,6,5,,D,"This is the one with the rhombus more towards the right, touching the two triangles with another triangle at the bottom left facing upward."
7,6,5,x,M,"OK, yeah."
7,6,6,,D,"This is the animal facing left, with a triangle at the top left, and then another triangle at the bottom right."
7,6,6,,D,"Um, like more linear."
7,6,7,,D,This is the animal facing left with a square on its back.
7,6,8,,D,This is the house with a tree on the left.
7,6,9,,D,This is an animal facing left with a triangle top left and a parallelogram on the right side of its tail.
7,6,10,,D,This is the one with the two triangles barely touching at the top.
7,6,11,,D,"This is the one with the parallelogram at the bottom left, and then a triangle at the bottom right."
7,6,11,x,M,"Okay, yeah."
7,6,12,,D,This is the one with the three triangles on top with the wider one in the middle.
7,6,13,,D,This is the person with the baggy pants walking to the left.
7,6,14,,D,"This is the one with the rhombus on the flat surface on top more towards the left, and then where the right side kind of makes a triangle with a white space."
7,6,15,,D,This is the person reading a book facing the right.
7,6,16,,D,This is the person praising the head more to the left.
7,6,17,,D,This is the person walking with the backpack with a square as a head.
7,6,18,,D,"And this is the person walking to the left, picking up their shoe."
7,6,18,,D,The square in the back.
7,6,18,x,E,sure okay okay
7,7,1,,D," Okay, so this one looks like a rectangle with triangles coming on either side of it, and there's a triangle on top with a rhombus connected by just one vertices."
7,7,1,x,M,"Um, yep."
7,7,2,,D, facing to the left with a triangle on top and then a triangle on the bottom right.
7,7,3,,D,This one's the one with the two triangles barely touching at the top.
7,7,4,,D,uh this one's going with the rhombus more towards the left on like a rectangle that has a triangle made from white space um
7,7,5,,D,this one's the animal facing to the left that has
7,7,5,,D, Looks like someone's riding it and it has a triangle as a tail on the right.
7,7,6,,D,This is a person walking to the road with a backpack on.
7,7,7,,D, This is a big L
7,7,8,,D,This is the inverted tree.
7,7,8,,D,"So square at the top and then, yeah."
7,7,9,,D," This is the person walking to the left, picking up their shoe with a square on the back."
7,7,10,,D,This is the person walking with baggy pants.
7,7,11,,D, So this one I think you described earlier as having bunny ears attached to a square.
7,7,11,,M,Someone like sitting down.
7,7,11,x,D,Yeah.
7,7,12,,D,This person looks like they're figure skating and they're facing the left.
7,7,13,,D, So this looks like an animal enticing the left and it has a parallelogram as a head.
7,7,13,x,D,"Okay, this one is..."
7,7,14,,D," So on the top right, there's a pair of rhombus, sorry, touching by, like, one tip."
7,7,14,,D,"And then on the left side, there's a rectangle that's facing downwards and also touching by one tip."
7,7,14,,D,"And then kind of in the middle, at the bottom, there's, like, a triangle made from white space that's facing up."
7,7,14,x,M,"Oh, um..."
7,7,14,,M," On the left side, there's a triangle touching on the tip, right?"
7,7,14,,D,Yeah.
7,7,14,,M,"And it's, like, pointing down?"
7,7,14,x,D,Okay.
7,7,14,,D,"Okay, pointing down."
7,7,15,,D,"Uh, that's not what I think they described as a backwards 7."
7,7,16,,D, This one's the one with the three triangles on top and the middle one's the widest.
7,7,17,,D,"So this one has a, on the bottom right there's a triangle facing down and it has a rhombus at the top"
7,7,17,,D, Touching my one point into a black.
7,7,17,x,D,Yeah.
7,7,18,,D,"Uh, this one kind of looks like a skinny cactus."
7,7,19,,D," This one kind of looks like a paper crane facing to the right, and it has a triangle that's barely touching on the left side."
7,7,20,,D,This is an animal that looks like someone's riding it.
7,7,20,,D,It's facing to the left.
7,7,20,x,M,"Oops, that's the wrong button."
7,7,20,x,D,No worries.
7,7,21,,D, This is the upside-down trapezoid with two parallelograms on each side.
7,7,22,,D,"Okay, so this one is a rhombus at the top, and it's connected to what would be just a straight rectangle, but it has chunks missing on the right side."
7,7,22,x,D," Uh, so this is..."
7,7,23,,D,"Okay, Rhombus at the top, and it's connected to, like, a skinny rectangle."
7,7,23,,D,"Kinda looks like someone's waiting at the podium, but it's a skinnier version."
7,7,23,,D,And the other one that looks similar.
7,7,23,x,M,Can you...
7,7,23,,M,"It's... Is it, like, mostly, like, flat?"
7,7,23,,D,A little bit.
7,7,23,,D,It has a tiny triangle sticking out on the right side.
7,7,23,,M, Of the rectangle?
7,7,23,,M,Is it bottom right?
7,7,23,,D,Bottom right and middle right.
7,7,23,,M,"I think, yeah."
7,7,24,,D,"This one is the rhombus that's mostly towards the right, and it's connected to two triangles."
7,7,25,,D, This one looks like the person kneeling but not holding a book and it's facing the right.
7,7,25,,M,So it's a rhombus on top and then it's connected to like a triangle and a rectangle?
7,7,25,,M,"Okay, is there like a little triangle at the bottom right pointed to the right?"
7,7,25,,D,Yeah.
7,7,25,,M,And then nothing on the bottom left?
7,7,25,,D,No.
7,7,26,,D," Okay, so this one, I think he described it as a tray being tilted?"
7,7,26,,M,Yes.
7,7,27,,D," Okay, so this one looks like someone is reading but facing to the left and they have a triangle touching like a very, very jump."
7,7,28,,D,So this is like the animal jumping with the triangle on the top left and then the parallelogram being the tail on the right.
7,7,29,,D, This is the person praising with the rhombus more to the left.
7,7,30,,D,This is the one with the parallelogram on the bottom left and then like a triangle on the bottom right.
7,7,31,,D," This one kind of looks like the woman healing, reading something."
7,7,31,,D,She's facing towards the right.
7,7,32,,D,"This is the guy reading, facing the right."
7,7,33,,D, This looks like someone standing out of a podium.
7,7,33,,D,So it's a rhombus and then like a thicker rectangle.
7,7,33,,D,And there's nothing on the right side sticking out of the rectangle.
7,7,34,,D,This is a house with a chimney on the right.
7,7,35,,D, This looks like someone sitting facing to the left.
7,7,36,,D,This is a house with a tree on the left.
7,7,36,x,E, Thank you.
8,0,1,,D," It's a picture of, it's like a woman who has like one leg outside."
8,0,1,,D,"That one leg is pointed like downwards, 45 degrees towards the bottom right of the square."
8,0,1,,D,There's a triangle on top.
8,0,1,,D,uh sorry there's a diamond on top which is like the head and it's it's like standing on this woman like it's standing on like one corner
8,0,1,x,D,um uh no it's another one it's not that okay
8,0,2,,D,okay this time it's like someone um
8,0,2,,D,riding an animal maybe it's like a dog maybe it's a horse or really you could say it's a dog riding another dog
8,0,2,x,M,um you can also speak so you can ask me before you oh okay
8,0,2,,M,um does it look like there's uh
8,0,2,,D,it looks like two things riding on each other
8,0,2,x,M,okay is there like um
8,0,2,,M, Like a small triangle at the end that looks like a tail?
8,0,2,,D,"Yes, yes, you're right."
8,0,2,x,D,Okay.
8,0,2,x,D,"Perfect, yeah."
8,0,3,,D,"So it's, okay, I'm not sure if you remember what you selected for the first time, but that's what it is now."
8,0,3,x,M," Oh, okay."
8,0,3,,D,"It's that triangle thing, but it's exactly what you selected the first time around."
8,0,3,x,D,Okay.
8,0,3,x,D,Perfect.
8,0,4,,D,"Okay, this looks like it's the closest thing there is to a tree there."
8,0,4,,D,It looks like a piece of cactus.
8,0,4,,D,"There are very sharp edges, like something like axes on both sides."
8,0,4,,D, It looks like a piece of cactus.
8,0,4,,M,"Is it like, it's like flat on the side, though?"
8,0,4,,D,It is flat on the sides.
8,0,4,,D,It's like there are two triangles which are somewhat cut on the sides.
8,0,4,x,D,Okay.
8,0,4,x,D,Perfect.
8,0,4,x,D," Oh, my God."
8,0,4,x,D,OK.
8,0,5,,D,"This is complicated, right?"
8,0,5,,D,"Think about the square as representing the head of someone, right?"
8,0,5,x,D,This is a picture.
8,0,5,x,M,OK.
8,0,5,x,D,"This is going to be hard, right?"
8,0,5,,D,But suppose the tail part of it is at the top.
8,0,5,,D,So it's weird.
8,0,5,,D,And the head is at the bottom.
8,0,5,,D,The head is a square.
8,0,5,,D,I think there's only one picture in which the square is at the bottom.
8,0,5,x,M,OK.
8,0,5,,M," And is there, like, a small triangle at the top?"
8,0,5,x,D,"Yes, exactly."
8,0,5,x,D,You're right.
8,0,6,,D,"Okay, this looks like a swan, basically."
8,0,6,,D,"Like, there's a rectangle, and on the left side of the rectangle, you have, like, well, the swan's head coming up."
8,0,6,x,M, Can you repeat that?
8,0,6,x,D,"Well, uh, so this picture, like, is very basic."
8,0,6,,D,It looks like a swan.
8,0,6,x,M,Like a what?
8,0,6,x,D,A swan.
8,0,6,x,M,Like a... A swan?
8,0,6,x,D,Yeah.
8,0,6,,D,"Or like a goose or like any, like, water-based animal with a long neck."
8,0,6,,D,"Oh, a sloth."
8,0,6,,D,Like the animal.
8,0,6,x,M,"Oh, okay."
8,0,6,,D,Like a goose.
8,0,6,x,M,Oh.
8,0,6,x,M,"Wait, I actually pressed the wrong button."
8,0,6,x,M,"Oh, yeah."
8,0,6,x,M,Sorry.
8,0,7,,D," Okay, so this looks like, with a square on top there being a head, it looks like someone who's leaning against the wall, but they're seated and their legs are in front of them."
8,0,7,x,M,You can describe the picture as well.
8,0,7,,D,Their legs are in front of them.
8,0,7,,D,"Yeah, the legs are in front of them."
8,0,7,,M,"Which way, which way are the legs pointing?"
8,0,7,,D,The leg is pointing towards the left.
8,0,7,x,M,Okay.
8,0,7,,M,"And they're like sitting down, almost?"
8,0,7,,D,Yes.
8,0,7,,D," Yeah, they're almost hitting that with their backs leaned against the wall, and their head is slightly..."
8,0,7,,M,Looking down?
8,0,7,,D,"Yeah, yeah."
8,0,7,x,D,Alright.
8,0,7,x,D,"Okay, this last..."
8,0,7,x,D,This one...
8,0,7,x,D,Okay.
8,0,8,,D,It has that diamond head resting on the top.
8,0,8,,D,but um the body is slightly weird
8,0,8,,D,so the body consists on the left hand side it's a straight line it's like a square
8,0,8,,D,and on the right hand side um they're like this person is really fat
8,0,8,,D,um it's it's as if they were it's as if they were facing to their right and to the left it's just their back it's one straight line
8,0,8,,D," To their right, you can see their hands raised forwards, and you can see their, like, yes, exactly."
8,0,9,,D,"Okay, this last thing is, well, there are two legs pointed towards the top, and the head is towards the bottom."
8,0,9,,D,"It's as if they're trying to, like, I don't know, stand on both of their hands."
8,0,9,,M,Is there a square for the head?
8,0,9,,M, at the bottom?
8,0,9,,D,"Yes, there's a square for the head, yes."
8,0,9,,M,"And is it, it's on top of a triangle?"
8,0,9,x,D,"Uh, yes, you're right, yes."
8,0,9,,M,"And there's, like, two small triangles as the legs are being... Yep, yep, you're right."
8,0,9,x,D,"Okay, this next thing, uh, uh,"
8,0,10,,D," Okay, this next thing does not have a diamond for its head."
8,0,10,,D,It just has a triangle for its head.
8,0,10,,D,"Like, I'm not sure if you know the Batman logo."
8,0,10,,D,It's something like that for the box.
8,0,10,,M,The what logo?
8,0,10,,D,Batman.
8,0,10,,M,"Oh, Batman."
8,0,10,,D,It looks... And it has a tail that's towards the right-hand side of the box.
8,0,10,,D,"Specifically, the bottom right corner of the box."
8,0,10,,M,"Okay, there's like three spikes at the top?"
8,0,10,,D,"Exactly, yes, yes, yep."
8,0,11,,D," Okay, this next thing also looks like a swan, but this one is slightly different, right?"
8,0,11,,D,There are a few things which look like a swan there.
8,0,11,,D,"It has two legs, and one leg is, like, both legs are actually triangles, but one leg is a small, like, triangle towards the left side."
8,0,11,,D,"And this swan's head is, like, pointing below."
8,0,11,,D,Maybe it could be a duck.
8,0,11,x,M,Okay.
8,0,12,,D," Okay, this last thing is like a hexagon, right?"
8,0,12,,D,But with a triangle cut out of it.
8,0,12,,D,"So this thing should technically have six sides, but it has a triangle cut out from it."
8,0,12,x,M,Okay.
8,0,12,,D,It has an opening on the top.
8,0,12,,M,All right.
8,0,12,x,M," That's where the crime, yes, right."
8,0,13,,D,"Okay, this next thing is, it looks like a fruit, right?"
8,0,13,,D,It looks like a fruit with two diamonds stacked on top of each other and maybe a stem on top of the fruit.
8,0,14,,D, So this next thing is a person.
8,0,14,,D,The person's head is a diamond.
8,0,14,,D,They're opening out their hands.
8,0,14,,D,It's outstretched.
8,0,14,,D,There are no legs.
8,0,14,,D,And it's as if they're just spreading their arms wide.
8,0,14,,M,Does it look like they're kneeling or leaning diagonally to the left?
8,0,14,,D,"Yes, you're right."
8,0,14,,M,Which one?
8,0,14,,D,They're leaning diagonally to the left.
8,0,14,x,M,Oh.
8,0,14,x,M, Oh my gosh.
8,0,14,x,M,Sorry.
8,0,14,x,M,No worries.
8,0,14,x,M,I keep pressing the wrong way.
8,0,14,x,M,Okay.
8,0,15,,D,"Okay, this next picture has a diamond for its head."
8,0,15,,D,It's kneeling on the floor with its legs apparent behind.
8,0,15,,D,And this person's hands are outstretched.
8,0,15,,D,It's almost like a prayer position.
8,0,15,,D,And this woman is facing to the right.
8,0,15,x,D,And
8,0,15,,D," Yeah, kneeling and her legs are facing to the left."
8,0,15,,D,It's a diamond head on the top.
8,0,15,,D,"And the legs are a triangle, like, facing upward."
8,0,15,,M,She's facing the left?
8,0,15,,D,She's facing the right.
8,0,15,,D,The right.
8,0,15,,D,"Her legs are, like, facing to the left."
8,0,15,,D,She's kneeling.
8,0,16,,D," Okay, this next thing looks like an animal, I guess, but it's got some weird balancing things."
8,0,16,,D,"The whole thing, the whole picture, you can consider it to be, like, diagonal."
8,0,16,,M,"It's standing on its two feet, right?"
8,0,16,,M,"But it's, like, lifting up its body in such a way that it's so weird, right?"
8,0,16,,M,"Is it, like, making a diagonal?"
8,0,16,x,D,It is.
8,0,16,,D,The whole thing is making a diagonal.
8,0,16,,D,It looks very unstable.
8,0,16,,D,I don't know how the animal is.
8,0,16,x,D,"Yep, you're right."
8,0,17,,D," Okay, this next thing has a diamond for its head and has a triangle for its tail."
8,0,17,,D,Maybe it's like a dog.
8,0,17,,D,And it's standing with its two feet in front.
8,0,17,,D,It's standing like high on those two feet in the front.
8,0,17,,D,And it's facing to the right hand side of the box.
8,0,17,,D,And it's sort of like resting on its two feet behind.
8,0,17,x,M,Yep.
8,0,18,,D, So this thing is like a house with a tree beside it.
8,0,18,,D,It has a door.
8,0,18,,M,The trees on the left?
8,0,18,,D,Yes.
8,0,19,,D,So this thing looks like a rabbit.
8,0,19,,D,It has two ears on top.
8,0,19,,D," And it is leaning, it's leaning towards the left when it's facing to the right."
8,0,19,,M,Yes.
8,0,20,,D,So this picture is of a person they're wearing.
8,0,20,,D,It's more accurate to say it's a hat than it's a head.
8,0,20,,D,It's the only thing there that looks like a hat.
8,0,20,,D,They have two triangle feet.
8,0,20,,D, and they have one arm outstretched to the right.
8,0,20,x,D,You can ask me.
8,0,20,x,D,"Yeah, okay, cool."
8,0,21,,D,"So this person has a diamond head with one hand somewhat reaching towards the top, and maybe they're wearing a gown or something, but there's one feet."
8,0,21,,D," just outside, uh, facing the right, and this, uh, other, like, their dress or their other feet is pointing backwards towards the left."
8,0,21,,D,They're basically on their knees.
8,0,21,,M,Does it look like they're praying?
8,0,21,,M,Almost like their hands are to the right?
8,0,21,,D,"Yeah, yeah, you could say that."
8,0,21,x,M,Oh.
8,0,21,x,D,"Okay, my bad, my bad, my bad."
8,0,21,x,D,That would look more like praying.
8,0,22,,D,okay this person's uh square head is like facing towards the right like it's facing backwards really
8,0,22,,D,but they're trying to walk um to the left
8,0,22,,D,you can see both of their feet like gesturing as if they're walking
8,0,22,,D,and their hands are also in front on the left but their head is facing backwards their head is just a diamond
8,0,22,,D," It's a diamond, but it's more like in a squarish position."
8,0,22,,D,Okay.
8,0,22,,M,"Is there like a, like a, I don't know, a beak, like facing downward towards the left?"
8,0,22,,D,"Yes, you're right."
8,0,23,,D," Okay, this is a diamond head on the top."
8,0,23,,D,It's resting.
8,0,23,,D,So imagine this person's back is towards their left.
8,0,23,,D,So it's square.
8,0,23,,D,"It's a straight line on that side, but towards the right is a triangle."
8,0,23,,D,And they've got their legs outstretched to the right.
8,0,23,,D,"And at the same time, it looks like they have another leg towards their left, and they're kneeling on it."
8,0,23,x,D," This is complicated, so ask me questions."
8,0,23,,M,"So, is there like a triangle sticking out towards the right at the top, underneath the head?"
8,0,23,,D,"Yes, you're right."
8,0,24,,D,"Okay, this thing looks like an animal."
8,0,24,,D,I want to say that it looks like a dog.
8,0,24,x,D,"Um, with..."
8,0,24,,D,it's had uh yeah it looks literally looks like a dog like a dog with a very long body no tail no tail it does not have a tail
8,0,25,,D,so this next thing looks like a swan but it's upside down like so it's like
8,0,25,,D," And the top part of it, uh, the right, uh, the top right hand corner of it is like a triangle."
8,0,25,x,D,"Like, yeah."
8,0,25,,M,"Does it look like a, uh, a blow dryer?"
8,0,25,,D,"Yeah, yeah, I would say so, yes."
8,0,26,,D," So this next thing has a diamond on top of its head, it's resting on a square person, and it's as if they're giving a speech at a podium."
8,0,26,,M,Is it flat on the left side?
8,0,26,,D,"Yes, it's flat on the left side."
8,0,26,,D,"On the right side, there's a mini triangle."
8,0,26,x,D,"Oh, but no, wait, wait, wait."
8,0,26,,D,There are two things which look similar.
8,0,26,,D,The podium is a lot shorter than them.
8,0,26,,D,"It's not, like, together with them."
8,0,26,x,M,"Oh, okay."
8,0,26,,M,Let's see.
8,0,26,,M, And is there like a small triangle sticking out on the right?
8,0,26,,D,"Yes, that is the one."
8,0,27,,D,"So this next thing looks like a graduate, like wearing their gowns with their hands outstretched in the left direction."
8,0,27,,D, and they're clearly wearing a gown because their hands are disproportionate in size.
8,0,27,,D,"They're facing to the left, yes."
8,0,28,,D,"Okay, this picture is hard, but it looks like there's a diamond head on the top, but the body of it, think of it, it looks like a pepper or something like that."
8,0,28,,M, Is it like banana shaped?
8,0,28,,D,"Yes, it's something like that, yes."
8,0,29,,D,"Okay, this next thing looks like a dog with a person riding it."
8,0,29,,D,"Like it might be a dog, might be a horse, but there's another thing riding it."
8,0,29,,D, It's like a square and a triangle on top of the dog.
8,0,29,x,D,"Yeah, you're right."
8,0,30,,D,This next person has a diamond head resting on a triangle like upper body.
8,0,30,,D,And they seem to be running.
8,0,30,,D,They're running in the left direction.
8,0,30,,D,They're facing the left.
8,0,30,,D, but it seems like they're running for something with their hands outstretched in front of them.
8,0,30,,M,Is one leg pointed to the left and it looks like there's a foot?
8,0,30,x,D,Yeah.
8,0,31,,D," This other picture, it's a picture, it looks like a woman with hair."
8,0,31,,D,Her hair is behind her.
8,0,31,,D,She's facing to the left.
8,0,31,,D,Her hair is on the right.
8,0,31,,D,It's a diamond.
8,0,31,,D,And she's kneeling.
8,0,31,,D,"No, she's not really kneeling."
8,0,31,,D,She's sitting with her legs in front of her and her hands outstretched in front of her.
8,0,31,,D,You could say that she looks like she's praying.
8,0,31,,D,But there are a few other pictures that look like that.
8,0,31,x,D,So ask me anything.
8,0,31,,M, Does she have a square head?
8,0,31,,D,"Yes, she has a square head."
8,0,31,,M,Is there a right triangle on the right side?
8,0,31,,D,Pointing to the right?
8,0,31,,D,"Yeah, that's basically her hair."
8,0,31,,D,"But no, it's not her hat."
8,0,31,,D,It's her hair.
8,0,31,,M,Is the body just like a rectangle?
8,0,31,,D,Like it's straight and...
8,0,31,,D," No, her body is not a rectangle."
8,0,31,,D,But you need to see her feet in front of her.
8,0,31,,D,Her foot is in front of her.
8,0,31,,D,Her square head is resting on a triangle body.
8,0,31,,M,"And the most distinctive thing about her, this is something only she has, right?"
8,0,31,,D,She has a triangle right behind her square head.
8,0,31,x,M,She has a what?
8,0,31,,D,She has a triangle right behind her square head.
8,0,31,x,D, Ask me.
8,0,31,,M,Is there like a thicker leg on the left side and a small triangle on the right attached to it?
8,0,31,,M,No.
8,0,31,x,M,"No, okay."
8,0,31,,M,The only legs that appear are on the left side.
8,0,31,,M,Is it flat on the left?
8,0,31,,M,It's flat on the left.
8,0,31,,M," So I'm looking at like, it's like kind of thicker at the bottom on the left side compared to the right side."
8,0,31,,M,And it's like horizontal.
8,0,31,,M,"No, it's not thicker on the left side than the right side."
8,0,31,,M,"Okay, the one thing I need you to look for, square head, triangle, like hair right behind it."
8,0,31,,M,"Like if you can see that, that is the only picture."
8,0,31,,M,Square and triangle right behind it.
8,0,31,,M,Square head?
8,0,31,,D, triangle right to the right of it.
8,0,31,x,D,"Oh, okay."
8,0,31,x,D,I see.
8,0,31,,M,And there's like an arm sticking out on the right?
8,0,31,x,M,"Yes, yes, right."
8,0,31,x,M,"Oh, oh."
8,0,31,x,M,Interesting.
8,0,31,x,M,Okay.
8,0,32,,D,"Okay, this looks like a submarine with a diamond on top of it."
8,0,32,x,M,"Oh, right."
8,0,33,,D," Okay, this looks like a house with a chimney beside it."
8,0,33,,M,On the right?
8,0,33,x,D,Yes.
8,0,34,,D,So this looks like an animal that is maybe like a horse or something like that.
8,0,34,,D," that has triangle feet, triangle head, has a tail."
8,0,34,,D,The tail is pointing towards the right.
8,0,34,,D,The face is pointing towards the left.
8,0,34,,D,This animal is like almost balancing in one leg.
8,0,34,,D,The legs are not on the same level.
8,0,34,x,M,Right.
8,0,35,,D,"So this next thing almost looks like a, one could say it looks like a seesaw."
8,0,35,,D,"One could say it looks like a phone, like an old phone."
8,0,35,,D,like that you would need to pick it up and is there like a place where a square could fit into it
8,0,35,,D,yes you're right
8,0,36,,D,okay this one is actually that picture of that like person praying like uh not kneeling but like genuflecting like bending their knees a little bit
8,0,36,,D, with their arms pointed like open to the right.
8,0,36,,D,It's almost like a S shape.
8,0,36,,M,"S, hold on."
8,0,36,,D,Like a letter.
8,0,36,x,M,Hold on.
8,0,36,,M,Like the knees are sticking out to the right.
8,0,36,x,D,"Yes, okay, yeah, I guess you could say that, yeah."
8,0,36,x,E, Doing good.
8,0,36,x,E,Okay.
8,0,36,x,E,All right.
8,0,36,x,E," Yeah, perfect."
8,1,1,,D,So it looks like the guy sitting and his back is against the wall on the right and his legs are out to the left.
8,1,1,x,M,"Okay, hold on."
8,1,1,x,M,"Yeah, I've got this."
8,1,2,,D,"So it looks like someone's leg is sticking out to the right at a 90, like..."
8,1,2,,D,It looks like they're doing a yoga pose and there's a diamond head.
8,1,2,,M,And is that diamond head resting on two triangles?
8,1,2,,D,It's like standing on one leg and the right leg is like stretched to the right.
8,1,2,,M,"No, but is the head resting on two triangles?"
8,1,2,,D,"Yeah, there's like two triangles pointing to the left."
8,1,2,x,D,Okay.
8,1,3,,D,"So it looks almost like a candle, but there is a small triangle on the right side at the bottom."
8,1,3,x,M,Hold on a second.
8,1,3,,D,There's a diamond top or diamond head.
8,1,3,,M,"Oh, it looks like a candle and what, sorry?"
8,1,3,,D,It looks like a candle.
8,1,3,,D,There's a small triangle at the very bottom on the right side.
8,1,3,,D,"The right bottom, there's a triangle, like, pointing downwards."
8,1,3,,M,"And, okay, it's the, like, describe the left side for me."
8,1,3,,D,"The left side, there's, like, um, a large point."
8,1,3,x,M,Okay.
8,1,3,,D,"It's, like, a rectangle that's been, like, sliced off, so it's, like, a large point on the left."
8,1,3,,D,"At the bottom, it's, like, a regular, like, a stand."
8,1,3,x,D,Almost...
8,1,3,,D,"Um, it's not fully, it's not fully, like, straight at the bottom."
8,1,3,,D,"It's, like, a platform, almost."
8,1,3,,D,"It's, like, flat, and then there's a triangle at the right."
8,1,3,x,M,"Okay, okay."
8,1,3,,M,"So, is this the one that I would have described as, like, someone giving a speech, like, at a podium?"
8,1,3,,D,"Um, no."
8,1,3,,D,"No, it's not that."
8,1,3,x,M,"Okay, so I, can you describe it differently?"
8,1,3,x,D,Yeah.
8,1,3,x,D,"So, it..."
8,1,3,,D,"It looks like, um, um, almost, okay, like a spoon."
8,1,3,,D,"Okay, imagine there's like a spoon or like a, um, a golf."
8,1,3,x,D,"Uh, what's it called?"
8,1,3,x,M,That's not good.
8,1,3,,M,"Okay, okay, can you describe the shape to me?"
8,1,3,,M,"Like, like, is there a diamond?"
8,1,3,,M,Is there a triangle?
8,1,3,,D,"Yeah, there's a diamond at the top, and then right underneath the diamond, there's, um,"
8,1,3,,D,"There's, like, a point to the right,"
8,1,3,,D,"and then underneath that, there's, uh, like, a rectangle that's pointed off to the left side,"
8,1,3,,D,"and then there's, like, a large triangle as the base,"
8,1,3,,D,"and then a smaller triangle attached to that, like, underneath, that's on the right-hand side."
8,1,3,x,M,"Okay, I'm, I'm, hold on, I'm not really getting this."
8,1,3,,D,"Look for, like, if there's a tiny triangle facing"
8,1,3,,D,downwards on the right hand side at the bottom of the square
8,1,3,,M,okay you want me to look for a tiny triangle facing
8,1,3,,D,uh yeah it's on the right the right bottom of the square or of the image
8,1,3,,M,okay yeah i i think this is the one that i asked you like can you imagine that as a person
8,1,3,,M,like giving a speech at like a podium
8,1,3,,M,like with that podium being that small triangle
8,1,3,,M,like is that what i'm describing
8,1,3,,D,uh i think the one you're describing has like a small triangle like uh sticking out on the right side like in the middle of the podium
8,1,3,,M,okay i've talked
8,1,3,,D,mine is like a is more abstract than that but it's it's it's kind of similar but no it's not the podium image it's not the podium image it's no
8,1,3,,D,it's a diamond head on top
8,1,3,,D,okay yeah it's a diamond head on top
8,1,3,,D,right there's uh a point to the right that there's a point to the left
8,1,3,,M,wait wait what is the point to the right like
8,1,3,,D,there's a point facing the right direction
8,1,3,,M,oh okay does that person have like one foot like to the right
8,1,3,,D,"Yeah, to the right, and then underneath that, there's another arm sticking out to the left."
8,1,3,,D,That's pointed.
8,1,3,,M,Is this image upside down or something?
8,1,3,,M,Is it upside down?
8,1,3,x,M,"Okay, can you describe the whole image?"
8,1,3,,M,Is it a dog?
8,1,3,,M,Is it an animal?
8,1,3,,M,Is it a person?
8,1,3,,D,I guess it could be a person.
8,1,3,x,M,"Okay, I'm really confused."
8,1,3,,D,Let me do this one last time.
8,1,3,,D,"Okay, the diamond is the head, right?"
8,1,3,,M,Right.
8,1,3,,D,"And then there's... And then right underneath the diamond, there's a figure pointing to the right of the image."
8,1,3,,D,"And then underneath that, there's a long bar extended to the left side."
8,1,3,,D,"And then underneath that, there's a large triangle pointing upwards as the base, and it's like flat at the bottom."
8,1,3,,D,"But then underneath that, there's a smaller triangle pointed the opposite direction."
8,1,3,,D,"And the top is pointing down, and it's small."
8,1,3,,D,And it's on the bottom right.
8,1,3,x,M,"I think I've got this, but bear with me."
8,1,3,x,M,"Yes, that's it."
8,1,3,x,M,"Okay, I'm so sorry."
8,1,3,x,M,"No, it's fine."
8,1,4,,D,So it looks like someone is kneeling and they're facing their right hand side
8,1,4,,D,and it looks like their hands are like out to receive something
8,1,4,,D,and their feet are like are flat and they're like facing the left like they're against the wall on the left side and there's a diamond head.
8,1,4,,M,Is the feet pointed upwards?
8,1,4,,D,Um yeah it could be upwards.
8,1,4,,D,It looks like they're kneeling on the ground and they're facing towards the right.
8,1,4,x,M,"Okay, I think I know this, but we'll see."
8,1,4,x,M,"Yes, that one."
8,1,5,,D,The cactus image.
8,1,6,,D,so it looks like it's flat on the left and flat at the top and there's a diamond on top of at the top it's flat
8,1,6,,M,what sorry
8,1,6,,D,it's there's a like a straight line on the left and a straight line at the top um
8,1,6,,D,and there's a diamond head on top of that uh box looking figure
8,1,6,,M,okay and describe the right hand side for me the right hand side
8,1,6,,D,is very is like cut out and
8,1,6,,D,and not straight or anything.
8,1,6,,M,"OK, can you describe it in terms of a hand or a leg?"
8,1,6,,D,"Yeah, I guess there's a little hand on the right side sticking out."
8,1,6,,M,And is the hand out further than the leg?
8,1,6,,D,Yes.
8,1,6,x,D,OK.
8,1,7,,D,The one that looks like a rabbit sitting and facing the right-hand side.
8,1,7,x,M,Okay.
8,1,8,,D,The one that looks like the podium image that you were describing with the diamond head.
8,1,8,x,M,"Okay, got it."
8,1,9,,D,"Uh, it looks like there's a little, like, head on top of a dog."
8,1,9,,D,"The dog is facing towards the left, and it has a tail on the right."
8,1,9,x,M,"Hold on, uh..."
8,1,9,,D,The dog is facing which direction?
8,1,9,,D,"It looks like they're facing the left, and it looks like they have a little tail on the right hand side, but there's like a small figure on its back."
8,1,9,x,M,Okay.
8,1,9,x,M,"Hold on, give me a second."
8,1,9,,M,"It looks like something is riding that dog, right?"
8,1,9,,D,"Yeah, it looks like there's a square and a... Another rectangle."
8,1,9,x,D,Yeah.
8,1,10,,D,"Um, the one that looks like, uh, an animal without a tail."
8,1,10,,D,It's with a long back.
8,1,10,,D,"Okay, so it looks like a dog, no tail, um, the head and... Yeah, the head, head is facing the left, is pointing to the left, uh, side."
8,1,10,x,M,"Okay, okay, I think I've got this."
8,1,11,,D,um this one looks like uh the closest to a pineapple almost and there's like uh yeah um 
8,1,12,,D,this one has a triangle as the head um and it's pointed to the left side and it's like holding a square and the square is below right okay yeah i got that 
8,1,13,,D,"this one looks like the uh Like a phone, almost, where you could fit a square inside."
8,1,13,x,M,Hold on.
8,1,13,,M,This is like a space where it looks like a square could fit.
8,1,13,x,D,"I guess, what do you mean?"
8,1,14,,D,This one is like a submarine image with a diamond at the top.
8,1,15,,D,"This looks like a person, the diamond head, and it looks like they're facing the left hand side and they have their hands out to the left."
8,1,15,,D,It looks like they're wearing the graduation robe.
8,1,16,,D,The one that looks like a blow dryer.
8,1,17,,D,This one looks like a dog with their front legs facing the right and then their smaller back legs are on the left side and there's a diamond head.
8,1,17,,M,"Wait, there's a diamond head?"
8,1,17,,D,yeah diamond head and it looks like the front legs are facing the right side
8,1,17,,D,and it's like bigger and they have like back legs on the left well it looks like they have a tail as well
8,1,17,,D,this is just a triangle oh okay okay yeah
8,1,18,,D,"Uh, this one looks like a banana shape, and there's a diamond at the top."
8,1,18,x,E,"Oh, oh, okay."
8,1,18,x,E,I just got weird.
8,1,18,x,E,Feeling good?
8,1,18,x,E,Yeah.
8,1,18,,E,"Okay, cool."
8,1,18,,E,"Yep, fine."
8,2,1,,D,"Okay, so this is like the graduate in a gown facing the left in their graduation robes."
8,2,2,,D,"Okay, so this is the one thing there with the triangle head and it's holding a square in its head."
8,2,2,x,M,Okay.
8,2,3,,D,"So this is a picture of a man, like, leaning against the wall with his legs outstretched towards the left."
8,2,3,,D,"His back is leaning against the wall, his head is slanted slightly forward."
8,2,3,x,M,Okay.
8,2,3,,D,"The wall's on the, yeah."
8,2,4,,D,"Okay, this is the man on the podium, like, giving, like,"
8,2,4,,D,a speech or something.
8,2,4,,D,There's a mini triangle on the right hand side.
8,2,4,x,D,Alright.
8,2,5,,D,So this is the picture of a woman.
8,2,5,x,M,"Actually, I have a question."
8,2,5,x,M,Can you describe the bottom right picture for you?
8,2,5,x,D,What?
8,2,5,,M,Can you describe the bottom right picture for you?
8,2,5,,D,The bottom right is a man on the floor with his legs to the left.
8,2,5,,M,And the hands are outstretched to the right?
8,2,5,,D,"Oh, hands are outstretched to the right."
8,2,5,,M,"Yeah, so are they kneeling?"
8,2,5,x,D,"Uh, yeah."
8,2,5,,M,And the legs are pointed upwards?
8,2,5,x,D,Yes.
8,2,5,x,D,"Yeah, it's that."
8,2,5,x,D,Okay.
8,2,6,,D,"Okay, banana with a diamond on top."
8,2,6,x,M,"Oh, right."
8,2,7,,D,So this is a dog without a tail facing the left.
8,2,8,,D,"So this is a dog with another animal on top of it, like riding."
8,2,8,,D,This other animal has a square on top of it and a rectangle.
8,2,8,,D,But it's a dog.
8,2,8,,D,It has a tail.
8,2,9,,D,So this thing is also like a dog.
8,2,9,,D,It has a diamond head.
8,2,9,,D,The front legs are bigger.
8,2,9,,D,It's like sort of resting on them as a triangle.
8,2,9,,D,"It has a tail, which is a triangle on the left."
8,2,10,,D,So this is a rabbit.
8,2,10,x,M,OK.
8,2,11,,D,Cactus.
8,2,11,x,M,"Oh, it's..."
8,2,12,,D,"Uh, this is for submarine."
8,2,12,x,M,Okay.
8,2,12,x,M,Okay.
8,2,13,,D,So this is the picture I struggled with a lot last rap.
8,2,13,x,M,Alright.
8,2,14,,D,Pineapple.
8,2,15,,D,"So this is a picture of, uh, it has a diamond head, it's a person standing on one leg, uh, as if they're doing a yoga pose."
8,2,15,x,M,Okay.
8,2,16,,D,"So this is, uh, this thing has a diamond head, uh, it has a flat surface on the left-hand side, and immediately below the head,"
8,2,16,,D,"And on the right hand side, it is like a hand outstretched."
8,2,16,,D,"And there's a leg as well, but the hand is further out than the leg."
8,2,16,x,M,Okay.
8,2,17,,D,"So this is the hand dryer, the blow dryer."
8,2,18,,D,The phone.
8,2,18,x,M,What?
8,2,18,x,D,The phone.
8,2,18,x,E,Okay.
8,2,18,x,E,"A little bit, but generally it's fine."
8,2,18,,E,Okay.
8,2,18,,E,A little bit higher is good.
8,2,18,,E,Right.
8,2,18,,E,"Okay, cool."
8,2,18,,E,Sounds good.
8,3,1,,D,The cactus.
8,3,2,,D,The one that you struggled with last time.
8,3,4,,D,The dog with the larger frontal legs to the right.
8,3,5,,D,The hair dryer.
8,3,6,,D,The yoga pose person.
8,3,7,,D,The pineapple.
8,3,8,,D,The submarine.
8,3,9,,D,The person in a graduation robe.
8,3,10,,D,"The person kneeling and praying, uh, facing the right."
8,3,10,x,M,"Oh, uh."
8,3,10,x,M,"Oh, wait, what?"
8,3,10,x,M,"Oh, no, no."
8,3,10,x,M,"Sorry, sorry."
8,3,10,x,M,I accidentally pressed.
8,3,10,x,M,My bad.
8,3,11,,D,The telephone.
8,3,12,,D,The dog with the long body.
8,3,12,,D,No tail.
8,3,13,,D,The banana.
8,3,14,,D,The person holding a square.
8,3,15,,D,The rabbit.
8,3,16,,D,The figure riding on top of the dog.
8,3,17,,D,The person sitting on the floor leaning back against the wall.
8,3,17,,D,Legs are extended to the left.
8,3,18,,D,The figure with a hand sticking to the right.
8,3,18,,D,uh which is sticking out farther than the the foot and the left side is is flat a straight line
8,3,18,x,E,Thank you.
8,4,1,,D,"Uh, the one I struggled with."
8,4,1,x,M,Okay.
8,4,2,,D,"Um, the woman, uh, like praying, kneeling, with the legs pointed upwards."
8,4,3,,D,Blow dryer.
8,4,4,,D,A man leaning the back against the wall.
8,4,4,x,M,Okay.
8,4,5,,D,A dog with big front legs.
8,4,5,x,M,Okay.
8,4,6,,D,Pineapple 
8,4,7,,D,Dog with low tail
8,4,8,,D,Submarine
8,4,9,,D,Rabbit
8,4,10,,D,"Uh, diamond head holding square."
8,4,10,x,M,Okay.
8,4,11,,D,"Uh, yoga pose."
8,4,12,,D,A dog riding a dog.
8,4,13,,D,The phone.
8,4,13,,D,The telephone.
8,4,15,,D,"Uh, then graduate."
8,4,15,,D,"Like, uh, like in the Gavs."
8,4,16,,D,A banana with a diamond on top.
8,4,16,x,M,What was that?
8,4,16,x,D,A banana with a diamond on top.
8,4,16,x,M,"Oh, odd."
8,4,16,x,M,Sorry.
8,4,16,x,M,Clicked the wrong one.
8,4,16,x,M,Don't worry.
8,4,17,,D,A podium.
8,4,17,x,M,Okay.
8,4,18,,D,This is a diamond head.
8,4,18,,D,The left side is straight.
8,4,18,,D,The top immediately below the diamond is straight.
8,4,18,,D,The hands are out further than the legs.
8,4,18,x,M,Yeah.
8,4,18,x,M,Yep.
8,5,1,,D,The dog riding on top of the other dog.
8,5,2,,D,The one that you struggled with.
8,5,3,,D,The diamond head with the straight line back on the left.
8,5,3,,D,The right hand sticking out farther.
8,5,4,,D,The graduate robe person.
8,5,5,,D,The cactus.
8,5,6,,D,"The dog with no tail, long body."
8,5,7,,D,"Uh, the, the figure praying, facing the right, kneeling."
8,5,9,,D,The banana.
8,5,9,,D,The figure holding the square.
8,5,10,,D,The pineapple.
8,5,11,,D,The person sitting on the floor back against the wall.
8,5,12,,D,The yoga pose.
8,5,13,,D,The telephone.
8,5,14,,D,The dog with the large frontal legs.
8,5,15,,D,The rabbit.
8,5,16,,D,The blow dryer.
8,5,17,,D,The podium.
8,5,18,,D,The submarine.
8,6,1,,D,Banana?
8,6,2,,D,"Uh, graduate in robes?"
8,6,3,,D,Triangle head holding a square.
8,6,4,,D,Dog with bigger frontal legs and triangle tail.
8,6,5,,D,The phone.
8,6,5,,M,The phone?
8,6,5,x,D,Yeah.
8,6,6,,D,Yoga pose.
8,6,7,,D,A woman praying.
8,6,8,,D,"Um, diamond hat, uh, a square which is full on both sides."
8,6,9,,D,"Uh, hats are outstretched further than the legs to the right side."
8,6,10,,D,"Uh, podium die."
8,6,11,,D,Blow dryer.
8,6,12,,D,Cactus.
8,6,13,,D,Dog on a dog.
8,6,14,,D,A man leaning against a wall.
8,6,15,,D,Dog without a tail.
8,6,16,,D,Long body.
8,6,16,x,E,"Bye now, Paul."
8,6,17,,D,Rabbit.
8,6,17,x,M,Which one?
8,6,17,x,D,Rabbit.
8,6,17,x,M,Okay.
8,6,18,,D,The one I struggled with.
8,7,1,,D, Pineapple.
8,7,1,x,M,Hold on.
8,7,1,,D,The pineapple.
8,7,1,x,M,"Yeah, no, I just misplaced my..."
8,7,1,x,M,"Okay, wait, wait, I found it."
8,7,2,,D,The dog with the large frontal legs.
8,7,3,,D, The yoga pose.
8,7,4,,D,The one with the three spikes at the top.
8,7,4,,M,Like the Batman one?
8,7,4,,D,It's like three spikes at the top.
8,7,4,,D,It looks like a tulip.
8,7,4,,D," Yeah, Batman 1, I guess."
8,7,4,,M,And it has like a tail or something to the right side?
8,7,4,,D,Yeah.
8,7,4,x,D,Okay.
8,7,5,,D,It's a submarine.
8,7,6,,D, The man on the floor with the legs extended to the left.
8,7,7,,D,The one that you struggled with.
8,7,8,,D, um the woman um kneeling almost with the knees extended to the right and her arms to the right as well the diamond head right um figure of the diamond head
8,7,9,,D," There's a leg extended to the right, and there's a curved leg on the left, and the body is a straight line on the left at the top."
8,7,9,x,M,Okay.
8,7,10,,D,The rabbit...
8,7,11,,D, The dog with no tail and long body.
8,7,12,,D,The diamond head with the straight line back on the left.
8,7,13,,D, The cactus.
8,7,14,,D,The house with the chimney on the right.
8,7,15,,D, The dog with the figure on its back.
8,7,15,,M,The dog with what?
8,7,15,,D,A figure on its back and has a tail on the right.
8,7,16,,D,The diamond head with two arms stretched towards the top.
8,7,16,,D, and is leaning diagonally to the left.
8,7,16,x,M,Hold on.
8,7,16,,M,"Uh, the two arms that are open?"
8,7,16,,D,"Yeah, there's two arms open, so it looks like their arms are raised to the sky."
8,7,16,,M,"And the body is diagonal, it's from the right to the left, is it?"
8,7,16,,D,"Yeah, they're leaning to the left."
8,7,16,x,D,Okay.
8,7,16,x,D,Okay.
8,7,17,,D," Um, the, the hexagon, half a hexagon."
8,7,17,,D,The hexagon with something removed.
8,7,17,,D,"Um, there's like a space at the top."
8,7,17,,M,A triangle.
8,7,17,,D,"Uh, yeah, you could fit a triangle."
8,7,18,,D,The banana.
8,7,20,,D, The house with the tree on the left hand side.
8,7,21,,D," Um, the, it's like a llama with a tail on the right side."
8,7,21,x,M,"Wait, what?"
8,7,21,,D,"Uh, it looks like a, like a llama, and it has, um, legs."
8,7,21,,D,It's like facing the left-hand side.
8,7,21,,D,"There's a tail on the right, and it has two legs."
8,7,21,,D,"The, the frontal leg is facing the left."
8,7,21,,M,Is it bigger?
8,7,21,,D,"Uh, yeah, it's bigger."
8,7,22,,D, The woman kneeling and praying.
8,7,23,,D,The telephone.
8,7,24,,D, The figure holding a square.
8,7,25,,D,"The dog with like two feet in the air, two triangles at the top, and there's a square on top of"
8,7,25,,D, A triangle at the bottom.
8,7,26,,D,The figure with diamond head kneeling on the ground and it has two triangle arms pointed upwards or out.
8,7,26,,D,And it's facing the right hand side.
8,7,26,,M, It's facing the right hand side?
8,7,26,,D,"Yeah, it's facing the right."
8,7,26,,D,And it looks like it's nailing on the floor.
8,7,26,,D,And it has two triangle arms pointed out.
8,7,26,,D,Diamond head.
8,7,26,x,M,I'm not getting this.
8,7,26,,D,There's like a small white sliver between the two arms.
8,7,26,,M," Wait, which, okay, can you describe its position to me on your side?"
8,7,26,x,M,Like row and column.
8,7,26,x,D,I think it's different columns and rows for each of us.
8,7,26,x,M,"Well, I know, but describe your row and column to me."
8,7,26,x,M,"Okay, it's on the top row and it's in the fifth column."
8,7,26,,D, It has a diamond head and it looks like it's like two arms and they're triangles and they're like sticking outward.
8,7,26,,D,It almost has like a V chest shape.
8,7,26,,D,A downward V chest shape.
8,7,26,,M,"This is not the bat, is it?"
8,7,26,x,D,What?
8,7,26,,M,This is not the bat.
8,7,26,,D,"No, not the bat."
8,7,26,x,D,"Um,"
8,7,26,,M, There's only one thing with two hands to me.
8,7,26,,M,The only thing I can see there with two hands is the thing which is diagonal and the two hands are outstretched.
8,7,26,,D,"So this one, it looks like it has a V as a chest."
8,7,26,,D,It's like a diamond head and it's supported on a V shape.
8,7,26,x,D,Do you see that?
8,7,26,x,M, Hold on.
8,7,26,,M,Does it have two triangles?
8,7,26,,D,Yeah.
8,7,26,,D,"Yeah, and it forms like a V. No, wait."
8,7,26,,M,It has two triangles as legs?
8,7,26,,M,Uh...
8,7,26,,M,The legs are kind of lumped together to create a sort of...
8,7,26,,D,"Yeah, I guess it could be seen as two triangles?"
8,7,26,,M,"No, there's only one thing there with two triangles."
8,7,26,,M,It's very clear it's two triangles.
8,7,26,,D,okay no no no it's not it's not two triangles
8,7,26,,D,the head is a diamond the head is a diamond and there's a uh like a a triangle on the right that could be like a hand
8,7,26,,D,and there's next to that there's a triangle on the left and it is for it looks like uh a v
8,7,26,,D, like the letter V almost like sticking out.
8,7,26,x,D,Okay.
8,7,26,x,M,"I think I, okay."
8,7,26,,M,"Let's, let's describe this in the future as the, like, uh, the square head and this woman with her hair, like, like that's the title."
8,7,26,,M,Her hair.
8,7,26,x,M,Okay.
8,7,26,x,M,Got it.
8,7,27,x,D,"Um, it looks like the,"
8,7,27,,D," There's a square head, and it looks like it's falling off to the right."
8,7,27,,D,And there's two legs.
8,7,27,,D,One of the legs is at the top.
8,7,27,x,M,Yeah.
8,7,28,,D,The dog on top of the other dog.
8,7,29,,D," Um, there's two legs."
8,7,29,,D,One of them is stretched out to the left.
8,7,29,,D,There's a diamond head.
8,7,29,,D,"And, uh, there's like a point facing the left side."
8,7,29,,M,So does it look like this person is running?
8,7,29,x,D,"Uh, yes."
8,7,29,x,D,Yes.
8,7,30,,D, the podium.
8,7,31,,D,It's like a square head and there's a long left leg.
8,7,31,,D, And there's a smaller triangle for the right foot.
8,7,31,x,D,Yeah.
8,7,32,,D,The graduate student.
8,7,33,,D,The blow dryer.
8,7,34,,D," Um, it looks like an L. Like it's an L shape."
8,7,34,,M,"It's a thick L. Okay, that's what I thought when you said a sloth before."
8,7,34,x,D,Yeah.
8,7,35,,D,"Um, it looks like a person walking."
8,7,35,,D,It has two triangles as the feet.
8,7,35,,D,And like an arm facing the right.
8,7,35,x,D,Yeah.
8,7,36,,D,um the strange looking uh diagonal figure with the two arms outstriped
8,7,36,,D,um no it's like it looks like a line almost but like a diagonal line
8,7,36,,D,um to the left it's it's like it's uh and it could look like a like sunglasses almost like
8,7,36,x,E, Yeah.
8,7,36,x,E, So we're not talking this round?
8,7,36,x,E,Okay.
8,7,36,,E,"Right, yeah, sure."
8,7,36,,E,Okay.
9,0,1,x,D," Okay, um, I'm the speaker, can you hear me?"
9,0,1,x,M,Yeah.
9,0,1,,D,"Okay, it's the trust fall one."
9,0,1,,D,He looks like he's doing a trust fall.
9,0,1,x,M,"Oh, okay."
9,0,1,x,M,Yeah.
9,0,1,x,M,"Yeah, let's go."
9,0,1,x,M,I killed that.
9,0,1,x,M,"Good, okay."
9,0,1,x,M,"Um, okay."
9,0,2,,D, This kind of looks like a horse.
9,0,2,,D,"Look, you know how when you, like, kick a horse and its front legs, like, go up, and it, like, bends its feet, and it, like, neighs?"
9,0,2,,D,"It kind of looks like that, and, like,"
9,0,2,,D,"the head of the horse is, like, a square box,"
9,0,2,,D,"and its body is kind of, like, the rest of the back half of its body is kind of, like, laying on the ground,"
9,0,2,,D,"but its two front legs are kind of, like, stuck in the air and, like, bent."
9,0,2,x,D,Does that make sense?
9,0,2,x,M,No.
9,0,2,x,D,"No, okay."
9,0,2,x,D, I'll try this again.
9,0,2,x,D,"Okay, so you got, like..."
9,0,2,x,M,Okay.
9,0,2,x,M,"Wait, wait, wait."
9,0,2,,M,Which way is the horse facing?
9,0,2,,D,"Oh, it's facing the right."
9,0,2,,D,Its legs are sticking up towards the right.
9,0,2,,D,And its head is kind of tilted back a little bit.
9,0,2,,D,"It looks like it's, like, in pain."
9,0,2,x,D,Does that help?
9,0,2,x,M,"Um, okay."
9,0,2,x,M,"Okay, okay, yeah."
9,0,2,x,M,"Oh, okay."
9,0,2,x,M,"Okay, I think that one."
9,0,2,x,M,We'll see.
9,0,2,x,M,Okay.
9,0,2,x,M,Let's go.
9,0,2,x,M,"Okay, kill that."
9,0,3,,D, This guy looks like...
9,0,3,,D,"So you know how in, like, the end of a tango, the guy, like, dips the girl?"
9,0,3,,M,Tango?
9,0,3,x,M,What the fuck?
9,0,3,x,M,Sorry.
9,0,3,,D,"Like the dance where they're, like, wearing red and black and the guy, like, dips the girl?"
9,0,3,x,M,"Oh, oh, oh, I got it, I got it."
9,0,3,,D,He looks like he's dipping her.
9,0,3,,D,"So he's facing towards the left, and one of his legs, his right leg is stuck out really long, and his left one is like that."
9,0,3,x,M,"Okay, I got it, I got it."
9,0,3,x,M,"Okay, cool."
9,0,3,x,M,"Yeah, you killed that."
9,0,3,x,M,"Yeah, let's go."
9,0,4,,D," Okay, this is just, like, a dog jumping in the air."
9,0,4,,D,"This is a dog, and its legs are off the ground."
9,0,4,,M,"Um, are his back legs on the ground-ish?"
9,0,4,,D,"Everything's off the ground, and his feet are, like, pointed for some reason, like, his legs are pointed."
9,0,4,x,M, I'm sorry.
9,0,4,,D,And he has a weird hat.
9,0,4,,D,He has a weird shaped hat.
9,0,4,x,E,Stop your- I'm sorry.
9,0,4,x,E,I'm sorry.
9,0,4,x,E,I can't move.
9,0,4,x,E,You're making me laugh.
9,0,4,x,E,"Oh no, my head, my head."
9,0,4,x,E,I'm trying to do it.
9,0,4,x,E,Fuck.
9,0,4,x,E,"I'm sorry, I'm laughing."
9,0,4,x,E,Did you get it?
9,0,4,x,E,"No, no."
9,0,4,x,E,I won't be funny.
9,0,4,x,E,"No, you're being dumb."
9,0,4,x,E,"Okay, I have to do it again?"
9,0,4,x,E,I have to explain?
9,0,4,x,E,"Oh my god, I moved so much."
9,0,4,x,E,"I'm so sorry, guys."
9,0,4,,D,"Okay, so the dog's facing the left."
9,0,4,,M, They're all facing- all the dogs are facing left.
9,0,4,,M,There's so many dogs!
9,0,4,,D,"Okay, this dog has got a pointy head, it's jumping in the air, its legs are straight down,"
9,0,4,,D,"its legs are two triangles, the same size as its- the same kind of shape as its head, its tail is a long rectangle."
9,0,4,x,M,"Ugh, I think I'm gonna get this one wrong, but I'm going, I'm going."
9,0,4,,D,"And it's, like, really skinny, like, it's, it's, uh, stomach is, like, bent in."
9,0,4,x,E, Let's go!
9,0,4,x,E,Okay.
9,0,4,x,E,"Sophia, I'm moving so much."
9,0,4,x,E,You have to be normal.
9,0,4,x,E,Okay.
9,0,5,,D,"Um, this just looks like a boomerang if you threw it in the air."
9,0,5,,M,"Um, does it look like a gun also?"
9,0,5,,D,Yes.
9,0,5,,M,"Okay, you could have said that."
9,0,5,x,E,Violent.
9,0,5,x,E,What?
9,0,5,x,E,Violent.
9,0,5,x,E,Very violent.
9,0,5,x,E,Oh.
9,0,5,x,E,I didn't laugh.
9,0,5,x,E,"Okay, I got it, I got it."
9,0,5,x,E," I'm doing a good job, okay?"
9,0,5,x,E,"I think I'm the one doing the good job, okay?"
9,0,5,x,E,"Nope, nope."
9,0,6,,D,"Okay, so this guy looks like, um... He- okay."
9,0,6,,D,"You know how, like, in Thriller, they do this, like, zombie dance?"
9,0,6,x,M,"Eh, oh my god."
9,0,6,x,E,What the fuck did you just do?
9,0,6,x,E,"I tried to- I was- Hey, that doesn't count."
9,0,6,x,E,"I was, like, scrolling and I accidentally hit- Then don't be stupid!"
9,0,6,x,E,Oh my god.
9,0,7,,D,This looks like Yoda.
9,0,7,,D,"He's, like- he's, like, tiny kid."
9,0,7,,D,"His hands are out, he's facing the left."
9,0,7,,D,It looks like Yoda.
9,0,7,,D,Wearing a robe.
9,0,7,,M, Does it look like a pope?
9,0,7,,D,Yes.
9,0,7,x,E,"Yeah, I killed that."
9,0,7,x,E,"Hey, I got one wrong, but that doesn't- No, that doesn't count."
9,0,7,x,E,I was excited to try that one.
9,0,7,x,E,I think we're dumb.
9,0,7,x,E,"Yeah, ow."
9,0,7,x,E,"Oh my god, I'm so sorry."
9,0,7,x,E,Yeah.
9,0,7,x,E,"That was a mistake, though."
9,0,8,,D,Is this just like a pole with two things sticking out on the other side?
9,0,8,x,M,"Oh, yeah, yeah, I know, I know, I know."
9,0,8,x,M,"Yeah, okay."
9,0,8,x,M,"Oh, wait, wait, wait, wait."
9,0,8,x,M," No, no, no."
9,0,8,x,M,Say it again.
9,0,8,,D,A pole with two things sticking out on either side.
9,0,8,,D,They look like speakers.
9,0,8,x,E,"Oh my god, I did it again!"
9,0,8,x,E,You stupid!
9,0,8,x,E,"Okay, this is confusing me."
9,0,8,x,E,I'm not dumb.
9,0,8,x,E,I know what she's saying.
9,0,8,x,E,I know what she's saying.
9,0,8,x,E,"Okay, my brain's gonna show that I know the answer."
9,0,9,,D,This is a house with a tree that's on the left.
9,0,9,,D,The tree is bigger than the house.
9,0,9,x,E,"Yeah, this is so easy."
9,0,9,x,E,"I'm going, I'm going."
9,0,9,x,E," Wow, surprised you didn't get that wrong."
9,0,9,x,E,"Okay, honestly, shut the fuck up."
9,0,9,x,E,Okay.
9,0,9,x,E,"Okay, go."
9,0,9,x,E,Yes.
9,0,10,,D,"Um, this looks like... Um, it's kind of just like a dog with no legs, only hind legs, no front legs."
9,0,10,,D,it's like a dog jumping and his back legs are still on the floor
9,0,10,x,D,yeah okay you don't have to describe it
9,0,10,x,D,honestly i'm not even gonna say it okay
9,0,10,x,D,i don't but you know it's gonna make me move s
9,0,10,x,D,o okay this is like um i don't think i know how to okay
9,0,10,x,M," Well, you have to."
9,0,10,x,D,I'm trying.
9,0,11,,D,"So, it's like, um, it's kind of like a dustpan."
9,0,11,,D,"Like, the thing that you put on the ground and you sweep, like, dust into with a mop."
9,0,11,x,M,I know what that is.
9,0,11,x,D,"Do you see what I'm talking about, though?"
9,0,11,x,M,"No, I don't."
9,0,11,,D,"It's like, um, if you were holding it and putting it, it's kind of just like, it has, like, a handle and then it has, like, a long flat part and two side things."
9,0,11,,D, It's facing the right.
9,0,11,,D,"Um... Or it kinda looks like, um... Like, you know those short hairbrushes that have, like, handles in the back, and they're kinda like..."
9,0,11,,D,"It's like a skinny rectangle connected to, like, a long, fat rectangle?"
9,0,11,x,E,You're sucking.
9,0,11,x,E,What's wrong with you?
9,0,11,x,E,Be better.
9,0,11,x,E,This one is hard.
9,0,11,x,E,Um...
9,0,11,,M,or like okay it's definitely not one of the people right
9,0,11,,D,no it doesn't look like a person at all so that should rule some out okay
9,0,11,,D,which one looks the most like a dustpan
9,0,11,,D,i'm talking um
9,0,11,,M,it's not the claw facing up right
9,0,11,,M,no okay this is if it's this you're stupid this is not a dustpan
9,0,11,,D,don't be mean to me i'm trying my hardest
9,0,11,,M, Dustpan on this shit?
9,0,11,x,D,What is it?
9,0,11,x,D,"What is it, then?"
9,0,11,x,M,"Well, something else."
9,0,12,,D,"Okay, this guy's doing a handstand."
9,0,12,x,D,That's it.
9,0,12,,D,"Um... And his feet are, like, flailing in the air."
9,0,12,x,D,There you go.
9,0,12,x,D,Kill that.
9,0,12,x,D,Um...
9,0,12,x,D,"This guy's, like, um..."
9,0,12,x,D, It's like...
9,0,13,,D,Imagine if you have one leg on the ground and your back leg is sticking out straight behind you and your arms are to the sides.
9,0,13,x,M,Yeah.
9,0,13,,D,He's doing yoga.
9,0,13,x,D,That's what he's doing.
9,0,13,x,M,Um...
9,0,14,,D," It's just like a guy, it kind of looks like the Yoda one, but he's more of a rectangle, but it's not the one where he has no arms or legs."
9,0,14,,D,"It's just like the Yoda one, but he's kind of like a rectangle for a body with the right side kind of cut off."
9,0,14,x,M,"Oh, you're making me laugh again."
9,0,14,x,M,"I can't really hear you, so I'm just gonna... Um..."
9,0,14,,D," Okay, it's a square head, and it's like a diamond, and his shoulders are completely flat and straight."
9,0,14,,D,"The left side of his body is a complete rectangle, and the right side has some stuff come out and cut out of it."
9,0,14,x,E,"Sophia, can you hear me?"
9,0,14,x,E,I can hear you.
9,0,14,x,E,You can?
9,0,14,x,E,"Like, just barely."
9,0,14,x,E,"Like, I can't make out your words, really."
9,0,14,x,E,"Well, that's a problem."
9,0,14,x,E,"Okay, it's the truss ball one."
9,0,15,,D,He looks like he's doing a truss ball.
9,0,15,x,M,"Kill that, kill that, kill that."
9,0,16,,D," Um, this is a dog, and it's sitting down."
9,0,16,,D,It kinda looks like a dog is waiting for a tree or waiting for a command.
9,0,16,,D,It's hind legs are bent down.
9,0,16,,D,And it's front legs are sticking out and on the ground.
9,0,16,x,M,"Oh my god, I did it again!"
9,0,16,x,M,"Guys, I knew it was that one, obviously."
9,0,16,x,M,That's the only dog.
9,0,16,x,M,Oh my god.
9,0,16,x,M,I'm getting confused with this scrolling shit.
9,0,16,x,M,I'm so sorry.
9,0,16,x,M, I know that.
9,0,16,x,M,"Sorry, I can hear someone talking, but I don't know if you're talking to me, because I can't... Well, can you describe what you're supposed to describe?"
9,0,16,x,M,Let's go.
9,0,16,x,M,Um...
9,0,17,,D,"This is just, like, a person sitting on the ground."
9,0,17,x,D,Um...
9,0,17,x,D,"They have, like..."
9,0,17,x,D," Like, kind of imagine..."
9,0,17,x,D,I don't know.
9,0,17,,D,"Yeah, they're kind of just, like, sitting."
9,0,17,,D,"They have, like, a weird body."
9,0,17,,D,One of their legs is stuck out on the left.
9,0,17,,D,And they have a weird triangle.
9,0,17,x,M,"Yeah, yeah, yeah."
9,0,17,x,M,"Got it, got it, got it, got it."
9,0,18,,D,"Um, this looks kind of like a toilet facing the left."
9,0,18,x,M,"Oh, yeah, yeah."
9,0,18,x,M,"Got it, got it, got it."
9,0,18,,D,With a diamond on top.
9,0,18,x,M,"Yeah, yeah."
9,0,18,,D,Or maybe a piano.
9,0,18,x,D,Yeah.
9,0,18,,D," No, it was a toilet, definitely."
9,0,19,,D,"This looks like a person sitting on the ground, facing the left, their knees are bent, and they're looking down."
9,0,19,,D,"And, like, they kind of look like they're, like, a Minecraft character, because their head is, like, a square, and it looks, like, attached to their body this time."
9,0,19,,D,they're sitting on the ground their back is like curved and their knees are bent and they're facing the left and they kind of look like they're looking down at their chest
9,0,20,,D,yeah um this kind of looks like a rose or a claw sticking up
9,0,20,,M,oh why the one you're talking about before
9,0,20,x,D,oh yeah
9,0,21,,D," This is the one you accidentally picked the last time, it's like- Oh yeah, I remember exactly which one, what?"
9,0,21,,D,It's like two squares overlapping attached to like a top little part.
9,0,21,x,D,"Um, kinda like, uh..."
9,0,21,,D,"It's like a cherry, but instead of two cherries being next to each other, they're one below the other."
9,0,21,x,M,"Ah, yeah."
9,0,21,x,M,Okay.
9,0,21,x,M, Um...
9,0,22,x,D,This kind of looks like...
9,0,22,,D,"Okay, so there's this guy, and they're facing to their right, and their knees are half bent, but they're still standing up."
9,0,22,,D,"They look like they're, like, begging for food, maybe?"
9,0,22,x,M,Yeah.
9,0,22,x,M,"Okay, I'm not gonna... Um..."
9,0,23,,D, So this is just like a flat thing with a square kind of sticking up out of a bump on the top of it.
9,0,23,,D,"It could be like, I guess like, um... Ah, like a, like a ship."
9,0,23,x,M,"Um, it's kind of, I'm not, uh, hmm."
9,0,23,x,M,"Hey, look at the other ones."
9,0,23,,D,It's the ship.
9,0,23,x,E,"Yeah, I can't hear what you're saying."
9,0,23,x,E,I'm sorry.
9,0,23,x,E,What?
9,0,23,,D,"It's like, um, like a flat kind of oval-ish thing."
9,0,23,,D,Or it's not an oval.
9,0,23,,D,It's a hexagon.
9,0,23,,D," Um, but the two main sides are long, and it has a little bump in the top."
9,0,23,,D,"And then it has- yeah, there you go."
9,0,24,,D,"This is a house, and to its right it has just like a really tall rectangular building."
9,0,24,x,M,Yep.
9,0,25,,D," Um, handstand again."
9,0,25,,D,"The person's doing a handstand, but this time it only looks like they have one foot."
9,0,25,x,M,No.
9,0,25,x,M,No.
9,0,25,x,M,That's not right.
9,0,25,x,M,"Oh, I don't know which one you're talking about."
9,0,25,,D,Handstand.
9,0,25,,D,"It's like, it looks like they have two hands on the ground and their head is like on the bottom of the drawing."
9,0,25,,D," And then it looks like their legs are in the air, and one of their legs is just like a little triangle, almost disconnected from the- Sorry, not legs, feet, my bad."
9,0,25,x,M,"Okay, I got it, I got it."
9,0,26,,D,This is just like a cup.
9,0,26,,D,"It's just like a little, like a- Like a bowl."
9,0,26,,D,"It's kind of like the bowl thing from before, but it has like an opening on the top."
9,0,27,,D, yep this looks like a person is riding on the dog and the dog is jumping in the air i got it the person is just like two blocks like it's like a baby
9,0,28,,D," Okay, this is very similar to the last one."
9,0,28,,D,"It is, like, a person on top of a dog, but it kinda looks like the dog is a boat and the person's sitting inside the dog, almost."
9,0,28,,D,"Like, you can only see their torso and their head."
9,0,28,x,D,Yeah.
9,0,29,,D,"Okay, this is a person with no arms or legs."
9,0,29,x,M,"Okay, I'm going, I'm going."
9,0,29,,D,With a weird bump on the right side of their body.
9,0,29,,D," They're sitting down, that's why."
9,0,29,,D,"Or, okay, maybe they're sitting down."
9,0,29,x,D,"But, okay."
9,0,30,,D,"Um, okay, this is similar to the one where the guy's knees are bent and he's praying, but they're a little bit skinnier, and they have, like, something coming out of their..."
9,0,30,,D,"It looks like, um, like they're, like, leaning against... Like, they're sitting kind of on, like, a little stoop"
9,0,30,,D,but it's kind of like they look like the guy who's like praying but they're kind of standing straight up and they're like you kind of look or not praying
9,0,30,x,D,yeah there you go um
9,0,31,,D,so this looks like somebody is walking forward with their towards the left and their arms are sticking straight out to the left and they have like one leg in front of one leg behind
9,0,31,x,M," I'm going, I'm going."
9,0,32,,D,"Okay, this looks like a guy who's wearing a top hat, and he's facing the right, and he's sticking his hand out, and he has, like, you can see both of his feet right next to each other."
9,0,32,,D,"Kinda looks like he's, like, rapping or something."
9,0,32,,D,"He's, like, he looks like he's, like, saying something, and he has a top hat on."
9,0,32,x,M," Nah, I don't see him."
9,0,32,,D,"Um, or maybe his head just, like, isn't a diamond, it's a square, but it kinda looks like he's wearing a top hat."
9,0,32,,M,"Is it, like, Elvis?"
9,0,32,x,D,What?
9,0,32,x,M,"Is it, like, Elvis?"
9,0,32,x,D,"I can't, um, I don't, I can't hear you."
9,0,32,x,D,Yeah.
9,0,32,,D,"It kinda, yeah, that, that's it."
9,0,32,x,E,That was very bad of you.
9,0,32,x,E,"I don't know if you were just insulting me because I can't hear you, so."
9,0,32,x,E,I did.
9,0,32,x,E,Okay.
9,0,33,,D," The first time I saw this, I thought it looked exactly like a duck."
9,0,33,,D,"It kind of looks like a duck swimming through the water, keeping one of its feet out."
9,0,33,x,M,"Yeah, yeah."
9,0,34,x,D,This looks like...
9,0,34,x,D,It kind of looks like...
9,0,34,,D," Okay, the bottom part of this picture is just, like, a flat triangle with, like, a little bit of a bump in it."
9,0,34,,D,"And then the top just has, like, a head and, like, two huge ears connected to it."
9,0,34,,D,"I don't know if it's, like, a person."
9,0,34,,D,But imagine you wearing two huge ears on your head and then sticking up.
9,0,34,,D,"And you're facing right and you're, like, sitting down."
9,0,34,,D,It's like a disappointed bunny.
9,0,34,x,D,Yeah.
9,0,34,x,D,Yeah.
9,0,34,x,D," Um, okay."
9,0,35,,D,"So, it kind of looks like a guy whose head is a diamond, and it's like connected to the rest of his body, which the top half of it is a diamond."
9,0,35,,D,He is like holding a martini glass in his left hand.
9,0,35,,D,"Um, but you can't really see the hand, you can just kind of see like this triangle sticking out of the side of his body, so it's kind of like a martini glass."
9,0,35,x,D,Yeah.
9,0,36,,D, this is just like a dinosaur if it had no legs it's just like the body and the neck or the draft maybe it's the body and the neck and the head yeah
9,0,36,,E, okay i feel a lot of pressure in the side of my head and it's like you say you feel pressure okay i don't know okay maybe it like it's kind of painful i can't even like concentrate
9,0,36,x,E," Um, I can, like, not hear her over the machine at all."
9,0,36,x,E,"Like, I can't really make out what she's saying."
9,0,36,x,E,"Oh my god, okay."
9,0,36,,E,"Yeah, wow."
9,0,36,,E,That was crazy.
9,0,36,,E,"Okay, I felt like I was gonna die."
9,0,36,,E,Where's the little emergency thing?
9,0,36,,E,I lost it.
9,0,36,,E,"Oh, here, here."
9,0,36,,E,Wow.
9,0,36,,E,"Okay, okay."
9,0,36,,E,"No, yeah, yeah."
9,0,36,,E,"Like, I can hear it now, slightly, but over the noise of the machine."
9,0,36,,E,"Okay, okay."
9,0,36,,E, I can only tell that she's talking.
9,0,36,,E,I can't tell what she's saying.
9,0,36,,E," I can kind of tell if I move my jaw all the way to the left or the right, but that kind of makes me move my head a little bit."
9,0,36,,E,"I was worried about that, so I didn't want to do that, but I can't really hear her otherwise."
9,0,36,,E," Um, maybe that's what it is."
9,0,36,,E,"I don't, like, I can, like, the pressure of the phone thing is something a lot, like, it's manageable, but I'm not sure if, like, that's, like, pushing the earplugs, like, too far into my ears that, like, they're, like, not positioned or, like, I'm not sure what it is, but, like, yeah, I couldn't, like, really hear the video, but I wasn't sure if I was, like, supposed to, but, like, like, I, it's been, like, kind of hard to hear the whole time."
9,0,36,,E,"I couldn't, like, hear her towards the end of that because I was trying not to, like,"
9,0,36,,E, move my jaw because i thought i like was like moving my head yeah it shifts the earbud in my left ear if i move it to the right and i think i kind of like
9,0,36,,E," moves the part that is emitting the noise closer to where I'm actually hearing it, closer to my actual earbud."
9,0,36,,E,"So yeah, I think the earbud shuts really tight in my ear, but when I move my jaw, it loosens a little bit, and I can hear it a lot clearer."
9,0,36,,E,Okay.
9,0,36,,E,Okay.
9,0,36,,E,Thank you.
9,0,36,,E," Uh, okay."
9,0,36,,E,Yeah.
9,0,36,,E,"Um, uh,"
9,0,36,,E, okay it moved a little bit but i yeah i think i'm for like a second so maybe that's better yeah not sure it's yeah it's like it's better when i open my jaw but when i close my mouth like normally i can't i still can't really hear it
9,0,36,,E, Oh.
9,0,36,,E,"Oh wait, sorry, sorry."
9,0,36,,E,Okay.
9,0,36,,E, Uh-huh.
9,0,36,,E,Okay.
9,0,36,,E,Okay.
9,0,36,,E,Yep.
9,0,36,,E,Okay.
9,0,36,,E, um just me talking i don't know okay yeah
9,0,36,,E, Can I adjust something with this for a second?
9,0,36,,E,Okay.
9,0,36,,E,"Okay, no, yeah, I won't."
9,0,36,,E,"Okay, that's good."
9,0,36,,E,I don't know where the Bungie Bungie went.
9,0,36,,E," OK, OK. OK. Yeah, yeah, OK."
9,0,36,,E,Perfect.
9,0,36,,E, .
9,0,36,,E,.
9,0,36,,E,.
9,0,36,,E,.
9,0,36,,E,.
9,0,36,,E, wow wow wow wow wow
9,0,36,,E, .
9,0,36,,E,.
9,0,36,,E,.
9,0,36,,E,.
9,0,36,,E,.
9,0,36,,E, Hello.
9,0,36,,E,Hello.
9,0,36,,E, Hello.
9,0,36,,E,Hello.
9,0,36,,E,Hello.
9,0,36,,E,Hello.
9,0,36,,E, We're good.
9,0,36,,E," Oh, um, I don't get it."
9,0,36,,E,I don't get it.
9,0,36,,E, You were doing a great job with the descriptions.
9,0,36,,E,I really appreciate it.
9,0,36,,E," Yeah, it's, like, resting on my mouth."
9,0,36,,E,"I don't know if that's, like, supposed to happen."
9,0,36,,E,Okay.
9,0,36,,E,"Oh, it's so much clearer, the audio."
9,0,36,,E,Yeah.
9,0,36,,E,"Um, yeah, that's perfect."
9,0,36,,E,"Uh, no, it's off."
9,0,36,,E,"Yeah, yeah."
9,0,36,,E,Okay.
9,0,36,,E,Okay.
9,0,36,,E, Let me skip this step for a second.
9,0,36,,E, That's perfect.
9,0,36,,E,"Oh, sorry, the mic fell a little bit."
9,0,36,,E,"I'm sorry, sorry."
9,0,36,,E,"Yeah, that's good."
9,0,36,,E,Alright.
9,0,36,,E,Okay.
9,0,36,,E,Okay.
9,0,36,,E,"Laura, can you hear me?"
9,0,36,,E,"Yeah, can you?"
9,0,36,,E,"Yeah, so much better."
9,0,36,,E,Okay.
9,0,36,,E, Were you just stupid and had a knot in your ear?
9,0,36,,E,I think I put the earbuds in wrong.
9,0,36,,E,I think I folded them wrong.
9,0,36,,E,Um...
9,0,36,,E,Okay.
9,0,36,,E,I'm gonna be nice.
9,0,36,,E,"Yeah, please don't be mean to me, because you're gonna make me laugh and I'm gonna move, so just, like, be normal."
9,0,36,,E,I'm being normal.
9,0,36,,E,Okay.
9,0,36,,E,"He, like, adjusted the microphone, and then it just, like, kind of fell, and it's, like, sitting on my top lip."
9,0,36,,E," Oh, really?"
9,0,36,,E,"Yeah, it feels kinda good."
9,0,36,,E,Before the mic was like all the way on my lips.
9,0,36,,E,Okay.
9,0,36,,E,You just made me move.
9,0,36,,E,Fuck.
9,0,36,,E,"By the way, I kinda fucked up the button."
9,0,36,,E,"For me, the mic's fine."
9,0,36,,E,Yeah.
9,0,36,,E,You just told me to shh.
9,0,36,,E,"Yeah, because I was talking."
9,0,36,,E, I can't hear him when he's talking to you.
9,0,36,,E,"Sorry, I had to communicate."
9,0,36,,E,"Okay, well, be nice."
9,0,36,,E,I don't know.
9,0,36,,E,Maybe.
9,0,36,,E,Okay.
9,0,36,,E,You just shushed me.
9,0,36,,E,"Yeah, I did."
9,0,36,,E,Anything else can I mean?
9,0,36,,E,"Okay, relax."
9,0,36,,E, Thank you.
9,0,36,,E, wow wow
9,0,36,,E, Bye.
9,0,36,,E, laura what are you breathing in the mic no okay that you're blowing into it to annoy me me yeah i'm fine yeah it's so much better
9,0,36,,E, Okay.
9,1,1,x,E,"Okay, Sophia, can you hear me?"
9,1,1,x,E,Yep.
9,1,1,x,E,"Okay, I can barely hear you with the noise of the shit, I don't know."
9,1,1,x,E,You can't hear me?
9,1,1,x,E,"I can, I can."
9,1,1,x,E,"It's just like, this is really loud."
9,1,1,x,E,Are you the speaker or the listener?
9,1,1,x,E,"Sophia, obviously I'm the speaker."
9,1,1,x,E,"Okay, I can't see the thing, but okay, go."
9,1,1,,D,"Okay, it's a toilet."
9,1,1,,M,"It's a toilet, yeah."
9,1,2,,D,"Okay, this is the man that you described with a top hat, but I think he looks like Elvis because it has like a high collar on the shirt."
9,1,2,x,M,"Yeah, facts."
9,1,2,x,M,"Yeah, yeah."
9,1,3,,D,"Um, it's a dancing man."
9,1,3,x,M,"I was like, uh..."
9,1,3,x,M,Sorry.
9,1,3,x,M,Okay.
9,1,3,x,E,You see?
9,1,3,x,E,I didn't mean to.
9,1,3,x,E,Do you see?
9,1,3,x,E,Yeah.
9,1,3,x,E,"Yeah, you called me a dumb ass because of that."
9,1,3,x,E,"Stop, stop, stop."
9,1,3,x,E,And then you did the same thing.
9,1,3,x,E,Okay.
9,1,3,x,E,Um... Um...
9,1,4,,D,It's like a person on top of a dog.
9,1,4,,D,And the person's like disappointed.
9,1,4,x,M,"Yeah, yeah."
9,1,5,,D,"Okay, it's like a swan going to the right."
9,1,6,,D,It's the Pope.
9,1,6,x,D,Do you need more help?
9,1,6,x,M,Yeah.
9,1,6,,D,"It's that Pope that has, like..."
9,1,6,,D,"I think you said he was... Oh, wait, there's two."
9,1,6,,D,Begging for food type shit.
9,1,6,,D,"Just, like, looking to the right."
9,1,6,x,M,Which one?
9,1,6,,D,"The one that doesn't have, like..."
9,1,6,,D,a hard edge on the left the one that's just like yeah yeah that one 
9,1,7,,D, it's a house with a tall building on the right
9,1,7,x,M,It's...
9,1,8,,D,It's like a bunny.
9,1,8,,D,And it's disappointed.
9,1,8,,D,Sitting in the ground.
9,1,8,,D,Looking to the right.
9,1,8,x,M,That's a good explanation.
9,1,8,x,M,Fuck.
9,1,8,x,M,I should have done that.
9,1,8,,D,"Yeah, you said it's like you wearing ears."
9,1,8,x,M,Right.
9,1,8,x,M,Ah.
9,1,9,,D,"It's a, it's a woman, and she has her arms straight to the right, and then her right leg is also for some reason pointing out, it's just a triangle."
9,1,9,,M,Where is her arm?
9,1,9,,D,"Her arm, she has like... Straight to the left or the right?"
9,1,9,,D,"Well, she has arms to the right, and then, like a, uh, okay."
9,1,9,x,M,"Okay, describe the whole thing then."
9,1,9,,D,It's not an arm.
9,1,9,,D,yeah there it's both arms and then she just has nope okay 
9,1,10,,D,it's it's a boat and has a diamond on top okay i don't know maybe listen to me i don't know that's like what it's all about
9,1,11,,D, hey this one's hard maybe listen um both definitely a foot is on the ground
9,1,11,,D,okay it's a it's a good foot um and then the other leg is kind of up and the head is like falling off to the right
9,1,11,,D,or no you got it you got it yeah
9,1,11,,M,well don't say it's hard and then give no clues okay maybe shut up um
9,1,12,,D,it's it's the only dog one i think it's like uh maybe not a yeah a dog a dog facing left 
9,1,13,,D, yeah okay they're doing a handstand i think that's
9,1,13,x,D,And that's about it.
9,1,13,x,D,Both.
9,1,13,x,D,"Yeah, yeah."
9,1,13,x,D,Okay.
9,1,14,,D,It's the other boat-looking thing.
9,1,14,x,D,"It just has, yeah, yeah."
9,1,15,,D,"Okay, it's like a man, he's going left and he looks like he's pushing something heavy maybe?"
9,1,15,,D,"Um, it's like, um, yeah, he's just like pushing something to the left."
9,1,15,,D,"One of his legs, yeah, yeah, yeah."
9,1,15,x,D,"Okay, listen up."
9,1,16,,D,"Half of the body, okay, shut up, okay, let me talk."
9,1,16,,D,Half of the body is on the ground.
9,1,16,,D,And then something's happening to the right.
9,1,16,,D,"There's a little triangle down at the bottom, and then some other shit up to the right."
9,1,16,,M,"I got it, it's the horse one."
9,1,16,x,D,"Um, yeah, yeah, yeah, that one."
9,1,16,,M,"That one doesn't look like a horse, it has a human head."
9,1,16,,D,Horses can have square heads.
9,1,16,x,E,"I don't know what you said, probably some dumb shit."
9,1,17,,D,"Okay, this one is like the Pope, but it's like the hard edge on the left."
9,1,17,x,D,Yeah.
9,1,18,,D,"Okay, it's just a man sitting, it's like the bunny, with no bunny ears, and he's looking left."
9,1,18,,D,"He's very sad, disappointed."
9,1,18,x,E,Like your mom.
9,1,18,x,E,What's wrong with you?
9,1,18,x,E,Why would you say that?
9,1,18,x,E,Disappointed in you.
9,1,18,x,E,That's crazy.
9,1,18,x,E,I can't read the comments and say we're done with it.
9,1,18,x,E,Yeah.
9,1,18,x,E,Can't you read?
9,1,18,x,E,"No, it's cut off for me."
9,1,18,x,E,"Oh, okay."
9,1,18,x,E,Can you tell me next experiment whether you're a speaker or not?
9,1,18,x,E,I guess.
9,1,18,,E,"Okay, thanks."
9,1,18,,E,I guess.
9,1,18,,E,I'm good.
9,1,18,,E,I'm good.
9,1,18,,E,"OK, yeah."
9,1,18,,E,Well.
9,1,18,,E,Well.
9,1,18,,E,Well.
9,2,1,,D,"Okay, it's the guy with the top hat."
9,2,1,x,M,What?
9,2,1,,D,The guy with the top hat.
9,2,1,,D,He looks like he's pointing at someone.
9,2,1,,E,"She was gonna be like, what are those?"
9,2,1,x,E,"Yeah, yeah."
9,2,1,x,E,Right?
9,2,1,x,E,Okay.
9,2,2,,D,"Um, boat with no diamond."
9,2,2,,D,Looks like a cup.
9,2,2,x,M,What?
9,2,2,,D,"Boat, no diamond on the top."
9,2,2,,D,Looks like a cup.
9,2,2,,M,The boat?
9,2,2,,D,Not the boat with the diamond on top.
9,2,2,,D,The boat with an opening on the top.
9,2,2,x,M,You said it looked like a what?
9,2,2,,D,A cup.
9,2,2,x,M,I don't know what that is.
9,2,2,x,D,A cup?
9,2,2,x,E,"Okay, hands down."
9,2,2,x,E,I'm moving again.
9,2,2,x,E,I'm so sorry.
9,2,2,x,E,I'm laughing.
9,2,2,x,E,I won't make you laugh.
9,2,2,x,E,Okay.
9,2,2,x,E,"They already said I couldn't do that, so be nice."
9,2,4,,D,"Um, it's the only one with the dog."
9,2,4,,D,"It's just with its hind... No, no, no, no, no."
9,2,4,,D,It's just the dog by itself facing left.
9,2,4,,D,Hind legs are bent.
9,2,4,,M,"Yeah, the tiger."
9,2,4,x,D,"Yeah, I guess."
9,2,4,x,D,I guess.
9,2,5,,D,"The one with the body on the ground, I think it looks like a horse, you don't."
9,2,5,,D,"Um, the horse with the- that's like mad, he's going up?"
9,2,5,x,D,Yeah.
9,2,5,x,E,"Hey, this should be like getting easier."
9,2,5,x,E,It is.
9,2,5,x,E,"Just like- I don't think so, you're still sucking."
9,2,5,x,E,Don't be rude like that.
9,2,5,x,E,"Ah, I'm sorry."
9,2,6,,D,"The guy looks disappointed, he's sitting on the ground."
9,2,6,,D,"Looking left, huh?"
9,2,6,x,D,Yeah.
9,2,6,x,D,"Ah, wait, wait, wait."
9,2,7,,D,"Bunny, bunny on the ground."
9,2,7,x,D,Bunny?
9,2,7,x,M,What is that?
9,2,7,x,D,Bunny!
9,2,7,x,E,You're being mean.
9,2,7,x,E,"Oh, no, I'm just trying to talk loud so you can hear me."
9,2,7,x,E,"Yeah, but you have an attitude."
9,2,7,x,E,"Yeah, but it's like you can't hear me, so relax."
9,2,7,x,E,I don't know if you're being annoying.
9,2,8,,D,"Okay, somebody riding a dog, they look disappointed."
9,2,8,,D,They're going to the left.
9,2,9,,D,"Oh, the tango guy, the tango guy."
9,2,9,,D,"a hard edge on the left, no hard edge."
9,2,12,,D,"The lady with both of her, like the weird foot sticking out on the right and her arms are out."
9,2,12,,M,"Oh, so now her arms are out?"
9,2,12,x,D,"Yeah, because I'm saying it the dumb way, so you get it."
9,2,12,x,M,"You see, you're being mean."
9,2,13,,D,House with a really tall building on the right.
9,2,14,,D,Toilet.
9,2,15,,D,"The guy pushing something, walking to the left."
9,2,16,,D,"The guy praying, but it's a hard edge on the left."
9,2,18,,D,"Um, it's the guy, I think, doing, like, the Thriller dance."
9,2,18,,D,You said one of his legs was on the ground and the other one was up.
9,2,18,,M,"Yeah, I'm going, I'm going."
9,2,18,,M,"Hey, Thriller dance was great."
9,2,18,x,E,That was good.
9,2,18,x,E,Thanks.
9,2,18,x,E,I'll give you that one.
9,2,18,,E,"Okay, you did a good job."
9,2,18,,E,What?
9,2,18,,E,You did a good job.
9,2,18,,E,I think so.
9,2,18,,E,Yes.
9,3,1,x,D,"Okay, Sophia, I'm the speaker again."
9,3,1,x,D,Okay.
9,3,1,,D,"Okay, it's the guy pushing something to the left."
9,3,2,,D,"Okay, it's a tiger."
9,3,2,,D,Looking to the left.
9,3,3,,D,It's a disappointed guy riding the dog.
9,3,3,,D,Going to the left.
9,3,4,,D,"It's the swan, or the duck."
9,3,4,,D,Pooping.
9,3,4,x,D,Yeah.
9,3,5,,D,"Um, it's Elvis."
9,3,5,,D,Not a top hat.
9,3,5,x,M,"Like, why would- Okay, okay, okay, fine."
9,3,5,x,M,Excuse me.
9,3,5,x,M,"No, you can have that, I like it."
9,3,6,,D,"It's the Pope, not with the hard edge."
9,3,6,,M,Not?
9,3,6,,D,Not with the hard edge.
9,3,6,x,D,"Okay, cool."
9,3,7,,D,"Okay, it's the woman with the arms out."
9,3,7,x,M,Yeah.
9,3,7,x,D,Wow.
9,3,7,x,D,"It's almost like I described it perfectly, huh?"
9,3,7,x,D,"Yeah, let's go."
9,3,7,x,D,"Our new woman, because we've described everything else about her."
9,3,7,x,E,Maybe shut up.
9,3,8,,D,"Um, toilet."
9,3,8,x,E,"Hey, I'm just trying to talk to you."
9,3,8,,D,"Okay, toilet."
9,3,9,,D,"It's a thriller, man."
9,3,9,x,D,I'm stealing that from you.
9,3,9,x,D,That was really good.
9,3,9,x,D,Thanks.
9,3,9,x,D,"Yeah, I..."
9,3,10,,D,"Okay, it's the boat with no diamond."
9,3,10,x,D,I still don't know what you described it as.
9,3,10,,M,A cup or a bowl.
9,3,10,,D,Or a cup?
9,3,10,x,M,Yes.
9,3,10,x,M,Like C-U-P.
9,3,11,,D,It's a horse.
9,3,11,x,M,I-C-U-P. We all scream for ice cream.
9,3,11,,D,It's a horse going up.
9,3,11,x,M,I thought you were saying another word.
9,3,11,x,M,I don't know.
9,3,11,x,M,Okay.
9,3,12,,D,It's a tango man.
9,3,12,x,D,I forgot what I described it as the first time.
9,3,12,x,D,"Yeah, so we're using mine."
9,3,12,x,D,Let's go.
9,3,12,x,D,"Yeah, sure."
9,3,13,,D,House with the tall building on the right.
9,3,14,,D,"It's the Pope, with the hard edge."
9,3,15,,D,"Disappointed man, looking to the left, sitting down."
9,3,15,,D,Disappointed man?
9,3,15,,D,"Yeah, disappointed, looking to the left."
9,3,15,x,D,Okay.
9,3,16,,D,hand stand.
9,3,16,x,D,Okay.
9,3,17,,D,It's the bunny.
9,3,17,,D,It looks like it wants to die.
9,3,17,x,D,Yeah.
9,3,17,x,D,Dead.
9,3,17,x,D,"Ah, yeah."
9,3,18,,D,It's the boat with the diamond.
9,3,18,x,D,Yay.
9,3,18,x,D,Yay.
9,3,18,,E,That was the last one?
9,3,18,,E,Okay.
9,3,18,,E,"Sophia, you can't see the screen?"
9,3,18,,E,I can.
9,3,18,,E,I just can't read the top.
9,3,18,,E,"But I guess it's white, so I should know."
9,3,18,,E,Never mind.
9,3,18,,E,On the top it says how many of how many... How many trials have we done?
9,3,18,,E,Four?
9,3,18,,E,What?
9,3,18,,E,Have we done four trials?
9,3,18,,E,"No, we've done six."
9,3,18,,E,We just completed round five.
9,3,18,,E,So we're about to go...
9,3,18,,E,"Wait, you described first?"
9,3,18,,E,"Okay, whatever, I don't remember."
9,3,18,,E,I thought I spoke first.
9,3,18,,E,"I'm good, I'm good."
9,3,18,,E,Yeah.
9,3,18,,E,"Wait, we just completed five or are we about to do five?"
9,3,18,,E,"Okay, okay."
9,3,18,,E,Racist.
9,3,18,,E,Did we just complete 5 or are we about to do 5?
9,3,18,,E,"No, we just completed 5."
9,3,18,,E,We're about to go into 6.
9,3,18,,E,"Okay, let's go."
9,3,18,,E,"Also, do you not know that they show 18?"
9,3,18,,E,"Yeah, but I'm not counting."
9,3,18,,E,"Oh, you're counting them?"
9,3,18,,E,I'm not.
9,3,18,,E,"Oh, well it says that at the top."
9,3,18,,E,"Yeah, but I can't read that."
9,3,18,,E,I already told you that.
9,3,18,,E,"Okay, well."
9,3,18,,E,I guess I'm cooler.
9,3,18,,E,"Yeah, you are."
9,3,18,,E,Okay.
9,3,18,,E,"After we're done with this study, we shouldn't be friends anymore."
9,3,18,,E,"I need somebody, I need"
9,4,1,x,E,Shut up.
9,4,1,x,E,I need to be friends with people who are as good at describing photos as me.
9,4,1,x,E,Bro.
9,4,1,,D,"Bunny, bunny, bunny"
9,4,1,x,M,"Um, what?"
9,4,1,,D,bunny
9,4,1,x,M,You have to pronunciate the B a little bit better.
9,4,1,x,D,bunny
9,4,1,x,M,"Alright, you fucked me up."
9,4,1,x,M,"All in on T. Okay, all in on T. Okay."
9,4,2,,D,Handstand!
9,4,3,,D,"Guy pushing something, walking to the left."
9,4,3,x,D,What?
9,4,3,,D,"He's pushing something, he's walking to the left."
9,4,5,,D,"A woman, hands stretched out."
9,4,5,x,D,Uh-huh.
9,4,5,x,D,"It's almost like you... Yeah, we've established that already, relax."
9,4,5,x,D,Uh-huh.
9,4,6,,D,"House, tall building on the side, on the right."
9,4,6,,D,You can just say house.
9,4,6,x,D,"Okay, I will."
9,4,6,x,D,Or don't.
9,4,6,x,D,Next time I will.
9,4,7,,D,"Uh, tiger."
9,4,7,x,E,"Huh, it's almost like you're using- Can you relax?"
9,4,7,x,E,We're using each other's.
9,4,7,x,E,"It's fine, relax."
9,4,7,x,E,"Well, you said that I wasn't as good as you."
9,4,7,x,E,Okay.
9,4,8,,D,"Uh, it's the swan, the duck."
9,4,8,x,M,The what?
9,4,8,,D,Swan or duck.
9,4,8,x,M,Got it.
9,4,9,,D,Horse
9,4,10,,D, Toilet
9,4,11,,D,Thriller dance.
9,4,12,,D,"Pope, no hard edge on the left."
9,4,13,,D,"Boat, no diamond on top."
9,4,14,,D,Elvis!
9,4,14,x,M,What?
9,4,14,x,D,Elvis!
9,4,14,x,E,Huh.
9,4,14,x,E,Yeah.
9,4,14,x,E,Huh.
9,4,14,x,E,"No, my lips are really dry."
9,4,14,x,E,Same.
9,4,14,x,E,They hurt.
9,4,15,,D,Disappointed guy riding a dog.
9,4,15,x,M,Okay.
9,4,16,,D,Boat with the diamond on top.
9,4,16,x,D,"Okay, there's two left."
9,4,17,,D,Disappointed guy sitting on the ground.
9,4,17,x,D,Ha.
9,4,18,,D,A hard edge on the left.
9,4,18,x,E,That's safe.
9,4,18,x,E,That was round six.
9,4,18,,E,That was good.
9,4,18,,E,Oh.
9,4,18,,E,Oh.
9,5,1,,D,"Okay, it's a horse."
9,5,1,,D,"That's not a horse, but okay."
9,5,2,,D,It's the boat with no diamond.
9,5,3,,D,"Alright, it's a bunny."
9,5,4,,D,It's the pope with the hard edge.
9,5,5,,D,the boat with the diamond 
9,5,6,,D,thriller guy
9,5,7,,D,It's the Pope.
9,5,7,,D,With no hard edge.
9,5,7,x,E,Can you stop?
9,5,7,x,E,I'm not doing anything.
9,5,7,x,E,"Yeah, you are."
9,5,8,,D,"Okay, it's a disappointed guy."
9,5,8,x,D,That took you a long time.
9,5,9,,D,The toilet.
9,5,10,,D,It's the woman with the arms high to the right.
9,5,11,,D,It's a tiger.
9,5,12,,D,It's a handstand.
9,5,13,,D,The man pushing.
9,5,13,,D,Pushing to the left.
9,5,14,,D,It's Elvis!
9,5,15,,D,It's a house.
9,5,16,,D,It's a tango man.
9,5,17,,D,Disappointed guy ratting the dog.
9,5,18,,D,"It's the swan, the dog."
9,5,18,x,E,That's it.
9,5,18,x,E,You got it.
9,5,18,x,E,Yay.
9,5,18,,E,We're going to round 8 now.
9,5,18,,E,Okay.
9,5,18,,E,I'm trying to stay still so I'm not going to talk to you the next time you give me directions because it makes me move.
9,5,18,,E,What?
9,5,18,,E,Talking makes me move so that's why I'm not talking when you're talking to me.
9,5,18,,E,"Yeah, same."
9,5,18,,E,Okay.
9,6,1,,D,"Pope, no hard edge on the left."
9,6,2,,D,Disappointed guy riding a dog.
9,6,3,,D,Horse.
9,6,5,,D,Toilet!
9,6,6,,D,Disappointed guy!
9,6,6,,D,Toilet!
9,6,7,,D,Tiger.
9,6,8,,D,Boat with the diamond on top.
9,6,10,,D,"Uh, Thriller."
9,6,11,,D,Dance.
9,6,14,,D,Boat with no diamond!
9,6,15,,D,Handstand!
9,6,16,,D,Guy pushing something to the left!
9,6,17,,D,Woman!
9,6,17,,D,"Woman, her arms are out!"
9,6,17,x,E,"Okay, that was good."
9,6,17,x,E,Okay.
9,6,17,x,E,"And... Yep, yep."
9,6,17,x,E,And...
9,7,1,x,D,um hey i'm the speaker sorry you're the speaker how many trials we got 36. okay let's go okay
9,7,1,,D,it's the cherries
9,7,1,x,D,um okay yeah oh we haven't seen these in a while no i remember i remember okay
9,7,2,,D," Okay, it's the man with no hands and no legs."
9,7,2,x,D,It's just like a...
9,7,2,,D,"It's like a potato, yeah."
9,7,2,x,M,That's funny.
9,7,2,x,M,Yeah.
9,7,2,x,M,Yeah.
9,7,2,x,M,Yeah.
9,7,3,,D,It's a house with a tree on the left.
9,7,3,x,M,Yeah.
9,7,4,,D, It's a handstand.
9,7,4,x,D,Steps.
9,7,5,,D,It's like a horse and it's jumping to the left.
9,7,5,,D,Maybe like a unicorn.
9,7,5,x,M,"It has a... Yeah, yeah."
9,7,6,,D, It's the house with the tall building on the right.
9,7,7,,D,"Okay, it's like a woman, and she's like, looking up."
9,7,7,,D,"She's kinda like, begging God."
9,7,7,,D,She's kneeling down.
9,7,7,x,M,That's a great description.
9,7,7,x,M," Wow, I didn't even know what to do with this one."
9,7,7,x,M,That's really good.
9,7,8,,D,"Okay, it's a man doing yoga."
9,7,8,,D,He's looking left with both his arms extended.
9,7,8,x,M,Yeah.
9,7,9,,D,"Okay, it's the Pope, but looking left now."
9,7,9,,D," And... Oh, it's Yoda, Yoda."
9,7,10,,D,"Yeah, the toilet."
9,7,11,,D, It's Elvis.
9,7,12,,D,It's a horse.
9,7,13,,D, It's a boat with a diamond on top.
9,7,14,,D,It's a man holding the martini glass on the left.
9,7,14,x,M,"Oh, okay."
9,7,14,x,M,"Yeah, yeah."
9,7,15,,D,it's a tango man
9,7,16,,D,there's a tiger
9,7,17,,D," The man pushing, something coming to the left."
9,7,18,,D,It's the disappointed guy on the dog.
9,7,19,,D, It's the woman.
9,7,20,,D,It's the pope with no hard edge.
9,7,21,,D,It's the boat.
9,7,21,,D,with no diamond
9,7,22,,D,okay it's just a man with a diamond head and then his shoulders are really straight yeah
9,7,23,,D, It's a gun.
9,7,24,,D,"Okay, it's a dustpan."
9,7,24,,D,"But, um, it's not a bird, yeah."
9,7,24,x,M,Say it again!
9,7,24,,D, The dustpan.
9,7,24,x,D,I don't remember if that's what you call it.
9,7,24,x,D,Yeah.
9,7,25,,D,The disappointed guy.
9,7,25,,D,Disappointed.
9,7,25,x,M,Yeah.
9,7,26,,D, It's the bunny.
9,7,27,,D,"Okay, it's the, like, the claw pointing up."
9,7,27,x,M,A what?
9,7,27,,D,A claw pointing up.
9,7,27,x,M,Yeah.
9,7,27,x,M,Yeah.
9,7,28,,D, It's like a pole and then has two things on the side.
9,7,29,,D,It's a giraffe!
9,7,30,,D, It's the horse jumping that has no legs.
9,7,30,,D,Or it can be a dog.
9,7,30,,D,It has no legs when it's jumping.
9,7,30,,D,Jumping to the left.
9,7,30,x,M,Yeah.
9,7,31,,D,It's the pope with the hard edge.
9,7,32,,D," It's a thriller, man."
9,7,32,x,M,Um...
9,7,33,,D, It's a baby riding a really fast dog.
9,7,33,x,M,"Yeah, yeah."
9,7,34,,D,It's like a tall man reading a book.
9,7,34,x,D,You see it?
9,7,34,x,D,It's just like a really...
9,7,34,,D,skinny try and go on the top and then there's a square like by his hands
9,7,34,x,E,what the fuck is wrong with you
9,7,34,x,E,i don't know what the fuck you're talking about that's you i
9,7,34,,D,t's a man reading a book
9,7,34,x,M,i didn't know what it was sorry
9,7,35,,D,okay it's a trust fall guy
9,7,35,x,D, I don't know why you clicked Yoda on the last one.
9,7,35,x,E,"Because my head hurts so bad, I can't even like... That's not good."
9,7,35,x,E,You should tell them.
9,7,35,x,E,"Hey, this is the last one, okay?"
9,7,35,x,E,Okay.
9,7,35,x,E,You're doing good.
9,7,35,x,E,We'll be done soon.
9,7,36,,D,"Okay, it's the duck."
9,7,36,x,M,What?
9,7,36,,D,The duck.
9,7,36,x,E,"That's it, that's it."
9,7,36,x,E,Okay.
9,7,36,x,E,You did good.
9,7,36,,E,That was good.
9,7,36,,E, You should ask for help.
9,7,36,,E,"It's okay, like, we're almost done."
9,7,36,,E,"It's just like, oh, it hurts."
9,7,36,,E,"What is it, like, pressure?"
9,7,36,,E,"It's like the machine's, like, stabbing the sides of my head."
9,7,36,,E,"It's okay, we're almost done."
9,7,36,,E, Okay.
9,7,36,,E,Okay.
9,7,36,,E,"Okay, okay."
9,7,36,,E,"Okay, yeah."
9,7,36,,E," It's okay, the machine is kind of hurting my head."
9,7,36,,E,"I don't know, like... Yeah, it's kind of like..."
9,7,36,,E,I can probably last until it's over.
9,7,36,,E,"Yeah, that's fine, that's fine."
9,7,36,,E," Yeah, it's okay."
9,7,36,,E,Okay.
9,7,36,,E," Yeah, is it okay if I try to shift my head down a little bit right now before we start?"
9,7,36,,E,Or no?
9,7,36,,E,"Okay, I'll leave it."
9,7,36,,E,"Okay, okay."
9,7,36,,E,"Never mind, it's okay."
9,7,36,,E,"It's okay, I can deal with it."
9,7,36,,E,"Yeah, yeah, it's okay."
9,7,36,,E, okay okay
10,0,1,x,E," Hey, Jenna, can you hear me?"
10,0,1,x,E,"Yeah, I can hear you."
10,0,1,,D,"Okay, so this one looks like someone who's imitating a swan."
10,0,1,,D,"It consists of a rectangle, and then on its left, it's like..."
10,0,1,,D,"It's like if you were playing the game of Shadows, that's how you would try to make a swan with your..."
10,0,1,,D, with your wrist being sort of flappy.
10,0,1,,M,"Okay, does it look like on the right side there's like a small triangle?"
10,0,1,,D,"Yeah, so it's a rectangle and then a longer rectangle on its left side and then a small triangle."
10,0,1,,M,"Okay, could it also look like somebody doing an arabesque?"
10,0,1,,M,um not really
10,0,1,,M,okay i think i might be on the wrong one
10,0,1,,D,yeah yeah it's not it's not like someone making is it an arabesque it's a much easier one it's a planer
10,0,1,,D,oh okay so it is only a rectangle it's only like four shapes
10,0,1,,M,yes
10,0,1,x,M,yes okay i think i got it no
10,0,1,x,M,no okay we'll get it okay that's okay we'll get the next one yep
10,0,2,,D," Okay, so this one is pretty complex."
10,0,2,,D,It looks like there is a child and two adults.
10,0,2,,D,"But basically, I don't know if I'm too conceptual, but anyways."
10,0,2,,D,"Imagine that there is a smaller figure, and it's a triangle and a square."
10,0,2,,D,and then there is a bigger figure as if overlooking it and it is it has two smaller triangles like equilateral triangles that are tilted different ways
10,0,2,,D,okay i see a couple of that i think that description um
10,0,2,x,M, You can ask clarifying questions if you're not sure.
10,0,2,,M,So a bunch of these shapes have a diamond at the top.
10,0,2,,M,Does it have a diamond at the top?
10,0,2,,D,Only one of the figures within the picture has a diamond at the top.
10,0,2,,D,It's like as if there's multiple heads rather than one.
10,0,2,,M,Is there...
10,0,2,,M, a small triangle in the bottom right corner?
10,0,2,,D,No.
10,0,2,x,D,Okay.
10,0,2,x,D,Um...
10,0,2,x,D,It's...
10,0,2,x,D,I don't know how else to explain it.
10,0,2,x,D,Okay.
10,0,2,,M,Is there... Is the left side more complex and have more shapes than the right side?
10,0,2,,D," No, no."
10,0,2,,D,I feel like vice versa.
10,0,2,x,M,"It's like... Oh, okay."
10,0,2,,M,The right side... Yeah.
10,0,2,,D,The right side is a little more complex.
10,0,2,x,D,"Yeah, yeah, yeah."
10,0,2,x,D,Okay.
10,0,2,,D,"Left side only has a triangle and, like, a diamond on top."
10,0,2,x,D,As if it...
10,0,2,,D,But it's a small figure.
10,0,2,x,D,Okay.
10,0,2,x,M," Okay, I think I might see one that's..."
10,0,2,x,M,I don't think it's that one.
10,0,2,x,M,I accidentally clicked the wrong button.
10,0,2,x,M,I didn't mean to click that one.
10,0,2,x,M,It's alright.
10,0,3,,D,"Okay, this one looks like someone who is reading a book."
10,0,3,,D, And there's a couple of them who are looking like they're reading a book.
10,0,3,,D,"But this one looks like it's sitting, like they're kneeled."
10,0,3,,M,And is there a triangle at the top?
10,0,3,,D,Yes.
10,0,3,,M,And they're turned to the left.
10,0,3,,D,Yes.
10,0,3,x,M,"I think this one, yeah."
10,0,3,x,M,Perfect.
10,0,3,x,M,Yay!
10,0,4,,D,okay this one is also reading but it's turned to the right
10,0,4,,D,and it's reading off a triangle and it's had as a diamond and on the left side there's a triangle in the bottom left corner
10,0,4,,M,yes
10,0,4,,D,it's it and and then there's like a triangle that signifies a hood
10,0,4,,M,yeah yeah okay nice it was a fast one
10,0,5,,D," Okay, this looks like someone who is riding a horse."
10,0,5,,M,"Okay, I think I can see a couple that might be like that."
10,0,5,,D,"Yeah, so this one has like a small little triangle at the left corner and it's like a"
10,0,5,,D, It's like an ear of a horse.
10,0,5,,D,And the person itself is like a little parallelogram and a square.
10,0,5,,M,"On the right side, is there a little triangle that looks like a horse tail?"
10,0,5,,D,Yes.
10,0,5,x,D,Yay.
10,0,6,,D," Okay, this one looks like just a horse."
10,0,6,,D,"Or, yeah, it looks like a horse, but... God, um... Yeah."
10,0,6,,M,And it's turned to the left?
10,0,6,,D,"Yeah, it's turned to the left."
10,0,6,x,D,"Okay, and..."
10,0,6,,D, There's two really similar ones that look like that.
10,0,6,,M,"Is there a tail on the right side, like something that looks like a tail?"
10,0,6,,D,"Yes, yes."
10,0,6,,D,And it's going upwards.
10,0,6,,D,"Yes, the tail is going upwards."
10,0,6,,D,"But it doesn't, yep, yep, you're right."
10,0,6,x,D,Okay.
10,0,7,,D,"Okay, this one looks like a person in a boat."
10,0,7,,D, It doesn't really have a direction.
10,0,7,,D,And the person's head is a diamond.
10,0,7,,M,Is it symmetrical?
10,0,7,,D,"Yes, it is symmetrical."
10,0,7,,D,"Okay, and then diamond, triangle, and then both."
10,0,7,,D,Yes.
10,0,7,x,D,Nice.
10,0,7,x,D, Oh.
10,0,8,,D,"This one looks somewhat theatrical, as if the person is going to the right,"
10,0,8,,D,"and they have a long, like, dress, tail sort of thing, and they're, like, one of their legs is, like, going out of the skirt."
10,0,8,,M,"On the top left, is there a square?"
10,0,8,,D,"Yes, it has, like, a diamond shape, yep."
10,0,8,x,D,Nice.
10,0,8,x,M, I thought that one looked like somebody running out on their wedding.
10,0,8,x,D,"Yeah, exactly."
10,0,9,,D,"Okay, this one looks like a person with, like... You know how Manny has, like, a collar with, like, a white collar?"
10,0,9,x,M,Yeah.
10,0,9,,D,"So this looks like a person who's, like, standing... Their feet is, like, two small triangles."
10,0,9,,M,Does it look like they're wearing a top hat?
10,0,9,,D,Yeah.
10,0,9,x,D," Yeah, they do."
10,0,9,,D,It looks like a dolphin wearing a top hat.
10,0,9,x,M,"Yeah, yeah, yeah."
10,0,9,x,M,Nice.
10,0,9,,M,That one does look like Maddie.
10,0,10,,D,"Okay, this one looks like an animal."
10,0,10,x,D,So it's like...
10,0,10,,D,So it's turned left.
10,0,10,,D," And it has a parallelogram as its head, rather than a diamond."
10,0,10,,M,So there's not a diamond on top.
10,0,10,,D,"Yeah, there's no diamond on top."
10,0,10,,D,"Okay, so it kind of looks like a dog, like without a tail."
10,0,10,x,M,"Yes, yes."
10,0,10,,D,And turned left.
10,0,10,,D,"So from top to bottom, it's like parallelogram, square, rectangle, and then two legs."
10,0,10,x,M, Just a second.
10,0,10,x,M,I'm thinking whether anything else can look like it.
10,0,10,,D,"It looks like it's sitting on its bottom feet, but its front feet are extended."
10,0,10,,D,"Yeah, the front legs are longer."
10,0,10,x,M,"Okay, I got it."
10,0,11,,D," Okay, this one also looks like someone who is on a horse or something."
10,0,11,,D,"They're moving to the left, and it looks like a triangle and a diamond of the person who's..."
10,0,11,,D,"I think we already did that one, but maybe it's a different one."
10,0,11,,M,And the tail is going up on the right side?
10,0,11,,D,"Yeah, the tail is going up on the right side, and it's a little triangle of a tail."
10,0,11,x,D,Yep.
10,0,11,x,D,Nice.
10,0,12,,D,okay this one is symmetrical and it consists of like two two diamonds that are like overlaid in each other and then there's a square on top and then there's a square on top
10,0,13,,D,yep nice okay this one is also symmetrical and it kind of looks like a crab so it's
10,0,13,,D,it's like symmetrical it's
10,0,13,,D, like um god i forgot the shape it's like two parallelograms
10,0,13,,D,the small parallelograms on the top and then there's like a bigger shape yeah 
10,0,13,,M,yeah trapezoid yep okay
10,0,13,,D,this one looks
10,0,14,,D,like like a person with wings and they're looking to the right but their feet are looking to the to the left
10,0,14,,D,it's like there's a diamond and it looks like their head is a little tilted
10,0,14,,M,okay i'm a little lost
10,0,14,,D,okay yeah i will so it's one that looks like a person and it has a little diamond but
10,0,14,,D,it's not straight up it's like a little tilted and then there is a little like a square trapezoid that looks like wings
10,0,14,,M," And it looks like the person is standing, right?"
10,0,14,,D,"Yes, yes."
10,0,14,,M,And is a diamond that's kind of tilted?
10,0,14,,D,I can't really tell if it's a diamond or a square.
10,0,14,,M,Is that on the right side?
10,0,14,,D,"Yes, yes."
10,0,14,,D,And then it looks like there's a foot sticking out on the left side.
10,0,14,,D,"Yep, yep, yep."
10,0,15,,D," Okay, this one looks like a house with a big tree on the left."
10,0,15,,D,"The tree is like... That's easy, yeah."
10,0,15,x,D,Yeah.
10,0,16,,D,"Okay, this one looks like someone with their hands spread."
10,0,16,,D," Um, and with a little diamond on top."
10,0,16,,D,It looks like someone's trying to fly.
10,0,16,x,D,"Yes, yes."
10,0,17,,D," Okay, this one looks like a cactus."
10,0,17,,D,"It's, it's pretty, like, it's, it's vertical, and it has, like, two things going out each side."
10,0,17,,D,"Yeah, so there's, there's, like, a big, tall column."
10,0,17,x,M,Yeah.
10,0,17,,D,"And then on both sides, there's a trapezoid."
10,0,17,x,M,Yep.
10,0,18,,D," Okay, this one looks like, uh, do you know cardinals from, like, the Pope's cardinals?"
10,0,18,,M,No.
10,0,18,,D,"Okay, sorry, that wasn't, but basically, it looks like someone with a big hat,"
10,0,18,,D,"because it's, it's, it's, it's had as, like, a diamond, and it looks like they're next to a stand, and they're reading from it."
10,0,18,,M," Is there, so there's a diamond at the very top, right?"
10,0,18,,D,"Yes, yes."
10,0,18,,M,"And then beneath the diamond, on the right side, is it a straight line?"
10,0,18,,M,"But then on the left side, it's like a wiggly line?"
10,0,18,,D,"Yeah, on the left side, it looks like a little, it looks like a little stand, you know?"
10,0,18,,D,It looks like someone is holding a top hat upside down.
10,0,18,,M,"Yes, yes."
10,0,18,x,D, Now I need to show you how the cardinals look.
10,0,18,x,D,Okay.
10,0,19,,D,"Okay, this one looks like someone is sitting and they're turned to the right and they have a hat."
10,0,19,,D, and they all their diamond hand as usual but then out of it there's two triangles as if like a bow it looks like a bunny yeah it does like a rabbit sitting in your spacing
10,0,20,,D,okay this one is another figure that looks like um like a person
10,0,20,,D,and it has a diamond on top and it looks like it has is wearing
10,0,20,,D,like okay um so it's like a person who is kneeled but they sit up top and then they're
10,0,20,x,D, I don't know if that's making any sense.
10,0,20,x,M,"Okay, I see, like, a couple that I think it might be."
10,0,20,x,M,Okay.
10,0,20,x,D,"So, do you want to ask clarifying questions?"
10,0,20,,M,"Um, so, are there, like, two main chains?"
10,0,20,,D,"Yeah, kind of, kind of."
10,0,20,,D,"Yeah, there is, like, the body that is turned to the right."
10,0,20,,M, So I see two really similar ones.
10,0,20,,D,So one has a triangle and it's not the right one.
10,0,20,x,D,Okay.
10,0,20,,M,"So I was asking about this one before, but is it this one with a diamond on the top and then on the left side it's a straight line and on the right side it's like the line comes in a little bit?"
10,0,20,,M,um or is that the wrong one
10,0,20,,D,i'm just thinking just a second
10,0,20,,D,so no no no no it's a little different um so
10,0,20,,D,it's like it has it has a top um basically on the top there is a diamond and then there is a shape and it goes out actually on the right
10,0,20,,D,it looks like if someone
10,0,20,,M,okay
10,0,20,,D, okay and okay um yeah so it's it's almost symmetrical except for the part in the bottom right corner yes yes that was a tricky one yeah and it's not really looking like anything yeah
10,0,21,,D," Okay, this one is kind of a complex shape."
10,0,21,,D,"In the bottom, it's like a trapezoid, and on the top there is also a diamond."
10,0,21,,D,Looks like a person.
10,0,21,,D,"It looks like on the left there is a stand, and then they have like a triangle sticking out from like- I think I got it."
10,0,21,x,D,Yeah.
10,0,21,,D,"Yeah, so it looks like there's two legs, and their left leg, like their foot is turning in."
10,0,21,x,E,Yeah.
10,0,21,x,E,Okay.
10,0,21,x,E,Oh no!
10,0,21,x,E,No!
10,0,21,x,E," Oh, no."
10,0,21,x,E,"Oh, yeah."
10,0,21,x,E,"Okay, it's alright."
10,0,21,x,E,We got this.
10,0,21,x,E,"We got this, yeah."
10,0,22,,D,"Okay, this one also looks like the kneeled person."
10,0,22,,D,"It looks like they're turned to the right, and they are, like, reading from a triangle, and there is a diamond as their head shape, and..."
10,0,22,,D,um what else can i tell you about it
10,0,22,,M,okay i see two that with that description and they're like really similar again
10,0,22,,D,yeah yeah yeah so on the left side does it look like there's a tail like sticking out
10,0,22,,M,okay so just to clarify from top to bottom it's the diamond head and then like another little diamond but then on the right side it's like a little triangle
10,0,22,,D,yep and then okay yep
10,0,22,x,D, It's work.
10,0,22,x,M,"OK, so this one is."
10,0,23,,D,It's the one that you probably thought in the previous one.
10,0,23,,D,"It's also kneeled, but it has like the knees are sticking out and on the left there is like a little dent you know."
10,0,23,x,M, Yeah.
10,0,23,x,D,"It doesn't have like... Yeah, got it."
10,0,24,,D,"Okay, this one looks like a seahorse."
10,0,24,,D,And it's like turned to the left.
10,0,24,,D,And it's like pretty long.
10,0,24,,D, from like diagonally and then on the bottom right there's like a little weird shape at the bottom yes yeah seahorse was a that was a good indicator
10,0,25,,D,um okay this one looks like a person
10,0,25,,D,okay there's like two figures if if
10,0,25,,D,i'm if i would say so and
10,0,25,,D,one is a has a square and one has a a triangle as a hat and then the one with a square also has like a triangle
10,0,25,,D,it's like an interesting shaped triangle
10,0,25,,D, And I don't know how else to describe it.
10,0,25,,M,Is there a diamond at the very top?
10,0,25,,D,Yes.
10,0,25,,M,"And then to the right of the diamond, is there a triangle?"
10,0,25,,D,"Yeah, to the right of the diamond, there is a triangle."
10,0,25,,M,And also kind of to the left?
10,0,25,,D,"And then to the left, yeah, kind of to the left."
10,0,25,,D,"But to the left, it looks like there is another figure."
10,0,25,,M,"Yeah, so I feel like it might kind of look like"
10,0,25,,M," Somebody wearing like a pointed hood kneeled down, looking to the right with a megaphone."
10,0,25,,D,"No, no, no, no, no, no."
10,0,25,,M,Not that one?
10,0,25,,D,It's not that one.
10,0,25,,D,Not that one.
10,0,25,,D,Okay.
10,0,25,,D,It's a different one because it has like two figures.
10,0,25,,D,So it looks like they're looking at each other and one is much smaller than the other.
10,0,25,,M,Okay.
10,0,25,,D, The one where the head is triangle is much smaller than one where the head is the square.
10,0,25,,D,"Not a square, a diamond."
10,0,25,,M,Does it look like somebody wearing wigs doing an arabesque with their leg out to the back?
10,0,25,,D,No.
10,0,25,,M,"Okay, not that one."
10,0,25,,M, What could this one be?
10,0,25,x,M,"Could you, like, describe it again?"
10,0,25,,D,"Yeah, so it looks like there's two figures."
10,0,25,,D,"One is much smaller, and it has an equilateral triangle that is turned, like, the base up."
10,0,25,,D,"And to the right, there is a..."
10,0,25,,D,"It's like a diamond shape at the top, but then it's like a triangle down."
10,0,25,,M, Could it look like a horse with its front legs up?
10,0,25,,M,"Like, if a horse was turned to the right with its front leg up?"
10,0,25,,M,It's turned to the right.
10,0,25,,M,"So... Like, picture the top diamond as the horse's head, and then that little triangle on the left as the tail."
10,0,25,x,D,"Okay, okay."
10,0,25,x,E,"Also, I think the thing with the arm is happening to me because it's kind of giving off..."
10,0,26,,E, my right arm this one is a strange shape it looks like a surveillance camera um oh okay turn to the right i don't know yeah yeah my my arm kind of gets numb it's all right though um
10,0,27,,E," Okay, so this one looks like, um... Like a thing that is... Oh, God."
10,0,27,x,E,I don't know.
10,0,27,,D,So...
10,0,27,,D,"It's a strange shape, and it looks like it's turned to the left."
10,0,27,,D,There is a... A big triangle at the bottom.
10,0,27,x,D,And then there is... Eh.
10,0,27,x,D,God.
10,0,27,x,D,Okay.
10,0,27,,D,"It looks like the old scales that are pretty, um... Oh, like a law scale?"
10,0,27,,M," Yeah, and it's like tilted."
10,0,27,,D,"Yeah, it's tilted, yeah."
10,0,28,,D,This one looks like a person who's walking and reading at the same time.
10,0,28,,D,And the book is on the left side.
10,0,28,x,D,Yes.
10,0,29,,D, okay this one is the one that you were describing where there is a diamond at the at the top and then there's the left is a straight line and the right is a is like a squiggly line okay
10,0,30,,D,this one looks like a house with a big chimney a huge chimney on the right side
10,0,31,,D,this one looks like a like a flower but more like a venus flytrap it has like a little stem at the right and then it's like a
10,0,31,,D, multiple triangles on the top.
10,0,31,x,M,"Oh, okay."
10,0,31,x,M,I see it.
10,0,32,,D,"Okay, this one looks kind of funny."
10,0,32,,D,"It has a diamond on the top, and then it looks like it's sliding downhill."
10,0,32,,D," with its feet, which is a little triangle on the bottom right, and its hands, like, sort of up as another trapezoid or triangle thing."
10,0,32,,D,"And it has, like, two tails."
10,0,32,,D,"One is a trapezoid, like a right trapezoid, and one is a triangle."
10,0,32,,D,"It looks like it's, like, sliding downhill."
10,0,32,,M,Sliding downhill.
10,0,32,,D,Yeah.
10,0,32,,D, It looks like a person in a robe that has one tail and another tail.
10,0,32,,D,And one tail is a triangle on the bottom.
10,0,32,,M,"So on the very bottom right, is there a triangle?"
10,0,32,,D,"Yes, yes."
10,0,32,,D,It's like the feet.
10,0,32,,M,"Okay, and then on the left side, there's like a weird parallelogram shape sticking out?"
10,0,32,x,D,"Yes, yes, yes."
10,0,32,x,D,Okay.
10,0,33,,D,okay this one looks like a person reading a book
10,0,33,,D,they're turned to the left and they have a diamond shape
10,0,33,,D,and it's like their knees are like yeah it's like the book is on their knees and there's like a little triangle on the bottom left that like is their feet
10,0,33,,M, Are there two triangles at the top that kind of look like little bunny ears?
10,0,33,,M,No.
10,0,33,,M,"Okay, not that one."
10,0,33,x,M,Could you describe it again?
10,0,33,,D,"Yeah, so it looks like a person who's sitting with their, like, knees up."
10,0,33,,M,"Oh, does it look like they're sitting in a beanbag chair?"
10,0,33,,D,"Um, kind of, yeah."
10,0,33,x,M,Yeah.
10,0,33,x,M,Now I see it.
10,0,34,,D," Okay, this one looks like they're doing a cha-cha slide, and they're sliding to the left."
10,0,34,,D,"But like, it is like a kind of a complex thing."
10,0,34,,D,"And there's like, like a diamond at the top, and then there is like a triangle shape."
10,0,34,,D,"And then there's like, I think sticking out to the right."
10,0,34,,D,And then a squiggly line on the left.
10,0,34,x,D,Oh.
10,0,35,,D,so this isn't the one i think we might have done this one before
10,0,35,,D,where it looks like their left foot is turned in
10,0,35,,D,well yeah so that one is the one that you picked but it wasn't the right
10,0,35,,M,oh okay
10,0,35,,D,but it's the right one this time
10,0,35,,D,yeah okay they're doing a cha-cha slide that's for sure
10,0,35,,M,yeah okay this one looks like a bird
10,0,35,,M, It's turned to the right.
10,0,35,,D,"Oh like a little swan and then yeah, there's a little triangle on the left side."
10,0,35,x,D,Yes.
10,0,36,,D,"Yes Okay, this one is a person doing an arabesque It was fast look at us Two dancers"
10,0,36,x,E, Good job.
10,0,36,x,E,That was good.
10,0,36,x,E,Yeah.
10,0,36,,E,All right.
10,0,36,,E,"Okay, got it."
10,0,36,,E,Yeah.
10,0,36,,E,Yeah.
10,0,36,,E,Yeah.
10,0,36,,E," Yeah, my right hand is kind of giving up."
10,0,36,,E,"Okay, sounds good."
10,0,36,,E,"It's, yeah."
10,0,36,,E,Yeah.
10,0,36,,E,"Yeah, it's going numb."
10,0,36,,E,"Yeah, maybe."
10,0,36,,E,Yeah.
10,0,36,,E,Yeah.
10,0,36,,E," Oh, got it."
10,0,36,,E,Yeah.
10,0,36,,E,Yeah.
10,0,36,,E,Yeah.
10,0,36,,E,Okay.
10,0,36,,E,That's a that's a good one.
10,0,36,,E,Yeah.
10,0,36,,E,Yeah.
10,0,36,,E,Yeah.
10,0,36,,E,"Yeah, sounds good."
10,0,36,,E,It's not a big discomfort.
10,0,36,,E,It's all right.
10,0,36,,E, Okay.
10,1,1,,D,"Okay, this is the surveillance camera."
10,1,1,x,E,"Okay, just a second."
10,1,1,x,E,How do I go down?
10,1,1,x,E,Okay.
10,1,1,x,E,"Yeah, you just keep going."
10,1,1,x,E,"Got it, got it."
10,1,1,x,E,Okay.
10,1,1,x,E,Perfect.
10,1,2,,D,House with the tree on the left.
10,1,2,x,M,Got it.
10,1,3,,D,"This is the one that kind of looks like the horse with his legs up, and he's turned to the right."
10,1,3,,D,"So there's a diamond at the top, and then a little triangle to the left."
10,1,3,x,D,Do you need me to describe it more?
10,1,3,x,M,"Yeah, if you could."
10,1,3,x,D,"Okay, yeah."
10,1,3,,M,Is it turned to the left or to the right?
10,1,3,,D,"If you think of it like the horse, he's turned to the right."
10,1,3,x,M,"Oh, got it, got it, got it."
10,1,3,x,M,"And, like, the... Yep, got it."
10,1,4,,D,"Um, this looks like a little child riding a dog, and it's facing to the left."
10,1,4,x,D,"Okay, got it."
10,1,4,,D,"Yeah, the little tail sticking out."
10,1,5,,D,this one looks like the scale that's tilted okay just let me find it i got it 
10,1,6,,D,um this one looks like the like a hooded figure kneeling down on the right with a megaphone okay
10,1,6,x,D,Do you need me to describe it?
10,1,7,,D,This is the Venus flytrap.
10,1,7,x,M,Okay.
10,1,7,x,M,Where is it?
10,1,7,x,M,Where is it?
10,1,7,x,M,"Okay, got it."
10,1,8,,D,"Um, this is a symmetrical one with the two diamonds and then the square at the top."
10,1,8,x,M,"Okay, got it."
10,1,9,,D,"Um, this is that one where there's a diamond on the top and then the left side is a straight line and then the right side is swiggly."
10,1,10,,D,This looks like a person hunched over reading a book and they're looking on the left side and there's just a random triangle on top.
10,1,11,,D,"Um, this is a person holding a top hat upside down."
10,1,11,x,M,"Okay, got it."
10,1,11,x,M,"Just a second, let me click it."
10,1,12,,D,"Uh, this one, it's the diamond at the top, and then there's, like, a block shape underneath that, and on the right side at the bottom, there's a little triangle sticking out."
10,1,12,,M,"Uh, does it look like it's someone who's reading?"
10,1,12,,D,"No, it looks like, it's a little bit simpler than that."
10,1,12,,D,"It looks like, I think you described it as someone, like, kneeling down."
10,1,12,x,M,"Okay, got it."
10,1,13,,D,This looks like someone trying to fly.
10,1,13,x,M,"Okay, got it."
10,1,13,x,M,Okay.
10,1,13,x,M,This is literally the last one for me so it's like a lot of clicking.
10,1,13,x,M,"Um, this is..."
10,1,14,,D,"So, it's a big rectangle at the bottom, and then on the left side, there's, like, a long column that goes up."
10,1,14,,D,"I think it might have been, like, one of the first ones that we did."
10,1,14,x,M,"Okay, got it."
10,1,14,,D,Last round.
10,1,14,,D,"Like, the swan."
10,1,14,,D,"The swan, yeah."
10,1,14,,D,"The swan, yeah."
10,1,15,,D,Cactus.
10,1,15,x,M,Okay.
10,1,16,,D,Seahorse.
10,1,16,x,M,Got it.
10,1,17,,D,"Um, the regular horse, and there's like a little tail, and..."
10,1,17,,D,It's like a parallelogram as a tail.
10,1,17,,D,"And it's going upwards, and the tail is on the right."
10,1,17,x,M,Got it.
10,1,18,,D,"Um, the person doing an arabesque."
10,1,18,x,E,"Uh, per..."
10,1,18,x,E,"I'm alright, good."
10,1,18,x,E,I'm all good.
10,1,18,x,E,"Oh, got it."
10,1,18,x,E,Okay.
10,1,18,x,E,Got it.
10,2,1,x,D,Okay.
10,2,1,,D,"Um, the swan."
10,2,1,,D,The swan hand.
10,2,1,x,D,Can you hear me?
10,2,1,x,M,Yeah.
10,2,1,,D,"Yeah, so it's the swan hand that we- it was one of the first ones."
10,2,1,,M,"Wait, the one with, like, the big rectangle and then the column on the left?"
10,2,1,,D,Yeah.
10,2,1,x,D,"Yes, yes, yes."
10,2,1,,M,I think I was looking for the other swan.
10,2,1,x,M,yeah there was another one but yeah
10,2,2,,D,this one okay arabesque 
10,2,3,,D, okay this looks like um so there is a diamond at the top and then there is on the left there is a straight line and on the right there is a squiggly line okay
10,2,4,,D,"Okay, that's the horse that is going to the right and upwards with diamond as its head and the little triangle on the left."
10,2,4,x,M,Yep.
10,2,5,,D,Surveillance camera.
10,2,5,x,M,Okay.
10,2,5,x,M,Got it.
10,2,6,,D,A house with a tree on its left.
10,2,6,x,M,Got it.
10,2,7,,D,"Uh, the child riding a horse or a dog, whatever."
10,2,7,x,M,Got it.
10,2,8,,D,"A person with a, um, like, kneeled with a, uh, with a, like, a triangle is the... Is, like, the feet?"
10,2,8,,M,"No, no, no."
10,2,8,,D,"So it's, like, a hooded person with a... Oh, okay."
10,2,8,,D,With a megaphone.
10,2,8,,M,"Yeah, with a megaphone."
10,2,8,x,D,"Yep, I forgot the word."
10,2,9,,D,It's a horse that is going to the left and has a parallelogram tail.
10,2,9,,D,It's going upwards.
10,2,10,,D,It's the symmetrical shape.
10,2,10,,D,Two diamonds and a rectangle at the top.
10,2,10,x,M,Got it.
10,2,11,,D,The tilted scale.
10,2,12,,D,The person with the bucket hat downwards.
10,2,12,x,M,Could you describe it?
10,2,12,x,D,"Yeah, yeah, yeah."
10,2,12,,M,"Oh, the top hat?"
10,2,12,,D,"Yeah, yeah, the top hat."
10,2,12,x,M,"Yeah, I forgot that."
10,2,13,,D,"Okay, this is a person reading a book."
10,2,13,,D,"They're turned to the left, and they have a strange triangle at the top."
10,2,13,x,M,Got it.
10,2,14,,D,The Venus Flight Trap.
10,2,14,x,M,Okay.
10,2,15,,D,The person trying to fly.
10,2,15,x,M,Okay.
10,2,16,,D,"Uh, seahorse."
10,2,17,,D,okay if the person kneeled down um the more basic one okay it's like the triangle on the right triangle on the right yeah 
10,2,18,,D,it's a cactus
10,2,18,x,D,Good.
10,2,18,x,D,Okay.
10,2,18,x,D,"Okay, sounds good."
10,3,1,,D,Surveillance camera.
10,3,1,x,M,"Okay, you got it."
10,3,1,x,M,Just a second.
10,3,1,x,M,Got it.
10,3,2,,D,"Um, the person reading a book with the triangle on the top."
10,3,2,x,M,Oopsies.
10,3,3,,D,Person trying to fly.
10,3,3,x,M,"Um, okay."
10,3,3,x,M,Got it.
10,3,4,,D,Cactus.
10,3,4,,M,"Cactus, yes."
10,3,4,x,M,Um...
10,3,5,,D,"Looks like the person's kneeling, but it's like the simple one."
10,3,5,x,M,"Okay, got it."
10,3,5,x,M,Where's it be?
10,3,6,,D,House with the tree on the left.
10,3,6,x,M,"Oh, got it."
10,3,7,,D,The horse with its legs up with the triangle on the left.
10,3,7,x,D,There you go.
10,3,8,,D,Arabesque.
10,3,9,,D,I'm holding the hat upside down.
10,3,9,x,M,Okay.
10,3,10,,D,I'm the child riding the dog.
10,3,10,x,M,Okay.
10,3,11,,D,"Um, the simple swan."
10,3,11,x,M,Okay.
10,3,12,,D,The symmetrical shape with the two diamonds and the square.
10,3,12,x,M,Got it.
10,3,13,,D,Venus flytrap.
10,3,13,x,M,Done.
10,3,14,,D,Seahorse.
10,3,14,x,M,"Yep, got it."
10,3,15,,D,"The diamond at the top, and then the left side is a straight line, and the right side is squiggly."
10,3,15,x,M,Okay.
10,3,16,,D,The hooded person with the megaphone.
10,3,16,x,M,"Okay, got it."
10,3,17,,D,The tilted scale.
10,3,17,,D,"Uh, tilted scale."
10,3,18,,D,The regular horse that's looking to the left.
10,3,18,x,E,Game.
10,3,18,x,E,"Okay, sounds good."
10,3,18,x,E,"Okay, sounds good."
10,4,1,,D,"Okay, the regular horse to the left with the parallelogram on the right."
10,4,2,,D,Cactus.
10,4,2,x,M,Got it.
10,4,3,,D,Surveillance camera.
10,4,3,x,M,Okay.
10,4,4,,D,The house with the tree on the left.
10,4,4,x,M,Okay.
10,4,5,,D,Venus flytrap.
10,4,5,x,M,Okay.
10,4,6,,D,"Um, it's, uh, it's, okay, so it's the diamond, and then on the left there is a straight line, on the right there is a swiggly line."
10,4,6,x,M,"Okay, got it."
10,4,7,,D,Tilted scale.
10,4,8,,D,The person flying.
10,4,9,,D,The person reading kneel to the left with a small triangle on the top.
10,4,10,,D,Symmetrical two diamonds in a rectangle.
10,4,11,,D,Seahorse.
10,4,12,,D,Someone doing an arabesque.
10,4,13,,D,A person kneeled with a megaphone.
10,4,13,x,M,Got it.
10,4,14,,D,A person with a top hat upside down.
10,4,15,,D,Simple Swan.
10,4,16,,D,The horse running to the right with a big square and a small triangle to the left.
10,4,17,,D,Child riding a horse or a dog.
10,4,18,,D,The simple person kneeled to the right.
10,4,18,x,E,Got it.
10,4,18,x,E,"Okay, sounds good."
10,4,18,x,E,Yep.
10,5,1,,D,"Um, the child riding the horse."
10,5,2,,D,Sea horse.
10,5,3,,D,Regular horse with the parallelogram tail.
10,5,3,,M,"Turn to the left, right?"
10,5,3,x,D,Yeah.
10,5,4,,D,The horse turned to the right with the triangle tail.
10,5,4,x,M,"Okay, got it."
10,5,5,,D,The symmetrical one with the two diamonds in the top.
10,5,6,,D,Simple Swan.
10,5,6,x,M,Got it.
10,5,7,,D,Venus fly trap.
10,5,7,x,M,Got it.
10,5,8,,D,"The upside down hat, like someone holding it upside down."
10,5,8,x,M,"Yep, got it."
10,5,9,,D,Tilted scale.
10,5,10,,D,Surveillance camera.
10,5,10,x,M,"Got it, this is it."
10,5,11,,D,The squiggly line on the right.
10,5,12,,D,I'm reading the book with the triangle at the top.
10,5,14,,D,This is a simple kneeling one.
10,5,14,,D,Simple kneeling.
10,5,15,,D,arabesque 
10,5,16,,D,um the person trying to fly uh what would you repeat that the person trying to fly okay
10,5,17,,D,Megaphone one.
10,5,17,x,M,Got it.
10,5,18,,D,The house with the tree on the top.
10,5,18,x,E,Got it.
10,5,18,x,E,All good.
10,5,18,x,E,Okay.
10,5,18,,E,Okay.
10,5,18,,E,Sounds good.
10,6,1,,D,"Okay, the scale."
10,6,1,,D,Tilted scale.
10,6,2,,D,Cactus.
10,6,3,,D,Flying person.
10,6,3,x,M,Got it.
10,6,4,,D,House with the tree on the left.
10,6,5,,D,Seahorse.
10,6,5,x,M,Okay.
10,6,6,,D,Symmetrical two diamonds in a rectangle.
10,6,7,,D,Surveillance camera.
10,6,8,,D,Venus flytrap 
10,6,9,,D,The simple kneeling person
10,6,10,,D,The simple swan.
10,6,11,,D,Megaphone.
10,6,12,,D,The top hat upside down holding person.
10,6,13,,D,Arabesque.
10,6,14,,D,The horse going to the left with a parallelogram as a tail going up.
10,6,15,,D,The person reading the book turned to the left with a triangle on top.
10,6,16,,D,The horse going to the right with a diamond.
10,6,16,x,M,Yep.
10,6,17,,D,"On the left, there is a straight line."
10,6,17,,D,"On the right, there is a squiggly line."
10,6,17,x,M,Got it.
10,6,18,,D,A child riding the dog.
10,6,18,x,E,Tomorrow.
10,6,18,x,E,Okay.
10,7,1,,D," Um, this is the person reading with the triangle at the top."
10,7,1,x,M,"Uh, just a second."
10,7,1,x,M,Got it.
10,7,2,,D,Seahorse.
10,7,2,x,M,Got it.
10,7,3,,D, The one with the squiggly line on the right.
10,7,3,x,M,"Yep, got it."
10,7,4,,D,The person in a beanbag chair.
10,7,4,x,M,"Uh, would you repeat that?"
10,7,4,,D,They look like they're in a beanbag chair.
10,7,4,x,M,"Oh, got it, got it, got it, got it, got it."
10,7,5,,D, surveillance camera.
10,7,5,x,M,Got it.
10,7,6,,D,This is one of the ones we practiced.
10,7,6,,D,It has a diamond at the top.
10,7,6,,D," And at the bottom right, there's a little triangle that's kind of sticking out."
10,7,6,,D,"And then on the left, there's like a parallelogram shape."
10,7,6,,M,"Okay, it looks like someone who's sliding, right?"
10,7,6,,M,That's how I describe it.
10,7,6,,D,"No, not the cha-cha slide."
10,7,6,,M,"No, but I mean like they're going down the slide or something."
10,7,6,x,D,I don't know.
10,7,6,x,M,Do you think you can describe it?
10,7,6,x,D,"Yeah, I mean, yeah, all good."
10,7,6,x,D,Okay.
10,7,6,,D, We should call that one just the sliding one.
10,7,6,,D,"Yeah, sliding, yep."
10,7,6,x,D,Okay.
10,7,7,,D,"Um, this is, it looks like someone is like kind of kneeling, and on the right there's like a triangle sticking out."
10,7,7,x,M,Okay.
10,7,7,,M,"They're like half kneeling, right?"
10,7,7,x,D,Yeah.
10,7,8,,D, The tilted scale.
10,7,9,,D,The house with the chimney.
10,7,10,,D," The swan, but not the simple swan."
10,7,10,x,M,"Yeah, got it, got it, got it."
10,7,11,,D,The house with the tree.
10,7,11,x,M,Got it.
10,7,12,,D, The child riding the dog.
10,7,13,,D,Venus flytrap.
10,7,14,,D, The symmetrical one with the two diamonds.
10,7,14,x,M,Got it.
10,7,15,,D,"Um, it looks like someone kneeling, and they're, like, holding something out in front of them."
10,7,15,,D,"There's, like, a little tail shape on the back."
10,7,15,x,M,Ooh.
10,7,15,x,M,"Okay, got it, got it, got it, got it."
10,7,16,,D," It looks like there's a square diamond shape on the right, and then there's a leg sticking out on the left."
10,7,16,x,M,Would you do more?
10,7,16,,D,"Yeah, so it kind of looks like a person."
10,7,16,,D,"And on the top right, there's a square diamond shape."
10,7,16,,D,"And then on its left side, it looks like there's a leg sticking out."
10,7,16,,M,Are they...
10,7,16,,M, Are they walking and reading?
10,7,16,,D,"No, they're not reading."
10,7,16,,D,It's not that one.
10,7,16,,M,Is it the theatrical one?
10,7,16,,D,No.
10,7,16,,D,It's like standing on one leg and then the other leg is behind him.
10,7,16,,M,Is it like the collar one?
10,7,16,,D,"No, it's not that one."
10,7,16,,M,Okay.
10,7,16,,M,Is it the one with like a small triangle on the right and like I don't know
10,7,16,x,M," Oh, got it, got it, got it."
10,7,16,x,M,Okay.
10,7,16,x,M,That took me a little long.
10,7,16,x,M,Sorry.
10,7,16,x,M,It's okay.
10,7,17,,D,This one is the one that looks like someone running out of the wedding.
10,7,17,x,M,"Okay, got it."
10,7,18,,D,It's giving speak now.
10,7,18,x,M,Yeah.
10,7,18,x,M," Yep, got it."
10,7,19,,D,Arabesque.
10,7,20,,D," the bunny ears, and it's, like, sitting down."
10,7,20,x,M,"Got it, got it."
10,7,20,x,M,"Oh, wait."
10,7,20,,M,"It doesn't have, like... Is it, like, turned to the right or turned to the left?"
10,7,20,,D,It's turned to the right.
10,7,20,x,D,Okay.
10,7,21,,D,The horse with the parallelogram tail.
10,7,21,x,M,Got it.
10,7,22,,D, The simple kneeling one.
10,7,22,x,M,Got it.
10,7,23,,D,Cactus.
10,7,24,,D," Um, it kind of looks like a dog and then the front legs are longer than the back legs."
10,7,24,x,M,"Yeah, got it."
10,7,25,,D,The person reading while they're walking and they're facing to the left.
10,7,25,x,M,Mhm.
10,7,26,,D,the horse with the triangle tail
10,7,27,,D,um this one also has bunny ears with the
10,7,27,x,M,okay got it yeah
10,7,28,,D," Um, this one, it kind of looks like a water fountain."
10,7,28,,D,"So there's a diamond at the top, and then there's like a column."
10,7,28,x,M,"Oh, got it, got it, got it, got it."
10,7,28,,M,"That's a good one, water fountain."
10,7,28,x,M,Yeah.
10,7,29,,D,Cha-cha slide.
10,7,29,x,M,Nice.
10,7,30,,D,Megaphone
10,7,31,,D,Crab
10,7,32,,D,I'm upside down top hat
10,7,32,x,M, Got it.
10,7,33,,D,Person trying to fly.
10,7,33,x,D,"Just saying, dude."
10,7,34,,D, This also looks like someone trying to ride a horse.
10,7,34,x,M,"Okay, got it."
10,7,34,,M,Is it like a person?
10,7,34,,D,It's like a little triangle and a square.
10,7,35,,D,Simple swan.
10,7,36,,D, This one is Maddie with the collar.
10,7,36,x,E,Got it.
10,7,36,x,E, Yep.
10,7,36,x,E,Sounds good.
10,7,36,,E,Got it.
11,0,1,,D, This one looks like a mouse looking up to the top left corner.
11,0,1,,D,It has a triangle ear and a fox ear.
11,0,1,x,M,What did you say after you said it looked like a mouse?
11,0,1,,D,It's a mouse looking to the top left corner.
11,0,1,,D,It has a triangle ear and a fox ear.
11,0,1,,D, in the bottom right corner that's cut off at his torso.
11,0,1,x,M,Can you always make him a little bit louder?
11,0,1,,D,"Yeah, to me it just looks like a mouse looking up to the top left corner with a box ear on the top of his head, a triangle ear on the right of his head,"
11,0,1,,D, It stands down in the bottom left corner and it's cut off at the bottom right corner of his torso.
11,0,1,,M,What's at the bottom right of his torso?
11,0,1,,D,That's where the image cuts off.
11,0,1,,D," So you can see his torso up with his front paws, front hands on the ground at the bottom left, and his head in the top portion of the frame."
11,0,1,x,M," Okay, can you, like, describe it a little bit more?"
11,0,1,x,D,Uh... Maybe it's...
11,0,1,,D,"If not a mouse, then it's somebody, like, on their knees, sliding into the bottom right corner, with their arms sort of, like, flaring out to the left and the right."
11,0,1,x,M, I think I might have it.
11,0,2,,D,This one looks kind of like a soccer player to me.
11,0,2,,D,They're running across the field towards the right with their back player.
11,0,2,,D," In the bottom left corner, it's a person, but it has a flag around their waist, with their front arm pointed to the right."
11,0,2,,D,Their head is a diamond on the last of this area triangle that's pointed to the left.
11,0,2,,M, Are there any squares in the picture?
11,0,2,,D,Only one square.
11,0,2,,D,It's the diamond pin.
11,0,2,,D,Everything else looks like triangles or one trapezoid at the waistline.
11,0,2,,D, A little triangle pointing down in the bottom right corner.
11,0,2,,D,A large triangle pointing up.
11,0,2,,M,"Yeah, is it like an equilateral triangle with the point, like, facing down?"
11,0,2,,D,"Yeah, the small triangle, yeah."
11,0,2,,D,In the bottom right corner.
11,0,2,x,D,Yay.
11,0,3,,D, This one looks like a little kid riding a dog.
11,0,3,,D,You have a diamond at the top of a triangle sort of slipping downward.
11,0,3,,D,"And the far right side, you have a triangle, a small triangle, pointing to the bottom right, but not directly on the bottom right."
11,0,3,,D, and that's about midway up the road.
11,0,3,,M,"Okay, can you describe it more?"
11,0,3,,D,There's a medium sized triangle connected at a point to the smaller triangle.
11,0,3,,D,The mid-sized triangle is pointing with
11,0,3,,D," is pointing directly towards the smaller triangle, so one of the points is pointing directly towards the bottom right."
11,0,3,,D,And then there's a sort of inverted arrow on the left side.
11,0,3,,M,"Wait, what's on the left side?"
11,0,3,,D, There's another small triangle pointing up towards the square at an angle.
11,0,3,,D,And the sort of body of the dog is an arrow pointing to the left of the screen.
11,0,3,x,M,OK.
11,0,3,,M, Is there a trapezoid that has the parallel parts that are parallel to the sides of the screen?
11,0,3,x,M,Does that make sense?
11,0,3,,D,No.
11,0,3,x,M,"Okay, there isn't that?"
11,0,3,x,M,No.
11,0,3,x,M,"Okay, um..."
11,0,3,x,M, Okay.
11,0,3,,D,"From the baseline horizontal, it's at, like, a 15-degree angle."
11,0,3,,M,What about the horizontal?
11,0,3,,D,"From the baseline horizontal, the image looks like it's tilted at, like, a 15-degree angle with the right side being lifted up."
11,0,3,x,M,Okay.
11,0,3,,M,"And is there, like, in the middle, is there a square, like, along, like, a hill thing and a little bit of white space?"
11,0,3,x,D,Yes.
11,0,4,,D, This looks like a person holding their arms out and sort of off.
11,0,4,,D,There's the parallelogram forming the body pointing to the bottom right with
11,0,4,,D," Sort of like wrench heads as the arm, and then square at an angle towards the head."
11,0,4,,M,Does it look like a body with two arms and a head?
11,0,4,x,D,Yes.
11,0,5,,D," This one looks like it's bending down, so look at something on the floor."
11,0,5,,D,"There's a triangle pointing directly up at the top of the image, a triangle pointing to the bottom right corner, and then a trapezoid here at the top, and another parallelogram here at the bottom."
11,0,5,,D, It looks like sunglasses.
11,0,5,,M,Like sunglasses?
11,0,5,x,D,Yeah.
11,0,5,,D,But it's not the pair.
11,0,5,,D,It's not the pair of sunglasses.
11,0,5,,D,It looks like a magnet.
11,0,5,,D,It's the one that's at an angle.
11,0,5,x,M,"Oh, okay."
11,0,5,x,M,Hold on.
11,0,5,,M,"Okay, is there, like, uh, hmm, like, like, depending on how you look at it, it,"
11,0,5,,M,"like, could it be, like, sort of, like, a left, on the left side, like, a right triangle with, like, a trapezoid then on it?"
11,0,5,x,D,Yeah.
11,0,5,x,D,Okay.
11,0,5,x,D,Okay.
11,0,6,,D, This one looks like a factory with a smoke stack on the left side.
11,0,6,,D,"It's a rectangle as a face, and then a rectangular, a thin rectangle pointing upwards on the left side, and a triangle connected at the top of that, making a sort of flag."
11,0,6,,M,Is this kind of like a chair?
11,0,6,,D,Yeah.
11,0,7,,D,"For this one, we have a rectangle on the left side facing up,"
11,0,7,,D,"and then an equilateral triangle at the bottom forming like a toe,"
11,0,7,,D,"a trapezoid directed to the right side from the toe to the top of the rectangle,"
11,0,7,,D,and then another triangle forming sort of like an arc at the top of that.
11,0,7,,D," point you to the right, and then a diamond at the top of all of it."
11,0,7,,M,Can you describe the first part of that again?
11,0,7,,D,"It's a rectangle standing up, but its long way is vertical."
11,0,7,,D," A small triangle at the bottom of that to the right side, forming the toe that's pointing to the right."
11,0,7,,D,And then a trapezoid on the right side of the rectangle above the initial triangle that I talked about.
11,0,7,,M,"Wait, trapezoid?"
11,0,7,x,M,"Sorry, sorry, sorry."
11,0,7,,M,Trapezoid on the right side of... What is it?
11,0,7,x,M,Alright.
11,0,7,x,M,Repeat that.
11,0,7,x,M," Okay, sorry, I'm not- can you describe it more?"
11,0,7,,D, It's perfectly flat on the left side.
11,0,7,,D,"On the right side, it has, if you were to tilt your head, then you would see a decline, a straight line, a decline, and an incline, with a diamond at the top of everything."
11,0,7,,M, The- so the highest shape is a diamond?
11,0,7,x,D,Yep.
11,0,7,x,D,Okay.
11,0,7,x,D,And...
11,0,7,x,M,Okay.
11,0,7,,M,"Is it the one where... like, there's the rectangle and then, like, nothing really to the right of the rectangle?"
11,0,7,x,M, Oh.
11,0,7,,M,Is it kind of like a rectangle that on the bottom right has like a bite out of it?
11,0,7,x,D,Yeah.
11,0,7,x,D,Okay.
11,0,8,,D, This one looks like a whale jumping out of the water.
11,0,8,,D,"There is a long rectangle going vertically, two triangles at the bottom, and then some stuff going on in the middle."
11,0,8,,D,Whale jumping out of water.
11,0,8,,M,"Um, is it... Is there, like, kind of like an equilateral triangle in the middle, and then, like, two more triangles, but, like,"
11,0,8,,M, those two triangles are parallel?
11,0,8,,M,"Like, they're bases?"
11,0,8,x,D,Yeah.
11,0,8,,M,"And, okay, just to confirm, at the bottom right, there's, like, a trapezoid kind of thing facing up?"
11,0,8,,D,No.
11,0,8,x,M,"No, okay."
11,0,8,x,M,Hmm.
11,0,8,x,M,Oh.
11,0,8,,D, There's a triangle pointing directly to the left at the bottom.
11,0,8,,D,"And then to the right of that triangle, there's another triangle pointing to the bottom left with a slight gap between them."
11,0,8,,D,And then a trapezoid base sort of in the gap between those triangles.
11,0,8,,D,It's a rectangle that's pointing upwards.
11,0,8,,M," Okay, so there's, like, two triangles that, like, the tip of them is touching, like, the tip of a trapezoid?"
11,0,8,x,D,Yep.
11,0,8,x,M,Oh.
11,0,8,x,M,Damn.
11,0,8,x,M,Alright.
11,0,9,,D,This one has three triangles.
11,0,9,,D,It kind of looks like a ground hook.
11,0,9,,D,There's three triangles at the top.
11,0,9,,D, a slant to the bottom and then a parallelogram at the very bottom pointing to the right.
11,0,9,,D,It has the bulk of its area at the top and then a sort of tail going down to the bottom right.
11,0,9,,D, what's the highest shape the three triangles are all at the same height okay three triangles all at the same height oh okay are two of the triangles like facing like like opposite ways one okay
11,0,10,,D, This one looks like a magnet or a pole.
11,0,10,,D,There's a trapezoid base and then two parallelograms pointing inwards above that.
11,0,10,,M,"Okay, so what's above the trapezoid base?"
11,0,10,,D," Two parallelograms, really small, pointing towards each other on either end of the traveling face."
11,0,10,,D,It forms a sort of U.
11,0,10,x,M,Sort of what?
11,0,10,,D,U.
11,0,10,,M," Um, and what's the highest shape?"
11,0,10,,D,"Two parallelograms at the same height, pointing towards each other."
11,0,10,x,M,"Oh, I see."
11,0,10,x,M,Um...
11,0,10,,D," Just something to remember, there's like a trapezoid with the shorter edge facing down, and like two rhombuses facing in towards each other."
11,0,10,x,D,Yep.
11,0,11,,D,This one looks like a house or a barn with a silo next to it.
11,0,11,x,D,It's...
11,0,12,,D, A long rectangle on the right side pointing upwards to the length.
11,0,12,,D,We have a triangle on the bottom right pointing to the bottom right.
11,0,12,,D,A rhombus on the bottom left pointing to the bottom left.
11,0,12,,D," A rumpus on the top left pointing left, and then a sort of L connecting the both."
11,0,12,,D,"Um... Kinda looks like a horse, or a bibs, or... Um..."
11,0,13,,D, This is another baby riding a dog.
11,0,13,,D,"On the far right side, you have a triangle pointing toward the top right at an angle that is connected to the rest of the frame."
11,0,13,,D,"Only at one point, so nothing else is touching."
11,0,13,,D,The highest shape is a square pointing
11,0,13,,D, leftward a bit.
11,0,13,,D,The lowest shape is a triangle pointing straight down.
11,0,13,,D,And then two triangles on the left most seconds.
11,0,13,x,D,Okay.
11,0,13,x,D,Okay.
11,0,13,,M, And what did you say the highest shape was?
11,0,13,,D,A square.
11,0,13,,M,And what's the orientation of the square?
11,0,13,,D,"Uh, 180 degrees tilted left."
11,0,13,x,D,Hmm.
11,0,13,x,D,"But it's like, is it..."
11,0,13,,D," But there's still space above it, like white space above it."
11,0,13,,M,It's not at the top of its box?
11,0,13,,D,"There is white space above it, yeah."
11,0,13,,D,It's right below the top square is a rumpus that is placed slightly below the next highest triangle.
11,0,14,,D," This is the one that he selected, the whale with the two triangles at the top of a trapezoid."
11,0,14,,D, Two triangles at the top of the trapezoid.
11,0,14,,M,What's the orientation of the triangles?
11,0,14,,D,The triangles are at the very top.
11,0,14,,D,They look like they're sort of falling off of the left edge of the image.
11,0,14,,D,The bottom-most shape is another rhombus with one of its faces parallel to the red.
11,0,14,,D, There is a square in the middle that is the section of the diamond.
11,0,14,,D,It leads to a bigger triangle right below that.
11,0,14,,M,And are there like the two triangles at the top?
11,0,14,x,D,Yep.
11,0,14,x,D, Okay.
11,0,14,,M,"And the bottom, like, shape is like a, I don't know, like, tilted towards the right, like, in a diagonal way?"
11,0,14,x,D,Okay.
11,0,14,x,D,"Oh, good god."
11,0,14,x,D,Okay.
11,0,14,x,D,Um...
11,0,15,,D, Triangle at the top left of the frame pointing up.
11,0,15,,D,Triangle at the bottom left of the frame pointing left.
11,0,15,,D,Triangle at the mid-right side of the frame pointing down.
11,0,15,,D,And then a rhombus pointing up to the right at the very end on the right side.
11,0,15,,M, Can you describe the triangles again?
11,0,15,,D,"Top left corner, there is a triangle pointing directly up."
11,0,15,,D,"In the bottom left corner, there is a triangle pointing left."
11,0,15,x,D,In
11,0,15,,D," On the right side of the image, there is, it looks like a horse altogether."
11,0,16,,D,"On the bottom left corner, we have a really big triangle pointing inwards towards what looks like a boat."
11,0,16,,D," And the triangle at the left side has one point facing directly left, one point facing directly to the bottom, and then the third point facing up towards the top right corner."
11,0,16,x,D,And then...
11,0,16,,M,"Okay, is the... is it like a small triangle that's like in the bottom left that's not really a part of like the rest of the shape?"
11,0,16,x,D,No.
11,0,16,,D, No.
11,0,16,x,D,Okay.
11,0,16,,D,But the big triangle is in the same place and at the same angle.
11,0,16,,M,Same place and angle is what?
11,0,16,,D,That's the one that you were looking at.
11,0,16,x,D,Okay.
11,0,16,x,D,Um...
11,0,16,,D," Not at the same place of angle as the little triangle, but the big triangle to the right of that."
11,0,16,,M,"Oh, okay."
11,0,16,,M,"So, is there, like, a rectangle sort of thing that's, like, on, like, the left diagonal?"
11,0,16,x,D,Yep.
11,0,17,,D," We have two triangles on the left side, sort of standing alone."
11,0,17,,D,"On the bottom right corner, we have a trapezoid that's parallel with the large base at the bottom."
11,0,17,,D,The highest shape is a square that looks like it's falling off of the frame to the left.
11,0,17,x,M,"Wait, sorry, can you describe the square again?"
11,0,17,,D,"It looks like it's falling off of a body from the left,"
11,0,17,,D,"or it's like 10 to 15 degree angle tilted leftward at the top of the frame, slightly above a triangle at a similar angle, bound by one more triangle."
11,0,17,,M," Towards the bottom-ish left, is there, like, a triangle that's, like, kind of detached?"
11,0,17,x,D,Yeah.
11,0,18,,D,Diamond at the top.
11,0,18,,D, And then a triangle right below that leading into a rectangle for a body.
11,0,18,,D,And then you have a little swish at the bottom right corner pointing to the right side.
11,0,18,,M,"Okay, what's the highest shape?"
11,0,18,,D,A diamond.
11,0,18,,M,Diamond?
11,0,18,x,D, What was that?
11,0,18,x,D,What's up?
11,0,18,,M,What's the highest shape?
11,0,18,,D,A diamond.
11,0,18,x,M,"Okay, okay, okay."
11,0,18,x,M,One sec.
11,0,18,,M,Diamond.
11,0,18,x,M,Okay.
11,0,18,,M,And it looks like a body?
11,0,18,,D,Yep.
11,0,18,,M,"Okay, on two legs or one leg?"
11,0,18,x,D,Uh...
11,0,18,,D,It kinda looks like a baby.
11,0,18,,D,It doesn't have any legs.
11,0,18,x,D,Um... Oh...
11,0,18,,D," Like, maybe we're wrapped up in a blanket, with its head sticking out of the top, and a portion of the blanket hanging off to the right."
11,0,18,,D,Hands sticking up.
11,0,18,,M,Is there anything on the right side?
11,0,18,,D,A triangle.
11,0,18,,D,At the bottom of the bridge.
11,0,18,,M,A triangle in the bottom right?
11,0,18,x,D,Yup.
11,0,18,,M," Is it, like, just the point facing the right?"
11,0,18,x,M,Repeat that.
11,0,18,,M,Pointing up?
11,0,18,x,D,No.
11,0,18,,M,"So, okay, the, like, the point of the triangle, is it facing the right side?"
11,0,18,x,D,Yeah.
11,0,18,x,D, Okay.
11,0,19,,D," At the top of the brim, there is a very small triangle pointing left, connected to a larger triangle pointing bottom left."
11,0,19,,D,"In the mid portion, there's a diamond on the left side."
11,0,19,x,D,And then...
11,0,19,,D,It looks like a big bunny is trying to read a book.
11,0,19,,M,It looks like a bunny?
11,0,19,x,D,Yeah.
11,0,19,,D,"With a really big right triangle, like, sort of..."
11,0,19,,M," Like, in the bottom left?"
11,0,19,,D,"No, it's not that bunny."
11,0,19,,D,"It looks like an anamorphic bunny standing up, trying to read a book that it's holding to its left side."
11,0,19,,M,"Okay, a really small triangle on the top?"
11,0,19,x,D,Yeah.
11,0,20,,D," Uh, this one looks like somebody's dancing with their head wailing back to the right, their feet pointing to the left, one leg lifted up in the air."
11,0,20,,D,"Uh... What- on what side is, like, the leg- oh, hold on."
11,0,20,,M,Are the feet facing the left?
11,0,20,,D, Yeah.
11,0,20,x,D,Okay.
11,0,20,x,D,Oh.
11,0,21,,D, This one looks kind of like a submarine with a diamond on the top of it.
11,0,21,,D,The highest point.
11,0,22,,D,This one looks like somebody's standing at an altar.
11,0,22,,D,Diamonds at the top forming a head.
11,0,22,,D, into a rectangular body with a triangle at the midsection pointing left and a triangular base okay so the base there's like it's like a triangular base it's not like flat on either side okay yep
11,0,22,,D, And then a small triangle on the right side about midway up.
11,0,23,,D,This one looks kind of like a cactus or a totem pole.
11,0,23,,D,Or like a siren.
11,0,23,,D, It has two triangles facing inward so that they're large and facing outward on either side.
11,0,24,,D,"This one looks like another barn with a silo, but the silo has a big triangular roof on it."
11,0,24,,D, Or a weird chimney that has a triangle on the left side.
11,0,24,,M,Can you say that again?
11,0,24,,D,A house or a barn with a tower on the left side and a triangle pointing up at the top of the tower.
11,0,24,x,D,Okay.
11,0,25,,D," The diamond bottom left kind of looks like a, I don't know, like a gun that's drawn up."
11,0,25,,D,There's a trapezoid at the top with the short side pointing down.
11,0,25,,D,The handle on the left side
11,0,25,,M," Okay, you said diamond bottom left?"
11,0,25,x,D,Yep.
11,0,25,,M,What's the highest shape?
11,0,25,,D,A trapezoid with the larger base pointing up.
11,0,25,,D,It looks like it's pointing to the right.
11,0,25,,M,How big is the diamond?
11,0,25,,D,It's small.
11,0,25,x,D, Uh...
11,0,25,,M,I feel like the only one I've seen of that has a small triangle at the top.
11,0,25,x,M,Uh... Go for it.
11,0,25,x,M,Oh...
11,0,25,x,M,"Wait, okay."
11,0,25,x,M,Um... Is it like...
11,0,25,,M," Like, the bottom side and the right side don't really have anything touching them, like, that much."
11,0,25,x,D,Uh...
11,0,25,,D,"It looks like an upside-down L. Okay, yeah."
11,0,25,x,D,Okay.
11,0,26,,D," Somebody slumps down with their back in the right corner, a foot pointing left in the left corner, and a diamond head."
11,0,26,,M,You said diamond at the top?
11,0,26,,D,Yep.
11,0,26,,M, And they're facing the left corner?
11,0,26,,D,Yep.
11,0,26,,M,Are they sitting down?
11,0,26,,D,Yep.
11,0,27,,D,"Uh, with somebody standing up reading a book, the book is pointing to the left."
11,0,27,,M, So they were reading a book?
11,0,27,,D,Yep.
11,0,27,,M," Um, at the bottom, is it like on the right it's like smooth, but on the left it's like a point?"
11,0,27,,D,Yep.
11,0,28,,D,This one looks like a figure skater with their back leg pointing to the right side.
11,0,28,,D, Both arms with the left side diamond head in the left corner.
11,0,29,,D,"Uh, somebody kneeling down to pray."
11,0,29,,D,We've got a diamond at the top.
11,0,29,,D,"A... At the bottom, we have a smooth side of the rectangle on the left side with a..."
11,0,29,,D," Um, triangle pointing right."
11,0,29,,M,"Uh... Is it... Do they have, like, a rectangular neck?"
11,0,29,,D,"Um, diamond head."
11,0,29,,M,"Like, diamond head, but what is the... Is there a neck, or is it just, like, a point?"
11,0,29,,D,"Um, it's just a point."
11,0,29,x,M,Okay.
11,0,29,,M,Um... You said they're praying?
11,0,29,,D," It kinda looks like the reading of book one, but reverse, and with a divot in the left side."
11,0,29,x,M,I did not get any of that.
11,0,29,,M,What's the highest shape?
11,0,29,,D,Diamond.
11,0,29,,M,And what's the lowest shape?
11,0,29,,D,"A couple of triangles, a big one pointing left, and a small one pointing right,"
11,0,29,,D,"er, big one pointing flat at left corner, making a smooth edge, er, parallel edges on the left side and the bottom side,"
11,0,29,,D,and then a small triangle pointing to the right connected to that.
11,0,29,,D," The head is attached to another diamond, so it kind of looks like an infinity sign leading into the body."
11,0,29,x,M,I can't... Can you say that again?
11,0,29,,D,"The head is attached to another diamond, so it kind of looks like an infinity sign leading into the body."
11,0,29,x,M,A what sign?
11,0,29,,D,Infinity...
11,0,29,,M," Oh, infinity."
11,0,29,x,M,Okay.
11,0,29,,D,Infinity pointing to the left.
11,0,29,,D, oriented like an 8.
11,0,29,,M,Is there like body facing an obvious way?
11,0,29,,D,To the right.
11,0,29,x,D,Okay.
11,0,29,,D,"Diamond, but no neck."
11,0,29,,D,Body facing right.
11,0,29,,D,Infinity sign on the left.
11,0,29,,M,I don't think I'm really like
11,0,29,,M, Getting the infinity sign part.
11,0,29,x,M,Okay.
11,0,29,,D,Lose the infinity sign.
11,0,29,,M,Um... What's going on in the middle of the left side?
11,0,29,,D,Uh... Ronmas was taken out.
11,0,29,x,E,Goddammit.
11,0,29,x,E,Okay.
11,0,29,x,E,It's fine.
11,0,29,x,E,It's fine.
11,0,30,,D," Um... Looks like somebody's reading a book, and a slight crouch."
11,0,30,,D,Facing right.
11,0,30,x,D,Okay.
11,0,30,,M,"Oh, they're facing the right?"
11,0,30,,D,Yup.
11,0,30,,M,"Okay, uh, highest shape?"
11,0,30,,D,Repeat that.
11,0,30,,M,What's the highest shape?
11,0,30,,D,Diamond.
11,0,30,,M," Okay, is there a neck, or is it just a point?"
11,0,30,,D,"Um, there's kind of a neck."
11,0,30,,M,"Is there a, um, right triangle in the bottom left?"
11,0,30,,D,Yeah.
11,0,30,x,D,Okay.
11,0,30,x,D,Oh.
11,0,31,,D, This one looks like an arrowhead pointing down or a flask.
11,0,31,,D,It's got two diamonds and then a rectangular top or a square at the top.
11,0,31,,M,Where are the two diamonds?
11,0,31,,D,Sitting on top of each other.
11,0,31,,D,So it looks like an eight with a square at the top.
11,0,32,,D," Um, person with a diamond head at the top, no neck."
11,0,32,,D,"Um, the left side is very flat."
11,0,32,,D,"The bottom most shape is a triangle pointing down, uh, on the right side."
11,0,32,,D,Looks like a leg is cleared out to the right.
11,0,32,,M,The triangle pointing down at the right side?
11,0,32,,D,Yep.
11,0,32,,D,Is...
11,0,32,,M," Does it look like they have a foot that's, like, facing the wrong way?"
11,0,32,,D,Yeah.
11,0,33,,D,This one looks like a bunny slumped down in a corner-facing jerk with his butt to the left.
11,0,33,,D, bunny looking down is the bunny's head like like is it like looking to the right bottom yep
11,0,34,,D, This one looks like it wants to be a duck on the water.
11,0,34,,D,There's a tiny triangle in the bottom left corner connected to a bigger triangle.
11,0,34,,D,"The tiny triangle in the bottom left has its right angle pointing to the top left corner, while the big triangle has its right angle pointing to the top right corner."
11,0,34,,D,"And then at the top, there's another triangle on the right side"
11,0,34,,D, with its right angle pointing to the top right.
11,0,34,,M,Is the triangle the tallest shape?
11,0,34,,M,Or the highest shape?
11,0,34,,D,"The third one, yeah."
11,0,34,,D,Barely?
11,0,34,,D,"Yes, it's the highest shape."
11,0,34,,M,And you said there is a small triangle in the bottom left?
11,0,34,,D,Yep.
11,0,34,,M, Kind of like a swan?
11,0,34,,D,Yep.
11,0,35,,D,"This person is standing with their legs spread apart, one foot pointing to the left."
11,0,35,,D," diamond head, no neck, um, really thin waist."
11,0,35,,M,"Do they have, like, a thin torso?"
11,0,35,,D,Yeah.
11,0,35,,D,"Um, diamond at the top, connected by a point to..."
11,0,35,,D, a large triangle.
11,0,36,,D,"No, it's not that funny."
11,0,36,,D,"On the left, we have a triangle pointing down about midway through."
11,0,36,,D,"And then on the bottom left, we have a very small triangle pointing to the left."
11,0,36,,D,The bottom has a triangle cut out of it.
11,0,36,,D,"At the bottom left, there's a small triangle with the point facing to the left."
11,0,36,,M,Yep.
11,0,36,,D," Is it, like, in the bottom left corner, or...?"
11,0,36,x,D,Yep.
11,0,36,,M,Okay.
11,0,36,,D,"What's going on on, like, the right side of the square?"
11,0,36,x,D,Nothing.
11,0,36,,M,Interesting.
11,0,36,,D," Okay, and then can you, like, describe it, like, from bottom up?"
11,0,36,,D,"We have... in the bottom left, a small triangle pointing left, to the bottom left, and then a triangular cutout acting as a space between a small triangle and a very large triangle that forms the body."
11,0,36,,D,"The very large triangle points to the right side,"
11,0,36,,D, about halfway up the frame.
11,0,36,,D,"On the left middle portion, there is another triangle pointing directly down, and at the top, there is a diamond."
11,0,36,x,E, It's very difficult to hear him.
11,0,36,x,E," Well, yeah, because it's gonna, like, mess with your, like, whatever."
11,0,36,,E,"I don't know if you can, like, see my brain being, like, confused trying to hear him."
11,0,36,,E,"But... Yeah, I can hear you fine."
11,0,36,,E,But...
11,0,36,,E,It's harder to hear.
11,0,36,,E, Can we turn each other up?
11,0,36,,E,"Yeah, perhaps."
11,0,36,,E,I was not aware that you jumped in.
11,0,36,,E,"Oh, uncross them, uncross them."
11,0,36,,E,"Yes, yes."
11,0,36,,E,I heard that.
11,0,36,,E," Yeah, okay, then, another thing, and I don't know if you can fix this, but, like, the glasses, I don't know what happened, but they're, like, pushing down very, like, hard."
11,0,36,,E,Okay.
11,0,36,,E,Okay.
11,0,36,,E, you
11,0,36,,E," Yep, ball track."
11,0,36,,E, Thank you.
11,0,36,,E, Oh.
11,0,36,,E," I mean, okay, this is like also, oh."
11,0,36,,E,"I'm literally touching my nose, but that's fine."
11,0,36,,E,Yes.
11,0,36,,E, Okay.
11,0,36,,E,"Yes, everything is great."
11,0,36,,E,"Yes, I think it will be."
11,0,36,,E," Oh, okay."
11,0,36,,E, Great.
11,0,36,,E,Okay.
11,0,36,,E,Okay.
11,0,36,,E, Thank you.
11,0,36,,E, Thank you.
11,0,36,,E, Oh
11,0,36,,E, Thank you.
11,1,1,x,E,Alrighty.
11,1,1,,D,"So, in the bottom left, there is a triangle."
11,1,1,,D,It's the equilateral triangle.
11,1,1,,D,"The point of it is, like, in the point of the square."
11,1,1,x,M,"So, like, the... Like, I guess I go..."
11,1,1,,D,"Okay, yeah, so the point of the triangle is, like, in the point of the square."
11,1,1,,D,"Um, I guess it's actually a right triangle."
11,1,1,,D,"uh, because one side is parallel to the top of the square, the other side is parallel to, like, the sides of the square."
11,1,1,x,D,Um... And then...
11,1,1,,D,"In addition, there is a, like, rectangular shape that is, like, along the left diagonal..."
11,1,1,x,D,Um...
11,1,2,,D,"Okay, this is, like, a small square on top of, like, the figure-eight thing."
11,1,2,,D,"Uh, like, arrowheads."
11,1,3,,D,"Okay, this looks like a thin, tall rectangle in the middle."
11,1,3,,D,"Um... Technically not a rectangle, because at the top, it's like... Yeah."
11,1,4,,D,"Okay, this is the one that kinda just looks like a hot mess."
11,1,4,,D,"There's like four triangles, a square, a rhombus."
11,1,5,,D,"To me, this looks like an angel looking towards the bottom left."
11,1,5,,D,Um... Square head.
11,1,5,,D,Rhombus arms.
11,1,5,,D,Rhombus body.
11,1,6,,D,"Okay, someone is sitting down with their back facing the right, so like, yup."
11,1,7,,D,"Alrighty, this looks like a small square in the bottom left."
11,1,7,,D,But the main portion of it kind of looks like a swan.
11,1,7,x,D,Um...
11,1,7,,D,The small square that's in the bottom left is touching at a point like the base of a triangle.
11,1,7,,D,A right triangle.
11,1,7,x,D,Um...
11,1,7,,D,"And then that triangle is attached to, well, I guess, another triangle."
11,1,7,,D,That's a right triangle.
11,1,7,,D,"In, like, the middle."
11,1,7,x,D,And then there's...
11,1,7,,D,"Uh, like a rhombus, sort of."
11,1,7,,D,"And, like, and then, like, a rectangle."
11,1,7,,D,In the upper right.
11,1,7,,D,And then a right triangle in the upper-ish right.
11,1,7,x,D,Um...
11,1,7,x,D,"If you're asking questions, I can't hear you, just so you know."
11,1,7,x,D,"Okay, okay, that's fine."
11,1,7,x,D,How can I describe this?
11,1,8,,D,"This is, like, the only one that..."
11,1,8,,D,has a like distinct very small triangle that is touching but not really part of the bigger picture all right
11,1,8,,D,"Um, from top down, there is a diamond, and then a short, thin neck, and then a triangle that is facing, like, up towards the middle-ish."
11,1,8,,D,A decent-sized one.
11,1,8,,D,To the left of that triangle is a small triangle.
11,1,9,,D,"Okay, this is like a body, um, sort of like a one-eared rabbit, I guess."
11,1,9,,D,"It's, yeah."
11,1,9,,D,Um...
11,1,10,,D,This looks animalistic facing the left.
11,1,10,,D,Sort of like a pony with a tail.
11,1,10,,M,Is it standing still or prancing?
11,1,10,x,D,Say that again?
11,1,10,,M,Is it standing still or is it prancing?
11,1,10,,M,Describe the bottom.
11,1,10,,D,"Yeah, I- okay, the legs are not on the same level."
11,1,11,,D,"Okay, this kind of looks like, uh, a right triangle that has a head and bunny ears."
11,1,11,,D,"Um, facing the right."
11,1,11,x,D,Okay.
11,1,12,,D,This looks like a human who is dancing.
11,1,12,,D,"Uh, with one leg on the floor and the other leg not clearly visible."
11,1,12,,D,"They are wearing, like, a skirt."
11,1,12,,D,"Um, and they have, like, their arms facing the right."
11,1,13,,D,"This kind of looks like someone is kneeling down, but, um, like, not just, like, bending down, like, their entire, like, all of their shins are actually on the floor, yeah."
11,1,14,,D,"Alrighty, um, this person has very distinct feet."
11,1,14,,D,They're both facing the left.
11,1,14,,D,"One of them is in the air, one of them is flat on the floor."
11,1,15,,D,"Um, like upside down L, pretty much."
11,1,16,,D,okay this is kind of like uh previous one like the kneeling down but their shins are like not on the floor 
11,1,17,,D, um this is like the house with the chimney
11,1,17,,D,"Like, barn door."
11,1,17,x,D,Okay.
11,1,18,,D,"This one is, like, animalistic, but just barely."
11,1,18,,D,"Um, like, it looks like it has, like, four legs on the ground, sort of."
11,1,18,,D,"Uh, facing the left."
11,1,18,x,E,My back is killing me.
11,1,18,,E,I need a minute.
11,1,18,,E,Okay.
11,1,18,,E,Yep.
11,1,18,,E,Thank you.
11,1,18,,E,Yep.
11,1,18,,E,Yep.
11,1,18,,E,Alright.
11,1,18,,E,Hello.
11,1,18,,E,Hi.
11,1,18,,E,so you
11,1,18,,E,.
11,1,18,,E,.
11,1,18,,E,.
11,1,18,,E,Bye.
11,1,18,,E,so so
11,1,18,,E,Thanks for watching!
11,2,1,,D,This looks like a person with their arms in the air.
11,2,1,,D,"Uh, diamond head."
11,2,1,,D,Slanted backwards.
11,2,1,x,M,What?
11,2,1,x,M,I did not mean to press that button.
11,2,2,,D,This one looks like the pony prancing of the art level.
11,2,2,,D,One is higher than the other.
11,2,2,,M,Pony prancing?
11,2,2,x,M,"I don't, oh, I think my remote was upside down."
11,2,2,x,M,Apologies.
11,2,3,,D,"Um, diamond heads, um, square-like body with a triangle cut out at the bottom, triangular tail pointing down on the mid-last."
11,2,3,,D,"The bottom left, you got a triangle pointing to the left corner."
11,2,3,x,M,"Okay, can you describe the cut out shape again?"
11,2,3,,D,It's a triangle pointing to the right on the bottom side.
11,2,3,,M,"Okay, and what's at the top?"
11,2,3,,D,"We still have a diamond at the top, a big triangle pointing right below that, a small triangle pointing down on the left side, not connected to the main body."
11,2,4,,D,We have a house with a chimney with the arrow on top.
11,2,5,,D,This person is sitting down against a wall slumped over from the basic left.
11,2,5,,D,A foot in the left corner pointing slightly up.
11,2,6,,D,This is the person kneeling over with their shins not fully on the ground.
11,2,7,,D,"Um, this is a person running about to kick a ball, but you can't see their back leg."
11,2,7,,D,"Um, grabbing the top, a arrow pointing down at the bottom right corner."
11,2,7,,D,"Um, looks like they have a flag around their waist."
11,2,7,,D,"Um, I think he was driving, yeah, as a dancing person with a skirt."
11,2,8,,D,"This one looks like a cone, like a landline cone hanging off of a triangle on the left side."
11,2,8,,D,Landline phone.
11,2,8,,D,Or a C hanging off of a triangular bounce on the left side.
11,2,8,,M,"Is the triangle, like, only touching one point?"
11,2,8,,D,"The triangle is... Oh, oh, okay."
11,2,8,,M,I think I might see it.
11,2,8,,M,"Is there, like, a diagonal, like, left direction?"
11,2,8,x,D,Okay.
11,2,8,,D,"Triangle, left diagonal."
11,2,8,,D,"And is there, like, a large cutout thing in the... Bottom left and top right."
11,2,8,,D,"Large triangle in the left corner, bottom left corner."
11,2,8,,D,Pointing to the top right corner with the left diagonal.
11,2,9,,D,upside down L
11,2,10,,D,The hot mess with four triangles around us in an item.
11,2,11,,D,A person looking up.
11,2,11,,D,"With both feet pointing left, one foot is raised."
11,2,11,,D,they're looking up yeah their head is like on the right side looks like they're looking up or looking at something that they're holding is there a right triangle in the bottom left corner uh no okay
11,2,11,,D,The bottom has two triangular people pointing left.
11,2,11,,D,"Um, one foot is raised."
11,2,11,,M,Is there like a square in the top right?
11,2,11,x,D,Yeah.
11,2,12,,D,Why are you sitting down?
11,2,12,,D,"Two ears, his head is pointing downwards."
11,2,12,,D,It's a big right triangle in the bottom left corner pointing left.
11,2,13,,D,"This is the one-eared bunny looking downwards, reading a book or looking at something in their head."
11,2,14,,D,This is the cactus or totem or radio tower.
11,2,15,,D,This is the egg with the square on top.
11,2,15,,D,The figure eight?
11,2,15,,D,"Yup, with the square on top."
11,2,16,,D,"Um, animalistic but not quite."
11,2,16,,D,Both feet on the same level.
11,2,16,,D,"Um, facing left."
11,2,17,,D,"Um, swan with two triangles pointing down."
11,2,17,,D,Looks like it's on top of the water.
11,2,17,,D,"Um, facing right."
11,2,17,,M,Is it like the beak is facing down?
11,2,17,,M,Yeah.
11,2,18,,M,"Both shins on the ground, kneeling, reading a book."
11,2,18,,M,Diamond head.
11,2,18,x,E,That was good.
11,2,18,x,E,Indeed.
11,2,18,,E,Okay.
11,3,1,,D,"Alrighty, person sitting down facing the left with a square head, feet off."
11,3,2,,D,The animalistic one.
11,3,3,,D,"Alrighty, uh, facing the left, two feet, but one of them is off the floor."
11,3,4,,D,It's a hot mess.
11,3,5,,D,okay um the like diamond thin neck big triangle facing the right so up from at the top is like a diamond yeah
11,3,6,,D,"Um, like, the shins not quite on the floor."
11,3,6,x,M,What?
11,3,6,,D,"Like, they, like, kneeling, but, like, the shins aren't, like, all the way down."
11,3,6,x,M,Gotcha.
11,3,7,,D,the like farmhouse 
11,3,8,,D,the one ear bunny reading a book
11,3,9,,D,Upside down L
11,3,10,,D,"Um, kneeling all the way, like, chin down."
11,3,11,,D,"Uh, like, the galloping horse."
11,3,12,,D,Cactus.
11,3,13,,D,Two-eared bunny facing the right.
11,3,14,,D,Square on top of figure eight.
11,3,15,,D,The angel facing bottom left.
11,3,15,,D,Square head.
11,3,15,,D,Rhombus arms.
11,3,16,,D,okay the swan that's like touching the little triangle 
11,3,17,,D, um like missing the back leg square head
11,3,18,,D,"Okay, Landline Telephone."
11,3,18,x,E,"Uh, fine."
11,3,18,x,E,Bye.
11,3,18,x,E,Hi.
11,4,1,,D,"Person slumped over on the ground, looking to the bottom left."
11,4,2,,D,Figure 8 with a square on top.
11,4,3,,D,Swan with a bottom left triangle.
11,4,4,,D,Cactus.
11,4,4,,M,"Oh, cactus."
11,4,4,,M,Sorry.
11,4,5,,D,"Um, animalistic meat on ground."
11,4,6,,D,Angel with wings looking up.
11,4,6,,D,It's looking up?
11,4,6,,D,Or right.
11,4,6,,D,The square head.
11,4,6,,D,The one that you just grabbed as an angle.
11,4,6,,D,Okay.
11,4,7,,D,Upside down L
11,4,8,,D,"Two feet, one off the ground."
11,4,8,,D,Looking left.
11,4,8,,M,One leg off the ground?
11,4,8,,D,Yep.
11,4,9,,D,Kneeling all the way.
11,4,10,,D,Landline.
11,4,11,,D,"Uh, diamond with the right triangle."
11,4,12,,D,Hot mess.
11,4,13,,D,"Um, one-legged dancer."
11,4,14,,D,"House with a silo, corner, top."
11,4,15,,D,Bunny slumped over.
11,4,15,,D,Two ears.
11,4,16,,D,"One ear, Bunny."
11,4,17,,D,Galloping pony.
11,4,18,,D,On the ground.
11,4,18,,D,Machines all crouched over.
11,4,18,x,E,Okay.
11,5,1,,D,A galloping pony.
11,5,2,,D,Square on top of figure eight.
11,5,3,,D,Two-eared bunny.
11,5,4,,D,Partially kneeling.
11,5,5,,D,"Um, slumped over facing left."
11,5,6,,D,Angel.
11,5,7,,D,Dancer with one leg missing
11,5,8,,D,Landline
11,5,9,,D,Hot mess.
11,5,10,,D,barn house 
11,5,11,,D,diamond on top of big triangle
11,5,13,,D,Facing and kicking to the left.
11,5,13,x,M,Repeat that.
11,5,13,x,M,"Like, what do you say?"
11,5,13,x,M,Repeat it.
11,5,13,,D,"Yeah, like two feet, kicking to the left."
11,5,14,,D,Fully kneeling.
11,5,15,,D,Upside down owl.
11,5,16,,D,Swan.
11,5,17,,D,One Ear Bunny 
11,5,18,,D,Animalistic
11,5,18,x,E,Yes.
11,5,18,x,E,Thank you.
11,6,1,,D,One-eared bunny.
11,6,1,,M,One-eared bunny?
11,6,1,x,D,Yep.
11,6,2,,D,Whole kneel
11,6,2,x,M,One more time.
11,6,2,,D,Both shins on ground.
11,6,3,,D,Galloping horse.
11,6,4,,D,Upside down L
11,6,5,,D,hot mess.
11,6,6,,D,Angels.
11,6,7,,D,Landlines.
11,6,8,,D,partial kneel
11,6,9,,D,Cactus.
11,6,10,,D,Swan
11,6,11,,D,One-legged dancer
11,6,12,,D,Diamond and triangle.
11,6,13,,D,Eight with a square.
11,6,14,,D,Barnhouse.
11,6,15,,D,Two Legged Dancer.
11,6,16,,D,Two-eared buddy.
11,6,17,,D,Animalistic.
11,6,18,,D,Sitting on the floor.
11,6,18,x,E,yeah okay
11,7,1,,D, One ear bunny.
11,7,2,,D,Landline.
11,7,3,,D, uh okay facing the right two feet its feet are triangles long thin body that's a whale
11,7,4,,D, ugh it's like fallen angel um like legs on floor but torso's up
11,7,5,,D, Hip-hop vibes pedestrian.
11,7,6,,D,Sitting down llama.
11,7,6,,D,Or chair.
11,7,7,,D, Rhombus on the bottom left.
11,7,7,,D,A little triangle in the bottom right-ish.
11,7,7,,D,The closest thing to the top left corner is a square.
11,7,7,,D,The closest thing to the top right corner is a triangle.
11,7,8,,D, Partially kneeling.
11,7,8,x,M,Repeat that.
11,7,8,,D,"Uh, like, half kneeling."
11,7,8,x,M,Gotcha.
11,7,8,x,M,Uh...
11,7,9,,D," Okay, sort of like someone at a podium."
11,7,9,,D,"Um... Like, the podium part's on the left, the person part's on the right."
11,7,9,,D,Diamond head.
11,7,9,,D,Just a point.
11,7,9,,M,"Oh, I heard podium, not podium."
11,7,9,x,M,My bad.
11,7,9,x,M,No worries.
11,7,10,,D,Barnhouse.
11,7,11,,D," Uh, UFO with a diamond on top."
11,7,11,x,D,Um...
11,7,12,,D,"Fat person, diamond head, facing the right."
11,7,12,x,D,Uh...
11,7,12,x,D, The cu- yeah.
11,7,13,,D,Two-eared bunny.
11,7,14,,D, Dancer with one leg.
11,7,15,,D,Animalistic.
11,7,16,,D, Barnhouse with big chimney.
11,7,17,,D,Galloping pony.
11,7,18,,D, Angel.
11,7,19,,D,"Like, a horse facing left with no front legs."
11,7,19,x,M,What?
11,7,19,,D, Kind of like a horse facing the left that doesn't have front legs.
11,7,19,x,M,Oh.
11,7,19,x,M,"Oh, yeah."
11,7,19,x,M,Uh...
11,7,19,,M,Okay.
11,7,20,,D," The most unique part of this is, like, a rectangular-ish shape that is, like, not on the right diagonal, but, like, 30 degrees on the right diagonal, if that makes sense."
11,7,20,,D,"There's a triangle facing the bottom right, and a triangle that's facing the left that's slightly angled down."
11,7,20,,D," Um, a square."
11,7,21,,D,Completely kneeling.
11,7,22,,D," Okay, like, sitting and facing the right square head, there is a neck."
11,7,23,,D,Um... Cactus?
11,7,24,,D, square on top of figure eight.
11,7,25,,D,"Okay, it's like a hot mess on the left, but very clean on the right."
11,7,25,,D, A trapezoid with the longer part facing the left.
11,7,26,,D,Upside down L.
11,7,27,,D,uh ice skater
11,7,28,,D,swan
11,7,28,x,D, Um...
11,7,29,,D,The foot facing the wrong way.
11,7,29,x,D,Square...
11,7,30,,D,"Sorry, diamond on top of big... Yeah."
11,7,31,,D, Hot mess.
11,7,31,,M,Um... Like a ghost?
11,7,32,,M," The three triangles at the top, two of them facing away, one facing up."
11,7,33,,M,trapezoid upside down with two rhombuses
11,7,34,,M,um kind of looks like the pope facing the left um arm is out square head and neck
11,7,34,,M," On the right, there's no triangle part, but on the left there is a little triangle part."
11,7,35,,M, Sitting down facing left.
11,7,36,,M,Two-leg dancer.
11,7,36,x,E, Okay.
11,7,36,x,E, Yeah.
11,7,36,x,E,OK.
12,0,1,,D," Okay, so what I see is a square slightly rotated at the top, probably about 45 degrees."
12,0,1,,D,and three parallelograms so like one really big one right under the square and then two parallelograms kind of like reflected
12,0,1,,D,they kind of look like arms so it's like if you imagine a person waving up so it's like two parallelograms as their arms and
12,0,1,,D,then you've got a big one kind of like a body and then the head is like a slightly rotated um square and the head is like
12,0,1,,D, It's not directly at the center of the big parallelogram.
12,0,1,,D,So it's kind of leaning or it's kind of closer to the left.
12,0,1,,D,"So think of it like two arms going up and then like the body, but then the head is closer to like the left."
12,0,1,x,M,I don't know if that made sense.
12,0,1,x,D,Okay.
12,0,1,x,M,"Wait, wait, wait, wait."
12,0,1,x,M,We're like trying to narrow down.
12,0,1,x,M,Let's see.
12,0,1,,M," Okay, so you said the head is to the left?"
12,0,1,,D,"Yeah, so it's like slightly rotated and it's like it'll be closer to your left."
12,0,1,,D,"So there's like two parallelograms that are like arms, I guess, and the head will be closer to the left parallelogram."
12,0,1,x,M,Okay.
12,0,1,,D,Does it look like its arms are kind of raised up?
12,0,1,x,D,A little louder.
12,0,1,x,D,I can hear you.
12,0,1,x,M,"Oh, sorry."
12,0,1,,M,Does it look like the arms are raised up?
12,0,1,x,D,"Yeah, it's like"
12,0,1,,D, Think of it like they're yelling hooray or something and they have both their arms up.
12,0,1,x,M,Okay.
12,0,1,x,M,Yeah.
12,0,1,x,M,Yeah!
12,0,1,x,M,Yeah!
12,0,2,,D,"Okay, so the top is like a triangle with the long side of the triangle facing right."
12,0,2,,D," and the, like, pointy end of it at the left, and it's..."
12,0,2,,D,"So it's, like, it's vertical."
12,0,2,x,M,Okay.
12,0,2,,D,"And then right under that is, like, a bigger triangle, but this one isn't vertical."
12,0,2,,D,"The hypotenuse is, like... How do I describe this?"
12,0,2,,D,"It's, like, diagonal."
12,0,2,,D,"So it's, like, a small triangle, and then a bigger triangle that kind of looks like the body, then there's..."
12,0,2,,D, A rectangle right under it.
12,0,2,,D,"Everything is kind of vertical, I'd say."
12,0,2,,D,And then all the way at the bottom is like a trapezoid.
12,0,2,,M,Does it look like a person reading a book?
12,0,2,x,D,Low key.
12,0,2,x,D,"Yes, yes, yes."
12,0,2,x,D,"Low key, yeah."
12,0,2,x,D,Okay.
12,0,2,,D,"Yeah, book."
12,0,3,,D,"Okay, so this is fully symmetric."
12,0,3,,D, It's a trapezoid with the longer side on the top and the shorter side at the bottom.
12,0,3,,D,And then there's like two parallelograms on top of it.
12,0,3,,M,Does it look like a crab?
12,0,3,,D,"Yes, a crab."
12,0,3,x,D,I am not doing this right.
12,0,4,,D,"Okay, this is like a guy..."
12,0,4,,D," He's like walking, like casually walking."
12,0,4,,D,"So it's like, his feet are like two triangles."
12,0,4,,M,"Wait, does it look like his arm is pointed to the left?"
12,0,4,x,M,Oh gosh.
12,0,4,x,M,Oh no.
12,0,4,x,M,It accidentally pressed it.
12,0,4,x,M,I meant to press the different thing.
12,0,4,x,M,I'm so sorry.
12,0,4,x,D,You're good.
12,0,5,,D,"Okay, this looks like a dog."
12,0,5,x,D,"Wait, wait, don't click yet."
12,0,5,x,D,Um.
12,0,5,,D, The dog and its feet are lined up.
12,0,5,,M,So one of the feet could be a trapezoid and the other one a parallelogram?
12,0,5,x,D,"Yes, yes, yes."
12,0,5,x,M,I'm so scared of pressing the wrong button.
12,0,5,x,D,"No, no, you got it."
12,0,5,x,D,There we go.
12,0,5,x,D,Yes.
12,0,5,x,D,"Oh, sorry."
12,0,5,x,D,Okay.
12,0,5,x,D," Um, all right."
12,0,5,x,D,Sorry.
12,0,6,,D,"The head is a square that is, like, at 45 degrees."
12,0,6,x,D,"So, like, um, how do we describe it?"
12,0,6,,D,"The bottom is, like, a triangle."
12,0,6,,D,"It's, like, two triangles with a rectangle at the center."
12,0,6,,M,Upside down Christmas tree.
12,0,6,x,D,"Uh, I can't hear you."
12,0,6,,M,Upside down Christmas tree.
12,0,6,x,D," I don't think it looks, maybe."
12,0,6,,D,"Wait, no, it doesn't really look like a Christmas tree."
12,0,6,,M,"Okay, so it's not that one."
12,0,6,,D,"So the head is like a diagonal square, I guess."
12,0,6,,D,And then I think there's a diagonal square right under it.
12,0,6,,D,Triangle on the right.
12,0,6,,D,Rectangle under the second diagonal square.
12,0,6,,D,And then the bottom part of it is like pretty...
12,0,6,,D, Relatively wide.
12,0,6,,D,So it's like maybe someone is like kneeling down is the best way to put it.
12,0,6,x,M,I don't know.
12,0,6,x,M,Okay.
12,0,6,x,D,Take a guess.
12,0,6,,M,"So the person who's kneeling, would you say that their feet are in the air or that their feet are firmly planted beneath their skirt?"
12,0,6,,D,Their feet are kind of in the air.
12,0,6,x,D,Okay.
12,0,6,x,D, Yeah!
12,0,6,x,D,Sorry.
12,0,7,,D,"Okay, it's another person-like thing, but it's like definitely running, but it only has one foot."
12,0,7,x,M,"Oh, that's hilarious."
12,0,7,,D,And it's like a skirt.
12,0,7,x,D,Let's see.
12,0,7,,D,It looks like they're running.
12,0,7,,D, Like very fast.
12,0,7,,D,But there's one foot.
12,0,7,,D,And it's like the foot that's forward.
12,0,7,x,M,We are killing this.
12,0,7,x,M,Yeah.
12,0,7,x,M,"Oh, geez."
12,0,7,x,M,Okay.
12,0,8,,D,It's like a person.
12,0,8,,D,So there's like the square head.
12,0,8,x,D,Okay.
12,0,8,,D,But then the bottom is like a rectangle with like a very...
12,0,8,,D,thin trapezoid under it so like maybe it's like a guy at he's like giving a speech
12,0,8,,D,so he's like at one he's at like that uh what's it called like he's standing in front of a behind a pillar or something and he's like giving a speech out to a bunch of people
12,0,8,,D,so that's kind of what it looks like
12,0,8,,M,okay his body is literally just a rectangle but like a thin one right
12,0,8,,D,yeah but then like the bottom is like a fat rectangle so it kind of looks like a pedestal
12,0,8,,D,i don't know and the bottom is just a thin trapezoid
12,0,8,,M,so i've narrowed it down to two okay um
12,0,8,,M,does it could you make the argument that it looks like a toilet or a garage wait
12,0,8,,M,yeah yeah sure the toilet or the graduate
12,0,8,,D, Toilet or what?
12,0,8,,M,Toilet or graduate?
12,0,8,,D,"Uh, I think toilet."
12,0,8,x,D,Okay.
12,0,8,x,D,Yeah!
12,0,9,,D,"Oh, it's, it's like a dude on a, on a, on a plane, but it's like, it's like a paper plane, um,"
12,0,9,,D," There's like a little, what's it called?"
12,0,9,,D,You know the thing on the back of the plane that like makes it aerodynamic and stuff?
12,0,9,,M,The tails?
12,0,9,x,D,"Yeah, yeah."
12,0,9,,D,There's like a triangle.
12,0,9,,D,It's like a triangle tail.
12,0,9,,D,But it looks like it's not sticking on to the rest of it.
12,0,9,,D,It's probably like very close.
12,0,9,,D,"The body of the plane is like, it's a trapezoid."
12,0,9,,D,And it looks like there's a guy kind of kneeling his head down
12,0,9,,D,on the plane and then yeah
12,0,9,x,M,easy what in the world we got this
12,0,10,,D,okay this is definitely a house i think that should be all you need it's literally a house with like a chimney looking thing yeah
12,0,11,x,D, What the?
12,0,11,,D,"Uh, this is weird."
12,0,11,,D,"Um, the top is like two triangles."
12,0,11,x,D,Okay.
12,0,11,,D,"Uh, yeah, and then the body is like another triangle with a rectangle under it."
12,0,11,,D,There's a parallelogram under the- yeah.
12,0,11,x,D,Um...
12,0,12,,D,okay there's a head that is like the rotated square but this one doesn't really look like a person
12,0,12,,D,okay because it's it's really wide the bottom
12,0,12,,D,is like a trapezoid and the top is also like a trapezoid of the body and the middle is like a massive square yeah
12,0,13,,D, This one's really simple.
12,0,13,,D,So it's like a person again.
12,0,13,,D,So there's the head tilted.
12,0,13,,D,"Right under that, there's a triangle."
12,0,13,,D,"Under that, there's a rectangle."
12,0,13,,D,"And the bottom is like, it looks like two trapezoids like flip so that the longer ends line up."
12,0,13,,D,And then all the way at the bottom is like the shorter side of the trapezoid.
12,0,13,,D, It looks pretty simple.
12,0,13,,D,"Maybe it's like someone's sitting, but like sitting facing you."
12,0,13,x,D,Oh golly.
12,0,13,,D,The body is literally just a rectangle.
12,0,13,,D,And there's nothing really like protruding right or left.
12,0,13,x,D,Not much.
12,0,13,,M,Is it giving like ghosty graduate energy?
12,0,13,,D,Kind of?
12,0,13,,D,um it's it's really simple like you could probably classify as like four shits so like square on top trapezoid rectangle and then trapezoid trapezoid
12,0,13,,M,trapezoid rectangle trapezoid trapezoid okay so that's definitely not it
12,0,13,,M,repeat that
12,0,13,,M,okay so you said square head
12,0,13,,D,yeah square head then it's like uh uh it's like a very it's a trapezoid it's not a triangle but like the top part of the trapezoid is pretty thin so it low-key looks like a triangle
12,0,13,,M,oh my gosh okay we're so looking at the wrong one
12,0,13,,D," And under that, it's just like a big rectangle."
12,0,13,,D,"Think of someone facing you and sitting on like a seat, but without the seat."
12,0,13,,D,And this guy doesn't have any legs.
12,0,13,,M,"Wait, but it's like, is it a trapezoid at the top or a square?"
12,0,13,,D,"It's a square, but right under the square."
12,0,13,,D,"It's like a very, it's a trapezoid right under the square."
12,0,13,,D, This should not be this hard.
12,0,13,x,D,Wait.
12,0,13,,D,"Wait, but the trapezoid under the square, it's like, the top part of it is, it's like small."
12,0,13,,D,It's very small.
12,0,13,,D,"So it's almost like a triangle, but I don't think it's a triangle."
12,0,13,x,M,"Okay, we're doing process of elimination at this point."
12,0,13,x,M,Okay.
12,0,13,x,M,"Okay, okay."
12,0,13,,M,"So, you said square, trapezoid,"
12,0,13,x,M, Yeah.
12,0,13,,M,What's the next thing?
12,0,13,,D,"It's a big, big square slash rectangle."
12,0,13,,D,"And then it's way, it's a parallelogram under that."
12,0,13,,D,It's not a trapezoid.
12,0,13,,D,Square trapezoid rectangle parallelogram flipped trapezoid.
12,0,13,,D,And it looks simple.
12,0,13,,D, like compared to the other ones.
12,0,13,,M,"See, because the only simple, oh my gosh, okay, wait."
12,0,13,,M,"So there's one that looks like it's a square, triangle, triangle, and then a weird parallelogram."
12,0,13,,M, But that's too much.
12,0,13,,M,Going from top to bottom.
12,0,13,,M,"But then if I look at the simplest one here, it reminds me of a giraffe."
12,0,13,,M,But that's not what you're describing at all.
12,0,13,,D,I don't think it's a giraffe.
12,0,13,x,D,Okay.
12,0,13,,M,"So then the next simplest one that I see, it's like, it looks kind of like a submarine with a square on top of it."
12,0,13,,D, Is the square on top rotated?
12,0,13,,M,Yes.
12,0,13,,D,"Okay, no, no, no."
12,0,13,,D,"It's not that one, no."
12,0,13,,D,Okay.
12,0,13,,M,"So then the next simple one that I see, it's almost like they have their hands up in the air, but they're laying on their back."
12,0,13,,D,"It looks like, okay, you know those murder outlines?"
12,0,13,,D,"It looks like that, but like for a ghost."
12,0,13,x,D,I don't think it's that one.
12,0,13,x,D,Okay.
12,0,13,,D,They're definitely laying down.
12,0,13,x,M," Process of elimination, we got this."
12,0,13,,M,"Okay, so the next simple one I see, no, that's not it, because you said it has a square at the top."
12,0,13,x,D,Which one is this?
12,0,13,,M,"Okay, the bottom, like the bottom of the picture, the lowest shape is a trapezoid."
12,0,13,,M,And you said it looks like they're sitting?
12,0,13,,M,"Well, okay, think of it like it's a trapezoid."
12,0,13,,M, And the longer side of the trapezoid is like a parallelogram.
12,0,13,,M,There's one on top of it.
12,0,13,,M,Like a parallelogram right on top of it.
12,0,13,x,M,We are guessing.
12,0,13,x,M,"Oh, you've got to be kidding me."
12,0,13,x,M,It was the one I thought of.
12,0,13,x,M,That's devastating.
12,0,13,x,M,Sorry.
12,0,13,x,M,"It was ghosty, dude."
12,0,13,x,M,Okay.
12,0,14,,D,This is a big parallelogram up top.
12,0,14,,D," Then at the bottom left of the parallelogram, there's a little rectangle going down."
12,0,14,,M,Security camera?
12,0,14,x,D,What?
12,0,14,,M,Does it look like a security camera?
12,0,14,,M,Yeah.
12,0,14,x,M,Nice.
12,0,14,x,M,Nice.
12,0,15,,D,Tank.
12,0,15,x,D,Oh.
12,0,15,,D,Tank one.
12,0,16,,D, yay okay this is like a swan it's it's like a swan and then the bottom left is like a triangle that is like kind of separated from the rest of it yeah
12,0,17,,D," This is like a person kneeling down, maybe to like give a prayer or something."
12,0,17,,D,And their feet are not sticking out.
12,0,17,,M,We talked about this one.
12,0,17,x,D,"Okay, we love the recall."
12,0,18,,D,This is the house with a big chimney.
12,0,18,,D,Massive chimneys.
12,0,19,,D," Okay, the bottom is a big rectangle."
12,0,19,,D,Then there's a narrow rectangle on the left side of this big rectangle on top.
12,0,19,,D,"And then the absolute top is like a, yeah."
12,0,20,,D,"It's like, it's a weird, weird rabbit."
12,0,20,,D, with like two triangle ears up top.
12,0,20,,D,"It's, yeah, it's like two."
12,0,20,x,M,Okay.
12,0,20,x,M,"Oh, we need it."
12,0,21,,D,It's a guy like sitting down.
12,0,21,,D,He looks a little sad.
12,0,21,,D,"He's like, he's sitting facing the left."
12,0,21,,D,So his like legs are out.
12,0,21,x,D, What the?
12,0,21,x,D,"Okay, it's weird."
12,0,22,,D,It's a triangle on the left.
12,0,22,,D,"Maybe you can think of it like a seesaw, but it's like a tilted seesaw."
12,0,22,x,D,Okay.
12,0,22,,D,Basically just take a seesaw and put it like 45 degree angle.
12,0,22,,D,"And on the seesaw, yeah."
12,0,23,,D," Okay, this might be like a squirrel or something."
12,0,23,,D,It's some kind of animal.
12,0,23,,D,The head is a triangle.
12,0,23,,D,There's like a tail on it.
12,0,23,,D,There's definitely a tail.
12,0,23,,D,The feet are both triangles.
12,0,23,,M,That's a squirrel?
12,0,23,x,M," Okay, my bad."
12,0,23,x,M,"Um, okay."
12,0,24,,D,This is a dude.
12,0,24,,D,He looks like he's holding an upside-down triangle.
12,0,24,x,M,"He has, like... Oh, shoot."
12,0,24,x,M,Now I didn't mean to press it!
12,0,25,,D,"Um, it's a guy."
12,0,25,,D,"He has, like, his arms out."
12,0,25,,D," His arms aren't up, but they're kind of to the right and to the left."
12,0,25,x,M,Okay.
12,0,25,x,M,Yeah.
12,0,25,,D,"His feet are behind it, but they're poking out of the left side."
12,0,25,,D,It kind of looks like there's a missing area in his body because it's like a triangle.
12,0,25,,D,One of his arms is like a triangle.
12,0,25,,D, So there's like a little white space in it.
12,0,25,x,D,Okay.
12,0,25,,M,Does it look like the person who's doing yoga?
12,0,25,,D,"A little bit, yeah."
12,0,25,x,D,What?
12,0,25,x,M,No.
12,0,25,x,M,No.
12,0,25,x,M,I'm sorry.
12,0,25,x,M,You're good.
12,0,25,x,M,Okay.
12,0,25,x,M,This is...
12,0,26,,D,"It's a guy, but it could be..."
12,0,26,,D,it could be something else
12,0,26,,D,um it looks like so his head is a trapezoid and it looks like it might be like a monster like tramp trampling around
12,0,26,,D,and it looks like he's holding like a fat a flag
12,0,26,,D,oh okay the flag is like he's like carrying it over his shoulder
12,0,26,,D,he's definitely like trampling around making a mess
12,0,26,,D,yeah his feet are both trapezoids
12,0,26,,M," Okay, so this person, do they have a wide stance?"
12,0,26,,D,Wide stance?
12,0,26,,D,They're walking to the left.
12,0,26,,D,Walking to the left.
12,0,26,,D,"And one of their feet is like up, like it looks like it's about to come, it's coming down."
12,0,26,,M,"Okay, and so you said square, and then immediately below that, is it a parallelogram?"
12,0,26,,D," Uh, where do you see the square?"
12,0,26,,M,"Um, like, it's the shape that's at the top, like, the highest one."
12,0,26,,D,The top right?
12,0,26,,M,"No, just, it's the highest one."
12,0,26,,M,"Uh... Yeah... And then immediately attached to it, it's like..."
12,0,26,,D,"It's like, it's a square?"
12,0,26,,D," But then to the left of the square, there's also a trapezoid, and they're kind of on level."
12,0,26,x,M,Okay.
12,0,26,,D,"They're both, like, not straight, though."
12,0,26,,D,"They're both, like, slightly tilted."
12,0,26,,M,Does it look like... Is the head facing the right?
12,0,26,,D,"Uh, the head is facing the left."
12,0,26,,D,"It honestly, like, doesn't look like a guy."
12,0,26,,D,"It looks more like, uh, some kind of creature."
12,0,26,x,M,"Oh, gosh."
12,0,26,,D,"With, like, a pointy beak."
12,0,26,x,D,Nice.
12,0,26,x,D,Nice.
12,0,26,x,D," Like, think, yeah, yes."
12,0,27,,D,"Um, think of a guy, but he has a tail."
12,0,27,,D,"And the tail, at the end of the tail, it's like a triangle."
12,0,27,,D,"Oh, his body is two massive triangles."
12,0,27,,M,Does it look like he's doing yoga?
12,0,27,,D,"Uh, you could consider that, yeah."
12,0,27,x,D,There we go.
12,0,27,x,D, OK.
12,0,28,,D,This guy is at graduation.
12,0,28,,D,He's got his arms out in front of him.
12,0,28,,D,"His feet are just a trapezoid, a thin trapezoid."
12,0,28,x,M,Yeah.
12,0,29,,D," Okay, this is a guy running to the left."
12,0,29,,D,There shouldn't be any other ones that look like that.
12,0,30,,D,This is like a symmetric upside down Christmas tree.
12,0,30,x,M, I've been waiting for this one.
12,0,30,x,M,Okay.
12,0,31,,D,"This is, it doesn't really look like a person."
12,0,31,,D,"The top is a square, but it's not like on anything."
12,0,31,,D,The two farthest right
12,0,31,,D, shapes are both triangles.
12,0,31,,D,But one is at the bottom one is like near the top.
12,0,31,,D,The bottom left is a flat like parallelogram.
12,0,31,,D,"And then the main like, I guess body is more rectangular."
12,0,31,,D,But I guess it could be a parallelogram.
12,0,31,x,D,Okay.
12,0,31,,M, So you said the first shape is a square?
12,0,31,,D,The top.
12,0,31,,D,"It's like the top middle is a square, but it's not super connected to anything."
12,0,31,,D,So it's kind of like hanging out on its own.
12,0,31,x,D,Oh my gosh.
12,0,31,,D,And then the bottom is like a relatively big parallelogram.
12,0,31,x,D, And then the far...
12,0,31,x,D,I think this will help.
12,0,31,,D,The far to right objects are both like separated triangles.
12,0,31,,D,Square that's not connected to anything.
12,0,31,x,D,What's that?
12,0,31,,D,You said it's a square that's not connected to anything?
12,0,31,,D,It's touching...
12,0,31,,D,a parallelogram but like barely I think look for two triangles that are like barely connected to the rest of the figure
12,0,31,,D,and they're both to the far right one is near the bottom one is near the top
12,0,31,,D,okay on the right side
12,0,31,x,M, Oh my gosh.
12,0,31,x,M,Nina.
12,0,31,x,M,"Oh no, that was close."
12,0,31,x,M,That was a hot.
12,0,31,x,M,That's on me.
12,0,32,,D,"Okay, this one kind of looks like a flower or diamond or something."
12,0,32,,D,More like a flower.
12,0,32,,D,So it's like a few triangles and then like a bigger triangle in the center.
12,0,32,x,D,"And then the bottom is like, yeah."
12,0,33,,D,uh this is a guy facing to the right so his arms if you consider them arms they're like out
12,0,33,,D,and then one of his legs is like contorted a little bit backwards so it looks like he's doing like a little break dance move or something
12,0,34,,D,um this one looks like it's some kind of aircraft up in the air
12,0,34,,D,it's like a guy in this guy sitting down there's a lot of triangles
12,0,34,,D,um i think it's the only one that looks like any kind of like aircraft
12,0,34,,M,okay could you say that the bottom portion kind of looks like a fox or like some sort of animal
12,0,35,,D, um like sort of so the bottom is like a parallelogram and a triangle oh yeah that does look like a cactus this looks like a cactus
12,0,35,,D, Sort of.
12,0,35,,D,It's very narrow and tall.
12,0,35,x,M,Say less.
12,0,35,x,M,"As soon as you said cactus, I knew."
12,0,35,x,M,Oh.
12,0,36,,D,Think of like maybe it's like it's an animal that is like very
12,0,36,,D,it's very long in like the diagonal direction
12,0,36,,D,so its feet are like at the bottom right but its head is at like the top left
12,0,36,,D,okay yeah um
12,0,36,,D,maybe a camel
12,0,36,,D,i don't know i don't know how to describe this one but
12,0,36,,M,yeah okay
12,0,36,,D,head top left feet bottom right
12,0,36,,M,okay is the head a trapezoid or a triangle
12,0,36,,D,triangle
12,0,36,x,D, Okay.
12,0,36,,M,"And it doesn't have any arms, right?"
12,0,36,,D,No arms.
12,0,36,x,E,Yeah.
12,0,36,x,E,We gave our heart and soul to that performance.
12,0,36,x,E," Could you make her a little louder, possibly?"
12,0,36,,E,Okay.
12,0,36,,E,Okay.
12,0,36,,E, okay chit chat all right
12,0,36,,E, Okay.
12,0,36,,E, Okay.
12,1,1,,D,"Okay, so this is the one that looks like a person at graduation, not the one that looks like a toilet."
12,1,1,x,M,Yeah.
12,1,1,x,M,Okay.
12,1,1,,D,Head is the square that's rotated.
12,1,1,,D,"It looks as though the person is standing behind a podium, so that portion that's pointing to the left-hand side."
12,1,1,,M,So is it like his hands are out to the left?
12,1,1,x,D,Yeah.
12,1,1,x,D,Okay.
12,1,1,x,D,"And the little trap, yeah, there we go."
12,1,2,,D,"Okay, so this is the person that is walking to the right."
12,1,2,,D,It's kind of giving Minecraft zombie thing.
12,1,2,,D,Both arms are pointing right.
12,1,2,,D,You can even make an argument that it has a little backpack.
12,1,2,,D,"The bottom feet are triangles, but like small ones."
12,1,2,x,M,Got it.
12,1,2,x,M,Yeah.
12,1,2,x,M,Yeah.
12,1,3,,D,"Okay, so this is our breakdancing person."
12,1,3,,D,"Again, with that one right leg that's like stretched out versus the left one that's bent inwards."
12,1,3,,D,"So the left foot is like a trapezoid connected to, I guess you could call it a parallelogram."
12,1,3,,D,I don't know what shape that is.
12,1,3,,D,"But then on the right side, you have that longer parallelogram."
12,1,3,,M,Is it like the breakdancing one?
12,1,3,x,D,Yeah.
12,1,3,x,M,Okay.
12,1,4,,D,"Okay, so this is our one with the really, really wide face."
12,1,4,,D,"Again, with the head, you have a thin trapezoid on the bottom."
12,1,4,,D,"Both points are facing the right-hand side versus the left-hand side is just the straight edge of that really, like, wide shape."
12,1,4,,M,"Wait, so the head is flat?"
12,1,4,,D,It's like the same square head as all of them.
12,1,4,,D,It's just this is the one with the widest body.
12,1,4,x,M,Okay.
12,1,4,x,M,There we go.
12,1,5,,D,"Okay, so this is our ghost looking off in the distance graduate where you have the square attached to..."
12,1,5,,D,I don't even know how to break that shape up.
12,1,5,,D,"Oh, a pentagon."
12,1,5,,D,And then another weird polygon that's kind of drifting off to the right.
12,1,5,,D,There are no outside edges that you could use for arms for this.
12,1,5,,M,There's no arms?
12,1,5,,D,No arms.
12,1,5,,M,And is it like a person or no?
12,1,5,,D,I can make an argument that it's a person.
12,1,5,,D,I think it looks like a graduate sitting down facing something.
12,1,5,,D,"But like, if that makes any sense."
12,1,5,,D,How else to describe this?
12,1,5,,M,"Is the, does it have like a head or no?"
12,1,5,,D,Yeah.
12,1,5,,M,Like a squirt?
12,1,5,x,D,Yes.
12,1,5,x,D,Yes.
12,1,5,x,D,Okay.
12,1,5,x,D,Yeah.
12,1,5,x,D,There we go.
12,1,6,,D,This is the one that looks like a flower.
12,1,6,x,M,Okay.
12,1,7,,D,This is the one that I think looks like a person doing yoga.
12,1,7,,D,"You have the head, the two triangle arms."
12,1,7,,M,The one leg that's also a triangle that's kicked backwards?
12,1,7,x,D,"Yeah, got it."
12,1,8,,D,"Uh, this is the house."
12,1,8,x,M,Okay.
12,1,9,,D,This is the one with the rectangle base and then the rectangle on the left hand side that's really thin.
12,1,9,x,M,Yeah.
12,1,10,,D,"Okay, so I think this looks like a crab,"
12,1,10,,D,"but it's ultimately just three shapes, two parallelograms, one on the left-hand side, one on the right-hand side,"
12,1,10,,D,"connected to a trapezoid where the shortest side,"
12,1,10,,D,"or like the short horizontal side is on the bottom, and the parallelograms are attached to the long part."
12,1,10,x,M,Okay.
12,1,10,x,M,Okay.
12,1,11,,D,This is the camel without any arms.
12,1,11,x,M,OK. OK.
12,1,12,,D,So I'm going to start by describing this from the top down.
12,1,12,,D,"It starts with a head, like the squares that we've been talking about, and immediately connected to it is a triangle where its hypotenuse isn't connected to anything."
12,1,12,,D,It's that little right angle that's connected to the head.
12,1,12,,D,"To the left hand side, there's a trapezoid connected also to the head."
12,1,12,,D,"So you have the square and then connected at one point, which you could argue is the net."
12,1,12,,D,"You have a trapezoid pointing to the left hand side and a triangle also connected at that same point, pointing to the right hand side."
12,1,12,,D,I think it kind of looks like a person stretching their arms out while they're kneeled.
12,1,12,,M,But that's getting ahead of myself.
12,1,12,x,M,There it is.
12,1,13,,D,This is the toilet.
12,1,14,,D,"Oh, the submarine."
12,1,14,,M,"Wait, submarine?"
12,1,14,,M,Is that the tank one?
12,1,14,x,D,Yeah.
12,1,14,x,M,Okay.
12,1,15,,D,"Okay, this is the person walking to the left with one foot"
12,1,15,,D,stretched outwards to indicate that they're moving.
12,1,15,,D,"They only have one arm, which is a trapezoid that's pointing to the left-hand side."
12,1,15,x,M,Yeah.
12,1,16,,D,I don't even know how to describe this.
12,1,16,,D,"OK, we're starting from the top until I can figure out an image."
12,1,16,,D,"Again, this is a square."
12,1,16,,D,This is one of the ones that are more ambiguous in what it could be viewed as.
12,1,16,,D,"So then it's connected to a weird shape that if you break it down, it's like a trapezoid connected to a right triangle."
12,1,16,x,M,I got it.
12,1,16,x,M,"Oh, nice."
12,1,17,,D,"Okay, this is the person on an aircraft that kind of looks like a fox."
12,1,18,,D,The bunny person who's reading a book.
12,1,18,,D,Reading a book.
12,1,18,,D,It just has two triangles for ears.
12,1,18,,D,That's the most important part.
12,1,18,x,D,Okay.
12,1,18,,E,I think we won.
12,1,18,,E,We definitely won.
12,1,18,,E,Good.
12,1,18,,E,Okay.
12,2,1,,D,"Okay, so this is the head with two triangles under it."
12,2,1,,D,Yoga pose.
12,2,1,,D,One leg out.
12,2,2,,D,Breakdance.
12,2,2,x,M,Okay.
12,2,3,,D,Big parallelogram.
12,2,3,x,M,"Aw, crap."
12,2,3,,M,Just three shavings.
12,2,4,,D,Aircraft.
12,2,5,,D,"This is the guy facing to the right, but his body is just a big, big rectangle."
12,2,6,,D,This is the guy with his arms out.
12,2,6,,D,"He's like kneeling down, feet to the back."
12,2,6,,D,"One arm to the right, one to the left."
12,2,6,,D,"One arm to the right, one arm to the left."
12,2,6,,M,Is this the kneeling dude?
12,2,6,,D,"Yeah, his head is connected to two shapes."
12,2,6,x,D,There we go.
12,2,7,,D,This is the flower.
12,2,8,,D,This is the guy walking to the right.
12,2,8,,D,His feet are just two triangles.
12,2,9,,D,The house.
12,2,10,,D,"Um, this is the one with the two triangle ears up top."
12,2,10,,D,I think you said like reading a book.
12,2,11,,D,"Um, this is the really, really weird shape that you were talking about."
12,2,11,,D,The square...
12,2,11,,D,up top and then it's connected to a weird shape.
12,2,11,,D,There's two triangles to the right.
12,2,11,,D,Big parallelogram at the bottom.
12,2,12,,D,This is the guy walking to the left.
12,2,12,,D,Big stride.
12,2,13,,D,This is like the big rectangle with the thin rectangle on the left.
12,2,13,x,M,I am loving the shorthand.
12,2,14,,D,"This is the guy giving a speech, but not the toilet."
12,2,14,x,D,Sorry.
12,2,15,,D,"Uh, camel."
12,2,15,x,M,My favorite thing is that this has been labeled a camel and it looks nothing like it.
12,2,15,x,D,"Hey, it works, it works."
12,2,16,,D,"Oh, this is the guy with no arms, just sitting like facing you."
12,2,16,x,M,"Oh my gosh, we're like killing this!"
12,2,17,,D,"Uh, tank."
12,2,18,,D,Toilet.
12,2,18,x,M,"Wait, sorry?"
12,2,18,,D,"Toilet, guy, speech, or graduation."
12,2,18,,M,I just want to make sure you're saying toilet.
12,2,18,x,E,"Yes, I am."
12,2,18,x,E,Okay.
12,2,18,x,E,"Sorry, I was cutting out."
12,2,18,x,E,You're good.
12,2,18,x,E,Thank you.
12,2,18,x,E,Yeah.
12,2,18,,E,Yep.
12,3,1,,D,"Okay, this is the breakdancing guy."
12,3,1,x,M,Repeat that.
12,3,1,x,D,This is the breakdancing guy.
12,3,1,x,M,Okay.
12,3,2,,D,The house.
12,3,3,,D,The flower.
12,3,4,,D,The tank.
12,3,4,x,M,The what?
12,3,4,x,D,The tank.
12,3,4,x,E,Say that again.
12,3,4,x,E,I can't.
12,3,4,x,E,You're breaking it up.
12,3,4,x,E,Sorry.
12,3,4,x,E,It's the tank.
12,3,4,,E,"Oh, the tank."
12,3,4,x,E,Okay.
12,3,4,x,E,Got it.
12,3,5,,D,The person with their arms to their side or out in the air and they're kneeling.
12,3,5,x,M,Okay.
12,3,6,,D,The graduation person that's not a toilet.
12,3,7,,D,The camel.
12,3,8,,D,The person with the wide body?
12,3,8,,D,"Facing to the right, right?"
12,3,8,,D,"Like the two points on like the really large, I don't even know what shape it is, but the two points are facing the right."
12,3,8,x,M,Okay.
12,3,9,,D,The aircraft that looks kind of like a fox.
12,3,9,x,M,Let's see.
12,3,10,,D,"The rectangle base, the thin rectangle to the left, and then the trapezoid."
12,3,10,x,M,Yes.
12,3,11,,D,The toilet.
12,3,12,,D,The rabbit.
12,3,13,,D,The yoga person.
12,3,14,,D,The weird shape that we have yet to give shorthand to.
12,3,15,,D,"Okay, the person who's sitting away from you with no arms."
12,3,16,,D,The person who's walking in a hurry towards the left.
12,3,17,,D,The person who is walking to the right with triangle feet.
12,3,18,,D,And the crab.
12,3,18,x,E,Nice.
12,3,18,x,E,Yo.
12,3,18,,E,No.
12,3,18,,E,Yeah.
12,3,18,,E,Yeah.
12,3,18,,E,Okay.
12,3,18,,E,Okay.
12,3,18,,E,"Yeah, of course!"
12,3,18,,E,"Uh, yeah."
12,4,1,,D,Rabbit.
12,4,2,,D,Toilet.
12,4,3,,D,Crab.
12,4,4,,D,Camel.
12,4,5,,D,"This is the big rectangle, thin rectangle to the left trapezoid."
12,4,5,,D,We need to find a name for that one.
12,4,5,,M,Factory.
12,4,6,,D,Aircraft.
12,4,6,,D,Aircraft.
12,4,7,,D,Guy walking to the left.
12,4,7,,D,Big stride.
12,4,7,x,D,There it is.
12,4,8,,D,house
12,4,9,,D,"Guy walking to the right, two triangle feet."
12,4,10,,D,The weird one.
12,4,11,,D,"Uh, yoga."
12,4,12,,D,"Uh, flower."
12,4,13,,D,"Uh, break dancing."
12,4,14,,D,This is the guy kneeling down.
12,4,14,,D,Two shapes under the head.
12,4,15,,D,Tank.
12,4,15,,D,Tank.
12,4,16,,D,This is the no toilet.
12,4,16,,M,No toilet or is a toilet?
12,4,16,,D,Not the toilet one.
12,4,17,x,D,This is the
12,4,17,,D,Guy with the big body and the two things facing right.
12,4,18,,D,This is the no hands guy.
12,4,18,x,E,Easy wins.
12,4,18,x,E,Easy.
12,4,18,x,E,Yeah.
12,5,1,,D,A graduate that's not a toilet.
12,5,1,,M,The toilet or not?
12,5,1,,D,Not a toilet.
12,5,2,,D,The person kneeling with their arms stretched out.
12,5,3,,D,The camel.
12,5,3,x,M,Let's see.
12,5,4,,D,"The person walking to the left, big strides."
12,5,5,,D,Yoga.
12,5,6,,D,Aircraft.
12,5,7,,D,The rabbit.
12,5,8,,D,Breakdancer.
12,5,9,,D,Factory.
12,5,9,x,M,What's that?
12,5,9,x,D,The factory.
12,5,9,x,M,"Oh, okay."
12,5,10,,D,Wide body.
12,5,11,,D,"Loving this, the house."
12,5,12,,D,The flower.
12,5,13,,D,The crab.
12,5,14,,D,The toilet.
12,5,15,,D,A tank.
12,5,15,x,M,tank?
12,5,15,x,D,Yeah.
12,5,15,x,M,Okay.
12,5,16,,D,"Uh, sitting down, no arms."
12,5,18,,D,Person walking to the right.
12,5,18,x,E,Ugh.
12,6,1,,D,uh house
12,6,2,,D,"Uh, kneeling down, arms out."
12,6,3,,D,Breakdance
12,6,4,,D,Rabbit.
12,6,5,,D,"Uh, weird one."
12,6,6,,D,"Uh, tank."
12,6,7,,D,"Uh, factory."
12,6,8,,D,"uh, flower"
12,6,9,,D,Aircraft.
12,6,10,,D,Camel.
12,6,10,x,M,That will never not be funny to me.
12,6,11,,D,Guy with no hands.
12,6,12,,D,Guy walking to the right.
12,6,13,,D,Guy walking to the left.
12,6,13,x,M,That's funny.
12,6,14,,D,"Um, the guy with the big body."
12,6,15,,D,"Uh, toilet."
12,6,16,,D,Not toilet.
12,6,17,,D,Crab.
12,6,17,x,M,Okay.
12,6,18,,D,Yoga.
12,6,18,x,E,That's fast.
12,6,18,x,E,It was.
12,6,18,x,E,"OK. OK, here we go."
12,6,18,x,E,Yep.
12,7,,,E," Uh, howls."
12,7,,,E,"Uh, kneeling down, arms out."
12,7,,,E, Brake stance.
12,7,,,E,Rabbit.
12,7,,,E," Uh, weird one."
12,7,,,E,"Uh, tank."
12,7,,,E,"Uh, factory."
12,7,,,E," uh, flower aircraft"
12,7,,,E, Camel.
12,7,,,E,That will never not be funny to me.
12,7,,,E,Guy with no hands.
12,7,,,E, Guy walking to the right.
12,7,,,E,Guy walking to the left.
12,7,,,E,That's funny.
12,7,,,E," Um, the guy with the big body."
12,7,,,E,"Uh, toilet."
12,7,,,E, Not toilet.
12,7,,,E,Crab.
12,7,,,E,Okay.
12,7,,,E, Yoga.
12,7,,,E,That's fast.
12,7,,,E,It was.
12,7,,,E," OK. OK, here we go."
12,7,,,E,Yep.
12,7,1,,D,Camel.
12,7,1,x,M," Wait, what?"
12,7,1,x,M,"Oh, I had my hands one button off."
12,7,1,x,M,Shit.
12,7,1,x,M,That's actually so based.
12,7,1,x,M,Oh my god.
12,7,1,x,M,"No, you're so good."
12,7,1,x,M,"I was like, where's the camel in the tank?"
12,7,2,,D,This is the wide-bodied one.
12,7,2,x,M,Okay.
12,7,2,x,M,"Oh, the streak is gone."
12,7,2,x,M,We still have the eight.
12,7,2,x,M,Okay.
12,7,3,,D, The house.
12,7,4,,D,The swan.
12,7,6,,D, The person walking to the left.
12,7,7,,D, The toilet.
12,7,8,,D,The flower.
12,7,9,,D,The tank.
12,7,9,x,M, The what?
12,7,9,x,D,The tank.
12,7,10,,D,The cactus.
12,7,11,,D,Person arguing.
12,7,11,,D,Their hands are in the air.
12,7,12,,D, person who's kneeling.
12,7,12,,D,It looks like they're praying but their feet are in the air.
12,7,13,,D,Same mindset except this time the feet are planted firmly on the ground.
12,7,14,,D, Break dancing.
12,7,15,,D,"Person with their arms stretched out, kneeling."
12,7,16,,D, Airplane.
12,7,17,,D,The weird scale.
12,7,17,,D,Seesaw.
12,7,17,,M,Seesaw?
12,7,17,x,D,Yeah.
12,7,17,x,D,Okay.
12,7,17,x,D,Okay.
12,7,18,,D, The person sitting down without any arms.
12,7,19,,D,This one looks like a house.
12,7,19,x,M,Okay.
12,7,20,,D, A person who looks like they're about to take a running start to go to the right.
12,7,20,,D,Their arm is a trapezoid that's kind of elevated.
12,7,20,,M,They're about to take a right?
12,7,20,x,D,What do you mean?
12,7,20,,M,Like they're facing...
12,7,20,,M,They're facing the right.
12,7,20,x,D,"Oh, okay."
12,7,20,x,D,Yeah.
12,7,20,,D,And they're the only ones that look like they're about to go into motion.
12,7,20,,D," It also kind of looks like, from the opposite direction, if you act as though it's facing the left, it looks like a penguin holding a flag."
12,7,20,,M,Is this like the monster one?
12,7,20,,D,"Kind of, yes."
12,7,20,x,M,"Okay, okay."
12,7,20,x,D,Yeah.
12,7,21,,D, This is the squirrel that does not look like a squirrel.
12,7,21,x,M,Okay.
12,7,21,,M,That's a squirrel.
12,7,22,,D,Rabbit.
12,7,22,,D,Rabbit.
12,7,23,x,D, How do I even describe that?
12,7,23,x,M,Is it weird?
12,7,23,,D,"It's weird, but not the one that we've been calling weird."
12,7,23,x,D,Okay.
12,7,23,,D,It looks like a parent holding the hand of a child.
12,7,23,,M,Are both the hands up?
12,7,23,x,D,Sorry?
12,7,23,,M,Are both the hands up?
12,7,23,,D," No, this one has zero arms."
12,7,23,,D,"The bigger one has the body of a triangle, and then attached to it is a square head."
12,7,23,,D,"But to the left side, if you pretend like they're holding hands, the head of the smaller one is a triangle."
12,7,23,,D,The hypotenuse is facing upwards.
12,7,23,,D,And then the foot is like a trapezoid.
12,7,23,,M, Does it look like they're holding a glass of wine or something?
12,7,23,,D,Yes.
12,7,23,x,M,Okay.
12,7,24,,D,This is the graduate that doesn't look like a toilet.
12,7,24,x,M,Okay.
12,7,25,,D," This one also gives rabbit energy, but not the rabbit that we've been saying."
12,7,25,,M,Rabbit 2.0?
12,7,25,,D,"Yeah, rabbit 2.0."
12,7,25,x,M,Okay.
12,7,26,,D,"The person who's sitting on the ground, their head kneeled."
12,7,26,x,M,There we go.
12,7,27,,D, Weird shape.
12,7,28,,D,Aircraft.
12,7,28,,D,But not our aircraft.
12,7,28,,M,Aircraft 2.0.
12,7,28,,D,Aircraft 2.0.
12,7,29,,D, Upside down tree.
12,7,29,,M,Upside down tree?
12,7,29,x,D,Yeah.
12,7,29,x,D,Okay.
12,7,30,,D,Security camera.
12,7,30,x,D,Okay.
12,7,31,,D,yoga
12,7,31,x,M,what is it
12,7,31,x,D,yoga
12,7,32,,D,uh it looks like a dachshund like a dog yeah
12,7,34,,D,a person walking to the right
12,7,34,x,M,oh okay
12,7,35,,D,a person kneeling to the left it looks as though they have a book and they have a little triangle on the top of their head okay
12,7,35,,M, Can we call this weird shape 2.0?
12,7,36,,D,"This is a head connected to a trapezoid that is pointing to the right, connected to another trapezoid, but this one is pointed to the left."
12,7,36,x,M,Okay.
12,7,36,,D,Then connected to another trapezoid.
12,7,36,,D, that the long side is facing the like the base of this photo and then a weird triangle connected yeah i don't even know what to call that
12,7,36,x,E, Okay.
12,7,36,x,E,Yeah.
12,7,36,x,E,Thanks.
12,7,36,,E,Yep.
12,7,36,,E,Okay.
12,7,36,,E, Okay.
12,7,36,,E,Yeah.
13,0,1,x,D, Sort of one.
13,0,1,,M,It looks like a dog?
13,0,1,,D,"No, uh, a cross."
13,0,1,,D,"It's kind of, uh, it's a long, almost rectangle shape in the middle and it has trapezoids sticking out on the right and left side."
13,0,1,,M,"Wait, a rectangle in the middle of what?"
13,0,1,,D, um it's a very long almost a rectangle um and on the left there's a trapezoid and on the right there's a trapezoid okay
13,0,1,x,M," Uh, okay."
13,0,1,x,M,So...
13,0,1,,M,"I wonder if I can just say... Oh, maybe it's a Venom... Maybe it's Venomized for you."
13,0,1,x,M,"Uh, it's..."
13,0,2,,D," So on the top of this figure, there's two little triangles sticking out, almost like rabbit ears."
13,0,2,,M,Two triangles?
13,0,2,,D,"Yeah, it's sticking out like rabbit ears."
13,0,2,,D,And it's holding a square.
13,0,2,,M,Does it kind of look like it's reading a book?
13,0,2,x,D,"Kind of, yeah."
13,0,2,x,D,What?
13,0,2,x,M,Yes.
13,0,2,x,M,I think I have it.
13,0,3,,D," Okay, it looks like a horse with a tail."
13,0,3,,D,So there's two shapes that kind of look like animals.
13,0,3,x,M,"Wait, can you talk louder?"
13,0,3,x,M,What?
13,0,3,x,M,Sorry.
13,0,3,,D,"There are two shapes that look like animals on the screen, probably."
13,0,3,,D,Maybe pick the one that looks like it has a tail.
13,0,3,,D,It kind of looks like a horse.
13,0,3,,D, The legs are trying to do it.
13,0,3,x,M,What?
13,0,3,x,M,I'm really trying.
13,0,3,x,M,"Sorry, that was an accident."
13,0,4,,D,It looks like an upside down Christmas tree.
13,0,4,x,M,Like what?
13,0,4,,D, It looks like an upside down Christmas tree.
13,0,4,,M,A house with a chimney?
13,0,4,x,D,No.
13,0,4,,D,Christmas tree.
13,0,4,,D,"Uh, it looks like an upside down tree."
13,0,4,x,M,Like what?
13,0,4,,D,It looks like a tree that is upside down.
13,0,4,,M,A tree that's upside down?
13,0,4,x,D,Yes.
13,0,4,x,D,Okay.
13,0,4,x,M, Okay.
13,0,4,x,M,Let me just figure out which one that is.
13,0,4,x,M,Okay.
13,0,5,,D,It looks like an animal.
13,0,5,x,M,Um...
13,0,5,,D,It has no tail.
13,0,5,,D,An animal that has no tail.
13,0,5,x,E,Okay.
13,0,5,x,E,Sorry.
13,0,5,x,E,Um...
13,0,5,x,E," I can hear better, but that was a mistake."
13,0,5,x,E,What?
13,0,6,,D,It looks like a flower.
13,0,6,x,M,Uh-huh.
13,0,6,x,M,Um...
13,0,6,x,M,"I think I got it, but..."
13,0,6,x,M,"Okay, so..."
13,0,7,,D, This looks like a person on the bottom of the shape.
13,0,7,,D,There are two small triangles next to each other.
13,0,7,,M,A what with a triangle?
13,0,7,,D,There are two small triangles at the bottom as his feet.
13,0,7,,D, It has a square head.
13,0,7,,D,It's just a normal square.
13,0,7,,D,It's not tilted or anything.
13,0,7,,D,Not a diamond.
13,0,7,,D,It's just a square.
13,0,7,x,M,Okay.
13,0,7,,M,Is it like a guy with a long nose wearing a top hat?
13,0,7,,D,"It could be that, yes."
13,0,8,,D," Okay, this one's a bit hard."
13,0,8,,D,"So, this shape is, if you imagine it to be humanoid, it's sort of slouched down on the ground."
13,0,8,,D,"There's a square as a head that's slightly tilted, not quite a diamond."
13,0,8,,D, There are two small triangles sticking out to the right side of the shape.
13,0,8,x,M,Uh-huh.
13,0,8,,D,"Yeah, I'm not sure how to describe it better."
13,0,8,x,M,What?
13,0,8,x,D,I'm not sure how to describe it better.
13,0,8,x,M,Can you just say that one more time?
13,0,8,,D," I'm just gonna say that, okay, on the right, there's two small triangles."
13,0,8,,D,"It has a head, it has a square forehead, slightly tilted."
13,0,8,,D,"It's not the one that looks like, it's not the one that looks like it's riding an animal."
13,0,8,,D,This shape is kind of like slouched down on the ground.
13,0,8,x,M," Oh, I see."
13,0,8,x,M,Okay.
13,0,9,,D,It's one of the shapes that looks like it's holding a square book.
13,0,9,,M,Holding the square book?
13,0,9,,D,Yeah.
13,0,9,x,D,Okay.
13,0,10,,D, This figure looks like it's kneeling and it's reaching its hands out.
13,0,10,,D,But there's also a triangle that kind of sticks out to the left for its feet.
13,0,10,,M,"Wait, so it has its hands out or its feet up or down?"
13,0,10,,D,The feet is like kind of upwards.
13,0,10,x,D,Okay.
13,0,11,,D, It kinda looks like it's holding a glass of wine and the head is a diamond.
13,0,11,x,M,It's falling what?
13,0,11,,D,The head is a diamond and it's holding a glass of wine.
13,0,12,,D, This shape looks like a person with a square head that's tilted downwards and it has like bunny ears.
13,0,12,x,D,What?
13,0,12,,D,This shape has bunny ears.
13,0,12,,D,There are two triangles sticking out of a tilted square and it looks like a rabbit.
13,0,12,x,M, Can you describe it one more time?
13,0,12,,D,It looks like a rabbit.
13,0,12,,D,Like a rabbit?
13,0,12,x,M,Yeah.
13,0,12,x,M,Okay.
13,0,13,,D, um this figure has a diamond head it's reaching out it's not quite kneeling it's like it's almost not quite what kneeling so it's not kneeling on the ground but it's like it's almost as if this shape
13,0,14,,D," Honestly, the shape looks like it's only two shapes."
13,0,14,,D,"So on the top, there's a diamond."
13,0,14,,D,"And as the body, it's a fractured rectangle."
13,0,14,x,M,Is what?
13,0,14,,D,It's a fractured rectangle for the body.
13,0,15,,D, It looks like a swan or a duck that's swimming.
13,0,15,,D,The feet is like a small triangle.
13,0,16,,D, This looks like a giraffe.
13,0,16,,D,"It has a really long neck, and the body is just a perfect rectangle."
13,0,16,x,M,The body is what?
13,0,16,,D,"It's a rectangle, so it could also look like a Loch Ness monster, but minimalist."
13,0,16,,M, Is it holding anything?
13,0,16,,D,No.
13,0,16,,D,It's just a long neck and then the body is just a rectangle.
13,0,16,,D,So it's an animal.
13,0,16,,M,It's like an animal?
13,0,16,,D,Yeah.
13,0,16,,D,With a long neck and a rectangle for the body.
13,0,16,x,M,Oh.
13,0,16,x,M,"Oh, I see."
13,0,16,x,M,Okay.
13,0,17,,D, This person looks like it's dancing.
13,0,17,,D,This one's a bit hard.
13,0,17,,D,It has a little triangle as a foot that's sticking out.
13,0,17,x,M,"Yeah, that's reasonable."
13,0,18,,D," Okay, so this looks like a kid that's riding an animal."
13,0,18,,D,The kid has a slanted square as the head.
13,0,18,,M,A kid that's riding an animal?
13,0,18,x,D,Yeah.
13,0,19,,D," Okay, this looks like a person that's speed walking or taking very long strides to walk."
13,0,19,,D,It has a diamond for the head.
13,0,19,,M,It has a diamond for the head and what?
13,0,19,,D,And it just looks like it's taking long strides as it's walking.
13,0,19,x,E, What?
13,0,19,x,E,It looks like it's walking.
13,0,19,x,E,It's boxing?
13,0,19,x,E,Walking.
13,0,19,x,E,Taking long strides as it walks.
13,0,19,x,E,What?
13,0,19,x,E,It's walking.
13,0,19,x,E,Can you spell that?
13,0,19,x,E, W-A-L-K. B-L-A.
13,0,19,x,E,W-A-L-K. W-A-L-A.
13,0,19,x,E,Wallet?
13,0,19,x,E,L-K.
13,0,19,,D,"Uh, it's moving using its feet."
13,0,19,,M,"Oh, walking."
13,0,20,,D, um this figure looks like it's leaning on its left leg and its right leg is stretched out okay
13,0,20,,M, Is its right leg up in the air?
13,0,20,,D,"No, it's sort of pointed to the ground."
13,0,20,,D,So it looks like two shapes combined.
13,0,21,,D, the left is an arrow pointing up and the right is like a little house and it's just merged okay
13,0,22,,D, I think this is one of the shapes that we accidentally pressed before.
13,0,22,,D,"Um, it kinda looks like a seahorse."
13,0,22,x,M,Um...
13,0,22,x,M,It's...
13,0,22,x,M,Uh...
13,0,22,,M,"Wait, so we've had it before?"
13,0,22,,D,I think you misplugged it.
13,0,22,,D,"I said it was like a horse, and it was like another animal."
13,0,22,x,D,Um...
13,0,22,,D, But it kind of looks like a seahorse.
13,0,22,,D,Or it also can look like a pair of sunglasses that's tilted.
13,0,22,x,D,Uh-huh.
13,0,22,x,D,"Yeah, I'm not sure how to describe it further."
13,0,22,,M,Does it have a head?
13,0,22,,D, I guess technically it's like a small triangle and it's kind of to the left of the figure.
13,0,22,x,D,Okay.
13,0,22,x,D,Oh.
13,0,23,,D," Uh, this straight up looks like an angel on the ground."
13,0,23,,D,So it has two triangles for wings.
13,0,23,x,D,Uh-huh.
13,0,23,,D,"Yeah, and it has a diamond head."
13,0,23,,M,It looks like a house?
13,0,23,,D,"No, it looks like an angel."
13,0,23,x,E,Like a what?
13,0,23,x,E,An angel.
13,0,23,x,E,A-N-G-L-E.
13,0,23,x,E, A-N-G-L-E.
13,0,23,x,E,Okay.
13,0,23,x,E,Oh.
13,0,24,,D," Um, this looks almost like a candle, or it's a person."
13,0,24,,D,"Um, this one's also really hard."
13,0,24,,D,"It looks like a person, but it also looks like a chair with a diamond on top."
13,0,24,x,M,"Okay, yeah, I see it."
13,0,25,,D, It looks like a claw.
13,0,25,x,M,Like a doll?
13,0,25,x,D,A claw.
13,0,25,,D,It looks like the letter C. The letter E?
13,0,25,,D,C.
13,0,25,,M, Capital or lowercase?
13,0,25,,D,I guess capital C. It's very tilted.
13,0,25,,D,And there's like a triangle that's connected to the back of the C.
13,0,25,,M,So there's a triangle?
13,0,25,,D,"Yeah, kind of."
13,0,25,,M,And it looks like a capital E?
13,0,25,,D,C. As in cast.
13,0,25,,D, The letters as in cat.
13,0,25,,D,The third letter of the alphabet.
13,0,26,,D, This one is also an angel figure with two diamonds kind of sticking out from the shoulders.
13,0,27,,D,It looks like a Hebrew letter.
13,0,27,,D," Also, the top is just a slanted rectangle."
13,0,27,,D,It's a slanted rectangle or rhombus.
13,0,28,,D, This one looks like a guy's in a boat that's a squished hexagon.
13,0,28,x,M,What?
13,0,28,,D,So the bottom of the figure is a hexagon.
13,0,28,,D,It's kind of like a flattened hexagon.
13,0,28,,D,Or it looks like a person in a boat.
13,0,28,,D, Or it looks like a diamond that's connected to an alien station.
13,0,29,,D,This looks like a depressed person with its perfect humanoid shape.
13,0,29,,D, um he's on the ground his knees are kind of like up uh like a club no no no no uh his knees are up so this guy is sitting down on the ground um okay and this guy is looking upwards
13,0,30,,D," Uh, this figure looks like it's ice skating, and it's feet is sticking out."
13,0,30,,D,"Um, it's hand-offs is sticking out."
13,0,30,,D,It's only on one bike.
13,0,30,x,D,Okay.
13,0,31,,D, This looks like a crab.
13,0,31,,D,It's one of the shapes we've seen before.
13,0,31,,D,I think you picked it on accident.
13,0,32,,D, This is another figure that looks like there's a kid riding a horse.
13,0,32,,D,The thing that's on the animal has a slanted rectangle and a square as the head.
13,0,32,,D,A rectangle and a square?
13,0,32,,D,"Yeah, that's the person on the horse."
13,0,32,x,D, for animals.
13,0,33,,D," Uh, this is a person that's holding out something, like a plate."
13,0,33,,D,"Um, it has a diamond head."
13,0,33,,D,"Is he facing, like, is he walking one way and pointing at something the other way?"
13,0,33,,D,"No, he's just standing."
13,0,33,,D,"And, yeah, he's just standing."
13,0,33,x,D,Um.
13,0,34,,D, uh this looks like a humanoid figure with just a diamond as the head i mean it kind of looks like it's just it looks like a shot of just the upper half of his body and he's just standing um
13,0,34,,D, I'm not sure how to describe it better.
13,0,34,,D,"I mean, I guess it looks like a diamond attached to a balloon or something."
13,0,35,,D, It looks like a humanoid figure and it's sticking out one of its legs up.
13,0,35,,D,It has a square that's kind of merged at the back of its neck.
13,0,36,,D, It looks like a house with a really long chimney to the right.
13,0,36,x,M,An olive with a what?
13,0,36,x,D,It's a house with a very long chimney on the right.
13,0,36,,D,So it's a very long rectangle connected to a house.
13,0,36,x,E," It did help some, yeah."
13,0,36,x,E,"I'll be honest, I kinda wanna pee, um, but... Are we doing, like, seven more trials of this?"
13,0,36,,E,It's fine.
13,0,36,,E,Oh.
13,0,36,,E,"Uh, I think I do need to go now, sorry."
13,0,36,,E, okay that sounds good to me okay
13,0,36,,E, Thank you.
13,0,36,,E, Bye.
13,0,36,,E, you you
13,0,36,,E, Peace.
13,0,36,,E, Thank you.
13,0,36,,E, back on.
13,0,36,,E," Testing, testing."
13,0,36,,E,"Yeah, I should be fine."
13,0,36,,E, Good.
13,0,36,,E,Yep.
13,0,36,,E, I think I can hear it a lot better already.
13,0,36,,E," Okay, sounds good."
13,0,36,,E, Thank you.
13,0,36,,E, Thank you.
13,0,36,,E, Thanks for watching!
13,0,36,,E, Hello?
13,0,36,,E, Hey!
13,0,36,,E, What is that noise for?
13,0,36,,E, Thanks for watching!
13,0,36,,E, Thanks for watching!
13,0,36,,E, Okay.
13,0,36,,E, Thank you.
13,0,36,,E, Okay.
13,0,36,,E,Sounds good.
13,1,1,,D,"Okay, so it's the one where it looks like the guy is walking."
13,1,1,,D,He's standing on his sort of right foot and he has like a little foot up to the left and he's sort of pointing to the left as well.
13,1,1,x,E,Okay.
13,1,1,x,E,How do I use these buttons again?
13,1,1,x,E,"Okay, so the first button that you're like pointer fingers on"
13,1,1,x,E,We'll put it to the left.
13,1,1,x,E,"Then the second button, we'll put it to the right."
13,1,1,x,E,"And the third button, you can click to select."
13,1,1,x,E,Yeah.
13,1,2,,D,"Okay, it's the one that sort of looks like a flower."
13,1,2,x,M,Yeah.
13,1,3,,D,It's the one that looks like a little kid riding a dog.
13,1,4,,D,"This one, I think you said it looks like a crab."
13,1,5,,D,"This one, it looks like a guy doing, like, yoga."
13,1,5,,D,"Like, he's leaning back over his left leg, and he has a really thick left leg and a thin right leg."
13,1,5,,D,And he's sort of pointing upwards.
13,1,5,x,D,Um...
13,1,5,,M,What do you mean by yoga?
13,1,5,,D,"Okay, um, his- he has, like, a thick, like, left leg that's made with two trapezoids."
13,1,5,x,D,Okay.
13,1,5,,D,And his head is a diamond.
13,1,5,,D,"And there's sort of, like, a bit of, like, a backwards C shape between, like, his leg and his head where he's sort of leaning over his leg."
13,1,5,,D,And then there's a triangle on the right
13,1,5,,D,and like a little diamond on the right also that sort of looks like an elbow to me.
13,1,5,x,M,"Okay, this is probably not right."
13,1,5,x,M,"Oh wait, I had that one."
13,1,5,x,M,Okay.
13,1,5,x,M,Sorry.
13,1,6,,D,"Okay, this one sort of looks like a whale."
13,1,6,,D,"It's just, like, a big square and then, like, a little tiny rectangle and then a little triangle on top."
13,1,7,,D,This one looks like a house.
13,1,7,x,D,Like...
13,1,7,,D,"With a hay bale on the side, or like a really long chimney."
13,1,7,x,M,Yeah.
13,1,7,x,M,Um...
13,1,8,x,D,It's like...
13,1,8,,D,"It has a little diamond head, but then the rest of it is sort of a shape, more than like a... More than like a body."
13,1,8,x,D,"Um, the, like..."
13,1,8,,D,"It's, like, most of a rectangle, and, like, there's right angles, like, most of a square on the left sides."
13,1,8,,D,"But on the right side, there's, like, a sort of jagged line instead of, like, more right angles."
13,1,8,x,M,Okay.
13,1,8,x,M,Okay.
13,1,8,x,M,"Okay, I just got the wrong note."
13,1,8,x,M,"Oh, okay."
13,1,9,,D,"Um, it sort of looks like he's sitting on, like, a toilet or he's a throne or something."
13,1,9,x,M,"Oh, that's a good description."
13,1,10,,D,"Um, this one is sort of, it's more of an animal than a person."
13,1,10,,D,"And it's sort of, like, diagonal."
13,1,10,,D,"Um, like he comes from like the top left corner down to the bottom right corner of his square."
13,1,10,,D,"Um, and he's just sort of like, he's got like a little triangle head and little triangle feet."
13,1,10,x,M,Yeah.
13,1,11,,D,"Um, instead of having a square for a head, he has two triangles and he looks like he's reading a book."
13,1,12,,D,"Um, he's got a diamond head and then, like,"
13,1,12,,D,"His body is sort of just like a mass, like he doesn't have any clear arms or shoulders or legs."
13,1,12,,D,He's just sort of like a guy.
13,1,12,x,M,Yeah.
13,1,13,,D,I think you said that this one looked like an angel.
13,1,14,,D,This one is the guy who kind of looks like he's wearing a top hat with a long nose and then two little feet that are triangles.
13,1,15,,D,"Um, it kind of looks like a boat or like a little like hat you make out of newspaper in elementary school with a diamond on top of it."
13,1,16,,D,"He's sort of standing on one leg with his back leg like kicked out, sort of almost like he's doing an arabesque in ballet."
13,1,16,x,M,Yeah.
13,1,17,,D,He's standing on...
13,1,17,,D,one leg again and sort of pointing backwards.
13,1,17,,D,He's sort of pointing to the right.
13,1,17,x,M,Yeah.
13,1,18,,D,He sort of looks like he's holding a plate or something on his left side.
13,1,18,x,E,Yay!
13,1,18,x,E,Good.
13,1,18,,E,"Yeah, it's good."
13,1,18,,E,Okay.
13,1,18,,E,Thank you.
13,2,1,x,E,Awesome.
13,2,1,,D,"Um, he said it looks like a house with a long rectangle to be like a chimney or a hay bale."
13,2,1,x,M,Gotcha.
13,2,2,,D,"Uh, this is the guy with the tuxedo hat."
13,2,2,,M,Two hats?
13,2,2,,D,"The, uh, tuxedo hat."
13,2,2,x,M,Oh.
13,2,2,x,M,"Sorry, I didn't say that fair enough."
13,2,3,,D,"Uh, this guy is the one that's walking, and its left leg, its left foot is, like, picked up."
13,2,3,x,M,Um...
13,2,3,x,M,"But it's like, yeah."
13,2,4,,D,This one is the one that we called Angel.
13,2,4,x,M,OK.
13,2,5,,D,"Uh, this one was the paper boat with the diamond on top."
13,2,5,x,M,Yeah.
13,2,6,,D,"Uh, this one is the one you said it looked like a whale."
13,2,6,x,M,"Uh, this one is the one that's, uh..."
13,2,7,,D,It was doing that ballet move that you were talking about.
13,2,7,x,M,"Uh... Oh, yeah."
13,2,8,x,D,"Uh, this is the one that, uh..."
13,2,8,,D,"I guess I said it looked like a dove, but oops."
13,2,8,x,M,"Oh, sorry."
13,2,8,x,M,"Oh, okay."
13,2,8,x,M,"That was an accident, but yeah."
13,2,8,x,M,Awesome.
13,2,9,,D,This is the kid that's driving an animal.
13,2,10,,D,"This is the one you said, it looks like a diagonal, it's an animal shape, but it's almost diagonal, with a small triangle as its face."
13,2,11,,D,"This one is the one on the toilet, I think you said."
13,2,11,x,M,On the what?
13,2,11,x,D,On the toilet.
13,2,11,x,M,"Boy, change."
13,2,11,x,M,"Oh, yeah, yeah, yeah, yeah, yeah."
13,2,12,,D,This one you said it looks like it was holding out a plate or a dish.
13,2,13,,D,this one is the one that uh instead of having a diamond for a head it has two heads uh two little triangles and it's holding with the book
13,2,14,,D,"I think he said it was basically, it's kind of like leaning on one leg and one right leg is like stuck out."
13,2,14,,D,Almost as if it's like pulling out like a disco dance move.
13,2,14,x,M,Let me know how that goes.
13,2,15,,D,"Uh, it looks like a flower."
13,2,15,x,M,Okay.
13,2,15,x,M,Um...
13,2,15,x,M,It's just like what you said.
13,2,15,x,M,It was like...
13,2,16,,D,"The head is a diamond, and then its body is like..."
13,2,16,,D,yeah i mean sure there's shoulders but the arms aren't doing anything it's just a body
13,2,16,x,D,pushing
13,2,17,,D,okay and then this one is similar to the last one except it's like the body is like a square on the left but on the right it's like a jagged line
13,2,18,,D,And then this one is the one that you said was doing what the dog done doing.
13,2,18,x,E,Awesome.
13,2,18,x,E,Nice.
13,2,18,x,E,Good job.
13,2,18,x,E,You too.
13,2,18,x,E,Cool.
13,2,18,,E,up.
13,2,18,,E,It's okay.
13,2,18,,E,Okay.
13,2,18,,E,up.
13,2,18,,E,It's okay.
13,2,18,,E,Okay.
13,2,18,,E,It's okay.
13,2,18,,E,Okay.
13,2,18,,E,It's okay.
13,2,18,,E,Okay.
13,3,1,,D,It's the one who is riding a little animal.
13,3,1,,D,The kid riding an animal.
13,3,2,,D,This one is the guy holding the plate.
13,3,3,,D,This is the house.
13,3,4,,D,The dude who just has shoulders and no arms.
13,3,5,,D,"Um, the guy who's kind of doing like a yoga type thing with his elbow up."
13,3,5,x,M,Yeah.
13,3,6,,D,"Um, this guy is standing on his left foot with his right foot back."
13,3,6,,D,"Sort of up off, like, he's like dancing, I think you said."
13,3,6,x,M,Yeah.
13,3,7,,D,"Um, the diagonal animal."
13,3,7,x,M,Okay.
13,3,8,,D,"Um, this is the guy who's kind of walking."
13,3,8,,D,"Um, is the buff one kind of pointed up?"
13,3,8,x,M,"Yeah, exactly."
13,3,8,x,M,"Exactly, yeah."
13,3,9,,D,This is the ballet guy.
13,3,10,,D,It's the guy in the top hat.
13,3,11,,D,Our friend the crab.
13,3,12,,D,The whale.
13,3,13,,D,"Um, the angel."
13,3,14,,D,The guy with two triangles instead of a diamond for a head who's holding a book.
13,3,14,x,M,Yeah.
13,3,15,,D,"Um, the guy on the toilet."
13,3,16,,D,The flower.
13,3,17,,D,The little boat with the diamond on top.
13,3,18,,D,And the guy whose left side is sort of a square and his right side is sort of a jaggedy thing.
13,3,18,x,E,Woohoo!
13,3,18,x,E,"Yeah, you too."
13,3,18,,E,"Yeah, it's good."
13,3,18,,E,Good.
13,3,18,,E,How was the head movement there?
13,3,18,,E,Okay.
13,3,18,,E,Yeah.
13,3,18,,E,Okay.
13,3,18,,E,Bye.
13,4,1,x,M,Okay.
13,4,2,,D,"Uh, this is the guy walking on the left, but picked up."
13,4,3,,D,This is the one with the head.
13,4,3,,D,"Instead of a diamond, it's two heads and it's holding a book."
13,4,3,x,M,Okay.
13,4,4,,D,And this is the whale.
13,4,4,x,M,Okay.
13,4,5,,D,"This is the diagonal animal that's, I would say, placed for a triangle."
13,4,5,x,M,Yeah.
13,4,5,,M,Right there.
13,4,6,,D,"This is the person, a diamond head, and the left side is a square, and the right side"
13,4,8,,D,It's the house.
13,4,8,x,M,OK.
13,4,9,,D,It's the person that's holding a white towel to the left.
13,4,9,x,M,OK.
13,4,10,,D,It's the crab.
13,4,10,x,M,Okay.
13,4,12,,D,"Um, this is the guy, uh, down in front of the bed, and he has shoulders, but no, uh, arms, nothing like that."
13,4,13,,D,"Uh, this is the toilet."
13,4,13,x,M,The what?
13,4,13,,D,"The toilet, or the chair."
13,4,13,x,M,"Oh, okay, yeah, yeah."
13,4,14,,D,"Uh, this is the yoga pose."
13,4,15,,D,This is the little character being an animal.
13,4,16,,D,This is the person doing like a disco dance thing.
13,4,17,,D,This is me testing their hats.
13,4,17,x,E,Let me see if you can respond to my voice for a moment.
13,4,17,x,E,Is that clear to you?
13,4,17,x,E,Yes.
13,4,17,x,E,"Then, make a note."
13,4,17,x,E,I think I had a bit more headbanging up there.
13,4,17,x,E,Sorry.
13,4,17,x,E,Yeah.
13,4,17,x,E,Yep.
13,4,17,x,E,Okay.
13,4,17,,E,Right.
13,4,17,,E,Okay.
13,4,17,,E,That makes sense.
13,5,1,,D,It's the diagonal animal.
13,5,2,,D,It's the guy with two triangles for a head.
13,5,3,,D,It's the ballet guy.
13,5,4,,D,It's the guy who's trying out a new dance move.
13,5,5,,D,It's the flower.
13,5,6,,D,It's the guy who's walking with his left foot up.
13,5,7,,D,It's the toilet.
13,5,8,,D,It's the little boat.
13,5,9,,D,It's the angel.
13,5,10,,D,It's the guy in the top hat.
13,5,11,,D,It's the house
13,5,12,,D,It's the whale
13,5,13,,D,It's the guy holding a plate
13,5,14,,D,It's the kid riding an animal.
13,5,15,,D,It's the crab.
13,5,16,,D,It's the guy whose left side is a square and right side is a jagged line.
13,5,17,,D,It's the guy with shoulders and no arms.
13,5,18,,D,It's the guy doing yoga.
13,5,18,x,E,Good.
13,5,18,x,E,Okay.
13,6,1,,D,"Um, it's the guy with the shoulders."
13,6,1,x,E,Okay.
13,6,1,x,E,"Oh, sorry."
13,6,1,x,E,"No, no problem."
13,6,1,x,E,"I always, like, think I'm clicking the second button, and I'm actually clicking the third one."
13,6,1,x,E,"No, mine's okay, too."
13,6,2,,D,"Um, this is the crab."
13,6,2,x,M,Okay.
13,6,3,x,E,This is the guy trying a new black screen.
13,6,3,x,E,"Um, my screen isn't loaded."
13,6,3,x,E,"Oh, now it is."
13,6,3,x,E,What is it?
13,6,3,x,E,"Uh, the guy trying a new black screen."
13,6,3,x,E,Okay.
13,6,4,,D,"Um, the angel."
13,6,4,x,M,Okay.
13,6,5,x,E,"Uh, this is the guy's website, and they swear that that is mine."
13,6,5,x,E,Okay.
13,6,6,,D,"Uh, this is the whale."
13,6,6,x,M,Okay.
13,6,7,,D,This is the gargantuan.
13,6,7,x,M,OK.
13,6,8,,D,This is the diagonal animal.
13,6,8,x,M,OK.
13,6,9,,D,This is the guy holding a plate.
13,6,9,x,M,OK.
13,6,10,,D,This is the guy with the hot hat.
13,6,10,x,M,Uh-huh.
13,6,11,,D,"Uh, this would be walking, guys."
13,6,11,,D,"The left foot, like that."
13,6,11,x,M,Yes.
13,6,12,,D,This is being capable.
13,6,12,x,M,"Oh, there."
13,6,13,,D,"Uh, the kid riding on the animal."
13,6,13,x,M,Okay.
13,6,14,,D,Is this the toilet?
13,6,14,,M,The flower?
13,6,14,x,M,"Oh, sorry."
13,6,14,,D,"No, the toilet."
13,6,14,x,M,Sorry.
13,6,14,x,M,"I think we must pronounce that word differently, because that's always the one that trips me up."
13,6,14,x,M,Makes sense.
13,6,15,,D,"Oh, now it's the phone."
13,6,16,,D,"OK. Oh, this is the house."
13,6,16,x,M,Yay.
13,6,17,,D,"Um, guy with two heads."
13,6,17,x,E,Okay.
13,6,17,x,E,Yeah.
13,6,17,x,E,Got you.
13,6,17,x,E,Last one.
13,6,18,,D,"Um, the yoga guy."
13,6,18,x,M,Okay.
13,6,18,x,E,I feel like we keep ending on the yoga guy.
13,6,18,x,E,"It does feel like that, doesn't it?"
13,6,18,,E,Okay.
13,6,18,,E,Yeah.
13,6,18,,E,"Of course, yeah."
13,6,18,,E,Okay.
13,7,1,,D, It's the diagonal animal.
13,7,2,,D,It's the house.
13,7,3,,D, This guy is sort of holding his arms up to the sky.
13,7,3,,D,And he's leaning to his left.
13,7,4,,D,He's sort of sitting and looking down.
13,7,4,,D, He's sitting with his legs facing the left.
13,7,4,,D,He's got sort of a hunchback.
13,7,4,x,M,Yeah.
13,7,4,,D,Or maybe he's looking up.
13,7,4,x,D,I don't know.
13,7,4,,D,I think you thought he was looking up.
13,7,4,x,D,Yeah.
13,7,5,,D,It's a house with an arrow.
13,7,5,x,D,That's it.
13,7,6,,D,what okay it's the crab
13,7,7,,D,um it sort of looks like a horse it has like a tail and a head that's facing the left
13,7,8,,D, It's another animal that's also facing the left.
13,7,8,x,M,"Yeah, I got it."
13,7,9,,D,It's the guy on the toilet.
13,7,10,,D,um this person sort of has a downward facing triangle on the bottom right
13,7,10,,D,um and they're sort of they've got arms that are pointing to the left and then another thing that's pointing or sorry arms are pointing to the
13,7,10,,D," Right below that, there's a thing pointing to the left, and right below that is a triangle, and then another triangle."
13,7,10,,D,"So it kind of looks like it's, like, sticking out with its arms out, or..."
13,7,10,x,D,"It, like, has..."
13,7,10,,D,"I guess it sort of has, like, its arms out, but in different directions."
13,7,10,,D,"And then a skirt, and then feet."
13,7,11,,D," Um, it sort of looks like it would be a letter in like a Greek or Hebrew alphabet."
13,7,12,,D,"Um, it's a guy holding wine."
13,7,12,x,M,Gotcha.
13,7,13,,D, It's the kid riding an animal.
13,7,14,,D,It's the guy whose left side is a square and right side is a jagged line.
13,7,15,,D," Um, it's the guy, it's sort of like holding a plate, but also kneeling."
13,7,15,,D,"Um, but not kneeling all the way."
13,7,15,,D,He's not all the way on the ground.
13,7,15,,D,He's just sort of hunched.
13,7,15,x,M,Okay.
13,7,15,x,M,Yeah.
13,7,16,,D,"Um, it's the guy in the top hat."
13,7,17,,D," Um, this guy sort of has one foot on the ground and one foot up, and his head is sort of rolling off his back."
13,7,17,x,M,Okay.
13,7,17,,M,Does it have a weird shape?
13,7,17,,D,It is a weird shape.
13,7,17,x,M,Okay.
13,7,17,x,M,Yeah.
13,7,17,,D,"Maybe he's a dinosaur holding a pickaxe, I don't know."
13,7,17,x,M,"Oh, that's a good one."
13,7,18,,D," Um, this is an animal that sort of looks like a duck facing right."
13,7,19,,D,"This is, I think, the thing you thought maybe looked like a seahorse."
13,7,19,,D,"Oh, uh... Or a telephone."
13,7,19,x,M,I don't know.
13,7,19,,M,A telephone's so much better.
13,7,19,x,M,Okay.
13,7,20,,D, This is the boat.
13,7,21,,D,"Um, this is the dancing dude."
13,7,21,,D,"Not the ballet guy, he's trying out a new dance move."
13,7,22,,D, The flower.
13,7,23,,D,"Um, he has like two ears."
13,7,23,,D,He looks like a bunny.
13,7,24,,D, The whale.
13,7,25,,D,The cactus.
13,7,26,,D,The guy holding a plate.
13,7,27,,D," Um, the guy riding a... Or a kid riding an animal."
13,7,27,,D,"Another kid riding a different animal, but..."
13,7,27,x,M,Okay.
13,7,28,,D,"Um, ballet dude?"
13,7,29,,D, The upside down tree.
13,7,30,,D,The angel.
13,7,31,,D, The walker.
13,7,32,,D,The guy with two heads.
13,7,33,,D, The guy who's kneeling.
13,7,33,,D,"Like, all the way kneeling."
13,7,33,,D,And holding something.
13,7,34,,D,The guy with just shoulders.
13,7,35,,D,the yoga guy
13,7,36,,D,and the guy who's reading a book with like a weird tuft of hair at the top okay
13,7,36,x,E, Good.
13,7,36,x,E," Okay, sorry."
14,0,1,,D, okay so the shape looks like um oh my gosh so there is a tiny little rhombus like a square um at the very top and it's tilted ever so slightly to the left and then underneath it it's um like
14,0,1,,D," a very jagged shape, almost like it looks like a cliff."
14,0,1,,D,It kind of looks like the rhombus or the square is pushing like a triangle off of a cliff.
14,0,1,x,M,What else?
14,0,1,,D,The triangle that it's pushing is kind of off to the right.
14,0,1,x,M,"And oh, I don't know."
14,0,1,,D,the bottom of the shape has like kind of a little triangle that's peeking out from the more the larger like geometric shape
14,0,1,,D,the little triangle kind of peeking out towards the left and it's sort of underneath like
14,0,1,,M,oh i'm so sorry i i didn't i'm i'm sorry okay sorry
14,0,1,x,E," Yeah, I can hear her."
14,0,1,x,E,What do I do?
14,0,1,x,E,Do I just listen and then wait for instructions?
14,0,1,x,E,Okay.
14,0,1,x,E,Okay.
14,0,1,x,E,Yeah.
14,0,1,x,E,We good?
14,0,1,x,E,Yeah.
14,0,2,,D," Okay, so this shape looks like basically kind of a person kneeling and putting their hands out in front of them, their hands are kind of facing to the right."
14,0,2,,D,"And so right, it's got like that diamond shape at the top, that's the head."
14,0,2,,D," And then they're kind of kneeling on the ground, and it looks like their legs are kind of sticking back up behind them."
14,0,2,,D,"And they've got their hands kind of out in front of them, like they're presenting something to the right of them."
14,0,2,,D,The left side of the shape kind of... Yeah.
14,0,3,,D," Okay, this one looks like a house with an arrow to the left of it."
14,0,3,x,M,Yeah.
14,0,3,x,M, Oh my gosh.
14,0,4,,D,"Okay, so this one, once again, has that diamond square shape at the top of it."
14,0,4,,D,It's pointing up and down.
14,0,4,,D,It's not tilted at all.
14,0,4,,D,"And then it kind of looks... Underneath it is... Oh my gosh, I don't even know how to describe it."
14,0,4,,D,"So the very, very bottom of the shape is a tiny triangle that's pointed downwards off to the right."
14,0,4,,D, And then that is kind of attached to a larger triangle pointing upwards.
14,0,4,,D,"The whole shape, I guess, kind of looks like somebody."
14,0,4,x,M,Yeah.
14,0,4,x,M,Great.
14,0,5,,D," Okay, this one looks like there is a diamond, and it's just on a cliff."
14,0,5,,D,"Like, it's the head shape that's kind of pointing, like, normally up and down, and then it's on, like, on top of just a geometric shape that looks like a cliff."
14,0,5,,D,"It's not, like, falling off the cliff or anything, but it's just..."
14,0,6,,D, okay this one kind of looks like a guy doing um martial arts almost so um you've got like the normal the the head shape right that that up that that vertical diamond piece and then um
14,0,6,,D,the bottom of it the that is on top of like a shape with it's got a like a trapezoidal piece sticking out to the right
14,0,6,,D,and there is a triangular cutout on the left um and on the right i guess there's there's like two triangular cutouts um
14,0,6,,D,"But yeah, so the left side of the shape is essentially it's like flat except for one triangular cut out"
14,0,6,,D,"and then the right side of a shape of the shape has like a longer, thinner piece kind of protruding from it."
14,0,6,x,D,Yeah.
14,0,7,,D," Okay, this one is kind of like the other one where the person was kneeling and pointing to the right, but it doesn't have the little piece sticking up on the left."
14,0,7,,D,"So it looks like a person facing to the right with their hands pointed out in front of them, but they're kind of squatting rather than, yeah, kneeling."
14,0,8,,D," Okay, this one looks like a person who is standing on just one leg and their other leg is kind of kicked out in front of them."
14,0,8,,D,The square little headpiece is tilted back to the right.
14,0,8,,D,And then they've also got...
14,0,8,,D," Like, I guess almost like their arms kind of sticking out in front of them and like down."
14,0,8,x,M,I don't know.
14,0,8,,D,So the right side of the shape has like the square on it and then like it's flat.
14,0,8,x,M,Yeah.
14,0,9,,D,"Okay, this one is a symmetrical shape."
14,0,9,,D,It kind of looks like a pine cone.
14,0,9,,D,It's got a flat square at the top and then like two triangular pieces.
14,0,10,,D," This one kind of looks like, I guess, a dog almost?"
14,0,10,,D,"It doesn't have a tail or anything, but it's got like a trapezoidal piece at the very top, "
14,0,10,,D,"and then like a neck that connects it down to a body, and then the front legs are trapezoidal, and then the..."
14,0,10,,D,I guess more like a parallelogram.
14,0,10,,D,"They're parallelograms, not trapezoids."
14,0,10,,D,But then the back legs is like two triangles stuck together.
14,0,10,x,M,Yeah.
14,0,11,,D, This one is also a symmetrical shape.
14,0,11,,D,It has the square pointing with like a corner pointing up to the top.
14,0,11,,M,"And then underneath it, it kind of looks like, I guess, almost like a hat?"
14,0,11,,D,Not really.
14,0,11,,D,"So it's symmetrical and underneath the little square pointing up is like a little, like a thinner piece."
14,0,12,,D," This one looks like a person holding like a wine glass or like a martini glass almost, I guess."
14,0,12,,D,So there's the very top of the shape has the square head that's pointing like up.
14,0,12,,D,And then there's also like a little triangle piece kind of holding off to the side.
14,0,12,x,M,Yeah.
14,0,13,,D," Okay, this one looks like a ghost."
14,0,13,,D,It's got the very top of it has like two kind of triangular cutouts.
14,0,13,,D,And so it kind of looks like it's raising its hands up a little bit.
14,0,13,,D,And then like the body gets thinner and kind of crooks out to the right.
14,0,13,,D,But so the top half of it is symmetrical.
14,0,13,,D,And then there's two kind of pieces that come off.
14,0,13,,D,There's one piece that comes off and then down to the right of it.
14,0,13,,D, It reminds me of a ghost.
14,0,13,x,D,I think I already said that.
14,0,13,x,D,"So, yeah."
14,0,13,,D,The bottom half kind of has like two parallelogram shapes almost.
14,0,13,,D,And then the top half has like what looks like two triangles stuck to like a house shape.
14,0,13,x,D,Yeah.
14,0,14,,D," This one looks like a tiny dog riding on top of a slightly larger dog, or I guess almost a horse."
14,0,14,,D,"So there's a little square and then a parallelogram, and those are on top of what looks like a horse kind of running."
14,0,15,,D, This one just looks like a baby kind of swaddled together.
14,0,15,,D,So it's got like that square that's pointed up towards the top and then its body is kind of just like a blob.
14,0,16,,D, This one looks like... kind of a fish wearing a top hat.
14,0,16,x,D,"But like, instead of it... or..."
14,0,16,,D,"Okay, so like, there's a flat square at the very top of the shape, and then the very bottom of the shape has two triangles kind of jutting off to the bottom."
14,0,16,,D,"And I guess, like, it looks like it's a fish with like a jetpack and a top hat on."
14,0,16,x,D,Yeah.
14,0,17,,D, This one looks like someone taking a step to their left and they've got like their hands kind of pushing out to the left too.
14,0,17,,D,It's got the head.
14,0,17,x,D,Yeah.
14,0,18,,D," Okay, this one looks like that little..."
14,0,18,,D,The diamond head shape on a pedestal.
14,0,18,,D,Or almost like a toilet.
14,0,18,,D,Like at the very top back part of a toilet.
14,0,18,,D,Or like a pedestal.
14,0,18,x,D,It's got...
14,0,19,,D," Okay, this one looks like a girl with a bow in her hair and she's sitting against something to her left and it's kind of got like her knees scratched up in front of her."
14,0,19,,D,So it's got two triangle pieces.
14,0,19,x,M,Awesome.
14,0,20,,D,This is a symmetrical shape.
14,0,20,x,D," Oh my god, I don't even know how to describe what it looks like."
14,0,20,,D,But it's got kind of like a trapezoid cut out from the top.
14,0,21,,D,"Okay, this one kind of looks like a swan laying an egg."
14,0,21,,D,Or a triangular egg.
14,0,21,,D,Or a triangular poop.
14,0,21,x,M,I don't know.
14,0,21,x,M,It's got...
14,0,22,,D, This one looks like a person sitting against something to their right and they've got their knees kind of scrunched up and their head tilted down towards their legs a little bit.
14,0,22,,D,You can kind of see their feet
14,0,23,,D, This one looks like a horse that doesn't have any front legs.
14,0,23,,D,"So it's got kind of a triangular head and then like two kind of trapezoids for a body and then a triangular like back feet, but it doesn't have any like front legs."
14,0,23,x,M,"Um, it's, uh, yeah."
14,0,24,,D," Okay, this one kind of looks like someone doing a dance, almost?"
14,0,24,,D,It's got a long flowy dress with a train out to the back.
14,0,24,,D,"It's got the head tilted way back and to the left, and there's a small triangle at the very bottom that's jutting out to the right."
14,0,24,,D,And then the rest of the bottom of the shape looks like a long train on a dress.
14,0,25,,D," Okay, this one kind of looks like a shrimp, I guess, almost."
14,0,25,,D,"Or maybe like a pistol, like a gun."
14,0,25,,D,"It's got kind of a parallelogram-like shape at the very top, and then..."
14,0,26,,D, This one looks like someone trying to take flight or like an angel almost.
14,0,26,,D,It's got like two kind of parallelogram wings coming off of a parallelogram body.
14,0,26,,D,"And then it's got like the little head, the square head at the top."
14,0,26,,D,"And it looks like the person's like leaning to the left and is trying to take flight or is flying through the air, kind of shifted left."
14,0,26,x,D,The...
14,0,26,,D, Square top of the head is tilted to the left a little bit as well.
14,0,26,x,D,And it kind of.
14,0,26,x,D,"Oh, I don't know."
14,0,26,x,D,Yeah.
14,0,27,,D, This one looks like a person sitting on a dog or like a horse that's moving.
14,0,27,,D,"So it's got a square, it's a tiny square head and a triangular body on top of like a little, yeah."
14,0,28,,D, This one looks like someone holding out like a square gift.
14,0,28,,D,So the very top of the shape has like a small triangle pointing to the left and then
14,0,29,,D,"Okay, this one looks like someone facing to the left and,"
14,0,29,,D,"like, holding their hands out, but they've got, like, long, like, flowy sleeves on, so you,"
14,0,29,,D,"like, you can see their hands kind of out, and then, like, their sleeves are looking down."
14,0,29,,D,"This person is, like, facing to the left."
14,0,29,,D,"It's got that head shape, that, like, square, rhombus shape pointing up, and then the body is kind of, like, yeah."
14,0,30,,D, This one looks like a horse prancing around.
14,0,30,,D,It has a triangle head at the very top.
14,0,31,,D," This one has, at the very top of the shape, has two little triangle pieces jutting out and towards the left."
14,0,31,,D,"It also has the square piece, but that is down towards the bottom."
14,0,31,x,D,I don't really know what it looks like.
14,0,32,,D,okay this one has uh it's it's a very geometric shape
14,0,32,,D,it doesn't really look like a person or anything or like an animal or anything
14,0,32,,D,it has like at the very very top like a trapezoid connected to like a long rectangle uh
14,0,32,,D,and and then there's like also like a large triangle jutting out to the left of it uh it has like
14,0,32,,D, in the top right it has like a square cut out with like a little triangle piece also missing.
14,0,32,x,M,Yeah.
14,0,33,,D,Okay this shape kind of looks like a lamp post with like two kind of speakers jutting out from it or or like two sides kind of jutting out from it.
14,0,33,x,D,It's
14,0,34,,D," This one looks like a brachiosaurus, but like with no legs."
14,0,34,,D,So it's got like a very square rectangular base and a long tall neck.
14,0,35,,D,This one looks like someone ice skating or like a ballerina like in arabesque.
14,0,35,,D,Like they're putting their leg out behind them and they've got their two arms kind of sticking out to the front.
14,0,36,,D, This one looks like a house with like a really tall smokestack to the right of it or like a tall chimney to the right of it.
14,0,36,x,E, Good.
14,0,36,x,E,Yep.
14,0,36,x,E,OK.
14,0,36,x,E, Okay.
14,0,36,x,E,Sounds good.
14,1,1,x,D,Okay.
14,1,1,,D,This one looks like a bamboo shoot.
14,1,1,,D,Or you described it as a telephone pole with two speakers coming out of it.
14,1,1,x,M,Yes.
14,1,1,,D,Very vertical.
14,1,1,x,M,Can you be a little bit louder?
14,1,1,x,M,Yeah.
14,1,1,x,M,Okay.
14,1,2,,D,This one looks like a shrimp.
14,1,2,x,M,Yes.
14,1,2,,M,The shrimp?
14,1,2,,D,"Yeah, the shrimp."
14,1,3,,D,"This one, you described it as a fish, but I think it formed it as a scuba diver."
14,1,3,x,M,"Oh, shoot."
14,1,3,x,M,That was the wrong button.
14,1,4,,D,This one looks like the dancer with the long dress out to the left.
14,1,4,,D,Has a square tilted slightly to the left as the head.
14,1,4,,D,Out to the right there's a triangle.
14,1,4,,D,That's her foot kind of.
14,1,5,,D,This one's the pine cone.
14,1,5,,D,Very symmetrical.
14,1,5,,D,"Square on top, flat square."
14,1,5,,D,And then zigzaggy on both sides.
14,1,5,,D,Flat square on the top.
14,1,6,,D,"Okay, this one has a small triangle pointed to the left as the head, and at the bottom it's carrying a little square to the left."
14,1,7,x,D,"Okay, this one is a..."
14,1,7,,D,So the square head is a diamond on a flat lip.
14,1,7,,D,"It's flat on the left, and then to the right it's a bit more jagged."
14,1,8,,D,"Okay, this one is kind of hard to describe, but on top,"
14,1,8,,D,"For the first half, it's pretty symmetrical, but then there's something that jumps out at the bottom to the right."
14,1,8,,D,And there's a triangle on top.
14,1,8,,D,It's very jagged on top.
14,1,8,,D,"It is symmetrical on top, but then it jumps out to the right."
14,1,9,,D,"OK, this is the house with the smokestack."
14,1,9,,D,Pretty straightforward.
14,1,10,,D,"Okay, there's a lot going on in this one."
14,1,10,,D,It looks like a person with a skirt sitting down.
14,1,10,,D,"There's feet out to the right and there's an upright diamond head or, you know, the square diamond head."
14,1,10,,D,There's something pointing out to the left.
14,1,10,,D,And her arms are kind of pointed to the right.
14,1,10,,D,So she's wearing a... And the skirt is like an upright triangle.
14,1,10,,D,It's like a big upright triangle.
14,1,10,,D,And she has feet out to the bottom right.
14,1,10,,D,And her head is a diamond.
14,1,10,,D,"I mean, a square diamond."
14,1,10,,M,And it's upright.
14,1,10,x,M,"And, yeah, her..."
14,1,11,,D,"Okay, there's a lot going on in this one, too."
14,1,11,,D,"It's kind of like a jagged cliff, and to the left, there's a lot more jagged stuff on this cliff, and there's a square on top, and it's pushing off a triangle to the right."
14,1,11,,D,"Yeah, and the square is tilted, yeah."
14,1,12,,D,"Okay, this one is the arabesque dancer with the beat pointing to the right."
14,1,13,x,D,"Alright, this one..."
14,1,13,,D,"uh, I disagree with the way you described this."
14,1,13,,D,"I mean, it looks like you said, it looks like someone with wings trying to fly away."
14,1,13,,D,"I think it's more of a guy just, you know, having a good time."
14,1,13,,D,"Uh, his arms are raised."
14,1,13,,D,"It's a, uh, parallel."
14,1,13,,D,The body is a giant parallelogram pointed to the right.
14,1,13,,D,The head is a diamond tilted to the left.
14,1,13,,D,"Um, and you know, it's got the wings or the arms out raised, outstretched, you know, um,"
14,1,14,,D,"Okay, this is a giraffe with a brachiosaurus."
14,1,14,,D,Square body at the bottom.
14,1,14,,D,Very long neck.
14,1,15,,D,"Oh, this is the person sitting down with the ball is on the right."
14,1,15,,D,So you can see it's flat on the right.
14,1,15,,D,The head is tilted down slightly to the left.
14,1,15,,D,Their legs are bent.
14,1,15,,D,It's a triangle at the bottom.
14,1,15,x,D,"Uh, yeah."
14,1,16,,D,"Okay, this is a very symmetrical, hard to describe one."
14,1,16,,D,"Um, however, there is a trapezoid cut out from top of it."
14,1,16,,D,"Um, and yeah, it's symmetrical."
14,1,16,x,D,"Uh, yeah."
14,1,17,x,D,"Okay, this, uh,"
14,1,17,,D,"Oh, wine glass."
14,1,17,,D,"Yeah, person with a wine glass."
14,1,17,,D,The upright diamond head.
14,1,17,,D,And the wine glass is to the left.
14,1,18,,D,"Okay, this is a horse without a leg."
14,1,18,,D,"You know, it has the triangle head."
14,1,18,,D,"And to the right, it has the triangle foot."
14,1,18,x,E,good it's good okay
14,1,18,x,E,Okay.
14,2,1,,D,"Okay, this one has the square diamond head shape pointed up towards the top, and then it has a trapezoid jutting out to the left."
14,2,1,,D,"And at the very, very bottom of this shape is a little tiny triangle pointed down."
14,2,1,,D,It's kind of hard to describe overall.
14,2,1,,D,But like at the bottom right is a tiny pointed down triangle.
14,2,1,,D,And then that kind of connects to a larger triangle that's pointed upwards and that connects to the main part of the shape.
14,2,2,,D,This one is the house with the smokestack to the right of it.
14,2,3,,D,"Okay, this one is the one with the square pushing the triangle off the cliff, right?"
14,2,3,,D,"To the left, it's a very jagged, cliff-like shape, and then the right has the square at the very top, and then the triangle being pushed off."
14,2,4,,D,This one is the person sitting to the with their back to something to the right of them and it's got like they're held tilted down to the left and their knees kind of stretched to the left.
14,2,5,,D,"This one is the horse without any front legs, right?"
14,2,5,,D,It's got that triangle top head part and then it's
14,2,6,,D,"This is the person with the wine glass, right?"
14,2,6,x,D,"It's got the, yeah."
14,2,7,,D,"Okay, this is the one that we said is really hard to describe and it's got like the very jagged top."
14,2,7,,D,"It's got like two triangle cutouts from the top and then it has, so it has the symmetrical top and then like the piece sticking out from the bottom."
14,2,8,,D,This is the shrimp or the nagal.
14,2,9,,D,"Okay, this is the really hard to describe symmetrical one with the trapezoid cut out at the top."
14,2,10,,D,"This is the very tall, vertical..."
14,2,10,,D,"I called it a lamppost with speakers jumping out of it, but you..."
14,2,11,,D,"Okay, this is the one that I got wrong."
14,2,11,,D,"It's the dancer one with the long, train, flowy dress at the back of it."
14,2,12,,D,This is the one that you disagreed with my assessment.
14,2,12,,D,"I called it like a flying person, but you said it was kind of just like a guy having a good time."
14,2,12,,D,He's got his arms up.
14,2,13,,D,"This is the giraffe, you called it, or the brachiosaurus with no legs."
14,2,13,,D,It's got like the tall big neck.
14,2,14,,D,This is the ballerina with the leg out behind them to the right and then like their two arms sticking out to the left.
14,2,14,,D,It's got that promise shaped head.
14,2,15,,D,"Okay, this one is also very hard to describe."
14,2,15,,D,"At the very top, it has a tiny little triangle pointing to the left, and then farther down, it kind of looks like it's holding, like, a box or, like, that diamond square shape."
14,2,16,,D,"This is the one that kind of just looks like a square on a cliff, right?"
14,2,16,,D,The right side of the shape is very jagged while the left side of the shape is very smooth.
14,2,16,,D,And then at the very top of it is a square.
14,2,17,,D,"This is the pine cone, right?"
14,2,17,,D,It's very symmetrical.
14,2,17,,D,It's got like a square at the top and two
14,2,18,,D,"This is the one you call the scuba diver, which is a much better assessment than a fish wearing a top hat."
14,2,18,x,E,Yep.
14,2,18,x,E,Yep.
14,3,1,,D,The one we disagreed on is the guy having a good time with the person flying away with the wings.
14,3,1,,D,"Tilted, head locked, diamond."
14,3,2,,D,"It's the shrimp or the gun or the telephone, a thing coming out of it."
14,3,3,,D,"Okay, this is the horse and the legs."
14,3,4,x,D,This is for kind of a...
14,3,4,,D,"Okay, this is the one I described as a girl sitting down with a skirt and to the right she has legs."
14,3,4,,D,A downward facing triangle is her legs down to the bottom right.
14,3,4,,D,And her skirt is a big triangle.
14,3,4,,D,She has something coming out of her back.
14,3,4,,D,And she's facing to the right.
14,3,4,,D,She has a upright head.
14,3,4,,D,Upright diamond head.
14,3,4,x,D,"Um... Yeah, basically, yeah."
14,3,5,,D,"Okay, this is the guy sitting down to, uh... Go with the wall to the right."
14,3,5,,D,"And he has his head, uh..."
14,3,5,x,M,"I'm sorry, could he be a little bit louder?"
14,3,5,x,D,"Okay, sorry."
14,3,5,x,D,"Yeah, yeah, of course."
14,3,5,x,D,"Okay, sorry about that."
14,3,5,,D,"So he is sitting, which is back to the wall to the right."
14,3,5,,D,He's sitting down.
14,3,5,,D,His feet are triangle.
14,3,5,x,M,That's a lot better.
14,3,5,x,M,Thank you.
14,3,5,x,M,"And, yes."
14,3,6,,D,"Okay, this is the cliff where the left side is flat and the right side is jagged and there is a diamond on top pointing upwards."
14,3,7,,D,"Okay, this is the hard to describe one."
14,3,7,,D,A small triangle pointing to the left head.
14,3,7,,D,And this thing is carrying a square.
14,3,7,,D,"And yeah, the square is to the bottom."
14,3,8,,D,"Okay, this is the arabesque dance."
14,3,8,,D,He said there was two arms pointed to the left.
14,3,8,,D,"And to the right, there is a triangle."
14,3,9,,D,okay this is the square pushing the triangle off the cliff to the left flip it's very jagged uh to the right it's not as jagged but the triangle is probably still gonna get hurt
14,3,10,,D,um yeah this is a hard to describe it's symmetrical at the top and
14,3,10,,D,"out to the right, jagged at the top."
14,3,10,,D,Symmetrical and jagged at the top.
14,3,11,,D,"Okay, this is the one, I hate to say it, but you got it wrong."
14,3,11,,D,"It has a long, flowy dress to the left, and a square head, it's like a dancer, and a foot to the right with a hook at"
14,3,12,,D,"Okay, this is wine glass."
14,3,12,,D,Wine glass person.
14,3,12,,D,We have an upright diamond head.
14,3,13,,D,"Okay, house with a smokestack."
14,3,13,,D,Long rectangle.
14,3,14,,D,Pinecone.
14,3,14,,D,"Square, flat at the top."
14,3,14,,D,Symmetrical.
14,3,14,,D,Zigzaggy on both sides.
14,3,15,,D,"Okay, this is the symmetrical, hard to describe figure with a trapezoid cut out of it."
14,3,15,,D,Also looks like an upside-down cup is with two parallel cups.
14,3,16,,D,"Okay, this is the scuba diver, or fish with a top hat."
14,3,16,,D,I kind of like the fish with the jetpack too as well.
14,3,17,,D,"This is, uh, the telephone pole with two speakers, or a bamboo shoot with a spike beam."
14,3,17,,D,"So, very vertical."
14,3,17,x,D,"Uh, and, yeah."
14,3,18,,D,"Okay, giraffe or brontosaurus?"
14,3,18,,M,brontosaurus?
14,3,18,,D,brontosaurus?
14,3,18,x,E,good sounds good
14,4,1,,D,"Okay, this is the person sitting with their back to the right."
14,4,1,,D,They've got their head tilted down.
14,4,2,,D,This is the giraffe that doesn't have any legs.
14,4,2,,D,It's got like the square body.
14,4,3,,D,"This is the guy with his hands in the air, having a good time, he said."
14,4,3,,D,That I said looks like he's flying.
14,4,4,,D,This is the hard to describe one with the really tiny triangle head that looks like it's holding the box.
14,4,4,,D,It's got that tiny triangle up at the top pointing to the left.
14,4,5,,D,This is the pine cone.
14,4,5,,D,"It's symmetrical and has that flat square at the top, the two triangle cutouts on the sides."
14,4,6,,D,This is the scuba diver or fish with a top hat.
14,4,7,,D,This is the one with the square pushing the triangle off the cliff.
14,4,7,,D,The left side is very jagged.
14,4,7,,D,"The right side also is kind of jagged, but is not as..."
14,4,8,,D,"Okay, this one is the one you describe as like the girl wearing the skirt."
14,4,8,,D,She's kind of got her arms going one to each side and at the very bottom has that triangle pointing down.
14,4,9,,D,This is the one that I got wrong.
14,4,9,,D,You don't have to hate to say it.
14,4,9,,D,It's the one with the dancer and it's got like a long train going out to the left.
14,4,10,,D,"Okay, this is the hard to describe one that has a very symmetrical top and then like the piece kind of sticking out and down to the right."
14,4,10,,D,It has those spiky cutouts at the top.
14,4,11,,D,"This is the other one that looks like a cliff, but nobody's getting pushed off."
14,4,11,,D,It's just the square at the very top of it.
14,4,11,,D,It's got that flat side on the left and then the jagged side on the right.
14,4,12,,D,This is the wine glass person.
14,4,12,,D,Got that head at the top.
14,4,13,,D,This is the bamboo shoot or the post with...
14,4,14,,D,This is the house with the smokestack to the right of it.
14,4,14,,D,The log.
14,4,15,,D,This is the symmetrical one that's hard to describe.
14,4,15,,D,It has that trapezoidal cutout at the top.
14,4,16,,D,This is the shrimp or the guile.
14,4,17,,D,This is the ballerina sticking her leg out to the back and Arabesque got the two arms out to the front.
14,4,18,,D,This is the horse with no front legs.
14,4,18,,D,"It's got the triangle head, the kind of triangle back legs."
14,4,18,x,E,Sounds good.
14,4,18,x,E,Yep.
14,5,1,,D,"Okay, this is bamboo shoot."
14,5,1,x,M,Okay.
14,5,3,,D,This is the cliff.
14,5,3,,D,Left side is flat.
14,5,3,,D,Right side is jagged.
14,5,3,,D,Diamond on top.
14,5,4,,D,This is the triangle.
14,5,4,,D,It's being pushed off the cliff.
14,5,4,,D,The square is doing the action.
14,5,4,x,E,You will go to jail.
14,5,4,x,E,They beat you all.
14,5,4,x,E,I could not hear that.
14,5,4,,D,"Uh, the triangle is being pushed off the cliff by the square off the jagged cliff."
14,5,4,,D,"Um, the left side is very jagged."
14,5,4,,D,The right side is less jagged.
14,5,5,,D,"Okay, this is the scuba diver wearing a special club hat and with little triangle teeth and a jet pack."
14,5,6,,D,"Okay, this is the giraffe, or the bronchiosaurus with no legs."
14,5,6,,D,"Uh, triangle-ish head."
14,5,7,,D,"Okay, this is the, um, hard to describe figure with a small triangle head pointing to the left, and it's carrying a box."
14,5,7,,D,"If you've seen Spirited Away, I think it looks like, um, one of the characters from that."
14,5,8,,D,"Okay, this is the symmetric figure with the trapezoid cut out of it."
14,5,8,x,D,"Hard to describe, maybe, if you're not."
14,5,9,,D,"Okay, this is the wine glass person with the long robe on and diamond face."
14,5,10,,D,This is the person with the skirt on.
14,5,10,,D,She's pointing to the right.
14,5,10,,D,Her legs are out to the right.
14,5,10,,D,Chanceling jumping out from the middle to the left.
14,5,10,,D,Diamond head.
14,5,10,,D,She's sitting down.
14,5,11,,D,Horse with no legs.
14,5,11,,D,Triangle head.
14,5,11,,D,triangle feet as well.
14,5,12,,D,This is the shrimp or the gun.
14,5,13,,D,This is the one you got wrong.
14,5,13,,D,I still hate to say it.
14,5,13,,D,There's a square on her head and a flowy dress to the left.
14,5,14,,D,This is the one where it's symmetric at the top and it's not at the bottom.
14,5,14,,D,And it juts out at the bottom.
14,5,14,,D,Bottom right.
14,5,15,,D,House with smokestack.
14,5,15,,D,Smokestack is on the right.
14,5,16,,D,This is one we disagreed on.
14,5,16,,D,Guy's having a good time or he's flying away.
14,5,16,x,D,Maybe both.
14,5,17,,D,"Okay, this is the person that's sitting down with the wall is to the right."
14,5,17,,D,And they're looking down.
14,5,17,,D,Their head is a square.
14,5,17,x,D,"And they're, yep."
14,5,18,,D,"Okay, this is the pine cone."
14,5,18,,D,Symmetric.
14,5,18,,D,Square on top.
14,5,18,,D,Flat on top as well.
14,5,18,,D,Sure.
14,5,18,,D,"Okay, yeah."
14,5,18,,D,Okay.
14,5,18,,D,Yep.
14,5,18,,D,Sorry about that.
14,6,1,,D,"This is the guy who's either having a good time or is flying, the one we disagreed about."
14,6,2,,D,This is the one that's symmetrical at the top and then juts out at the bottom.
14,6,2,,D,It has those two kind of triangular cutouts at the top.
14,6,2,,D,Kind of looks like a ghost.
14,6,3,,D,"This one is the bamboo chute, or the lamppost with all the speakers."
14,6,4,,D,This is the horse that has no front legs!
14,6,5,,D,This is the pine cone.
14,6,5,,D,It's got the flat square at the top.
14,6,6,,D,This is the person sitting with their back to the wall on the right of them.
14,6,6,,D,They've got their head tilted down.
14,6,7,,D,"This is the cliff that has a very flat side on the left and then a jagged side on the right, and you've got like a square at the top of it."
14,6,8,,D,This is the other cliff that has the square pushing the triangle off of it to the left.
14,6,8,,D,"Or to the right, that's the right."
14,6,9,,D,This is the symmetrical shape that's hard to describe.
14,6,9,,D,It has the trapezoidal cutout at the very top.
14,6,10,,D,This is the house with the smokestack to the right of it.
14,6,10,,D,"Tall,"
14,6,11,,D,"This is the giraffe with no legs, or I guess the brachiosaurus with no legs."
14,6,12,,D,This is the person holding a wine glass with the long robe.
14,6,12,,D,The wide glass is like a tiny little upside down triangle off to the left and it has a square head pointing to the top.
14,6,13,,D,This one is the ballerina.
14,6,13,,D,"It's got the leg pointing out and behind him to the right, two arms kind of out to the front."
14,6,14,,D,This is the hard to describe figure with the tiny triangle head and it looks like it's holding a box.
14,6,15,,D,This is the person wearing a skirt and kind of sitting down.
14,6,15,,D,She's got her foot out.
14,6,15,,D,It's like a little triangle pointing down.
14,6,16,,D,This is the scuba diver.
14,6,16,x,M,You're good.
14,6,17,,D,This one is the shrimp or the gun.
14,6,17,,D,Kind of curves around.
14,6,18,,D,This one is the one that I got wrong.
14,6,18,,D,It's the dancer.
14,6,18,,D,She's got the long train on her skirt to the back.
14,6,18,x,E,Yes.
14,6,18,x,E,Yep.
14,7,1,,D," Okay, this is the person, the hard to describe one, with a triangle, small triangle face, and they're carrying a block."
14,7,2,,D,"Okay, this is the giraffe, no legs, square body."
14,7,3,,D," All right, this is the bamboo shoot for the telephone pole with speakers."
14,7,4,x,D,"This is, oh, new one."
14,7,4,x,D," Oh, boy."
14,7,4,x,D,Okay.
14,7,4,,D,"So, this one is symmetrical."
14,7,4,,D,"And to me, it looks like a monk meditating."
14,7,4,,D,"You're facing them from, like, forward."
14,7,4,,D,And they have a diamond face.
14,7,4,,D,They're sitting on the ground.
14,7,4,,D,They're meditating.
14,7,4,x,D,Um...
14,7,5,,D," Okay, this is the diamond on the cliff."
14,7,5,,D,"The left side of the clip is flat, the right side is more jagged."
14,7,5,,D,Diamond is sticking straight up on the flat fling.
14,7,6,,D,"The one you got wrong, or the one that describes wrong."
14,7,6,,D,"You don't have to assign agency, you know."
14,7,6,,D,It's the flowy dress out to the left.
14,7,7,,D," Alright, this is the symmetric one with the trapezoid cut out of it."
14,7,7,x,D,"Semi-hard to describe, I guess."
14,7,8,,D, A house with smokestack.
14,7,8,,D,Very tall smokestack.
14,7,9,,D,This is a new one.
14,7,9,,D,"It looks like a dog keeling, in my opinion."
14,7,9,,D,It doesn't have a tail.
14,7,9,,D,"It's like a dog kind of stretching, pushing back."
14,7,9,,D,The top is a parallelogram.
14,7,9,,D,The dog's face is a parallelogram.
14,7,10,,D," Alright, this is the hard to describe."
14,7,10,,D,"It's symmetric at the top, and at the bottom to the right, it's jutting out."
14,7,10,,D,The thing is jutting out.
14,7,11,,D," Alright, this is one we haven't really talked about."
14,7,11,,D,"Oh, there's a new one."
14,7,11,,D,"To me, it looks like a zombie with his head falling off, and he's walking to the left."
14,7,11,,D,"So, yeah, and his arms are raised, but then, like, the cloth is falling down to the left."
14,7,11,,D,"You know, it's walking, it's, yeah."
14,7,12,,D,"Alright, this is one we just screwed on."
14,7,12,,D,It's the flying person having a good time.
14,7,12,,D," Uh, you know, uh, both arms raised out to the heavens."
14,7,12,,D,"Um, diamond is, diamond head is, yep."
14,7,13,,D,"Alright, this is the person sitting down with their back against the wall."
14,7,13,,D,"To the right, the wall is flat and to the right, and they are looking down."
14,7,14,,D," Alright, this is the ballerina dancer with their arms out to the left and with their legs lifted to the right."
14,7,14,x,D,"Alright, new one."
14,7,15,,D,Arrow is pointing upwards to the left.
14,7,15,,D,It's a house next to a house.
14,7,15,,D,So a house with an arrow next to it.
14,7,16,,D," Alright, this is very, you described it, it's also a new one."
14,7,16,,D,You described it as very geometric and hard to describe.
14,7,16,x,D,I would also agree with that.
14,7,16,,D,"To the left, it's kind of triangular."
14,7,16,,D,"To the right, it's like a diagonal rectangle with some stuff coming out of it."
14,7,16,,D,It could almost be described as an anvil.
14,7,16,x,D,I don't know.
14,7,17,,D," Alright, this is the horse with no legs."
14,7,17,,D,"Or one leg, sorry, one leg."
14,7,17,x,D,My bad.
14,7,18,,D,"Alright, this is another new one."
14,7,18,,D, It's a person walking to the left.
14,7,18,,D,"Their left foot has a little triangle on it, but their right foot doesn't really have that triangle."
14,7,18,,D,It's more of just a parallelogram.
14,7,18,,D,And they're pointing to the left.
14,7,19,,D,"All right, this is the, I'm gonna call it a nun."
14,7,19,,D,The nun praying to the right.
14,7,19,,D, And her legs are kind of lifted behind her.
14,7,19,,D,She's not squatting down.
14,7,19,,D,She's kneeling down.
14,7,19,,D,And her legs are lifted behind her.
14,7,20,,D,"Alright, this kind of looks like a..."
14,7,20,,D,I think you described it as someone doing kung fu or something.
14,7,20,,D, Or they could be dancing.
14,7,20,,D,They have an upright diamond head.
14,7,20,,D,"Also, this is new."
14,7,20,,D,"And their right foot is, or like, you know, when we're looking at it, on the right, their foot is pointed lower than their left foot."
14,7,20,,D,And they're kind of dancing or fighting of some sort.
14,7,20,,D,"They have arms pointing out to the right, or just one arm, I guess."
14,7,20,,D, Everything on the left is kind of blackout.
14,7,21,,D,"Alright, another new one."
14,7,21,,D,We got a dog riding a bigger dog.
14,7,21,,D,"Not the person riding the horse, but the dog riding the bigger dog."
14,7,21,,D,"The dog, yes."
14,7,22,,D," All right, this is the person, another new one, you described as having a bow in her hair."
14,7,22,,D,"Yeah, and she's kind of sitting down with the wall against the left side of her."
14,7,22,,D,She's looking down.
14,7,23,,D,"All right, this is the strip or the gun."
14,7,24,,D," All right, this is the person riding the horse."
14,7,24,,D,Or it could be a dog.
14,7,24,x,D,I don't know.
14,7,24,,D,Some sort of animal.
14,7,24,,D,There's a person on it.
14,7,24,,D,And the person's body is a triangle.
14,7,25,,D,"All right, this is the horse."
14,7,25,,D,She's having a good time.
14,7,25,,D,"You know, it's trotting a lot."
14,7,25,,D,Its tail is raised.
14,7,25,,D,"Triangle, yep."
14,7,26,,D," Alright, this is a kind of another new one, hard to describe."
14,7,26,,D,I would say the head is actually like two triangles and they're kind of like taking a square back and the square is on the left and this person is kicking the square.
14,7,26,,D,"Maybe it's a soccer ball, you know?"
14,7,26,x,D,Alright.
14,7,27,,D,uh another new one
14,7,27,,D,you described it as the arm is drapey
14,7,27,,D,you know the arm the cloth on the arm is drapey
14,7,27,,D,they're pointed to the left um diamond head they're like giving an offering of some sort
14,7,27,,D,maybe um again with like a robe on so the uh yeah
14,7,28,,D," Alright, so this is the nun."
14,7,28,,D,So she's done praying.
14,7,28,,D,Now she's just squatting a little bit.
14,7,28,,D,She's getting up.
14,7,28,,D,She's in the process of getting up.
14,7,28,,D,She's pointing to the right.
14,7,28,x,D,"And, you know, okay."
14,7,29,,D,"Alright, this is the square pushing the triangle off the cliff."
14,7,29,,D,The left side of the cliff is very more jagged than the right side.
14,7,29,,D,But the right side is still a bit jagged.
14,7,30,,D,all right this is the scuba diver or the fish with the top hat um oh sorry scuba diver or fish with top hat um
14,7,30,,D,triangle legs i guess or triangle feet
14,7,31,,D,all right this is a new one it's a swan laying a triangle egg
14,7,31,,D," Um, maybe not a swan."
14,7,31,,D,Some big bird of some sort.
14,7,32,,D,Um... Pinecone?
14,7,32,x,M,"Um, yeah."
14,7,32,,D,Square top?
14,7,32,,D,Symmetrical?
14,7,33,,D," Alright, this is, uh, you said the word toilet in your description."
14,7,33,x,D,I have to agree.
14,7,33,,D,"I think, but it's not really that they're sitting in the toilet."
14,7,33,,D,"You know, it's kind of like standing, um, within the toilet."
14,7,33,x,M,"Okay, yeah."
14,7,34,,D,"Alright, wine glass person with a long rope."
14,7,34,x,M,"Um, and, uh, yeah."
14,7,35,,D," Alright, this is the swaddled baby, um, as you described."
14,7,35,,D,"Uh, try, uh, yeah, square head."
14,7,36,,D,"Alright, this is the, the girl with the skirt sitting down."
14,7,36,,D,"Um, she's pointing to the left."
14,7,36,,D,"She has a thing jutting out of her to the, oh, she's pointing to the right."
14,7,36,x,E,"Not bad, yeah."
14,7,36,x,E, Thank you.
15,0,1,x,D, Okay.
15,0,1,,D,"To me, it looks like someone is like a diver."
15,0,1,,D,There's like two triangles right at the bottom.
15,0,1,,D,It's all centered.
15,0,1,,D,And then kind of like moves the whole way up from the bottom middle to the top middle.
15,0,1,,D,"And there's like two, to me, they're like kind of arms coming off from the right hand side of like a block at the top."
15,0,1,,D,And then like a thinner
15,0,1,,D, Longer rectangle that goes into a triangle on the left-hand side.
15,0,1,,D,"Yes, on the back."
15,0,1,x,M,Yeah.
15,0,1,x,M,I think I got it.
15,0,1,x,M,Okay.
15,0,1,x,M,Okay.
15,0,1,x,M,Okay.
15,0,1,x,M,"Again, I kind of see it."
15,0,2,,D,It's like a house on the right with a mushroom or a tree on the left-hand side.
15,0,2,x,M,All right.
15,0,2,x,M," Ah, okay."
15,0,3,,D,So you did the same thing while I was using the body before.
15,0,3,,D,"This one's like someone who had their feet in the air,"
15,0,3,,D,"so it's like two smaller triangles in the middle towards the top, moving down into two thicker ones towards the bottom,"
15,0,3,,D,"one touching the bottom, one a bit more in the air, with like a block around halfway up."
15,0,3,x,M,Okay.
15,0,3,x,D,Does that make sense?
15,0,3,x,M,Okay.
15,0,4,,D," Okay, um, using the same analogy, this is me to tuck someone on their knees."
15,0,4,,D,"There's like a triangle small to the left-hand side, um,"
15,0,4,,D,"and then they pick up blocks on the, to the right of that,"
15,0,4,,D,"and then towards the top, there's gonna have two triangles, um, coming out,"
15,0,4,,D,"one's a pretty flat, one's slightly splatted up,"
15,0,4,,D,"and like the head is between the two, tilted to the one point between the tip of the two triangles."
15,0,4,x,D, I don't think there's anything else I can say.
15,0,4,,D,It's all quite central.
15,0,4,,D,One of the shorter ones.
15,0,4,x,M,Okay.
15,0,4,x,M,Yeah.
15,0,4,x,M,Okay.
15,0,4,x,M,Okay.
15,0,5,,D,"So this, I'm visualizing as someone with their hands out."
15,0,5,x,D,So there's the
15,0,5,,D,tilted square at the top and it moves down and there's like one big block that goes the whole way down
15,0,5,,D,with a little triangle right at the bottom like a larger part that comes out on the left with like a square
15,0,5,,D,and there's like a bit on top which I'd use a bit further
15,0,5,,M,okay all on the left
15,0,5,,D,yeah
15,0,6,,D," Okay, so there's kind of a long body that runs to the left or the right, which has a triangle on the left-hand side tilted up."
15,0,6,,D," And another one on the right hand side is tilted more, and only just the tip touches the rest of the body."
15,0,6,,D,"It has like two legs on either side, as if it's flipping that."
15,0,6,,D,"And then there's, in the center, moving upwards, there's a triangle."
15,0,6,,D,"There's a square attached to that, leading kind of forwards towards the left."
15,0,6,,D," Okay, so right at the top of this one, there is a triangle with the point pointing left."
15,0,6,,D,It's quite small.
15,0,6,,D,And there's a longer body which runs down to the bottom.
15,0,6,,D,But the tip of the triangle at the top is like the leftmost point aligned with a kind of tilted square which is near the bottom.
15,0,6,,D,The rest is kind of like a
15,0,6,,D, I don't know how to describe that shape.
15,0,7,,D,This is like a longer shape that has three things protruding out to it to the left.
15,0,7,,D,The middle one has this like huge square sitting on it.
15,0,8,,D," Okay, this is similar to one we had before, where Tim here looks like someone riding some sort of animal."
15,0,8,,D,"So there's the, there's a triangle at the far right, which is slightly tilted down and only just attached to the rest of the body."
15,0,8,,D,"It looks like it has as if two legs, but mildly jumping, moving towards the left."
15,0,8,,D,"The far left side, there's like two triangles protruding"
15,0,8,,D," Coming up from the middle, there is a rectangular shape that leans left and then a square on top of that."
15,0,8,,D,That's all on top of the M-shaped body that runs from left to right.
15,0,9,,D," Okay, so this one has one arm that protrudes very clearly down towards the left hand corner of the image."
15,0,9,,D,"It has like three main upper arms, one which is above it towards the top left, and one towards the bottom right, it kind of arches down."
15,0,9,,D,I don't know how else to describe it.
15,0,9,,D, It has kind of like a right angled thing at the top.
15,0,9,,D,There would be three different arms.
15,0,9,,D,"Top left, bottom left, bottom right."
15,0,9,x,D,Okay.
15,0,10,,D,"Okay, so at the top of this one, there is kind of the headlight square."
15,0,10,,D," And then it moves down with two things protruding on the right-hand side, which looks to me like knees and hands out."
15,0,10,,D,And then it goes back towards the left right at the bottom.
15,0,11,,D," Okay, so again, at the top of this one, there is a square, which is like a diamond shape, and slightly off-center towards the right."
15,0,11,,D,The rest of the thing that runs down looks kind of like a tree to me.
15,0,11,,D,"It has like a flatter side about halfway up on the left, and then it continues as a whole body the whole way down, and then kind of goes out at the bottom, yeah."
15,0,11,x,E," I'm feeling like a numbness in one of my hands, like a pins and needles type thing."
15,0,11,x,E,I don't know if that's... What did you say?
15,0,11,x,E,"I was just trying to say to people that I'm feeling like a numbness in one of my hands, like a pins and needles type thing."
15,0,11,x,E,I don't know if I can say it very good.
15,0,11,x,E,"Um, so..."
15,0,11,x,E,This...
15,0,12,,D," It looks very clear in the way that it has two legs like shoes, one is planted on the floor, one is going up towards the left."
15,0,12,,D,"And then above that, there is like a diamond shape, like peering over the side on the left, and a square on the right, just like it's sliding off, like it would just fall off on the right."
15,0,13,,D," Okay, this one again has kind of the same diamond thing right at the top, slightly off-centre to the left."
15,0,13,,D,"And then it has kind of a strange shape, I don't know how to describe it."
15,0,13,,D,There's diamonds right onto a flat line.
15,0,13,,D,"On the left, this goes straight down, then there's a gap, and then it goes to an arrow thing."
15,0,13,,D," On the right from the top, it starts protruding out, immediately goes towards the left, and then just like a long line down towards the right."
15,0,13,,D,"Um, but there's like kind of two gaps taken out of it."
15,0,13,,D,"I don't know how else to describe this one, it's a bit strange."
15,0,13,x,M,"Yeah, I'm not really sure which one this is."
15,0,13,x,M,"Okay, um..."
15,0,13,x,M,So...
15,0,13,,D,So it's like a block that has... two legs.
15,0,13,,D, One of them is more very straight.
15,0,13,,D,"One's kind of like, kind of arched in a way."
15,0,13,,D,Looking like a claw.
15,0,13,,D,That's the one on the left-hand side.
15,0,13,x,D,That's a hard one.
15,0,13,x,M,"Yeah, I get it."
15,0,13,x,M,Right.
15,0,13,x,M,"Okay, this one has a"
15,0,14,,D, quite solid rectangular shape at the bottom and for tuning out it goes on the left hand side up towards the top with a triangle right at the top going left.
15,0,14,,D,It's one of the more simplistic shapes.
15,0,14,x,M,One of the what?
15,0,14,,D,It's one of the simpler shapes that's there.
15,0,14,,D," It's kind of just like the one big block at the bottom, the arm that goes up to the top."
15,0,14,x,M,"Oh, okay."
15,0,14,x,M,Okay.
15,0,15,,D,"So, again, it has the kind of diamond thing."
15,0,15,,D, in the middle of what would actually just be one rectangle that has like a bike out of it on the right hand side.
15,0,15,x,D,That's the best way to explain it.
15,0,15,,D,Otherwise it would be like just one rectangle.
15,0,15,x,M,Not really sure which one this is.
15,0,15,x,D,Okay.
15,0,15,,D," So again, it's one of the more simplistic ones."
15,0,15,,D,"It's the diamond on top of a shape, which is completely flat on the left-hand side when it comes down to the bottom."
15,0,15,,D,"The same on the top and the bottom, but the top is longer than the bottom."
15,0,15,x,M,"Oh, okay."
15,0,15,,D,"But the right one kind of, like, arches down."
15,0,15,x,M,This?
15,0,15,x,D,"Yes, that's right."
15,0,15,x,M,"Oh, cool."
15,0,16,,D," So Mickey, it's one of the most amazing ones again."
15,0,16,,D,It looks like a crab to me.
15,0,16,x,M,"Oh yeah, I think I know which one you're talking about."
15,0,16,x,M,"Okay, cool."
15,0,16,x,M,"Yeah, alright."
15,0,17,,D,"Okay, so it has the diamond thing at the top."
15,0,17,,D,um and it only just connects on to
15,0,17,,D,i think kind of looks like me in person
15,0,17,,D,this was a bit hard um
15,0,17,,D,see at the bottom is kind of like a um a triangle which has a flat side running top to bottom on the left and stops just shy of like a bird
15,0,17,,D,i'm saying um on the bottom
15,0,17,,D," kind of runs in the middle part, and then it kind of goes up a little bit."
15,0,17,,D,It's all like an E-type shape to me.
15,0,17,x,D,"This one's a little bit difficult, I don't know what to say."
15,0,17,x,M,"Oh, okay."
15,0,17,x,M,This is...
15,0,18,,D," Like a house or a farm on the left, and then a chimney or like a tall tower to the right."
15,0,18,x,M,Okay.
15,0,19,,D,"Um, this one is very narrow, very central."
15,0,19,,D,"Um, like a thin line that runs down with two, like, kind of... Triangle?"
15,0,19,x,M, Yeah.
15,0,19,x,D,Quite simplistic.
15,0,20,,D,There's a type of thing at the top.
15,0,20,,D,And then one kind of body that runs down kind of triangle at the top.
15,0,20,,D," that runs down, top to bottom, and then right at the bottom it kind of goes towards the ray."
15,0,20,,D,It's going to make a kink in it and move towards the ray.
15,0,20,x,M,"Oh, okay, I can imagine."
15,0,20,x,M,This was...
15,0,20,x,M,I guess I didn't say what we were supposed to say.
15,0,21,,D,This is the one you did before.
15,0,21,,D," The one I just did, the last one?"
15,0,21,,D,"Yeah, yeah, the same shape."
15,0,21,x,M,Okay.
15,0,21,x,M,Cool.
15,0,21,x,E,"That's like, we're trying to say it's the main game, but my fingers are going quickly quite numb, especially my left hand side now."
15,0,21,x,E,Um...
15,0,21,x,E, They're very heavy because they're needles and I can't really feel them that well.
15,0,21,x,E,I like to overfill them.
15,0,22,,D,"This one, diamond shape on the top, long protruding thing around halfway down the left-hand side."
15,0,22,,D,The right side goes right down the bottom right corner.
15,0,22,,D,And there's like a little triangle at the bottom right.
15,0,22,x,M," Okay, alright, that's fine."
15,0,22,x,M,"Um, okay."
15,0,23,,D,"It looks like someone dancing to me, so it has like the diamond head at the top, but it's not kind of pointed up like the rest, it's more to one side."
15,0,23,,D,"So it's basically, would be kind of flat, but it's very slightly down."
15,0,23,,D, On the right side it's connected to kind of a thin part which then runs down into a bigger block at the bottom.
15,0,23,,D,There's a triangle on the right and a longer leading part on the left.
15,0,23,,D," So there's like the diamond head, a little bit lower than the other ones."
15,0,24,,D,It looks like two arms reaching up.
15,0,24,,D,"The one on the right is more diamond-y, the one on the left is more flat."
15,0,24,,D,It has like a body shape that runs from the top left to the top bottom.
15,0,24,,D,"Top right, sorry, top left, bottom right."
15,0,24,,M,Does it almost look like it's flying?
15,0,24,x,D," Like a swan, sorry?"
15,0,24,,M,Like it's flying?
15,0,24,x,D,Yeah.
15,0,25,,D,"Um, this looks like some sort of bird creature."
15,0,25,,D,"It has, like, a... Like a swan swimming?"
15,0,25,x,M,"Yes, yeah."
15,0,26,,D," Okay, this looks like someone dancing with one foot planted."
15,0,26,,D,One foot is out to the right.
15,0,26,,M,And their arms are to the left?
15,0,26,x,D,"Yes, correct."
15,0,27,x,D,"Okay, this one as well."
15,0,27,,D,"Okay, this looks like someone walking towards the left with a large pace."
15,0,27,x,D, Okay.
15,0,27,,M,Do their legs kind of make like a 90 degree angle?
15,0,27,x,D,"Yeah, in a way."
15,0,27,,D,The one on the right is more flat at the bottom.
15,0,27,,D,"The one on the left, yeah."
15,0,28,,D,"Okay, this is not really creeping as a shape."
15,0,28,,D,It runs from
15,0,28,,D,the top left the bottom right um and it's kind of like a single block that kind of wiggles it away
15,0,28,,D,the top right the bottom left kind of have these triangles because like they're kind of like folded over and there's two like
15,0,28,x,D,yeah
15,0,29,,D,okay this looks kind of like the crab creature with a tail
15,0,29,,D, more pronounced head.
15,0,29,,D,"I don't know, some other solid sort of animal."
15,0,29,,M,Is the tail pointing to the right?
15,0,29,,D,"It does, yeah, it comes down towards the right."
15,0,30,,D,This is like someone who is
15,0,30,,D," kind of sat down, louched against the wall, their knees bent and their feet down the bottom left corner, their head kind of tilting down."
15,0,31,,D,This looks like a prancing horse.
15,0,31,,D,The bottom left leg is a lot lower than the right one.
15,0,31,,D,It's got like a tail that goes up on the far right side.
15,0,32,,D," This one doesn't really look like anything, but it's like, it's got the square bit at the top, which is completely centered and flat."
15,0,32,,D,And there's like two diamonds that are kind of overlapping each other.
15,0,32,x,M,"Oh, yeah."
15,0,32,x,M,Um.
15,0,33,,D, It kind of looks like a UFO.
15,0,33,,D,It's like a disk that runs across the bottom with a diamond on top.
15,0,34,,D,"It looks like an anvil that's on its side, like one of the woodworking things."
15,0,34,,D,So it's got like a diamond bit at the bottom.
15,0,34,,D, And then the flat bar is kind of on top of the diamond shape.
15,0,34,,D,"And there are two arms, one in which is kind of pointy, one is flat."
15,0,34,,D,"And it's tilted to the, kind of leading towards the bottom right."
15,0,34,x,M,"Okay, cool."
15,0,34,x,M,Um...
15,0,35,,D," It's the only one in which the diamond head has sort of, like, bunny ears."
15,0,35,x,M,"Wait, what was that?"
15,0,35,,D,"There's kind of, like, the diamond head thing that has two triangles coming out of it."
15,0,35,x,M,"Oh, okay."
15,0,35,,M,"It's, like, out of the top?"
15,0,35,x,D,"Uh, yeah."
15,0,35,x,D,Okay.
15,0,36,,D," Okay, this looks, again, kind of like a dog."
15,0,36,,D,"He's coming up to his owner, like towards the right."
15,0,36,,D,So you have like a triangle tail on the left-hand side.
15,0,36,x,E,"Okay, cool."
15,0,36,x,E,Okay.
15,0,36,x,E, I'm good.
15,0,36,x,E,Am I moving too much?
15,0,36,,E,"Yeah, I'm good."
15,0,36,,E,"I don't know if you heard me, but my hands are, like, pins and needles and numb, and it's kind of swapping."
15,0,36,,E,"At one point, my left one, like, my pinky, my ring, would be very, like, numb and heavy, and then my right hand side would be"
15,0,36,,E, OK. OK. OK.
15,0,36,,E,I wasn't confident that that was a way I really did.
15,0,36,,E," Like a year ago, I haven't weighed myself in a very long time."
15,0,36,,E,Okay.
15,0,36,,E,Yeah.
15,0,36,,E," Okay, yeah."
15,0,36,,E,Okay.
15,0,36,,E,"Okay, yeah."
15,1,1,,D,"Um, this one is like a long rectangle on the top with a triangle that points to the right."
15,1,1,,D,"And then on the left side, there's a skinny rectangle that goes downward."
15,1,1,x,M,Okay.
15,1,1,,D,"And then there's like, kind of like one of the head things at the bottom."
15,1,1,,M,Does it go like a reverse seven in a way?
15,1,1,x,D,"Yeah, yeah."
15,1,1,x,M,"Okay, okay."
15,1,2,x,D,"Um, this looks like..."
15,1,2,,D,"I almost thought of, like, Baby Yoda, like, someone standing with their arms out in front, um, to the left."
15,1,2,,D,"And there's, like, a tiny foot, almost."
15,1,2,,D,"Um, it has one of the head things."
15,1,2,x,D,Yeah.
15,1,2,x,M,"Okay, I think I got it."
15,1,2,x,M,Okay.
15,1,2,x,M,Cool.
15,1,3,,D,"Um, this is the weird, like, squiggly one that starts at the top left and goes to the bottom right."
15,1,3,x,M,"Ah, yeah, I guess."
15,1,3,x,M,Yeah.
15,1,3,x,M,Cool.
15,1,4,,D,"Um, this one is the tall, long, skinny one with, like, the two shapes opposite each other, a little..."
15,1,4,,D,off around the center.
15,1,4,x,M,Yeah.
15,1,5,,D,This one is like a person with their one foot up towards the right.
15,1,5,,D,"Oh, like the two arms, the next one."
15,1,5,x,M,Yeah.
15,1,6,,D,This was the one you said looked like a dancer with the two triangles to the right.
15,1,6,,D,"One really high, one really low."
15,1,6,,D,And then the big rectangle towards the bottom left.
15,1,6,x,M,"Uh, yeah."
15,1,6,x,M,"Yeah, thank you."
15,1,7,,D,"This is, like, the house with the tree next to it to the left."
15,1,7,x,M,"Oh, I didn't see that one."
15,1,7,x,M,That was me.
15,1,7,x,M,"Oh, sorry."
15,1,7,x,M,That's over there.
15,1,7,x,M,Yeah.
15,1,8,,D,"Um, this looks like a person with, like, one foot all the way up in the air."
15,1,8,x,M,"Um... Oh, I didn't mean to press..."
15,1,8,x,M,I pressed the wrong button.
15,1,8,x,M,Um... That's okay.
15,1,8,x,M,"Okay, okay."
15,1,8,x,M,I don't even need that.
15,1,8,x,M,"Okay, okay."
15,1,9,,D,"Um, this looks like the Prancing Horse with, like, the two triangles."
15,1,9,,D,"The one on the bottom, or the bottom left, is, like, further to the ground."
15,1,9,x,M,Okay.
15,1,9,,D,"And then there's, like, a tail."
15,1,9,x,M,Okay.
15,1,9,x,M,Cool.
15,1,9,x,M,Um...
15,1,10,,D,"This is the one with two triangles going up, and it has, like, the diamond squarish head right above, like, two arm things going down to the bottom left."
15,1,10,,D,There's a tiny triangle pointing to the right towards the top.
15,1,10,,M,I don't see anything too like that.
15,1,10,x,M,"Okay, um, let's see."
15,1,10,,M,"Um, so there's one with, like, two small triangles at the top?"
15,1,10,x,D,"Yes, yeah."
15,1,10,,M,"And then they connect to the point of, like, another triangle?"
15,1,10,x,D,"Okay, yeah."
15,1,10,x,M,"It's that one, yeah?"
15,1,10,x,D,"Uh, yeah."
15,1,10,x,D,Yeah.
15,1,11,,D,This is the one with the person sitting up against a wall with their knees bent.
15,1,11,x,M,"Oh, yeah."
15,1,11,,D,It's a flat bottom.
15,1,12,,D,It looks like someone's arms are out to the right.
15,1,12,,D,And their knees look a little bent.
15,1,12,x,D,Okay.
15,1,13,,D,"Um, this has, like, the diamond, um, like, head figure and then it goes, like, to a triangle and then straight down and then there's, like, a tiny triangle of"
15,1,13,,D,to the right.
15,1,13,,D,I didn't get this one when we did it last.
15,1,13,x,M,"Okay, that helps."
15,1,13,x,M,That's a hard one.
15,1,13,,M,This is one of the more simple shapes.
15,1,14,,D,It's a big rectangle on the bottom and then a long skinny one going up the left side with a triangle at the top on the left.
15,1,14,x,D,"Oh, got it."
15,1,14,x,D,See?
15,1,15,,D,This is the one that you picked before the house with the one thing on the right.
15,1,15,,D,"Oh yeah, when I messed up."
15,1,16,,D,This is the one that looks like a person riding a horse.
15,1,16,,D,"Yeah, I think it's the only one that looks like that."
15,1,16,x,M,"Yeah, I agree."
15,1,17,,D,"This one, it looks like a simple dog facing towards the left."
15,1,17,,D,The front foot is like a skinny rectangle that's slanted.
15,1,17,,D,The back foot is like a triangle.
15,1,17,,M,"And they're never with each other, right?"
15,1,17,x,D,"Yeah, yeah."
15,1,18,,D,"Um, this is the one that I didn't get last time with the triangle all the way in the bottom right."
15,1,18,x,M,"Ah, yeah."
15,1,18,,D,Like a platform on the left-hand side.
15,1,18,x,M,"Um, yes, yes."
15,1,18,x,M,Cool.
15,1,18,x,E,It was definitely better this time.
15,1,18,,E,I think it might be the angles.
15,1,18,,E,"Yeah, of course."
15,1,18,,E,"Okay, nice."
15,1,18,,E,I'm good.
15,1,18,,E,"I feel a little, like, tense."
15,1,18,,E,Yeah.
15,1,18,,E,Okay.
15,2,1,,D,"Okay, this, again, looks like the passive body of the horse is the only one."
15,2,1,x,D,Okay.
15,2,2,,D,"Um, this is the one that I said was a dancer again, where I had kind of a longer sweeping leg on the left-hand side with a small triangle on the right."
15,2,3,,D,It's just the one with the guy with the knees kind of bent on the right hand side with the arms kind of out towards the right as well.
15,2,4,,D,"This is the kind of, we'll call it the one that you didn't get last time, with the small triangle on the bottom right side."
15,2,4,,D,"The small right triangle, not like the, it has like a big, protruding thing on the left-hand side, with a diamond at the top."
15,2,4,x,D,"Is that enough, or did I explain more?"
15,2,4,x,M,"Yeah, maybe a little more."
15,2,4,,D,"Okay, so right at the bottom right-hand side, there's like a small triangle with a point downwards."
15,2,4,,D,"And then it connects to like a bigger base, like a triangle pointing upwards,"
15,2,4,,D,"as it connects into kind of like two arms, one that runs towards the left,"
15,2,4,,D,"like right there in the middle, and then one that kind of goes towards the right, but less so, kind of in a diamond shape on top."
15,2,4,x,D,"Oh, okay."
15,2,4,,M,Is it the one with the platform?
15,2,4,,D,"Yeah, on the left-hand side, yeah."
15,2,4,x,D,"Oh, okay."
15,2,5,,D,This is the prancing horse with the left hand side leg bent lower.
15,2,6,,D,This is the house with the tree on the left.
15,2,7,,D,"This is the one we said, like, the hardest one, where, like, it has the diamond on the top, kind of blob in the middle, and then it, like, slightly turns towards the right at the end."
15,2,7,x,M,Does that make sense?
15,2,7,,D,"Um... Yeah, like, I tried moving towards the bottom on the right, but it's, like, connected to one big body that runs towards the top."
15,2,7,x,M,That.
15,2,7,x,M,"Yeah, cool, okay."
15,2,7,x,M,That's the hard one.
15,2,7,x,M,Yeah.
15,2,8,,D,"Yeah, this is the dancer with her foot out towards the right and her two hands to the left."
15,2,9,,D,"This is, I think you call this the, like, Baby Yoda one."
15,2,9,,D,"Like, the person with the hands out over that hand side with the little feet."
15,2,9,x,M,What was that?
15,2,9,,D,"That's, like, the one which is, like, I think you call it Baby Yoda or something."
15,2,9,x,D,"Oh, yeah."
15,2,9,x,D,"Yeah, yeah."
15,2,10,,D,"Okay, this is the kind of"
15,2,10,,D,weird doesn't really have a shape one that runs from the top left to the bottom right.
15,2,10,,M,The squiggle?
15,2,10,x,D,Yeah.
15,2,11,,D,This is the more simple one with the big block at the bottom and the thinner rectangle running from the left to the top.
15,2,11,,D,with the rabbits.
15,2,12,,D,This is the one who's just like a man sat against the wall with his knees bent.
15,2,13,,D,"This is the one with the two triangles right at the top, with the tips only just connected to the rest of it."
15,2,13,,D,"And it has like thicker triangles towards the bottom, with like the head thing like kind of halfway up."
15,2,13,x,D,This is
15,2,13,x,D,So we look like anything.
15,2,13,,D,That's just the one triangle right at the top.
15,2,13,,D,Small one.
15,2,13,x,D,OK.
15,2,14,,D,"It's like the other one, but take away the other triangle."
15,2,14,x,M,Cool.
15,2,14,x,M,"Yeah, cool."
15,2,15,,D,"This is the, like, I think I called it like the backward seven type shape."
15,2,15,x,M,"Yeah, yeah."
15,2,15,x,M,"Yeah, cool."
15,2,16,,D,This is the other house with the tall one on the right.
15,2,17,,D,The thin one with the two shapes coming out on either side.
15,2,17,,D,"One on either side rather, starting off center."
15,2,18,,D,The most simplistic dog with the legs on the same level as each other.
15,2,18,x,E,"Oh good, I ended up being more of the phenomenonist on the right hand this time and I didn't actually move them, so I don't have anything changed, but just to keep you updated."
15,2,18,x,E,That's good.
15,2,18,,E,"That could potentially be, I guess we can find out after this one, right?"
15,2,18,,E,Yeah.
15,2,18,,E,Okay.
15,2,18,,E,Is that to the left of me?
15,2,18,,E,I think.
15,2,18,,E,This?
15,2,18,,E,Okay.
15,2,18,,E,Okay.
15,2,18,,E,"Yeah, of course, yeah."
15,2,18,,E,"Yeah, it's good with me."
15,3,1,,D,This is the weird squiggle shape that goes from top left to bottom right.
15,3,1,x,M,Cool.
15,3,2,,D,This is the one with the two tiny triangles on top.
15,3,2,x,M,Yep.
15,3,3,,D,This is the one with the arms out to the right and the knee bent to the right.
15,3,3,x,M,Yeah.
15,3,3,x,M,Cool.
15,3,4,,D,The guy sitting against the wall with the bent knees.
15,3,4,x,M,Yep.
15,3,6,,D,"The house with the thing, the long skinny thing on the right."
15,3,6,x,M,"Okay, I'm gonna write this down."
15,3,6,x,M,There we go.
15,3,7,,D,The person riding the horse?
15,3,7,x,M,Mhm.
15,3,8,,D,"The one with the one triangle up top, like this?"
15,3,8,x,M,"Yeah, I got it."
15,3,9,,D,The Prancing Horse.
15,3,10,,D,The one that I said looked like Yoda.
15,3,10,x,M,Yeah.
15,3,11,,D,The dancer with the long leg out to the left and the triangle to the bottom right.
15,3,12,,D,The other dancer with the one foot down and the other foot up to the right.
15,3,13,,D,The simple one with the rectangle on the bottom and the big rectangle on the left side and the triangle on the top left.
15,3,13,,M,"The one with the block at the bottom and the triangle that runs out, right?"
15,3,13,x,D,Yeah.
15,3,13,x,M,Yeah.
15,3,13,x,M,"Okay, cool."
15,3,14,,D,The one with the platform to the left and the triangle all the way to the bottom right.
15,3,15,,D,The house with the tree to the left.
15,3,16,,D,The one that we said was really hard to guess with the...
15,3,16,,D,"The small triangle at the top, right?"
15,3,16,,D,"The diamond at the top and the small triangle to the bottom, right?"
15,3,16,x,M,"Oh, yeah."
15,3,16,x,M,I know what you mean.
15,3,16,x,M,One second.
15,3,17,,D,"The one that's really long and has the two shapes, like almost centered but a little off."
15,3,17,x,M,Yep.
15,3,18,,D,The simple dog.
15,3,18,x,E,That was better.
15,3,18,x,E,I kind of had my arm fully stretched out down my side and that seemed to work better than having anything kind of bent.
15,3,18,,E,I'm good.
15,3,18,,E,"Yeah, I feel like it helped a little bit."
15,3,18,,E,I feel like I'm more tense when I'm talking.
15,3,18,,E,"Okay, go get it."
15,4,1,,D,The Prancing Horse.
15,4,2,,D,The Backwoods Seven.
15,4,3,,D,The More Simple Dog.
15,4,4,,D,The one with the platform on the left and the small triangle on the far far bottom right.
15,4,4,x,M,Okay.
15,4,5,,D,The man stands up against the wall with his knees bent.
15,4,6,,D,"The dancer with the foot out to the right and the two hands to the left, high to the right."
15,4,7,,D,The man with the knees bent towards the right and the hands out towards the right.
15,4,8,,D,The one with the two triangles at the top and the middle.
15,4,9,,D,The dancer with the long left leg that kind of sweeps.
15,4,10,,D,The one that's thin down the middle with the two shapes half centre.
15,4,11,,D,The house with the tree to the left.
15,4,12,,D,"Yoda, the one with the hand out to the left."
15,4,13,,D,The simple one with the big block at the bottom and the triangle on the left is at the top.
15,4,14,,D,"You won with the single triangle right at the top, the small one."
15,4,15,,D,"This could be one, and you got it on the top left palm, right?"
15,4,16,,D,"The difficult one with the triangle head and the small rectangle, no sorry, triangle the wrong way."
15,4,17,,D,"The house, the tool part on the right."
15,4,18,,D,Pass the ball to my horse.
15,4,18,x,E,Yeah.
15,4,18,x,E,"Yeah, that's so fun."
15,5,1,,D,The person sitting with the knees bent.
15,5,2,,D,Prancing horse.
15,5,4,,D,The two small triangles at the top.
15,5,4,,M,"The two small triangles, yeah?"
15,5,4,,D,"Yeah, the two."
15,5,4,x,M,Okay.
15,5,5,,D,The person riding the horse.
15,5,6,,D,The house with the tree to the left.
15,5,7,,D,The swiggling shape of the top of the egg.
15,5,8,,D,The backwards seven.
15,5,9,,D,"The hard one with the triangle at the bottom, right?"
15,5,9,x,M,"Yeah, yeah."
15,5,10,,D,The one with the one small triangle at the top.
15,5,10,x,M,Yep.
15,5,11,,D,the hands out to the right and the knee out to the right and the flat bottom.
15,5,12,,D,The simple one with the rectangle and the left side.
15,5,13,,D,The one with the platform to the left.
15,5,14,,D,That's answering the sweeping leg.
15,5,15,,D,The house with that tall thing on the right.
15,5,15,x,M,Mhm.
15,5,16,,D,The skinny thing in the middle with the two shapes offset there.
15,5,16,x,M,Mhm.
15,5,17,,D,The dancer with the foot up to the right and the arms to the left.
15,5,18,,D,A simple dog.
15,5,18,x,E,"Yeah, pretty good."
15,5,18,x,E,"A little bit of pain in my ears, but nothing."
15,5,18,,E,"Potentially, yeah."
15,5,18,,E,"Cool, thank you."
15,5,18,,E,Okay.
15,5,18,,E,Okay.
15,5,18,,E,"Oops, sorry."
15,5,18,,E,I can't remember.
15,5,18,,E,Can you see where it is?
15,5,18,,E,"Oh, here it is."
15,5,18,,E,"Okay, yeah."
15,5,18,,E,"Okay, yeah, that's really somewhat the pressure from it."
15,5,18,,E,"Yeah, thank you."
15,5,18,,E,Yeah.
15,5,18,,E,Okay.
15,5,18,,E,"Yeah, I will do."
15,5,18,,E,Thank you.
15,5,18,,E,Yeah.
15,5,18,,E,Can you see if my fingers are on the right button?
15,5,18,,E,I don't know if I turned it around.
15,5,18,,E,Is this right?
15,5,18,,E,"Okay, cool."
15,5,18,,E,Thank you.
15,5,18,,E,"Yeah, thank you."
15,6,1,,D,"Okay, the house with the tall part on the right hand side."
15,6,1,x,M,Okay.
15,6,2,,D,Prancing horse.
15,6,3,,D,Yoda.
15,6,4,,D,The one with the knees bent and the hands out on the right hand side.
15,6,5,x,D,"Yeah, this couldn't be lied."
15,6,5,x,D,"The top quite, yeah, cool."
15,6,6,,D,"Itatsu, the sweeping leg, out the left."
15,6,7,,D,The simple dog.
15,6,8,,D,"the hard one, the triangle on the runway."
15,6,9,,D,The one with the two triangles at the top.
15,6,10,,D,The simple one with the block at the bottom and the thing on the left that goes up to the top.
15,6,10,x,M,"Yeah, cool."
15,6,11,,M,The person against the wall with the knee-span.
15,6,12,,M,"with the dancer leg out on the right, arms on the left."
15,6,13,,M,Backward seven.
15,6,14,,M,The one that's thin down the middle with two shapes coming off it.
15,6,15,,M,A person riding a horse.
15,6,16,,M,One with a single triangle right at the top.
15,6,17,,M,The one with the platform on the left.
15,6,18,,M,on the house with the tree on the left.
15,6,18,x,E,"Ah, yeah, it's okay."
15,6,18,x,E,Good.
15,6,18,x,E,Okay.
15,6,18,x,E,Okay.
15,7,,x,E," Okay, the house with the tool part on the right hand side."
15,7,,,E,Okay.
15,7,,,E,Prancing horse.
15,7,,,E,Yoda.
15,7,,,E, The one with the knees bent and the hands out on the right hand side.
15,7,,,E,"Yeah, this couldn't be lied."
15,7,,,E,"The top quite, yeah, cool."
15,7,,,E," Itatsu, the sweeping leg, out the left."
15,7,,,E,The simple dog.
15,7,,,E," the hard one, the triangle on the runway."
15,7,,,E,The one with the two triangles at the top.
15,7,,,E, The simple one with the block at the bottom and the thing on the left that goes up to the top.
15,7,,,E,"Yeah, cool."
15,7,,,E,The person against the wall with the knee-span.
15,7,,,E," with the dancer leg out on the right, arms on the left."
15,7,,,E,Back with seven.
15,7,,,E, The one that's thin down the middle with two shapes coming off it.
15,7,,,E,A person riding a horse.
15,7,,,E, One with a single triangle right at the top.
15,7,,,E,The one with the platform on the left.
15,7,,,E, on the house with the tree on the left.
15,7,,,E," Ah, yeah, it's okay."
15,7,,,E,Good.
15,7,,,E,Okay.
15,7,,,E,Okay.
15,7,1,,D," Um, it's the one with the legs at the 90 degree angle towards the bottom and the head at the top with the triangle clenching to the left."
15,7,1,x,E,"Okay, yeah."
15,7,1,x,E,"Okay, thank you."
15,7,1,x,E,"Oh, this is it."
15,7,2,,D," Uh, it's the one riding the horse and the head's kind of like tilted down to the left."
15,7,2,x,M,"Okay, yeah."
15,7,3,,D,It looks like the swan swimming.
15,7,3,x,M,Yep.
15,7,4,,D," Um, it's the one that, like, um, almost looks like a claw going up to the top right corner."
15,7,4,,D,"Ah, yes, with the tail, the little triangle on the left."
15,7,4,x,M,Yeah.
15,7,4,x,M,Yeah.
15,7,4,x,M,Wow.
15,7,4,x,M,"Oh, wait, I just didn't press the right one."
15,7,4,x,M,"Oh, okay."
15,7,4,x,M,"Oh, wait."
15,7,4,x,M,"Oh, okay, okay, I see."
15,7,5,,D," This is the one, the dancer with the leg out to the right and the two arms to the left."
15,7,5,x,M,"Yes, yeah."
15,7,6,,D,This is the one with the one small triangle up top.
15,7,6,x,M,Yep.
15,7,7,,D, This is the one with the two diamond shapes overlapping each other and the square at the top.
15,7,8,,D,This one you said looks like a UFO.
15,7,8,x,M,"Yes, yeah."
15,7,9,,D," This one, there's a diamond at the top, a small platform to the right, and the bottom left corner forms a right angle."
15,7,9,,D,And there's a point towards the bottom right.
15,7,9,,D,It almost looks like someone kneeling.
15,7,9,,D," facing them right when their, like, toes pointed up in the back."
15,7,9,x,M,"Uh... No, I didn't really... Oh, wait, maybe..."
15,7,9,x,M,Okay.
15,7,9,x,M,Yeah.
15,7,9,x,M,Yeah.
15,7,10,,D,This is the person sitting with the knees bent back against the wall
15,7,10,x,M, Right.
15,7,10,x,M,Yeah.
15,7,11,,D,This is the prancing horse.
15,7,11,x,M,Yep.
15,7,12,,D,This is the simple dog.
15,7,13,,D," This one has one, like, foot flat on the floor, one up towards the left."
15,7,13,,D,"The head is all the way to the right, kind of sliding backwards."
15,7,13,,D,"There's a weird thing, like, protruding off the top left."
15,7,13,,D,"Yeah, a weird thing, yeah."
15,7,13,,D,Almost like a zombie.
15,7,13,x,D,"Yeah, pretty much, yeah."
15,7,14,,D," This is the one with the arms to the right, knees to the right."
15,7,14,x,M,"Yes, yeah."
15,7,14,x,M,Cool.
15,7,15,,D,The simple rectangle with the long rectangle up to the left.
15,7,16,,D," The crab, the simple crab."
15,7,17,,D,The two small triangles at the top.
15,7,18,,D," Um, it kind of looks like a dog, like, with, like, up to the right."
15,7,18,,D,"Um, it has a triangle, yeah."
15,7,19,,D,"The, um, like, whole, like, one with the two shapes on either side."
15,7,19,x,M,Yeah.
15,7,20,,D, It's the one with two triangles at the top connected to like a crooked square and then like a big right triangle.
15,7,20,x,M,Yeah.
15,7,21,,D,This is the one I said looks like it's flying with the diamond shaped arms.
15,7,22,,D," This one has one straight leg, one bent leg."
15,7,22,,D,"It's like flat on the left hand side, pointy on the right."
15,7,22,x,M,"Yeah, I got it."
15,7,22,x,M,Okay.
15,7,23,,D,Yoda.
15,7,24,,D, The house with the tree to the left.
15,7,25,,D,backwards seven
15,7,26,,D,so along with the platform to the left and the small triangle to the bottom right
15,7,27,,D, the other house with the thing to the right.
15,7,28,,D,"There's like a diamond at the top, a small platform to the left, and like a small triangle pointing to the right."
15,7,28,x,M," And the bottom... Oh, sorry."
15,7,28,x,M,I pressed the wrong button.
15,7,28,x,M,I didn't mean to do that.
15,7,28,x,M,You're good.
15,7,29,,D,This one is completely flat on the left side and squiggly on the right side.
15,7,29,,D,And then there's the diamond shape at the top.
15,7,29,x,M,"Yeah, I got it."
15,7,29,x,M,Cool.
15,7,29,x,M,Thank you.
15,7,30,,D," Um, the heart shape."
15,7,30,x,M,Yep.
15,7,31,,D,The person riding the horse.
15,7,32,,D, There's a diamond at the top and then a triangle connected to it to the right.
15,7,32,,D,"There's a corner, like a right angle corner at the bottom right."
15,7,32,,D,Another triangle pointing to the left at the bottom.
15,7,32,x,M,"Oh, maybe."
15,7,32,x,M,I don't know.
15,7,33,,D, The diver.
15,7,34,,D,The squiggly shape.
15,7,35,,D, The more complex crab thing with the thing coming out the bottom right.
15,7,36,,D,"Oh, the sweeping leg dancer."
15,7,36,x,E," Okay, all good."
15,7,36,x,E,I'm good.
15,7,36,,E,"Okay, sure."
15,7,36,,E," Yeah, that's good."
15,7,36,,E,Perfect.
16,0,2,,D, and a rectangle.
16,0,2,,M,A rectangle?
16,0,2,,D,Rectangle body.
16,0,2,,M,Is its head also like a parallelogram?
16,0,2,,D,"Yeah, it has two legs."
16,0,2,,D,But it doesn't have a tail.
16,0,2,,D,No tail.
16,0,2,,D,Doesn't have a tail.
16,0,3,,D," It's like a very voluptuous woman, or you could think of it as a bag of grapes."
16,0,3,,D,"It's like a bunch of grapes, like two squares, two diamonds, one on top of the other, and then a square on top."
16,0,3,x,M,Okay.
16,0,4,,D, It's like a peasant who's sitting on the ground.
16,0,4,,D,He's sitting on his butt.
16,0,4,,D,"His legs are, you know, in front of him."
16,0,4,,D,His head is a square.
16,0,4,,D,And his neck is slightly inclined.
16,0,4,,D,And his arms are below him.
16,0,4,,D,"And, yeah, so his whole body is on the ground."
16,0,4,,D,"And he's, like, craning his neck."
16,0,4,,D,His back is bent.
16,0,4,,D,His back is bent.
16,0,4,,D,he's he's not kneeling he is not kneeling he's not kneeling
16,0,4,,D,so it's like he's sitting sitting like he's lying on his back he's lying on his back he's lying on his back he's lying on his back
16,0,4,,D,but his his back is up like you know what i mean like when you're like in your bed on a pillow with a computer
16,0,4,,M,yeah okay yeah got it
16,0,5,,D," Oh, okay, so it's this guy leaning over diagonally."
16,0,5,,D,That's the first one.
16,0,5,,D,And then this guy has his arms raised.
16,0,5,,D,"Like, what are you doing?"
16,0,5,,D,And then he's kind of like weirdly diagonal.
16,0,5,x,M,Okay.
16,0,5,x,M,"So, yeah."
16,0,5,x,M,"Okay, cool."
16,0,5,x,M,Cool.
16,0,6,,D," Oh, it's like a rabbit."
16,0,6,,D,It's a rabbit that's sitting and contemplating life.
16,0,6,,D,It's got two ears.
16,0,6,x,M,LOL.
16,0,6,x,M,I got you.
16,0,7,,D,"Okay, so this is like a crab."
16,0,7,,D,"It's like a really simple, symmetric structure."
16,0,7,,D,It's like a bowl.
16,0,7,,D,A bowl or a crab.
16,0,7,,D,"You know, like a crab with its arms up."
16,0,7,x,D,"Like,"
16,0,7,x,D," Like, yeah, okay, cool."
16,0,8,,D,"Oh, man, this one's really weird."
16,0,8,,D,"Man, it's like that rabbit, but, like, the rabbit got really fucked up."
16,0,8,x,D,"And it's, like, um..."
16,0,8,x,D,"Okay, okay, okay."
16,0,8,,D,"So there's, like, two rabbits, right?"
16,0,8,,D,It's not the one that has a square tail.
16,0,8,,D,It's not the rabbit with the square tail.
16,0,8,,D,It is not that one.
16,0,8,,D,It's the rabbit...
16,0,8,,D, with a triangle for a hand.
16,0,8,,D,"Like, it's got a square ear and a triangle ear, but there's, like, two ears on top of it, and it's got, like, a triangle sticking out of it on the side."
16,0,8,x,D,Do you know what I'm talking about?
16,0,8,x,M,"Oh, oh, oh."
16,0,8,,D,"A square and a triangle on the top, and a triangle sticking out."
16,0,8,x,M,Cool.
16,0,8,x,M,"Oh, got it."
16,0,9,,D," Uh, this is, like, a mouse."
16,0,9,,D,"It's, like, again, just square in the triangle ears."
16,0,9,,D,"Uh, the mouse is, like, looking up."
16,0,9,,D,"Its face is, like, very pointy and sharp."
16,0,9,,D,"And it has, like, a triangle paw, again, that's kind of sticking out."
16,0,9,,D,But it's not actually sticking out.
16,0,9,,D,"It's, like, part of it."
16,0,9,,D,"Uh, so, square, square ear, triangle ear, looks like a mouse."
16,0,9,,D,"Wait, square, oh, yeah, okay."
16,0,9,x,D,I see it.
16,0,10,,D,uh this is like a um it's like a straight line
16,0,10,x,D,it's a no no no
16,0,10,,D,let me retry that uh so from the top left to the bottom right
16,0,10,,D,it's like a straight line
16,0,10,,D,it looks kind of like a horse without legs like it only has back legs
16,0,10,,D,like it's like a horse rearing but like the front legs like fell off or something um
16,0,10,,D," Wait, top left to bottom right is a straight... Oh."
16,0,10,,D,"It's like a horse that's pawing the air, but no paw."
16,0,10,,D,It's like a horse that...
16,0,10,,M,Is it like triangular at the top left?
16,0,10,,D,"Yeah, there's a triangle on the top left and a triangle on the bottom left."
16,0,10,x,M,Okay.
16,0,11,,D," Oh, this is like a horse, but it's got two legs."
16,0,11,,D,And the horse is kind of like an origami crane.
16,0,11,,D,"Actually, it's kind of like an origami crane now that I think about it."
16,0,11,,D,It's like a horse or an origami crane.
16,0,11,,D,"It's got a triangle head, two triangle legs, and a parallelogram tail."
16,0,12,,D," Uh, this is like, um, oh man, this one's kind of annoying."
16,0,12,,D,So there's like a square head.
16,0,12,,D,The square head is like the highest point on its body.
16,0,12,,D,There's nothing higher than the square.
16,0,12,,D,"I mean, uh, it's actually a diamond head."
16,0,12,,D," Then it has a big triangle directly below the diamond head, like a big triangle."
16,0,12,,D,"And then it's balancing this, like, cup on its lap, like this wine glass on its lap."
16,0,12,,D,"It's, like, leaning backwards."
16,0,12,,D,"I guess it's, like, a man with its arms behind him, sitting down, arms behind the chair."
16,0,12,,D,"And it's balancing, like, a wine glass on its, like, on its lap."
16,0,12,x,M,Yeah.
16,0,12,x,M,Yeah.
16,0,12,,M," Wait, so it's a diamond on top."
16,0,12,,D,A diamond on top.
16,0,12,,D,And then a triangle.
16,0,12,,D,It's like a big triangle torso.
16,0,12,,D,A big triangle.
16,0,12,,D,Just one triangle.
16,0,12,,D,No rectangles.
16,0,12,,D,It's like a big triangle torso.
16,0,12,,D,And it's kind of like sitting down.
16,0,12,,D,It kind of looks like it's sitting down.
16,0,12,,D,"And there's like an upside down triangle on its crotch, basically."
16,0,12,x,M,Okay.
16,0,12,x,M,Okay.
16,0,13,,D,"Okay, uh, again, triangle boy, uh, diamond boy, diamond boy,"
16,0,13,,D,"uh, no, not the same one,"
16,0,13,,D,"but, um, this guy has, like, uh, he's, like, going places, you know,"
16,0,13,,D,"he's, like, he's, like, going places and not dancing,"
16,0,13,,D,"he's, like, there's, like, a triangle, upside-down triangle, and there's a straight-"
16,0,13,,M,"Is this, like, he's making a big step?"
16,0,13,,D,"Yeah, yeah, big step, big step boy, but not the dancer boy, not dancing, okay, cool, yeah, you got it."
16,0,14,,D," Oh man, this is like the two-headed guy."
16,0,14,,D,"So this guy's got two heads and he's stepping upward like, you know, like he has a foot off the ground and a foot on the ground and the feet are pretty well defined."
16,0,14,,D,He's like kicking his leg up.
16,0,14,,D,"Or it's like a one guy carrying a flag, but I honestly think it's a guy with two heads."
16,0,14,,M,Is one of the heads like a square?
16,0,14,x,D,Yeah.
16,0,14,,D," One head is a square, the other head is a trapezoid."
16,0,14,x,M,Okay.
16,0,14,,D,"And he's, like, kicking."
16,0,14,,D,"He has this, like, back hunch for the... Yeah, cool."
16,0,15,,D,This is a gun.
16,0,15,,D,It's the gun.
16,0,15,x,M,Okay.
16,0,15,x,M,"That is what I thought when I saw it, too."
16,0,15,x,M,Let's go.
16,0,16,,D,"Oh my god, um, this is like a diamond head, it has a diamond head,"
16,0,16,,D,"and it, it, oh my god, it's got like, um, it's got like some triangle arms,"
16,0,16,,D,"uh, maybe it's like a queen kneeling down,"
16,0,16,,D,"um, it's got like a weird thing behind its like butt, I guess, like some like sharp pointy thing sticking out."
16,0,16,,M,"Okay, is it like he's kneeling, maybe?"
16,0,16,,D,"Yeah, it's kneeling, it's kneeling, yeah."
16,0,16,x,D," Wait, top left to bottom right is a straight... Oh."
16,0,17,,D,oh so this is like a skinny small head uh triangle head and it's like bending over with a block in its arms
16,0,17,,D,like it's bending over you know like carrying a block and it's got like a triangle for a head
16,0,17,,M,a sideways triangle
16,0,17,,D,yep
16,0,18,,D, It's a llama.
16,0,18,x,D,"Oh, wait, wait, wait, wait."
16,0,18,,D,It's a llama with no tail or legs.
16,0,18,,D,It's the block llama.
16,0,18,x,D,Okay.
16,0,19,,D,"Oh, it's a house."
16,0,19,,D,It's the house with the chimney.
16,0,19,,D,"Oh, without the weird, weird, yeah, no arrow."
16,0,19,,D,Not the arrow chimney guy.
16,0,20,,D," Oh man, it's like a horse with a little boy on top."
16,0,20,,D,"Uh, it's like, um, there's a triangle tail, there's like triangle head, triangle legs, there's like a thing sitting on top of it."
16,0,20,x,M,Okay.
16,0,20,x,M,"Uh, bruh."
16,0,21,,D, It's like a guy wearing a cape.
16,0,21,,D,"Okay, it's like a, uh, square head, and this guy, like, has his arms out, and he's, like, wearing a cape, so the cape, like, covers a lot, so he's like, whoosh, look, I'm a magician."
16,0,21,,M,"Does he have, like, triangle feet?"
16,0,21,,D,"Uh, no wings."
16,0,21,,D,One side is just a big square.
16,0,21,,D,"Like, one side is just a big rectangle."
16,0,21,,D,"Uh, the left side is just a big rectangle, and the right side has, like, arms and a body and feet."
16,0,21,x,D,"Oh, okay."
16,0,22,,D," Oh, it's like a flamingo, but sideways."
16,0,22,,D,"And it's like on the bottom left corner, there's a triangle."
16,0,22,x,D,Yeah.
16,0,23,,D, It's like a dancer.
16,0,23,,D,"It's the guy kicking his leg up, like, woo!"
16,0,23,,D,"Like, you know, he has a square head, and he's got two arms out in front of him."
16,0,23,,D,"He's balancing with one leg, and the other leg is kicked upwards."
16,0,23,,D,Behind him.
16,0,23,x,D,Yeah.
16,0,24,,D,"Uh, arrow house."
16,0,24,,D,Arrow house.
16,0,24,,D,Arrow chimney house.
16,0,24,,D,Arrow...
16,0,25,,D," It's just a straight line up and down with some weird, it's like a bamboo, you know, it's like a straight line up and down with some weird stuff growing."
16,0,26,,D,"It's like a scorpion, like a scorpion with a little tail on the bottom and its claws on the top."
16,0,26,,M," Is it like, symmetrical claws?"
16,0,26,,D,"Yep, symmetrical claws, but not- yep."
16,0,27,,D,"It's like a gentleman with a top hat, uh, and he's like, holding his arm out."
16,0,27,,D,He's got two triangle flipper feet.
16,0,27,,M,Two triangles for feet?
16,0,27,x,D,Yep.
16,0,27,,M, Is it like he has one arm out?
16,0,27,,D,"Yeah, one arm out."
16,0,27,x,D,"Yeah, yeah, yeah, yeah."
16,0,28,,D," Oh man, it's the monk that's kneeling."
16,0,28,,D,"It's the guy that has his arms out, though."
16,0,28,,D,"His arms are out, and he has a square head, and he's kneeling."
16,0,28,x,D,"Like, here, take my..."
16,0,29,,D," Oh, it's the lonely boy."
16,0,29,,D,"Uh, he has no friends, so he's just sitting there."
16,0,29,,D,"No arms, no legs, just a torso and a knees, you know?"
16,0,29,x,D,Yeah.
16,0,30,,D,"Uh, it's like an artillery tank, but they put, like, a giant, like, uh, diamond on top of the artillery tank, you know?"
16,0,30,,D," Uh, so it's like really symmetrical and it's like the opposite of the crab."
16,0,30,,D,It's not the crab.
16,0,30,,D,"It's like symmetrical and there's like a, yeah."
16,0,31,,D, It's another one of the lonely boys.
16,0,31,,D,"It's one of the monks, but it's not the two that we talked about before."
16,0,31,,D,"He's standing, but he has his arms out, but his knees aren't bent."
16,0,31,,D,"He has some cloth on his hands, hanging down."
16,0,31,,D,"It's one of the monk boys, but he's standing upright, one foot maybe, peeking out."
16,0,31,,D," His arms are stretched out, there's something hanging down from his arms."
16,0,31,x,D,Yeah.
16,0,32,,D,"Oh man, the abstract art one."
16,0,32,,D,"Like, the one that is just completely a mess and there's like no way to interpret it."
16,0,32,,D,It's got a square on top and a bunch of triangles.
16,0,32,,D, I think you know what I mean.
16,0,32,,D,It's the one that is in the urinal.
16,0,32,,D,It's not the mouse.
16,0,32,x,M,"Oh, wait."
16,0,32,x,M,"Actually, wait, wait."
16,0,32,x,M,"Okay, okay."
16,0,32,x,D,Let me re-describe it.
16,0,32,,D,There's two weird ones.
16,0,32,,D,So it's not the queen that's kneeling.
16,0,32,,D,"It's, like, the five-pointed thing."
16,0,32,,D,"There's, like, two triangle feet and, like, two heads that come out on either side."
16,0,32,,D,"And, like, another triangle sticking out of the middle."
16,0,32,,D,"And on top of the triangle sticking out of the middle, there's, like, a square thing."
16,0,32,,D," It's pretty flat, it's pretty symmetrical."
16,0,32,,D,"It's like a two-sided horse, the two-headed horse."
16,0,32,x,D,Does that make sense?
16,0,32,,D,Two-headed horse with a boy on top.
16,0,32,,D,"Oh wait, no, it's more like a dog with a boy on top, now that I think about it."
16,0,33,,D,"It's the tip scales, the scales that are falling off a table."
16,0,33,,D,"It's like, uh, rotated at a, if you took a scale, like, imagine a set of scales,"
16,0,33,,D,"like, you know what I mean, like, two balancing thingy-ba-bongs, and, like, you took a scale and you rotated them 45 degrees clockwise."
16,0,33,,M,"Yeah, is it, like, there's a triangle-esque object on the bottom?"
16,0,33,x,D,Yeah.
16,0,33,x,D,Okay.
16,0,34,,D," Oh, man, it's like the rabbit."
16,0,34,x,D,"Uh, yeah, uh, no, no, no, wait, okay."
16,0,34,,D,"So, it's a rabbit with two ears."
16,0,34,,D,Two triangles for ears.
16,0,34,,D,And there's a square for its bunny tail.
16,0,34,,D,"Two triangles for ears, cool."
16,0,35,,D,It's a urinal.
16,0,35,,D,"Uh, a toilet, a toilet, a toilet."
16,0,35,,D,It's a toilet with a diamond on top.
16,0,35,x,M," Wait, what?"
16,0,35,,D,It's a toilet.
16,0,35,,D,It looks like a toilet.
16,0,35,,D,"Like a toilet, you know?"
16,0,35,,D,It has a diamond on top.
16,0,35,,D,On the top.
16,0,35,,D,"If you take out the diamond, it looks like a toilet."
16,0,35,,D,A toilet where the seat is to the left.
16,0,35,,D,The seat is to the left.
16,0,35,,D,Like a potty.
16,0,35,,D,"And, like, it just has a diamond on top."
16,0,35,x,D,"Oh, oh, oh."
16,0,36,,D," Okay, so this is the guy doing the dance."
16,0,36,,D,He has a square head and his arm is out posturing and he's got one leg that's longer than the other.
16,0,36,,D,One leg.
16,0,36,,D,He's like doing some sort of dance move.
16,0,36,,D,"Like, I'm Michael Jackson, I'm so cool."
16,0,36,x,E,Awesome.
16,0,36,,E," Good, I'm... Am I allowed to scratch my head, lol?"
16,0,36,,E,Yes.
16,0,36,,E,"Okay, cool."
16,0,36,,E," Wait, is it possible to come out for a moment?"
16,0,36,,E,Because I'm getting a little bit scared or like a little claustrophobic.
16,0,36,,E," I don't want it to take too long, but... No, it's just that I want to scratch the itch, if that's possible."
16,0,36,,E,"Sorry, please."
16,0,36,,E,I'm...
16,0,36,,E,Sorry.
16,0,36,,E," Sorry, I like have like a fear."
16,0,36,,E," Yeah, definitely let me know if you feel like I have a lot of"
16,0,36,,E," Okay, sounds good."
16,0,36,,E," Yep, I'm good."
16,0,36,,E, Is this the last one or is there more?
16,0,36,,E,"Oh, how?"
16,0,36,,E,"Okay, okay, so."
16,0,36,,E," Okay, what time is it?"
16,0,36,,E,"Okay, perfect."
16,0,36,,E,Thank you so much.
16,0,36,,E, Thank you for watching.
16,0,36,,E, Ahahaha!
16,0,36,,E,Aww!
16,1,1,,D,"Okay, it's the one that looks like a tank."
16,1,1,,D,With the diamond on top.
16,1,1,x,M,Looks like a what?
16,1,1,,D,Tank?
16,1,1,x,E,"Sorry, I cannot hear you."
16,1,1,x,E,A what?
16,1,1,x,E,Oh.
16,1,1,x,E,I don't know if the volume.
16,1,1,,D,It looks like a tank.
16,1,1,x,M,"Oh, it's- Oh, oh, I know."
16,1,1,x,M,Okay.
16,1,2,,D,"Okay, this is the boy on the dog."
16,1,2,x,M,Okay.
16,1,3,,D,It's the guy with the triangle feet and the square head with one arm out.
16,1,3,x,M,I know what you mean.
16,1,4,,D,It's the dancing disco Michael Jackson one.
16,1,5,,D,"It's the one that's like perfectly symmetrical, that's like just two parallel sides."
16,1,5,x,M,"Oh, sorry, I did it wrong."
16,1,5,x,M,"I got too excited, my bad."
16,1,5,x,M,No worries.
16,1,5,x,M,"I thought that was the crab, lol."
16,1,5,x,M,"Oh, right."
16,1,5,x,M,The other one is like grapes or boobs?
16,1,5,x,M,Yeah.
16,1,5,x,M,Sorry.
16,1,5,x,M,Okay.
16,1,5,x,M,Anyways.
16,1,5,x,M,"Oh, sorry."
16,1,5,x,M,I pressed the wrong button.
16,1,5,x,M,Sorry.
16,1,5,x,M,I pressed the wrong button.
16,1,5,x,M,My bad.
16,1,5,x,M,It's okay.
16,1,5,x,M,Okay.
16,1,7,,D,It's the guy with two heads.
16,1,7,,D,One that's a square and one that's a... Yeah.
16,1,7,x,M,Okay.
16,1,8,,D,"Okay, now it's the grapes."
16,1,9,,D,"It's the flamingo, I think you said, that's sideways."
16,1,9,x,M,"Oh yeah, I know."
16,1,10,,D,"Okay, it's one of the guys that's kneeling that has, like, almost, like, a tail sticking out with his arms out."
16,1,10,x,M,"Oh, yeah, I know what you mean."
16,1,11,,D,"Um, it's the scorpion..."
16,1,12,,D,"Um, it's the mouse with the square and the triangle ears."
16,1,13,,D,"It's the guy with his arms held out who's, like, leaning at a diagonal angle."
16,1,14,,D,"It's the guy holding a wine glass with, like, the little train to his sleeve with a triangle body."
16,1,14,,D,The big triangle guy?
16,1,14,x,M,Yeah.
16,1,15,,D,It's the toilet.
16,1,16,,D,It's the one on the scale at a diagonal.
16,1,17,,D,It's the guy taking a really big step.
16,1,18,,D,It's the bunny that's like slouching with two triangle ears.
16,1,18,x,E,Nice.
16,1,18,x,E,Sorry about that.
16,1,18,x,E,Sounds good.
16,1,18,x,E,Thank you.
16,2,1,,D,Toilet.
16,2,1,,D,"Oh, it's a toilet."
16,2,1,x,M,"Oh, okay."
16,2,2,,D,Sad rabbit.
16,2,4,,D,Wineglass.
16,2,5,,D,Boy riding a dog.
16,2,6,,D,Top hat man with the two triangle feet.
16,2,6,,D,Arm out.
16,2,6,x,M,Yep.
16,2,7,,D,Sideway scales.
16,2,8,,D,"Flamingos, sideways flamingos."
16,2,9,,D,"Uh, grapes."
16,2,10,,D,Two-headed person.
16,2,11,,D,"Sideways, arms up, man."
16,2,12,,D,Scorpion.
16,2,14,,D,Kneeling with the tail.
16,2,14,,D,"The one with the tail that's kneeling, arms out."
16,2,15,,D,Magician cape boy.
16,2,15,,D,The arms out cape magician.
16,2,15,x,M,Whee!
16,2,15,,M,wait magician the one with the cape the cape the one with the one side is a rectangle the other side is
16,2,15,x,D,yeah
16,2,16,,D,big step boy
16,2,17,,D,"Dancing Boy, Michael Jackson."
16,2,18,,D,Mouse.
16,2,18,x,E,"Yeah, sounds great."
16,3,1,,D,Big step
16,3,2,,D,Magician
16,3,3,,D,Michael Jackson.
16,3,4,,D,Wineglass.
16,3,5,,D,Kneeling tail.
16,3,6,,D,Arms out.
16,3,8,,D,Flamingo.
16,3,9,,D,Boy on dog.
16,3,10,,D,Two headed man.
16,3,11,,D,Scorpio.
16,3,12,,D,Top hat.
16,3,12,x,M,"Sorry, what?"
16,3,12,x,M,Oh.
16,3,14,,D,Tilted scale.
16,3,15,,D,Toilet
16,3,16,,D,Crab
16,3,16,x,E,Great.
16,3,16,x,E,They're good.
16,3,16,x,E,They're good.
16,3,16,x,E,They're good.
16,3,16,x,E,Sorry.
16,3,16,x,E,They don't want to move on.
16,3,16,x,E,Okay.
16,4,3,x,D,"Oh, uh, take... Let me go."
16,4,3,,D,Crab.
16,4,4,,D,Scorpion.
16,4,5,,D,Kneeling tail.
16,4,6,,D,Michael Jackson.
16,4,7,,D,Big Step.
16,4,8,,D,Rabbit.
16,4,9,,D,Toilet.
16,4,10,,D,Mouse.
16,4,11,,D,scales
16,4,12,,D,wine glass
16,4,13,,D,Two heads.
16,4,14,,D,Boy riding dog.
16,4,15,,D,Top hat
16,4,16,,D,Magician
16,4,17,,D,Grapes
16,4,17,x,M,"Sorry, one more time."
16,4,17,x,D,Great.
16,4,18,,D,Arms out.
16,4,18,x,E,"Oh, perfect."
16,5,1,,D,Michael Jackson.
16,5,2,,D,Rabbit.
16,5,4,,D,Big step.
16,5,5,,D,Toilet
16,5,6,,D,Two heads
16,5,7,,D,Magician
16,5,8,,D,Crab
16,5,9,,D,Arms out.
16,5,10,,D,Flamingo.
16,5,11,,D,Top hat.
16,5,12,,D,Scorpion.
16,5,14,,D,Wine glass.
16,5,15,,D,Boy on dog.
16,5,16,,D,Scales.
16,5,18,,D,kneeling
16,5,18,x,E,"Before we start the next round, I think my left ear, like the earplug has fallen out."
16,5,18,x,E,I heard that.
16,5,18,,E,"Okay, yeah, that's fine."
16,5,18,,E,Yeah.
16,5,18,,E,Perfect.
16,5,18,,E,My legs are starting to tingle.
16,5,18,,E,"No, try not to cross."
16,5,18,,E,"Oh wait, no crossing legs."
16,5,18,,E,I forgot.
16,5,18,,E,No crossing legs.
16,5,18,,E,"Sorry, sorry, sorry, sorry."
16,5,18,,E,Fidget.
16,5,18,,E,"Yeah, I'm a fidgeter."
16,5,18,,E,Sounds good.
16,6,1,,D,Wine glass.
16,6,2,,D,Top hat.
16,6,3,,D,Tank.
16,6,3,x,M,Did you say tank?
16,6,3,,D,Tank.
16,6,4,,D,Crab.
16,6,5,,D,Scorpion.
16,6,5,x,M,One more time.
16,6,5,,D,Scorpions.
16,6,6,,D,Scales.
16,6,7,,D,"Rabbit, rabbit, rabbit."
16,6,7,x,M,"Sorry, I can't hear very well."
16,6,7,x,D,"Rabbit, rabbit, rabbit."
16,6,7,x,M,One more time?
16,6,7,x,D,Rabbit.
16,6,7,x,D,Rabbit.
16,6,7,,D,Bunny.
16,6,7,x,M,Sorry.
16,6,8,,D,Grapes.
16,6,8,x,M,"Wait, could you say that one more time?"
16,6,8,x,D,Grapes.
16,6,8,x,D,Grapes.
16,6,8,x,D,Okay.
16,6,9,,D,Big step.
16,6,9,,D,Big step.
16,6,10,,D,Magician.
16,6,11,,D,Arms.
16,6,11,x,M,What?
16,6,11,x,M,One more time?
16,6,11,,D,Arms out.
16,6,11,,D,Arms out.
16,6,12,,D,kneeling tail
16,6,13,,D,toilet
16,6,14,,D,Two Heads
16,6,15,,D,Flamingo
16,6,16,,D,Mouse
16,6,17,,D,Michael Jackson.
16,6,18,,D,Dog with a boy on it.
16,6,18,x,E,Okay.
16,6,18,x,E,Okay.
16,6,18,x,E,Sounds good.
16,7,1,x,E," Wait, is this still interactive?"
16,7,1,x,E,"Yeah, you're the speaker."
16,7,1,x,E,"Okay, sorry."
16,7,1,,D,"It's the guy on like a horse, but it's like a horse, like a baby horse on like a big horse."
16,7,2,,D, It's like the skinny triangle head that's holding like a diamond.
16,7,2,x,M,Okay.
16,7,4,,D,House with the arrow
16,7,5,,D,Crab
16,7,6,,D, It's the guy who's lying on his back as if against pillows with his knees up.
16,7,7,,D,Kneeling with his arms out.
16,7,8,,D, big step.
16,7,9,,D,"It's like the diagonal, you said like straight line from top left to bottom right."
16,7,10,,D, Grape.
16,7,11,,D,Rabbit.
16,7,12,,D,Michael Jackson
16,7,13,,D,Magician
16,7,14,,D, It's like a rabbit but with a square.
16,7,14,,D,Not really a rabbit.
16,7,14,,D,A square and a parallelogram that's like lying on the ground.
16,7,14,x,D,Mama.
16,7,17,,D, It's like it has two triangle ears.
16,7,17,,D,It has a diamond that is like in its middle to its left.
16,7,19,,D, Like bamboo.
16,7,21,,D, like a dog with no tail with a parallelogram head
16,7,21,,D, And a rectangle body.
16,7,22,,D,Boy on dog.
16,7,23,,D,Kneeling without arms
16,7,24,,D,House with chimneys
16,7,25,,D," Um, it's like a diamond head with one foot sticking out."
16,7,25,,D,I guess you could call it a dress.
16,7,25,,D,Like a triangle wearing a triangle on the bottom.
16,7,26,,D,Two heads.
16,7,27,,D, Scorpion.
16,7,27,x,M,Let me know.
16,7,29,,D, Wide glass.
16,7,30,,D,Top hat.
16,7,31,,D," It's the diamond head with one arm extended, like the train of a sleeve and of a robe."
16,7,32,,D,Mouse.
16,7,33,,D," Uh, dancing with one leg extended behind."
16,7,34,,D,God.
16,7,35,,D,arms out
16,7,36,,D,it's like the dog with the tail that has triangle feet i don't know
16,7,36,x,E," Oh, amazing."
16,7,36,x,E,Sounds good.
16,7,36,x,E,Okay.
17,0,1,x,E, Hello.
17,0,1,,E,Hi.
17,0,1,,E,Can you hear me?
17,0,1,,E,Yeah.
17,0,1,,E,Can you hear me?
17,0,1,,E,Hello.
17,0,1,,E,Hi.
17,0,1,x,E," Okay, got it."
17,0,1,x,E,"Um, so..."
17,0,1,,D,"There's, like, a square on the top, and then two tilted squares overlapping on the bottom."
17,0,1,,D,"It's like, imagine a person with their hands... Oh, wait, shit."
17,0,1,x,M,"Oh, I hit the wrong button instead of moving."
17,0,1,x,M,I'm so sorry.
17,0,1,x,M,No problem.
17,0,1,x,M,That was what I was trying to move towards.
17,0,1,x,M,I hit the wrong finger.
17,0,1,x,M,"Kill me, sorry."
17,0,2,x,D,"Right, um, so the next one..."
17,0,2,x,D, This one is like...
17,0,2,,D,It's sort of like a person trying to walk...
17,0,2,x,M,Okay.
17,0,2,,D,Backwards.
17,0,2,x,M,Okay.
17,0,2,,D,Backwards to the left.
17,0,2,x,M,Okay.
17,0,2,,D,His left leg is... To the left is the right one.
17,0,2,x,D,"And, um..."
17,0,2,x,D,Okay.
17,0,2,,M,And like with a triangle arm kind of?
17,0,2,,D,"Yes, like a triangle arm and a sort of square head-ish..."
17,0,2,x,M," Okay, I think I got it."
17,0,2,x,M,Oh.
17,0,2,x,M,Shit.
17,0,2,x,M,Okay.
17,0,2,x,M,Um...
17,0,3,x,D,"This one, it's like..."
17,0,3,,D,It's sort of like a wizard holding a cup.
17,0,3,,D,The cup is a triangle.
17,0,3,x,M,Okay.
17,0,3,x,D,"And, um..."
17,0,3,x,D, Let's see if there...
17,0,3,,D,"Uh, it's... Do you have any idea of, like, any possible options?"
17,0,3,x,M,"Like... Yeah, I think so."
17,0,3,,M,"Is it, like, kind of like a almost, like, upside-down, like, top hat kind of cup?"
17,0,3,x,D,Um...
17,0,3,,D,I wouldn't really say so.
17,0,3,x,D,Okay.
17,0,3,,D,If you look at the lower right of this particular picture...
17,0,3,x,D,Okay.
17,0,3,,D,"It's, like, it's missing..."
17,0,3,x,D," If you know what I mean, yeah."
17,0,3,x,D,Okay.
17,0,3,,M,"It's just... Um, is it, like... Is it, like, kneeling kind of, like, facing right?"
17,0,3,,D,"Like, from my perspective, it's holding the cup in its, um, left hand."
17,0,3,x,D,So I guess for... Yeah.
17,0,3,x,D,Okay.
17,0,3,x,D,"Uh, what else?"
17,0,3,x,D,Um...
17,0,3,,M," How are you telling with, like, left hand?"
17,0,3,,M,"Because, like, that's not something I can really make out."
17,0,3,x,D,"Yeah, true."
17,0,3,x,D,Um... Let me go out and describe this.
17,0,3,,D,"Um... Is the head, like, a, like..."
17,0,3,,D,"So the head is, like, a diamond?"
17,0,3,,D,"Yeah, it's a diamond, but there's a lot of diamond heads."
17,0,3,x,D,"Okay, yeah."
17,0,3,,M," And is it, like, kind of looking, like, standing or seated or kneeling or something?"
17,0,3,,D,It's sort of standing.
17,0,3,,D,"It's, like, facing you."
17,0,3,x,D,Okay.
17,0,3,,D,Standing up from sideways.
17,0,3,,M,"Does it have any, like, limb-like looking things?"
17,0,3,,D,Um... Just its... Just one arm holding the cup.
17,0,3,,D,"It's, like, the thing that looks like a cup."
17,0,3,x,D,Okay.
17,0,3,x,D,Yeah.
17,0,3,,M, Um... What shape is the cup?
17,0,3,,D,It's an upside-down triangle.
17,0,3,x,D,Okay.
17,0,3,,D,"Um... Like, only one tip is connected to the rest of the figure."
17,0,3,,M,"Only, like, one tip?"
17,0,3,,D,"Yeah, one point of the triangle."
17,0,3,x,D,Okay.
17,0,3,x,M,"I think I know which one, then."
17,0,3,x,M,Cool.
17,0,3,x,M,Cool.
17,0,4,x,D," Okay, so this one."
17,0,4,,D,"This one, it's like, there's also a diamond on top."
17,0,4,x,M,Okay.
17,0,4,,D,"But it's like on top of a table, sort of."
17,0,4,,D,"Like, this table is quite tall."
17,0,4,,D,"Because if you see the other, like, there are diamonds on top of tables of, like, squat tables and then tall tables."
17,0,4,,D,"I'm referring to, like, a taller table."
17,0,4,x,M, Okay.
17,0,4,,D,And this table doesn't have any protrusions.
17,0,4,,D,"None are like, no prominent protrusions, I would say."
17,0,4,x,M,Okay.
17,0,4,x,M,Yeah.
17,0,4,,M,"Is the table kind of like a, like, has like a triangle in the middle on top?"
17,0,4,,M,And then the diamond off of that?
17,0,4,,D,Not really.
17,0,4,,D,"It's just the diamond on top, and then sort of like a, it almost looks like a trapezoid, but the edge is a little jagged."
17,0,4,x,M, Okay.
17,0,4,x,D,Do you have any ideas?
17,0,4,x,D,"Maybe, like... Oh."
17,0,4,x,D,Okay.
17,0,4,x,D,"Okay, this one... Um..."
17,0,4,,D,It also has a diamond head.
17,0,4,x,D,Okay.
17,0,4,x,D,And then...
17,0,5,x,D,This time...
17,0,5,x,D, Uh...
17,0,5,x,D,It's like...
17,0,5,x,D,"It has... Oh, how should I..."
17,0,5,,D,This one's too hard to spell.
17,0,5,,D,It's like a person kneeling and then asking for something.
17,0,5,x,M,Okay.
17,0,5,,D,The hands are triangles pointing to the right.
17,0,5,x,M,Okay.
17,0,5,x,M,Um...
17,0,5,,M," Can you only distinguish kind of, like, one triangle, though?"
17,0,5,,D,"Yes, I would say so."
17,0,5,,M,"Okay, and kind of, like, so, like, kneeling facing right?"
17,0,5,,D,"Yeah, facing right."
17,0,5,x,D,Okay.
17,0,6,x,D,If this one...
17,0,6,,D, This one has two triangles on top.
17,0,6,,D,"Yeah, it's the only one that has two triangles on top."
17,0,6,,D,"Okay, and it's kind of like on top of a square?"
17,0,6,,D,"Yes, on top of a square, yes."
17,0,7,x,D,This one...
17,0,7,,D, It looks like a person walking to the left.
17,0,7,x,D,Okay.
17,0,7,,D,I believe it's the one that you selected for the first picture.
17,0,7,,M,"Okay, with, like, the back leg kind of, like, with, like, the front leg, like, kind of bent, the back leg, like, kind of extended out?"
17,0,7,x,D,Yes.
17,0,7,x,D,"I would say so, yeah."
17,0,7,x,M,Oh.
17,0,7,x,M,"No, it's this one here."
17,0,8,,D," This is like a... like a kid riding on a horse, or like, a dog, maybe."
17,0,8,x,M,"Okay, yeah."
17,0,8,,D,And it's moving to the left.
17,0,8,x,M,"Okay, yeah, I know what's what you mean."
17,0,8,x,M,Okay.
17,0,8,x,M,Um...
17,0,8,x,M, This is the...
17,0,9,,D,This also looks like a person kneeling.
17,0,9,,D,It also has a diamond head.
17,0,9,x,M,Okay.
17,0,9,,M,"And only one, like, triangle is arms."
17,0,9,,D,It's very similar to the one that you got right before.
17,0,9,x,M,Okay.
17,0,9,,M,"Is, like, the body kind of, like, two different triangles, like, pointed out?"
17,0,9,,M,"Like, in opposite directions?"
17,0,9,,D,"So kind of, like, kneeling with a diamond head..."
17,0,9,,D," And, like, the arms are, like, two triangles and, like, almost wings, kind of."
17,0,9,,M,"Or is it just, like, kind of more basically kneeling, facing right?"
17,0,9,x,D,It's...
17,0,9,,D,I would say it's more basic facing right.
17,0,9,x,M,Okay.
17,0,9,x,M,"Yeah, that's..."
17,0,9,x,M, Okay.
17,0,10,,D,"This one, if you look at its lower left side, there's a tiny triangle that's rather detached from the rest of the picture."
17,0,10,,D,"Okay, and it kind of looks like a, like, I don't know, like, animal or something facing right?"
17,0,10,,M,Like maybe like a swan swimming?
17,0,10,x,D,Yeah.
17,0,10,x,D,"Yeah, yeah."
17,0,10,x,D," Okay, this one..."
17,0,11,,D,"This one, if you look at its lower right side, there's only, like, one point of contact with the ground."
17,0,11,,D,It sort of looks like a triangle.
17,0,11,x,M,Okay.
17,0,11,x,M,Yeah.
17,0,11,,D,It's facing towards the left.
17,0,11,x,M,Okay.
17,0,11,,M,"And it kind of has, like, a, like,"
17,0,11,,M," diamond head pointed left and, like, a big, like, protrusion, like, like, thing left."
17,0,11,,D,"Oh, no, it doesn't have a diamond head."
17,0,11,,D,"It's going, like, the triangular head."
17,0,11,x,M,Okay.
17,0,11,x,M,Yeah.
17,0,11,,D,"Um... Like, the head is to the, uh, upper left, and then it's..."
17,0,11,,D,"It's sort of, like, diagonal across a line from the upper left to the lower right."
17,0,11,x,D,Um...
17,0,11,x,D,Okay.
17,0,11,x,D,Like...
17,0,11,x,D, Uh-huh.
17,0,12,,D,"Okay, this one has a diamond head, and then the body is just sort of like triangle, but, like, the bottom of the triangle is a bit tilted to the right."
17,0,12,,D,"But, like, there's nothing fancy about the body."
17,0,12,,D,No protrusions.
17,0,12,x,M,Okay.
17,0,12,,M," Um, so, is it like, so there's just one diamond head?"
17,0,12,,D,"One diamond head, yes."
17,0,12,x,M,Okay.
17,0,12,,M,And then what's the body look like?
17,0,12,,D,"The body is sort of like just a triangle, like, I would say it's the most plain of all the pictures, the body."
17,0,12,,D,"Like, the bottom of the body tilts a little bit to the right."
17,0,12,x,M,Okay.
17,0,12,x,M,I guess that way.
17,0,13,,D, This one looks sort of like a toilet.
17,0,13,,D,It also has a diamond head.
17,0,13,,D,"If you imagine a toilet looking left, it's sort of like that."
17,0,14,,D,This one looks like a dog with a really long neck.
17,0,14,x,M," Okay, yeah."
17,0,14,x,M,Gonna navigate over to that.
17,0,14,x,M,Um...
17,0,15,,D,This one also has a diamond head.
17,0,15,,D,And then...
17,0,15,,D, It's sort of facing left.
17,0,15,,D,"Um... Like, if you imagine looking at the picture sideways, it's facing left."
17,0,15,x,M,Okay.
17,0,15,x,D,And then it has a...
17,0,15,,D,It has a rectangular body.
17,0,15,x,M,Okay.
17,0,15,x,D,And then...
17,0,15,,D,"But, like, it has arms that is, like, a square or maybe, like, a triangle on top of a square."
17,0,15,,M,"Like, holding, like, a top hat, like, upside down."
17,0,15,x,D,"Yeah, yeah, yeah."
17,0,15,x,D,"I would say that, yeah."
17,0,16,x,D, This one is...
17,0,16,,D,"There's a diamond head on a sort of surface, a very squat surface."
17,0,16,x,D,"It's just, um..."
17,0,16,x,D,Okay.
17,0,16,,D,"Sort of like a portal if you play any games, but yeah."
17,0,16,x,D,"Um... And, like, that's just kind of..."
17,0,16,,D,"It's like almost a rectangle that just has, like, a jagged cutout from it."
17,0,16,,D,It's just a... Like a diamond on top of a...
17,0,16,,D," It doesn't look like a person, it doesn't look like an animal, just on top of a very thin table, sort of."
17,0,16,,D,A thinness table.
17,0,16,x,D,Oh.
17,0,17,,D,This one sort of looks like a flower.
17,0,17,,D, kind of creepy sort of flower.
17,0,17,,D,It has three petals made of triangles.
17,0,18,,D, This one looks like a person that's just sitting there looking up at the sky.
17,0,18,,D,"Like, its head is sort of like a diamond, but not tilted as much."
17,0,18,,D,"Okay, with, like, legs out, kind of bent."
17,0,18,,D,"Legs out, yeah, sort of sitting, legs out, that sort of position, yeah."
17,0,18,x,D, Okay.
17,0,19,,D,This one looks like a horse that's moving to the left.
17,0,19,x,D,Okay.
17,0,19,,D,"No person on it, just a horse."
17,0,20,,D,"This is, um, also like a kid riding an animal moving to the left."
17,0,20,x,D,Okay.
17,0,20,x,D,Yeah.
17,0,21,,D, This sort of looks like a cactus.
17,0,21,,D,"There's like a big rectangle in the middle, and then two smaller ones on either side."
17,0,21,,M,That are almost like triangles.
17,0,21,x,D,"Yeah, sort of."
17,0,21,x,D,"Yeah, yeah."
17,0,22,,D,"Oh, this one's really weird."
17,0,22,x,D, It's like...
17,0,22,,D,It doesn't look like anything.
17,0,22,x,D,Like...
17,0,22,,D,There's sort of like a triangle attached to a letter L. Okay.
17,0,22,,D,But the L has like a... A tiny triangle attached to the lower right...
17,0,22,x,D, Okay.
17,0,22,,M,"Does it look kind of like, maybe like an axe pointed right or something?"
17,0,22,,D,"No, I know what you're referring to, it's not that one."
17,0,22,,M,"Okay, is it one that looks kind of like a, like, almost like if you take a C and rotate it left a little bit and then have a triangle bottom?"
17,0,22,x,D,"Yeah, yeah, sort of like that, yeah."
17,0,22,x,D,"Yeah, that one."
17,0,23,,D," This one looks like a person running to the right, and he looks very happy."
17,0,23,,D,"It has a diamond head, and then both of his arms are out, and the arms are triangles."
17,0,23,,M,And it's going left or to the right?
17,0,23,x,D,Yeah.
17,0,23,x,D,Okay.
17,0,23,x,D,Okay.
17,0,24,,D," Okay, it's the one that you chose just now."
17,0,24,x,D,Okay.
17,0,25,,D," This one looks like a house on the right, and then an arrow pointing up on the left."
17,0,25,x,D,"Okay, this one looks like..."
17,0,25,x,D,Sort of like...
17,0,26,,D,"So there's like a rectangle on the bottom,"
17,0,26,,D," And then something like a chimney, you know, like... Like a ladle, kind of?"
17,0,26,x,M,"Sorry, a what?"
17,0,26,,D,Like a ladle.
17,0,26,x,D,Maybe?
17,0,26,x,M,Um... Yeah.
17,0,26,x,M,That's...
17,0,27,,D, This one looks like a person that's trying to fly.
17,0,27,,D,It's sort of like a diamond head.
17,0,27,,D,And it's trying to fly left.
17,0,27,,D,Its body is sort of like a parallelogram.
17,0,27,,D,"And both of its arms are also parallelograms, yeah."
17,0,28,,D,This one is the one that you said looks like an axe pointed to the right.
17,0,29,,D," Um, this one is like, it's a diamond head, and then if you look at the lower right corner,"
17,0,29,,D, There's like a tiny upside down triangle.
17,0,29,x,M,"Okay, yeah."
17,0,30,,D,This one is sort of like a tilted square head to the right.
17,0,30,,D, And then a trapezoid head to the left.
17,0,30,x,M,"Okay, yeah."
17,0,30,,D,Where it's kind of like a leg kicking up towards the left or something.
17,0,30,x,M,"Also, yeah, yeah."
17,0,31,,D,"This one looks like it's a very simple, plain one."
17,0,31,,D," It's sort of like the flower, but not really."
17,0,31,,D,It only has like two petals.
17,0,31,,D,"And then there's like a trapezoid hollowed out from the picture, yeah."
17,0,32,,D,This one has a diamond head.
17,0,32,,D,It sort of looks like it's like kicking back.
17,0,32,,D,And the leg that's kicking back is like a triangle.
17,0,32,x,D,"OK, yeah."
17,0,33,,D," Okay, this one has a really small triangle as its head."
17,0,33,x,D,Do you know which one?
17,0,33,x,D,Yeah.
17,0,34,,D," So this sort of looks like a robot, to be honest."
17,0,34,,D,"It has a square, it has its head, like not a diamond, but a square."
17,0,34,,D,"And its feet are like two very, two triangles very close together."
17,0,34,x,D,"Yeah, okay."
17,0,35,,D,This one is like a house to the left.
17,0,35,,D, and then a big rectangle along a very tall rectangle to the right.
17,0,35,x,D,Okay.
17,0,35,,D,"This one also has, like, two rectangles as its head."
17,0,35,,D,It's sort of like an animal trying to walk upside down.
17,0,35,x,D,Okay.
17,0,36,,D, It has two triangles on top.
17,0,36,,M,Two triangles on top?
17,0,36,x,D,Yes.
17,0,36,,D,It's rather small triangles.
17,0,36,x,E,Okay.
17,0,36,x,E, Hello.
17,0,36,,E,Doing okay?
17,0,36,,E,Thanks.
17,0,36,,E,Feeling alright?
17,0,36,,E," Oh, okay."
17,0,36,,E,Okay.
17,0,36,,E,Okay.
17,0,36,,E,"Sorry, I'm a little, like, fidgety with my feet."
17,0,36,,E,It's good.
17,0,36,,E,Okay.
17,0,36,,E,Okay.
17,0,36,,E,Okay.
17,0,36,,E,Okay.
17,0,36,,E,Thanks.
17,0,36,,E," Yeah, sounds good."
17,0,36,,E,Let me find my buttons again.
17,0,36,,E,"Wait, question."
17,0,36,,E,Okay.
17,0,36,,E,Should the wire be coming out the left?
17,0,36,,E,Okay.
17,0,36,,E,Alright.
17,0,36,,E,Okay.
17,1,1,x,D,Okay.
17,1,1,,D,"This one seems- it's kind of like a horse or something, with someone riding it moving left."
17,1,1,x,M,Okay.
17,1,1,,D,With a triangle tail and head.
17,1,1,x,M,This one?
17,1,1,x,M,Oh yeah.
17,1,1,x,M,Yeah.
17,1,2,,D,"Okay, this is, like, someone kneeling facing right with, like, two triangle arms that are kind of, like, wings are, like, outstretched with, like, triangle sleeves."
17,1,2,x,M,Okay.
17,1,2,,D,"Kind of, like, kneeling with, like, a triangle, like, feet to the left."
17,1,2,,M,"Does it have, like, a really small triangle feet to the right as well that's detached from the rest of the body?"
17,1,2,,D,"Um, no."
17,1,2,x,M,"Oh, is it?"
17,1,2,x,D,Okay.
17,1,2,,D,"It's like, it's like, imagine, like, triangle outstretched arms kneeling."
17,1,2,x,M,"Oh, sorry."
17,1,2,x,M,Okay.
17,1,2,x,M,Go on.
17,1,3,,D,"Okay, this one looks almost like an ostrich or something facing right with two triangle legs, one of which is really detached looking."
17,1,3,x,M,Yeah.
17,1,4,,D,"Okay, this one, like you were saying, looks like"
17,1,4,,D,"like a bowl or a flower with two petals, like, or like a crab or something."
17,1,4,x,M,Okay.
17,1,5,,D,"Okay, this looks something like, almost like a..."
17,1,5,,D,"It has like a triangle head and then kind of like a, like a..."
17,1,5,,D,body with no legs like that like um i don't know like like a legless horse maybe except for one on the right that's like a
17,1,5,x,M,okay
17,1,6,,D,this looks like someone walking towards the left
17,1,6,,D,"With, like, a, like, foot kind of, like, pointed on that left side, and, like, arms stretching to the left side as well."
17,1,6,,M,"It has a diamond head, right?"
17,1,6,,D,"Yeah, diamond head."
17,1,6,,D,"And its legs are, like, sort of symmetric, except that, like... Yeah, except there's a foot on the left."
17,1,6,x,M,I get it.
17,1,7,,D,"Okay, this one looks very similar, except it's, like, there's a back foot really, like, extended on the right side, kind of like ice skating or something, but otherwise very sim- yeah."
17,1,8,,D,This one is the one I said looked like a ladle before.
17,1,8,x,M,"Oh, okay."
17,1,9,,D,"Okay, this is the one you said looked like a robot."
17,1,9,x,M,"Oh, yes."
17,1,10,,D,"Okay, house with a tall chimney on the right."
17,1,11,,D,"This is like someone almost dancing with a- somewhere between square and diamond head, with like a triangle really separated foot on the right side."
17,1,11,x,M,Um.
17,1,11,,D,"With kind of like a long, like, fat leg except- yeah."
17,1,12,,D,"Here, like, I think this is the one that you press, um, instead of the one with, like, the wing-like arms, kind of with someone, like, bending their legs, holding a bowl to the right."
17,1,13,,D,This is the one that looks like the three-petal flower.
17,1,13,x,M,Thank you.
17,1,14,,D,"This one is probably the most, like, abstract one with two really, like, distanced, like, triangles on the head, and kind of like a tilted square midway through on a triangle."
17,1,14,,D,"It's like- and it's like kind of like a half arrow pointed up, like, going up and down, and then two, like, random triangles on top."
17,1,14,,M,"Oh, so it doesn't have, like, this one?"
17,1,14,x,M,Yeah.
17,1,15,,D,This one looks like a horse going left.
17,1,15,x,M,Okay.
17,1,15,,D,No one on it.
17,1,16,,D,"This one is, like, triangle head, like, someone, like, kind of throwing their arms up, like, what can you do, almost."
17,1,16,,D,"Uh, triangle head."
17,1,16,,D,"Or, sorry, like, a, um, a diamond head throwing arms up."
17,1,16,x,D,Um.
17,1,16,,D,"With, like, a tilted rectangle body."
17,1,16,,D,"It's just the diamond arms and body, nothing else."
17,1,16,,M,Diamond arms and body?
17,1,16,,D,"Yeah, with the arms kind of like, being like, thrown up, or like, yeah."
17,1,17,x,D,This one?
17,1,17,x,D,"Oh, what's that?"
17,1,17,,D,This is like the house with an arrow on the left.
17,1,18,,D,"Okay, it's like what you were saying earlier with something with like two heads and like legs kicking to the left."
17,1,18,x,E,Yeah.
17,1,18,x,E,Okay.
17,1,18,x,E,All right.
17,1,18,x,E,I'm pretty much good to go whenever.
17,1,18,x,E,Okay.
17,2,1,,D,This is the horse moving to the left.
17,2,2,,D,This is the ladle thing you talked about.
17,2,3,,D,"This one is, um, uh, it's like the most abstract weird one that goes from the upper left to the lower right."
17,2,3,,D,"It's like a triangular head, and then..."
17,2,3,x,D,Okay.
17,2,3,x,D,"Yeah, yeah."
17,2,3,,M,"With, like, the legless body?"
17,2,3,,D,"Yeah, the legless body, so..."
17,2,4,,D,This one's the kid riding on a horse or animal moving to the left.
17,2,5,,D,"This is, like, a three-petal flower."
17,2,5,,M,Did you say two or three?
17,2,5,,D,"Three, three."
17,2,5,,D,Three-petal.
17,2,5,x,D,Okay.
17,2,6,,D,"Okay, this is the one, like, if you look at the lower right corner, there's, like, sort of, like, a detached triangle."
17,2,6,,D,"It has sort of, like, a tilted square head."
17,2,6,x,D,"Okay, yeah."
17,2,7,,D,"This one is, like,"
17,2,7,,D,It's a diamond head.
17,2,7,,D,"And it's sort of like it's walking backwards, sort of."
17,2,7,,D,And there's arcs or triangles.
17,2,7,,D,It's not the symmetric leg one.
17,2,8,,D,This is a two-petal valet.
17,2,8,,D,Two-petal.
17,2,9,,D,"House on the right, arrow pointing up to the left."
17,2,10,,D,This is the one that you see them sort of like throwing their hands up
17,2,10,,D,"It's like sort of like a diamond head, yeah."
17,2,11,,D,This is the one with the diamond head and both of its arms are outstretched and the arms are triangles.
17,2,11,,D,The one you said looked like a mule.
17,2,12,,D,This is the robot one that I just said about.
17,2,13,,D,This is the one with two triangles on top.
17,2,13,,D,Two small triangles.
17,2,14,,D,This is the house on the left.
17,2,14,,D,Like the chimney on the right.
17,2,14,,D,It's all rectangle chimneys.
17,2,15,,D,This is the one with the square head and then a trapezoid head.
17,2,16,,D,This is the one with the diamond head and the symmetrical legs.
17,2,16,x,D,I'm sorry.
17,2,17,,D,"This is the one that you said looked like an ostrich, and it has like sort of a triangle detached on the lower left."
17,2,18,,D,"Oh, this is the one that you just chose instead of the symmetrical X one."
17,2,18,x,E,Okay.
17,2,18,x,E,"Yeah, I'm good to keep going."
17,2,18,x,E,Alright.
17,3,1,,D,This is the robot.
17,3,2,,D,The two petal flower.
17,3,3,,D,"Like, legless horse."
17,3,4,,D,"Like, the ladle."
17,3,5,,D,"It's like the, um, kneeling with the triangle arms outstretched."
17,3,5,x,M,"Oh, yes."
17,3,6,,D,"Um, house with the arrow."
17,3,7,,D,The horse pointed left.
17,3,8,,D,"It's the person, like, ice skating almost."
17,3,8,,D,"With, like, the leg extended on the right."
17,3,9,,D,"It's the, like, strange one with the two triangles on top."
17,3,10,,D,The three petal flower.
17,3,11,,D,"The, like, kid on the horse."
17,3,12,,D,"Um, the ostrich one."
17,3,13,,D,"Um, the house with the right chimney."
17,3,14,,D,"Um, the person with like the tilted square head on the left and like the large leg on the left triangle on the right."
17,3,14,,D,like dancing almost.
17,3,14,x,M,Can you say that again?
17,3,14,,D,"It's like tilted square head on the left and like big leg on the left and then small triangle on the right, yeah."
17,3,15,,D,The one you said has like the symmetrical legs.
17,3,16,,D,"Um, person with, like, bent knees, um, facing right, holding something out, like a triangle out."
17,3,17,,D,"Um, the two-headed one with, like, trapezoid and square."
17,3,17,x,M,Oh.
17,3,18,,D,"And, like, the one throwing hands up."
17,3,18,x,E,"Oh, stop."
17,3,18,x,E,Sorry.
17,3,18,,E,Great.
17,3,18,,E,"Okay, is vinyl right right now?"
17,3,18,,E,"Or is it like,"
17,3,18,,E,Okay.
17,3,18,,E,Yeah.
17,3,18,,E,Right.
17,3,18,,E,Okay.
17,3,18,,E,Okay.
17,4,1,,D,This is a three petal flower.
17,4,2,,D,This is the legless thing she talked about.
17,4,3,,D,This is the two small triangles on top.
17,4,4,,D,This is the one you said reflects the Christ kneeling.
17,4,4,,D,Kneeling and two of its arms outstretched and they're both triangles.
17,4,5,,D,This is the two headed one with a square to the right and a trapezoid to the left.
17,4,6,,D,This is the ostrich.
17,4,7,,D,"like the person with the bent knees, diamond head, you know, arms to the right, triangle."
17,4,8,,D,This is the ladle.
17,4,9,,D,This is a kid riding on the animal.
17,4,10,,D,This is the person with the symmetrical legs.
17,4,11,,D,This is house on the right and then arrow on the left.
17,4,12,,D,A two petal flower.
17,4,14,,D,This is sort of like the ice skater you talked about.
17,4,15,,D,"This is like the one you said, the person throwing their hands up and their hands are like 100 milligrams."
17,4,15,,D,His body is also like 100 milligrams.
17,4,16,,D,This is like the sort of token square head and then its left leg is really big and the right leg is just a small triangle.
17,4,16,x,M,That one.
17,4,17,,D,There's this house on the left and that chimney on the right.
17,4,18,,D,This is a robot.
17,4,18,x,E,Right.
17,4,18,x,E,Oh.
17,4,18,x,E,"Oh, great."
17,5,1,,D,"Alright, like kind of like the dancing one with the big left leg, triangle right leg."
17,5,2,,D,This is the ladle.
17,5,3,,D,"Um, ostrich."
17,5,4,,D,A house with a chimney on the right.
17,5,4,x,M,"Oh, sorry."
17,5,4,x,M,"Oh, I missed it."
17,5,5,,D,"Um, the person with bent legs facing right, um, holding something."
17,5,6,,D,Three-petal flower.
17,5,7,,D,Two petal flower.
17,5,8,,D,"Um, weird one, two triangles on top, the small ones."
17,5,9,,D,Throwing up arms.
17,5,10,,D,Two heads.
17,5,10,,D,Feet on the left.
17,5,11,,D,"Um, legless horse."
17,5,12,,D,Symmetrical legs.
17,5,13,,D,House with the arrow on the left.
17,5,14,,D,Ice skating one.
17,5,15,,D,Kid riding horse.
17,5,16,,D,Horse pointed up.
17,5,17,,D,Robot.
17,5,18,,D,kneeling with the triangle arms outstretched.
17,5,18,x,E,Alright.
17,5,18,x,E,"Yeah, I'm good."
17,6,1,,D,Robot.
17,6,2,,D,That's a ostrich.
17,6,3,,D,This is the one with the bent knees.
17,6,3,,D,Triangular arms.
17,6,4,,D,This is the house with the chimney on the right.
17,6,5,,D,The two petal flower
17,6,5,,M,Two?
17,6,5,,D,"Two, yes, two."
17,6,6,,D,This is the one with the outstretched arms that are perimetrographs.
17,6,7,,D,This is the two-headed one with the square and the trapezoid.
17,6,8,,D,And this is the legless horse.
17,6,9,,D,And then hand riding on the horse.
17,6,10,,D,"This is the one kneeling with two triangular arms, arms stretched."
17,6,11,,D,This is a horse moving together.
17,6,12,,D,And the house with the arrow to the left.
17,6,13,,D,This is like the ice skater.
17,6,14,,D,"Oh, this is the one with the two small tires that goes on top of it."
17,6,15,,D,"This is the one with the tilted square head and a big left leg and then a small triangle, a right leg."
17,6,16,,D,This is the one with the symmetrical legs.
17,6,17,,D,"on the three pedal pedals, Alex."
17,6,17,x,E,Okay.
17,6,17,x,E,Yep.
17,7,1,,D," Alright, um, bent legs, outstretched, um, triangle arms, right."
17,7,2,,D,Ice skating one.
17,7,3,,D," Um, two small triangle head."
17,7,4,,D,"Um, mountain-like thing, um, curving down to the right, also two small triangles, up head, and square head."
17,7,4,x,M,Ugh.
17,7,4,x,M, Switched it up a bit.
17,7,4,x,M,Yeah.
17,7,5,,D,Robot.
17,7,6,,D,I'm throwing arms up.
17,7,7,,D, A kid on horse.
17,7,8,,D,Ostrich.
17,7,9,,D, Legless horse.
17,7,10,,D,"Um, you called it a cactus before."
17,7,10,x,M,Oh.
17,7,11,,D," Um, two-headed with the legs on the left."
17,7,12,,D,"Um, kind of like someone in, like, a dress with, like, with a shape, like, with a triangle going right and, like,"
17,7,12,,D," Um, another, like, shape going to the left midway through and an upside down triangle, like, on the right."
17,7,13,,D,"Um, person facing left holding, like, upside down top hat out."
17,7,14,,D," Um, the one that's like a sideways C with a triangle on the side."
17,7,15,,D,"Um, axe pointed right."
17,7,16,,D," Um, almost like someone trying to lift something."
17,7,16,,D,"Pointed left, small triangle head."
17,7,16,,M,Uh... Just one small triangle head.
17,7,16,,D,"Yeah, on the top."
17,7,17,,D,Three petal flower.
17,7,18,,D," Um, another, like, kid on a horse, kind of."
17,7,18,,D,Or dog.
17,7,19,,D,"Um, kind of, like, column with tree stump with diamond on the right side."
17,7,19,x,M,Sorry.
17,7,19,,D,"It's kind of, or, like, you called it, like, a toilet with a diamond."
17,7,19,x,M,"Oh, yeah."
17,7,20,,D," Um, like, person sitting, um, with, like, the, like, with the diamond head kind of turned up-ish with, like, legs on the left bent."
17,7,20,,D,"Like, sitting on the ground."
17,7,20,x,M,Okay.
17,7,21,,D,House with the arrow.
17,7,22,,D, Two petal flower.
17,7,23,,D,House with chimney on the right.
17,7,24,,D," Dancing person, big left leg."
17,7,25,,D,"Um, kind of like, horse with nothing on it."
17,7,25,,D,"Uh, a horse."
17,7,25,x,D,"Yeah, like, yeah."
17,7,26,,D," Um, basic, like, really basic body with Diamond 10, though, like, nothing really coming off of it."
17,7,26,x,D,"Um, besides, yeah."
17,7,27,,D,"Like, Upside Down Christmas Tree."
17,7,28,,D, Ladle.
17,7,29,,D,Person with diamond outstretched arms kneeling.
17,7,29,,D,"Or triangle outstretched arms, sorry."
17,7,30,,D," Um, like, diamond head, rectangular body with, like, a dragon cut out on the right."
17,7,30,x,D,"It's just like, yeah."
17,7,31,x,D,"Um, like,"
17,7,31,,D," diamond head, triangle side, like, on the right, um, and then, like, weird shape on the left with, like, a almost detached triangle downwards."
17,7,31,x,M,Can you describe it again?
17,7,31,,D,"Like, yeah, like, uh, on the right side, it's a diamond with, like, a sideways triangle."
17,7,31,,D,"On the left, it's, like, a weird shape with an upside-down triangle kind of balanced on the side."
17,7,31,,M,um still not sure
17,7,31,,D,so that's a diamond head
17,7,31,,D,yeah and then on the right side alongside like balanced on top of a like sideways triangle
17,7,31,,D,and then on the left it has almost like a upside down triangle tail kind of thing
17,7,32,,D," Um, this is the one that you just chose."
17,7,32,x,M,"Oh, okay."
17,7,33,,D,"Um, symmetrical legs, walking, left."
17,7,34,,D," Um, kind of like, two triangle, like, separate triangle arms pointed left."
17,7,34,,D,"One foot, and then almost like a triangle tail."
17,7,34,x,D,"Um, yeah."
17,7,35,,D,"Um, horse."
17,7,36,,D, and kind of like a boat or something with a diamond balanced on top.
17,7,36,x,E, All right.
17,7,36,x,E," Okay, sounds good."
17,7,36,,E,Sounds good.
18,0,1,x,D, Do I start?
18,0,1,,D,"Okay, uh, this looks like a dog, and, um, it has a tail,"
18,0,1,,D,"and it's facing to our left, and,"
18,0,1,,D,"um, all I can really say about it, it has, like, a little jut out in its left leg, from our perspective,"
18,0,1,,D,"and the right leg is just a triangle, if that makes sense."
18,0,1,x,M,Okay.
18,0,1,x,M, I think it does.
18,0,1,x,M,I think I know which one you're talking about.
18,0,1,x,M,"Okay, great."
18,0,1,x,M,Yeah.
18,0,1,x,M,"Okay, yeah."
18,0,2,,D,"Um, this one looks like a person lying down, but kind of also in a sitting up position."
18,0,2,,D,"And they're, um, kind of like they're lying against the wall."
18,0,2,,D," and they have like one foot, or I guess both feet, but they're like parallel, so we can only see one, if that makes sense."
18,0,2,,M,I know which one you're talking about.
18,0,2,,M,"The square head, right?"
18,0,2,x,D,"Yeah, yeah, yeah."
18,0,2,x,D,"Okay, yeah."
18,0,3,,D, This one really just looks like a mess of shapes to me.
18,0,3,,D,It looks a bit like a short and wide dancer dancing.
18,0,3,,D,They have a square head.
18,0,3,,D,"The square is fairly parallel to the ground, if that makes sense."
18,0,3,x,D,Disregard that part.
18,0,3,,D,"Their left hand, from our perspective, is a bit bigger than their right hand."
18,0,3,,M, I think I know which one you're talking about.
18,0,3,x,M,"Okay, great."
18,0,3,x,M,I think.
18,0,3,x,M,"Wow, that's impressive."
18,0,3,x,M,Nice.
18,0,3,x,M,"Yes, okay."
18,0,3,x,M,Great.
18,0,4,,D,"This is also a dancer, but it's the one where they're standing on one leg straight up, and they have both arms kind of extended to the left,"
18,0,4,x,M," I know which one, yeah."
18,0,4,x,M,Yeah.
18,0,4,x,M,"Yeah, okay."
18,0,5,,D,"Okay, this is also kind of a mess of shapes."
18,0,5,,D,"Yeah, this one does not look like a person to me at all."
18,0,5,,D, I might just give some geometric descriptions.
18,0,5,,D,"So in the center, but closer to the top a little bit, but mostly in the center, there's the square."
18,0,5,,D,And the square is in the diamond shape almost entirely.
18,0,5,,D,"And then below the square, there's a triangle that connects to the right corner of the square pretty much only."
18,0,5,,D," And then that triangle, like, extends downward into, like, the main body of the shape, if that makes sense."
18,0,5,,D,"Um, and also on the right of this shape, there's a smaller triangle that's coming off of the main body of the shape that's, like, barely touching the rest of the shape, just by the corner."
18,0,5,,M,I think I know which one you're talking about.
18,0,5,x,M,Okay.
18,0,5,x,M,"Uh, damn, I'm sorry."
18,0,5,x,M,Okay.
18,0,5,x,M," Wait, oh."
18,0,5,x,M,"I, okay."
18,0,5,x,M,I clicked on the wrong one.
18,0,5,x,M,That was my bad.
18,0,5,x,M,"I knew which one it was, though."
18,0,5,x,M,"Okay, wow."
18,0,6,,D,This one kind of looks like a person sitting down and kneeling.
18,0,6,,D,"Yeah, probably kneeling and praying or asking for alms or something."
18,0,6,,D,And they have the diamond-shaped head.
18,0,6,,D,And also there's what looks like a parallelogram.
18,0,6,,D," coming out of their back from the left, and then on the right is a random triangle that doesn't really fit in."
18,0,6,,D,"But yeah, you have the person begging and the parallelogram on the left and the triangle on the right."
18,0,6,x,M,Got it.
18,0,6,x,M,Nice.
18,0,6,x,M,This one looks...
18,0,7,,D, not like a person at all.
18,0,7,,D,There's actually no square at all.
18,0,7,,D,It's hard to describe.
18,0,7,,D," Can you picture, like, a diamond shape?"
18,0,7,,D,You know what I mean?
18,0,7,,D,"Like, if you see, like, one of those clipart pictures of a diamond that's, like, very cut and, like, straight, if that makes sense?"
18,0,7,x,D,Yeah.
18,0,7,,D,And now picture taking out a triangle from the bottom part of that diamond and also a trapezoid from the top part of the diamond.
18,0,7,,D,"So there's, like, a white trapezoid that's, like, in the negative space."
18,0,7,x,D,Mm-hmm.
18,0,7,,D," And yeah, that's what it looks like."
18,0,7,,M,Is it the angry crab looking one?
18,0,7,x,D,"Yes, it is."
18,0,7,x,D,Okay.
18,0,7,x,D,Nice.
18,0,8,,D," This looks like a bird of some sort, like a goose or a flamingo, and it's wider than it is tall, if that makes sense, and the bird is facing to the right."
18,0,8,,D,"It's got a pretty long neck, and one of its feet is going out to the left a little bit."
18,0,8,x,M,"Got it, I think."
18,0,8,x,M,"Yeah, nice."
18,0,9,,D," This one looks kind of like the Loch Ness Monster, if that makes sense."
18,0,9,,D,"Like, you've seen those, like, pictures of it."
18,0,9,,D,"It's really blurry, and its, like, neck is coming out of the water."
18,0,9,,D,"And its neck is quite long, and it has, like, a square-ish with a bit rectangular body."
18,0,9,,D,"And it's facing to the left, yeah."
18,0,9,x,M,Got it.
18,0,9,x,M,Got it.
18,0,9,x,M,Um...
18,0,10,,D," This one could be interpreted as a person begging, but the body is way too, like, blocky to be that, in my opinion."
18,0,10,,D,"So, to me, it looks like there's a cliff, actually, and then there's, like, a diamond on top of the cliff just chilling there."
18,0,10,x,D,Does that make sense?
18,0,10,x,M,I think so.
18,0,10,x,M,"Great, yeah."
18,0,11,,D," This one looks like a dog, like quite stereotypical dog, and the main body part is like a complete rectangle, and there's- yeah, I got it."
18,0,12,,D,"This one is like a person that's like doing judo or karate or something, and"
18,0,12,,D, they've kind of got their arms up and that's like an interpretation.
18,0,12,,D,It's not like what I see.
18,0,12,,D,Does that make sense?
18,0,12,,D,"And their right leg, from our perspective, is kind of like coming towards you, if you can use your imagination."
18,0,12,,D,Their left leg is back and the diamond-shaped head is a little bit to the left of the entire picture and to the right.
18,0,12,x,D,"Yeah, nice."
18,0,12,x,D,Got it.
18,0,13,,D," Uh, this looks like maybe a scuba diver?"
18,0,13,,D,"So like, definitely longer than it is wide, and you see like the person, and there's two like triangles at the bottom that are like the flippers,"
18,0,13,,D,"and then an arm coming out to the right, and then they have like a backpack, yeah."
18,0,13,x,D,Got it.
18,0,14,,D," This one definitely looks like someone asking for food, or like having their hands out, asking for something."
18,0,14,,D,"And so it's like, they're wearing a robe almost, and they have a diamond-shaped head in the center, and their hands are coming out to the left, and their hands are like robes, so they're like, yeah."
18,0,14,x,M,Nice.
18,0,14,,M,I thought priest for that one.
18,0,14,x,M,"Oh, okay."
18,0,14,,M,Kinda looks like a priest.
18,0,14,x,M,Yeah.
18,0,15,,D," This one kind of looks like an animal that is in the water and swimming, but kind of not, but to me it looks like an animal."
18,0,15,,D,"And so it's kind of divided into two,"
18,0,15,,D,"where like the left part is a little bit up, the right part is a little bit down,"
18,0,15,,D,"and there's like a small connecting bit in the center, and then the head is on the left, and then the feet are on the right."
18,0,15,x,D,Got it?
18,0,15,x,M,Got it.
18,0,15,x,M, I can keep going.
18,0,15,x,M,Yeah.
18,0,16,,D,"If you wanted to interpret it as a person, it would be like a person lying against a wall completely,"
18,0,16,,D,"and then they, they're like, uh, they have their knees up, which is like the second mouse that I was talking about before."
18,0,16,x,M,"Oh, I, I pressed on the wrong one."
18,0,16,x,M,Sorry.
18,0,16,x,M,"It's okay, no worries."
18,0,16,x,M,"I know which one you were talking about, though."
18,0,16,x,M,"Yeah, yeah, yeah."
18,0,17,,D,"Okay, this one looks like someone dancing, or maybe getting ready to fight you, um,"
18,0,17,,D," They have their, like, main body part is just a rectangle, mostly."
18,0,17,,D,"And then they have their left leg coming out, and then their, like, foot is up a little bit."
18,0,17,,D,"And the right leg, their leg is just completely down, so there's no foot."
18,0,17,,D,"And then they have their, yeah."
18,0,17,x,M,Got it.
18,0,17,x,M,Got it.
18,0,17,x,M,Great.
18,0,18,,D, This one is a person begging or asking for food or something.
18,0,18,,D,This looks more like a woman for some reason.
18,0,18,,D,"And their arms are to the right, and then their feet or maybe their dress is coming up from the left."
18,0,18,x,M,Got it.
18,0,18,x,M," Ooh, I don't know."
18,0,19,,D,"This one looks like a person floating to me, and almost like a ghost would float, but, like, if the ghost was moving around so that their body was kind of trailing."
18,0,19,x,D,"I know that's, like, a terrible description, I'm sorry."
18,0,19,x,M,"But, um, so."
18,0,19,x,M,"Yeah, sorry."
18,0,19,,D,I couldn't figure out how to describe this.
18,0,19,,M," It kind of looks like a wine glass, like they're holding a wine glass."
18,0,19,x,D,"Ooh, oh, I see it now."
18,0,19,x,D,"Okay, well."
18,0,20,,D,"Okay, this one looks like a flower."
18,0,20,,D,"Um, like, the stem is coming from the right, like, so the stem is going left, and then it opens up to the flower as it goes to the top."
18,0,20,x,D,Um... Yeah.
18,0,20,,D,"It could be, like, a torch."
18,0,20,x,D,Um...
18,0,20,,D," It also kind of looks like you started with the same diamond shape and cut out two triangles from it, and then added something in the bottom."
18,0,20,x,D,Got it.
18,0,20,,D,Like an angry claw hand.
18,0,20,x,M,"Yeah, yeah, yeah, you're right."
18,0,20,x,M,Okay.
18,0,20,x,M,Nice.
18,0,20,x,M,"Yeah, sure, I'll try, yeah."
18,0,21,,D,"Um, this one looks like you're sitting at a table with someone,"
18,0,21,,D,"and the table is a hexagon, but the hexagon is way wider than it is tall,"
18,0,21,,D,"and then there's a person across from you that's sitting, so you see a bit of a body."
18,0,21,x,M,Got it.
18,0,21,x,M,Got it.
18,0,21,x,M,Okay.
18,0,22,,D,"This is definitely, like, a barn."
18,0,22,,D,and there's a barn and there's like a door that's white that's cut out and then on the left of the barn there's like a storage silo or something but the silo has a triangle on top of it
18,0,22,x,M,got it
18,0,23,,D,this one is another person praying or sorry asking for food or something and their head is a diamond in the center
18,0,23,,D," and they have their arms to the right, and their leg is going down to the left a bit."
18,0,23,x,M,Great.
18,0,24,,D,"This one looks like a person, like, kind of, like, raising the roof, if that makes sense."
18,0,24,,D,"Like, they're dancing, and their body is going to the left."
18,0,24,,D, kind of like your body is shifted to the left.
18,0,24,x,M,"Yeah, nice."
18,0,25,,D,"Ooh, this one does not look like a person to me either."
18,0,25,,D,"Huh, the square is like"
18,0,25,,D," It's not the head of the person, or it's not even a person, but not the head at all."
18,0,25,,D,"It's like a little bit in the bottom left of the picture, but still mostly in the center, but if you had to pick a corner, it'd be the bottom left."
18,0,25,,D,"And then there's like the main body to the right of that, that's kind of a bit tall, but not rectangular."
18,0,25,,D,There's some stuff coming off of it.
18,0,25,,D,"And the defining feature to me is that on top of that main blob body part,"
18,0,25,,D, are two triangles that are coming out.
18,0,25,x,M,"Yeah, nice."
18,0,25,,M,It's like a rabbit playing soccer.
18,0,25,x,D,"Okay, I see it, yeah."
18,0,25,x,M,Nice.
18,0,25,x,M,Ooh.
18,0,26,,D,"Imagining this one is like a dance fighter like you see in those movies, and they're kind of like life-"
18,0,26,,D," Anyway, their head is more square than it is diamond-shaped, and it's a bit to the left of the image, but not that much left."
18,0,26,,D,"And then the leg of a person that's kind of like a big leg, to be honest, is going to the left."
18,0,26,x,M,Got it.
18,0,27,,D," This one is the person, like, just sitting there."
18,0,27,,D,"This is the one that you, when I was talking about the ghost, that's the one you picked."
18,0,27,x,M,"Oh, okay."
18,0,27,x,M,Nice.
18,0,27,x,M,"Okay, interesting."
18,0,28,,D,"This is the person, like, kneeling down, but their arms are up, so they look, like, kinda happy."
18,0,28,,D," Like they've just finished a pose or whatever, like a breakdancing routine, now they're kneeling there with their arms up a bit, and they're looking at you."
18,0,28,,D,"There's also a little bit of white space in the middle that's a very thin triangle, if that helps."
18,0,28,,D,"They kind of have a foot coming up to the left a little bit, but it's a very small triangle foot."
18,0,28,x,M, I think I know what you're talking about now.
18,0,28,x,M,"Uh, damn."
18,0,28,x,M,Okay.
18,0,28,x,M,Sorry.
18,0,28,x,M,You're good.
18,0,28,x,M,Sorry to describe.
18,0,28,x,M,Okay.
18,0,29,,D,"Okay, I want you to imagine, like, a tree."
18,0,29,,D," So there's, like, a rectangle base for the trunk, and then there's two sets of leaves on either left or right."
18,0,29,x,D,"Now... No, no, no, sorry."
18,0,29,x,D,"I was gonna say, like, flip the tree over."
18,0,29,x,D,"Sorry, that's the best way."
18,0,29,x,D,"No, you're good, you're good."
18,0,30,,D,"Okay, this is just a barn with a silo, so, like, the same as before, but no triangle on top."
18,0,30,x,M,Got it.
18,0,30,x,M,Nice.
18,0,30,x,M, I'm trying to be still.
18,0,31,,D,"Okay, this is similar to the people begging, but it doesn't quite look like a person in that there's the diamond head, mostly in the center, a little bit to the right."
18,0,31,,D,Then there's a rectangular body and a little triangle on the right that looks like it could be hands.
18,0,31,,D," But then on the left, there's another rectangle."
18,0,31,x,M,Oh.
18,0,31,x,M,Yeah.
18,0,31,x,M,I chose too quickly.
18,0,31,x,M,"No, it's okay."
18,0,31,x,M,It's okay.
18,0,31,x,M,You're good.
18,0,31,x,M,There you go.
18,0,32,,D,This is just straight up a shape.
18,0,32,x,D,"Like, there's no..."
18,0,32,,D,There's no diamond at all.
18,0,32,,D,"Or there's no square at all, I mean."
18,0,32,x,D,And...
18,0,32,,D,"It looks like it could be, like, a radar gun that a cop uses."
18,0,32,x,D,"To, like, yeah, no..."
18,0,32,,D," This is also just straight up a shape, there's no square."
18,0,32,,D,"Uhh, it kinda looks like you have a telephone with a really weird protrusion coming out of the back of it."
18,0,32,x,M,Nice.
18,0,32,x,M,Oooooookay.
18,0,34,,D,"This is like a kid, there's like a kid, um, who's kind of looking down and a bit to the left,"
18,0,34,,D,"and they have a triangular foot to the left, and they're holding the square in their hands and looking down at it."
18,0,34,x,M,Nice.
18,0,34,x,M,"Ooh, um,"
18,0,35,,D," This is the one that we- that you chose when we got it wrong- when we got it wrong earlier, that's like, mostly a rectangular... mostly a rectangular, but not quite, like, object in the middle."
18,0,35,,D,Like the tree one?
18,0,35,x,D,"Yeah, yeah, yeah."
18,0,36,,D,"Um, this one looks like an angel to me,"
18,0,36,,D,"and so, like, there's wings coming out to the left,"
18,0,36,,D,"and then a square head, mostly square head, looking to the right,"
18,0,36,,D,"and then a foot coming out to the left a bit,"
18,0,36,,D,"and then something, like, almost like a tail, also coming out from the back on the left."
18,0,36,x,M,"Yeah, that's all I get."
18,0,36,x,M,Um... Yeah...
18,0,36,x,M, I'm a bit confused.
18,0,36,x,D,It's okay.
18,0,36,,D,The square is a bit to the right and quite a bit far to the upper part of the box.
18,0,36,x,E,Got it.
18,0,36,x,E,Got it.
18,0,36,x,E,Okay.
18,0,36,x,E,Got it.
18,0,36,x,E,Nice.
18,0,36,,E,Amazing.
18,0,36,,E,Yay.
18,0,36,,E,Very nice.
18,0,36,,E, Thank you.
18,0,36,,E,I'm doing good.
18,0,36,,E,I'm trying not to move when I do it.
18,0,36,,E,Okay.
18,0,36,,E,"Okay, sounds good."
18,0,36,,E,"Okay, great."
18,0,36,,E,Thank you.
18,0,36,,E, I should be good.
18,0,36,,E,Great.
18,0,36,,E,Thank you.
18,1,1,,D,"Okay, so this one kind of looks like a dog that's facing to the left."
18,1,1,x,M,Okay.
18,1,1,x,M,I think I got it.
18,1,1,x,M,"Yes, you got it."
18,1,2,,D,"Um, this one I got wrong last time, but you said that it was like someone asked for food, but it doesn't quite look like a person."
18,1,2,x,M,I think I know what you mean.
18,1,2,x,M,Yeah.
18,1,3,,D,This is the one that I thought looked like a ghost.
18,1,3,,D,There's like a slight trail to the right.
18,1,3,x,M,Yeah.
18,1,3,x,M,"Yeah, I feel like it's easier the second round."
18,1,3,x,M,"Yeah, that's true."
18,1,3,x,M,Yeah.
18,1,4,,D,"Um, it looks like a priest standing there with like a robe and he's holding a book."
18,1,4,,D,And he's facing to the left.
18,1,4,,D,He's facing to the left.
18,1,4,x,M,"Okay, give me a second."
18,1,4,,D,But he has a robe on.
18,1,4,x,M,"Okay, I think it's gotta be that one."
18,1,4,x,M,Yeah.
18,1,5,,D,"Um, it's like a ballerina with one leg on the ground and one leg, like, kicking off behind her, and then her arms are to the left."
18,1,5,x,M,"Okay, I got it."
18,1,5,x,M,Yeah.
18,1,6,,D,It's the upside-down tree.
18,1,6,x,M,"Okay, got it."
18,1,6,x,M,I hear that.
18,1,7,,D,"Um, it's the one that you said looked like a gun."
18,1,7,,M,A duck?
18,1,7,,D,A gun.
18,1,7,,D,A gun.
18,1,7,x,M,"Oh, okay."
18,1,7,,D,Like a radar gun.
18,1,7,x,M,"Yeah, I got it."
18,1,8,,D,"Um, you're sitting at a table facing another person."
18,1,8,x,M,"Okay, great."
18,1,8,x,M,Yeah.
18,1,9,,D,"Um, an array of shapes."
18,1,9,,D,There's just a bunch of shapes stacked on top of each other.
18,1,9,x,D,Okay.
18,1,9,,D,"Kind of like there's like two feet and then two arms, but they're very, very wide."
18,1,9,x,M,"Okay, I think I got it."
18,1,9,x,M,Yeah.
18,1,10,,D,"Um, it's a person begging for food."
18,1,10,,D,"but they have a little, like, weird thing on the left, and then they're facing towards the right."
18,1,10,x,D,Okay.
18,1,10,,D,You said that it looks like a woman.
18,1,10,x,M,Interesting.
18,1,10,x,M,"Okay, I'm sorry."
18,1,10,x,M,"Oh, you're good."
18,1,10,x,M,You're good.
18,1,10,x,M,There we go.
18,1,11,,D,"Um, he's holding a wine glass and he's facing to the left."
18,1,11,x,M,Got it.
18,1,11,x,M,Nice.
18,1,12,,D,"Um, it's like a telephone."
18,1,12,,D,He's turning to the left.
18,1,12,x,M,"Okay, got it."
18,1,13,,D,It's a child reading a book facing to the left.
18,1,13,x,M,"Okay, got it."
18,1,13,x,M,It's...
18,1,14,,D,It's like a person sitting facing towards the right.
18,1,14,,D,There's a little triangle on the right bottom that's kind of like their foot.
18,1,14,,D,And it kind of looks like they have wings.
18,1,14,,D,And their arms are also out to the right.
18,1,14,x,M,OK. OK. Yeah.
18,1,15,,D,"It's a person sitting, leaning against the wall, facing to the left."
18,1,15,,D,And they look sad.
18,1,15,,M,OK. And their knees are up.
18,1,15,x,D,Yeah.
18,1,15,x,D,OK.
18,1,16,,D,It's a sad rabbit facing towards the right.
18,1,16,x,M,Oh.
18,1,16,x,M,Yeah.
18,1,17,,D,"Um, there's a cliff, and then there's a diamond on top of it."
18,1,17,x,M,Got it.
18,1,18,,D,What's up there?
18,1,18,,D,"It's the one that I thought was a tree, but it's not."
18,1,18,x,M,"Okay, got it."
18,1,18,,D,It's a long rectangle.
18,1,18,x,E,Okay.
18,1,18,x,E,Yay.
18,1,18,x,E,Woo!
18,1,18,x,E,Woo!
18,1,18,x,E,Nice.
18,1,18,x,E,Amazing.
18,1,18,x,E,We're doing good.
18,1,18,x,E,Okay.
18,1,18,x,E,Got it.
18,1,18,x,E,"Yeah, I'm ready."
18,2,1,,D,"Okay, this is the dog again that's facing to the left."
18,2,2,,D,This is the upside down tree.
18,2,3,,D,This is the ballerina with the arms to the left and the foot coming out to the right.
18,2,3,x,M,Got it.
18,2,4,,D,"Um, this is the weird beggar, if that makes sense."
18,2,4,,D,I don't know how to say that.
18,2,4,,D,with diamond head in the rectangle and then like a smaller rectangle to the left with like a triangle coming out to the right and then a like a triangle coming out from the right to the left side.
18,2,4,,D,This is like the- we got this one wrong last time.
18,2,4,,M,Is this the bird one?
18,2,4,,D,"No, no, no, no."
18,2,4,,D,I don't think so.
18,2,4,x,M,"Ah, shoot."
18,2,4,,D,I guess it could be a bird.
18,2,4,,D,I don't know.
18,2,4,,D,I don't know how to describe that one.
18,2,4,x,M,I'm sorry.
18,2,4,,M,It's like a crocodile eating something.
18,2,4,x,D,"I don't see it, but I'll remember it."
18,2,4,x,D,Okay.
18,2,4,x,D,Okay.
18,2,5,,D,This is the sad rabbit looking to the right.
18,2,5,x,M,Got it.
18,2,6,,D,This is the radar gun.
18,2,7,,D,"This is the sad ghost with the kind of like, wisp going to the right."
18,2,8,,D,"This is the not tree, like the one that's not actually a tree."
18,2,8,x,M,Yeah.
18,2,8,,D,I don't know how else to describe that.
18,2,8,x,M,Yeah.
18,2,9,,D,This is the one that is kind of a beggar.
18,2,9,,D,"You said they kind of look like they had wings, which is the parallelogram coming to the left."
18,2,9,x,M,Got it.
18,2,9,x,M,Nice.
18,2,10,,D,This is the one with the wine glass.
18,2,11,,D,This is the kid with the book.
18,2,11,x,M,Nice.
18,2,12,,D,This is a man sitting against a wall with his feet going to the left.
18,2,13,,D,This is the one that's just an array of shapes.
18,2,13,,D,It's wider.
18,2,13,x,M,"Um, yeah."
18,2,14,,D,This is the diamond on the cliff.
18,2,14,x,M,Nice.
18,2,15,,D,This is the telephone.
18,2,15,x,M,Nice.
18,2,16,,D,"This is the man in a robe, um, that had a book."
18,2,16,,D,"Like, um, looking to the left."
18,2,16,x,M,"Yeah, nice."
18,2,17,,D,"This is, you're sitting across from someone at a table."
18,2,18,,D,"And this is the woman begging, arms to the right and the foot coming out from the left."
18,2,18,x,E,Nice.
18,2,18,x,E,Yay.
18,2,18,x,E,Good.
18,2,18,x,E,Doing good.
18,2,18,x,E,I should be good.
18,3,1,,D,It's sitting at a table across from someone.
18,3,1,x,M,Got it.
18,3,1,x,M,One second.
18,3,2,,D,Not a tree.
18,3,2,x,M,Okay.
18,3,2,x,M,Nice.
18,3,3,,D,"Uh, diamond on cliff."
18,3,3,x,M,Okay.
18,3,4,,D,It's the woman begging.
18,3,4,x,M,Okay.
18,3,5,,D,Array of shapes.
18,3,5,x,M,Okay.
18,3,6,,D,"Um, beggar with wings."
18,3,6,x,M,Okay.
18,3,6,x,M,Okay.
18,3,6,x,M,Got it.
18,3,9,,D,"Uh, ghost with the wisp to the right."
18,3,9,x,M,Got it.
18,3,10,,D,Kid reading.
18,3,10,x,M,Nice.
18,3,11,,D,A man leaning against the wall facing to the left.
18,3,12,,D,Sad rabbit.
18,3,12,,D,Sad rabbit.
18,3,13,,D,Priest with book facing to the left.
18,3,13,,D,He has robes.
18,3,13,x,M,Got it.
18,3,14,,D,Upside down tree.
18,3,14,x,M,Got it.
18,3,15,,D,radar gun.
18,3,16,,D,The ballerina with one foot to the right.
18,3,16,x,M,Second.
18,3,16,,M,"And like the two arms are going to the left, right?"
18,3,16,x,D,"Yeah, yeah."
18,3,16,x,M,"Okay, got it."
18,3,17,,D,"Um, it's like a crocodile jumping up to get the diamond."
18,3,17,x,M,"Okay, I still don't see it."
18,3,17,x,D,"I can, like, draw it out later."
18,3,17,x,M,"Yeah, yeah, yeah."
18,3,18,,D,"Um, he's holding a wine glass."
18,3,18,x,E,Okay.
18,3,18,x,E,"Yeah, nice."
18,3,18,x,E,Ooh.
18,3,18,x,E,Okay.
18,3,18,x,E,Okay.
18,3,18,x,E,"Alright, I'll try my best."
18,3,18,x,E,I understand.
18,3,18,x,E,Yeah.
18,3,18,x,E,"Okay, I should be good."
18,4,1,,D,This is the beggar with wings.
18,4,2,,D,This is the man with a wine glass.
18,4,2,x,M,Got it.
18,4,3,,D,"Alright, shapes."
18,4,4,,D,Kid reading a book.
18,4,5,,D,Sitting at a table across from someone.
18,4,6,,D,Priest with a book and robes.
18,4,7,,D,Sad rabbit.
18,4,8,,D,"Woman begging, arms to the right, um, foot to the left."
18,4,9,,D,Not a tree.
18,4,9,x,M,Okay.
18,4,10,,D,"Man sitting on a wall, facing left."
18,4,11,,D,"Ballerina, arm to the left, foot to the right."
18,4,13,,D,There's an upside-down tree.
18,4,14,,D,A diamond on a cliff.
18,4,15,,D,Radar gun.
18,4,16,,D,"Uh, sad ghost west to the right."
18,4,17,,D,crocodile.
18,4,17,x,D,I see it now.
18,4,17,x,D,"It's really cute, actually."
18,4,17,x,M,Yeah.
18,4,18,,D,Telephone.
18,4,18,x,E,And we did it.
18,4,18,x,E,Three more.
18,4,18,x,E,Three more.
18,4,18,x,E,Okay.
18,4,18,x,E,Nice.
18,4,18,x,E,Good.
18,4,18,x,E,Yeah.
18,4,18,x,E,Good.
18,4,18,x,E,Yeah.
18,5,1,,D,"Uh, wine glass."
18,5,1,x,M,Got it.
18,5,2,,D,Ballerina.
18,5,3,,D,Sad priest.
18,5,3,,D,Holding book.
18,5,4,,D,Array of shapes.
18,5,5,,D,Sitting at a table facing someone.
18,5,5,x,M,Got it.
18,5,6,,D,Radar gun.
18,5,7,,D,Beggar with wings.
18,5,8,,D,Sad Ghost with Wisp to the right.
18,5,8,x,M,Got it.
18,5,9,,D,"Uh, Crocodile."
18,5,9,x,M,Got it.
18,5,10,,D,Upside down tree.
18,5,10,x,M,Got it.
18,5,11,x,M,"Um... Oh, sorry, I clicked the wrong... Oh, wow."
18,5,11,x,D,"Oh, no, you did."
18,5,11,x,M,That was lucky.
18,5,11,x,M,"Okay, I just clicked the button."
18,5,11,x,M,Nice.
18,5,12,,D,Um... Women begging.
18,5,12,x,M,"Okay, got it."
18,5,13,,D,Telephone
18,5,13,x,D,A cat
18,5,14,,D,Kid reading
18,5,14,x,M,Got it
18,5,15,,D,Dog
18,5,16,,D,"Um, sad man leading against wall."
18,5,17,,D,Not a tree.
18,5,18,,D,Sad rabbit.
18,5,18,x,E,Awesome.
18,5,18,x,E,Thank you.
18,5,18,x,E,Good.
18,6,1,,D,This is the crocodile.
18,6,2,,D,Not a tree.
18,6,3,,D,Woman begging.
18,6,4,,D,Ballerina.
18,6,5,,D,Sad ghost.
18,6,6,,D,Sad rabbit.
18,6,7,,D,Radar gun.
18,6,8,,D,Diamond on the cliff.
18,6,9,,D,Upside down tree.
18,6,10,,D,"Um, begging a draw"
18,6,10,,M,"It's that begging angel, right?"
18,6,10,x,D,"Yeah, yeah, yeah."
18,6,10,,M,"Like, it'll hold it."
18,6,10,x,M,Got it.
18,6,11,,D,Area of shapes.
18,6,12,,D,Dog.
18,6,13,,D,"Uh, priests for the buck."
18,6,14,,D,"Oh, kid reading."
18,6,15,,D,Telephone.
18,6,17,,D,"Uh, second cross sits on a table."
18,6,18,,D,Sitting against the wall.
18,6,18,x,E,Alright.
18,6,18,x,E,One more.
18,6,18,x,E,I think two more.
18,6,18,x,E,"Ah, true."
18,6,18,x,E,Almost there.
18,6,18,x,E,Okay.
18,6,18,x,E,"I'm ready, whenever you are."
18,6,18,x,E,Okay.
18,6,18,x,E,It's back to 36.
18,6,18,x,E,Yeah.
18,6,18,x,E,I wonder what's up here.
18,7,1,,D," Okay, throwback, but it's the karate one."
18,7,1,x,M,Okay.
18,7,1,,D,But his right leg is coming out at us.
18,7,1,x,M,Okay.
18,7,1,,D,And he's kind of like facing to the left.
18,7,1,x,M,Got it.
18,7,1,x,M,There we go.
18,7,2,,D,"Um, begging angel."
18,7,2,x,M,Okay.
18,7,3,,D, The other karate one.
18,7,3,,M,His left leg is coming out of us.
18,7,3,x,M,"Okay, I think I got it."
18,7,4,,D,"Uh, ballerina."
18,7,5,,D, It's like an evil claw hand.
18,7,5,x,M,Got it.
18,7,6,,D,Dog.
18,7,6,,D,Doggo.
18,7,6,x,M," Um, hmm."
18,7,7,,D,"Um, it kind of looks like a rabbit, but it's kicking square."
18,7,7,x,M,Got it.
18,7,7,x,M,"Um, hmm."
18,7,7,x,M,"Um, it's like..."
18,7,8,,D, A very wide person.
18,7,8,,D,And there's a diamond in the middle.
18,7,8,,D,And he has two legs that are very wide.
18,7,8,x,M,Okay.
18,7,8,x,M,Nice.
18,7,9,,D,Upside down tree.
18,7,10,,D," Um, diamond on cliff."
18,7,10,x,M,Got it.
18,7,11,,M,It's kind of like a ghost who's begging.
18,7,11,,M,And he's facing the right.
18,7,11,x,M,Okay.
18,7,11,x,M,No.
18,7,11,x,M,"Sorry, sorry, sorry."
18,7,11,x,M,"You're good, you're good."
18,7,11,x,M," I misheard you when you said begging, that's my bad."
18,7,11,x,M,"You're good, you're good."
18,7,12,,D,"Um, it's kind of like a duck that's in the water, but it's not the one that you think."
18,7,12,x,M,Okay.
18,7,12,,D,"It has, like, it's kind of like a mixture between, like, a dog and a duck."
18,7,12,x,M,Okay.
18,7,12,,D,And it's facing the left.
18,7,12,,D,It's facing the left?
18,7,12,x,M,Yes.
18,7,12,x,M,"Okay, I see what you mean."
18,7,12,x,M,"Okay, I see it."
18,7,13,,D, Not a tree.
18,7,13,,D,Not a tree.
18,7,14,,D,"It's a house, and then to the left of it, there's this, like, weird triangle thing."
18,7,14,x,M,Got it.
18,7,15,,D, Sad priest with book.
18,7,16,,D,Person leaning against wall.
18,7,17,,D, Sad ghost.
18,7,18,,D,"It's kind of like a shrugging emoji, but it's also holding up the ceiling."
18,7,18,x,M,Okay.
18,7,19,,D, Array of shapes.
18,7,19,x,M,"Ah, damn it."
18,7,19,x,M,I keep clicking the wrong button.
18,7,19,x,M,"You're good, you're good."
18,7,20,,D,Crocodile.
18,7,20,,D,Crocodile.
18,7,20,x,M,"Sorry, that was a sneeze."
18,7,20,x,M,Bless you.
18,7,21,,D," Um, interpreter, dancer, but he has a really fat leg."
18,7,21,x,M,"Yeah, okay."
18,7,22,,D,Radar gun.
18,7,23,,D," Um, it's like a duck swimming in the water."
18,7,23,,D,And this time it actually looks like a duck.
18,7,23,x,M,"Okay, great."
18,7,24,,D,"It's an angel, and it has wings, and it has a weird leg."
18,7,24,x,M,"Okay, got it."
18,7,25,,D," It kind of looks like a giraffe, but also Loch Ness Monster."
18,7,25,x,M,Okay.
18,7,25,x,M,Got it.
18,7,25,x,M,"Oh, sorry, sorry, sorry."
18,7,25,x,M,"No, you're good."
18,7,25,x,M,I didn't even see that one.
18,7,25,x,M,That looks so much like a giraffe.
18,7,25,x,M,Okay.
18,7,26,,D,It's the other house.
18,7,26,,D,It has a long rectangle on the right.
18,7,26,x,M,Got it.
18,7,27,,D, Scuba diver.
18,7,28,,D,Kid reading books.
18,7,29,,D, He just finished dancing.
18,7,29,,D,He's really weird looking.
18,7,29,,D,He has a diamond head.
18,7,29,x,M,Yeah.
18,7,29,x,D,Do you know what I'm talking about?
18,7,29,,M,Is this the one with like the hole in the middle kind of?
18,7,29,x,D,Yes.
18,7,29,x,M,Got it.
18,7,30,,D,Telephone.
18,7,30,x,M, Say that again?
18,7,30,,D,Telephone.
18,7,30,x,M,Okay.
18,7,31,,D,It's the one that he thought was the giraffe last time.
18,7,31,x,M,Okay.
18,7,32,,D, Angry crab.
18,7,32,,D,Crab.
18,7,33,,D,Woman begging.
18,7,34,,D, Wine glass.
18,7,35,,D,Sitting at a table across from someone.
18,7,36,,D, Sad rabbit.
18,7,36,x,E,Nice.
18,7,36,x,E,Yay!
18,7,36,x,E," Nice, that was good."
18,7,36,x,E, Yep.
18,7,36,x,E,"Yeah, sounds good."
18,7,36,x,E,Great.
18,7,36,x,E, Yes.
18,7,36,x,E,Yes.
18,7,36,x,E, Great.
18,7,36,x,E,Sure.
18,7,36,x,E,Okay.
18,7,36,x,E,Great.
19,0,1,x,D,okay um am i allowed to start okay
19,0,1,,D,so this one it has a rhombus head um it kind of looks like there's a foot extending to the right and a triangular base and then there's a trapezoidal figure kind of jutting off the left side um
19,0,1,,D, Is there white space that's a trapezoid on the left side?
19,0,1,,D,Like the middle of the figure left side is like a large trapezoid.
19,0,1,,D,No.
19,0,1,,D,I'm gonna describe the black space.
19,0,1,,D,So the head part is a rhombus.
19,0,1,,D,And then right beneath that it's kind of triangular connected to a rectangle.
19,0,1,,D, And then jutting off to the left is a trapezoid.
19,0,1,,D,And then it's on a triangular base with a small triangle extending off to the bottom right.
19,0,1,x,M,OK.
19,0,1,x,M,I think I know which one it is.
19,0,1,,M,"Is the white space in the middle of the figure on the right side, and it's a trapezoid?"
19,0,1,x,D,Yes.
19,0,1,x,M,OK.
19,0,1,x,M,I'm going to select.
19,0,1,x,M,OK.
19,0,2,,D," Okay, so this one, describing the black space again, there's kind of a central pole with what looks like two triangles extending on both the right and the left side."
19,0,2,,M,Is the right triangle slightly higher than the left triangle?
19,0,2,x,D,Yes.
19,0,2,x,M,Okay.
19,0,2,x,M,I think I know which one it is on this slide.
19,0,2,x,M,Okay.
19,0,3,,D,"Okay, so this one, again, there's a rhombus head, and then the body part,"
19,0,3,,D,"it looks like the left side looks like a square, and the right side kind of has like a jagged shape, like some triangular cutouts."
19,0,3,x,M,I'm not sure about this one.
19,0,3,x,M,Can you keep describing?
19,0,3,x,D,Yes.
19,0,3,,D,Okay so rhombus head and then directly below that there's like a flat line with the right side of the flat line kind of in a point
19,0,3,,D,and the left side is just square and then the whole left side of the body part is still just square but the right side kind of has
19,0,3,,D,if you're looking at the right at the white space it's kind of like a trapezoidal cut out a little bit
19,0,3,,D, but like the upper right part of a trapezoid.
19,0,3,,D,And then there's also a triangular cutout on the right bottom part.
19,0,3,x,M,What?
19,0,3,x,M,"Oh, okay, I think I know."
19,0,3,x,M,"So it's like- Yeah, I think I got it."
19,0,3,,D,"It's- So describing the bottom block, it's a large black rectangle."
19,0,3,,D,"Starting from the bottom, it's a triangular cutout with the tip facing left."
19,0,3,,D,And then it like extends outward to the right as you go up.
19,0,3,,D," Yes, culminating in like a point on the upper right."
19,0,3,x,M,"Yeah, selected."
19,0,4,,D,"Okay, this one, we're gonna start from the left side."
19,0,4,,D,"So on the top left, there's a triangle."
19,0,4,,D," And then directly below that, it's like connected to another triangle."
19,0,4,,D,"And then moving to the right, there's kind of this rectangular connection."
19,0,4,,M,Is there like a square or a square turned 45 degrees to the left in the top middle?
19,0,4,x,D,Yes.
19,0,4,,M,"It's like a little bit connected to a triangle, but there's some white space?"
19,0,4,,D,"Yes, exactly."
19,0,4,,M,And then there's a triangle on the-
19,0,4,,M," Sorry, on the far right, there's a triangle connected only by the point."
19,0,4,x,D,Correct.
19,0,4,x,M,"Okay, select it."
19,0,5,,D,"Okay, this one, a rhombus head, and it kind of looks like if a person were standing on one leg and extending a leg behind them."
19,0,5,,D, They're facing the left.
19,0,5,,M,And the left side is like two triangles stacked on top of one another?
19,0,5,x,D,Yes.
19,0,5,x,M,"Okay, selecting."
19,0,6,,D,"Okay, this one, it kind of looks like a horse facing left with like triangular feet."
19,0,6,,M," The right, far right is like a parallelogram with a point facing up and right?"
19,0,6,x,D,Yeah.
19,0,6,x,M,Selecting.
19,0,7,,D,"Okay, this one, it has a right triangular base."
19,0,7,,D,And then there's kind of a square at the top of the point of the triangle.
19,0,7,,D, and then what looks like kind of bunny ears coming off of that.
19,0,7,x,M,"Okay, got it."
19,0,7,,M,"It's a bunny leaning against a wall facing right, yeah?"
19,0,7,x,D,Yeah.
19,0,8,,D,"Okay, this just looks like a rectangular..."
19,0,8,x,D,"Okay, so there's..."
19,0,8,x,D,Sorry.
19,0,8,,D,There's a rhombus...
19,0,8,,D," on the top, and then directly below that, there's kind of just this big black bar with, like, triangular points on either end."
19,0,8,x,M,"Yeah, I got it."
19,0,9,,D,"Okay, so this one, it kind of looks like"
19,0,9,,D, The letter I.
19,0,9,,D,But it has a rhombus on top and then a rectangle directly below that.
19,0,9,,D,And then kind of there's like an addition to the left of the rectangle.
19,0,9,,D,There's a triangle facing right about the same height.
19,0,9,x,M,Correct.
19,0,9,x,M,Got it.
19,0,10,,D,"Okay, this one, there's a rhombus that's kind of on the top right,"
19,0,10,,D,"and then directly below that, there's a big triangle with a sort of trapezoidal looking shape extending off the left,"
19,0,10,,D,and the upside down triangle in the top left.
19,0,10,,D,"And there's a small triangle in the bottom left corner, right?"
19,0,10,,D,"Yeah, very small in the bottom left, and then an upside down triangle in the top left."
19,0,10,x,M,"Okay, I think I got it."
19,0,10,x,M,Okay.
19,0,10,x,M,Uh-oh.
19,0,10,x,M, Did you see the one I selected?
19,0,10,x,M,Yeah.
19,0,11,,D,"Okay, this one kind of looks like a guy with his arms in the air with his body like at a slant."
19,0,11,x,M,Yeah.
19,0,11,,M,"He's slanting leftward, yeah?"
19,0,11,,D,"Like his head is, yeah, towards the top left."
19,0,11,x,M,Okay.
19,0,12,,D," OK, this kind of looks like a person, a rhombus head."
19,0,12,,D,And it looks like they're kneeling on their knees to the right.
19,0,12,,D,"And they're extending something in their hands, kind of."
19,0,12,,M,"There's a cutout on the left that's a parallelogram, right?"
19,0,12,x,D,Yes.
19,0,12,,D,"Yeah, it's not the one that, this one has the kind of sharp triangular point on the left."
19,0,12,,D, Like the bottom of the parallelogram is like a triangle pointing upward.
19,0,12,x,M,Yeah.
19,0,13,,D,"Okay, um, this one it has a square on the top right."
19,0,13,,D, and then a trapezoid on the top left.
19,0,13,,D,"And it kind of looks like someone's foot is kicking out... Oh, sorry."
19,0,13,,D,It looks like someone's foot is kicking out in front of them to the left.
19,0,13,,D,"Yeah, there's like two feet."
19,0,13,,M,"The other one's on the ground, right?"
19,0,13,x,D,Yes.
19,0,14,x,D,"Okay, this one..."
19,0,14,,D, It's kind of in the shape of a wishbone.
19,0,14,,D,"There's a triangle, or sorry, there's a rectangle, sorry, a rhombus on the top."
19,0,14,,D,"Directly below that, there's a triangle connected by a rectangle to, like..."
19,0,14,,D,"It's an upside-down trapezoid with two parallelograms facing each other, right?"
19,0,14,,D,Upside-down trapezoid with two parallelograms.
19,0,14,,D,The face is a trapezoid upside-down.
19,0,14,x,D,Yeah...
19,0,14,,M, Or it looks like a crab lying on its back with its picture in the air.
19,0,14,,D,"Not really, no."
19,0,14,x,M,"Okay, I think I have the wrong one then."
19,0,14,x,M,"Okay, yeah."
19,0,14,,D,"Okay, rombus on top."
19,0,14,,D,Directly below that is a rectangle.
19,0,14,,D,"Sorry, a triangle, a right triangle."
19,0,14,,D,Connected to the triangle is a rectangle extending down.
19,0,14,,D,"And then off of that is, like..."
19,0,14,,D," two extending rectangles, one of them kind of has a triangular edge on it."
19,0,14,x,D,Is that helpful at all?
19,0,14,x,M,I'm still not sure.
19,0,14,x,M,Okay.
19,0,14,,M,Can you start from the bottom?
19,0,14,,D,"Yeah, think of it, it kind of looks like a person with their legs spread wide."
19,0,14,,D,"Oh, okay, so it has a trapezoidal cutout"
19,0,14,,D, The white space is a tropical cutout on the left side.
19,0,14,x,M,Yes.
19,0,15,,D,"Okay, this one, it kind of looks like Finney's from Finney's and Ferb facing left."
19,0,15,,D, It like has a rectangle on the top connected to a triangle.
19,0,15,,D,It's like a little cluster.
19,0,15,x,D,You get what I'm saying?
19,0,15,,D,It's like a little cluster with a rectangle and two triangles and then kind of just like a weird face.
19,0,15,,D,Facing left.
19,0,15,x,D,Okay.
19,0,15,,M,"The bottom right, is it a right triangle?"
19,0,15,,M,That's like the top half is absorbed into the shape above it?
19,0,15,,M,um i would say the bottom right is more just like a rectangle
19,0,15,,D,um okay okay i can start again there's
19,0,15,,D,uh in the bottom of so in the figure like the middle section of the figure there's a rectangular cut out
19,0,15,,D,but there's a uh triangle extending left and there's a square connected to the figure at two points with a little bit of white space between the
19,0,15,,D, square and a triangle?
19,0,15,x,M,Yes.
19,0,15,,D,But there's kind of like three triangles.
19,0,15,x,M,Sorry.
19,0,15,,D,Two triangles and one rectangle at the top.
19,0,15,,D,Three triangles.
19,0,15,,D,"Sorry, I meant two triangles."
19,0,15,,M,At the top?
19,0,15,,D,"Okay, let me just start over."
19,0,15,,D,"Okay, from the top going down, there's a rhombus."
19,0,15,,D,And then to the left...
19,0,15,x,M,"Sorry, go ahead."
19,0,15,,D," To the left, there's a triangle, but part of the triangle is being absorbed into the rest of the figure."
19,0,15,,D,"And then on the right of the rhombus, there is a full triangle that's connected by the point."
19,0,15,,D,And then the base kind of looks like someone's shoulders a little bit.
19,0,15,x,M,"Ah, okay."
19,0,15,,D,The top of the figure is a...
19,0,15,,D," A square turned 45 degrees and two triangles, the left triangle is absorbed to the rest of the shape."
19,0,15,x,M,Yes.
19,0,15,,M,I thought that one looked like a rat.
19,0,15,,D,It looks like finis to me.
19,0,16,,D,"Okay, this one, it looks like a house, but on the left of the house is like a chimney with a triangle on top."
19,0,16,x,M,"Yeah, I got it."
19,0,17,,D," Okay, this one, it's just kind of an odd shape."
19,0,17,,D,It has like a really long rectangle.
19,0,17,,D,There's a triangle kind of jutting off the left.
19,0,17,,D,"On each side of the rectangle, the rectangle is at a 45 degree angle."
19,0,17,,D,And there's just kind of weird shapes jutting off each end.
19,0,17,,M,The top left is a
19,0,17,,M," triangle, but the right side is absorbed into the rest of the shape?"
19,0,17,x,D,Um...
19,0,17,,D,I would say the top left is like a trapezoid.
19,0,17,,D,"Okay, it's a rectangular bar at a 45 degree angle right in the middle of the figure."
19,0,17,x,M,"Oh, okay."
19,0,17,x,M,"Yeah, I think I got it."
19,0,17,,D,There's also a trapezoid or...
19,0,17,,D, one side of a trapezoid in the bottom right.
19,0,17,x,D,Yeah.
19,0,18,,D,"Okay, this one, it looks like a person."
19,0,18,,D,Rhombus head.
19,0,18,,D,They're facing the right with their arms out extended.
19,0,18,,D,The feet are two little triangles.
19,0,18,,D,Right triangles.
19,0,18,,D," No, the feet, it looks like they're bending their knees."
19,0,18,,M,"Okay, um, is there a cutout on the left side that's a parallelogram?"
19,0,18,,D,"No, it's a triangle."
19,0,18,,D,"In the middle of the figure, I mean."
19,0,18,,D,"Oh, the cutout is a triangle."
19,0,18,x,M,Yeah.
19,0,18,,M,"It looks like they're bending one knee, but the other is straight."
19,0,18,x,D,"Uh, not really."
19,0,18,,D,"Okay, so, top rhombus head, you go down..."
19,0,18,,D," It looks like they're extending their hands to the right, but the hands are like half of a triangle."
19,0,18,,D,"And then you go down below, and it looks like they're bending both of their knees to the right, and there's like a parallelogram on the bottom."
19,0,18,,D,"Okay, so in the middle of the figure, there's two cutouts that are both triangles."
19,0,18,,D,One is on the right side.
19,0,18,,D,There's one on the right side that's above the one on the left side.
19,0,18,,D," Very slightly, yes."
19,0,18,,D,But those two cutouts kind of make the knees.
19,0,18,,D,"Well, right, but the right cutout is higher than the, like the point, the peak of the right cutout is at the same level as the left side of the left cutout."
19,0,18,,D,The top side of the left cutout.
19,0,18,x,D,"Yes, exactly."
19,0,19,,D, Okay this um it looks like bunny ears um and then there's a triangle with a rectangle extending below and it kind of looks like it has two feet off the left.
19,0,19,,D,Yeah there's a like kind of a square on the left side that's only connected to the point of a triangle.
19,0,19,x,D,Yes.
19,0,20,,D," OK, this one is a little ambiguous, but."
19,0,20,,D,"Starting from the top, there's a square and then directly below that is a parallelogram and the parallelogram at two points is touching this other figure that kind of looks like a dog."
19,0,20,,D,The dog is like kind of facing left.
19,0,20,,D,It has a triangle.
19,0,20,x,D," Ah, okay."
19,0,20,,D,Off the tip of the far right.
19,0,20,,D,And the left side of the figure is like two triangles stacked on top of each other.
19,0,20,x,D,Yes.
19,0,21,x,D,"Okay, this one..."
19,0,21,,D,It kind of looks like a top view of a scorpion.
19,0,21,,D,"Um, the top..."
19,0,21,,D, has two white triangular cutouts.
19,0,21,,D,"Yeah, and the right side is like a..."
19,0,21,,D,The entire left side of the figure is like a...
19,0,21,,D,The white space on the left side of the figure is like a large right triangle.
19,0,21,,D,"But it goes from top to bottom, so it's not really cut out."
19,0,21,,D,"Yeah, it's just like a straight line on the left side."
19,0,21,x,D,Yeah.
19,0,22,,D," Okay, this one, um, if it were to be a person, it would have a triangular head, the point of the triangle facing left, and it's connected, um, by a very point, by, like, the very bottom point."
19,0,22,,D,"There's, on the white space on the left side, there's a square that's connected at two points to the figure, but otherwise floating."
19,0,22,x,D,"Yes, yes, yes, yes, yes."
19,0,23,,D," Okay, this one, um, it's kind of an ambiguous figure."
19,0,23,,D,It is extending kind of from the upper left corner to the bottom right.
19,0,23,,D,"Um, it's like a trapezoid, a triangle, a trapezoid, and a parallelogram, and then another triangle."
19,0,23,x,D,"Okay, uh, the-"
19,0,23,,D, It goes from upper left to bottom right.
19,0,23,x,D,Yes.
19,0,24,,D,"This one, it kind of looks like a figure eight made out of squares with a random rectangle on top."
19,0,24,x,D,Yep.
19,0,25,,D, This one looks like a crab.
19,0,25,,D,A side view of a crab.
19,0,25,,D,It's two parallel crabs facing one another with an upside down trapezoid base.
19,0,25,x,D,Yes.
19,0,26,,D," Okay, this one kind of looks like a man facing right with triangles for feet."
19,0,26,,D,The top is a square that's centered in the figure.
19,0,26,,D,"Yeah, it looks like a top hat."
19,0,27,,D,"Okay, this one resembles the letter I."
19,0,27,,D, but it's kind of all connected and the base is a little round with a slight point off to the right.
19,0,27,x,M,Okay.
19,0,27,,D,The middle of the figure is a large square with a triangle facing upward and a rhombus connected to that triangle.
19,0,27,x,D,Correct.
19,0,28,,D," Okay, this one, it kind of looks like a person with a rhombus head, facing left, extending their arms out, and it looks like they're kind of wearing like a cloak."
19,0,28,,D,"With triangular feet, or like a little triangle to show their feet."
19,0,28,,D,Does that make sense?
19,0,28,,M,Facing left?
19,0,28,,D,"Yeah, facing left, extending their arms out."
19,0,28,,D,The bottom cut out on the left side is like a square with a triangle on the bottom side.
19,0,28,x,D,Yeah.
19,0,29,,D,okay this one um it's like kind of a weird figure but the top part is a parallelogram
19,0,29,,D,and then there's a rectangle extending off the left side going down with a square at the very end
19,0,29,,D,it like kind of just takes
19,0,30,,D," Okay, this one, there's a rhombus head."
19,0,30,,D,And then directly below that is like two triangles kind of connected together to make it look almost like a square with a cutout on the right.
19,0,30,,D,And then a rectangle kind of extending to the bottom right at a 45 degree angle.
19,0,30,,D,And then off the middle of that rectangle is another extension to the left that has
19,0,30,,D, a triangle at the bottom left.
19,0,30,x,M,Can you describe that again?
19,0,30,,M,That's a rhombus head?
19,0,30,,D,"Yes, rhombus head."
19,0,30,,D,"And then directly below that, it's kind of like a square with a triangular cutout on the right."
19,0,30,x,D,"Okay, yeah."
19,0,30,,D,It looks like a person doing a single leg squat.
19,0,30,x,D,Yeah.
19,0,31,,D," Okay, this one's kind of a weird figure."
19,0,31,,D,"There's a square in the left connected at a singular point to this kind of triangle, misshapen rectangle thing."
19,0,31,,D,"At the bottom right, there's a right triangle facing right."
19,0,31,x,D,Yeah.
19,0,32,,D," Okay, this one, um, it's pretty square."
19,0,32,,D,So there's a square and then to the left extending upward is a large rectangle ending in a little triangle facing left.
19,0,32,x,M,"Uh, you can describe it more."
19,0,32,,D,"Yeah, lots of nice, it kind of looks like a musical note."
19,0,32,x,D,Does that help?
19,0,32,x,M,Okay.
19,0,32,x,M,No.
19,0,32,,D,square base to the left there's a long skinny rectangle extending upward
19,0,33,,D,okay this one looks like a dude sitting down with a square head facing left yeah hugging his knees
19,0,34,,D," OK, this one it kind of looks like a horse again facing left, but really rectangular body and then a parallelogram in the front and a triangle in the back."
19,0,35,x,D,This one.
19,0,35,,D," If you're kind of looking at the bottom left, there's a lone triangle, and it's connected at the very point to this kind of slanted 45-degree angle line."
19,0,35,,D,It looks like a flamingo jumping to the right.
19,0,35,x,D,Yeah.
19,0,36,,D," Okay, this one looks like a house with a very tall chimney to the right."
19,0,36,x,E, Good.
19,0,36,x,E,Pretty good.
19,0,36,,E,My left hand is like completely asleep.
19,0,36,,E,Am I able to...
19,0,36,,E,Okay.
19,0,36,,E,Was I moving around too much or was...
19,0,36,,E,Okay.
19,0,36,,E,Okay.
19,0,36,,E, OK. OK.
19,0,36,,E,Right.
19,0,36,,E,"OK. Yeah, this is perfect."
19,0,36,,E, Perfect.
19,0,36,,E,Perfect.
19,0,36,,E,Sounds good.
19,0,36,,E," All right, I'm good to go."
19,1,1,,D,okay um the left side of the figure
19,1,1,,D,or on the far left side
19,1,1,,D,it's a large triangular cut out
19,1,1,,D,and then on the far right side far upper right side there is a triangle connected at one point that faces right
19,1,1,,M,sorry i need a little bit more
19,1,1,,D,okay in the center middle of the figure there's a
19,1,1,,D,rhombus that's connected at one point to a right triangle that's connected to the central part of the figure.
19,1,1,,D,The bottom right is a right triangle facing downward.
19,1,1,,D,Bottom right is a right triangle facing downward.
19,1,1,,D,I think it's the only figure where the left side is a large triangular cutout with a peak facing right.
19,1,1,x,M,"Oh, okay."
19,1,1,x,M,I see.
19,1,1,,D,And there's a rhombus head.
19,1,1,x,M,Yeah.
19,1,1,x,M,Okay.
19,1,1,x,M,Oh.
19,1,2,,D,"Okay, it looks like someone doing a single leg squat."
19,1,2,,D,The left side is a triangular cutout.
19,1,2,,D,The left side is a triangular cutout.
19,1,2,,D,"Okay, rhombus head and parallelogram extending to the bottom right."
19,1,3,,D,"Okay, it looks like the letter I."
19,1,3,,D,"There's a small triangle about three quarters of the way up facing right, and then another small triangle at the bottom facing right."
19,1,3,,D,The left side has a trapezoidal cutout.
19,1,3,,D,"So it's like an I, and then there's like additional shapes connected on the bottom half, with the left side being a trapezoid."
19,1,3,x,M,I think I got it.
19,1,3,x,D,Cutout.
19,1,4,,D,Looks like a sphinx or a dog facing left.
19,1,4,,D,The bottom left is a parallelogram.
19,1,4,,D,"To the right of that, there's a large white space that's kind of like a parallelogram, but the right side has an additional triangle facing right."
19,1,4,,D,The
19,1,4,,D,center of the figure is a large rectangle on the left.
19,1,5,,D,It looks like someone kneeling with a rhombus head and then
19,1,5,,D,"On the left side, there's a parallelogram cutout."
19,1,5,,D,"On the right side, the cutout is a large triangle with a peak facing left."
19,1,5,,D,The top of the figure is a rhombus head with a rhombus directly below it.
19,1,5,,M,"Okay, kneeling, arms extending to the right?"
19,1,5,x,D,Yes.
19,1,6,,D,"It looks like a person leaning against a wall, facing left, rhombus head, and a person hugging their knees."
19,1,6,,D,"OK, sitting on the ground, hugging their knees."
19,1,6,x,M,Yes.
19,1,7,,D,The top of the figure is two triangles.
19,1,7,,D,that look like bunny ears.
19,1,7,,D,They're both connected at one point to a large triangle that faces right.
19,1,8,,D,"The base of the figure is a parallelogram, with the point of contact being the base of the parallelogram, so two points in a line."
19,1,8,,D,"On the middle left, there's a rhombus that's connected at one point to a triangle."
19,1,8,,M,"Okay, the square's only connected at two points to the whole figure?"
19,1,8,x,D,"Oh, okay."
19,1,8,x,D,"Oh, correct, yeah."
19,1,8,x,D,Okay.
19,1,8,,D,"Okay, there's a rhombus head, but it's..."
19,1,8,,D,I wouldn't quite call it a head.
19,1,8,,D,It's more on the upper left.
19,1,8,,D,The base is a parallelogram.
19,1,8,x,D,"Okay, so sorry, scratch all that."
19,1,8,,D,Start from the base.
19,1,8,,D,It's a parallelogram with a long side on the ground.
19,1,8,,D,"To the right of the parallelogram, there's a white cutout of a right triangle with the hypotenuse facing up left."
19,1,8,,D,"To the right of that, there's another right triangle in black connected at one point."
19,1,8,,D,The center of the figure is like a large rectangle.
19,1,8,x,M,"Okay, I think I got it."
19,1,9,,D,"Okay, it looks like another person kneeling."
19,1,9,,D,"It's the one with the triangle on the bottom left, the cutout triangle bottom left, and then on the right side there's a triangle cutout, but the cheek is facing right."
19,1,9,,D,Rhombus head.
19,1,9,,M,"And the right, the cutout on the right of the triangle is slightly higher than the cutout on the left?"
19,1,9,x,D,Yes.
19,1,9,x,M,Got it.
19,1,10,,D,"Uh, it's the person with the two small triangle feet."
19,1,10,,D,Looks like a man with a square head facing right with one arm extended downward.
19,1,10,,M,"Okay, and like the top hat?"
19,1,10,x,D,Yes.
19,1,11,,D,"The base is a large rectangle with two triangles that are, their bases are completely connected to the short sides of the rectangle."
19,1,11,,D,"There's a triangle, so in the middle of the figure there's a triangle facing upward with a rhombus connected at only one point."
19,1,11,x,M,Okay.
19,1,12,,D,"Okay, starting from the bottom right, there is a small triangle facing downward that's connected by sort of like a small pipe to the central base of the figure, which is a large triangle."
19,1,12,,D,Then the top of the figure is a rhombus head connected at one point to an upside down right triangle where the hypotenuse is facing the bottom right of the figure.
19,1,12,,D,"The right side of the cutout in this figure, on the right side, is a large trapezoid where the top of the trapezoid is facing left and is... Yeah, the left side..."
19,1,12,x,M,I think I got it.
19,1,12,,D,"On the bottom right, there's a tiny, tiny triangle."
19,1,12,,D,"Yes, but it's connected by like a small rectangular portion."
19,1,12,x,M,"Okay, yeah."
19,1,13,,D,This looks like a flamingo jumping to the right.
19,1,13,,D,There's a small triangle at the bottom left connected to only one point to the rest of the figure.
19,1,14,,D,"Okay, it somewhat resembles a person."
19,1,14,,D,um with uh one foot on the ground
19,1,14,,D,the feet are triangles but the upper half of each triangle is connected to a rectangle
19,1,14,,D,the other foot is sort of raised in the air
19,1,14,,D,um in the upper right of the figure there's a rhombus head uh
19,1,14,,D,okay slightly to the left of that there's a triangular cut out okay
19,1,15,,D,"It looks like, uh, okay, there's bunny ears again."
19,1,15,,D,They're connected to a rhombus.
19,1,15,,D,That rhombus is connected to the tip of a large right triangle.
19,1,15,,D,"That comprises pretty much the whole figure, except the right triangle, uh, at the bottom right, there's another triangle that intersects, like, 30% of the right triangle."
19,1,15,,M,"Okay, it's like a bunny facing right."
19,1,15,x,D,Yeah.
19,1,16,,D,"Okay, it looks like a top view of a crab."
19,1,16,,D,"Uh, the base is an upside down trapezoid."
19,1,16,x,M,"Oh, sorry, I accidentally clicked the..."
19,1,16,x,M,"Sorry, I knew that that was it."
19,1,16,x,M,I hit the wrong button.
19,1,17,,D,"Uh, it looks like a farmhouse with a chimney on the right side."
19,1,17,x,M,Okay.
19,1,18,,D,"Okay, it looks like a person with a rhombus head."
19,1,18,,D,There are two legs that are slightly different shapes.
19,1,18,,D,It looks like their legs are stretched out in both directions.
19,1,18,,D,"On the left side, it looks like a foot facing upward."
19,1,18,,D,"On the right side, it's just a parallelogram."
19,1,18,x,M,"Okay, I think I got it."
19,1,18,x,E,Okay.
19,1,18,x,E,"Yeah, it feels good."
19,1,18,x,E,No problems.
19,1,18,x,E,Good.
19,1,18,x,E,"I'm a little uncomfortable, but I think I just need to move a little bit."
19,1,18,x,E,Just like my right arm is just a little uncomfortable.
19,1,18,x,E,Got it.
19,1,18,x,E,Can I just leave my left hand down?
19,1,18,x,E,Yeah.
19,1,18,x,E,Okay.
19,1,18,x,E,I think I'm all set then.
19,1,18,x,E,Okay.
19,1,18,x,E,"Yeah, I think I was like kind of holding my arm up."
19,1,18,x,E,Okay.
19,1,18,x,E,yeah definitely okay
19,2,1,,D,okay um so this one it kind of looks like the flamingo facing right kind of jumping yep got it
19,2,2,,D,"This one, it looks like the person bending their knees to the right, outstretching their arms, and the right triangular cutout is slightly above the left triangular cutout."
19,2,2,x,M,Yep.
19,2,3,,D,Top view of a crab.
19,2,3,x,M,Yep.
19,2,4,,D,"This one looks like the letter I, except the left half has some extra stuff."
19,2,4,x,M,Yep.
19,2,5,,D,"Okay, this one looks like a person, one foot on the ground, one in the air to the left, a rectangular head kind of on the right."
19,2,5,x,M,Yep.
19,2,6,,D,"All right, this one looks like the person with a top hat, two triangular feet facing right."
19,2,6,x,M,Yep.
19,2,7,,D,"Okay, this one is the kind of weird one with the parallelogram base, a small right triangle connected at the point on the right side."
19,2,7,,D,Top left is a rhombus on the left side.
19,2,7,x,M,Yep.
19,2,8,,D,"Okay, this one, it's the small triangle on the bottom right connected by the little pipe."
19,2,8,x,M,"Um, got it."
19,2,9,,D,"Okay, this one kind of looks like a person riding a dog."
19,2,9,,D,The dog is facing left.
19,2,9,,D,Triangle on the top right connected at the very point.
19,2,9,,D,In the middle there's kind of this right triangle with the hypotenuse facing left and this rhombus that's kind of just barely touching it.
19,2,10,,D,Okay this one is the rectangle base with the two triangles on either end and the rhombus little head on top.
19,2,11,,D,"This one looks like the person with the rhombus head and his legs spread out, the left foot kind of a triangle pointing upward."
19,2,12,,D,"Okay, this one again looks like a person kneeling to the right, except there's a white parallelogram cut out on the left."
19,2,13,,D,This one looks like a person sitting down hugging their knees to the left.
19,2,14,,D,"A farmhouse chimney on the right, very tall."
19,2,15,,D,"Okay, this one has the bunny ears with the kind of feet to the left and the square that's connected at two points and otherwise floating."
19,2,16,,D,"Okay, this one looks like the guy doing the pistol squat."
19,2,17,,D,"Okay, this looks like the horse or sphinx that you said facing left."
19,2,18,,D,"Okay, this is the bunny ears on a mountain."
19,2,18,,D,"Bunny facing left, sorry, facing right."
19,2,18,x,E,Good.
19,2,18,x,E,Yes.
19,2,18,x,E,"Yeah, feeling good."
19,2,18,x,E,"Okay, perfect."
19,2,18,x,E,Yes.
19,3,1,,D,It's the flamingo flying to the right.
19,3,2,,D,Pistol squat.
19,3,3,,D,"Uh, top-down view of a crab."
19,3,4,,D,Bunny facing right.
19,3,4,,D,"Bunny on a mountain, as you described it."
19,3,4,x,M,Okay.
19,3,5,,D,Letter I with additional shapes bottom left.
19,3,5,x,M,Okay.
19,3,6,,D,Rectangle base with the rectangles facing both directions.
19,3,6,,D,Rhombus head connected at a single point to a triangle.
19,3,6,x,M,Okay.
19,3,7,,D,"A person with legs spread out, left leg has a foot facing upward, rhombus head."
19,3,8,,D,A small triangle at the bottom right facing downward connected by a small pipe.
19,3,9,,D,Parallelogram base with right triangle cut out directly to the right of that.
19,3,9,,D,Small right triangle connected at a single point to the right of that.
19,3,9,,D,Rhombus head on the left side.
19,3,9,x,M,Okay.
19,3,10,,D,A person hugging their knees facing left
19,3,11,,D,A person riding a dog
19,3,12,,D,Person kneeling with a parallelogram cut out on the left side.
19,3,13,,D,"The other one with bunny ears, not the bunny on a mountain."
19,3,13,,D,"Okay, with the square."
19,3,14,,D,"Person kneeling with two triangle cutouts, right one higher than left."
19,3,15,,D,Person standing on one leg with left foot raised.
19,3,15,,D,Upper right side is a rhombus head.
19,3,16,,D,Farmhouse with a chimney on the right.
19,3,17,,D,Sphinx.
19,3,17,,M,Say that again?
19,3,17,,D,The Sphinx.
19,3,18,,D,top hat.
19,3,18,x,E,Pretty good.
19,3,18,x,E,Let's do it.
19,3,18,x,E,Sounds good.
19,4,1,,D,This is the Sphinx.
19,4,2,,D,Flamingo facing right.
19,4,3,,D,Farmhouse with a chimney.
19,4,4,,D,Pistol squat
19,4,5,,D,The letter I with the extra stuff on the left.
19,4,6,,D,Crab.
19,4,8,,D,A person kneeling facing right with a parallelogram cut out.
19,4,9,,D,Person with one foot off the ground.
19,4,9,,D,Rhombus head on the right.
19,4,10,,D,This is the weird one with the parallelogram base.
19,4,10,,D,Right triangle connects with the very point.
19,4,10,,D,"Um, kind of weird shapes in the middle."
19,4,10,,D,"Square on the left side, triangle on the right side on the top."
19,4,10,,M,Let's just call this a kangaroo from now on.
19,4,10,x,D,Okay.
19,4,11,,D,"This is the rectangle with the two triangles on each side, rhombus on the top."
19,4,11,,M,Call that the fountain from now on.
19,4,11,,D,"Fountain, alright."
19,4,12,,D,This is person riding the dog.
19,4,13,,D,"Person kneeling facing, or sorry, sitting facing left, hugging her knees."
19,4,14,,D,Bunny ears with the square on the left.
19,4,15,,D,"Persons spreading their legs, left foot pointed upward."
19,4,16,,D,Bunny on a Mountain.
19,4,17,,D,"Person kneeling facing right, triangle cutouts, right one higher."
19,4,18,,D,uh small right sorry small triangle on the right connected with the pipe let's call that pipe from now on okay
19,4,18,x,E,Yeah.
19,4,18,x,E,I'm good.
19,4,18,x,E,Yes.
19,4,18,x,E,Okay.
19,4,18,x,E,Sounds good to me.
19,4,18,x,E,Sounds good.
19,5,1,,D,Person kneeling with the parallelogram cut out.
19,5,2,,D,The Sphinx.
19,5,3,,D,Top hat.
19,5,4,,D,Bunny on a mountain.
19,5,5,,D,Pistol squat.
19,5,6,,D,Pipe.
19,5,7,,D,Letter I with extra.
19,5,8,,D,House and chimney.
19,5,9,,D,Person hugging knees facing left.
19,5,10,,D,The kangaroo.
19,5,11,,D,Person kneeling with two triangle cutouts.
19,5,12,,D,Person with left leg raised.
19,5,12,,D,With rhombus head on the right.
19,5,12,,M,Call that the monster from now on.
19,5,13,,D,The other bunny ears.
19,5,13,,D,Bunny not on a mountain.
19,5,14,,D,Crab.
19,5,16,,D,Spread legs.
19,5,17,,D,The fountain.
19,5,18,,D,Person riding a dog.
19,5,18,x,E,Sounds good.
19,5,18,x,E,"All right, I'll start."
19,5,18,x,E,Let's do it.
19,6,1,,D,"Okay, this is the I with the extra stuff on the left."
19,6,2,,D,"Person sitting down, hugging knees."
19,6,3,,D,"A person kneeling facing right, triangle cutouts."
19,6,5,,D,Sphinx
19,6,6,,D,Crab
19,6,7,,D,House and chimney
19,6,8,,D,Bunny on a mountain.
19,6,9,,D,Pistol squat.
19,6,10,,D,person riding the dog
19,6,11,,D,top hat
19,6,12,,D,monster
19,6,13,,D,"fountain,"
19,6,14,,D,"kangaroo,"
19,6,15,,D,"Person kneeling facing right, parallelogram cut out."
19,6,16,,D,Flamingo.
19,6,17,,D,Not bunny on a mountain.
19,6,18,,D,"This next one, let's call it karate chopping now."
19,6,18,,D,It's the spread legs.
19,6,18,,M,Right?
19,6,18,,D,"Yeah, spread legs."
19,6,18,,D,Karate kick.
19,6,18,x,E,Okay.
19,6,18,x,E,Thank you.
19,6,18,x,E,"Yep, I'm ready."
19,6,18,x,E," Okay, this is the eye with the extra stuff on the left."
19,7,1,,D,okay um there's some new shapes
19,7,1,,D,uh this is the one where uh bottom right side is a trapezoid that's connected by a long triangular pipe where in the middle there's a triangle that extends to the left
19,7,1,,D,at the top of this pipe which by the way is at a 45 degree angle uh is another trapezoidal shape
19,7,1,,D,um on the right side a uh yeah
19,7,1,,M,is it just the rectangular block at a 45 degree angle that's like goes from the top left to the bottom
19,7,2,,D, A person kneeling with triangle cutouts.
19,7,3,,D,This looks like a horse galloping to the left.
19,7,3,,D,"There's a triangle on the upper left side, facing upward."
19,7,3,,D,"The right side is a parallelogram, also facing upward."
19,7,4,,D, It looks like a rat facing left.
19,7,4,,M,"This is the one who said it looked like Ferb, I think."
19,7,4,x,D,"Yeah, it is."
19,7,5,,D,It looks like a cell phone tower.
19,7,5,,D,It's like the pole with the trapezoids extending off both sides.
19,7,5,x,M,Okay.
19,7,6,,D,Person riding a dog
19,7,7,,D,Looks like a person wearing a cloak
19,7,7,,D,uh but it's not the one you said cloak
19,7,7,,D,if the person is shaped similarly but there's like a triangle extending off the bottom right
19,7,7,,M,does it look like the letter i
19,7,7,x,D,yes
19,7,7,,M,what kind of cursive
19,7,7,x,D,yes
19,7,8,,D, the Sphinx.
19,7,9,,D,An odd shape that extends from the upper left to the bottom right.
19,7,9,,D,The upper left is a triangle with the right side intersecting with the rest of the shape.
19,7,9,,M, Does it look like a music note?
19,7,9,,D,No.
19,7,9,,D,The bottom right is a right triangle with the top half intersected by the rest of the shape.
19,7,9,,D,It goes from upper left to bottom right.
19,7,9,,D,It's more linear.
19,7,9,x,M,Okay.
19,7,10,,D,monster
19,7,11,,D,flamingo flying right
19,7,12,,D,House with a Chimney
19,7,13,,D,Pistol Squat
19,7,14,,D, The fountain.
19,7,15,,D,Top hat.
19,7,16,,D, This looks like a person standing on one leg with their right leg extended behind them.
19,7,16,,D,There's a rhombus head in the upper left.
19,7,16,,D,"Immediately below that, it looks like two triangles stacked on top of one another."
19,7,17,,D,A person hugging their knees.
19,7,18,,D, person kneeling with parallelogram cut out.
19,7,19,,D,The top of this figure is a very small triangle with the peak facing left and one of the sides connected at one point to a large right triangle.
19,7,19,,D," Below that large right triangle, there's a cutout on the left with a square connected at two points."
19,7,19,,D,"Okay, it kind of looks like someone bent over looming left."
19,7,20,,D,Karate kick.
19,7,21,,D, Looks like person leaning left with hands in air.
19,7,22,,D,Letter I with extra.
19,7,23,,D, Figure eight with square.
19,7,24,,D,Bunny ears on a mountain.
19,7,25,,D, House with chimney.
19,7,25,,D,Chimney is on the other side and there's a triangle.
19,7,26,,D,Crab.
19,7,27,,D,Top view of a Scorpion
19,7,28,,D,Pipe
19,7,29,,D," Okay, take the letter, the cursive letter I want, uh, but make the rhombus, the rhombus is now on a flat, like on an upside down triangle."
19,7,29,x,M,Um.
19,7,29,x,M,"Oh, okay, I think I know."
19,7,29,,D,"It's like, looks like a square but with some stuff cut out on the right."
19,7,29,x,M,Yeah.
19,7,29,x,M,Okay.
19,7,29,x,M,That wasn't really slow.
19,7,30,,D," Okay, take the letter I."
19,7,30,,D,"Uh, but it looks, okay, now this is the one originally you said looks like a person wearing a cloak."
19,7,30,x,D,Okay.
19,7,30,,D,It's like hands to the left.
19,7,31,,D,Kangaroo.
19,7,32,,D," Parallelogram with a part hanging off the left, downward."
19,7,32,x,D,Okay.
19,7,33,,D,"This one, to me, looks like a person reclining and drinking a martini."
19,7,33,,D,There's a rhombus head.
19,7,33,,D, connected to essentially a square.
19,7,33,,D,"On the left side, there's an upside-down triangle connected at one point."
19,7,33,x,M,Okay.
19,7,33,x,M,Yes.
19,7,34,,D,This one kind of resembles the person riding a dog.
19,7,34,x,M,Okay.
19,7,34,x,M,Yeah.
19,7,34,x,M,Got it.
19,7,35,,D, Music note.
19,7,36,,D,"Bunny ears, not a mountain"
19,7,36,x,E, Thank you.
19,7,36,x,E, Okay.
19,7,36,x,E, Sounds good.
19,7,36,,E,Sounds good.
19,7,36,,E, Yes.
19,7,36,,E, Perfect.
20,0,1,x,D, Okay I hope you can hear me.
20,0,1,,D,"The image looks like the top left corner of the image has like a little square and there's two triangles, two distinct triangles on the right side."
20,0,1,,D,One of the triangles is on the top right and one of them is on the bottom right and the bottom left looks kind of like a like a chunk of an image.
20,0,1,x,D, Does that help?
20,0,1,x,M,Am I allowed to ask questions?
20,0,1,x,D,"I think so, yeah."
20,0,1,,M,"Wait, I, like, couldn't hear part of it, so you mentioned there was a square on the top left, and then two distinct triangles."
20,0,1,,D,"Yeah, there's a square on the top left."
20,0,1,,D, and two distinct triangles.
20,0,1,,D,"One of the triangles is also right next to the square, except on the right side, and the other triangle is on the bottom right."
20,0,1,x,M,"Wait, how do I scroll down?"
20,0,1,x,M,"Oh, okay."
20,0,1,x,M,"Wait, top right..."
20,0,1,,D," square, the top left square, and triangles next to it."
20,0,1,,D,"Yeah, there's one triangle right next to the square on the right side, and one of the triangles is further down, but also on the right side."
20,0,1,,D,"And the two triangles are at different angles, but they're roughly the same size."
20,0,1,x,M, Oops.
20,0,1,x,M,"Yeah, oops, okay."
20,0,1,x,M,Got it.
20,0,2,,D,"Okay, this image, it kind of looks like a person."
20,0,2,,D,Like the square is a head.
20,0,2,,D,"Or rather, the head is a square."
20,0,2,,D,And it looks like they're sticking their arm out on the left side of the image.
20,0,2,,D, So there's like a distinct head at the top and then like kind of like one arm sticking out on the left side and there's really nothing on the right side.
20,0,2,,D,It's like completely flat on the right side.
20,0,2,x,M,Um.
20,0,2,x,M,Nice.
20,0,2,x,M,Um.
20,0,3,,D," Okay, this one's like kind of odd looking."
20,0,3,,D,"Um, it kind of looks like, like a bow tie or like glasses."
20,0,3,,D,"Um, there's like two, two distinct trapezoids."
20,0,3,,D,"Um, and it's like, it's, it's, it kind of looks smaller than the other images."
20,0,3,,D,"Um, but yeah, it kind of looks like a pair of glasses."
20,0,3,,D,"Um, that's like the best way I can, I can think of describing it."
20,0,3,x,D,"Um,"
20,0,3,,D," There's like, yeah, there's like a little point on the left side and on the right side."
20,0,3,,D,"Um, and it's, it's kind of like, the image is horizontal, basically horizontal."
20,0,3,x,D,Nice.
20,0,4,,D, This one also looks kind of funny.
20,0,4,x,D,There's a...
20,0,4,x,D,I think it's...
20,0,4,,D,"Okay, so it's one of the images with a little triangle on the right side."
20,0,4,,D,And the triangle is perfectly drawn.
20,0,4,,D,So it's not an angle.
20,0,4,,D,It's upright.
20,0,4,,D,"And on the top left, there's..."
20,0,4,,D, there's a little square block on the top left.
20,0,4,,D,"And there's like two, on the left side there's like two points."
20,0,4,,D,And then there's like a vertical block connecting the two points to the little triangle and the square head.
20,0,4,,M, If the triangles are top left or top right?
20,0,4,,D,The triangle is on the right side.
20,0,4,,D,Right in the middle of the image.
20,0,4,x,D,Huh.
20,0,4,,D,And it looks like there's a leg.
20,0,4,,D,Like a vertical rectangle.
20,0,4,,D,That kind of looks like a leg.
20,0,4,x,D,Nice.
20,0,5,,D," Um, okay, this one, this one also kind of looks like a person."
20,0,5,,D,"Um, it's almost like the person is, like, on their knees, um, kind of like they're, they look like they're praying."
20,0,5,,D,"Um, there's also, like, a, a square head, and then the hands or the arms are on the right side."
20,0,5,,D,"Um, oh, I think there were two that looked similar."
20,0,5,x,M,Okay.
20,0,5,,M," Oh yeah, when you said on their knees, I thought that was the other one that was on the ground."
20,0,6,,D,"Okay, this one has the head of a person, but it's almost like there's no arms."
20,0,6,,D,"It's very flat on both sides, and at the very bottom, it looks like they're kind of sitting on their knees, but it's very curled up."
20,0,6,x,D," Um, yeah."
20,0,7,,D,"Um, okay, this one, it doesn't really look like a, it kind of looks like a person, um, but the head shape is really weird."
20,0,7,,D,"Um, there's like two legs, um, and it's not the one with the two triangles as legs."
20,0,7,,D,Both of the legs are like
20,0,7,,D," Like, leg-shaped."
20,0,7,x,D,Um...
20,0,7,x,M,"Wait, can you repeat?"
20,0,7,,M,"The horse, like, what shape are the legs?"
20,0,7,,D,"Um, it's not a triangle."
20,0,7,x,D,It's like...
20,0,7,,D,It's almost like a trapezoid.
20,0,7,,D,"Um, it's like a triangle, but on one side, there's, like, a rectangle."
20,0,7,x,D,So it's like...
20,0,7,,D,It's like if you took a rectangle and drew a triangle on top of it.
20,0,7,x,D,"Um, that's kind of what it looks like."
20,0,7,,M,"And it's supposed to be, like, a humanoid shape?"
20,0,7,,D," Yeah, it's kind of like a human shape, but there's like two heads."
20,0,8,,D,"Okay, this one looks like a person with two arms, and the arms are raised at their head level."
20,0,8,,D,As if they're lifting their arms up.
20,0,8,,D," And the head is still like a square, and each of the arms is kind of like a rhombus."
20,0,8,,D,And there's not really any legs in the image.
20,0,8,x,D,Nice.
20,0,9,,D,This one doesn't look like a person at all.
20,0,9,,D,It's like a bracket shape.
20,0,9,,D,"There's, like, one long, like, kind of, like, rectangle shape, um, across the top,"
20,0,9,,D,"and then on the left side, there's another rectangle shape, um, connected to that,"
20,0,9,,D,"so it kind of looks like, it's like a right angle, um, where part of it is on the top, yeah."
20,0,10,,D,"Um, okay, this kind of..."
20,0,10,,D," This also kind of looks like a person that's praying, um, except they have, like, a triangle on top of their head."
20,0,10,,D,"It's kind of like a person with, like, a ponytail that's sticking straight up."
20,0,10,,D,"And then it also looks like they have a book in their hand, and they're, like, they're reading a book."
20,0,10,x,M,"Wait, poke in what?"
20,0,10,x,M,"Wait, sorry, what'd you say?"
20,0,10,x,M,"Wait, did I just mishear, or did you say there's, like, a poke in ankle?"
20,0,10,x,D,"Oh, no, no."
20,0,10,,D,"There's, like, a ponytail on top of their head."
20,0,10,,D," Yeah, it's more like a triangle that's vertically on top of their head and it looks like they're holding a book and reading from the book."
20,0,11,,D,This one also kind of looks like a person.
20,0,11,,D, It's actually the one you selected earlier that wasn't correct.
20,0,11,,D,"Uh, it's like a person with a square head and, um, like, two weird-looking legs and then, like, kind of an arm that's sticking out to the right side."
20,0,11,,D,"So, so when I, like, missed the street, I was thinking, like, oh, I'm taking a seat again."
20,0,11,x,M,Yeah.
20,0,11,x,M, Nice.
20,0,12,,D,"Okay, this one looks like a person, and the legs, they're like standing up straight, and the legs are like two small triangles."
20,0,12,,D,"And it looks like they're kind of wearing like a top hat, and the arm is on the right side."
20,0,12,,M,"Wait, top hat?"
20,0,12,,D," Or, yeah, I guess the most distinct feature is, like, there's two legs, and the legs are really tiny."
20,0,12,,D,"Like, it looks like two feet."
20,0,12,,D,And both the feet are small rectangles.
20,0,12,,D,Or small triangles.
20,0,12,x,D,Yeah.
20,0,13,x,D,"Um, okay, this one is also, like, very weird looking."
20,0,13,x,D,"Oh, sorry, I, like..."
20,0,13,x,M, Can you explain the third one?
20,0,13,x,D,Okay.
20,0,14,,D,"Okay, this image is completely symmetrical."
20,0,14,,D,"It's like one of the, I think it's one of the only two images that are symmetrical."
20,0,14,,D,And it's the one that has like a square on top of it.
20,0,14,x,D," Um, okay."
20,0,15,,D,"This looks like, it doesn't look like a person anymore."
20,0,15,,D,"Um, but the most distinct feature is, like, there's two, two small triangles on the top, like, on the top of the image, and then there's a square, but it's lower in the image."
20,0,15,,D,"Um, like, on the left side."
20,0,15,,D,"Um, and yeah, there's two triangles on the top."
20,0,15,x,D,"Um,"
20,0,15,,D," Like, two small triangles."
20,0,15,,D,"But there's another image with a square, but it's... Like, the square is lower and on the left side of this image."
20,0,15,x,D,Uh...
20,0,15,,M,"Wait, does it happen to look like a different animal, or...?"
20,0,15,x,D,I don't...
20,0,15,,D,It doesn't really look like an animal.
20,0,15,x,D,Like...
20,0,15,x,D,It looks like a...
20,0,15,x,D,"I don't know, like..."
20,0,15,,D, Maybe like a rabbit or something?
20,0,15,x,D,I don't know.
20,0,15,,D,"But yeah, mostly like... Yeah, it's one of the weird looking ones, sorry."
20,0,15,x,D,"Okay, this one..."
20,0,16,,D," This one looks like a house, and on the left side there's a chimney, and on top of the chimney there's a triangle."
20,0,16,,D,"But I think it's the only one that looks like a house, yeah."
20,0,17,,D,"Okay, this is the other symmetrical image."
20,0,17,,D,"So it's one of the two symmetrical images, but the one without the square."
20,0,18,,D," Okay, this one kind of looks like a person."
20,0,18,,D,There's a square head and their legs are like kind of spread out.
20,0,18,,D,It looks like they're almost like in a small split or like maybe like running.
20,0,19,,D,um okay this one
20,0,19,,D,this one also looks like someone is praying
20,0,19,,D,um but it's not the one that that was correct that you selected earlier that was right
20,0,19,,D,um it's the other one that looks like someone's praying um and there's like their hands are out to the right side um with a square head and they have like
20,0,19,,D," A little point on the left side, but it looks like the hands are out to the right side."
20,0,19,x,D,Nice.
20,0,20,x,D,"Okay, this one..."
20,0,20,,D,This one kind of looks like a toilet.
20,0,20,,D,"With like, a square on top."
20,0,20,,D, And the seat of the toilet is on the left side.
20,0,20,x,M,Nice.
20,0,20,x,M,Okay.
20,0,20,x,M,This one...
20,0,20,x,M,I think this one is...
20,0,21,,D, This one's the only symmetrical image out of all of these.
20,0,21,,D,"It looks like two squares on top of each other, kind of."
20,0,21,x,D,"Okay, this one..."
20,0,22,,D,This one kind of looks like a dinosaur or like a giraffe.
20,0,22,,D,And the giraffe is like
20,0,22,,D," It's, like, facing left."
20,0,22,,D,"Um, and you can see, like, the long neck."
20,0,22,,D,"And then, like, a rectangular body."
20,0,22,,M,Does it have any triangles on the bottom?
20,0,22,,D,"No, no triangles on the bottom."
20,0,22,,D,"It has, like, a triangle head."
20,0,22,x,D,Um...
20,0,23,,D,"Okay, this is the other one that looks like a giraffe."
20,0,23,,D," Um, or like, yeah, and then there are like triangles on the bottom, and like, kind of like a tail."
20,0,23,x,D,"Um, okay."
20,0,24,,D,This one is extremely weird looking.
20,0,24,,D,"Um, there's like, it looks like a dog, and then like, something is on top of the dog."
20,0,24,,D," Um, and there's like, it's like one of the two images where there's like a little triangle sticking out on the right side, almost like a tail."
20,0,24,,D,"Um, except out of those two... Oh, I think."
20,0,24,x,D,"Okay, nice."
20,0,25,,D,"Um, okay, this one also looks like a dog."
20,0,25,,D,"Um, it's like facing to the left."
20,0,25,,D," Um, and it has triangles, or it has like, kind of has triangles for feet, um, and has like a rhombus for a head."
20,0,25,x,D,"Um, okay."
20,0,25,x,D,This one is...
20,0,26,,D," This one isn't symmetrical, but it's close to symmetrical."
20,0,26,,D,"It's almost like a vertical pillar, and there's two triangles."
20,0,26,x,D,Nice.
20,0,27,,D,"Okay, this one also looks like a dog, except the head is on the right side this time."
20,0,27,,D,And there's a tail.
20,0,27,,D," with, um, like a little upside-down triangle as the tail, and there's a square head on the right side."
20,0,27,x,D,Hmm.
20,0,27,x,D,I don't know.
20,0,27,x,D,Um.
20,0,27,,D,Square head dog.
20,0,27,,D,"Yeah, kind of like a dog, um,"
20,0,27,,D, I think the most distinct feature is an upside down little triangle for the tail.
20,0,27,x,M,Oh.
20,0,27,,M,It's an image that I've already selected.
20,0,27,,D,"No, it's not."
20,0,27,,D,I think it's actually the only one with an upside down triangle.
20,0,27,x,M,What?
20,0,27,x,M,I don't see it.
20,0,27,x,M,Okay.
20,0,27,,M, Did you say you look like a dog or like a duck?
20,0,27,,D,Like a dog.
20,0,27,,D,Kinda.
20,0,27,,D,Like a dog.
20,0,27,,M,There's no distinct feet.
20,0,27,,D,"There's no distinct legs, so it looks like the dog is like, maybe it's like jumping or something."
20,0,27,,D,"But yeah, I think the upside down triangle is probably the most recognizable feature."
20,0,27,,M, What do you mean by upside down triangle?
20,0,27,,D,"Um, it's like, uh, the tip of the triangle is pointing downwards, and the top of the triangle is completely flat."
20,0,27,x,M,"Okay, I don't really see it, so I'm just gonna..."
20,0,27,x,M,"Okay, don't worry."
20,0,27,,M,"Oh, I thought you said it looked like a dog."
20,0,27,,M,"Yeah, maybe it doesn't."
20,0,27,,M, It looks like a person to me.
20,0,28,,D,"Okay, this one also looks kind of weird."
20,0,28,,D,There's like a square head and then like a little triangle that's hanging off of the head on the right side.
20,0,28,,D,"It also, it isn't symmetrical, it kind of looks symmetrical, close to symmetrical,"
20,0,28,,D,"but there's a little triangle hanging off the right side of the head, and on the bottom left, there's another small triangle."
20,0,28,x,M,"Wait, could you repeat that?"
20,0,28,x,D,Yeah.
20,0,28,,D,"There's like a square head on top, and then hanging off of the head on the right side, there's another triangle."
20,0,28,,D," But it's like, it's disconnected a little bit."
20,0,28,,D,So it's only touching at the point.
20,0,28,x,D,Yeah.
20,0,28,x,D,Um...
20,0,29,,D,"Okay, this looks like... Oh, I think this is the one you selected when we were trying to figure out the dog one."
20,0,29,x,D,Uh... Like... Like...
20,0,29,x,D," Okay, wait, I see."
20,0,29,,D,It looks kind of like a ghost.
20,0,29,x,D,Yeah.
20,0,29,x,D,"Um, okay."
20,0,30,,D,This looks like a person.
20,0,30,x,D,Um...
20,0,30,,D, but the left side of the person is completely flat.
20,0,30,,D,"Um, it's just like a straight line on the left side."
20,0,30,,D,"And on the right side, there's like kind of an arm sticking out, uh, to the right, um, at the top."
20,0,30,x,D,"Um,"
20,0,31,,D," Okay, this one's kind of weird looking."
20,0,31,,D,"It looks like a scale, but it's like tilted 45 degrees to the right almost."
20,0,31,,D,There's like a triangle on the left side that's like...
20,0,31,,D," connected to this, like, vertical... And it doesn't look like any particular person or animal?"
20,0,31,,D,"No, it doesn't look like..."
20,0,31,,D,It doesn't look like an animal or person.
20,0,31,x,D,Um...
20,0,31,x,D,"There's, like..."
20,0,31,,D,"There's, like, a vertical beam... Yeah."
20,0,31,x,D,Nice.
20,0,31,x,D,Um...
20,0,31,,D,"Okay, this also kind of looks like a person,"
20,0,31,,D,"except there's like a small triangle and like an upside down triangle on the bottom right,"
20,0,31,,D,"and it looks like there's one foot of the person,"
20,0,31,,D,and then there's like something sticking out on the left side of the person as well.
20,0,31,,D,There's like one upside down triangle all the way on the bottom right corner of the image.
20,0,31,,D, I'm just like a regular square head.
20,0,31,x,D,"Oh, okay."
20,0,31,x,M,So I think I didn't hear part of it.
20,0,31,x,M,"No, you're good."
20,0,31,x,M,"Okay, this one..."
20,0,31,x,M,This one looks...
20,0,33,,D,"I don't know, kind of looks like a dog."
20,0,33,,D,Like a dog facing left.
20,0,33,,D, And there's like a little triangle tail again.
20,0,33,,D,"And then the little triangle is on the right side, the very right side of the image on top."
20,0,33,,D,And there's like a triangle head for the dog.
20,0,33,,D,"And it kind of looks like a person is like riding it, maybe."
20,0,33,,M,"Oh, I thought you said it looked like a dog."
20,0,33,x,D,Yeah.
20,0,33,x,M,"Oh, I guess it kind of does."
20,0,33,x,M,Huh.
20,0,34,,D,"Okay, this one also looks like a house, except the chimney's on the right side."
20,0,34,x,E, How are the brain scans looking for the people listening on the internet?
20,0,34,x,E,I'm trying not to move.
20,0,34,x,E,I feel like I'm trying to fidget my hands a little bit.
20,0,34,x,E,I'm going to try not to.
20,0,34,x,E,I guess they don't hear me.
20,0,34,x,E,"Oh, I don't know."
20,0,34,x,E,Okay.
20,0,34,x,E,"This one looks like... Oh, this is the one you selected."
20,0,35,,D,It looks kind of like a rabbit or a bunny.
20,0,35,,D,There's like two triangles on top.
20,0,35,,D,This is the misconstrued potential dog.
20,0,35,x,D," Oh, wait, okay."
20,0,36,,D,"Um, okay, this looks like a person sitting down."
20,0,36,,D,"They're facing left, and they have, like, two legs."
20,0,36,,D,"It looks like they're sitting, like, sitting all the way down, and their knees are off the ground."
20,0,36,,D,"Um, and their feet are also on the ground."
20,0,36,,M,And the feet is an upside-down triangle?
20,0,36,x,D,"Uh, no, not really."
20,0,36,,D, um the feet are like connected it's like they're sitting all the way down uh like if they're sitting on their butt and their knees are off the ground and they're facing left
20,0,36,x,E," Um, I could hear for the most part."
20,0,36,x,E,"There were some parts that got a little bit, like, muffled."
20,0,36,x,E,"Uh, but otherwise, it's okay."
20,0,36,,E,"I feel like at some point, my head started to hurt a little bit."
20,0,36,,E,"I don't know if it's just because, like, the, um, headpiece is, like, on kind of tight from the beginning."
20,0,36,,E,I don't know.
20,0,36,,E,Got it.
20,0,36,,E,"Okay, sorry about that."
20,0,36,,E, Okay.
20,0,36,,E," Okay, and as of like this very moment, are we allowed to move again or?"
20,0,36,,E,"Okay, cool."
20,0,36,,E,Okay.
20,0,36,,E, Got it.
20,0,36,,E,Thanks.
20,0,36,,E,"Okay, I'm ready."
20,1,1,,D,"Okay, this looks like a person, but there's no arms, square head, uh, there's, like, somewhat bent knees towards the right."
20,1,1,x,M,Yeah.
20,1,2,,D,"This also looks like a person, um, square head towards the right, and there's an upside-down triangle on the left."
20,1,2,,D,"Uh, wait, before you select, I realize there's a lot with upside-down triangles on the left."
20,1,2,x,D,Yeah.
20,1,2,x,D,Um...
20,1,2,,D,I guess it looks like there's an arm that's like reached out but like it's only the torso of the person
20,1,2,,D,so ignore the ones where the person looks like they're fully standing
20,1,2,,D,so just a torso of a person with an arm reached out holding onto a triangle and can only see like that left arm and that again the head is on the right like top right.
20,1,2,,M,And you said the person is facing left?
20,1,2,,D,"Uh, like, the arm is, like, left."
20,1,2,,D,"Like, it's an, like, the left arm is the one that's outreaching, but the person is kind of, like, I don't think it's really facing any particular direction."
20,1,2,,D,"Um, the head is on the right, though."
20,1,2,,M,"Okay, and there's no, like, triangle sticking out anywhere, right?"
20,1,2,,D,There's a triangle sticking out on the left.
20,1,2,,D,"It looks like the person's, like, holding, like, balancing a triangular ball."
20,1,2,,D,"Uh... Any questions, or... Like, there's a triangle on the left that it looks like the person's, like, holding or balancing."
20,1,2,,M,"Uh, is there also a triangle on the right side?"
20,1,2,,D,"Uh, not really."
20,1,2,,D,"I mean, that triangle on the right side is, like..."
20,1,2,,D,"I guess there is, like, a large triangle on the right side that just, like, makes up the person's torso."
20,1,2,,M,"Okay, and the arms are not, like, in the air, right?"
20,1,2,,M,You can only see one arm?
20,1,2,,D,Only one arm.
20,1,2,x,M,"Oh, yeah."
20,1,2,x,M,Sorry.
20,1,2,x,M,"Nah, you're good."
20,1,3,,D,"Okay, another person on the knees."
20,1,3,,D,"There's like two arms that are represented as like two triangles, like two relatively large triangles."
20,1,3,,D,And you can see the legs sticking out on like the bottom left.
20,1,3,,D,"So again, like, person on the ground, uh, leg sticking out on the left, uh, which kind of looks like two triangles, and then they are also, yeah, perfect."
20,1,3,x,M,Cool.
20,1,4,,D,"Okay, this looks like the one that had, like, the dog and then, uh, either a person, like, riding the dog or, like, balancing on the dog."
20,1,4,,D,"Um, and that dog is, like, looks like it's running towards the left."
20,1,4,x,M,"Yeah, perfect."
20,1,4,x,M,Okay.
20,1,5,,D,"This person looks like they're jumping in the air, but you don't see any arms."
20,1,5,,D,It's just two arms.
20,1,5,,D,"No, no, you don't see any legs."
20,1,5,,D,"No, just two arms are like sticking out, like raised."
20,1,5,x,D,Perfect.
20,1,6,,D,"Okay, this person looks like they're balancing, like, oh, they're holding onto the square."
20,1,6,,D,"Um, it's the one that you previously described as, like, well, as, like, triangle heads, um, and then, like, rectangular legs."
20,1,6,x,D,Perfect.
20,1,7,,D,"This looks like a dog, uh, but with a triangle head, um, triangle legs."
20,1,7,x,D,"Uh, let's see."
20,1,7,,M,Is it facing to the left?
20,1,7,,D,"Yeah, facing to the left."
20,1,7,,D,It's a triangle head.
20,1,7,,D,"Uh, no person on it."
20,1,7,x,D,Perfect.
20,1,7,x,D,Perfect.
20,1,8,,D,This is the one that previously was like the glasses.
20,1,8,,D,Like the slightly diagonal.
20,1,8,x,D,"Yeah, perfect."
20,1,9,,D,This looks like the tilted scale.
20,1,9,,D,"Uh, this looks like a duck that was, like, falling."
20,1,9,,D,"Um, so, like, the head is on the ground."
20,1,10,,D,"Uh, and there's, like, three points up in the air."
20,1,10,,D,"Um, like, it's, like, three triangles."
20,1,10,,D,"Not only in the air, but, like, three triangles on the top of this shape."
20,1,10,,D,"Um, and to me, it kind of looks like an upside-down duck."
20,1,10,,M,Like a duck?
20,1,10,,D,Or a goose.
20,1,10,,D,Or some kind of bird.
20,1,10,x,D,Okay.
20,1,10,,M,Is there a square head?
20,1,10,,M,Is there like a square on top or no?
20,1,10,,D,"No, no, no."
20,1,10,,D,It's just like three triangles on the top and then the bottom is a parallelogram.
20,1,10,,D,Like a parallelogram head that's on the ground.
20,1,10,,D,The back is like a diagonal rectangle.
20,1,11,,D,"This is the one that like looks almost symmetrical, but it has like a long pole."
20,1,11,x,M,"Yeah, cool."
20,1,12,,D,This is the one that doesn't really look like anything in particular.
20,1,12,,D,This is like a large
20,1,12,,D,"parallelogram on the top, and then a bar on the left, and then like a square connecting at the bottom of the bar."
20,1,12,,D,"The square's a lot smaller than the parallelogram top, but not any particular shapes."
20,1,12,,D,"It just looks like a left corner, like, 90 degree angle."
20,1,12,x,M,Huh.
20,1,12,x,M,"Oh, I see."
20,1,13,,D,"This looks like a person who's balancing on one leg, and another leg is sticking up in the air, but that leg is just two triangles."
20,1,13,,D,There's also two arms reaching out to the left.
20,1,13,,M,"The arms are reaching out on the left side, right?"
20,1,13,x,D,Yeah.
20,1,13,x,D,"So, perfect."
20,1,14,,D,"This looks like some kind of animal, like square, no legs, just a rectangle body."
20,1,14,,D,Kind of like a giraffe.
20,1,14,,D,"Yeah, kind of like a giraffe."
20,1,15,,D,"This looks like- oh, this is the one that you, like, previously misplicked."
20,1,15,,D,"Um, person with an arm, uh, facing to the left, um, like, fully- full body standing."
20,1,15,x,D,Oh.
20,1,15,,D,"I forgot which one I- Oh, so it- so there's, like, a square head, uh, right-angled body, the right side is just flat, like, it's just horizontal."
20,1,15,x,M,Okay.
20,1,15,x,M,Got it.
20,1,15,x,M,Perfect.
20,1,16,,D,This looks like the house with the chimney roof with the triangle on top of the chimney.
20,1,17,,D,This looks like the symmetrical bow tie.
20,1,17,,D,"Or, like, tie."
20,1,17,,D,Not necessarily a bow tie.
20,1,17,,D,It's also like the only symmetrical image.
20,1,17,x,D,Perfect.
20,1,18,,D,"This looks like a person again, but the left side is completely flat, and then the right side is just like a triangle towards like the top of the person."
20,1,18,,D,"I guess this shape is slightly less humanoid than the other ones, but it still vaguely looks like a person."
20,1,18,x,E,"Yeah, cool."
20,1,18,x,E,Got it.
20,1,18,x,E,Cool.
20,1,18,x,E,Yeah my head feels fine.
20,1,18,x,E,Cool.
20,1,18,x,E,"Okay, I'm ready."
20,2,1,,D,"Um, okay, this one, this is the one that looks like someone is holding a book and they're facing left and they're sitting and there's like that triangle on top of their head."
20,2,1,x,M,Nice.
20,2,2,,D,"Okay, this is the, this is like the weird"
20,2,2,,D,The 90 degree angle one that doesn't look like anything else.
20,2,2,,D,It's like the parallelogram on top.
20,2,2,x,M,Yeah.
20,2,3,,D,This is the one where the person looks like their hands are in the air and they don't really have any feet.
20,2,4,,D,This is the scale that's tilted at the 45 degree angle.
20,2,5,,D,This is the one that I said I thought looked like a dog.
20,2,5,x,D,"Um, but, we got it wrong."
20,2,5,,D,"It's like, the square, there's a square on top on the right side, and like, a little upside down triangle on the left side."
20,2,5,x,M,Wait.
20,2,5,x,M,I don't remember which one it was for before.
20,2,5,x,M,Uh.
20,2,5,,D,"You said it didn't really look like a dog to you, it kind of looked like a person."
20,2,5,x,M,Um.
20,2,5,,D,But there's like an upside down triangle on the left side.
20,2,5,x,M,"Yeah, nice."
20,2,6,,D,This is the one that looks like a dog that's facing left.
20,2,6,,D,"The head is like a triangle, and the feet are also two triangles."
20,2,7,,D,This is the one that you said looks like a duck or like a goose that had fallen.
20,2,8,,D,This is the giraffe looking one facing left.
20,2,8,x,M,Got it.
20,2,9,,D,This is the one that kind of looks like a person.
20,2,9,,D,The right side is completely flat and the left side
20,2,9,,D,"They have like an arm, one arm sticking out on the left side."
20,2,9,,M,"Oh, you're saying the right one?"
20,2,9,,M,Yeah.
20,2,9,x,M,"Oh, oops."
20,2,9,x,M,Okay.
20,2,10,,D,"This is the one that looks almost symmetrical, but it's not symmetrical."
20,2,10,,D,It's like the one with the long pole.
20,2,11,,D,This is the one that looks like the person is balancing on one leg and the other leg is a triangle.
20,2,12,,D,This is the one that looks like a symmetrical tie.
20,2,13,,D,"Uh, this is the one that looks like a dog, and something is, like, riding the dog."
20,2,13,,D,And the dog is facing left.
20,2,14,,D,"This is the... like, the bowtie... or, like, glasses-looking one."
20,2,14,x,M,The what?
20,2,14,,D,It looks like the glasses.
20,2,14,x,M,"Oh, yeah."
20,2,15,,D,This is the one that looks like a person except there's like no arms
20,2,16,,D,This is the one that also looks like a person except the left side is completely flat
20,2,16,,D,"Um, and there's like, it's, it's like, you said it's less humanoid than the other ones."
20,2,16,,M,"Oh, just the one I accidentally chose."
20,2,16,x,M,"Yeah, yeah."
20,2,17,,D,"Uh, this is that house."
20,2,18,,D,"Uh, this is the, the one where like, it looks like a person with like two triangle hands and there's like a little triangle foot on the left side on the bottom."
20,2,18,x,E,Nice.
20,2,18,x,E,"Yeah, I think maybe the mic fell a little bit."
20,2,18,x,E,I was just trying really hard not to move.
20,2,18,x,E,Okay.
20,2,18,x,E,Got it.
20,2,18,x,E,Okay.
20,2,18,x,E,Is that still good?
20,2,18,x,E,Okay.
20,2,18,x,E,Sorry.
20,2,18,x,E,I'll try it again.
20,2,18,x,E,I think
20,2,18,x,E,"I've never seen him here, like, on my face somehow, but I don't know."
20,2,18,x,E,"Oh, and I was the speaker for this round?"
20,2,18,x,E,"Okay, so I don't need to be holding on to that."
20,2,18,x,E,"Yep, testing, testing."
20,2,18,x,E,"I can hear, yep."
20,2,18,x,E,"Okay, I'm ready to start."
20,2,18,x,E,Got it.
20,2,18,x,E,The audio's a little bit weird.
20,2,18,x,E,"No, it's not touching my mouth."
20,2,18,x,E,"Yeah, I just moved it up a little bit because it had fallen and it was touching my mouth."
20,2,18,x,E,"It's still kind of touching my mouth, but that's okay."
20,2,18,x,E,"Yeah, that's good."
20,2,18,x,E,Perfect.
20,2,18,x,E,Okay.
20,2,18,x,E,"I think the audio is okay, I think."
20,2,18,x,E,"Oh no, I couldn't tell if you guys could hear, but I said the audio was fine."
20,2,18,x,E,"Because at first, I think when you were speaking, but I guess it wasn't connected to this set, I thought that was the audio I was supposed to be hearing, and I was like, I don't really hear anything."
20,2,18,x,E,"And I was like, oh wait, no, it's fine, it's fine."
20,2,18,x,E,Yeah.
20,2,18,x,E,Okay.
20,2,18,x,E,"Yeah, buddy."
20,3,1,,D,"Okay, this is the scale that is tilted by 45 degrees."
20,3,1,x,D,"Hello, can you hear me?"
20,3,1,,D,This is the 45 degree angle.
20,3,1,x,M,"Yeah, yeah, I can hear you."
20,3,1,x,M,"Sorry, I was just looking for it."
20,3,1,x,D,"No, you're good, you're good."
20,3,1,x,D,"I just couldn't tell, like, maybe the audio, like, changed or something."
20,3,2,,D,"This is the dog facing to the left, no persons on it, triangle feet."
20,3,3,,D,"This is the person balancing on one leg, facing to the left, two triangle arms."
20,3,3,x,M,"Yeah, cool."
20,3,4,,D,"This is the person on the knees, leg facing to the left, two triangle arms, square head."
20,3,4,,D,"Yeah, there's like the one leg sticking out to the left, but the person's like overall facing the right."
20,3,5,,D,This is the glasses or sunglasses.
20,3,6,,D,"This is the person with the arms up, no legs."
20,3,7,,D,This is the symmetrical tie.
20,3,8,,D,"This is the person with, like, the left side is completely flat."
20,3,8,,D,"It's, like, somewhat humanoid, but not fully humanoid."
20,3,8,,D,Arm raised to the right.
20,3,8,,D,"And again, the left side is completely straight."
20,3,9,,D,This is the one that I think looks like a goose.
20,3,9,,D,Like the bird thing.
20,3,9,x,M,Cool.
20,3,10,,D,This is the giraffe.
20,3,10,,D,So like no legs.
20,3,11,,D,"This is the right angle, left corner looking shape with the parallelogram."
20,3,12,,D,"This is the person that looks like they're holding a book, like they're square, and then the triangle heads."
20,3,13,,D,This is the dog with the person riding it.
20,3,14,,D,This is the person who's standing facing to the left.
20,3,14,,D,"Right side is probably straight, square head."
20,3,14,x,D,Perfect.
20,3,15,,D,"This is the person that we occasionally, like, it's someone that you think looks like a dog, um, with the upside down triangle."
20,3,15,x,D,Nice.
20,3,16,,D,"This is the person with no arms, uh, square head, like, slightly bent."
20,3,17,,D,This is the house triangle chimney.
20,3,18,,D,This is the almost symmetrical shape with the long vertical pole.
20,3,18,x,E,Nice.
20,3,18,x,E,Good?
20,3,18,x,E,I feel good.
20,3,18,x,E,Got it.
20,3,18,x,E,Nice.
20,3,18,x,E,Yep.
20,3,18,x,E,"Oh, and I should be looking for the, like... Yeah... Is it, like... How close is my mind to it?"
20,3,18,x,E,"Oh, okay."
20,3,18,x,E,I think I found it.
20,3,18,x,E,I'm just trying to find a better position for it.
20,3,18,x,E,"Oh, okay."
20,4,1,,D,This is the one that looks like a person.
20,4,1,,D,The right side is flat.
20,4,1,,D,They're facing left.
20,4,1,,D,There's one arm.
20,4,2,,D,This is the dog facing left.
20,4,2,,D,There's a person riding it.
20,4,3,,D,"Uh, this is the almost symmetrical one."
20,4,4,,D,"Uh, this is the, like, goose-duck one."
20,4,4,,D,"This is the goose, or the one that looks like a duck, or goose."
20,4,5,,D,"This is the person holding a book, like the triangle heads."
20,4,6,,D,This is the giraffe.
20,4,7,,D,"This is the person with the arm, with like the hands up, no legs."
20,4,8,,D,This is the symmetrical tie.
20,4,9,,D,This is the person on one leg.
20,4,10,,D,This is the person with no arms.
20,4,11,,D,This is the scale that's tilted.
20,4,12,,D,This is the 90 degree bracket that doesn't really look like anything.
20,4,13,,D,"This is the dog facing to the left, with the triangle head."
20,4,14,,D,This is the sunglasses.
20,4,15,,D,This is the person that's dealing the two triangle arms and the triangle leg that's on the left side.
20,4,16,,D,This is the one that I think looks like a dog.
20,4,17,,D,This is the house.
20,4,18,,D,This is like the least humanoid one.
20,4,18,x,E,"OK, sounds good."
20,5,1,,D,This is a dog with triangle legs.
20,5,1,,D,And no one's riding it.
20,5,2,,D,This is the asymmetrical tie.
20,5,3,,D,This is a person on one leg.
20,5,3,,D,"And, like, triangle arms and triangle legs."
20,5,4,,D,This is the upside-down triangle dog.
20,5,4,,D,"Oh, the one that, like, you had, like, previously described as a dog."
20,5,4,x,M,"Oh, okay."
20,5,4,x,M,Yeah.
20,5,5,,D,This is the house.
20,5,6,,D,This is the dog with the person riding it.
20,5,7,,D,This is the person with no arms.
20,5,8,,D,"Uh, this is the sunglasses."
20,5,9,,D,This is the almost symmetrical pole.
20,5,10,,D,This is the upside-down goose.
20,5,11,,D,This is the right angle left corner block.
20,5,12,,D,This is the person with the right side.
20,5,12,,D,It's completely straight and there's like one arm sticking up to the left.
20,5,13,,D,This is the giraffe.
20,5,14,,D,This is the horizontal scale.
20,5,14,,D,Or like the 45 degree scale.
20,5,15,,D,This is the humanoid shaped with the left side.
20,5,15,x,D,Perfect.
20,5,16,,D,This is the triangle head person carrying the square block.
20,5,16,x,M,"Oh, what's that?"
20,5,17,,D,"Uh, this is the one that you, like, you just selected."
20,5,17,x,D,"Uh, yeah, they, for Victor."
20,5,17,x,M,I just clicked the last one.
20,5,18,,D,"This is the person with the raised arms, no legs."
20,5,18,x,E,"Okay, ready?"
20,6,1,,D,This is the almost symmetrical one.
20,6,2,,D,This is the symmetrical tie.
20,6,3,,D,This is the upside-down goose.
20,6,3,x,M,"Oh shit, sorry."
20,6,3,x,M,"I, like, misclicked."
20,6,3,x,M,Okay.
20,6,4,,D,This is the person balancing on one leg.
20,6,5,,D,This is the sunglasses.
20,6,6,,D,This is the person holding a book and they're praying.
20,6,6,,D,The triangle head.
20,6,7,,D,This is the one that I think looks like a dog.
20,6,7,,M,A dog?
20,6,7,,D,"Yeah, I think it looks like a dog, yeah."
20,6,7,x,M,Nice.
20,6,8,,D,"Uh, this is a person that's completely flat on the right side and they have one arm sticking out on the left."
20,6,9,,D,This is the person with no legs and they have like their arms sticking up in the air.
20,6,9,,D,"Oh, their arms are sticking up in the air."
20,6,9,x,M,"Yeah, yeah."
20,6,10,,D,Is it the giraffe?
20,6,11,,D,This is a person with no arms.
20,6,12,,D,This is the kind of humanoid one.
20,6,13,,D,"This is the dog facing left, and nobody is running."
20,6,14,,D,This is the house.
20,6,15,,D,This is like the 90 degree L-shape bracket.
20,6,16,,D,This is the scale that's tilted 45 degrees.
20,6,17,,D,"Um, the person, uh, looks like the triangle head and the triangle legs."
20,6,17,,D,"Um, that's like, there's two triangles."
20,6,17,,D,They're on their knees facing right.
20,6,17,,D,Little triangle on the left for the leg.
20,6,18,,D,This is the dog.
20,6,18,,D,Another dog with the person riding it.
20,6,18,x,E,Nice.
20,6,18,x,E,"Okay, sounds good."
20,6,18,x,E,Sounds good.
20,6,18,x,E,Okay.
20,7,1,x,E," Hey, hi buddy."
20,7,1,,D," This is a vaguely humanoid shape, upside down triangle on the bottom right corner, square head."
20,7,1,,D,"And there's like one shape sticking out in the right, like close to the head."
20,7,1,x,D,"Yeah, perfect."
20,7,2,x,D,This is...
20,7,2,,D," humanoid shape, uh, with, like, on the knees, and, uh, arm facing, sticking out to the light, um."
20,7,2,x,D,"Oh, looks."
20,7,3,,D,"This is the dog, the person riding it."
20,7,4,,D, This is the almost symmetrical pole.
20,7,5,,D,"This is like a human-ish shape, bent knees, arms sticking out to the right."
20,7,5,,D," Uh, only one arm sticking out to the right."
20,7,5,,D,Square head.
20,7,5,,D,"Uh, when I say Fentany's, I mean, like, there's, uh, like a parallelogram as the legs."
20,7,5,,M,Is this the one that I accidentally clicked last time?
20,7,5,,D,"Uh, I didn't pay attention, just, like, I didn't see what you clicked last time."
20,7,5,,D,"Like, it moved, like, too fast."
20,7,5,,D,"Uh, but Fentany's, yeah, there you go."
20,7,5,x,D,"Okay, nice."
20,7,6,,D," This is the person, no arms, square head."
20,7,7,,D,"This looks like a person on the ground, one leg sticking out to the left, no arms."
20,7,7,,M,Like they're sitting on the ground?
20,7,7,,D,"Yeah, they're like on the ground."
20,7,8,,D," This is the person on the ground, one leg sticking out to the left, and the triangle arms."
20,7,9,,D,This is a symmetrical shape with a square on the top.
20,7,10,,D,this is like a really strange like shape
20,7,10,,D,it kind of looks like an animal uh kind of like a rabbit with like a square on the top
20,7,10,,D,and then like another like triangular shape on the top right um
20,7,10,,D,and it's connected to like a triangle triangular head uh that's facing the left
20,7,10,,M,is the square on the left side
20,7,10,,D,yeah
20,7,11,,D," This is the tie, symmetrical bow tie, uh, symmetrical tie."
20,7,12,,D,"This is the person with the white side that's just flat, and it's facing the left, like, it's his left arm sticking out."
20,7,13,,D," This is the one that, uh, you, like, call the dog with the upside-down triangle."
20,7,14,,D,This is the sunglasses.
20,7,15,,D," This looks like an animal, no tail, kind of like a dog with a relatively long body that's just a rectangle facing to the left."
20,7,16,,D,This is the upside-down goose.
20,7,17,,D," This is the right angle block, top left corner looking 90 degree block."
20,7,17,x,M,"Wait, sorry."
20,7,17,x,M,Can you say that again?
20,7,17,,D,This is the 90 degree block.
20,7,17,x,M,"Oh, got it."
20,7,17,,D,It's like a left corner.
20,7,18,,D, This looks like a person with their legs stretched out.
20,7,18,,D,They kind of look like a running square head connected to a triangle.
20,7,18,,D,And it's like a longer rectangle as the body and two legs are outstretched.
20,7,18,,M,Does it look like it's running to the left?
20,7,18,,D,"Yeah, left."
20,7,19,,D," This is the person with the arms outstretched, no legs, flying."
20,7,20,,D,"This is the dog, no one riding it, triangle legs."
20,7,20,x,M,"Oh, whoops, I misclicked."
20,7,20,x,M,Not bad.
20,7,21,,D, This is the house with the chimney on the right.
20,7,22,,D,This is the other symmetrical shape without the square on the top.
20,7,22,,D,"It's just like two parallelograms, yeah."
20,7,23,,D, This is the toilet looking thing with the square on the top right.
20,7,24,,D,This is a person balancing on one leg facing to the left with their two arms up stretched.
20,7,25,,D," This is another humanoid shape with their legs outstretched, but this time the person's facing the right, and one leg looks a little bit lower than the other leg."
20,7,25,,D,The leg on the right is farther down.
20,7,25,,M,"Is one leg like a triangle, kind of?"
20,7,25,x,D,Yeah.
20,7,26,,D," This looks like some kind of weird human bird mixture with the two triangle legs, uh, two triangle feet, and it's facing the right."
20,7,27,,D,"This is the scale, 45 degree scale."
20,7,28,,D, This is the humanoid person with the left side that's completely straight.
20,7,29,,D,This is a giraffe.
20,7,30,,D, This is the triangle head person carrying the square on the bottom.
20,7,31,,D,This is the house with the chimney on the left.
20,7,32,,D, This is a vaguely dog-like thing with a person riding it.
20,7,32,,D,"It's like almost symmetrical, but not really."
20,7,32,,D,And there's a lot of triangles.
20,7,33,,D, This looks like a person with a square head that's facing the right.
20,7,33,,D,Two legs.
20,7,33,,D,One leg is raised.
20,7,33,,D,One leg is on the ground.
20,7,33,,D,"The other, like, in this, like, one arm that's, like, visible, that's just, like, a trapezoid's arm that's also, like, on the top, like, near the head."
20,7,33,,D,"But look with, like, the two legs."
20,7,33,,M,Are the legs facing to the left side?
20,7,33,x,D,Yeah.
20,7,34,,D, This looks like a bird with one triangle sticking out to the left gap.
20,7,35,,D," This looks like another animal, humanoid kind of thing."
20,7,35,,D,"Square head, two triangles on the top, facing the right, and the bulk of the shape is like a triangle."
20,7,36,,D, This is another strange shape.
20,7,36,,D,"It has two triangles on the top, a square head, or a square shape on the bottom."
20,7,36,,D,It is a relatively long-ish rectangle that's on the right.
20,7,36,,D,"Bobo, look at the triangles."
20,7,36,x,E, Got it Sounds good.
20,7,36,x,E,Thank you
21,0,1,x,E," Joseph, can you hear me?"
21,0,1,,E,"Yeah, can you hear me?"
21,0,1,,E,"Yeah, you're low, but I can hear you."
21,0,1,,E,"Okay, I think I just listened."
21,0,1,x,D,"Okay, to me, this looks like..."
21,0,1,,D,"So there's a kind of, like, parallelogram on the left, and then on the right, it looks like a head."
21,0,1,,D,"It kind of looks like an animal, but it's facing towards the right."
21,0,1,,D,"Like, it's looking towards the right, and it looks like it's a kind of, like..."
21,0,1,,D,yeah so on the right it has like a long rectangle and then a triangle attached to the rectangle pointed down so that's on the right and then on the left it's sort of like
21,0,1,x,E,oops wait robert am i allowed to talk back
21,0,1,x,E,oh i didn't know that okay okay
21,0,2,,D,joseph so this is like there's a diamond head on the top
21,0,2,x,D, Uh-huh.
21,0,2,,D,And then it looks like it's pointed to the right.
21,0,2,,D,"Like, it's kind of a triangle right below the diamond head pointed to the right."
21,0,2,,M,"Oh, does it look like a man reading a book and crouching a little bit?"
21,0,2,,D,"No, it's not that one."
21,0,2,,D,"And then on the bottom right, there's one triangle pointed down on the bottom of the picture."
21,0,2,,M,The bottom?
21,0,2,,D,"On the bottom right corner of the picture, there's a triangle pointed down."
21,0,2,,D,It's an upside-down triangle.
21,0,2,x,D,Yes.
21,0,2,,D,"It looks like he's, like, kicking out."
21,0,2,x,M,Yep.
21,0,2,x,M, Okay.
21,0,2,x,M,Woo!
21,0,2,x,M,I got it!
21,0,2,x,M,"Good job, yes."
21,0,3,,D,"Okay, this one is sort of, it's like a long rectangle person, diamond head again."
21,0,3,,D,There's an upside down trapezoid on the left side.
21,0,3,,D,It almost looks like it's kind of like a candle.
21,0,3,,D, It looks like the body is a sort of candle.
21,0,3,,D,There's a diamond head.
21,0,3,,M,Does it look like a little bit of like a toilet?
21,0,3,,M,Like a fancy toilet?
21,0,3,x,D,Sorry.
21,0,3,x,D,"Um, yeah."
21,0,3,x,D,Okay.
21,0,4,,D,"Okay, this definitely just looks like a man on the walk."
21,0,4,,D,"He's walking, and he's walking to the left."
21,0,4,x,M,Okay.
21,0,4,x,M,"Um, okay."
21,0,4,,D," Wait, but it's not the guy with the arm pointed out to the right."
21,0,4,,D,It's the guy with it pointed out to the left.
21,0,4,,D,It looks like he's taking a big step forward.
21,0,4,x,D,Yes.
21,0,5,,D,"Okay, this looks like two diamonds stacked on top of each other."
21,0,5,,D,On the top is a rectangle.
21,0,5,,M,"Okay, it's like a double dreidel."
21,0,5,x,D,Yes.
21,0,5,x,D,Okay.
21,0,6,,D," Um, this is sort of like, it's like a coffee table that's been flipped upside down on the right, and then attached to the flipped upside down coffee table, there's a triangle on the left."
21,0,6,,D,"So it's a left triangle, and then it's a coffee table."
21,0,6,,D,A left triangle.
21,0,6,,M,Does it sort of look like a measuring device?
21,0,6,,D,I don't think so.
21,0,6,x,M,"Wait, can you describe it again?"
21,0,6,,D," So in the bottom left of it, it looks like a triangle."
21,0,6,x,M,Okay.
21,0,6,,D,It looks like a triangle with a right angle.
21,0,6,,D,"Attached to the triangle is, like, a long rectangle with two legs pointed out."
21,0,6,x,M,"Okay, yes."
21,0,6,,M,"And, like, is the leg on the right cut off?"
21,0,6,x,D,Yeah.
21,0,6,x,D,Okay.
21,0,7,,D, This looks like a woman sitting down.
21,0,7,,D,"It looks like she has, like, a cool hat or hairdo on."
21,0,7,,D,"She's, like, sitting down."
21,0,7,,D,Her head is facing downward a little bit.
21,0,7,,M,"Oh, like a big rabbit."
21,0,7,x,D,Yeah.
21,0,7,x,D,Okay.
21,0,7,x,D,Okay.
21,0,8,,D," Okay, this looks like really similar to the man walking before."
21,0,8,,D,Remember the man taking a big step forward?
21,0,8,x,M,Yeah.
21,0,8,,D,"It's super similar to that, except for he's pointing to the right."
21,0,8,,D,Pointing to the right.
21,0,8,,D,"Okay, like he has a triangle pointed to the right."
21,0,8,x,M,Mm-hmm.
21,0,8,x,M,Okay.
21,0,9,,D," Okay, big arrow house next to it."
21,0,9,x,M,Okay.
21,0,10,,D,"All right, this one sort of looks like somebody sitting down again."
21,0,10,,D,Their feet are on the left side.
21,0,10,,D,On the left side is a sort of trapezoid.
21,0,10,,D, Their feet are on the left side.
21,0,10,,D,"If it was a person sitting down, their feet are on the left side, and their head is..."
21,0,10,,M,"Oh, like they sort of have, like, wings."
21,0,10,x,D,"Yes, exactly."
21,0,10,x,M,Okay.
21,0,10,x,M,"Oh, damn."
21,0,10,x,M,Sorry.
21,0,10,x,M,"No, no, no, I see what you mean."
21,0,11,,D," Okay, this looks like somebody kneeling and maybe reading a book."
21,0,11,,D,There's a triangle.
21,0,11,,D,They have like a little leaf head.
21,0,11,x,M,That one.
21,0,11,x,M,A what head?
21,0,11,,D,Like a little leaf on their head.
21,0,11,x,D,No.
21,0,11,,M,Just a diamond head?
21,0,11,,D,"No, it's not the one with the book, sort of."
21,0,11,,D,It's a diamond head.
21,0,11,x,D,Okay.
21,0,11,,D,And it looks like they're like offering something out with their arms.
21,0,11,x,M,"Oh, I see it."
21,0,11,x,M,Okay.
21,0,11,,M,And their feet are going up behind them.
21,0,11,x,D,Yep.
21,0,12,,D,okay this is like long rec long chimney kind of on the left long chimney not on the right on the left it looks like chimney
21,0,12,,D,i said chimney
21,0,12,,M,oh chimney
21,0,12,,D,but not not the house not the house
21,0,12,x,M,oh it's okay sorry i'm sorry i'm describing yeah sorry
21,0,13,,D,okay somebody flying or falling it looks like their arms are out to their sides diamond head
21,0,13,x,D,okay
21,0,13,,D,like an angel yep okay okay
21,0,14,,D,two trapezoids on either side um and a long kind of rectangle
21,0,14,x,M," Oh, yeah."
21,0,14,,D,Does it sort of look like the fountain in the... Yeah.
21,0,14,x,M,Okay.
21,0,15,,D,"Okay, it's like a big sort of parallelogram on the top, and then on the bottom, a long rectangle on the left is coming out of it."
21,0,15,,D,Big parallelogram on the top.
21,0,15,,D," It's mostly a parallelogram, and then... A parallelogram's like a diamond, right?"
21,0,15,x,D,"Um, it's like..."
21,0,15,,D,I think it's like two parallel lines...
21,0,15,,D,"It's like a rectangle that's... Oh, yeah, oh, never mind."
21,0,15,,D,But it's the one where the long rectangle is coming out of the bottom left of it.
21,0,15,x,M,"Wait, can you describe it again?"
21,0,15,,D,"Yeah, so it's the parallelogram, and then toward the bottom left corner of the parallelogram, a long rectangle is coming out of it."
21,0,15,,M, And then does it curve back in?
21,0,15,x,D,Yeah.
21,0,15,,M,"It's like a door handle, right?"
21,0,15,x,D,Yeah.
21,0,15,x,D,Okay.
21,0,16,,D,"Okay, this looks like a man riding a horse or, like, a dog."
21,0,16,,M,"Okay, is he looking down?"
21,0,16,x,D,Yep.
21,0,16,x,D,Okay.
21,0,17,,D," Alright, this looks like a man reclining with his knees bent."
21,0,17,,D,He's looking down and to the left.
21,0,17,x,M,He looks like what?
21,0,17,,D,A man reclining with his knees bent.
21,0,17,,D,He's looking down and to the left.
21,0,17,x,D,"Oh, okay."
21,0,17,,D,And he looks sorta sad.
21,0,17,x,D,Yeah.
21,0,17,x,D,Okay.
21,0,18,,D,"Okay, house, chimney on the right."
21,0,18,,M, Big chimney?
21,0,18,,D,"Yep, the one that you picked up."
21,0,18,x,D,Okay.
21,0,19,,D,"Okay, this looks like a person, and on their left side it's all straight."
21,0,19,,D,"Like, their body is straight on the left, and then on the right it's like sort of curved."
21,0,19,,D,It's like all angular on the right.
21,0,19,,D,And their head is a diamond.
21,0,19,,M," Is it two, wait, say it again?"
21,0,19,,D,"So diamond head, but then the body is weird."
21,0,19,,D,"On the left, it's straight."
21,0,19,x,D,"Okay, yeah, yeah, yeah."
21,0,20,x,D,"Okay, this looks like"
21,0,20,,D, It's like an upside down trapezoid with two arms sticking out of it.
21,0,20,,M,"Oh yeah, like a little upside down crab."
21,0,20,x,D,Yeah.
21,0,20,x,D,Okay.
21,0,20,x,D,Okay.
21,0,21,,D," This is sort of like if you had a line that pointed from one corner to the other corner, the top left to the, it's like only in the middle, it's like slices the image in half."
21,0,21,x,D,Let me describe it better.
21,0,21,,D,"It looks like an animal kind of, there's a triangle at the top, then a trapezoid, then a parallelogram, then another triangle, and it goes from the top left to the bottom right."
21,0,21,,D,"Just think of something that's mostly,"
21,0,21,,D,a line from the top left to the bottom right
21,0,21,,D,i guess
21,0,21,,D,oh it looks like an like like its neck is stretched out sort of kind of
21,0,21,,M,can you describe what you're thinking
21,0,21,,D,okay so the top left is like a triangle
21,0,21,,M,yeah okay
21,0,21,,D,and then the bottom right is like a another part of a triangle is also sticking out a right
21,0,21,,D, A right triangle.
21,0,21,x,M,Yeah.
21,0,21,,D,90 degree.
21,0,21,x,E,"Uh, Richard?"
21,0,21,x,E,"Oh, never mind."
21,0,21,x,E,"Oh, I'm so sorry."
21,0,21,x,E,Could you turn down the volume slightly on Noah's?
21,0,21,x,E,Sorry about missing your name.
21,0,21,x,E,"Joseph, you ready?"
21,0,21,x,E,Okay.
21,0,21,x,E, Yes.
21,0,22,,D,"This looks like somebody who, like, tripped and is falling forward."
21,0,22,,D,Diamond head.
21,0,22,,D,"It looks like they have a tail, almost, and the tail is an upside down triangle."
21,0,22,,D,Tripped and is falling forward.
21,0,22,x,D,Yeah.
21,0,22,,D,"Which, diamond head."
21,0,22,,D,Diamond head.
21,0,22,,D,"Their body is like, it's like a rectangle that's pointed to the right, and they have a tail."
21,0,22,,D, A rectangle.
21,0,22,,D,Look for a diamond head that's sort of off-center to the right.
21,0,22,,D,A diamond head off-center to the right.
21,0,22,,M,Off-center to the right?
21,0,22,x,D,Oh!
21,0,22,,D,And a triangle for a tail.
21,0,22,,D,Triangle for a tail.
21,0,22,,M,Like the end of the tail is an upside-down triangle?
21,0,22,,D, The tail is an upside down triangle.
21,0,22,,M,"Okay, it sort of looks like a little creature holding a flag behind it too, right?"
21,0,22,x,M,I'm just gonna go with it.
21,0,22,x,M,"Oh, never mind."
21,0,23,,D,"Okay, this looks like somebody whose knees are bent to the right and they are holding out something."
21,0,23,,D, Knees are bent to the right.
21,0,23,,D,"And it's similar to what we've done before, but its back is straight."
21,0,23,,D,"Its back is straight, yeah."
21,0,23,x,E,"Oh, fuck, I didn't mean to press that."
21,0,23,x,E,I didn't mean to press that button.
21,0,23,x,E,That's the one that I meant to go for.
21,0,23,x,E,I knew which one you were talking about.
21,0,23,x,E,It's okay.
21,0,24,,D,"Okay, this looks like a dog."
21,0,24,,D,"It's, like, running to the left, and it's carrying, like, a desktop computer on its back."
21,0,24,x,D,Um...
21,0,24,,D,a dog running to the left
21,0,24,x,M,you said
21,0,24,,M,yeah does it sort of look like a llama skipping to the left
21,0,24,,D,i wouldn't say it looks like a llama its neck isn't super long
21,0,24,,D,it looks like it looks like a dog it's not the llama it's
21,0,24,,D,look for it has a parallelogram and a square it's carrying on its back
21,0,24,,M,wait is its back
21,0,24,,M, Does it... it has a... a dog?
21,0,24,,D,"I think it looks like a dog, but let me describe it in a different way then."
21,0,24,x,D,"Oh wait, does it sort of look like... oh, I know what you're talking about."
21,0,24,,D,"So it sort of looks like the other one where someone was riding on the dog, except there's a gap between the person and the thing that it's riding."
21,0,24,,M," Yeah, to me it looks like a keyboard and a desktop screen on its back."
21,0,24,,M,Is the tail a triangle?
21,0,24,x,D,Yep.
21,0,24,x,D,Okay.
21,0,24,x,D,Okay.
21,0,25,,D,Diamond head.
21,0,25,,D,Underneath the diamond head is a triangle pointing up.
21,0,25,,D," And the body is like a long, horizontal shape."
21,0,25,,D,Diamond head.
21,0,25,,D,It looks like somebody sitting down to meditate with their knees out to either side.
21,0,25,,M,"Okay, or like a secretary behind a desk."
21,0,25,x,D,Exactly.
21,0,25,x,D,Okay.
21,0,26,,D," Okay, there's a lot going on in this one."
21,0,26,,D,"There's two fragmented triangles, kind of."
21,0,26,,M,Does it look like it's playing hacky sack?
21,0,26,x,D,I don't know.
21,0,26,,M,Like juggling something on its knee?
21,0,26,x,D,Yep.
21,0,26,x,D,Okay.
21,0,27,,D, It's like a diamond head.
21,0,27,,D,The body is beneath the triangle head.
21,0,27,,D,The body just looks like one big mass.
21,0,27,,M,"Okay, they're like solemn."
21,0,27,x,M,Yeah.
21,0,27,x,M,Okay.
21,0,27,x,M,Okay.
21,0,28,,D,That one's sort of creepy.
21,0,28,x,D,I don't mind.
21,0,28,,D,"Yeah, it is creepy."
21,0,28,,D," Okay, this one is one that you accidentally chose before."
21,0,28,,D,It looks like some kind of dinosaur with a flag that it's carrying behind its back.
21,0,28,x,D,Okay.
21,0,28,x,D,I feel like we're doing really good.
21,0,28,x,D,"Yeah, this is fun."
21,0,29,,D,"Okay, this looks like the Sphinx."
21,0,29,x,M,Like a what?
21,0,29,,D,Sphinx.
21,0,29,,D, A sphinx.
21,0,29,,D,In Egypt or something.
21,0,29,x,M,"Oh, yes."
21,0,29,x,M,Okay.
21,0,29,,M,"Or like one of those long-necked dinosaurs, right?"
21,0,29,x,D,Yep.
21,0,29,x,D,Okay.
21,0,30,,D,"Okay, this looks like a man offering something out to his left."
21,0,30,,D, He looks like he's begging or offering.
21,0,30,,D,His arms are out to his left.
21,0,30,,D,"Okay, and he has, like, a robe on that's, like, like, like his, it, like... His body looks like the shape of a candle."
21,0,30,,M,"With his arms out, is there, like, a droop below him, like a square?"
21,0,30,x,D,Yes.
21,0,31,,D," Okay, this looks like somebody who's a hunchback."
21,0,31,,D,Her head is a triangle to the left.
21,0,31,,D,Her back is bent to the left.
21,0,31,,D,Her head is a triangle to the left.
21,0,31,,D,"She looks like she's stooped over to the left, but she's standing."
21,0,31,,M,"Oh, does it look like she sort of has like a little book at the bottom?"
21,0,31,x,D,Yeah.
21,0,32,,D," Okay, this is like somebody figure skating or doing a dance move."
21,0,32,x,D,"Oh, yeah, yeah, yeah."
21,0,33,,D,"Okay, this is somebody with their arms out, stretched, and she's sitting down, her knees are on the floor, and..."
21,0,33,,D," Her feet are behind her to the left, and her arms are out."
21,0,33,,D,"She looks like she's flying, sort of, but she's sitting down."
21,0,33,,D,"Like, she's, like, dancing almost."
21,0,33,,D,"Like, expressively."
21,0,33,,D,"Yeah, but her knees are on the ground."
21,0,33,x,D,"Oh, whoops."
21,0,33,x,D,Wrong one.
21,0,33,x,D,It's okay.
21,0,34,,D,"Oh, I feel like we did that one before."
21,0,34,,D,"Okay, this looks like a guy with a top hat."
21,0,34,,D,He's wearing a top hat.
21,0,34,,D, He has a parallelogram on the right.
21,0,34,x,D,"Oh, yeah, yeah, yeah, yeah."
21,0,34,x,D,I see him.
21,0,34,x,D,Nice.
21,0,35,,D,"Okay, this is the llama from before."
21,0,35,,D,It's a dog long neck.
21,0,35,,D," Dog, long neck, like skipping."
21,0,35,,D,The front leg is longer.
21,0,35,x,D,"Yeah, he's super happy."
21,0,35,x,D,Okay.
21,0,36,,D,"Okay, this looks like somebody with their arms up."
21,0,36,,D,Their arms are sort of like triangles that point up.
21,0,36,,D,Their head is like a triangle.
21,0,36,,M,Does it sort of look like a flower?
21,0,36,x,D,Yeah.
21,0,36,x,D,Okay.
21,0,36,,D, Like a big claw.
21,0,36,x,D,Nice.
21,0,36,x,D,Yeah.
21,0,36,x,D,That's what I thought of when they showed it to us.
21,0,36,x,E,Woo!
21,0,36,x,E,"Um, hey, Robert."
21,0,36,,E,Thank you.
21,0,36,,E,Feeling good.
21,0,36,,E,Does this go all the way to block time?
21,0,36,,E,Can I move my leg a little bit?
21,0,36,,E,Okay.
21,0,36,,E,"Okay, cool."
21,0,36,,E, Okay.
21,0,36,,E,"Is the pillow, like, where... No, I think it's okay."
21,0,36,,E,I think I just need to stretch a little bit.
21,0,36,,E,I shouldn't have put my hand on the thing the whole time.
21,0,36,,E,"No, it was good."
21,0,36,,E,It was perfect.
21,0,36,,E,Sorry if I was moving.
21,0,36,,E,Okay.
21,0,36,,E," If you did bring the pillow in, would I have to go out of the scanner or something?"
21,0,36,,E,"Okay, can I try it?"
21,0,36,,E,"Yeah, the top of my head sort of hurts a lot."
21,0,36,,E,Is that normal?
21,0,36,,E," It feels like the outer thing, though."
21,0,36,,E,"Like, nothing, like..."
21,0,36,,E,"Wait, sorry, I can't hear you."
21,0,36,,E,I can tolerate that.
21,0,36,,E,Okay.
21,0,36,,E,"Oh my god, that's so much better."
21,0,36,,E,"It's kind of nice for, like, blood flow, I feel like, when I picked up my legs last..."
21,0,36,,E,"Okay, thank you so much."
21,0,36,,E, Okay.
21,0,36,,E,Okay.
21,0,36,,E,Am I allowed to adjust my head a little or no?
21,0,36,,E,Okay.
21,0,36,,E,"Okay, okay."
21,0,36,,E," Yeah, but it's fine."
21,0,36,,E,"No, I'm good."
21,0,36,,E,I'm good.
21,0,36,,E,Just...
21,0,36,,E,"I don't even know, so better not to."
21,0,36,,E,Yeah.
21,0,36,,E,Too uncomfortable?
21,0,36,,E,"Okay, I'll let you know."
21,0,36,,E, Okay.
21,0,36,,E,Okay.
21,0,36,,E,"Joseph, can you hear me?"
21,0,36,,E,"Yeah, can you hear me?"
21,0,36,,E,"Yeah, hey."
21,1,1,x,E,Can you hear me?
21,1,1,x,E,"Yeah, I can hear you."
21,1,1,,D,"Okay, so this looks like sort of like a swan facing the right, and it has a little triangle tail."
21,1,1,,M,A triangle tail on the bottom left?
21,1,1,,D,"Yeah, on the bottom left."
21,1,1,,D,"And it's like, it's almost like it's pooping it out."
21,1,1,x,E,Don't make me laugh.
21,1,1,x,E,"Okay, sorry."
21,1,2,,D,"Okay, this is the prayer person offering something up, but to the right."
21,1,2,,D,"They're slightly kneeling, and they have a diamond head."
21,1,3,,D,"Okay, this is the dog with the Dell computer on its back."
21,1,4,,D,"Okay, this is, like... We got this one wrong last time."
21,1,4,,D,"To me, it looks like..."
21,1,4,,D,"So there's an upside-down triangle on the left, and a man with a diamond head, and it looks like he's holding out, like, a wine chalice."
21,1,4,,M,"Um, I don't know what... What's a wine chalice?"
21,1,4,,D,"Or, it's like, it's like, just like a, like a fancy wine glass thing."
21,1,4,x,M,"Oh, okay, let me..."
21,1,4,x,M,"But, like, and then..."
21,1,4,x,D,"Okay, wait, let me try something different."
21,1,4,x,D,"Okay, so there's..."
21,1,4,,D,An upside down triangle on the left.
21,1,4,,M,On the left?
21,1,4,x,D,Yeah.
21,1,4,,M,Is it like a tail or no?
21,1,4,,M,"Okay, so in the top right-ish is the diamond, right?"
21,1,4,x,D,Okay.
21,1,4,,D,And then below that is like a big triangle that then leads to the left of that triangle is a smaller upside down triangle.
21,1,4,x,M,Okay.
21,1,4,x,M,Okay.
21,1,4,,M,I see what you mean with the wine glass.
21,1,4,x,D,"Vaguely, right?"
21,1,4,x,M,Yeah.
21,1,5,,D,"Okay, so this person is offering something up."
21,1,5,,D,It's the person with the feet behind them offering something up.
21,1,5,,M,Is she kneeling?
21,1,5,,D,"Yeah, she's kneeling."
21,1,5,,M,Are her feet kicked up?
21,1,5,,D,"Yeah, her feet are kicked up."
21,1,5,x,D,Okay.
21,1,6,,D,"Okay, sad bunny rabbit."
21,1,6,x,M,"Oh, sorry, sorry."
21,1,6,x,M,"Oh, oh, I didn't mean to click that."
21,1,6,x,M,"That's so, I'm sorry."
21,1,6,x,M,"No, no, no, no worries."
21,1,6,x,M,"Sorry, I threw you off."
21,1,6,x,M,"I knew what you, no, I knew what you meant."
21,1,6,x,M,"I just, my, yeah, trigger finger."
21,1,6,x,M,Yeah.
21,1,7,,D,"Okay, the flying angel."
21,1,7,x,M,The what?
21,1,7,,D,"The, like, flying man."
21,1,7,,D,"Like, jumping man with the wings or his arms out."
21,1,7,x,M,Okay.
21,1,7,,D,You ever see Mad Men?
21,1,7,x,M,No.
21,1,7,x,M,No.
21,1,7,,M,"Wait, I've seen the first season."
21,1,7,,D,"Okay, sorry, it looks like a scene from Mad Men."
21,1,7,,D,Like the opening credits when he's falling off the building.
21,1,7,x,M,Oh.
21,1,7,x,M,Oh.
21,1,8,,D,"Okay, happy llama."
21,1,8,x,M,"Sorry, sorry, sorry."
21,1,8,,D,Happy dog llama.
21,1,9,,D,"Okay, the sculpture in the fountain, like the two trapezoids with the long middle."
21,1,9,x,D,Um... Like the one that we said looks like...
21,1,9,x,M,"Yes, got it."
21,1,10,,D,"Okay, the double dreidel."
21,1,11,,D,"Okay, the hunchback woman with the book."
21,1,12,,D,"Okay, the house with the up arrow."
21,1,13,,D,"Okay, the door handle."
21,1,14,,D,"Okay, the woman, like, running with her upside-down triangle foot at the bottom right."
21,1,14,x,M,"Wait, I'm so sorry."
21,1,14,x,M,"Um, okay."
21,1,14,x,M,"Wait, what?"
21,1,14,x,M,"Sorry, I just laughed."
21,1,14,x,M,"Oh, no worries."
21,1,15,,D,"Okay, like the little man with the flag on his shoulder behind him."
21,1,15,x,M,Got it.
21,1,16,,D,"Um, like the dog looking left that we also call the dinosaur."
21,1,16,,M,"Um, the Sphinx-like one?"
21,1,16,,D,"Oh, yeah, yeah, yeah, that's what I meant."
21,1,16,x,D,Sorry.
21,1,16,x,D,That's alright.
21,1,17,,D,"Okay, the person, diamond head, looking to the left, looking down, sitting on the floor."
21,1,17,,D,With his knees up.
21,1,18,,D,"Um, I forgot how we describe this."
21,1,18,,D,"Oh, like the triangle with the upside down table."
21,1,18,x,E,Okay.
21,1,18,x,E,Hey.
21,1,18,x,E,Amazing.
21,1,18,x,E,Yeah.
21,1,18,x,E,Yeah.
21,1,18,x,E,Thank you.
21,1,18,x,E,"Yes, sorry about that."
21,1,18,x,E,"Yeah, I'm good."
21,1,18,x,E,Okay.
21,1,18,x,E,Okay.
21,1,18,x,E,Okay.
21,1,18,x,E,"Oh, okay."
21,1,18,x,E,"Okay, I'm gonna sit on it."
21,1,18,x,E,Can I sit on it?
21,1,18,x,E,Okay.
21,1,18,x,E,Okay.
21,1,18,x,E,Okay.
21,1,18,x,E,Okay.
21,1,18,x,E,You're right.
21,1,18,x,E,Okay.
21,1,18,x,E,Okay.
21,1,18,x,E,Okay.
21,1,18,x,E,Yes.
21,1,18,x,E,"Oh, I'm ready."
21,2,1,,D,"Okay, um, the fountain."
21,2,1,,M,The fountain?
21,2,1,x,D,"Oh, oh, I forgot that I'm doing it."
21,2,1,x,D,Okay.
21,2,2,,D,Dog with the computer on its back.
21,2,3,,D,Double dreidel.
21,2,3,x,M,"Wow, we have a whole code."
21,2,3,x,M,"I know, we're getting better."
21,2,4,,D,"Um, guy with a flag."
21,2,4,,D,On his back.
21,2,4,x,D,Mhm.
21,2,5,,D,um falling down woman falling
21,2,5,,D,oh sorry with the wings wings with the wings
21,2,5,x,D,yep okay
21,2,6,,D,um i forget how we describe this it's like a kind of bird
21,2,6,,D,Its head is on the right.
21,2,6,,D,It's like a swan.
21,2,6,,D,And on the left is like a parallelogram pointed to the left.
21,2,6,,D,It has two triangle feet.
21,2,6,,D,I would say it has a long neck and its beak is pointed downward.
21,2,6,,M,Did I say that it pooped?
21,2,6,,D,What?
21,2,6,,M,Did I say that it pooped?
21,2,6,,D,I don't remember.
21,2,6,,D,I don't know if that's this one.
21,2,6,,D,It might be this one.
21,2,6,,M,"Okay, is it looking to the right?"
21,2,6,,D,Mm-hmm.
21,2,6,,M,Is this the one with the poop?
21,2,6,x,D,Yeah.
21,2,6,x,D,Okay.
21,2,6,x,D,Okay.
21,2,7,,D,"This one just looks like a parallel... Oh, door handle."
21,2,7,x,M,Huh?
21,2,7,,D,Door handle.
21,2,7,x,M,"Oh, okay."
21,2,7,x,M,Okay.
21,2,8,,D,"Woman sitting down, feet kicked up, offering something to the right."
21,2,8,x,M,Okay.
21,2,8,x,D,We did it last round.
21,2,8,x,M,Roger that.
21,2,9,,D,"This looks like somebody... Wine chalice, wine chalice."
21,2,9,x,M,"Oh, okay."
21,2,9,x,D,"Like, you know what I mean?"
21,2,9,,M,Like an altar boy?
21,2,9,,D,Kind of.
21,2,9,,M,"Like, that drapery on the arm."
21,2,9,x,D,Yeah.
21,2,10,,D,"Um, coffee table that's been picked up, triangle on the arm."
21,2,10,x,M,Okay.
21,2,10,x,D,You're on that one.
21,2,10,x,M,"Yeah, it was pretty close to me."
21,2,10,x,M,I gotta admit.
21,2,10,x,M,Okay.
21,2,11,,D,Sphinx.
21,2,11,x,M,"Oh my god, we're gonna get a perfect score."
21,2,12,,D,"Um, this looks like the woman has a foot on the right that's an upside-down triangle."
21,2,12,,D,She has a diamond head.
21,2,12,,D,"She's, like, she's, like, freaking out."
21,2,12,x,M,"Okay, I'm sorry."
21,2,12,x,M,I don't know.
21,2,12,x,M,Try not to make me laugh.
21,2,12,x,M,"Okay, sorry."
21,2,13,,D,"Okay, um, happy, um..."
21,2,13,,M,What?
21,2,13,,D,"Oh, happy llama."
21,2,13,x,M,Is that what you said?
21,2,13,x,M,Mm-hmm.
21,2,14,,D,Arrow house.
21,2,14,,D,Arrow house.
21,2,15,,D,"Stooped over, book on the bottom."
21,2,15,,M,"Uh, the hunchback?"
21,2,15,x,D,Mhm.
21,2,15,,D,"Or she's, like, seductively picking up a book after dropping it."
21,2,15,x,M,Mhm.
21,2,15,x,D,"Sorry, I'll stop."
21,2,16,,D,Bunny rabbit.
21,2,16,x,M,Okay.
21,2,17,,D,You said this man looked sad when I first described him.
21,2,17,,D,"He's sitting down, reclining."
21,2,17,,D,He's looking to the left.
21,2,17,,D,He's facing a little downward.
21,2,17,,D,"Okay, maybe he's just pensive."
21,2,17,x,D,I think he's just taking a break after a long day.
21,2,17,x,D,"Yeah, you're right."
21,2,17,x,D,Maybe he's taking a little relaxing nap.
21,2,17,x,D,He takes a breather in the sun.
21,2,17,x,D,You're so right.
21,2,18,,D,"This woman, her knees are bent, and..."
21,2,18,,D,the person is offering something to the right.
21,2,18,,D,"Like, offering, like, a book or, like, something."
21,2,18,,M,"Okay, but not ticked up."
21,2,18,,D,No.
21,2,18,x,E,Thanks.
21,2,18,x,E,Woo!
21,2,18,x,E,"I just, like, giggle when I'm, like, on edge really easily."
21,2,18,x,E,"It was always, like,"
21,2,18,x,E,Whenever I got in trouble as a little kid.
21,2,18,x,E,Thank you.
21,2,18,x,E,"Yeah, I adjusted it slightly."
21,2,18,x,E,I put my chin up a little.
21,2,18,x,E,Is it okay right now?
21,2,18,x,E,"Yeah, I'm just trying to relax."
21,2,18,x,E,Okay.
21,2,18,x,E,Okay.
21,2,18,x,E,It's like a line.
21,2,18,x,E,"Yeah, yeah, yeah."
21,2,18,x,E,"Yeah, okay, perfect."
21,2,18,x,E,Sure.
21,2,18,x,E,"Okay, cool."
21,2,18,x,E,"Yeah, yeah, yeah."
21,2,18,x,E,"Yeah, okay, perfect."
21,2,18,x,E,Sure.
21,2,18,x,E,"Okay, cool."
21,3,1,x,E,Okay.
21,3,1,x,E,Can you hear me?
21,3,1,x,E,Mhm.
21,3,1,,D,"Okay, um, woman offering something up to the right without her feet ticked up."
21,3,1,,D,"Like, half-bending."
21,3,2,,D,"Uh, the sculpture in the fountain."
21,3,3,,D,Door handle.
21,3,4,,D,"Uh, woman kneeling with feet ticked up."
21,3,5,,D,"Um, like, the woman, like, actually we called him a sad man, but then we decided he was pensive."
21,3,6,,D,"Uh, person with the wings, like jumping, Mad Men."
21,3,7,,D,"Uh, Arrow House."
21,3,8,,D,"Uh, Sphinx."
21,3,9,,D,I said she was freaking out.
21,3,9,,D,"Upside down triangle, bottom right."
21,3,10,,D,Happy dog llama.
21,3,11,,D,Computer on the dog.
21,3,12,,D,Upside down table and a triangle.
21,3,13,,D,The little guy with a flag.
21,3,14,,D,Hunchbacking Woman
21,3,15,,D,Chalice Wineglass
21,3,16,,D,"Uh, double dreidel."
21,3,17,,D,"Um, bunny."
21,3,17,,D,Bunny rabbit.
21,3,18,,D,Swan with the triangle tail.
21,3,18,x,E,I tried not to make you laugh.
21,3,18,x,E,Oh my god.
21,3,18,x,E,We killed that.
21,3,18,x,E,"Oh my god, that was so amazing."
21,3,18,x,E,I feel like this is like astronaut training.
21,3,18,x,E,We could totally go to the moon.
21,3,18,x,E,I was thinking about that at the beginning of this.
21,3,18,x,E,I was thinking about how much I don't want to be an astronaut.
21,3,18,x,E,That would be so scary.
21,3,18,x,E,Me too.
21,3,18,x,E,I like Earth.
21,3,18,x,E,Am I moving?
21,3,18,x,E,Was that round better?
21,3,18,x,E,In terms of movement?
21,3,18,x,E,Okay.
21,3,18,x,E,"Yeah, sorry."
21,3,18,x,E,It's 3.30.
21,3,18,x,E,Okay.
21,3,18,x,E,Oh god.
21,3,18,x,E,Okay.
21,3,18,x,E,Okay.
21,3,18,x,E,Okay.
21,3,18,x,E,Okay.
21,3,18,x,E,Cool.
21,3,18,x,E,Okay.
21,3,18,x,E,"Ooh, speed round."
21,3,18,x,E,Do not make me laugh.
21,3,18,x,E,"Okay, okay."
21,3,18,x,E,Do not even mention the poop.
21,3,18,x,E,Okay.
21,3,18,x,E,I tried the swan.
21,3,18,x,E,Or just do in an incredibly serious way.
21,3,18,x,E,"Okay, okay, okay."
21,3,18,x,E,I'll die.
21,3,18,x,E,I'll just call it the swan.
21,3,18,x,E,Okay.
21,3,18,x,E,Okay.
21,3,18,x,E,"Oh, okay."
21,3,18,x,E,Sorry.
21,3,18,x,E,Okay.
21,3,18,x,E,I'm inflating.
21,3,18,x,E,"If you need me to come out and fix me, that's fine."
21,3,18,x,E,I can stay a little bit past three.
21,3,18,x,E,"Joseph, what happened?"
21,3,18,x,E,Okay.
21,3,18,x,E,Okay.
21,3,18,x,E,Okay.
21,3,18,x,E,Am I doing... Do I...
21,3,18,x,E,Okay.
21,3,18,x,E,Okay.
21,3,18,x,E,Okay.
21,3,18,x,E,Well.
21,3,18,x,E,Did Joseph have to go out of the machine?
21,3,18,x,E,"No, I just, it's recalibrating me."
21,3,18,x,E,"Oh, okay."
21,3,18,x,E,Okay.
21,3,18,x,E,Okay.
21,3,18,x,E,Cool.
21,4,1,,D,"Oh, woman kneeling, legs picked up."
21,4,1,x,E,"Joseph, can you hear me?"
21,4,1,x,E,"Yeah, yeah."
21,4,1,x,E,Sorry.
21,4,1,x,E,You're good.
21,4,1,x,E,I'll say something if I need more info.
21,4,1,x,E,Sounds good.
21,4,2,,D,Woman freaking out.
21,4,2,x,M,I'm going to really try not to laugh at that one.
21,4,2,x,M,"Okay, I'm good."
21,4,3,,D,Wine Chalice
21,4,4,,D,Sphinx
21,4,5,,D,Flag out behind him.
21,4,5,x,M,"Oh, we're doing abbreviations now."
21,4,6,,D,Hunch back.
21,4,7,,D,Double dreidel.
21,4,8,,D,Dog computer on back.
21,4,9,,D,Swan.
21,4,10,,D,"Okay, door handle."
21,4,11,,D,Upside down coffee table triangle.
21,4,12,,D,contemplative man sitting down.
21,4,12,x,M,"Yeah, I like that description more."
21,4,12,x,M,I think I was projecting before.
21,4,13,,D,Bunny.
21,4,14,,D,"Bent knees, feet not picking up."
21,4,14,,D,Offering something else.
21,4,15,,D,Falling wings.
21,4,16,,D,Fountain.
21,4,16,x,M,Mountain?
21,4,16,x,M,"Oh, okay."
21,4,16,x,M,I heard mountain.
21,4,16,x,M,Now I know what you mean.
21,4,17,,D,Arrow house.
21,4,18,,D,Happy Llama.
21,4,18,x,M,What?
21,4,18,,D,Happy Llama.
21,4,18,x,E,"Oh, okay."
21,4,18,x,E,Wooo!
21,4,18,x,E,good doing good yeah my head like my head hurts but i think it's stopping because it's just numb now so we're good yeah yeah it's like around the skull it's like on my temples i think my head's just big okay
21,4,18,x,E,Okay.
21,4,18,x,E,Okay.
21,4,18,x,E,"Yeah, yeah."
21,4,18,x,E,Okay.
21,4,18,x,E,Okay.
21,4,18,x,E,Okay.
21,4,18,x,E,Sounds great.
21,5,1,,D,"A flagman, little guy."
21,5,2,,D,Arrow house.
21,5,3,,D,Dell Computer Dog
21,5,4,,D,Sphinx
21,5,5,,D,Door Handle
21,5,6,,D,Mad men fly.
21,5,7,,D,Fountain sculpture.
21,5,8,,D,Chalice.
21,5,8,,D,Wine glass.
21,5,9,,D,"Uh, freaking out."
21,5,10,,D,"Uh, praying with the feet tucked up."
21,5,10,,D,"Oh, offering, I mean."
21,5,10,,D,"Like, offering to the right, feet tucked up."
21,5,11,,D,"Uh, bunny?"
21,5,12,,D,A swan.
21,5,13,,D,A double dreidel.
21,5,14,,D,Um... Hunchback.
21,5,15,,D,"Uh, Happy Llama."
21,5,15,x,D,Uh...
21,5,16,,D,"Half kneel, non feet ticked up, no feet."
21,5,17,,D,A contemplative man.
21,5,18,,D,"Uh, upside down table with a triangle."
21,5,18,x,E,"Joseph, that was good."
21,5,18,x,E,"Yeah, we did really good."
21,5,18,x,E,Woo!
21,5,18,x,E,Better movement?
21,5,18,x,E,"Okay, good."
21,5,18,x,E,Okay.
21,5,18,x,E,"Hey, Joseph, can you hear me?"
21,5,18,x,E,Okay.
21,5,18,x,E,Sounds good.
21,5,18,x,E,you
21,6,1,,D,Sphinx.
21,6,2,,D,Contemplative man.
21,6,3,,D,Freaking out.
21,6,3,x,M,I heard streaking at first.
21,6,4,,D,Fountain.
21,6,4,x,M,What?
21,6,4,,D,Fountain.
21,6,5,,D,Double dreidel.
21,6,6,,D,Bunny.
21,6,6,x,M,What?
21,6,6,,D,Bunny.
21,6,6,x,M,Oh.
21,6,7,,D,kneeling or offering something not kicking up feet
21,6,8,,D,falling
21,6,9,,D,Wine chalice.
21,6,10,,D,Dog with computer.
21,6,11,,D,Coffee table triangle.
21,6,12,,D,Feet kicked up.
21,6,13,,D,Swan.
21,6,14,,D,Happy Llama.
21,6,15,,D,arrow House.
21,6,15,x,M,Barrow Out?
21,6,15,,D,Arrow house.
21,6,15,x,M,Oh.
21,6,15,x,M,"Sorry, what?"
21,6,16,,D,Door handle.
21,6,17,,D,Flag on back.
21,6,18,,D,Hunchback.
21,6,18,x,E,Yes.
21,6,18,x,E,Nice.
21,6,18,x,E,"Joseph, this next one's gonna be big."
21,6,18,x,E,Look.
21,6,18,x,E,Oh.
21,6,18,x,E,He cut you off.
21,6,18,x,E,"Didn't hear you, Noah."
21,6,18,x,E,Oh.
21,6,18,x,E,Good.
21,6,18,x,E,Cool.
21,6,18,x,E,Woo!
21,6,18,x,E,What the... What...
21,6,18,x,E,Okay.
21,6,18,x,E,Thank you.
21,6,18,x,E,What happens at 10?
21,6,18,x,E,What's block 10?
21,6,18,x,E,"Yeah, what's block 10?"
21,6,18,x,E,Okay.
21,6,18,x,E,Cool.
21,6,18,x,E,Cool.
21,6,18,x,E,Noah.
21,6,18,x,E,Yeah.
21,6,18,x,E,"I feel like, like, cults should use this to, like, brainwash people."
21,6,18,x,E,"Like, this machine."
21,6,18,x,E,"Like, you are the listener."
21,6,18,x,E,Like the MRI?
21,6,18,x,E,Yes.
21,6,18,x,E,I feel like...
21,6,18,x,E,Isn't this really similar to a game you've played before?
21,6,18,x,E,I've played a game just like this.
21,6,18,x,E,I feel like I have a viewfinder or something.
21,6,18,x,E,I don't know.
21,6,18,x,E,"Wait, Joseph, what's block 10?"
21,6,18,x,E,Is block 10 where they kill us?
21,6,18,x,E,That's what I was thinking.
21,6,18,x,E,Is a drill going to come down?
21,6,18,x,E,Oh my god.
21,6,18,x,E,"Also, like, I think I'm getting slightly better at not laughing."
21,6,18,x,E,Sorry.
21,6,18,x,E,Okay.
21,6,18,x,E,"Yeah, sorry."
21,6,18,x,E,Okay.
21,6,18,x,E,"Yeah, yeah, yeah."
21,6,18,x,E,Yeah.
21,6,18,x,E,Yeah.
21,7,1,,D," Oh, um, Dell laptop on a whore- on a dog."
21,7,2,,D,"Um, the... Oh, the, like, craning neck, like, triangle on the top left?"
21,7,2,,D,It's like a giraffe neck.
21,7,2,x,M,Okay.
21,7,2,,M, Does it look like a chimney?
21,7,2,,M,Was it the first one that I thought was a chimney that you thought was a chimney?
21,7,2,,D,"No, it starts in the bottom right and it ends in the top left."
21,7,2,x,M,"Oh, got it."
21,7,2,x,M,"Oh, but I can see what you mean with the other one."
21,7,3,,D,Half kneeling.
21,7,3,,D,Half kneeling.
21,7,3,,D, Offering to the right.
21,7,3,,D,"Half kneel, no tick."
21,7,4,,D,Door handle.
21,7,5,,D," Um, person on a horse looking down."
21,7,5,x,M,I got you.
21,7,5,x,M,This set of pictures is so much weirder than the other set.
21,7,5,x,M,I don't know what you just said.
21,7,5,x,M,It's okay.
21,7,6,,D,"Um, double dreidel."
21,7,6,,D,"Also, doubles is like a nice perfume bottle."
21,7,6,x,M,Mm-hmm.
21,7,7,,D," Um, secretary behind a desk."
21,7,7,x,M,Got you.
21,7,8,,D,"Um, it's like a person, like, striking a pose."
21,7,8,,D,"Like, um, okay, so they're in the bottom right, their foot goes out, and it's sharp."
21,7,8,,D," and they have a diamond head, and on the right, oh."
21,7,8,x,M,"Oh shit, I'm sorry."
21,7,8,x,M,"No, no worries."
21,7,8,x,M,"Wait, I thought I clicked that one."
21,7,8,x,M,"Oh wait, no, I see what you're saying."
21,7,8,x,M,I'm sorry.
21,7,9,,D,"No, no, no, it was, okay, swan."
21,7,10,,D,bunny
21,7,11,,D,um like okay so it's a diamond head and on the left it's just a block and on the right there's like it looks like a trophy or like the goblet of fire
21,7,11,,D,like a like so one side is straight and the other side is jagged yeah like another side is like a base
21,7,12,,D,yeah uh arrow house trusty arrow house
21,7,12,x,D,yep i love that one that one's never failed us that one's explicable as hell yum
21,7,13,,D," Uh, uh, freaking out."
21,7,15,,D," Um, the diamond head fancy sink."
21,7,15,x,M,Oh.
21,7,15,x,M,"Oh, shit."
21,7,15,,D,I didn't want to say toilet.
21,7,15,x,M,I should be asking you follow-up questions.
21,7,15,x,M,My bad.
21,7,16,,D,"Uh, kneeling with the kick-up feet."
21,7,17,,D," Um, we said that it was like a, like a flower, or like, um, like a claw."
21,7,18,,D,"Um, uh, leap of faith, flying, jumping."
21,7,18,,M,Like the figure skater?
21,7,18,,D,"Oh, no, no, no, no, no, like the wings."
21,7,18,,D,"Like, oh, Mad Men, Mad Men."
21,7,18,x,D,Oh.
21,7,19,,D, Happy llama.
21,7,19,,D,Happy llama.
21,7,20,,D,"Um, person with their arms at their side."
21,7,20,,D,With the diamond head.
21,7,20,,M,Arms at the side?
21,7,20,,D,"Like, it's just like their body is just one block."
21,7,20,,D," Like, diamond, yeah."
21,7,21,,D,"Um, woman on the floor with like wings, like an angel."
21,7,21,,D,"And then on the left, there's like a little triangle foot at the bottom left."
21,7,22,,D," Uh, flag creature."
21,7,22,,D,Little man.
21,7,22,x,D,He's sorta cute.
21,7,23,,D,"Uh, wine chalice."
21,7,23,x,E,I like that one because that's where my cursor is.
21,7,23,x,E,"Yeah, same."
21,7,23,x,E,Maybe they lied.
21,7,23,x,E,Maybe ours are actually all in the same place.
21,7,23,x,E,That would be really funny.
21,7,24,,D," Um, contemplative person."
21,7,24,x,E,Mine's second from the...
21,7,24,x,E,"Mine is first column, second down."
21,7,24,x,E,"Oh, JK."
21,7,24,x,E,Oh.
21,7,25,,D,"Um, upside down crab."
21,7,26,,D," Uh, figure skater with, like, the, like, the zoobs."
21,7,26,x,M,"Oh, sorry."
21,7,26,x,M,Sorry.
21,7,26,x,M,"Wait, what happened?"
21,7,26,x,M,I crossed my legs.
21,7,27,,D,"Um, like, um, the person looking to the left, like, holding something out, and then there's, like, a square underneath their arms."
21,7,27,,D,Diamond head.
21,7,27,,D, And then their little feet jut out at the bottom.
21,7,27,,D,"Like, tiny bit."
21,7,27,,D,They're standing.
21,7,27,x,M,Describe it again.
21,7,27,,D,"Okay, so diamond head."
21,7,27,x,D,Okay.
21,7,27,,D,They're looking to the left.
21,7,27,,D,"And they're, like, holding their arm out."
21,7,27,,D,"And then underneath their arm, there's, like, a square."
21,7,27,,M,"Are they... Are their legs, like... Is one leg kind of outstretched, like a lunge?"
21,7,27,x,D, No.
21,7,27,,D,"It's, like, most of their bodies together, and then at the bottom, there's, like, a tiny little triangle part that's jutting out."
21,7,27,,M,Are they offering something up?
21,7,27,x,D,It seems like it.
21,7,27,,D,"Like, they have their arms out, and then, like, it's as if, like, they're clothed from their whatever they're wearing."
21,7,27,x,M,Yeah.
21,7,27,x,M,Thank you.
21,7,27,,M,Mm-hmm.
21,7,28,,D," Um, like, a really expressive dancer."
21,7,28,,D,"Like, and she has a big left leg."
21,7,28,,D,"Like, and then her right leg's a small triangle."
21,7,28,,D,"Upside down triangle, and she has a diamond head."
21,7,28,,D,"And, like, one of her arms, she's looking to the right, and then she's, like, kneeling on her big, chunky leg."
21,7,28,,D,And
21,7,28,,M, Is she sitting down?
21,7,28,,D,"She's, like, sort of."
21,7,28,,D,"Like, she's kneeling on one knee, and her head is sort of tilted back as if she's, like, looking towards the ceiling."
21,7,28,,M,She has a diamond head?
21,7,28,,M,Do her arms look like wings?
21,7,28,,D,"Yeah, a diamond head that almost is, like, situated like a square because she's, like, looking back."
21,7,28,,M,Do her arms look like wings?
21,7,28,,D,"No, her arms don't look like wings."
21,7,28,,D,"She has, like, one arm that looks like a trapezoid."
21,7,28,,D," It's like, okay, okay."
21,7,28,,D,"And her middle, um, uh..."
21,7,28,,D,"So in the bottom right, there's a triangle."
21,7,28,x,M,Okay.
21,7,28,x,M,I think I know which one.
21,7,28,x,M,Yep.
21,7,28,x,M,Woo!
21,7,28,x,M,Thank you.
21,7,29,,D,um a man it sort of looks like a pedestrian walking sign it's like a man walking to the left and his foot is out
21,7,29,x,D,i like this one a lot
21,7,29,x,M,me too
21,7,30,,D,um okay this one you almost thought that it was the giraffe but it's not it looks like a modern chair
21,7,30,x,M,it looks like a what
21,7,30,,D,like a modern chair
21,7,30,,D, And you almost thought that it was the giraffe head.
21,7,31,,D,"Okay, the statue and the fountain."
21,7,31,x,M,Okay.
21,7,32,,D," Okay, I think we said that this guy was, like, playing hacky sack or juggling."
21,7,32,,D,He has two triangle heads.
21,7,32,x,M,"Mm-hmm, I got it."
21,7,32,x,M,I feel like this is the husband of a freaking out woman.
21,7,32,x,D,"Yeah, honestly, they would make a good couple."
21,7,32,x,D,Oh my god.
21,7,32,x,D,Is that what's good?
21,7,32,x,D,Okay.
21,7,33,,D,"Oh, upside down table and triangle."
21,7,34,,D," Um, big chimney house."
21,7,35,,D," Um, hunchback woman."
21,7,35,x,M,What?
21,7,35,,D,Hunchback woman.
21,7,36,x,D,"Alright, last one, let's go."
21,7,36,,D,"Um, the top hat man."
21,7,36,,D,I like this guy too.
21,7,36,,D,"Yeah, he's like a little fish."
21,7,36,,D, He's like a little traveler to me.
21,7,36,,D,He looks like he has a backpack on.
21,7,36,,D,Or I thought it was like a scuba diver with like flippers.
21,7,36,x,E,I like that.
21,7,36,,E,Thanks.
21,7,36,,E,I worked hard on that.
21,7,36,,E,Oh my god.
21,7,36,,E,Thank god.
21,7,36,,E,Woo!
21,7,36,,E,Oh my god.
21,7,36,,E,"Joseph, do we still have to do block 10 now?"
21,7,36,,E,Okay.
21,7,36,,E," Nola, it was nice knowing you."
21,7,36,,E, Did I do something wrong?
21,7,36,,E,Okay.
21,7,36,,E, Oh.
21,7,36,,E,Okay.
21,7,36,,E,I can stay.
21,7,36,,E,For a little bit.
21,7,36,,E,Yeah.
21,7,36,,E,Okay.
21,7,36,,E,Will we get compensated for the- Okay.
21,7,36,,E,Okay.
21,7,36,,E,Cool.
21,7,36,,E,Woo!
21,7,36,,E,Okay.
21,7,36,,E, Okay.
21,7,36,,E,Okay.
21,7,36,,E,Okay.
21,7,36,,E,Okay.
21,7,36,,E,Okay.
21,7,36,,E,Will you still get some results from this?
21,7,36,,E,Okay.
21,7,36,,E,"Oh, damn."
21,7,36,,E,Okay.
21,7,36,,E,Okay.
21,7,36,,E,Okay.
21,7,36,,E, Wow.
21,7,36,,E,"Wait, Joseph, what happened?"
21,7,36,,E,The internet went out.
21,7,36,,E,Did you hear that?
21,7,36,,E,Oh.
21,7,36,,E,Oh.
21,7,36,,E,Wow.
21,7,36,,E,"Joseph, can you hear me or no?"
21,7,36,,E,"Yeah, I can."
21,7,36,,E,"No, I didn't hear that the internet went out."
21,7,36,,E," Yeah, so I heard that the internet went out, so we have to wait a little bit."
21,7,36,,E,But he said that he's going to pay us for the overtime.
21,7,36,,E,Okay.
21,7,36,,E,"Wait, I thought, because I could only hear your side of the conversation, I was really worried that when you were like, oh, you didn't get any results, that it was because we had messed up or something."
21,7,36,,E,"Oh, no, no, no, no."
21,7,36,,E,So he said that this last part is the most important part of the thing.
21,7,36,,E,Okay.
21,7,36,,E," And then I asked, even if it doesn't end up working, he said that he's going to try and fix it, the internet, for the next couple minutes."
21,7,36,,E,"And I was like, if it doesn't work, will you still get results?"
21,7,36,,E,"And he was like, we'll see."
21,7,36,,E,"I low-key really have to go to the bathroom, but I can't wait."
21,7,36,,E,I'm so excited to vape.
21,7,36,,E,To vape.
21,7,36,,E,"Wait, Joseph, guess what?"
21,7,36,,E,What?
21,7,36,,E,I feel like I have to...
21,7,36,,E, I'm so glad we can laugh now.
21,7,36,,E,I have a lot of nervous energy.
21,7,36,,E,I feel like I have the opposite of claustrophobia.
21,7,36,,E,I kind of love being in this tight space.
21,7,36,,E,I feel like I'm being hugged.
21,7,36,,E,"Oh my god, it is sort of like a cocoon."
21,7,36,,E,I feel like I have claustrophobia.
21,7,36,,E,"Oh, I know what you mean."
21,7,36,,E,I think it's because you miss your mother's womb.
21,7,36,,E,I was just thinking about my mom's womb this morning.
21,7,36,,E,Oh my god.
21,7,36,,E," No, oh my god, wouldn't that, I would, like, love to be back in my mom's womb."
21,7,36,,E,"Oh, I was kidding."
21,7,36,,E,Oh.
21,7,36,,E,"Yeah, me too, I thought."
21,7,36,,E,"Oh my god, wait."
21,7,36,,E,"You saw Boa's Afraid, right?"
21,7,36,,E,I loved it.
21,7,36,,E,"Wait, I loved it too."
21,7,36,,E,Sarah was such a hater.
21,7,36,,E,I know.
21,7,36,,E,Did you hear her about it?
21,7,36,,E,"Because I was like, should I go see it?"
21,7,36,,E,"She was like, don't see it."
21,7,36,,E,"Yeah, she told me it was a waste of time."
21,7,36,,E,She said that it was.
21,7,36,,E,"She was like, go to anything else."
21,7,36,,E,Don't go.
21,7,36,,E," No, I really liked it."
21,7,36,,E,I liked it a lot.
21,7,36,,E,It made me laugh so much.
21,7,36,,E,Me too.
21,7,36,,E,It was really funny.
21,7,36,,E,"The whole opening scene with all the crazy people, that was the funniest shit I've ever seen."
21,7,36,,E,When they started going into his apartment just because he put the phone book in the door.
22,0,1,,D," Uh, okay, so this is the one with, like, the two, uh, square shapes that are, like, fused together, and then there's, like, a little other square thing that's, like, coming out the top."
22,0,1,,M,"Okay, I think I know which one you mean."
22,0,1,,M,Does it kind of look like a swan facing left?
22,0,1,,M,Um...
22,0,1,,D," No, not that one, I don't think."
22,0,1,,D,"It's the one with, like..."
22,0,1,,D,It's like if you turned two squares with the vertex of each square facing down.
22,0,1,,M,"Oh, like diamonds?"
22,0,1,,D,Yes.
22,0,1,,M,"Oh, I thought of that as a spear pointing downwards."
22,0,1,x,D,Oh.
22,0,1,,D,"Yeah, I guess it kinda looks like that."
22,0,1,,M,"Okay, so two diamonds and a square on top?"
22,0,1,x,D,Yes.
22,0,1,x,M, Correct.
22,0,1,x,M,Yay.
22,0,2,,D,"Um, okay, so this one is, like, looks kind of like the weird guy who's, like, leaning back,"
22,0,2,,D,"and he has, like, one of his feet, like, pointed outward on one side,"
22,0,2,,D,"and then his head is leaning, like, on the other, in the other direction."
22,0,2,,M,Yeah.
22,0,2,,D,"And then he has, like, a weird cape."
22,0,2,x,M,Yeah.
22,0,2,x,D,Um...
22,0,2,,D, If they had more of a square or more of a diamond.
22,0,2,x,D,Uh...
22,0,2,x,D,"I don't know, really."
22,0,2,x,D,It's...
22,0,2,x,M,Okay.
22,0,2,x,M,I think this one.
22,0,2,x,M,Yay.
22,0,2,x,M,"Okay, uh..."
22,0,3,,D,This one...
22,0,3,,D,looks it looks a little bit like a rabbit because it's got like two triangles pointing out the right side
22,0,3,,D,and then it's got like a square for like or like kind of a tilted diamond for like
22,0,3,,D,uh yeah for the tail and then the legs are like separated
22,0,3,,M,um is it kind of long looking
22,0,3,,D,uh it's kind of long in like
22,0,3,,D, the vertical direction.
22,0,3,,D,But not very long.
22,0,3,,D,In the vertical direction.
22,0,3,,M,But it does have a parallelogram head?
22,0,3,x,D,"Uh, yes."
22,0,3,x,D,A little bit.
22,0,3,x,M,Oh.
22,0,3,x,M,Oh no.
22,0,3,x,M,Oh.
22,0,3,x,M,Okay.
22,0,3,x,M,Yeah.
22,0,4,,D," Um, this one's like, it looks like a house, and there's like a really long chimney that's like a really elongated rectangle on the right side."
22,0,5,,D," Um, this one looks a little bit like a little guy that's, like, has his legs spread apart really, like, widely, but, like, doesn't have arms."
22,0,5,,M,Can you say a little more?
22,0,5,,M,There's two guys that kind of look like that that appear to be almost mirrors of each other.
22,0,5,,D,"Uh, could you describe, like, what the two guys look like?"
22,0,5,,M,The two guys both have diamond heads.
22,0,5,x,D,Uh-huh.
22,0,5,,M,Both have kind of triangles right below the diamonds.
22,0,5,x,D, Yes.
22,0,5,,M,"And one is kind of leaning to the left, and the other one, it looks a little more balanced."
22,0,5,,M,He's got a foot kicking out to the left.
22,0,5,,D,"Uh, I think it's the second one with the foot pointing out to the left."
22,0,5,x,M,Good.
22,0,5,x,M,Cool.
22,0,6,,D," Uh, this one looks a little bit like a guy that's riding, like, a horse or, like, a dog or something."
22,0,6,,D,"Um, and this is the- I think there's two that look vaguely similar to that,"
22,0,6,,D,"but this is the one where, like, his head is, like, pointing down and towards the left, and, like, the body is a triangle instead of a parallelogram."
22,0,6,x,M,Okay.
22,0,6,x,M,Yay.
22,0,7,,D," Um, so this was, like, the same as the rabbit, but, and you, like, picked it earlier, but it was wrong."
22,0,7,,D,"So it's, like, the one that's kind of, like, uh, the weird dog-shaped thing that's, like, yeah."
22,0,7,,D,"I guess it was, like, that much like a rabbit."
22,0,7,x,M,Um...
22,0,7,x,M, This one?
22,0,8,,D,"I don't know, it looks like a person with his right foot stretched out, but it also looks vaguely like a water fountain if you look at it from a different, like, perspective."
22,0,8,,D,I don't know if that's clear at all.
22,0,8,,M,Diamond head?
22,0,8,x,D,Yes.
22,0,9,,D," Um, this one looks like a bit of a signpost or, like, a totem pole."
22,0,9,,D,"So it's, like, just a straight, like, thing, stick-like thing sticking out of the ground, and it's got, like, little protrusions on each side."
22,0,9,,M,"I thought of it as, like, barbed wire."
22,0,9,x,D,Oh!
22,0,9,x,M,Yeah?
22,0,9,x,D,"Yeah, that's clever."
22,0,10,,D," This one looks like a guy who's, like, in a half-squatting position, with his, like, arms out."
22,0,10,,M,Does a copper butt look like that?
22,0,10,x,M,Um...
22,0,10,,D,"This is the one where, uh, the legs are, like, pointed in, like, a chevron kind of shape?"
22,0,10,,M,Chevron.
22,0,10,,D," Like, if you just look at the legs."
22,0,10,,D,And the arms are like a triangle.
22,0,10,x,D,Nice.
22,0,11,,D,"Um, okay, this one's kind of weird."
22,0,11,,D,"When I first saw it, it looked kind of like a bird without a head."
22,0,11,,D," But it's, like, got this, like, weird claw thing at the front, and then the back is, like, a bit of, like, a triangle kind of shape."
22,0,11,,M,"Oh, I thought, is this one that kind of looks like a crab going up to the upper right?"
22,0,11,,D,"Yeah, a little bit."
22,0,11,x,D,"Yeah, I didn't know how to describe it."
22,0,12,,D," Um, this one looks like a guy who's, like, in a really weird pose who's, like, dragging something along."
22,0,12,,D,"So, like, one of the legs is, like, really long, and then, so on the left there's, like, a leg that's really long, and the right side is, like, a triangle."
22,0,13,,D," Uh, this one is, like, a bowl, or, like, just, like, a claw of a crab without anything attached to it."
22,0,14,,D,"Okay, this is, like, the other guy doing the weird, like, pose where his legs are spread apart."
22,0,14,,D,"Um, but then he, like, the opening is towards the right."
22,0,15,,D," Oh, this looks kind of like a priest who's holding out some sort of offering a little bit."
22,0,15,,D,So it looks like he has really long sleeves.
22,0,15,x,M,"Um, okay."
22,0,15,,D,And he's kind of straight up and down for his body and stuff.
22,0,15,x,M,Yes.
22,0,16,,D, This one looks like the house with the palm tree on the left.
22,0,17,,D,"This one looks like the guy who's pretending to fly, so he has his arms out, and it's like his legs aren't shown."
22,0,17,,D," Um, there's one that's very simple that just looks a bit like a parallelogram, where someone's flying to the top left."
22,0,17,x,M,Yes.
22,0,17,,M,I almost thought that was like a little turtle or something.
22,0,17,x,D,Oh!
22,0,17,x,D,Interesting.
22,0,17,,D,It does look like a turtle.
22,0,18,,D,"Um, this one's the one with the square and like a rectangle straight on the left, and I think you called it like a swan earlier."
22,0,19,,D," Uh, this one's like the other rabbit shape, but the body is mainly a triangle with like another triangle attached to it."
22,0,19,,M,"Oh yeah, like a rabbit sitting down and facing right?"
22,0,19,,D,Yeah.
22,0,20,,D,"Uh, this one looks like some sort of animal that"
22,0,20,,D,"- or, like, a dog that's, like, jumping, and his, like, tail looks kind of like a diamond on the right,"
22,0,20,,D,"and then his head is, like, facing sort of down, but it's just, like, a very small triangle."
22,0,20,,M,"Uh, is the head in the top left corner?"
22,0,20,x,D,Uh...
22,0,20,,D," I guess you could think of it that way, and then, like, the tail might be on the top, uh, sorry, the, actually..."
22,0,20,x,M,"I don't know, could you say it again?"
22,0,20,x,M,"What are you, how do you describe it?"
22,0,20,x,D,"Uh, yeah, sure."
22,0,20,,D,"It's like a dog with its, like, legs up, but, like, depending on which side you're looking at it, there's, like, a diamond on, like, the top right corner, and a triangle on the bottom left corner."
22,0,20,x,M, I don't know what that is.
22,0,20,x,D,"Yeah, I really don't know."
22,0,20,x,D,Maybe you should keep going.
22,0,20,,M,Is there another way to describe it without it being a dog?
22,0,20,x,D,Let me think.
22,0,20,x,D,I'm not sure what else it looks like.
22,0,20,,D,"But on the right side, there's like..."
22,0,20,,D," a diamond shape, and then beneath it is kind of, like, a large triangle, and then that's fused to, like, a parallelogram with, like, triangles coming off of the bottom left side of it."
22,0,20,x,M,Oh.
22,0,20,x,M,Oh.
22,0,20,x,M,Yeah.
22,0,20,x,M,Okay.
22,0,20,x,M,"Yeah, that's a tricky one."
22,0,20,x,M, It is.
22,0,20,x,M,I don't know how you would describe it.
22,0,20,,M,I thought it was someone holding a martini glass.
22,0,20,x,M,Oh.
22,0,20,x,M,Hmm.
22,0,21,,D,"Um, this one looks like some sort of, like, dinosaur or some sort of bird, and the head is on the right side with, like, wings on, like, the left side."
22,0,21,,D,"And then there's, like, two little triangles for the legs."
22,0,21,,D,Two little triangles.
22,0,21,,M," Oh, is it the one that just has one little triangle sticking out in the bottom left corner?"
22,0,21,x,D,Yes.
22,0,22,,D," Uh, this one is just like a really simple shape, but it's mainly like a parallelogram with something sticking out of, like, the bottom on the left side."
22,0,22,,D,I thought it was the side.
22,0,23,,D,"Uh, this one looks..."
22,0,23,,D," Okay, this is really weird."
22,0,23,,D,"This looks like a guy who's, like, kind of, like, bending over, but there's, like, something coming out of his butt on, like, the right side, and his head is, like, on the top left corner."
22,0,23,x,M,Oh.
22,0,23,x,M,Oh.
22,0,23,,M,"Oh, I thought it was a figure skater."
22,0,23,x,M,Oh!
22,0,23,x,M,He does it.
22,0,24,,D," Uh, this one looks kind of like the face of like a cliff or something, and then there's like a diamond at the top."
22,0,24,x,M,"Yeah, yeah, yeah."
22,0,25,,D," Uh, this looks like some animal that's, like, in the middle of, like, a gallop or something."
22,0,25,,D,"So there's, like, a really long neck on the left side, and then there's, like, a parallelogram tail coming out of the right side."
22,0,26,,D,"Uh, this one looks like some sort of, like, dog or maybe, like,"
22,0,26,,D, rabbit or something that's like with his face pointing on the left and then for the ears there's like a triangle on the right and then at the top there's like a diamond.
22,0,26,,D,And it also kind of looks like a mouse.
22,0,26,x,M,Could you describe it again?
22,0,26,x,M,I don't really see what you mean.
22,0,26,,D,"It looks kind of like a mouse with its head facing the left side,"
22,0,26,,D,"because there's a triangle that's a snout, and then there's a diamond for the left ear, and then for the right ear, there's a triangle for the right ear."
22,0,26,x,M,"It also- Oh, okay."
22,0,26,x,M, I feel like they're getting harder.
22,0,27,,D,"Um, this also looks like a guy squatting a little bit, but it looks like-"
22,0,27,,D,"actually he kind of looks like he's sitting, and then there's like a diamond for the head and then the rest of the body is just like one shape."
22,0,28,,D," Uh, this one I really don't know how to describe it."
22,0,28,,D,It looks a little bit of a pers- like a person with like a little triangle at the very top?
22,0,28,,D,"Uh, and then there's like something connected to like a diamond, and it looks almost like he's like handing away that diamond or something."
22,0,28,,D,And the diamond is like facing up the left.
22,0,28,,M, This is not the martini guy.
22,0,28,x,D,"Uh, no."
22,0,28,,D,Diamonds facing left.
22,0,28,,D,But it's towards the bottom.
22,0,28,,D,And there's a triangle at the top.
22,0,28,,D,"Wait, sorry, diamond head."
22,0,28,,D,"Uh, no, the head is like a triangle."
22,0,28,,D,"Triangle, head."
22,0,28,x,M," Sorry, can you repeat it?"
22,0,28,,D,"Yeah, it looks a little bit like a guy who's, like, facing the left with a triangle for the head,"
22,0,28,,D,"and then, like, a diamond as, like, some sort of gift that he's, like, facing away, or, like, giving away, and it's, like, facing the left."
22,0,28,x,M,"Yeah, I guess."
22,0,29,,D," Uh, this one looks like a tank, or maybe like a boat, with like, a diamond sticking out of it."
22,0,30,,D,"Uh, this one also looks a bit like a water fountain, and then there's a tri- uh, sorry, not a triangle, a uh, a diamond sticking out the top."
22,0,30,x,M,Oh.
22,0,30,x,M,Oops.
22,0,31,,D," Uh, this looks like someone who's, like, bent on their knees."
22,0,31,,D,"Uh, and there's, like, two, like, diamonds, and then the second diamond is connected to, like, uh, to a triangle."
22,0,31,,D,"And then there's, like, something that's, like, angled outward toward the right."
22,0,32,,D," Oh, this one I don't really know."
22,0,32,,D,"When I first saw it, it kind of looked like one of the heads from, like, Easter Island, but, like, bent over to the left."
22,0,32,x,D,"And then, yeah."
22,0,32,,M,Easter Island?
22,0,32,x,D,"Oh, maybe, I guess."
22,0,32,x,D,A little bit.
22,0,33,,D," Oh, this guy looks like he's, like, backpacking, and he's got, like, two triangles for the feet."
22,0,33,x,M,"Oh, yeah."
22,0,33,,M,"For me, this is a frog in a top hat."
22,0,33,x,M,Oh!
22,0,33,x,M,I don't know why I got frog vibes for this guy.
22,0,34,,D,"Oh, this guy looks like he's, like, kind of resting in the corner, and he's, like, sitting next to a wall or something."
22,0,35,,D," Uh, this is, like, a parallelogram guy who's, like, riding a dog or a horse or something."
22,0,36,,D,"Uh, this one looks kind of like a flower that's, like, got three triangles kind of coming out the top, and then, like, a stem to the right."
22,0,36,x,E," Nice, good job."
22,0,36,,E,"Yes, you too."
22,0,36,,E,Hello.
22,0,36,,E,Yay.
22,0,36,,E,Yep.
22,0,36,,E,"Yeah, I felt good."
22,0,36,,E, Sounds good?
22,1,1,,D,"Alright, this is a fountain that we talked about that's got a diamond on the top, and the fountain bowl is sticking out to the left."
22,1,1,,M,"Sorry, uh, what's sticking out to the left?"
22,1,1,,D,"Uh, like the bowl of the fountain is sticking out to the left."
22,1,1,,D,It's kind of tall.
22,1,1,,D,It's got a diamond on top.
22,1,1,,D,It's got a very small triangle halfway up on the right.
22,1,1,,D,"It's got a base that looks like a rhombus, I think."
22,1,1,,D,"So it's got kind of this flared out base, kind of a wide middle."
22,1,1,,D,It's got a bowl out to the left and then it goes up to the top and it's got a diamond on top.
22,1,1,,D,"Overall, it's very tall and kind of narrow."
22,1,1,,M,Okay.
22,1,1,,M,"Uh, is it the one that... Like, the guy that looks like it's facing, like, to the left and, like, has a bowl on the left?"
22,1,1,,D,"I don't think it looks like a guy, but it does look like it has a bowl on the left."
22,1,1,,D,I think you got the right one.
22,1,1,,M,"Oh, uh..."
22,1,1,,M,I think there's two.
22,1,1,,D,"Uh, one looks a little bit like a guy, and one looks more like a water fountain."
22,1,1,,D,A fountain one.
22,1,1,,M,Okay.
22,1,2,,D,"This one looks like a, uh, it's one of the guys riding a dog and it's the guy with the little parallelogram body."
22,1,2,,D,He's kind of a very tiny little body and he's riding a dog that looks like it's pointing left.
22,1,2,x,M,Yep.
22,1,2,x,D,Cool.
22,1,3,,D,This one looks like a crab going up to the top right.
22,1,3,,D,It's got kind of a flared out tail and two big arms.
22,1,3,,D,It's going into the top right corner.
22,1,4,,D,This one looks like it's one of those crouching guys.
22,1,4,,D,The guy where you can't see his arms.
22,1,4,,D,He's just crouching.
22,1,4,,D,He's got a diamond head.
22,1,4,,D,He's kind of sitting there.
22,1,4,,D,There's much less detail than the other ones.
22,1,4,,D,You know which guy I'm talking about?
22,1,4,,M,"Yeah, is it the one where it looks like a single polygon that's bent for the body?"
22,1,4,x,D,"Uh, yeah."
22,1,4,x,M,Okay.
22,1,5,,D,"Alright, this is a very complex one."
22,1,5,,D,"Yeah, it doesn't look like a rabbit, but it does have two rabbit ears."
22,1,5,,D,"And it's got on its left side, a like kind of diamond or square on top of a triangle."
22,1,5,x,M,"Oh, sorry, I clicked the wrong button."
22,1,5,x,D,Okay.
22,1,6,,D,"This looks like someone dancing, I feel like."
22,1,6,x,M,Okay.
22,1,6,,D,"So it's a diamond head, and they're shifting out to the left, and they've got one leg, they've got their, the leg on the left is kind of bent, and the leg on the right is kind of extended."
22,1,6,x,M,"Oops, sorry."
22,1,7,,D,This looks like a person sitting down with their back to the left.
22,1,7,,D,"They have a kind of a square head, but they have two bunny ears."
22,1,7,,D,"Overall, their body's a triangle."
22,1,7,,D,"They look like they're sitting, looking rightwards."
22,1,7,x,M,Okay.
22,1,7,,M,Does it also look vaguely like a rabbit?
22,1,7,,M,Yeah.
22,1,7,x,M,Gotcha.
22,1,9,,D,This is the house with the palm tree on the left.
22,1,10,,D,This looks like somebody riding a dog or a horse.
22,1,10,,D,The horse is going to the left.
22,1,10,,D,The horse has a triangle tail.
22,1,11,,D,The person has a square head looking downwards.
22,1,11,,D,This is another one of those people who are kind of bent.
22,1,11,,D,They're only bent a little bit.
22,1,11,,D,They kind of have parallelogram legs.
22,1,11,,D,And they are turned facing right.
22,1,11,,D,"They've got a kind of triangle arm sticking out rightwards, diamond head."
22,1,11,x,M,"Oh, okay."
22,1,11,,D,"Not totally down to their knees, but just kind of crunching a little bit."
22,1,11,,M,It's only the legs that are bent?
22,1,11,,D,"Yeah, just crouching."
22,1,11,,D,"They're not on their knees, they're just kind of crouching."
22,1,12,,D,"This one looks like the spaceship, or the pool, or the fountain, with the diamond on top."
22,1,12,x,M,Okay.
22,1,12,,M,Does it only have like a hexagon as like the bottom?
22,1,12,,D,Yeah.
22,1,13,,D,"Um, this is one where it has the real kind of cape."
22,1,13,,D,"The person's facing rightwards, their legs are kicking out leftwards, and they have a kind of a cape in the upper left."
22,1,13,x,M,Okay.
22,1,13,,M,Does it almost look like there are no arms?
22,1,13,x,D,Yeah.
22,1,13,x,M,"Oh, oops."
22,1,13,x,M,"Oh, I see."
22,1,14,,D,This is a person about to do the splits.
22,1,14,,D,They're facing leftwards.
22,1,14,x,M,I keep pressing the wrong one.
22,1,14,x,M,Maybe take your finger off the trigger.
22,1,14,x,M,"Okay, that's a good idea."
22,1,15,,D,This is a horse running to the left.
22,1,15,,D,It's really galloping.
22,1,15,,D,It's really going.
22,1,15,,D,Horse facing to the left.
22,1,15,,M,Is this the one where it's kind of got like an L shape as the main body?
22,1,15,,D,"No, I don't think that one's really running, right?"
22,1,15,,D,I feel like that one's kind of on its back legs.
22,1,15,,M,"Oh, running."
22,1,15,,D,"Yeah, it's galloping."
22,1,15,x,M,It's giving her...
22,1,16,,D,"Uh, this is another person crouched, but this one's all the way on their knees."
22,1,16,,D,Diamond head.
22,1,16,,D,Arms out to the right.
22,1,16,,M,"Uh, does it kind of look like there's something to the left of the overall person?"
22,1,16,,D,"Uh, they've got a tiny little diamond on their back, but really it's just a person on their knees."
22,1,16,x,M,Okay.
22,1,16,,D,Holding their arms out to the right.
22,1,17,,D,"This one looks like the other horse or dog one, where it's kind of on its back legs, with its front legs out, facing leftwards, kind of like a Sphynx or something."
22,1,18,,D,This is a bird flying to the right.
22,1,18,,D,It's got that one little tiny triangle sticking out the bottom left.
22,1,18,x,E,Hello.
22,1,18,x,E,"Uh, I'm feeling good."
22,1,18,x,E,No.
22,1,18,x,E,"Yeah, I'm good."
22,1,18,x,E,Okay.
22,1,18,x,E,"Wait, I think I'm good."
22,2,1,,D,"Uh, this one looks like the little hexagon with, like, uh, a diamond sticking out of the top."
22,2,2,,D,"Uh, this one looks like the rabbit or the person with two triangle ears and is a triangle crouching, uh, to the left."
22,2,2,x,M,"Oh, oops."
22,2,2,,M,Crouching?
22,2,2,,D,And they're sitting.
22,2,3,,D,This one is the one that looks kind of like a water fountain.
22,2,3,,D,"It's got like, it's really straight."
22,2,3,,D,And then it's got like a triangle on towards the left and a diamond at the top.
22,2,4,,D,"This one's like the crab with the claw towards the right, and then something to the left."
22,2,4,x,M,I have sunscreen.
22,2,5,,D,This one is the one where it's like...
22,2,5,,D,"a little bit like the guy dancing, I think, and then he's got, like, a head that's tilted towards the right, and then, like, a little cave towards the left, and the foot is, like, sticking out."
22,2,6,,D,"Uh, this was the one you picked earlier when I talked about"
22,2,6,,D,the rabbit with the two ears at the top and then the diamond at the bottom left.
22,2,7,,D,"Oh, this is the guy that's like crouching and he's kind of like one shape other than just the diamond head."
22,2,7,,D,And then he's sort of facing like to the right.
22,2,8,,D,"Oh, this is the guy that kind of looks like he's like..."
22,2,8,,D,"dancing in the way that, like, it looks like he's doing martial arts, and then his, like, right leg is out really far, and then he's here."
22,2,9,,D,"Uh, this is the one that looks like Galloping Force."
22,2,10,,D,"Uh, this is the one that looks like a bird that's facing the right, to the right, and then there's like a little triangle sticking out the back of the left side."
22,2,11,,D,"Uh, this one looks like a guy with the head tilted down, riding like a horse."
22,2,11,,D,Looks like a little big clam today.
22,2,11,x,M,Oh yeah.
22,2,12,,D,"Oh, this is the one that looks like he's doing, like, a little bit of the splits, and then he has his foot pointing out the left and then has no arms."
22,2,13,,D,This guy looks like he's crouching and only his legs are really bent and he's facing the right with his arms out.
22,2,14,,D,This guy is straight and it looks like he's holding something out to the left.
22,2,15,,D,This one looks like the dog that's facing to the left.
22,2,16,,D,This looks like the little parallelogram guy riding a horse.
22,2,17,,D,This is the house with the palm tree on the left side.
22,2,18,,D,This looks like the crouching person that has a triangle opening on the right and it's facing to the right.
22,2,18,x,E,And then Scott.
22,2,18,x,E,Yay.
22,2,18,x,E,Yay.
22,2,18,x,E,Sounds good.
22,2,18,x,E,"Yep, good."
22,2,18,x,E,"Okay, good."
22,2,18,x,E,Sounds good.
22,3,1,,D,"All right, this is the bunny person, two big ears, kicking their legs out to the left with a square kind of on their foot."
22,3,1,,D,"Their head facing to the right, their legs out behind them."
22,3,1,x,M,"Oh, oops."
22,3,1,x,M,"Oh, I see."
22,3,1,,D,"Yeah, bunny ears."
22,3,1,,M,I think you see this as a person and I don't always.
22,3,2,,D,"All right, this is the person who's doing martial arts."
22,3,2,,D,There's legs kicking out to the right.
22,3,2,x,D,"Yeah, you got it."
22,3,2,x,D,Cool.
22,3,3,,D,This is the hexagon with a diamond on top.
22,3,4,,D,This is the person on their knees holding out a bowl to the right.
22,3,5,,D,This is the crab going into the top right.
22,3,6,,D,The dog facing left.
22,3,6,,M,"Uh, is it galloping or not?"
22,3,6,,D,"Uh, no, that's a- for me that's a horse."
22,3,6,x,M,"Oh, okay."
22,3,6,,D,The dog is just kind of crouching with its legs out.
22,3,7,,D,"This is a bird flying to the right, single tiny triangle, like, sticking out of the mafia."
22,3,8,,D,This is the guy that has a weird cape.
22,3,8,,D,He's facing right.
22,3,8,,D,The cape is to the top left.
22,3,9,,D,This is the house with the palm tree.
22,3,10,,D,This is the tiny parallelogram man riding a horse or a dog or something.
22,3,11,,D,"This is the rabbit who's lying down, who's sitting down, facing right."
22,3,11,,D,Kind of got a big triangle body.
22,3,12,,D,This is someone crouching facing right.
22,3,12,,D,"Not all the way down, but just kind of crouching with their arms out to their right."
22,3,13,,D,This is the water fountain.
22,3,13,,D,That's really tall.
22,3,13,,D,There's a diamond on top.
22,3,13,,D,And it's got a little bit of a triangle kind of hole out to the right.
22,3,13,,D,"Out to the left, rather, sorry."
22,3,14,,D,This is the guy that's riding the horse.
22,3,14,,D,"The horse, they're facing left."
22,3,14,,D,He's looking down.
22,3,14,,D,He's got like a square head.
22,3,15,,D,This is the very simple guy crouching.
22,3,15,,D,"You can't see his arms, his body is all just one shape."
22,3,16,,D,This is the horse galloping to the left.
22,3,17,,D,"Uh, this is the guy that's doing the splits."
22,3,17,,M,"Uh, does it look like he has arms?"
22,3,17,,D,Not really.
22,3,18,,D,"Uh, this is the person standing tall, holding out a bowl to the left."
22,3,18,x,M,Uh huh.
22,3,18,x,M,Yes!
22,4,1,,D,"Okay, this is the guy who's holding a bowl to the left and is kind of straight."
22,4,2,,D,This is the horse that's galloping towards the left.
22,4,3,,D,"Oh, this is the house with the palm tree."
22,4,4,,D,This is the guy who's crouching only his legs and is holding a bowl to the right.
22,4,5,,D,This is the dog that's crouching to the left.
22,4,6,,D,This is the hexagon shape with the diamond on top.
22,4,7,,D,"Oh, this is the guy who's doing the splits with no arms."
22,4,8,,D,"Oh, this is the weird looking guy with the cape with his head turned to the right and his leg out to the left."
22,4,9,,D,"Oh, this is the guy with the down-tilted head riding the horse."
22,4,10,,D,"Oh, this is the guy who looks like he's doing martial arts."
22,4,11,,D,This is the crab claw with the stalk coming out the back.
22,4,12,,D,This is the simple guy who's just kind of crouching.
22,4,13,,D,This is the parallelogram guy who's riding a horse.
22,4,14,,D,"Oh, this is the water fountain facing to the left with the diamond on top."
22,4,15,,D,"Uh, this is the person who's kind of crouching with their legs out back and facing to the right."
22,4,15,x,M,"Oh, oops."
22,4,15,x,M,That's their nailer.
22,4,16,,D,"Uh, this is the rabbit shape who's crouching and has a triangle body with two ears coming out."
22,4,16,,M,The one who looks like it's sitting?
22,4,16,x,D,Yes.
22,4,17,,D,"Oh, this is the bird shape with the triangle coming out the left."
22,4,18,,D,"Uh, this is the one that, uh, it's like a person with the hind legs up with two triangles coming out the right, sort of."
22,4,18,,D,"And then there's, like, the diamond head is towards the left."
22,4,18,x,M,"Wait, say that again?"
22,4,18,,D,"Uh, it's like the person with their, like, hind legs, like, up."
22,4,18,,D,"Like, the one that we keep getting wrong, where it's, like..."
22,4,18,,D,"Uh, they're, like, bunny ears, but it also sort of looks like a bunny ear."
22,4,18,x,M,Yeah.
22,4,18,,M,We should call them a bunny ear thing.
22,4,18,x,D,"Oh, okay."
22,4,18,x,M,Mm-hmm.
22,4,18,x,M,Yes.
22,4,18,x,M,Yes.
22,4,18,x,M,Okay.
22,5,1,,D,"This is the cape guy, facing right with the cape to the top left."
22,5,2,,D,This is the martial arts guy.
22,5,3,,D,This is the horse galloping to the left.
22,5,4,,D,"This is the person on their knees facing right, side of his head."
22,5,5,,D,This is the rabbit guy sitting down facing right.
22,5,5,,M,"Uh, does it have a triangle for the body?"
22,5,5,x,D,Yeah.
22,5,6,,D,This is the guy riding a dog looking downwards.
22,5,6,,D,They're facing left.
22,5,7,,D,This is the dog that's crouched with his legs outstretched to the left.
22,5,8,,D,This is the tiny parallelogram guy riding a dog.
22,5,9,,D,This is the simple guy cranching.
22,5,10,,D,"This is the tall waterfountain, the diamond on top."
22,5,11,,D,Is this the short water fountain with the hexagon face?
22,5,11,,M,Is this the one that kind of looks like a guy facing the left?
22,5,11,,D,"No, it's the water fountain that has the hexagon face."
22,5,11,,D,Maybe it looks like a spaceship.
22,5,11,,D,Maybe it's the diamond on top.
22,5,12,,D,This is the house with the palm tree on the left.
22,5,13,,D,This is the tall guy facing with his bowl out to the left.
22,5,13,,D,"Tall guy, diamond head, bowl out to the left, long sleeves."
22,5,13,x,M,Oh.
22,5,13,,D,"Standing straight, yeah."
22,5,14,,D,This is the bird flying to the right.
22,5,15,,D,Crab going to the top right.
22,5,16,,D,This is the guy doing the splits with no arms.
22,5,17,,D,"This is the guy, I think, at the bunny, kicking the legs out to the left."
22,5,17,,D,With a weird little square on his feet.
22,5,18,,D,"This is the guy crouching, facing right with a bowl."
22,5,18,x,M,Sounds good.
22,5,18,x,M,"Okay, sounds good."
22,5,18,x,M,Okay.
22,6,1,,D,This is the rabbit with the triangle body that looks like it's facing to the right.
22,6,2,,D,This is the parallelogram guy riding a horse.
22,6,3,,D,This is the guy with the head tilted down riding the horse.
22,6,4,,D,This is the bird with the triangle leg out the right.
22,6,4,,D,"Sorry, out the left."
22,6,5,,D,"This is the guy holding a bowl out to the left, who's kind of straight."
22,6,6,,D,This is the guy who also looks like a bunny.
22,6,7,,D,This is the house of the palm tree.
22,6,8,,D,This is the crab.
22,6,9,,D,This is the person kneeling with arms out to the right.
22,6,9,,M,"Oh, kneeling."
22,6,9,x,M,I'm sorry.
22,6,9,x,D,You're good.
22,6,10,,D,This is the guy doing the splits with no arms.
22,6,10,,D,I also said Michael Jackson.
22,6,11,,D,This is the guy who's crouching with only his legs bent.
22,6,12,,D,This is the hexagon water fountain thing with the
22,6,13,,D,This is the dog crouching facing left.
22,6,14,,D,This is the simple guy who's just crouching.
22,6,15,,D,This is the horse galloping towards the left.
22,6,16,,D,This is the guy doing martial arts.
22,6,17,,D,This is the water fountain.
22,6,18,,D,"Oh, this is the guy wearing the cape, bending his leg out."
22,6,18,x,M,Yes.
22,6,18,x,M,Sounds good.
22,6,18,x,M,"Okay, cool."
22,7,1,,D, This is the simple guy kneeling.
22,7,2,,D,"This is a new person who's peeking out to the, their feet to the bottom right."
22,7,2,,D,"They kind of look like they have a, yeah."
22,7,3,,D, This is the one that looks like a cliff with a diamond on top.
22,7,4,,D,This is the person I said they're holding a martini glass.
22,7,4,,D,They got a diamond head.
22,7,4,,D,They got their hands out let's say to the left.
22,7,4,,D,And they have like this kind of upwards facing
22,7,4,,D, triangle.
22,7,4,x,M,Oh.
22,7,4,x,M,"Oh, sorry about that."
22,7,4,x,M,"Oh, interesting."
22,7,4,x,M,"Oh, I see what you mean now."
22,7,5,,D,"Um, this is the one I said looks like a swan."
22,7,5,,D,It's just kind of a two rectangles and a little diamond.
22,7,5,x,M,Yeah.
22,7,6,,D," This is the rabbit who's sitting, looking right."
22,7,6,,D,He's got a tropical body.
22,7,7,,D,This is a crab.
22,7,7,,D,The crab is looking to the top right.
22,7,8,,D," Um, this is the person on their knees holding the bullet to the right."
22,7,8,,M,"Oh, he's kneeling?"
22,7,8,,D,"He's kneeling, yeah."
22,7,9,,D,"Uh, this is the weird rabbit person that, like, fell behind them with the square on their knees."
22,7,10,,D, This is a new one.
22,7,10,,D,It's really weird.
22,7,10,,D,It's too symmetric.
22,7,10,,M,Is it the bullshit thing?
22,7,10,,D,"No, they're like Roppuses."
22,7,10,,D,"Honestly, it kind of looks like a bra."
22,7,10,x,M,"Oh, I see."
22,7,11,,D," This is the hexagon water fountain that's flat, that's short, with a diamond on top."
22,7,12,,D,"This is the guy with no arms, just doing the splits."
22,7,13,,D," Uh, this is the cape guy."
22,7,13,,D,"He's facing right, his cape's to the top left."
22,7,13,,M,"Oh, sorry, could you repeat that?"
22,7,13,,D,The cape guy.
22,7,13,,D,The guy with the cape.
22,7,13,x,M,Oh.
22,7,13,,D,"He's, uh, facing, yeah."
22,7,13,x,M,"Yeah, sorry, I didn't hear you."
22,7,13,x,D,"Oh, okay."
22,7,15,,D,"Oh, this is the guy who's looking down and running a horse, facing left."
22,7,15,,D, I said they were a figure skater.
22,7,15,x,M,Okay.
22,7,15,,D,They look like they're going to the left.
22,7,15,,D,They're kicking their legs out behind them.
22,7,16,,D,"Oh, this is the one you said looked like a mouse."
22,7,16,,D,"Looks like they're on one knee with their leg behind them, sticking their arms out to either way."
22,7,16,,D,They've got a diamond head.
22,7,16,x,M,I can see them
22,7,16,x,M," Oh, yeah."
22,7,17,,D,This is the person who's sitting facing leftwards.
22,7,17,,D,They kinda got their feet out.
22,7,17,,D,Maybe they're reading a book.
22,7,17,,D,They're looking down.
22,7,17,x,M,Yeah.
22,7,18,,D,"Oh, this is a weird one."
22,7,18,,D,"This is, uh, it almost looks like someone, like, lounging on one arm, and they've got"
22,7,18,,D, a weird kind of square head at the top left and more of like a parallelogram to the top right.
22,7,18,,D,It's a weird one though.
22,7,18,,D,"So the bottom, they look like they're kind of mounching on one arm."
22,7,18,,M,Is that arm like really large and it's like almost being dragged on the left?
22,7,18,,D,It's arms on the right.
22,7,18,,D,"It's more of a, it's just a triangle."
22,7,18,,D, It's like a parallelogram bottom and then the thing sticking out to the bottom right is like a triangle.
22,7,18,,D,I'm seeing it as someone lounging.
22,7,18,,D," Yeah, I guess it's not really much of a head, but I see the mound straight away."
22,7,19,,D,This is the tall water fountain with the diamond on top.
22,7,20,,D,"This is the person that's half crouched, facing right, holding out a... yeah."
22,7,21,,D, This is the tiny parallelogram guy on the dog.
22,7,22,,D,"This is something, what I said, looks like a sheath."
22,7,22,,D,"Or a scythe, rather."
22,7,22,,D,It looks kind of like something you'd use to cut wheat.
22,7,22,,D,"And so it's got this kind of tall... Yeah, right?"
22,7,22,,M,It looks almost also like
22,7,22,,M," Uh, like a bottle opener?"
22,7,22,x,D,Yeah.
22,7,22,,M,Those really simple ones?
22,7,22,x,D,"Oh yeah, totally, yeah."
22,7,23,,D,This is the dog that's crouching and facing left.
22,7,24,x,D,"This is, um..."
22,7,24,,D," So they've got this very skinny little head, and they look like they're looking down."
22,7,24,,D,They're kind of holding a book.
22,7,24,,D,They're facing left and looking down.
22,7,24,,D,But they really stand like this really skinny triangle head that's kind of going up into the top left.
22,7,24,x,D,You almost want to mess their hair.
22,7,25,,D, This is the tall straight guy facing left.
22,7,26,,D,"This one I said looks like barbed wire, where it's just really tall and it's got kind of ."
22,7,26,x,M, Oh no.
22,7,27,,D,"Uh, this is the house with a really tall chimney on the right."
22,7,27,,E,"Ah, okay."
22,7,27,,E,For a second my screen went out.
22,7,27,,E,Uh oh.
22,7,27,,E,Yeah.
22,7,27,,E,I think it's back now though.
22,7,27,,E,Fingers crossed.
22,7,27,,E,Yeah.
22,7,28,,D,This is the bird flying to the right.
22,7,29,,D, This one kind of looks like a weird crab.
22,7,29,,D,It's kind of like a crab going upwards where it's gone.
22,7,29,x,M,"Oh, no."
22,7,29,x,M,"Oh, I'm sorry."
22,7,29,x,M,Yeah.
22,7,29,x,M,I clicked too quickly.
22,7,29,,D,"No, that one's also a crab."
22,7,30,,D,This one I said looks like a spear.
22,7,30,,D,It's like two diamonds.
22,7,30,x,M,"Oh, yes."
22,7,30,,D,"And then a little, like, square on top."
22,7,31,,D, This is the horse galloping to the left.
22,7,32,,D,This is the guy that looks like a frog.
22,7,32,x,M,I don't know.
22,7,32,,D,He's got two tiny little triangle feet.
22,7,32,,D,Maybe he's got a bit of a top hat.
22,7,32,,D,He's got an arm sticking out to the right.
22,7,32,,D," I don't know why, that guy's just got his frog in a, like, top suit."
22,7,32,x,M,I- I see it.
22,7,32,,D,"Maybe it's cause the triangles make it look like the feet are, like, webbed."
22,7,33,,D,"I thought this was, like, a turtle."
22,7,33,,D,"I mean, it's kind of like a parallelogram, it's pointed to the top left."
22,7,33,,D,"It's got, like, a little diamond head."
22,7,33,,D,It's got a little parallelogram.
22,7,33,x,M,"Oh, yes."
22,7,33,,D,"Little, like, long diamond arms."
22,7,34,,D, This is the house the POM train left.
22,7,35,,D,This is the martial arts fighter.
22,7,36,,D, This is the one that you thought was a crab.
22,7,36,,D,It also looks like a crab.
22,7,36,,D,"I mean, it's just kind of very, kind of like a rhombus on the bottom."
22,7,36,,M,The symmetrical one?
22,7,36,,D,"Yeah, it's totally symmetrical."
22,7,36,,D,"Yeah, it looks like a crab too."
22,7,36,,E,"Nice, good job."
22,7,36,,E,"Yay, give it a swallow."
22,7,36,,E, All right.
22,7,36,,E,Sounds good.
22,7,36,,E," Okay, I can start anytime."
22,7,36,,E, Uh huh.
22,7,36,,E,Great.
22,7,36,,E,"Great, sounds good."
22,7,36,,E,Let's go.
