choice_id,player_id,time_stamp,trial_id
1,1,14.067,1
6,1,14.1,2
6,1,14.133,3
6,1,14.167,4
6,1,14.2,5
6,1,14.233,6
6,1,14.267,7
1,1,14.3,8
1,1,14.333,9
3,1,14.533,10
3,1,14.7,11
3,1,14.733,12
3,1,14.767,13
3,1,14.8,14
3,1,14.833,15
3,1,14.867,16
3,1,14.9,17
1,1,16.133,18
1,1,16.167,19
1,1,16.2,20
1,1,16.233,21
1,1,16.267,22
1,1,16.333,23
1,1,16.367,24
1,1,16.4,25
1,1,16.433,26
1,1,16.467,27
1,1,16.5,28
3,1,16.567,29
3,1,16.6,30
3,1,16.633,31
3,1,16.667,32
3,1,16.7,33
3,1,16.733,34
3,1,16.767,35
3,1,16.8,36
3,1,16.833,37
3,1,16.867,38
3,1,16.9,39
3,1,16.933,40
3,1,16.967,41
3,1,17,42
3,1,17.033,43
3,1,17.067,44
3,1,17.1,45
3,1,17.133,46
3,1,17.167,47
3,1,17.2,48
3,1,17.233,49
3,1,17.267,50
3,1,17.3,51
3,1,17.333,52
3,1,17.367,53
3,1,17.4,54
3,1,17.433,55
3,1,17.467,56
3,1,17.5,57
3,1,18.033,58
3,1,18.067,59
3,1,18.1,60
3,1,18.133,61
3,1,18.167,62
3,1,18.2,63
3,1,18.233,64
3,1,18.267,65
3,1,18.3,66
3,1,18.333,67
3,1,18.367,68
3,1,18.4,69
3,1,18.433,70
3,1,18.467,71
3,1,18.5,72
3,1,18.533,73
3,1,18.567,74
3,1,18.6,75
3,1,18.633,76
3,1,18.667,77
3,1,18.7,78
3,1,18.733,79
3,1,18.767,80
3,1,18.8,81
3,1,18.833,82
3,1,18.867,83
3,1,18.9,84
3,1,18.933,85
3,1,18.967,86
3,1,19,87
3,1,19.033,88
3,1,19.067,89
3,1,19.1,90
3,1,19.133,91
3,1,19.167,92
3,1,19.2,93
3,1,19.233,94
3,1,19.267,95
3,1,19.3,96
3,1,19.333,97
3,1,19.367,98
3,1,19.4,99
1,1,19.533,100
1,1,19.567,101
1,1,19.6,102
1,1,19.633,103
1,1,19.667,104
1,1,19.7,105
1,1,19.733,106
1,1,19.767,107
1,1,19.8,108
1,1,19.833,109
4,1,23,110
4,1,23.033,111
4,1,23.067,112
4,1,23.1,113
4,1,23.133,114
4,1,23.167,115
4,1,23.2,116
3,1,23.333,117
3,1,23.367,118
3,1,23.4,119
3,1,23.433,120
3,1,23.467,121
4,1,29.267,122
4,1,29.3,123
3,1,29.367,124
3,1,29.4,125
3,1,29.433,126
3,1,29.467,127
3,1,29.5,128
3,1,29.533,129
3,1,29.567,130
3,1,29.6,131
3,1,29.633,132
3,1,29.667,133
3,1,29.7,134
3,1,29.733,135
3,1,29.767,136
3,1,29.8,137
3,1,29.833,138
3,1,29.867,139
3,1,29.9,140
3,1,29.933,141
3,1,29.967,142
3,1,30,143
3,1,30.033,144
3,1,30.067,145
3,1,30.1,146
3,1,30.133,147
3,1,30.167,148
3,1,30.2,149
3,1,30.233,150
3,1,30.267,151
3,1,30.3,152
3,1,30.333,153
3,1,30.367,154
3,1,30.4,155
3,1,30.433,156
3,1,30.467,157
3,1,30.5,158
3,1,30.533,159
3,1,30.567,160
3,1,30.6,161
3,1,30.633,162
3,1,30.667,163
3,1,30.7,164
3,1,30.733,165
3,1,30.767,166
3,1,30.8,167
3,1,30.833,168
3,1,30.867,169
3,1,30.9,170
3,1,30.933,171
3,1,30.967,172
3,1,31,173
3,1,31.033,174
3,1,31.067,175
3,1,31.1,176
3,1,31.133,177
3,1,31.167,178
3,1,31.2,179
3,1,31.233,180
3,1,31.267,181
3,1,31.3,182
3,1,31.333,183
3,1,31.367,184
3,1,31.4,185
3,1,31.433,186
3,1,31.467,187
3,1,31.5,188
3,1,31.533,189
3,1,31.567,190
3,1,31.6,191
3,1,31.633,192
3,1,31.667,193
3,1,31.7,194
3,1,31.733,195
3,1,31.767,196
3,1,31.8,197
3,1,31.833,198
3,1,31.867,199
3,1,31.9,200
3,1,31.933,201
3,1,31.967,202
3,1,32,203
3,1,32.033,204
3,1,32.067,205
3,1,32.1,206
3,1,32.133,207
3,1,32.167,208
3,1,32.2,209
3,1,32.233,210
3,1,32.267,211
3,1,32.3,212
3,1,32.333,213
3,1,32.367,214
3,1,32.4,215
3,1,32.433,216
3,1,32.467,217
3,1,32.5,218
3,1,32.533,219
3,1,32.567,220
3,1,32.6,221
3,1,32.633,222
3,1,32.667,223
3,1,32.7,224
3,1,32.733,225
3,1,32.767,226
3,1,32.8,227
3,1,32.833,228
3,1,32.867,229
3,1,32.9,230
3,1,32.933,231
3,1,32.967,232
3,1,33,233
3,1,33.033,234
3,1,33.067,235
3,1,33.1,236
3,1,33.133,237
3,1,33.167,238
3,1,33.2,239
3,1,33.233,240
3,1,33.267,241
3,1,33.3,242
3,1,33.333,243
3,1,33.367,244
3,1,33.4,245
3,1,33.433,246
3,1,33.467,247
3,1,33.5,248
3,1,33.533,249
3,1,33.567,250
3,1,33.6,251
3,1,33.633,252
3,1,33.667,253
3,1,33.7,254
3,1,33.733,255
3,1,33.767,256
3,1,33.8,257
3,1,33.833,258
3,1,33.867,259
3,1,33.9,260
3,1,33.933,261
3,1,33.967,262
3,1,34,263
3,1,34.033,264
3,1,34.067,265
3,1,34.1,266
3,1,34.133,267
3,1,34.167,268
3,1,34.2,269
3,1,34.233,270
3,1,34.267,271
3,1,34.3,272
3,1,34.333,273
3,1,34.367,274
3,1,34.4,275
3,1,34.433,276
3,1,34.467,277
3,1,34.5,278
3,1,34.533,279
3,1,34.567,280
3,1,34.6,281
3,1,34.633,282
3,1,34.667,283
3,1,34.7,284
3,1,34.733,285
3,1,34.767,286
3,1,34.8,287
3,1,34.833,288
3,1,34.867,289
3,1,34.9,290
3,1,34.933,291
3,1,34.967,292
3,1,35,293
3,1,35.033,294
3,1,35.067,295
3,1,35.1,296
3,1,35.133,297
3,1,35.167,298
3,1,35.2,299
3,1,35.233,300
3,1,35.267,301
3,1,35.3,302
3,1,35.333,303
3,1,35.367,304
3,1,35.4,305
3,1,35.433,306
3,1,35.467,307
3,1,35.5,308
3,1,35.533,309
3,1,35.567,310
3,1,35.6,311
3,1,35.633,312
3,1,35.667,313
3,1,35.7,314
3,1,35.733,315
3,1,35.767,316
3,1,35.8,317
3,1,35.833,318
3,1,35.867,319
3,1,35.9,320
3,1,35.933,321
3,1,35.967,322
3,1,36,323
3,1,36.033,324
3,1,36.067,325
3,1,36.1,326
3,1,36.133,327
3,1,36.167,328
3,1,36.2,329
3,1,36.233,330
3,1,36.267,331
3,1,36.3,332
3,1,36.333,333
3,1,36.367,334
3,1,36.4,335
3,1,36.433,336
3,1,36.467,337
3,1,36.5,338
3,1,36.533,339
3,1,36.567,340
3,1,36.6,341
3,1,36.633,342
3,1,36.667,343
3,1,36.7,344
3,1,36.733,345
3,1,36.767,346
3,1,36.8,347
3,1,36.833,348
3,1,36.867,349
3,1,36.9,350
3,1,36.933,351
3,1,36.967,352
3,1,37,353
3,1,37.033,354
3,1,37.067,355
3,1,37.1,356
3,1,37.133,357
3,1,37.167,358
3,1,37.2,359
3,1,37.233,360
3,1,37.267,361
3,1,37.3,362
3,1,37.333,363
3,1,37.367,364
3,1,37.4,365
3,1,37.433,366
3,1,37.467,367
3,1,37.5,368
3,1,37.533,369
3,1,37.567,370
3,1,37.6,371
3,1,37.633,372
3,1,37.667,373
3,1,37.7,374
3,1,37.733,375
3,1,37.767,376
3,1,37.8,377
3,1,37.833,378
3,1,37.867,379
3,1,37.9,380
3,1,37.933,381
3,1,37.967,382
3,1,38,383
3,1,38.033,384
3,1,38.067,385
3,1,38.1,386
3,1,38.133,387
3,1,38.167,388
3,1,38.2,389
3,1,38.233,390
3,1,38.267,391
3,1,38.3,392
3,1,38.333,393
3,1,38.367,394
3,1,38.4,395
3,1,38.433,396
3,1,38.467,397
3,1,38.5,398
3,1,38.533,399
3,1,38.567,400
3,1,38.6,401
3,1,38.633,402
3,1,38.667,403
3,1,38.7,404
3,1,38.733,405
3,1,38.767,406
3,1,38.8,407
3,1,38.833,408
3,1,38.867,409
3,1,38.9,410
3,1,38.933,411
3,1,38.967,412
3,1,39,413
3,1,39.033,414
3,1,39.067,415
3,1,39.1,416
3,1,39.133,417
3,1,39.167,418
3,1,39.2,419
3,1,39.233,420
3,1,39.267,421
3,1,39.3,422
3,1,39.333,423
3,1,39.367,424
3,1,39.4,425
3,1,39.433,426
3,1,39.467,427
3,1,39.5,428
3,1,39.533,429
3,1,39.567,430
3,1,39.6,431
3,1,39.633,432
3,1,39.667,433
3,1,39.7,434
3,1,39.733,435
3,1,39.767,436
3,1,39.8,437
3,1,39.833,438
3,1,39.867,439
3,1,39.9,440
3,1,39.933,441
3,1,39.967,442
3,1,40,443
3,1,40.033,444
3,1,40.067,445
3,1,40.1,446
3,1,40.133,447
3,1,40.167,448
3,1,40.2,449
3,1,40.233,450
3,1,40.267,451
3,1,40.3,452
3,1,40.333,453
3,1,40.367,454
3,1,40.4,455
3,1,40.433,456
3,1,40.467,457
3,1,40.5,458
3,1,40.533,459
3,1,40.567,460
3,1,40.6,461
3,1,40.633,462
3,1,40.667,463
3,1,40.7,464
3,1,40.733,465
3,1,40.767,466
3,1,40.8,467
3,1,40.833,468
3,1,40.867,469
3,1,40.9,470
3,1,40.933,471
3,1,40.967,472
3,1,41,473
3,1,41.033,474
3,1,41.067,475
3,1,41.1,476
3,1,41.133,477
3,1,41.167,478
3,1,41.2,479
3,1,41.233,480
3,1,41.267,481
3,1,41.3,482
3,1,41.333,483
3,1,41.367,484
3,1,41.4,485
3,1,41.433,486
3,1,41.467,487
3,1,41.5,488
3,1,41.533,489
3,1,41.567,490
3,1,41.6,491
3,1,41.633,492
3,1,41.667,493
3,1,41.7,494
3,1,41.733,495
3,1,41.767,496
3,1,41.8,497
3,1,41.833,498
3,1,41.867,499
3,1,41.9,500
3,1,41.933,501
3,1,41.967,502
3,1,42,503
3,1,42.033,504
3,1,42.067,505
3,1,42.1,506
3,1,42.133,507
3,1,42.167,508
3,1,42.2,509
3,1,42.233,510
3,1,42.267,511
3,1,42.3,512
3,1,42.333,513
3,1,42.367,514
3,1,42.4,515
3,1,42.433,516
3,1,42.467,517
3,1,42.5,518
3,1,42.533,519
3,1,42.567,520
3,1,42.6,521
3,1,42.633,522
3,1,42.667,523
3,1,42.7,524
3,1,42.733,525
3,1,42.767,526
3,1,42.8,527
3,1,42.833,528
3,1,42.867,529
3,1,42.9,530
3,1,42.933,531
3,1,42.967,532
3,1,43,533
3,1,43.033,534
3,1,43.067,535
3,1,43.1,536
3,1,43.133,537
3,1,43.167,538
3,1,43.2,539
3,1,43.233,540
3,1,43.267,541
3,1,43.3,542
3,1,43.333,543
3,1,43.367,544
3,1,43.4,545
3,1,43.433,546
3,1,43.467,547
3,1,43.5,548
3,1,43.533,549
3,1,43.567,550
3,1,43.6,551
3,1,43.633,552
3,1,43.667,553
3,1,43.7,554
3,1,43.733,555
3,1,43.767,556
3,1,43.8,557
3,1,43.833,558
3,1,43.867,559
3,1,43.9,560
3,1,43.933,561
3,1,43.967,562
3,1,44,563
3,1,44.033,564
3,1,44.067,565
3,1,44.1,566
3,1,44.133,567
3,1,44.167,568
3,1,44.2,569
3,1,44.233,570
3,1,44.267,571
3,1,44.3,572
3,1,44.333,573
3,1,44.367,574
3,1,44.4,575
3,1,44.433,576
3,1,44.467,577
3,1,44.5,578
3,1,44.533,579
3,1,44.567,580
3,1,44.6,581
3,1,44.633,582
3,1,44.667,583
3,1,44.7,584
3,1,44.733,585
3,1,44.767,586
3,1,44.8,587
3,1,44.833,588
3,1,44.867,589
3,1,44.9,590
3,1,44.933,591
3,1,44.967,592
3,1,45,593
3,1,45.033,594
3,1,45.067,595
3,1,45.1,596
3,1,45.133,597
3,1,45.167,598
3,1,45.2,599
3,1,45.233,600
3,1,45.267,601
3,1,45.3,602
3,1,45.333,603
3,1,45.367,604
3,1,45.4,605
3,1,45.433,606
3,1,45.467,607
3,1,45.5,608
3,1,45.533,609
3,1,45.567,610
3,1,45.6,611
3,1,45.633,612
3,1,45.667,613
3,1,45.7,614
3,1,45.733,615
3,1,45.767,616
3,1,45.8,617
3,1,45.833,618
3,1,45.867,619
3,1,45.9,620
3,1,45.933,621
3,1,45.967,622
3,1,46,623
3,1,46.033,624
3,1,46.067,625
3,1,46.1,626
3,1,46.133,627
3,1,46.167,628
3,1,46.2,629
3,1,46.233,630
3,1,46.267,631
3,1,46.3,632
3,1,46.333,633
3,1,46.367,634
3,1,46.4,635
3,1,46.433,636
3,1,46.467,637
3,1,46.5,638
3,1,46.533,639
3,1,46.567,640
3,1,46.6,641
3,1,46.633,642
3,1,46.667,643
3,1,46.7,644
3,1,46.733,645
3,1,46.767,646
3,1,46.8,647
3,1,46.833,648
3,1,46.867,649
3,1,46.9,650
3,1,46.933,651
3,1,46.967,652
3,1,47,653
3,1,47.033,654
3,1,47.067,655
3,1,47.1,656
3,1,47.133,657
3,1,47.167,658
3,1,47.2,659
3,1,47.233,660
3,1,47.267,661
3,1,47.3,662
3,1,47.333,663
3,1,47.367,664
3,1,47.4,665
3,1,47.433,666
3,1,47.467,667
3,1,47.5,668
3,1,47.533,669
3,1,47.567,670
3,1,47.6,671
3,1,47.633,672
3,1,47.667,673
3,1,47.7,674
3,1,47.733,675
3,1,47.767,676
3,1,47.8,677
3,1,47.833,678
3,1,47.867,679
3,1,47.9,680
3,1,47.933,681
3,1,47.967,682
3,1,48,683
3,1,48.033,684
3,1,48.067,685
3,1,48.1,686
3,1,48.133,687
3,1,48.167,688
3,1,48.2,689
3,1,48.233,690
3,1,48.267,691
3,1,48.3,692
3,1,48.333,693
3,1,48.367,694
3,1,48.4,695
3,1,48.433,696
3,1,48.467,697
3,1,48.5,698
3,1,48.533,699
3,1,48.567,700
3,1,48.6,701
3,1,48.633,702
3,1,48.667,703
3,1,48.7,704
3,1,48.733,705
3,1,48.767,706
3,1,48.8,707
3,1,48.833,708
3,1,48.867,709
3,1,48.9,710
3,1,48.933,711
3,1,48.967,712
3,1,49,713
3,1,49.033,714
3,1,49.067,715
3,1,49.1,716
3,1,49.133,717
3,1,49.167,718
3,1,49.2,719
3,1,49.233,720
3,1,49.267,721
3,1,49.3,722
3,1,49.333,723
3,1,49.367,724
3,1,49.4,725
3,1,49.433,726
3,1,49.467,727
3,1,49.5,728
3,1,49.533,729
3,1,49.567,730
3,1,49.6,731
3,1,49.633,732
3,1,49.667,733
3,1,49.7,734
3,1,49.733,735
3,1,49.767,736
3,1,49.8,737
3,1,49.833,738
3,1,49.867,739
3,1,49.9,740
3,1,49.933,741
3,1,49.967,742
3,1,50,743
3,1,50.033,744
3,1,50.067,745
3,1,50.1,746
3,1,50.133,747
3,1,50.167,748
3,1,50.2,749
3,1,50.233,750
3,1,50.267,751
3,1,50.3,752
3,1,50.333,753
3,1,50.367,754
3,1,50.4,755
3,1,50.433,756
3,1,50.467,757
3,1,50.5,758
3,1,50.533,759
3,1,50.567,760
3,1,50.6,761
3,1,50.633,762
3,1,50.667,763
3,1,50.7,764
3,1,50.733,765
3,1,50.767,766
3,1,50.8,767
3,1,50.833,768
3,1,50.867,769
3,1,50.9,770
3,1,50.933,771
3,1,50.967,772
3,1,51,773
3,1,51.033,774
3,1,51.067,775
3,1,51.1,776
3,1,51.133,777
3,1,51.167,778
3,1,51.2,779
3,1,51.233,780
3,1,51.267,781
3,1,51.3,782
3,1,51.333,783
3,1,51.367,784
3,1,51.4,785
3,1,51.433,786
3,1,51.467,787
3,1,51.5,788
3,1,51.533,789
3,1,51.567,790
3,1,51.6,791
3,1,51.633,792
3,1,51.667,793
3,1,51.7,794
3,1,51.733,795
3,1,51.767,796
3,1,51.8,797
3,1,51.833,798
3,1,51.867,799
3,1,51.9,800
3,1,51.933,801
3,1,51.967,802
3,1,52,803
3,1,52.033,804
3,1,52.067,805
3,1,52.1,806
3,1,52.133,807
3,1,52.167,808
3,1,52.2,809
3,1,52.233,810
3,1,52.267,811
3,1,52.3,812
3,1,52.333,813
3,1,52.367,814
3,1,52.4,815
3,1,52.433,816
3,1,52.467,817
3,1,52.5,818
3,1,52.533,819
3,1,52.567,820
3,1,52.6,821
3,1,52.633,822
3,1,52.667,823
3,1,52.7,824
3,1,52.733,825
3,1,52.767,826
3,1,52.8,827
3,1,52.833,828
3,1,52.867,829
3,1,52.9,830
3,1,52.933,831
3,1,52.967,832
3,1,53,833
3,1,53.033,834
3,1,53.067,835
3,1,53.1,836
3,1,53.133,837
3,1,53.167,838
3,1,53.2,839
3,1,53.233,840
3,1,53.267,841
3,1,53.3,842
3,1,53.333,843
3,1,53.367,844
3,1,53.4,845
3,1,53.433,846
3,1,53.467,847
3,1,53.5,848
3,1,53.533,849
3,1,53.567,850
3,1,53.6,851
3,1,53.633,852
3,1,53.667,853
3,1,53.7,854
3,1,53.733,855
3,1,53.767,856
3,1,53.8,857
3,1,53.833,858
3,1,53.867,859
3,1,53.9,860
3,1,53.933,861
3,1,53.967,862
3,1,54,863
3,1,54.033,864
3,1,54.067,865
3,1,54.1,866
3,1,54.133,867
3,1,54.167,868
3,1,54.2,869
3,1,54.233,870
3,1,54.267,871
3,1,54.3,872
3,1,54.333,873
3,1,54.367,874
3,1,54.4,875
3,1,54.433,876
3,1,54.467,877
3,1,54.5,878
3,1,54.533,879
3,1,54.567,880
3,1,54.6,881
3,1,54.633,882
3,1,54.667,883
3,1,54.7,884
3,1,54.733,885
3,1,54.767,886
4,1,54.933,887
4,1,54.967,888
4,1,55,889
4,1,55.033,890
4,1,55.5,891
4,1,55.533,892
4,1,55.567,893
4,1,55.6,894
4,1,55.633,895
4,1,55.667,896
3,1,55.733,897
3,1,55.767,898
3,1,55.8,899
3,1,55.833,900
3,1,55.867,901
3,1,55.9,902
3,1,55.933,903
3,1,55.967,904
3,1,56,905
3,1,56.033,906
3,1,56.067,907
3,1,56.1,908
3,1,56.133,909
3,1,56.167,910
3,1,56.2,911
3,1,56.233,912
3,1,56.267,913
3,1,56.3,914
3,1,56.333,915
3,1,56.367,916
3,1,56.4,917
3,1,56.433,918
3,1,56.467,919
3,1,56.5,920
3,1,56.533,921
3,1,56.567,922
3,1,56.6,923
3,1,56.633,924
3,1,56.667,925
3,1,56.7,926
3,1,56.733,927
3,1,56.767,928
3,1,56.8,929
3,1,56.833,930
3,1,56.867,931
3,1,56.9,932
3,1,56.933,933
3,1,56.967,934
3,1,57,935
3,1,57.033,936
3,1,57.067,937
3,1,57.1,938
3,1,57.133,939
3,1,57.167,940
3,1,57.2,941
3,1,57.233,942
3,1,57.267,943
3,1,57.3,944
3,1,57.333,945
3,1,57.367,946
3,1,57.4,947
3,1,57.433,948
3,1,57.467,949
3,1,57.5,950
3,1,57.533,951
3,1,57.567,952
3,1,57.6,953
3,1,57.633,954
3,1,57.667,955
3,1,57.7,956
3,1,57.733,957
3,1,57.767,958
3,1,57.8,959
3,1,57.833,960
3,1,57.867,961
3,1,57.9,962
3,1,57.933,963
3,1,57.967,964
3,1,58,965
3,1,58.033,966
3,1,58.067,967
3,1,58.1,968
3,1,58.133,969
3,1,58.167,970
3,1,58.2,971
3,1,58.233,972
3,1,58.267,973
3,1,58.3,974
3,1,58.333,975
3,1,58.367,976
3,1,58.4,977
3,1,58.433,978
3,1,58.467,979
3,1,58.5,980
3,1,58.533,981
3,1,58.567,982
3,1,58.6,983
3,1,58.633,984
3,1,58.667,985
3,1,58.7,986
3,1,58.733,987
3,1,58.767,988
3,1,58.8,989
3,1,58.833,990
3,1,58.867,991
3,1,58.9,992
3,1,58.933,993
3,1,58.967,994
3,1,59,995
3,1,59.033,996
3,1,59.067,997
3,1,59.1,998
3,1,59.133,999
3,1,59.167,1000
3,1,59.2,1001
3,1,59.233,1002
3,1,59.267,1003
3,1,59.3,1004
3,1,59.333,1005
3,1,59.367,1006
3,1,59.4,1007
3,1,59.433,1008
3,1,59.467,1009
3,1,59.5,1010
3,1,59.533,1011
3,1,59.567,1012
3,1,59.6,1013
3,1,59.633,1014
3,1,59.667,1015
3,1,59.7,1016
3,1,59.733,1017
3,1,59.767,1018
3,1,59.8,1019
3,1,59.833,1020
3,1,59.867,1021
3,1,59.9,1022
3,1,59.933,1023
3,1,59.967,1024
3,1,60,1025
3,1,60.033,1026
3,1,60.067,1027
3,1,60.1,1028
3,1,60.133,1029
3,1,60.167,1030
3,1,60.2,1031
3,1,60.233,1032
3,1,60.267,1033
3,1,60.3,1034
3,1,60.333,1035
3,1,60.367,1036
3,1,60.4,1037
3,1,60.433,1038
3,1,60.467,1039
3,1,60.5,1040
3,1,60.533,1041
3,1,60.567,1042
3,1,60.6,1043
3,1,60.633,1044
3,1,60.667,1045
3,1,60.7,1046
3,1,60.733,1047
3,1,60.767,1048
3,1,60.8,1049
3,1,60.833,1050
3,1,60.867,1051
3,1,60.9,1052
3,1,60.933,1053
3,1,60.967,1054
3,1,61,1055
3,1,61.033,1056
3,1,61.067,1057
3,1,61.1,1058
3,1,61.133,1059
3,1,61.167,1060
3,1,61.2,1061
3,1,61.233,1062
3,1,61.267,1063
3,1,61.3,1064
3,1,61.333,1065
3,1,61.367,1066
3,1,61.4,1067
3,1,61.433,1068
3,1,61.467,1069
3,1,61.5,1070
3,1,61.533,1071
3,1,61.567,1072
3,1,61.6,1073
3,1,61.633,1074
3,1,61.667,1075
1,1,61.733,1076
1,1,61.767,1077
1,1,61.8,1078
1,1,61.967,1079
3,1,62.067,1080
3,1,62.1,1081
3,1,62.133,1082
3,1,62.167,1083
3,1,62.2,1084
3,1,62.233,1085
3,1,62.267,1086
3,1,62.3,1087
3,1,62.333,1088
3,1,62.367,1089
3,1,62.4,1090
3,1,62.433,1091
3,1,62.467,1092
3,1,62.5,1093
3,1,62.533,1094
3,1,62.567,1095
3,1,62.6,1096
3,1,62.633,1097
3,1,62.667,1098
3,1,62.7,1099
3,1,62.733,1100
3,1,62.767,1101
3,1,62.8,1102
3,1,62.833,1103
3,1,62.867,1104
3,1,62.9,1105
3,1,62.933,1106
3,1,62.967,1107
3,1,63,1108
3,1,63.033,1109
3,1,63.067,1110
3,1,63.1,1111
3,1,63.133,1112
3,1,63.167,1113
3,1,63.2,1114
3,1,63.233,1115
3,1,63.267,1116
3,1,63.3,1117
3,1,63.333,1118
3,1,63.367,1119
3,1,63.4,1120
3,1,63.433,1121
3,1,63.467,1122
3,1,63.5,1123
3,1,63.533,1124
3,1,63.567,1125
3,1,63.6,1126
3,1,63.633,1127
3,1,63.667,1128
3,1,63.7,1129
3,1,63.733,1130
3,1,63.767,1131
3,1,63.8,1132
3,1,63.833,1133
3,1,63.867,1134
3,1,63.9,1135
3,1,63.933,1136
3,1,63.967,1137
3,1,64,1138
3,1,64.033,1139
3,1,64.067,1140
3,1,64.1,1141
3,1,64.133,1142
3,1,64.167,1143
3,1,64.2,1144
3,1,64.233,1145
3,1,64.267,1146
3,1,64.3,1147
3,1,64.333,1148
3,1,64.367,1149
3,1,64.4,1150
3,1,64.433,1151
3,1,64.467,1152
3,1,64.5,1153
3,1,64.533,1154
3,1,64.567,1155
3,1,64.6,1156
3,1,64.633,1157
3,1,64.667,1158
3,1,64.7,1159
3,1,64.733,1160
3,1,64.767,1161
3,1,64.8,1162
3,1,64.833,1163
3,1,64.867,1164
3,1,64.9,1165
3,1,64.933,1166
3,1,64.967,1167
3,1,65,1168
3,1,65.033,1169
3,1,65.067,1170
3,1,65.1,1171
3,1,65.133,1172
3,1,65.167,1173
3,1,65.2,1174
3,1,65.233,1175
3,1,65.267,1176
3,1,65.3,1177
3,1,65.333,1178
3,1,65.367,1179
3,1,65.4,1180
3,1,65.433,1181
3,1,65.467,1182
3,1,65.5,1183
3,1,65.533,1184
3,1,65.567,1185
3,1,65.6,1186
3,1,65.633,1187
3,1,65.667,1188
3,1,65.7,1189
3,1,65.733,1190
3,1,65.767,1191
3,1,65.8,1192
3,1,65.833,1193
3,1,65.867,1194
3,1,65.9,1195
3,1,65.933,1196
3,1,65.967,1197
3,1,66,1198
3,1,66.033,1199
3,1,66.067,1200
3,1,66.1,1201
3,1,66.133,1202
3,1,66.167,1203
3,1,66.2,1204
3,1,66.233,1205
3,1,66.267,1206
3,1,66.3,1207
3,1,66.333,1208
3,1,66.367,1209
3,1,66.4,1210
3,1,66.433,1211
3,1,66.467,1212
3,1,66.5,1213
3,1,66.533,1214
3,1,66.567,1215
3,1,66.6,1216
3,1,66.633,1217
3,1,66.667,1218
3,1,66.7,1219
3,1,66.733,1220
3,1,66.767,1221
3,1,66.8,1222
3,1,66.833,1223
3,1,66.867,1224
3,1,66.9,1225
3,1,66.933,1226
3,1,66.967,1227
3,1,67,1228
3,1,67.033,1229
3,1,67.067,1230
3,1,67.1,1231
3,1,67.133,1232
3,1,67.167,1233
3,1,67.2,1234
3,1,67.233,1235
3,1,67.267,1236
3,1,67.3,1237
3,1,67.333,1238
3,1,67.367,1239
3,1,67.4,1240
3,1,67.433,1241
3,1,67.467,1242
3,1,67.5,1243
3,1,67.533,1244
3,1,67.567,1245
3,1,67.6,1246
3,1,67.633,1247
3,1,67.667,1248
3,1,67.7,1249
3,1,67.733,1250
3,1,67.767,1251
3,1,67.8,1252
3,1,67.833,1253
3,1,67.867,1254
3,1,67.9,1255
3,1,67.933,1256
3,1,67.967,1257
3,1,68,1258
3,1,68.033,1259
3,1,68.067,1260
3,1,68.1,1261
3,1,68.133,1262
3,1,68.167,1263
3,1,68.2,1264
3,1,68.233,1265
3,1,68.267,1266
3,1,68.3,1267
3,1,68.333,1268
3,1,68.367,1269
3,1,68.4,1270
3,1,68.433,1271
3,1,68.467,1272
3,1,68.5,1273
3,1,68.533,1274
3,1,68.567,1275
3,1,68.6,1276
3,1,68.633,1277
3,1,68.667,1278
3,1,68.7,1279
3,1,68.733,1280
3,1,68.767,1281
3,1,68.8,1282
3,1,68.833,1283
3,1,68.867,1284
3,1,68.9,1285
3,1,68.933,1286
3,1,68.967,1287
3,1,69,1288
3,1,69.033,1289
3,1,69.067,1290
3,1,69.1,1291
3,1,69.133,1292
3,1,69.167,1293
3,1,69.2,1294
3,1,69.233,1295
3,1,69.267,1296
3,1,69.3,1297
3,1,69.333,1298
3,1,69.367,1299
3,1,69.4,1300
3,1,69.433,1301
3,1,69.467,1302
3,1,69.5,1303
3,1,69.533,1304
3,1,69.567,1305
3,1,69.6,1306
3,1,69.633,1307
3,1,69.667,1308
3,1,69.7,1309
3,1,69.733,1310
3,1,69.767,1311
3,1,69.8,1312
3,1,69.833,1313
3,1,69.867,1314
3,1,69.9,1315
3,1,69.933,1316
3,1,69.967,1317
3,1,70,1318
3,1,70.033,1319
3,1,70.067,1320
3,1,70.1,1321
3,1,70.133,1322
3,1,70.167,1323
3,1,70.2,1324
3,1,70.233,1325
3,1,70.267,1326
3,1,70.3,1327
3,1,70.333,1328
3,1,70.367,1329
3,1,70.4,1330
3,1,70.433,1331
3,1,70.467,1332
3,1,70.5,1333
3,1,70.533,1334
3,1,70.567,1335
3,1,70.6,1336
3,1,70.633,1337
3,1,70.667,1338
3,1,70.7,1339
3,1,70.733,1340
3,1,70.767,1341
3,1,70.8,1342
3,1,70.833,1343
3,1,70.867,1344
3,1,70.9,1345
3,1,70.933,1346
3,1,70.967,1347
3,1,71,1348
3,1,71.033,1349
3,1,71.067,1350
3,1,71.1,1351
3,1,71.133,1352
3,1,71.167,1353
3,1,71.2,1354
3,1,71.233,1355
3,1,71.267,1356
3,1,71.3,1357
3,1,71.333,1358
3,1,71.367,1359
3,1,71.4,1360
3,1,71.433,1361
3,1,71.467,1362
3,1,71.5,1363
3,1,71.533,1364
3,1,71.567,1365
3,1,71.6,1366
3,1,71.633,1367
3,1,71.667,1368
3,1,71.7,1369
3,1,71.733,1370
3,1,71.767,1371
3,1,71.8,1372
3,1,71.833,1373
3,1,71.867,1374
3,1,71.9,1375
3,1,71.933,1376
3,1,71.967,1377
3,1,72,1378
3,1,72.033,1379
3,1,72.067,1380
3,1,72.1,1381
3,1,72.133,1382
3,1,72.167,1383
3,1,72.2,1384
3,1,72.233,1385
3,1,72.267,1386
3,1,72.3,1387
3,1,72.333,1388
3,1,72.367,1389
3,1,72.4,1390
3,1,72.433,1391
3,1,72.467,1392
3,1,72.5,1393
3,1,72.533,1394
3,1,72.567,1395
3,1,72.6,1396
3,1,72.633,1397
3,1,72.667,1398
3,1,72.7,1399
3,1,72.733,1400
3,1,72.767,1401
3,1,72.8,1402
3,1,72.833,1403
3,1,72.867,1404
3,1,72.9,1405
3,1,72.933,1406
3,1,72.967,1407
3,1,73,1408
3,1,73.033,1409
3,1,73.067,1410
3,1,73.1,1411
3,1,73.133,1412
3,1,73.167,1413
3,1,73.2,1414
3,1,73.233,1415
3,1,73.267,1416
3,1,73.3,1417
3,1,73.333,1418
3,1,73.367,1419
3,1,73.4,1420
3,1,73.433,1421
3,1,73.467,1422
3,1,73.5,1423
3,1,73.533,1424
3,1,73.567,1425
3,1,73.6,1426
3,1,73.633,1427
3,1,73.667,1428
3,1,73.7,1429
3,1,73.733,1430
3,1,73.767,1431
3,1,73.8,1432
3,1,73.833,1433
3,1,73.867,1434
3,1,73.9,1435
3,1,73.933,1436
3,1,73.967,1437
3,1,74,1438
3,1,74.033,1439
3,1,74.067,1440
3,1,74.1,1441
3,1,74.133,1442
3,1,74.167,1443
3,1,74.2,1444
3,1,74.233,1445
3,1,74.267,1446
3,1,74.3,1447
3,1,74.333,1448
3,1,74.367,1449
3,1,74.4,1450
3,1,74.433,1451
3,1,74.467,1452
3,1,74.5,1453
3,1,74.533,1454
3,1,74.567,1455
3,1,74.6,1456
3,1,74.633,1457
3,1,74.667,1458
3,1,74.7,1459
3,1,74.733,1460
3,1,74.767,1461
3,1,74.8,1462
3,1,74.833,1463
3,1,74.867,1464
3,1,74.9,1465
3,1,74.933,1466
3,1,74.967,1467
3,1,75,1468
3,1,75.033,1469
3,1,75.067,1470
3,1,75.1,1471
3,1,75.133,1472
3,1,75.167,1473
3,1,75.2,1474
3,1,75.233,1475
3,1,75.267,1476
3,1,75.3,1477
3,1,75.333,1478
3,1,75.367,1479
3,1,75.4,1480
3,1,75.433,1481
3,1,75.467,1482
3,1,75.5,1483
3,1,75.533,1484
3,1,75.567,1485
3,1,75.6,1486
3,1,75.633,1487
3,1,75.667,1488
3,1,75.7,1489
3,1,75.733,1490
3,1,75.767,1491
3,1,75.8,1492
3,1,75.833,1493
3,1,75.867,1494
3,1,75.9,1495
3,1,75.933,1496
3,1,75.967,1497
3,1,76,1498
3,1,76.033,1499
3,1,76.067,1500
3,1,76.1,1501
3,1,76.133,1502
3,1,76.167,1503
3,1,76.2,1504
3,1,76.233,1505
3,1,76.267,1506
3,1,76.3,1507
3,1,76.333,1508
3,1,76.367,1509
3,1,76.4,1510
3,1,76.433,1511
3,1,76.467,1512
3,1,76.5,1513
3,1,0,1514
3,1,0.033,1515
3,1,0.067,1516
3,1,0.1,1517
3,1,0.133,1518
3,1,0.167,1519
3,1,0.2,1520
3,1,0.233,1521
3,1,0.267,1522
3,1,0.3,1523
3,1,0.333,1524
3,1,0.367,1525
3,1,0.4,1526
3,1,0.433,1527
4,1,1.033,1528
4,1,1.067,1529
4,1,1.1,1530
4,1,1.133,1531
3,1,1.9,1532
3,1,1.933,1533
3,1,1.967,1534
3,1,2,1535
3,1,2.033,1536
3,1,2.067,1537
3,1,2.1,1538
3,1,2.133,1539
3,1,2.167,1540
3,1,2.2,1541
3,1,2.233,1542
3,1,2.267,1543
3,1,2.3,1544
3,1,2.333,1545
3,1,2.367,1546
3,1,2.4,1547
3,1,2.433,1548
3,1,2.467,1549
3,1,2.5,1550
3,1,2.533,1551
3,1,2.567,1552
3,1,2.6,1553
3,1,2.633,1554
3,1,2.667,1555
3,1,2.7,1556
3,1,2.733,1557
3,1,2.767,1558
3,1,2.8,1559
3,1,2.833,1560
3,1,2.867,1561
3,1,2.9,1562
3,1,2.933,1563
3,1,2.967,1564
3,1,3,1565
3,1,3.033,1566
3,1,3.067,1567
3,1,3.1,1568
3,1,3.133,1569
3,1,3.167,1570
3,1,3.2,1571
4,1,3.7,1572
4,1,3.733,1573
3,1,3.833,1574
3,1,3.867,1575
3,1,3.9,1576
3,1,3.933,1577
3,1,3.967,1578
3,1,7.5,1579
3,1,7.533,1580
3,1,7.567,1581
3,1,7.6,1582
3,1,7.633,1583
3,1,7.667,1584
3,1,7.7,1585
3,1,7.733,1586
3,1,7.767,1587
3,1,7.8,1588
3,1,7.833,1589
3,1,7.867,1590
3,1,7.9,1591
3,1,7.933,1592
3,1,7.967,1593
3,1,8,1594
3,1,8.033,1595
3,1,8.067,1596
3,1,8.1,1597
3,1,8.133,1598
3,1,8.167,1599
3,1,8.2,1600
3,1,8.233,1601
3,1,8.267,1602
3,1,8.3,1603
3,1,8.333,1604
3,1,8.367,1605
3,1,8.4,1606
3,1,8.433,1607
3,1,8.467,1608
3,1,8.5,1609
3,1,8.533,1610
3,1,8.567,1611
3,1,8.6,1612
3,1,8.633,1613
3,1,8.667,1614
3,1,8.7,1615
3,1,8.733,1616
3,1,8.767,1617
3,1,8.8,1618
3,1,8.833,1619
3,1,8.867,1620
3,1,8.9,1621
3,1,8.933,1622
3,1,8.967,1623
3,1,9,1624
3,1,9.033,1625
3,1,9.067,1626
3,1,9.1,1627
3,1,9.133,1628
3,1,9.167,1629
3,1,9.2,1630
3,1,9.233,1631
3,1,9.267,1632
3,1,9.3,1633
3,1,9.333,1634
3,1,9.367,1635
3,1,9.4,1636
3,1,9.433,1637
3,1,9.467,1638
3,1,9.5,1639
3,1,9.533,1640
3,1,9.567,1641
3,1,9.6,1642
3,1,9.633,1643
3,1,9.667,1644
3,1,9.7,1645
3,1,9.733,1646
3,1,9.767,1647
3,1,9.8,1648
3,1,9.833,1649
3,1,9.867,1650
3,1,9.9,1651
3,1,9.933,1652
3,1,9.967,1653
3,1,10,1654
3,1,10.033,1655
3,1,10.067,1656
3,1,10.1,1657
3,1,10.133,1658
3,1,10.167,1659
3,1,10.2,1660
3,1,10.233,1661
3,1,10.267,1662
3,1,10.3,1663
3,1,10.333,1664
3,1,10.367,1665
3,1,10.4,1666
3,1,10.433,1667
3,1,10.467,1668
3,1,10.5,1669
3,1,10.533,1670
3,1,10.567,1671
3,1,10.6,1672
3,1,10.633,1673
3,1,10.667,1674
3,1,10.7,1675
3,1,10.733,1676
3,1,10.767,1677
3,1,10.8,1678
3,1,10.833,1679
3,1,10.867,1680
3,1,10.9,1681
3,1,10.933,1682
3,1,10.967,1683
3,1,11,1684
3,1,11.033,1685
3,1,11.067,1686
3,1,11.1,1687
3,1,11.133,1688
3,1,11.167,1689
3,1,11.2,1690
3,1,11.233,1691
3,1,11.267,1692
3,1,11.3,1693
3,1,11.333,1694
3,1,11.367,1695
3,1,11.4,1696
3,1,11.433,1697
3,1,11.467,1698
3,1,11.5,1699
3,1,11.533,1700
3,1,11.567,1701
3,1,11.6,1702
3,1,11.633,1703
3,1,11.667,1704
3,1,11.7,1705
3,1,11.733,1706
3,1,11.767,1707
3,1,11.8,1708
3,1,11.833,1709
3,1,11.867,1710
3,1,11.9,1711
3,1,11.933,1712
3,1,11.967,1713
3,1,12,1714
3,1,12.033,1715
3,1,12.067,1716
3,1,12.1,1717
3,1,12.133,1718
3,1,12.167,1719
3,1,12.2,1720
3,1,12.233,1721
3,1,12.267,1722
3,1,12.3,1723
3,1,12.333,1724
3,1,12.367,1725
3,1,12.4,1726
3,1,12.433,1727
3,1,12.467,1728
3,1,12.5,1729
3,1,12.533,1730
3,1,12.567,1731
3,1,12.6,1732
3,1,12.633,1733
3,1,12.667,1734
3,1,12.7,1735
3,1,12.733,1736
3,1,12.767,1737
3,1,12.8,1738
3,1,12.833,1739
3,1,12.867,1740
3,1,12.9,1741
3,1,12.933,1742
3,1,12.967,1743
3,1,13,1744
3,1,13.033,1745
3,1,13.067,1746
3,1,13.1,1747
3,1,13.133,1748
3,1,13.167,1749
3,1,13.2,1750
3,1,13.233,1751
3,1,13.267,1752
3,1,13.3,1753
3,1,13.333,1754
3,1,13.367,1755
3,1,13.4,1756
3,1,13.433,1757
3,1,13.467,1758
3,1,13.5,1759
3,1,13.533,1760
3,1,13.567,1761
3,1,13.6,1762
3,1,13.633,1763
3,1,13.667,1764
3,1,13.7,1765
3,1,13.733,1766
3,1,13.767,1767
3,1,13.8,1768
3,1,13.833,1769
3,1,13.867,1770
3,1,13.9,1771
3,1,13.933,1772
3,1,13.967,1773
3,1,14,1774
3,1,14.033,1775
3,1,14.067,1776
3,1,14.1,1777
3,1,14.133,1778
3,1,14.167,1779
3,1,14.2,1780
3,1,14.233,1781
3,1,14.267,1782
3,1,14.3,1783
3,1,14.333,1784
3,1,14.367,1785
3,1,14.4,1786
3,1,14.433,1787
3,1,14.467,1788
3,1,14.5,1789
3,1,14.533,1790
3,1,14.567,1791
3,1,14.6,1792
3,1,14.633,1793
3,1,14.667,1794
3,1,14.7,1795
3,1,14.733,1796
3,1,14.767,1797
3,1,14.8,1798
3,1,14.833,1799
3,1,14.867,1800
3,1,14.9,1801
3,1,14.933,1802
3,1,14.967,1803
3,1,15,1804
3,1,15.033,1805
3,1,15.067,1806
3,1,15.1,1807
3,1,15.133,1808
3,1,15.167,1809
3,1,15.2,1810
3,1,15.233,1811
3,1,15.267,1812
3,1,15.3,1813
3,1,15.333,1814
3,1,15.367,1815
3,1,15.4,1816
3,1,15.433,1817
3,1,15.467,1818
3,1,15.5,1819
3,1,15.533,1820
3,1,15.567,1821
3,1,15.6,1822
3,1,15.633,1823
3,1,15.667,1824
3,1,15.7,1825
3,1,15.733,1826
3,1,15.767,1827
3,1,15.8,1828
3,1,15.833,1829
3,1,15.867,1830
3,1,15.9,1831
3,1,15.933,1832
3,1,15.967,1833
3,1,16,1834
3,1,16.033,1835
3,1,16.067,1836
3,1,16.1,1837
3,1,16.133,1838
3,1,16.167,1839
3,1,16.2,1840
3,1,16.233,1841
3,1,16.267,1842
3,1,16.3,1843
3,1,16.333,1844
3,1,16.367,1845
3,1,16.4,1846
3,1,16.433,1847
3,1,16.467,1848
3,1,16.5,1849
3,1,16.533,1850
3,1,16.567,1851
3,1,16.6,1852
3,1,16.633,1853
3,1,16.667,1854
3,1,16.7,1855
3,1,16.733,1856
3,1,16.767,1857
3,1,16.8,1858
3,1,16.833,1859
3,1,16.867,1860
3,1,16.9,1861
3,1,16.933,1862
3,1,16.967,1863
3,1,17,1864
3,1,17.033,1865
3,1,17.067,1866
3,1,17.1,1867
3,1,17.133,1868
3,1,17.167,1869
3,1,17.2,1870
3,1,17.233,1871
3,1,17.267,1872
3,1,17.3,1873
3,1,17.333,1874
3,1,17.367,1875
3,1,17.4,1876
3,1,17.433,1877
3,1,17.467,1878
3,1,17.5,1879
3,1,17.533,1880
3,1,17.567,1881
3,1,17.6,1882
3,1,17.633,1883
3,1,17.667,1884
3,1,17.7,1885
3,1,17.733,1886
3,1,17.767,1887
3,1,17.8,1888
3,1,17.833,1889
3,1,17.867,1890
3,1,17.9,1891
3,1,17.933,1892
3,1,17.967,1893
3,1,18,1894
3,1,18.033,1895
3,1,18.067,1896
3,1,18.1,1897
3,1,18.133,1898
3,1,18.167,1899
3,1,18.2,1900
3,1,18.233,1901
3,1,18.267,1902
3,1,18.3,1903
3,1,18.333,1904
3,1,18.367,1905
3,1,18.4,1906
3,1,18.433,1907
3,1,18.467,1908
3,1,18.5,1909
3,1,18.533,1910
3,1,18.567,1911
3,1,18.6,1912
3,1,18.633,1913
3,1,18.667,1914
3,1,18.7,1915
3,1,18.733,1916
3,1,18.767,1917
3,1,18.8,1918
3,1,18.833,1919
3,1,18.867,1920
3,1,18.9,1921
3,1,18.933,1922
3,1,18.967,1923
3,1,19,1924
3,1,19.033,1925
3,1,19.067,1926
3,1,19.1,1927
3,1,19.133,1928
3,1,19.167,1929
3,1,19.2,1930
3,1,19.233,1931
3,1,19.267,1932
3,1,19.3,1933
3,1,19.333,1934
3,1,19.367,1935
3,1,19.4,1936
3,1,19.433,1937
3,1,19.467,1938
3,1,19.5,1939
3,1,19.533,1940
3,1,19.567,1941
3,1,19.6,1942
3,1,19.633,1943
3,1,19.667,1944
3,1,19.7,1945
3,1,19.733,1946
3,1,19.767,1947
3,1,19.8,1948
3,1,19.833,1949
3,1,19.867,1950
3,1,19.9,1951
3,1,19.933,1952
3,1,19.967,1953
3,1,20,1954
3,1,20.033,1955
3,1,20.067,1956
3,1,20.1,1957
3,1,20.133,1958
3,1,20.167,1959
3,1,20.2,1960
3,1,20.233,1961
3,1,20.267,1962
3,1,20.3,1963
3,1,20.333,1964
3,1,20.367,1965
3,1,20.4,1966
3,1,20.433,1967
3,1,20.467,1968
3,1,20.5,1969
3,1,20.533,1970
3,1,20.567,1971
3,1,20.6,1972
3,1,20.633,1973
3,1,20.667,1974
3,1,20.7,1975
3,1,20.733,1976
3,1,20.767,1977
3,1,20.8,1978
3,1,20.833,1979
3,1,20.867,1980
3,1,20.9,1981
3,1,20.933,1982
3,1,20.967,1983
3,1,21,1984
3,1,21.033,1985
3,1,21.067,1986
3,1,21.1,1987
3,1,21.133,1988
3,1,21.167,1989
3,1,21.2,1990
3,1,21.233,1991
3,1,21.267,1992
3,1,21.3,1993
3,1,21.333,1994
3,1,21.367,1995
3,1,21.4,1996
3,1,21.433,1997
3,1,21.467,1998
3,1,21.5,1999
3,1,21.533,2000
3,1,21.567,2001
3,1,21.6,2002
3,1,21.633,2003
3,1,21.667,2004
3,1,21.7,2005
3,1,21.733,2006
3,1,21.767,2007
3,1,21.8,2008
3,1,21.833,2009
3,1,21.867,2010
3,1,21.9,2011
3,1,21.933,2012
3,1,21.967,2013
3,1,22,2014
3,1,22.033,2015
3,1,22.067,2016
3,1,22.1,2017
3,1,22.133,2018
3,1,22.167,2019
3,1,22.2,2020
3,1,22.233,2021
3,1,22.267,2022
3,1,22.3,2023
3,1,22.333,2024
3,1,22.367,2025
3,1,22.4,2026
3,1,22.433,2027
3,1,22.467,2028
3,1,22.5,2029
3,1,22.533,2030
3,1,22.567,2031
3,1,22.6,2032
3,1,22.633,2033
3,1,22.667,2034
3,1,22.7,2035
3,1,22.733,2036
3,1,22.767,2037
3,1,22.8,2038
3,1,22.833,2039
3,1,22.867,2040
3,1,22.9,2041
3,1,22.933,2042
3,1,22.967,2043
3,1,23,2044
3,1,23.033,2045
3,1,23.067,2046
3,1,23.1,2047
3,1,23.133,2048
3,1,23.167,2049
3,1,23.2,2050
3,1,23.233,2051
3,1,23.267,2052
1,1,23.367,2053
1,1,23.4,2054
1,1,23.433,2055
1,1,23.467,2056
1,1,23.5,2057
1,1,23.533,2058
1,1,23.567,2059
1,1,23.6,2060
1,1,23.633,2061
1,1,23.667,2062
3,1,23.733,2063
3,1,23.767,2064
3,1,23.8,2065
3,1,23.833,2066
3,1,23.867,2067
3,1,23.9,2068
3,1,23.933,2069
3,1,23.967,2070
1,1,24.033,2071
1,1,24.067,2072
1,1,24.1,2073
1,1,24.133,2074
1,1,24.167,2075
1,1,24.2,2076
1,1,24.233,2077
1,1,24.267,2078
1,1,24.3,2079
1,1,24.333,2080
1,1,24.367,2081
1,1,24.4,2082
1,1,24.433,2083
1,1,24.467,2084
1,1,24.5,2085
1,1,24.533,2086
1,1,24.567,2087
1,1,24.6,2088
1,1,24.633,2089
1,1,24.667,2090
1,1,24.7,2091
1,1,24.733,2092
1,1,25.167,2093
1,1,25.2,2094
1,1,25.233,2095
2,1,25.3,2096
2,1,25.333,2097
2,1,25.367,2098
2,1,25.4,2099
2,1,25.433,2100
2,1,25.467,2101
2,1,25.5,2102
2,1,25.533,2103
2,1,25.567,2104
2,1,25.6,2105
2,1,25.633,2106
2,1,25.667,2107
2,1,25.7,2108
2,1,25.733,2109
2,1,25.767,2110
2,1,25.8,2111
2,1,25.833,2112
2,1,25.867,2113
2,1,25.9,2114
2,1,25.933,2115
2,1,25.967,2116
2,1,26,2117
2,1,26.033,2118
2,1,26.067,2119
2,1,26.1,2120
2,1,26.133,2121
2,1,26.167,2122
2,1,26.2,2123
2,1,26.233,2124
2,1,26.267,2125
2,1,26.3,2126
2,1,26.333,2127
2,1,26.367,2128
2,1,26.4,2129
2,1,26.433,2130
2,1,26.467,2131
2,1,26.5,2132
2,1,26.533,2133
2,1,29.5,2134
2,1,29.533,2135
2,1,29.567,2136
2,1,29.6,2137
2,1,29.633,2138
2,1,29.667,2139
1,1,29.767,2140
1,1,29.8,2141
1,1,29.833,2142
1,1,29.867,2143
1,1,29.9,2144
1,1,29.933,2145
1,1,29.967,2146
1,1,30,2147
1,1,30.033,2148
1,1,30.067,2149
1,1,30.1,2150
1,1,30.133,2151
1,1,30.167,2152
1,1,30.2,2153
1,1,30.233,2154
1,1,30.267,2155
1,1,30.3,2156
1,1,30.333,2157
1,1,30.367,2158
1,1,30.4,2159
1,1,30.433,2160
1,1,30.467,2161
1,1,30.5,2162
1,1,30.533,2163
1,1,30.567,2164
1,1,30.6,2165
1,1,30.633,2166
1,1,30.667,2167
1,1,30.7,2168
1,1,30.733,2169
1,1,30.767,2170
1,1,30.8,2171
1,1,30.833,2172
1,1,30.867,2173
1,1,30.9,2174
2,1,31.033,2175
2,1,31.067,2176
2,1,31.1,2177
2,1,31.133,2178
2,1,31.167,2179
2,1,31.2,2180
2,1,31.233,2181
2,1,31.267,2182
2,1,31.3,2183
2,1,31.333,2184
2,1,31.367,2185
2,1,31.4,2186
2,1,31.433,2187
2,1,31.467,2188
2,1,31.5,2189
2,1,31.533,2190
2,1,32.967,2191
2,1,33,2192
2,1,33.033,2193
2,1,33.067,2194
2,1,33.1,2195
2,1,33.133,2196
2,1,33.167,2197
2,1,33.2,2198
2,1,33.233,2199
2,1,33.267,2200
2,1,33.3,2201
2,1,33.333,2202
2,1,33.367,2203
2,1,33.4,2204
2,1,33.433,2205
2,1,33.467,2206
2,1,33.5,2207
2,1,33.533,2208
2,1,33.567,2209
2,1,33.6,2210
2,1,33.633,2211
2,1,33.667,2212
2,1,33.7,2213
2,1,33.733,2214
2,1,33.767,2215
2,1,33.8,2216
2,1,33.833,2217
2,1,33.867,2218
2,1,33.9,2219
2,1,33.933,2220
2,1,33.967,2221
2,1,34,2222
2,1,34.033,2223
2,1,0,2224
2,1,0.033,2225
2,1,0.067,2226
2,1,0.1,2227
2,1,0.133,2228
2,1,0.167,2229
2,1,0.2,2230
2,1,0.233,2231
2,1,0.267,2232
2,1,0.3,2233
2,1,0.333,2234
1,1,0.367,2235
1,1,0.4,2236
1,1,0.433,2237
1,1,0.467,2238
1,1,0.5,2239
1,1,0.533,2240
1,1,0.567,2241
1,1,0.6,2242
1,1,0.633,2243
1,1,0.667,2244
1,1,0.7,2245
1,1,0.733,2246
1,1,0.767,2247
1,1,0.8,2248
1,1,0.833,2249
1,1,0.867,2250
1,1,0.9,2251
1,1,0.933,2252
1,1,0.967,2253
1,1,1,2254
1,1,1.033,2255
1,1,1.067,2256
1,1,1.1,2257
1,1,1.133,2258
1,1,1.167,2259
1,1,1.2,2260
1,1,1.233,2261
1,1,1.267,2262
1,1,1.3,2263
1,1,1.333,2264
1,1,1.367,2265
1,1,1.4,2266
1,1,1.433,2267
1,1,1.467,2268
1,1,1.5,2269
1,1,1.533,2270
1,1,1.567,2271
1,1,1.6,2272
1,1,1.633,2273
1,1,1.667,2274
1,1,1.7,2275
1,1,1.733,2276
1,1,1.767,2277
1,1,1.8,2278
1,1,1.833,2279
1,1,1.867,2280
1,1,1.9,2281
1,1,1.933,2282
1,1,1.967,2283
1,1,2,2284
1,1,2.033,2285
1,1,2.067,2286
1,1,2.1,2287
1,1,2.133,2288
1,1,2.167,2289
1,1,2.2,2290
1,1,2.233,2291
1,1,2.267,2292
1,1,2.3,2293
1,1,2.333,2294
1,1,2.367,2295
1,1,2.4,2296
1,1,2.433,2297
1,1,2.467,2298
1,1,2.5,2299
1,1,2.533,2300
1,1,2.567,2301
1,1,2.6,2302
1,1,2.633,2303
1,1,2.667,2304
1,1,2.7,2305
1,1,2.733,2306
1,1,2.767,2307
1,1,2.8,2308
1,1,2.833,2309
1,1,2.867,2310
1,1,2.9,2311
1,1,2.933,2312
1,1,2.967,2313
1,1,3,2314
1,1,3.033,2315
1,1,3.067,2316
6,1,3.167,2317
6,1,3.2,2318
3,1,3.333,2319
3,1,3.367,2320
3,1,3.4,2321
3,1,3.433,2322
3,1,3.467,2323
3,1,3.5,2324
3,1,3.533,2325
3,1,3.567,2326
3,1,3.6,2327
3,1,3.633,2328
3,1,3.667,2329
3,1,3.7,2330
3,1,3.733,2331
3,1,3.767,2332
3,1,3.8,2333
3,1,3.833,2334
3,1,3.867,2335
3,1,3.9,2336
3,1,3.933,2337
3,1,3.967,2338
3,1,4,2339
3,1,4.033,2340
3,1,4.067,2341
3,1,4.1,2342
3,1,4.133,2343
3,1,4.167,2344
3,1,4.2,2345
3,1,4.233,2346
3,1,4.267,2347
3,1,4.3,2348
3,1,4.333,2349
3,1,4.367,2350
3,1,4.4,2351
3,1,4.433,2352
3,1,4.467,2353
3,1,4.5,2354
3,1,4.533,2355
3,1,4.567,2356
3,1,4.6,2357
3,1,4.633,2358
3,1,4.667,2359
3,1,4.7,2360
3,1,4.733,2361
3,1,4.767,2362
3,1,4.8,2363
3,1,4.833,2364
3,1,4.867,2365
3,1,4.9,2366
3,1,4.933,2367
3,1,4.967,2368
3,1,5,2369
3,1,5.033,2370
3,1,5.067,2371
3,1,5.1,2372
3,1,5.133,2373
3,1,5.167,2374
3,1,5.2,2375
3,1,5.233,2376
3,1,5.267,2377
3,1,5.3,2378
3,1,5.333,2379
3,1,5.367,2380
3,1,5.4,2381
3,1,5.433,2382
3,1,5.467,2383
3,1,5.5,2384
3,1,5.533,2385
3,1,5.567,2386
3,1,5.6,2387
3,1,5.633,2388
3,1,5.833,2389
3,1,5.867,2390
3,1,5.9,2391
3,1,5.933,2392
3,1,5.967,2393
3,1,6,2394
3,1,6.033,2395
3,1,6.067,2396
3,1,6.1,2397
3,1,6.133,2398
3,1,6.167,2399
3,1,6.2,2400
3,1,6.233,2401
3,1,6.267,2402
3,1,6.3,2403
3,1,6.333,2404
3,1,6.367,2405
3,1,6.4,2406
3,1,6.433,2407
3,1,6.467,2408
3,1,6.5,2409
3,1,6.533,2410
3,1,6.567,2411
3,1,6.6,2412
3,1,6.633,2413
3,1,6.667,2414
3,1,6.7,2415
3,1,6.733,2416
3,1,6.767,2417
3,1,6.8,2418
3,1,6.833,2419
3,1,6.867,2420
3,1,6.9,2421
3,1,6.933,2422
3,1,6.967,2423
3,1,7,2424
3,1,7.033,2425
3,1,7.067,2426
3,1,7.1,2427
3,1,7.133,2428
3,1,7.167,2429
3,1,7.2,2430
3,1,7.233,2431
3,1,7.267,2432
3,1,7.3,2433
3,1,7.333,2434
3,1,7.367,2435
3,1,7.4,2436
3,1,7.433,2437
3,1,7.467,2438
3,1,7.5,2439
3,1,7.533,2440
3,1,7.567,2441
3,1,7.6,2442
3,1,7.633,2443
3,1,7.667,2444
3,1,7.7,2445
3,1,7.733,2446
3,1,7.767,2447
3,1,7.8,2448
3,1,7.833,2449
3,1,7.867,2450
3,1,7.9,2451
3,1,7.933,2452
3,1,7.967,2453
3,1,8,2454
3,1,8.033,2455
3,1,8.067,2456
3,1,8.1,2457
3,1,8.133,2458
3,1,8.167,2459
3,1,8.2,2460
3,1,8.233,2461
3,1,8.267,2462
3,1,8.3,2463
3,1,8.333,2464
3,1,8.367,2465
3,1,8.4,2466
3,1,8.433,2467
3,1,8.467,2468
3,1,8.5,2469
3,1,8.533,2470
3,1,8.567,2471
3,1,8.6,2472
3,1,8.633,2473
3,1,8.667,2474
3,1,8.7,2475
3,1,8.733,2476
3,1,8.767,2477
3,1,8.8,2478
3,1,8.833,2479
3,1,8.867,2480
3,1,8.9,2481
3,1,8.933,2482
3,1,8.967,2483
3,1,9,2484
3,1,9.033,2485
3,1,9.067,2486
3,1,9.1,2487
3,1,9.133,2488
3,1,9.167,2489
3,1,9.2,2490
3,1,9.233,2491
3,1,9.267,2492
3,1,9.3,2493
3,1,9.333,2494
3,1,9.367,2495
3,1,9.4,2496
3,1,9.433,2497
3,1,9.467,2498
3,1,9.5,2499
3,1,9.533,2500
3,1,9.567,2501
3,1,9.6,2502
3,1,9.633,2503
3,1,9.667,2504
3,1,9.7,2505
3,1,9.733,2506
3,1,9.767,2507
3,1,9.8,2508
3,1,9.833,2509
3,1,9.867,2510
3,1,9.9,2511
3,1,9.933,2512
3,1,9.967,2513
3,1,10,2514
3,1,10.033,2515
3,1,10.067,2516
3,1,10.1,2517
3,1,10.133,2518
3,1,10.167,2519
3,1,10.2,2520
3,1,10.233,2521
3,1,10.267,2522
3,1,10.3,2523
3,1,10.333,2524
3,1,10.367,2525
3,1,10.4,2526
3,1,10.433,2527
3,1,10.467,2528
3,1,10.5,2529
3,1,10.533,2530
3,1,10.567,2531
3,1,10.6,2532
3,1,10.633,2533
3,1,10.667,2534
3,1,10.7,2535
3,1,10.733,2536
3,1,10.767,2537
3,1,10.8,2538
3,1,10.833,2539
3,1,10.867,2540
3,1,10.9,2541
3,1,10.933,2542
3,1,10.967,2543
3,1,11,2544
3,1,11.033,2545
3,1,11.067,2546
3,1,11.1,2547
3,1,11.133,2548
3,1,11.167,2549
6,1,11.267,2550
6,1,11.3,2551
6,1,11.333,2552
6,1,11.367,2553
6,1,11.4,2554
6,1,11.433,2555
6,1,11.467,2556
4,1,11.567,2557
4,1,12.367,2558
4,1,12.4,2559
4,1,12.433,2560
4,1,12.467,2561
4,1,12.5,2562
4,1,12.533,2563
4,1,12.567,2564
4,1,12.6,2565
4,1,12.633,2566
4,1,12.667,2567
4,1,12.7,2568
4,1,12.733,2569
4,1,12.767,2570
4,1,12.8,2571
4,1,12.833,2572
4,1,12.867,2573
4,1,12.9,2574
4,1,12.933,2575
4,1,12.967,2576
4,1,13,2577
4,1,13.033,2578
4,1,13.067,2579
4,1,13.1,2580
6,1,13.267,2581
6,1,13.3,2582
6,1,13.333,2583
6,1,13.367,2584
6,1,13.4,2585
6,1,13.433,2586
6,1,13.467,2587
6,1,13.5,2588
6,1,13.533,2589
6,1,13.567,2590
6,1,13.6,2591
6,1,13.633,2592
6,1,13.667,2593
6,1,13.7,2594
6,1,13.733,2595
6,1,13.767,2596
6,1,13.8,2597
6,1,13.833,2598
6,1,13.867,2599
6,1,13.9,2600
6,1,13.933,2601
6,1,13.967,2602
6,1,14,2603
6,1,14.033,2604
6,1,14.067,2605
6,1,14.1,2606
6,1,14.133,2607
6,1,14.167,2608
6,1,14.2,2609
6,1,14.233,2610
6,1,14.267,2611
6,1,14.3,2612
6,1,14.333,2613
6,1,14.367,2614
6,1,14.4,2615
6,1,14.433,2616
6,1,14.467,2617
6,1,14.5,2618
6,1,14.533,2619
6,1,14.567,2620
6,1,14.6,2621
6,1,14.633,2622
6,1,14.667,2623
6,1,14.7,2624
6,1,14.733,2625
6,1,14.767,2626
6,1,14.8,2627
6,1,14.833,2628
6,1,14.867,2629
6,1,14.9,2630
6,1,14.933,2631
6,1,14.967,2632
6,1,15,2633
6,1,15.033,2634
6,1,15.067,2635
6,1,15.1,2636
6,1,15.133,2637
6,1,15.167,2638
6,1,15.2,2639
6,1,15.233,2640
6,1,15.267,2641
6,1,15.3,2642
6,1,15.333,2643
6,1,15.367,2644
6,1,15.4,2645
6,1,15.433,2646
6,1,15.467,2647
6,1,15.5,2648
6,1,15.533,2649
6,1,15.567,2650
6,1,15.6,2651
6,1,15.633,2652
6,1,15.667,2653
6,1,15.7,2654
6,1,15.733,2655
6,1,15.767,2656
6,1,15.8,2657
6,1,15.833,2658
6,1,15.867,2659
6,1,15.9,2660
6,1,15.933,2661
6,1,15.967,2662
6,1,16,2663
6,1,16.033,2664
6,1,16.067,2665
6,1,16.1,2666
6,1,16.133,2667
6,1,16.167,2668
6,1,16.2,2669
6,1,16.233,2670
6,1,16.267,2671
6,1,16.3,2672
6,1,16.333,2673
6,1,16.367,2674
6,1,16.4,2675
6,1,16.433,2676
6,1,16.467,2677
6,1,16.5,2678
6,1,16.533,2679
6,1,16.567,2680
6,1,16.6,2681
6,1,16.633,2682
6,1,16.667,2683
6,1,16.7,2684
6,1,16.733,2685
6,1,16.767,2686
6,1,16.8,2687
6,1,16.833,2688
6,1,16.867,2689
6,1,16.9,2690
6,1,16.933,2691
6,1,16.967,2692
6,1,17,2693
6,1,17.033,2694
6,1,17.067,2695
6,1,17.1,2696
6,1,17.133,2697
6,1,17.167,2698
6,1,17.2,2699
6,1,17.233,2700
6,1,17.267,2701
6,1,17.3,2702
6,1,17.333,2703
6,1,17.367,2704
6,1,17.4,2705
6,1,17.433,2706
6,1,17.467,2707
6,1,17.5,2708
6,1,17.533,2709
6,1,17.567,2710
6,1,17.6,2711
6,1,17.633,2712
6,1,17.667,2713
6,1,17.7,2714
6,1,17.733,2715
6,1,17.767,2716
6,1,17.8,2717
6,1,17.833,2718
6,1,17.867,2719
6,1,17.9,2720
6,1,17.933,2721
6,1,17.967,2722
6,1,18,2723
6,1,18.033,2724
6,1,18.067,2725
6,1,18.1,2726
6,1,18.133,2727
6,1,18.167,2728
6,1,18.2,2729
6,1,18.233,2730
6,1,18.267,2731
6,1,18.3,2732
6,1,18.333,2733
6,1,18.367,2734
6,1,18.4,2735
6,1,18.433,2736
6,1,18.467,2737
6,1,18.5,2738
6,1,18.533,2739
6,1,18.567,2740
6,1,18.6,2741
6,1,18.633,2742
6,1,18.667,2743
6,1,18.7,2744
6,1,18.733,2745
6,1,18.767,2746
6,1,18.8,2747
6,1,18.833,2748
6,1,18.867,2749
6,1,18.9,2750
6,1,18.933,2751
6,1,0,2752
6,1,0.033,2753
6,1,0.067,2754
6,1,0.1,2755
6,1,0.133,2756
6,1,0.167,2757
6,1,0.2,2758
6,1,0.233,2759
6,1,0.267,2760
6,1,0.3,2761
6,1,0.333,2762
6,1,0.367,2763
6,1,0.4,2764
4,1,1.167,2765
4,1,1.2,2766
4,1,1.233,2767
4,1,1.267,2768
4,1,1.3,2769
4,1,1.333,2770
4,1,1.367,2771
4,1,1.4,2772
4,1,1.433,2773
4,1,1.467,2774
4,1,1.5,2775
4,1,1.533,2776
4,1,1.567,2777
4,1,1.6,2778
4,1,1.633,2779
4,1,1.667,2780
4,1,1.7,2781
4,1,1.733,2782
4,1,1.767,2783
4,1,1.8,2784
4,1,1.833,2785
4,1,1.867,2786
4,1,1.9,2787
4,1,1.933,2788
4,1,1.967,2789
4,1,2,2790
4,1,2.033,2791
4,1,2.067,2792
4,1,2.1,2793
4,1,2.133,2794
4,1,2.167,2795
4,1,2.2,2796
4,1,2.233,2797
4,1,2.267,2798
4,1,2.3,2799
4,1,2.333,2800
4,1,2.367,2801
4,1,2.4,2802
4,1,2.433,2803
4,1,2.467,2804
4,1,2.5,2805
4,1,2.533,2806
4,1,2.567,2807
4,1,2.6,2808
4,1,2.633,2809
4,1,2.667,2810
4,1,2.7,2811
4,1,2.733,2812
4,1,2.767,2813
4,1,2.8,2814
4,1,2.833,2815
4,1,2.867,2816
4,1,2.9,2817
4,1,2.933,2818
4,1,2.967,2819
4,1,3,2820
4,1,3.033,2821
4,1,3.067,2822
4,1,3.1,2823
4,1,3.133,2824
4,1,3.167,2825
4,1,3.2,2826
4,1,3.233,2827
4,1,3.267,2828
4,1,3.3,2829
4,1,3.333,2830
4,1,3.367,2831
4,1,3.4,2832
4,1,3.433,2833
4,1,3.467,2834
4,1,3.5,2835
4,1,3.533,2836
4,1,3.567,2837
4,1,3.6,2838
4,1,3.633,2839
4,1,3.667,2840
4,1,3.7,2841
4,1,3.733,2842
4,1,3.767,2843
4,1,3.8,2844
4,1,3.833,2845
4,1,3.867,2846
4,1,3.9,2847
4,1,3.933,2848
4,1,3.967,2849
4,1,4,2850
4,1,4.033,2851
4,1,4.067,2852
4,1,4.1,2853
4,1,4.133,2854
4,1,4.167,2855
4,1,4.2,2856
4,1,4.233,2857
4,1,4.267,2858
4,1,4.3,2859
4,1,4.333,2860
4,1,4.367,2861
4,1,4.4,2862
4,1,4.433,2863
4,1,4.467,2864
4,1,4.5,2865
4,1,4.533,2866
4,1,4.567,2867
4,1,4.6,2868
4,1,4.633,2869
4,1,4.667,2870
4,1,4.7,2871
4,1,4.733,2872
4,1,4.767,2873
4,1,4.8,2874
4,1,4.833,2875
4,1,4.867,2876
4,1,4.9,2877
4,1,4.933,2878
4,1,4.967,2879
4,1,5,2880
4,1,5.033,2881
4,1,5.067,2882
4,1,5.1,2883
4,1,5.133,2884
4,1,5.167,2885
4,1,5.2,2886
4,1,5.233,2887
4,1,5.267,2888
4,1,5.3,2889
4,1,5.333,2890
4,1,5.367,2891
4,1,5.4,2892
4,1,5.433,2893
4,1,5.467,2894
4,1,5.5,2895
4,1,5.533,2896
4,1,5.567,2897
4,1,5.6,2898
4,1,5.633,2899
4,1,5.667,2900
4,1,5.7,2901
4,1,5.733,2902
4,1,5.767,2903
4,1,5.8,2904
4,1,5.833,2905
4,1,5.867,2906
4,1,5.9,2907
4,1,5.933,2908
4,1,5.967,2909
4,1,6,2910
4,1,6.033,2911
4,1,6.067,2912
4,1,6.1,2913
4,1,6.133,2914
4,1,6.167,2915
4,1,6.2,2916
4,1,6.233,2917
4,1,6.267,2918
4,1,6.3,2919
4,1,6.333,2920
4,1,6.367,2921
4,1,6.4,2922
4,1,6.433,2923
4,1,6.467,2924
4,1,6.5,2925
4,1,6.533,2926
4,1,6.567,2927
4,1,6.6,2928
4,1,6.633,2929
4,1,6.667,2930
4,1,6.7,2931
4,1,6.733,2932
4,1,6.767,2933
4,1,6.8,2934
4,1,6.833,2935
4,1,6.867,2936
4,1,6.9,2937
4,1,6.933,2938
4,1,6.967,2939
4,1,7,2940
4,1,7.033,2941
4,1,7.067,2942
4,1,7.1,2943
4,1,7.133,2944
4,1,7.167,2945
4,1,7.2,2946
4,1,7.233,2947
4,1,7.267,2948
4,1,7.3,2949
4,1,7.333,2950
4,1,7.367,2951
4,1,7.4,2952
4,1,7.433,2953
4,1,7.467,2954
4,1,7.5,2955
4,1,7.533,2956
4,1,7.567,2957
4,1,7.6,2958
4,1,7.633,2959
4,1,7.667,2960
4,1,7.7,2961
4,1,7.733,2962
4,1,7.767,2963
4,1,7.8,2964
4,1,7.833,2965
4,1,7.867,2966
4,1,7.9,2967
4,1,7.933,2968
4,1,7.967,2969
4,1,8,2970
4,1,8.033,2971
4,1,8.067,2972
4,1,8.1,2973
4,1,8.133,2974
4,1,8.167,2975
4,1,8.2,2976
4,1,8.233,2977
4,1,8.267,2978
4,1,8.3,2979
4,1,8.333,2980
4,1,8.367,2981
4,1,8.4,2982
4,1,8.433,2983
4,1,8.467,2984
4,1,8.5,2985
4,1,8.533,2986
4,1,8.567,2987
4,1,8.6,2988
4,1,8.633,2989
4,1,8.667,2990
4,1,8.7,2991
4,1,8.733,2992
4,1,8.767,2993
4,1,8.8,2994
4,1,8.833,2995
4,1,8.867,2996
4,1,8.9,2997
4,1,8.933,2998
4,1,8.967,2999
4,1,9,3000
4,1,9.033,3001
4,1,9.067,3002
4,1,9.1,3003
4,1,9.133,3004
4,1,9.167,3005
4,1,9.2,3006
4,1,9.233,3007
4,1,9.267,3008
4,1,9.3,3009
4,1,9.333,3010
4,1,9.367,3011
4,1,9.4,3012
4,1,9.433,3013
4,1,9.467,3014
4,1,9.5,3015
4,1,9.533,3016
4,1,9.567,3017
4,1,9.6,3018
4,1,9.633,3019
4,1,9.667,3020
4,1,9.7,3021
4,1,9.733,3022
4,1,9.767,3023
4,1,9.8,3024
4,1,9.833,3025
4,1,9.867,3026
4,1,9.9,3027
4,1,9.933,3028
4,1,9.967,3029
4,1,10,3030
4,1,10.033,3031
4,1,10.067,3032
4,1,10.1,3033
4,1,10.133,3034
4,1,10.167,3035
4,1,10.2,3036
4,1,10.233,3037
4,1,10.267,3038
4,1,10.3,3039
4,1,10.333,3040
4,1,10.367,3041
4,1,10.4,3042
4,1,10.433,3043
4,1,10.467,3044
4,1,10.5,3045
4,1,10.533,3046
4,1,10.567,3047
4,1,10.6,3048
4,1,10.633,3049
4,1,10.667,3050
4,1,10.7,3051
4,1,10.733,3052
3,1,10.767,3053
3,1,10.8,3054
3,1,10.833,3055
5,1,10.867,3056
5,1,10.9,3057
5,1,10.933,3058
5,1,10.967,3059
5,1,11,3060
5,1,11.033,3061
5,1,11.667,3062
5,1,11.7,3063
5,1,11.733,3064
5,1,11.767,3065
5,1,11.8,3066
5,1,11.833,3067
5,1,11.867,3068
5,1,11.9,3069
3,1,11.967,3070
3,1,12,3071
3,1,12.033,3072
3,1,12.067,3073
3,1,12.1,3074
3,1,12.133,3075
3,1,12.167,3076
3,1,12.2,3077
3,1,12.233,3078
3,1,12.267,3079
3,1,12.3,3080
3,1,12.333,3081
5,1,12.4,3082
5,1,12.433,3083
5,1,12.467,3084
5,1,12.5,3085
5,1,12.533,3086
5,1,12.567,3087
5,1,12.6,3088
5,1,12.633,3089
5,1,12.667,3090
5,1,12.7,3091
5,1,12.733,3092
5,1,12.767,3093
5,1,12.8,3094
5,1,12.833,3095
5,1,12.867,3096
5,1,12.9,3097
5,1,12.933,3098
5,1,12.967,3099
5,1,13,3100
5,1,13.033,3101
5,1,13.067,3102
5,1,13.1,3103
5,1,13.133,3104
5,1,13.167,3105
5,1,13.2,3106
5,1,13.233,3107
5,1,13.267,3108
5,1,13.3,3109
5,1,13.333,3110
5,1,13.367,3111
5,1,13.4,3112
5,1,13.433,3113
5,1,13.467,3114
5,1,13.5,3115
5,1,13.533,3116
5,1,13.567,3117
5,1,13.6,3118
5,1,13.633,3119
5,1,13.667,3120
5,1,13.7,3121
5,1,13.733,3122
5,1,13.767,3123
5,1,13.8,3124
5,1,13.833,3125
5,1,13.867,3126
5,1,13.9,3127
5,1,13.933,3128
5,1,13.967,3129
5,1,14,3130
5,1,14.033,3131
5,1,14.067,3132
5,1,14.1,3133
5,1,14.133,3134
5,1,14.167,3135
5,1,14.2,3136
5,1,14.233,3137
5,1,14.267,3138
5,1,14.3,3139
5,1,14.333,3140
5,1,14.367,3141
5,1,14.4,3142
5,1,14.433,3143
5,1,14.467,3144
5,1,14.5,3145
5,1,14.533,3146
5,1,14.567,3147
5,1,14.6,3148
5,1,14.633,3149
5,1,14.667,3150
5,1,14.7,3151
5,1,14.733,3152
5,1,14.767,3153
5,1,14.8,3154
5,1,14.833,3155
5,1,14.867,3156
5,1,14.9,3157
5,1,14.933,3158
5,1,14.967,3159
5,1,0,3160
5,1,0.033,3161
5,1,0.067,3162
5,1,0.1,3163
5,1,0.133,3164
5,1,0.167,3165
5,1,0.2,3166
5,1,0.233,3167
5,1,0.267,3168
5,1,0.3,3169
3,1,0.333,3170
4,1,0.367,3171
4,1,0.4,3172
4,1,0.433,3173
4,1,0.467,3174
4,1,0.5,3175
4,1,0.533,3176
4,1,0.567,3177
4,1,0.6,3178
4,1,0.633,3179
4,1,0.667,3180
4,1,0.7,3181
4,1,0.733,3182
4,1,0.767,3183
4,1,0.8,3184
4,1,0.833,3185
4,1,0.867,3186
4,1,0.9,3187
4,1,0.933,3188
4,1,0.967,3189
4,1,1,3190
4,1,1.033,3191
4,1,1.6,3192
4,1,1.633,3193
4,1,1.667,3194
4,1,1.7,3195
4,1,1.733,3196
4,1,1.767,3197
4,1,1.8,3198
4,1,1.833,3199
4,1,1.867,3200
4,1,1.9,3201
4,1,1.933,3202
4,1,1.967,3203
4,1,2,3204
4,1,2.033,3205
4,1,2.067,3206
3,1,2.5,3207
3,1,2.533,3208
3,1,2.567,3209
3,1,2.6,3210
3,1,2.633,3211
3,1,2.667,3212
3,1,2.7,3213
3,1,2.733,3214
3,1,2.767,3215
3,1,2.8,3216
3,1,2.833,3217
3,1,2.867,3218
3,1,2.9,3219
3,1,2.933,3220
3,1,2.967,3221
3,1,3,3222
3,1,3.033,3223
3,1,3.067,3224
3,1,3.1,3225
3,1,3.133,3226
3,1,3.167,3227
3,1,3.2,3228
3,1,3.233,3229
3,1,3.267,3230
3,1,3.3,3231
3,1,3.333,3232
3,1,3.367,3233
3,1,3.4,3234
3,1,3.433,3235
3,1,3.467,3236
3,1,3.5,3237
3,1,3.533,3238
3,1,3.567,3239
3,1,3.6,3240
3,1,3.633,3241
3,1,3.667,3242
3,1,3.7,3243
3,1,3.733,3244
3,1,3.767,3245
3,1,3.8,3246
3,1,3.833,3247
3,1,3.867,3248
3,1,3.9,3249
3,1,3.933,3250
3,1,3.967,3251
3,1,4,3252
3,1,4.033,3253
3,1,4.067,3254
3,1,4.1,3255
3,1,4.133,3256
3,1,4.167,3257
3,1,4.2,3258
3,1,4.233,3259
3,1,4.267,3260
3,1,4.3,3261
3,1,4.333,3262
3,1,4.367,3263
3,1,4.4,3264
3,1,4.433,3265
3,1,4.467,3266
3,1,4.5,3267
3,1,4.533,3268
3,1,4.567,3269
3,1,4.6,3270
3,1,4.633,3271
3,1,4.667,3272
3,1,4.7,3273
3,1,4.733,3274
3,1,4.767,3275
3,1,4.8,3276
3,1,4.833,3277
3,1,4.867,3278
3,1,4.9,3279
3,1,4.933,3280
3,1,4.967,3281
3,1,5,3282
3,1,5.033,3283
3,1,5.067,3284
3,1,5.1,3285
3,1,5.133,3286
3,1,5.167,3287
3,1,5.2,3288
3,1,5.233,3289
3,1,5.267,3290
3,1,5.3,3291
3,1,5.333,3292
3,1,5.367,3293
3,1,5.4,3294
3,1,5.433,3295
3,1,5.467,3296
3,1,5.5,3297
3,1,5.533,3298
3,1,5.567,3299
3,1,5.6,3300
3,1,5.633,3301
3,1,5.667,3302
3,1,5.7,3303
3,1,5.733,3304
3,1,5.767,3305
3,1,5.8,3306
3,1,5.833,3307
3,1,5.867,3308
3,1,5.9,3309
3,1,5.933,3310
3,1,5.967,3311
3,1,6,3312
3,1,6.033,3313
3,1,6.067,3314
1,1,6.133,3315
1,1,6.167,3316
1,1,6.2,3317
1,1,6.233,3318
1,1,6.267,3319
1,1,6.3,3320
1,1,6.333,3321
1,1,6.367,3322
1,1,6.4,3323
1,1,0,3324
1,1,0.033,3325
1,1,0.067,3326
1,1,0.1,3327
1,1,0.133,3328
1,1,0.167,3329
1,1,0.2,3330
4,1,0.267,3331
4,1,0.3,3332
4,1,0.333,3333
4,1,0.367,3334
4,1,0.4,3335
4,1,0.433,3336
4,1,0.467,3337
4,1,0.5,3338
4,1,0.533,3339
4,1,0.567,3340
4,1,0.6,3341
4,1,0.633,3342
4,1,0.667,3343
4,1,0.7,3344
4,1,0.733,3345
4,1,0.767,3346
4,1,0.8,3347
4,1,0.833,3348
4,1,0.867,3349
4,1,0.9,3350
4,1,0.933,3351
4,1,0.967,3352
4,1,1,3353
4,1,1.033,3354
4,1,1.067,3355
4,1,1.1,3356
4,1,1.133,3357
4,1,1.167,3358
4,1,1.2,3359
4,1,1.233,3360
4,1,1.267,3361
4,1,1.3,3362
4,1,1.333,3363
4,1,1.367,3364
4,1,1.4,3365
4,1,1.433,3366
4,1,1.467,3367
4,1,1.5,3368
4,1,1.533,3369
4,1,1.567,3370
4,1,1.6,3371
4,1,1.633,3372
4,1,1.667,3373
4,1,1.7,3374
4,1,1.733,3375
4,1,1.767,3376
4,1,1.8,3377
4,1,1.833,3378
4,1,1.867,3379
4,1,1.9,3380
4,1,1.933,3381
4,1,1.967,3382
4,1,2,3383
4,1,2.033,3384
4,1,2.067,3385
4,1,2.1,3386
4,1,2.133,3387
4,1,2.167,3388
4,1,2.2,3389
4,1,2.233,3390
4,1,2.267,3391
4,1,2.3,3392
4,1,2.333,3393
4,1,2.367,3394
4,1,2.4,3395
4,1,2.433,3396
4,1,2.467,3397
4,1,2.5,3398
4,1,2.533,3399
4,1,2.567,3400
4,1,2.6,3401
4,1,2.633,3402
4,1,2.667,3403
4,1,2.7,3404
4,1,2.733,3405
4,1,2.767,3406
4,1,2.8,3407
4,1,2.833,3408
4,1,2.867,3409
4,1,2.9,3410
4,1,2.933,3411
4,1,2.967,3412
4,1,3,3413
4,1,3.033,3414
4,1,3.067,3415
4,1,3.1,3416
4,1,3.133,3417
4,1,3.167,3418
4,1,3.2,3419
4,1,3.233,3420
4,1,3.267,3421
4,1,3.3,3422
4,1,3.333,3423
4,1,3.367,3424
4,1,3.4,3425
3,1,3.467,3426
3,1,3.5,3427
3,1,3.533,3428
3,1,3.567,3429
3,1,3.6,3430
3,1,3.633,3431
3,1,3.667,3432
3,1,3.7,3433
3,1,3.733,3434
3,1,3.767,3435
3,1,3.8,3436
3,1,3.833,3437
3,1,3.867,3438
3,1,3.9,3439
3,1,3.933,3440
3,1,3.967,3441
3,1,4,3442
3,1,4.033,3443
3,1,4.067,3444
3,1,4.1,3445
3,1,4.133,3446
3,1,4.167,3447
3,1,4.2,3448
3,1,4.233,3449
3,1,4.267,3450
3,1,4.3,3451
3,1,4.333,3452
3,1,4.367,3453
3,1,4.4,3454
3,1,4.433,3455
3,1,4.467,3456
3,1,4.5,3457
3,1,4.533,3458
3,1,4.567,3459
3,1,4.6,3460
3,1,4.633,3461
3,1,4.667,3462
3,1,4.7,3463
3,1,4.733,3464
3,1,4.767,3465
3,1,4.8,3466
3,1,4.833,3467
3,1,4.867,3468
3,1,4.9,3469
3,1,4.933,3470
3,1,4.967,3471
3,1,5,3472
3,1,5.033,3473
3,1,5.067,3474
3,1,5.1,3475
3,1,5.133,3476
3,1,5.167,3477
3,1,5.2,3478
3,1,5.233,3479
3,1,5.267,3480
3,1,5.3,3481
3,1,5.333,3482
3,1,5.367,3483
3,1,5.4,3484
3,1,5.433,3485
3,1,5.467,3486
3,1,5.5,3487
3,1,5.533,3488
3,1,5.567,3489
3,1,5.6,3490
3,1,5.633,3491
3,1,5.667,3492
3,1,5.7,3493
3,1,5.733,3494
3,1,5.767,3495
3,1,5.8,3496
3,1,5.833,3497
3,1,5.867,3498
3,1,5.9,3499
3,1,5.933,3500
3,1,5.967,3501
3,1,6,3502
3,1,6.033,3503
3,1,6.067,3504
3,1,6.1,3505
3,1,6.133,3506
3,1,6.167,3507
3,1,6.2,3508
3,1,6.233,3509
3,1,6.267,3510
3,1,6.3,3511
3,1,6.333,3512
3,1,6.367,3513
3,1,6.4,3514
3,1,6.433,3515
3,1,6.467,3516
3,1,6.5,3517
3,1,6.533,3518
3,1,6.567,3519
3,1,6.6,3520
3,1,6.633,3521
3,1,6.667,3522
3,1,6.7,3523
3,1,6.733,3524
3,1,6.767,3525
3,1,6.8,3526
3,1,6.833,3527
3,1,6.867,3528
3,1,6.9,3529
3,1,6.933,3530
3,1,6.967,3531
3,1,7,3532
3,1,7.033,3533
3,1,7.067,3534
3,1,7.1,3535
3,1,7.133,3536
3,1,7.167,3537
3,1,7.2,3538
3,1,7.233,3539
3,1,7.267,3540
3,1,7.3,3541
3,1,7.333,3542
3,1,7.367,3543
3,1,7.4,3544
3,1,7.433,3545
3,1,7.467,3546
3,1,7.5,3547
3,1,7.533,3548
3,1,7.567,3549
3,1,7.6,3550
3,1,7.633,3551
3,1,7.667,3552
3,1,7.7,3553
3,1,7.733,3554
3,1,7.767,3555
3,1,7.8,3556
3,1,7.833,3557
3,1,7.867,3558
3,1,7.9,3559
3,1,7.933,3560
3,1,7.967,3561
3,1,8,3562
3,1,8.033,3563
3,1,8.067,3564
3,1,8.1,3565
3,1,8.133,3566
3,1,8.167,3567
4,1,8.233,3568
4,1,8.267,3569
4,1,8.3,3570
4,1,8.333,3571
4,1,8.367,3572
4,1,8.4,3573
4,1,8.433,3574
4,1,8.467,3575
4,1,8.5,3576
4,1,8.533,3577
4,1,8.567,3578
4,1,8.6,3579
4,1,8.633,3580
4,1,8.667,3581
4,1,8.7,3582
4,1,8.733,3583
4,1,8.767,3584
4,1,8.8,3585
4,1,8.833,3586
4,1,8.867,3587
4,1,8.9,3588
4,1,8.933,3589
4,1,8.967,3590
4,1,9,3591
4,1,9.033,3592
4,1,9.067,3593
4,1,9.1,3594
4,1,9.133,3595
4,1,9.167,3596
4,1,9.2,3597
4,1,0,3598
4,1,0.033,3599
4,1,0.067,3600
4,1,0.1,3601
4,1,0.133,3602
4,1,0.167,3603
4,1,0.2,3604
4,1,0.233,3605
4,1,0.267,3606
4,1,0.3,3607
4,1,0.333,3608
4,1,0.367,3609
4,1,0.4,3610
4,1,0.433,3611
4,1,0.467,3612
4,1,0.5,3613
4,1,0.533,3614
4,1,0.567,3615
4,1,0.6,3616
4,1,0.633,3617
4,1,0.667,3618
4,1,0.7,3619
4,1,0.733,3620
4,1,0.767,3621
4,1,0.8,3622
4,1,0.833,3623
4,1,0.867,3624
4,1,0.9,3625
4,1,0.933,3626
4,1,0.967,3627
4,2,4.7,3628
4,2,4.733,3629
4,2,4.767,3630
4,2,4.8,3631
4,2,4.833,3632
4,2,4.867,3633
4,2,4.9,3634
4,2,4.933,3635
4,2,4.967,3636
4,2,5,3637
4,2,5.033,3638
1,2,5.1,3639
1,2,5.133,3640
5,2,6.5,3641
5,2,6.533,3642
5,2,6.567,3643
5,2,6.6,3644
5,2,6.633,3645
5,2,6.667,3646
5,2,6.7,3647
5,2,6.733,3648
5,2,6.767,3649
5,2,6.8,3650
5,2,6.833,3651
1,2,31.9,3652
1,2,31.933,3653
1,2,31.967,3654
1,2,32,3655
3,2,32.133,3656
3,2,32.167,3657
3,2,32.367,3658
3,2,32.4,3659
3,2,32.433,3660
3,2,32.467,3661
3,2,32.5,3662
3,2,32.533,3663
3,2,32.567,3664
3,2,32.6,3665
3,2,32.633,3666
3,2,32.667,3667
3,2,32.7,3668
3,2,32.733,3669
3,2,32.767,3670
3,2,32.8,3671
3,2,32.833,3672
3,2,32.867,3673
3,2,32.9,3674
3,2,32.933,3675
3,2,32.967,3676
3,2,33,3677
3,2,33.033,3678
3,2,33.067,3679
3,2,33.1,3680
3,2,33.133,3681
3,2,33.167,3682
3,2,33.2,3683
3,2,33.233,3684
3,2,33.267,3685
3,2,33.3,3686
3,2,33.333,3687
3,2,33.367,3688
3,2,33.4,3689
3,2,0,3690
3,2,0.033,3691
3,2,0.067,3692
3,2,0.1,3693
3,2,0.133,3694
3,2,0.167,3695
3,2,0.2,3696
3,2,0.233,3697
3,2,0.267,3698
3,2,0.3,3699
3,2,0.333,3700
3,2,0.367,3701
3,2,0.4,3702
3,2,0.433,3703
3,2,0.467,3704
3,2,0.5,3705
3,2,0.533,3706
3,2,0.567,3707
3,2,0.6,3708
3,2,0.633,3709
3,2,0.667,3710
3,2,0.7,3711
3,2,0.733,3712
3,2,0.767,3713
3,2,0.8,3714
3,2,0.833,3715
3,2,0.867,3716
3,2,0.9,3717
3,2,0.933,3718
3,2,0.967,3719
3,2,1,3720
3,2,1.033,3721
3,2,1.067,3722
3,2,1.1,3723
3,2,1.133,3724
3,2,1.167,3725
3,2,1.2,3726
3,2,1.233,3727
3,2,1.267,3728
3,2,1.3,3729
3,2,1.333,3730
3,2,1.367,3731
3,2,1.4,3732
3,2,1.433,3733
3,2,1.467,3734
3,2,1.5,3735
3,2,1.533,3736
3,2,1.567,3737
3,2,1.6,3738
3,2,1.633,3739
3,2,1.667,3740
3,2,1.7,3741
3,2,1.733,3742
3,2,1.767,3743
3,2,1.8,3744
3,2,1.833,3745
3,2,1.867,3746
3,2,1.9,3747
3,2,1.933,3748
3,2,1.967,3749
3,2,2,3750
3,2,2.033,3751
3,2,2.067,3752
3,2,2.1,3753
3,2,2.133,3754
3,2,2.167,3755
3,2,2.2,3756
3,2,2.233,3757
3,2,2.267,3758
3,2,2.3,3759
3,2,2.333,3760
3,2,2.367,3761
3,2,2.4,3762
3,2,2.433,3763
3,2,2.467,3764
3,2,2.5,3765
3,2,2.533,3766
3,2,2.567,3767
3,2,2.6,3768
3,2,2.633,3769
3,2,2.667,3770
3,2,2.7,3771
3,2,2.733,3772
3,2,2.767,3773
3,2,2.8,3774
3,2,2.833,3775
3,2,2.867,3776
3,2,2.9,3777
3,2,2.933,3778
3,2,2.967,3779
3,2,3,3780
3,2,3.033,3781
3,2,3.067,3782
3,2,3.1,3783
3,2,3.133,3784
3,2,3.167,3785
3,2,3.2,3786
3,2,3.233,3787
3,2,3.267,3788
3,2,3.3,3789
3,2,3.333,3790
3,2,3.367,3791
3,2,3.4,3792
3,2,3.433,3793
3,2,3.467,3794
3,2,3.5,3795
3,2,3.533,3796
3,2,3.567,3797
3,2,3.6,3798
3,2,3.633,3799
3,2,3.667,3800
3,2,3.7,3801
3,2,3.733,3802
3,2,3.767,3803
3,2,3.8,3804
3,2,3.833,3805
3,2,3.867,3806
3,2,3.9,3807
3,2,3.933,3808
3,2,3.967,3809
3,2,4,3810
3,2,4.033,3811
3,2,4.067,3812
3,2,4.1,3813
3,2,4.133,3814
3,2,4.167,3815
3,2,4.2,3816
3,2,4.233,3817
3,2,4.267,3818
3,2,4.3,3819
3,2,4.333,3820
3,2,4.367,3821
3,2,4.4,3822
3,2,4.433,3823
3,2,4.467,3824
3,2,4.5,3825
3,2,4.533,3826
3,2,4.567,3827
3,2,4.6,3828
3,2,4.633,3829
3,2,4.667,3830
3,2,4.7,3831
3,2,4.733,3832
3,2,4.767,3833
3,2,4.8,3834
3,2,4.833,3835
3,2,4.867,3836
3,2,4.9,3837
3,2,4.933,3838
3,2,4.967,3839
3,2,5,3840
3,2,5.033,3841
3,2,5.067,3842
3,2,5.1,3843
3,2,5.133,3844
3,2,5.167,3845
3,2,5.2,3846
3,2,5.233,3847
3,2,5.267,3848
3,2,5.3,3849
3,2,5.333,3850
3,2,5.367,3851
3,2,5.4,3852
3,2,5.433,3853
3,2,5.467,3854
3,2,5.5,3855
3,2,5.533,3856
3,2,5.567,3857
3,2,5.6,3858
3,2,5.633,3859
3,2,5.667,3860
3,2,5.7,3861
3,2,5.733,3862
3,2,5.767,3863
3,2,5.8,3864
3,2,5.833,3865
3,2,5.867,3866
3,2,5.9,3867
3,2,5.933,3868
3,2,5.967,3869
3,2,6,3870
3,2,6.033,3871
3,2,6.067,3872
3,2,6.1,3873
3,2,6.133,3874
3,2,6.167,3875
3,2,6.2,3876
3,2,6.233,3877
3,2,6.267,3878
3,2,6.3,3879
3,2,6.333,3880
3,2,6.367,3881
3,2,6.4,3882
3,2,6.433,3883
3,2,6.467,3884
3,2,6.5,3885
3,2,6.533,3886
3,2,6.567,3887
3,2,6.6,3888
3,2,6.633,3889
3,2,6.667,3890
3,2,6.7,3891
3,2,6.733,3892
3,2,6.767,3893
3,2,6.8,3894
3,2,6.833,3895
3,2,6.867,3896
3,2,6.9,3897
3,2,6.933,3898
3,2,6.967,3899
3,2,7,3900
3,2,7.033,3901
3,2,7.067,3902
3,2,7.1,3903
3,2,7.133,3904
3,2,7.167,3905
3,2,7.2,3906
3,2,7.233,3907
3,2,7.267,3908
3,2,7.3,3909
3,2,7.333,3910
3,2,7.367,3911
3,2,7.4,3912
3,2,7.433,3913
3,2,7.467,3914
3,2,7.5,3915
3,2,7.533,3916
3,2,7.567,3917
3,2,7.6,3918
3,2,7.633,3919
3,2,7.667,3920
3,2,7.7,3921
3,2,7.733,3922
3,2,7.767,3923
3,2,7.8,3924
3,2,7.833,3925
3,2,7.867,3926
3,2,7.9,3927
3,2,7.933,3928
3,2,7.967,3929
3,2,8,3930
3,2,8.033,3931
3,2,8.067,3932
3,2,8.1,3933
3,2,8.133,3934
3,2,8.167,3935
3,2,8.2,3936
3,2,8.233,3937
3,2,8.267,3938
3,2,8.3,3939
3,2,8.333,3940
3,2,8.367,3941
3,2,8.4,3942
3,2,8.433,3943
3,2,8.467,3944
3,2,8.5,3945
3,2,8.533,3946
3,2,8.567,3947
3,2,8.6,3948
3,2,8.633,3949
3,2,8.667,3950
3,2,8.7,3951
3,2,8.733,3952
3,2,8.767,3953
3,2,8.8,3954
3,2,8.833,3955
3,2,8.867,3956
3,2,8.9,3957
3,2,8.933,3958
3,2,8.967,3959
3,2,9,3960
3,2,9.033,3961
3,2,9.067,3962
3,2,9.1,3963
3,2,9.133,3964
3,2,9.167,3965
3,2,9.2,3966
3,2,9.233,3967
3,2,9.267,3968
3,2,9.3,3969
3,2,9.333,3970
3,2,9.367,3971
3,2,9.4,3972
3,2,9.433,3973
3,2,9.467,3974
3,2,9.5,3975
3,2,9.533,3976
3,2,9.567,3977
3,2,9.6,3978
3,2,9.633,3979
3,2,9.667,3980
3,2,9.7,3981
3,2,9.733,3982
3,2,9.767,3983
3,2,9.8,3984
3,2,9.833,3985
3,2,9.867,3986
3,2,9.9,3987
3,2,9.933,3988
3,2,9.967,3989
3,2,10,3990
3,2,10.033,3991
3,2,10.067,3992
3,2,10.1,3993
3,2,10.133,3994
3,2,10.167,3995
3,2,10.2,3996
3,2,10.233,3997
3,2,10.267,3998
3,2,10.3,3999
3,2,10.333,4000
3,2,10.367,4001
3,2,10.4,4002
3,2,10.433,4003
3,2,10.467,4004
3,2,10.5,4005
3,2,10.533,4006
3,2,10.567,4007
3,2,10.6,4008
3,2,10.633,4009
3,2,10.667,4010
3,2,10.7,4011
3,2,10.733,4012
3,2,10.767,4013
3,2,10.8,4014
3,2,10.833,4015
3,2,10.867,4016
3,2,10.9,4017
3,2,10.933,4018
3,2,10.967,4019
3,2,11,4020
3,2,11.033,4021
3,2,11.067,4022
3,2,11.1,4023
3,2,11.133,4024
3,2,11.167,4025
3,2,11.2,4026
3,2,11.233,4027
3,2,11.267,4028
3,2,11.3,4029
3,2,11.333,4030
3,2,11.367,4031
3,2,11.4,4032
3,2,11.433,4033
3,2,11.467,4034
3,2,11.5,4035
3,2,11.533,4036
3,2,11.567,4037
3,2,11.6,4038
3,2,11.633,4039
3,2,11.667,4040
3,2,11.7,4041
3,2,11.733,4042
3,2,11.767,4043
3,2,11.8,4044
3,2,11.833,4045
3,2,11.867,4046
3,2,11.9,4047
3,2,11.933,4048
3,2,11.967,4049
3,2,12,4050
3,2,12.033,4051
3,2,12.067,4052
3,2,12.1,4053
3,2,12.133,4054
3,2,12.167,4055
3,2,12.2,4056
3,2,12.233,4057
3,2,12.267,4058
3,2,12.3,4059
3,2,12.333,4060
3,2,12.367,4061
3,2,12.4,4062
3,2,12.433,4063
3,2,12.467,4064
3,2,12.5,4065
3,2,12.533,4066
3,2,12.567,4067
3,2,12.6,4068
3,2,12.633,4069
3,2,12.667,4070
3,2,12.7,4071
3,2,12.733,4072
3,2,12.767,4073
3,2,12.8,4074
3,2,12.833,4075
3,2,12.867,4076
3,2,12.9,4077
3,2,12.933,4078
3,2,12.967,4079
3,2,13,4080
3,2,13.033,4081
3,2,13.067,4082
3,2,13.1,4083
3,2,13.133,4084
3,2,13.167,4085
3,2,13.2,4086
3,2,13.233,4087
3,2,13.267,4088
3,2,13.3,4089
3,2,13.333,4090
3,2,13.367,4091
3,2,13.4,4092
3,2,13.433,4093
3,2,13.467,4094
3,2,13.5,4095
3,2,13.533,4096
3,2,13.567,4097
3,2,13.6,4098
3,2,13.633,4099
3,2,13.667,4100
3,2,13.7,4101
3,2,13.733,4102
3,2,13.767,4103
3,2,13.8,4104
3,2,13.833,4105
3,2,13.867,4106
3,2,13.9,4107
3,2,13.933,4108
3,2,13.967,4109
3,2,14,4110
3,2,14.033,4111
3,2,14.067,4112
3,2,14.1,4113
3,2,14.133,4114
3,2,14.167,4115
3,2,14.2,4116
3,2,14.233,4117
3,2,14.267,4118
3,2,14.3,4119
3,2,14.333,4120
3,2,14.367,4121
3,2,14.4,4122
3,2,14.433,4123
3,2,14.467,4124
3,2,14.5,4125
3,2,14.533,4126
3,2,14.567,4127
3,2,14.6,4128
3,2,14.633,4129
3,2,14.667,4130
3,2,14.7,4131
3,2,14.733,4132
3,2,14.767,4133
3,2,14.8,4134
3,2,14.833,4135
3,2,14.867,4136
3,2,14.9,4137
3,2,14.933,4138
3,2,14.967,4139
3,2,15,4140
3,2,15.033,4141
3,2,15.067,4142
3,2,15.1,4143
3,2,15.133,4144
3,2,15.167,4145
3,2,15.2,4146
3,2,15.233,4147
3,2,15.267,4148
3,2,15.3,4149
3,2,15.333,4150
3,2,15.367,4151
3,2,15.4,4152
3,2,15.433,4153
3,2,15.467,4154
3,2,15.5,4155
3,2,15.533,4156
3,2,15.567,4157
3,2,15.6,4158
3,2,15.633,4159
3,2,15.667,4160
3,2,15.7,4161
3,2,15.733,4162
3,2,15.767,4163
3,2,15.8,4164
3,2,15.833,4165
3,2,15.867,4166
3,2,15.9,4167
3,2,15.933,4168
3,2,15.967,4169
3,2,16,4170
3,2,16.033,4171
3,2,16.067,4172
3,2,16.1,4173
3,2,16.133,4174
3,2,16.167,4175
3,2,16.2,4176
3,2,16.233,4177
3,2,16.267,4178
3,2,16.3,4179
3,2,16.333,4180
3,2,16.367,4181
3,2,16.4,4182
3,2,16.433,4183
3,2,16.467,4184
3,2,16.5,4185
3,2,16.533,4186
3,2,16.567,4187
3,2,16.6,4188
3,2,16.633,4189
3,2,16.667,4190
3,2,16.7,4191
3,2,16.733,4192
3,2,16.767,4193
3,2,16.8,4194
3,2,16.833,4195
3,2,16.867,4196
3,2,16.9,4197
3,2,16.933,4198
3,2,16.967,4199
3,2,17,4200
3,2,17.033,4201
3,2,17.067,4202
3,2,17.1,4203
3,2,17.133,4204
3,2,17.167,4205
3,2,17.2,4206
3,2,17.233,4207
3,2,17.267,4208
3,2,17.3,4209
3,2,17.333,4210
3,2,17.367,4211
3,2,17.4,4212
3,2,17.433,4213
3,2,17.467,4214
3,2,17.5,4215
3,2,17.533,4216
3,2,17.567,4217
3,2,17.6,4218
3,2,17.633,4219
3,2,17.667,4220
3,2,17.7,4221
3,2,17.733,4222
3,2,17.767,4223
3,2,17.8,4224
3,2,17.833,4225
3,2,17.867,4226
3,2,17.9,4227
3,2,17.933,4228
3,2,17.967,4229
3,2,18,4230
3,2,18.033,4231
3,2,18.067,4232
3,2,18.1,4233
3,2,18.133,4234
3,2,18.167,4235
3,2,18.2,4236
3,2,18.233,4237
3,2,18.267,4238
3,2,18.3,4239
3,2,18.333,4240
3,2,18.367,4241
3,2,18.4,4242
3,2,18.433,4243
3,2,18.467,4244
3,2,18.5,4245
3,2,18.533,4246
3,2,18.567,4247
3,2,18.6,4248
3,2,18.633,4249
3,2,18.667,4250
3,2,18.7,4251
3,2,18.733,4252
3,2,18.767,4253
3,2,18.8,4254
3,2,18.833,4255
3,2,18.867,4256
3,2,18.9,4257
3,2,18.933,4258
3,2,18.967,4259
3,2,19,4260
3,2,19.033,4261
3,2,19.067,4262
3,2,19.1,4263
3,2,19.133,4264
3,2,19.167,4265
3,2,19.2,4266
3,2,19.233,4267
3,2,19.267,4268
3,2,19.3,4269
3,2,19.333,4270
3,2,19.367,4271
3,2,19.4,4272
3,2,19.433,4273
3,2,19.467,4274
3,2,19.5,4275
3,2,19.533,4276
3,2,19.567,4277
3,2,19.6,4278
3,2,19.633,4279
3,2,19.667,4280
3,2,19.7,4281
3,2,19.733,4282
3,2,19.767,4283
3,2,19.8,4284
3,2,19.833,4285
3,2,19.867,4286
3,2,19.9,4287
3,2,19.933,4288
3,2,19.967,4289
3,2,20,4290
3,2,20.033,4291
3,2,20.067,4292
3,2,20.1,4293
3,2,20.133,4294
3,2,20.167,4295
3,2,20.2,4296
3,2,20.233,4297
3,2,20.267,4298
3,2,20.3,4299
3,2,20.333,4300
3,2,20.367,4301
3,2,20.4,4302
3,2,20.433,4303
3,2,20.467,4304
3,2,20.5,4305
3,2,20.533,4306
3,2,20.567,4307
3,2,20.6,4308
3,2,20.633,4309
3,2,20.667,4310
3,2,20.7,4311
3,2,20.733,4312
3,2,20.767,4313
3,2,20.8,4314
3,2,20.833,4315
3,2,20.867,4316
3,2,20.9,4317
3,2,20.933,4318
3,2,20.967,4319
3,2,21,4320
3,2,21.033,4321
3,2,21.067,4322
3,2,21.1,4323
3,2,21.133,4324
3,2,21.167,4325
3,2,21.2,4326
3,2,21.233,4327
3,2,21.267,4328
3,2,21.3,4329
3,2,21.333,4330
3,2,21.367,4331
3,2,21.4,4332
3,2,21.433,4333
3,2,21.467,4334
3,2,21.5,4335
3,2,21.533,4336
3,2,21.567,4337
3,2,21.6,4338
3,2,21.633,4339
3,2,21.667,4340
3,2,21.7,4341
3,2,21.733,4342
3,2,21.767,4343
3,2,21.8,4344
3,2,21.833,4345
3,2,21.867,4346
3,2,21.9,4347
3,2,21.933,4348
3,2,21.967,4349
3,2,22,4350
3,2,22.033,4351
3,2,22.067,4352
3,2,22.1,4353
3,2,22.133,4354
3,2,22.167,4355
3,2,22.2,4356
3,2,22.233,4357
3,2,22.267,4358
3,2,22.3,4359
3,2,22.333,4360
3,2,22.367,4361
3,2,22.4,4362
3,2,22.433,4363
3,2,22.467,4364
3,2,22.5,4365
3,2,22.533,4366
3,2,22.567,4367
3,2,22.6,4368
3,2,22.633,4369
3,2,22.667,4370
3,2,22.7,4371
3,2,22.733,4372
3,2,22.767,4373
3,2,22.8,4374
3,2,22.833,4375
3,2,22.867,4376
3,2,22.9,4377
3,2,22.933,4378
3,2,22.967,4379
3,2,23,4380
3,2,23.033,4381
3,2,23.067,4382
3,2,23.1,4383
3,2,23.133,4384
3,2,23.167,4385
3,2,23.2,4386
3,2,23.233,4387
3,2,23.267,4388
3,2,23.3,4389
3,2,23.333,4390
3,2,23.367,4391
3,2,23.4,4392
3,2,23.433,4393
3,2,23.467,4394
3,2,23.5,4395
3,2,23.533,4396
3,2,23.567,4397
3,2,23.6,4398
3,2,23.633,4399
3,2,23.667,4400
3,2,23.7,4401
3,2,23.733,4402
3,2,23.767,4403
3,2,23.8,4404
3,2,23.833,4405
3,2,23.867,4406
3,2,23.9,4407
3,2,23.933,4408
3,2,23.967,4409
3,2,24,4410
3,2,24.033,4411
3,2,24.067,4412
3,2,24.1,4413
3,2,24.133,4414
3,2,24.167,4415
3,2,24.2,4416
3,2,24.233,4417
3,2,24.267,4418
3,2,24.3,4419
3,2,24.333,4420
3,2,24.367,4421
3,2,24.4,4422
3,2,24.433,4423
3,2,24.467,4424
3,2,24.5,4425
3,2,24.533,4426
3,2,24.567,4427
3,2,24.6,4428
3,2,24.633,4429
3,2,24.667,4430
3,2,24.7,4431
3,2,24.733,4432
3,2,24.767,4433
3,2,24.8,4434
3,2,24.833,4435
3,2,24.867,4436
3,2,24.9,4437
3,2,24.933,4438
3,2,24.967,4439
3,2,25,4440
3,2,25.033,4441
3,2,25.067,4442
3,2,25.1,4443
3,2,25.133,4444
3,2,25.167,4445
3,2,25.2,4446
3,2,25.233,4447
3,2,25.267,4448
3,2,25.3,4449
3,2,25.333,4450
3,2,25.367,4451
3,2,25.4,4452
3,2,25.433,4453
3,2,25.467,4454
3,2,25.5,4455
3,2,25.533,4456
3,2,25.567,4457
3,2,25.6,4458
3,2,25.633,4459
3,2,25.667,4460
3,2,25.7,4461
3,2,25.733,4462
3,2,25.767,4463
3,2,25.8,4464
3,2,25.833,4465
3,2,25.867,4466
3,2,25.9,4467
3,2,25.933,4468
3,2,25.967,4469
3,2,26,4470
3,2,26.033,4471
3,2,26.067,4472
3,2,26.1,4473
3,2,26.133,4474
3,2,26.167,4475
3,2,26.2,4476
3,2,26.233,4477
3,2,26.267,4478
3,2,26.3,4479
3,2,26.333,4480
3,2,26.367,4481
3,2,26.4,4482
3,2,26.433,4483
3,2,26.467,4484
3,2,26.5,4485
3,2,26.533,4486
3,2,26.567,4487
3,2,26.6,4488
3,2,26.633,4489
3,2,26.667,4490
3,2,26.7,4491
3,2,26.733,4492
3,2,26.767,4493
3,2,26.8,4494
3,2,26.833,4495
3,2,26.867,4496
3,2,26.9,4497
3,2,26.933,4498
3,2,26.967,4499
3,2,27,4500
3,2,27.033,4501
3,2,27.067,4502
3,2,27.1,4503
3,2,27.133,4504
3,2,27.167,4505
3,2,27.2,4506
3,2,27.233,4507
3,2,27.267,4508
3,2,27.3,4509
3,2,27.333,4510
3,2,27.367,4511
3,2,27.4,4512
3,2,27.433,4513
3,2,27.467,4514
3,2,27.5,4515
3,2,27.533,4516
3,2,27.567,4517
3,2,27.6,4518
3,2,27.633,4519
3,2,27.667,4520
3,2,27.7,4521
3,2,27.733,4522
3,2,27.767,4523
3,2,27.8,4524
3,2,27.833,4525
3,2,27.867,4526
3,2,27.9,4527
3,2,27.933,4528
3,2,27.967,4529
3,2,28,4530
3,2,28.033,4531
3,2,28.067,4532
3,2,28.1,4533
3,2,28.133,4534
3,2,28.167,4535
3,2,28.2,4536
3,2,28.233,4537
3,2,28.267,4538
3,2,28.3,4539
3,2,28.333,4540
3,2,28.367,4541
3,2,28.4,4542
3,2,28.433,4543
3,2,28.467,4544
3,2,28.5,4545
3,2,28.533,4546
3,2,28.567,4547
3,2,28.6,4548
3,2,28.633,4549
3,2,28.667,4550
3,2,28.7,4551
3,2,28.733,4552
3,2,28.767,4553
3,2,28.8,4554
3,2,28.833,4555
3,2,28.867,4556
3,2,28.9,4557
3,2,28.933,4558
3,2,28.967,4559
3,2,29,4560
3,2,29.033,4561
3,2,29.067,4562
3,2,29.1,4563
3,2,29.133,4564
3,2,29.167,4565
3,2,29.2,4566
3,2,29.233,4567
3,2,29.267,4568
3,2,29.3,4569
3,2,29.333,4570
3,2,29.367,4571
3,2,29.4,4572
3,2,29.433,4573
3,2,29.467,4574
3,2,29.5,4575
3,2,29.533,4576
3,2,29.567,4577
3,2,29.6,4578
3,2,29.633,4579
3,2,29.667,4580
3,2,29.7,4581
3,2,29.733,4582
3,2,29.767,4583
3,2,29.8,4584
3,2,29.833,4585
3,2,29.867,4586
3,2,29.9,4587
3,2,29.933,4588
3,2,29.967,4589
3,2,30,4590
3,2,30.033,4591
3,2,30.067,4592
3,2,30.1,4593
3,2,30.133,4594
3,2,30.167,4595
3,2,30.2,4596
3,2,30.233,4597
3,2,30.267,4598
3,2,30.3,4599
3,2,30.333,4600
3,2,30.367,4601
3,2,30.4,4602
3,2,30.433,4603
3,2,30.467,4604
3,2,30.5,4605
3,2,30.533,4606
3,2,30.567,4607
3,2,30.6,4608
3,2,30.633,4609
3,2,30.667,4610
3,2,30.7,4611
3,2,30.733,4612
3,2,30.767,4613
3,2,30.8,4614
3,2,30.833,4615
3,2,30.867,4616
3,2,30.9,4617
3,2,30.933,4618
3,2,30.967,4619
3,2,31,4620
3,2,31.033,4621
3,2,31.067,4622
3,2,31.1,4623
3,2,31.133,4624
3,2,31.167,4625
3,2,31.2,4626
3,2,31.233,4627
3,2,31.267,4628
3,2,31.3,4629
3,2,31.333,4630
3,2,31.367,4631
3,2,31.4,4632
3,2,31.433,4633
3,2,31.467,4634
3,2,31.5,4635
3,2,31.533,4636
3,2,31.567,4637
3,2,31.6,4638
3,2,31.633,4639
3,2,31.667,4640
3,2,31.7,4641
3,2,31.733,4642
3,2,31.767,4643
3,2,31.8,4644
3,2,31.833,4645
3,2,31.867,4646
3,2,31.9,4647
3,2,31.933,4648
3,2,31.967,4649
3,2,32,4650
3,2,32.033,4651
3,2,32.067,4652
3,2,32.1,4653
3,2,32.133,4654
3,2,32.167,4655
3,2,32.2,4656
3,2,32.233,4657
3,2,32.267,4658
3,2,32.3,4659
3,2,32.333,4660
3,2,32.367,4661
3,2,32.4,4662
3,2,32.433,4663
3,2,32.467,4664
3,2,32.5,4665
3,2,32.533,4666
3,2,32.567,4667
3,2,32.6,4668
3,2,32.633,4669
3,2,32.667,4670
3,2,32.7,4671
3,2,32.733,4672
3,2,32.767,4673
3,2,32.8,4674
3,2,32.833,4675
3,2,32.867,4676
3,2,32.9,4677
3,2,32.933,4678
3,2,32.967,4679
3,2,33,4680
3,2,33.033,4681
3,2,33.067,4682
3,2,33.1,4683
3,2,33.133,4684
3,2,33.167,4685
3,2,33.2,4686
3,2,33.233,4687
3,2,33.267,4688
3,2,33.3,4689
3,2,33.333,4690
3,2,33.367,4691
3,2,33.4,4692
3,2,33.433,4693
3,2,33.467,4694
3,2,33.5,4695
3,2,33.533,4696
3,2,33.567,4697
3,2,33.6,4698
3,2,33.633,4699
3,2,33.667,4700
3,2,33.7,4701
3,2,33.733,4702
3,2,33.767,4703
3,2,33.8,4704
3,2,33.833,4705
3,2,33.867,4706
3,2,33.9,4707
3,2,33.933,4708
3,2,33.967,4709
3,2,34,4710
3,2,34.033,4711
3,2,34.067,4712
3,2,34.1,4713
3,2,34.133,4714
3,2,34.167,4715
3,2,34.2,4716
3,2,34.233,4717
3,2,34.267,4718
3,2,34.3,4719
3,2,34.333,4720
3,2,34.367,4721
3,2,34.4,4722
3,2,34.433,4723
3,2,34.467,4724
3,2,34.5,4725
3,2,34.533,4726
3,2,34.567,4727
3,2,34.6,4728
3,2,34.633,4729
3,2,34.667,4730
3,2,34.7,4731
3,2,34.733,4732
3,2,34.767,4733
3,2,34.8,4734
3,2,34.833,4735
3,2,34.867,4736
3,2,34.9,4737
3,2,34.933,4738
3,2,34.967,4739
3,2,35,4740
3,2,35.033,4741
3,2,35.067,4742
3,2,35.1,4743
3,2,35.133,4744
3,2,35.167,4745
3,2,35.2,4746
3,2,35.233,4747
3,2,35.267,4748
3,2,35.3,4749
3,2,35.333,4750
3,2,35.367,4751
3,2,35.4,4752
3,2,35.433,4753
3,2,35.467,4754
3,2,35.5,4755
3,2,35.533,4756
3,2,35.567,4757
3,2,35.6,4758
3,2,35.633,4759
3,2,35.667,4760
3,2,35.7,4761
3,2,35.733,4762
3,2,35.767,4763
3,2,35.8,4764
3,2,35.833,4765
3,2,35.867,4766
3,2,35.9,4767
3,2,35.933,4768
3,2,35.967,4769
3,2,36,4770
3,2,36.033,4771
3,2,36.067,4772
3,2,36.1,4773
3,2,36.133,4774
3,2,36.167,4775
3,2,36.2,4776
3,2,36.233,4777
3,2,36.267,4778
3,2,36.3,4779
3,2,36.333,4780
3,2,36.367,4781
3,2,36.4,4782
3,2,36.433,4783
3,2,36.467,4784
3,2,36.5,4785
3,2,36.533,4786
3,2,36.567,4787
3,2,36.6,4788
3,2,36.633,4789
3,2,36.667,4790
3,2,36.7,4791
3,2,36.733,4792
3,2,36.767,4793
3,2,36.8,4794
3,2,36.833,4795
3,2,36.867,4796
3,2,36.9,4797
3,2,36.933,4798
3,2,36.967,4799
3,2,37,4800
3,2,37.033,4801
3,2,37.067,4802
3,2,37.1,4803
3,2,37.133,4804
3,2,37.167,4805
3,2,37.2,4806
3,2,37.233,4807
3,2,37.267,4808
3,2,37.3,4809
3,2,37.333,4810
3,2,37.367,4811
3,2,37.4,4812
3,2,37.433,4813
3,2,37.467,4814
3,2,37.5,4815
3,2,37.533,4816
3,2,37.567,4817
3,2,37.6,4818
3,2,37.633,4819
3,2,37.667,4820
3,2,37.7,4821
3,2,37.733,4822
3,2,37.767,4823
3,2,37.8,4824
3,2,37.833,4825
3,2,37.867,4826
3,2,37.9,4827
3,2,37.933,4828
3,2,37.967,4829
3,2,38,4830
3,2,38.033,4831
3,2,38.067,4832
3,2,38.1,4833
3,2,38.133,4834
3,2,38.167,4835
3,2,38.2,4836
3,2,38.233,4837
3,2,38.267,4838
3,2,38.3,4839
3,2,38.333,4840
3,2,38.367,4841
3,2,38.4,4842
3,2,38.433,4843
3,2,38.467,4844
3,2,38.5,4845
3,2,38.533,4846
3,2,38.567,4847
3,2,38.6,4848
3,2,38.633,4849
3,2,38.667,4850
3,2,38.7,4851
3,2,38.733,4852
3,2,38.767,4853
3,2,38.8,4854
3,2,38.833,4855
3,2,38.867,4856
3,2,38.9,4857
3,2,38.933,4858
3,2,38.967,4859
3,2,39,4860
3,2,39.033,4861
3,2,39.067,4862
3,2,39.1,4863
3,2,39.133,4864
3,2,39.167,4865
3,2,39.2,4866
3,2,39.233,4867
3,2,39.267,4868
3,2,39.3,4869
3,2,39.333,4870
3,2,39.367,4871
3,2,39.4,4872
3,2,39.433,4873
3,2,39.467,4874
3,2,39.5,4875
3,2,39.533,4876
3,2,39.567,4877
3,2,39.6,4878
3,2,39.633,4879
3,2,39.667,4880
3,2,39.7,4881
3,2,39.733,4882
3,2,39.767,4883
3,2,39.8,4884
3,2,39.833,4885
3,2,39.867,4886
3,2,39.9,4887
3,2,39.933,4888
3,2,39.967,4889
3,2,40,4890
3,2,40.033,4891
3,2,40.067,4892
3,2,40.1,4893
3,2,40.133,4894
3,2,40.167,4895
3,2,40.2,4896
3,2,40.233,4897
3,2,40.267,4898
3,2,40.3,4899
3,2,40.333,4900
3,2,40.367,4901
3,2,40.4,4902
3,2,40.433,4903
3,2,40.467,4904
3,2,40.5,4905
3,2,40.533,4906
3,2,40.567,4907
3,2,40.6,4908
3,2,40.633,4909
3,2,40.667,4910
3,2,40.7,4911
3,2,40.733,4912
3,2,40.767,4913
3,2,40.8,4914
3,2,40.833,4915
3,2,40.867,4916
3,2,40.9,4917
3,2,40.933,4918
3,2,40.967,4919
3,2,41,4920
3,2,41.033,4921
3,2,41.067,4922
3,2,41.1,4923
3,2,41.133,4924
3,2,41.167,4925
3,2,41.2,4926
3,2,41.233,4927
3,2,41.267,4928
3,2,41.3,4929
3,2,41.333,4930
3,2,41.367,4931
3,2,41.4,4932
3,2,41.433,4933
3,2,41.467,4934
3,2,41.5,4935
3,2,41.533,4936
3,2,41.567,4937
3,2,41.6,4938
3,2,41.633,4939
3,2,41.667,4940
3,2,41.7,4941
3,2,41.733,4942
3,2,41.767,4943
3,2,41.8,4944
3,2,41.833,4945
3,2,41.867,4946
3,2,41.9,4947
3,2,41.933,4948
3,2,41.967,4949
3,2,42,4950
3,2,42.033,4951
3,2,42.067,4952
3,2,42.1,4953
3,2,42.133,4954
3,2,42.167,4955
3,2,42.2,4956
3,2,42.233,4957
3,2,42.267,4958
3,2,42.3,4959
3,2,42.333,4960
3,2,42.367,4961
3,2,42.4,4962
3,2,42.433,4963
3,2,42.467,4964
3,2,42.5,4965
3,2,42.533,4966
3,2,42.567,4967
3,2,42.6,4968
3,2,42.633,4969
3,2,42.667,4970
3,2,42.7,4971
3,2,42.733,4972
3,2,42.767,4973
3,2,42.8,4974
3,2,42.833,4975
3,2,42.867,4976
3,2,42.9,4977
3,2,42.933,4978
3,2,42.967,4979
3,2,43,4980
3,2,43.033,4981
3,2,43.067,4982
3,2,43.1,4983
3,2,43.133,4984
3,2,43.167,4985
3,2,43.2,4986
3,2,43.233,4987
3,2,43.267,4988
3,2,43.3,4989
3,2,43.333,4990
3,2,43.367,4991
3,2,43.4,4992
3,2,43.433,4993
3,2,43.467,4994
3,2,43.5,4995
3,2,43.533,4996
3,2,43.567,4997
3,2,43.6,4998
3,2,43.633,4999
3,2,43.667,5000
3,2,43.7,5001
3,2,43.733,5002
3,2,43.767,5003
3,2,43.8,5004
3,2,43.833,5005
3,2,43.867,5006
3,2,43.9,5007
3,2,43.933,5008
3,2,43.967,5009
3,2,44,5010
3,2,44.033,5011
3,2,44.067,5012
3,2,44.1,5013
3,2,44.133,5014
3,2,44.167,5015
3,2,44.2,5016
3,2,44.233,5017
3,2,44.267,5018
3,2,44.3,5019
3,2,44.333,5020
3,2,44.367,5021
3,2,44.4,5022
3,2,44.433,5023
3,2,44.467,5024
3,2,44.5,5025
3,2,44.533,5026
3,2,44.567,5027
3,2,44.6,5028
3,2,44.633,5029
3,2,44.667,5030
3,2,44.7,5031
3,2,44.733,5032
3,2,44.767,5033
3,2,44.8,5034
3,2,44.833,5035
3,2,44.867,5036
3,2,44.9,5037
1,2,45.067,5038
1,2,45.1,5039
2,2,45.167,5040
2,2,45.2,5041
2,2,45.233,5042
2,2,45.267,5043
2,2,45.3,5044
2,2,45.333,5045
2,2,45.367,5046
2,2,45.4,5047
2,2,45.433,5048
2,2,45.467,5049
2,2,45.5,5050
2,2,45.533,5051
2,2,45.567,5052
2,2,45.6,5053
2,2,45.633,5054
2,2,45.667,5055
2,2,45.7,5056
2,2,45.733,5057
2,2,45.767,5058
2,2,45.8,5059
2,2,45.833,5060
2,2,45.867,5061
2,2,45.9,5062
2,2,45.933,5063
2,2,45.967,5064
2,2,46,5065
2,2,46.033,5066
2,2,46.067,5067
2,2,46.1,5068
2,2,46.133,5069
2,2,46.167,5070
2,2,46.2,5071
2,2,46.233,5072
2,2,46.267,5073
2,2,46.3,5074
2,2,46.333,5075
2,2,46.367,5076
2,2,46.4,5077
2,2,46.433,5078
2,2,46.467,5079
2,2,46.5,5080
2,2,46.533,5081
2,2,46.567,5082
2,2,46.6,5083
2,2,46.633,5084
2,2,46.667,5085
2,2,46.7,5086
2,2,46.733,5087
2,2,46.767,5088
2,2,46.8,5089
2,2,46.833,5090
2,2,46.867,5091
2,2,46.9,5092
2,2,46.933,5093
2,2,46.967,5094
2,2,47,5095
2,2,47.033,5096
2,2,47.067,5097
2,2,47.1,5098
2,2,47.133,5099
2,2,47.167,5100
2,2,47.2,5101
2,2,47.233,5102
2,2,47.267,5103
2,2,47.3,5104
2,2,47.333,5105
2,2,47.367,5106
2,2,47.4,5107
2,2,47.433,5108
2,2,0,5109
2,2,0.033,5110
2,2,0.067,5111
2,2,0.1,5112
2,2,0.133,5113
2,2,0.167,5114
2,2,0.2,5115
2,2,0.233,5116
2,2,0.267,5117
2,2,0.3,5118
2,2,0.333,5119
2,2,0.367,5120
2,2,0.4,5121
2,2,0.433,5122
2,2,0.467,5123
2,2,0.5,5124
2,2,0.533,5125
2,2,0.567,5126
2,2,0.6,5127
2,2,0.633,5128
2,2,0.667,5129
2,2,0.7,5130
2,2,0.733,5131
2,2,0.767,5132
2,2,0.8,5133
2,2,0.833,5134
2,2,0.867,5135
2,2,0.9,5136
2,2,0.933,5137
2,2,0.967,5138
2,2,1,5139
2,2,1.033,5140
2,2,1.067,5141
2,2,1.1,5142
2,2,1.133,5143
2,2,1.167,5144
2,2,1.2,5145
2,2,1.233,5146
2,2,1.267,5147
2,2,1.3,5148
2,2,1.333,5149
2,2,1.367,5150
2,2,1.4,5151
2,2,1.433,5152
2,2,1.467,5153
2,2,1.5,5154
2,2,1.533,5155
2,2,1.567,5156
2,2,1.6,5157
2,2,1.633,5158
2,2,1.667,5159
2,2,1.7,5160
2,2,1.733,5161
2,2,1.767,5162
2,2,1.8,5163
2,2,1.833,5164
2,2,1.867,5165
2,2,1.9,5166
2,2,1.933,5167
2,2,1.967,5168
2,2,2,5169
2,2,2.033,5170
2,2,2.067,5171
2,2,2.1,5172
2,2,2.133,5173
2,2,2.167,5174
2,2,2.2,5175
2,2,2.233,5176
2,2,2.267,5177
2,2,2.3,5178
2,2,2.333,5179
2,2,2.367,5180
2,2,2.4,5181
2,2,2.433,5182
2,2,2.467,5183
2,2,2.5,5184
2,2,2.533,5185
2,2,2.567,5186
2,2,2.6,5187
2,2,2.633,5188
2,2,2.667,5189
2,2,2.7,5190
2,2,2.733,5191
2,2,2.767,5192
2,2,2.8,5193
2,2,2.833,5194
2,2,2.867,5195
2,2,2.9,5196
2,2,2.933,5197
2,2,2.967,5198
2,2,3,5199
2,2,3.033,5200
2,2,3.067,5201
2,2,3.1,5202
2,2,3.133,5203
2,2,3.167,5204
2,2,3.2,5205
2,2,3.233,5206
2,2,3.267,5207
2,2,3.3,5208
2,2,3.333,5209
2,2,3.367,5210
2,2,3.4,5211
2,2,3.433,5212
2,2,3.467,5213
2,2,3.5,5214
2,2,3.533,5215
2,2,3.567,5216
2,2,3.6,5217
2,2,3.633,5218
2,2,3.667,5219
2,2,3.7,5220
2,2,3.733,5221
2,2,3.767,5222
2,2,3.8,5223
2,2,3.833,5224
2,2,3.867,5225
2,2,3.9,5226
2,2,3.933,5227
2,2,3.967,5228
2,2,4,5229
2,2,4.033,5230
2,2,4.067,5231
2,2,4.1,5232
2,2,4.133,5233
2,2,4.167,5234
2,2,4.2,5235
2,2,4.233,5236
2,2,4.267,5237
2,2,4.3,5238
2,2,4.333,5239
2,2,4.367,5240
2,2,4.4,5241
2,2,4.433,5242
2,2,4.467,5243
2,2,4.5,5244
2,2,4.533,5245
2,2,4.567,5246
2,2,4.6,5247
2,2,4.633,5248
2,2,4.667,5249
2,2,4.7,5250
2,2,4.733,5251
2,2,4.767,5252
2,2,4.8,5253
2,2,4.833,5254
2,2,4.867,5255
2,2,4.9,5256
2,2,4.933,5257
2,2,4.967,5258
2,2,5,5259
2,2,5.033,5260
2,2,5.067,5261
2,2,5.1,5262
2,2,5.133,5263
2,2,5.167,5264
2,2,5.2,5265
2,2,5.233,5266
2,2,5.267,5267
2,2,5.3,5268
2,2,5.333,5269
2,2,5.367,5270
2,2,5.4,5271
2,2,5.433,5272
2,2,5.467,5273
2,2,5.5,5274
2,2,5.533,5275
2,2,5.567,5276
2,2,5.6,5277
2,2,5.633,5278
2,2,5.667,5279
2,2,5.7,5280
2,2,5.733,5281
2,2,5.767,5282
2,2,5.8,5283
2,2,5.833,5284
2,2,5.867,5285
2,2,5.9,5286
2,2,5.933,5287
2,2,5.967,5288
2,2,6,5289
2,2,6.033,5290
2,2,6.067,5291
2,2,6.1,5292
2,2,6.133,5293
2,2,6.167,5294
2,2,6.2,5295
2,2,6.233,5296
2,2,6.267,5297
2,2,6.3,5298
2,2,6.333,5299
2,2,6.367,5300
2,2,6.4,5301
2,2,6.433,5302
2,2,6.467,5303
2,2,6.5,5304
2,2,6.533,5305
2,2,6.567,5306
2,2,6.6,5307
2,2,6.633,5308
2,2,6.667,5309
2,2,6.7,5310
2,2,6.733,5311
2,2,6.767,5312
2,2,6.8,5313
2,2,6.833,5314
2,2,6.867,5315
2,2,6.9,5316
2,2,6.933,5317
2,2,6.967,5318
2,2,7,5319
2,2,7.033,5320
2,2,7.067,5321
2,2,7.1,5322
2,2,7.133,5323
2,2,7.167,5324
2,2,7.2,5325
2,2,7.233,5326
2,2,7.267,5327
2,2,7.3,5328
2,2,7.333,5329
2,2,7.367,5330
2,2,7.4,5331
2,2,7.433,5332
2,2,7.467,5333
2,2,7.5,5334
2,2,7.533,5335
2,2,7.567,5336
2,2,7.6,5337
2,2,7.633,5338
2,2,7.667,5339
2,2,7.7,5340
2,2,7.733,5341
2,2,7.767,5342
2,2,7.8,5343
2,2,7.833,5344
2,2,7.867,5345
2,2,7.9,5346
2,2,7.933,5347
2,2,7.967,5348
2,2,8,5349
2,2,8.033,5350
2,2,8.067,5351
2,2,8.1,5352
2,2,8.133,5353
2,2,8.167,5354
2,2,8.2,5355
2,2,8.233,5356
2,2,8.267,5357
2,2,8.3,5358
2,2,8.333,5359
2,2,8.367,5360
2,2,8.4,5361
2,2,8.433,5362
2,2,8.467,5363
2,2,8.5,5364
2,2,8.533,5365
2,2,8.567,5366
2,2,8.6,5367
2,2,8.633,5368
2,2,8.667,5369
2,2,8.7,5370
2,2,8.733,5371
2,2,8.767,5372
2,2,8.8,5373
2,2,8.833,5374
2,2,8.867,5375
2,2,8.9,5376
2,2,8.933,5377
2,2,8.967,5378
2,2,9,5379
2,2,9.033,5380
2,2,9.067,5381
2,2,9.1,5382
2,2,9.133,5383
2,2,9.167,5384
2,2,9.2,5385
2,2,9.233,5386
2,2,9.267,5387
2,2,9.3,5388
2,2,9.333,5389
2,2,9.367,5390
2,2,9.4,5391
2,2,9.433,5392
2,2,9.467,5393
2,2,9.5,5394
2,2,9.533,5395
2,2,9.567,5396
2,2,9.6,5397
2,2,9.633,5398
2,2,9.667,5399
2,2,9.7,5400
2,2,9.733,5401
2,2,9.767,5402
2,2,9.8,5403
2,2,9.833,5404
2,2,9.867,5405
2,2,9.9,5406
2,2,9.933,5407
2,2,9.967,5408
2,2,10,5409
2,2,10.033,5410
2,2,10.067,5411
2,2,10.1,5412
2,2,10.133,5413
2,2,10.167,5414
2,2,10.2,5415
2,2,10.233,5416
2,2,10.267,5417
2,2,10.3,5418
2,2,10.333,5419
2,2,10.367,5420
2,2,10.4,5421
2,2,10.433,5422
2,2,10.467,5423
2,2,10.5,5424
2,2,10.533,5425
2,2,10.567,5426
2,2,10.6,5427
2,2,10.633,5428
2,2,10.667,5429
2,2,10.7,5430
2,2,10.733,5431
2,2,10.767,5432
2,2,10.8,5433
2,2,10.833,5434
2,2,10.867,5435
2,2,10.9,5436
2,2,10.933,5437
2,2,10.967,5438
2,2,11,5439
2,2,11.033,5440
2,2,11.067,5441
2,2,11.1,5442
2,2,11.133,5443
2,2,11.167,5444
2,2,11.2,5445
2,2,11.233,5446
2,2,11.267,5447
2,2,11.3,5448
2,2,11.333,5449
2,2,11.367,5450
2,2,11.4,5451
2,2,11.433,5452
2,2,11.467,5453
2,2,11.5,5454
2,2,11.533,5455
2,2,11.567,5456
2,2,11.6,5457
2,2,11.633,5458
2,2,11.667,5459
2,2,11.7,5460
2,2,11.733,5461
2,2,11.767,5462
2,2,11.8,5463
2,2,11.833,5464
2,2,11.867,5465
2,2,11.9,5466
2,2,11.933,5467
2,2,11.967,5468
2,2,12,5469
2,2,12.033,5470
2,2,12.067,5471
2,2,12.1,5472
2,2,12.133,5473
2,2,12.167,5474
2,2,12.2,5475
2,2,12.233,5476
2,2,12.267,5477
2,2,12.3,5478
2,2,12.333,5479
2,2,12.367,5480
2,2,12.4,5481
2,2,12.433,5482
2,2,12.467,5483
2,2,12.5,5484
2,2,12.533,5485
2,2,12.567,5486
2,2,12.6,5487
2,2,12.633,5488
2,2,12.667,5489
2,2,12.7,5490
2,2,12.733,5491
2,2,12.767,5492
2,2,12.8,5493
2,2,12.833,5494
2,2,12.867,5495
2,2,12.9,5496
2,2,12.933,5497
2,2,12.967,5498
2,2,13,5499
2,2,13.033,5500
2,2,13.067,5501
2,2,13.1,5502
2,2,13.133,5503
2,2,13.167,5504
2,2,13.2,5505
2,2,13.233,5506
2,2,13.267,5507
2,2,13.3,5508
2,2,13.333,5509
2,2,13.367,5510
2,2,13.4,5511
2,2,13.433,5512
2,2,13.467,5513
2,2,13.5,5514
2,2,13.533,5515
2,2,13.567,5516
2,2,13.6,5517
2,2,13.633,5518
2,2,13.667,5519
2,2,13.7,5520
2,2,13.733,5521
2,2,13.767,5522
2,2,13.8,5523
2,2,13.833,5524
2,2,13.867,5525
2,2,13.9,5526
2,2,13.933,5527
2,2,13.967,5528
2,2,14,5529
2,2,14.033,5530
2,2,14.067,5531
2,2,14.1,5532
2,2,14.133,5533
2,2,14.167,5534
2,2,14.2,5535
2,2,14.233,5536
2,2,14.267,5537
2,2,14.3,5538
2,2,14.333,5539
2,2,14.367,5540
2,2,14.4,5541
2,2,14.433,5542
2,2,14.467,5543
2,2,14.5,5544
2,2,14.533,5545
2,2,14.567,5546
2,2,14.6,5547
2,2,14.633,5548
2,2,14.667,5549
2,2,14.7,5550
2,2,14.733,5551
2,2,14.767,5552
2,2,14.8,5553
2,2,14.833,5554
2,2,14.867,5555
2,2,14.9,5556
2,2,14.933,5557
2,2,14.967,5558
2,2,15,5559
2,2,15.033,5560
2,2,15.067,5561
2,2,15.1,5562
2,2,15.133,5563
2,2,15.167,5564
2,2,15.2,5565
2,2,15.233,5566
2,2,15.267,5567
2,2,15.3,5568
2,2,15.333,5569
2,2,15.367,5570
2,2,15.4,5571
2,2,15.433,5572
2,2,15.467,5573
2,2,15.5,5574
2,2,15.533,5575
2,2,15.567,5576
2,2,15.6,5577
2,2,15.633,5578
2,2,15.667,5579
2,2,15.7,5580
2,2,15.733,5581
2,2,15.767,5582
2,2,15.8,5583
2,2,15.833,5584
2,2,15.867,5585
2,2,15.9,5586
2,2,15.933,5587
2,2,15.967,5588
2,2,16,5589
2,2,16.033,5590
2,2,16.067,5591
2,2,16.1,5592
2,2,16.133,5593
2,2,16.167,5594
2,2,16.2,5595
2,2,16.233,5596
2,2,16.267,5597
2,2,16.3,5598
2,2,16.333,5599
2,2,16.367,5600
2,2,16.4,5601
2,2,16.433,5602
2,2,16.467,5603
2,2,16.5,5604
2,2,16.533,5605
2,2,16.567,5606
2,2,16.6,5607
2,2,16.633,5608
2,2,16.667,5609
2,2,16.7,5610
2,2,16.733,5611
2,2,16.767,5612
2,2,16.8,5613
2,2,16.833,5614
2,2,16.867,5615
2,2,16.9,5616
2,2,16.933,5617
2,2,16.967,5618
2,2,17,5619
2,2,17.033,5620
2,2,17.067,5621
2,2,17.1,5622
2,2,17.133,5623
2,2,17.167,5624
2,2,17.2,5625
2,2,17.233,5626
2,2,17.267,5627
2,2,17.3,5628
2,2,17.333,5629
2,2,17.367,5630
2,2,17.4,5631
2,2,17.433,5632
2,2,17.467,5633
2,2,17.5,5634
2,2,17.533,5635
2,2,17.567,5636
2,2,17.6,5637
2,2,17.633,5638
2,2,17.667,5639
2,2,17.7,5640
2,2,17.733,5641
2,2,17.767,5642
2,2,17.8,5643
2,2,17.833,5644
2,2,17.867,5645
2,2,17.9,5646
2,2,17.933,5647
2,2,17.967,5648
2,2,18,5649
2,2,18.033,5650
2,2,18.067,5651
2,2,18.1,5652
2,2,18.133,5653
2,2,18.167,5654
2,2,18.2,5655
2,2,18.233,5656
2,2,18.267,5657
2,2,18.3,5658
2,2,18.333,5659
2,2,18.367,5660
2,2,18.4,5661
2,2,18.433,5662
2,2,18.467,5663
2,2,18.5,5664
2,2,18.533,5665
2,2,18.567,5666
2,2,18.6,5667
2,2,18.633,5668
2,2,18.667,5669
2,2,18.7,5670
2,2,18.733,5671
2,2,18.767,5672
2,2,18.8,5673
2,2,18.833,5674
2,2,18.867,5675
2,2,18.9,5676
2,2,18.933,5677
2,2,18.967,5678
2,2,19,5679
2,2,19.033,5680
2,2,19.067,5681
2,2,19.1,5682
2,2,19.133,5683
2,2,19.167,5684
2,2,19.2,5685
2,2,19.233,5686
2,2,19.267,5687
2,2,19.3,5688
2,2,19.333,5689
2,2,19.367,5690
2,2,19.4,5691
2,2,19.433,5692
2,2,19.467,5693
2,2,19.5,5694
2,2,19.533,5695
2,2,19.567,5696
2,2,19.6,5697
2,2,19.633,5698
2,2,19.667,5699
2,2,19.7,5700
2,2,19.733,5701
2,2,19.767,5702
2,2,19.8,5703
2,2,19.833,5704
2,2,19.867,5705
2,2,19.9,5706
2,2,19.933,5707
2,2,19.967,5708
2,2,20,5709
2,2,20.033,5710
2,2,20.067,5711
2,2,20.1,5712
2,2,20.133,5713
2,2,20.167,5714
2,2,20.2,5715
2,2,20.233,5716
2,2,20.267,5717
2,2,20.3,5718
2,2,20.333,5719
2,2,20.367,5720
2,2,20.4,5721
2,2,20.433,5722
2,2,20.467,5723
2,2,20.5,5724
2,2,20.533,5725
2,2,20.567,5726
2,2,20.6,5727
2,2,20.633,5728
2,2,20.667,5729
2,2,20.7,5730
2,2,20.733,5731
2,2,20.767,5732
2,2,20.8,5733
2,2,20.833,5734
2,2,20.867,5735
2,2,20.9,5736
2,2,20.933,5737
2,2,20.967,5738
2,2,21,5739
2,2,21.033,5740
2,2,21.067,5741
2,2,21.1,5742
2,2,21.133,5743
2,2,21.167,5744
2,2,21.2,5745
2,2,21.233,5746
2,2,21.267,5747
2,2,21.3,5748
2,2,21.333,5749
2,2,21.367,5750
2,2,21.4,5751
2,2,21.433,5752
2,2,21.467,5753
2,2,21.5,5754
2,2,21.533,5755
2,2,21.567,5756
2,2,21.6,5757
2,2,21.633,5758
2,2,21.667,5759
2,2,21.7,5760
2,2,21.733,5761
2,2,21.767,5762
2,2,21.8,5763
2,2,21.833,5764
2,2,21.867,5765
2,2,21.9,5766
2,2,21.933,5767
2,2,21.967,5768
2,2,22,5769
2,2,22.033,5770
2,2,22.067,5771
2,2,22.1,5772
2,2,22.133,5773
2,2,22.167,5774
2,2,22.2,5775
2,2,22.233,5776
2,2,22.267,5777
2,2,22.3,5778
2,2,22.333,5779
2,2,22.367,5780
2,2,22.4,5781
2,2,22.433,5782
2,2,22.467,5783
2,2,22.5,5784
2,2,22.533,5785
2,2,22.567,5786
2,2,22.6,5787
2,2,22.633,5788
2,2,22.667,5789
2,2,22.7,5790
2,2,22.733,5791
2,2,22.767,5792
2,2,22.8,5793
2,2,22.833,5794
2,2,22.867,5795
2,2,22.9,5796
2,2,22.933,5797
2,2,22.967,5798
2,2,23,5799
2,2,23.033,5800
2,2,23.067,5801
2,2,23.1,5802
2,2,23.133,5803
2,2,23.167,5804
2,2,23.2,5805
2,2,23.233,5806
2,2,23.267,5807
2,2,23.3,5808
2,2,23.333,5809
2,2,23.367,5810
2,2,23.4,5811
2,2,23.433,5812
2,2,23.467,5813
2,2,23.5,5814
2,2,23.533,5815
2,2,23.567,5816
2,2,23.6,5817
2,2,23.633,5818
2,2,23.667,5819
2,2,23.7,5820
2,2,23.733,5821
2,2,23.767,5822
2,2,23.8,5823
2,2,23.833,5824
2,2,23.867,5825
2,2,23.9,5826
2,2,23.933,5827
2,2,23.967,5828
2,2,24,5829
2,2,24.033,5830
2,2,24.067,5831
2,2,24.1,5832
2,2,24.133,5833
2,2,24.167,5834
2,2,24.2,5835
2,2,24.233,5836
2,2,24.267,5837
2,2,24.3,5838
2,2,24.333,5839
2,2,24.367,5840
2,2,24.4,5841
2,2,24.433,5842
2,2,24.467,5843
2,2,24.5,5844
2,2,24.533,5845
2,2,24.567,5846
2,2,24.6,5847
2,2,24.633,5848
2,2,24.667,5849
2,2,24.7,5850
2,2,24.733,5851
2,2,24.767,5852
2,2,24.8,5853
2,2,24.833,5854
2,2,24.867,5855
2,2,24.9,5856
2,2,24.933,5857
2,2,24.967,5858
2,2,25,5859
2,2,25.033,5860
2,2,25.067,5861
2,2,25.1,5862
2,2,25.133,5863
2,2,25.167,5864
2,2,25.2,5865
2,2,25.233,5866
2,2,25.267,5867
2,2,25.3,5868
2,2,25.333,5869
2,2,25.367,5870
2,2,25.4,5871
2,2,25.433,5872
2,2,25.467,5873
2,2,25.5,5874
2,2,25.533,5875
2,2,25.567,5876
2,2,25.6,5877
2,2,25.633,5878
2,2,25.667,5879
2,2,25.7,5880
2,2,25.733,5881
2,2,25.767,5882
2,2,25.8,5883
2,2,25.833,5884
2,2,25.867,5885
2,2,25.9,5886
2,2,25.933,5887
2,2,25.967,5888
2,2,26,5889
2,2,26.033,5890
2,2,26.067,5891
2,2,26.1,5892
2,2,26.133,5893
2,2,26.167,5894
2,2,26.2,5895
2,2,26.233,5896
2,2,26.267,5897
2,2,26.3,5898
2,2,26.333,5899
2,2,26.367,5900
2,2,26.4,5901
2,2,26.433,5902
2,2,26.467,5903
2,2,26.5,5904
2,2,26.533,5905
2,2,26.567,5906
2,2,26.6,5907
2,2,26.633,5908
2,2,26.667,5909
2,2,26.7,5910
2,2,26.733,5911
2,2,26.767,5912
2,2,26.8,5913
2,2,26.833,5914
2,2,26.867,5915
2,2,26.9,5916
2,2,26.933,5917
2,2,26.967,5918
2,2,27,5919
2,2,27.033,5920
2,2,27.067,5921
2,2,27.1,5922
2,2,27.133,5923
2,2,27.167,5924
2,2,27.2,5925
2,2,27.233,5926
2,2,27.267,5927
2,2,27.3,5928
2,2,27.333,5929
2,2,27.367,5930
2,2,27.4,5931
2,2,27.433,5932
2,2,27.467,5933
2,2,27.5,5934
2,2,27.533,5935
2,2,27.567,5936
2,2,27.6,5937
2,2,27.633,5938
2,2,27.667,5939
2,2,27.7,5940
2,2,27.733,5941
2,2,27.767,5942
2,2,27.8,5943
2,2,27.833,5944
2,2,27.867,5945
2,2,27.9,5946
2,2,27.933,5947
2,2,27.967,5948
2,2,28,5949
2,2,28.033,5950
2,2,28.067,5951
2,2,28.1,5952
2,2,28.133,5953
2,2,28.167,5954
2,2,28.2,5955
2,2,28.233,5956
2,2,28.267,5957
2,2,28.3,5958
2,2,28.333,5959
2,2,28.367,5960
2,2,28.4,5961
2,2,28.433,5962
2,2,28.467,5963
2,2,28.5,5964
2,2,28.533,5965
2,2,28.567,5966
2,2,28.6,5967
2,2,28.633,5968
2,2,28.667,5969
2,2,28.7,5970
2,2,28.733,5971
2,2,28.767,5972
2,2,28.8,5973
2,2,28.833,5974
2,2,28.867,5975
2,2,28.9,5976
2,2,28.933,5977
2,2,28.967,5978
2,2,29,5979
2,2,29.033,5980
2,2,29.067,5981
2,2,29.1,5982
2,2,29.133,5983
2,2,29.167,5984
2,2,29.2,5985
2,2,29.233,5986
2,2,29.267,5987
2,2,29.3,5988
2,2,29.333,5989
2,2,29.367,5990
2,2,29.4,5991
2,2,29.433,5992
2,2,29.467,5993
2,2,29.5,5994
2,2,29.533,5995
2,2,29.567,5996
2,2,29.6,5997
2,2,29.633,5998
2,2,29.667,5999
2,2,29.7,6000
2,2,29.733,6001
2,2,29.767,6002
2,2,29.8,6003
2,2,29.833,6004
2,2,29.867,6005
2,2,29.9,6006
2,2,29.933,6007
2,2,29.967,6008
2,2,30,6009
2,2,30.033,6010
2,2,30.067,6011
2,2,30.1,6012
2,2,30.133,6013
2,2,30.167,6014
2,2,30.2,6015
2,2,30.233,6016
2,2,30.267,6017
2,2,30.3,6018
2,2,30.333,6019
2,2,30.367,6020
2,2,30.4,6021
2,2,30.433,6022
2,2,30.467,6023
2,2,30.5,6024
2,2,30.533,6025
2,2,30.567,6026
2,2,30.6,6027
2,2,30.633,6028
2,2,30.667,6029
2,2,30.7,6030
2,2,30.733,6031
2,2,30.767,6032
2,2,30.8,6033
2,2,30.833,6034
2,2,30.867,6035
2,2,30.9,6036
2,2,30.933,6037
2,2,30.967,6038
2,2,31,6039
2,2,31.033,6040
2,2,31.067,6041
2,2,31.1,6042
2,2,31.133,6043
2,2,31.167,6044
2,2,31.2,6045
2,2,31.233,6046
2,2,31.267,6047
2,2,31.3,6048
2,2,31.333,6049
2,2,31.367,6050
2,2,31.4,6051
2,2,31.433,6052
2,2,31.467,6053
2,2,31.5,6054
2,2,31.533,6055
2,2,31.567,6056
2,2,31.6,6057
2,2,31.633,6058
2,2,31.667,6059
2,2,31.7,6060
2,2,31.733,6061
2,2,31.767,6062
2,2,31.8,6063
2,2,31.833,6064
2,2,31.867,6065
2,2,31.9,6066
2,2,31.933,6067
2,2,31.967,6068
2,2,32,6069
2,2,32.033,6070
2,2,32.067,6071
2,2,32.1,6072
2,2,32.133,6073
2,2,32.167,6074
2,2,32.2,6075
2,2,32.233,6076
2,2,32.267,6077
2,2,32.3,6078
2,2,32.333,6079
2,2,32.367,6080
2,2,32.4,6081
2,2,32.433,6082
2,2,32.467,6083
2,2,32.5,6084
2,2,32.533,6085
2,2,32.567,6086
2,2,32.6,6087
2,2,32.633,6088
2,2,32.667,6089
2,2,32.7,6090
2,2,32.733,6091
2,2,32.767,6092
2,2,32.8,6093
2,2,32.833,6094
2,2,32.867,6095
2,2,32.9,6096
2,2,32.933,6097
2,2,32.967,6098
2,2,33,6099
2,2,33.033,6100
2,2,33.067,6101
2,2,33.1,6102
2,2,33.133,6103
2,2,33.167,6104
2,2,33.2,6105
2,2,33.233,6106
2,2,33.267,6107
2,2,33.3,6108
2,2,33.333,6109
2,2,33.367,6110
2,2,33.4,6111
2,2,33.433,6112
2,2,33.467,6113
2,2,33.5,6114
2,2,33.533,6115
2,2,33.567,6116
2,2,33.6,6117
2,2,33.633,6118
2,2,33.667,6119
2,2,33.7,6120
2,2,33.733,6121
2,2,33.767,6122
2,2,33.8,6123
2,2,33.833,6124
2,2,33.867,6125
2,2,33.9,6126
2,2,33.933,6127
2,2,33.967,6128
2,2,34,6129
2,2,34.033,6130
2,2,34.067,6131
2,2,34.1,6132
2,2,34.133,6133
2,2,34.167,6134
2,2,34.2,6135
2,2,34.233,6136
2,2,34.267,6137
2,2,34.3,6138
2,2,34.333,6139
2,2,34.367,6140
2,2,34.4,6141
2,2,34.433,6142
2,2,34.467,6143
2,2,34.5,6144
2,2,34.533,6145
2,2,34.567,6146
2,2,34.6,6147
2,2,34.633,6148
2,2,34.667,6149
2,2,34.7,6150
2,2,34.733,6151
2,2,34.767,6152
2,2,34.8,6153
2,2,34.833,6154
2,2,34.867,6155
2,2,34.9,6156
2,2,34.933,6157
2,2,34.967,6158
2,2,35,6159
2,2,35.033,6160
2,2,35.067,6161
2,2,35.1,6162
2,2,35.133,6163
2,2,35.167,6164
2,2,35.2,6165
2,2,35.233,6166
2,2,35.267,6167
2,2,35.3,6168
2,2,35.333,6169
2,2,35.367,6170
2,2,35.4,6171
2,2,35.433,6172
2,2,35.467,6173
2,2,35.5,6174
2,2,35.533,6175
2,2,35.567,6176
2,2,35.6,6177
2,2,35.633,6178
2,2,35.667,6179
2,2,35.7,6180
2,2,35.733,6181
2,2,35.767,6182
2,2,35.8,6183
2,2,35.833,6184
2,2,35.867,6185
2,2,35.9,6186
2,2,35.933,6187
2,2,35.967,6188
2,2,36,6189
2,2,36.033,6190
2,2,36.067,6191
2,2,36.1,6192
2,2,36.133,6193
2,2,36.167,6194
2,2,36.2,6195
2,2,36.233,6196
2,2,36.267,6197
2,2,36.3,6198
2,2,36.333,6199
2,2,36.367,6200
2,2,36.4,6201
2,2,36.433,6202
2,2,36.467,6203
2,2,36.5,6204
2,2,36.533,6205
2,2,36.567,6206
2,2,36.6,6207
2,2,36.633,6208
2,2,36.667,6209
2,2,36.7,6210
2,2,36.733,6211
2,2,36.767,6212
2,2,36.8,6213
2,2,36.833,6214
2,2,36.867,6215
2,2,36.9,6216
2,2,36.933,6217
2,2,36.967,6218
2,2,37,6219
2,2,37.033,6220
2,2,37.067,6221
2,2,37.1,6222
2,2,37.133,6223
2,2,37.167,6224
2,2,37.2,6225
2,2,37.233,6226
2,2,37.267,6227
2,2,37.3,6228
2,2,37.333,6229
2,2,37.367,6230
2,2,37.4,6231
2,2,37.433,6232
2,2,37.467,6233
2,2,37.5,6234
2,2,37.533,6235
2,2,37.567,6236
2,2,37.6,6237
2,2,37.633,6238
2,2,37.667,6239
2,2,37.7,6240
2,2,37.733,6241
2,2,37.767,6242
2,2,37.8,6243
2,2,37.833,6244
2,2,37.867,6245
2,2,37.9,6246
2,2,37.933,6247
2,2,37.967,6248
2,2,38,6249
2,2,38.033,6250
2,2,38.067,6251
2,2,38.1,6252
2,2,38.133,6253
2,2,38.167,6254
2,2,38.2,6255
2,2,38.233,6256
2,2,38.267,6257
2,2,38.3,6258
2,2,38.333,6259
2,2,38.367,6260
2,2,38.4,6261
2,2,38.433,6262
2,2,38.467,6263
2,2,38.5,6264
2,2,38.533,6265
2,2,38.567,6266
2,2,38.6,6267
2,2,38.633,6268
2,2,38.667,6269
2,2,38.7,6270
2,2,38.733,6271
2,2,38.767,6272
2,2,38.8,6273
2,2,38.833,6274
2,2,38.867,6275
2,2,38.9,6276
2,2,38.933,6277
2,2,38.967,6278
2,2,39,6279
2,2,39.033,6280
2,2,39.067,6281
2,2,39.1,6282
2,2,39.133,6283
2,2,39.167,6284
2,2,39.2,6285
2,2,39.233,6286
2,2,39.267,6287
2,2,39.3,6288
2,2,39.333,6289
2,2,39.367,6290
2,2,39.4,6291
2,2,39.433,6292
2,2,39.467,6293
2,2,39.5,6294
2,2,39.533,6295
2,2,39.567,6296
2,2,39.6,6297
2,2,39.633,6298
2,2,39.667,6299
2,2,39.7,6300
2,2,39.733,6301
2,2,39.767,6302
2,2,39.8,6303
2,2,39.833,6304
2,2,39.867,6305
2,2,39.9,6306
2,2,39.933,6307
2,2,39.967,6308
2,2,40,6309
2,2,40.033,6310
2,2,40.067,6311
2,2,40.1,6312
2,2,40.133,6313
2,2,40.167,6314
2,2,40.2,6315
2,2,40.233,6316
2,2,40.267,6317
2,2,40.3,6318
2,2,40.333,6319
2,2,40.367,6320
2,2,40.4,6321
2,2,40.433,6322
2,2,40.467,6323
2,2,40.5,6324
2,2,40.533,6325
2,2,40.567,6326
2,2,40.6,6327
2,2,40.633,6328
2,2,40.667,6329
2,2,40.7,6330
2,2,40.733,6331
2,2,40.767,6332
2,2,40.8,6333
2,2,40.833,6334
2,2,40.867,6335
2,2,40.9,6336
2,2,40.933,6337
2,2,40.967,6338
2,2,41,6339
2,2,41.033,6340
2,2,41.067,6341
2,2,41.1,6342
2,2,41.133,6343
2,2,41.167,6344
2,2,41.2,6345
2,2,41.233,6346
2,2,41.267,6347
2,2,41.3,6348
2,2,41.333,6349
2,2,41.367,6350
2,2,41.4,6351
2,2,41.433,6352
2,2,41.467,6353
2,2,41.5,6354
2,2,41.533,6355
5,2,41.567,6356
5,2,41.6,6357
5,2,41.633,6358
5,2,41.667,6359
5,2,41.7,6360
5,2,41.733,6361
5,2,41.767,6362
5,2,41.8,6363
5,2,41.833,6364
5,2,41.867,6365
5,2,41.9,6366
5,2,41.933,6367
5,2,41.967,6368
5,2,42,6369
5,2,42.033,6370
5,2,42.067,6371
5,2,42.1,6372
5,2,42.133,6373
5,2,42.167,6374
5,2,42.2,6375
5,2,0,6376
5,2,0.033,6377
5,2,0.067,6378
5,2,0.1,6379
5,2,0.133,6380
5,2,0.167,6381
5,2,0.2,6382
5,2,0.233,6383
5,2,0.267,6384
5,2,0.3,6385
5,2,0.333,6386
5,2,0.367,6387
5,2,0.4,6388
5,2,0.433,6389
5,2,0.467,6390
5,2,0.5,6391
5,2,0.533,6392
5,2,0.567,6393
5,2,0.6,6394
5,2,0.633,6395
5,2,0.667,6396
5,2,0.7,6397
5,2,0.733,6398
5,2,0.767,6399
5,2,0.8,6400
5,2,0.833,6401
5,2,0.867,6402
5,2,0.9,6403
5,2,0.933,6404
5,2,0.967,6405
5,2,1,6406
5,2,1.033,6407
5,2,1.067,6408
5,2,1.1,6409
5,2,1.133,6410
5,2,1.167,6411
5,2,1.2,6412
5,2,1.233,6413
5,2,1.267,6414
5,2,1.3,6415
5,2,1.333,6416
5,2,1.367,6417
5,2,1.4,6418
5,2,1.433,6419
5,2,1.467,6420
5,2,1.5,6421
5,2,1.533,6422
5,2,1.567,6423
5,2,1.6,6424
5,2,1.633,6425
5,2,1.667,6426
5,2,1.7,6427
5,2,1.733,6428
5,2,1.767,6429
5,2,1.8,6430
5,2,1.833,6431
5,2,1.867,6432
5,2,1.9,6433
5,2,1.933,6434
5,2,1.967,6435
5,2,2,6436
5,2,2.033,6437
5,2,2.067,6438
5,2,2.1,6439
5,2,2.133,6440
5,2,2.167,6441
5,2,2.2,6442
5,2,2.233,6443
5,2,2.267,6444
5,2,2.3,6445
5,2,2.333,6446
5,2,2.367,6447
5,2,2.4,6448
5,2,2.433,6449
5,2,2.467,6450
5,2,2.5,6451
5,2,2.533,6452
5,2,2.567,6453
5,2,2.6,6454
5,2,2.633,6455
5,2,2.667,6456
5,2,2.7,6457
5,2,2.733,6458
5,2,2.767,6459
5,2,2.8,6460
5,2,2.833,6461
5,2,2.867,6462
5,2,2.9,6463
5,2,2.933,6464
5,2,2.967,6465
5,2,3,6466
5,2,3.033,6467
5,2,3.067,6468
5,2,3.1,6469
5,2,3.133,6470
5,2,3.167,6471
5,2,3.2,6472
5,2,3.233,6473
5,2,3.267,6474
5,2,3.3,6475
5,2,3.333,6476
5,2,3.367,6477
5,2,3.4,6478
5,2,3.433,6479
5,2,3.467,6480
5,2,3.5,6481
5,2,3.533,6482
5,2,3.567,6483
5,2,3.6,6484
5,2,3.633,6485
5,2,3.667,6486
5,2,3.7,6487
5,2,3.733,6488
5,2,3.767,6489
5,2,3.8,6490
5,2,3.833,6491
5,2,3.867,6492
5,2,3.9,6493
5,2,3.933,6494
5,2,3.967,6495
5,2,4,6496
5,2,4.033,6497
5,2,4.067,6498
5,2,4.1,6499
5,2,4.133,6500
5,2,4.167,6501
5,2,4.2,6502
5,2,4.233,6503
5,2,4.267,6504
5,2,4.3,6505
5,2,4.333,6506
5,2,4.367,6507
5,2,4.4,6508
5,2,4.433,6509
5,2,4.467,6510
5,2,4.5,6511
5,2,4.533,6512
5,2,4.567,6513
5,2,4.6,6514
5,2,4.633,6515
5,2,4.667,6516
5,2,4.7,6517
5,2,4.733,6518
5,2,4.767,6519
5,2,4.8,6520
5,2,4.833,6521
5,2,4.867,6522
5,2,4.9,6523
5,2,4.933,6524
5,2,4.967,6525
5,2,5,6526
5,2,5.033,6527
5,2,5.067,6528
5,2,5.1,6529
5,2,5.133,6530
5,2,5.167,6531
5,2,5.2,6532
5,2,5.233,6533
5,2,5.267,6534
5,2,5.3,6535
5,2,5.333,6536
5,2,5.367,6537
5,2,5.4,6538
5,2,5.433,6539
5,2,5.467,6540
5,2,5.5,6541
5,2,5.533,6542
5,2,5.567,6543
5,2,5.6,6544
5,2,5.633,6545
5,2,5.667,6546
5,2,5.7,6547
5,2,5.733,6548
5,2,5.767,6549
5,2,5.8,6550
5,2,5.833,6551
5,2,5.867,6552
5,2,5.9,6553
5,2,5.933,6554
5,2,5.967,6555
5,2,6,6556
5,2,6.033,6557
5,2,6.067,6558
5,2,6.1,6559
5,2,6.133,6560
5,2,6.167,6561
5,2,6.2,6562
5,2,6.233,6563
5,2,6.267,6564
5,2,6.3,6565
5,2,6.333,6566
5,2,6.367,6567
5,2,6.4,6568
5,2,6.433,6569
5,2,6.467,6570
5,2,6.5,6571
5,2,6.533,6572
5,2,6.567,6573
5,2,6.6,6574
5,2,6.633,6575
5,2,6.667,6576
5,2,6.7,6577
5,2,6.733,6578
5,2,6.767,6579
5,2,6.8,6580
5,2,6.833,6581
5,2,6.867,6582
5,2,6.9,6583
5,2,6.933,6584
5,2,6.967,6585
5,2,7,6586
5,2,7.033,6587
5,2,7.067,6588
5,2,7.1,6589
5,2,7.133,6590
5,2,7.167,6591
5,2,7.2,6592
5,2,7.233,6593
5,2,7.267,6594
5,2,7.3,6595
5,2,7.333,6596
5,2,7.367,6597
5,2,7.4,6598
5,2,7.433,6599
5,2,7.467,6600
5,2,7.5,6601
5,2,7.533,6602
5,2,7.567,6603
5,2,7.6,6604
5,2,7.633,6605
5,2,7.667,6606
5,2,7.7,6607
5,2,7.733,6608
5,2,7.767,6609
5,2,7.8,6610
5,2,7.833,6611
5,2,7.867,6612
5,2,7.9,6613
5,2,7.933,6614
5,2,7.967,6615
5,2,8,6616
5,2,8.033,6617
5,2,8.067,6618
5,2,8.1,6619
5,2,8.133,6620
5,2,8.167,6621
5,2,8.2,6622
5,2,8.233,6623
5,2,8.267,6624
5,2,8.3,6625
5,2,8.333,6626
5,2,8.367,6627
5,2,8.4,6628
5,2,8.433,6629
5,2,8.467,6630
5,2,8.5,6631
5,2,8.533,6632
5,2,8.567,6633
5,2,8.6,6634
5,2,8.633,6635
5,2,8.667,6636
5,2,8.7,6637
5,2,8.733,6638
5,2,8.767,6639
5,2,8.8,6640
5,2,8.833,6641
5,2,8.867,6642
5,2,8.9,6643
5,2,8.933,6644
5,2,8.967,6645
5,2,9,6646
5,2,9.033,6647
5,2,9.067,6648
5,2,9.1,6649
5,2,9.133,6650
5,2,9.167,6651
5,2,9.2,6652
5,2,9.233,6653
5,2,9.267,6654
5,2,9.3,6655
5,2,9.333,6656
5,2,9.367,6657
5,2,9.4,6658
5,2,9.433,6659
5,2,9.467,6660
5,2,9.5,6661
5,2,9.533,6662
5,2,9.567,6663
5,2,9.6,6664
5,2,9.633,6665
5,2,9.667,6666
5,2,9.7,6667
5,2,9.733,6668
5,2,9.767,6669
5,2,9.8,6670
5,2,9.833,6671
5,2,9.867,6672
5,2,9.9,6673
5,2,9.933,6674
5,2,9.967,6675
5,2,10,6676
5,2,10.033,6677
5,2,10.067,6678
5,2,10.1,6679
5,2,10.133,6680
5,2,10.167,6681
5,2,10.2,6682
5,2,10.233,6683
5,2,10.267,6684
5,2,10.3,6685
5,2,10.333,6686
5,2,10.367,6687
5,2,10.4,6688
5,2,10.433,6689
5,2,10.467,6690
5,2,10.5,6691
5,2,10.533,6692
5,2,10.567,6693
5,2,10.6,6694
5,2,10.633,6695
5,2,10.667,6696
5,2,10.7,6697
5,2,10.733,6698
5,2,10.767,6699
5,2,10.8,6700
5,2,10.833,6701
5,2,10.867,6702
5,2,10.9,6703
5,2,10.933,6704
5,2,10.967,6705
5,2,11,6706
5,2,11.033,6707
5,2,11.067,6708
5,2,11.1,6709
5,2,11.133,6710
5,2,11.167,6711
5,2,11.2,6712
5,2,11.233,6713
5,2,11.267,6714
5,2,11.3,6715
5,2,11.333,6716
5,2,11.367,6717
5,2,11.4,6718
5,2,11.433,6719
5,2,11.467,6720
5,2,11.5,6721
5,2,11.533,6722
5,2,11.567,6723
5,2,11.6,6724
5,2,11.633,6725
5,2,11.667,6726
5,2,11.7,6727
5,2,11.733,6728
5,2,11.767,6729
5,2,11.8,6730
5,2,11.833,6731
5,2,11.867,6732
5,2,11.9,6733
5,2,11.933,6734
5,2,11.967,6735
5,2,12,6736
5,2,12.033,6737
5,2,12.067,6738
5,2,12.1,6739
5,2,12.133,6740
5,2,12.167,6741
5,2,12.2,6742
5,2,12.233,6743
5,2,12.267,6744
5,2,12.3,6745
5,2,12.333,6746
5,2,12.367,6747
5,2,12.4,6748
5,2,12.433,6749
5,2,12.467,6750
5,2,12.5,6751
5,2,12.533,6752
5,2,12.567,6753
5,2,12.6,6754
5,2,12.633,6755
5,2,12.667,6756
5,2,12.7,6757
5,2,12.733,6758
5,2,12.767,6759
5,2,12.8,6760
5,2,12.833,6761
5,2,12.867,6762
5,2,12.9,6763
5,2,12.933,6764
5,2,12.967,6765
5,2,13,6766
5,2,13.033,6767
5,2,13.067,6768
5,2,13.1,6769
5,2,13.133,6770
5,2,13.167,6771
5,2,13.2,6772
5,2,13.233,6773
5,2,13.267,6774
5,2,13.3,6775
5,2,13.333,6776
5,2,13.367,6777
5,2,13.4,6778
5,2,13.433,6779
5,2,13.467,6780
5,2,13.5,6781
5,2,13.533,6782
5,2,13.567,6783
5,2,13.6,6784
5,2,13.633,6785
5,2,13.667,6786
5,2,13.7,6787
5,2,13.733,6788
5,2,13.767,6789
5,2,13.8,6790
5,2,13.833,6791
5,2,13.867,6792
5,2,13.9,6793
5,2,13.933,6794
5,2,13.967,6795
5,2,14,6796
5,2,14.033,6797
5,2,14.067,6798
5,2,14.1,6799
5,2,14.133,6800
5,2,14.167,6801
5,2,14.2,6802
5,2,14.233,6803
5,2,14.267,6804
5,2,14.3,6805
5,2,14.333,6806
5,2,14.367,6807
5,2,14.4,6808
5,2,14.433,6809
5,2,14.467,6810
5,2,14.5,6811
5,2,14.533,6812
5,2,14.567,6813
5,2,14.6,6814
5,2,14.633,6815
5,2,14.667,6816
5,2,14.7,6817
5,2,14.733,6818
5,2,14.767,6819
5,2,14.8,6820
5,2,14.833,6821
5,2,14.867,6822
5,2,14.9,6823
5,2,14.933,6824
5,2,14.967,6825
5,2,15,6826
5,2,15.033,6827
5,2,15.067,6828
5,2,15.1,6829
5,2,15.133,6830
5,2,15.167,6831
5,2,15.2,6832
5,2,15.233,6833
5,2,15.267,6834
5,2,15.3,6835
5,2,15.333,6836
5,2,15.367,6837
5,2,15.4,6838
5,2,15.433,6839
5,2,15.467,6840
5,2,15.5,6841
5,2,15.533,6842
5,2,15.567,6843
5,2,15.6,6844
5,2,15.633,6845
5,2,15.667,6846
5,2,15.7,6847
5,2,15.733,6848
5,2,15.767,6849
5,2,15.8,6850
5,2,15.833,6851
5,2,15.867,6852
5,2,15.9,6853
5,2,15.933,6854
5,2,15.967,6855
5,2,16,6856
5,2,16.033,6857
5,2,16.067,6858
5,2,16.1,6859
5,2,16.133,6860
5,2,16.167,6861
5,2,16.2,6862
5,2,16.233,6863
5,2,16.267,6864
5,2,16.3,6865
5,2,16.333,6866
5,2,16.367,6867
5,2,16.4,6868
5,2,16.433,6869
5,2,16.467,6870
5,2,16.5,6871
5,2,16.533,6872
5,2,16.567,6873
5,2,16.6,6874
5,2,16.633,6875
5,2,16.667,6876
5,2,16.7,6877
5,2,16.733,6878
5,2,16.767,6879
5,2,16.8,6880
5,2,16.833,6881
5,2,16.867,6882
5,2,16.9,6883
5,2,16.933,6884
5,2,16.967,6885
5,2,17,6886
5,2,17.033,6887
5,2,17.067,6888
5,2,17.1,6889
5,2,17.133,6890
5,2,17.167,6891
5,2,17.2,6892
5,2,17.233,6893
5,2,17.267,6894
5,2,17.3,6895
5,2,17.333,6896
5,2,17.367,6897
5,2,17.4,6898
5,2,17.433,6899
5,2,17.467,6900
5,2,17.5,6901
5,2,17.533,6902
5,2,17.567,6903
5,2,17.6,6904
5,2,17.633,6905
5,2,17.667,6906
5,2,17.7,6907
5,2,17.733,6908
5,2,17.767,6909
5,2,17.8,6910
5,2,17.833,6911
5,2,17.867,6912
5,2,17.9,6913
5,2,17.933,6914
5,2,17.967,6915
5,2,18,6916
5,2,18.033,6917
5,2,18.067,6918
5,2,18.1,6919
5,2,18.133,6920
5,2,18.167,6921
5,2,18.2,6922
5,2,18.233,6923
5,2,18.267,6924
5,2,18.3,6925
5,2,18.333,6926
5,2,18.367,6927
5,2,18.4,6928
5,2,18.433,6929
5,2,18.467,6930
5,2,18.5,6931
5,2,18.533,6932
5,2,18.567,6933
5,2,18.6,6934
5,2,18.633,6935
5,2,18.667,6936
5,2,18.7,6937
5,2,18.733,6938
5,2,18.767,6939
5,2,18.8,6940
5,2,18.833,6941
5,2,18.867,6942
5,2,18.9,6943
5,2,18.933,6944
5,2,18.967,6945
5,2,19,6946
5,2,19.033,6947
5,2,19.067,6948
5,2,19.1,6949
5,2,19.133,6950
5,2,19.167,6951
5,2,19.2,6952
5,2,19.233,6953
5,2,19.267,6954
5,2,19.3,6955
5,2,19.333,6956
5,2,19.367,6957
5,2,19.4,6958
5,2,19.433,6959
5,2,19.467,6960
5,2,19.5,6961
5,2,19.533,6962
5,2,19.567,6963
5,2,19.6,6964
5,2,19.633,6965
5,2,19.667,6966
5,2,19.7,6967
5,2,19.733,6968
5,2,19.767,6969
5,2,19.8,6970
1,2,19.867,6971
1,2,19.9,6972
1,2,19.933,6973
1,2,19.967,6974
1,2,20,6975
4,2,20.067,6976
4,2,20.267,6977
4,2,20.3,6978
4,2,20.333,6979
4,2,20.367,6980
4,2,20.4,6981
4,2,20.433,6982
4,2,20.467,6983
4,2,20.5,6984
4,2,20.533,6985
4,2,20.567,6986
4,2,20.6,6987
4,2,20.633,6988
4,2,20.667,6989
4,2,20.7,6990
4,2,20.733,6991
4,2,20.767,6992
4,2,20.8,6993
4,2,20.833,6994
4,2,20.867,6995
4,2,20.9,6996
4,2,20.933,6997
4,2,20.967,6998
4,2,21,6999
4,2,21.033,7000
4,2,21.067,7001
4,2,21.1,7002
4,2,21.133,7003
4,2,21.167,7004
4,2,21.2,7005
4,2,21.233,7006
4,2,21.267,7007
4,2,21.3,7008
4,2,21.333,7009
4,2,21.367,7010
4,2,21.4,7011
4,2,21.433,7012
4,2,21.467,7013
4,2,21.5,7014
4,2,21.533,7015
4,2,21.567,7016
4,2,21.6,7017
4,2,21.633,7018
4,2,21.667,7019
4,2,21.7,7020
4,2,21.733,7021
4,2,21.767,7022
4,2,21.8,7023
4,2,21.833,7024
4,2,21.867,7025
4,2,21.9,7026
4,2,21.933,7027
4,2,21.967,7028
4,2,22,7029
4,2,22.033,7030
4,2,22.067,7031
4,2,22.1,7032
4,2,22.133,7033
4,2,22.167,7034
4,2,22.2,7035
4,2,22.233,7036
4,2,22.267,7037
4,2,22.3,7038
4,2,22.333,7039
4,2,22.367,7040
4,2,22.4,7041
4,2,22.433,7042
4,2,22.467,7043
4,2,22.5,7044
4,2,22.533,7045
4,2,22.567,7046
4,2,22.6,7047
4,2,22.633,7048
4,2,22.667,7049
4,2,22.7,7050
4,2,22.733,7051
4,2,22.767,7052
4,2,22.8,7053
4,2,22.833,7054
4,2,0,7055
4,2,0.033,7056
4,2,0.067,7057
4,2,0.1,7058
4,2,0.133,7059
4,2,0.167,7060
4,2,0.2,7061
4,2,0.233,7062
4,2,0.267,7063
4,2,0.3,7064
4,2,0.333,7065
4,2,0.367,7066
4,2,0.4,7067
4,2,0.433,7068
4,2,0.467,7069
4,2,0.5,7070
4,2,0.533,7071
4,2,0.567,7072
4,2,0.6,7073
4,2,0.633,7074
4,2,0.667,7075
4,2,0.7,7076
4,2,0.733,7077
4,2,0.767,7078
4,2,0.8,7079
4,2,0.833,7080
4,2,0.867,7081
4,2,0.9,7082
4,2,0.933,7083
4,2,0.967,7084
4,2,1,7085
4,2,1.033,7086
4,2,1.067,7087
4,2,1.1,7088
4,2,1.133,7089
4,2,1.167,7090
4,2,1.2,7091
4,2,1.233,7092
4,2,1.267,7093
4,2,1.3,7094
4,2,1.333,7095
4,2,1.367,7096
4,2,1.4,7097
4,2,1.433,7098
4,2,1.467,7099
4,2,1.5,7100
4,2,1.533,7101
4,2,1.567,7102
4,2,1.6,7103
4,2,1.633,7104
4,2,1.667,7105
4,2,1.7,7106
4,2,1.733,7107
4,2,1.767,7108
4,2,1.8,7109
4,2,1.833,7110
4,2,1.867,7111
4,2,1.9,7112
4,2,1.933,7113
4,2,1.967,7114
4,2,2,7115
4,2,2.033,7116
4,2,2.067,7117
4,2,2.1,7118
4,2,2.133,7119
4,2,2.167,7120
4,2,2.2,7121
4,2,2.233,7122
4,2,2.267,7123
4,2,2.3,7124
4,2,2.333,7125
4,2,2.367,7126
4,2,2.4,7127
4,2,2.433,7128
4,2,2.467,7129
4,2,2.5,7130
4,2,2.533,7131
4,2,2.567,7132
4,2,2.6,7133
4,2,2.633,7134
4,2,2.667,7135
4,2,2.7,7136
4,2,2.733,7137
4,2,2.767,7138
4,2,2.8,7139
4,2,2.833,7140
4,2,2.867,7141
4,2,2.9,7142
4,2,2.933,7143
4,2,2.967,7144
4,2,3,7145
4,2,3.033,7146
4,2,3.067,7147
4,2,3.1,7148
4,2,3.133,7149
4,2,3.167,7150
4,2,3.2,7151
4,2,3.233,7152
4,2,3.267,7153
4,2,3.3,7154
4,2,3.333,7155
4,2,3.367,7156
4,2,3.4,7157
4,2,3.433,7158
4,2,3.467,7159
4,2,3.5,7160
4,2,3.533,7161
4,2,3.567,7162
4,2,3.6,7163
4,2,3.633,7164
4,2,3.667,7165
4,2,3.7,7166
4,2,3.733,7167
4,2,3.767,7168
4,2,3.8,7169
4,2,3.833,7170
4,2,3.867,7171
4,2,3.9,7172
4,2,3.933,7173
4,2,3.967,7174
4,2,4,7175
4,2,4.033,7176
4,2,4.067,7177
4,2,4.1,7178
4,2,4.133,7179
4,2,4.167,7180
4,2,4.2,7181
4,2,4.233,7182
4,2,4.267,7183
4,2,4.3,7184
4,2,4.333,7185
4,2,4.367,7186
4,2,4.4,7187
4,2,4.433,7188
4,2,4.467,7189
4,2,4.5,7190
4,2,4.533,7191
4,2,4.567,7192
4,2,4.6,7193
4,2,4.633,7194
4,2,4.667,7195
4,2,4.7,7196
4,2,4.733,7197
4,2,4.767,7198
4,2,4.8,7199
4,2,4.833,7200
4,2,4.867,7201
4,2,4.9,7202
4,2,4.933,7203
4,2,4.967,7204
4,2,5,7205
4,2,5.033,7206
4,2,5.067,7207
4,2,5.1,7208
4,2,5.133,7209
4,2,5.167,7210
4,2,5.2,7211
4,2,5.233,7212
4,2,5.267,7213
4,2,5.3,7214
4,2,5.333,7215
4,2,5.367,7216
4,2,5.4,7217
4,2,5.433,7218
4,2,5.467,7219
4,2,5.5,7220
4,2,5.533,7221
4,2,5.567,7222
4,2,5.6,7223
4,2,5.633,7224
4,2,5.667,7225
4,2,5.7,7226
4,2,5.733,7227
4,2,5.767,7228
4,2,5.8,7229
4,2,5.833,7230
4,2,5.867,7231
4,2,5.9,7232
4,2,5.933,7233
4,2,5.967,7234
4,2,6,7235
4,2,6.033,7236
4,2,6.067,7237
4,2,6.1,7238
4,2,6.133,7239
4,2,6.167,7240
4,2,6.2,7241
4,2,6.233,7242
4,2,6.267,7243
4,2,6.3,7244
4,2,6.333,7245
4,2,6.367,7246
4,2,6.4,7247
4,2,6.433,7248
4,2,6.467,7249
4,2,6.5,7250
4,2,6.533,7251
4,2,6.567,7252
4,2,6.6,7253
4,2,6.633,7254
4,2,6.667,7255
4,2,6.7,7256
4,2,6.733,7257
4,2,6.767,7258
4,2,6.8,7259
4,2,6.833,7260
4,2,6.867,7261
4,2,6.9,7262
4,2,6.933,7263
4,2,6.967,7264
4,2,7,7265
4,2,7.033,7266
4,2,7.067,7267
4,2,7.1,7268
4,2,7.133,7269
4,2,7.167,7270
4,2,7.2,7271
4,2,7.233,7272
4,2,7.267,7273
4,2,7.3,7274
4,2,7.333,7275
4,2,7.367,7276
4,2,7.4,7277
4,2,7.433,7278
4,2,7.467,7279
4,2,7.5,7280
4,2,7.533,7281
4,2,7.567,7282
4,2,7.6,7283
4,2,7.633,7284
4,2,7.667,7285
4,2,7.7,7286
4,2,7.733,7287
4,2,7.767,7288
4,2,7.8,7289
4,2,7.833,7290
4,2,7.867,7291
4,2,7.9,7292
4,2,7.933,7293
4,2,7.967,7294
4,2,8,7295
4,2,8.033,7296
4,2,8.067,7297
4,2,8.1,7298
4,2,8.133,7299
4,2,8.167,7300
4,2,8.2,7301
4,2,8.233,7302
4,2,8.267,7303
4,2,8.3,7304
4,2,8.333,7305
4,2,8.367,7306
4,2,8.4,7307
4,2,8.433,7308
4,2,8.467,7309
4,2,8.5,7310
4,2,8.533,7311
4,2,8.567,7312
4,2,8.6,7313
4,2,8.633,7314
4,2,8.667,7315
4,2,8.7,7316
4,2,8.733,7317
4,2,8.767,7318
4,2,8.8,7319
4,2,8.833,7320
4,2,8.867,7321
4,2,8.9,7322
4,2,8.933,7323
4,2,8.967,7324
4,2,9,7325
4,2,9.033,7326
4,2,9.067,7327
4,2,9.1,7328
4,2,9.133,7329
4,2,9.167,7330
4,2,9.2,7331
4,2,9.233,7332
4,2,9.267,7333
4,2,9.3,7334
4,2,9.333,7335
4,2,9.367,7336
4,2,9.4,7337
4,2,9.433,7338
4,2,9.467,7339
4,2,9.5,7340
4,2,9.533,7341
4,2,9.567,7342
4,2,9.6,7343
4,2,9.633,7344
4,2,9.667,7345
4,2,9.7,7346
4,2,9.733,7347
4,2,9.767,7348
4,2,9.8,7349
4,2,9.833,7350
4,2,9.867,7351
4,2,9.9,7352
4,2,9.933,7353
4,2,9.967,7354
4,2,10,7355
4,2,10.033,7356
4,2,10.067,7357
4,2,10.1,7358
4,2,10.133,7359
4,2,10.167,7360
4,2,10.2,7361
4,2,10.233,7362
4,2,10.267,7363
4,2,10.3,7364
4,2,10.333,7365
4,2,10.367,7366
4,2,10.4,7367
4,2,10.433,7368
4,2,10.467,7369
4,2,10.5,7370
4,2,10.533,7371
4,2,10.567,7372
4,2,10.6,7373
4,2,10.633,7374
4,2,10.667,7375
4,2,10.7,7376
4,2,10.733,7377
4,2,10.767,7378
4,2,10.8,7379
4,2,10.833,7380
4,2,10.867,7381
4,2,10.9,7382
4,2,10.933,7383
4,2,10.967,7384
4,2,11,7385
4,2,11.033,7386
4,2,11.067,7387
4,2,11.1,7388
4,2,11.133,7389
4,2,11.167,7390
4,2,11.2,7391
6,2,11.3,7392
6,2,11.333,7393
6,2,11.367,7394
6,2,11.4,7395
6,2,11.433,7396
6,2,11.467,7397
6,2,11.5,7398
6,2,11.533,7399
6,2,11.567,7400
6,2,11.6,7401
6,2,11.633,7402
6,2,11.667,7403
6,2,11.7,7404
6,2,11.733,7405
6,2,11.767,7406
6,2,11.8,7407
6,2,11.833,7408
6,2,11.867,7409
6,2,11.9,7410
6,2,11.933,7411
6,2,11.967,7412
6,2,12,7413
6,2,12.033,7414
6,2,12.067,7415
6,2,12.1,7416
6,2,12.133,7417
6,2,12.167,7418
6,2,12.2,7419
6,2,12.233,7420
6,2,12.267,7421
6,2,12.3,7422
6,2,12.333,7423
6,2,12.367,7424
6,2,12.4,7425
6,2,12.433,7426
6,2,12.467,7427
6,2,12.5,7428
6,2,12.533,7429
6,2,12.567,7430
6,2,12.6,7431
6,2,12.633,7432
6,2,12.667,7433
6,2,12.7,7434
6,2,12.733,7435
6,2,12.767,7436
6,2,12.8,7437
6,2,12.833,7438
6,2,12.867,7439
6,2,12.9,7440
6,2,12.933,7441
6,2,12.967,7442
6,2,13,7443
6,2,13.033,7444
6,2,13.067,7445
6,2,13.1,7446
6,2,13.133,7447
6,2,13.167,7448
6,2,13.2,7449
6,2,13.233,7450
6,2,13.267,7451
6,2,13.3,7452
6,2,13.333,7453
6,2,13.367,7454
6,2,13.4,7455
6,2,13.433,7456
6,2,0,7457
6,2,0.033,7458
6,2,0.067,7459
6,2,0.1,7460
6,2,0.133,7461
6,2,0.167,7462
6,2,0.2,7463
6,2,0.233,7464
6,2,0.267,7465
6,2,0.3,7466
6,2,0.333,7467
6,2,0.367,7468
6,2,0.4,7469
6,2,0.433,7470
6,2,0.467,7471
6,2,0.5,7472
6,2,0.533,7473
6,2,0.567,7474
6,2,0.6,7475
6,2,0.633,7476
6,2,0.667,7477
6,2,0.7,7478
6,2,0.733,7479
6,2,0.767,7480
6,2,0.8,7481
6,2,0.833,7482
6,2,0.867,7483
6,2,0.9,7484
6,2,0.933,7485
6,2,0.967,7486
6,2,1,7487
6,2,1.033,7488
6,2,1.067,7489
6,2,1.1,7490
6,2,1.133,7491
6,2,1.167,7492
6,2,1.2,7493
6,2,1.233,7494
6,2,1.267,7495
6,2,1.3,7496
6,2,1.333,7497
6,2,1.367,7498
6,2,1.4,7499
6,2,1.433,7500
6,2,1.467,7501
6,2,1.5,7502
6,2,1.533,7503
6,2,1.567,7504
6,2,1.6,7505
6,2,1.633,7506
6,2,1.667,7507
6,2,1.7,7508
6,2,1.733,7509
6,2,1.767,7510
6,2,1.8,7511
6,2,1.833,7512
6,2,1.867,7513
6,2,1.9,7514
6,2,1.933,7515
6,2,1.967,7516
6,2,2,7517
6,2,2.033,7518
6,2,2.067,7519
6,2,2.1,7520
6,2,2.133,7521
6,2,2.167,7522
6,2,2.2,7523
6,2,2.233,7524
6,2,2.267,7525
6,2,2.3,7526
6,2,2.333,7527
6,2,2.367,7528
6,2,2.4,7529
6,2,2.433,7530
6,2,2.467,7531
6,2,2.5,7532
6,2,2.533,7533
6,2,2.567,7534
6,2,2.6,7535
6,2,2.633,7536
6,2,2.667,7537
6,2,2.7,7538
6,2,2.733,7539
6,2,2.767,7540
6,2,2.8,7541
6,2,2.833,7542
6,2,2.867,7543
6,2,2.9,7544
6,2,2.933,7545
6,2,2.967,7546
6,2,3,7547
6,2,3.033,7548
6,2,3.067,7549
6,2,3.1,7550
6,2,3.133,7551
6,2,3.167,7552
6,2,3.2,7553
6,2,3.233,7554
6,2,3.267,7555
6,2,3.3,7556
6,2,3.333,7557
6,2,3.367,7558
6,2,3.4,7559
6,2,3.433,7560
6,2,3.467,7561
6,2,3.5,7562
6,2,3.533,7563
6,2,3.567,7564
6,2,3.6,7565
6,2,3.633,7566
6,2,3.667,7567
6,2,3.7,7568
6,2,3.733,7569
6,2,3.767,7570
6,2,3.8,7571
6,2,3.833,7572
6,2,3.867,7573
6,2,3.9,7574
6,2,3.933,7575
6,2,3.967,7576
6,2,4,7577
6,2,4.033,7578
6,2,4.067,7579
6,2,4.1,7580
6,2,4.133,7581
6,2,4.167,7582
6,2,4.2,7583
6,2,4.233,7584
6,2,4.267,7585
6,2,4.3,7586
6,2,4.333,7587
6,2,4.367,7588
6,2,4.4,7589
6,2,4.433,7590
6,2,4.467,7591
6,2,4.5,7592
6,2,4.533,7593
6,2,4.567,7594
6,2,4.6,7595
6,2,4.633,7596
6,2,4.667,7597
6,2,4.7,7598
6,2,4.733,7599
6,2,4.767,7600
6,2,4.8,7601
6,2,4.833,7602
6,2,4.867,7603
6,2,4.9,7604
6,2,4.933,7605
6,2,4.967,7606
6,2,5,7607
6,2,5.033,7608
1,2,5.1,7609
1,2,5.133,7610
1,2,5.167,7611
1,2,5.2,7612
1,2,5.233,7613
1,2,5.267,7614
1,2,5.3,7615
1,2,5.433,7616
1,2,5.467,7617
1,2,5.5,7618
1,2,5.533,7619
1,2,5.567,7620
1,2,5.6,7621
1,2,5.633,7622
1,2,5.667,7623
1,2,5.7,7624
1,2,5.733,7625
1,2,5.767,7626
1,2,5.8,7627
1,2,5.833,7628
1,2,5.867,7629
1,2,5.9,7630
1,2,5.933,7631
1,2,5.967,7632
1,2,6,7633
1,2,6.033,7634
1,2,6.067,7635
1,2,6.1,7636
1,2,6.133,7637
1,2,6.167,7638
1,2,6.2,7639
1,2,6.233,7640
1,2,6.267,7641
1,2,6.3,7642
1,2,6.333,7643
1,2,6.367,7644
1,2,6.4,7645
1,2,6.433,7646
1,2,6.467,7647
1,2,6.5,7648
1,2,6.533,7649
1,2,10.567,7650
1,2,10.6,7651
1,2,10.633,7652
1,2,10.667,7653
1,2,10.7,7654
1,2,10.733,7655
1,2,10.767,7656
1,2,10.8,7657
1,2,10.833,7658
1,2,10.867,7659
1,2,10.9,7660
1,2,10.933,7661
1,2,10.967,7662
1,2,11,7663
1,2,11.033,7664
1,2,11.067,7665
1,2,11.1,7666
1,2,11.133,7667
1,2,11.167,7668
1,2,11.2,7669
1,2,11.233,7670
1,2,11.267,7671
1,2,11.3,7672
1,2,11.333,7673
1,2,11.367,7674
1,2,11.4,7675
1,2,11.433,7676
1,2,11.467,7677
1,2,11.5,7678
1,2,11.533,7679
1,2,11.567,7680
1,2,11.6,7681
1,2,11.633,7682
1,2,11.667,7683
1,2,11.7,7684
1,2,11.733,7685
1,2,11.767,7686
1,2,11.8,7687
1,2,11.833,7688
1,2,11.867,7689
1,2,11.9,7690
1,2,11.933,7691
1,2,11.967,7692
1,2,12,7693
1,2,12.033,7694
1,2,12.067,7695
1,2,12.1,7696
1,2,12.133,7697
1,2,12.167,7698
1,2,12.2,7699
1,2,12.233,7700
1,2,12.267,7701
1,2,12.3,7702
1,2,12.333,7703
1,2,12.367,7704
1,2,12.4,7705
1,2,12.433,7706
1,2,12.467,7707
1,2,12.5,7708
1,2,12.533,7709
1,2,12.567,7710
1,2,12.6,7711
1,2,12.633,7712
1,2,12.667,7713
1,2,12.7,7714
1,2,12.733,7715
1,2,12.767,7716
1,2,12.8,7717
1,2,12.833,7718
1,2,12.867,7719
1,2,12.9,7720
1,2,12.933,7721
1,2,12.967,7722
1,2,13,7723
1,2,13.033,7724
1,2,13.067,7725
1,2,13.1,7726
1,2,13.133,7727
1,2,13.167,7728
1,2,13.2,7729
1,2,13.233,7730
1,2,13.267,7731
1,2,13.3,7732
1,2,13.333,7733
1,2,13.367,7734
1,2,13.4,7735
1,2,13.433,7736
1,2,13.467,7737
1,2,13.5,7738
1,2,13.533,7739
1,2,13.567,7740
1,2,13.6,7741
1,2,13.633,7742
1,2,13.667,7743
1,2,13.7,7744
1,2,13.733,7745
1,2,13.767,7746
1,2,13.8,7747
1,2,13.833,7748
1,2,13.867,7749
1,2,13.9,7750
1,2,13.933,7751
1,2,13.967,7752
1,2,14,7753
1,2,14.033,7754
1,2,14.067,7755
1,2,14.1,7756
1,2,14.133,7757
1,2,14.167,7758
1,2,14.2,7759
1,2,14.233,7760
1,2,14.267,7761
1,2,14.3,7762
1,2,14.333,7763
1,2,14.367,7764
1,2,14.4,7765
1,2,14.433,7766
1,2,14.467,7767
1,2,14.5,7768
1,2,14.533,7769
1,2,14.567,7770
1,2,14.6,7771
1,2,14.633,7772
1,2,14.667,7773
1,2,14.7,7774
1,2,14.733,7775
1,2,14.767,7776
1,2,14.8,7777
1,2,0,7778
1,2,0.033,7779
1,2,0.067,7780
1,2,0.1,7781
1,2,0.133,7782
1,2,0.167,7783
1,2,0.2,7784
1,2,0.233,7785
1,2,0.267,7786
1,2,0.3,7787
1,2,0.333,7788
1,2,0.367,7789
1,2,0.4,7790
1,2,0.433,7791
1,2,0.467,7792
1,2,0.5,7793
1,2,0.533,7794
1,2,0.567,7795
1,2,0.6,7796
1,2,0.633,7797
1,2,0.667,7798
1,2,0.7,7799
1,2,0.733,7800
1,2,0.767,7801
1,2,0.8,7802
1,2,0.833,7803
1,2,0.867,7804
1,2,0.9,7805
1,2,0.933,7806
1,2,0.967,7807
1,2,1,7808
1,2,1.033,7809
1,2,1.067,7810
1,2,1.1,7811
1,2,1.133,7812
1,2,1.167,7813
1,2,1.2,7814
1,2,1.233,7815
1,2,1.267,7816
1,2,1.3,7817
1,2,1.333,7818
1,2,1.367,7819
1,2,1.4,7820
1,2,1.433,7821
1,2,1.467,7822
1,2,1.5,7823
1,2,1.533,7824
1,2,1.567,7825
1,2,1.6,7826
1,2,1.633,7827
1,2,1.667,7828
1,2,1.7,7829
1,2,1.733,7830
1,2,1.767,7831
1,2,1.8,7832
1,2,1.833,7833
1,2,1.867,7834
1,2,1.9,7835
6,3,5.833,7836
6,3,5.867,7837
6,3,5.9,7838
6,3,5.933,7839
6,3,5.967,7840
6,3,6,7841
6,3,6.033,7842
6,3,6.067,7843
6,3,6.1,7844
6,3,6.133,7845
6,3,6.167,7846
6,3,6.2,7847
6,3,6.233,7848
6,3,6.267,7849
6,3,6.3,7850
6,3,6.333,7851
6,3,6.367,7852
6,3,6.4,7853
6,3,6.433,7854
6,3,6.467,7855
6,3,6.5,7856
6,3,6.533,7857
6,3,6.567,7858
6,3,6.6,7859
6,3,6.633,7860
6,3,6.667,7861
6,3,6.7,7862
6,3,6.733,7863
6,3,6.767,7864
6,3,6.8,7865
6,3,6.833,7866
6,3,6.867,7867
6,3,6.9,7868
6,3,6.933,7869
5,3,9.367,7870
5,3,9.4,7871
5,3,9.433,7872
5,3,9.467,7873
5,3,9.5,7874
2,3,12.333,7875
2,3,12.367,7876
2,3,12.4,7877
2,3,12.433,7878
2,3,12.467,7879
2,3,12.5,7880
2,3,12.533,7881
2,3,12.567,7882
2,3,12.6,7883
2,3,12.633,7884
2,3,12.667,7885
2,3,12.7,7886
2,3,12.733,7887
2,3,12.767,7888
2,3,12.8,7889
2,3,12.833,7890
2,3,12.867,7891
2,3,12.9,7892
2,3,12.933,7893
2,3,12.967,7894
2,3,13,7895
2,3,13.033,7896
2,3,13.067,7897
2,3,13.1,7898
2,3,13.133,7899
2,3,13.167,7900
2,3,13.2,7901
2,3,13.233,7902
2,3,13.267,7903
2,3,13.3,7904
2,3,13.333,7905
2,3,13.367,7906
2,3,13.4,7907
2,3,13.433,7908
2,3,13.467,7909
2,3,13.5,7910
2,3,13.533,7911
2,3,13.567,7912
2,3,13.6,7913
2,3,13.633,7914
2,3,13.667,7915
2,3,13.7,7916
2,3,13.733,7917
2,3,13.767,7918
2,3,13.8,7919
2,3,13.833,7920
2,3,13.867,7921
2,3,13.9,7922
2,3,13.933,7923
2,3,13.967,7924
2,3,14,7925
2,3,14.033,7926
2,3,14.067,7927
2,3,14.1,7928
2,3,14.133,7929
2,3,14.167,7930
2,3,14.2,7931
2,3,14.233,7932
2,3,14.267,7933
2,3,14.3,7934
2,3,14.333,7935
2,3,14.367,7936
2,3,14.4,7937
2,3,14.433,7938
2,3,14.467,7939
2,3,14.5,7940
2,3,14.533,7941
2,3,14.567,7942
2,3,14.6,7943
2,3,14.633,7944
2,3,14.667,7945
2,3,14.7,7946
2,3,14.733,7947
2,3,14.767,7948
2,3,14.8,7949
2,3,14.833,7950
2,3,14.867,7951
2,3,14.9,7952
2,3,14.933,7953
2,3,14.967,7954
2,3,15,7955
2,3,15.033,7956
2,3,15.067,7957
2,3,15.1,7958
2,3,15.133,7959
2,3,15.167,7960
2,3,15.2,7961
2,3,15.233,7962
2,3,15.267,7963
2,3,15.3,7964
2,3,15.333,7965
2,3,15.367,7966
2,3,15.4,7967
2,3,15.433,7968
2,3,15.467,7969
2,3,15.5,7970
2,3,15.533,7971
2,3,15.567,7972
2,3,15.6,7973
2,3,15.633,7974
2,3,15.667,7975
2,3,15.7,7976
2,3,15.733,7977
2,3,15.767,7978
2,3,15.8,7979
2,3,15.833,7980
2,3,15.867,7981
2,3,15.9,7982
2,3,15.933,7983
2,3,15.967,7984
2,3,16,7985
2,3,16.033,7986
2,3,16.067,7987
2,3,16.1,7988
4,3,16.2,7989
4,3,16.233,7990
4,3,16.267,7991
4,3,16.3,7992
4,3,16.333,7993
4,3,16.367,7994
4,3,16.4,7995
5,3,16.433,7996
5,3,16.467,7997
5,3,16.5,7998
5,3,16.533,7999
5,3,16.567,8000
5,3,16.6,8001
5,3,16.633,8002
5,3,16.667,8003
5,3,16.7,8004
5,3,16.733,8005
5,3,16.767,8006
5,3,16.8,8007
5,3,16.833,8008
4,3,16.867,8009
4,3,16.9,8010
4,3,16.933,8011
4,3,16.967,8012
4,3,17,8013
4,3,17.033,8014
4,3,17.067,8015
4,3,17.1,8016
4,3,17.133,8017
3,3,17.233,8018
3,3,17.267,8019
3,3,17.3,8020
3,3,17.333,8021
3,3,17.367,8022
3,3,17.4,8023
3,3,17.433,8024
3,3,17.467,8025
3,3,17.5,8026
3,3,17.533,8027
3,3,17.567,8028
3,3,17.6,8029
3,3,17.633,8030
3,3,17.667,8031
3,3,17.7,8032
3,3,17.733,8033
3,3,17.767,8034
3,3,17.8,8035
3,3,17.833,8036
3,3,17.867,8037
3,3,17.9,8038
3,3,17.933,8039
3,3,17.967,8040
3,3,18,8041
3,3,18.033,8042
3,3,18.067,8043
3,3,18.1,8044
3,3,18.133,8045
3,3,18.167,8046
3,3,18.2,8047
3,3,18.233,8048
3,3,18.267,8049
3,3,18.3,8050
3,3,18.333,8051
3,3,18.367,8052
3,3,18.4,8053
3,3,18.433,8054
3,3,18.467,8055
3,3,18.5,8056
3,3,18.533,8057
3,3,18.567,8058
3,3,18.6,8059
3,3,18.633,8060
3,3,18.667,8061
3,3,18.7,8062
3,3,18.733,8063
3,3,18.767,8064
3,3,18.8,8065
3,3,18.833,8066
3,3,18.867,8067
3,3,18.9,8068
3,3,18.933,8069
3,3,18.967,8070
3,3,19,8071
3,3,19.033,8072
3,3,19.067,8073
3,3,19.1,8074
3,3,19.133,8075
3,3,19.167,8076
3,3,19.2,8077
3,3,19.233,8078
3,3,19.267,8079
3,3,19.3,8080
3,3,19.333,8081
3,3,19.367,8082
3,3,19.4,8083
3,3,19.433,8084
3,3,19.467,8085
3,3,19.5,8086
3,3,19.533,8087
3,3,19.567,8088
3,3,19.6,8089
3,3,19.633,8090
3,3,19.667,8091
3,3,19.7,8092
3,3,19.733,8093
3,3,19.767,8094
3,3,19.8,8095
3,3,19.833,8096
3,3,19.867,8097
3,3,19.9,8098
3,3,19.933,8099
3,3,19.967,8100
3,3,20,8101
3,3,20.033,8102
3,3,20.067,8103
3,3,20.1,8104
3,3,20.133,8105
3,3,20.167,8106
3,3,20.2,8107
3,3,20.233,8108
3,3,20.267,8109
3,3,20.3,8110
3,3,20.333,8111
3,3,20.367,8112
3,3,20.4,8113
3,3,20.433,8114
3,3,20.467,8115
3,3,20.5,8116
3,3,20.533,8117
3,3,20.567,8118
3,3,20.6,8119
3,3,20.633,8120
3,3,20.667,8121
3,3,20.7,8122
3,3,20.733,8123
3,3,20.767,8124
3,3,20.8,8125
3,3,20.833,8126
3,3,20.867,8127
3,3,20.9,8128
3,3,20.933,8129
3,3,20.967,8130
3,3,21,8131
3,3,21.033,8132
3,3,21.067,8133
3,3,21.1,8134
3,3,21.133,8135
3,3,21.167,8136
3,3,21.2,8137
3,3,21.233,8138
3,3,21.267,8139
3,3,21.3,8140
3,3,21.333,8141
3,3,21.367,8142
3,3,21.4,8143
3,3,21.433,8144
3,3,21.467,8145
3,3,21.5,8146
3,3,21.533,8147
3,3,21.567,8148
3,3,21.6,8149
3,3,21.633,8150
3,3,21.667,8151
3,3,21.7,8152
3,3,21.733,8153
3,3,21.767,8154
3,3,21.8,8155
3,3,21.833,8156
3,3,21.867,8157
4,3,22,8158
4,3,22.133,8159
4,3,22.167,8160
4,3,22.2,8161
4,3,22.233,8162
4,3,22.267,8163
4,3,22.3,8164
4,3,22.333,8165
4,3,22.367,8166
4,3,22.4,8167
4,3,22.433,8168
4,3,22.467,8169
4,3,22.5,8170
4,3,22.533,8171
4,3,22.567,8172
4,3,22.6,8173
4,3,22.633,8174
4,3,22.667,8175
4,3,22.7,8176
4,3,22.733,8177
4,3,22.767,8178
4,3,22.8,8179
4,3,22.833,8180
4,3,22.867,8181
4,3,22.9,8182
4,3,22.933,8183
4,3,22.967,8184
4,3,23,8185
4,3,23.033,8186
4,3,23.067,8187
4,3,23.1,8188
4,3,23.133,8189
4,3,23.167,8190
4,3,23.2,8191
4,3,23.233,8192
4,3,23.267,8193
4,3,23.3,8194
4,3,23.333,8195
4,3,23.367,8196
4,3,23.4,8197
4,3,23.433,8198
4,3,23.467,8199
4,3,23.5,8200
4,3,23.533,8201
4,3,23.567,8202
4,3,23.6,8203
4,3,23.633,8204
4,3,23.667,8205
4,3,23.7,8206
4,3,23.733,8207
4,3,23.767,8208
4,3,23.8,8209
4,3,23.833,8210
4,3,23.867,8211
4,3,23.9,8212
4,3,23.933,8213
4,3,23.967,8214
4,3,24,8215
4,3,24.033,8216
4,3,24.067,8217
4,3,24.1,8218
4,3,24.133,8219
4,3,24.167,8220
4,3,24.2,8221
4,3,24.233,8222
4,3,24.267,8223
4,3,24.3,8224
4,3,24.333,8225
4,3,24.367,8226
4,3,24.4,8227
4,3,24.433,8228
4,3,24.467,8229
4,3,24.5,8230
4,3,24.533,8231
4,3,24.567,8232
4,3,24.6,8233
4,3,24.633,8234
4,3,24.667,8235
4,3,24.7,8236
4,3,24.733,8237
4,3,24.767,8238
4,3,24.8,8239
4,3,24.833,8240
4,3,24.867,8241
4,3,24.9,8242
4,3,24.933,8243
4,3,24.967,8244
4,3,25,8245
4,3,25.033,8246
4,3,25.067,8247
4,3,25.1,8248
4,3,25.133,8249
4,3,25.167,8250
4,3,25.2,8251
4,3,25.233,8252
4,3,25.267,8253
4,3,25.3,8254
4,3,25.333,8255
4,3,25.367,8256
4,3,25.4,8257
4,3,25.433,8258
4,3,25.467,8259
4,3,25.5,8260
4,3,25.533,8261
4,3,25.567,8262
4,3,25.6,8263
4,3,25.633,8264
4,3,25.667,8265
4,3,25.7,8266
4,3,25.733,8267
4,3,25.767,8268
4,3,25.8,8269
4,3,25.833,8270
4,3,25.867,8271
4,3,25.9,8272
4,3,25.933,8273
4,3,25.967,8274
4,3,26,8275
4,3,26.033,8276
4,3,26.067,8277
4,3,26.1,8278
4,3,26.133,8279
4,3,26.167,8280
4,3,26.2,8281
4,3,26.233,8282
4,3,26.267,8283
4,3,26.3,8284
4,3,26.333,8285
4,3,26.367,8286
4,3,26.4,8287
4,3,26.433,8288
4,3,26.467,8289
4,3,26.5,8290
4,3,26.533,8291
4,3,26.567,8292
4,3,26.6,8293
4,3,26.633,8294
4,3,26.667,8295
4,3,26.7,8296
4,3,26.733,8297
4,3,26.767,8298
4,3,26.8,8299
4,3,26.833,8300
4,3,26.867,8301
4,3,26.9,8302
4,3,26.933,8303
4,3,26.967,8304
4,3,27,8305
4,3,27.033,8306
4,3,27.067,8307
4,3,27.1,8308
4,3,27.133,8309
4,3,27.167,8310
4,3,27.2,8311
4,3,27.233,8312
4,3,27.267,8313
4,3,27.3,8314
4,3,27.333,8315
4,3,27.367,8316
4,3,27.4,8317
4,3,27.433,8318
4,3,27.467,8319
4,3,27.5,8320
4,3,27.533,8321
4,3,27.567,8322
4,3,27.6,8323
4,3,27.633,8324
4,3,27.667,8325
4,3,27.7,8326
4,3,27.733,8327
4,3,27.767,8328
4,3,27.8,8329
4,3,27.833,8330
4,3,27.867,8331
4,3,27.9,8332
4,3,27.933,8333
4,3,27.967,8334
4,3,28,8335
4,3,28.033,8336
4,3,28.067,8337
4,3,28.1,8338
4,3,28.133,8339
4,3,28.167,8340
4,3,28.2,8341
4,3,28.233,8342
4,3,28.267,8343
4,3,28.3,8344
4,3,28.333,8345
4,3,28.367,8346
4,3,28.4,8347
4,3,28.433,8348
4,3,28.467,8349
4,3,28.5,8350
4,3,28.533,8351
4,3,28.567,8352
4,3,28.6,8353
4,3,28.633,8354
4,3,28.667,8355
4,3,28.7,8356
4,3,28.733,8357
4,3,28.767,8358
4,3,28.8,8359
4,3,28.833,8360
4,3,28.867,8361
4,3,28.9,8362
4,3,28.933,8363
4,3,28.967,8364
4,3,29,8365
4,3,29.033,8366
4,3,29.067,8367
4,3,29.1,8368
4,3,29.133,8369
4,3,29.167,8370
4,3,29.2,8371
4,3,29.233,8372
4,3,29.267,8373
4,3,29.3,8374
4,3,29.333,8375
4,3,29.367,8376
4,3,29.4,8377
4,3,29.433,8378
4,3,29.467,8379
4,3,29.5,8380
4,3,29.533,8381
4,3,29.567,8382
4,3,29.6,8383
4,3,29.633,8384
4,3,29.667,8385
4,3,29.7,8386
4,3,29.733,8387
4,3,29.767,8388
4,3,29.8,8389
4,3,29.833,8390
4,3,29.867,8391
4,3,29.9,8392
4,3,29.933,8393
4,3,29.967,8394
4,3,30,8395
4,3,30.033,8396
4,3,30.067,8397
4,3,30.1,8398
4,3,30.133,8399
4,3,30.167,8400
4,3,30.2,8401
4,3,30.233,8402
4,3,30.267,8403
4,3,30.3,8404
4,3,30.333,8405
4,3,30.367,8406
4,3,30.4,8407
4,3,30.433,8408
4,3,30.467,8409
4,3,30.5,8410
4,3,30.533,8411
4,3,30.567,8412
4,3,30.6,8413
4,3,30.633,8414
4,3,30.667,8415
4,3,30.7,8416
4,3,30.733,8417
4,3,30.767,8418
4,3,30.8,8419
4,3,30.833,8420
4,3,30.867,8421
4,3,30.9,8422
4,3,30.933,8423
4,3,30.967,8424
4,3,31,8425
4,3,31.033,8426
4,3,31.067,8427
4,3,31.1,8428
4,3,31.133,8429
4,3,31.167,8430
4,3,31.2,8431
4,3,31.233,8432
4,3,31.267,8433
4,3,31.3,8434
4,3,31.333,8435
4,3,31.367,8436
4,3,31.4,8437
4,3,31.433,8438
4,3,31.467,8439
4,3,31.5,8440
4,3,31.533,8441
4,3,31.567,8442
4,3,31.6,8443
4,3,31.633,8444
4,3,31.667,8445
4,3,31.7,8446
4,3,31.733,8447
4,3,31.767,8448
4,3,31.8,8449
4,3,0,8450
4,3,0.033,8451
4,3,0.067,8452
4,3,0.1,8453
4,3,0.133,8454
4,3,0.167,8455
4,3,0.2,8456
4,3,0.233,8457
4,3,0.267,8458
4,3,0.3,8459
4,3,0.333,8460
4,3,0.367,8461
4,3,0.4,8462
4,3,0.433,8463
4,3,0.467,8464
4,3,0.5,8465
4,3,0.533,8466
4,3,0.567,8467
4,3,0.6,8468
4,3,0.633,8469
4,3,0.667,8470
4,3,0.7,8471
4,3,0.733,8472
4,3,0.767,8473
4,3,0.8,8474
4,3,0.833,8475
4,3,0.867,8476
4,3,0.9,8477
4,3,0.933,8478
4,3,0.967,8479
4,3,1,8480
4,3,1.033,8481
4,3,1.067,8482
4,3,1.1,8483
4,3,1.133,8484
4,3,1.167,8485
4,3,1.2,8486
4,3,1.233,8487
4,3,1.267,8488
4,3,1.3,8489
4,3,1.333,8490
4,3,1.367,8491
4,3,1.4,8492
4,3,1.433,8493
4,3,1.467,8494
4,3,1.5,8495
4,3,1.533,8496
4,3,1.567,8497
4,3,1.6,8498
4,3,1.633,8499
4,3,1.667,8500
4,3,1.7,8501
4,3,1.733,8502
4,3,1.767,8503
4,3,1.8,8504
4,3,1.833,8505
4,3,1.867,8506
4,3,1.9,8507
4,3,1.933,8508
4,3,1.967,8509
4,3,2,8510
4,3,2.033,8511
4,3,2.067,8512
4,3,2.1,8513
4,3,2.133,8514
4,3,2.167,8515
4,3,2.2,8516
4,3,2.233,8517
4,3,2.267,8518
4,3,2.3,8519
4,3,2.333,8520
4,3,2.367,8521
4,3,2.4,8522
4,3,2.433,8523
4,3,2.467,8524
4,3,2.5,8525
4,3,2.533,8526
4,3,2.567,8527
4,3,2.6,8528
4,3,2.633,8529
4,3,2.667,8530
4,3,2.7,8531
4,3,2.733,8532
4,3,2.767,8533
4,3,2.8,8534
4,3,2.833,8535
4,3,2.867,8536
4,3,2.9,8537
4,3,2.933,8538
4,3,2.967,8539
4,3,3,8540
4,3,3.033,8541
4,3,3.067,8542
4,3,3.1,8543
4,3,3.133,8544
4,3,3.167,8545
4,3,3.2,8546
4,3,3.233,8547
4,3,3.267,8548
4,3,3.3,8549
4,3,3.333,8550
4,3,3.367,8551
4,3,3.4,8552
4,3,3.433,8553
4,3,3.467,8554
4,3,3.5,8555
4,3,3.533,8556
4,3,3.567,8557
4,3,3.6,8558
4,3,3.633,8559
4,3,3.667,8560
4,3,3.7,8561
4,3,3.733,8562
4,3,3.767,8563
4,3,3.8,8564
4,3,3.833,8565
4,3,3.867,8566
4,3,3.9,8567
4,3,3.933,8568
4,3,3.967,8569
4,3,4,8570
4,3,4.033,8571
4,3,4.067,8572
4,3,4.1,8573
4,3,4.133,8574
4,3,4.167,8575
4,3,4.2,8576
4,3,4.233,8577
4,3,4.267,8578
4,3,4.3,8579
4,3,4.333,8580
4,3,4.367,8581
4,3,4.4,8582
4,3,4.433,8583
4,3,4.467,8584
4,3,4.5,8585
4,3,4.533,8586
4,3,4.567,8587
4,3,4.6,8588
4,3,4.633,8589
4,3,4.667,8590
4,3,4.7,8591
4,3,4.733,8592
4,3,4.767,8593
4,3,4.8,8594
4,3,4.833,8595
4,3,4.867,8596
4,3,4.9,8597
4,3,4.933,8598
4,3,4.967,8599
4,3,5,8600
4,3,5.033,8601
4,3,5.067,8602
4,3,5.1,8603
4,3,5.133,8604
4,3,5.167,8605
4,3,5.2,8606
4,3,5.233,8607
4,3,5.267,8608
4,3,5.3,8609
4,3,5.333,8610
4,3,5.367,8611
4,3,5.4,8612
4,3,5.433,8613
4,3,5.467,8614
4,3,5.5,8615
4,3,5.533,8616
4,3,5.567,8617
4,3,5.6,8618
4,3,5.633,8619
4,3,5.667,8620
4,3,5.7,8621
4,3,5.733,8622
4,3,5.767,8623
4,3,5.8,8624
4,3,5.833,8625
4,3,5.867,8626
4,3,5.9,8627
4,3,5.933,8628
4,3,5.967,8629
4,3,6,8630
4,3,6.033,8631
4,3,6.067,8632
4,3,6.1,8633
4,3,6.133,8634
4,3,6.167,8635
4,3,6.2,8636
4,3,6.233,8637
4,3,6.267,8638
4,3,6.3,8639
4,3,6.333,8640
4,3,6.367,8641
4,3,6.4,8642
4,3,6.433,8643
4,3,6.467,8644
4,3,6.5,8645
4,3,6.533,8646
4,3,6.567,8647
4,3,6.6,8648
4,3,6.633,8649
4,3,6.667,8650
4,3,6.7,8651
4,3,6.733,8652
4,3,6.767,8653
4,3,6.8,8654
4,3,6.833,8655
4,3,6.867,8656
4,3,6.9,8657
4,3,6.933,8658
4,3,6.967,8659
4,3,7,8660
4,3,7.033,8661
4,3,7.067,8662
4,3,7.1,8663
4,3,7.133,8664
4,3,7.167,8665
4,3,7.2,8666
4,3,7.233,8667
4,3,7.267,8668
4,3,7.3,8669
4,3,7.333,8670
4,3,7.367,8671
4,3,7.4,8672
4,3,7.433,8673
4,3,7.467,8674
4,3,7.5,8675
4,3,7.533,8676
4,3,7.567,8677
4,3,7.6,8678
4,3,7.633,8679
4,3,7.667,8680
4,3,7.7,8681
4,3,7.733,8682
4,3,7.767,8683
4,3,7.8,8684
4,3,7.833,8685
4,3,7.867,8686
4,3,7.9,8687
4,3,7.933,8688
4,3,7.967,8689
4,3,8,8690
4,3,8.033,8691
4,3,8.067,8692
4,3,8.1,8693
4,3,8.133,8694
4,3,8.167,8695
4,3,8.2,8696
4,3,8.233,8697
4,3,8.267,8698
4,3,8.3,8699
4,3,8.333,8700
4,3,8.367,8701
4,3,8.4,8702
4,3,8.433,8703
4,3,8.467,8704
4,3,8.5,8705
4,3,8.533,8706
4,3,8.567,8707
4,3,8.6,8708
4,3,8.633,8709
4,3,8.667,8710
4,3,8.7,8711
4,3,8.733,8712
4,3,8.767,8713
4,3,8.8,8714
4,3,8.833,8715
4,3,8.867,8716
4,3,8.9,8717
4,3,8.933,8718
4,3,8.967,8719
4,3,9,8720
4,3,9.033,8721
4,3,9.067,8722
4,3,9.1,8723
4,3,9.133,8724
4,3,9.167,8725
4,3,9.2,8726
4,3,9.233,8727
4,3,9.267,8728
4,3,9.3,8729
4,3,9.333,8730
5,3,9.4,8731
5,3,9.433,8732
5,3,9.467,8733
4,3,9.533,8734
4,3,9.567,8735
4,3,9.6,8736
4,3,9.633,8737
4,3,9.667,8738
4,3,9.7,8739
4,3,9.733,8740
4,3,9.767,8741
4,3,9.8,8742
4,3,9.833,8743
4,3,9.867,8744
4,3,9.9,8745
4,3,9.933,8746
4,3,9.967,8747
4,3,10,8748
4,3,10.033,8749
4,3,10.067,8750
4,3,10.1,8751
4,3,10.133,8752
4,3,10.167,8753
4,3,10.2,8754
4,3,10.233,8755
4,3,10.267,8756
4,3,10.3,8757
4,3,10.333,8758
4,3,10.367,8759
4,3,10.4,8760
4,3,10.433,8761
4,3,10.467,8762
4,3,10.5,8763
4,3,10.533,8764
4,3,10.567,8765
4,3,10.6,8766
4,3,10.633,8767
4,3,10.667,8768
4,3,10.7,8769
4,3,10.733,8770
4,3,10.767,8771
4,3,10.8,8772
4,3,10.833,8773
4,3,10.867,8774
4,3,10.9,8775
4,3,10.933,8776
4,3,10.967,8777
4,3,11,8778
4,3,11.033,8779
4,3,11.067,8780
5,3,11.133,8781
5,3,11.167,8782
5,3,11.2,8783
5,3,11.233,8784
5,3,11.267,8785
5,3,11.3,8786
5,3,11.333,8787
5,3,11.367,8788
5,3,11.4,8789
5,3,11.433,8790
5,3,11.467,8791
5,3,11.5,8792
5,3,11.533,8793
5,3,11.567,8794
5,3,11.6,8795
5,3,11.633,8796
5,3,11.667,8797
5,3,11.7,8798
5,3,11.733,8799
5,3,11.767,8800
5,3,11.8,8801
5,3,11.833,8802
5,3,11.867,8803
5,3,11.9,8804
5,3,11.933,8805
5,3,11.967,8806
5,3,12,8807
5,3,12.033,8808
5,3,12.067,8809
5,3,12.1,8810
5,3,12.133,8811
5,3,12.167,8812
5,3,12.2,8813
5,3,12.233,8814
5,3,12.267,8815
5,3,12.3,8816
5,3,12.333,8817
5,3,12.367,8818
5,3,12.4,8819
5,3,12.433,8820
5,3,12.467,8821
5,3,12.5,8822
5,3,12.533,8823
5,3,12.567,8824
5,3,12.6,8825
5,3,12.633,8826
5,3,12.667,8827
5,3,12.7,8828
5,3,12.733,8829
5,3,12.767,8830
5,3,12.8,8831
5,3,12.833,8832
5,3,12.867,8833
5,3,12.9,8834
5,3,12.933,8835
5,3,12.967,8836
5,3,13,8837
5,3,13.033,8838
5,3,13.067,8839
5,3,13.1,8840
5,3,13.133,8841
5,3,13.167,8842
5,3,13.2,8843
5,3,13.233,8844
5,3,13.267,8845
5,3,13.3,8846
5,3,13.333,8847
5,3,13.367,8848
5,3,13.4,8849
5,3,13.433,8850
5,3,13.467,8851
5,3,13.5,8852
5,3,13.533,8853
5,3,13.567,8854
5,3,13.6,8855
5,3,13.633,8856
5,3,13.667,8857
5,3,13.7,8858
5,3,13.733,8859
5,3,13.767,8860
5,3,13.8,8861
5,3,13.833,8862
5,3,13.867,8863
5,3,13.9,8864
5,3,13.933,8865
5,3,13.967,8866
5,3,14,8867
5,3,14.033,8868
5,3,14.067,8869
4,3,14.1,8870
4,3,14.133,8871
4,3,14.167,8872
4,3,14.2,8873
4,3,14.233,8874
4,3,14.267,8875
4,3,14.3,8876
4,3,14.333,8877
4,3,14.367,8878
4,3,14.4,8879
4,3,14.433,8880
4,3,14.467,8881
4,3,14.5,8882
4,3,14.533,8883
4,3,14.567,8884
4,3,14.6,8885
4,3,14.633,8886
4,3,14.667,8887
4,3,14.7,8888
4,3,14.733,8889
4,3,14.767,8890
4,3,14.8,8891
4,3,14.833,8892
4,3,14.867,8893
4,3,14.9,8894
4,3,14.933,8895
4,3,14.967,8896
4,3,15,8897
4,3,15.033,8898
4,3,15.067,8899
4,3,15.1,8900
4,3,15.133,8901
4,3,15.167,8902
4,3,15.2,8903
4,3,15.233,8904
4,3,15.267,8905
4,3,15.3,8906
4,3,15.333,8907
4,3,15.367,8908
4,3,15.4,8909
4,3,15.433,8910
4,3,15.467,8911
4,3,15.5,8912
4,3,15.533,8913
4,3,15.567,8914
4,3,15.6,8915
4,3,15.633,8916
4,3,15.667,8917
4,3,15.7,8918
4,3,15.733,8919
4,3,15.767,8920
4,3,15.8,8921
4,3,15.833,8922
4,3,15.867,8923
4,3,15.9,8924
4,3,15.933,8925
4,3,15.967,8926
4,3,16,8927
4,3,16.033,8928
4,3,16.067,8929
4,3,16.1,8930
4,3,16.133,8931
4,3,16.167,8932
4,3,16.2,8933
4,3,16.233,8934
4,3,16.267,8935
4,3,16.3,8936
4,3,16.333,8937
4,3,16.367,8938
4,3,16.4,8939
4,3,16.433,8940
4,3,16.467,8941
4,3,16.5,8942
4,3,16.533,8943
4,3,16.567,8944
4,3,16.6,8945
4,3,16.633,8946
4,3,16.667,8947
4,3,16.7,8948
4,3,16.733,8949
4,3,16.767,8950
5,3,16.833,8951
5,3,16.867,8952
5,3,16.9,8953
5,3,18.1,8954
5,3,18.133,8955
5,3,18.167,8956
5,3,18.2,8957
5,3,18.233,8958
5,3,18.267,8959
5,3,18.3,8960
5,3,18.333,8961
5,3,18.367,8962
5,3,18.4,8963
4,3,18.533,8964
4,3,18.567,8965
4,3,18.6,8966
4,3,18.633,8967
4,3,18.667,8968
4,3,18.7,8969
4,3,18.733,8970
4,3,18.767,8971
4,3,18.8,8972
4,3,18.833,8973
4,3,18.867,8974
4,3,18.9,8975
4,3,18.933,8976
4,3,18.967,8977
4,3,19,8978
4,3,19.033,8979
4,3,19.067,8980
4,3,19.1,8981
4,3,19.133,8982
4,3,19.167,8983
4,3,19.2,8984
4,3,19.233,8985
4,3,19.267,8986
4,3,19.3,8987
4,3,19.333,8988
4,3,19.367,8989
4,3,19.4,8990
4,3,19.433,8991
4,3,19.467,8992
4,3,19.5,8993
4,3,19.533,8994
4,3,19.567,8995
4,3,19.6,8996
4,3,19.633,8997
4,3,19.667,8998
4,3,19.7,8999
4,3,19.733,9000
4,3,19.767,9001
4,3,19.8,9002
4,3,19.833,9003
4,3,19.867,9004
4,3,19.9,9005
4,3,19.933,9006
4,3,19.967,9007
4,3,20,9008
4,3,20.033,9009
4,3,20.067,9010
4,3,20.1,9011
4,3,20.133,9012
4,3,20.167,9013
4,3,20.2,9014
4,3,20.233,9015
4,3,20.267,9016
4,3,20.3,9017
4,3,20.333,9018
4,3,20.367,9019
4,3,20.4,9020
4,3,20.433,9021
4,3,20.467,9022
4,3,20.5,9023
4,3,20.533,9024
4,3,20.567,9025
4,3,20.6,9026
4,3,20.633,9027
4,3,20.667,9028
4,3,20.7,9029
4,3,20.733,9030
4,3,20.767,9031
4,3,20.8,9032
4,3,20.833,9033
4,3,20.867,9034
4,3,20.9,9035
4,3,20.933,9036
4,3,20.967,9037
4,3,21,9038
4,3,21.033,9039
4,3,21.067,9040
4,3,21.1,9041
4,3,21.133,9042
4,3,21.167,9043
4,3,21.2,9044
4,3,21.233,9045
4,3,21.267,9046
4,3,21.3,9047
4,3,21.333,9048
4,3,21.367,9049
4,3,21.4,9050
4,3,21.433,9051
4,3,21.467,9052
4,3,21.5,9053
4,3,21.533,9054
4,3,21.567,9055
4,3,21.6,9056
4,3,21.633,9057
4,3,21.667,9058
4,3,21.7,9059
4,3,21.733,9060
4,3,21.767,9061
4,3,21.8,9062
4,3,21.833,9063
4,3,21.867,9064
4,3,21.9,9065
4,3,21.933,9066
4,3,21.967,9067
4,3,22,9068
4,3,22.033,9069
4,3,22.067,9070
4,3,22.1,9071
4,3,22.133,9072
4,3,22.167,9073
4,3,22.2,9074
4,3,22.233,9075
4,3,22.267,9076
4,3,22.3,9077
4,3,22.333,9078
4,3,22.367,9079
4,3,22.4,9080
4,3,22.433,9081
4,3,22.467,9082
4,3,22.5,9083
4,3,22.533,9084
4,3,22.567,9085
4,3,22.6,9086
4,3,22.633,9087
4,3,22.667,9088
4,3,22.7,9089
4,3,22.733,9090
4,3,22.767,9091
4,3,22.8,9092
4,3,22.833,9093
4,3,22.867,9094
4,3,22.9,9095
4,3,22.933,9096
4,3,22.967,9097
4,3,23,9098
4,3,23.033,9099
5,3,23.1,9100
5,3,23.133,9101
5,3,23.167,9102
5,3,23.2,9103
5,3,23.233,9104
5,3,23.267,9105
5,3,23.3,9106
3,3,23.433,9107
3,3,23.467,9108
3,3,23.5,9109
3,3,23.533,9110
3,3,23.567,9111
3,3,23.6,9112
3,3,23.633,9113
3,3,23.667,9114
3,3,23.7,9115
3,3,23.733,9116
3,3,23.767,9117
3,3,23.8,9118
3,3,23.833,9119
3,3,23.867,9120
3,3,23.9,9121
3,3,23.933,9122
3,3,23.967,9123
3,3,24,9124
3,3,24.033,9125
3,3,24.067,9126
3,3,24.1,9127
3,3,24.133,9128
3,3,24.167,9129
3,3,24.2,9130
3,3,24.233,9131
3,3,24.267,9132
3,3,24.3,9133
3,3,24.333,9134
3,3,24.367,9135
3,3,24.4,9136
3,3,24.433,9137
3,3,24.467,9138
3,3,24.5,9139
3,3,24.533,9140
3,3,24.567,9141
3,3,24.6,9142
3,3,24.633,9143
3,3,24.667,9144
3,3,24.7,9145
3,3,24.733,9146
3,3,24.767,9147
3,3,24.8,9148
3,3,24.833,9149
3,3,24.867,9150
3,3,24.9,9151
3,3,24.933,9152
3,3,24.967,9153
3,3,25,9154
3,3,25.033,9155
3,3,25.067,9156
3,3,25.1,9157
3,3,25.133,9158
3,3,25.167,9159
3,3,25.2,9160
3,3,25.233,9161
3,3,25.267,9162
3,3,25.3,9163
3,3,25.333,9164
3,3,25.367,9165
3,3,25.4,9166
3,3,25.433,9167
3,3,25.467,9168
3,3,25.5,9169
3,3,25.533,9170
3,3,25.567,9171
3,3,25.6,9172
3,3,25.633,9173
3,3,25.667,9174
3,3,25.7,9175
3,3,25.733,9176
3,3,25.767,9177
3,3,25.8,9178
3,3,25.833,9179
3,3,25.867,9180
3,3,25.9,9181
3,3,25.933,9182
3,3,25.967,9183
3,3,26,9184
3,3,26.033,9185
3,3,26.067,9186
3,3,26.1,9187
3,3,26.133,9188
3,3,26.167,9189
3,3,26.2,9190
3,3,26.233,9191
3,3,26.267,9192
3,3,26.3,9193
3,3,26.333,9194
3,3,26.367,9195
3,3,26.4,9196
3,3,26.433,9197
3,3,26.467,9198
3,3,26.5,9199
3,3,26.533,9200
3,3,26.567,9201
3,3,26.6,9202
3,3,26.633,9203
3,3,26.667,9204
3,3,26.7,9205
3,3,26.733,9206
3,3,26.767,9207
3,3,26.8,9208
3,3,26.833,9209
3,3,26.867,9210
3,3,26.9,9211
3,3,26.933,9212
3,3,26.967,9213
3,3,27,9214
3,3,27.033,9215
3,3,27.067,9216
3,3,27.1,9217
3,3,27.133,9218
3,3,27.167,9219
3,3,27.2,9220
3,3,27.233,9221
3,3,27.267,9222
3,3,27.3,9223
3,3,27.333,9224
3,3,27.367,9225
3,3,27.4,9226
3,3,27.433,9227
3,3,27.467,9228
3,3,27.5,9229
3,3,27.533,9230
3,3,27.567,9231
3,3,27.6,9232
3,3,27.633,9233
3,3,27.667,9234
3,3,27.7,9235
3,3,27.733,9236
3,3,27.767,9237
3,3,27.8,9238
3,3,27.833,9239
3,3,27.867,9240
3,3,27.9,9241
3,3,27.933,9242
3,3,27.967,9243
3,3,28,9244
3,3,28.033,9245
3,3,28.067,9246
3,3,28.1,9247
3,3,28.133,9248
3,3,28.167,9249
3,3,28.2,9250
3,3,28.233,9251
3,3,28.267,9252
3,3,28.3,9253
3,3,28.333,9254
3,3,28.367,9255
3,3,28.4,9256
3,3,28.433,9257
3,3,28.467,9258
3,3,28.5,9259
3,3,28.533,9260
3,3,28.567,9261
3,3,28.6,9262
3,3,28.633,9263
3,3,28.667,9264
3,3,28.7,9265
3,3,28.733,9266
3,3,28.767,9267
3,3,28.8,9268
3,3,28.833,9269
3,3,28.867,9270
3,3,28.9,9271
3,3,28.933,9272
3,3,28.967,9273
3,3,29,9274
3,3,29.033,9275
3,3,29.067,9276
3,3,29.1,9277
3,3,29.133,9278
3,3,29.167,9279
3,3,29.2,9280
3,3,29.233,9281
3,3,29.267,9282
3,3,29.3,9283
3,3,29.333,9284
3,3,29.367,9285
3,3,29.4,9286
3,3,29.433,9287
3,3,29.467,9288
3,3,29.5,9289
3,3,29.533,9290
3,3,29.567,9291
3,3,29.6,9292
3,3,29.633,9293
3,3,29.667,9294
3,3,29.7,9295
3,3,29.733,9296
3,3,29.767,9297
3,3,29.8,9298
3,3,29.833,9299
3,3,29.867,9300
3,3,29.9,9301
3,3,29.933,9302
3,3,29.967,9303
3,3,30,9304
3,3,30.033,9305
3,3,30.067,9306
3,3,30.1,9307
3,3,30.133,9308
3,3,30.167,9309
3,3,30.2,9310
3,3,30.233,9311
3,3,30.267,9312
3,3,30.3,9313
3,3,30.333,9314
3,3,30.367,9315
3,3,30.4,9316
3,3,30.433,9317
3,3,30.467,9318
3,3,30.5,9319
3,3,30.533,9320
3,3,30.567,9321
3,3,30.6,9322
3,3,30.633,9323
3,3,30.667,9324
3,3,30.7,9325
3,3,30.733,9326
3,3,30.767,9327
3,3,30.8,9328
3,3,30.833,9329
3,3,30.867,9330
3,3,30.9,9331
3,3,30.933,9332
3,3,30.967,9333
3,3,31,9334
3,3,31.033,9335
3,3,31.067,9336
3,3,31.1,9337
3,3,31.133,9338
3,3,31.167,9339
3,3,31.2,9340
2,3,31.233,9341
2,3,31.267,9342
2,3,31.3,9343
2,3,31.333,9344
2,3,31.367,9345
2,3,31.4,9346
2,3,31.433,9347
2,3,31.467,9348
2,3,31.5,9349
2,3,31.533,9350
2,3,31.567,9351
2,3,31.6,9352
3,3,31.667,9353
3,3,31.7,9354
3,3,31.733,9355
3,3,31.767,9356
3,3,31.8,9357
3,3,31.833,9358
3,3,31.867,9359
3,3,31.9,9360
3,3,31.933,9361
3,3,31.967,9362
3,3,32,9363
3,3,32.033,9364
3,3,32.067,9365
3,3,32.1,9366
3,3,32.133,9367
3,3,32.167,9368
3,3,32.2,9369
3,3,32.233,9370
3,3,32.267,9371
3,3,32.3,9372
3,3,32.333,9373
3,3,32.367,9374
3,3,32.4,9375
3,3,32.433,9376
2,3,32.5,9377
2,3,32.533,9378
2,3,32.567,9379
2,3,32.6,9380
2,3,32.633,9381
2,3,32.667,9382
2,3,32.7,9383
2,3,32.733,9384
2,3,32.767,9385
2,3,32.8,9386
2,3,32.833,9387
2,3,32.867,9388
2,3,32.9,9389
2,3,32.933,9390
2,3,32.967,9391
2,3,33,9392
2,3,33.033,9393
2,3,33.067,9394
2,3,33.1,9395
2,3,33.133,9396
2,3,33.167,9397
2,3,33.2,9398
2,3,33.233,9399
2,3,33.267,9400
2,3,33.3,9401
2,3,33.333,9402
2,3,33.367,9403
2,3,33.4,9404
2,3,33.433,9405
2,3,33.467,9406
2,3,33.5,9407
2,3,33.533,9408
2,3,33.567,9409
2,3,33.6,9410
2,3,33.633,9411
2,3,33.667,9412
2,3,33.7,9413
2,3,33.733,9414
2,3,33.767,9415
2,3,33.8,9416
2,3,33.833,9417
2,3,33.867,9418
2,3,33.9,9419
2,3,33.933,9420
2,3,33.967,9421
2,3,34,9422
2,3,34.033,9423
2,3,34.067,9424
2,3,34.1,9425
2,3,34.133,9426
2,3,34.167,9427
2,3,34.2,9428
2,3,34.233,9429
2,3,34.267,9430
2,3,34.3,9431
2,3,34.333,9432
2,3,34.367,9433
2,3,34.4,9434
2,3,34.433,9435
2,3,34.467,9436
2,3,34.5,9437
2,3,34.533,9438
2,3,34.567,9439
2,3,34.6,9440
2,3,34.633,9441
2,3,34.667,9442
2,3,34.7,9443
2,3,34.733,9444
2,3,34.767,9445
2,3,34.8,9446
2,3,34.833,9447
2,3,34.867,9448
2,3,34.9,9449
2,3,34.933,9450
2,3,34.967,9451
2,3,35,9452
2,3,35.033,9453
2,3,35.067,9454
2,3,35.1,9455
2,3,35.133,9456
2,3,35.167,9457
2,3,35.2,9458
2,3,35.233,9459
2,3,35.267,9460
2,3,35.3,9461
2,3,35.333,9462
2,3,35.367,9463
2,3,35.4,9464
2,3,35.433,9465
3,3,35.467,9466
3,3,35.5,9467
3,3,35.533,9468
3,3,35.567,9469
3,3,35.6,9470
3,3,35.633,9471
3,3,35.667,9472
3,3,35.7,9473
3,3,35.733,9474
3,3,35.767,9475
3,3,35.8,9476
3,3,35.833,9477
3,3,35.867,9478
3,3,35.9,9479
3,3,35.933,9480
3,3,35.967,9481
3,3,36,9482
3,3,36.033,9483
3,3,36.067,9484
3,3,36.1,9485
3,3,36.133,9486
3,3,36.167,9487
3,3,36.2,9488
3,3,36.233,9489
3,3,36.267,9490
3,3,36.3,9491
3,3,36.333,9492
3,3,36.367,9493
3,3,36.4,9494
3,3,36.433,9495
3,3,36.467,9496
3,3,36.5,9497
3,3,36.533,9498
3,3,36.567,9499
3,3,36.6,9500
3,3,36.633,9501
3,3,36.667,9502
3,3,36.7,9503
3,3,36.733,9504
3,3,36.767,9505
3,3,36.8,9506
3,3,36.833,9507
3,3,36.867,9508
3,3,36.9,9509
3,3,36.933,9510
3,3,36.967,9511
3,3,37,9512
3,3,37.033,9513
3,3,37.067,9514
3,3,37.1,9515
3,3,37.133,9516
3,3,37.167,9517
3,3,37.2,9518
3,3,37.233,9519
3,3,37.267,9520
3,3,37.3,9521
3,3,37.333,9522
3,3,37.367,9523
3,3,37.4,9524
3,3,37.433,9525
3,3,37.467,9526
3,3,37.5,9527
3,3,37.533,9528
3,3,37.567,9529
3,3,37.6,9530
3,3,37.633,9531
3,3,37.667,9532
3,3,37.7,9533
3,3,37.733,9534
2,3,37.8,9535
2,3,37.833,9536
2,3,37.867,9537
2,3,37.9,9538
2,3,37.933,9539
2,3,37.967,9540
2,3,38,9541
2,3,38.033,9542
2,3,38.067,9543
2,3,38.1,9544
2,3,38.133,9545
2,3,38.167,9546
2,3,38.2,9547
2,3,38.233,9548
2,3,38.267,9549
2,3,38.3,9550
2,3,38.333,9551
2,3,38.367,9552
2,3,38.4,9553
2,3,38.433,9554
2,3,38.467,9555
2,3,38.5,9556
2,3,38.533,9557
2,3,38.567,9558
2,3,38.6,9559
2,3,38.633,9560
2,3,38.667,9561
2,3,38.7,9562
2,3,38.733,9563
2,3,38.767,9564
2,3,38.8,9565
2,3,38.833,9566
2,3,38.867,9567
2,3,38.9,9568
2,3,38.933,9569
2,3,38.967,9570
2,3,39,9571
2,3,39.033,9572
2,3,39.067,9573
2,3,39.1,9574
2,3,39.133,9575
2,3,39.167,9576
2,3,39.2,9577
2,3,39.233,9578
2,3,39.267,9579
2,3,39.3,9580
2,3,39.333,9581
2,3,39.367,9582
2,3,39.4,9583
2,3,39.433,9584
2,3,39.467,9585
2,3,39.5,9586
2,3,39.533,9587
2,3,39.567,9588
2,3,39.6,9589
2,3,39.633,9590
2,3,39.667,9591
2,3,39.7,9592
2,3,39.733,9593
2,3,39.767,9594
2,3,39.8,9595
2,3,39.833,9596
2,3,39.867,9597
2,3,39.9,9598
1,3,39.933,9599
1,3,39.967,9600
1,3,40,9601
1,3,40.033,9602
1,3,40.067,9603
1,3,40.1,9604
1,3,40.133,9605
1,3,40.167,9606
1,3,40.2,9607
1,3,40.233,9608
1,3,40.267,9609
1,3,40.3,9610
1,3,40.333,9611
1,3,40.367,9612
1,3,40.4,9613
1,3,40.433,9614
1,3,40.467,9615
1,3,40.5,9616
1,3,40.533,9617
1,3,40.567,9618
1,3,40.6,9619
1,3,40.633,9620
1,3,40.667,9621
1,3,40.7,9622
1,3,40.733,9623
1,3,40.767,9624
1,3,40.8,9625
1,3,40.833,9626
1,3,40.867,9627
1,3,40.9,9628
1,3,40.933,9629
1,3,40.967,9630
1,3,41,9631
1,3,41.033,9632
1,3,41.067,9633
1,3,41.1,9634
1,3,41.133,9635
1,3,41.167,9636
1,3,41.2,9637
1,3,41.233,9638
1,3,41.267,9639
1,3,41.3,9640
1,3,41.333,9641
1,3,41.367,9642
1,3,41.4,9643
1,3,41.433,9644
1,3,41.467,9645
1,3,41.5,9646
1,3,41.533,9647
1,3,41.567,9648
1,3,41.6,9649
1,3,41.633,9650
1,3,41.667,9651
1,3,41.7,9652
1,3,41.733,9653
1,3,41.767,9654
1,3,41.8,9655
1,3,41.833,9656
1,3,41.867,9657
1,3,41.9,9658
1,3,41.933,9659
1,3,41.967,9660
1,3,42,9661
1,3,42.033,9662
1,3,42.067,9663
1,3,42.1,9664
1,3,42.133,9665
1,3,42.167,9666
1,3,42.2,9667
1,3,42.233,9668
1,3,42.267,9669
1,3,42.3,9670
1,3,42.333,9671
1,3,42.367,9672
1,3,42.4,9673
1,3,42.433,9674
1,3,42.467,9675
6,3,42.5,9676
6,3,42.533,9677
6,3,42.567,9678
6,3,42.7,9679
6,3,42.733,9680
6,3,42.767,9681
6,3,42.8,9682
6,3,42.833,9683
6,3,42.867,9684
6,3,42.9,9685
6,3,42.933,9686
6,3,42.967,9687
6,3,43,9688
6,3,43.033,9689
6,3,43.067,9690
6,3,43.1,9691
6,3,43.133,9692
6,3,43.167,9693
6,3,43.2,9694
6,3,43.233,9695
6,3,43.267,9696
6,3,43.3,9697
6,3,43.333,9698
6,3,43.367,9699
6,3,43.4,9700
6,3,43.433,9701
6,3,43.467,9702
6,3,43.5,9703
6,3,43.533,9704
6,3,43.567,9705
6,3,43.6,9706
6,3,43.633,9707
6,3,43.667,9708
6,3,43.7,9709
6,3,43.733,9710
6,3,43.767,9711
6,3,43.8,9712
6,3,43.833,9713
6,3,43.867,9714
6,3,43.9,9715
6,3,43.933,9716
6,3,43.967,9717
6,3,44,9718
6,3,44.033,9719
6,3,44.067,9720
6,3,44.1,9721
6,3,44.133,9722
6,3,44.167,9723
6,3,44.2,9724
6,3,44.233,9725
6,3,44.267,9726
6,3,44.3,9727
6,3,44.333,9728
6,3,44.367,9729
6,3,44.4,9730
6,3,44.433,9731
6,3,44.467,9732
6,3,44.5,9733
6,3,44.533,9734
6,3,44.567,9735
6,3,44.6,9736
6,3,44.633,9737
6,3,44.667,9738
6,3,44.7,9739
6,3,44.733,9740
6,3,44.767,9741
6,3,44.8,9742
6,3,44.833,9743
6,3,44.867,9744
6,3,44.9,9745
6,3,44.933,9746
6,3,44.967,9747
6,3,45,9748
6,3,45.033,9749
6,3,45.067,9750
6,3,45.1,9751
6,3,45.133,9752
6,3,45.167,9753
6,3,45.2,9754
6,3,45.233,9755
6,3,45.267,9756
6,3,45.3,9757
6,3,45.333,9758
6,3,45.367,9759
6,3,45.4,9760
6,3,45.433,9761
6,3,45.467,9762
6,3,45.5,9763
6,3,45.533,9764
6,3,45.567,9765
6,3,45.6,9766
6,3,45.633,9767
6,3,45.667,9768
6,3,45.7,9769
6,3,45.733,9770
6,3,45.767,9771
6,3,45.8,9772
6,3,45.833,9773
6,3,45.867,9774
6,3,45.9,9775
6,3,45.933,9776
6,3,45.967,9777
6,3,46,9778
6,3,46.033,9779
6,3,46.067,9780
6,3,46.1,9781
6,3,46.133,9782
6,3,46.167,9783
6,3,46.2,9784
6,3,46.233,9785
6,3,46.267,9786
6,3,46.3,9787
6,3,46.333,9788
6,3,46.367,9789
6,3,46.4,9790
6,3,46.433,9791
6,3,46.467,9792
6,3,46.5,9793
6,3,46.533,9794
6,3,46.567,9795
6,3,46.6,9796
6,3,46.633,9797
6,3,46.667,9798
6,3,46.7,9799
6,3,46.733,9800
6,3,46.767,9801
6,3,46.8,9802
6,3,46.833,9803
6,3,46.867,9804
6,3,46.9,9805
6,3,46.933,9806
6,3,46.967,9807
6,3,47,9808
6,3,47.033,9809
6,3,47.067,9810
6,3,47.1,9811
6,3,47.133,9812
6,3,47.167,9813
6,3,47.2,9814
6,3,47.233,9815
6,3,47.267,9816
6,3,47.3,9817
6,3,47.333,9818
6,3,47.367,9819
6,3,47.4,9820
6,3,47.433,9821
6,3,47.467,9822
6,3,47.5,9823
6,3,47.533,9824
6,3,47.567,9825
6,3,47.6,9826
6,3,47.633,9827
6,3,47.667,9828
6,3,47.7,9829
6,3,47.733,9830
6,3,47.767,9831
6,3,47.8,9832
6,3,47.833,9833
6,3,47.867,9834
6,3,47.9,9835
6,3,47.933,9836
6,3,47.967,9837
6,3,48,9838
6,3,48.033,9839
6,3,48.067,9840
6,3,48.1,9841
6,3,48.133,9842
6,3,48.167,9843
6,3,48.2,9844
6,3,48.233,9845
6,3,48.267,9846
6,3,48.3,9847
6,3,48.333,9848
6,3,48.367,9849
6,3,48.4,9850
6,3,48.433,9851
6,3,48.467,9852
6,3,48.5,9853
6,3,48.533,9854
6,3,48.567,9855
6,3,48.6,9856
6,3,48.633,9857
6,3,48.667,9858
6,3,48.7,9859
6,3,48.733,9860
6,3,48.767,9861
6,3,48.8,9862
6,3,48.833,9863
6,3,48.867,9864
6,3,48.9,9865
6,3,48.933,9866
6,3,48.967,9867
6,3,49,9868
6,3,49.033,9869
6,3,49.067,9870
6,3,49.1,9871
6,3,49.133,9872
6,3,49.167,9873
6,3,49.2,9874
6,3,49.233,9875
6,3,49.267,9876
6,3,49.3,9877
6,3,49.333,9878
6,3,49.367,9879
6,3,49.4,9880
6,3,49.433,9881
6,3,49.467,9882
6,3,49.5,9883
6,3,49.533,9884
6,3,49.567,9885
6,3,49.6,9886
6,3,49.633,9887
6,3,49.667,9888
6,3,49.7,9889
6,3,49.733,9890
6,3,49.767,9891
6,3,49.8,9892
6,3,49.833,9893
6,3,49.867,9894
6,3,49.9,9895
6,3,49.933,9896
6,3,49.967,9897
6,3,50,9898
6,3,50.033,9899
6,3,50.067,9900
6,3,50.1,9901
6,3,50.133,9902
6,3,50.167,9903
6,3,50.2,9904
6,3,50.233,9905
6,3,50.267,9906
6,3,50.3,9907
6,3,50.333,9908
6,3,50.367,9909
6,3,50.4,9910
6,3,50.433,9911
6,3,50.467,9912
6,3,50.5,9913
6,3,50.533,9914
6,3,50.567,9915
6,3,50.6,9916
6,3,50.633,9917
6,3,50.667,9918
6,3,50.7,9919
6,3,50.733,9920
6,3,50.767,9921
6,3,50.8,9922
6,3,50.833,9923
6,3,50.867,9924
6,3,50.9,9925
6,3,50.933,9926
6,3,50.967,9927
6,3,51,9928
6,3,51.033,9929
6,3,51.067,9930
6,3,51.1,9931
6,3,51.133,9932
6,3,51.167,9933
6,3,51.2,9934
6,3,51.233,9935
6,3,51.267,9936
6,3,51.3,9937
6,3,51.333,9938
6,3,51.367,9939
6,3,51.4,9940
6,3,51.433,9941
6,3,51.467,9942
6,3,51.5,9943
6,3,51.533,9944
6,3,51.567,9945
6,3,51.6,9946
6,3,51.633,9947
6,3,51.667,9948
6,3,51.7,9949
6,3,51.733,9950
6,3,51.767,9951
6,3,51.8,9952
6,3,51.833,9953
6,3,51.867,9954
6,3,51.9,9955
6,3,51.933,9956
6,3,51.967,9957
6,3,52,9958
6,3,52.033,9959
6,3,52.067,9960
6,3,52.1,9961
6,3,52.133,9962
6,3,52.167,9963
6,3,52.2,9964
6,3,52.233,9965
6,3,52.267,9966
6,3,52.3,9967
6,3,52.333,9968
6,3,52.367,9969
6,3,52.4,9970
6,3,52.433,9971
6,3,52.467,9972
6,3,52.5,9973
6,3,52.533,9974
6,3,52.567,9975
6,3,52.6,9976
6,3,52.633,9977
6,3,52.667,9978
6,3,52.7,9979
6,3,52.733,9980
6,3,52.767,9981
6,3,52.8,9982
6,3,52.833,9983
6,3,52.867,9984
6,3,52.9,9985
6,3,52.933,9986
6,3,52.967,9987
6,3,53,9988
6,3,53.033,9989
6,3,53.067,9990
6,3,53.1,9991
6,3,53.133,9992
6,3,53.167,9993
6,3,53.2,9994
6,3,53.233,9995
6,3,53.267,9996
6,3,53.3,9997
6,3,53.333,9998
6,3,53.367,9999
6,3,53.4,10000
6,3,53.433,10001
6,3,53.467,10002
6,3,53.5,10003
6,3,53.533,10004
6,3,53.567,10005
6,3,53.6,10006
6,3,53.633,10007
6,3,53.667,10008
6,3,53.7,10009
6,3,53.733,10010
6,3,53.767,10011
6,3,53.8,10012
6,3,53.833,10013
6,3,53.867,10014
6,3,53.9,10015
6,3,53.933,10016
6,3,53.967,10017
6,3,54,10018
6,3,54.033,10019
6,3,54.067,10020
6,3,54.1,10021
6,3,54.133,10022
6,3,54.167,10023
6,3,54.2,10024
6,3,54.233,10025
6,3,54.267,10026
6,3,54.3,10027
6,3,54.333,10028
6,3,54.367,10029
6,3,54.4,10030
6,3,54.433,10031
6,3,54.467,10032
6,3,54.5,10033
6,3,54.533,10034
6,3,54.567,10035
6,3,54.6,10036
6,3,54.633,10037
6,3,54.667,10038
6,3,54.7,10039
6,3,54.733,10040
6,3,54.767,10041
6,3,54.8,10042
6,3,54.833,10043
6,3,54.867,10044
6,3,54.9,10045
6,3,54.933,10046
6,3,54.967,10047
6,3,55,10048
6,3,55.033,10049
6,3,55.067,10050
6,3,55.1,10051
6,3,55.133,10052
6,3,55.167,10053
6,3,55.2,10054
6,3,55.233,10055
6,3,55.267,10056
6,3,55.3,10057
6,3,55.333,10058
6,3,55.367,10059
6,3,55.4,10060
6,3,55.433,10061
6,3,55.467,10062
6,3,55.5,10063
6,3,55.533,10064
6,3,55.567,10065
6,3,55.6,10066
6,3,55.633,10067
6,3,55.667,10068
6,3,55.7,10069
6,3,55.733,10070
6,3,55.767,10071
6,3,55.8,10072
6,3,55.833,10073
6,3,55.867,10074
6,3,55.9,10075
6,3,55.933,10076
6,3,55.967,10077
6,3,56,10078
6,3,56.033,10079
6,3,56.067,10080
6,3,56.1,10081
6,3,56.133,10082
6,3,56.167,10083
6,3,56.2,10084
6,3,56.233,10085
6,3,56.267,10086
6,3,56.3,10087
6,3,56.333,10088
6,3,56.367,10089
6,3,56.4,10090
6,3,56.433,10091
6,3,56.467,10092
6,3,56.5,10093
6,3,56.533,10094
6,3,56.567,10095
6,3,56.6,10096
6,3,56.633,10097
6,3,56.667,10098
6,3,56.7,10099
6,3,56.733,10100
6,3,56.767,10101
6,3,56.8,10102
6,3,56.833,10103
6,3,56.867,10104
6,3,56.9,10105
6,3,56.933,10106
6,3,56.967,10107
6,3,57,10108
6,3,57.033,10109
6,3,57.067,10110
6,3,57.1,10111
6,3,57.133,10112
6,3,57.167,10113
6,3,57.2,10114
6,3,57.233,10115
6,3,57.267,10116
6,3,57.3,10117
6,3,57.333,10118
6,3,57.367,10119
6,3,57.4,10120
6,3,57.433,10121
6,3,57.467,10122
6,3,57.5,10123
6,3,57.533,10124
6,3,57.567,10125
6,3,57.6,10126
6,3,57.633,10127
6,3,57.667,10128
6,3,57.7,10129
6,3,57.733,10130
6,3,57.767,10131
6,3,57.8,10132
6,3,57.833,10133
6,3,57.867,10134
6,3,57.9,10135
6,3,0,10136
6,3,0.033,10137
6,3,0.067,10138
6,3,0.1,10139
6,3,0.133,10140
6,3,0.167,10141
6,3,0.2,10142
6,3,0.233,10143
6,3,0.267,10144
6,3,0.3,10145
6,3,0.333,10146
5,3,0.4,10147
5,3,0.433,10148
5,3,0.467,10149
5,3,0.5,10150
5,3,0.533,10151
5,3,0.567,10152
5,3,0.6,10153
5,3,0.633,10154
5,3,0.667,10155
5,3,0.7,10156
5,3,0.733,10157
5,3,2.233,10158
5,3,2.267,10159
5,3,2.3,10160
5,3,2.333,10161
5,3,2.367,10162
5,3,2.4,10163
5,3,2.433,10164
5,3,2.467,10165
5,3,2.5,10166
5,3,2.533,10167
5,3,2.567,10168
5,3,2.6,10169
5,3,2.633,10170
5,3,2.667,10171
5,3,2.7,10172
5,3,2.733,10173
5,3,2.767,10174
5,3,2.8,10175
5,3,2.833,10176
5,3,2.867,10177
5,3,2.9,10178
5,3,2.933,10179
5,3,2.967,10180
5,3,3,10181
5,3,3.033,10182
5,3,3.067,10183
5,3,3.1,10184
5,3,3.133,10185
5,3,3.167,10186
5,3,3.2,10187
5,3,3.233,10188
5,3,3.267,10189
5,3,3.3,10190
5,3,3.333,10191
5,3,3.367,10192
5,3,3.4,10193
5,3,3.433,10194
5,3,3.467,10195
5,3,3.5,10196
5,3,3.533,10197
5,3,3.567,10198
5,3,3.6,10199
5,3,3.633,10200
5,3,3.667,10201
5,3,3.7,10202
5,3,3.733,10203
5,3,3.767,10204
5,3,3.8,10205
5,3,3.833,10206
5,3,3.867,10207
5,3,3.9,10208
5,3,3.933,10209
5,3,3.967,10210
5,3,4,10211
5,3,4.033,10212
5,3,4.067,10213
5,3,4.1,10214
5,3,4.133,10215
5,3,4.167,10216
5,3,4.2,10217
5,3,4.233,10218
5,3,4.267,10219
5,3,4.3,10220
5,3,4.333,10221
5,3,4.367,10222
5,3,4.4,10223
5,3,4.433,10224
5,3,4.467,10225
5,3,4.5,10226
5,3,4.533,10227
5,3,4.567,10228
5,3,4.6,10229
5,3,4.633,10230
5,3,4.667,10231
5,3,4.7,10232
5,3,4.733,10233
5,3,4.767,10234
5,3,4.8,10235
4,3,5,10236
4,3,5.033,10237
4,3,5.067,10238
4,3,5.1,10239
4,3,5.133,10240
4,3,5.167,10241
4,3,5.2,10242
4,3,5.233,10243
4,3,5.267,10244
4,3,5.3,10245
4,3,5.333,10246
4,3,5.367,10247
4,3,5.4,10248
4,3,5.433,10249
4,3,5.467,10250
4,3,5.5,10251
4,3,5.533,10252
4,3,5.567,10253
4,3,5.6,10254
4,3,5.633,10255
4,3,5.667,10256
4,3,5.7,10257
4,3,5.733,10258
4,3,5.767,10259
4,3,5.8,10260
4,3,5.833,10261
5,3,5.867,10262
5,3,5.9,10263
5,3,5.933,10264
5,3,5.967,10265
5,3,6,10266
5,3,6.033,10267
5,3,6.067,10268
5,3,6.1,10269
5,3,6.133,10270
5,3,6.167,10271
5,3,6.2,10272
5,3,6.233,10273
5,3,6.267,10274
5,3,6.433,10275
5,3,6.467,10276
5,3,6.5,10277
5,3,6.533,10278
5,3,6.567,10279
5,3,6.6,10280
5,3,6.633,10281
5,3,6.667,10282
5,3,6.7,10283
5,3,6.733,10284
5,3,6.767,10285
5,3,6.8,10286
5,3,6.833,10287
5,3,6.867,10288
5,3,6.9,10289
5,3,6.933,10290
5,3,6.967,10291
5,3,7,10292
5,3,7.033,10293
5,3,7.067,10294
5,3,7.1,10295
5,3,7.133,10296
5,3,7.167,10297
5,3,7.2,10298
5,3,7.233,10299
5,3,7.267,10300
5,3,7.3,10301
5,3,7.333,10302
5,3,7.367,10303
5,3,7.4,10304
5,3,7.433,10305
5,3,7.467,10306
5,3,7.5,10307
5,3,7.533,10308
5,3,7.567,10309
5,3,7.6,10310
5,3,7.633,10311
5,3,7.667,10312
5,3,7.7,10313
5,3,7.733,10314
5,3,7.767,10315
5,3,7.8,10316
5,3,7.833,10317
5,3,7.867,10318
5,3,7.9,10319
5,3,7.933,10320
5,3,7.967,10321
5,3,8,10322
5,3,8.033,10323
5,3,8.067,10324
5,3,8.1,10325
5,3,8.133,10326
5,3,8.167,10327
5,3,8.2,10328
5,3,8.233,10329
5,3,8.267,10330
5,3,8.3,10331
5,3,8.333,10332
5,3,8.367,10333
5,3,8.4,10334
5,3,8.433,10335
5,3,8.467,10336
5,3,8.5,10337
5,3,8.533,10338
5,3,8.567,10339
5,3,8.6,10340
5,3,8.633,10341
5,3,8.667,10342
5,3,8.7,10343
5,3,8.733,10344
5,3,8.767,10345
5,3,8.8,10346
5,3,8.833,10347
5,3,8.867,10348
5,3,8.9,10349
5,3,8.933,10350
5,3,8.967,10351
5,3,9,10352
5,3,9.033,10353
5,3,0,10354
5,3,0.033,10355
5,3,0.067,10356
5,3,0.1,10357
5,3,0.133,10358
5,3,0.167,10359
5,3,0.2,10360
5,3,0.233,10361
5,3,0.267,10362
5,3,0.3,10363
5,3,0.333,10364
5,3,0.367,10365
5,3,0.4,10366
5,3,0.433,10367
5,3,0.467,10368
5,3,0.5,10369
2,3,0.567,10370
2,3,0.6,10371
2,3,0.633,10372
2,3,0.667,10373
2,3,0.7,10374
2,3,0.733,10375
2,3,0.767,10376
2,3,0.8,10377
2,3,0.833,10378
2,3,0.867,10379
2,3,0.9,10380
2,3,0.933,10381
2,3,0.967,10382
2,3,1,10383
2,3,1.033,10384
2,3,1.067,10385
2,3,1.1,10386
2,3,1.133,10387
2,3,1.167,10388
2,3,1.2,10389
2,3,1.233,10390
2,3,1.267,10391
2,3,1.3,10392
2,3,1.333,10393
2,3,1.367,10394
2,3,1.4,10395
2,3,1.433,10396
2,3,1.467,10397
1,3,1.533,10398
1,3,1.567,10399
1,3,1.6,10400
1,3,1.633,10401
1,3,1.667,10402
1,3,1.7,10403
1,3,1.733,10404
1,3,1.767,10405
2,3,1.8,10406
2,3,1.833,10407
2,3,1.867,10408
2,3,1.9,10409
2,3,1.933,10410
2,3,1.967,10411
2,3,2,10412
3,3,2.033,10413
3,3,2.067,10414
3,3,2.1,10415
3,3,2.133,10416
3,3,2.167,10417
3,3,2.2,10418
3,3,2.233,10419
3,3,2.267,10420
3,3,2.3,10421
3,3,2.333,10422
3,3,2.367,10423
3,3,2.4,10424
3,3,2.433,10425
3,3,2.467,10426
2,3,2.567,10427
2,3,2.6,10428
2,3,2.633,10429
2,3,2.667,10430
2,3,2.7,10431
2,3,2.733,10432
2,3,2.767,10433
2,3,2.8,10434
2,3,2.833,10435
2,3,2.867,10436
2,3,2.9,10437
2,3,2.933,10438
3,3,3.033,10439
3,3,3.067,10440
3,3,3.1,10441
3,3,3.133,10442
3,3,3.167,10443
3,3,3.2,10444
3,3,3.233,10445
3,3,3.267,10446
3,3,3.3,10447
3,3,3.333,10448
3,3,3.367,10449
3,3,3.4,10450
3,3,3.433,10451
3,3,3.467,10452
3,3,3.5,10453
3,3,3.533,10454
3,3,3.567,10455
3,3,3.6,10456
3,3,3.633,10457
3,3,3.667,10458
3,3,3.7,10459
3,3,3.733,10460
3,3,3.767,10461
3,3,3.8,10462
3,3,3.833,10463
3,3,3.867,10464
3,3,3.9,10465
3,3,3.933,10466
3,3,3.967,10467
3,3,4,10468
3,3,4.033,10469
3,3,4.067,10470
3,3,4.1,10471
3,3,4.133,10472
3,3,4.167,10473
3,3,4.2,10474
3,3,4.233,10475
3,3,4.267,10476
3,3,4.3,10477
3,3,4.333,10478
3,3,4.367,10479
3,3,4.4,10480
3,3,4.433,10481
3,3,4.467,10482
3,3,4.5,10483
3,3,4.533,10484
3,3,4.567,10485
3,3,4.6,10486
3,3,4.633,10487
3,3,4.667,10488
3,3,4.7,10489
3,3,4.733,10490
3,3,4.767,10491
3,3,4.8,10492
3,3,4.833,10493
3,3,4.867,10494
3,3,4.9,10495
3,3,4.933,10496
3,3,4.967,10497
3,3,5,10498
3,3,5.033,10499
3,3,5.067,10500
3,3,5.1,10501
3,3,5.133,10502
3,3,5.167,10503
3,3,5.2,10504
3,3,5.233,10505
3,3,5.267,10506
3,3,5.3,10507
3,3,5.333,10508
3,3,5.367,10509
3,3,5.4,10510
3,3,5.433,10511
3,3,5.467,10512
3,3,5.5,10513
3,3,5.533,10514
3,3,5.567,10515
3,3,5.6,10516
3,3,5.633,10517
2,3,5.7,10518
2,3,5.733,10519
2,3,5.767,10520
2,3,5.8,10521
2,3,5.833,10522
2,3,5.867,10523
2,3,5.9,10524
1,3,5.933,10525
1,3,5.967,10526
1,3,6,10527
1,3,6.033,10528
1,3,6.067,10529
1,3,6.1,10530
1,3,6.133,10531
1,3,6.167,10532
1,3,6.2,10533
1,3,6.233,10534
1,3,6.267,10535
1,3,6.3,10536
1,3,6.333,10537
1,3,6.367,10538
1,3,6.4,10539
1,3,6.433,10540
2,3,6.467,10541
2,3,6.5,10542
2,3,6.533,10543
2,3,6.567,10544
2,3,6.6,10545
2,3,6.633,10546
2,3,6.667,10547
2,3,6.7,10548
2,3,6.733,10549
2,3,6.767,10550
2,3,6.8,10551
2,3,6.833,10552
2,3,6.867,10553
2,3,6.9,10554
2,3,6.933,10555
2,3,6.967,10556
2,3,7,10557
2,3,7.033,10558
2,3,7.067,10559
2,3,7.1,10560
2,3,7.133,10561
2,3,7.167,10562
2,3,7.2,10563
2,3,7.233,10564
2,3,7.267,10565
2,3,7.3,10566
2,3,7.333,10567
2,3,7.367,10568
2,3,7.4,10569
2,3,7.433,10570
2,3,7.467,10571
2,3,7.5,10572
2,3,7.533,10573
2,3,7.567,10574
2,3,7.6,10575
2,3,7.633,10576
2,3,7.667,10577
2,3,7.7,10578
2,3,7.733,10579
2,3,7.767,10580
2,3,7.8,10581
2,3,7.833,10582
2,3,7.867,10583
2,3,7.9,10584
2,3,7.933,10585
2,3,7.967,10586
2,3,8,10587
2,3,8.033,10588
2,3,8.067,10589
2,3,8.1,10590
2,3,8.133,10591
2,3,8.167,10592
2,3,8.2,10593
2,3,8.233,10594
2,3,8.267,10595
2,3,8.3,10596
2,3,8.333,10597
2,3,8.367,10598
2,3,8.4,10599
2,3,8.433,10600
2,3,8.467,10601
2,3,8.5,10602
2,3,8.533,10603
2,3,8.567,10604
2,3,8.6,10605
2,3,8.633,10606
2,3,8.667,10607
2,3,8.7,10608
2,3,8.733,10609
2,3,8.767,10610
2,3,8.8,10611
2,3,8.833,10612
2,3,8.867,10613
2,3,8.9,10614
2,3,8.933,10615
2,3,8.967,10616
2,3,9,10617
2,3,9.033,10618
2,3,9.067,10619
2,3,9.1,10620
2,3,9.133,10621
2,3,9.167,10622
2,3,9.2,10623
2,3,9.233,10624
2,3,9.267,10625
2,3,9.3,10626
2,3,9.333,10627
2,3,9.367,10628
2,3,9.4,10629
2,3,9.433,10630
2,3,9.467,10631
2,3,9.5,10632
2,3,9.533,10633
2,3,9.567,10634
2,3,9.6,10635
2,3,9.633,10636
2,3,9.667,10637
2,3,9.7,10638
2,3,9.733,10639
2,3,9.767,10640
2,3,9.8,10641
2,3,9.833,10642
2,3,9.867,10643
2,3,9.9,10644
2,3,9.933,10645
2,3,9.967,10646
2,3,10,10647
2,3,10.033,10648
2,3,10.067,10649
2,3,10.1,10650
2,3,10.133,10651
2,3,10.167,10652
2,3,10.2,10653
2,3,10.233,10654
2,3,10.267,10655
2,3,10.3,10656
2,3,10.333,10657
2,3,10.367,10658
2,3,10.4,10659
2,3,10.433,10660
2,3,10.467,10661
2,3,10.5,10662
2,3,10.533,10663
2,3,10.567,10664
2,3,10.6,10665
2,3,10.633,10666
2,3,10.667,10667
2,3,10.7,10668
1,3,10.733,10669
1,3,10.767,10670
1,3,10.8,10671
1,3,10.833,10672
1,3,10.867,10673
1,3,10.9,10674
2,3,10.967,10675
2,3,11,10676
2,3,11.033,10677
2,3,11.067,10678
2,3,11.1,10679
2,3,11.133,10680
2,3,11.167,10681
2,3,11.2,10682
2,3,11.233,10683
2,3,11.267,10684
2,3,11.3,10685
2,3,11.333,10686
2,3,11.367,10687
2,3,11.4,10688
2,3,11.433,10689
2,3,11.467,10690
2,3,11.5,10691
2,3,11.533,10692
2,3,11.567,10693
2,3,11.6,10694
2,3,11.633,10695
2,3,11.667,10696
2,3,11.7,10697
2,3,11.733,10698
2,3,11.767,10699
2,3,11.8,10700
2,3,11.833,10701
2,3,11.867,10702
2,3,11.9,10703
2,3,11.933,10704
1,3,12.1,10705
1,3,12.133,10706
1,3,12.167,10707
1,3,12.2,10708
1,3,12.233,10709
1,3,12.267,10710
1,3,12.3,10711
1,3,12.333,10712
1,3,12.367,10713
1,3,12.4,10714
1,3,12.433,10715
2,3,12.533,10716
2,3,12.567,10717
2,3,12.6,10718
2,3,12.633,10719
2,3,12.667,10720
2,3,12.7,10721
2,3,12.733,10722
2,3,12.767,10723
2,3,12.8,10724
2,3,12.833,10725
2,3,12.867,10726
2,3,12.9,10727
2,3,12.933,10728
2,3,12.967,10729
2,3,13,10730
2,3,13.033,10731
2,3,13.067,10732
2,3,13.1,10733
2,3,13.133,10734
2,3,13.167,10735
2,3,13.2,10736
2,3,13.233,10737
2,3,13.267,10738
2,3,13.3,10739
2,3,13.333,10740
2,3,13.367,10741
2,3,13.4,10742
2,3,13.433,10743
2,3,13.467,10744
2,3,13.5,10745
2,3,13.533,10746
2,3,13.567,10747
2,3,13.6,10748
2,3,13.633,10749
2,3,13.667,10750
2,3,13.7,10751
2,3,13.733,10752
2,3,13.767,10753
2,3,13.8,10754
2,3,13.833,10755
1,3,13.867,10756
1,3,13.9,10757
1,3,13.933,10758
1,3,13.967,10759
1,3,14,10760
1,3,14.033,10761
1,3,14.067,10762
1,3,14.1,10763
1,3,14.133,10764
1,3,14.167,10765
1,3,14.2,10766
1,3,14.233,10767
1,3,14.267,10768
1,3,14.3,10769
1,3,14.333,10770
1,3,14.367,10771
1,3,14.4,10772
1,3,14.433,10773
1,3,14.467,10774
1,3,14.5,10775
1,3,14.533,10776
1,3,14.567,10777
1,3,14.6,10778
1,3,14.633,10779
1,3,14.667,10780
1,3,14.7,10781
1,3,14.733,10782
1,3,14.767,10783
1,3,14.8,10784
1,3,14.833,10785
1,3,14.867,10786
1,3,14.9,10787
2,3,14.933,10788
2,3,14.967,10789
2,3,15,10790
2,3,15.033,10791
2,3,15.067,10792
2,3,15.1,10793
2,3,15.133,10794
2,3,15.167,10795
2,3,15.2,10796
2,3,15.233,10797
2,3,15.267,10798
2,3,15.3,10799
2,3,15.333,10800
2,3,15.367,10801
2,3,15.4,10802
2,3,15.433,10803
2,3,15.467,10804
2,3,15.5,10805
2,3,15.533,10806
2,3,15.567,10807
2,3,15.6,10808
2,3,15.633,10809
2,3,15.667,10810
2,3,15.7,10811
2,3,15.733,10812
2,3,15.767,10813
2,3,15.8,10814
2,3,15.833,10815
2,3,15.867,10816
2,3,15.9,10817
2,3,15.933,10818
2,3,15.967,10819
2,3,16,10820
2,3,16.033,10821
2,3,16.067,10822
1,3,16.133,10823
1,3,16.167,10824
1,3,16.2,10825
1,3,16.233,10826
1,3,16.267,10827
1,3,16.3,10828
1,3,16.333,10829
1,3,16.367,10830
1,3,16.4,10831
1,3,16.433,10832
1,3,16.467,10833
1,3,16.5,10834
1,3,16.533,10835
1,3,16.567,10836
1,3,16.6,10837
1,3,16.633,10838
1,3,16.667,10839
1,3,16.7,10840
1,3,16.733,10841
1,3,16.767,10842
1,3,16.8,10843
1,3,16.833,10844
1,3,16.867,10845
1,3,16.9,10846
1,3,16.933,10847
1,3,16.967,10848
1,3,17,10849
1,3,17.033,10850
1,3,17.067,10851
1,3,17.1,10852
1,3,17.133,10853
1,3,17.167,10854
1,3,17.2,10855
1,3,17.233,10856
1,3,17.267,10857
1,3,0,10858
1,3,0.033,10859
1,3,0.067,10860
1,3,0.1,10861
1,3,0.133,10862
1,3,0.167,10863
1,3,0.2,10864
1,3,0.233,10865
1,3,0.267,10866
2,3,0.3,10867
2,3,0.333,10868
2,3,0.367,10869
2,3,0.4,10870
2,3,0.433,10871
2,3,0.467,10872
2,3,0.5,10873
2,3,0.533,10874
2,3,0.567,10875
2,3,0.6,10876
2,3,0.633,10877
2,3,0.667,10878
2,3,0.7,10879
2,3,0.733,10880
2,3,0.767,10881
2,3,0.8,10882
2,3,0.833,10883
2,3,0.867,10884
2,3,0.9,10885
2,3,0.933,10886
2,3,0.967,10887
2,3,1,10888
2,3,1.033,10889
2,3,1.067,10890
2,3,1.1,10891
2,3,1.133,10892
2,3,1.167,10893
2,3,1.2,10894
2,3,1.233,10895
2,3,1.267,10896
3,3,1.533,10897
3,3,1.567,10898
3,3,1.6,10899
3,3,1.633,10900
3,3,1.667,10901
3,3,1.7,10902
3,3,1.733,10903
3,3,1.767,10904
3,3,1.8,10905
3,3,1.833,10906
3,3,1.867,10907
3,3,1.9,10908
3,3,1.933,10909
3,3,1.967,10910
3,3,2,10911
3,3,2.033,10912
3,3,2.067,10913
3,3,2.1,10914
3,3,2.133,10915
3,3,2.167,10916
3,3,2.2,10917
3,3,2.233,10918
3,3,2.267,10919
3,3,2.3,10920
3,3,2.333,10921
3,3,2.367,10922
3,3,2.4,10923
3,3,2.433,10924
3,3,2.467,10925
3,3,2.5,10926
3,3,2.533,10927
3,3,2.567,10928
3,3,2.6,10929
3,3,2.633,10930
3,3,2.667,10931
3,3,2.7,10932
3,3,2.733,10933
3,3,2.767,10934
3,3,2.8,10935
3,3,2.833,10936
3,3,2.867,10937
3,3,2.9,10938
3,3,2.933,10939
3,3,2.967,10940
3,3,3,10941
3,3,3.033,10942
3,3,3.067,10943
3,3,3.1,10944
3,3,3.133,10945
3,3,3.167,10946
3,3,3.2,10947
3,3,3.233,10948
3,3,3.267,10949
3,3,3.3,10950
3,3,3.333,10951
3,3,3.367,10952
3,3,3.4,10953
3,3,3.433,10954
3,3,3.467,10955
3,3,3.5,10956
3,3,3.533,10957
3,3,3.567,10958
3,3,3.6,10959
3,3,3.633,10960
3,3,3.667,10961
3,3,3.7,10962
3,3,3.733,10963
3,3,3.767,10964
2,3,3.833,10965
2,3,3.867,10966
2,3,3.9,10967
2,3,3.933,10968
2,3,3.967,10969
2,3,4,10970
2,3,4.033,10971
2,3,4.067,10972
2,3,4.1,10973
2,3,4.133,10974
2,3,0,10975
2,3,0.033,10976
2,3,0.067,10977
2,3,0.1,10978
2,3,0.133,10979
2,3,0.167,10980
2,3,0.2,10981
2,3,0.233,10982
2,3,0.267,10983
3,3,0.3,10984
3,3,0.333,10985
3,3,0.367,10986
3,3,0.4,10987
3,3,0.433,10988
3,3,0.467,10989
3,3,0.5,10990
3,3,0.533,10991
3,3,0.567,10992
3,3,0.6,10993
3,3,0.633,10994
3,3,0.667,10995
3,3,0.7,10996
3,3,0.733,10997
3,3,0.767,10998
3,3,0.8,10999
3,3,0.833,11000
3,3,0.867,11001
3,3,0.9,11002
3,3,0.933,11003
3,3,0.967,11004
3,3,1,11005
3,3,1.033,11006
3,3,1.067,11007
3,3,1.1,11008
3,3,1.133,11009
3,3,1.167,11010
3,3,1.2,11011
3,3,1.233,11012
3,3,1.267,11013
3,3,1.3,11014
3,3,1.333,11015
3,3,1.367,11016
3,3,1.4,11017
3,3,1.433,11018
3,3,1.467,11019
3,3,1.5,11020
3,3,1.533,11021
3,3,1.567,11022
3,3,1.6,11023
3,3,1.633,11024
3,3,1.667,11025
3,3,1.7,11026
3,3,1.733,11027
3,3,1.767,11028
3,3,1.8,11029
3,3,1.833,11030
3,3,1.867,11031
3,3,1.9,11032
3,3,1.933,11033
3,3,1.967,11034
3,3,2,11035
3,3,2.033,11036
3,3,2.067,11037
3,3,2.1,11038
3,3,2.133,11039
3,3,2.167,11040
3,3,2.2,11041
3,3,2.233,11042
3,3,2.267,11043
3,3,2.3,11044
3,3,2.333,11045
3,3,2.367,11046
3,3,2.4,11047
3,3,2.433,11048
3,3,2.467,11049
3,3,2.5,11050
3,3,2.533,11051
3,3,2.567,11052
3,3,2.6,11053
3,3,2.633,11054
3,3,2.667,11055
3,3,2.7,11056
3,3,2.733,11057
3,3,2.767,11058
3,3,2.8,11059
3,3,2.833,11060
3,3,2.867,11061
3,3,2.9,11062
3,3,2.933,11063
3,3,2.967,11064
3,3,3,11065
3,3,3.033,11066
3,3,3.067,11067
3,3,3.1,11068
3,3,3.133,11069
3,3,3.167,11070
3,3,3.2,11071
3,3,3.233,11072
3,3,3.267,11073
3,3,3.3,11074
3,3,3.333,11075
3,3,3.367,11076
3,3,3.4,11077
3,3,3.433,11078
3,3,3.467,11079
3,3,3.5,11080
3,3,3.533,11081
3,3,3.567,11082
3,3,3.6,11083
3,3,3.633,11084
3,3,3.667,11085
3,3,3.7,11086
3,3,3.733,11087
3,3,3.767,11088
3,3,3.8,11089
3,3,3.833,11090
3,3,3.867,11091
3,3,3.9,11092
3,3,3.933,11093
3,3,3.967,11094
3,3,4,11095
3,3,4.033,11096
3,3,4.067,11097
3,3,4.1,11098
3,3,4.133,11099
3,3,4.167,11100
3,3,4.2,11101
3,3,4.233,11102
3,3,4.267,11103
3,3,4.3,11104
3,3,4.333,11105
3,3,4.367,11106
3,3,4.4,11107
3,3,4.433,11108
3,3,4.467,11109
3,3,4.5,11110
3,3,4.533,11111
3,3,4.567,11112
3,3,4.6,11113
3,3,4.633,11114
3,3,4.667,11115
3,3,4.7,11116
3,3,4.733,11117
3,3,4.767,11118
3,3,4.8,11119
3,3,4.833,11120
3,3,4.867,11121
3,3,4.9,11122
3,3,4.933,11123
3,3,4.967,11124
3,3,5,11125
3,3,5.033,11126
3,3,5.067,11127
3,3,5.1,11128
3,3,5.133,11129
3,3,5.167,11130
3,3,5.2,11131
3,3,5.233,11132
3,3,5.267,11133
3,3,5.3,11134
3,3,5.333,11135
3,3,5.367,11136
3,3,5.4,11137
3,3,5.433,11138
3,3,5.467,11139
3,3,5.5,11140
3,3,5.533,11141
3,3,5.567,11142
3,3,5.6,11143
3,3,5.633,11144
3,3,5.667,11145
3,3,5.7,11146
3,3,5.733,11147
3,3,5.767,11148
3,3,5.8,11149
3,3,5.833,11150
3,3,5.867,11151
3,3,5.9,11152
3,3,5.933,11153
3,3,5.967,11154
3,3,6,11155
3,3,6.033,11156
3,3,6.067,11157
3,3,6.1,11158
3,3,6.133,11159
3,3,6.167,11160
3,3,6.2,11161
3,3,6.233,11162
3,3,6.267,11163
3,3,6.3,11164
3,3,6.333,11165
3,3,6.367,11166
3,3,6.4,11167
3,3,6.433,11168
3,3,6.467,11169
3,3,6.5,11170
3,3,6.533,11171
3,3,6.567,11172
3,3,6.6,11173
3,3,6.633,11174
3,3,6.667,11175
3,3,6.7,11176
3,3,6.733,11177
3,3,6.767,11178
3,3,6.8,11179
3,3,6.833,11180
3,3,6.867,11181
3,3,6.9,11182
3,3,6.933,11183
3,3,6.967,11184
3,3,7,11185
3,3,7.033,11186
3,3,7.067,11187
3,3,7.1,11188
3,3,7.133,11189
3,3,7.167,11190
3,3,7.2,11191
3,3,7.233,11192
3,3,7.267,11193
3,3,7.3,11194
3,3,7.333,11195
3,3,7.367,11196
3,3,7.4,11197
3,3,7.433,11198
3,3,7.467,11199
3,3,7.5,11200
3,3,7.533,11201
3,3,7.567,11202
3,3,7.6,11203
3,3,7.633,11204
3,3,7.667,11205
3,3,7.7,11206
3,3,7.733,11207
3,3,7.767,11208
3,3,7.8,11209
3,3,7.833,11210
3,3,7.867,11211
3,3,7.9,11212
3,3,7.933,11213
3,3,7.967,11214
3,3,8,11215
3,3,8.033,11216
3,3,8.067,11217
3,3,0,11218
3,3,0.033,11219
3,3,0.067,11220
3,3,0.1,11221
3,3,0.133,11222
3,3,0.167,11223
3,3,0.2,11224
3,3,0.233,11225
3,3,0.267,11226
3,3,0.3,11227
3,3,0.333,11228
3,3,0.367,11229
3,3,0.4,11230
2,3,0.433,11231
2,3,0.467,11232
2,3,0.5,11233
2,3,0.533,11234
2,3,0.567,11235
2,3,0.6,11236
2,3,0.633,11237
2,3,0.667,11238
2,3,0.7,11239
2,3,0.733,11240
2,3,0.767,11241
2,3,0.8,11242
2,3,0.833,11243
2,3,0.867,11244
2,3,0.9,11245
2,3,0.933,11246
2,3,0.967,11247
2,3,1,11248
2,3,1.033,11249
2,3,1.067,11250
2,3,1.1,11251
2,3,1.133,11252
2,3,1.167,11253
2,3,1.2,11254
2,3,1.233,11255
2,3,1.267,11256
2,3,1.3,11257
2,3,1.333,11258
2,3,1.367,11259
2,3,1.4,11260
2,3,1.433,11261
2,3,1.467,11262
2,3,1.5,11263
2,3,1.533,11264
2,3,1.567,11265
2,3,1.6,11266
2,3,1.633,11267
2,4,13.233,11268
2,4,13.267,11269
2,4,13.3,11270
2,4,13.333,11271
2,4,13.367,11272
2,4,13.4,11273
2,4,13.433,11274
2,4,13.467,11275
2,4,13.5,11276
2,4,13.533,11277
2,4,13.567,11278
2,4,13.6,11279
6,4,23.133,11280
6,4,23.167,11281
6,4,23.2,11282
6,4,34.3,11283
6,4,34.333,11284
6,4,34.367,11285
6,4,34.4,11286
6,4,34.433,11287
6,4,34.467,11288
6,4,34.5,11289
2,4,34.667,11290
2,4,34.7,11291
2,4,34.733,11292
2,4,34.767,11293
2,4,34.8,11294
2,4,34.833,11295
2,4,34.867,11296
2,4,34.9,11297
2,4,34.933,11298
2,4,34.967,11299
2,4,35,11300
2,4,35.033,11301
2,4,35.067,11302
2,4,35.1,11303
2,4,35.133,11304
2,4,35.167,11305
2,4,35.2,11306
2,4,35.233,11307
2,4,35.267,11308
2,4,35.3,11309
2,4,35.333,11310
2,4,0,11311
2,4,0.033,11312
2,4,0.067,11313
2,4,0.1,11314
2,4,0.133,11315
2,4,0.167,11316
2,4,0.2,11317
2,4,0.233,11318
2,4,0.267,11319
2,4,0.3,11320
2,4,0.333,11321
2,4,0.367,11322
2,4,0.4,11323
2,4,0.433,11324
2,4,0.467,11325
2,4,0.5,11326
2,4,0.533,11327
2,4,0.567,11328
2,4,0.6,11329
2,4,0.633,11330
2,4,0.667,11331
2,4,0.7,11332
2,4,0.733,11333
2,4,0.767,11334
2,4,0.8,11335
2,4,0.833,11336
2,4,0.867,11337
2,4,0.9,11338
2,4,0.933,11339
2,4,0.967,11340
2,4,1,11341
2,4,1.033,11342
2,4,1.067,11343
2,4,1.1,11344
2,4,1.133,11345
2,4,1.167,11346
2,4,1.2,11347
2,4,1.233,11348
2,4,5.667,11349
2,4,5.7,11350
2,4,5.733,11351
2,4,5.767,11352
2,4,5.8,11353
2,4,5.833,11354
2,4,5.867,11355
2,4,5.9,11356
2,4,5.933,11357
2,4,5.967,11358
2,4,6,11359
2,4,6.033,11360
2,4,6.067,11361
2,4,6.1,11362
2,4,6.133,11363
2,4,6.167,11364
2,4,6.2,11365
2,4,6.233,11366
2,4,6.267,11367
2,4,6.3,11368
2,4,6.333,11369
2,4,6.367,11370
2,4,6.4,11371
2,4,6.433,11372
2,4,6.467,11373
2,4,6.5,11374
2,4,6.533,11375
2,4,6.567,11376
2,4,6.6,11377
2,4,6.633,11378
2,4,6.667,11379
2,4,6.7,11380
2,4,6.733,11381
2,4,6.767,11382
2,4,6.8,11383
2,4,6.833,11384
2,4,6.867,11385
2,4,6.9,11386
2,4,6.933,11387
2,4,6.967,11388
2,4,7,11389
2,4,7.033,11390
2,4,7.067,11391
2,4,7.1,11392
2,4,7.133,11393
2,4,7.167,11394
2,4,7.2,11395
2,4,7.233,11396
2,4,7.267,11397
2,4,7.3,11398
2,4,7.333,11399
2,4,7.367,11400
2,4,7.4,11401
2,4,7.433,11402
2,4,7.467,11403
2,4,7.5,11404
2,4,7.533,11405
2,4,7.567,11406
2,4,7.6,11407
2,4,7.633,11408
2,4,7.667,11409
2,4,7.7,11410
2,4,7.733,11411
2,4,7.767,11412
2,4,7.8,11413
2,4,7.833,11414
2,4,7.867,11415
2,4,7.9,11416
2,4,7.933,11417
2,4,7.967,11418
2,4,8,11419
2,4,8.033,11420
2,4,8.067,11421
2,4,8.1,11422
2,4,8.133,11423
2,4,8.167,11424
2,4,8.2,11425
2,4,8.233,11426
2,4,8.267,11427
2,4,8.3,11428
2,4,8.333,11429
2,4,8.367,11430
2,4,8.4,11431
2,4,8.433,11432
2,4,8.467,11433
2,4,8.5,11434
2,4,8.533,11435
2,4,8.567,11436
2,4,8.6,11437
2,4,8.633,11438
2,4,8.667,11439
2,4,8.7,11440
2,4,8.733,11441
2,4,8.767,11442
2,4,8.8,11443
2,4,8.833,11444
2,4,8.867,11445
2,4,8.9,11446
2,4,8.933,11447
2,4,8.967,11448
2,4,9,11449
2,4,9.033,11450
2,4,9.067,11451
2,4,9.1,11452
2,4,9.133,11453
2,4,9.167,11454
2,4,9.2,11455
2,4,9.233,11456
2,4,9.267,11457
2,4,9.3,11458
2,4,9.333,11459
2,4,9.367,11460
2,4,9.4,11461
2,4,9.433,11462
2,4,9.467,11463
2,4,9.5,11464
2,4,9.533,11465
2,4,9.567,11466
2,4,9.6,11467
2,4,9.633,11468
2,4,9.667,11469
2,4,9.7,11470
2,4,9.733,11471
2,4,9.767,11472
2,4,9.8,11473
2,4,9.833,11474
2,4,9.867,11475
2,4,9.9,11476
2,4,9.933,11477
2,4,9.967,11478
2,4,10,11479
2,4,10.033,11480
2,4,10.067,11481
2,4,10.1,11482
2,4,10.133,11483
2,4,10.167,11484
2,4,10.2,11485
2,4,10.233,11486
2,4,10.267,11487
2,4,10.3,11488
2,4,10.333,11489
2,4,10.367,11490
2,4,10.4,11491
2,4,10.433,11492
2,4,10.467,11493
2,4,10.5,11494
2,4,10.533,11495
2,4,10.567,11496
2,4,10.6,11497
2,4,10.633,11498
2,4,10.667,11499
2,4,10.7,11500
2,4,10.733,11501
2,4,10.767,11502
2,4,10.8,11503
2,4,10.833,11504
2,4,10.867,11505
2,4,10.9,11506
2,4,10.933,11507
2,4,10.967,11508
2,4,11,11509
2,4,11.033,11510
2,4,11.067,11511
2,4,11.1,11512
2,4,11.133,11513
2,4,11.167,11514
2,4,11.2,11515
2,4,11.233,11516
2,4,11.267,11517
2,4,11.3,11518
2,4,11.333,11519
2,4,11.367,11520
2,4,11.4,11521
2,4,11.433,11522
2,4,11.467,11523
2,4,11.5,11524
2,4,11.533,11525
2,4,11.567,11526
2,4,11.6,11527
2,4,11.633,11528
2,4,11.667,11529
2,4,11.7,11530
2,4,11.733,11531
2,4,11.767,11532
2,4,11.8,11533
2,4,11.833,11534
2,4,11.867,11535
2,4,11.9,11536
2,4,11.933,11537
2,4,11.967,11538
2,4,12,11539
2,4,12.033,11540
2,4,12.067,11541
2,4,12.1,11542
2,4,12.133,11543
2,4,12.167,11544
2,4,12.2,11545
2,4,12.233,11546
2,4,12.267,11547
2,4,12.3,11548
2,4,12.333,11549
2,4,12.367,11550
2,4,12.4,11551
2,4,12.433,11552
2,4,12.467,11553
2,4,12.5,11554
2,4,12.533,11555
2,4,12.567,11556
2,4,12.6,11557
2,4,12.633,11558
2,4,12.667,11559
2,4,12.7,11560
2,4,12.733,11561
2,4,12.767,11562
2,4,12.8,11563
2,4,12.833,11564
2,4,12.867,11565
2,4,12.9,11566
2,4,12.933,11567
2,4,12.967,11568
2,4,13,11569
2,4,13.033,11570
2,4,13.067,11571
2,4,13.1,11572
2,4,13.133,11573
2,4,13.167,11574
2,4,13.2,11575
2,4,13.233,11576
2,4,13.267,11577
2,4,13.3,11578
2,4,13.333,11579
2,4,13.367,11580
2,4,13.4,11581
2,4,13.433,11582
2,4,13.467,11583
2,4,13.5,11584
2,4,13.533,11585
2,4,13.567,11586
2,4,13.6,11587
2,4,26.567,11588
2,4,26.6,11589
2,4,26.633,11590
2,4,26.667,11591
2,4,26.7,11592
2,4,26.733,11593
2,4,26.767,11594
2,4,26.8,11595
2,4,26.833,11596
2,4,26.867,11597
2,4,26.9,11598
2,4,26.933,11599
2,4,26.967,11600
2,4,27,11601
2,4,27.033,11602
2,4,27.067,11603
2,4,27.1,11604
2,4,27.133,11605
2,4,27.167,11606
2,4,27.2,11607
2,4,27.233,11608
2,4,27.267,11609
2,4,27.3,11610
2,4,27.333,11611
2,4,27.367,11612
2,4,27.4,11613
2,4,27.433,11614
2,4,27.467,11615
2,4,27.5,11616
2,4,27.533,11617
2,4,27.567,11618
2,4,27.6,11619
2,4,27.633,11620
2,4,27.667,11621
2,4,27.7,11622
2,4,27.733,11623
2,4,27.767,11624
2,4,27.8,11625
2,4,27.833,11626
2,4,27.867,11627
2,4,27.9,11628
2,4,27.933,11629
2,4,27.967,11630
2,4,28,11631
2,4,28.033,11632
2,4,28.067,11633
2,4,28.1,11634
2,4,28.133,11635
2,4,28.167,11636
2,4,28.2,11637
2,4,28.233,11638
2,4,28.267,11639
2,4,28.3,11640
2,4,28.333,11641
2,4,28.367,11642
2,4,28.4,11643
2,4,28.433,11644
2,4,28.467,11645
2,4,28.5,11646
2,4,28.533,11647
2,4,28.567,11648
2,4,28.6,11649
2,4,28.633,11650
2,4,28.667,11651
2,4,28.7,11652
2,4,28.733,11653
2,4,28.767,11654
2,4,28.8,11655
2,4,28.833,11656
2,4,28.867,11657
2,4,28.9,11658
2,4,28.933,11659
2,4,28.967,11660
2,4,29,11661
2,4,29.033,11662
2,4,29.067,11663
2,4,29.1,11664
2,4,29.133,11665
2,4,29.167,11666
2,4,29.2,11667
2,4,29.233,11668
2,4,29.267,11669
2,4,29.3,11670
2,4,29.333,11671
2,4,29.367,11672
2,4,29.4,11673
2,4,29.433,11674
2,4,29.467,11675
2,4,29.5,11676
2,4,29.533,11677
3,4,40.133,11678
3,4,40.167,11679
3,4,40.2,11680
3,4,40.233,11681
3,4,40.267,11682
3,4,40.3,11683
3,4,40.333,11684
3,4,40.367,11685
3,4,40.4,11686
3,4,40.433,11687
3,4,40.467,11688
3,4,40.5,11689
3,4,40.533,11690
3,4,40.567,11691
3,4,40.6,11692
3,4,40.633,11693
3,4,40.667,11694
3,4,40.7,11695
3,4,40.733,11696
3,4,40.767,11697
3,4,40.8,11698
3,4,40.833,11699
3,4,40.867,11700
3,4,40.9,11701
3,4,40.933,11702
3,4,40.967,11703
3,4,41,11704
3,4,41.033,11705
3,4,41.067,11706
3,4,41.1,11707
3,4,41.133,11708
3,4,41.167,11709
3,4,41.2,11710
3,4,41.233,11711
3,4,41.267,11712
3,4,41.3,11713
3,4,41.333,11714
3,4,41.367,11715
3,4,41.4,11716
3,4,41.433,11717
3,4,41.467,11718
3,4,41.5,11719
3,4,41.533,11720
3,4,41.567,11721
3,4,41.6,11722
3,4,41.633,11723
3,4,41.667,11724
3,4,41.7,11725
3,4,41.733,11726
3,4,41.767,11727
3,4,41.8,11728
3,4,41.833,11729
3,4,41.867,11730
3,4,41.9,11731
3,4,0,11732
3,4,0.033,11733
3,4,0.067,11734
3,4,0.1,11735
3,4,0.133,11736
3,4,0.167,11737
3,4,0.2,11738
3,4,0.233,11739
3,4,0.267,11740
3,4,0.3,11741
3,4,0.333,11742
3,4,0.367,11743
3,4,0.4,11744
3,4,0.433,11745
3,4,0.467,11746
3,4,0.5,11747
3,4,0.533,11748
3,4,0.567,11749
3,4,0.6,11750
3,4,0.633,11751
3,4,0.667,11752
3,4,0.7,11753
3,4,0.733,11754
3,4,0.767,11755
3,4,0.8,11756
3,4,0.833,11757
3,4,0.867,11758
3,4,0.9,11759
3,4,0.933,11760
3,4,0.967,11761
3,4,1,11762
3,4,1.033,11763
3,4,1.067,11764
3,4,1.1,11765
3,4,1.133,11766
3,4,1.167,11767
6,4,9.367,11768
6,4,9.4,11769
6,4,9.433,11770
6,4,9.467,11771
6,4,9.5,11772
6,4,9.533,11773
6,4,9.567,11774
6,4,9.6,11775
6,4,9.633,11776
6,4,9.667,11777
6,4,9.7,11778
6,4,9.733,11779
6,4,9.767,11780
6,4,9.8,11781
6,4,9.833,11782
6,4,9.867,11783
6,4,9.9,11784
6,4,9.933,11785
6,4,9.967,11786
6,4,10,11787
6,4,10.033,11788
6,4,10.067,11789
6,4,10.1,11790
6,4,10.133,11791
6,4,10.167,11792
6,4,10.2,11793
6,4,10.233,11794
6,4,10.267,11795
6,4,10.3,11796
6,4,10.333,11797
6,4,10.367,11798
6,4,10.4,11799
6,4,10.433,11800
6,4,10.467,11801
6,4,10.5,11802
6,4,10.533,11803
6,4,10.567,11804
6,4,10.6,11805
6,4,10.633,11806
6,4,10.667,11807
6,4,10.7,11808
6,4,10.733,11809
6,4,10.767,11810
6,4,10.8,11811
6,4,10.833,11812
6,4,10.867,11813
6,4,10.9,11814
6,4,10.933,11815
6,4,10.967,11816
6,4,11,11817
6,4,11.033,11818
6,4,11.067,11819
6,4,11.1,11820
6,4,11.133,11821
6,4,11.167,11822
6,4,11.2,11823
6,4,11.233,11824
6,4,11.267,11825
6,4,11.3,11826
6,4,11.333,11827
6,4,11.367,11828
6,4,11.4,11829
6,4,11.433,11830
6,4,11.467,11831
6,4,11.5,11832
6,4,11.533,11833
6,4,11.567,11834
6,4,11.6,11835
6,4,11.633,11836
6,4,11.667,11837
6,4,11.7,11838
6,4,11.733,11839
6,4,11.767,11840
6,4,11.8,11841
6,4,11.833,11842
6,4,11.867,11843
6,4,11.9,11844
6,4,11.933,11845
6,4,11.967,11846
6,4,12,11847
6,4,12.033,11848
6,4,12.067,11849
6,4,12.1,11850
6,4,12.133,11851
6,4,12.167,11852
6,4,12.2,11853
6,4,12.233,11854
6,4,12.267,11855
6,4,12.3,11856
6,4,12.333,11857
6,4,12.367,11858
6,4,12.4,11859
6,4,12.433,11860
6,4,12.467,11861
6,4,12.5,11862
6,4,12.533,11863
6,4,12.567,11864
6,4,12.6,11865
6,4,12.633,11866
6,4,12.667,11867
6,4,12.7,11868
6,4,12.733,11869
6,4,12.767,11870
6,4,12.8,11871
6,4,12.833,11872
6,4,12.867,11873
6,4,12.9,11874
6,4,12.933,11875
6,4,12.967,11876
6,4,13,11877
6,4,13.033,11878
6,4,13.067,11879
6,4,13.1,11880
6,4,13.133,11881
6,4,13.167,11882
6,4,13.2,11883
6,4,13.233,11884
6,4,13.267,11885
6,4,13.3,11886
6,4,13.333,11887
6,4,13.367,11888
6,4,13.4,11889
6,4,13.433,11890
6,4,13.467,11891
6,4,13.5,11892
6,4,13.533,11893
6,4,13.567,11894
6,4,13.6,11895
6,4,13.633,11896
6,4,13.667,11897
6,4,13.7,11898
6,4,13.733,11899
6,4,13.767,11900
6,4,13.8,11901
6,4,13.833,11902
6,4,0,11903
6,4,0.033,11904
6,4,0.067,11905
6,4,0.1,11906
6,4,0.133,11907
6,4,0.167,11908
6,4,0.2,11909
6,4,0.233,11910
6,4,0.267,11911
6,4,0.3,11912
6,4,0.333,11913
6,4,0.367,11914
1,4,11.933,11915
1,4,11.967,11916
1,4,12,11917
1,4,12.033,11918
1,4,12.067,11919
1,4,12.1,11920
1,4,12.133,11921
1,4,12.167,11922
1,4,12.2,11923
1,4,12.233,11924
1,4,12.267,11925
1,4,12.3,11926
1,4,12.333,11927
1,4,12.367,11928
1,4,12.4,11929
1,4,12.433,11930
1,4,12.467,11931
1,4,12.5,11932
1,4,12.533,11933
1,4,12.567,11934
1,4,12.6,11935
1,4,12.633,11936
1,4,12.667,11937
1,4,12.7,11938
1,4,12.733,11939
1,4,12.767,11940
1,4,12.8,11941
1,4,12.833,11942
1,4,12.867,11943
1,4,12.9,11944
1,4,12.933,11945
1,4,12.967,11946
1,4,13,11947
1,4,13.033,11948
1,4,13.067,11949
1,4,13.1,11950
1,4,13.133,11951
1,4,13.167,11952
1,4,13.2,11953
1,4,13.233,11954
1,4,13.267,11955
1,4,13.3,11956
1,4,13.333,11957
1,4,13.367,11958
1,4,13.4,11959
1,4,13.433,11960
1,4,13.467,11961
1,4,13.5,11962
1,4,13.533,11963
1,4,13.567,11964
1,4,13.6,11965
1,4,13.633,11966
1,4,13.667,11967
1,4,13.7,11968
1,4,13.733,11969
1,4,13.767,11970
1,4,13.8,11971
1,4,13.833,11972
1,4,13.867,11973
1,4,13.9,11974
1,4,13.933,11975
1,4,13.967,11976
1,4,14,11977
1,4,14.033,11978
1,4,14.067,11979
1,4,14.1,11980
1,4,14.133,11981
1,4,14.167,11982
1,4,14.2,11983
1,4,14.233,11984
1,4,14.267,11985
1,4,14.3,11986
1,4,14.333,11987
1,4,14.367,11988
1,4,14.4,11989
1,4,14.433,11990
1,4,14.467,11991
1,4,14.5,11992
1,4,14.533,11993
1,4,14.567,11994
1,4,14.6,11995
1,4,14.633,11996
1,4,14.667,11997
1,4,14.7,11998
1,4,14.733,11999
1,4,14.767,12000
1,4,14.8,12001
1,4,14.833,12002
1,4,14.867,12003
1,4,14.9,12004
1,4,14.933,12005
1,4,14.967,12006
1,4,15,12007
1,4,15.033,12008
1,4,15.067,12009
1,4,15.1,12010
1,4,15.133,12011
1,4,15.167,12012
1,4,15.2,12013
1,4,15.233,12014
1,4,15.267,12015
1,4,15.3,12016
1,4,15.333,12017
1,4,15.367,12018
1,4,15.4,12019
1,4,15.433,12020
1,4,15.467,12021
1,4,15.5,12022
1,4,15.533,12023
1,4,15.567,12024
1,4,15.6,12025
1,4,15.633,12026
1,4,15.667,12027
1,4,15.7,12028
1,4,15.733,12029
1,4,15.767,12030
1,4,15.8,12031
1,4,15.833,12032
1,4,15.867,12033
1,4,15.9,12034
1,4,15.933,12035
1,4,15.967,12036
1,4,16,12037
1,4,16.033,12038
1,4,16.067,12039
1,4,16.1,12040
1,4,16.133,12041
1,4,16.167,12042
1,4,16.2,12043
1,4,16.233,12044
1,4,16.267,12045
1,4,16.3,12046
1,4,16.333,12047
1,4,16.367,12048
1,4,16.4,12049
1,4,16.433,12050
1,4,16.467,12051
1,4,16.5,12052
1,4,16.533,12053
1,4,16.567,12054
1,4,16.6,12055
1,4,16.633,12056
1,4,16.667,12057
1,4,16.7,12058
1,4,16.733,12059
1,4,16.767,12060
1,4,16.8,12061
1,4,16.833,12062
1,4,16.867,12063
1,4,16.9,12064
1,4,16.933,12065
1,4,16.967,12066
1,4,17,12067
1,4,17.033,12068
1,4,17.067,12069
1,4,17.1,12070
1,4,17.133,12071
1,4,17.167,12072
1,4,17.2,12073
1,4,17.233,12074
1,4,17.267,12075
1,4,17.3,12076
1,4,17.333,12077
1,4,17.367,12078
1,4,17.4,12079
1,4,17.433,12080
1,4,17.467,12081
1,4,17.5,12082
1,4,17.533,12083
1,4,17.567,12084
1,4,17.6,12085
1,4,17.633,12086
1,4,17.667,12087
1,4,17.7,12088
1,4,17.733,12089
1,4,17.767,12090
1,4,17.8,12091
1,4,17.833,12092
1,4,17.867,12093
1,4,17.9,12094
1,4,17.933,12095
1,4,17.967,12096
1,4,18,12097
1,4,18.033,12098
1,4,18.067,12099
1,4,18.1,12100
1,4,18.133,12101
1,4,18.167,12102
1,4,18.2,12103
1,4,18.233,12104
1,4,18.267,12105
1,4,18.3,12106
1,4,18.333,12107
1,4,18.367,12108
1,4,18.4,12109
1,4,18.433,12110
1,4,18.467,12111
1,4,18.5,12112
1,4,18.533,12113
1,4,18.567,12114
1,4,18.6,12115
1,4,18.633,12116
1,4,18.667,12117
1,4,18.7,12118
1,4,18.733,12119
1,4,18.767,12120
1,4,18.8,12121
1,4,0,12122
1,4,0.033,12123
1,4,0.067,12124
1,4,0.1,12125
1,4,0.133,12126
1,4,0.167,12127
1,4,0.2,12128
1,4,0.233,12129
1,4,0.267,12130
1,4,0.3,12131
1,4,0.333,12132
4,4,0.633,12133
4,4,0.667,12134
4,4,0.7,12135
4,4,0.733,12136
4,4,0.767,12137
4,4,0.8,12138
4,4,0.833,12139
4,4,0.867,12140
4,4,0.9,12141
5,4,3.833,12142
5,4,3.867,12143
5,4,3.9,12144
5,4,3.933,12145
5,4,3.967,12146
5,4,4,12147
5,4,4.033,12148
5,4,4.067,12149
5,4,4.1,12150
5,4,4.133,12151
5,4,4.167,12152
5,4,4.2,12153
5,4,0,12154
5,4,0.033,12155
5,4,0.067,12156
5,4,0.1,12157
5,4,0.133,12158
5,4,0.167,12159
5,4,0.2,12160
5,4,0.233,12161
5,4,0.267,12162
5,4,0.3,12163
5,4,0.333,12164
5,4,0.367,12165
5,4,0.4,12166
5,4,0.433,12167
5,4,0.467,12168
4,4,1.9,12169
4,4,1.933,12170
4,4,1.967,12171
4,4,2,12172
4,4,2.033,12173
4,4,2.067,12174
4,4,2.1,12175
4,4,2.133,12176
4,4,2.167,12177
4,4,2.2,12178
4,4,2.233,12179
4,4,2.267,12180
4,4,2.3,12181
4,4,2.333,12182
4,4,2.367,12183
4,4,2.4,12184
4,4,2.433,12185
4,4,2.467,12186
4,4,2.5,12187
4,4,2.533,12188
4,4,2.567,12189
4,4,2.6,12190
4,4,2.633,12191
4,4,2.667,12192
4,4,2.7,12193
4,4,2.733,12194
4,4,2.767,12195
4,4,2.8,12196
4,4,2.833,12197
4,4,2.867,12198
4,4,2.9,12199
4,4,2.933,12200
4,4,2.967,12201
4,4,3,12202
4,4,3.033,12203
4,4,3.067,12204
4,4,3.1,12205
4,4,3.133,12206
4,4,3.167,12207
4,4,3.2,12208
4,4,3.233,12209
4,4,3.267,12210
4,4,3.3,12211
4,4,3.333,12212
4,4,3.367,12213
4,4,3.4,12214
4,4,3.433,12215
4,4,3.467,12216
4,4,3.5,12217
4,4,3.533,12218
4,4,3.567,12219
4,4,3.6,12220
4,4,3.633,12221
4,4,3.667,12222
4,4,3.7,12223
4,4,3.733,12224
4,4,3.767,12225
4,4,3.8,12226
4,4,3.833,12227
4,4,3.867,12228
4,4,3.9,12229
4,4,0,12230
4,4,0.033,12231
4,4,0.067,12232
4,4,0.1,12233
4,4,0.133,12234
4,4,0.167,12235
4,4,0.2,12236
4,4,0.233,12237
4,4,0.267,12238
4,4,0.3,12239
4,4,0.333,12240
4,4,0.367,12241
2,5,11.867,12242
2,5,11.9,12243
2,5,11.933,12244
2,5,11.967,12245
2,5,12,12246
2,5,12.033,12247
2,5,12.067,12248
2,5,12.1,12249
2,5,12.133,12250
2,5,12.167,12251
2,5,12.2,12252
2,5,12.233,12253
2,5,12.267,12254
2,5,12.3,12255
2,5,12.333,12256
2,5,12.367,12257
2,5,12.4,12258
2,5,12.433,12259
2,5,12.467,12260
2,5,12.5,12261
2,5,12.533,12262
2,5,12.567,12263
2,5,12.6,12264
2,5,12.633,12265
2,5,12.667,12266
2,5,12.7,12267
2,5,12.733,12268
2,5,12.767,12269
2,5,12.8,12270
2,5,12.833,12271
2,5,12.867,12272
2,5,12.9,12273
2,5,12.933,12274
2,5,12.967,12275
2,5,13,12276
2,5,13.033,12277
2,5,13.067,12278
2,5,13.1,12279
2,5,13.133,12280
2,5,13.167,12281
2,5,13.2,12282
2,5,13.233,12283
2,5,13.267,12284
2,5,13.3,12285
2,5,13.333,12286
2,5,13.367,12287
2,5,13.4,12288
2,5,13.433,12289
2,5,13.467,12290
2,5,13.5,12291
2,5,13.533,12292
2,5,13.567,12293
2,5,13.6,12294
2,5,13.633,12295
2,5,13.667,12296
2,5,13.7,12297
2,5,13.733,12298
2,5,13.767,12299
2,5,13.8,12300
2,5,13.833,12301
2,5,13.867,12302
2,5,13.9,12303
2,5,13.933,12304
2,5,13.967,12305
2,5,14,12306
2,5,14.033,12307
2,5,14.067,12308
2,5,14.1,12309
2,5,14.133,12310
2,5,14.167,12311
2,5,14.2,12312
2,5,14.233,12313
2,5,14.267,12314
2,5,14.3,12315
2,5,14.333,12316
2,5,14.367,12317
2,5,14.4,12318
2,5,14.433,12319
2,5,14.467,12320
2,5,14.5,12321
2,5,14.533,12322
2,5,14.567,12323
2,5,14.6,12324
2,5,14.633,12325
2,5,14.667,12326
2,5,14.7,12327
2,5,14.733,12328
2,5,14.767,12329
2,5,14.8,12330
2,5,14.833,12331
2,5,14.867,12332
2,5,14.9,12333
2,5,14.933,12334
2,5,14.967,12335
2,5,15,12336
2,5,15.033,12337
2,5,15.067,12338
2,5,15.1,12339
2,5,15.133,12340
2,5,15.167,12341
2,5,15.2,12342
2,5,15.233,12343
2,5,15.267,12344
2,5,15.3,12345
2,5,15.333,12346
2,5,15.367,12347
2,5,15.4,12348
2,5,15.433,12349
2,5,15.467,12350
2,5,15.5,12351
2,5,15.533,12352
2,5,15.567,12353
2,5,15.6,12354
2,5,15.633,12355
2,5,15.667,12356
2,5,15.7,12357
2,5,15.733,12358
2,5,15.767,12359
2,5,15.8,12360
2,5,15.833,12361
2,5,15.867,12362
2,5,15.9,12363
2,5,15.933,12364
2,5,15.967,12365
2,5,16,12366
2,5,16.033,12367
2,5,16.067,12368
2,5,16.1,12369
2,5,16.133,12370
2,5,16.167,12371
2,5,16.2,12372
2,5,16.233,12373
2,5,16.267,12374
2,5,16.3,12375
2,5,16.333,12376
2,5,16.367,12377
2,5,16.4,12378
2,5,16.433,12379
2,5,16.467,12380
2,5,16.5,12381
2,5,16.533,12382
2,5,16.567,12383
2,5,16.6,12384
2,5,16.633,12385
2,5,16.667,12386
2,5,16.7,12387
2,5,16.733,12388
2,5,16.767,12389
2,5,16.8,12390
2,5,16.833,12391
2,5,16.867,12392
2,5,16.9,12393
2,5,16.933,12394
2,5,16.967,12395
2,5,17,12396
2,5,17.033,12397
2,5,17.067,12398
2,5,17.1,12399
2,5,17.133,12400
2,5,17.167,12401
2,5,17.2,12402
2,5,17.233,12403
2,5,17.267,12404
2,5,17.3,12405
2,5,17.333,12406
2,5,17.367,12407
2,5,17.4,12408
2,5,17.433,12409
2,5,17.467,12410
2,5,17.5,12411
2,5,17.533,12412
2,5,17.567,12413
2,5,17.6,12414
2,5,17.633,12415
2,5,17.667,12416
2,5,17.7,12417
2,5,17.733,12418
2,5,17.767,12419
2,5,17.8,12420
2,5,17.833,12421
2,5,17.867,12422
2,5,17.9,12423
2,5,17.933,12424
2,5,17.967,12425
2,5,18,12426
2,5,18.033,12427
2,5,18.067,12428
2,5,18.1,12429
2,5,18.133,12430
2,5,18.167,12431
2,5,18.2,12432
2,5,18.233,12433
2,5,18.267,12434
2,5,18.3,12435
2,5,18.333,12436
2,5,18.367,12437
2,5,18.4,12438
2,5,18.433,12439
2,5,18.467,12440
2,5,18.5,12441
2,5,18.533,12442
2,5,18.567,12443
2,5,18.6,12444
2,5,18.633,12445
2,5,18.667,12446
2,5,18.7,12447
2,5,18.733,12448
2,5,18.767,12449
2,5,18.8,12450
2,5,18.833,12451
2,5,18.867,12452
2,5,18.9,12453
2,5,18.933,12454
2,5,18.967,12455
2,5,19,12456
2,5,19.033,12457
2,5,19.067,12458
2,5,19.1,12459
2,5,19.133,12460
2,5,19.167,12461
2,5,19.2,12462
2,5,19.233,12463
2,5,19.267,12464
2,5,19.3,12465
2,5,19.333,12466
2,5,19.367,12467
2,5,19.4,12468
2,5,19.433,12469
2,5,19.467,12470
2,5,19.5,12471
2,5,19.533,12472
2,5,19.567,12473
2,5,19.6,12474
2,5,19.633,12475
2,5,19.667,12476
2,5,19.7,12477
2,5,19.733,12478
2,5,19.767,12479
2,5,19.8,12480
2,5,19.833,12481
2,5,19.867,12482
2,5,19.9,12483
2,5,19.933,12484
2,5,19.967,12485
2,5,20,12486
2,5,20.033,12487
2,5,20.067,12488
2,5,20.1,12489
2,5,20.133,12490
2,5,20.167,12491
2,5,20.2,12492
2,5,20.233,12493
2,5,20.267,12494
2,5,20.3,12495
2,5,20.333,12496
2,5,20.367,12497
2,5,20.4,12498
2,5,20.433,12499
2,5,20.467,12500
2,5,20.5,12501
2,5,20.533,12502
2,5,20.567,12503
2,5,20.6,12504
2,5,20.633,12505
2,5,20.667,12506
2,5,20.7,12507
2,5,20.733,12508
2,5,20.767,12509
2,5,20.8,12510
2,5,20.833,12511
2,5,20.867,12512
2,5,20.9,12513
2,5,20.933,12514
2,5,20.967,12515
2,5,21,12516
2,5,21.033,12517
2,5,21.067,12518
2,5,21.1,12519
2,5,21.133,12520
2,5,21.167,12521
2,5,21.2,12522
2,5,21.233,12523
2,5,21.267,12524
2,5,21.3,12525
2,5,21.333,12526
2,5,21.367,12527
2,5,21.4,12528
2,5,21.433,12529
2,5,21.467,12530
2,5,21.5,12531
2,5,21.533,12532
2,5,21.567,12533
2,5,21.6,12534
2,5,21.633,12535
2,5,21.667,12536
2,5,21.7,12537
2,5,21.733,12538
2,5,21.767,12539
2,5,21.8,12540
2,5,21.833,12541
2,5,21.867,12542
2,5,21.9,12543
2,5,21.933,12544
2,5,21.967,12545
2,5,22,12546
2,5,22.033,12547
2,5,22.067,12548
2,5,22.1,12549
2,5,22.133,12550
2,5,22.167,12551
2,5,22.2,12552
2,5,22.233,12553
2,5,22.267,12554
2,5,22.3,12555
2,5,22.333,12556
2,5,22.367,12557
2,5,22.4,12558
2,5,22.433,12559
2,5,22.467,12560
2,5,22.5,12561
2,5,22.533,12562
2,5,22.567,12563
2,5,22.6,12564
2,5,22.633,12565
2,5,22.667,12566
2,5,22.7,12567
2,5,22.733,12568
2,5,22.767,12569
2,5,22.8,12570
2,5,22.833,12571
2,5,22.867,12572
2,5,22.9,12573
2,5,22.933,12574
2,5,22.967,12575
2,5,23,12576
2,5,23.033,12577
2,5,23.067,12578
2,5,23.1,12579
2,5,23.133,12580
2,5,23.167,12581
2,5,23.2,12582
2,5,23.233,12583
2,5,23.267,12584
2,5,23.3,12585
2,5,23.333,12586
2,5,23.367,12587
2,5,23.4,12588
2,5,23.433,12589
2,5,23.467,12590
2,5,23.5,12591
2,5,23.533,12592
2,5,23.567,12593
6,5,25.5,12594
6,5,25.533,12595
6,5,25.567,12596
6,5,25.6,12597
6,5,25.633,12598
6,5,25.667,12599
6,5,25.7,12600
6,5,25.733,12601
6,5,25.767,12602
6,5,25.8,12603
6,5,25.833,12604
6,5,25.867,12605
6,5,25.9,12606
6,5,25.933,12607
6,5,25.967,12608
6,5,26,12609
6,5,26.033,12610
6,5,26.067,12611
6,5,26.1,12612
6,5,26.133,12613
6,5,26.167,12614
6,5,26.2,12615
6,5,26.233,12616
6,5,26.267,12617
6,5,26.3,12618
6,5,26.333,12619
6,5,26.367,12620
6,5,26.4,12621
6,5,26.433,12622
6,5,26.467,12623
6,5,26.5,12624
6,5,26.533,12625
6,5,26.567,12626
6,5,26.6,12627
6,5,26.633,12628
6,5,26.667,12629
6,5,26.7,12630
6,5,26.733,12631
6,5,26.767,12632
6,5,26.8,12633
6,5,26.833,12634
6,5,26.867,12635
6,5,26.9,12636
6,5,26.933,12637
6,5,26.967,12638
6,5,27,12639
6,5,27.033,12640
6,5,27.067,12641
6,5,27.1,12642
6,5,27.133,12643
6,5,27.167,12644
6,5,27.2,12645
6,5,27.233,12646
6,5,27.267,12647
6,5,27.3,12648
6,5,27.333,12649
6,5,27.367,12650
6,5,27.4,12651
6,5,27.433,12652
6,5,27.467,12653
6,5,27.5,12654
6,5,27.533,12655
6,5,27.567,12656
6,5,27.6,12657
6,5,27.633,12658
6,5,27.667,12659
6,5,27.7,12660
6,5,27.733,12661
6,5,27.767,12662
6,5,27.8,12663
6,5,27.833,12664
6,5,27.867,12665
6,5,27.9,12666
6,5,27.933,12667
6,5,27.967,12668
6,5,28,12669
6,5,28.033,12670
6,5,28.067,12671
6,5,28.1,12672
6,5,28.133,12673
6,5,28.167,12674
6,5,28.2,12675
6,5,28.233,12676
6,5,28.267,12677
6,5,28.3,12678
6,5,28.333,12679
6,5,28.367,12680
6,5,28.4,12681
6,5,28.433,12682
6,5,28.467,12683
6,5,28.5,12684
6,5,28.533,12685
6,5,28.567,12686
6,5,28.6,12687
6,5,28.633,12688
6,5,28.667,12689
6,5,28.7,12690
6,5,28.733,12691
6,5,28.767,12692
6,5,28.8,12693
6,5,28.833,12694
6,5,28.867,12695
6,5,28.9,12696
6,5,28.933,12697
6,5,28.967,12698
6,5,29,12699
6,5,29.033,12700
6,5,29.067,12701
6,5,29.1,12702
6,5,29.133,12703
6,5,29.167,12704
6,5,29.2,12705
6,5,29.233,12706
6,5,29.267,12707
6,5,29.3,12708
6,5,29.333,12709
6,5,29.367,12710
6,5,29.4,12711
6,5,29.433,12712
6,5,29.467,12713
6,5,29.5,12714
6,5,29.533,12715
6,5,29.567,12716
6,5,29.6,12717
6,5,29.633,12718
6,5,29.667,12719
6,5,29.7,12720
6,5,29.733,12721
6,5,29.767,12722
6,5,29.8,12723
6,5,29.833,12724
6,5,29.867,12725
6,5,29.9,12726
6,5,29.933,12727
6,5,29.967,12728
6,5,30,12729
6,5,30.033,12730
6,5,30.067,12731
6,5,30.1,12732
6,5,30.133,12733
6,5,30.167,12734
6,5,30.2,12735
6,5,30.233,12736
6,5,30.267,12737
6,5,30.3,12738
6,5,30.333,12739
6,5,30.367,12740
6,5,30.4,12741
6,5,30.433,12742
6,5,30.467,12743
6,5,30.5,12744
6,5,30.533,12745
6,5,30.567,12746
6,5,30.6,12747
6,5,30.633,12748
6,5,30.667,12749
6,5,30.7,12750
6,5,30.733,12751
6,5,30.767,12752
6,5,30.8,12753
6,5,30.833,12754
6,5,30.867,12755
6,5,30.9,12756
6,5,30.933,12757
6,5,30.967,12758
6,5,31,12759
6,5,31.033,12760
6,5,31.067,12761
6,5,31.1,12762
6,5,31.133,12763
6,5,31.167,12764
6,5,31.2,12765
6,5,31.233,12766
6,5,31.267,12767
6,5,31.3,12768
6,5,31.333,12769
6,5,31.367,12770
6,5,31.4,12771
6,5,31.433,12772
6,5,31.467,12773
6,5,31.5,12774
6,5,31.533,12775
6,5,31.567,12776
6,5,31.6,12777
6,5,31.633,12778
6,5,31.667,12779
6,5,31.7,12780
6,5,31.733,12781
6,5,31.767,12782
6,5,31.8,12783
6,5,31.833,12784
6,5,31.867,12785
6,5,31.9,12786
6,5,31.933,12787
6,5,31.967,12788
6,5,32,12789
6,5,32.033,12790
6,5,32.067,12791
6,5,32.1,12792
6,5,32.133,12793
6,5,32.167,12794
6,5,32.2,12795
6,5,32.233,12796
6,5,32.267,12797
6,5,32.3,12798
6,5,32.333,12799
6,5,32.367,12800
6,5,32.4,12801
6,5,32.433,12802
6,5,32.467,12803
6,5,32.5,12804
6,5,32.533,12805
6,5,32.567,12806
6,5,32.6,12807
6,5,32.633,12808
6,5,32.667,12809
6,5,32.7,12810
6,5,32.733,12811
6,5,32.767,12812
6,5,32.8,12813
6,5,32.833,12814
6,5,32.867,12815
6,5,32.9,12816
6,5,32.933,12817
6,5,32.967,12818
6,5,33,12819
6,5,33.033,12820
6,5,33.067,12821
6,5,33.1,12822
6,5,33.133,12823
6,5,33.167,12824
6,5,33.2,12825
6,5,33.233,12826
6,5,33.267,12827
6,5,33.3,12828
6,5,33.333,12829
6,5,33.367,12830
6,5,33.4,12831
6,5,33.433,12832
6,5,0,12833
6,5,0.033,12834
6,5,0.067,12835
6,5,0.1,12836
6,5,0.133,12837
6,5,0.167,12838
6,5,0.2,12839
6,5,0.233,12840
6,5,0.267,12841
6,5,0.3,12842
6,5,0.333,12843
6,5,0.367,12844
6,5,0.4,12845
6,5,0.433,12846
6,5,0.467,12847
6,5,0.5,12848
6,5,0.533,12849
6,5,0.567,12850
6,5,0.6,12851
6,5,0.633,12852
6,5,0.667,12853
6,5,0.7,12854
6,5,0.733,12855
6,5,0.767,12856
6,5,0.8,12857
6,5,0.833,12858
6,5,0.867,12859
6,5,0.9,12860
6,5,0.933,12861
6,5,0.967,12862
6,5,1,12863
6,5,1.033,12864
6,5,1.067,12865
6,5,1.1,12866
6,5,1.133,12867
6,5,1.167,12868
6,5,1.2,12869
6,5,1.233,12870
6,5,1.267,12871
6,5,1.3,12872
6,5,1.333,12873
6,5,1.367,12874
6,5,1.4,12875
6,5,1.433,12876
6,5,1.467,12877
6,5,1.5,12878
6,5,1.533,12879
6,5,1.567,12880
6,5,1.6,12881
6,5,1.633,12882
6,5,1.667,12883
6,5,1.7,12884
6,5,1.733,12885
6,5,1.767,12886
6,5,1.8,12887
6,5,1.833,12888
6,5,1.867,12889
6,5,1.9,12890
6,5,1.933,12891
6,5,1.967,12892
6,5,2,12893
6,5,2.033,12894
6,5,2.067,12895
6,5,2.1,12896
6,5,2.133,12897
6,5,2.167,12898
6,5,2.2,12899
6,5,2.233,12900
6,5,2.267,12901
6,5,2.3,12902
6,5,2.333,12903
6,5,2.367,12904
6,5,2.4,12905
6,5,2.433,12906
6,5,2.467,12907
6,5,2.5,12908
6,5,2.533,12909
6,5,2.567,12910
6,5,2.6,12911
6,5,2.633,12912
6,5,2.667,12913
6,5,2.7,12914
6,5,2.733,12915
6,5,2.767,12916
6,5,2.8,12917
6,5,2.833,12918
6,5,2.867,12919
6,5,2.9,12920
6,5,2.933,12921
6,5,2.967,12922
6,5,3,12923
6,5,3.033,12924
6,5,3.067,12925
6,5,3.1,12926
6,5,3.133,12927
6,5,3.167,12928
6,5,3.2,12929
6,5,3.233,12930
6,5,3.267,12931
6,5,3.3,12932
6,5,3.333,12933
6,5,3.367,12934
6,5,3.4,12935
6,5,3.433,12936
6,5,3.467,12937
6,5,3.5,12938
6,5,3.533,12939
6,5,3.567,12940
6,5,3.6,12941
6,5,3.633,12942
6,5,3.667,12943
6,5,3.7,12944
6,5,3.733,12945
6,5,3.767,12946
6,5,3.8,12947
6,5,3.833,12948
6,5,3.867,12949
6,5,3.9,12950
6,5,3.933,12951
3,5,7.9,12952
3,5,7.933,12953
3,5,7.967,12954
3,5,8,12955
3,5,8.033,12956
3,5,8.067,12957
3,5,8.1,12958
3,5,8.133,12959
3,5,8.167,12960
3,5,8.2,12961
3,5,8.233,12962
3,5,8.267,12963
3,5,8.3,12964
3,5,8.333,12965
3,5,8.367,12966
3,5,8.4,12967
3,5,8.433,12968
3,5,8.467,12969
3,5,8.5,12970
3,5,8.533,12971
3,5,8.567,12972
3,5,8.6,12973
3,5,8.633,12974
3,5,8.667,12975
3,5,8.7,12976
3,5,8.733,12977
3,5,8.767,12978
3,5,8.8,12979
3,5,8.833,12980
3,5,8.867,12981
3,5,8.9,12982
3,5,8.933,12983
3,5,8.967,12984
3,5,9,12985
3,5,9.033,12986
3,5,9.067,12987
3,5,9.1,12988
3,5,9.133,12989
3,5,9.167,12990
3,5,9.2,12991
3,5,9.233,12992
3,5,9.267,12993
3,5,9.3,12994
3,5,9.333,12995
3,5,9.367,12996
3,5,9.4,12997
3,5,9.433,12998
3,5,9.467,12999
3,5,9.5,13000
3,5,9.533,13001
3,5,9.567,13002
3,5,9.6,13003
3,5,9.633,13004
3,5,9.667,13005
3,5,9.7,13006
3,5,9.733,13007
3,5,9.767,13008
3,5,9.8,13009
3,5,9.833,13010
3,5,9.867,13011
3,5,9.9,13012
3,5,9.933,13013
3,5,9.967,13014
3,5,10,13015
3,5,10.033,13016
3,5,10.067,13017
3,5,10.1,13018
3,5,10.133,13019
3,5,10.167,13020
3,5,10.2,13021
3,5,10.233,13022
3,5,10.267,13023
3,5,10.3,13024
3,5,10.333,13025
3,5,10.367,13026
3,5,10.4,13027
3,5,10.433,13028
3,5,10.467,13029
3,5,10.5,13030
3,5,10.533,13031
3,5,10.567,13032
3,5,10.6,13033
3,5,10.633,13034
3,5,10.667,13035
3,5,10.7,13036
3,5,10.733,13037
3,5,10.767,13038
3,5,10.8,13039
3,5,10.833,13040
3,5,10.867,13041
3,5,10.9,13042
3,5,10.933,13043
3,5,10.967,13044
3,5,11,13045
3,5,11.033,13046
3,5,11.067,13047
3,5,11.1,13048
3,5,11.133,13049
3,5,11.167,13050
3,5,11.2,13051
3,5,11.233,13052
3,5,11.267,13053
3,5,11.3,13054
3,5,11.333,13055
3,5,11.367,13056
3,5,11.4,13057
3,5,11.433,13058
3,5,11.467,13059
3,5,11.5,13060
3,5,11.533,13061
3,5,11.567,13062
3,5,11.6,13063
3,5,11.633,13064
3,5,11.667,13065
3,5,11.7,13066
3,5,11.733,13067
3,5,11.767,13068
3,5,11.8,13069
3,5,11.833,13070
3,5,11.867,13071
3,5,11.9,13072
3,5,11.933,13073
3,5,11.967,13074
3,5,12,13075
3,5,12.033,13076
3,5,12.067,13077
3,5,12.1,13078
3,5,12.133,13079
3,5,12.167,13080
3,5,12.2,13081
3,5,12.233,13082
3,5,12.267,13083
3,5,12.3,13084
3,5,12.333,13085
3,5,12.367,13086
3,5,12.4,13087
3,5,12.433,13088
3,5,12.467,13089
3,5,12.5,13090
3,5,12.533,13091
3,5,12.567,13092
3,5,12.6,13093
3,5,12.633,13094
3,5,12.667,13095
3,5,12.7,13096
3,5,12.733,13097
3,5,12.767,13098
3,5,12.8,13099
3,5,12.833,13100
3,5,12.867,13101
3,5,12.9,13102
3,5,12.933,13103
3,5,12.967,13104
3,5,13,13105
3,5,13.033,13106
3,5,13.067,13107
3,5,13.1,13108
3,5,13.133,13109
3,5,13.167,13110
3,5,13.2,13111
3,5,13.233,13112
3,5,13.267,13113
3,5,13.3,13114
3,5,13.333,13115
3,5,13.367,13116
3,5,13.4,13117
3,5,13.433,13118
3,5,13.467,13119
3,5,13.5,13120
3,5,13.533,13121
3,5,13.567,13122
3,5,13.6,13123
3,5,13.633,13124
3,5,13.667,13125
3,5,13.7,13126
3,5,13.733,13127
3,5,13.767,13128
3,5,13.8,13129
3,5,13.833,13130
3,5,13.867,13131
3,5,13.9,13132
3,5,13.933,13133
3,5,13.967,13134
3,5,0,13135
3,5,0.033,13136
3,5,0.067,13137
3,5,0.1,13138
3,5,0.133,13139
3,5,0.167,13140
3,5,0.2,13141
3,5,0.233,13142
3,5,0.267,13143
3,5,0.3,13144
3,5,0.333,13145
3,5,0.367,13146
3,5,0.4,13147
3,5,0.433,13148
3,5,0.467,13149
3,5,0.5,13150
3,5,0.533,13151
3,5,0.567,13152
3,5,0.6,13153
3,5,0.633,13154
3,5,0.667,13155
3,5,0.7,13156
3,5,0.733,13157
3,5,0.767,13158
3,5,0.8,13159
3,5,0.833,13160
3,5,0.867,13161
3,5,0.9,13162
3,5,0.933,13163
3,5,0.967,13164
3,5,1,13165
3,5,1.033,13166
3,5,1.067,13167
3,5,1.1,13168
3,5,1.133,13169
3,5,1.167,13170
3,5,1.2,13171
3,5,1.233,13172
3,5,1.267,13173
3,5,1.3,13174
3,5,1.333,13175
3,5,1.367,13176
3,5,1.4,13177
3,5,1.433,13178
3,5,1.467,13179
3,5,1.5,13180
3,5,1.533,13181
3,5,1.567,13182
3,5,1.6,13183
3,5,1.633,13184
3,5,1.667,13185
3,5,1.7,13186
3,5,1.733,13187
3,5,1.767,13188
3,5,1.8,13189
3,5,1.833,13190
3,5,1.867,13191
3,5,1.9,13192
3,5,1.933,13193
3,5,1.967,13194
3,5,2,13195
3,5,2.033,13196
3,5,2.067,13197
3,5,2.1,13198
3,5,2.133,13199
3,5,2.167,13200
3,5,2.2,13201
3,5,2.233,13202
3,5,2.267,13203
3,5,2.3,13204
3,5,2.333,13205
3,5,2.367,13206
3,5,2.4,13207
3,5,2.433,13208
3,5,2.467,13209
3,5,2.5,13210
3,5,2.533,13211
3,5,2.567,13212
3,5,2.6,13213
3,5,2.633,13214
3,5,2.667,13215
3,5,2.7,13216
3,5,2.733,13217
3,5,2.767,13218
3,5,2.8,13219
3,5,2.833,13220
3,5,2.867,13221
3,5,2.9,13222
3,5,2.933,13223
3,5,2.967,13224
3,5,3,13225
3,5,3.033,13226
3,5,3.067,13227
3,5,3.1,13228
3,5,3.133,13229
3,5,3.167,13230
3,5,3.2,13231
3,5,3.233,13232
3,5,3.267,13233
3,5,3.3,13234
3,5,3.333,13235
3,5,3.367,13236
3,5,3.4,13237
3,5,3.433,13238
3,5,3.467,13239
3,5,3.5,13240
3,5,3.533,13241
3,5,3.567,13242
3,5,3.6,13243
3,5,3.633,13244
3,5,3.667,13245
3,5,3.7,13246
3,5,3.733,13247
3,5,3.767,13248
3,5,3.8,13249
3,5,3.833,13250
3,5,3.867,13251
3,5,3.9,13252
3,5,3.933,13253
3,5,3.967,13254
3,5,4,13255
3,5,4.033,13256
3,5,4.067,13257
3,5,4.1,13258
3,5,4.133,13259
3,5,4.167,13260
3,5,4.2,13261
3,5,4.233,13262
3,5,4.267,13263
3,5,4.3,13264
3,5,4.333,13265
3,5,4.367,13266
3,5,4.4,13267
3,5,4.433,13268
3,5,4.467,13269
3,5,4.5,13270
3,5,4.533,13271
3,5,4.567,13272
3,5,4.6,13273
3,5,4.633,13274
3,5,4.667,13275
3,5,4.7,13276
3,5,4.733,13277
3,5,4.767,13278
3,5,4.8,13279
3,5,4.833,13280
3,5,4.867,13281
3,5,4.9,13282
3,5,4.933,13283
3,5,4.967,13284
3,5,5,13285
3,5,5.033,13286
6,5,5.067,13287
6,5,5.1,13288
6,5,5.133,13289
6,5,5.167,13290
6,5,5.2,13291
6,5,5.233,13292
6,5,5.267,13293
6,5,5.3,13294
6,5,5.333,13295
6,5,5.367,13296
6,5,5.4,13297
6,5,5.433,13298
6,5,5.467,13299
6,5,5.5,13300
6,5,5.533,13301
6,5,5.567,13302
6,5,5.6,13303
6,5,5.633,13304
6,5,5.667,13305
6,5,5.7,13306
6,5,5.733,13307
6,5,5.767,13308
6,5,5.8,13309
6,5,5.833,13310
6,5,5.867,13311
6,5,5.9,13312
6,5,5.933,13313
6,5,5.967,13314
4,5,6,13315
4,5,6.033,13316
4,5,6.067,13317
4,5,6.1,13318
4,5,6.133,13319
4,5,6.167,13320
4,5,6.2,13321
4,5,6.233,13322
4,5,6.267,13323
4,5,6.3,13324
4,5,6.333,13325
4,5,6.367,13326
4,5,6.4,13327
4,5,6.433,13328
4,5,6.467,13329
4,5,6.5,13330
4,5,6.533,13331
4,5,6.567,13332
4,5,6.6,13333
4,5,6.633,13334
4,5,6.667,13335
4,5,6.7,13336
4,5,6.733,13337
4,5,6.767,13338
4,5,6.8,13339
4,5,6.833,13340
4,5,6.867,13341
4,5,6.9,13342
4,5,6.933,13343
4,5,6.967,13344
4,5,7,13345
4,5,7.033,13346
4,5,7.067,13347
4,5,7.1,13348
4,5,7.133,13349
4,5,7.167,13350
4,5,7.2,13351
4,5,7.233,13352
4,5,7.267,13353
4,5,7.3,13354
4,5,7.333,13355
4,5,7.367,13356
4,5,7.4,13357
4,5,7.433,13358
4,5,0,13359
4,5,0.033,13360
4,5,0.067,13361
4,5,0.1,13362
4,5,0.133,13363
4,5,0.167,13364
4,5,0.2,13365
4,5,0.233,13366
4,5,0.267,13367
4,5,0.3,13368
4,5,0.333,13369
4,5,0.367,13370
4,5,0.4,13371
4,5,0.433,13372
4,5,0.467,13373
4,5,0.5,13374
4,5,0.533,13375
4,5,0.567,13376
4,5,0.6,13377
4,5,0.633,13378
4,5,0.667,13379
4,5,0.7,13380
4,5,0.733,13381
4,5,0.767,13382
4,5,0.8,13383
4,5,0.833,13384
4,5,0.867,13385
4,5,0.9,13386
4,5,0.933,13387
4,5,0.967,13388
4,5,1,13389
4,5,1.033,13390
4,5,1.067,13391
4,5,1.1,13392
4,5,1.133,13393
4,5,1.167,13394
4,5,1.2,13395
4,5,1.233,13396
4,5,1.267,13397
4,5,1.3,13398
4,5,1.333,13399
4,5,1.367,13400
4,5,1.4,13401
4,5,1.433,13402
4,5,1.467,13403
4,5,1.5,13404
4,5,1.533,13405
4,5,1.567,13406
4,5,1.6,13407
4,5,1.633,13408
4,5,1.667,13409
4,5,1.7,13410
4,5,1.733,13411
4,5,1.767,13412
4,5,1.8,13413
4,5,1.833,13414
4,5,1.867,13415
4,5,1.9,13416
4,5,1.933,13417
4,5,1.967,13418
4,5,2,13419
4,5,2.033,13420
4,5,2.067,13421
4,5,2.1,13422
4,5,2.133,13423
4,5,2.167,13424
4,5,2.2,13425
4,5,2.233,13426
4,5,2.267,13427
4,5,2.3,13428
4,5,2.333,13429
4,5,2.367,13430
4,5,2.4,13431
4,5,2.433,13432
4,5,2.467,13433
4,5,2.5,13434
4,5,2.533,13435
4,5,2.567,13436
4,5,2.6,13437
4,5,2.633,13438
4,5,2.667,13439
4,5,2.7,13440
4,5,2.733,13441
4,5,2.767,13442
4,5,2.8,13443
4,5,2.833,13444
4,5,2.867,13445
4,5,2.9,13446
4,5,2.933,13447
4,5,2.967,13448
4,5,3,13449
4,5,3.033,13450
4,5,3.067,13451
4,5,3.1,13452
4,5,3.133,13453
4,5,3.167,13454
4,5,3.2,13455
4,5,3.233,13456
4,5,3.267,13457
4,5,3.3,13458
4,5,3.333,13459
4,5,3.367,13460
4,5,3.4,13461
4,5,3.433,13462
4,5,3.467,13463
4,5,0,13464
4,5,0.033,13465
4,5,0.067,13466
4,5,0.1,13467
4,5,0.133,13468
4,5,0.167,13469
4,5,0.2,13470
4,5,0.233,13471
4,5,0.267,13472
4,5,0.3,13473
5,5,0.367,13474
5,5,0.4,13475
5,5,0.433,13476
5,5,0.467,13477
5,5,0.5,13478
5,5,0.533,13479
5,5,0.567,13480
5,5,0.6,13481
5,5,0.633,13482
5,5,0.667,13483
5,5,0.7,13484
5,5,0,13485
5,5,0.033,13486
5,5,0.067,13487
5,5,0.1,13488
5,5,0.133,13489
5,5,0.167,13490
5,5,0.2,13491
5,5,0.233,13492
5,5,0.267,13493
5,5,0.3,13494
5,5,0.333,13495
5,5,0.367,13496
5,5,0.4,13497
5,5,0.433,13498
5,5,0.467,13499
5,5,0.5,13500
5,5,0.533,13501
5,5,0.567,13502
5,5,0.6,13503
5,5,0.633,13504
5,5,0.667,13505
5,5,0.7,13506
5,5,0.733,13507
5,5,0.767,13508
5,5,0.8,13509
5,5,0.833,13510
5,5,0.867,13511
5,5,0.9,13512
5,5,0.933,13513
5,5,0.967,13514
5,5,1,13515
5,5,1.033,13516
5,5,1.067,13517
5,5,1.1,13518
5,5,1.133,13519
5,5,1.167,13520
5,5,1.2,13521
5,5,1.233,13522
5,5,1.267,13523
5,5,1.3,13524
5,5,1.333,13525
5,5,1.367,13526
5,5,1.4,13527
5,5,1.433,13528
5,5,1.467,13529
5,5,1.5,13530
5,5,1.533,13531
5,5,1.567,13532
5,5,1.6,13533
5,5,1.633,13534
5,5,1.667,13535
5,5,1.7,13536
5,5,1.733,13537
5,5,1.767,13538
5,5,1.8,13539
5,5,1.833,13540
5,5,1.867,13541
5,5,1.9,13542
5,5,1.933,13543
5,5,1.967,13544
5,5,2,13545
5,5,2.033,13546
5,5,2.067,13547
5,5,2.1,13548
5,5,2.133,13549
5,5,2.167,13550
5,5,2.2,13551
5,5,2.233,13552
5,5,2.267,13553
5,5,2.3,13554
5,5,2.333,13555
5,5,2.367,13556
5,5,2.4,13557
5,5,2.433,13558
5,5,2.467,13559
5,5,2.5,13560
5,5,2.533,13561
5,5,2.567,13562
5,5,2.6,13563
5,5,2.633,13564
5,5,2.667,13565
5,5,2.7,13566
5,5,2.733,13567
5,5,2.767,13568
5,5,2.8,13569
5,5,2.833,13570
5,5,2.867,13571
5,5,2.9,13572
5,5,2.933,13573
5,5,2.967,13574
5,5,3,13575
5,5,3.033,13576
5,5,3.067,13577
5,5,3.1,13578
5,5,3.133,13579
5,5,3.167,13580
5,5,3.2,13581
5,5,3.233,13582
5,5,3.267,13583
5,5,3.3,13584
5,5,3.333,13585
5,5,3.367,13586
5,5,3.4,13587
5,5,3.433,13588
5,5,3.467,13589
5,5,3.5,13590
5,5,3.533,13591
5,5,3.567,13592
5,5,3.6,13593
5,5,3.633,13594
5,5,3.667,13595
5,5,3.7,13596
5,5,3.733,13597
5,5,3.767,13598
5,5,3.8,13599
5,5,3.833,13600
5,5,3.867,13601
5,5,3.9,13602
5,5,3.933,13603
5,5,3.967,13604
5,5,4,13605
5,5,4.033,13606
5,5,4.067,13607
5,5,4.1,13608
5,5,4.133,13609
5,5,4.167,13610
5,5,4.2,13611
5,5,4.233,13612
5,5,4.267,13613
5,5,4.3,13614
5,5,4.333,13615
5,5,4.367,13616
5,5,4.4,13617
5,5,4.433,13618
5,5,4.467,13619
5,5,4.5,13620
5,5,4.533,13621
5,5,4.567,13622
5,5,4.6,13623
5,5,4.633,13624
5,5,4.667,13625
5,5,4.7,13626
5,5,4.733,13627
5,5,4.767,13628
5,5,4.8,13629
5,5,4.833,13630
5,5,4.867,13631
5,5,4.9,13632
5,5,4.933,13633
5,5,4.967,13634
5,5,5,13635
5,5,5.033,13636
5,5,5.067,13637
5,5,5.1,13638
5,5,5.133,13639
5,5,5.167,13640
5,5,5.2,13641
5,5,5.233,13642
5,5,5.267,13643
5,5,5.3,13644
5,5,5.333,13645
5,5,5.367,13646
5,5,5.4,13647
5,5,5.433,13648
5,5,5.467,13649
5,5,5.5,13650
5,5,5.533,13651
5,5,5.567,13652
5,5,5.6,13653
5,5,5.633,13654
5,5,5.667,13655
5,5,5.7,13656
5,5,5.733,13657
5,5,5.767,13658
5,5,5.8,13659
5,5,5.833,13660
5,5,5.867,13661
5,5,5.9,13662
5,5,5.933,13663
5,5,5.967,13664
5,5,6,13665
5,5,6.033,13666
5,5,6.067,13667
2,5,6.1,13668
2,5,6.133,13669
1,5,6.2,13670
1,5,6.233,13671
1,5,6.267,13672
1,5,6.3,13673
1,5,6.333,13674
1,5,6.367,13675
1,5,6.4,13676
1,5,6.433,13677
1,5,6.467,13678
1,5,6.5,13679
1,5,6.533,13680
1,5,6.567,13681
1,5,6.6,13682
1,5,6.633,13683
1,5,6.667,13684
1,5,6.7,13685
1,5,6.733,13686
1,5,6.767,13687
1,5,6.8,13688
1,5,6.833,13689
1,5,6.867,13690
1,5,6.9,13691
1,5,6.933,13692
1,5,6.967,13693
1,5,7,13694
1,5,7.033,13695
1,5,7.067,13696
1,5,7.1,13697
1,5,7.133,13698
1,5,7.167,13699
1,5,7.2,13700
1,5,7.233,13701
2,5,7.267,13702
2,5,7.3,13703
2,5,7.333,13704
2,5,7.367,13705
2,5,7.4,13706
2,5,7.433,13707
2,5,7.467,13708
2,5,7.5,13709
2,5,7.533,13710
2,5,7.567,13711
2,5,7.6,13712
2,5,7.633,13713
2,5,7.667,13714
2,5,7.7,13715
2,5,7.733,13716
2,5,7.767,13717
2,5,7.8,13718
2,5,7.833,13719
2,5,7.867,13720
2,5,7.9,13721
2,5,7.933,13722
2,5,7.967,13723
2,5,8,13724
2,5,8.033,13725
2,5,8.067,13726
2,5,8.1,13727
2,5,8.133,13728
2,5,8.167,13729
2,5,8.2,13730
2,5,8.233,13731
2,5,8.267,13732
2,5,8.3,13733
2,5,8.333,13734
2,5,8.367,13735
2,5,8.4,13736
2,5,8.433,13737
2,5,8.467,13738
2,5,8.5,13739
2,5,8.533,13740
2,5,8.567,13741
2,5,8.6,13742
2,5,8.633,13743
2,5,8.667,13744
2,5,8.7,13745
2,5,8.733,13746
2,5,8.767,13747
2,5,8.8,13748
2,5,8.833,13749
2,5,8.867,13750
2,5,8.9,13751
2,5,8.933,13752
2,5,8.967,13753
2,5,9,13754
2,5,9.033,13755
2,5,9.067,13756
2,5,9.1,13757
2,5,9.133,13758
2,5,9.167,13759
2,5,9.2,13760
2,5,9.233,13761
2,5,9.267,13762
2,5,9.3,13763
2,5,9.333,13764
1,5,9.4,13765
1,5,9.433,13766
1,5,9.467,13767
1,5,9.5,13768
1,5,9.533,13769
1,5,9.567,13770
1,5,9.6,13771
1,5,9.633,13772
1,5,9.667,13773
1,5,9.7,13774
1,5,9.733,13775
1,5,9.767,13776
1,5,9.8,13777
1,5,9.833,13778
1,5,9.867,13779
1,5,9.9,13780
1,5,9.933,13781
1,5,9.967,13782
1,5,10,13783
1,5,10.033,13784
1,5,10.067,13785
1,5,10.1,13786
1,5,10.133,13787
1,5,10.167,13788
1,5,10.2,13789
1,5,10.233,13790
1,5,10.267,13791
1,5,10.3,13792
1,5,10.333,13793
1,5,10.367,13794
1,5,10.4,13795
1,5,10.433,13796
1,5,10.467,13797
1,5,10.5,13798
1,5,10.533,13799
1,5,10.567,13800
1,5,10.6,13801
1,5,10.633,13802
1,5,10.667,13803
1,5,10.7,13804
1,5,10.733,13805
1,5,10.767,13806
1,5,10.8,13807
1,5,10.833,13808
1,5,10.867,13809
1,5,10.9,13810
1,5,10.933,13811
1,5,10.967,13812
1,5,11,13813
1,5,11.033,13814
1,5,11.067,13815
1,5,11.1,13816
1,5,11.133,13817
1,5,11.167,13818
1,5,11.2,13819
1,5,11.233,13820
1,5,11.267,13821
1,5,11.3,13822
1,5,11.333,13823
1,5,11.367,13824
1,5,11.4,13825
1,5,11.433,13826
1,5,11.467,13827
1,5,11.5,13828
1,5,11.533,13829
1,5,11.567,13830
1,5,11.6,13831
1,5,11.633,13832
1,5,11.667,13833
1,5,11.7,13834
1,5,11.733,13835
1,5,11.767,13836
1,5,11.8,13837
1,5,11.833,13838
1,5,11.867,13839
1,5,11.9,13840
1,5,11.933,13841
1,5,11.967,13842
1,5,12,13843
1,5,12.033,13844
1,5,12.067,13845
1,5,12.1,13846
1,5,12.133,13847
1,5,12.167,13848
1,5,12.2,13849
1,5,12.233,13850
1,5,12.267,13851
1,5,12.3,13852
1,5,12.333,13853
1,5,12.367,13854
1,5,12.4,13855
1,5,12.433,13856
1,5,12.467,13857
1,5,12.5,13858
1,5,12.533,13859
1,5,12.567,13860
1,5,12.6,13861
1,5,12.633,13862
1,5,12.667,13863
1,5,12.7,13864
1,5,12.733,13865
1,5,12.767,13866
1,5,12.8,13867
1,5,12.833,13868
1,5,12.867,13869
1,5,12.9,13870
1,5,12.933,13871
1,5,12.967,13872
1,5,13,13873
1,5,13.033,13874
1,5,13.067,13875
1,5,13.1,13876
1,5,13.133,13877
1,5,13.167,13878
1,5,13.2,13879
1,5,13.233,13880
1,5,13.267,13881
1,5,13.3,13882
1,5,13.333,13883
1,5,13.367,13884
1,5,13.4,13885
1,5,13.433,13886
1,5,13.467,13887
1,5,13.5,13888
1,5,13.533,13889
1,5,13.567,13890
1,5,13.6,13891
1,5,13.633,13892
1,5,13.667,13893
1,5,13.7,13894
1,5,13.733,13895
1,5,13.767,13896
1,5,13.8,13897
1,5,13.833,13898
1,5,13.867,13899
1,5,13.9,13900
1,5,13.933,13901
1,5,13.967,13902
1,5,14,13903
1,5,14.033,13904
1,5,14.067,13905
1,5,14.1,13906
1,5,14.133,13907
1,5,14.167,13908
1,5,14.2,13909
1,5,14.233,13910
1,5,14.267,13911
1,5,14.3,13912
1,5,14.333,13913
1,5,14.367,13914
1,5,14.4,13915
1,5,14.433,13916
1,5,14.467,13917
1,5,14.5,13918
1,5,14.533,13919
1,5,14.567,13920
1,5,14.6,13921
1,5,14.633,13922
1,5,14.667,13923
1,5,14.7,13924
1,5,14.733,13925
1,5,14.767,13926
1,5,14.8,13927
1,5,14.833,13928
1,5,14.867,13929
1,5,14.9,13930
1,5,14.933,13931
1,5,14.967,13932
1,5,15,13933
1,5,15.033,13934
1,5,15.067,13935
1,5,15.1,13936
1,5,15.133,13937
1,5,15.167,13938
1,5,15.2,13939
1,5,15.233,13940
1,5,15.267,13941
1,5,15.3,13942
1,5,15.333,13943
1,5,15.367,13944
1,5,15.4,13945
1,5,15.433,13946
1,5,15.467,13947
1,5,15.5,13948
1,5,15.533,13949
1,5,15.567,13950
1,5,15.6,13951
1,5,15.633,13952
1,5,15.667,13953
1,5,15.7,13954
1,5,15.733,13955
1,5,15.767,13956
1,5,15.8,13957
1,5,15.833,13958
1,5,15.867,13959
1,5,15.9,13960
1,5,15.933,13961
1,5,15.967,13962
1,5,16,13963
1,5,16.033,13964
1,5,16.067,13965
1,5,16.1,13966
1,5,16.133,13967
1,5,16.167,13968
1,5,16.2,13969
1,5,16.233,13970
1,5,16.267,13971
1,5,16.3,13972
1,5,16.333,13973
1,5,16.367,13974
1,5,16.4,13975
1,5,16.433,13976
1,5,16.467,13977
1,5,16.5,13978
1,5,16.533,13979
1,5,16.567,13980
1,5,16.6,13981
1,5,16.633,13982
1,5,16.667,13983
1,5,16.7,13984
1,5,16.733,13985
1,5,16.767,13986
1,5,16.8,13987
1,5,16.833,13988
1,5,16.867,13989
1,5,16.9,13990
1,5,16.933,13991
1,5,16.967,13992
1,5,17,13993
1,5,17.033,13994
1,5,17.067,13995
1,5,17.1,13996
1,5,17.133,13997
1,5,17.167,13998
1,5,17.2,13999
1,5,17.233,14000
1,5,17.267,14001
1,5,17.3,14002
1,5,17.333,14003
1,5,17.367,14004
1,5,17.4,14005
1,5,17.433,14006
1,5,17.467,14007
1,5,17.5,14008
1,5,17.533,14009
1,5,17.567,14010
1,5,17.6,14011
1,5,17.633,14012
1,5,17.667,14013
1,5,17.7,14014
1,5,17.733,14015
1,5,17.767,14016
1,5,17.8,14017
1,5,17.833,14018
1,5,17.867,14019
1,5,17.9,14020
1,5,17.933,14021
1,5,17.967,14022
1,5,18,14023
1,5,18.033,14024
1,5,18.067,14025
1,5,18.1,14026
1,5,18.133,14027
1,5,18.167,14028
1,5,18.2,14029
1,5,18.233,14030
1,5,18.267,14031
1,5,18.3,14032
1,5,18.333,14033
1,5,18.367,14034
1,5,18.4,14035
1,5,18.433,14036
1,5,18.467,14037
1,5,18.5,14038
1,5,18.533,14039
1,5,18.567,14040
1,5,18.6,14041
1,5,18.633,14042
1,5,18.667,14043
1,5,18.7,14044
1,5,18.733,14045
1,5,18.767,14046
1,5,18.8,14047
1,5,18.833,14048
1,5,18.867,14049
1,5,18.9,14050
1,5,18.933,14051
1,5,18.967,14052
1,5,19,14053
1,5,19.033,14054
1,5,19.067,14055
1,5,19.1,14056
1,5,19.133,14057
1,5,19.167,14058
1,5,19.2,14059
1,5,19.233,14060
1,5,19.267,14061
1,5,19.3,14062
1,5,19.333,14063
1,5,19.367,14064
1,5,19.4,14065
1,5,19.433,14066
1,5,19.467,14067
1,5,19.5,14068
1,5,19.533,14069
1,5,19.567,14070
1,5,19.6,14071
1,5,19.633,14072
1,5,0,14073
1,5,0.033,14074
1,5,0.067,14075
1,5,0.1,14076
1,5,0.133,14077
1,5,0.167,14078
1,5,0.2,14079
1,5,0.233,14080
1,5,0.267,14081
1,5,0.3,14082
1,5,0.333,14083
1,5,0.367,14084
1,5,0.4,14085
1,5,0.433,14086
1,5,0.467,14087
1,5,0.5,14088
1,5,0.533,14089
2,5,0.6,14090
2,5,0.633,14091
2,5,0.667,14092
2,5,0.7,14093
2,5,0.733,14094
2,5,0.767,14095
2,5,0.8,14096
2,5,0.833,14097
2,5,0.867,14098
2,5,0.9,14099
2,5,0.933,14100
2,5,0.967,14101
2,5,1,14102
2,5,1.033,14103
5,5,1.067,14104
4,5,1.1,14105
4,5,1.133,14106
4,5,1.167,14107
4,5,1.2,14108
4,5,1.233,14109
4,5,1.267,14110
4,5,1.3,14111
4,5,1.333,14112
4,5,1.367,14113
4,5,1.4,14114
4,5,1.433,14115
4,5,1.467,14116
4,5,1.5,14117
4,5,1.533,14118
4,5,1.567,14119
4,5,1.6,14120
4,5,1.633,14121
4,5,1.667,14122
4,5,1.7,14123
4,5,1.733,14124
4,5,1.767,14125
4,5,1.8,14126
4,5,1.833,14127
4,5,1.867,14128
4,5,1.9,14129
4,5,0,14130
4,5,0.033,14131
4,5,0.067,14132
4,5,0.1,14133
4,5,0.133,14134
4,5,0.167,14135
4,5,0.2,14136
4,5,0.233,14137
4,5,0.267,14138
4,5,0.3,14139
4,5,0.333,14140
4,5,0.367,14141
4,5,0.4,14142
4,5,0.433,14143
5,5,0.5,14144
5,5,0.533,14145
5,5,0.567,14146
5,5,0.6,14147
5,5,0.633,14148
5,5,0.667,14149
5,5,0.7,14150
5,5,0.733,14151
5,5,0.767,14152
5,5,0.8,14153
5,5,0.833,14154
5,5,0.867,14155
5,5,0.9,14156
5,5,0.933,14157
5,5,0.967,14158
5,5,1,14159
5,5,1.033,14160
5,5,1.067,14161
5,5,1.1,14162
5,5,1.133,14163
5,5,1.167,14164
5,5,1.2,14165
5,5,1.233,14166
2,5,1.3,14167
2,5,1.333,14168
2,5,1.367,14169
2,5,1.4,14170
2,5,1.433,14171
2,5,1.467,14172
2,5,1.5,14173
2,5,1.533,14174
2,5,1.567,14175
2,5,1.6,14176
2,5,1.633,14177
2,5,1.667,14178
2,5,1.7,14179
2,5,1.733,14180
2,5,1.767,14181
2,5,1.8,14182
2,5,1.833,14183
2,5,1.867,14184
2,5,1.9,14185
2,5,1.933,14186
2,5,1.967,14187
2,5,2,14188
2,5,2.033,14189
2,5,2.067,14190
2,5,2.1,14191
2,5,2.133,14192
2,5,2.167,14193
2,5,2.2,14194
2,5,2.233,14195
2,5,2.267,14196
2,5,2.3,14197
2,5,2.333,14198
2,5,2.367,14199
2,5,2.4,14200
2,5,2.433,14201
2,5,2.467,14202
2,5,2.5,14203
2,5,2.533,14204
2,5,2.567,14205
2,5,2.6,14206
2,5,2.633,14207
2,5,2.667,14208
2,5,2.7,14209
2,5,2.733,14210
2,5,2.767,14211
2,5,2.8,14212
2,5,2.833,14213
2,5,2.867,14214
2,5,2.9,14215
2,5,2.933,14216
2,5,2.967,14217
2,5,3,14218
2,5,3.033,14219
2,5,3.067,14220
2,5,3.1,14221
2,5,3.133,14222
2,5,3.167,14223
2,5,3.2,14224
2,5,3.233,14225
2,5,3.267,14226
2,5,3.3,14227
2,5,3.333,14228
2,5,3.367,14229
2,5,3.4,14230
2,5,3.433,14231
2,5,3.467,14232
2,5,3.5,14233
2,5,3.533,14234
2,5,3.567,14235
2,5,3.6,14236
2,5,3.633,14237
2,5,3.667,14238
2,5,3.7,14239
2,5,3.733,14240
2,5,3.767,14241
2,5,3.8,14242
2,5,3.833,14243
2,5,3.867,14244
2,5,3.9,14245
2,5,3.933,14246
2,5,3.967,14247
2,5,4,14248
2,5,4.033,14249
2,5,4.067,14250
2,5,4.1,14251
2,5,4.133,14252
2,5,4.167,14253
2,5,4.2,14254
2,5,4.233,14255
2,5,4.267,14256
2,5,4.3,14257
2,5,4.333,14258
2,5,4.367,14259
2,5,4.4,14260
2,5,4.433,14261
2,5,4.467,14262
2,5,4.5,14263
2,5,4.533,14264
2,5,4.567,14265
2,5,4.6,14266
2,5,4.633,14267
2,5,4.667,14268
2,5,4.7,14269
2,5,4.733,14270
2,5,4.767,14271
2,5,4.8,14272
2,5,4.833,14273
2,5,4.867,14274
2,5,4.9,14275
2,5,4.933,14276
2,5,4.967,14277
2,5,5,14278
2,5,5.033,14279
2,5,5.067,14280
2,5,5.1,14281
2,5,5.133,14282
2,5,5.167,14283
2,5,5.2,14284
2,5,5.233,14285
2,5,5.267,14286
2,5,5.3,14287
2,5,5.333,14288
2,5,5.367,14289
2,5,5.4,14290
2,5,5.433,14291
2,5,5.467,14292
2,5,5.5,14293
2,5,5.533,14294
2,5,5.567,14295
2,5,5.6,14296
2,5,5.633,14297
2,5,5.667,14298
2,5,5.7,14299
2,5,5.733,14300
2,5,5.767,14301
2,5,5.8,14302
2,5,5.833,14303
2,5,5.867,14304
2,5,5.9,14305
2,5,5.933,14306
2,5,5.967,14307
2,5,6,14308
2,5,6.033,14309
2,5,6.067,14310
2,5,6.1,14311
2,5,6.133,14312
2,5,6.167,14313
2,5,6.2,14314
2,5,6.233,14315
2,5,6.267,14316
2,5,6.3,14317
2,5,6.333,14318
2,5,6.367,14319
2,5,6.4,14320
2,5,6.433,14321
2,5,6.467,14322
2,5,6.5,14323
2,5,6.533,14324
2,5,6.567,14325
2,5,6.6,14326
2,5,6.633,14327
2,5,6.667,14328
2,5,6.7,14329
2,5,6.733,14330
2,5,6.767,14331
2,5,6.8,14332
2,5,6.833,14333
2,5,6.867,14334
2,5,6.9,14335
2,5,6.933,14336
2,5,6.967,14337
2,5,7,14338
2,5,7.033,14339
2,5,7.067,14340
2,5,7.1,14341
2,5,7.133,14342
2,5,7.167,14343
2,5,7.2,14344
2,5,7.233,14345
2,5,7.267,14346
2,5,7.3,14347
2,5,7.333,14348
2,5,7.367,14349
2,5,7.4,14350
2,5,7.433,14351
2,5,7.467,14352
2,5,7.5,14353
2,5,7.533,14354
2,5,7.567,14355
2,5,7.6,14356
2,5,7.633,14357
2,5,7.667,14358
2,5,7.7,14359
2,5,0,14360
2,5,0.033,14361
2,5,0.067,14362
2,5,0.1,14363
2,5,0.133,14364
2,5,0.167,14365
2,5,0.2,14366
2,5,0.233,14367
2,5,0.267,14368
2,5,0.3,14369
2,5,0.333,14370
2,5,0.367,14371
2,5,0.4,14372
2,5,0.433,14373
2,5,0.467,14374
2,5,0.5,14375
2,5,0.533,14376
2,5,0.567,14377
2,5,0.6,14378
2,5,0.633,14379
2,5,0.667,14380
2,5,0.7,14381
2,5,0.733,14382
2,5,0.767,14383
2,5,0.8,14384
2,5,0.833,14385
2,5,0.867,14386
2,5,0.9,14387
2,5,0.933,14388
2,5,0.967,14389
2,5,1,14390
2,5,1.033,14391
2,5,1.067,14392
2,5,1.1,14393
2,5,1.133,14394
2,5,1.167,14395
2,5,1.2,14396
2,5,1.233,14397
2,5,1.267,14398
2,5,1.3,14399
2,5,1.333,14400
2,5,1.367,14401
2,5,1.4,14402
2,5,1.433,14403
2,5,1.467,14404
2,5,1.5,14405
2,5,1.533,14406
2,5,1.567,14407
2,5,1.6,14408
2,5,1.633,14409
2,5,1.667,14410
2,5,1.7,14411
2,5,1.733,14412
4,6,16.2,14413
4,6,16.233,14414
4,6,16.267,14415
4,6,16.3,14416
4,6,16.333,14417
4,6,16.367,14418
4,6,16.4,14419
1,6,16.6,14420
1,6,16.633,14421
1,6,16.667,14422
1,6,16.7,14423
5,6,16.767,14424
5,6,16.8,14425
5,6,16.833,14426
3,6,17.1,14427
3,6,17.133,14428
3,6,17.167,14429
3,6,17.2,14430
3,6,17.233,14431
3,6,17.267,14432
3,6,17.3,14433
3,6,17.333,14434
3,6,17.367,14435
3,6,17.4,14436
3,6,17.433,14437
3,6,17.467,14438
3,6,17.5,14439
3,6,17.533,14440
3,6,17.567,14441
3,6,17.6,14442
3,6,17.633,14443
3,6,17.667,14444
3,6,17.7,14445
3,6,17.733,14446
3,6,0,14447
3,6,0.033,14448
3,6,0.067,14449
3,6,0.1,14450
3,6,0.133,14451
3,6,0.167,14452
3,6,0.2,14453
3,6,0.233,14454
3,6,0.267,14455
3,6,0.3,14456
3,6,0.333,14457
3,6,0.367,14458
3,6,0.4,14459
3,6,0.433,14460
3,6,0.467,14461
3,6,0.5,14462
3,6,0.533,14463
3,6,0.567,14464
3,6,0.6,14465
3,6,0.633,14466
3,6,0.667,14467
3,6,0.7,14468
3,6,0.733,14469
3,6,0.767,14470
3,6,0.8,14471
3,6,0.833,14472
3,6,0.867,14473
3,6,0.9,14474
3,6,0.933,14475
3,6,0.967,14476
3,6,1,14477
3,6,1.033,14478
3,6,1.067,14479
3,6,1.1,14480
3,6,1.133,14481
3,6,1.167,14482
3,6,1.2,14483
3,6,1.233,14484
3,6,1.267,14485
3,6,1.3,14486
3,6,1.333,14487
3,6,1.367,14488
3,6,1.4,14489
3,6,1.433,14490
3,6,1.467,14491
3,6,1.5,14492
3,6,1.533,14493
3,6,1.567,14494
3,6,1.6,14495
3,6,1.633,14496
3,6,1.667,14497
3,6,1.7,14498
3,6,1.733,14499
3,6,1.767,14500
3,6,1.8,14501
3,6,1.833,14502
3,6,1.867,14503
3,6,1.9,14504
3,6,1.933,14505
3,6,1.967,14506
3,6,2,14507
3,6,2.033,14508
3,6,2.067,14509
3,6,2.1,14510
3,6,2.133,14511
3,6,2.167,14512
3,6,2.2,14513
3,6,2.233,14514
3,6,2.267,14515
3,6,2.3,14516
3,6,2.333,14517
3,6,2.367,14518
3,6,2.4,14519
3,6,2.433,14520
3,6,2.467,14521
3,6,2.5,14522
3,6,2.533,14523
3,6,2.567,14524
3,6,2.6,14525
3,6,2.633,14526
3,6,2.667,14527
3,6,2.7,14528
3,6,2.733,14529
3,6,2.767,14530
3,6,2.8,14531
3,6,2.833,14532
3,6,2.867,14533
3,6,2.9,14534
3,6,2.933,14535
3,6,2.967,14536
3,6,3,14537
3,6,3.033,14538
3,6,3.067,14539
3,6,3.1,14540
3,6,3.133,14541
3,6,3.167,14542
3,6,3.2,14543
3,6,3.233,14544
3,6,3.267,14545
3,6,3.3,14546
3,6,3.333,14547
3,6,3.367,14548
3,6,3.4,14549
3,6,3.433,14550
3,6,3.467,14551
3,6,3.5,14552
3,6,3.533,14553
3,6,3.567,14554
3,6,3.6,14555
3,6,3.633,14556
3,6,3.667,14557
3,6,3.7,14558
3,6,3.733,14559
3,6,3.767,14560
3,6,3.8,14561
3,6,3.833,14562
3,6,3.867,14563
3,6,3.9,14564
3,6,3.933,14565
3,6,3.967,14566
3,6,4,14567
3,6,4.033,14568
3,6,4.067,14569
3,6,4.1,14570
3,6,4.133,14571
3,6,4.167,14572
3,6,4.2,14573
3,6,4.233,14574
3,6,4.267,14575
3,6,4.3,14576
3,6,4.333,14577
3,6,4.367,14578
3,6,4.4,14579
3,6,4.433,14580
3,6,4.467,14581
3,6,4.5,14582
3,6,4.533,14583
3,6,4.567,14584
3,6,4.6,14585
3,6,4.633,14586
3,6,4.667,14587
3,6,4.7,14588
3,6,4.733,14589
3,6,4.767,14590
3,6,4.8,14591
3,6,4.833,14592
3,6,4.867,14593
3,6,4.9,14594
3,6,4.933,14595
3,6,4.967,14596
3,6,5,14597
3,6,5.033,14598
3,6,5.067,14599
3,6,5.1,14600
3,6,5.133,14601
3,6,5.167,14602
3,6,5.2,14603
3,6,5.233,14604
3,6,5.267,14605
3,6,5.3,14606
3,6,5.333,14607
3,6,5.367,14608
3,6,5.4,14609
3,6,5.433,14610
3,6,5.467,14611
3,6,5.5,14612
3,6,5.533,14613
3,6,5.567,14614
3,6,5.6,14615
3,6,5.633,14616
3,6,5.667,14617
3,6,5.7,14618
3,6,5.733,14619
3,6,5.767,14620
3,6,5.8,14621
3,6,5.833,14622
3,6,5.867,14623
3,6,5.9,14624
3,6,5.933,14625
3,6,5.967,14626
3,6,6,14627
3,6,6.033,14628
3,6,6.067,14629
3,6,6.1,14630
3,6,6.133,14631
3,6,6.167,14632
3,6,6.2,14633
3,6,6.233,14634
3,6,6.267,14635
3,6,6.3,14636
3,6,6.333,14637
3,6,6.367,14638
3,6,6.4,14639
3,6,6.433,14640
3,6,6.467,14641
3,6,6.5,14642
3,6,6.533,14643
3,6,6.567,14644
3,6,6.6,14645
3,6,6.633,14646
3,6,6.667,14647
3,6,6.7,14648
3,6,6.733,14649
3,6,6.767,14650
3,6,6.8,14651
3,6,6.833,14652
3,6,6.867,14653
3,6,6.9,14654
3,6,6.933,14655
3,6,6.967,14656
3,6,7,14657
3,6,7.033,14658
3,6,7.067,14659
3,6,7.1,14660
3,6,7.133,14661
3,6,7.167,14662
3,6,7.2,14663
3,6,7.233,14664
3,6,7.267,14665
3,6,7.3,14666
3,6,7.333,14667
3,6,7.367,14668
3,6,7.4,14669
3,6,7.433,14670
3,6,7.467,14671
3,6,7.5,14672
3,6,7.533,14673
3,6,7.567,14674
3,6,7.6,14675
3,6,7.633,14676
3,6,7.667,14677
3,6,7.7,14678
3,6,7.733,14679
3,6,7.767,14680
3,6,7.8,14681
3,6,7.833,14682
3,6,7.867,14683
3,6,7.9,14684
3,6,7.933,14685
3,6,7.967,14686
3,6,8,14687
3,6,8.033,14688
3,6,8.067,14689
3,6,8.1,14690
3,6,8.133,14691
3,6,8.167,14692
3,6,8.2,14693
3,6,8.233,14694
3,6,8.267,14695
3,6,8.3,14696
3,6,8.333,14697
3,6,8.367,14698
3,6,8.4,14699
3,6,8.433,14700
3,6,8.467,14701
3,6,8.5,14702
3,6,8.533,14703
3,6,8.567,14704
3,6,8.6,14705
3,6,8.633,14706
3,6,8.667,14707
3,6,8.7,14708
3,6,8.733,14709
3,6,8.767,14710
3,6,8.8,14711
3,6,8.833,14712
3,6,8.867,14713
3,6,8.9,14714
3,6,8.933,14715
3,6,8.967,14716
3,6,9,14717
3,6,9.033,14718
3,6,9.067,14719
3,6,9.1,14720
3,6,9.133,14721
3,6,9.167,14722
3,6,9.2,14723
3,6,9.233,14724
3,6,9.267,14725
3,6,9.3,14726
3,6,9.333,14727
3,6,9.367,14728
3,6,9.4,14729
3,6,9.433,14730
3,6,9.467,14731
3,6,9.5,14732
3,6,9.533,14733
3,6,9.567,14734
3,6,9.6,14735
3,6,9.633,14736
3,6,9.667,14737
3,6,9.7,14738
3,6,9.733,14739
3,6,9.767,14740
3,6,9.8,14741
3,6,9.833,14742
3,6,9.867,14743
3,6,9.9,14744
3,6,9.933,14745
3,6,9.967,14746
3,6,10,14747
3,6,10.033,14748
3,6,10.067,14749
3,6,10.1,14750
3,6,10.133,14751
3,6,10.167,14752
3,6,10.2,14753
3,6,10.233,14754
3,6,10.267,14755
3,6,10.3,14756
1,6,10.4,14757
1,6,10.433,14758
1,6,10.467,14759
1,6,10.5,14760
1,6,10.533,14761
1,6,10.567,14762
1,6,10.6,14763
1,6,10.633,14764
1,6,10.667,14765
1,6,10.7,14766
1,6,10.733,14767
1,6,10.767,14768
1,6,10.8,14769
1,6,10.833,14770
1,6,10.867,14771
1,6,10.9,14772
1,6,10.933,14773
1,6,10.967,14774
1,6,11,14775
1,6,11.033,14776
1,6,11.067,14777
1,6,11.1,14778
1,6,11.133,14779
1,6,11.167,14780
1,6,11.2,14781
1,6,11.233,14782
1,6,11.267,14783
1,6,11.3,14784
1,6,11.333,14785
1,6,11.367,14786
1,6,11.4,14787
1,6,11.433,14788
1,6,11.467,14789
1,6,11.5,14790
1,6,11.533,14791
1,6,11.567,14792
1,6,11.6,14793
1,6,11.633,14794
1,6,11.667,14795
1,6,11.7,14796
1,6,11.733,14797
1,6,11.767,14798
1,6,11.8,14799
1,6,11.833,14800
1,6,11.867,14801
1,6,11.9,14802
1,6,11.933,14803
1,6,11.967,14804
1,6,12,14805
1,6,12.033,14806
1,6,12.067,14807
1,6,12.1,14808
1,6,12.133,14809
1,6,12.167,14810
1,6,12.2,14811
1,6,12.233,14812
1,6,12.267,14813
1,6,12.3,14814
1,6,12.333,14815
1,6,12.367,14816
1,6,12.4,14817
1,6,12.433,14818
1,6,12.467,14819
1,6,12.5,14820
1,6,12.533,14821
1,6,12.567,14822
1,6,12.6,14823
1,6,12.633,14824
1,6,12.667,14825
1,6,12.7,14826
1,6,12.733,14827
1,6,12.767,14828
1,6,12.8,14829
1,6,12.833,14830
1,6,12.867,14831
1,6,12.9,14832
1,6,12.933,14833
1,6,12.967,14834
1,6,13,14835
1,6,13.033,14836
1,6,13.067,14837
1,6,13.1,14838
1,6,13.133,14839
1,6,13.167,14840
1,6,13.2,14841
1,6,13.233,14842
1,6,13.267,14843
1,6,13.3,14844
1,6,13.333,14845
1,6,13.367,14846
1,6,13.4,14847
1,6,13.433,14848
1,6,13.467,14849
1,6,13.5,14850
1,6,13.533,14851
1,6,13.567,14852
1,6,13.6,14853
1,6,13.633,14854
1,6,13.667,14855
1,6,13.7,14856
1,6,13.733,14857
1,6,13.767,14858
1,6,13.8,14859
1,6,13.833,14860
1,6,13.867,14861
1,6,13.9,14862
1,6,13.933,14863
1,6,13.967,14864
1,6,14,14865
1,6,14.033,14866
1,6,14.067,14867
1,6,14.1,14868
1,6,14.133,14869
1,6,14.167,14870
1,6,14.2,14871
1,6,14.233,14872
1,6,14.267,14873
1,6,14.3,14874
1,6,14.333,14875
1,6,14.367,14876
1,6,14.4,14877
1,6,14.433,14878
1,6,14.467,14879
1,6,14.5,14880
1,6,14.533,14881
1,6,14.567,14882
1,6,14.6,14883
1,6,14.633,14884
1,6,14.667,14885
1,6,14.7,14886
1,6,14.733,14887
1,6,14.767,14888
1,6,14.8,14889
1,6,14.833,14890
1,6,14.867,14891
1,6,14.9,14892
1,6,14.933,14893
1,6,14.967,14894
1,6,15,14895
1,6,15.033,14896
1,6,15.067,14897
1,6,15.1,14898
1,6,15.133,14899
1,6,15.167,14900
1,6,15.2,14901
1,6,15.233,14902
1,6,15.267,14903
1,6,15.3,14904
1,6,15.333,14905
1,6,15.367,14906
1,6,15.4,14907
1,6,15.433,14908
1,6,15.467,14909
1,6,15.5,14910
1,6,15.533,14911
1,6,15.567,14912
1,6,15.6,14913
1,6,15.633,14914
1,6,15.667,14915
1,6,15.7,14916
1,6,15.733,14917
1,6,15.767,14918
1,6,15.8,14919
1,6,15.833,14920
1,6,15.867,14921
1,6,15.9,14922
1,6,15.933,14923
1,6,15.967,14924
1,6,16,14925
1,6,16.033,14926
1,6,16.067,14927
1,6,16.1,14928
1,6,16.133,14929
1,6,16.167,14930
1,6,16.2,14931
1,6,16.233,14932
1,6,16.267,14933
1,6,16.3,14934
1,6,16.333,14935
1,6,16.367,14936
1,6,16.4,14937
1,6,16.433,14938
1,6,16.467,14939
1,6,16.5,14940
1,6,16.533,14941
1,6,16.567,14942
1,6,16.6,14943
1,6,16.633,14944
1,6,16.667,14945
1,6,16.7,14946
1,6,16.733,14947
1,6,16.767,14948
1,6,16.8,14949
1,6,16.833,14950
1,6,16.867,14951
1,6,16.9,14952
1,6,16.933,14953
1,6,16.967,14954
1,6,17,14955
1,6,17.033,14956
1,6,17.067,14957
1,6,17.1,14958
1,6,17.133,14959
1,6,17.167,14960
1,6,17.2,14961
1,6,17.233,14962
1,6,17.267,14963
1,6,17.3,14964
1,6,17.333,14965
1,6,17.367,14966
1,6,17.4,14967
1,6,17.433,14968
1,6,17.467,14969
1,6,17.5,14970
1,6,17.533,14971
1,6,17.567,14972
1,6,17.6,14973
1,6,17.633,14974
1,6,17.667,14975
1,6,17.7,14976
1,6,17.733,14977
1,6,17.767,14978
1,6,17.8,14979
1,6,17.833,14980
1,6,17.867,14981
1,6,17.9,14982
1,6,17.933,14983
1,6,17.967,14984
1,6,18,14985
1,6,18.033,14986
1,6,18.067,14987
1,6,18.1,14988
1,6,18.133,14989
1,6,18.167,14990
1,6,18.2,14991
1,6,18.233,14992
1,6,18.267,14993
1,6,18.3,14994
1,6,18.333,14995
1,6,18.367,14996
1,6,18.4,14997
1,6,18.433,14998
1,6,18.467,14999
1,6,18.5,15000
1,6,18.533,15001
1,6,18.567,15002
1,6,18.6,15003
1,6,18.633,15004
1,6,18.667,15005
1,6,18.7,15006
1,6,18.733,15007
1,6,18.767,15008
1,6,18.8,15009
1,6,18.833,15010
1,6,18.867,15011
1,6,18.9,15012
1,6,18.933,15013
1,6,18.967,15014
1,6,19,15015
1,6,19.033,15016
1,6,19.067,15017
1,6,19.1,15018
1,6,19.133,15019
1,6,19.167,15020
1,6,19.2,15021
1,6,19.233,15022
1,6,19.267,15023
1,6,19.3,15024
1,6,19.333,15025
1,6,19.367,15026
1,6,19.4,15027
1,6,19.433,15028
1,6,19.467,15029
1,6,19.5,15030
1,6,19.533,15031
1,6,19.567,15032
1,6,19.6,15033
1,6,19.633,15034
1,6,19.667,15035
1,6,19.7,15036
1,6,19.733,15037
1,6,19.767,15038
1,6,19.8,15039
1,6,19.833,15040
1,6,19.867,15041
1,6,19.9,15042
1,6,19.933,15043
1,6,19.967,15044
1,6,20,15045
1,6,20.033,15046
1,6,20.067,15047
1,6,20.1,15048
1,6,20.133,15049
1,6,20.167,15050
1,6,20.2,15051
1,6,20.233,15052
1,6,20.267,15053
1,6,20.3,15054
1,6,20.333,15055
1,6,20.367,15056
1,6,20.4,15057
1,6,20.433,15058
1,6,20.467,15059
1,6,20.5,15060
1,6,20.533,15061
1,6,20.567,15062
1,6,20.6,15063
1,6,20.633,15064
1,6,20.667,15065
1,6,20.7,15066
1,6,20.733,15067
1,6,20.767,15068
1,6,20.8,15069
1,6,20.833,15070
1,6,20.867,15071
1,6,20.9,15072
1,6,20.933,15073
1,6,20.967,15074
1,6,21,15075
1,6,21.033,15076
1,6,21.067,15077
1,6,21.1,15078
1,6,21.133,15079
1,6,21.167,15080
1,6,21.2,15081
1,6,21.233,15082
1,6,21.267,15083
1,6,21.3,15084
1,6,21.333,15085
1,6,21.367,15086
1,6,21.4,15087
1,6,21.433,15088
1,6,21.467,15089
1,6,21.5,15090
1,6,21.533,15091
1,6,21.567,15092
1,6,21.6,15093
1,6,21.633,15094
1,6,21.667,15095
1,6,21.7,15096
1,6,21.733,15097
1,6,21.767,15098
1,6,21.8,15099
1,6,21.833,15100
1,6,21.867,15101
1,6,21.9,15102
1,6,21.933,15103
1,6,21.967,15104
1,6,22,15105
1,6,22.033,15106
1,6,22.067,15107
1,6,22.1,15108
1,6,22.133,15109
1,6,22.167,15110
1,6,22.2,15111
1,6,22.233,15112
1,6,22.267,15113
1,6,22.3,15114
1,6,22.333,15115
1,6,22.367,15116
1,6,22.4,15117
1,6,22.433,15118
1,6,22.467,15119
1,6,22.5,15120
1,6,22.533,15121
1,6,22.567,15122
1,6,22.6,15123
1,6,22.633,15124
1,6,22.667,15125
1,6,22.7,15126
1,6,22.733,15127
1,6,22.767,15128
1,6,22.8,15129
1,6,22.833,15130
1,6,22.867,15131
1,6,22.9,15132
1,6,22.933,15133
1,6,22.967,15134
1,6,23,15135
1,6,23.033,15136
1,6,23.067,15137
1,6,23.1,15138
1,6,23.133,15139
1,6,23.167,15140
1,6,23.2,15141
1,6,23.233,15142
1,6,23.267,15143
1,6,23.3,15144
1,6,23.333,15145
1,6,23.367,15146
1,6,23.4,15147
1,6,23.433,15148
1,6,23.467,15149
1,6,23.5,15150
1,6,23.533,15151
1,6,23.567,15152
1,6,23.6,15153
1,6,23.633,15154
1,6,23.667,15155
1,6,23.7,15156
1,6,23.733,15157
1,6,23.767,15158
1,6,0,15159
1,6,0.033,15160
1,6,0.067,15161
1,6,0.1,15162
1,6,0.133,15163
1,6,0.167,15164
1,6,0.2,15165
1,6,0.233,15166
1,6,0.267,15167
1,6,0.3,15168
1,6,0.333,15169
1,6,0.367,15170
1,6,0.4,15171
1,6,0.433,15172
1,6,0.467,15173
1,6,0.5,15174
1,6,0.533,15175
1,6,0.567,15176
1,6,0.6,15177
1,6,0.633,15178
1,6,0.667,15179
1,6,0.7,15180
1,6,0.733,15181
1,6,0.767,15182
1,6,0.8,15183
1,6,0.833,15184
1,6,0.867,15185
1,6,0.9,15186
1,6,0.933,15187
1,6,0.967,15188
1,6,1,15189
1,6,1.033,15190
1,6,1.067,15191
1,6,1.1,15192
1,6,1.133,15193
1,6,1.167,15194
1,6,1.2,15195
1,6,1.233,15196
1,6,1.267,15197
1,6,1.3,15198
1,6,1.333,15199
1,6,1.367,15200
1,6,1.4,15201
1,6,1.433,15202
1,6,1.467,15203
1,6,1.5,15204
1,6,1.533,15205
1,6,1.567,15206
1,6,1.6,15207
1,6,1.633,15208
1,6,1.667,15209
1,6,1.7,15210
1,6,1.733,15211
1,6,1.767,15212
1,6,1.8,15213
1,6,1.833,15214
1,6,1.867,15215
1,6,1.9,15216
1,6,1.933,15217
1,6,1.967,15218
1,6,2,15219
1,6,2.033,15220
1,6,2.067,15221
1,6,2.1,15222
1,6,2.133,15223
1,6,2.167,15224
1,6,2.2,15225
1,6,2.233,15226
1,6,2.267,15227
1,6,2.3,15228
1,6,2.333,15229
1,6,2.367,15230
1,6,2.4,15231
1,6,2.433,15232
1,6,2.467,15233
1,6,2.5,15234
1,6,2.533,15235
1,6,2.567,15236
1,6,2.6,15237
1,6,2.633,15238
1,6,2.667,15239
1,6,2.7,15240
1,6,2.733,15241
1,6,2.767,15242
1,6,2.8,15243
1,6,2.833,15244
1,6,2.867,15245
1,6,2.9,15246
1,6,2.933,15247
1,6,2.967,15248
1,6,3,15249
1,6,3.033,15250
1,6,3.067,15251
1,6,3.1,15252
1,6,3.133,15253
1,6,3.167,15254
1,6,3.2,15255
1,6,3.233,15256
1,6,3.267,15257
1,6,3.3,15258
1,6,3.333,15259
1,6,3.367,15260
1,6,3.4,15261
1,6,3.433,15262
1,6,3.467,15263
1,6,3.5,15264
1,6,3.533,15265
1,6,3.567,15266
1,6,3.6,15267
1,6,3.633,15268
1,6,3.667,15269
1,6,3.7,15270
1,6,3.733,15271
1,6,3.767,15272
1,6,3.8,15273
1,6,3.833,15274
1,6,3.867,15275
1,6,3.9,15276
1,6,3.933,15277
1,6,3.967,15278
1,6,4,15279
1,6,4.033,15280
1,6,4.067,15281
1,6,4.1,15282
1,6,4.133,15283
1,6,4.167,15284
1,6,4.2,15285
1,6,4.233,15286
1,6,4.267,15287
1,6,4.3,15288
1,6,4.333,15289
1,6,4.367,15290
1,6,4.4,15291
1,6,4.433,15292
1,6,4.467,15293
1,6,4.5,15294
1,6,4.533,15295
1,6,4.567,15296
1,6,4.6,15297
1,6,4.633,15298
1,6,4.667,15299
1,6,4.7,15300
1,6,4.733,15301
1,6,4.767,15302
1,6,4.8,15303
1,6,4.833,15304
1,6,4.867,15305
1,6,4.9,15306
1,6,4.933,15307
1,6,4.967,15308
1,6,5,15309
1,6,5.033,15310
1,6,5.067,15311
1,6,5.1,15312
1,6,5.133,15313
1,6,5.167,15314
1,6,5.2,15315
1,6,5.233,15316
1,6,5.267,15317
1,6,5.3,15318
1,6,5.333,15319
1,6,5.367,15320
1,6,5.4,15321
1,6,5.433,15322
1,6,5.467,15323
1,6,5.5,15324
1,6,5.533,15325
1,6,5.567,15326
1,6,5.6,15327
1,6,5.633,15328
1,6,5.667,15329
1,6,5.7,15330
1,6,5.733,15331
1,6,5.767,15332
1,6,5.8,15333
1,6,5.833,15334
1,6,5.867,15335
1,6,5.9,15336
1,6,5.933,15337
1,6,5.967,15338
1,6,6,15339
1,6,6.033,15340
1,6,6.067,15341
1,6,6.1,15342
1,6,6.133,15343
1,6,6.167,15344
1,6,6.2,15345
1,6,6.233,15346
1,6,6.267,15347
1,6,6.3,15348
1,6,6.333,15349
1,6,6.367,15350
1,6,6.4,15351
1,6,6.433,15352
1,6,6.467,15353
1,6,6.5,15354
1,6,6.533,15355
1,6,6.567,15356
1,6,6.6,15357
1,6,6.633,15358
1,6,6.667,15359
1,6,6.7,15360
1,6,6.733,15361
1,6,6.767,15362
1,6,6.8,15363
1,6,6.833,15364
1,6,6.867,15365
1,6,6.9,15366
1,6,6.933,15367
1,6,6.967,15368
1,6,7,15369
1,6,7.033,15370
1,6,7.067,15371
1,6,7.1,15372
1,6,7.133,15373
1,6,7.167,15374
1,6,7.2,15375
1,6,7.233,15376
1,6,7.267,15377
1,6,7.3,15378
1,6,7.333,15379
1,6,7.367,15380
1,6,7.4,15381
1,6,7.433,15382
1,6,7.467,15383
1,6,7.5,15384
1,6,7.533,15385
1,6,7.567,15386
1,6,7.6,15387
1,6,7.633,15388
1,6,7.667,15389
1,6,7.7,15390
1,6,7.733,15391
1,6,7.767,15392
1,6,7.8,15393
1,6,7.833,15394
1,6,7.867,15395
1,6,7.9,15396
1,6,7.933,15397
1,6,7.967,15398
1,6,8,15399
1,6,8.033,15400
1,6,8.067,15401
1,6,8.1,15402
1,6,8.133,15403
1,6,8.167,15404
1,6,8.2,15405
1,6,8.233,15406
1,6,8.267,15407
1,6,8.3,15408
1,6,8.333,15409
1,6,8.367,15410
1,6,8.4,15411
1,6,8.433,15412
1,6,8.467,15413
1,6,8.5,15414
1,6,8.533,15415
1,6,8.567,15416
1,6,8.6,15417
1,6,8.633,15418
1,6,8.667,15419
1,6,8.7,15420
1,6,8.733,15421
1,6,8.767,15422
1,6,8.8,15423
1,6,8.833,15424
1,6,8.867,15425
1,6,8.9,15426
1,6,8.933,15427
1,6,8.967,15428
1,6,9,15429
1,6,9.033,15430
1,6,9.067,15431
1,6,9.1,15432
1,6,9.133,15433
1,6,9.167,15434
1,6,9.2,15435
1,6,9.233,15436
1,6,9.267,15437
1,6,9.3,15438
1,6,9.333,15439
1,6,9.367,15440
1,6,9.4,15441
1,6,9.433,15442
1,6,9.467,15443
1,6,9.5,15444
1,6,9.533,15445
1,6,9.567,15446
1,6,9.6,15447
1,6,9.633,15448
1,6,9.667,15449
1,6,9.7,15450
1,6,9.733,15451
1,6,9.767,15452
1,6,9.8,15453
1,6,9.833,15454
1,6,9.867,15455
1,6,9.9,15456
1,6,9.933,15457
1,6,9.967,15458
1,6,10,15459
1,6,10.033,15460
1,6,10.067,15461
1,6,10.1,15462
1,6,10.133,15463
1,6,10.167,15464
1,6,10.2,15465
1,6,10.233,15466
1,6,10.267,15467
1,6,10.3,15468
1,6,10.333,15469
1,6,10.367,15470
1,6,10.4,15471
1,6,10.433,15472
1,6,10.467,15473
1,6,10.5,15474
1,6,10.533,15475
1,6,10.567,15476
1,6,10.6,15477
1,6,10.633,15478
1,6,10.667,15479
1,6,10.7,15480
1,6,10.733,15481
1,6,10.767,15482
1,6,10.8,15483
1,6,10.833,15484
1,6,10.867,15485
1,6,10.9,15486
1,6,10.933,15487
1,6,10.967,15488
1,6,11,15489
1,6,11.033,15490
1,6,11.067,15491
1,6,11.1,15492
1,6,11.133,15493
1,6,11.167,15494
1,6,11.2,15495
1,6,11.233,15496
1,6,11.267,15497
1,6,11.3,15498
1,6,11.333,15499
1,6,11.367,15500
1,6,11.4,15501
1,6,11.433,15502
1,6,11.467,15503
1,6,11.5,15504
1,6,11.533,15505
1,6,11.567,15506
1,6,11.6,15507
1,6,11.633,15508
1,6,11.667,15509
1,6,11.7,15510
1,6,11.733,15511
1,6,11.767,15512
1,6,11.8,15513
1,6,11.833,15514
1,6,11.867,15515
1,6,11.9,15516
1,6,11.933,15517
1,6,11.967,15518
1,6,12,15519
1,6,12.033,15520
1,6,12.067,15521
1,6,12.1,15522
1,6,12.133,15523
1,6,12.167,15524
1,6,12.2,15525
1,6,12.233,15526
1,6,12.267,15527
1,6,12.3,15528
1,6,12.333,15529
1,6,12.367,15530
1,6,12.4,15531
1,6,12.433,15532
1,6,12.467,15533
1,6,12.5,15534
1,6,12.533,15535
1,6,12.567,15536
1,6,12.6,15537
1,6,12.633,15538
1,6,12.667,15539
1,6,12.7,15540
1,6,12.733,15541
1,6,12.767,15542
1,6,12.8,15543
1,6,12.833,15544
1,6,12.867,15545
1,6,12.9,15546
1,6,12.933,15547
1,6,12.967,15548
1,6,13,15549
1,6,13.033,15550
1,6,13.067,15551
1,6,13.1,15552
1,6,13.133,15553
1,6,13.167,15554
1,6,13.2,15555
1,6,13.233,15556
1,6,13.267,15557
1,6,13.3,15558
1,6,13.333,15559
1,6,13.367,15560
1,6,13.4,15561
1,6,13.433,15562
1,6,13.467,15563
1,6,13.5,15564
1,6,13.533,15565
1,6,13.567,15566
1,6,13.6,15567
1,6,13.633,15568
1,6,13.667,15569
1,6,13.7,15570
1,6,13.733,15571
1,6,13.767,15572
1,6,13.8,15573
1,6,13.833,15574
1,6,13.867,15575
1,6,13.9,15576
1,6,13.933,15577
1,6,13.967,15578
1,6,14,15579
1,6,14.033,15580
1,6,14.067,15581
1,6,14.1,15582
1,6,14.133,15583
1,6,14.167,15584
1,6,14.2,15585
1,6,14.233,15586
1,6,14.267,15587
1,6,14.3,15588
1,6,14.333,15589
1,6,14.367,15590
1,6,14.4,15591
1,6,14.433,15592
1,6,14.467,15593
1,6,14.5,15594
1,6,14.533,15595
1,6,14.567,15596
1,6,14.6,15597
1,6,14.633,15598
1,6,14.667,15599
1,6,14.7,15600
1,6,14.733,15601
1,6,14.767,15602
1,6,14.8,15603
1,6,14.833,15604
1,6,14.867,15605
1,6,14.9,15606
1,6,14.933,15607
1,6,14.967,15608
1,6,15,15609
1,6,15.033,15610
1,6,15.067,15611
1,6,15.1,15612
1,6,15.133,15613
1,6,15.167,15614
1,6,15.2,15615
1,6,15.233,15616
1,6,15.267,15617
1,6,15.3,15618
1,6,15.333,15619
1,6,15.367,15620
1,6,15.4,15621
1,6,15.433,15622
1,6,15.467,15623
1,6,15.5,15624
1,6,15.533,15625
1,6,15.567,15626
1,6,15.6,15627
1,6,15.633,15628
1,6,15.667,15629
1,6,15.7,15630
1,6,15.733,15631
1,6,15.767,15632
1,6,15.8,15633
1,6,15.833,15634
1,6,15.867,15635
1,6,15.9,15636
1,6,15.933,15637
1,6,15.967,15638
1,6,16,15639
1,6,16.033,15640
1,6,16.067,15641
1,6,16.1,15642
1,6,16.133,15643
1,6,16.167,15644
1,6,16.2,15645
1,6,16.233,15646
1,6,16.267,15647
1,6,16.3,15648
1,6,16.333,15649
1,6,16.367,15650
1,6,16.4,15651
1,6,16.433,15652
1,6,16.467,15653
1,6,16.5,15654
1,6,16.533,15655
1,6,16.567,15656
1,6,16.6,15657
1,6,16.633,15658
1,6,16.667,15659
1,6,16.7,15660
1,6,16.733,15661
1,6,16.767,15662
1,6,16.8,15663
1,6,16.833,15664
1,6,16.867,15665
1,6,16.9,15666
1,6,16.933,15667
1,6,16.967,15668
1,6,17,15669
1,6,17.033,15670
1,6,17.067,15671
1,6,17.1,15672
1,6,17.133,15673
1,6,17.167,15674
1,6,17.2,15675
1,6,17.233,15676
1,6,17.267,15677
1,6,17.3,15678
1,6,17.333,15679
1,6,17.367,15680
1,6,17.4,15681
1,6,17.433,15682
1,6,17.467,15683
1,6,17.5,15684
1,6,17.533,15685
1,6,17.567,15686
1,6,17.6,15687
1,6,17.633,15688
1,6,17.667,15689
1,6,17.7,15690
1,6,17.733,15691
1,6,17.767,15692
1,6,17.8,15693
1,6,17.833,15694
1,6,17.867,15695
1,6,17.9,15696
1,6,17.933,15697
1,6,17.967,15698
1,6,18,15699
1,6,18.033,15700
1,6,18.067,15701
1,6,18.1,15702
1,6,18.133,15703
1,6,18.167,15704
1,6,18.2,15705
1,6,18.233,15706
1,6,18.267,15707
1,6,18.3,15708
1,6,18.333,15709
1,6,18.367,15710
1,6,18.4,15711
1,6,18.433,15712
1,6,18.467,15713
1,6,18.5,15714
1,6,18.533,15715
1,6,18.567,15716
1,6,18.6,15717
1,6,18.633,15718
1,6,18.667,15719
1,6,18.7,15720
1,6,18.733,15721
1,6,18.767,15722
1,6,18.8,15723
1,6,18.833,15724
1,6,18.867,15725
1,6,18.9,15726
1,6,18.933,15727
1,6,18.967,15728
1,6,19,15729
1,6,19.033,15730
1,6,19.067,15731
1,6,19.1,15732
1,6,19.133,15733
1,6,19.167,15734
1,6,19.2,15735
1,6,19.233,15736
1,6,19.267,15737
1,6,19.3,15738
1,6,19.333,15739
1,6,19.367,15740
1,6,19.4,15741
1,6,19.433,15742
1,6,19.467,15743
1,6,19.5,15744
1,6,19.533,15745
1,6,19.567,15746
1,6,19.6,15747
1,6,19.633,15748
1,6,19.667,15749
1,6,19.7,15750
1,6,19.733,15751
1,6,19.767,15752
1,6,19.8,15753
1,6,19.833,15754
1,6,19.867,15755
1,6,19.9,15756
1,6,19.933,15757
1,6,19.967,15758
1,6,20,15759
1,6,20.033,15760
1,6,20.067,15761
1,6,20.1,15762
1,6,20.133,15763
1,6,20.167,15764
1,6,20.2,15765
1,6,20.233,15766
1,6,20.267,15767
1,6,20.3,15768
1,6,20.333,15769
1,6,20.367,15770
1,6,20.4,15771
1,6,20.433,15772
1,6,20.467,15773
1,6,20.5,15774
1,6,20.533,15775
1,6,20.567,15776
1,6,20.6,15777
1,6,20.633,15778
1,6,20.667,15779
1,6,20.7,15780
1,6,20.733,15781
1,6,20.767,15782
4,6,20.833,15783
4,6,20.867,15784
4,6,20.9,15785
4,6,20.933,15786
4,6,20.967,15787
4,6,21,15788
4,6,21.033,15789
4,6,21.067,15790
4,6,21.1,15791
4,6,21.133,15792
4,6,21.167,15793
4,6,21.2,15794
4,6,21.233,15795
4,6,21.267,15796
4,6,21.3,15797
4,6,21.333,15798
4,6,21.367,15799
4,6,21.4,15800
4,6,21.433,15801
4,6,21.467,15802
4,6,21.5,15803
4,6,21.533,15804
4,6,0,15805
4,6,0.033,15806
4,6,0.067,15807
4,6,0.1,15808
4,6,0.133,15809
4,6,0.167,15810
4,6,0.2,15811
4,6,0.233,15812
4,6,0.267,15813
4,6,0.3,15814
4,6,0.333,15815
4,6,0.367,15816
4,6,0.4,15817
4,6,0.433,15818
4,6,0.467,15819
4,6,0.5,15820
4,6,0.533,15821
4,6,0.567,15822
4,6,0.6,15823
4,6,0.633,15824
4,6,0.667,15825
4,6,0.7,15826
4,6,0.733,15827
1,6,6.433,15828
1,6,6.467,15829
1,6,6.5,15830
1,6,6.533,15831
1,6,6.567,15832
1,6,6.6,15833
1,6,6.633,15834
5,6,6.7,15835
5,6,6.733,15836
5,6,6.767,15837
5,6,6.8,15838
5,6,6.833,15839
5,6,6.867,15840
5,6,6.9,15841
5,6,6.933,15842
5,6,6.967,15843
5,6,7,15844
5,6,7.033,15845
5,6,7.067,15846
5,6,0,15847
5,6,0.033,15848
5,6,0.067,15849
5,6,0.1,15850
5,6,0.133,15851
5,6,0.167,15852
5,6,0.2,15853
5,6,0.233,15854
5,6,0.267,15855
5,6,0.3,15856
5,6,0.333,15857
5,6,0.367,15858
5,6,0.4,15859
5,6,0.433,15860
5,6,0.467,15861
5,6,0.5,15862
5,6,0.533,15863
5,6,0.567,15864
5,6,0.6,15865
5,6,0.633,15866
5,6,0.667,15867
5,6,0.7,15868
5,6,0.733,15869
5,6,0.767,15870
5,6,0.8,15871
5,6,0.833,15872
5,6,0.867,15873
5,6,0.9,15874
5,6,0.933,15875
5,6,0.967,15876
5,6,1,15877
5,6,1.033,15878
5,6,1.067,15879
5,6,1.1,15880
5,6,1.133,15881
5,6,1.167,15882
5,6,1.2,15883
5,6,1.233,15884
5,6,1.267,15885
5,6,1.3,15886
5,6,1.333,15887
5,6,1.367,15888
5,6,1.4,15889
5,6,1.433,15890
5,6,1.467,15891
5,6,1.5,15892
5,6,1.533,15893
5,6,1.567,15894
5,6,1.6,15895
5,6,1.633,15896
5,6,1.667,15897
5,6,1.7,15898
5,6,1.733,15899
5,6,1.767,15900
5,6,1.8,15901
5,6,1.833,15902
5,6,1.867,15903
5,6,1.9,15904
5,6,1.933,15905
5,6,1.967,15906
5,6,2,15907
5,6,2.033,15908
5,6,2.067,15909
5,6,2.1,15910
5,6,2.133,15911
5,6,2.167,15912
5,6,2.2,15913
5,6,2.233,15914
5,6,2.267,15915
5,6,2.3,15916
5,6,2.333,15917
5,6,2.367,15918
5,6,2.4,15919
5,6,2.433,15920
5,6,2.467,15921
5,6,2.5,15922
5,6,2.533,15923
5,6,2.567,15924
5,6,2.6,15925
5,6,2.633,15926
5,6,2.667,15927
5,6,2.7,15928
5,6,2.733,15929
5,6,2.767,15930
5,6,2.8,15931
5,6,2.833,15932
5,6,2.867,15933
5,6,2.9,15934
5,6,2.933,15935
5,6,2.967,15936
5,6,3,15937
5,6,3.033,15938
5,6,3.067,15939
5,6,3.1,15940
5,6,3.133,15941
5,6,3.167,15942
5,6,3.2,15943
5,6,3.233,15944
5,6,3.267,15945
5,6,3.3,15946
5,6,3.333,15947
5,6,3.367,15948
5,6,3.4,15949
1,6,3.433,15950
1,6,3.467,15951
1,6,3.5,15952
1,6,3.533,15953
2,6,3.633,15954
2,6,3.667,15955
2,6,3.7,15956
2,6,3.733,15957
2,6,3.767,15958
2,6,3.8,15959
2,6,3.833,15960
2,6,3.867,15961
2,6,3.9,15962
2,6,3.933,15963
2,6,3.967,15964
2,6,4,15965
2,6,4.033,15966
2,6,4.067,15967
2,6,4.1,15968
2,6,4.133,15969
2,6,4.167,15970
2,6,4.2,15971
2,6,4.233,15972
2,6,4.267,15973
2,6,4.3,15974
2,6,4.333,15975
2,6,4.367,15976
2,6,4.4,15977
2,6,4.433,15978
2,6,4.467,15979
2,6,4.5,15980
2,6,4.533,15981
2,6,4.567,15982
2,6,4.6,15983
2,6,4.633,15984
2,6,4.667,15985
2,6,4.7,15986
2,6,4.733,15987
2,6,4.767,15988
2,6,4.8,15989
2,6,4.833,15990
2,6,4.867,15991
2,6,4.9,15992
2,6,4.933,15993
2,6,4.967,15994
2,6,5,15995
2,6,5.033,15996
2,6,5.067,15997
2,6,5.1,15998
2,6,5.133,15999
2,6,5.167,16000
2,6,5.2,16001
2,6,5.233,16002
2,6,5.267,16003
2,6,5.3,16004
2,6,5.333,16005
2,6,5.367,16006
2,6,5.4,16007
2,6,5.433,16008
2,6,5.467,16009
2,6,5.5,16010
2,6,5.533,16011
2,6,5.567,16012
2,6,5.6,16013
2,6,5.633,16014
2,6,5.667,16015
2,6,5.7,16016
2,6,5.733,16017
2,6,5.767,16018
2,6,5.8,16019
2,6,5.833,16020
2,6,5.867,16021
2,6,5.9,16022
2,6,5.933,16023
2,6,5.967,16024
2,6,6,16025
2,6,6.033,16026
2,6,6.067,16027
2,6,6.1,16028
2,6,6.133,16029
2,6,6.167,16030
2,6,6.2,16031
2,6,6.233,16032
2,6,6.267,16033
2,6,6.3,16034
2,6,6.333,16035
2,6,6.367,16036
2,6,6.4,16037
2,6,6.433,16038
2,6,6.467,16039
2,6,6.5,16040
2,6,6.533,16041
2,6,6.567,16042
2,6,6.6,16043
2,6,6.633,16044
2,6,6.667,16045
2,6,6.7,16046
2,6,6.733,16047
2,6,6.767,16048
2,6,6.8,16049
2,6,6.833,16050
2,6,6.867,16051
2,6,6.9,16052
2,6,6.933,16053
2,6,6.967,16054
2,6,7,16055
2,6,0,16056
2,6,0.033,16057
2,6,0.067,16058
2,6,0.1,16059
2,6,0.133,16060
2,6,0.167,16061
2,6,0.2,16062
2,6,0.233,16063
2,6,0.267,16064
2,6,0.3,16065
2,6,0.333,16066
2,6,0.367,16067
2,6,0.4,16068
2,6,0.433,16069
2,6,0.467,16070
2,6,0.5,16071
2,6,0.533,16072
2,6,0.567,16073
2,6,0.6,16074
2,6,0.633,16075
2,6,0.667,16076
2,6,0.7,16077
2,6,0.733,16078
2,6,0.767,16079
2,6,0.8,16080
2,6,0.833,16081
2,6,0.867,16082
2,6,0.9,16083
2,6,0.933,16084
2,6,0.967,16085
2,6,1,16086
2,6,1.033,16087
2,6,1.067,16088
2,6,1.1,16089
2,6,1.133,16090
2,6,1.167,16091
2,6,1.2,16092
2,6,1.233,16093
2,6,1.267,16094
2,6,1.3,16095
2,6,1.333,16096
2,6,1.367,16097
2,6,1.4,16098
2,6,1.433,16099
2,6,1.467,16100
2,6,1.5,16101
2,6,1.533,16102
2,6,1.567,16103
2,6,1.6,16104
2,6,1.633,16105
2,6,1.667,16106
2,6,1.7,16107
2,6,1.733,16108
2,6,1.767,16109
2,6,1.8,16110
2,6,1.833,16111
2,6,1.867,16112
2,6,1.9,16113
2,6,1.933,16114
2,6,1.967,16115
2,6,2,16116
2,6,2.033,16117
2,6,2.067,16118
2,6,2.1,16119
2,6,2.133,16120
2,6,2.167,16121
2,6,2.2,16122
2,6,2.233,16123
2,6,2.267,16124
2,6,2.3,16125
2,6,2.333,16126
2,6,2.367,16127
2,6,2.4,16128
2,6,2.433,16129
2,6,2.467,16130
2,6,2.5,16131
2,6,2.533,16132
2,6,2.567,16133
2,6,2.6,16134
2,6,2.633,16135
2,6,2.667,16136
2,6,2.7,16137
2,6,2.733,16138
2,6,2.767,16139
2,6,2.8,16140
2,6,2.833,16141
2,6,2.867,16142
2,6,2.9,16143
2,6,2.933,16144
2,6,2.967,16145
2,6,3,16146
2,6,3.033,16147
2,6,3.067,16148
2,6,3.1,16149
2,6,3.133,16150
2,6,3.167,16151
2,6,3.2,16152
2,6,3.233,16153
2,6,3.267,16154
2,6,3.3,16155
2,6,3.333,16156
2,6,3.367,16157
2,6,3.4,16158
2,6,3.433,16159
2,6,3.467,16160
2,6,3.5,16161
2,6,3.533,16162
2,6,3.567,16163
2,6,3.6,16164
2,6,3.633,16165
6,6,3.7,16166
6,6,3.733,16167
6,6,3.767,16168
6,6,3.8,16169
6,6,3.833,16170
6,6,3.867,16171
6,6,3.9,16172
6,6,3.933,16173
6,6,3.967,16174
6,6,4,16175
6,6,4.033,16176
6,6,4.067,16177
6,6,4.1,16178
6,6,4.133,16179
6,6,4.167,16180
6,6,4.2,16181
6,6,4.233,16182
6,6,4.267,16183
6,6,4.3,16184
6,6,4.333,16185
6,6,4.367,16186
6,6,4.4,16187
6,6,4.433,16188
6,6,4.467,16189
6,6,4.5,16190
6,6,4.533,16191
6,6,4.567,16192
6,6,4.6,16193
6,6,4.633,16194
6,6,4.667,16195
6,6,4.7,16196
6,6,4.733,16197
6,6,4.767,16198
6,6,4.8,16199
6,6,4.833,16200
6,6,4.867,16201
6,6,4.9,16202
6,6,4.933,16203
6,6,4.967,16204
6,6,5,16205
6,6,5.033,16206
6,6,5.067,16207
6,6,5.1,16208
6,6,5.133,16209
6,6,5.167,16210
6,6,5.2,16211
6,6,5.233,16212
6,6,5.267,16213
6,6,5.3,16214
6,6,5.333,16215
6,6,5.367,16216
6,6,5.4,16217
6,6,5.433,16218
6,6,5.467,16219
6,6,5.5,16220
6,6,5.533,16221
6,6,5.567,16222
6,6,5.6,16223
6,6,5.633,16224
6,6,5.667,16225
6,6,5.7,16226
6,6,5.733,16227
6,6,5.767,16228
6,6,5.8,16229
6,6,5.833,16230
6,6,5.867,16231
6,6,5.9,16232
6,6,5.933,16233
6,6,5.967,16234
6,6,6,16235
6,6,6.033,16236
6,6,6.067,16237
6,6,6.1,16238
6,6,6.133,16239
6,6,6.167,16240
6,6,6.2,16241
6,6,6.233,16242
6,6,6.267,16243
6,6,6.3,16244
6,6,6.333,16245
6,6,6.367,16246
6,6,6.4,16247
6,6,6.433,16248
6,6,6.467,16249
6,6,6.5,16250
6,6,6.533,16251
6,6,6.567,16252
6,6,6.6,16253
6,6,6.633,16254
6,6,6.667,16255
6,6,6.7,16256
6,6,6.733,16257
6,6,6.767,16258
6,6,6.8,16259
6,6,6.833,16260
6,6,6.867,16261
6,6,6.9,16262
6,6,6.933,16263
6,6,6.967,16264
6,6,7,16265
6,6,7.033,16266
6,6,7.067,16267
6,6,7.1,16268
6,6,7.133,16269
6,6,7.167,16270
6,6,7.2,16271
6,6,7.233,16272
6,6,7.267,16273
6,6,7.3,16274
6,6,7.333,16275
6,6,0,16276
6,6,0.033,16277
6,6,0.067,16278
6,6,0.1,16279
6,6,0.133,16280
6,6,0.167,16281
6,6,0.2,16282
6,6,0.233,16283
6,6,0.267,16284
6,6,0.3,16285
6,6,0.333,16286
6,6,0.367,16287
6,6,0.4,16288
6,6,0.433,16289
6,6,0.467,16290
6,6,0.5,16291
6,6,0.533,16292
6,6,0.567,16293
6,6,0.6,16294
6,6,0.633,16295
6,6,0.667,16296
6,6,0.7,16297
6,6,0.733,16298
6,6,0.767,16299
6,6,0.8,16300
6,6,0.833,16301
6,6,0.867,16302
6,6,0.9,16303
6,6,0.933,16304
6,6,0.967,16305
6,6,1,16306
6,6,1.033,16307
6,6,1.067,16308
6,6,1.1,16309
6,6,1.133,16310
6,6,1.167,16311
6,6,1.2,16312
6,6,1.233,16313
6,6,1.267,16314
6,6,1.3,16315
6,6,1.333,16316
6,6,1.367,16317
6,6,1.4,16318
6,6,1.433,16319
6,6,1.467,16320
6,6,1.5,16321
6,6,1.533,16322
2,7,24.1,16323
2,7,24.133,16324
2,7,24.167,16325
2,7,24.2,16326
5,7,24.267,16327
5,7,24.3,16328
3,7,24.8,16329
3,7,24.833,16330
3,7,24.867,16331
3,7,24.9,16332
3,7,24.933,16333
3,7,24.967,16334
3,7,25,16335
3,7,25.033,16336
3,7,25.067,16337
3,7,25.1,16338
3,7,25.133,16339
3,7,25.167,16340
3,7,25.2,16341
3,7,25.233,16342
3,7,25.267,16343
3,7,25.3,16344
3,7,25.333,16345
3,7,0,16346
3,7,0.033,16347
3,7,0.067,16348
3,7,0.1,16349
3,7,0.133,16350
3,7,0.167,16351
3,7,0.2,16352
3,7,0.233,16353
3,7,0.267,16354
3,7,0.3,16355
3,7,0.333,16356
3,7,0.367,16357
3,7,0.4,16358
3,7,0.433,16359
3,7,0.467,16360
3,7,0.5,16361
3,7,0.533,16362
3,7,0.567,16363
3,7,0.6,16364
3,7,0.633,16365
3,7,0.667,16366
3,7,0.7,16367
3,7,0.733,16368
3,7,0.767,16369
3,7,0.8,16370
3,7,0.833,16371
6,7,0.933,16372
6,7,0.967,16373
6,7,1,16374
6,7,1.033,16375
2,7,1.067,16376
2,7,1.1,16377
2,7,10.033,16378
2,7,10.067,16379
2,7,10.1,16380
2,7,10.133,16381
2,7,10.167,16382
2,7,10.2,16383
2,7,10.233,16384
2,7,10.267,16385
2,7,10.3,16386
2,7,10.333,16387
2,7,10.367,16388
2,7,10.4,16389
2,7,10.433,16390
2,7,10.467,16391
2,7,10.5,16392
2,7,10.533,16393
2,7,10.567,16394
2,7,10.6,16395
2,7,10.633,16396
2,7,10.667,16397
2,7,10.7,16398
2,7,10.733,16399
2,7,10.767,16400
2,7,10.8,16401
2,7,10.833,16402
2,7,10.867,16403
2,7,10.9,16404
2,7,10.933,16405
2,7,10.967,16406
2,7,11,16407
2,7,11.033,16408
2,7,11.067,16409
2,7,11.1,16410
2,7,11.133,16411
2,7,11.167,16412
2,7,11.2,16413
2,7,11.233,16414
2,7,11.267,16415
2,7,11.3,16416
2,7,11.333,16417
2,7,11.367,16418
2,7,11.4,16419
2,7,11.433,16420
2,7,11.467,16421
2,7,11.5,16422
2,7,11.533,16423
2,7,11.567,16424
2,7,11.6,16425
2,7,11.633,16426
2,7,11.667,16427
2,7,11.7,16428
2,7,11.733,16429
2,7,11.767,16430
2,7,11.8,16431
2,7,11.833,16432
2,7,11.867,16433
2,7,11.9,16434
2,7,11.933,16435
2,7,11.967,16436
2,7,12,16437
2,7,12.033,16438
2,7,12.067,16439
2,7,12.1,16440
2,7,12.133,16441
2,7,12.167,16442
2,7,12.2,16443
2,7,12.233,16444
2,7,12.267,16445
2,7,12.3,16446
2,7,12.333,16447
2,7,12.367,16448
2,7,12.4,16449
2,7,12.433,16450
2,7,12.467,16451
2,7,12.5,16452
2,7,12.533,16453
2,7,12.567,16454
2,7,12.6,16455
2,7,12.633,16456
2,7,12.667,16457
2,7,12.7,16458
2,7,12.733,16459
2,7,12.767,16460
2,7,12.8,16461
2,7,12.833,16462
5,7,12.933,16463
5,7,12.967,16464
5,7,13,16465
5,7,13.033,16466
5,7,13.067,16467
5,7,13.1,16468
5,7,13.133,16469
5,7,13.167,16470
5,7,13.2,16471
5,7,13.233,16472
5,7,13.267,16473
5,7,13.3,16474
5,7,13.333,16475
5,7,13.367,16476
5,7,13.4,16477
5,7,13.433,16478
5,7,13.467,16479
5,7,13.5,16480
5,7,13.533,16481
5,7,13.567,16482
5,7,13.6,16483
5,7,13.633,16484
5,7,13.667,16485
5,7,13.7,16486
5,7,13.733,16487
5,7,13.767,16488
5,7,13.8,16489
5,7,13.833,16490
5,7,13.867,16491
5,7,13.9,16492
5,7,13.933,16493
5,7,13.967,16494
5,7,14,16495
5,7,14.033,16496
5,7,14.067,16497
5,7,14.1,16498
5,7,14.133,16499
5,7,14.167,16500
5,7,14.2,16501
5,7,14.233,16502
5,7,14.267,16503
5,7,14.3,16504
5,7,14.333,16505
5,7,14.367,16506
5,7,14.4,16507
5,7,14.433,16508
5,7,14.467,16509
5,7,14.5,16510
5,7,14.533,16511
5,7,14.567,16512
5,7,14.6,16513
5,7,14.633,16514
5,7,14.667,16515
5,7,14.7,16516
5,7,14.733,16517
5,7,14.767,16518
5,7,14.8,16519
5,7,14.833,16520
5,7,14.867,16521
5,7,14.9,16522
5,7,14.933,16523
5,7,14.967,16524
5,7,15,16525
5,7,15.033,16526
5,7,15.067,16527
5,7,15.1,16528
5,7,15.133,16529
5,7,15.167,16530
5,7,15.2,16531
5,7,15.233,16532
5,7,15.267,16533
5,7,15.3,16534
5,7,15.333,16535
5,7,15.367,16536
5,7,15.4,16537
5,7,15.433,16538
5,7,15.467,16539
5,7,15.5,16540
5,7,15.533,16541
5,7,15.567,16542
5,7,15.6,16543
5,7,15.633,16544
5,7,15.667,16545
5,7,15.7,16546
5,7,15.733,16547
5,7,15.767,16548
5,7,15.8,16549
5,7,15.833,16550
5,7,15.867,16551
5,7,15.9,16552
5,7,15.933,16553
5,7,15.967,16554
5,7,16,16555
5,7,16.033,16556
5,7,16.067,16557
5,7,16.1,16558
5,7,16.133,16559
5,7,16.167,16560
5,7,16.2,16561
5,7,16.233,16562
5,7,16.267,16563
5,7,16.3,16564
5,7,16.333,16565
5,7,16.367,16566
5,7,16.4,16567
5,7,16.433,16568
5,7,16.467,16569
5,7,16.5,16570
5,7,16.533,16571
5,7,16.567,16572
5,7,16.6,16573
5,7,16.633,16574
5,7,16.667,16575
5,7,16.7,16576
5,7,16.733,16577
5,7,16.767,16578
5,7,16.8,16579
5,7,16.833,16580
5,7,16.867,16581
5,7,16.9,16582
5,7,16.933,16583
5,7,16.967,16584
5,7,17,16585
5,7,17.033,16586
5,7,17.067,16587
5,7,17.1,16588
5,7,17.133,16589
5,7,17.167,16590
5,7,17.2,16591
5,7,17.233,16592
5,7,17.267,16593
5,7,17.3,16594
5,7,17.333,16595
5,7,17.367,16596
5,7,17.4,16597
5,7,17.433,16598
5,7,17.467,16599
5,7,17.5,16600
5,7,17.533,16601
5,7,17.567,16602
5,7,17.6,16603
5,7,17.633,16604
5,7,17.667,16605
4,7,17.733,16606
4,7,17.767,16607
4,7,17.8,16608
4,7,17.833,16609
4,7,17.867,16610
4,7,17.9,16611
4,7,17.933,16612
4,7,17.967,16613
4,7,18,16614
4,7,18.033,16615
4,7,18.067,16616
4,7,18.1,16617
4,7,18.133,16618
4,7,18.167,16619
4,7,18.2,16620
4,7,18.233,16621
4,7,18.267,16622
4,7,18.3,16623
4,7,18.333,16624
4,7,18.367,16625
4,7,18.4,16626
4,7,18.433,16627
4,7,18.467,16628
4,7,18.5,16629
4,7,18.533,16630
4,7,18.567,16631
4,7,18.6,16632
4,7,18.633,16633
4,7,18.667,16634
4,7,18.7,16635
4,7,18.733,16636
4,7,18.767,16637
4,7,18.8,16638
4,7,18.833,16639
4,7,18.867,16640
4,7,18.9,16641
4,7,18.933,16642
4,7,18.967,16643
4,7,19,16644
4,7,19.033,16645
4,7,19.067,16646
4,7,19.1,16647
4,7,19.133,16648
4,7,19.167,16649
4,7,19.2,16650
4,7,19.233,16651
4,7,19.267,16652
4,7,19.3,16653
4,7,19.333,16654
4,7,19.367,16655
4,7,19.4,16656
4,7,19.433,16657
4,7,19.467,16658
4,7,19.5,16659
4,7,19.533,16660
4,7,19.567,16661
4,7,19.6,16662
4,7,19.633,16663
4,7,19.667,16664
4,7,19.7,16665
4,7,19.733,16666
4,7,19.767,16667
4,7,19.8,16668
4,7,19.833,16669
4,7,19.867,16670
4,7,19.9,16671
4,7,19.933,16672
4,7,19.967,16673
4,7,20,16674
4,7,20.033,16675
4,7,20.067,16676
4,7,20.1,16677
4,7,20.133,16678
4,7,20.167,16679
4,7,20.2,16680
4,7,20.233,16681
4,7,20.267,16682
4,7,20.3,16683
4,7,20.333,16684
4,7,20.367,16685
4,7,20.4,16686
4,7,20.433,16687
4,7,20.467,16688
4,7,20.5,16689
4,7,20.533,16690
4,7,20.567,16691
4,7,20.6,16692
4,7,20.633,16693
4,7,20.667,16694
4,7,20.7,16695
4,7,20.733,16696
4,7,20.767,16697
4,7,20.8,16698
4,7,20.833,16699
4,7,20.867,16700
4,7,20.9,16701
4,7,20.933,16702
4,7,20.967,16703
4,7,21,16704
4,7,21.033,16705
4,7,21.067,16706
4,7,21.1,16707
4,7,21.133,16708
4,7,21.167,16709
4,7,21.2,16710
4,7,21.233,16711
4,7,21.267,16712
4,7,21.3,16713
4,7,21.333,16714
4,7,21.367,16715
4,7,21.4,16716
4,7,21.433,16717
4,7,21.467,16718
4,7,21.5,16719
4,7,21.533,16720
4,7,21.567,16721
4,7,21.6,16722
4,7,21.633,16723
4,7,21.667,16724
4,7,21.7,16725
4,7,21.733,16726
4,7,21.767,16727
4,7,21.8,16728
4,7,21.833,16729
4,7,21.867,16730
4,7,21.9,16731
4,7,21.933,16732
4,7,21.967,16733
4,7,22,16734
4,7,22.033,16735
4,7,22.067,16736
4,7,22.1,16737
4,7,22.133,16738
4,7,22.167,16739
4,7,22.2,16740
4,7,22.233,16741
4,7,22.267,16742
4,7,22.3,16743
4,7,22.333,16744
4,7,22.367,16745
4,7,22.4,16746
4,7,22.433,16747
4,7,22.467,16748
4,7,22.5,16749
4,7,22.533,16750
4,7,22.567,16751
4,7,22.6,16752
4,7,22.633,16753
4,7,22.667,16754
4,7,22.7,16755
4,7,22.733,16756
4,7,22.767,16757
4,7,22.8,16758
4,7,22.833,16759
4,7,22.867,16760
4,7,22.9,16761
4,7,22.933,16762
4,7,22.967,16763
4,7,23,16764
4,7,23.033,16765
4,7,23.067,16766
4,7,23.1,16767
4,7,23.133,16768
4,7,23.167,16769
4,7,23.2,16770
4,7,23.233,16771
4,7,23.267,16772
4,7,23.3,16773
4,7,23.333,16774
4,7,23.367,16775
4,7,23.4,16776
4,7,23.433,16777
4,7,23.467,16778
4,7,23.5,16779
4,7,23.533,16780
4,7,23.567,16781
4,7,23.6,16782
4,7,23.633,16783
4,7,23.667,16784
4,7,23.7,16785
4,7,23.733,16786
4,7,23.767,16787
4,7,23.8,16788
4,7,23.833,16789
4,7,23.867,16790
4,7,23.9,16791
4,7,23.933,16792
4,7,23.967,16793
4,7,24,16794
4,7,24.033,16795
4,7,24.067,16796
4,7,24.1,16797
4,7,24.133,16798
4,7,24.167,16799
4,7,24.2,16800
4,7,24.233,16801
4,7,24.267,16802
4,7,24.3,16803
4,7,24.333,16804
4,7,24.367,16805
4,7,24.4,16806
4,7,24.433,16807
4,7,24.467,16808
4,7,24.5,16809
4,7,24.533,16810
4,7,24.567,16811
4,7,24.6,16812
4,7,24.633,16813
4,7,24.667,16814
4,7,24.7,16815
4,7,24.733,16816
4,7,24.767,16817
4,7,24.8,16818
4,7,24.833,16819
4,7,24.867,16820
4,7,24.9,16821
4,7,24.933,16822
4,7,24.967,16823
4,7,25,16824
4,7,25.033,16825
4,7,25.067,16826
4,7,25.1,16827
4,7,25.133,16828
4,7,25.167,16829
4,7,25.2,16830
4,7,25.233,16831
4,7,25.267,16832
4,7,25.3,16833
4,7,25.333,16834
4,7,25.367,16835
4,7,25.4,16836
4,7,25.433,16837
4,7,25.467,16838
4,7,25.5,16839
4,7,25.533,16840
4,7,25.567,16841
4,7,25.6,16842
4,7,25.633,16843
4,7,25.667,16844
4,7,25.7,16845
4,7,25.733,16846
4,7,25.767,16847
4,7,25.8,16848
4,7,25.833,16849
4,7,25.867,16850
4,7,25.9,16851
4,7,25.933,16852
4,7,25.967,16853
4,7,26,16854
4,7,26.033,16855
4,7,26.067,16856
4,7,26.1,16857
4,7,26.133,16858
4,7,26.167,16859
4,7,26.2,16860
4,7,26.233,16861
4,7,26.267,16862
4,7,26.3,16863
4,7,26.333,16864
4,7,26.367,16865
4,7,26.4,16866
4,7,26.433,16867
4,7,26.467,16868
4,7,26.5,16869
4,7,26.533,16870
4,7,26.567,16871
4,7,26.6,16872
4,7,26.633,16873
4,7,26.667,16874
4,7,26.7,16875
4,7,26.733,16876
4,7,26.767,16877
4,7,26.8,16878
4,7,26.833,16879
4,7,26.867,16880
4,7,26.9,16881
4,7,26.933,16882
4,7,26.967,16883
4,7,27,16884
4,7,27.033,16885
4,7,27.067,16886
4,7,27.1,16887
4,7,27.133,16888
4,7,27.167,16889
4,7,27.2,16890
4,7,27.233,16891
4,7,27.267,16892
4,7,27.3,16893
4,7,27.333,16894
4,7,27.367,16895
4,7,27.4,16896
4,7,27.433,16897
4,7,27.467,16898
4,7,27.5,16899
4,7,27.533,16900
4,7,27.567,16901
4,7,27.6,16902
4,7,27.633,16903
4,7,27.667,16904
4,7,27.7,16905
4,7,27.733,16906
4,7,27.767,16907
4,7,27.8,16908
4,7,27.833,16909
4,7,27.867,16910
4,7,27.9,16911
4,7,27.933,16912
4,7,27.967,16913
4,7,28,16914
4,7,28.033,16915
4,7,28.067,16916
4,7,28.1,16917
4,7,28.133,16918
4,7,28.167,16919
4,7,28.2,16920
4,7,28.233,16921
4,7,28.267,16922
4,7,28.3,16923
4,7,28.333,16924
4,7,28.367,16925
4,7,28.4,16926
4,7,28.433,16927
4,7,28.467,16928
4,7,28.5,16929
4,7,28.533,16930
4,7,28.567,16931
4,7,28.6,16932
4,7,28.633,16933
4,7,28.667,16934
4,7,28.7,16935
4,7,28.733,16936
4,7,28.767,16937
4,7,28.8,16938
4,7,28.833,16939
4,7,28.867,16940
4,7,28.9,16941
4,7,28.933,16942
4,7,28.967,16943
4,7,29,16944
4,7,29.033,16945
4,7,29.067,16946
4,7,29.1,16947
4,7,29.133,16948
4,7,29.167,16949
4,7,29.2,16950
4,7,29.233,16951
4,7,29.267,16952
4,7,29.3,16953
4,7,29.333,16954
4,7,29.367,16955
4,7,29.4,16956
4,7,29.433,16957
4,7,29.467,16958
4,7,29.5,16959
4,7,29.533,16960
4,7,29.567,16961
4,7,29.6,16962
4,7,29.633,16963
4,7,29.667,16964
4,7,29.7,16965
4,7,29.733,16966
4,7,29.767,16967
4,7,29.8,16968
4,7,29.833,16969
4,7,29.867,16970
4,7,29.9,16971
4,7,29.933,16972
4,7,29.967,16973
4,7,30,16974
4,7,30.033,16975
4,7,30.067,16976
4,7,30.1,16977
4,7,30.133,16978
4,7,30.167,16979
4,7,30.2,16980
4,7,30.233,16981
4,7,30.267,16982
4,7,30.3,16983
4,7,30.333,16984
4,7,30.367,16985
4,7,30.4,16986
4,7,30.433,16987
4,7,30.467,16988
4,7,30.5,16989
4,7,30.533,16990
4,7,30.567,16991
4,7,30.6,16992
4,7,30.633,16993
4,7,30.667,16994
4,7,30.7,16995
4,7,30.733,16996
4,7,30.767,16997
4,7,30.8,16998
4,7,30.833,16999
4,7,30.867,17000
4,7,30.9,17001
4,7,30.933,17002
4,7,30.967,17003
4,7,31,17004
4,7,31.033,17005
4,7,31.067,17006
4,7,31.1,17007
4,7,31.133,17008
4,7,31.167,17009
4,7,31.2,17010
4,7,31.233,17011
4,7,31.267,17012
4,7,31.3,17013
4,7,31.333,17014
4,7,31.367,17015
4,7,31.4,17016
4,7,31.433,17017
4,7,31.467,17018
4,7,31.5,17019
4,7,31.533,17020
4,7,31.567,17021
4,7,31.6,17022
4,7,31.633,17023
4,7,31.667,17024
4,7,31.7,17025
4,7,31.733,17026
4,7,31.767,17027
4,7,31.8,17028
4,7,31.833,17029
4,7,31.867,17030
4,7,31.9,17031
4,7,31.933,17032
4,7,31.967,17033
4,7,32,17034
4,7,32.033,17035
4,7,32.067,17036
4,7,32.1,17037
4,7,32.133,17038
4,7,32.167,17039
4,7,32.2,17040
4,7,32.233,17041
4,7,32.267,17042
4,7,32.3,17043
4,7,32.333,17044
4,7,32.367,17045
4,7,32.4,17046
4,7,32.433,17047
4,7,32.467,17048
4,7,32.5,17049
4,7,32.533,17050
4,7,32.567,17051
4,7,32.6,17052
4,7,32.633,17053
4,7,32.667,17054
4,7,32.7,17055
4,7,32.733,17056
4,7,32.767,17057
4,7,32.8,17058
4,7,32.833,17059
4,7,32.867,17060
4,7,32.9,17061
4,7,32.933,17062
4,7,32.967,17063
4,7,33,17064
4,7,33.033,17065
4,7,33.067,17066
4,7,33.1,17067
4,7,33.133,17068
4,7,33.167,17069
4,7,33.2,17070
4,7,0,17071
4,7,0.033,17072
4,7,0.067,17073
4,7,0.1,17074
4,7,0.133,17075
4,7,0.167,17076
4,7,0.2,17077
4,7,0.233,17078
4,7,0.267,17079
4,7,0.3,17080
4,7,0.333,17081
4,7,0.367,17082
4,7,0.4,17083
4,7,0.433,17084
4,7,0.467,17085
4,7,0.5,17086
4,7,0.533,17087
4,7,0.567,17088
4,7,0.6,17089
4,7,0.633,17090
4,7,0.667,17091
4,7,0.7,17092
4,7,0.733,17093
4,7,0.767,17094
4,7,0.8,17095
4,7,0.833,17096
4,7,0.867,17097
4,7,0.9,17098
4,7,0.933,17099
4,7,0.967,17100
4,7,1,17101
5,7,2.8,17102
5,7,2.833,17103
5,7,2.867,17104
5,7,2.9,17105
5,7,2.933,17106
5,7,2.967,17107
5,7,3,17108
5,7,3.033,17109
5,7,3.067,17110
5,7,3.1,17111
5,7,3.133,17112
5,7,3.167,17113
5,7,3.2,17114
5,7,3.233,17115
5,7,3.267,17116
5,7,3.3,17117
5,7,3.333,17118
5,7,3.367,17119
5,7,3.4,17120
5,7,3.433,17121
5,7,3.467,17122
5,7,3.5,17123
5,7,3.533,17124
5,7,3.567,17125
5,7,3.6,17126
5,7,3.633,17127
5,7,3.667,17128
5,7,3.7,17129
5,7,3.733,17130
5,7,0,17131
5,7,0.033,17132
5,7,0.067,17133
5,7,0.1,17134
5,7,0.133,17135
5,7,0.167,17136
5,7,0.2,17137
5,7,0.233,17138
5,7,0.267,17139
5,7,0.3,17140
5,7,0.333,17141
5,7,0.367,17142
5,7,0.4,17143
5,7,0.433,17144
5,7,0.467,17145
5,7,0.5,17146
5,7,0.533,17147
5,7,0.567,17148
5,7,0.6,17149
5,7,0.633,17150
5,7,0.667,17151
5,7,0.7,17152
5,7,0.733,17153
5,7,0.767,17154
5,7,0.8,17155
5,7,0.833,17156
5,7,0.867,17157
5,7,0.9,17158
5,7,0.933,17159
5,7,0.967,17160
5,7,1,17161
5,7,1.033,17162
5,7,1.067,17163
5,7,1.1,17164
5,7,1.133,17165
5,7,1.167,17166
5,7,1.2,17167
5,7,1.233,17168
5,7,1.267,17169
5,7,1.3,17170
5,7,1.333,17171
5,7,1.367,17172
5,7,1.4,17173
5,7,1.433,17174
5,7,1.467,17175
5,7,1.5,17176
5,7,1.533,17177
5,7,1.567,17178
5,7,1.6,17179
5,7,1.633,17180
5,7,1.667,17181
5,7,1.7,17182
5,7,1.733,17183
5,7,1.767,17184
5,7,1.8,17185
5,7,1.833,17186
5,7,1.867,17187
5,7,1.9,17188
5,7,1.933,17189
5,7,1.967,17190
5,7,2,17191
5,7,2.033,17192
5,7,2.067,17193
5,7,2.1,17194
5,7,2.133,17195
5,7,2.167,17196
5,7,2.2,17197
5,7,2.233,17198
5,7,2.267,17199
5,7,2.3,17200
5,7,2.333,17201
5,7,2.367,17202
5,7,2.4,17203
5,7,2.433,17204
5,7,2.467,17205
5,7,2.5,17206
5,7,2.533,17207
5,7,2.567,17208
5,7,2.6,17209
5,7,2.633,17210
5,7,2.667,17211
5,7,2.7,17212
5,7,2.733,17213
5,7,2.767,17214
5,7,2.8,17215
5,7,2.833,17216
5,7,2.867,17217
5,7,2.9,17218
5,7,2.933,17219
5,7,2.967,17220
5,7,3,17221
5,7,3.033,17222
5,7,3.067,17223
5,7,3.1,17224
5,7,3.133,17225
5,7,3.167,17226
5,7,3.2,17227
5,7,3.233,17228
5,7,3.267,17229
5,7,3.3,17230
5,7,3.333,17231
5,7,3.367,17232
5,7,3.4,17233
5,7,3.433,17234
5,7,3.467,17235
5,7,3.5,17236
5,7,3.533,17237
5,7,3.567,17238
5,7,3.6,17239
5,7,3.633,17240
5,7,3.667,17241
5,7,3.7,17242
5,7,3.733,17243
5,7,3.767,17244
5,7,3.8,17245
5,7,3.833,17246
5,7,3.867,17247
5,7,3.9,17248
5,7,3.933,17249
5,7,3.967,17250
5,7,4,17251
5,7,4.033,17252
5,7,4.067,17253
5,7,4.1,17254
5,7,4.133,17255
5,7,4.167,17256
5,7,4.2,17257
5,7,4.233,17258
5,7,4.267,17259
5,7,4.3,17260
5,7,4.333,17261
5,7,4.367,17262
5,7,4.4,17263
5,7,4.433,17264
5,7,4.467,17265
5,7,4.5,17266
5,7,4.533,17267
5,7,4.567,17268
5,7,4.6,17269
5,7,4.633,17270
5,7,4.667,17271
5,7,4.7,17272
5,7,4.733,17273
5,7,4.767,17274
5,7,4.8,17275
5,7,4.833,17276
5,7,4.867,17277
5,7,4.9,17278
5,7,4.933,17279
5,7,4.967,17280
5,7,5,17281
5,7,5.033,17282
5,7,5.067,17283
5,7,5.1,17284
5,7,5.133,17285
5,7,5.167,17286
5,7,5.2,17287
5,7,5.233,17288
5,7,5.267,17289
5,7,5.3,17290
5,7,5.333,17291
5,7,5.367,17292
5,7,5.4,17293
5,7,5.433,17294
5,7,5.467,17295
5,7,5.5,17296
5,7,5.533,17297
5,7,5.567,17298
5,7,5.6,17299
5,7,5.633,17300
5,7,5.667,17301
5,7,5.7,17302
5,7,5.733,17303
5,7,5.767,17304
5,7,5.8,17305
5,7,5.833,17306
5,7,5.867,17307
5,7,5.9,17308
5,7,5.933,17309
5,7,5.967,17310
5,7,6,17311
5,7,6.033,17312
5,7,6.067,17313
5,7,6.1,17314
5,7,6.133,17315
5,7,6.167,17316
5,7,6.2,17317
5,7,6.233,17318
5,7,6.267,17319
5,7,6.3,17320
5,7,6.333,17321
5,7,6.367,17322
5,7,6.4,17323
5,7,6.433,17324
5,7,6.467,17325
5,7,6.5,17326
5,7,6.533,17327
5,7,6.567,17328
5,7,6.6,17329
5,7,6.633,17330
5,7,6.667,17331
5,7,6.7,17332
5,7,6.733,17333
5,7,6.767,17334
5,7,6.8,17335
5,7,6.833,17336
5,7,6.867,17337
5,7,6.9,17338
5,7,6.933,17339
5,7,6.967,17340
5,7,7,17341
5,7,7.033,17342
5,7,7.067,17343
5,7,7.1,17344
5,7,7.133,17345
5,7,7.167,17346
5,7,7.2,17347
5,7,7.233,17348
5,7,7.267,17349
5,7,7.3,17350
5,7,7.333,17351
5,7,7.367,17352
5,7,7.4,17353
5,7,7.433,17354
5,7,7.467,17355
5,7,7.5,17356
5,7,7.533,17357
5,7,7.567,17358
5,7,7.6,17359
5,7,7.633,17360
5,7,7.667,17361
5,7,7.7,17362
5,7,7.733,17363
5,7,7.767,17364
5,7,7.8,17365
5,7,7.833,17366
5,7,7.867,17367
5,7,7.9,17368
5,7,7.933,17369
5,7,7.967,17370
5,7,8,17371
5,7,8.033,17372
5,7,8.067,17373
5,7,8.1,17374
5,7,8.133,17375
5,7,8.167,17376
5,7,8.2,17377
5,7,8.233,17378
5,7,8.267,17379
5,7,8.3,17380
5,7,8.333,17381
5,7,8.367,17382
5,7,8.4,17383
5,7,8.433,17384
5,7,8.467,17385
5,7,8.5,17386
5,7,8.533,17387
5,7,8.567,17388
5,7,8.6,17389
5,7,8.633,17390
5,7,8.667,17391
5,7,8.7,17392
5,7,8.733,17393
5,7,8.767,17394
5,7,8.8,17395
5,7,8.833,17396
5,7,8.867,17397
5,7,8.9,17398
5,7,8.933,17399
5,7,8.967,17400
5,7,9,17401
5,7,9.033,17402
5,7,9.067,17403
5,7,9.1,17404
5,7,9.133,17405
5,7,9.167,17406
5,7,9.2,17407
5,7,9.233,17408
5,7,9.267,17409
5,7,9.3,17410
5,7,9.333,17411
5,7,9.367,17412
5,7,9.4,17413
5,7,9.433,17414
5,7,9.467,17415
5,7,9.5,17416
5,7,9.533,17417
5,7,9.567,17418
5,7,9.6,17419
5,7,9.633,17420
5,7,9.667,17421
5,7,9.7,17422
5,7,9.733,17423
5,7,9.767,17424
5,7,9.8,17425
5,7,9.833,17426
5,7,9.867,17427
5,7,9.9,17428
5,7,9.933,17429
5,7,9.967,17430
5,7,10,17431
5,7,10.033,17432
5,7,10.067,17433
5,7,10.1,17434
5,7,10.133,17435
5,7,10.167,17436
5,7,10.2,17437
5,7,10.233,17438
5,7,10.267,17439
5,7,10.3,17440
5,7,10.333,17441
5,7,10.367,17442
5,7,10.4,17443
5,7,10.433,17444
5,7,10.467,17445
5,7,10.5,17446
5,7,10.533,17447
5,7,10.567,17448
5,7,10.6,17449
5,7,10.633,17450
5,7,10.667,17451
5,7,10.7,17452
5,7,10.733,17453
5,7,10.767,17454
5,7,10.8,17455
5,7,10.833,17456
5,7,10.867,17457
5,7,10.9,17458
5,7,10.933,17459
5,7,10.967,17460
5,7,11,17461
5,7,11.033,17462
5,7,11.067,17463
5,7,11.1,17464
5,7,11.133,17465
5,7,11.167,17466
5,7,11.2,17467
1,7,11.333,17468
1,7,11.367,17469
1,7,11.4,17470
1,7,11.433,17471
1,7,11.467,17472
1,7,11.5,17473
1,7,11.533,17474
1,7,11.567,17475
1,7,11.6,17476
1,7,11.633,17477
1,7,11.667,17478
1,7,11.7,17479
1,7,11.733,17480
1,7,11.767,17481
1,7,11.8,17482
1,7,0,17483
1,7,0.033,17484
1,7,0.067,17485
1,7,0.1,17486
1,7,0.133,17487
1,7,0.167,17488
1,7,0.2,17489
1,7,0.233,17490
1,7,0.267,17491
1,7,0.3,17492
1,7,0.333,17493
1,7,0.367,17494
1,7,0.4,17495
1,7,0.433,17496
1,7,0.467,17497
1,7,0.5,17498
1,7,0.533,17499
1,7,0.567,17500
1,7,0.6,17501
1,7,0.633,17502
1,7,0.667,17503
1,7,0.7,17504
1,7,0.733,17505
1,7,0.767,17506
1,7,0.8,17507
1,7,0.833,17508
1,7,0.867,17509
1,7,0.9,17510
1,7,0.933,17511
1,7,0.967,17512
1,7,1,17513
1,7,1.033,17514
1,7,1.067,17515
1,7,1.1,17516
1,7,1.133,17517
1,7,1.167,17518
1,7,1.2,17519
2,7,1.267,17520
2,7,1.3,17521
2,7,1.333,17522
2,7,1.367,17523
2,7,1.4,17524
2,7,1.433,17525
2,7,1.467,17526
2,7,1.5,17527
2,7,1.533,17528
2,7,1.567,17529
2,7,1.6,17530
2,7,1.633,17531
2,7,1.667,17532
2,7,1.7,17533
2,7,1.733,17534
2,7,1.767,17535
2,7,1.8,17536
2,7,1.833,17537
2,7,1.867,17538
2,7,1.9,17539
2,7,1.933,17540
2,7,1.967,17541
2,7,2,17542
2,7,2.033,17543
2,7,2.067,17544
2,7,2.1,17545
2,7,2.133,17546
2,7,2.167,17547
2,7,2.2,17548
2,7,2.233,17549
2,7,2.267,17550
2,7,2.3,17551
2,7,2.333,17552
2,7,2.367,17553
2,7,2.4,17554
2,7,2.433,17555
2,7,2.467,17556
2,7,2.5,17557
2,7,2.533,17558
2,7,2.567,17559
2,7,2.6,17560
2,7,2.633,17561
2,7,2.667,17562
2,7,2.7,17563
2,7,2.733,17564
2,7,2.767,17565
2,7,2.8,17566
2,7,2.833,17567
2,7,2.867,17568
2,7,2.9,17569
2,7,2.933,17570
2,7,2.967,17571
2,7,3,17572
2,7,3.033,17573
2,7,3.067,17574
2,7,3.1,17575
2,7,3.133,17576
2,7,3.167,17577
2,7,3.2,17578
2,7,3.233,17579
2,7,3.267,17580
2,7,3.3,17581
2,7,3.333,17582
2,7,3.367,17583
2,7,3.4,17584
2,7,3.433,17585
2,7,3.467,17586
2,7,3.5,17587
2,7,3.533,17588
2,7,3.567,17589
2,7,3.6,17590
2,7,3.633,17591
2,7,3.667,17592
2,7,3.7,17593
2,7,3.733,17594
2,7,3.767,17595
2,7,3.8,17596
2,7,3.833,17597
2,7,3.867,17598
2,7,3.9,17599
2,7,3.933,17600
2,7,3.967,17601
2,7,4,17602
2,7,4.033,17603
2,7,4.067,17604
2,7,4.1,17605
2,7,4.133,17606
2,7,4.167,17607
2,7,4.2,17608
2,7,4.233,17609
2,7,4.267,17610
2,7,4.3,17611
2,7,4.333,17612
2,7,4.367,17613
2,7,4.4,17614
2,7,4.433,17615
2,7,4.467,17616
2,7,4.5,17617
2,7,4.533,17618
2,7,4.567,17619
2,7,4.6,17620
2,7,4.633,17621
2,7,4.667,17622
2,7,4.7,17623
2,7,4.733,17624
2,7,4.767,17625
2,7,4.8,17626
2,7,4.833,17627
2,7,4.867,17628
2,7,4.9,17629
2,7,4.933,17630
2,7,4.967,17631
2,7,5,17632
2,7,5.033,17633
2,7,5.067,17634
2,7,5.1,17635
2,7,5.133,17636
2,7,5.167,17637
2,7,5.2,17638
2,7,5.233,17639
2,7,5.267,17640
2,7,5.3,17641
2,7,5.333,17642
2,7,5.367,17643
2,7,5.4,17644
2,7,5.433,17645
2,7,5.467,17646
2,7,5.5,17647
2,7,5.533,17648
2,7,5.567,17649
2,7,5.6,17650
2,7,5.633,17651
2,7,5.667,17652
2,7,5.7,17653
2,7,5.733,17654
2,7,5.767,17655
2,7,5.8,17656
2,7,5.833,17657
2,7,5.867,17658
2,7,5.9,17659
2,7,5.933,17660
2,7,5.967,17661
2,7,0,17662
2,7,0.033,17663
2,7,0.067,17664
2,7,0.1,17665
2,7,0.133,17666
2,7,0.167,17667
2,7,0.2,17668
2,7,0.233,17669
2,7,0.267,17670
2,7,0.3,17671
2,7,0.333,17672
2,7,0.367,17673
2,7,0.4,17674
2,7,0.433,17675
2,7,0.467,17676
2,7,0.5,17677
2,7,0.533,17678
2,7,0.567,17679
2,7,0.6,17680
2,7,0.633,17681
2,7,0.667,17682
2,7,0.7,17683
2,7,0.733,17684
2,7,0.767,17685
2,7,0.8,17686
2,7,0.833,17687
2,7,0.867,17688
2,7,0.9,17689
2,7,0.933,17690
2,7,0.967,17691
2,7,1,17692
2,7,1.033,17693
2,7,1.067,17694
2,7,1.1,17695
2,7,1.133,17696
2,7,1.167,17697
2,7,1.2,17698
2,7,1.233,17699
2,7,1.267,17700
2,7,1.3,17701
2,7,1.333,17702
2,7,1.367,17703
2,7,1.4,17704
2,7,1.433,17705
2,7,1.467,17706
2,7,1.5,17707
2,7,1.533,17708
2,7,1.567,17709
2,7,1.6,17710
2,7,1.633,17711
2,7,1.667,17712
2,7,1.7,17713
2,7,1.733,17714
2,7,1.767,17715
2,7,1.8,17716
2,7,1.833,17717
2,7,1.867,17718
2,7,1.9,17719
2,7,1.933,17720
2,7,1.967,17721
2,7,2,17722
2,7,2.033,17723
2,7,2.067,17724
2,7,2.1,17725
2,7,2.133,17726
2,7,2.167,17727
2,7,2.2,17728
2,7,2.233,17729
2,7,2.267,17730
2,7,2.3,17731
2,7,2.333,17732
2,7,2.367,17733
2,7,2.4,17734
2,7,2.433,17735
2,7,2.467,17736
2,7,2.5,17737
2,7,2.533,17738
2,7,2.567,17739
2,7,2.6,17740
2,7,2.633,17741
2,7,2.667,17742
2,7,2.7,17743
2,7,2.733,17744
2,7,2.767,17745
2,7,2.8,17746
2,7,2.833,17747
2,7,2.867,17748
2,7,2.9,17749
2,7,2.933,17750
2,7,2.967,17751
2,7,3,17752
2,7,3.033,17753
2,7,3.067,17754
2,7,3.1,17755
2,7,3.133,17756
2,7,3.167,17757
2,7,3.2,17758
2,7,3.233,17759
2,7,3.267,17760
2,7,3.3,17761
2,7,3.333,17762
2,7,3.367,17763
2,7,3.4,17764
2,7,3.433,17765
2,7,3.467,17766
2,7,3.5,17767
2,7,3.533,17768
2,7,3.567,17769
2,7,3.6,17770
2,7,3.633,17771
2,7,3.667,17772
2,7,3.7,17773
2,7,3.733,17774
2,7,3.767,17775
2,7,3.8,17776
2,7,3.833,17777
2,7,3.867,17778
2,7,3.9,17779
2,7,3.933,17780
2,7,3.967,17781
2,7,4,17782
2,7,4.033,17783
2,7,4.067,17784
2,7,4.1,17785
2,7,4.133,17786
2,7,4.167,17787
2,7,4.2,17788
2,7,4.233,17789
2,7,4.267,17790
2,7,4.3,17791
2,7,4.333,17792
2,7,4.367,17793
2,7,4.4,17794
2,7,4.433,17795
2,7,4.467,17796
2,7,4.5,17797
2,7,4.533,17798
2,7,4.567,17799
2,7,4.6,17800
2,7,4.633,17801
2,7,4.667,17802
2,7,4.7,17803
2,7,4.733,17804
6,7,4.8,17805
6,7,4.833,17806
6,7,4.867,17807
6,7,4.9,17808
6,7,4.933,17809
6,7,4.967,17810
6,7,5,17811
6,7,5.033,17812
6,7,5.067,17813
6,7,5.1,17814
6,7,5.133,17815
6,7,5.167,17816
6,7,5.2,17817
6,7,5.233,17818
6,7,5.267,17819
6,7,5.3,17820
6,7,5.333,17821
6,7,5.367,17822
6,7,5.4,17823
6,7,5.433,17824
6,7,5.467,17825
6,7,5.5,17826
6,7,5.533,17827
6,7,5.567,17828
6,7,5.6,17829
6,7,5.633,17830
6,7,5.667,17831
6,7,5.7,17832
6,7,5.733,17833
6,7,5.767,17834
6,7,5.8,17835
6,7,5.833,17836
6,7,5.867,17837
6,7,5.9,17838
6,7,5.933,17839
6,7,5.967,17840
6,7,6,17841
6,7,0,17842
6,7,0.033,17843
6,7,0.067,17844
6,7,0.1,17845
6,7,0.133,17846
6,7,0.167,17847
6,7,0.2,17848
6,7,0.233,17849
6,7,0.267,17850
6,7,0.3,17851
6,7,0.333,17852
6,7,0.367,17853
6,7,0.4,17854
6,7,0.433,17855
6,7,0.467,17856
6,7,0.5,17857
6,7,0.533,17858
6,7,0.567,17859
6,7,0.6,17860
6,7,0.633,17861
6,7,0.667,17862
6,7,0.7,17863
6,7,0.733,17864
6,7,0.767,17865
6,8,2.933,17866
6,8,2.967,17867
6,8,3,17868
6,8,3.033,17869
6,8,3.067,17870
6,8,3.1,17871
6,8,3.133,17872
6,8,5.067,17873
6,8,5.1,17874
6,8,5.133,17875
6,8,5.167,17876
6,8,5.2,17877
6,8,5.233,17878
6,8,5.267,17879
6,8,5.3,17880
6,8,5.333,17881
6,8,5.367,17882
6,8,5.4,17883
6,8,5.433,17884
6,8,5.467,17885
6,8,5.5,17886
6,8,5.533,17887
6,8,5.567,17888
6,8,5.6,17889
6,8,5.633,17890
6,8,5.667,17891
6,8,5.7,17892
6,8,5.733,17893
6,8,5.767,17894
6,8,5.8,17895
6,8,5.833,17896
6,8,5.867,17897
6,8,5.9,17898
6,8,5.933,17899
6,8,5.967,17900
6,8,6,17901
6,8,6.033,17902
6,8,6.067,17903
6,8,6.1,17904
6,8,6.133,17905
6,8,6.167,17906
6,8,6.2,17907
6,8,6.233,17908
6,8,6.267,17909
6,8,6.3,17910
6,8,6.333,17911
6,8,6.367,17912
6,8,6.4,17913
6,8,6.433,17914
6,8,6.467,17915
6,8,6.5,17916
6,8,6.533,17917
6,8,6.567,17918
6,8,6.6,17919
6,8,6.633,17920
6,8,6.667,17921
6,8,6.7,17922
6,8,6.733,17923
6,8,6.767,17924
6,8,6.8,17925
6,8,6.833,17926
6,8,6.867,17927
6,8,6.9,17928
6,8,6.933,17929
6,8,6.967,17930
6,8,7,17931
6,8,7.033,17932
6,8,7.067,17933
6,8,7.1,17934
6,8,7.133,17935
6,8,7.167,17936
6,8,7.2,17937
6,8,7.233,17938
6,8,7.267,17939
6,8,7.3,17940
6,8,7.333,17941
6,8,7.367,17942
6,8,7.4,17943
6,8,7.433,17944
6,8,7.467,17945
6,8,7.5,17946
6,8,7.533,17947
6,8,7.567,17948
6,8,7.6,17949
6,8,7.633,17950
6,8,7.667,17951
6,8,7.7,17952
6,8,7.733,17953
6,8,7.767,17954
6,8,7.8,17955
6,8,7.833,17956
6,8,7.867,17957
6,8,7.9,17958
6,8,7.933,17959
6,8,7.967,17960
6,8,8,17961
6,8,8.033,17962
6,8,8.067,17963
6,8,8.1,17964
6,8,8.133,17965
6,8,8.167,17966
6,8,8.2,17967
6,8,8.233,17968
6,8,8.267,17969
6,8,8.3,17970
6,8,8.333,17971
6,8,8.367,17972
6,8,8.4,17973
6,8,8.433,17974
6,8,8.467,17975
6,8,8.5,17976
6,8,8.533,17977
6,8,8.567,17978
6,8,8.6,17979
6,8,8.633,17980
6,8,8.667,17981
6,8,8.7,17982
6,8,8.733,17983
6,8,8.767,17984
6,8,8.8,17985
6,8,8.833,17986
6,8,8.867,17987
6,8,8.9,17988
6,8,8.933,17989
6,8,8.967,17990
6,8,9,17991
6,8,9.033,17992
6,8,9.067,17993
6,8,9.1,17994
6,8,9.133,17995
6,8,9.167,17996
6,8,9.2,17997
6,8,9.233,17998
6,8,9.267,17999
6,8,9.3,18000
6,8,9.333,18001
6,8,9.367,18002
6,8,9.4,18003
6,8,9.433,18004
6,8,9.467,18005
6,8,9.5,18006
6,8,9.533,18007
6,8,9.567,18008
6,8,9.6,18009
6,8,9.633,18010
6,8,9.667,18011
6,8,9.7,18012
6,8,9.733,18013
6,8,9.767,18014
6,8,9.8,18015
6,8,9.833,18016
6,8,9.867,18017
6,8,9.9,18018
6,8,9.933,18019
6,8,9.967,18020
6,8,10,18021
6,8,10.033,18022
6,8,10.067,18023
6,8,10.1,18024
6,8,10.133,18025
6,8,10.167,18026
6,8,10.2,18027
6,8,10.233,18028
6,8,10.267,18029
6,8,10.3,18030
6,8,10.333,18031
6,8,10.367,18032
6,8,10.4,18033
6,8,10.433,18034
6,8,10.467,18035
6,8,10.5,18036
6,8,10.533,18037
6,8,10.567,18038
6,8,10.6,18039
6,8,10.633,18040
6,8,10.667,18041
6,8,10.7,18042
6,8,10.733,18043
6,8,10.767,18044
6,8,10.8,18045
6,8,10.833,18046
6,8,10.867,18047
6,8,10.9,18048
6,8,10.933,18049
6,8,10.967,18050
6,8,11,18051
6,8,11.033,18052
6,8,11.067,18053
6,8,11.1,18054
6,8,11.133,18055
6,8,11.167,18056
6,8,11.2,18057
6,8,11.233,18058
6,8,11.267,18059
6,8,11.3,18060
6,8,11.333,18061
6,8,11.367,18062
6,8,11.4,18063
6,8,11.433,18064
6,8,11.467,18065
6,8,11.5,18066
6,8,11.533,18067
6,8,11.567,18068
6,8,11.6,18069
6,8,11.633,18070
6,8,11.667,18071
6,8,11.7,18072
6,8,11.733,18073
6,8,11.767,18074
6,8,11.8,18075
6,8,11.833,18076
6,8,11.867,18077
6,8,11.9,18078
6,8,11.933,18079
6,8,11.967,18080
6,8,12,18081
6,8,12.033,18082
6,8,12.067,18083
6,8,12.1,18084
6,8,12.133,18085
6,8,12.167,18086
6,8,12.2,18087
6,8,12.233,18088
6,8,12.267,18089
6,8,12.3,18090
6,8,12.333,18091
6,8,12.367,18092
6,8,12.4,18093
6,8,12.433,18094
6,8,12.467,18095
6,8,12.5,18096
6,8,12.533,18097
6,8,12.567,18098
6,8,12.6,18099
6,8,12.633,18100
6,8,12.667,18101
6,8,12.7,18102
6,8,12.733,18103
6,8,12.767,18104
6,8,12.8,18105
6,8,12.833,18106
6,8,12.867,18107
6,8,12.9,18108
6,8,12.933,18109
6,8,12.967,18110
6,8,13,18111
6,8,13.033,18112
6,8,13.067,18113
6,8,13.1,18114
6,8,13.133,18115
6,8,13.167,18116
6,8,13.2,18117
6,8,13.233,18118
6,8,13.267,18119
6,8,13.3,18120
6,8,13.333,18121
6,8,13.367,18122
6,8,13.4,18123
6,8,13.433,18124
6,8,13.467,18125
6,8,13.5,18126
6,8,13.533,18127
6,8,13.567,18128
6,8,13.6,18129
6,8,13.633,18130
6,8,13.667,18131
6,8,13.7,18132
6,8,13.733,18133
6,8,13.767,18134
6,8,13.8,18135
6,8,13.833,18136
6,8,13.867,18137
6,8,13.9,18138
6,8,13.933,18139
6,8,13.967,18140
6,8,14,18141
6,8,14.033,18142
6,8,14.067,18143
6,8,14.1,18144
6,8,14.133,18145
6,8,14.167,18146
6,8,14.2,18147
6,8,14.233,18148
6,8,14.267,18149
6,8,14.3,18150
6,8,14.333,18151
6,8,14.367,18152
6,8,14.4,18153
6,8,14.433,18154
6,8,14.467,18155
6,8,14.5,18156
6,8,14.533,18157
6,8,14.567,18158
6,8,14.6,18159
6,8,14.633,18160
6,8,14.667,18161
6,8,14.7,18162
6,8,14.733,18163
6,8,14.767,18164
6,8,14.8,18165
6,8,14.833,18166
6,8,14.867,18167
6,8,14.9,18168
6,8,14.933,18169
6,8,14.967,18170
6,8,15,18171
6,8,15.033,18172
6,8,15.067,18173
6,8,15.1,18174
6,8,15.133,18175
6,8,15.167,18176
6,8,15.2,18177
6,8,15.233,18178
6,8,15.267,18179
6,8,15.3,18180
6,8,15.333,18181
6,8,15.367,18182
6,8,15.4,18183
6,8,15.433,18184
6,8,15.467,18185
6,8,15.5,18186
6,8,15.533,18187
6,8,15.567,18188
6,8,15.6,18189
6,8,15.633,18190
6,8,15.667,18191
6,8,15.7,18192
6,8,15.733,18193
6,8,15.767,18194
6,8,15.8,18195
6,8,15.833,18196
6,8,15.867,18197
6,8,15.9,18198
6,8,15.933,18199
6,8,15.967,18200
6,8,16,18201
6,8,16.033,18202
6,8,16.067,18203
6,8,16.1,18204
6,8,16.133,18205
6,8,16.167,18206
6,8,16.2,18207
6,8,16.233,18208
6,8,16.267,18209
6,8,16.3,18210
6,8,16.333,18211
6,8,16.367,18212
6,8,16.4,18213
6,8,16.433,18214
6,8,16.467,18215
6,8,16.5,18216
6,8,16.533,18217
6,8,16.567,18218
6,8,16.6,18219
6,8,16.633,18220
6,8,16.667,18221
6,8,16.7,18222
6,8,16.733,18223
6,8,16.767,18224
6,8,16.8,18225
6,8,16.833,18226
6,8,16.867,18227
6,8,16.9,18228
6,8,16.933,18229
6,8,16.967,18230
6,8,17,18231
6,8,17.033,18232
6,8,17.067,18233
6,8,17.1,18234
6,8,17.133,18235
6,8,17.167,18236
6,8,17.2,18237
6,8,17.233,18238
6,8,17.267,18239
6,8,17.3,18240
6,8,17.333,18241
6,8,17.367,18242
6,8,17.4,18243
6,8,17.433,18244
6,8,17.467,18245
6,8,17.5,18246
6,8,17.533,18247
6,8,17.567,18248
6,8,17.6,18249
6,8,17.633,18250
6,8,17.667,18251
6,8,17.7,18252
6,8,17.733,18253
6,8,17.767,18254
6,8,17.8,18255
6,8,17.833,18256
6,8,17.867,18257
6,8,17.9,18258
6,8,17.933,18259
6,8,17.967,18260
6,8,18,18261
6,8,18.033,18262
6,8,18.067,18263
6,8,18.1,18264
6,8,18.133,18265
6,8,18.167,18266
6,8,18.2,18267
6,8,18.233,18268
6,8,18.267,18269
6,8,18.3,18270
6,8,18.333,18271
6,8,18.367,18272
6,8,18.4,18273
6,8,18.433,18274
6,8,18.467,18275
6,8,18.5,18276
6,8,18.533,18277
6,8,18.567,18278
6,8,18.6,18279
6,8,18.633,18280
6,8,18.667,18281
6,8,18.7,18282
6,8,18.733,18283
6,8,18.767,18284
6,8,18.8,18285
6,8,18.833,18286
6,8,18.867,18287
6,8,18.9,18288
6,8,18.933,18289
6,8,18.967,18290
6,8,19,18291
6,8,19.033,18292
6,8,19.067,18293
6,8,19.1,18294
6,8,19.133,18295
6,8,19.167,18296
6,8,19.2,18297
6,8,19.233,18298
6,8,19.267,18299
6,8,19.3,18300
6,8,19.333,18301
6,8,19.367,18302
6,8,19.4,18303
6,8,19.433,18304
6,8,19.467,18305
6,8,19.5,18306
6,8,19.533,18307
6,8,19.567,18308
6,8,19.6,18309
6,8,19.633,18310
6,8,19.667,18311
6,8,19.7,18312
6,8,19.733,18313
6,8,19.767,18314
6,8,19.8,18315
6,8,19.833,18316
6,8,19.867,18317
6,8,19.9,18318
6,8,19.933,18319
6,8,19.967,18320
6,8,20,18321
6,8,20.033,18322
6,8,20.067,18323
6,8,20.1,18324
6,8,20.133,18325
6,8,20.167,18326
6,8,20.2,18327
6,8,20.233,18328
6,8,20.267,18329
6,8,20.3,18330
6,8,20.333,18331
6,8,20.367,18332
6,8,20.4,18333
6,8,20.433,18334
6,8,20.467,18335
6,8,20.5,18336
6,8,20.533,18337
6,8,20.567,18338
6,8,20.6,18339
6,8,20.633,18340
6,8,20.667,18341
6,8,20.7,18342
6,8,20.733,18343
6,8,20.767,18344
6,8,20.8,18345
6,8,20.833,18346
6,8,20.867,18347
6,8,20.9,18348
6,8,20.933,18349
6,8,20.967,18350
6,8,21,18351
6,8,21.033,18352
6,8,21.067,18353
6,8,21.1,18354
6,8,21.133,18355
6,8,21.167,18356
6,8,21.2,18357
6,8,21.233,18358
6,8,21.267,18359
6,8,21.3,18360
6,8,21.333,18361
6,8,21.367,18362
6,8,21.4,18363
6,8,21.433,18364
6,8,21.467,18365
6,8,21.5,18366
6,8,21.533,18367
6,8,21.567,18368
6,8,21.6,18369
6,8,21.633,18370
6,8,21.667,18371
6,8,21.7,18372
6,8,21.733,18373
6,8,21.767,18374
6,8,21.8,18375
6,8,21.833,18376
6,8,21.867,18377
6,8,21.9,18378
6,8,21.933,18379
6,8,21.967,18380
6,8,22,18381
6,8,22.033,18382
6,8,22.067,18383
6,8,22.1,18384
6,8,22.133,18385
6,8,22.167,18386
6,8,22.2,18387
6,8,22.233,18388
6,8,22.267,18389
6,8,22.3,18390
6,8,22.333,18391
6,8,22.367,18392
6,8,22.4,18393
6,8,22.433,18394
6,8,22.467,18395
6,8,22.5,18396
6,8,22.533,18397
6,8,22.567,18398
6,8,22.6,18399
6,8,22.633,18400
6,8,22.667,18401
6,8,22.7,18402
6,8,22.733,18403
6,8,22.767,18404
6,8,22.8,18405
6,8,22.833,18406
6,8,22.867,18407
6,8,22.9,18408
6,8,22.933,18409
6,8,22.967,18410
6,8,23,18411
6,8,23.033,18412
6,8,23.067,18413
6,8,23.1,18414
6,8,23.133,18415
6,8,23.167,18416
6,8,23.2,18417
6,8,23.233,18418
6,8,23.267,18419
6,8,23.3,18420
6,8,23.333,18421
6,8,23.367,18422
6,8,23.4,18423
6,8,23.433,18424
6,8,23.467,18425
6,8,23.5,18426
6,8,23.533,18427
6,8,23.567,18428
6,8,23.6,18429
6,8,23.633,18430
6,8,23.667,18431
6,8,23.7,18432
6,8,23.733,18433
6,8,23.767,18434
6,8,23.8,18435
6,8,23.833,18436
6,8,23.867,18437
6,8,23.9,18438
6,8,23.933,18439
6,8,23.967,18440
6,8,24,18441
6,8,24.033,18442
6,8,24.067,18443
6,8,24.1,18444
6,8,24.133,18445
6,8,24.167,18446
6,8,24.2,18447
6,8,24.233,18448
6,8,24.267,18449
6,8,24.3,18450
6,8,24.333,18451
6,8,24.367,18452
6,8,24.4,18453
6,8,24.433,18454
6,8,24.467,18455
6,8,24.5,18456
6,8,24.533,18457
6,8,24.567,18458
6,8,24.6,18459
6,8,24.633,18460
6,8,24.667,18461
6,8,24.7,18462
6,8,24.733,18463
6,8,24.767,18464
6,8,24.8,18465
6,8,24.833,18466
6,8,24.867,18467
6,8,24.9,18468
6,8,24.933,18469
6,8,24.967,18470
6,8,25,18471
6,8,25.033,18472
6,8,25.067,18473
6,8,25.1,18474
6,8,25.133,18475
6,8,25.167,18476
6,8,25.2,18477
6,8,25.233,18478
6,8,25.267,18479
6,8,25.3,18480
6,8,25.333,18481
6,8,25.367,18482
6,8,25.4,18483
6,8,25.433,18484
6,8,25.467,18485
6,8,25.5,18486
6,8,25.533,18487
6,8,25.567,18488
6,8,25.6,18489
6,8,25.633,18490
6,8,25.667,18491
6,8,25.7,18492
6,8,25.733,18493
6,8,25.767,18494
6,8,25.8,18495
6,8,25.833,18496
6,8,25.867,18497
6,8,25.9,18498
6,8,25.933,18499
6,8,25.967,18500
6,8,26,18501
6,8,26.033,18502
6,8,26.067,18503
6,8,26.1,18504
6,8,26.133,18505
6,8,26.167,18506
6,8,26.2,18507
6,8,26.233,18508
6,8,26.267,18509
6,8,26.3,18510
6,8,26.333,18511
6,8,26.367,18512
6,8,26.4,18513
6,8,26.433,18514
6,8,26.467,18515
6,8,26.5,18516
6,8,26.533,18517
6,8,26.567,18518
6,8,26.6,18519
6,8,26.633,18520
6,8,26.667,18521
6,8,26.7,18522
6,8,26.733,18523
6,8,26.767,18524
6,8,26.8,18525
6,8,26.833,18526
6,8,26.867,18527
6,8,26.9,18528
6,8,26.933,18529
6,8,26.967,18530
6,8,27,18531
6,8,27.033,18532
6,8,27.067,18533
6,8,27.1,18534
6,8,27.133,18535
6,8,27.167,18536
6,8,27.2,18537
6,8,27.233,18538
6,8,27.267,18539
6,8,27.3,18540
6,8,27.333,18541
6,8,27.367,18542
6,8,27.4,18543
6,8,27.433,18544
6,8,27.467,18545
6,8,27.5,18546
6,8,27.533,18547
6,8,27.567,18548
6,8,27.6,18549
6,8,27.633,18550
6,8,27.667,18551
6,8,27.7,18552
6,8,27.733,18553
6,8,27.767,18554
6,8,27.8,18555
6,8,27.833,18556
6,8,27.867,18557
6,8,27.9,18558
6,8,27.933,18559
6,8,27.967,18560
6,8,28,18561
6,8,28.033,18562
6,8,28.067,18563
6,8,28.1,18564
6,8,28.133,18565
6,8,28.167,18566
6,8,28.2,18567
6,8,28.233,18568
6,8,28.267,18569
6,8,28.3,18570
6,8,28.333,18571
6,8,28.367,18572
6,8,28.4,18573
6,8,28.433,18574
6,8,28.467,18575
6,8,28.5,18576
6,8,28.533,18577
6,8,28.567,18578
6,8,28.6,18579
6,8,28.633,18580
6,8,28.667,18581
6,8,28.7,18582
6,8,28.733,18583
6,8,28.767,18584
6,8,28.8,18585
6,8,28.833,18586
6,8,28.867,18587
6,8,28.9,18588
6,8,28.933,18589
6,8,28.967,18590
6,8,29,18591
6,8,29.033,18592
6,8,29.067,18593
6,8,29.1,18594
6,8,29.133,18595
6,8,29.167,18596
6,8,29.2,18597
6,8,29.233,18598
6,8,29.267,18599
6,8,29.3,18600
6,8,29.333,18601
6,8,29.367,18602
6,8,29.4,18603
6,8,29.433,18604
6,8,29.467,18605
6,8,29.5,18606
6,8,29.533,18607
6,8,29.567,18608
6,8,29.6,18609
6,8,29.633,18610
6,8,29.667,18611
6,8,29.7,18612
6,8,29.733,18613
6,8,29.767,18614
6,8,29.8,18615
6,8,29.833,18616
6,8,29.867,18617
6,8,29.9,18618
6,8,29.933,18619
6,8,29.967,18620
6,8,30,18621
6,8,30.033,18622
6,8,30.067,18623
6,8,30.1,18624
6,8,30.133,18625
6,8,30.167,18626
6,8,30.2,18627
6,8,30.233,18628
6,8,30.267,18629
6,8,30.3,18630
6,8,30.333,18631
6,8,30.367,18632
6,8,30.4,18633
6,8,30.433,18634
6,8,30.467,18635
6,8,30.5,18636
6,8,30.533,18637
6,8,30.567,18638
6,8,30.6,18639
6,8,30.633,18640
6,8,30.667,18641
6,8,30.7,18642
6,8,30.733,18643
6,8,30.767,18644
6,8,30.8,18645
6,8,30.833,18646
6,8,30.867,18647
6,8,30.9,18648
6,8,30.933,18649
6,8,30.967,18650
6,8,31,18651
6,8,31.033,18652
6,8,31.067,18653
6,8,31.1,18654
6,8,31.133,18655
6,8,31.167,18656
6,8,31.2,18657
6,8,31.233,18658
6,8,31.267,18659
6,8,31.3,18660
6,8,31.333,18661
6,8,31.367,18662
6,8,31.4,18663
6,8,31.433,18664
6,8,31.467,18665
6,8,31.5,18666
6,8,31.533,18667
6,8,31.567,18668
6,8,31.6,18669
6,8,31.633,18670
6,8,31.667,18671
6,8,31.7,18672
6,8,31.733,18673
6,8,31.767,18674
6,8,31.8,18675
6,8,31.833,18676
6,8,31.867,18677
6,8,31.9,18678
6,8,31.933,18679
6,8,31.967,18680
6,8,32,18681
6,8,32.033,18682
6,8,32.067,18683
6,8,32.1,18684
6,8,32.133,18685
6,8,32.167,18686
6,8,32.2,18687
6,8,32.233,18688
6,8,32.267,18689
6,8,32.3,18690
6,8,32.333,18691
6,8,32.367,18692
6,8,32.4,18693
6,8,32.433,18694
6,8,32.467,18695
6,8,32.5,18696
6,8,32.533,18697
6,8,32.567,18698
6,8,32.6,18699
6,8,32.633,18700
6,8,32.667,18701
6,8,32.7,18702
6,8,32.733,18703
6,8,32.767,18704
6,8,32.8,18705
6,8,32.833,18706
6,8,32.867,18707
6,8,32.9,18708
6,8,32.933,18709
6,8,32.967,18710
6,8,33,18711
6,8,33.033,18712
6,8,33.067,18713
6,8,33.1,18714
6,8,33.133,18715
6,8,33.167,18716
6,8,33.2,18717
6,8,33.233,18718
6,8,33.267,18719
6,8,33.3,18720
6,8,33.333,18721
6,8,33.367,18722
6,8,33.4,18723
6,8,33.433,18724
6,8,33.467,18725
6,8,33.5,18726
6,8,33.533,18727
6,8,33.567,18728
6,8,33.6,18729
6,8,33.633,18730
6,8,33.667,18731
6,8,33.7,18732
6,8,33.733,18733
6,8,33.767,18734
6,8,33.8,18735
6,8,33.833,18736
6,8,33.867,18737
6,8,33.9,18738
6,8,33.933,18739
6,8,33.967,18740
6,8,34,18741
6,8,34.033,18742
6,8,34.067,18743
6,8,34.1,18744
6,8,34.133,18745
6,8,34.167,18746
6,8,34.2,18747
6,8,34.233,18748
6,8,34.267,18749
6,8,34.3,18750
6,8,34.333,18751
6,8,34.367,18752
6,8,34.4,18753
6,8,34.433,18754
6,8,34.467,18755
6,8,34.5,18756
6,8,34.533,18757
6,8,34.567,18758
6,8,34.6,18759
6,8,34.633,18760
6,8,34.667,18761
6,8,34.7,18762
6,8,34.733,18763
6,8,34.767,18764
6,8,34.8,18765
6,8,34.833,18766
6,8,34.867,18767
6,8,34.9,18768
6,8,34.933,18769
6,8,34.967,18770
6,8,35,18771
6,8,35.033,18772
6,8,35.067,18773
6,8,35.1,18774
6,8,35.133,18775
6,8,35.167,18776
6,8,35.2,18777
6,8,35.233,18778
6,8,35.267,18779
6,8,35.3,18780
6,8,35.333,18781
6,8,35.367,18782
6,8,35.4,18783
6,8,35.433,18784
6,8,35.467,18785
6,8,35.5,18786
6,8,35.533,18787
6,8,35.567,18788
6,8,35.6,18789
6,8,35.633,18790
6,8,35.667,18791
6,8,35.7,18792
6,8,35.733,18793
6,8,35.767,18794
6,8,35.8,18795
6,8,35.833,18796
6,8,35.867,18797
6,8,35.9,18798
6,8,35.933,18799
6,8,35.967,18800
6,8,36,18801
6,8,36.033,18802
6,8,36.067,18803
6,8,36.1,18804
6,8,36.133,18805
6,8,36.167,18806
6,8,36.2,18807
6,8,36.233,18808
6,8,36.267,18809
6,8,36.3,18810
6,8,36.333,18811
6,8,36.367,18812
6,8,36.4,18813
6,8,36.433,18814
6,8,36.467,18815
6,8,36.5,18816
6,8,36.533,18817
6,8,36.567,18818
6,8,36.6,18819
6,8,36.633,18820
6,8,36.667,18821
6,8,36.7,18822
6,8,36.733,18823
6,8,36.767,18824
6,8,36.8,18825
6,8,36.833,18826
6,8,36.867,18827
6,8,36.9,18828
6,8,36.933,18829
6,8,36.967,18830
6,8,37,18831
6,8,37.033,18832
6,8,37.067,18833
6,8,37.1,18834
6,8,37.133,18835
6,8,37.167,18836
6,8,37.2,18837
6,8,37.233,18838
6,8,37.267,18839
6,8,37.3,18840
6,8,37.333,18841
6,8,37.367,18842
6,8,37.4,18843
6,8,37.433,18844
6,8,37.467,18845
6,8,37.5,18846
6,8,37.533,18847
6,8,37.567,18848
6,8,37.6,18849
6,8,37.633,18850
6,8,37.667,18851
6,8,37.7,18852
6,8,37.733,18853
6,8,37.767,18854
6,8,37.8,18855
6,8,37.833,18856
6,8,37.867,18857
6,8,37.9,18858
6,8,37.933,18859
6,8,37.967,18860
6,8,38,18861
6,8,38.033,18862
6,8,38.067,18863
6,8,38.1,18864
6,8,38.133,18865
6,8,38.167,18866
6,8,38.2,18867
6,8,38.233,18868
6,8,38.267,18869
6,8,38.3,18870
6,8,38.333,18871
6,8,38.367,18872
6,8,38.4,18873
6,8,38.433,18874
6,8,38.467,18875
6,8,38.5,18876
6,8,38.533,18877
6,8,38.567,18878
6,8,38.6,18879
6,8,38.633,18880
6,8,38.667,18881
6,8,38.7,18882
6,8,38.733,18883
6,8,38.767,18884
6,8,38.8,18885
6,8,38.833,18886
6,8,38.867,18887
6,8,38.9,18888
6,8,38.933,18889
6,8,38.967,18890
6,8,39,18891
6,8,39.033,18892
6,8,39.067,18893
6,8,39.1,18894
6,8,39.133,18895
6,8,39.167,18896
6,8,39.2,18897
6,8,39.233,18898
6,8,39.267,18899
6,8,39.3,18900
6,8,39.333,18901
6,8,39.367,18902
6,8,39.4,18903
6,8,39.433,18904
6,8,39.467,18905
6,8,39.5,18906
6,8,39.533,18907
6,8,39.567,18908
6,8,39.6,18909
6,8,39.633,18910
6,8,39.667,18911
6,8,39.7,18912
6,8,39.733,18913
6,8,39.767,18914
6,8,39.8,18915
6,8,39.833,18916
6,8,39.867,18917
6,8,39.9,18918
6,8,39.933,18919
6,8,39.967,18920
6,8,40,18921
6,8,40.033,18922
6,8,40.067,18923
6,8,40.1,18924
6,8,40.133,18925
6,8,40.167,18926
6,8,40.2,18927
6,8,40.233,18928
6,8,40.267,18929
6,8,40.3,18930
6,8,40.333,18931
6,8,40.367,18932
6,8,40.4,18933
6,8,40.433,18934
6,8,40.467,18935
6,8,40.5,18936
6,8,40.533,18937
6,8,40.567,18938
6,8,40.6,18939
6,8,40.633,18940
6,8,40.667,18941
6,8,40.7,18942
6,8,40.733,18943
6,8,40.767,18944
6,8,40.8,18945
6,8,40.833,18946
6,8,40.867,18947
6,8,40.9,18948
6,8,40.933,18949
6,8,40.967,18950
6,8,41,18951
6,8,41.033,18952
6,8,41.067,18953
6,8,41.1,18954
6,8,41.133,18955
6,8,41.167,18956
6,8,41.2,18957
6,8,41.233,18958
6,8,41.267,18959
6,8,41.3,18960
6,8,41.333,18961
6,8,41.367,18962
6,8,41.4,18963
6,8,41.433,18964
6,8,41.467,18965
6,8,41.5,18966
6,8,41.533,18967
6,8,41.567,18968
6,8,41.6,18969
6,8,41.633,18970
6,8,41.667,18971
6,8,41.7,18972
6,8,41.733,18973
6,8,41.767,18974
6,8,41.8,18975
6,8,41.833,18976
6,8,41.867,18977
6,8,41.9,18978
6,8,41.933,18979
6,8,41.967,18980
6,8,42,18981
6,8,42.033,18982
6,8,42.067,18983
6,8,42.1,18984
6,8,42.133,18985
6,8,42.167,18986
6,8,42.2,18987
6,8,42.233,18988
6,8,42.267,18989
6,8,42.3,18990
6,8,42.333,18991
6,8,42.367,18992
6,8,42.4,18993
6,8,42.433,18994
6,8,42.467,18995
6,8,42.5,18996
6,8,42.533,18997
6,8,42.567,18998
6,8,42.6,18999
6,8,42.633,19000
6,8,42.667,19001
6,8,42.7,19002
6,8,42.733,19003
6,8,42.767,19004
6,8,42.8,19005
6,8,42.833,19006
6,8,42.867,19007
6,8,42.9,19008
6,8,42.933,19009
6,8,42.967,19010
6,8,43,19011
6,8,43.033,19012
6,8,43.067,19013
6,8,43.1,19014
6,8,43.133,19015
6,8,43.167,19016
6,8,43.2,19017
6,8,43.233,19018
6,8,43.267,19019
6,8,43.3,19020
6,8,43.333,19021
6,8,43.367,19022
6,8,43.4,19023
6,8,43.433,19024
6,8,43.467,19025
6,8,43.5,19026
6,8,43.533,19027
6,8,43.567,19028
6,8,43.6,19029
6,8,43.633,19030
6,8,43.667,19031
6,8,43.7,19032
6,8,43.733,19033
6,8,43.767,19034
6,8,43.8,19035
6,8,43.833,19036
6,8,43.867,19037
6,8,43.9,19038
6,8,43.933,19039
6,8,43.967,19040
6,8,44,19041
6,8,44.033,19042
6,8,44.067,19043
6,8,44.1,19044
6,8,44.133,19045
6,8,44.167,19046
6,8,44.2,19047
6,8,44.233,19048
6,8,44.267,19049
6,8,44.3,19050
6,8,44.333,19051
6,8,44.367,19052
6,8,44.4,19053
6,8,44.433,19054
6,8,44.467,19055
6,8,44.5,19056
6,8,44.533,19057
6,8,44.567,19058
6,8,44.6,19059
6,8,44.633,19060
6,8,44.667,19061
6,8,44.7,19062
6,8,44.733,19063
6,8,44.767,19064
6,8,44.8,19065
6,8,44.833,19066
6,8,44.867,19067
6,8,44.9,19068
6,8,44.933,19069
6,8,44.967,19070
6,8,45,19071
6,8,45.033,19072
6,8,45.067,19073
6,8,45.1,19074
6,8,45.133,19075
6,8,45.167,19076
6,8,45.2,19077
6,8,45.233,19078
6,8,45.267,19079
6,8,45.3,19080
6,8,45.333,19081
6,8,45.367,19082
6,8,45.4,19083
6,8,45.433,19084
6,8,45.467,19085
6,8,45.5,19086
6,8,45.533,19087
6,8,45.567,19088
6,8,45.6,19089
6,8,45.633,19090
6,8,45.667,19091
6,8,45.7,19092
6,8,45.733,19093
6,8,45.767,19094
6,8,45.8,19095
6,8,45.833,19096
6,8,45.867,19097
6,8,45.9,19098
6,8,45.933,19099
6,8,45.967,19100
6,8,46,19101
6,8,46.033,19102
6,8,46.067,19103
6,8,46.1,19104
6,8,46.133,19105
6,8,46.167,19106
6,8,46.2,19107
6,8,46.233,19108
6,8,46.267,19109
6,8,46.3,19110
6,8,46.333,19111
2,8,46.6,19112
2,8,46.633,19113
2,8,46.667,19114
2,8,46.7,19115
2,8,46.733,19116
2,8,46.767,19117
2,8,46.8,19118
2,8,46.833,19119
2,8,46.867,19120
2,8,46.9,19121
2,8,46.933,19122
2,8,46.967,19123
2,8,47,19124
2,8,47.033,19125
2,8,47.067,19126
2,8,47.1,19127
2,8,47.133,19128
2,8,47.167,19129
2,8,47.2,19130
2,8,47.233,19131
2,8,0,19132
2,8,0.033,19133
2,8,0.067,19134
2,8,0.1,19135
2,8,0.133,19136
2,8,0.167,19137
2,8,0.2,19138
2,8,0.233,19139
2,8,0.267,19140
2,8,0.3,19141
2,8,0.333,19142
2,8,0.367,19143
2,8,0.4,19144
2,8,0.433,19145
2,8,0.467,19146
2,8,0.5,19147
2,8,0.533,19148
2,8,0.567,19149
2,8,0.6,19150
2,8,0.633,19151
2,8,0.667,19152
2,8,0.7,19153
2,8,0.733,19154
2,8,0.767,19155
2,8,0.8,19156
2,8,0.833,19157
2,8,0.867,19158
2,8,0.9,19159
2,8,0.933,19160
2,8,0.967,19161
2,8,1,19162
2,8,1.033,19163
2,8,1.067,19164
2,8,1.1,19165
2,8,1.133,19166
2,8,1.167,19167
2,8,1.2,19168
2,8,1.233,19169
2,8,1.267,19170
2,8,1.3,19171
2,8,1.333,19172
2,8,1.367,19173
2,8,1.4,19174
2,8,1.433,19175
2,8,1.467,19176
2,8,1.5,19177
2,8,1.533,19178
2,8,1.567,19179
2,8,1.6,19180
2,8,1.633,19181
2,8,1.667,19182
2,8,1.7,19183
2,8,1.733,19184
2,8,1.767,19185
2,8,1.8,19186
2,8,1.833,19187
2,8,1.867,19188
2,8,1.9,19189
2,8,1.933,19190
2,8,1.967,19191
2,8,2,19192
2,8,2.033,19193
2,8,2.067,19194
2,8,2.1,19195
2,8,2.133,19196
2,8,2.167,19197
2,8,2.2,19198
2,8,2.233,19199
2,8,2.267,19200
2,8,2.3,19201
2,8,2.333,19202
2,8,2.367,19203
2,8,2.4,19204
2,8,2.433,19205
2,8,2.467,19206
2,8,2.5,19207
2,8,2.533,19208
2,8,2.567,19209
2,8,2.6,19210
2,8,2.633,19211
2,8,2.667,19212
2,8,2.7,19213
2,8,2.733,19214
2,8,2.767,19215
2,8,2.8,19216
2,8,2.833,19217
2,8,2.867,19218
2,8,2.9,19219
2,8,2.933,19220
2,8,2.967,19221
2,8,3,19222
2,8,3.033,19223
2,8,3.067,19224
2,8,3.1,19225
2,8,3.133,19226
2,8,3.167,19227
2,8,3.2,19228
2,8,3.233,19229
2,8,3.267,19230
2,8,3.3,19231
2,8,3.333,19232
2,8,3.367,19233
2,8,3.4,19234
2,8,3.433,19235
2,8,3.467,19236
2,8,3.5,19237
2,8,3.533,19238
2,8,3.567,19239
2,8,3.6,19240
2,8,3.633,19241
2,8,3.667,19242
2,8,3.7,19243
2,8,3.733,19244
2,8,3.767,19245
2,8,3.8,19246
2,8,3.833,19247
2,8,3.867,19248
2,8,3.9,19249
2,8,3.933,19250
2,8,3.967,19251
2,8,4,19252
2,8,4.033,19253
2,8,4.067,19254
2,8,4.1,19255
2,8,4.133,19256
2,8,4.167,19257
2,8,4.2,19258
2,8,4.233,19259
2,8,4.267,19260
2,8,4.3,19261
2,8,4.333,19262
2,8,4.367,19263
2,8,4.4,19264
2,8,4.433,19265
2,8,4.467,19266
2,8,4.5,19267
2,8,4.533,19268
2,8,4.567,19269
2,8,4.6,19270
2,8,4.633,19271
2,8,4.667,19272
2,8,4.7,19273
2,8,4.733,19274
2,8,4.767,19275
2,8,4.8,19276
2,8,4.833,19277
2,8,4.867,19278
2,8,4.9,19279
2,8,4.933,19280
2,8,4.967,19281
2,8,5,19282
2,8,5.033,19283
2,8,5.067,19284
2,8,5.1,19285
2,8,5.133,19286
2,8,5.167,19287
2,8,5.2,19288
2,8,5.233,19289
2,8,5.267,19290
2,8,5.3,19291
2,8,5.333,19292
2,8,5.367,19293
2,8,5.4,19294
2,8,5.433,19295
2,8,5.467,19296
2,8,5.5,19297
2,8,5.533,19298
2,8,5.567,19299
2,8,5.6,19300
2,8,5.633,19301
2,8,5.667,19302
2,8,5.7,19303
2,8,5.733,19304
2,8,5.767,19305
2,8,5.8,19306
2,8,5.833,19307
2,8,5.867,19308
2,8,5.9,19309
2,8,5.933,19310
2,8,5.967,19311
2,8,6,19312
2,8,6.033,19313
2,8,6.067,19314
2,8,6.1,19315
2,8,6.133,19316
2,8,6.167,19317
2,8,6.2,19318
2,8,6.233,19319
2,8,6.267,19320
2,8,6.3,19321
2,8,6.333,19322
2,8,6.367,19323
2,8,6.4,19324
2,8,6.433,19325
2,8,6.467,19326
2,8,6.5,19327
2,8,6.533,19328
2,8,6.567,19329
2,8,6.6,19330
2,8,6.633,19331
2,8,6.667,19332
2,8,6.7,19333
2,8,6.733,19334
2,8,6.767,19335
2,8,6.8,19336
2,8,6.833,19337
2,8,6.867,19338
2,8,6.9,19339
2,8,6.933,19340
2,8,6.967,19341
2,8,7,19342
2,8,7.033,19343
2,8,7.067,19344
2,8,7.1,19345
2,8,7.133,19346
2,8,7.167,19347
2,8,7.2,19348
2,8,7.233,19349
2,8,7.267,19350
2,8,7.3,19351
2,8,7.333,19352
2,8,7.367,19353
2,8,7.4,19354
2,8,7.433,19355
2,8,7.467,19356
2,8,7.5,19357
2,8,7.533,19358
2,8,7.567,19359
2,8,7.6,19360
2,8,7.633,19361
2,8,7.667,19362
2,8,7.7,19363
2,8,7.733,19364
2,8,7.767,19365
2,8,7.8,19366
2,8,7.833,19367
2,8,7.867,19368
2,8,7.9,19369
2,8,7.933,19370
2,8,7.967,19371
2,8,8,19372
2,8,8.033,19373
2,8,8.067,19374
2,8,8.1,19375
2,8,8.133,19376
2,8,8.167,19377
2,8,8.2,19378
2,8,8.233,19379
2,8,8.267,19380
2,8,8.3,19381
2,8,8.333,19382
2,8,8.367,19383
2,8,8.4,19384
2,8,8.433,19385
2,8,8.467,19386
2,8,8.5,19387
2,8,8.533,19388
2,8,8.567,19389
2,8,8.6,19390
2,8,8.633,19391
2,8,8.667,19392
2,8,8.7,19393
2,8,8.733,19394
2,8,8.767,19395
2,8,8.8,19396
2,8,8.833,19397
2,8,8.867,19398
2,8,8.9,19399
2,8,8.933,19400
2,8,8.967,19401
2,8,9,19402
2,8,9.033,19403
2,8,9.067,19404
2,8,9.1,19405
2,8,9.133,19406
2,8,9.167,19407
2,8,9.2,19408
2,8,9.233,19409
2,8,9.267,19410
2,8,9.3,19411
2,8,9.333,19412
2,8,9.367,19413
2,8,9.4,19414
2,8,9.433,19415
2,8,9.467,19416
2,8,9.5,19417
2,8,9.533,19418
2,8,9.567,19419
2,8,9.6,19420
2,8,9.633,19421
2,8,9.667,19422
2,8,9.7,19423
2,8,9.733,19424
2,8,9.767,19425
2,8,9.8,19426
2,8,9.833,19427
2,8,9.867,19428
2,8,9.9,19429
2,8,9.933,19430
2,8,9.967,19431
2,8,10,19432
2,8,10.033,19433
2,8,10.067,19434
2,8,10.1,19435
2,8,10.133,19436
2,8,10.167,19437
2,8,10.2,19438
2,8,10.233,19439
2,8,10.267,19440
2,8,10.3,19441
2,8,10.333,19442
2,8,10.367,19443
2,8,10.4,19444
2,8,10.433,19445
2,8,10.467,19446
2,8,10.5,19447
2,8,10.533,19448
2,8,10.567,19449
2,8,10.6,19450
2,8,10.633,19451
2,8,10.667,19452
2,8,10.7,19453
2,8,10.733,19454
2,8,10.767,19455
2,8,10.8,19456
2,8,10.833,19457
2,8,10.867,19458
2,8,10.9,19459
2,8,10.933,19460
2,8,10.967,19461
2,8,11,19462
2,8,11.033,19463
2,8,11.067,19464
2,8,11.1,19465
2,8,11.133,19466
2,8,11.167,19467
2,8,11.2,19468
2,8,11.233,19469
2,8,11.267,19470
2,8,11.3,19471
2,8,11.333,19472
2,8,11.367,19473
2,8,11.4,19474
2,8,11.433,19475
2,8,11.467,19476
2,8,11.5,19477
2,8,11.533,19478
2,8,11.567,19479
2,8,11.6,19480
2,8,11.633,19481
2,8,11.667,19482
2,8,11.7,19483
2,8,11.733,19484
2,8,11.767,19485
2,8,11.8,19486
2,8,11.833,19487
2,8,11.867,19488
2,8,11.9,19489
2,8,11.933,19490
6,8,12.167,19491
6,8,12.2,19492
6,8,12.233,19493
6,8,12.267,19494
6,8,12.3,19495
6,8,12.333,19496
6,8,12.367,19497
6,8,12.4,19498
1,8,12.9,19499
1,8,12.933,19500
1,8,12.967,19501
1,8,13,19502
1,8,13.033,19503
1,8,13.067,19504
1,8,13.1,19505
1,8,13.133,19506
1,8,13.167,19507
1,8,13.2,19508
1,8,13.233,19509
1,8,13.267,19510
1,8,13.3,19511
1,8,13.333,19512
1,8,13.367,19513
1,8,13.4,19514
1,8,13.433,19515
1,8,13.467,19516
1,8,13.5,19517
1,8,13.533,19518
1,8,13.567,19519
1,8,13.6,19520
1,8,13.633,19521
1,8,13.667,19522
1,8,13.7,19523
1,8,13.733,19524
1,8,13.767,19525
1,8,13.8,19526
1,8,13.833,19527
1,8,13.867,19528
1,8,13.9,19529
1,8,13.933,19530
1,8,13.967,19531
1,8,14,19532
6,8,14.033,19533
6,8,14.067,19534
6,8,14.1,19535
6,8,14.133,19536
6,8,14.167,19537
6,8,14.2,19538
6,8,14.233,19539
6,8,14.267,19540
6,8,14.3,19541
6,8,14.333,19542
6,8,14.367,19543
6,8,14.4,19544
6,8,14.433,19545
6,8,14.467,19546
6,8,14.5,19547
6,8,14.533,19548
6,8,14.567,19549
6,8,14.6,19550
6,8,14.633,19551
6,8,14.667,19552
6,8,14.7,19553
6,8,14.733,19554
6,8,14.767,19555
6,8,14.8,19556
6,8,14.833,19557
6,8,14.867,19558
6,8,14.9,19559
6,8,14.933,19560
6,8,14.967,19561
6,8,15,19562
6,8,15.033,19563
6,8,15.067,19564
6,8,15.1,19565
2,8,15.133,19566
2,8,15.167,19567
2,8,15.2,19568
2,8,15.233,19569
2,8,15.267,19570
2,8,15.3,19571
2,8,15.333,19572
2,8,15.367,19573
2,8,15.4,19574
2,8,15.433,19575
2,8,15.467,19576
2,8,15.5,19577
2,8,15.533,19578
2,8,15.567,19579
2,8,15.6,19580
2,8,15.633,19581
2,8,15.667,19582
2,8,15.7,19583
2,8,15.733,19584
2,8,15.767,19585
2,8,15.8,19586
2,8,15.833,19587
2,8,15.867,19588
2,8,15.9,19589
2,8,15.933,19590
2,8,15.967,19591
2,8,16,19592
2,8,16.033,19593
2,8,16.067,19594
2,8,16.1,19595
2,8,16.133,19596
2,8,16.167,19597
2,8,16.2,19598
2,8,16.233,19599
2,8,16.267,19600
2,8,16.3,19601
2,8,16.333,19602
2,8,16.367,19603
2,8,16.4,19604
2,8,16.433,19605
2,8,16.467,19606
2,8,16.5,19607
2,8,16.533,19608
2,8,16.567,19609
2,8,16.6,19610
2,8,16.633,19611
2,8,16.667,19612
2,8,16.7,19613
2,8,16.733,19614
2,8,16.767,19615
2,8,16.8,19616
2,8,16.833,19617
2,8,16.867,19618
2,8,16.9,19619
2,8,16.933,19620
2,8,16.967,19621
2,8,17,19622
2,8,17.033,19623
2,8,17.067,19624
2,8,17.1,19625
2,8,17.133,19626
2,8,17.167,19627
2,8,17.2,19628
2,8,17.233,19629
2,8,17.267,19630
2,8,17.3,19631
2,8,17.333,19632
2,8,17.367,19633
2,8,17.4,19634
2,8,17.433,19635
2,8,17.467,19636
2,8,17.5,19637
2,8,17.533,19638
2,8,17.567,19639
2,8,17.6,19640
6,8,17.667,19641
6,8,17.7,19642
6,8,17.733,19643
6,8,17.767,19644
6,8,17.8,19645
1,8,17.867,19646
1,8,17.9,19647
1,8,17.933,19648
1,8,17.967,19649
1,8,18,19650
1,8,18.033,19651
1,8,18.067,19652
1,8,18.1,19653
1,8,18.133,19654
1,8,18.167,19655
1,8,18.2,19656
1,8,18.233,19657
1,8,18.267,19658
1,8,18.3,19659
1,8,18.333,19660
1,8,18.367,19661
1,8,18.4,19662
1,8,18.433,19663
1,8,18.467,19664
1,8,18.5,19665
1,8,18.533,19666
1,8,18.567,19667
1,8,18.6,19668
1,8,18.633,19669
1,8,18.667,19670
1,8,18.7,19671
1,8,18.733,19672
1,8,18.767,19673
1,8,18.8,19674
1,8,18.833,19675
1,8,18.867,19676
1,8,18.9,19677
1,8,18.933,19678
1,8,18.967,19679
1,8,19,19680
1,8,19.033,19681
1,8,19.067,19682
1,8,19.1,19683
1,8,19.133,19684
1,8,19.167,19685
1,8,19.2,19686
1,8,19.233,19687
1,8,19.267,19688
1,8,19.3,19689
1,8,19.333,19690
1,8,19.367,19691
1,8,19.4,19692
1,8,19.433,19693
1,8,19.467,19694
6,8,19.567,19695
6,8,19.6,19696
6,8,19.633,19697
6,8,19.667,19698
6,8,19.7,19699
6,8,19.733,19700
6,8,19.767,19701
6,8,19.8,19702
6,8,19.833,19703
6,8,19.867,19704
6,8,19.9,19705
6,8,19.933,19706
6,8,19.967,19707
6,8,20,19708
6,8,20.033,19709
6,8,20.067,19710
6,8,20.1,19711
6,8,20.133,19712
6,8,20.167,19713
6,8,20.2,19714
6,8,20.233,19715
6,8,20.267,19716
6,8,20.3,19717
6,8,20.333,19718
6,8,20.367,19719
6,8,20.4,19720
6,8,20.433,19721
6,8,20.467,19722
6,8,20.5,19723
6,8,20.533,19724
6,8,20.567,19725
6,8,20.6,19726
6,8,20.633,19727
6,8,20.667,19728
6,8,20.7,19729
6,8,20.733,19730
6,8,20.767,19731
6,8,20.8,19732
6,8,20.833,19733
6,8,20.867,19734
6,8,20.9,19735
6,8,20.933,19736
6,8,20.967,19737
6,8,21,19738
6,8,21.033,19739
6,8,21.067,19740
6,8,21.1,19741
6,8,21.133,19742
6,8,21.167,19743
6,8,21.2,19744
6,8,21.233,19745
6,8,21.267,19746
6,8,21.3,19747
6,8,21.333,19748
6,8,21.367,19749
6,8,21.4,19750
6,8,21.433,19751
6,8,21.467,19752
6,8,21.5,19753
6,8,21.533,19754
6,8,21.567,19755
6,8,21.6,19756
6,8,21.633,19757
6,8,21.667,19758
6,8,21.7,19759
6,8,21.733,19760
6,8,21.767,19761
6,8,21.8,19762
6,8,21.833,19763
6,8,21.867,19764
6,8,21.9,19765
6,8,21.933,19766
6,8,21.967,19767
6,8,22,19768
6,8,22.033,19769
6,8,22.067,19770
6,8,22.1,19771
6,8,22.133,19772
6,8,22.167,19773
6,8,22.2,19774
6,8,22.233,19775
6,8,22.267,19776
6,8,22.3,19777
6,8,22.333,19778
6,8,22.367,19779
6,8,22.4,19780
6,8,22.433,19781
6,8,22.467,19782
6,8,22.5,19783
6,8,22.533,19784
6,8,22.567,19785
6,8,22.6,19786
1,8,31.967,19787
1,8,32,19788
1,8,32.033,19789
1,8,32.067,19790
1,8,32.1,19791
1,8,32.133,19792
1,8,32.167,19793
1,8,32.2,19794
1,8,32.233,19795
1,8,32.267,19796
1,8,32.3,19797
1,8,32.333,19798
1,8,32.367,19799
1,8,32.4,19800
1,8,32.433,19801
5,8,32.6,19802
4,8,32.667,19803
4,8,32.7,19804
4,8,32.733,19805
4,8,32.767,19806
4,8,32.8,19807
4,8,32.833,19808
4,8,32.867,19809
4,8,32.9,19810
4,8,32.933,19811
4,8,32.967,19812
4,8,33,19813
4,8,33.033,19814
4,8,33.067,19815
4,8,33.1,19816
4,8,33.133,19817
4,8,33.167,19818
4,8,33.2,19819
4,8,33.233,19820
4,8,33.267,19821
4,8,33.3,19822
4,8,33.333,19823
4,8,33.367,19824
4,8,33.4,19825
4,8,33.433,19826
4,8,33.467,19827
4,8,33.5,19828
4,8,33.533,19829
4,8,33.567,19830
4,8,33.6,19831
4,8,33.633,19832
4,8,33.667,19833
4,8,33.7,19834
4,8,33.733,19835
4,8,33.767,19836
4,8,33.8,19837
4,8,33.833,19838
4,8,33.867,19839
4,8,33.9,19840
4,8,33.933,19841
4,8,33.967,19842
4,8,34,19843
4,8,34.033,19844
4,8,34.067,19845
4,8,34.1,19846
4,8,34.133,19847
4,8,34.167,19848
4,8,34.2,19849
4,8,34.233,19850
4,8,34.267,19851
4,8,34.3,19852
4,8,34.333,19853
4,8,34.367,19854
4,8,34.4,19855
4,8,34.433,19856
4,8,34.467,19857
4,8,34.5,19858
4,8,34.533,19859
4,8,34.567,19860
4,8,34.6,19861
4,8,34.633,19862
4,8,34.667,19863
4,8,34.7,19864
4,8,34.733,19865
4,8,34.767,19866
4,8,34.8,19867
4,8,34.833,19868
4,8,34.867,19869
4,8,34.9,19870
4,8,34.933,19871
4,8,34.967,19872
4,8,35,19873
4,8,35.033,19874
4,8,35.067,19875
4,8,35.1,19876
4,8,35.133,19877
4,8,35.167,19878
4,8,35.2,19879
4,8,35.233,19880
4,8,35.267,19881
4,8,35.3,19882
4,8,35.333,19883
4,8,35.367,19884
4,8,35.4,19885
4,8,35.433,19886
4,8,35.467,19887
4,8,35.5,19888
4,8,35.533,19889
4,8,35.567,19890
4,8,35.6,19891
4,8,35.633,19892
4,8,35.667,19893
4,8,35.7,19894
4,8,35.733,19895
4,8,35.767,19896
4,8,35.8,19897
4,8,35.833,19898
4,8,35.867,19899
4,8,35.9,19900
4,8,35.933,19901
4,8,35.967,19902
4,8,36,19903
4,8,36.033,19904
4,8,36.067,19905
4,8,36.1,19906
4,8,36.133,19907
4,8,36.167,19908
4,8,36.2,19909
4,8,36.233,19910
4,8,36.267,19911
4,8,36.3,19912
4,8,36.333,19913
4,8,36.367,19914
4,8,36.4,19915
4,8,36.433,19916
4,8,36.467,19917
4,8,36.5,19918
4,8,36.533,19919
4,8,36.567,19920
4,8,36.6,19921
4,8,36.633,19922
4,8,36.667,19923
4,8,36.7,19924
4,8,36.733,19925
4,8,36.767,19926
4,8,36.8,19927
4,8,36.833,19928
4,8,36.867,19929
4,8,36.9,19930
4,8,36.933,19931
4,8,36.967,19932
4,8,37,19933
4,8,37.033,19934
4,8,37.067,19935
4,8,37.1,19936
4,8,37.133,19937
4,8,37.167,19938
4,8,37.2,19939
4,8,37.233,19940
4,8,37.267,19941
4,8,37.3,19942
4,8,37.333,19943
4,8,37.367,19944
4,8,37.4,19945
4,8,37.433,19946
4,8,37.467,19947
4,8,37.5,19948
4,8,37.533,19949
4,8,37.567,19950
4,8,37.6,19951
4,8,37.633,19952
4,8,37.667,19953
4,8,37.7,19954
4,8,37.733,19955
4,8,37.767,19956
4,8,37.8,19957
4,8,37.833,19958
4,8,37.867,19959
4,8,37.9,19960
4,8,37.933,19961
4,8,37.967,19962
4,8,38,19963
4,8,38.033,19964
4,8,38.067,19965
4,8,38.1,19966
4,8,38.133,19967
4,8,38.167,19968
4,8,38.2,19969
4,8,38.233,19970
4,8,38.267,19971
4,8,38.3,19972
4,8,38.333,19973
4,8,38.367,19974
4,8,38.4,19975
4,8,38.433,19976
4,8,38.467,19977
4,8,38.5,19978
4,8,38.533,19979
4,8,38.567,19980
4,8,38.6,19981
4,8,38.633,19982
4,8,38.667,19983
4,8,38.7,19984
4,8,38.733,19985
4,8,38.767,19986
4,8,38.8,19987
4,8,38.833,19988
4,8,38.867,19989
4,8,38.9,19990
4,8,38.933,19991
4,8,38.967,19992
4,8,39,19993
4,8,39.033,19994
4,8,39.067,19995
4,8,39.1,19996
4,8,39.133,19997
4,8,39.167,19998
4,8,39.2,19999
4,8,39.233,20000
4,8,39.267,20001
4,8,39.3,20002
4,8,39.333,20003
4,8,39.367,20004
4,8,39.4,20005
4,8,39.433,20006
4,8,39.467,20007
4,8,39.5,20008
4,8,39.533,20009
4,8,39.567,20010
4,8,39.6,20011
4,8,39.633,20012
4,8,39.667,20013
4,8,39.7,20014
4,8,39.733,20015
4,8,39.767,20016
4,8,39.8,20017
4,8,39.833,20018
4,8,39.867,20019
4,8,39.9,20020
4,8,39.933,20021
4,8,0,20022
4,8,0.033,20023
4,8,0.067,20024
4,8,0.1,20025
4,8,0.133,20026
4,8,0.167,20027
4,8,0.2,20028
4,8,0.233,20029
4,8,0.267,20030
4,8,0.3,20031
4,8,0.333,20032
4,8,0.367,20033
4,8,0.4,20034
4,8,0.433,20035
4,8,0.467,20036
4,8,0.5,20037
4,8,0.533,20038
4,8,0.567,20039
4,8,0.6,20040
4,8,0.633,20041
4,8,0.667,20042
4,8,0.7,20043
4,8,0.733,20044
4,8,0.767,20045
4,8,0.8,20046
4,8,0.833,20047
4,8,0.867,20048
4,8,0.9,20049
4,8,0.933,20050
4,8,0.967,20051
4,8,1,20052
4,8,1.033,20053
4,8,1.067,20054
4,8,1.1,20055
4,8,1.133,20056
4,8,1.167,20057
4,8,1.2,20058
4,8,1.233,20059
4,8,1.267,20060
4,8,1.3,20061
4,8,1.333,20062
5,8,1.367,20063
1,8,1.433,20064
1,8,1.467,20065
6,8,1.533,20066
6,8,1.567,20067
6,8,1.6,20068
6,8,1.633,20069
6,8,2.033,20070
6,8,2.067,20071
6,8,2.1,20072
6,8,2.133,20073
6,8,2.167,20074
6,8,2.2,20075
6,8,2.233,20076
6,8,2.267,20077
6,8,2.3,20078
6,8,2.333,20079
6,8,2.367,20080
6,8,2.4,20081
6,8,2.433,20082
6,8,2.467,20083
6,8,2.5,20084
6,8,2.533,20085
6,8,2.567,20086
6,8,2.6,20087
6,8,2.633,20088
6,8,2.667,20089
6,8,2.7,20090
6,8,2.733,20091
6,8,2.767,20092
6,8,2.8,20093
6,8,2.833,20094
6,8,2.867,20095
6,8,2.9,20096
6,8,2.933,20097
6,8,2.967,20098
6,8,3,20099
6,8,3.033,20100
6,8,3.067,20101
6,8,3.1,20102
6,8,3.133,20103
6,8,3.167,20104
6,8,3.2,20105
6,8,3.233,20106
6,8,3.267,20107
6,8,3.3,20108
6,8,3.333,20109
6,8,3.367,20110
6,8,3.4,20111
6,8,3.433,20112
6,8,3.467,20113
6,8,3.5,20114
6,8,3.533,20115
6,8,3.567,20116
6,8,3.6,20117
6,8,3.633,20118
6,8,3.667,20119
6,8,3.7,20120
6,8,3.733,20121
6,8,3.767,20122
6,8,3.8,20123
6,8,3.833,20124
6,8,3.867,20125
6,8,3.9,20126
6,8,3.933,20127
6,8,3.967,20128
6,8,4,20129
6,8,4.033,20130
6,8,4.067,20131
6,8,4.1,20132
6,8,4.133,20133
6,8,4.167,20134
6,8,4.2,20135
6,8,4.233,20136
6,8,4.267,20137
6,8,4.3,20138
1,8,4.367,20139
1,8,4.4,20140
1,8,4.433,20141
1,8,4.467,20142
1,8,4.5,20143
1,8,4.533,20144
1,8,4.567,20145
1,8,4.6,20146
1,8,4.633,20147
1,8,4.667,20148
1,8,4.7,20149
1,8,4.733,20150
1,8,4.767,20151
1,8,4.8,20152
1,8,4.833,20153
1,8,4.867,20154
1,8,4.9,20155
1,8,4.933,20156
1,8,4.967,20157
1,8,5,20158
1,8,5.033,20159
1,8,5.067,20160
1,8,5.1,20161
1,8,5.133,20162
1,8,5.167,20163
1,8,5.2,20164
1,8,5.233,20165
1,8,5.267,20166
1,8,5.3,20167
1,8,5.333,20168
1,8,5.367,20169
1,8,5.4,20170
1,8,5.433,20171
1,8,5.467,20172
1,8,5.5,20173
1,8,5.533,20174
1,8,5.567,20175
1,8,5.6,20176
1,8,5.633,20177
1,8,5.667,20178
1,8,5.7,20179
1,8,5.733,20180
1,8,5.767,20181
1,8,5.8,20182
1,8,5.833,20183
1,8,5.867,20184
1,8,5.9,20185
1,8,5.933,20186
1,8,5.967,20187
1,8,6,20188
1,8,6.033,20189
1,8,6.067,20190
1,8,6.1,20191
1,8,6.133,20192
1,8,6.167,20193
1,8,6.2,20194
1,8,6.233,20195
1,8,6.267,20196
1,8,6.3,20197
1,8,6.333,20198
1,8,6.367,20199
1,8,6.4,20200
1,8,6.433,20201
1,8,6.467,20202
1,8,6.5,20203
1,8,6.533,20204
1,8,6.567,20205
1,8,6.6,20206
1,8,6.633,20207
1,8,6.667,20208
1,8,6.7,20209
1,8,6.733,20210
1,8,6.767,20211
1,8,6.8,20212
1,8,6.833,20213
1,8,6.867,20214
1,8,6.9,20215
1,8,6.933,20216
1,8,6.967,20217
1,8,7,20218
1,8,7.033,20219
1,8,7.067,20220
1,8,7.1,20221
1,8,7.133,20222
1,8,7.167,20223
1,8,7.2,20224
1,8,7.233,20225
1,8,7.267,20226
1,8,7.3,20227
1,8,7.333,20228
1,8,7.367,20229
1,8,7.4,20230
1,8,7.433,20231
1,8,7.467,20232
1,8,7.5,20233
1,8,7.533,20234
1,8,7.567,20235
1,8,7.6,20236
1,8,7.633,20237
1,8,7.667,20238
1,8,7.7,20239
1,8,7.733,20240
1,8,7.767,20241
1,8,7.8,20242
1,8,7.833,20243
1,8,7.867,20244
1,8,7.9,20245
1,8,7.933,20246
1,8,7.967,20247
1,8,8,20248
1,8,8.033,20249
1,8,8.067,20250
1,8,8.1,20251
1,8,8.133,20252
1,8,8.167,20253
1,8,8.2,20254
1,8,8.233,20255
1,8,8.267,20256
1,8,8.3,20257
1,8,8.333,20258
1,8,8.367,20259
1,8,8.4,20260
1,8,8.433,20261
1,8,8.467,20262
1,8,8.5,20263
1,8,8.533,20264
1,8,8.567,20265
1,8,8.6,20266
1,8,8.633,20267
1,8,8.667,20268
1,8,8.7,20269
1,8,8.733,20270
1,8,8.767,20271
1,8,8.8,20272
1,8,8.833,20273
1,8,8.867,20274
1,8,8.9,20275
1,8,8.933,20276
1,8,8.967,20277
1,8,9,20278
1,8,9.033,20279
1,8,9.067,20280
1,8,9.1,20281
1,8,9.133,20282
1,8,9.167,20283
1,8,9.2,20284
1,8,9.233,20285
1,8,9.267,20286
1,8,9.3,20287
1,8,9.333,20288
1,8,9.367,20289
1,8,9.4,20290
1,8,9.433,20291
1,8,9.467,20292
1,8,9.5,20293
1,8,9.533,20294
1,8,9.567,20295
1,8,9.6,20296
1,8,9.633,20297
1,8,9.667,20298
1,8,9.7,20299
1,8,9.733,20300
1,8,9.767,20301
1,8,9.8,20302
1,8,9.833,20303
1,8,9.867,20304
1,8,9.9,20305
1,8,9.933,20306
1,8,9.967,20307
1,8,10,20308
1,8,10.033,20309
1,8,10.067,20310
1,8,10.1,20311
1,8,10.133,20312
1,8,10.167,20313
1,8,10.2,20314
1,8,10.233,20315
1,8,10.267,20316
1,8,10.3,20317
1,8,10.333,20318
1,8,10.367,20319
1,8,10.4,20320
1,8,10.433,20321
1,8,10.467,20322
1,8,10.5,20323
1,8,10.533,20324
1,8,10.567,20325
1,8,10.6,20326
1,8,10.633,20327
1,8,10.667,20328
1,8,10.7,20329
1,8,10.733,20330
1,8,10.767,20331
1,8,10.8,20332
1,8,10.833,20333
1,8,10.867,20334
1,8,10.9,20335
1,8,10.933,20336
1,8,10.967,20337
1,8,11,20338
1,8,11.033,20339
1,8,11.067,20340
1,8,11.1,20341
1,8,11.133,20342
1,8,11.167,20343
1,8,11.2,20344
1,8,11.233,20345
1,8,11.267,20346
1,8,11.3,20347
1,8,11.333,20348
1,8,11.367,20349
1,8,11.4,20350
1,8,11.433,20351
1,8,11.467,20352
1,8,11.5,20353
1,8,11.533,20354
1,8,11.567,20355
1,8,11.6,20356
1,8,11.633,20357
1,8,11.667,20358
1,8,11.7,20359
1,8,11.733,20360
1,8,11.767,20361
1,8,11.8,20362
1,8,11.833,20363
1,8,11.867,20364
1,8,11.9,20365
1,8,11.933,20366
1,8,11.967,20367
1,8,12,20368
1,8,12.033,20369
1,8,12.067,20370
1,8,12.1,20371
1,8,12.133,20372
1,8,12.167,20373
1,8,12.2,20374
1,8,12.233,20375
1,8,12.267,20376
1,8,12.3,20377
1,8,12.333,20378
1,8,12.367,20379
1,8,12.4,20380
1,8,12.433,20381
1,8,12.467,20382
1,8,12.5,20383
1,8,12.533,20384
1,8,12.567,20385
1,8,12.6,20386
1,8,12.633,20387
1,8,12.667,20388
1,8,12.7,20389
1,8,12.733,20390
1,8,12.767,20391
1,8,12.8,20392
1,8,12.833,20393
1,8,12.867,20394
1,8,12.9,20395
1,8,12.933,20396
1,8,12.967,20397
1,8,13,20398
1,8,13.033,20399
1,8,13.067,20400
1,8,13.1,20401
1,8,13.133,20402
1,8,13.167,20403
1,8,13.2,20404
1,8,13.233,20405
1,8,13.267,20406
1,8,13.3,20407
1,8,13.333,20408
1,8,13.367,20409
1,8,13.4,20410
1,8,13.433,20411
1,8,13.467,20412
1,8,13.5,20413
1,8,13.533,20414
1,8,13.567,20415
1,8,13.6,20416
1,8,13.633,20417
1,8,13.667,20418
1,8,13.7,20419
1,8,13.733,20420
1,8,13.767,20421
1,8,13.8,20422
1,8,13.833,20423
1,8,13.867,20424
1,8,13.9,20425
1,8,13.933,20426
1,8,13.967,20427
1,8,14,20428
1,8,14.033,20429
1,8,14.067,20430
1,8,14.1,20431
1,8,14.133,20432
1,8,14.167,20433
1,8,14.2,20434
1,8,14.233,20435
1,8,14.267,20436
1,8,14.3,20437
1,8,14.333,20438
1,8,14.367,20439
1,8,14.4,20440
1,8,14.433,20441
1,8,14.467,20442
1,8,14.5,20443
1,8,14.533,20444
6,8,14.633,20445
6,8,14.667,20446
6,8,14.7,20447
6,8,14.733,20448
6,8,14.767,20449
6,8,14.8,20450
6,8,14.833,20451
6,8,14.867,20452
6,8,14.9,20453
6,8,14.933,20454
6,8,14.967,20455
6,8,15,20456
6,8,15.033,20457
6,8,15.067,20458
6,8,15.1,20459
6,8,15.133,20460
6,8,15.167,20461
6,8,15.2,20462
6,8,15.233,20463
6,8,15.267,20464
6,8,15.3,20465
6,8,15.333,20466
6,8,15.367,20467
6,8,15.4,20468
6,8,15.433,20469
6,8,15.467,20470
6,8,15.5,20471
6,8,15.533,20472
6,8,15.567,20473
6,8,15.6,20474
6,8,15.633,20475
6,8,15.667,20476
6,8,15.7,20477
6,8,15.733,20478
6,8,15.767,20479
6,8,15.8,20480
6,8,15.833,20481
1,8,15.867,20482
1,8,15.9,20483
1,8,15.933,20484
1,8,15.967,20485
1,8,16,20486
1,8,16.033,20487
1,8,16.067,20488
1,8,16.1,20489
1,8,16.133,20490
1,8,16.167,20491
1,8,16.2,20492
1,8,16.233,20493
1,8,16.267,20494
1,8,16.3,20495
1,8,16.333,20496
6,8,16.4,20497
6,8,16.433,20498
6,8,16.467,20499
6,8,16.5,20500
6,8,16.533,20501
6,8,16.567,20502
6,8,16.6,20503
6,8,16.633,20504
6,8,16.667,20505
6,8,16.7,20506
6,8,16.733,20507
6,8,16.767,20508
6,8,16.8,20509
6,8,16.833,20510
6,8,16.867,20511
6,8,16.9,20512
6,8,16.933,20513
6,8,16.967,20514
6,8,17,20515
6,8,17.033,20516
6,8,17.067,20517
6,8,17.1,20518
6,8,17.133,20519
6,8,17.167,20520
6,8,17.2,20521
6,8,17.233,20522
6,8,17.267,20523
6,8,17.3,20524
6,8,17.333,20525
6,8,17.367,20526
6,8,17.4,20527
6,8,17.433,20528
6,8,17.467,20529
6,8,17.5,20530
6,8,17.533,20531
6,8,17.567,20532
6,8,17.6,20533
6,8,17.633,20534
6,8,17.667,20535
6,8,17.7,20536
6,8,17.733,20537
6,8,17.767,20538
6,8,17.8,20539
6,8,17.833,20540
6,8,17.867,20541
6,8,17.9,20542
6,8,17.933,20543
6,8,17.967,20544
6,8,18,20545
6,8,18.033,20546
6,8,18.067,20547
6,8,18.1,20548
6,8,18.133,20549
6,8,18.167,20550
6,8,18.2,20551
6,8,18.233,20552
6,8,18.267,20553
6,8,18.3,20554
6,8,18.333,20555
6,8,18.367,20556
6,8,18.4,20557
6,8,18.433,20558
6,8,18.467,20559
6,8,18.5,20560
6,8,18.533,20561
6,8,18.567,20562
6,8,18.6,20563
6,8,18.633,20564
6,8,18.667,20565
6,8,18.7,20566
6,8,18.733,20567
6,8,18.767,20568
6,8,18.8,20569
6,8,18.833,20570
6,8,18.867,20571
6,8,18.9,20572
6,8,18.933,20573
6,8,18.967,20574
6,8,19,20575
6,8,19.033,20576
6,8,19.067,20577
6,8,19.1,20578
6,8,19.133,20579
6,8,19.167,20580
6,8,19.2,20581
6,8,19.233,20582
6,8,19.267,20583
6,8,19.3,20584
6,8,19.333,20585
6,8,19.367,20586
6,8,19.4,20587
6,8,19.433,20588
6,8,19.467,20589
6,8,19.5,20590
6,8,19.533,20591
6,8,19.567,20592
6,8,19.6,20593
6,8,19.633,20594
6,8,19.667,20595
6,8,19.7,20596
6,8,19.733,20597
6,8,19.767,20598
6,8,19.8,20599
6,8,19.833,20600
6,8,19.867,20601
6,8,19.9,20602
6,8,19.933,20603
6,8,19.967,20604
6,8,20,20605
6,8,20.033,20606
6,8,20.067,20607
6,8,20.1,20608
6,8,20.133,20609
6,8,20.167,20610
6,8,20.2,20611
6,8,20.233,20612
6,8,20.267,20613
6,8,20.3,20614
6,8,20.333,20615
6,8,20.367,20616
6,8,20.4,20617
6,8,20.433,20618
6,8,20.467,20619
6,8,20.5,20620
6,8,20.533,20621
6,8,20.567,20622
6,8,20.6,20623
6,8,20.633,20624
6,8,20.667,20625
6,8,20.7,20626
6,8,20.733,20627
6,8,20.767,20628
6,8,20.8,20629
6,8,20.833,20630
6,8,20.867,20631
6,8,20.9,20632
6,8,20.933,20633
6,8,20.967,20634
6,8,21,20635
6,8,21.033,20636
6,8,21.067,20637
6,8,21.1,20638
6,8,21.133,20639
6,8,21.167,20640
6,8,21.2,20641
6,8,21.233,20642
6,8,21.267,20643
6,8,21.3,20644
6,8,21.333,20645
6,8,21.367,20646
6,8,21.4,20647
6,8,21.433,20648
6,8,21.467,20649
6,8,21.5,20650
6,8,21.533,20651
6,8,21.567,20652
6,8,21.6,20653
6,8,21.633,20654
6,8,21.667,20655
6,8,21.7,20656
6,8,21.733,20657
6,8,21.767,20658
6,8,21.8,20659
6,8,21.833,20660
6,8,21.867,20661
6,8,21.9,20662
6,8,21.933,20663
6,8,21.967,20664
6,8,22,20665
6,8,22.033,20666
6,8,22.067,20667
6,8,22.1,20668
6,8,22.133,20669
6,8,22.167,20670
6,8,22.2,20671
6,8,22.233,20672
6,8,22.267,20673
6,8,22.3,20674
6,8,22.333,20675
6,8,22.367,20676
6,8,22.4,20677
6,8,22.433,20678
6,8,22.467,20679
6,8,22.5,20680
6,8,22.533,20681
6,8,0,20682
6,8,0.033,20683
6,8,0.067,20684
6,8,0.1,20685
6,8,0.133,20686
6,8,0.167,20687
6,8,0.2,20688
6,8,0.233,20689
6,8,0.267,20690
6,8,0.3,20691
6,8,0.333,20692
6,8,0.367,20693
6,8,0.4,20694
6,8,0.433,20695
6,8,0.467,20696
6,8,0.5,20697
6,8,0.533,20698
6,8,0.567,20699
6,8,0.6,20700
6,8,0.633,20701
6,8,0.667,20702
6,8,0.7,20703
6,8,0.733,20704
6,8,0.767,20705
6,8,0.8,20706
6,8,0.833,20707
6,8,0.867,20708
6,8,0.9,20709
6,8,0.933,20710
6,8,0.967,20711
6,8,1,20712
6,8,1.033,20713
6,8,1.067,20714
6,8,1.1,20715
6,8,1.133,20716
6,8,1.167,20717
6,8,1.2,20718
6,8,1.233,20719
6,8,1.267,20720
6,8,1.3,20721
6,8,1.333,20722
6,8,1.367,20723
6,8,1.4,20724
6,8,1.433,20725
6,8,1.467,20726
6,8,1.5,20727
6,8,1.533,20728
6,8,1.567,20729
6,8,1.6,20730
6,8,1.633,20731
6,8,1.667,20732
6,8,1.7,20733
6,8,1.733,20734
6,8,1.767,20735
1,8,1.833,20736
1,8,1.867,20737
1,8,1.9,20738
1,8,1.933,20739
3,8,2,20740
3,8,2.033,20741
3,8,2.067,20742
3,8,2.1,20743
3,8,2.133,20744
3,8,2.167,20745
3,8,2.2,20746
3,8,2.233,20747
3,8,2.267,20748
1,8,2.333,20749
1,8,2.367,20750
1,8,2.4,20751
1,8,2.433,20752
1,8,2.467,20753
1,8,4.233,20754
1,8,4.267,20755
1,8,4.3,20756
1,8,4.333,20757
1,8,4.367,20758
1,8,4.6,20759
1,8,4.633,20760
1,8,4.667,20761
1,8,4.7,20762
1,8,4.733,20763
1,8,4.767,20764
1,8,4.8,20765
1,8,4.833,20766
1,8,4.867,20767
1,8,4.9,20768
1,8,4.933,20769
1,8,4.967,20770
1,8,5,20771
1,8,5.033,20772
1,8,5.067,20773
1,8,5.1,20774
1,8,5.133,20775
1,8,5.167,20776
1,8,6.567,20777
1,8,6.6,20778
1,8,6.633,20779
1,8,6.667,20780
1,8,6.7,20781
1,8,6.733,20782
1,8,6.767,20783
1,8,6.8,20784
1,8,6.833,20785
5,8,14,20786
5,8,14.033,20787
5,8,14.067,20788
5,8,14.1,20789
5,8,14.133,20790
5,8,14.167,20791
5,8,14.2,20792
5,8,14.233,20793
5,8,14.267,20794
5,8,14.3,20795
5,8,14.333,20796
5,8,14.367,20797
5,8,14.4,20798
5,8,14.433,20799
5,8,14.467,20800
5,8,14.5,20801
5,8,14.533,20802
5,8,14.567,20803
5,8,14.6,20804
5,8,14.633,20805
5,8,14.667,20806
5,8,14.7,20807
5,8,14.733,20808
5,8,14.767,20809
5,8,14.8,20810
5,8,14.833,20811
5,8,14.867,20812
5,8,14.9,20813
5,8,14.933,20814
5,8,14.967,20815
5,8,15,20816
5,8,15.033,20817
5,8,15.067,20818
5,8,15.1,20819
5,8,15.133,20820
5,8,15.167,20821
5,8,15.2,20822
5,8,15.233,20823
5,8,15.267,20824
5,8,15.3,20825
5,8,0,20826
5,8,0.033,20827
5,8,0.067,20828
5,8,0.1,20829
5,8,0.133,20830
5,8,0.167,20831
5,8,0.2,20832
5,8,0.233,20833
5,8,0.267,20834
5,8,0.3,20835
5,8,0.333,20836
5,8,0.367,20837
5,8,0.4,20838
5,8,0.433,20839
5,8,0.467,20840
5,8,0.5,20841
5,8,0.533,20842
5,8,0.567,20843
5,8,0.6,20844
5,8,0.633,20845
5,8,0.667,20846
5,8,0.7,20847
5,8,0.733,20848
5,8,0.767,20849
5,8,0.8,20850
5,8,0.833,20851
5,8,0.867,20852
5,8,0.9,20853
5,8,0.933,20854
5,8,0.967,20855
5,8,1,20856
5,8,1.033,20857
5,8,1.067,20858
5,8,1.1,20859
5,8,1.133,20860
5,8,1.167,20861
5,8,1.2,20862
5,8,1.233,20863
5,8,1.267,20864
5,8,1.3,20865
5,8,1.333,20866
5,8,1.367,20867
5,8,1.4,20868
5,8,1.433,20869
5,8,1.467,20870
5,8,1.5,20871
5,8,1.533,20872
5,8,1.567,20873
5,8,1.6,20874
5,8,1.633,20875
5,8,1.667,20876
5,8,1.7,20877
1,8,1.8,20878
1,8,1.833,20879
1,8,1.867,20880
1,8,1.9,20881
1,8,1.933,20882
1,8,1.967,20883
1,8,2,20884
1,8,2.033,20885
1,8,2.067,20886
1,8,2.1,20887
1,8,2.133,20888
1,8,2.167,20889
1,8,2.2,20890
1,8,2.967,20891
1,8,3,20892
1,8,3.033,20893
1,8,3.067,20894
1,8,3.1,20895
1,8,3.133,20896
1,8,3.167,20897
1,8,3.2,20898
1,8,3.7,20899
1,8,3.733,20900
1,8,3.767,20901
1,8,3.8,20902
1,8,3.833,20903
1,8,3.867,20904
1,8,3.9,20905
1,8,5.067,20906
1,8,5.1,20907
1,8,5.133,20908
1,8,5.167,20909
1,8,5.2,20910
1,8,5.233,20911
1,8,5.267,20912
1,8,5.3,20913
1,8,5.333,20914
1,8,5.367,20915
1,8,5.4,20916
1,8,5.433,20917
1,8,5.467,20918
1,8,5.5,20919
1,8,5.533,20920
1,8,5.567,20921
1,8,5.6,20922
1,8,5.633,20923
1,8,5.667,20924
1,8,5.7,20925
1,8,5.733,20926
1,8,5.767,20927
1,8,5.8,20928
1,8,5.833,20929
1,8,5.867,20930
1,8,5.9,20931
1,8,5.933,20932
1,8,5.967,20933
1,8,6,20934
1,8,6.033,20935
1,8,6.067,20936
1,8,6.1,20937
1,8,6.133,20938
1,8,6.167,20939
1,8,6.2,20940
1,8,6.233,20941
1,8,6.267,20942
1,8,6.3,20943
1,8,6.333,20944
1,8,6.367,20945
1,8,6.4,20946
1,8,6.433,20947
1,8,6.467,20948
1,8,6.5,20949
1,8,6.533,20950
1,8,6.567,20951
1,8,6.6,20952
1,8,6.633,20953
1,8,6.667,20954
1,8,6.7,20955
1,8,6.733,20956
1,8,6.767,20957
1,8,6.8,20958
1,8,6.833,20959
1,8,6.867,20960
1,8,6.9,20961
1,8,6.933,20962
1,8,6.967,20963
1,8,7,20964
1,8,7.033,20965
1,8,7.067,20966
1,8,7.1,20967
1,8,7.133,20968
1,8,7.167,20969
1,8,7.2,20970
1,8,7.233,20971
1,8,7.267,20972
1,8,7.3,20973
1,8,7.333,20974
1,8,7.367,20975
1,8,7.4,20976
1,8,7.433,20977
1,8,7.467,20978
1,8,7.5,20979
1,8,7.533,20980
1,8,7.567,20981
1,8,7.6,20982
1,8,7.633,20983
1,8,7.667,20984
1,8,7.7,20985
1,8,7.733,20986
1,8,7.767,20987
1,8,7.8,20988
1,8,7.833,20989
1,8,7.867,20990
1,8,7.9,20991
1,8,7.933,20992
1,8,7.967,20993
1,8,8,20994
1,8,8.033,20995
1,8,8.067,20996
1,8,8.1,20997
1,8,8.133,20998
1,8,8.167,20999
1,8,8.2,21000
3,8,8.233,21001
3,8,8.567,21002
3,8,8.6,21003
3,8,8.633,21004
3,8,8.667,21005
3,8,8.7,21006
3,8,8.733,21007
3,8,8.767,21008
3,8,8.8,21009
3,8,8.833,21010
3,8,8.867,21011
3,8,8.9,21012
3,8,8.933,21013
3,8,8.967,21014
3,8,9,21015
3,8,9.033,21016
3,8,9.067,21017
3,8,9.1,21018
3,8,9.133,21019
3,8,9.167,21020
3,8,9.2,21021
3,8,9.233,21022
3,8,9.267,21023
3,8,9.3,21024
3,8,9.333,21025
3,8,9.367,21026
3,8,9.4,21027
3,8,9.433,21028
3,8,9.467,21029
3,8,9.5,21030
3,8,9.533,21031
3,8,9.567,21032
3,8,9.6,21033
3,8,9.633,21034
3,8,9.667,21035
3,8,9.7,21036
3,8,9.733,21037
3,8,9.767,21038
3,8,9.8,21039
3,8,9.833,21040
3,8,9.867,21041
3,8,9.9,21042
3,8,9.933,21043
3,8,9.967,21044
3,8,10,21045
3,8,10.033,21046
3,8,10.067,21047
3,8,10.1,21048
3,8,10.133,21049
3,8,10.167,21050
3,8,10.2,21051
3,8,10.233,21052
3,8,10.267,21053
3,8,10.3,21054
3,8,10.333,21055
3,8,10.367,21056
3,8,10.4,21057
3,8,10.433,21058
3,8,10.467,21059
3,8,10.5,21060
3,8,10.533,21061
3,8,10.567,21062
3,8,10.6,21063
3,8,10.633,21064
3,8,10.667,21065
3,8,10.7,21066
3,8,10.733,21067
3,8,10.767,21068
3,8,10.8,21069
3,8,10.833,21070
3,8,10.867,21071
3,8,10.9,21072
3,8,10.933,21073
3,8,10.967,21074
3,8,11,21075
3,8,11.033,21076
3,8,11.067,21077
3,8,11.1,21078
3,8,11.133,21079
3,8,11.167,21080
3,8,11.2,21081
3,8,11.233,21082
3,8,11.267,21083
3,8,11.3,21084
3,8,11.333,21085
3,8,11.367,21086
3,8,11.4,21087
3,8,11.433,21088
3,8,11.467,21089
3,8,11.5,21090
3,8,11.533,21091
3,8,11.567,21092
3,8,11.6,21093
3,8,11.633,21094
3,8,11.667,21095
3,8,11.7,21096
3,8,11.733,21097
3,8,11.767,21098
3,8,11.8,21099
3,8,11.833,21100
3,8,11.867,21101
3,8,11.9,21102
3,8,11.933,21103
3,8,11.967,21104
3,8,12,21105
3,8,12.033,21106
3,8,12.067,21107
3,8,12.1,21108
3,8,12.133,21109
3,8,12.167,21110
3,8,12.2,21111
3,8,12.233,21112
3,8,12.267,21113
3,8,12.3,21114
3,8,12.333,21115
3,8,12.367,21116
3,8,0,21117
3,8,0.033,21118
3,8,0.067,21119
3,8,0.1,21120
3,8,0.133,21121
3,8,0.167,21122
3,8,0.2,21123
3,8,0.233,21124
3,8,0.267,21125
3,8,0.3,21126
3,8,0.333,21127
3,8,0.367,21128
3,8,0.4,21129
3,8,0.433,21130
3,8,0.467,21131
3,8,0.5,21132
3,8,0.533,21133
3,8,0.567,21134
3,8,0.6,21135
3,8,0.633,21136
3,8,0.667,21137
3,8,0.7,21138
3,8,0.733,21139
3,8,0.767,21140
3,8,0.8,21141
3,8,0.833,21142
3,8,0.867,21143
3,8,0.9,21144
3,8,0.933,21145
3,8,0.967,21146
3,8,1,21147
3,8,1.033,21148
3,8,1.067,21149
3,8,1.1,21150
3,8,1.133,21151
3,8,1.167,21152
3,8,1.2,21153
3,8,1.233,21154
3,8,1.267,21155
3,8,1.3,21156
3,8,1.333,21157
3,8,1.367,21158
3,8,1.4,21159
3,8,1.433,21160
3,8,1.467,21161
1,8,1.5,21162
1,8,1.533,21163
1,8,1.567,21164
1,8,1.6,21165
1,8,1.633,21166
1,8,1.667,21167
1,8,1.7,21168
1,8,1.733,21169
1,8,1.767,21170
1,8,1.8,21171
1,8,1.833,21172
1,8,1.867,21173
1,8,1.9,21174
1,8,1.933,21175
1,8,1.967,21176
1,8,2,21177
1,8,2.033,21178
1,8,2.067,21179
1,8,2.1,21180
1,8,2.133,21181
1,8,2.167,21182
1,8,2.2,21183
1,8,2.233,21184
1,8,2.267,21185
1,8,2.3,21186
1,8,2.333,21187
1,8,2.367,21188
1,8,2.4,21189
1,8,2.433,21190
1,8,2.467,21191
1,8,2.5,21192
1,8,2.533,21193
1,8,2.567,21194
1,8,2.6,21195
1,8,2.633,21196
1,8,2.667,21197
1,8,2.7,21198
1,8,2.733,21199
1,8,2.767,21200
1,8,2.8,21201
1,8,2.833,21202
1,8,2.867,21203
1,8,2.9,21204
1,8,2.933,21205
1,8,2.967,21206
1,8,3,21207
1,8,3.033,21208
1,8,3.067,21209
1,8,3.1,21210
1,8,3.133,21211
1,8,3.167,21212
1,8,3.2,21213
1,8,3.233,21214
1,8,3.267,21215
1,8,3.3,21216
1,8,3.333,21217
1,8,3.367,21218
1,8,3.4,21219
1,8,3.433,21220
1,8,3.467,21221
1,8,3.5,21222
1,8,3.533,21223
1,8,3.567,21224
1,8,3.6,21225
1,8,3.633,21226
1,8,3.667,21227
1,8,3.7,21228
1,8,3.733,21229
1,8,3.767,21230
1,8,3.8,21231
1,8,3.833,21232
1,8,3.867,21233
1,8,3.9,21234
1,8,3.933,21235
1,8,3.967,21236
1,8,4,21237
1,8,4.033,21238
1,8,4.067,21239
1,8,4.1,21240
1,8,4.133,21241
1,8,4.167,21242
1,8,4.2,21243
1,8,4.233,21244
1,8,4.267,21245
1,8,4.3,21246
1,8,4.333,21247
1,8,4.367,21248
1,8,4.4,21249
1,8,4.433,21250
1,8,4.467,21251
1,8,4.5,21252
1,8,4.533,21253
1,8,4.567,21254
1,8,4.6,21255
1,8,4.633,21256
1,8,4.667,21257
1,8,4.7,21258
1,8,4.733,21259
1,8,4.767,21260
1,8,4.8,21261
1,8,4.833,21262
1,8,4.867,21263
1,8,4.9,21264
1,8,4.933,21265
1,8,4.967,21266
1,8,5,21267
1,8,5.033,21268
1,8,5.067,21269
1,8,5.1,21270
1,8,5.133,21271
1,8,5.167,21272
1,8,5.2,21273
1,8,5.233,21274
1,8,5.267,21275
1,8,5.3,21276
1,8,5.333,21277
1,8,5.367,21278
1,8,5.4,21279
1,8,5.433,21280
1,8,5.467,21281
1,8,5.5,21282
1,8,5.533,21283
1,8,5.567,21284
1,8,5.6,21285
1,8,5.633,21286
1,8,5.667,21287
1,8,5.7,21288
1,8,5.733,21289
1,8,5.767,21290
1,8,5.8,21291
1,8,5.833,21292
1,8,5.867,21293
1,8,5.9,21294
1,8,5.933,21295
1,8,5.967,21296
1,8,6,21297
1,8,6.033,21298
1,8,6.067,21299
1,8,6.1,21300
1,8,6.133,21301
1,8,6.167,21302
1,8,6.2,21303
1,8,6.233,21304
1,8,6.267,21305
1,8,6.3,21306
1,8,6.333,21307
1,8,6.367,21308
1,8,6.4,21309
1,8,6.433,21310
1,8,6.467,21311
1,8,6.5,21312
1,8,6.533,21313
1,8,6.567,21314
1,8,6.6,21315
1,8,6.633,21316
1,8,6.667,21317
1,8,6.7,21318
1,8,6.733,21319
1,8,6.767,21320
1,8,6.8,21321
1,8,6.833,21322
1,8,6.867,21323
1,8,6.9,21324
1,8,6.933,21325
1,8,6.967,21326
1,8,7,21327
1,8,7.033,21328
1,8,7.067,21329
1,8,7.1,21330
1,8,7.133,21331
1,8,7.167,21332
1,8,7.2,21333
1,8,7.233,21334
1,8,7.267,21335
1,8,7.3,21336
1,8,7.333,21337
1,8,7.367,21338
1,8,7.4,21339
1,8,7.433,21340
1,8,7.467,21341
1,8,7.5,21342
1,8,7.533,21343
1,8,7.567,21344
1,8,7.6,21345
1,8,7.633,21346
1,8,7.667,21347
1,8,7.7,21348
1,8,7.733,21349
1,8,7.767,21350
1,8,7.8,21351
1,8,7.833,21352
1,8,7.867,21353
1,8,7.9,21354
1,8,7.933,21355
1,8,7.967,21356
1,8,8,21357
1,8,8.033,21358
1,8,8.067,21359
1,8,8.1,21360
1,8,8.133,21361
1,8,8.167,21362
1,8,8.2,21363
1,8,8.233,21364
1,8,8.267,21365
1,8,8.3,21366
1,8,8.333,21367
1,8,8.367,21368
1,8,8.4,21369
1,8,8.433,21370
1,8,8.467,21371
1,8,8.5,21372
1,8,8.533,21373
1,8,8.567,21374
1,8,8.6,21375
1,8,8.633,21376
1,8,8.667,21377
1,8,8.7,21378
1,8,8.733,21379
1,8,8.767,21380
1,8,8.8,21381
1,8,8.833,21382
1,8,8.867,21383
1,8,8.9,21384
1,8,8.933,21385
1,8,8.967,21386
1,8,9,21387
1,8,9.033,21388
1,8,9.067,21389
1,8,9.1,21390
1,8,9.133,21391
1,8,0,21392
1,8,0.033,21393
1,8,0.067,21394
1,8,0.1,21395
1,8,0.133,21396
1,8,0.167,21397
1,8,0.2,21398
1,8,0.233,21399
1,8,0.267,21400
1,8,0.3,21401
1,8,0.333,21402
1,8,0.367,21403
1,8,0.4,21404
1,8,0.433,21405
1,8,0.467,21406
1,8,0.5,21407
1,8,0.533,21408
1,8,0.567,21409
1,8,0.6,21410
1,8,0.633,21411
1,8,0.667,21412
1,8,0.7,21413
1,8,0.733,21414
1,8,0.767,21415
1,8,0.8,21416
1,8,0.833,21417
1,8,0.867,21418
1,8,0.9,21419
1,8,0.933,21420
1,8,0.967,21421
1,8,1,21422
1,8,1.033,21423
1,8,1.067,21424
1,8,1.1,21425
1,8,1.133,21426
1,8,1.167,21427
1,8,1.2,21428
1,8,1.233,21429
1,8,1.267,21430
1,8,1.3,21431
1,8,1.333,21432
1,8,1.367,21433
1,8,1.4,21434
5,8,1.467,21435
5,8,1.5,21436
5,8,1.533,21437
5,8,1.567,21438
5,8,1.6,21439
5,8,1.633,21440
6,8,1.967,21441
6,8,2,21442
5,9,0,21443
5,9,0.033,21444
5,9,0.067,21445
5,9,0.1,21446
5,9,0.133,21447
5,9,0.167,21448
5,9,0.2,21449
5,9,0.233,21450
5,9,0.267,21451
5,9,0.3,21452
5,9,0.333,21453
5,9,0.367,21454
5,9,0.4,21455
5,9,0.433,21456
5,9,0.467,21457
5,9,0.5,21458
5,9,0.533,21459
5,9,0.567,21460
5,9,0.6,21461
5,9,0.633,21462
5,9,0.667,21463
5,9,0.7,21464
5,9,0.733,21465
5,9,0.767,21466
5,9,0.8,21467
5,9,0.833,21468
5,9,0.867,21469
5,9,0.9,21470
5,9,0.933,21471
5,9,0.967,21472
5,9,1,21473
5,9,1.033,21474
5,9,1.067,21475
5,9,1.1,21476
5,9,1.133,21477
5,9,1.167,21478
5,9,1.2,21479
5,9,1.233,21480
5,9,1.267,21481
5,9,1.3,21482
5,9,1.333,21483
5,9,1.367,21484
5,9,1.4,21485
5,9,1.433,21486
5,9,1.467,21487
5,9,1.5,21488
5,9,1.533,21489
5,9,1.567,21490
5,9,1.6,21491
5,9,1.633,21492
5,9,1.667,21493
5,9,1.7,21494
5,9,1.733,21495
5,9,1.767,21496
5,9,1.8,21497
5,9,1.833,21498
5,9,1.867,21499
5,9,1.9,21500
5,9,1.933,21501
5,9,1.967,21502
5,9,2,21503
5,9,2.033,21504
5,9,2.067,21505
5,9,2.1,21506
5,9,2.133,21507
5,9,2.167,21508
5,9,2.2,21509
5,9,2.233,21510
5,9,2.267,21511
5,9,2.3,21512
5,9,2.333,21513
5,9,2.367,21514
5,9,2.4,21515
5,9,2.433,21516
5,9,2.467,21517
5,9,2.5,21518
5,9,2.533,21519
5,9,2.567,21520
5,9,2.6,21521
5,9,2.633,21522
5,9,2.667,21523
5,9,2.7,21524
5,9,2.733,21525
5,9,2.767,21526
5,9,2.8,21527
5,9,2.833,21528
5,9,2.867,21529
5,9,2.9,21530
5,9,2.933,21531
5,9,2.967,21532
5,9,3,21533
5,9,3.033,21534
5,9,3.067,21535
5,9,3.1,21536
5,9,3.133,21537
5,9,3.167,21538
5,9,3.2,21539
5,9,3.233,21540
5,9,3.267,21541
5,9,3.3,21542
5,9,3.333,21543
5,9,3.367,21544
5,9,3.4,21545
5,9,3.433,21546
5,9,3.467,21547
5,9,3.5,21548
5,9,3.533,21549
5,9,3.567,21550
5,9,3.6,21551
5,9,3.633,21552
5,9,3.667,21553
5,9,3.7,21554
5,9,3.733,21555
5,9,3.767,21556
5,9,3.8,21557
5,9,3.833,21558
5,9,3.867,21559
5,9,3.9,21560
5,9,3.933,21561
5,9,3.967,21562
5,9,4,21563
5,9,4.033,21564
5,9,4.067,21565
5,9,4.1,21566
5,9,4.133,21567
5,9,4.167,21568
5,9,4.2,21569
5,9,4.233,21570
5,9,4.267,21571
5,9,4.3,21572
5,9,4.333,21573
5,9,4.367,21574
5,9,4.4,21575
5,9,4.433,21576
5,9,4.467,21577
5,9,4.5,21578
5,9,4.533,21579
5,9,4.567,21580
5,9,4.6,21581
5,9,4.633,21582
5,9,4.667,21583
5,9,4.7,21584
5,9,4.733,21585
5,9,4.767,21586
5,9,4.8,21587
5,9,4.833,21588
5,9,4.867,21589
5,9,4.9,21590
5,9,4.933,21591
5,9,4.967,21592
5,9,5,21593
5,9,5.033,21594
5,9,5.067,21595
5,9,5.1,21596
5,9,5.133,21597
5,9,5.167,21598
5,9,5.2,21599
5,9,5.233,21600
5,9,5.267,21601
5,9,5.3,21602
5,9,5.333,21603
5,9,5.367,21604
5,9,5.4,21605
5,9,5.433,21606
5,9,5.467,21607
5,9,5.5,21608
5,9,5.533,21609
5,9,5.567,21610
5,9,5.6,21611
5,9,5.633,21612
5,9,5.667,21613
5,9,5.7,21614
5,9,5.733,21615
5,9,5.767,21616
5,9,5.8,21617
5,9,5.833,21618
5,9,5.867,21619
5,9,5.9,21620
5,9,5.933,21621
5,9,5.967,21622
5,9,6,21623
5,9,6.033,21624
5,9,6.067,21625
5,9,6.1,21626
5,9,6.133,21627
5,9,6.167,21628
5,9,6.2,21629
5,9,6.233,21630
5,9,6.267,21631
5,9,6.3,21632
5,9,6.333,21633
5,9,6.367,21634
5,9,6.4,21635
5,9,6.433,21636
5,9,6.467,21637
5,9,6.5,21638
5,9,6.533,21639
5,9,6.567,21640
5,9,6.6,21641
5,9,6.633,21642
5,9,6.667,21643
5,9,6.7,21644
5,9,6.733,21645
5,9,6.767,21646
5,9,6.8,21647
5,9,6.833,21648
5,9,6.867,21649
5,9,6.9,21650
5,9,6.933,21651
5,9,6.967,21652
5,9,7,21653
5,9,7.033,21654
5,9,7.067,21655
5,9,7.1,21656
5,9,7.133,21657
5,9,7.167,21658
5,9,7.2,21659
5,9,7.233,21660
5,9,7.267,21661
5,9,7.3,21662
5,9,7.333,21663
5,9,7.367,21664
5,9,7.4,21665
5,9,7.433,21666
5,9,7.467,21667
5,9,7.5,21668
5,9,7.533,21669
5,9,7.567,21670
5,9,7.6,21671
5,9,7.633,21672
5,9,7.667,21673
5,9,7.7,21674
5,9,7.733,21675
5,9,7.767,21676
5,9,7.8,21677
5,9,7.833,21678
5,9,7.867,21679
5,9,7.9,21680
5,9,7.933,21681
5,9,7.967,21682
5,9,8,21683
5,9,8.033,21684
5,9,8.067,21685
5,9,8.1,21686
5,9,8.133,21687
5,9,8.167,21688
5,9,8.2,21689
5,9,8.233,21690
5,9,8.267,21691
5,9,8.3,21692
5,9,8.333,21693
5,9,8.367,21694
5,9,8.4,21695
5,9,8.433,21696
5,9,8.467,21697
5,9,8.5,21698
5,9,8.533,21699
5,9,8.567,21700
5,9,8.6,21701
5,9,8.633,21702
5,9,8.667,21703
5,9,8.7,21704
5,9,8.733,21705
5,9,8.767,21706
5,9,8.8,21707
5,9,8.833,21708
5,9,8.867,21709
5,9,8.9,21710
5,9,8.933,21711
5,9,8.967,21712
5,9,9,21713
5,9,9.033,21714
5,9,9.067,21715
5,9,9.1,21716
5,9,9.133,21717
5,9,9.167,21718
5,9,9.2,21719
5,9,9.233,21720
5,9,9.267,21721
5,9,9.3,21722
5,9,9.333,21723
5,9,9.367,21724
5,9,9.4,21725
5,9,9.433,21726
5,9,9.467,21727
5,9,9.5,21728
5,9,9.533,21729
5,9,9.567,21730
5,9,9.6,21731
5,9,9.633,21732
5,9,9.667,21733
5,9,9.7,21734
5,9,9.733,21735
5,9,9.767,21736
5,9,9.8,21737
5,9,9.833,21738
5,9,9.867,21739
5,9,9.9,21740
5,9,9.933,21741
5,9,9.967,21742
5,9,10,21743
5,9,10.033,21744
5,9,10.067,21745
5,9,10.1,21746
5,9,10.133,21747
5,9,10.167,21748
5,9,10.2,21749
5,9,10.233,21750
5,9,10.267,21751
5,9,10.3,21752
5,9,10.333,21753
5,9,10.367,21754
5,9,10.4,21755
5,9,10.433,21756
5,9,10.467,21757
5,9,10.5,21758
5,9,10.533,21759
5,9,10.567,21760
5,9,10.6,21761
5,9,10.633,21762
5,9,10.667,21763
5,9,10.7,21764
5,9,10.733,21765
5,9,10.767,21766
5,9,10.8,21767
5,9,10.833,21768
5,9,10.867,21769
5,9,10.9,21770
5,9,10.933,21771
5,9,10.967,21772
5,9,11,21773
5,9,11.033,21774
5,9,11.067,21775
5,9,11.1,21776
5,9,11.133,21777
5,9,11.167,21778
5,9,11.2,21779
5,9,11.233,21780
5,9,11.267,21781
5,9,11.3,21782
5,9,11.333,21783
5,9,11.367,21784
5,9,11.4,21785
5,9,11.433,21786
5,9,11.467,21787
5,9,11.5,21788
5,9,11.533,21789
5,9,11.567,21790
5,9,11.6,21791
5,9,11.633,21792
5,9,11.667,21793
5,9,11.7,21794
5,9,11.733,21795
5,9,11.767,21796
5,9,11.8,21797
5,9,11.833,21798
5,9,11.867,21799
5,9,11.9,21800
5,9,11.933,21801
5,9,11.967,21802
5,9,12,21803
5,9,12.033,21804
5,9,12.067,21805
5,9,12.1,21806
5,9,12.133,21807
5,9,12.167,21808
5,9,12.2,21809
5,9,12.233,21810
5,9,12.267,21811
5,9,12.3,21812
5,9,12.333,21813
5,9,12.367,21814
5,9,12.4,21815
5,9,12.433,21816
5,9,12.467,21817
5,9,12.5,21818
5,9,12.533,21819
5,9,12.567,21820
5,9,12.6,21821
5,9,12.633,21822
5,9,12.667,21823
5,9,12.7,21824
5,9,12.733,21825
5,9,12.767,21826
5,9,12.8,21827
5,9,12.833,21828
5,9,12.867,21829
5,9,12.9,21830
5,9,12.933,21831
5,9,12.967,21832
5,9,13,21833
5,9,13.033,21834
5,9,13.067,21835
5,9,13.1,21836
5,9,13.133,21837
5,9,13.167,21838
5,9,13.2,21839
5,9,13.233,21840
5,9,13.267,21841
5,9,13.3,21842
5,9,13.333,21843
5,9,13.367,21844
5,9,13.4,21845
5,9,13.433,21846
5,9,13.467,21847
5,9,13.5,21848
5,9,13.533,21849
5,9,13.567,21850
5,9,13.6,21851
5,9,13.633,21852
5,9,13.667,21853
5,9,13.7,21854
5,9,13.733,21855
5,9,13.767,21856
5,9,13.8,21857
5,9,13.833,21858
5,9,13.867,21859
5,9,13.9,21860
5,9,13.933,21861
5,9,13.967,21862
5,9,14,21863
5,9,14.033,21864
5,9,14.067,21865
5,9,14.1,21866
5,9,14.133,21867
5,9,14.167,21868
5,9,14.2,21869
5,9,14.233,21870
5,9,14.267,21871
5,9,14.3,21872
5,9,14.333,21873
5,9,14.367,21874
5,9,14.4,21875
5,9,14.433,21876
5,9,14.467,21877
5,9,14.5,21878
5,9,14.533,21879
5,9,14.567,21880
5,9,14.6,21881
5,9,14.633,21882
5,9,14.667,21883
5,9,14.7,21884
5,9,14.733,21885
5,9,14.767,21886
5,9,14.8,21887
5,9,14.833,21888
5,9,14.867,21889
5,9,14.9,21890
5,9,14.933,21891
5,9,14.967,21892
5,9,15,21893
5,9,15.033,21894
5,9,15.067,21895
5,9,15.1,21896
5,9,15.133,21897
5,9,15.167,21898
5,9,15.2,21899
5,9,15.233,21900
5,9,15.267,21901
5,9,15.3,21902
5,9,15.333,21903
5,9,15.367,21904
5,9,15.4,21905
5,9,15.433,21906
5,9,15.467,21907
5,9,15.5,21908
5,9,15.533,21909
5,9,15.567,21910
5,9,15.6,21911
5,9,15.633,21912
5,9,15.667,21913
5,9,15.7,21914
5,9,15.733,21915
5,9,15.767,21916
5,9,15.8,21917
5,9,15.833,21918
5,9,15.867,21919
5,9,15.9,21920
5,9,15.933,21921
5,9,15.967,21922
5,9,16,21923
5,9,16.033,21924
5,9,16.067,21925
5,9,16.1,21926
5,9,16.133,21927
5,9,16.167,21928
5,9,16.2,21929
5,9,16.233,21930
5,9,16.267,21931
5,9,16.3,21932
5,9,16.333,21933
5,9,16.367,21934
5,9,16.4,21935
5,9,16.433,21936
5,9,16.467,21937
5,9,16.5,21938
5,9,16.533,21939
5,9,16.567,21940
5,9,16.6,21941
5,9,16.633,21942
5,9,16.667,21943
5,9,16.7,21944
5,9,16.733,21945
5,9,16.767,21946
5,9,16.8,21947
5,9,16.833,21948
5,9,16.867,21949
5,9,16.9,21950
5,9,16.933,21951
5,9,16.967,21952
5,9,17,21953
5,9,17.033,21954
5,9,17.067,21955
5,9,17.1,21956
5,9,17.133,21957
5,9,17.167,21958
5,9,17.2,21959
5,9,17.233,21960
5,9,17.267,21961
5,9,17.3,21962
5,9,17.333,21963
5,9,17.367,21964
5,9,17.4,21965
5,9,17.433,21966
5,9,17.467,21967
5,9,17.5,21968
5,9,17.533,21969
5,9,17.567,21970
5,9,17.6,21971
5,9,17.633,21972
5,9,17.667,21973
5,9,17.7,21974
5,9,17.733,21975
5,9,17.767,21976
5,9,17.8,21977
5,9,17.833,21978
5,9,17.867,21979
5,9,17.9,21980
5,9,17.933,21981
5,9,17.967,21982
5,9,18,21983
5,9,18.033,21984
5,9,18.067,21985
5,9,18.1,21986
5,9,18.133,21987
5,9,18.167,21988
5,9,18.2,21989
5,9,18.233,21990
5,9,18.267,21991
5,9,18.3,21992
5,9,18.333,21993
5,9,18.367,21994
5,9,18.4,21995
5,9,18.433,21996
5,9,18.467,21997
5,9,18.5,21998
5,9,18.533,21999
5,9,18.567,22000
5,9,18.6,22001
5,9,18.633,22002
5,9,18.667,22003
5,9,18.7,22004
5,9,18.733,22005
5,9,18.767,22006
5,9,18.8,22007
5,9,18.833,22008
5,9,18.867,22009
5,9,18.9,22010
5,9,18.933,22011
5,9,18.967,22012
5,9,19,22013
5,9,19.033,22014
5,9,19.067,22015
5,9,19.1,22016
5,9,19.133,22017
5,9,19.167,22018
5,9,19.2,22019
5,9,19.233,22020
5,9,19.267,22021
5,9,19.3,22022
5,9,19.333,22023
5,9,19.367,22024
5,9,19.4,22025
5,9,19.433,22026
5,9,19.467,22027
5,9,19.5,22028
5,9,19.533,22029
5,9,19.567,22030
5,9,19.6,22031
5,9,19.633,22032
5,9,19.667,22033
5,9,19.7,22034
5,9,19.733,22035
5,9,19.767,22036
5,9,19.8,22037
5,9,19.833,22038
5,9,19.867,22039
5,9,19.9,22040
5,9,19.933,22041
5,9,19.967,22042
5,9,20,22043
5,9,20.033,22044
5,9,20.067,22045
5,9,20.1,22046
5,9,20.133,22047
5,9,20.167,22048
5,9,20.2,22049
5,9,20.233,22050
5,9,20.267,22051
5,9,20.3,22052
5,9,20.333,22053
5,9,20.367,22054
5,9,20.4,22055
5,9,20.433,22056
5,9,20.467,22057
5,9,20.5,22058
5,9,20.533,22059
5,9,20.567,22060
5,9,20.6,22061
5,9,20.633,22062
5,9,20.667,22063
5,9,20.7,22064
5,9,20.733,22065
5,9,20.767,22066
5,9,20.8,22067
5,9,20.833,22068
5,9,20.867,22069
5,9,20.9,22070
5,9,20.933,22071
5,9,20.967,22072
5,9,21,22073
5,9,21.033,22074
5,9,21.067,22075
5,9,21.1,22076
5,9,21.133,22077
5,9,21.167,22078
5,9,21.2,22079
5,9,21.233,22080
5,9,21.267,22081
5,9,21.3,22082
5,9,21.333,22083
5,9,21.367,22084
5,9,21.4,22085
5,9,21.433,22086
5,9,21.467,22087
5,9,21.5,22088
5,9,21.533,22089
5,9,21.567,22090
5,9,21.6,22091
5,9,21.633,22092
5,9,21.667,22093
5,9,21.7,22094
5,9,21.733,22095
5,9,21.767,22096
5,9,21.8,22097
5,9,21.833,22098
5,9,21.867,22099
5,9,21.9,22100
5,9,21.933,22101
5,9,21.967,22102
5,9,22,22103
5,9,22.033,22104
5,9,22.067,22105
5,9,22.1,22106
5,9,22.133,22107
5,9,22.167,22108
5,9,22.2,22109
5,9,22.233,22110
5,9,22.267,22111
5,9,22.3,22112
5,9,22.333,22113
5,9,22.367,22114
5,9,22.4,22115
5,9,22.433,22116
5,9,22.467,22117
5,9,22.5,22118
5,9,22.533,22119
5,9,22.567,22120
5,9,22.6,22121
5,9,22.633,22122
5,9,22.667,22123
5,9,22.7,22124
5,9,22.733,22125
5,9,22.767,22126
5,9,22.8,22127
5,9,22.833,22128
5,9,22.867,22129
5,9,22.9,22130
5,9,22.933,22131
5,9,22.967,22132
5,9,23,22133
5,9,23.033,22134
5,9,23.067,22135
5,9,23.1,22136
5,9,23.133,22137
5,9,23.167,22138
5,9,23.2,22139
5,9,23.233,22140
5,9,23.267,22141
5,9,23.3,22142
5,9,23.333,22143
5,9,23.367,22144
5,9,23.4,22145
5,9,23.433,22146
5,9,23.467,22147
5,9,23.5,22148
5,9,23.533,22149
5,9,23.567,22150
5,9,23.6,22151
5,9,23.633,22152
5,9,23.667,22153
5,9,23.7,22154
5,9,23.733,22155
5,9,23.767,22156
5,9,23.8,22157
5,9,23.833,22158
5,9,23.867,22159
5,9,23.9,22160
5,9,23.933,22161
5,9,23.967,22162
5,9,24,22163
5,9,24.033,22164
5,9,24.067,22165
5,9,24.1,22166
5,9,24.133,22167
5,9,24.167,22168
5,9,24.2,22169
5,9,24.233,22170
5,9,24.267,22171
5,9,24.3,22172
5,9,24.333,22173
5,9,24.367,22174
5,9,24.4,22175
5,9,24.433,22176
5,9,24.467,22177
4,9,24.533,22178
1,9,24.6,22179
1,9,24.633,22180
1,9,24.833,22181
1,9,24.867,22182
1,9,24.9,22183
1,9,24.933,22184
1,9,24.967,22185
1,9,25,22186
1,9,25.033,22187
1,9,25.067,22188
1,9,25.1,22189
1,9,0,22190
1,9,0.033,22191
1,9,0.067,22192
1,9,0.1,22193
1,9,0.133,22194
1,9,0.167,22195
1,9,0.2,22196
1,9,0.233,22197
1,9,0.267,22198
1,9,0.3,22199
1,9,0.333,22200
1,9,0.367,22201
1,9,0.4,22202
1,9,0.433,22203
1,9,0.467,22204
1,9,0.5,22205
1,9,0.533,22206
1,9,0.567,22207
1,9,0.6,22208
1,9,0.633,22209
1,9,0.667,22210
1,9,0.7,22211
1,9,0.733,22212
1,9,0.767,22213
1,9,0.8,22214
1,9,0.833,22215
1,9,0.867,22216
1,9,0.9,22217
1,9,0.933,22218
1,9,0.967,22219
1,9,1,22220
1,9,1.033,22221
1,9,1.067,22222
1,9,1.1,22223
1,9,1.133,22224
1,9,1.167,22225
1,9,1.2,22226
1,9,1.233,22227
1,9,1.267,22228
1,9,1.3,22229
1,9,1.333,22230
1,9,1.367,22231
4,9,1.433,22232
4,9,1.467,22233
4,9,1.5,22234
4,9,1.533,22235
4,9,1.567,22236
4,9,1.6,22237
4,9,1.633,22238
4,9,1.667,22239
4,9,1.7,22240
4,9,8.133,22241
4,9,8.167,22242
4,9,8.2,22243
4,9,8.233,22244
4,9,8.267,22245
4,9,8.3,22246
4,9,8.333,22247
4,9,8.367,22248
4,9,8.4,22249
4,9,8.433,22250
4,9,8.467,22251
4,9,8.5,22252
4,9,8.533,22253
4,9,8.567,22254
4,9,8.6,22255
4,9,8.633,22256
4,9,8.667,22257
4,9,8.7,22258
4,9,8.733,22259
6,9,9.2,22260
6,9,9.233,22261
6,9,9.267,22262
6,9,9.3,22263
6,9,9.333,22264
6,9,9.367,22265
6,9,9.4,22266
6,9,9.433,22267
6,9,9.467,22268
6,9,9.5,22269
6,9,9.533,22270
6,9,9.567,22271
6,9,9.6,22272
6,9,9.633,22273
6,9,9.667,22274
6,9,9.7,22275
6,9,9.733,22276
6,9,9.767,22277
6,9,9.8,22278
6,9,9.833,22279
6,9,9.867,22280
6,9,9.9,22281
6,9,9.933,22282
6,9,9.967,22283
6,9,10,22284
6,9,10.033,22285
6,9,10.067,22286
6,9,10.1,22287
6,9,10.133,22288
6,9,10.167,22289
6,9,10.2,22290
6,9,10.233,22291
6,9,10.267,22292
6,9,10.3,22293
6,9,10.333,22294
6,9,10.367,22295
6,9,10.4,22296
6,9,10.433,22297
6,9,10.467,22298
6,9,10.5,22299
6,9,10.533,22300
6,9,10.567,22301
6,9,10.6,22302
6,9,10.633,22303
6,9,10.667,22304
6,9,10.7,22305
6,9,10.733,22306
6,9,10.767,22307
6,9,10.8,22308
6,9,10.833,22309
6,9,10.867,22310
6,9,10.9,22311
6,9,10.933,22312
6,9,10.967,22313
6,9,11,22314
6,9,11.033,22315
6,9,11.067,22316
6,9,11.1,22317
6,9,11.133,22318
6,9,0,22319
6,9,0.033,22320
6,9,0.067,22321
6,9,0.1,22322
6,9,0.133,22323
6,9,0.167,22324
6,9,0.2,22325
6,9,0.233,22326
6,9,0.267,22327
6,9,0.3,22328
6,9,0.333,22329
6,9,0.367,22330
6,9,0.4,22331
6,9,0.433,22332
6,9,0.467,22333
6,9,0.5,22334
6,9,0.533,22335
6,9,0.567,22336
6,9,0.6,22337
6,9,0.633,22338
6,9,0.667,22339
6,9,0.7,22340
6,9,0.733,22341
5,9,8,22342
5,9,8.033,22343
5,9,8.067,22344
5,9,8.1,22345
5,9,8.133,22346
5,9,8.167,22347
5,9,8.2,22348
5,9,8.233,22349
5,9,8.267,22350
5,9,8.3,22351
5,9,8.333,22352
5,9,8.367,22353
5,9,8.4,22354
5,9,8.433,22355
5,9,8.467,22356
5,9,8.5,22357
5,9,8.533,22358
5,9,8.567,22359
5,9,8.6,22360
5,9,8.633,22361
5,9,8.667,22362
5,9,8.7,22363
5,9,8.733,22364
5,9,8.767,22365
5,9,8.8,22366
5,9,8.833,22367
5,9,8.867,22368
5,9,8.9,22369
5,9,8.933,22370
5,9,8.967,22371
5,9,9,22372
5,9,9.033,22373
5,9,9.067,22374
5,9,9.1,22375
5,9,9.133,22376
5,9,9.167,22377
5,9,9.2,22378
5,9,9.233,22379
5,9,9.267,22380
5,9,9.3,22381
5,9,9.333,22382
5,9,9.367,22383
5,9,9.4,22384
5,9,9.433,22385
5,9,9.467,22386
5,9,9.5,22387
5,9,9.533,22388
5,9,9.567,22389
5,9,9.6,22390
5,9,9.633,22391
5,9,9.667,22392
5,9,9.7,22393
5,9,0,22394
5,9,0.033,22395
5,9,0.067,22396
5,9,0.1,22397
5,9,0.133,22398
5,9,0.167,22399
5,9,0.2,22400
5,9,0.233,22401
5,9,0.267,22402
5,9,0.3,22403
5,9,0.333,22404
5,9,0.367,22405
5,9,0.4,22406
5,9,0.433,22407
5,9,0.467,22408
5,9,0.5,22409
5,9,0.533,22410
5,9,0.567,22411
5,9,0.6,22412
5,9,0.633,22413
4,9,0.7,22414
4,9,0.733,22415
4,9,0.767,22416
4,9,0.8,22417
4,9,0.833,22418
4,9,0.867,22419
4,9,0.9,22420
4,9,0.933,22421
4,9,0.967,22422
4,9,1,22423
4,9,1.033,22424
4,9,1.067,22425
4,9,1.1,22426
4,9,1.133,22427
4,9,1.167,22428
4,9,1.2,22429
4,9,1.233,22430
4,9,1.267,22431
4,9,1.3,22432
4,9,1.333,22433
4,9,1.367,22434
4,9,1.4,22435
4,9,1.433,22436
4,9,1.467,22437
4,9,1.5,22438
4,9,1.533,22439
4,9,1.567,22440
4,9,1.6,22441
4,9,1.633,22442
4,9,1.667,22443
4,9,1.7,22444
4,9,1.733,22445
4,9,1.767,22446
4,9,1.8,22447
4,9,1.833,22448
4,9,1.867,22449
4,9,1.9,22450
4,9,1.933,22451
4,9,1.967,22452
4,9,2,22453
4,9,2.033,22454
4,9,2.067,22455
4,9,2.1,22456
4,9,2.133,22457
4,9,2.167,22458
4,9,2.2,22459
4,9,2.233,22460
4,9,2.267,22461
4,9,2.3,22462
4,9,2.333,22463
4,9,2.367,22464
4,9,2.4,22465
4,9,2.433,22466
4,9,2.467,22467
4,9,2.5,22468
4,9,2.533,22469
4,9,2.567,22470
2,9,14.133,22471
2,9,14.167,22472
2,9,14.2,22473
2,9,14.233,22474
2,9,14.267,22475
2,9,14.3,22476
2,9,14.333,22477
2,9,14.367,22478
2,9,14.4,22479
2,9,14.433,22480
2,9,14.467,22481
2,9,14.5,22482
2,9,14.533,22483
2,9,14.567,22484
2,9,14.6,22485
2,9,14.633,22486
2,9,14.667,22487
2,9,14.7,22488
2,9,14.733,22489
2,9,14.767,22490
2,9,14.8,22491
2,9,14.833,22492
2,9,14.867,22493
2,9,14.9,22494
2,9,14.933,22495
2,9,14.967,22496
2,9,15,22497
2,9,15.033,22498
2,9,15.067,22499
2,9,15.1,22500
2,9,15.133,22501
2,9,15.167,22502
2,9,15.2,22503
2,9,15.233,22504
2,9,15.267,22505
2,9,15.3,22506
2,9,15.333,22507
2,9,15.367,22508
2,9,15.4,22509
2,9,15.433,22510
2,9,15.467,22511
2,9,15.5,22512
2,9,15.533,22513
2,9,15.567,22514
2,9,15.6,22515
2,9,15.633,22516
2,9,15.667,22517
2,9,15.7,22518
2,9,15.733,22519
2,9,15.767,22520
2,9,15.8,22521
2,9,15.833,22522
2,9,15.867,22523
2,9,15.9,22524
2,9,15.933,22525
2,9,15.967,22526
2,9,16,22527
2,9,16.033,22528
2,9,16.067,22529
2,9,16.1,22530
2,9,16.133,22531
2,9,16.167,22532
2,9,16.2,22533
2,9,16.233,22534
2,9,16.267,22535
2,9,16.3,22536
2,9,16.333,22537
2,9,16.367,22538
2,9,16.4,22539
2,9,16.433,22540
2,9,16.467,22541
2,9,16.5,22542
2,9,16.533,22543
2,9,16.567,22544
2,9,16.6,22545
2,9,16.633,22546
2,9,16.667,22547
2,9,16.7,22548
2,9,16.733,22549
2,9,16.767,22550
2,9,16.8,22551
2,9,16.833,22552
2,9,16.867,22553
2,9,16.9,22554
2,9,16.933,22555
2,9,16.967,22556
2,9,17,22557
2,9,17.033,22558
2,9,17.067,22559
2,9,17.1,22560
2,9,17.133,22561
2,9,17.167,22562
2,9,17.2,22563
2,9,17.233,22564
2,9,17.267,22565
2,9,17.3,22566
2,9,17.333,22567
2,9,17.367,22568
2,9,17.4,22569
2,9,17.433,22570
2,9,17.467,22571
2,9,17.5,22572
2,9,17.533,22573
2,9,17.567,22574
2,9,17.6,22575
2,9,17.633,22576
2,9,17.667,22577
2,9,17.7,22578
2,9,17.733,22579
2,9,17.767,22580
2,9,17.8,22581
2,9,17.833,22582
2,9,17.867,22583
2,9,17.9,22584
2,9,17.933,22585
2,9,17.967,22586
2,9,18,22587
2,9,18.033,22588
2,9,18.067,22589
2,9,18.1,22590
2,9,18.133,22591
2,9,18.167,22592
2,9,18.2,22593
2,9,18.233,22594
2,9,18.267,22595
2,9,18.3,22596
2,9,18.333,22597
2,9,18.367,22598
2,9,18.4,22599
2,9,18.433,22600
2,9,18.467,22601
2,9,18.5,22602
2,9,18.533,22603
2,9,18.567,22604
2,9,18.6,22605
2,9,18.633,22606
2,9,18.667,22607
2,9,18.7,22608
2,9,18.733,22609
2,9,18.767,22610
2,9,18.8,22611
2,9,18.833,22612
2,9,18.867,22613
2,9,18.9,22614
2,9,18.933,22615
2,9,18.967,22616
2,9,19,22617
2,9,19.033,22618
2,9,19.067,22619
2,9,19.1,22620
2,9,19.133,22621
2,9,19.167,22622
2,9,19.2,22623
2,9,19.233,22624
2,9,19.267,22625
2,9,19.3,22626
2,9,19.333,22627
2,9,19.367,22628
2,9,19.4,22629
2,9,19.433,22630
2,9,19.467,22631
2,9,19.5,22632
2,9,19.533,22633
2,9,19.567,22634
2,9,19.6,22635
2,9,19.633,22636
2,9,19.667,22637
2,9,19.7,22638
2,9,19.733,22639
2,9,19.767,22640
2,9,19.8,22641
2,9,19.833,22642
2,9,19.867,22643
2,9,19.9,22644
2,9,19.933,22645
2,9,19.967,22646
2,9,20,22647
2,9,20.033,22648
2,9,20.067,22649
2,9,20.1,22650
2,9,20.133,22651
2,9,20.167,22652
2,9,20.2,22653
2,9,20.233,22654
2,9,20.267,22655
2,9,20.3,22656
2,9,20.333,22657
2,9,20.367,22658
2,9,20.4,22659
2,9,20.433,22660
2,9,20.467,22661
2,9,20.5,22662
2,9,20.533,22663
2,9,20.567,22664
2,9,20.6,22665
2,9,20.633,22666
2,9,20.667,22667
2,9,20.7,22668
2,9,20.733,22669
2,9,20.767,22670
2,9,20.8,22671
2,9,20.833,22672
2,9,20.867,22673
2,9,20.9,22674
2,9,20.933,22675
2,9,20.967,22676
2,9,21,22677
2,9,21.033,22678
2,9,21.067,22679
2,9,21.1,22680
2,9,21.133,22681
2,9,21.167,22682
2,9,21.2,22683
2,9,21.233,22684
2,9,21.267,22685
2,9,21.3,22686
2,9,21.333,22687
2,9,21.367,22688
2,9,21.4,22689
2,9,21.433,22690
2,9,21.467,22691
2,9,21.5,22692
2,9,21.533,22693
2,9,21.567,22694
2,9,21.6,22695
2,9,21.633,22696
2,9,21.667,22697
2,9,21.7,22698
2,9,21.733,22699
2,9,21.767,22700
2,9,21.8,22701
2,9,21.833,22702
2,9,22.733,22703
2,9,22.767,22704
3,9,22.8,22705
3,9,22.833,22706
3,9,22.867,22707
3,9,22.9,22708
3,9,22.933,22709
3,9,22.967,22710
3,9,23,22711
3,9,23.033,22712
3,9,23.067,22713
3,9,23.1,22714
3,9,23.133,22715
3,9,23.167,22716
3,9,23.2,22717
3,9,23.233,22718
3,9,23.267,22719
3,9,23.3,22720
3,9,23.333,22721
3,9,23.367,22722
3,9,23.4,22723
3,9,23.433,22724
3,9,23.467,22725
3,9,23.5,22726
3,9,23.533,22727
3,9,23.567,22728
3,9,23.6,22729
3,9,23.633,22730
3,9,23.667,22731
3,9,23.7,22732
3,9,23.733,22733
3,9,23.767,22734
3,9,23.8,22735
3,9,23.833,22736
3,9,23.867,22737
3,9,23.9,22738
3,9,23.933,22739
3,9,23.967,22740
3,9,24,22741
3,9,24.033,22742
3,9,24.067,22743
3,9,24.1,22744
3,9,24.133,22745
3,9,24.167,22746
3,9,24.2,22747
3,9,24.233,22748
3,9,24.267,22749
3,9,24.3,22750
3,9,24.333,22751
3,9,24.367,22752
3,9,24.4,22753
3,9,24.433,22754
3,9,24.467,22755
3,9,24.5,22756
3,9,24.533,22757
3,9,24.567,22758
3,9,24.6,22759
3,9,24.633,22760
3,9,24.667,22761
3,9,24.7,22762
3,9,24.733,22763
3,9,24.767,22764
3,9,24.8,22765
3,9,24.833,22766
3,9,24.867,22767
3,9,24.9,22768
3,9,24.933,22769
3,9,24.967,22770
3,9,25,22771
3,9,25.033,22772
3,9,25.067,22773
3,9,25.1,22774
3,9,25.133,22775
3,9,25.167,22776
3,9,25.2,22777
3,9,25.233,22778
3,9,25.267,22779
3,9,25.3,22780
3,9,25.333,22781
3,9,25.367,22782
3,9,25.4,22783
3,9,25.433,22784
3,9,25.467,22785
3,9,25.5,22786
3,9,25.533,22787
3,9,25.567,22788
3,9,25.6,22789
3,9,25.633,22790
3,9,25.667,22791
3,9,25.7,22792
3,9,25.733,22793
3,9,25.767,22794
3,9,25.8,22795
3,9,25.833,22796
3,9,25.867,22797
3,9,25.9,22798
2,9,25.967,22799
2,9,26,22800
2,9,26.033,22801
2,9,26.067,22802
2,9,26.1,22803
2,9,26.133,22804
2,9,26.167,22805
2,9,26.2,22806
3,9,26.267,22807
3,9,26.3,22808
3,9,26.333,22809
3,9,26.367,22810
3,9,26.4,22811
3,9,26.433,22812
2,9,26.467,22813
2,9,26.5,22814
2,9,26.533,22815
2,9,26.567,22816
2,9,26.6,22817
2,9,26.633,22818
2,9,26.667,22819
3,9,26.7,22820
3,9,26.733,22821
3,9,26.767,22822
3,9,26.8,22823
3,9,26.833,22824
3,9,26.867,22825
3,9,26.9,22826
3,9,26.933,22827
3,9,26.967,22828
3,9,27,22829
3,9,27.033,22830
2,9,27.067,22831
2,9,27.1,22832
2,9,27.133,22833
2,9,27.167,22834
2,9,27.2,22835
2,9,27.233,22836
2,9,27.267,22837
3,9,27.3,22838
3,9,27.333,22839
3,9,27.367,22840
3,9,27.4,22841
3,9,27.433,22842
3,9,27.467,22843
3,9,27.5,22844
2,9,27.533,22845
2,9,27.567,22846
2,9,27.6,22847
2,9,27.633,22848
3,9,27.667,22849
3,9,27.7,22850
6,9,27.733,22851
6,9,27.767,22852
6,9,27.8,22853
6,9,27.833,22854
6,9,27.867,22855
6,9,27.9,22856
3,9,27.967,22857
3,9,28,22858
3,9,28.033,22859
3,9,28.067,22860
3,9,28.1,22861
3,9,28.133,22862
3,9,28.167,22863
3,9,28.2,22864
3,9,28.233,22865
3,9,28.267,22866
3,9,28.3,22867
3,9,28.333,22868
3,9,28.367,22869
3,9,28.4,22870
3,9,28.433,22871
3,9,28.467,22872
3,9,28.5,22873
3,9,28.533,22874
3,9,28.567,22875
3,9,28.6,22876
3,9,28.633,22877
3,9,28.667,22878
3,9,28.7,22879
3,9,28.733,22880
3,9,28.767,22881
3,9,28.8,22882
3,9,28.833,22883
3,9,28.867,22884
3,9,28.9,22885
3,9,28.933,22886
3,9,28.967,22887
3,9,29,22888
3,9,29.033,22889
3,9,29.067,22890
3,9,29.1,22891
3,9,29.133,22892
3,9,29.167,22893
3,9,29.2,22894
3,9,29.233,22895
3,9,29.267,22896
3,9,29.3,22897
3,9,29.333,22898
3,9,29.367,22899
3,9,29.4,22900
3,9,29.433,22901
3,9,29.467,22902
3,9,29.5,22903
3,9,29.533,22904
3,9,29.567,22905
3,9,29.6,22906
3,9,29.633,22907
3,9,29.667,22908
3,9,29.7,22909
3,9,29.733,22910
3,9,29.767,22911
3,9,29.8,22912
3,9,29.833,22913
3,9,29.867,22914
3,9,29.9,22915
3,9,29.933,22916
3,9,29.967,22917
3,9,30,22918
3,9,30.033,22919
3,9,30.067,22920
3,9,30.1,22921
3,9,30.133,22922
3,9,30.167,22923
3,9,30.2,22924
3,9,30.233,22925
3,9,30.267,22926
3,9,30.3,22927
3,9,30.333,22928
3,9,30.367,22929
3,9,30.4,22930
3,9,0,22931
3,9,0.033,22932
3,9,0.067,22933
3,9,0.1,22934
3,9,0.133,22935
3,9,0.167,22936
3,9,0.2,22937
3,9,0.233,22938
3,9,0.267,22939
3,9,0.3,22940
3,9,0.333,22941
3,9,0.367,22942
3,9,0.4,22943
3,9,0.433,22944
3,9,0.467,22945
3,9,0.5,22946
3,9,0.533,22947
3,9,0.567,22948
3,9,0.6,22949
3,9,0.633,22950
3,9,0.667,22951
3,9,0.7,22952
3,9,0.733,22953
2,9,3.5,22954
2,9,3.533,22955
2,9,3.567,22956
2,9,3.6,22957
2,9,3.633,22958
2,9,3.667,22959
2,9,3.7,22960
2,9,3.733,22961
2,9,3.767,22962
2,9,3.8,22963
2,9,3.833,22964
2,9,3.867,22965
2,9,3.9,22966
2,9,3.933,22967
2,9,3.967,22968
2,9,4,22969
2,9,4.033,22970
2,9,4.067,22971
2,9,4.1,22972
2,9,4.133,22973
2,9,4.167,22974
2,9,4.2,22975
2,9,0,22976
2,9,0.033,22977
2,9,0.067,22978
2,9,0.1,22979
2,9,0.133,22980
2,9,0.167,22981
2,9,0.2,22982
2,9,0.233,22983
2,9,0.267,22984
2,9,0.3,22985
2,9,0.333,22986
2,9,0.367,22987
2,9,0.4,22988
4,9,0.567,22989
4,9,0.6,22990
4,9,0.633,22991
4,9,0.667,22992
4,9,0.7,22993
4,9,0.733,22994
4,9,0.767,22995
4,9,0.8,22996
4,9,0.833,22997
4,9,0.867,22998
4,9,0.9,22999
4,9,0.933,23000
4,9,0.967,23001
4,9,1,23002
4,9,1.033,23003
4,9,1.067,23004
4,9,1.1,23005
4,9,1.133,23006
4,9,1.167,23007
4,9,1.2,23008
4,9,1.233,23009
4,9,1.267,23010
4,9,1.3,23011
4,9,1.333,23012
4,9,1.367,23013
4,9,1.4,23014
4,9,1.433,23015
4,9,1.467,23016
4,9,1.5,23017
4,9,1.533,23018
4,9,1.567,23019
4,9,1.6,23020
4,9,1.633,23021
4,9,1.667,23022
4,9,1.7,23023
4,9,1.733,23024
4,9,1.767,23025
4,9,2.733,23026
4,9,2.767,23027
4,9,2.8,23028
4,9,2.833,23029
4,9,2.867,23030
4,9,2.9,23031
4,9,2.933,23032
4,9,2.967,23033
4,9,3,23034
4,9,3.033,23035
4,9,3.067,23036
4,9,3.1,23037
4,9,3.133,23038
4,9,3.167,23039
4,9,3.2,23040
4,9,3.233,23041
4,9,3.267,23042
4,9,3.3,23043
4,9,3.333,23044
4,9,3.367,23045
4,9,3.4,23046
4,9,3.433,23047
4,9,3.467,23048
4,9,3.5,23049
4,9,3.533,23050
4,9,3.567,23051
4,9,3.6,23052
4,9,3.633,23053
4,9,3.667,23054
4,9,3.7,23055
4,9,3.733,23056
4,9,3.767,23057
4,9,3.8,23058
4,9,3.833,23059
4,9,3.867,23060
4,9,3.9,23061
4,9,3.933,23062
4,9,3.967,23063
4,9,4,23064
4,9,4.033,23065
4,9,4.067,23066
4,9,4.1,23067
4,9,4.133,23068
4,9,4.167,23069
4,9,4.2,23070
4,9,4.233,23071
4,9,4.267,23072
4,9,4.3,23073
4,9,4.333,23074
4,9,4.367,23075
4,9,4.4,23076
4,9,4.433,23077
4,9,4.467,23078
4,9,4.5,23079
4,9,0,23080
4,9,0.033,23081
4,9,0.067,23082
4,9,0.1,23083
4,9,0.133,23084
4,9,0.167,23085
4,9,0.2,23086
4,9,0.233,23087
4,9,0.267,23088
4,9,0.3,23089
4,9,0.333,23090
4,9,0.367,23091
4,9,0.4,23092
4,9,0.433,23093
4,9,0.467,23094
4,9,0.5,23095
4,10,0,23096
4,10,0.033,23097
4,10,0.067,23098
4,10,0.1,23099
4,10,0.133,23100
4,10,0.167,23101
4,10,0.2,23102
4,10,0.233,23103
4,10,0.267,23104
4,10,0.3,23105
4,10,0.333,23106
4,10,0.367,23107
4,10,0.4,23108
4,10,0.433,23109
4,10,0.467,23110
4,10,0.5,23111
4,10,0.533,23112
4,10,0.567,23113
4,10,0.6,23114
4,10,0.633,23115
4,10,0.667,23116
4,10,0.7,23117
4,10,0.733,23118
4,10,0.767,23119
4,10,0.8,23120
4,10,0.833,23121
4,10,0.867,23122
4,10,0.9,23123
4,10,0.933,23124
4,10,0.967,23125
4,10,1,23126
4,10,1.033,23127
4,10,1.067,23128
4,10,1.1,23129
4,10,1.133,23130
4,10,1.167,23131
4,10,1.2,23132
4,10,1.233,23133
4,10,1.267,23134
4,10,1.3,23135
4,10,1.333,23136
4,10,1.367,23137
4,10,1.4,23138
4,10,1.433,23139
4,10,1.467,23140
4,10,1.5,23141
4,10,1.533,23142
4,10,1.567,23143
4,10,1.6,23144
4,10,1.633,23145
4,10,1.667,23146
4,10,1.7,23147
4,10,1.733,23148
4,10,1.767,23149
4,10,1.8,23150
4,10,1.833,23151
4,10,1.867,23152
4,10,1.9,23153
4,10,1.933,23154
4,10,1.967,23155
4,10,2,23156
4,10,2.033,23157
4,10,2.067,23158
4,10,2.1,23159
4,10,2.133,23160
4,10,2.167,23161
4,10,2.2,23162
4,10,2.233,23163
4,10,2.267,23164
4,10,2.3,23165
4,10,2.333,23166
4,10,2.367,23167
4,10,2.4,23168
4,10,2.433,23169
4,10,2.467,23170
4,10,2.5,23171
4,10,2.533,23172
4,10,2.567,23173
4,10,2.6,23174
4,10,2.633,23175
4,10,2.667,23176
4,10,2.7,23177
4,10,2.733,23178
4,10,2.767,23179
4,10,2.8,23180
4,10,2.833,23181
4,10,2.867,23182
4,10,2.9,23183
4,10,2.933,23184
4,10,2.967,23185
4,10,3,23186
4,10,3.033,23187
4,10,3.067,23188
4,10,3.1,23189
4,10,3.133,23190
4,10,3.167,23191
4,10,3.2,23192
4,10,3.233,23193
4,10,3.267,23194
4,10,3.3,23195
4,10,3.333,23196
4,10,3.367,23197
4,10,3.4,23198
4,10,3.433,23199
4,10,3.467,23200
4,10,3.5,23201
4,10,3.533,23202
4,10,3.567,23203
4,10,3.6,23204
4,10,3.633,23205
4,10,3.667,23206
4,10,3.7,23207
4,10,3.733,23208
4,10,3.767,23209
4,10,3.8,23210
4,10,3.833,23211
4,10,3.867,23212
4,10,3.9,23213
4,10,3.933,23214
4,10,3.967,23215
4,10,4,23216
4,10,4.033,23217
4,10,4.067,23218
4,10,4.1,23219
4,10,4.133,23220
4,10,4.167,23221
4,10,4.2,23222
4,10,4.233,23223
4,10,4.267,23224
4,10,4.3,23225
4,10,4.333,23226
4,10,4.367,23227
4,10,4.4,23228
4,10,4.433,23229
4,10,4.467,23230
4,10,4.5,23231
4,10,4.533,23232
4,10,4.567,23233
4,10,4.6,23234
4,10,4.633,23235
4,10,4.667,23236
4,10,4.7,23237
4,10,4.733,23238
4,10,4.767,23239
4,10,4.8,23240
4,10,4.833,23241
4,10,4.867,23242
4,10,4.9,23243
4,10,4.933,23244
4,10,4.967,23245
4,10,5,23246
4,10,5.033,23247
4,10,5.067,23248
4,10,5.1,23249
4,10,5.133,23250
4,10,5.167,23251
4,10,5.2,23252
4,10,5.233,23253
4,10,5.267,23254
4,10,5.3,23255
4,10,5.333,23256
4,10,5.367,23257
4,10,5.4,23258
4,10,5.433,23259
4,10,5.467,23260
4,10,5.5,23261
4,10,5.533,23262
4,10,5.567,23263
4,10,5.6,23264
4,10,5.633,23265
4,10,5.667,23266
4,10,5.7,23267
4,10,5.733,23268
4,10,5.767,23269
4,10,5.8,23270
4,10,5.833,23271
4,10,5.867,23272
4,10,5.9,23273
4,10,5.933,23274
4,10,5.967,23275
4,10,6,23276
4,10,6.033,23277
6,10,6.367,23278
6,10,6.4,23279
2,10,6.533,23280
2,10,6.567,23281
2,10,6.6,23282
2,10,6.633,23283
2,10,6.667,23284
2,10,6.7,23285
1,10,6.833,23286
1,10,6.867,23287
1,10,6.9,23288
1,10,6.933,23289
1,10,6.967,23290
1,10,7,23291
1,10,7.033,23292
3,10,7.1,23293
3,10,7.133,23294
3,10,7.167,23295
3,10,7.2,23296
3,10,7.233,23297
3,10,7.267,23298
3,10,7.3,23299
5,10,7.4,23300
5,10,7.433,23301
5,10,7.467,23302
5,10,7.5,23303
5,10,7.533,23304
5,10,7.567,23305
5,10,7.6,23306
5,10,7.633,23307
4,10,7.667,23308
4,10,7.7,23309
2,10,7.767,23310
2,10,7.8,23311
2,10,7.833,23312
2,10,7.867,23313
2,10,7.9,23314
2,10,7.933,23315
2,10,7.967,23316
2,10,8,23317
2,10,8.033,23318
2,10,8.067,23319
6,10,8.133,23320
6,10,8.167,23321
6,10,8.2,23322
6,10,8.233,23323
6,10,8.267,23324
6,10,8.3,23325
6,10,8.333,23326
6,10,8.367,23327
6,10,8.4,23328
6,10,8.433,23329
6,10,8.467,23330
6,10,8.5,23331
6,10,8.533,23332
6,10,8.567,23333
6,10,8.6,23334
6,10,8.633,23335
6,10,8.667,23336
6,10,8.7,23337
6,10,8.733,23338
6,10,8.767,23339
6,10,8.8,23340
6,10,8.833,23341
6,10,8.867,23342
6,10,8.9,23343
6,10,8.933,23344
6,10,8.967,23345
6,10,9,23346
6,10,9.033,23347
6,10,9.067,23348
6,10,9.1,23349
6,10,9.133,23350
6,10,9.167,23351
6,10,9.2,23352
6,10,9.233,23353
1,10,9.267,23354
1,10,9.3,23355
4,10,9.433,23356
4,10,9.467,23357
4,10,9.5,23358
4,10,9.533,23359
4,10,9.567,23360
4,10,9.6,23361
4,10,9.633,23362
4,10,9.667,23363
4,10,9.7,23364
4,10,9.733,23365
4,10,9.767,23366
4,10,9.8,23367
4,10,9.833,23368
4,10,9.867,23369
4,10,9.9,23370
4,10,9.933,23371
4,10,9.967,23372
4,10,10,23373
4,10,10.033,23374
4,10,10.067,23375
4,10,10.1,23376
4,10,10.133,23377
4,10,10.167,23378
4,10,10.2,23379
4,10,10.233,23380
4,10,10.267,23381
4,10,10.3,23382
4,10,10.333,23383
4,10,10.367,23384
4,10,10.4,23385
4,10,10.433,23386
4,10,10.467,23387
4,10,10.5,23388
4,10,10.533,23389
4,10,10.567,23390
4,10,10.6,23391
4,10,10.633,23392
3,10,10.733,23393
3,10,10.767,23394
3,10,10.8,23395
3,10,10.833,23396
3,10,10.867,23397
3,10,10.9,23398
3,10,10.933,23399
3,10,10.967,23400
3,10,11,23401
3,10,11.033,23402
3,10,11.067,23403
3,10,11.1,23404
3,10,11.133,23405
3,10,11.167,23406
3,10,11.2,23407
3,10,11.233,23408
3,10,11.267,23409
3,10,11.3,23410
3,10,11.333,23411
3,10,11.367,23412
3,10,11.4,23413
3,10,11.433,23414
5,10,11.633,23415
5,10,11.667,23416
5,10,11.7,23417
5,10,11.733,23418
5,10,11.767,23419
5,10,11.8,23420
5,10,11.833,23421
5,10,11.867,23422
5,10,11.9,23423
5,10,12.3,23424
5,10,12.333,23425
5,10,12.367,23426
5,10,12.4,23427
5,10,12.433,23428
4,10,12.567,23429
4,10,12.6,23430
4,10,12.633,23431
4,10,12.667,23432
4,10,12.7,23433
4,10,12.733,23434
4,10,12.767,23435
4,10,12.8,23436
4,10,12.833,23437
4,10,12.867,23438
4,10,12.9,23439
4,10,12.933,23440
4,10,12.967,23441
4,10,13,23442
4,10,13.033,23443
4,10,13.067,23444
4,10,13.1,23445
4,10,13.133,23446
4,10,13.167,23447
4,10,13.2,23448
4,10,13.233,23449
4,10,13.267,23450
4,10,13.3,23451
4,10,13.333,23452
4,10,13.367,23453
4,10,13.4,23454
4,10,13.433,23455
4,10,13.467,23456
4,10,13.5,23457
4,10,13.533,23458
4,10,13.567,23459
4,10,13.6,23460
4,10,13.633,23461
4,10,13.667,23462
4,10,13.7,23463
4,10,13.733,23464
4,10,13.767,23465
4,10,13.8,23466
4,10,13.833,23467
4,10,13.867,23468
4,10,13.9,23469
4,10,13.933,23470
4,10,13.967,23471
4,10,14,23472
4,10,14.033,23473
4,10,14.067,23474
4,10,14.1,23475
4,10,14.133,23476
4,10,14.167,23477
4,10,14.2,23478
4,10,14.233,23479
4,10,14.267,23480
4,10,14.3,23481
4,10,14.333,23482
4,10,14.367,23483
4,10,14.4,23484
4,10,14.433,23485
4,10,14.467,23486
4,10,14.5,23487
4,10,14.533,23488
4,10,14.567,23489
4,10,14.6,23490
4,10,14.633,23491
4,10,14.667,23492
4,10,14.7,23493
4,10,14.733,23494
4,10,14.767,23495
4,10,14.8,23496
4,10,14.833,23497
4,10,14.867,23498
4,10,15.367,23499
4,10,15.4,23500
4,10,15.433,23501
4,10,15.467,23502
5,10,15.533,23503
5,10,15.567,23504
5,10,15.6,23505
5,10,15.633,23506
5,10,15.667,23507
5,10,15.7,23508
5,10,15.733,23509
5,10,15.767,23510
5,10,15.8,23511
5,10,15.833,23512
5,10,15.867,23513
5,10,15.9,23514
5,10,15.933,23515
5,10,15.967,23516
5,10,16,23517
5,10,16.033,23518
5,10,16.067,23519
5,10,16.1,23520
5,10,16.133,23521
5,10,16.167,23522
5,10,16.2,23523
5,10,16.233,23524
5,10,16.267,23525
5,10,16.3,23526
5,10,16.333,23527
5,10,16.367,23528
5,10,16.4,23529
5,10,16.433,23530
5,10,16.467,23531
5,10,16.5,23532
5,10,16.533,23533
5,10,16.567,23534
5,10,16.6,23535
5,10,16.633,23536
5,10,16.667,23537
5,10,16.7,23538
5,10,16.733,23539
5,10,16.767,23540
5,10,16.8,23541
5,10,16.833,23542
5,10,16.867,23543
5,10,16.9,23544
5,10,16.933,23545
5,10,16.967,23546
5,10,17,23547
5,10,17.033,23548
5,10,17.067,23549
5,10,17.1,23550
5,10,17.133,23551
5,10,17.167,23552
5,10,17.2,23553
5,10,17.233,23554
5,10,17.267,23555
5,10,17.3,23556
5,10,17.333,23557
5,10,17.367,23558
5,10,17.4,23559
5,10,17.433,23560
5,10,17.467,23561
5,10,17.5,23562
5,10,17.533,23563
5,10,17.567,23564
5,10,17.6,23565
5,10,17.633,23566
5,10,17.667,23567
5,10,17.7,23568
5,10,17.733,23569
5,10,17.767,23570
5,10,17.8,23571
5,10,17.833,23572
5,10,17.867,23573
5,10,17.9,23574
5,10,17.933,23575
5,10,17.967,23576
5,10,18,23577
5,10,18.033,23578
5,10,18.067,23579
5,10,18.1,23580
5,10,18.133,23581
5,10,18.167,23582
5,10,18.2,23583
5,10,18.233,23584
5,10,18.267,23585
5,10,18.3,23586
5,10,18.333,23587
5,10,18.367,23588
5,10,18.4,23589
5,10,18.433,23590
5,10,18.467,23591
5,10,18.5,23592
5,10,18.533,23593
5,10,18.567,23594
5,10,18.6,23595
5,10,18.633,23596
5,10,18.667,23597
5,10,18.7,23598
5,10,18.733,23599
5,10,18.767,23600
5,10,18.8,23601
5,10,18.833,23602
5,10,18.867,23603
5,10,18.9,23604
5,10,18.933,23605
5,10,18.967,23606
5,10,19,23607
5,10,19.033,23608
5,10,19.067,23609
5,10,19.1,23610
5,10,19.133,23611
5,10,19.167,23612
5,10,19.2,23613
5,10,19.233,23614
5,10,19.267,23615
5,10,19.3,23616
5,10,19.333,23617
5,10,19.367,23618
5,10,19.4,23619
5,10,19.433,23620
5,10,19.467,23621
5,10,19.5,23622
5,10,19.533,23623
5,10,19.567,23624
5,10,19.6,23625
5,10,19.633,23626
5,10,19.667,23627
5,10,19.7,23628
5,10,19.733,23629
5,10,19.767,23630
5,10,19.8,23631
5,10,19.833,23632
5,10,19.867,23633
5,10,19.9,23634
5,10,19.933,23635
5,10,19.967,23636
5,10,20,23637
5,10,20.033,23638
5,10,20.067,23639
5,10,20.1,23640
5,10,20.133,23641
5,10,20.167,23642
5,10,20.2,23643
5,10,20.233,23644
5,10,20.267,23645
5,10,20.3,23646
5,10,20.333,23647
5,10,20.367,23648
5,10,20.4,23649
5,10,20.433,23650
5,10,20.467,23651
5,10,20.5,23652
5,10,20.533,23653
5,10,20.567,23654
5,10,20.6,23655
5,10,20.633,23656
5,10,20.667,23657
5,10,20.7,23658
5,10,20.733,23659
5,10,20.767,23660
5,10,20.8,23661
5,10,20.833,23662
5,10,20.867,23663
5,10,20.9,23664
5,10,20.933,23665
5,10,20.967,23666
5,10,21,23667
5,10,21.033,23668
5,10,21.067,23669
5,10,21.1,23670
5,10,21.133,23671
5,10,21.167,23672
5,10,21.2,23673
5,10,21.233,23674
5,10,21.267,23675
5,10,21.3,23676
5,10,21.333,23677
5,10,21.367,23678
5,10,21.4,23679
5,10,21.433,23680
5,10,21.467,23681
5,10,21.5,23682
5,10,21.533,23683
5,10,21.567,23684
5,10,21.6,23685
5,10,21.633,23686
5,10,21.667,23687
5,10,21.7,23688
5,10,21.733,23689
5,10,21.767,23690
5,10,21.8,23691
5,10,21.833,23692
5,10,21.867,23693
5,10,21.9,23694
5,10,21.933,23695
5,10,21.967,23696
5,10,22,23697
5,10,22.033,23698
5,10,22.067,23699
5,10,22.1,23700
5,10,22.133,23701
5,10,22.167,23702
5,10,22.2,23703
5,10,22.233,23704
5,10,22.267,23705
5,10,22.3,23706
5,10,22.333,23707
5,10,22.367,23708
5,10,22.4,23709
5,10,22.433,23710
5,10,22.467,23711
5,10,22.5,23712
5,10,22.533,23713
5,10,22.567,23714
5,10,22.6,23715
5,10,22.633,23716
5,10,22.667,23717
5,10,22.7,23718
5,10,22.733,23719
5,10,22.767,23720
5,10,22.8,23721
5,10,22.833,23722
5,10,22.867,23723
5,10,22.9,23724
5,10,22.933,23725
5,10,22.967,23726
5,10,23,23727
5,10,23.033,23728
5,10,23.067,23729
5,10,23.1,23730
5,10,23.133,23731
5,10,23.167,23732
5,10,23.2,23733
5,10,23.233,23734
5,10,23.267,23735
5,10,23.3,23736
5,10,23.333,23737
5,10,23.367,23738
5,10,23.4,23739
5,10,23.433,23740
5,10,23.467,23741
5,10,23.5,23742
5,10,0,23743
5,10,0.033,23744
5,10,0.067,23745
5,10,0.1,23746
5,10,0.133,23747
5,10,0.167,23748
5,10,0.2,23749
5,10,0.233,23750
5,10,0.267,23751
5,10,0.3,23752
5,10,0.333,23753
5,10,0.367,23754
5,10,0.4,23755
5,10,0.433,23756
5,10,0.467,23757
5,10,0.5,23758
5,10,0.533,23759
5,10,0.567,23760
5,10,0.6,23761
5,10,0.633,23762
5,10,0.667,23763
5,10,0.7,23764
5,10,0.733,23765
5,10,0.767,23766
5,10,0.8,23767
5,10,0.833,23768
5,10,0.867,23769
5,10,0.9,23770
5,10,0.933,23771
5,10,0.967,23772
5,10,1,23773
5,10,1.033,23774
5,10,1.067,23775
5,10,1.1,23776
5,10,1.133,23777
5,10,1.167,23778
5,10,1.2,23779
5,10,1.233,23780
5,10,0,23781
5,10,0.033,23782
5,10,0.067,23783
5,10,0.1,23784
5,10,0.133,23785
5,10,0.167,23786
5,10,0.2,23787
5,10,0.233,23788
5,10,0.267,23789
5,10,0.3,23790
5,10,0.333,23791
5,10,0.367,23792
5,10,0.4,23793
5,10,0.433,23794
5,10,0.467,23795
5,10,0.5,23796
5,10,0.533,23797
5,10,0.567,23798
5,10,0.6,23799
5,10,0.633,23800
5,10,0.667,23801
5,10,0.7,23802
5,10,0.733,23803
5,10,0.767,23804
5,10,0.8,23805
5,10,0.833,23806
5,10,0.867,23807
5,10,0.9,23808
5,10,0.933,23809
5,10,0.967,23810
5,10,1,23811
5,10,1.033,23812
5,10,1.067,23813
5,10,1.1,23814
5,10,1.133,23815
5,10,1.167,23816
5,10,1.2,23817
5,10,1.233,23818
5,10,1.267,23819
5,10,1.3,23820
5,10,1.333,23821
5,10,1.367,23822
5,10,1.4,23823
5,10,1.433,23824
5,10,1.467,23825
5,10,1.5,23826
5,10,1.533,23827
5,10,1.567,23828
5,10,1.6,23829
5,10,1.633,23830
5,10,1.667,23831
5,10,1.7,23832
5,10,1.733,23833
5,10,1.767,23834
5,10,1.8,23835
5,10,1.833,23836
5,10,1.867,23837
5,10,1.9,23838
5,10,1.933,23839
5,10,1.967,23840
5,10,2,23841
5,10,2.033,23842
5,10,2.067,23843
5,10,2.1,23844
5,10,2.133,23845
5,10,2.167,23846
5,10,2.2,23847
5,10,2.233,23848
5,10,2.267,23849
5,10,2.3,23850
5,10,2.333,23851
5,10,2.367,23852
5,10,2.4,23853
5,10,2.433,23854
5,10,2.467,23855
5,10,2.5,23856
5,10,2.533,23857
5,10,2.567,23858
5,10,2.6,23859
5,10,2.633,23860
5,10,2.667,23861
5,10,2.7,23862
5,10,2.733,23863
5,10,2.767,23864
5,10,2.8,23865
5,10,2.833,23866
5,10,2.867,23867
5,10,2.9,23868
5,10,2.933,23869
5,10,2.967,23870
5,10,3,23871
5,10,3.033,23872
5,10,3.067,23873
5,10,3.1,23874
5,10,3.133,23875
5,10,3.167,23876
5,10,3.2,23877
5,10,3.233,23878
5,10,3.267,23879
5,10,3.3,23880
5,10,3.333,23881
5,10,3.367,23882
5,10,3.4,23883
5,10,3.433,23884
5,10,3.467,23885
5,10,3.5,23886
5,10,3.533,23887
5,10,3.567,23888
5,10,3.6,23889
5,10,3.633,23890
5,10,3.667,23891
5,10,3.7,23892
5,10,3.733,23893
5,10,3.767,23894
5,10,3.8,23895
5,10,3.833,23896
5,10,3.867,23897
5,10,3.9,23898
5,10,3.933,23899
5,10,3.967,23900
5,10,4,23901
5,10,4.033,23902
5,10,4.067,23903
5,10,4.1,23904
5,10,4.133,23905
5,10,4.167,23906
5,10,4.2,23907
5,10,4.233,23908
5,10,4.267,23909
5,10,4.3,23910
5,10,4.333,23911
5,10,4.367,23912
5,10,4.4,23913
5,10,4.433,23914
5,10,4.467,23915
5,10,4.5,23916
5,10,4.533,23917
5,10,4.567,23918
5,10,4.6,23919
5,10,4.633,23920
5,10,4.667,23921
5,10,4.7,23922
5,10,4.733,23923
5,10,4.767,23924
5,10,4.8,23925
5,10,4.833,23926
5,10,4.867,23927
5,10,4.9,23928
5,10,4.933,23929
5,10,4.967,23930
5,10,5,23931
5,10,5.033,23932
5,10,5.067,23933
5,10,5.1,23934
5,10,5.133,23935
5,10,5.167,23936
5,10,5.2,23937
5,10,5.233,23938
5,10,5.267,23939
5,10,5.3,23940
5,10,5.333,23941
5,10,5.367,23942
5,10,5.4,23943
5,10,5.433,23944
5,10,5.467,23945
5,10,5.5,23946
5,10,5.533,23947
5,10,5.567,23948
5,10,5.6,23949
5,10,5.633,23950
5,10,5.667,23951
5,10,5.7,23952
5,10,5.733,23953
5,10,5.767,23954
5,10,5.8,23955
5,10,5.833,23956
5,10,5.867,23957
5,10,5.9,23958
5,10,5.933,23959
5,10,5.967,23960
5,10,6,23961
5,10,6.033,23962
5,10,6.067,23963
5,10,6.1,23964
5,10,6.133,23965
5,10,6.167,23966
5,10,6.2,23967
5,10,6.233,23968
5,10,6.267,23969
5,10,6.3,23970
5,10,6.333,23971
5,10,6.367,23972
5,10,6.4,23973
5,10,6.433,23974
5,10,6.467,23975
5,10,6.5,23976
5,10,6.533,23977
5,10,6.567,23978
5,10,6.6,23979
5,10,6.633,23980
5,10,6.667,23981
5,10,6.7,23982
5,10,6.733,23983
5,10,6.767,23984
5,10,6.8,23985
5,10,6.833,23986
5,10,6.867,23987
5,10,6.9,23988
5,10,6.933,23989
5,10,6.967,23990
5,10,7,23991
5,10,7.033,23992
5,10,7.067,23993
5,10,7.1,23994
5,10,7.133,23995
5,10,7.167,23996
5,10,7.2,23997
5,10,7.233,23998
5,10,7.267,23999
5,10,7.3,24000
5,10,7.333,24001
5,10,7.367,24002
5,10,7.4,24003
5,10,7.433,24004
5,10,7.467,24005
5,10,7.5,24006
5,10,7.533,24007
5,10,7.567,24008
5,10,7.6,24009
5,10,7.633,24010
5,10,7.667,24011
5,10,7.7,24012
5,10,7.733,24013
5,10,7.767,24014
5,10,7.8,24015
5,10,7.833,24016
5,10,7.867,24017
5,10,7.9,24018
5,10,7.933,24019
5,10,7.967,24020
5,10,8,24021
5,10,8.033,24022
5,10,8.067,24023
5,10,8.1,24024
5,10,8.133,24025
5,10,8.167,24026
5,10,8.2,24027
5,10,8.233,24028
5,10,8.267,24029
5,10,8.3,24030
5,10,8.333,24031
5,10,8.367,24032
5,10,8.4,24033
5,10,8.433,24034
5,10,8.467,24035
5,10,8.5,24036
5,10,8.533,24037
5,10,8.567,24038
5,10,8.6,24039
5,10,8.633,24040
5,10,8.667,24041
5,10,8.7,24042
5,10,8.733,24043
5,10,8.767,24044
5,10,8.8,24045
5,10,8.833,24046
5,10,8.867,24047
5,10,8.9,24048
5,10,8.933,24049
5,10,8.967,24050
5,10,9,24051
5,10,9.033,24052
5,10,9.067,24053
5,10,9.1,24054
5,10,9.133,24055
5,10,9.167,24056
5,10,9.2,24057
5,10,9.233,24058
5,10,9.267,24059
5,10,9.3,24060
5,10,9.333,24061
5,10,9.367,24062
5,10,9.4,24063
5,10,9.433,24064
5,10,9.467,24065
5,10,9.5,24066
5,10,9.533,24067
5,10,9.567,24068
5,10,9.6,24069
5,10,9.633,24070
5,10,9.667,24071
5,10,9.7,24072
5,10,9.733,24073
5,10,9.767,24074
5,10,9.8,24075
5,10,9.833,24076
5,10,9.867,24077
5,10,9.9,24078
5,10,9.933,24079
5,10,9.967,24080
5,10,10,24081
5,10,10.033,24082
5,10,10.067,24083
5,10,10.1,24084
5,10,10.133,24085
5,10,10.167,24086
5,10,10.2,24087
5,10,10.233,24088
5,10,10.267,24089
5,10,10.3,24090
5,10,10.333,24091
5,10,10.367,24092
5,10,10.4,24093
5,10,10.433,24094
5,10,10.467,24095
5,10,10.5,24096
5,10,10.533,24097
5,10,10.567,24098
5,10,10.6,24099
5,10,10.633,24100
5,10,10.667,24101
5,10,10.7,24102
5,10,10.733,24103
5,10,10.767,24104
5,10,10.8,24105
5,10,10.833,24106
5,10,10.867,24107
5,10,10.9,24108
5,10,10.933,24109
5,10,10.967,24110
5,10,11,24111
5,10,11.033,24112
5,10,11.067,24113
5,10,11.1,24114
5,10,11.133,24115
5,10,11.167,24116
5,10,11.2,24117
5,10,11.233,24118
5,10,11.267,24119
5,10,11.3,24120
5,10,11.333,24121
5,10,11.367,24122
5,10,11.4,24123
5,10,11.433,24124
5,10,11.467,24125
5,10,11.5,24126
5,10,11.533,24127
5,10,11.567,24128
5,10,11.6,24129
5,10,11.633,24130
5,10,11.667,24131
5,10,11.7,24132
5,10,11.733,24133
5,10,11.767,24134
5,10,11.8,24135
5,10,11.833,24136
5,10,11.867,24137
5,10,11.9,24138
5,10,11.933,24139
5,10,11.967,24140
5,10,12,24141
5,10,12.033,24142
5,10,12.067,24143
5,10,12.1,24144
5,10,12.133,24145
5,10,12.167,24146
5,10,12.2,24147
5,10,12.233,24148
5,10,12.267,24149
5,10,12.3,24150
5,10,12.333,24151
5,10,12.367,24152
5,10,12.4,24153
5,10,12.433,24154
5,10,12.467,24155
5,10,12.5,24156
5,10,12.533,24157
5,10,12.567,24158
5,10,12.6,24159
5,10,12.633,24160
5,10,12.667,24161
5,10,12.7,24162
5,10,12.733,24163
5,10,12.767,24164
5,10,12.8,24165
5,10,12.833,24166
5,10,12.867,24167
5,10,12.9,24168
5,10,12.933,24169
5,10,12.967,24170
5,10,13,24171
5,10,13.033,24172
5,10,13.067,24173
5,10,13.1,24174
5,10,13.133,24175
5,10,13.167,24176
5,10,13.2,24177
5,10,13.233,24178
5,10,13.267,24179
5,10,13.3,24180
5,10,13.333,24181
5,10,13.367,24182
5,10,13.4,24183
5,10,13.433,24184
5,10,13.467,24185
5,10,13.5,24186
5,10,13.533,24187
5,10,13.567,24188
5,10,13.6,24189
5,10,13.633,24190
5,10,13.667,24191
5,10,13.7,24192
5,10,13.733,24193
5,10,13.767,24194
5,10,13.8,24195
5,10,13.833,24196
5,10,13.867,24197
5,10,13.9,24198
5,10,13.933,24199
5,10,13.967,24200
5,10,14,24201
5,10,14.033,24202
5,10,14.067,24203
5,10,14.1,24204
5,10,14.133,24205
5,10,14.167,24206
5,10,14.2,24207
5,10,14.233,24208
5,10,14.267,24209
5,10,14.3,24210
5,10,14.333,24211
5,10,14.367,24212
5,10,14.4,24213
5,10,14.433,24214
5,10,14.467,24215
5,10,14.5,24216
5,10,14.533,24217
5,10,14.567,24218
5,10,14.6,24219
5,10,14.633,24220
5,10,14.667,24221
5,10,14.7,24222
5,10,14.733,24223
5,10,14.767,24224
5,10,14.8,24225
5,10,14.833,24226
5,10,14.867,24227
5,10,14.9,24228
5,10,14.933,24229
5,10,14.967,24230
5,10,15,24231
5,10,15.033,24232
5,10,15.067,24233
5,10,15.1,24234
5,10,15.133,24235
5,10,15.167,24236
5,10,15.2,24237
5,10,15.233,24238
5,10,15.267,24239
5,10,15.3,24240
5,10,15.333,24241
5,10,15.367,24242
5,10,15.4,24243
5,10,15.433,24244
5,10,15.467,24245
5,10,15.5,24246
5,10,15.533,24247
5,10,15.567,24248
5,10,15.6,24249
5,10,15.633,24250
5,10,15.667,24251
5,10,15.7,24252
5,10,15.733,24253
5,10,15.767,24254
5,10,15.8,24255
5,10,15.833,24256
5,10,15.867,24257
5,10,15.9,24258
5,10,15.933,24259
5,10,15.967,24260
5,10,16,24261
5,10,16.033,24262
5,10,16.067,24263
5,10,16.1,24264
5,10,16.133,24265
5,10,16.167,24266
5,10,16.2,24267
5,10,16.233,24268
5,10,16.267,24269
5,10,16.3,24270
1,10,16.467,24271
1,10,16.5,24272
1,10,16.533,24273
6,10,16.567,24274
6,10,16.6,24275
6,10,16.633,24276
6,10,16.667,24277
6,10,16.7,24278
6,10,16.733,24279
6,10,16.767,24280
6,10,16.8,24281
6,10,16.833,24282
6,10,16.867,24283
6,10,16.9,24284
6,10,16.933,24285
6,10,16.967,24286
6,10,17,24287
6,10,17.033,24288
6,10,17.067,24289
6,10,17.1,24290
6,10,17.133,24291
6,10,17.167,24292
6,10,17.2,24293
6,10,17.233,24294
6,10,17.267,24295
6,10,17.3,24296
6,10,17.333,24297
6,10,17.367,24298
6,10,17.4,24299
6,10,17.433,24300
6,10,17.467,24301
6,10,17.5,24302
6,10,17.533,24303
6,10,17.567,24304
6,10,17.6,24305
6,10,17.633,24306
6,10,17.667,24307
6,10,17.7,24308
6,10,17.733,24309
6,10,17.767,24310
6,10,17.8,24311
6,10,17.833,24312
6,10,17.867,24313
6,10,17.9,24314
6,10,17.933,24315
6,10,17.967,24316
6,10,18,24317
6,10,18.033,24318
6,10,18.067,24319
6,10,18.1,24320
6,10,18.133,24321
6,10,18.167,24322
6,10,18.2,24323
6,10,18.233,24324
6,10,18.267,24325
6,10,18.3,24326
6,10,18.333,24327
6,10,18.367,24328
6,10,18.4,24329
6,10,18.433,24330
6,10,18.467,24331
6,10,18.5,24332
6,10,18.533,24333
6,10,18.567,24334
6,10,18.6,24335
6,10,18.633,24336
6,10,18.667,24337
6,10,18.7,24338
6,10,18.733,24339
6,10,18.767,24340
6,10,18.8,24341
6,10,18.833,24342
6,10,18.867,24343
6,10,18.9,24344
6,10,18.933,24345
6,10,18.967,24346
6,10,19,24347
6,10,19.033,24348
6,10,19.067,24349
6,10,19.1,24350
6,10,19.133,24351
6,10,19.167,24352
6,10,19.2,24353
6,10,19.233,24354
6,10,19.267,24355
6,10,19.3,24356
6,10,19.333,24357
6,10,19.367,24358
6,10,19.4,24359
6,10,19.433,24360
6,10,19.467,24361
6,10,19.5,24362
6,10,19.533,24363
6,10,19.567,24364
6,10,19.6,24365
6,10,19.633,24366
6,10,19.667,24367
6,10,19.7,24368
6,10,19.733,24369
6,10,19.767,24370
6,10,19.8,24371
6,10,19.833,24372
6,10,19.867,24373
6,10,19.9,24374
6,10,19.933,24375
6,10,19.967,24376
6,10,20,24377
6,10,20.033,24378
6,10,20.067,24379
6,10,20.1,24380
6,10,20.133,24381
6,10,20.167,24382
6,10,20.2,24383
6,10,20.233,24384
6,10,20.267,24385
6,10,20.3,24386
6,10,20.333,24387
6,10,20.367,24388
6,10,20.4,24389
6,10,20.433,24390
6,10,20.467,24391
6,10,20.5,24392
6,10,20.533,24393
6,10,20.567,24394
6,10,20.6,24395
6,10,20.633,24396
6,10,20.667,24397
6,10,20.7,24398
6,10,20.733,24399
6,10,20.767,24400
6,10,20.8,24401
6,10,20.833,24402
6,10,20.867,24403
6,10,20.9,24404
6,10,20.933,24405
6,10,20.967,24406
6,10,21,24407
6,10,21.033,24408
6,10,21.067,24409
6,10,21.1,24410
6,10,21.133,24411
6,10,21.167,24412
6,10,21.2,24413
6,10,21.233,24414
6,10,21.267,24415
6,10,21.3,24416
6,10,21.333,24417
6,10,21.367,24418
6,10,21.4,24419
6,10,21.433,24420
6,10,21.467,24421
6,10,21.5,24422
6,10,21.533,24423
6,10,21.567,24424
6,10,21.6,24425
6,10,21.633,24426
6,10,21.667,24427
6,10,21.7,24428
6,10,21.733,24429
6,10,21.767,24430
6,10,21.8,24431
6,10,21.833,24432
6,10,21.867,24433
6,10,21.9,24434
6,10,21.933,24435
6,10,21.967,24436
6,10,22,24437
6,10,22.033,24438
6,10,22.067,24439
6,10,22.1,24440
6,10,22.133,24441
6,10,22.167,24442
6,10,22.2,24443
6,10,22.233,24444
6,10,22.267,24445
6,10,22.3,24446
6,10,22.333,24447
6,10,22.367,24448
6,10,22.4,24449
6,10,22.433,24450
6,10,22.467,24451
6,10,22.5,24452
6,10,22.533,24453
6,10,22.567,24454
6,10,22.6,24455
6,10,22.633,24456
6,10,22.667,24457
6,10,22.7,24458
6,10,22.733,24459
6,10,22.767,24460
6,10,22.8,24461
6,10,22.833,24462
6,10,22.867,24463
6,10,22.9,24464
6,10,22.933,24465
6,10,22.967,24466
6,10,23,24467
6,10,23.033,24468
6,10,23.067,24469
6,10,23.1,24470
6,10,23.133,24471
6,10,23.167,24472
6,10,23.2,24473
6,10,23.233,24474
6,10,23.267,24475
6,10,23.3,24476
6,10,23.333,24477
6,10,23.367,24478
6,10,23.4,24479
6,10,23.433,24480
6,10,23.467,24481
6,10,23.5,24482
6,10,23.533,24483
6,10,23.567,24484
6,10,23.6,24485
6,10,23.633,24486
6,10,23.667,24487
6,10,23.7,24488
6,10,23.733,24489
6,10,23.767,24490
6,10,23.8,24491
6,10,23.833,24492
6,10,23.867,24493
6,10,23.9,24494
6,10,23.933,24495
6,10,23.967,24496
6,10,24,24497
6,10,24.033,24498
6,10,24.067,24499
6,10,24.1,24500
6,10,24.133,24501
6,10,24.167,24502
6,10,24.2,24503
6,10,24.233,24504
6,10,24.267,24505
6,10,24.3,24506
6,10,24.333,24507
6,10,24.367,24508
6,10,24.4,24509
6,10,24.433,24510
6,10,24.467,24511
6,10,24.5,24512
6,10,24.533,24513
6,10,24.567,24514
6,10,24.6,24515
6,10,24.633,24516
6,10,24.667,24517
6,10,24.7,24518
6,10,24.733,24519
6,10,24.767,24520
6,10,24.8,24521
6,10,24.833,24522
6,10,24.867,24523
6,10,24.9,24524
6,10,24.933,24525
6,10,24.967,24526
6,10,25,24527
6,10,25.033,24528
6,10,25.067,24529
6,10,25.1,24530
6,10,25.133,24531
6,10,25.167,24532
6,10,25.2,24533
6,10,25.233,24534
6,10,25.267,24535
6,10,25.3,24536
6,10,25.333,24537
6,10,25.367,24538
6,10,25.4,24539
6,10,25.433,24540
6,10,25.467,24541
6,10,25.5,24542
6,10,25.533,24543
6,10,25.567,24544
6,10,25.6,24545
6,10,25.633,24546
6,10,25.667,24547
6,10,25.7,24548
6,10,25.733,24549
6,10,25.767,24550
6,10,25.8,24551
6,10,25.833,24552
6,10,25.867,24553
6,10,25.9,24554
6,10,25.933,24555
6,10,25.967,24556
6,10,26,24557
6,10,26.033,24558
6,10,26.067,24559
6,10,26.1,24560
6,10,26.133,24561
6,10,26.167,24562
6,10,26.2,24563
6,10,26.233,24564
6,10,26.267,24565
6,10,26.3,24566
6,10,26.333,24567
6,10,26.367,24568
6,10,26.4,24569
6,10,26.433,24570
6,10,26.467,24571
6,10,26.5,24572
6,10,26.533,24573
6,10,26.567,24574
6,10,26.6,24575
6,10,26.633,24576
6,10,26.667,24577
6,10,26.7,24578
6,10,26.733,24579
6,10,26.767,24580
6,10,26.8,24581
6,10,26.833,24582
6,10,26.867,24583
6,10,26.9,24584
6,10,26.933,24585
6,10,26.967,24586
6,10,27,24587
6,10,27.033,24588
6,10,27.067,24589
6,10,27.1,24590
6,10,27.133,24591
6,10,27.167,24592
6,10,27.2,24593
6,10,27.233,24594
6,10,27.267,24595
6,10,27.3,24596
6,10,27.333,24597
6,10,27.367,24598
6,10,27.4,24599
6,10,27.433,24600
6,10,27.467,24601
6,10,27.5,24602
6,10,27.533,24603
6,10,27.567,24604
6,10,27.6,24605
6,10,27.633,24606
6,10,27.667,24607
6,10,27.7,24608
6,10,27.733,24609
6,10,27.767,24610
6,10,27.8,24611
6,10,27.833,24612
6,10,27.867,24613
6,10,27.9,24614
6,10,27.933,24615
6,10,27.967,24616
6,10,28,24617
6,10,28.033,24618
6,10,28.067,24619
6,10,28.1,24620
6,10,28.133,24621
6,10,28.167,24622
6,10,28.2,24623
6,10,28.233,24624
6,10,28.267,24625
6,10,28.3,24626
6,10,28.333,24627
6,10,28.367,24628
6,10,28.4,24629
6,10,28.433,24630
6,10,28.467,24631
6,10,28.5,24632
6,10,28.533,24633
6,10,28.567,24634
6,10,28.6,24635
6,10,28.633,24636
6,10,28.667,24637
6,10,28.7,24638
6,10,28.733,24639
6,10,28.767,24640
6,10,28.8,24641
6,10,28.833,24642
6,10,28.867,24643
6,10,28.9,24644
6,10,28.933,24645
6,10,28.967,24646
6,10,29,24647
6,10,29.033,24648
6,10,29.067,24649
6,10,29.1,24650
6,10,29.133,24651
6,10,29.167,24652
6,10,29.2,24653
6,10,29.233,24654
6,10,29.267,24655
6,10,29.3,24656
6,10,29.333,24657
6,10,29.367,24658
6,10,29.4,24659
6,10,29.433,24660
6,10,29.467,24661
6,10,29.5,24662
6,10,29.533,24663
6,10,29.567,24664
6,10,29.6,24665
6,10,29.633,24666
6,10,29.667,24667
6,10,29.7,24668
6,10,29.733,24669
6,10,29.767,24670
6,10,29.8,24671
6,10,29.833,24672
6,10,29.867,24673
6,10,29.9,24674
6,10,29.933,24675
6,10,29.967,24676
6,10,30,24677
6,10,30.033,24678
6,10,30.067,24679
6,10,30.1,24680
6,10,30.133,24681
6,10,30.167,24682
6,10,30.2,24683
6,10,30.233,24684
6,10,30.267,24685
6,10,30.3,24686
6,10,30.333,24687
6,10,30.367,24688
6,10,30.4,24689
6,10,30.433,24690
6,10,30.467,24691
6,10,30.5,24692
6,10,30.533,24693
6,10,30.567,24694
6,10,30.6,24695
6,10,30.633,24696
6,10,30.667,24697
6,10,30.7,24698
6,10,30.733,24699
6,10,30.767,24700
6,10,30.8,24701
6,10,30.833,24702
6,10,30.867,24703
6,10,30.9,24704
6,10,30.933,24705
6,10,30.967,24706
6,10,31,24707
6,10,31.033,24708
6,10,31.067,24709
6,10,31.1,24710
6,10,31.133,24711
6,10,31.167,24712
6,10,31.2,24713
6,10,31.233,24714
6,10,31.267,24715
6,10,31.3,24716
6,10,31.333,24717
6,10,31.367,24718
6,10,31.4,24719
6,10,31.433,24720
6,10,31.467,24721
6,10,31.5,24722
6,10,31.533,24723
6,10,31.567,24724
6,10,31.6,24725
6,10,31.633,24726
6,10,31.667,24727
6,10,31.7,24728
6,10,31.733,24729
6,10,31.767,24730
6,10,31.8,24731
6,10,31.833,24732
6,10,31.867,24733
6,10,31.9,24734
6,10,31.933,24735
6,10,31.967,24736
6,10,32,24737
6,10,32.033,24738
6,10,32.067,24739
6,10,32.1,24740
6,10,32.133,24741
6,10,32.167,24742
6,10,32.2,24743
6,10,32.233,24744
6,10,32.267,24745
6,10,32.3,24746
6,10,32.333,24747
6,10,32.367,24748
6,10,32.4,24749
6,10,32.433,24750
6,10,32.467,24751
6,10,32.5,24752
6,10,32.533,24753
6,10,32.567,24754
6,10,32.6,24755
6,10,32.633,24756
6,10,32.667,24757
6,10,32.7,24758
6,10,32.733,24759
6,10,32.767,24760
6,10,32.8,24761
6,10,32.833,24762
6,10,32.867,24763
6,10,32.9,24764
6,10,32.933,24765
6,10,32.967,24766
6,10,33,24767
6,10,33.033,24768
6,10,33.067,24769
6,10,33.1,24770
6,10,33.133,24771
6,10,33.167,24772
6,10,33.2,24773
6,10,33.233,24774
6,10,33.267,24775
6,10,33.3,24776
6,10,33.333,24777
6,10,33.367,24778
6,10,33.4,24779
6,10,33.433,24780
6,10,33.467,24781
6,10,33.5,24782
6,10,33.533,24783
6,10,33.567,24784
6,10,33.6,24785
6,10,33.633,24786
6,10,33.667,24787
6,10,33.7,24788
6,10,33.733,24789
6,10,33.767,24790
6,10,33.8,24791
6,10,33.833,24792
6,10,33.867,24793
6,10,33.9,24794
6,10,33.933,24795
6,10,33.967,24796
6,10,34,24797
6,10,34.033,24798
6,10,34.067,24799
6,10,34.1,24800
6,10,34.133,24801
6,10,34.167,24802
6,10,34.2,24803
6,10,34.233,24804
6,10,34.267,24805
6,10,34.3,24806
6,10,34.333,24807
6,10,34.367,24808
6,10,34.4,24809
6,10,34.433,24810
6,10,34.467,24811
6,10,34.5,24812
6,10,34.533,24813
6,10,34.567,24814
6,10,34.6,24815
6,10,34.633,24816
6,10,34.667,24817
6,10,34.7,24818
6,10,34.733,24819
6,10,34.767,24820
6,10,34.8,24821
6,10,0,24822
6,10,0.033,24823
6,10,0.067,24824
6,10,0.1,24825
6,10,0.133,24826
6,10,0.167,24827
6,10,0.2,24828
6,10,0.233,24829
6,10,0.267,24830
6,10,0.3,24831
6,10,0.333,24832
6,10,0.367,24833
6,10,0.4,24834
6,10,0.433,24835
6,10,0.467,24836
6,10,0.5,24837
6,10,0.533,24838
6,10,0.567,24839
6,10,0.6,24840
6,10,0.633,24841
6,10,0.667,24842
6,10,0.7,24843
6,10,0.733,24844
6,10,0.767,24845
6,10,0.8,24846
6,10,0.833,24847
6,10,0.867,24848
6,10,0.9,24849
6,10,0.933,24850
6,10,0.967,24851
6,10,1,24852
6,10,1.033,24853
6,10,1.067,24854
6,10,1.1,24855
6,10,1.133,24856
6,10,1.167,24857
6,10,1.2,24858
6,10,1.233,24859
6,10,1.267,24860
6,10,1.3,24861
6,10,1.333,24862
6,10,1.367,24863
6,10,1.4,24864
6,10,1.433,24865
6,10,1.467,24866
6,10,1.5,24867
6,10,1.533,24868
6,10,1.567,24869
6,10,1.6,24870
6,10,1.633,24871
6,10,1.667,24872
6,10,1.7,24873
6,10,1.733,24874
6,10,1.767,24875
6,10,1.8,24876
6,10,1.833,24877
6,10,1.867,24878
6,10,1.9,24879
6,10,1.933,24880
6,10,1.967,24881
6,10,2,24882
6,10,2.033,24883
6,10,2.067,24884
6,10,2.1,24885
6,10,2.133,24886
6,10,2.167,24887
6,10,2.2,24888
6,10,2.233,24889
6,10,2.267,24890
6,10,2.3,24891
6,10,2.333,24892
6,10,2.367,24893
6,10,2.4,24894
6,10,2.433,24895
6,10,2.467,24896
6,10,2.5,24897
6,10,2.533,24898
6,10,2.567,24899
6,10,2.6,24900
6,10,2.633,24901
6,10,2.667,24902
6,10,2.7,24903
6,10,2.733,24904
6,10,2.767,24905
6,10,2.8,24906
6,10,2.833,24907
6,10,2.867,24908
6,10,2.9,24909
6,10,2.933,24910
6,10,2.967,24911
6,10,3,24912
6,10,3.033,24913
6,10,3.067,24914
6,10,3.1,24915
6,10,3.133,24916
6,10,3.167,24917
6,10,3.2,24918
6,10,3.233,24919
6,10,3.267,24920
6,10,3.3,24921
6,10,3.333,24922
6,10,3.367,24923
6,10,3.4,24924
6,10,3.433,24925
6,10,3.467,24926
6,10,3.5,24927
6,10,3.533,24928
6,10,3.567,24929
6,10,3.6,24930
6,10,3.633,24931
6,10,3.667,24932
6,10,3.7,24933
6,10,3.733,24934
6,10,3.767,24935
6,10,3.8,24936
6,10,3.833,24937
6,10,3.867,24938
6,10,3.9,24939
6,10,3.933,24940
6,10,3.967,24941
6,10,4,24942
6,10,4.033,24943
6,10,4.067,24944
6,10,4.1,24945
6,10,4.133,24946
6,10,4.167,24947
6,10,4.2,24948
6,10,4.233,24949
6,10,4.267,24950
6,10,4.3,24951
6,10,4.333,24952
6,10,4.367,24953
6,10,4.4,24954
6,10,4.433,24955
6,10,4.467,24956
6,10,4.5,24957
6,10,4.533,24958
6,10,4.567,24959
6,10,4.6,24960
6,10,4.633,24961
6,10,4.667,24962
6,10,4.7,24963
6,10,4.733,24964
6,10,4.767,24965
6,10,4.8,24966
6,10,4.833,24967
6,10,4.867,24968
6,10,4.9,24969
6,10,4.933,24970
6,10,4.967,24971
6,10,5,24972
6,10,5.033,24973
6,10,5.067,24974
6,10,5.1,24975
6,10,5.133,24976
6,10,5.167,24977
6,10,5.2,24978
6,10,5.233,24979
6,10,5.267,24980
6,10,5.3,24981
6,10,5.333,24982
6,10,5.367,24983
6,10,5.4,24984
6,10,5.433,24985
6,10,5.467,24986
6,10,5.5,24987
6,10,5.533,24988
6,10,5.567,24989
6,10,5.6,24990
6,10,5.633,24991
6,10,5.667,24992
6,10,5.7,24993
6,10,5.733,24994
6,10,5.767,24995
6,10,5.8,24996
6,10,5.833,24997
6,10,5.867,24998
6,10,5.9,24999
6,10,5.933,25000
6,10,5.967,25001
6,10,6,25002
6,10,6.033,25003
6,10,6.067,25004
6,10,6.1,25005
6,10,6.133,25006
6,10,6.167,25007
6,10,6.2,25008
6,10,6.233,25009
6,10,6.267,25010
6,10,6.3,25011
6,10,6.333,25012
6,10,6.367,25013
6,10,6.4,25014
6,10,6.433,25015
6,10,6.467,25016
6,10,6.5,25017
6,10,6.533,25018
6,10,6.567,25019
6,10,6.6,25020
6,10,6.633,25021
6,10,6.667,25022
6,10,6.7,25023
6,10,6.733,25024
6,10,6.767,25025
6,10,6.8,25026
6,10,6.833,25027
6,10,6.867,25028
6,10,6.9,25029
6,10,6.933,25030
6,10,6.967,25031
6,10,7,25032
6,10,7.033,25033
6,10,7.067,25034
6,10,7.1,25035
6,10,7.133,25036
6,10,7.167,25037
6,10,7.2,25038
6,10,7.233,25039
6,10,7.267,25040
6,10,7.3,25041
6,10,7.333,25042
6,10,7.367,25043
6,10,7.4,25044
6,10,7.433,25045
6,10,7.467,25046
6,10,7.5,25047
6,10,7.533,25048
6,10,7.567,25049
6,10,7.6,25050
6,10,7.633,25051
6,10,7.667,25052
6,10,7.7,25053
6,10,7.733,25054
6,10,7.767,25055
6,10,7.8,25056
6,10,7.833,25057
6,10,7.867,25058
6,10,7.9,25059
6,10,7.933,25060
6,10,7.967,25061
6,10,8,25062
6,10,8.033,25063
6,10,8.067,25064
6,10,8.1,25065
6,10,8.133,25066
6,10,8.167,25067
6,10,8.2,25068
6,10,8.233,25069
6,10,8.267,25070
6,10,8.3,25071
6,10,8.333,25072
6,10,8.367,25073
6,10,8.4,25074
6,10,8.433,25075
6,10,8.467,25076
6,10,8.5,25077
6,10,8.533,25078
6,10,8.567,25079
6,10,8.6,25080
6,10,8.633,25081
6,10,8.667,25082
6,10,8.7,25083
6,10,8.733,25084
6,10,8.767,25085
6,10,8.8,25086
6,10,8.833,25087
6,10,8.867,25088
6,10,8.9,25089
6,10,8.933,25090
6,10,8.967,25091
6,10,9,25092
6,10,9.033,25093
6,10,9.067,25094
6,10,9.1,25095
6,10,9.133,25096
6,10,9.167,25097
6,10,9.2,25098
6,10,9.233,25099
6,10,9.267,25100
6,10,9.3,25101
6,10,9.333,25102
6,10,9.367,25103
6,10,9.4,25104
6,10,9.433,25105
6,10,9.467,25106
6,10,9.5,25107
6,10,9.533,25108
6,10,9.567,25109
6,10,9.6,25110
6,10,9.633,25111
6,10,9.667,25112
6,10,9.7,25113
6,10,9.733,25114
6,10,9.767,25115
6,10,9.8,25116
6,10,9.833,25117
6,10,9.867,25118
6,10,9.9,25119
6,10,9.933,25120
6,10,9.967,25121
6,10,10,25122
6,10,10.033,25123
6,10,10.067,25124
6,10,10.1,25125
6,10,10.133,25126
6,10,10.167,25127
6,10,10.2,25128
6,10,10.233,25129
6,10,10.267,25130
6,10,10.3,25131
6,10,10.333,25132
6,10,10.367,25133
6,10,10.4,25134
6,10,10.433,25135
6,10,10.467,25136
6,10,10.5,25137
6,10,10.533,25138
6,10,10.567,25139
6,10,10.6,25140
6,10,10.633,25141
6,10,10.667,25142
6,10,10.7,25143
6,10,10.733,25144
6,10,10.767,25145
6,10,10.8,25146
6,10,10.833,25147
6,10,10.867,25148
6,10,10.9,25149
6,10,10.933,25150
6,10,10.967,25151
6,10,11,25152
6,10,11.033,25153
6,10,11.067,25154
6,10,11.1,25155
6,10,11.133,25156
6,10,11.167,25157
6,10,11.2,25158
6,10,11.233,25159
6,10,11.267,25160
6,10,11.3,25161
6,10,11.333,25162
6,10,11.367,25163
6,10,11.4,25164
6,10,11.433,25165
6,10,11.467,25166
6,10,11.5,25167
6,10,11.533,25168
6,10,11.567,25169
6,10,11.6,25170
6,10,11.633,25171
6,10,11.667,25172
6,10,11.7,25173
6,10,11.733,25174
6,10,11.767,25175
6,10,11.8,25176
6,10,11.833,25177
6,10,11.867,25178
6,10,11.9,25179
6,10,11.933,25180
6,10,11.967,25181
6,10,12,25182
6,10,12.033,25183
6,10,12.067,25184
6,10,12.1,25185
6,10,12.133,25186
6,10,12.167,25187
6,10,12.2,25188
6,10,12.233,25189
6,10,12.267,25190
6,10,12.3,25191
6,10,12.333,25192
6,10,12.367,25193
6,10,12.4,25194
6,10,12.433,25195
6,10,12.467,25196
6,10,12.5,25197
6,10,12.533,25198
6,10,12.567,25199
6,10,12.6,25200
6,10,12.633,25201
6,10,12.667,25202
6,10,12.7,25203
6,10,12.733,25204
6,10,12.767,25205
6,10,12.8,25206
6,10,12.833,25207
6,10,12.867,25208
6,10,12.9,25209
6,10,12.933,25210
6,10,12.967,25211
6,10,13,25212
6,10,13.033,25213
6,10,13.067,25214
6,10,13.1,25215
6,10,13.133,25216
6,10,13.167,25217
6,10,13.2,25218
6,10,13.233,25219
6,10,13.267,25220
6,10,13.3,25221
6,10,13.333,25222
6,10,13.367,25223
6,10,13.4,25224
6,10,13.433,25225
6,10,13.467,25226
6,10,13.5,25227
6,10,13.533,25228
6,10,13.567,25229
6,10,13.6,25230
6,10,13.633,25231
6,10,13.667,25232
6,10,13.7,25233
6,10,13.733,25234
6,10,13.767,25235
6,10,13.8,25236
6,10,13.833,25237
6,10,13.867,25238
6,10,13.9,25239
6,10,13.933,25240
6,10,13.967,25241
6,10,14,25242
6,10,14.033,25243
6,10,14.067,25244
6,10,14.1,25245
6,10,14.133,25246
6,10,14.167,25247
6,10,14.2,25248
6,10,14.233,25249
6,10,14.267,25250
6,10,14.3,25251
6,10,14.333,25252
6,10,14.367,25253
6,10,14.4,25254
6,10,14.433,25255
6,10,14.467,25256
6,10,14.5,25257
6,10,14.533,25258
6,10,14.567,25259
6,10,14.6,25260
6,10,14.633,25261
6,10,14.667,25262
6,10,14.7,25263
6,10,14.733,25264
6,10,14.767,25265
6,10,14.8,25266
6,10,14.833,25267
6,10,14.867,25268
6,10,14.9,25269
6,10,14.933,25270
6,10,14.967,25271
6,10,15,25272
6,10,15.033,25273
6,10,15.067,25274
6,10,15.1,25275
6,10,15.133,25276
6,10,15.167,25277
6,10,15.2,25278
6,10,15.233,25279
6,10,15.267,25280
6,10,15.3,25281
6,10,15.333,25282
6,10,15.367,25283
6,10,15.4,25284
6,10,15.433,25285
6,10,15.467,25286
6,10,15.5,25287
6,10,15.533,25288
6,10,15.567,25289
6,10,15.6,25290
6,10,15.633,25291
6,10,15.667,25292
6,10,15.7,25293
6,10,15.733,25294
6,10,15.767,25295
6,10,15.8,25296
6,10,15.833,25297
6,10,15.867,25298
6,10,15.9,25299
6,10,15.933,25300
6,10,15.967,25301
6,10,16,25302
6,10,16.033,25303
6,10,16.067,25304
6,10,16.1,25305
6,10,16.133,25306
6,10,16.167,25307
6,10,16.2,25308
6,10,16.233,25309
6,10,16.267,25310
6,10,16.3,25311
6,10,16.333,25312
6,10,16.367,25313
6,10,16.4,25314
6,10,16.433,25315
6,10,16.467,25316
6,10,16.5,25317
6,10,16.533,25318
6,10,16.567,25319
6,10,16.6,25320
6,10,16.633,25321
6,10,16.667,25322
6,10,16.7,25323
6,10,16.733,25324
6,10,16.767,25325
6,10,16.8,25326
6,10,16.833,25327
6,10,16.867,25328
6,10,16.9,25329
6,10,16.933,25330
6,10,16.967,25331
6,10,17,25332
6,10,17.033,25333
6,10,17.067,25334
6,10,17.1,25335
6,10,17.133,25336
6,10,17.167,25337
6,10,17.2,25338
6,10,17.233,25339
6,10,17.267,25340
6,10,17.3,25341
6,10,17.333,25342
6,10,17.367,25343
6,10,17.4,25344
6,10,17.433,25345
6,10,17.467,25346
6,10,17.5,25347
6,10,17.533,25348
6,10,17.567,25349
6,10,17.6,25350
6,10,17.633,25351
6,10,17.667,25352
6,10,17.7,25353
6,10,17.733,25354
6,10,17.767,25355
6,10,17.8,25356
6,10,17.833,25357
6,10,17.867,25358
6,10,17.9,25359
6,10,17.933,25360
6,10,17.967,25361
6,10,18,25362
6,10,18.033,25363
6,10,18.067,25364
6,10,18.1,25365
6,10,18.133,25366
6,10,18.167,25367
6,10,18.2,25368
6,10,18.233,25369
6,10,18.267,25370
6,10,18.3,25371
6,10,18.333,25372
6,10,18.367,25373
6,10,18.4,25374
6,10,18.433,25375
6,10,18.467,25376
6,10,18.5,25377
6,10,18.533,25378
6,10,18.567,25379
6,10,18.6,25380
6,10,18.633,25381
6,10,18.667,25382
6,10,18.7,25383
6,10,18.733,25384
6,10,18.767,25385
6,10,18.8,25386
6,10,18.833,25387
6,10,18.867,25388
6,10,18.9,25389
6,10,18.933,25390
6,10,18.967,25391
6,10,19,25392
6,10,19.033,25393
6,10,19.067,25394
6,10,19.1,25395
6,10,19.133,25396
6,10,19.167,25397
6,10,19.2,25398
6,10,19.233,25399
6,10,19.267,25400
6,10,19.3,25401
6,10,19.333,25402
6,10,19.367,25403
6,10,19.4,25404
6,10,19.433,25405
6,10,19.467,25406
6,10,19.5,25407
6,10,19.533,25408
6,10,19.567,25409
6,10,19.6,25410
6,10,19.633,25411
6,10,19.667,25412
6,10,19.7,25413
6,10,19.733,25414
6,10,19.767,25415
6,10,19.8,25416
6,10,19.833,25417
6,10,19.867,25418
6,10,19.9,25419
6,10,19.933,25420
6,10,19.967,25421
6,10,20,25422
6,10,20.033,25423
6,10,20.067,25424
6,10,20.1,25425
6,10,20.133,25426
6,10,20.167,25427
6,10,20.2,25428
6,10,20.233,25429
6,10,20.267,25430
6,10,20.3,25431
6,10,20.333,25432
6,10,20.367,25433
6,10,20.4,25434
6,10,20.433,25435
6,10,20.467,25436
6,10,20.5,25437
6,10,20.533,25438
6,10,20.567,25439
6,10,20.6,25440
6,10,20.633,25441
6,10,20.667,25442
6,10,20.7,25443
6,10,20.733,25444
6,10,20.767,25445
6,10,20.8,25446
6,10,20.833,25447
6,10,20.867,25448
6,10,20.9,25449
6,10,20.933,25450
6,10,20.967,25451
6,10,21,25452
6,10,21.033,25453
6,10,21.067,25454
6,10,21.1,25455
6,10,21.133,25456
6,10,21.167,25457
6,10,21.2,25458
6,10,21.233,25459
6,10,21.267,25460
6,10,21.3,25461
6,10,21.333,25462
6,10,21.367,25463
6,10,21.4,25464
6,10,21.433,25465
6,10,21.467,25466
6,10,21.5,25467
6,10,21.533,25468
6,10,21.567,25469
6,10,21.6,25470
6,10,21.633,25471
6,10,21.667,25472
6,10,21.7,25473
6,10,21.733,25474
6,10,21.767,25475
6,10,21.8,25476
6,10,21.833,25477
6,10,21.867,25478
6,10,21.9,25479
6,10,21.933,25480
6,10,21.967,25481
6,10,22,25482
6,10,22.033,25483
6,10,22.067,25484
6,10,22.1,25485
6,10,22.133,25486
6,10,22.167,25487
6,10,22.2,25488
6,10,22.233,25489
6,10,22.267,25490
6,10,22.3,25491
6,10,22.333,25492
6,10,22.367,25493
6,10,22.4,25494
6,10,22.433,25495
6,10,22.467,25496
6,10,22.5,25497
6,10,22.533,25498
6,10,22.567,25499
6,10,22.6,25500
6,10,22.633,25501
6,10,22.667,25502
6,10,22.7,25503
6,10,22.733,25504
6,10,22.767,25505
6,10,22.8,25506
6,10,22.833,25507
6,10,22.867,25508
6,10,22.9,25509
6,10,22.933,25510
6,10,22.967,25511
6,10,23,25512
6,10,23.033,25513
6,10,23.067,25514
6,10,23.1,25515
6,10,23.133,25516
6,10,23.167,25517
6,10,23.2,25518
6,10,23.233,25519
6,10,23.267,25520
6,10,23.3,25521
6,10,23.333,25522
6,10,23.367,25523
6,10,23.4,25524
6,10,23.433,25525
6,10,23.467,25526
6,10,23.5,25527
6,10,23.533,25528
6,10,23.567,25529
6,10,23.6,25530
6,10,23.633,25531
6,10,23.667,25532
6,10,23.7,25533
6,10,23.733,25534
6,10,23.767,25535
6,10,23.8,25536
6,10,23.833,25537
6,10,23.867,25538
6,10,23.9,25539
6,10,23.933,25540
6,10,23.967,25541
6,10,24,25542
6,10,24.033,25543
6,10,24.067,25544
6,10,24.1,25545
6,10,24.133,25546
6,10,24.167,25547
6,10,24.2,25548
6,10,24.233,25549
6,10,24.267,25550
6,10,24.3,25551
6,10,24.333,25552
6,10,24.367,25553
6,10,24.4,25554
6,10,24.433,25555
6,10,24.467,25556
6,10,24.5,25557
6,10,24.533,25558
6,10,24.567,25559
6,10,24.6,25560
6,10,24.633,25561
6,10,24.667,25562
6,10,24.7,25563
6,10,24.733,25564
6,10,24.767,25565
6,10,24.8,25566
6,10,24.833,25567
6,10,24.867,25568
6,10,24.9,25569
6,10,24.933,25570
6,10,24.967,25571
6,10,25,25572
6,10,25.033,25573
6,10,25.067,25574
6,10,25.1,25575
6,10,25.133,25576
6,10,25.167,25577
6,10,25.2,25578
6,10,25.233,25579
6,10,25.267,25580
6,10,25.3,25581
6,10,25.333,25582
6,10,25.367,25583
6,10,25.4,25584
6,10,25.433,25585
6,10,25.467,25586
6,10,25.5,25587
6,10,25.533,25588
6,10,25.567,25589
6,10,25.6,25590
6,10,25.633,25591
6,10,25.667,25592
6,10,25.7,25593
6,10,25.733,25594
6,10,25.767,25595
6,10,25.8,25596
6,10,25.833,25597
6,10,25.867,25598
6,10,25.9,25599
6,10,25.933,25600
6,10,25.967,25601
6,10,26,25602
6,10,26.033,25603
6,10,26.067,25604
6,10,26.1,25605
6,10,26.133,25606
2,10,26.233,25607
2,10,26.267,25608
2,10,26.3,25609
2,10,26.333,25610
2,10,26.367,25611
2,10,26.833,25612
2,10,26.867,25613
2,10,26.9,25614
2,10,26.933,25615
2,10,26.967,25616
2,10,27,25617
2,10,27.033,25618
2,10,27.067,25619
2,10,27.1,25620
2,10,27.133,25621
2,10,27.167,25622
2,10,27.2,25623
2,10,27.233,25624
2,10,27.267,25625
2,10,27.3,25626
2,10,27.333,25627
2,10,27.367,25628
2,10,27.4,25629
2,10,27.433,25630
2,10,27.467,25631
2,10,27.5,25632
2,10,27.533,25633
2,10,27.567,25634
2,10,27.6,25635
2,10,27.633,25636
2,10,27.667,25637
2,10,27.7,25638
2,10,27.733,25639
2,10,27.767,25640
2,10,27.8,25641
2,10,27.833,25642
2,10,27.867,25643
2,10,27.9,25644
2,10,27.933,25645
2,10,27.967,25646
2,10,28,25647
2,10,28.033,25648
2,10,28.067,25649
2,10,28.1,25650
2,10,28.133,25651
2,10,28.167,25652
2,10,28.2,25653
2,10,28.233,25654
2,10,28.267,25655
2,10,28.3,25656
2,10,28.333,25657
2,10,28.367,25658
2,10,28.4,25659
2,10,28.433,25660
2,10,28.467,25661
2,10,28.5,25662
2,10,28.533,25663
2,10,28.567,25664
2,10,28.6,25665
2,10,28.633,25666
2,10,28.667,25667
2,10,28.7,25668
2,10,28.733,25669
2,10,28.767,25670
2,10,28.8,25671
2,10,28.833,25672
2,10,28.867,25673
2,10,28.9,25674
2,10,28.933,25675
2,10,28.967,25676
2,10,29,25677
2,10,29.033,25678
2,10,29.067,25679
2,10,29.1,25680
2,10,29.133,25681
2,10,29.167,25682
2,10,29.2,25683
2,10,29.233,25684
2,10,29.267,25685
2,10,29.3,25686
2,10,29.333,25687
2,10,29.367,25688
2,10,29.4,25689
2,10,29.433,25690
2,10,29.467,25691
2,10,29.5,25692
2,10,29.533,25693
2,10,29.567,25694
2,10,29.6,25695
2,10,29.633,25696
2,10,29.667,25697
2,10,29.7,25698
2,10,29.733,25699
2,10,29.767,25700
2,10,29.8,25701
2,10,29.833,25702
2,10,29.867,25703
2,10,29.9,25704
2,10,29.933,25705
2,10,29.967,25706
2,10,30,25707
2,10,30.033,25708
2,10,30.067,25709
2,10,30.1,25710
2,10,30.133,25711
2,10,30.167,25712
2,10,30.2,25713
2,10,30.233,25714
2,10,30.267,25715
2,10,30.3,25716
2,10,30.333,25717
2,10,30.367,25718
2,10,30.4,25719
2,10,30.433,25720
2,10,30.467,25721
2,10,30.5,25722
2,10,30.533,25723
2,10,30.567,25724
2,10,30.6,25725
2,10,30.633,25726
2,10,30.667,25727
2,10,30.7,25728
2,10,30.733,25729
2,10,30.767,25730
2,10,30.8,25731
2,10,30.833,25732
2,10,30.867,25733
2,10,30.9,25734
2,10,30.933,25735
2,10,30.967,25736
2,10,31,25737
2,10,31.033,25738
2,10,31.067,25739
2,10,31.1,25740
2,10,31.133,25741
2,10,31.167,25742
2,10,31.2,25743
2,10,31.233,25744
2,10,31.267,25745
2,10,31.3,25746
2,10,31.333,25747
2,10,31.367,25748
2,10,31.4,25749
2,10,31.433,25750
2,10,31.467,25751
2,10,31.5,25752
2,10,31.533,25753
2,10,31.567,25754
2,10,31.6,25755
2,10,31.633,25756
2,10,31.667,25757
2,10,31.7,25758
2,10,31.733,25759
2,10,31.767,25760
2,10,31.8,25761
2,10,31.833,25762
2,10,31.867,25763
2,10,31.9,25764
2,10,31.933,25765
2,10,31.967,25766
2,10,32,25767
2,10,32.033,25768
2,10,32.067,25769
2,10,32.1,25770
2,10,32.133,25771
2,10,32.167,25772
2,10,32.2,25773
2,10,32.233,25774
2,10,32.267,25775
2,10,32.3,25776
2,10,32.333,25777
2,10,32.367,25778
2,10,32.4,25779
2,10,32.433,25780
2,10,32.467,25781
2,10,32.5,25782
2,10,32.533,25783
2,10,32.567,25784
2,10,32.6,25785
2,10,32.633,25786
2,10,32.667,25787
2,10,32.7,25788
2,10,32.733,25789
2,10,32.767,25790
2,10,32.8,25791
2,10,32.833,25792
2,10,32.867,25793
2,10,32.9,25794
2,10,32.933,25795
2,10,32.967,25796
2,10,33,25797
2,10,33.033,25798
2,10,33.067,25799
2,10,33.1,25800
2,10,33.133,25801
2,10,33.167,25802
2,10,33.2,25803
2,10,33.233,25804
2,10,33.267,25805
2,10,33.3,25806
2,10,33.333,25807
2,10,33.367,25808
2,10,33.4,25809
2,10,33.433,25810
2,10,33.467,25811
2,10,33.5,25812
2,10,33.533,25813
2,10,33.567,25814
2,10,33.6,25815
2,10,33.633,25816
2,10,33.667,25817
2,10,33.7,25818
2,10,33.733,25819
2,10,33.767,25820
2,10,33.8,25821
2,10,33.833,25822
2,10,33.867,25823
2,10,33.9,25824
2,10,33.933,25825
2,10,33.967,25826
2,10,34,25827
2,10,34.033,25828
2,10,34.067,25829
2,10,34.1,25830
2,10,34.133,25831
2,10,34.167,25832
2,10,34.2,25833
2,10,34.233,25834
2,10,34.267,25835
2,10,34.3,25836
2,10,34.333,25837
2,10,34.367,25838
2,10,34.4,25839
2,10,34.433,25840
2,10,34.467,25841
2,10,34.5,25842
2,10,34.533,25843
2,10,34.567,25844
2,10,34.6,25845
2,10,34.633,25846
2,10,34.667,25847
2,10,34.7,25848
2,10,34.733,25849
2,10,34.767,25850
2,10,34.8,25851
2,10,34.833,25852
2,10,34.867,25853
2,10,34.9,25854
2,10,34.933,25855
2,10,34.967,25856
2,10,35,25857
2,10,35.033,25858
2,10,35.067,25859
2,10,35.1,25860
2,10,35.133,25861
2,10,35.167,25862
2,10,35.2,25863
2,10,35.233,25864
2,10,35.267,25865
2,10,35.3,25866
2,10,35.333,25867
2,10,35.367,25868
2,10,35.4,25869
2,10,35.433,25870
2,10,35.467,25871
2,10,35.5,25872
2,10,35.533,25873
2,10,35.567,25874
2,10,35.6,25875
2,10,35.633,25876
2,10,35.667,25877
2,10,35.7,25878
2,10,35.733,25879
2,10,35.767,25880
2,10,35.8,25881
2,10,35.833,25882
2,10,35.867,25883
2,10,35.9,25884
2,10,35.933,25885
2,10,35.967,25886
2,10,36,25887
2,10,36.033,25888
2,10,36.067,25889
2,10,36.1,25890
2,10,36.133,25891
2,10,36.167,25892
2,10,36.2,25893
2,10,36.233,25894
2,10,36.267,25895
2,10,36.3,25896
2,10,36.333,25897
2,10,36.367,25898
2,10,36.4,25899
2,10,36.433,25900
2,10,36.467,25901
2,10,36.5,25902
2,10,36.533,25903
2,10,36.567,25904
2,10,36.6,25905
2,10,36.633,25906
2,10,36.667,25907
2,10,36.7,25908
2,10,36.733,25909
2,10,36.767,25910
2,10,36.8,25911
2,10,36.833,25912
2,10,36.867,25913
2,10,36.9,25914
2,10,36.933,25915
2,10,36.967,25916
2,10,37,25917
2,10,37.033,25918
2,10,37.067,25919
2,10,37.1,25920
2,10,37.133,25921
2,10,37.167,25922
2,10,37.2,25923
2,10,37.233,25924
2,10,37.267,25925
2,10,37.3,25926
2,10,37.333,25927
2,10,37.367,25928
2,10,37.4,25929
2,10,37.433,25930
2,10,37.467,25931
2,10,37.5,25932
2,10,37.533,25933
2,10,37.567,25934
2,10,37.6,25935
2,10,37.633,25936
2,10,37.667,25937
2,10,37.7,25938
2,10,37.733,25939
2,10,37.767,25940
2,10,37.8,25941
2,10,37.833,25942
2,10,37.867,25943
2,10,37.9,25944
2,10,37.933,25945
2,10,37.967,25946
2,10,38,25947
2,10,38.033,25948
2,10,38.067,25949
2,10,38.1,25950
2,10,38.133,25951
2,10,38.167,25952
2,10,38.2,25953
2,10,38.233,25954
2,10,38.267,25955
2,10,38.3,25956
2,10,0,25957
2,10,0.033,25958
2,10,0.067,25959
2,10,0.1,25960
2,10,0.133,25961
2,10,0.167,25962
2,10,0.2,25963
2,10,0.233,25964
2,10,0.267,25965
2,10,0.3,25966
2,10,0.333,25967
2,10,0.367,25968
2,10,0.4,25969
2,10,0.433,25970
2,10,0.467,25971
4,10,0.533,25972
5,10,0.667,25973
5,10,0.7,25974
5,10,0.733,25975
5,10,0.767,25976
5,10,0.8,25977
5,10,0.833,25978
5,10,0.867,25979
5,10,0.9,25980
5,10,0.933,25981
5,10,0.967,25982
5,10,1,25983
5,10,1.033,25984
5,10,1.067,25985
5,10,1.1,25986
5,10,1.133,25987
5,10,1.167,25988
5,10,1.2,25989
5,10,1.233,25990
5,10,1.267,25991
5,10,1.3,25992
5,10,1.333,25993
5,10,0,25994
5,10,0.033,25995
5,10,0.067,25996
5,10,0.1,25997
5,10,0.133,25998
5,10,0.167,25999
5,10,0.2,26000
5,10,0.233,26001
5,10,0.267,26002
5,10,0.3,26003
5,10,0.333,26004
5,10,0.367,26005
5,10,0.4,26006
5,10,0.433,26007
5,10,0.467,26008
5,10,0.5,26009
5,10,0.533,26010
5,10,0.567,26011
5,10,0.6,26012
5,10,0.633,26013
5,10,0.667,26014
5,10,0.7,26015
5,10,0.733,26016
5,10,0.767,26017
5,10,0.8,26018
5,10,0.833,26019
5,10,0.867,26020
5,10,0.9,26021
5,10,0.933,26022
5,10,0.967,26023
5,10,1,26024
5,10,1.033,26025
5,10,1.067,26026
5,10,1.1,26027
5,10,1.133,26028
5,10,1.167,26029
5,10,1.2,26030
5,10,1.233,26031
5,10,1.267,26032
5,10,1.3,26033
5,10,1.333,26034
5,10,1.367,26035
5,10,1.4,26036
5,10,1.433,26037
5,10,1.467,26038
5,10,1.5,26039
5,10,1.533,26040
5,10,1.567,26041
5,10,1.6,26042
5,10,1.633,26043
5,10,1.667,26044
5,10,1.7,26045
5,10,1.733,26046
5,10,1.767,26047
5,10,1.8,26048
5,10,1.833,26049
5,10,1.867,26050
5,10,1.9,26051
5,10,1.933,26052
5,10,1.967,26053
5,10,2,26054
5,10,2.033,26055
5,10,2.067,26056
5,10,2.1,26057
5,10,2.133,26058
5,10,2.167,26059
5,10,2.2,26060
5,10,2.233,26061
5,10,2.267,26062
5,10,2.3,26063
5,10,2.333,26064
5,10,2.367,26065
5,10,2.4,26066
5,10,2.433,26067
5,10,2.467,26068
5,10,2.5,26069
5,10,2.533,26070
5,10,2.567,26071
5,10,2.6,26072
5,10,2.633,26073
5,10,2.667,26074
5,10,2.7,26075
5,10,2.733,26076
5,10,2.767,26077
5,10,2.8,26078
5,10,2.833,26079
5,10,2.867,26080
3,10,2.933,26081
3,10,2.967,26082
3,10,3,26083
3,10,3.033,26084
3,10,3.067,26085
3,10,3.1,26086
3,10,3.133,26087
3,10,3.167,26088
3,10,3.2,26089
3,10,3.233,26090
3,10,3.267,26091
3,10,3.3,26092
3,10,3.333,26093
3,10,3.367,26094
4,10,3.5,26095
4,10,3.533,26096
4,10,3.567,26097
4,10,3.6,26098
4,10,3.633,26099
4,10,3.667,26100
4,10,3.7,26101
4,10,3.733,26102
4,10,3.767,26103
4,10,3.8,26104
4,10,3.833,26105
4,10,3.867,26106
4,10,3.9,26107
4,10,3.933,26108
4,10,3.967,26109
4,10,4,26110
4,10,4.033,26111
4,10,4.067,26112
4,10,4.1,26113
4,10,4.133,26114
4,10,4.167,26115
4,10,4.2,26116
4,10,4.233,26117
4,10,4.267,26118
4,10,4.3,26119
4,10,4.333,26120
3,10,4.467,26121
3,10,4.5,26122
3,10,4.533,26123
3,10,4.567,26124
3,10,4.6,26125
3,10,4.633,26126
3,10,4.667,26127
3,10,4.7,26128
3,10,4.733,26129
3,10,4.767,26130
3,10,4.8,26131
3,10,4.833,26132
4,10,4.933,26133
4,10,4.967,26134
4,10,5,26135
4,10,5.033,26136
4,10,5.067,26137
4,10,5.1,26138
4,10,5.133,26139
4,10,5.167,26140
4,10,5.2,26141
4,10,5.233,26142
4,10,5.267,26143
4,10,5.3,26144
4,10,5.333,26145
4,10,5.367,26146
4,10,5.4,26147
4,10,5.433,26148
4,10,5.467,26149
4,10,5.5,26150
4,10,5.533,26151
4,10,5.567,26152
4,10,5.6,26153
4,10,5.633,26154
4,10,5.667,26155
4,10,5.7,26156
4,10,5.733,26157
4,10,5.767,26158
4,10,5.8,26159
4,10,5.833,26160
4,10,5.867,26161
4,10,5.9,26162
4,10,5.933,26163
4,10,5.967,26164
4,10,6,26165
4,10,6.033,26166
4,10,6.067,26167
4,10,6.1,26168
4,10,6.133,26169
4,10,6.167,26170
4,10,6.2,26171
4,10,6.233,26172
4,10,6.267,26173
4,10,6.3,26174
4,10,6.333,26175
4,10,6.367,26176
4,10,6.4,26177
4,10,6.433,26178
4,10,6.467,26179
4,10,6.5,26180
4,10,6.533,26181
4,10,6.567,26182
4,10,6.6,26183
4,10,6.633,26184
4,10,6.667,26185
4,10,6.7,26186
4,10,6.733,26187
4,10,6.767,26188
4,10,6.8,26189
4,10,6.833,26190
4,10,6.867,26191
4,10,6.9,26192
4,10,6.933,26193
4,10,6.967,26194
4,10,7,26195
4,10,7.033,26196
4,10,7.067,26197
4,10,7.1,26198
4,10,7.133,26199
4,10,7.167,26200
4,10,7.2,26201
4,10,7.233,26202
4,10,7.267,26203
4,10,7.3,26204
4,10,7.333,26205
4,10,7.367,26206
4,10,7.4,26207
4,10,7.433,26208
4,10,7.467,26209
4,10,7.5,26210
4,10,7.533,26211
4,10,7.567,26212
4,10,7.6,26213
4,10,7.633,26214
4,10,7.667,26215
4,10,7.7,26216
4,10,7.733,26217
4,10,7.767,26218
4,10,7.8,26219
4,10,7.833,26220
4,10,7.867,26221
4,10,7.9,26222
4,10,7.933,26223
4,10,7.967,26224
4,10,8,26225
4,10,8.033,26226
4,10,8.067,26227
4,10,8.1,26228
4,10,8.133,26229
4,10,8.167,26230
4,10,8.2,26231
4,10,8.233,26232
4,10,8.267,26233
4,10,8.3,26234
4,10,8.333,26235
4,10,8.367,26236
4,10,8.4,26237
4,10,8.433,26238
4,10,8.467,26239
4,10,8.5,26240
4,10,8.533,26241
4,10,8.567,26242
4,10,8.6,26243
3,10,8.733,26244
3,10,8.767,26245
3,10,8.8,26246
3,10,8.833,26247
3,10,8.867,26248
3,10,8.9,26249
3,10,8.933,26250
3,10,8.967,26251
3,10,9,26252
3,10,9.033,26253
3,10,9.067,26254
3,10,9.1,26255
3,10,9.133,26256
3,10,9.167,26257
3,10,9.2,26258
3,10,9.233,26259
3,10,9.267,26260
3,10,9.3,26261
3,10,9.333,26262
3,10,9.367,26263
3,10,9.4,26264
3,10,9.433,26265
3,10,9.467,26266
3,10,9.5,26267
3,10,9.533,26268
3,10,9.567,26269
3,10,9.6,26270
3,10,9.633,26271
3,10,9.667,26272
3,10,9.7,26273
3,10,9.733,26274
3,10,9.767,26275
3,10,9.8,26276
3,10,9.833,26277
3,10,9.867,26278
3,10,9.9,26279
3,10,9.933,26280
3,10,9.967,26281
3,10,10,26282
3,10,10.033,26283
3,10,10.067,26284
3,10,10.1,26285
3,10,10.133,26286
3,10,10.167,26287
3,10,10.2,26288
3,10,10.233,26289
3,10,10.267,26290
3,10,10.3,26291
3,10,10.333,26292
3,10,10.367,26293
3,10,10.4,26294
3,10,10.433,26295
3,10,10.467,26296
3,10,10.5,26297
3,10,10.533,26298
3,10,10.567,26299
3,10,10.6,26300
3,10,10.633,26301
3,10,10.667,26302
3,10,10.7,26303
3,10,10.733,26304
3,10,10.767,26305
3,10,10.8,26306
3,10,10.833,26307
3,10,10.867,26308
3,10,10.9,26309
3,10,10.933,26310
3,10,10.967,26311
3,10,11,26312
3,10,11.033,26313
3,10,11.067,26314
3,10,11.1,26315
3,10,11.133,26316
3,10,11.167,26317
3,10,11.2,26318
3,10,11.233,26319
3,10,11.267,26320
3,10,11.3,26321
3,10,11.333,26322
3,10,11.367,26323
3,10,11.4,26324
3,10,11.433,26325
3,10,11.467,26326
3,10,0,26327
3,10,0.033,26328
3,10,0.067,26329
3,10,0.1,26330
3,10,0.133,26331
3,10,0.167,26332
3,10,0.2,26333
3,10,0.233,26334
3,10,0.267,26335
3,10,0.3,26336
3,10,0.333,26337
3,10,0.367,26338
3,10,0.4,26339
3,10,0.433,26340
3,10,0.467,26341
3,10,0.5,26342
3,10,0.533,26343
3,10,0.567,26344
3,10,0.6,26345
3,10,0.633,26346
3,10,0.667,26347
3,10,0.7,26348
3,10,0.733,26349
3,10,0.767,26350
3,10,0.8,26351
3,10,0.833,26352
3,10,0.867,26353
3,10,0.9,26354
3,10,0.933,26355
3,10,0.967,26356
3,10,1,26357
3,10,1.033,26358
3,10,1.067,26359
3,10,1.1,26360
3,10,1.133,26361
3,10,1.167,26362
3,10,1.2,26363
3,10,1.233,26364
3,10,1.267,26365
3,10,1.3,26366
3,10,1.333,26367
3,10,1.367,26368
3,10,1.4,26369
3,10,1.433,26370
3,10,1.467,26371
3,10,1.5,26372
3,10,1.533,26373
3,10,1.567,26374
3,10,1.6,26375
3,10,1.633,26376
3,10,1.667,26377
3,10,1.7,26378
3,10,1.733,26379
3,10,1.767,26380
3,10,1.8,26381
3,10,1.833,26382
3,10,1.867,26383
3,10,1.9,26384
3,10,1.933,26385
3,10,1.967,26386
3,10,2,26387
3,10,2.033,26388
3,10,2.067,26389
3,10,2.1,26390
3,10,2.133,26391
3,10,2.167,26392
3,10,2.2,26393
3,10,2.233,26394
3,10,2.267,26395
3,10,2.3,26396
3,10,2.333,26397
3,10,2.367,26398
3,10,2.4,26399
3,10,2.433,26400
3,10,2.467,26401
3,10,2.5,26402
3,10,2.533,26403
3,10,2.567,26404
3,10,2.6,26405
3,10,2.633,26406
3,10,2.667,26407
3,10,2.7,26408
3,10,2.733,26409
3,10,2.767,26410
3,10,2.8,26411
3,10,2.833,26412
3,10,2.867,26413
3,10,2.9,26414
3,10,2.933,26415
3,10,2.967,26416
3,10,3,26417
3,10,3.033,26418
3,10,3.067,26419
3,10,3.1,26420
3,10,3.133,26421
3,10,3.167,26422
3,10,3.2,26423
3,10,3.233,26424
3,10,3.267,26425
3,10,3.3,26426
3,10,3.333,26427
3,10,3.367,26428
3,10,3.4,26429
3,10,3.433,26430
3,10,3.467,26431
3,10,3.5,26432
3,10,3.533,26433
3,10,3.567,26434
3,10,3.6,26435
3,10,3.633,26436
3,10,3.667,26437
3,10,3.7,26438
3,10,3.733,26439
3,10,3.767,26440
3,10,3.8,26441
3,10,3.833,26442
3,10,3.867,26443
3,10,3.9,26444
3,10,3.933,26445
3,10,3.967,26446
3,10,4,26447
3,10,4.033,26448
3,10,4.067,26449
3,10,4.1,26450
3,10,4.133,26451
3,10,4.167,26452
3,10,4.2,26453
3,10,4.233,26454
3,10,4.267,26455
3,10,4.3,26456
3,10,4.333,26457
3,10,4.367,26458
3,10,4.4,26459
3,10,4.433,26460
3,10,4.467,26461
3,10,4.5,26462
3,10,4.533,26463
3,10,4.567,26464
3,10,4.6,26465
3,10,4.633,26466
3,10,4.667,26467
3,10,4.7,26468
3,10,4.733,26469
3,10,4.767,26470
3,10,4.8,26471
3,10,4.833,26472
3,10,4.867,26473
3,10,4.9,26474
3,10,4.933,26475
3,10,4.967,26476
3,10,5,26477
3,10,5.033,26478
3,10,5.067,26479
3,10,5.1,26480
3,10,5.133,26481
3,10,5.167,26482
3,10,5.2,26483
3,10,5.233,26484
3,10,5.267,26485
3,10,5.3,26486
3,10,5.333,26487
3,10,5.367,26488
3,10,5.4,26489
3,10,5.433,26490
3,10,5.467,26491
3,10,5.5,26492
3,10,5.533,26493
3,10,5.567,26494
3,10,5.6,26495
3,10,5.633,26496
3,10,5.667,26497
3,10,5.7,26498
3,10,5.733,26499
3,10,5.767,26500
3,10,5.8,26501
3,10,5.833,26502
3,10,5.867,26503
3,10,5.9,26504
3,10,5.933,26505
3,10,5.967,26506
3,10,6,26507
3,10,6.033,26508
3,10,6.067,26509
3,10,6.1,26510
3,10,6.133,26511
3,10,6.167,26512
3,10,6.2,26513
3,10,6.233,26514
3,10,6.267,26515
3,10,6.3,26516
3,10,6.333,26517
3,10,6.367,26518
3,10,6.4,26519
3,10,6.433,26520
3,10,6.467,26521
3,10,6.5,26522
3,10,6.533,26523
3,10,6.567,26524
3,10,6.6,26525
3,10,6.633,26526
3,10,6.667,26527
3,10,6.7,26528
3,10,6.733,26529
3,10,6.767,26530
3,10,6.8,26531
3,10,6.833,26532
3,10,6.867,26533
3,10,6.9,26534
3,10,6.933,26535
3,10,6.967,26536
3,10,7,26537
3,10,7.033,26538
3,10,7.067,26539
3,10,7.1,26540
3,10,7.133,26541
3,10,7.167,26542
3,10,7.2,26543
3,10,7.233,26544
3,10,7.267,26545
3,10,7.3,26546
3,10,7.333,26547
3,10,7.367,26548
3,10,7.4,26549
3,10,7.433,26550
3,10,7.467,26551
3,10,7.5,26552
3,10,7.533,26553
3,10,7.567,26554
3,10,7.6,26555
3,10,7.633,26556
3,10,7.667,26557
3,10,7.7,26558
3,10,7.733,26559
3,10,7.767,26560
3,10,7.8,26561
3,10,7.833,26562
3,10,7.867,26563
3,10,7.9,26564
3,10,7.933,26565
3,10,7.967,26566
3,10,8,26567
3,10,8.033,26568
3,10,8.067,26569
3,10,8.1,26570
3,10,8.133,26571
3,10,8.167,26572
3,10,8.2,26573
3,10,8.233,26574
3,10,8.267,26575
3,10,8.3,26576
3,10,8.333,26577
3,10,8.367,26578
3,10,8.4,26579
3,10,8.433,26580
3,10,8.467,26581
3,10,8.5,26582
3,10,8.533,26583
3,10,8.567,26584
3,10,8.6,26585
3,10,8.633,26586
3,10,8.667,26587
3,10,8.7,26588
3,10,8.733,26589
3,10,8.767,26590
3,10,8.8,26591
3,10,8.833,26592
3,10,8.867,26593
3,10,8.9,26594
3,10,8.933,26595
3,10,8.967,26596
3,10,9,26597
4,10,9.1,26598
4,10,9.133,26599
4,10,9.167,26600
4,10,9.2,26601
4,10,9.233,26602
4,10,9.267,26603
4,10,9.3,26604
4,10,9.333,26605
4,10,9.367,26606
4,10,9.4,26607
4,10,9.433,26608
4,10,9.467,26609
4,10,9.5,26610
4,10,9.533,26611
4,10,9.567,26612
4,10,9.6,26613
4,10,9.633,26614
4,10,9.667,26615
4,10,9.7,26616
4,10,9.733,26617
4,10,9.767,26618
1,10,9.833,26619
1,10,9.867,26620
1,10,9.9,26621
1,10,9.933,26622
1,10,9.967,26623
1,10,10,26624
1,10,10.033,26625
1,10,10.067,26626
1,10,10.1,26627
1,10,10.133,26628
1,10,10.167,26629
1,10,10.2,26630
1,10,10.233,26631
1,10,10.267,26632
1,10,10.3,26633
1,10,10.333,26634
1,10,10.367,26635
1,10,10.4,26636
1,10,10.433,26637
1,10,10.467,26638
1,10,10.5,26639
1,10,10.533,26640
1,10,10.567,26641
1,10,10.6,26642
1,10,10.633,26643
1,10,10.667,26644
1,10,10.7,26645
1,10,10.733,26646
1,10,10.767,26647
1,10,10.8,26648
1,10,10.833,26649
1,10,10.867,26650
1,10,10.9,26651
1,10,10.933,26652
1,10,10.967,26653
1,10,11,26654
1,10,11.033,26655
1,10,11.067,26656
1,10,11.1,26657
1,10,11.133,26658
1,10,11.167,26659
1,10,11.2,26660
1,10,11.233,26661
1,10,11.267,26662
1,10,11.3,26663
1,10,11.333,26664
1,10,11.367,26665
1,10,11.4,26666
1,10,11.433,26667
1,10,11.467,26668
1,10,11.5,26669
1,10,11.533,26670
1,10,11.567,26671
1,10,11.6,26672
1,10,11.633,26673
1,10,11.667,26674
1,10,11.7,26675
1,10,11.733,26676
1,10,11.767,26677
1,10,11.8,26678
1,10,11.833,26679
1,10,11.867,26680
1,10,11.9,26681
1,10,11.933,26682
1,10,11.967,26683
1,10,12,26684
1,10,12.033,26685
1,10,12.067,26686
1,10,12.1,26687
1,10,12.133,26688
1,10,12.167,26689
1,10,12.2,26690
1,10,12.233,26691
1,10,12.267,26692
1,10,12.3,26693
1,10,12.333,26694
1,10,12.367,26695
1,10,12.4,26696
1,10,12.433,26697
1,10,12.467,26698
1,10,12.5,26699
1,10,12.533,26700
1,10,12.567,26701
1,10,12.6,26702
1,10,12.633,26703
1,10,12.667,26704
1,10,12.7,26705
1,10,12.733,26706
1,10,12.767,26707
1,10,12.8,26708
1,10,12.833,26709
1,10,12.867,26710
1,10,12.9,26711
1,10,12.933,26712
1,10,12.967,26713
1,10,13,26714
1,10,13.033,26715
1,10,13.067,26716
1,10,13.1,26717
1,10,13.133,26718
1,10,13.167,26719
1,10,13.2,26720
1,10,13.233,26721
1,10,13.267,26722
1,10,13.3,26723
1,10,13.333,26724
1,10,13.367,26725
1,10,13.4,26726
1,10,13.433,26727
1,10,13.467,26728
1,10,13.5,26729
1,10,13.533,26730
1,10,13.567,26731
1,10,13.6,26732
1,10,13.633,26733
1,10,13.667,26734
1,10,13.7,26735
1,10,13.733,26736
1,10,13.767,26737
1,10,13.8,26738
1,10,13.833,26739
1,10,13.867,26740
1,10,13.9,26741
1,10,13.933,26742
1,10,13.967,26743
1,10,14,26744
1,10,14.033,26745
1,10,14.067,26746
1,10,14.1,26747
1,10,14.133,26748
1,10,14.167,26749
1,10,14.2,26750
1,10,0,26751
1,10,0.033,26752
1,10,0.067,26753
1,10,0.1,26754
1,10,0.133,26755
1,10,0.167,26756
1,10,0.2,26757
1,10,0.233,26758
1,10,0.267,26759
1,10,0.3,26760
1,10,0.333,26761
1,10,0.367,26762
1,10,0.4,26763
1,10,0.433,26764
1,10,0.467,26765
1,10,0.5,26766
1,10,0.533,26767
4,10,0.667,26768
4,10,0.7,26769
4,10,0.733,26770
4,10,0.767,26771
4,10,0.8,26772
4,10,0.833,26773
4,10,0.867,26774
4,10,0.9,26775
4,10,0.933,26776
4,10,0.967,26777
4,10,1,26778
4,10,1.033,26779
4,10,1.067,26780
4,10,1.1,26781
4,10,1.133,26782
4,10,1.167,26783
4,10,1.2,26784
4,10,1.233,26785
4,10,1.267,26786
4,10,1.3,26787
4,10,1.333,26788
4,10,1.367,26789
4,10,1.4,26790
4,10,1.433,26791
4,10,1.467,26792
4,10,1.5,26793
4,10,1.533,26794
4,10,1.567,26795
4,10,1.6,26796
4,10,1.633,26797
4,10,1.667,26798
4,10,1.7,26799
4,10,1.733,26800
4,10,1.767,26801
4,10,1.8,26802
4,10,1.833,26803
4,10,1.867,26804
4,10,1.9,26805
4,10,1.933,26806
4,10,1.967,26807
4,10,2,26808
4,10,2.033,26809
4,10,2.067,26810
4,10,2.1,26811
4,10,2.133,26812
4,10,2.167,26813
4,10,2.2,26814
4,10,2.233,26815
4,10,2.267,26816
4,10,2.3,26817
4,10,2.333,26818
4,10,2.367,26819
4,10,2.4,26820
4,10,2.433,26821
4,10,2.467,26822
4,10,2.5,26823
4,10,2.533,26824
4,10,2.567,26825
4,10,2.6,26826
4,10,2.633,26827
4,10,2.667,26828
4,10,2.7,26829
4,10,2.733,26830
4,10,2.767,26831
4,10,2.8,26832
4,10,2.833,26833
4,10,2.867,26834
4,10,2.9,26835
4,10,2.933,26836
4,10,2.967,26837
4,10,3,26838
4,10,3.033,26839
4,10,3.067,26840
4,10,3.1,26841
4,10,3.133,26842
4,10,3.167,26843
4,10,3.2,26844
4,10,3.233,26845
4,10,3.267,26846
4,10,3.3,26847
4,10,3.333,26848
4,10,3.367,26849
4,10,3.4,26850
4,10,3.433,26851
4,10,3.467,26852
4,10,3.5,26853
4,10,3.533,26854
4,10,3.567,26855
4,10,3.6,26856
4,10,3.633,26857
4,10,3.667,26858
4,10,3.7,26859
4,10,3.733,26860
4,10,3.767,26861
4,10,3.8,26862
4,10,3.833,26863
4,10,3.867,26864
4,10,3.9,26865
4,10,0,26866
4,10,0.033,26867
4,10,0.067,26868
4,10,0.1,26869
4,10,0.133,26870
4,10,0.167,26871
4,10,0.2,26872
4,10,0.233,26873
4,10,0.267,26874
4,10,0.3,26875
5,10,0.4,26876
5,10,0.433,26877
5,10,0.467,26878
5,10,0.5,26879
5,10,0.533,26880
5,10,0.567,26881
5,10,0.6,26882
5,10,0.633,26883
5,10,0.667,26884
5,10,0.7,26885
5,10,0.733,26886
5,10,0.767,26887
5,10,0.8,26888
5,10,0.833,26889
3,11,45.733,26890
3,11,45.767,26891
3,11,45.8,26892
3,11,45.833,26893
3,11,45.867,26894
3,11,45.9,26895
3,11,45.933,26896
3,11,45.967,26897
3,11,46,26898
3,11,46.033,26899
3,11,0,26900
3,11,0.033,26901
3,11,0.067,26902
3,11,0.1,26903
3,11,0.133,26904
3,11,0.167,26905
3,11,0.2,26906
3,11,0.233,26907
3,11,0.267,26908
3,11,0.3,26909
3,11,0.333,26910
3,11,0.367,26911
3,11,0.4,26912
3,11,0.433,26913
3,11,0.467,26914
3,11,0.5,26915
3,11,0.533,26916
3,11,0.567,26917
3,11,0.6,26918
3,11,0.633,26919
3,11,0.667,26920
3,11,0.7,26921
3,11,0.733,26922
3,11,0.767,26923
3,11,0.8,26924
3,11,0.833,26925
3,11,0.867,26926
1,11,1,26927
1,11,1.033,26928
1,11,1.067,26929
1,11,1.1,26930
1,11,1.133,26931
1,11,1.167,26932
1,11,1.2,26933
1,11,1.233,26934
1,11,1.267,26935
1,11,1.3,26936
4,11,12.433,26937
4,11,12.467,26938
4,11,12.5,26939
4,11,12.533,26940
4,11,12.567,26941
4,11,12.6,26942
4,11,12.633,26943
4,11,12.667,26944
4,11,12.7,26945
4,11,12.733,26946
4,11,12.767,26947
4,11,12.8,26948
4,11,12.833,26949
4,11,12.867,26950
4,11,12.9,26951
4,11,12.933,26952
4,11,12.967,26953
4,11,13,26954
4,11,13.033,26955
4,11,13.067,26956
4,11,13.1,26957
4,11,13.133,26958
4,11,13.167,26959
4,11,13.2,26960
4,11,13.233,26961
4,11,13.267,26962
4,11,13.3,26963
4,11,13.333,26964
4,11,13.367,26965
4,11,13.4,26966
4,11,13.433,26967
4,11,13.467,26968
4,11,13.5,26969
4,11,13.533,26970
4,11,13.567,26971
4,11,13.6,26972
4,11,13.633,26973
4,11,13.667,26974
4,11,13.7,26975
4,11,13.733,26976
4,11,13.767,26977
4,11,13.8,26978
4,11,13.833,26979
4,11,13.867,26980
4,11,13.9,26981
4,11,13.933,26982
4,11,13.967,26983
4,11,14,26984
4,11,0,26985
4,11,0.033,26986
4,11,0.067,26987
4,11,0.1,26988
4,11,0.133,26989
4,11,0.167,26990
4,11,0.2,26991
4,11,0.233,26992
4,11,0.267,26993
4,11,0.3,26994
4,11,0.333,26995
4,11,0.367,26996
4,11,0.4,26997
4,11,0.433,26998
1,11,0.5,26999
1,11,0.533,27000
1,11,0.567,27001
1,11,0.6,27002
1,11,0.633,27003
1,11,0.667,27004
1,11,4.867,27005
5,11,4.933,27006
5,11,4.967,27007
5,11,5,27008
5,11,5.033,27009
5,11,5.067,27010
5,11,5.1,27011
5,11,5.133,27012
5,11,5.167,27013
5,11,5.2,27014
5,11,5.233,27015
5,11,5.267,27016
5,11,5.3,27017
5,11,5.333,27018
5,11,5.367,27019
5,11,5.4,27020
5,11,5.433,27021
5,11,5.467,27022
5,11,5.5,27023
5,11,5.533,27024
5,11,5.567,27025
5,11,5.6,27026
5,11,5.633,27027
5,11,5.667,27028
5,11,5.7,27029
5,11,5.733,27030
5,11,5.767,27031
5,11,5.8,27032
5,11,5.833,27033
5,11,5.867,27034
5,11,5.9,27035
5,11,5.933,27036
5,11,5.967,27037
5,11,6,27038
5,11,6.033,27039
5,11,6.067,27040
5,11,6.1,27041
5,11,6.133,27042
5,11,6.167,27043
5,11,6.2,27044
5,11,6.233,27045
5,11,6.267,27046
5,11,6.3,27047
5,11,6.333,27048
5,11,6.367,27049
5,11,6.4,27050
5,11,6.433,27051
5,11,6.467,27052
5,11,6.5,27053
5,11,6.533,27054
5,11,6.567,27055
5,11,6.6,27056
5,11,6.633,27057
5,11,6.667,27058
5,11,6.7,27059
5,11,6.733,27060
5,11,6.767,27061
5,11,6.8,27062
5,11,6.833,27063
5,11,6.867,27064
5,11,6.9,27065
5,11,6.933,27066
5,11,6.967,27067
5,11,7,27068
5,11,7.033,27069
5,11,7.067,27070
5,11,7.1,27071
5,11,7.133,27072
5,11,7.167,27073
5,11,7.2,27074
5,11,7.233,27075
5,11,7.267,27076
5,11,7.3,27077
5,11,7.333,27078
5,11,7.367,27079
5,11,7.4,27080
5,11,7.433,27081
5,11,7.467,27082
5,11,7.5,27083
5,11,7.533,27084
5,11,7.567,27085
5,11,7.6,27086
5,11,7.633,27087
5,11,7.667,27088
5,11,7.7,27089
5,11,7.733,27090
5,11,7.767,27091
5,11,7.8,27092
5,11,7.833,27093
5,11,7.867,27094
5,11,7.9,27095
5,11,7.933,27096
5,11,7.967,27097
5,11,8,27098
5,11,8.033,27099
5,11,8.067,27100
5,11,8.1,27101
5,11,8.133,27102
5,11,8.167,27103
5,11,8.2,27104
5,11,8.233,27105
5,11,8.267,27106
5,11,8.3,27107
5,11,8.333,27108
5,11,8.367,27109
5,11,8.4,27110
5,11,8.433,27111
5,11,8.467,27112
5,11,8.5,27113
5,11,8.533,27114
5,11,8.567,27115
5,11,8.6,27116
5,11,8.633,27117
5,11,8.667,27118
5,11,8.7,27119
5,11,8.733,27120
5,11,8.767,27121
5,11,8.8,27122
5,11,8.833,27123
5,11,8.867,27124
5,11,8.9,27125
5,11,8.933,27126
5,11,8.967,27127
5,11,9,27128
5,11,0,27129
5,11,0.033,27130
5,11,0.067,27131
5,11,0.1,27132
5,11,0.133,27133
5,11,0.167,27134
5,11,0.2,27135
5,11,0.233,27136
5,11,0.267,27137
5,11,0.3,27138
5,11,0.333,27139
5,11,0.367,27140
5,11,0.4,27141
5,11,0.433,27142
5,11,0.467,27143
5,11,0.5,27144
5,11,0.533,27145
5,11,0.567,27146
5,11,0.6,27147
5,11,0.633,27148
5,11,0.667,27149
5,11,0.7,27150
5,11,0.733,27151
5,11,0.767,27152
5,11,0.8,27153
5,11,0.833,27154
5,11,0.867,27155
5,11,0.9,27156
5,11,0.933,27157
5,11,0.967,27158
5,11,1,27159
5,11,1.033,27160
5,11,1.067,27161
5,11,1.1,27162
1,11,1.267,27163
1,11,1.3,27164
1,11,1.333,27165
1,11,1.367,27166
1,11,1.4,27167
1,11,1.433,27168
1,11,1.467,27169
1,11,1.5,27170
1,11,1.533,27171
1,11,1.567,27172
1,11,1.6,27173
1,11,1.633,27174
1,11,1.667,27175
1,11,1.7,27176
1,11,1.733,27177
1,11,1.767,27178
1,11,1.8,27179
1,11,1.833,27180
1,11,1.867,27181
1,11,1.9,27182
1,11,1.933,27183
1,11,1.967,27184
1,11,2,27185
1,11,2.033,27186
1,11,2.067,27187
1,11,2.1,27188
2,11,14.067,27189
2,11,14.1,27190
2,11,14.133,27191
2,11,14.167,27192
2,11,14.2,27193
2,11,14.233,27194
2,11,14.267,27195
2,11,14.3,27196
2,11,14.333,27197
2,11,14.367,27198
2,11,14.4,27199
2,11,14.433,27200
2,11,14.467,27201
2,11,14.5,27202
2,11,14.533,27203
2,11,14.567,27204
2,11,14.6,27205
2,11,14.633,27206
2,11,14.667,27207
2,11,14.7,27208
2,11,14.733,27209
2,11,14.767,27210
2,11,14.8,27211
2,11,14.833,27212
2,11,14.867,27213
2,11,14.9,27214
2,11,14.933,27215
2,11,14.967,27216
2,11,15,27217
2,11,15.033,27218
2,11,15.067,27219
2,11,15.1,27220
2,11,15.133,27221
2,11,15.167,27222
2,11,15.2,27223
2,11,15.233,27224
2,11,15.267,27225
2,11,15.3,27226
2,11,15.333,27227
2,11,15.367,27228
2,11,15.4,27229
2,11,15.433,27230
2,11,15.467,27231
2,11,15.5,27232
2,11,15.533,27233
2,11,15.567,27234
2,11,15.6,27235
2,11,15.633,27236
2,11,15.667,27237
2,11,15.7,27238
2,11,15.733,27239
2,11,15.767,27240
2,11,15.8,27241
2,11,15.833,27242
2,11,15.867,27243
2,11,15.9,27244
2,11,15.933,27245
2,11,15.967,27246
2,11,16,27247
2,11,16.033,27248
2,11,16.067,27249
2,11,16.1,27250
2,11,16.133,27251
2,11,16.167,27252
2,11,16.2,27253
2,11,16.233,27254
2,11,16.267,27255
2,11,16.3,27256
2,11,16.333,27257
2,11,16.367,27258
2,11,16.4,27259
2,11,16.433,27260
2,11,16.467,27261
2,11,16.5,27262
2,11,16.533,27263
2,11,16.567,27264
2,11,16.6,27265
2,11,16.633,27266
2,11,16.667,27267
2,11,16.7,27268
2,11,16.733,27269
2,11,16.767,27270
2,11,16.8,27271
2,11,16.833,27272
2,11,16.867,27273
2,11,16.9,27274
2,11,16.933,27275
2,11,16.967,27276
2,11,17,27277
2,11,17.033,27278
2,11,17.067,27279
2,11,17.1,27280
2,11,17.133,27281
2,11,17.167,27282
2,11,17.2,27283
2,11,17.233,27284
2,11,17.267,27285
2,11,17.3,27286
2,11,17.333,27287
2,11,17.367,27288
2,11,17.4,27289
2,11,17.433,27290
2,11,17.467,27291
2,11,17.5,27292
2,11,17.533,27293
2,11,17.567,27294
2,11,17.6,27295
2,11,17.633,27296
2,11,17.667,27297
2,11,17.7,27298
2,11,17.733,27299
2,11,17.767,27300
2,11,17.8,27301
2,11,17.833,27302
2,11,17.867,27303
2,11,17.9,27304
2,11,17.933,27305
2,11,17.967,27306
2,11,18,27307
2,11,18.033,27308
2,11,18.067,27309
2,11,18.1,27310
2,11,18.133,27311
2,11,18.167,27312
2,11,18.2,27313
2,11,18.233,27314
2,11,18.267,27315
2,11,18.3,27316
2,11,18.333,27317
2,11,18.367,27318
2,11,18.4,27319
2,11,18.433,27320
2,11,18.467,27321
2,11,18.5,27322
2,11,18.533,27323
2,11,18.567,27324
2,11,18.6,27325
2,11,18.633,27326
2,11,18.667,27327
2,11,18.7,27328
2,11,18.733,27329
2,11,18.767,27330
2,11,18.8,27331
2,11,18.833,27332
2,11,18.867,27333
2,11,18.9,27334
2,11,18.933,27335
2,11,18.967,27336
2,11,19,27337
2,11,19.033,27338
2,11,19.067,27339
2,11,19.1,27340
2,11,19.133,27341
2,11,19.167,27342
2,11,19.2,27343
2,11,19.233,27344
2,11,19.267,27345
2,11,19.3,27346
2,11,19.333,27347
2,11,19.367,27348
2,11,19.4,27349
2,11,19.433,27350
2,11,19.467,27351
2,11,19.5,27352
2,11,19.533,27353
2,11,19.567,27354
2,11,19.6,27355
2,11,19.633,27356
2,11,19.667,27357
2,11,19.7,27358
2,11,19.733,27359
2,11,19.767,27360
2,11,19.8,27361
2,11,19.833,27362
2,11,19.867,27363
2,11,19.9,27364
2,11,19.933,27365
2,11,19.967,27366
2,11,20,27367
2,11,20.033,27368
2,11,20.067,27369
2,11,20.1,27370
2,11,20.133,27371
2,11,20.167,27372
2,11,20.2,27373
2,11,20.233,27374
2,11,20.267,27375
2,11,20.3,27376
2,11,20.333,27377
2,11,20.367,27378
2,11,20.4,27379
2,11,20.433,27380
2,11,20.467,27381
2,11,20.5,27382
2,11,20.533,27383
2,11,20.567,27384
2,11,20.6,27385
2,11,20.633,27386
2,11,20.667,27387
2,11,20.7,27388
2,11,20.733,27389
2,11,20.767,27390
2,11,20.8,27391
2,11,20.833,27392
2,11,20.867,27393
2,11,20.9,27394
2,11,20.933,27395
2,11,20.967,27396
2,11,0,27397
2,11,0.033,27398
2,11,0.067,27399
2,11,0.1,27400
2,11,0.133,27401
2,11,0.167,27402
2,11,0.2,27403
2,11,0.233,27404
2,11,0.267,27405
2,11,0.3,27406
2,11,0.333,27407
2,11,0.367,27408
2,11,0.4,27409
2,11,0.433,27410
2,11,0.467,27411
2,11,0.5,27412
2,11,0.533,27413
1,11,0.6,27414
1,11,0.633,27415
1,11,0.667,27416
1,11,0.7,27417
1,11,0.733,27418
1,11,0.767,27419
1,11,0.8,27420
2,11,13.033,27421
2,11,13.067,27422
2,11,13.1,27423
2,11,13.133,27424
6,11,27.067,27425
6,11,27.1,27426
6,11,27.133,27427
6,11,27.167,27428
6,11,27.2,27429
6,11,27.233,27430
6,11,27.267,27431
6,11,27.3,27432
6,11,27.333,27433
6,11,27.367,27434
6,11,27.4,27435
6,11,27.433,27436
6,11,27.467,27437
6,11,27.5,27438
6,11,27.533,27439
6,11,27.567,27440
6,11,27.6,27441
6,11,27.633,27442
6,11,27.667,27443
6,11,27.7,27444
6,11,27.733,27445
6,11,27.767,27446
6,11,27.8,27447
6,11,27.833,27448
6,11,27.867,27449
6,11,27.9,27450
6,11,27.933,27451
6,11,27.967,27452
6,11,28,27453
6,11,28.033,27454
6,11,28.067,27455
6,11,28.1,27456
6,11,28.133,27457
6,11,28.167,27458
6,11,28.2,27459
6,11,28.233,27460
6,11,28.267,27461
6,11,28.3,27462
6,11,28.333,27463
6,11,28.367,27464
6,11,28.4,27465
6,11,28.433,27466
6,11,28.467,27467
6,11,28.5,27468
6,11,28.533,27469
6,11,28.567,27470
6,11,28.6,27471
6,11,28.633,27472
6,11,28.667,27473
6,11,28.7,27474
6,11,28.733,27475
6,11,28.767,27476
6,11,28.8,27477
6,11,28.833,27478
6,11,28.867,27479
6,11,28.9,27480
6,11,28.933,27481
6,11,28.967,27482
6,11,29,27483
6,11,29.033,27484
6,11,29.067,27485
6,11,29.1,27486
6,11,29.133,27487
6,11,29.167,27488
6,11,29.2,27489
6,11,29.233,27490
6,11,29.267,27491
6,11,29.3,27492
6,11,29.333,27493
6,11,29.367,27494
6,11,29.4,27495
6,11,29.433,27496
6,11,29.467,27497
6,11,29.5,27498
6,11,29.533,27499
6,11,29.567,27500
6,11,29.6,27501
6,11,29.633,27502
6,11,29.667,27503
6,11,29.7,27504
6,11,29.733,27505
6,11,29.767,27506
6,11,29.8,27507
6,11,29.833,27508
6,11,29.867,27509
6,11,29.9,27510
6,11,29.933,27511
6,11,29.967,27512
6,11,30,27513
6,11,30.033,27514
6,11,30.067,27515
6,11,30.1,27516
6,11,30.133,27517
6,11,30.167,27518
6,11,30.2,27519
6,11,30.233,27520
6,11,30.267,27521
6,11,30.3,27522
6,11,30.333,27523
6,11,30.367,27524
6,11,30.4,27525
6,11,30.433,27526
6,11,30.467,27527
6,11,30.5,27528
6,11,30.533,27529
6,11,30.567,27530
6,11,30.6,27531
6,11,30.633,27532
6,11,30.667,27533
6,11,30.7,27534
6,11,30.733,27535
6,11,30.767,27536
6,11,30.8,27537
6,11,30.833,27538
6,11,30.867,27539
6,11,30.9,27540
6,11,30.933,27541
6,11,30.967,27542
6,11,31,27543
6,11,31.033,27544
6,11,31.067,27545
6,11,31.1,27546
6,11,31.133,27547
6,11,31.167,27548
6,11,31.2,27549
6,11,31.233,27550
6,11,31.267,27551
6,11,31.3,27552
6,11,31.333,27553
6,11,31.367,27554
6,11,31.4,27555
6,11,31.433,27556
6,11,31.467,27557
6,11,31.5,27558
6,11,31.533,27559
6,11,0,27560
6,11,0.033,27561
6,11,0.067,27562
6,11,0.1,27563
6,11,0.133,27564
6,11,0.167,27565
6,11,0.2,27566
6,11,0.233,27567
6,11,0.267,27568
6,11,0.3,27569
2,11,0.4,27570
2,11,0.433,27571
1,11,3.1,27572
1,11,3.133,27573
1,11,3.167,27574
1,11,3.2,27575
1,11,3.233,27576
1,11,3.267,27577
1,11,3.3,27578
1,11,3.333,27579
1,11,3.367,27580
1,11,3.4,27581
1,11,3.433,27582
1,11,3.467,27583
1,11,3.5,27584
1,11,3.533,27585
1,11,3.567,27586
1,11,3.6,27587
1,11,3.633,27588
1,11,3.667,27589
1,11,3.7,27590
1,11,3.733,27591
1,11,3.767,27592
1,11,0,27593
1,11,0.033,27594
1,11,0.067,27595
1,11,0.1,27596
1,11,0.133,27597
1,11,0.167,27598
1,11,0.2,27599
1,11,0.233,27600
1,11,0.267,27601
1,11,0.3,27602
1,11,0.333,27603
1,11,0.367,27604
1,11,0.4,27605
1,11,0.433,27606
1,11,0.467,27607
1,11,0.5,27608
1,11,0.533,27609
1,11,0.567,27610
1,11,0.6,27611
1,11,0.633,27612
1,11,0.667,27613
1,11,0.7,27614
1,11,0.733,27615
1,11,0.767,27616
1,11,0.8,27617
1,11,0.833,27618
1,11,0.867,27619
1,11,0.9,27620
1,11,0.933,27621
1,11,0.967,27622
1,11,1,27623
1,11,1.033,27624
1,11,1.067,27625
1,11,1.1,27626
1,11,1.133,27627
1,11,1.167,27628
1,11,1.2,27629
1,11,1.233,27630
1,11,1.267,27631
1,11,1.3,27632
3,12,0,27633
3,12,0.033,27634
3,12,0.067,27635
3,12,0.1,27636
3,12,0.133,27637
3,12,0.167,27638
3,12,0.2,27639
3,12,0.233,27640
3,12,0.267,27641
3,12,0.3,27642
3,12,0.333,27643
3,12,0.367,27644
3,12,0.4,27645
3,12,0.433,27646
3,12,0.467,27647
3,12,0.5,27648
3,12,0.533,27649
3,12,0.567,27650
3,12,0.6,27651
3,12,0.633,27652
3,12,0.667,27653
3,12,0.7,27654
3,12,0.733,27655
3,12,0.767,27656
3,12,0.8,27657
3,12,0.833,27658
3,12,0.867,27659
3,12,0.9,27660
3,12,0.933,27661
3,12,0.967,27662
3,12,1,27663
3,12,1.033,27664
3,12,1.067,27665
3,12,1.1,27666
3,12,1.133,27667
3,12,1.167,27668
3,12,1.2,27669
3,12,1.233,27670
3,12,1.267,27671
3,12,1.3,27672
3,12,1.333,27673
3,12,1.367,27674
3,12,1.4,27675
3,12,1.433,27676
3,12,1.467,27677
3,12,1.5,27678
3,12,1.533,27679
3,12,1.567,27680
3,12,1.6,27681
3,12,1.633,27682
3,12,1.667,27683
3,12,1.7,27684
3,12,1.733,27685
3,12,1.767,27686
3,12,1.8,27687
3,12,1.833,27688
3,12,1.867,27689
3,12,1.9,27690
3,12,1.933,27691
3,12,1.967,27692
3,12,2,27693
3,12,2.033,27694
3,12,2.067,27695
3,12,2.1,27696
3,12,2.133,27697
3,12,2.167,27698
3,12,2.2,27699
3,12,2.233,27700
3,12,2.267,27701
3,12,2.3,27702
3,12,2.333,27703
3,12,2.367,27704
3,12,2.4,27705
3,12,2.433,27706
3,12,2.467,27707
3,12,2.5,27708
3,12,2.533,27709
3,12,2.567,27710
3,12,2.6,27711
3,12,2.633,27712
3,12,2.667,27713
3,12,2.7,27714
3,12,2.733,27715
3,12,2.767,27716
3,12,2.8,27717
3,12,2.833,27718
3,12,2.867,27719
3,12,2.9,27720
3,12,2.933,27721
3,12,2.967,27722
3,12,3,27723
3,12,3.033,27724
3,12,3.067,27725
3,12,3.1,27726
3,12,3.133,27727
3,12,3.167,27728
3,12,3.2,27729
3,12,3.233,27730
3,12,3.267,27731
3,12,3.3,27732
3,12,3.333,27733
3,12,3.367,27734
3,12,3.4,27735
3,12,3.433,27736
3,12,3.467,27737
3,12,3.5,27738
3,12,3.533,27739
3,12,3.567,27740
3,12,3.6,27741
3,12,3.633,27742
3,12,3.667,27743
3,12,3.7,27744
3,12,3.733,27745
1,12,3.767,27746
1,12,3.8,27747
1,12,3.833,27748
1,12,3.867,27749
1,12,3.9,27750
1,12,3.933,27751
1,12,3.967,27752
1,12,4,27753
1,12,4.033,27754
1,12,4.067,27755
1,12,4.1,27756
1,12,4.133,27757
1,12,4.167,27758
1,12,4.2,27759
1,12,4.233,27760
1,12,4.267,27761
1,12,4.3,27762
1,12,4.333,27763
1,12,4.367,27764
1,12,4.4,27765
1,12,4.433,27766
1,12,4.467,27767
5,12,4.533,27768
5,12,4.567,27769
2,12,4.633,27770
2,12,4.667,27771
2,12,4.7,27772
2,12,4.733,27773
2,12,4.767,27774
2,12,4.8,27775
2,12,4.833,27776
2,12,4.867,27777
2,12,4.9,27778
2,12,4.933,27779
2,12,4.967,27780
2,12,5,27781
2,12,5.033,27782
2,12,5.067,27783
2,12,5.1,27784
2,12,5.133,27785
2,12,5.167,27786
6,12,5.267,27787
6,12,5.3,27788
6,12,5.333,27789
6,12,5.367,27790
1,12,22.3,27791
1,12,22.333,27792
1,12,22.367,27793
1,12,22.4,27794
1,12,22.433,27795
1,12,22.467,27796
1,12,22.5,27797
1,12,22.533,27798
1,12,22.567,27799
1,12,22.6,27800
1,12,22.633,27801
1,12,22.667,27802
1,12,22.7,27803
1,12,22.733,27804
1,12,22.767,27805
1,12,22.8,27806
1,12,22.833,27807
1,12,22.867,27808
1,12,22.9,27809
1,12,22.933,27810
1,12,22.967,27811
1,12,23,27812
1,12,23.033,27813
1,12,23.067,27814
1,12,23.1,27815
1,12,23.133,27816
1,12,23.167,27817
1,12,23.2,27818
1,12,23.233,27819
1,12,23.267,27820
1,12,23.3,27821
1,12,23.333,27822
1,12,23.367,27823
1,12,23.4,27824
1,12,23.433,27825
1,12,23.467,27826
1,12,23.5,27827
1,12,23.533,27828
1,12,23.567,27829
1,12,23.6,27830
1,12,23.633,27831
1,12,23.667,27832
1,12,23.7,27833
1,12,23.733,27834
1,12,23.767,27835
1,12,23.8,27836
1,12,23.833,27837
1,12,23.867,27838
1,12,23.9,27839
1,12,23.933,27840
1,12,23.967,27841
1,12,24,27842
1,12,24.033,27843
1,12,24.067,27844
1,12,24.1,27845
1,12,24.133,27846
1,12,24.167,27847
1,12,24.2,27848
1,12,24.233,27849
1,12,24.267,27850
1,12,24.3,27851
1,12,24.333,27852
1,12,24.367,27853
1,12,24.4,27854
1,12,24.433,27855
1,12,24.467,27856
1,12,24.5,27857
1,12,24.533,27858
1,12,24.567,27859
1,12,24.6,27860
1,12,24.633,27861
1,12,24.667,27862
1,12,24.7,27863
1,12,24.733,27864
1,12,24.767,27865
1,12,24.8,27866
1,12,24.833,27867
1,12,24.867,27868
1,12,24.9,27869
1,12,24.933,27870
1,12,24.967,27871
1,12,25,27872
1,12,25.033,27873
1,12,25.067,27874
1,12,25.1,27875
1,12,25.133,27876
1,12,25.167,27877
1,12,25.2,27878
1,12,25.233,27879
1,12,25.267,27880
1,12,25.3,27881
1,12,25.333,27882
1,12,25.367,27883
1,12,25.4,27884
1,12,25.433,27885
1,12,25.467,27886
1,12,25.5,27887
1,12,25.533,27888
1,12,25.567,27889
1,12,25.6,27890
1,12,25.633,27891
1,12,25.667,27892
1,12,25.7,27893
1,12,25.733,27894
1,12,25.767,27895
1,12,25.8,27896
1,12,25.833,27897
1,12,25.867,27898
1,12,25.9,27899
1,12,25.933,27900
1,12,25.967,27901
1,12,26,27902
1,12,26.033,27903
1,12,26.067,27904
1,12,26.1,27905
1,12,26.133,27906
1,12,26.167,27907
1,12,26.2,27908
1,12,26.233,27909
1,12,26.267,27910
1,12,26.3,27911
1,12,26.333,27912
1,12,26.367,27913
1,12,26.4,27914
1,12,26.433,27915
1,12,26.467,27916
1,12,26.5,27917
1,12,26.533,27918
1,12,26.567,27919
1,12,26.6,27920
1,12,26.633,27921
1,12,26.667,27922
1,12,26.7,27923
1,12,26.733,27924
1,12,26.767,27925
1,12,26.8,27926
1,12,26.833,27927
1,12,26.867,27928
1,12,26.9,27929
1,12,26.933,27930
1,12,26.967,27931
1,12,27,27932
1,12,27.033,27933
1,12,27.067,27934
1,12,27.1,27935
1,12,27.133,27936
1,12,27.167,27937
1,12,27.2,27938
1,12,27.233,27939
1,12,27.267,27940
1,12,27.3,27941
1,12,27.333,27942
1,12,27.367,27943
1,12,27.4,27944
1,12,27.433,27945
1,12,27.467,27946
1,12,27.5,27947
1,12,27.533,27948
1,12,27.567,27949
1,12,27.6,27950
1,12,27.633,27951
1,12,27.667,27952
1,12,27.7,27953
1,12,27.733,27954
1,12,27.767,27955
1,12,27.8,27956
1,12,27.833,27957
1,12,27.867,27958
1,12,27.9,27959
1,12,27.933,27960
1,12,27.967,27961
1,12,28,27962
1,12,28.033,27963
1,12,28.067,27964
1,12,28.1,27965
1,12,28.133,27966
1,12,28.167,27967
1,12,28.2,27968
1,12,28.233,27969
1,12,28.267,27970
1,12,28.3,27971
1,12,28.333,27972
1,12,28.367,27973
1,12,28.4,27974
1,12,28.433,27975
1,12,28.467,27976
1,12,28.5,27977
1,12,28.533,27978
1,12,28.567,27979
1,12,28.6,27980
1,12,28.633,27981
1,12,28.667,27982
1,12,28.7,27983
1,12,28.733,27984
1,12,28.767,27985
1,12,28.8,27986
1,12,28.833,27987
1,12,28.867,27988
1,12,28.9,27989
1,12,28.933,27990
1,12,28.967,27991
1,12,29,27992
1,12,29.033,27993
1,12,29.067,27994
1,12,29.1,27995
1,12,29.133,27996
1,12,29.167,27997
1,12,29.2,27998
1,12,29.233,27999
1,12,29.267,28000
1,12,29.3,28001
1,12,29.333,28002
1,12,29.367,28003
1,12,29.4,28004
1,12,29.433,28005
1,12,29.467,28006
1,12,29.5,28007
1,12,29.533,28008
1,12,29.567,28009
1,12,29.6,28010
1,12,29.633,28011
1,12,29.667,28012
1,12,29.7,28013
1,12,29.733,28014
1,12,29.767,28015
1,12,29.8,28016
1,12,29.833,28017
1,12,29.867,28018
1,12,29.9,28019
1,12,29.933,28020
1,12,29.967,28021
1,12,30,28022
1,12,30.033,28023
1,12,30.067,28024
1,12,30.1,28025
1,12,30.133,28026
1,12,30.167,28027
1,12,30.2,28028
1,12,30.233,28029
1,12,30.267,28030
1,12,30.3,28031
1,12,30.333,28032
3,12,30.4,28033
3,12,30.433,28034
3,12,30.467,28035
3,12,30.5,28036
3,12,30.533,28037
3,12,30.567,28038
3,12,30.6,28039
3,12,30.633,28040
3,12,30.667,28041
3,12,30.7,28042
3,12,30.733,28043
3,12,30.767,28044
3,12,30.8,28045
3,12,30.833,28046
3,12,30.867,28047
3,12,30.9,28048
3,12,30.933,28049
3,12,30.967,28050
3,12,31,28051
3,12,31.033,28052
3,12,31.067,28053
3,12,31.1,28054
3,12,31.133,28055
3,12,31.167,28056
3,12,31.2,28057
3,12,31.233,28058
3,12,31.267,28059
3,12,31.3,28060
3,12,31.333,28061
3,12,31.367,28062
3,12,31.4,28063
3,12,31.433,28064
3,12,31.467,28065
3,12,31.5,28066
3,12,31.533,28067
3,12,31.567,28068
3,12,31.6,28069
3,12,31.633,28070
3,12,31.667,28071
3,12,31.7,28072
3,12,31.733,28073
3,12,31.767,28074
3,12,31.8,28075
3,12,31.833,28076
3,12,31.867,28077
3,12,31.9,28078
3,12,31.933,28079
3,12,31.967,28080
3,12,32,28081
3,12,32.033,28082
3,12,32.067,28083
3,12,32.1,28084
3,12,32.133,28085
3,12,32.167,28086
3,12,32.2,28087
3,12,32.233,28088
3,12,32.267,28089
3,12,32.3,28090
3,12,32.333,28091
3,12,0,28092
3,12,0.033,28093
3,12,0.067,28094
3,12,0.1,28095
3,12,0.133,28096
3,12,0.167,28097
3,12,0.2,28098
3,12,0.233,28099
3,12,0.267,28100
3,12,0.3,28101
3,12,0.333,28102
3,12,0.367,28103
3,12,0.4,28104
3,12,0.433,28105
3,12,0.467,28106
3,12,0.5,28107
3,12,0.533,28108
3,12,0.567,28109
3,12,0.6,28110
3,12,0.633,28111
3,12,0.667,28112
3,12,0.7,28113
3,12,0.733,28114
3,12,0.767,28115
3,12,0.8,28116
3,12,0.833,28117
3,12,0.867,28118
3,12,0.9,28119
3,12,0.933,28120
3,12,0.967,28121
3,12,1,28122
3,12,1.033,28123
3,12,1.067,28124
3,12,1.1,28125
3,12,1.133,28126
3,12,1.167,28127
3,12,1.2,28128
3,12,1.233,28129
3,12,1.267,28130
3,12,1.3,28131
3,12,1.333,28132
3,12,1.367,28133
3,12,1.4,28134
3,12,1.433,28135
3,12,1.467,28136
3,12,1.5,28137
3,12,1.533,28138
3,12,1.567,28139
3,12,1.6,28140
3,12,1.633,28141
3,12,1.667,28142
3,12,1.7,28143
3,12,1.733,28144
3,12,1.767,28145
3,12,1.8,28146
3,12,1.833,28147
3,12,1.867,28148
3,12,1.9,28149
3,12,1.933,28150
3,12,1.967,28151
3,12,2,28152
3,12,2.033,28153
3,12,2.067,28154
3,12,2.1,28155
3,12,2.133,28156
3,12,2.167,28157
3,12,2.2,28158
3,12,2.233,28159
3,12,2.267,28160
3,12,2.3,28161
3,12,2.333,28162
3,12,2.367,28163
3,12,2.4,28164
3,12,2.433,28165
3,12,2.467,28166
3,12,2.5,28167
3,12,2.533,28168
3,12,2.567,28169
3,12,2.6,28170
3,12,2.633,28171
3,12,2.667,28172
3,12,2.7,28173
3,12,2.733,28174
3,12,2.767,28175
3,12,2.8,28176
3,12,2.833,28177
3,12,2.867,28178
3,12,2.9,28179
3,12,2.933,28180
3,12,2.967,28181
3,12,3,28182
3,12,3.033,28183
3,12,3.067,28184
3,12,3.1,28185
3,12,3.133,28186
3,12,3.167,28187
3,12,3.2,28188
3,12,3.233,28189
3,12,3.267,28190
3,12,3.3,28191
3,12,3.333,28192
3,12,3.367,28193
3,12,3.4,28194
3,12,3.433,28195
3,12,3.467,28196
3,12,3.5,28197
3,12,3.533,28198
3,12,3.567,28199
3,12,3.6,28200
3,12,3.633,28201
3,12,3.667,28202
3,12,3.7,28203
3,12,3.733,28204
3,12,3.767,28205
3,12,3.8,28206
3,12,3.833,28207
3,12,3.867,28208
3,12,3.9,28209
3,12,3.933,28210
3,12,3.967,28211
3,12,4,28212
3,12,4.033,28213
3,12,4.067,28214
3,12,4.1,28215
3,12,4.133,28216
3,12,4.167,28217
3,12,4.2,28218
3,12,4.233,28219
3,12,4.267,28220
3,12,4.3,28221
3,12,4.333,28222
3,12,4.367,28223
3,12,4.4,28224
3,12,4.433,28225
3,12,4.467,28226
3,12,4.5,28227
3,12,4.533,28228
3,12,4.567,28229
3,12,4.6,28230
3,12,4.633,28231
3,12,4.667,28232
3,12,4.7,28233
3,12,4.733,28234
3,12,4.767,28235
3,12,4.8,28236
3,12,4.833,28237
3,12,4.867,28238
3,12,4.9,28239
3,12,4.933,28240
3,12,4.967,28241
3,12,5,28242
3,12,5.033,28243
3,12,5.067,28244
3,12,5.1,28245
3,12,5.133,28246
3,12,5.167,28247
3,12,5.2,28248
3,12,5.233,28249
3,12,5.267,28250
3,12,5.3,28251
3,12,5.333,28252
3,12,5.367,28253
3,12,5.4,28254
3,12,5.433,28255
3,12,5.467,28256
3,12,5.5,28257
3,12,5.533,28258
3,12,5.567,28259
3,12,5.6,28260
3,12,5.633,28261
3,12,5.667,28262
1,12,5.7,28263
1,12,5.733,28264
1,12,5.767,28265
1,12,5.8,28266
1,12,5.833,28267
1,12,5.867,28268
1,12,5.9,28269
1,12,5.933,28270
1,12,5.967,28271
1,12,6,28272
1,12,6.033,28273
1,12,6.067,28274
1,12,6.1,28275
1,12,6.133,28276
1,12,6.167,28277
1,12,6.2,28278
1,12,6.233,28279
1,12,6.267,28280
1,12,6.3,28281
1,12,6.333,28282
1,12,6.367,28283
1,12,6.4,28284
1,12,6.433,28285
1,12,6.467,28286
1,12,6.5,28287
1,12,6.533,28288
1,12,6.567,28289
1,12,6.6,28290
1,12,6.633,28291
1,12,6.667,28292
1,12,6.7,28293
1,12,6.733,28294
1,12,6.767,28295
3,12,6.8,28296
3,12,6.833,28297
3,12,6.867,28298
3,12,6.9,28299
3,12,6.933,28300
3,12,6.967,28301
3,12,7,28302
3,12,7.033,28303
3,12,7.067,28304
3,12,7.1,28305
3,12,7.133,28306
3,12,7.167,28307
3,12,7.2,28308
3,12,7.233,28309
3,12,7.267,28310
3,12,7.3,28311
3,12,7.333,28312
3,12,7.367,28313
3,12,7.4,28314
3,12,7.433,28315
3,12,7.467,28316
3,12,7.5,28317
3,12,7.533,28318
3,12,7.567,28319
3,12,7.6,28320
3,12,7.633,28321
3,12,7.667,28322
3,12,7.7,28323
3,12,7.733,28324
3,12,7.767,28325
3,12,7.8,28326
3,12,7.833,28327
3,12,7.867,28328
3,12,7.9,28329
3,12,7.933,28330
3,12,7.967,28331
3,12,8,28332
3,12,8.033,28333
3,12,8.067,28334
3,12,8.1,28335
3,12,8.133,28336
3,12,8.167,28337
3,12,8.2,28338
3,12,8.233,28339
3,12,8.267,28340
3,12,8.3,28341
3,12,8.333,28342
3,12,8.367,28343
3,12,8.4,28344
3,12,8.433,28345
3,12,8.467,28346
3,12,8.5,28347
3,12,8.533,28348
3,12,8.567,28349
3,12,8.6,28350
3,12,8.633,28351
3,12,8.667,28352
3,12,8.7,28353
3,12,8.733,28354
3,12,8.767,28355
3,12,8.8,28356
3,12,8.833,28357
3,12,8.867,28358
3,12,8.9,28359
3,12,8.933,28360
3,12,8.967,28361
3,12,9,28362
3,12,9.033,28363
3,12,9.067,28364
3,12,9.1,28365
3,12,9.133,28366
3,12,9.167,28367
3,12,9.2,28368
3,12,9.233,28369
3,12,9.267,28370
3,12,9.3,28371
3,12,9.333,28372
3,12,9.367,28373
3,12,9.4,28374
3,12,9.433,28375
3,12,9.467,28376
3,12,9.5,28377
3,12,9.533,28378
3,12,9.567,28379
3,12,9.6,28380
3,12,9.633,28381
3,12,9.667,28382
3,12,9.7,28383
3,12,9.733,28384
3,12,9.767,28385
3,12,9.8,28386
3,12,9.833,28387
3,12,9.867,28388
3,12,9.9,28389
3,12,9.933,28390
3,12,9.967,28391
3,12,10,28392
3,12,10.033,28393
3,12,10.067,28394
3,12,10.1,28395
3,12,10.133,28396
3,12,10.167,28397
3,12,10.2,28398
3,12,10.233,28399
3,12,10.267,28400
3,12,10.3,28401
3,12,10.333,28402
3,12,10.367,28403
3,12,10.4,28404
3,12,10.433,28405
3,12,10.467,28406
3,12,10.5,28407
3,12,10.533,28408
3,12,10.567,28409
3,12,10.6,28410
3,12,10.633,28411
3,12,10.667,28412
3,12,10.7,28413
3,12,10.733,28414
3,12,10.767,28415
3,12,10.8,28416
3,12,10.833,28417
3,12,10.867,28418
3,12,10.9,28419
3,12,10.933,28420
3,12,10.967,28421
3,12,11,28422
3,12,11.033,28423
3,12,11.067,28424
3,12,11.1,28425
3,12,11.133,28426
3,12,11.167,28427
3,12,11.2,28428
3,12,11.233,28429
3,12,11.267,28430
3,12,11.3,28431
3,12,11.333,28432
3,12,11.367,28433
3,12,11.4,28434
3,12,11.433,28435
3,12,11.467,28436
3,12,11.5,28437
3,12,11.533,28438
3,12,11.567,28439
3,12,11.6,28440
3,12,11.633,28441
3,12,11.667,28442
3,12,11.7,28443
3,12,11.733,28444
3,12,11.767,28445
3,12,11.8,28446
3,12,11.833,28447
3,12,11.867,28448
3,12,11.9,28449
3,12,11.933,28450
3,12,11.967,28451
3,12,12,28452
3,12,12.033,28453
3,12,12.067,28454
3,12,12.1,28455
3,12,12.133,28456
3,12,12.167,28457
3,12,12.2,28458
3,12,12.233,28459
3,12,12.267,28460
3,12,12.3,28461
3,12,12.333,28462
3,12,12.367,28463
3,12,12.4,28464
3,12,12.433,28465
3,12,12.467,28466
3,12,12.5,28467
3,12,12.533,28468
3,12,12.567,28469
3,12,12.6,28470
3,12,12.633,28471
3,12,12.667,28472
3,12,12.7,28473
3,12,12.733,28474
3,12,12.767,28475
3,12,12.8,28476
3,12,12.833,28477
3,12,12.867,28478
3,12,12.9,28479
3,12,12.933,28480
3,12,12.967,28481
3,12,13,28482
3,12,13.033,28483
3,12,13.067,28484
3,12,13.1,28485
3,12,13.133,28486
3,12,13.167,28487
3,12,13.2,28488
3,12,13.233,28489
3,12,13.267,28490
3,12,13.3,28491
3,12,13.333,28492
3,12,13.367,28493
3,12,13.4,28494
3,12,13.433,28495
3,12,13.467,28496
3,12,13.5,28497
3,12,13.533,28498
3,12,13.567,28499
3,12,13.6,28500
3,12,13.633,28501
3,12,13.667,28502
3,12,13.7,28503
3,12,13.733,28504
3,12,13.767,28505
3,12,13.8,28506
3,12,13.833,28507
3,12,13.867,28508
3,12,13.9,28509
3,12,13.933,28510
3,12,13.967,28511
3,12,14,28512
3,12,14.033,28513
3,12,14.067,28514
3,12,14.1,28515
3,12,14.133,28516
3,12,14.167,28517
3,12,14.2,28518
3,12,14.233,28519
3,12,14.267,28520
3,12,14.3,28521
3,12,14.333,28522
3,12,14.367,28523
3,12,14.4,28524
3,12,14.433,28525
3,12,14.467,28526
3,12,14.5,28527
3,12,14.533,28528
3,12,14.567,28529
3,12,14.6,28530
3,12,14.633,28531
3,12,14.667,28532
1,12,14.7,28533
1,12,14.733,28534
1,12,14.767,28535
1,12,14.8,28536
1,12,14.833,28537
1,12,14.867,28538
1,12,14.9,28539
1,12,14.933,28540
1,12,14.967,28541
1,12,15,28542
1,12,15.033,28543
1,12,15.067,28544
1,12,15.1,28545
1,12,15.133,28546
1,12,15.167,28547
1,12,15.2,28548
1,12,15.233,28549
1,12,15.267,28550
1,12,15.3,28551
1,12,15.333,28552
1,12,15.367,28553
1,12,15.4,28554
1,12,15.433,28555
1,12,15.467,28556
1,12,15.5,28557
1,12,15.533,28558
1,12,15.567,28559
1,12,15.6,28560
1,12,15.633,28561
1,12,15.667,28562
1,12,15.7,28563
1,12,15.733,28564
1,12,15.767,28565
1,12,15.8,28566
1,12,15.833,28567
1,12,15.867,28568
1,12,15.9,28569
1,12,15.933,28570
1,12,15.967,28571
1,12,16,28572
1,12,16.033,28573
1,12,16.067,28574
1,12,16.1,28575
1,12,16.133,28576
1,12,16.167,28577
1,12,16.2,28578
1,12,16.233,28579
1,12,16.267,28580
1,12,16.3,28581
1,12,16.333,28582
1,12,16.367,28583
1,12,16.4,28584
1,12,16.433,28585
1,12,16.467,28586
1,12,16.5,28587
1,12,16.533,28588
1,12,16.567,28589
1,12,16.6,28590
1,12,16.633,28591
1,12,16.667,28592
1,12,16.7,28593
1,12,16.733,28594
1,12,16.767,28595
1,12,16.8,28596
1,12,16.833,28597
1,12,16.867,28598
1,12,16.9,28599
1,12,16.933,28600
1,12,16.967,28601
1,12,17,28602
2,12,26.333,28603
2,12,26.367,28604
2,12,26.4,28605
2,12,26.433,28606
2,12,26.467,28607
2,12,26.5,28608
2,12,26.533,28609
2,12,26.567,28610
2,12,26.6,28611
2,12,26.633,28612
2,12,26.667,28613
2,12,26.7,28614
2,12,26.733,28615
2,12,26.767,28616
2,12,26.8,28617
2,12,26.833,28618
2,12,26.867,28619
2,12,26.9,28620
2,12,0,28621
2,12,0.033,28622
2,12,0.067,28623
2,12,0.1,28624
2,12,0.133,28625
2,12,0.167,28626
2,12,0.2,28627
2,12,0.233,28628
2,12,0.267,28629
2,12,0.3,28630
2,12,0.333,28631
2,12,0.367,28632
2,12,0.4,28633
2,12,0.433,28634
2,12,0.467,28635
2,12,0.5,28636
2,12,0.533,28637
2,12,0.567,28638
2,12,0.6,28639
2,12,0.633,28640
2,12,0.667,28641
2,12,0.7,28642
2,12,0.733,28643
2,12,0.767,28644
2,12,0.8,28645
2,12,0.833,28646
2,12,0.867,28647
2,12,0.9,28648
2,12,0.933,28649
2,12,0.967,28650
2,12,1,28651
2,12,1.033,28652
2,12,1.067,28653
2,12,1.1,28654
2,12,1.133,28655
2,12,1.167,28656
2,12,1.2,28657
2,12,1.233,28658
2,12,1.267,28659
2,12,1.3,28660
2,12,1.333,28661
2,12,1.367,28662
2,12,1.4,28663
2,12,1.433,28664
2,12,1.467,28665
2,12,1.5,28666
2,12,1.533,28667
2,12,1.567,28668
2,12,1.6,28669
2,12,1.633,28670
2,12,1.667,28671
2,12,1.7,28672
2,12,1.733,28673
2,12,1.767,28674
2,12,1.8,28675
2,12,1.833,28676
2,12,1.867,28677
2,12,1.9,28678
2,12,1.933,28679
2,12,1.967,28680
2,12,2,28681
1,12,9.733,28682
1,12,9.767,28683
1,12,9.8,28684
1,12,9.833,28685
1,12,9.867,28686
1,12,9.9,28687
1,12,9.933,28688
1,12,9.967,28689
1,12,10,28690
1,12,10.033,28691
1,12,10.067,28692
1,12,10.1,28693
1,12,10.133,28694
1,12,10.167,28695
1,12,10.2,28696
1,12,10.233,28697
1,12,10.267,28698
1,12,10.3,28699
1,12,10.333,28700
1,12,10.367,28701
1,12,10.4,28702
1,12,10.433,28703
1,12,10.467,28704
1,12,10.5,28705
1,12,10.533,28706
1,12,10.567,28707
1,12,10.6,28708
1,12,10.633,28709
1,12,10.667,28710
1,12,10.7,28711
1,12,10.733,28712
1,12,10.767,28713
1,12,10.8,28714
1,12,10.833,28715
1,12,10.867,28716
1,12,10.9,28717
1,12,10.933,28718
1,12,10.967,28719
1,12,11,28720
1,12,11.033,28721
1,12,11.067,28722
1,12,11.1,28723
1,12,11.133,28724
1,12,11.167,28725
1,12,11.2,28726
1,12,11.233,28727
1,12,11.267,28728
1,12,11.3,28729
1,12,11.333,28730
1,12,11.367,28731
1,12,11.4,28732
1,12,11.433,28733
1,12,11.467,28734
1,12,11.5,28735
1,12,11.533,28736
1,12,11.567,28737
1,12,11.6,28738
1,12,11.633,28739
1,12,11.667,28740
1,12,11.7,28741
1,12,11.733,28742
1,12,11.767,28743
1,12,11.8,28744
1,12,11.833,28745
1,12,11.867,28746
1,12,11.9,28747
1,12,11.933,28748
1,12,11.967,28749
1,12,12,28750
1,12,12.033,28751
1,12,12.067,28752
1,12,12.1,28753
1,12,12.133,28754
1,12,12.167,28755
1,12,12.2,28756
1,12,12.233,28757
1,12,12.267,28758
1,12,12.3,28759
1,12,12.333,28760
1,12,12.367,28761
1,12,12.4,28762
1,12,12.433,28763
1,12,12.467,28764
1,12,12.5,28765
1,12,12.533,28766
1,12,12.567,28767
1,12,12.6,28768
1,12,12.633,28769
1,12,12.667,28770
1,12,12.7,28771
1,12,12.733,28772
1,12,12.767,28773
1,12,12.8,28774
1,12,12.833,28775
1,12,12.867,28776
1,12,12.9,28777
1,12,12.933,28778
1,12,12.967,28779
1,12,13,28780
1,12,13.033,28781
1,12,13.067,28782
1,12,13.1,28783
1,12,13.133,28784
1,12,13.167,28785
1,12,13.2,28786
1,12,13.233,28787
1,12,13.267,28788
1,12,13.3,28789
1,12,13.333,28790
1,12,13.367,28791
1,12,13.4,28792
1,12,13.433,28793
1,12,13.467,28794
1,12,13.5,28795
1,12,13.533,28796
1,12,13.567,28797
1,12,13.6,28798
1,12,13.633,28799
1,12,13.667,28800
1,12,13.7,28801
1,12,13.733,28802
1,12,13.767,28803
1,12,13.8,28804
1,12,13.833,28805
1,12,13.867,28806
1,12,13.9,28807
1,12,13.933,28808
1,12,13.967,28809
1,12,14,28810
1,12,14.033,28811
1,12,14.067,28812
1,12,14.1,28813
1,12,14.133,28814
1,12,14.167,28815
1,12,14.2,28816
1,12,14.233,28817
1,12,14.267,28818
1,12,14.3,28819
1,12,14.333,28820
1,12,14.367,28821
1,12,14.4,28822
1,12,14.433,28823
1,12,14.467,28824
1,12,14.5,28825
1,12,14.533,28826
1,12,14.567,28827
1,12,14.6,28828
1,12,14.633,28829
1,12,14.667,28830
1,12,14.7,28831
1,12,14.733,28832
1,12,14.767,28833
1,12,14.8,28834
1,12,14.833,28835
1,12,14.867,28836
1,12,14.9,28837
1,12,14.933,28838
1,12,14.967,28839
1,12,15,28840
1,12,15.033,28841
1,12,15.067,28842
1,12,15.1,28843
1,12,15.133,28844
1,12,15.167,28845
1,12,15.2,28846
1,12,15.233,28847
1,12,15.267,28848
1,12,15.3,28849
1,12,15.333,28850
1,12,15.367,28851
1,12,15.4,28852
1,12,15.433,28853
1,12,15.467,28854
1,12,15.5,28855
1,12,15.533,28856
1,12,15.567,28857
1,12,15.6,28858
1,12,15.633,28859
1,12,15.667,28860
1,12,15.7,28861
1,12,15.733,28862
1,12,15.767,28863
1,12,15.8,28864
1,12,15.833,28865
1,12,15.867,28866
1,12,15.9,28867
1,12,15.933,28868
1,12,15.967,28869
1,12,16,28870
1,12,16.033,28871
1,12,16.067,28872
1,12,16.1,28873
1,12,16.133,28874
1,12,16.167,28875
1,12,16.2,28876
1,12,16.233,28877
1,12,16.267,28878
1,12,16.3,28879
1,12,16.333,28880
1,12,16.367,28881
1,12,16.4,28882
1,12,16.433,28883
1,12,16.467,28884
1,12,16.5,28885
1,12,16.533,28886
1,12,16.567,28887
1,12,16.6,28888
1,12,16.633,28889
1,12,16.667,28890
1,12,16.7,28891
1,12,16.733,28892
1,12,16.767,28893
1,12,16.8,28894
1,12,16.833,28895
1,12,16.867,28896
1,12,16.9,28897
1,12,16.933,28898
1,12,16.967,28899
1,12,17,28900
1,12,17.033,28901
1,12,17.067,28902
1,12,17.1,28903
1,12,17.133,28904
1,12,17.167,28905
1,12,17.2,28906
1,12,17.233,28907
1,12,17.267,28908
1,12,17.3,28909
1,12,17.333,28910
1,12,17.367,28911
1,12,17.4,28912
1,12,17.433,28913
1,12,17.467,28914
1,12,17.5,28915
1,12,17.533,28916
1,12,17.567,28917
1,12,17.6,28918
1,12,17.633,28919
1,12,17.667,28920
1,12,17.7,28921
1,12,17.733,28922
1,12,17.767,28923
1,12,17.8,28924
1,12,17.833,28925
1,12,17.867,28926
1,12,17.9,28927
1,12,17.933,28928
1,12,17.967,28929
1,12,18,28930
1,12,18.033,28931
1,12,18.067,28932
1,12,18.1,28933
1,12,18.133,28934
1,12,18.167,28935
1,12,18.2,28936
1,12,18.233,28937
1,12,18.267,28938
1,12,18.3,28939
1,12,18.333,28940
1,12,18.367,28941
1,12,18.4,28942
1,12,18.433,28943
1,12,18.467,28944
1,12,18.5,28945
1,12,18.533,28946
1,12,18.567,28947
1,12,18.6,28948
1,12,18.633,28949
1,12,18.667,28950
1,12,18.7,28951
1,12,18.733,28952
1,12,18.767,28953
1,12,18.8,28954
1,12,18.833,28955
1,12,18.867,28956
1,12,18.9,28957
1,12,18.933,28958
1,12,18.967,28959
1,12,19,28960
1,12,19.033,28961
1,12,19.067,28962
1,12,19.1,28963
1,12,19.133,28964
1,12,19.167,28965
1,12,19.2,28966
1,12,19.233,28967
1,12,19.267,28968
1,12,19.3,28969
1,12,19.333,28970
1,12,19.367,28971
1,12,19.4,28972
1,12,19.433,28973
1,12,19.467,28974
1,12,19.5,28975
1,12,19.533,28976
1,12,19.567,28977
1,12,19.6,28978
1,12,0,28979
1,12,0.033,28980
1,12,0.067,28981
1,12,0.1,28982
1,12,0.133,28983
1,12,0.167,28984
1,12,0.2,28985
1,12,0.233,28986
1,12,0.267,28987
1,12,0.3,28988
1,12,0.333,28989
1,12,0.367,28990
1,12,0.4,28991
1,12,0.433,28992
1,12,0.467,28993
1,12,0.5,28994
1,12,0.533,28995
1,12,0.567,28996
1,12,0.6,28997
1,12,0.633,28998
1,12,0.667,28999
1,12,0.7,29000
1,12,0.733,29001
1,12,0.767,29002
1,12,0.8,29003
1,12,0.833,29004
1,12,0.867,29005
1,12,0.9,29006
1,12,0.933,29007
1,12,0.967,29008
1,12,1,29009
1,12,1.033,29010
1,12,1.067,29011
1,12,1.1,29012
1,12,1.133,29013
1,12,1.167,29014
1,12,1.2,29015
1,12,1.233,29016
1,12,1.267,29017
1,12,1.3,29018
1,12,1.333,29019
1,12,1.367,29020
1,12,1.4,29021
1,12,1.433,29022
1,12,1.467,29023
1,12,1.5,29024
1,12,1.533,29025
1,12,1.567,29026
1,12,1.6,29027
1,12,1.633,29028
1,12,1.667,29029
1,12,1.7,29030
1,12,1.733,29031
1,12,1.767,29032
1,12,1.8,29033
1,12,1.833,29034
1,12,1.867,29035
1,12,1.9,29036
1,12,1.933,29037
1,12,1.967,29038
1,12,2,29039
1,12,2.033,29040
1,12,2.067,29041
1,12,2.1,29042
1,12,2.133,29043
1,12,2.167,29044
1,12,2.2,29045
1,12,2.233,29046
1,12,2.267,29047
1,12,5.2,29048
1,12,5.233,29049
1,12,5.267,29050
1,12,5.3,29051
1,12,5.333,29052
1,12,5.367,29053
1,12,5.4,29054
1,12,5.433,29055
1,12,5.467,29056
1,12,5.5,29057
1,12,5.533,29058
1,12,5.567,29059
1,12,5.6,29060
1,12,5.633,29061
1,12,5.667,29062
1,12,5.7,29063
1,12,5.733,29064
1,12,5.767,29065
1,12,5.8,29066
1,12,5.833,29067
1,12,5.867,29068
1,12,5.9,29069
1,12,5.933,29070
1,12,5.967,29071
1,12,6,29072
1,12,6.033,29073
1,12,6.067,29074
1,12,6.1,29075
1,12,6.133,29076
1,12,6.167,29077
1,12,6.2,29078
1,12,6.233,29079
1,12,6.267,29080
5,12,6.333,29081
5,12,6.367,29082
5,12,6.4,29083
5,12,6.433,29084
5,12,6.467,29085
5,12,6.5,29086
5,12,6.533,29087
5,12,6.567,29088
5,12,6.6,29089
5,12,6.633,29090
5,12,6.667,29091
5,12,6.7,29092
5,12,6.733,29093
5,12,6.767,29094
5,12,6.8,29095
5,12,6.833,29096
5,12,6.867,29097
5,12,6.9,29098
5,12,6.933,29099
5,12,6.967,29100
5,12,7,29101
5,12,7.033,29102
5,12,7.067,29103
5,12,7.1,29104
5,12,7.133,29105
5,12,7.167,29106
5,12,7.2,29107
5,12,7.233,29108
5,12,7.267,29109
5,12,7.3,29110
5,12,7.333,29111
5,12,7.367,29112
5,12,7.4,29113
5,12,7.433,29114
1,12,7.467,29115
6,12,7.9,29116
6,12,7.933,29117
6,12,7.967,29118
6,12,8,29119
6,12,8.033,29120
6,12,8.067,29121
6,12,8.1,29122
6,12,8.133,29123
6,12,8.167,29124
6,12,8.2,29125
6,12,8.233,29126
6,12,8.267,29127
6,12,8.3,29128
6,12,8.333,29129
6,12,8.367,29130
6,12,8.4,29131
6,12,8.433,29132
6,12,8.467,29133
6,12,8.5,29134
6,12,8.533,29135
6,12,8.567,29136
6,12,8.6,29137
6,12,8.633,29138
6,12,8.667,29139
6,12,8.7,29140
6,12,8.733,29141
6,12,8.767,29142
6,12,8.8,29143
6,12,8.833,29144
6,12,8.867,29145
6,12,8.9,29146
6,12,8.933,29147
6,12,8.967,29148
6,12,9,29149
6,12,9.033,29150
6,12,9.067,29151
6,12,9.1,29152
6,12,9.133,29153
6,12,9.167,29154
6,12,9.2,29155
6,12,9.233,29156
6,12,9.267,29157
6,12,9.3,29158
6,12,9.333,29159
6,12,9.367,29160
6,12,9.4,29161
6,12,9.433,29162
6,12,9.467,29163
6,12,9.5,29164
6,12,9.533,29165
6,12,9.567,29166
6,12,9.6,29167
6,12,9.633,29168
6,12,9.667,29169
6,12,9.7,29170
6,12,9.733,29171
6,12,9.767,29172
6,12,9.8,29173
6,12,9.833,29174
6,12,9.867,29175
6,12,9.9,29176
6,12,9.933,29177
6,12,9.967,29178
6,12,10,29179
6,12,10.033,29180
6,12,10.067,29181
6,12,10.1,29182
6,12,10.133,29183
6,12,10.167,29184
6,12,10.2,29185
6,12,10.233,29186
6,12,10.267,29187
6,12,10.3,29188
6,12,10.333,29189
6,12,10.367,29190
6,12,10.4,29191
6,12,10.433,29192
6,12,10.467,29193
6,12,10.5,29194
6,12,10.533,29195
6,12,10.567,29196
6,12,10.6,29197
6,12,10.633,29198
6,12,10.667,29199
6,12,10.7,29200
6,12,10.733,29201
6,12,10.767,29202
6,12,10.8,29203
6,12,10.833,29204
6,12,10.867,29205
6,12,10.9,29206
6,12,10.933,29207
6,12,10.967,29208
6,12,11,29209
6,12,11.033,29210
6,12,11.067,29211
6,12,11.1,29212
6,12,11.133,29213
6,12,11.167,29214
6,12,11.2,29215
6,12,11.233,29216
6,12,11.267,29217
6,12,11.3,29218
6,12,11.333,29219
6,12,11.367,29220
6,12,11.4,29221
6,12,11.433,29222
6,12,11.467,29223
6,12,11.5,29224
6,12,11.533,29225
6,12,11.567,29226
6,12,11.6,29227
6,12,11.633,29228
6,12,11.667,29229
6,12,11.7,29230
6,12,11.733,29231
6,12,11.767,29232
6,12,11.8,29233
6,12,11.833,29234
6,12,11.867,29235
6,12,11.9,29236
6,12,11.933,29237
6,12,11.967,29238
6,12,12,29239
6,12,12.033,29240
6,12,12.067,29241
6,12,12.1,29242
6,12,12.133,29243
6,12,12.167,29244
6,12,12.2,29245
6,12,12.233,29246
6,12,12.267,29247
6,12,12.3,29248
6,12,12.333,29249
6,12,12.367,29250
6,12,12.4,29251
6,12,12.433,29252
6,12,12.467,29253
6,12,12.5,29254
6,12,12.533,29255
6,12,12.567,29256
6,12,12.6,29257
6,12,12.633,29258
6,12,12.667,29259
6,12,12.7,29260
6,12,12.733,29261
6,12,12.767,29262
6,12,12.8,29263
6,12,12.833,29264
6,12,12.867,29265
6,12,12.9,29266
6,12,12.933,29267
6,12,12.967,29268
6,12,13,29269
6,12,13.033,29270
6,12,13.067,29271
6,12,13.1,29272
6,12,13.133,29273
6,12,13.167,29274
6,12,13.2,29275
6,12,13.233,29276
6,12,13.267,29277
6,12,13.3,29278
6,12,13.333,29279
6,12,13.367,29280
6,12,13.4,29281
6,12,13.433,29282
6,12,13.467,29283
6,12,13.5,29284
6,12,13.533,29285
6,12,13.567,29286
6,12,13.6,29287
6,12,13.633,29288
6,12,13.667,29289
6,12,13.7,29290
6,12,13.733,29291
6,12,13.767,29292
6,12,13.8,29293
6,12,13.833,29294
6,12,13.867,29295
6,12,13.9,29296
6,12,13.933,29297
6,12,13.967,29298
6,12,14,29299
6,12,14.033,29300
6,12,14.067,29301
6,12,14.1,29302
6,12,14.133,29303
6,12,14.167,29304
6,12,0,29305
6,12,0.033,29306
6,12,0.067,29307
6,12,0.1,29308
6,12,0.133,29309
6,12,0.167,29310
6,12,0.2,29311
6,12,0.233,29312
6,12,0.267,29313
6,12,0.3,29314
6,12,0.333,29315
6,12,0.367,29316
6,12,0.4,29317
6,12,0.433,29318
6,12,0.467,29319
6,12,0.5,29320
6,12,0.533,29321
6,12,0.567,29322
6,12,0.6,29323
6,12,0.633,29324
6,12,0.667,29325
6,12,0.7,29326
6,12,0.733,29327
6,12,0.767,29328
6,12,0.8,29329
6,12,0.833,29330
6,12,0.867,29331
6,12,0.9,29332
6,12,0.933,29333
6,12,0.967,29334
6,12,1,29335
6,12,1.033,29336
6,12,1.067,29337
6,12,1.1,29338
6,12,1.133,29339
6,12,1.167,29340
6,12,1.2,29341
6,12,1.233,29342
6,12,1.267,29343
6,12,1.3,29344
1,12,1.5,29345
1,12,1.533,29346
1,12,1.567,29347
1,12,1.6,29348
1,12,1.633,29349
5,12,1.7,29350
5,12,1.733,29351
5,12,1.767,29352
5,12,1.8,29353
5,12,1.833,29354
5,12,1.867,29355
5,12,1.9,29356
5,12,1.933,29357
5,12,1.967,29358
5,12,2,29359
5,12,2.033,29360
5,12,2.067,29361
5,12,2.1,29362
5,12,2.133,29363
5,12,2.167,29364
5,12,2.2,29365
5,12,2.233,29366
5,12,2.267,29367
5,12,2.3,29368
5,12,2.333,29369
5,12,2.367,29370
5,12,2.4,29371
5,12,2.433,29372
5,12,2.467,29373
5,12,2.5,29374
5,12,2.533,29375
5,12,2.567,29376
5,12,2.6,29377
5,12,2.633,29378
5,12,2.667,29379
5,12,2.7,29380
5,12,2.733,29381
5,12,2.767,29382
5,12,2.8,29383
5,12,2.833,29384
5,12,2.867,29385
5,12,2.9,29386
5,12,2.933,29387
5,12,2.967,29388
5,12,3,29389
5,12,3.033,29390
5,12,3.067,29391
5,12,3.1,29392
5,12,3.133,29393
5,12,3.167,29394
5,12,3.2,29395
5,12,3.233,29396
5,12,3.267,29397
5,12,3.3,29398
5,12,3.333,29399
5,12,3.367,29400
5,12,3.4,29401
5,12,3.433,29402
5,12,3.467,29403
5,12,3.5,29404
5,12,3.533,29405
5,12,3.567,29406
5,12,3.6,29407
5,12,3.633,29408
5,12,3.667,29409
5,12,3.7,29410
5,12,3.733,29411
5,12,3.767,29412
5,12,3.8,29413
5,12,3.833,29414
5,12,3.867,29415
5,12,3.9,29416
5,12,3.933,29417
5,12,3.967,29418
5,12,4,29419
5,12,4.033,29420
5,12,4.067,29421
5,12,4.1,29422
5,12,4.133,29423
5,12,4.167,29424
5,12,4.2,29425
5,12,4.233,29426
5,12,4.267,29427
5,12,4.3,29428
5,12,4.333,29429
5,12,4.367,29430
5,12,4.4,29431
5,12,4.433,29432
5,12,4.467,29433
5,12,4.5,29434
5,12,4.533,29435
5,12,4.567,29436
5,12,4.6,29437
5,12,4.633,29438
5,12,4.667,29439
5,12,4.7,29440
5,12,4.733,29441
5,12,4.767,29442
5,12,4.8,29443
5,12,4.833,29444
5,12,4.867,29445
5,12,4.9,29446
5,12,4.933,29447
5,12,4.967,29448
5,12,5,29449
5,12,5.033,29450
5,12,5.067,29451
5,12,5.1,29452
5,12,5.133,29453
5,12,5.167,29454
5,12,5.2,29455
5,12,5.233,29456
5,12,5.267,29457
5,12,5.3,29458
5,12,5.333,29459
5,12,5.367,29460
5,12,5.4,29461
5,12,5.433,29462
5,12,5.467,29463
5,12,5.5,29464
5,12,5.533,29465
5,12,5.567,29466
5,12,5.6,29467
5,12,5.633,29468
5,12,5.667,29469
5,12,5.7,29470
5,12,5.733,29471
5,12,5.767,29472
5,12,5.8,29473
5,12,5.833,29474
5,12,5.867,29475
5,12,5.9,29476
5,12,5.933,29477
5,12,5.967,29478
5,12,6,29479
5,12,6.033,29480
5,12,6.067,29481
5,12,6.1,29482
5,12,6.133,29483
5,12,6.167,29484
5,12,6.2,29485
5,12,6.233,29486
5,12,6.267,29487
5,12,6.3,29488
5,12,6.333,29489
5,12,6.367,29490
5,12,6.4,29491
5,12,6.433,29492
5,12,6.467,29493
5,12,6.5,29494
5,12,6.533,29495
5,12,6.567,29496
5,12,6.6,29497
5,12,6.633,29498
5,12,6.667,29499
5,12,6.7,29500
5,12,6.733,29501
5,12,6.767,29502
5,12,6.8,29503
5,12,6.833,29504
5,12,6.867,29505
5,12,6.9,29506
5,12,6.933,29507
5,12,6.967,29508
5,12,7,29509
5,12,7.033,29510
5,12,7.067,29511
5,12,7.1,29512
5,12,7.133,29513
5,12,7.167,29514
5,12,7.2,29515
5,12,7.233,29516
5,12,7.267,29517
5,12,7.3,29518
5,12,7.333,29519
5,12,7.367,29520
5,12,7.4,29521
5,12,7.433,29522
5,12,7.467,29523
5,12,7.5,29524
5,12,7.533,29525
5,12,7.567,29526
5,12,7.6,29527
5,12,7.633,29528
5,12,7.667,29529
5,12,7.7,29530
5,12,7.733,29531
5,12,7.767,29532
5,12,7.8,29533
5,12,7.833,29534
5,12,7.867,29535
5,12,7.9,29536
5,12,7.933,29537
5,12,7.967,29538
5,12,8,29539
5,12,8.033,29540
5,12,8.067,29541
5,12,8.1,29542
5,12,8.133,29543
5,12,8.167,29544
5,12,8.2,29545
5,12,8.233,29546
5,12,8.267,29547
5,12,8.3,29548
5,12,8.333,29549
5,12,8.367,29550
5,12,8.4,29551
5,12,8.433,29552
5,12,8.467,29553
5,12,8.5,29554
5,12,8.533,29555
5,12,8.567,29556
5,12,8.6,29557
5,12,8.633,29558
5,12,8.667,29559
5,12,8.7,29560
5,12,8.733,29561
5,12,8.767,29562
5,12,8.8,29563
5,12,8.833,29564
5,12,8.867,29565
5,12,8.9,29566
1,12,8.933,29567
1,12,8.967,29568
4,12,9.033,29569
4,12,9.067,29570
4,12,9.1,29571
4,12,9.133,29572
4,12,9.167,29573
4,12,9.2,29574
4,12,9.233,29575
4,12,9.267,29576
4,12,9.3,29577
4,12,9.333,29578
4,12,9.367,29579
4,12,9.4,29580
4,12,9.433,29581
4,12,9.467,29582
4,12,9.5,29583
4,12,9.533,29584
4,12,9.567,29585
4,12,9.6,29586
4,12,9.633,29587
4,12,9.667,29588
4,12,9.7,29589
4,12,9.733,29590
4,12,9.767,29591
4,12,9.8,29592
4,12,9.833,29593
4,12,9.867,29594
4,12,9.9,29595
4,12,9.933,29596
4,12,9.967,29597
4,12,10,29598
4,12,10.033,29599
4,12,10.067,29600
4,12,10.1,29601
4,12,10.133,29602
4,12,10.167,29603
4,12,10.2,29604
4,12,10.233,29605
4,12,10.267,29606
4,12,10.3,29607
4,12,10.333,29608
4,12,10.367,29609
4,12,10.4,29610
4,12,10.433,29611
4,12,10.467,29612
4,12,10.5,29613
4,12,10.533,29614
4,12,10.567,29615
4,12,10.6,29616
4,12,10.633,29617
4,12,10.667,29618
4,12,10.7,29619
4,12,10.733,29620
4,12,10.767,29621
4,12,10.8,29622
4,12,10.833,29623
4,12,10.867,29624
4,12,10.9,29625
4,12,10.933,29626
4,12,10.967,29627
4,12,11,29628
4,12,11.033,29629
4,12,11.067,29630
4,12,11.1,29631
4,12,11.133,29632
4,12,11.167,29633
4,12,11.2,29634
4,12,11.233,29635
4,12,11.267,29636
4,12,11.3,29637
4,12,11.333,29638
4,12,11.367,29639
4,12,11.4,29640
4,12,11.433,29641
4,12,11.467,29642
4,12,11.5,29643
4,12,11.533,29644
4,12,11.567,29645
4,12,11.6,29646
4,12,11.633,29647
4,12,11.667,29648
4,12,11.7,29649
4,12,11.733,29650
4,12,11.767,29651
4,12,11.8,29652
4,12,11.833,29653
4,12,11.867,29654
4,12,11.9,29655
4,12,11.933,29656
4,12,11.967,29657
4,12,12,29658
4,12,12.033,29659
4,12,12.067,29660
4,12,12.1,29661
4,12,12.133,29662
4,12,12.167,29663
4,12,12.2,29664
4,12,12.233,29665
4,12,12.267,29666
4,12,12.3,29667
4,12,12.333,29668
4,12,12.367,29669
4,12,12.4,29670
4,12,12.433,29671
4,12,12.467,29672
4,12,12.5,29673
4,12,12.533,29674
4,12,12.567,29675
4,12,12.6,29676
4,12,12.633,29677
4,12,12.667,29678
4,12,12.7,29679
4,12,12.733,29680
4,12,12.767,29681
4,12,12.8,29682
4,12,12.833,29683
4,12,12.867,29684
4,12,12.9,29685
4,12,12.933,29686
3,12,13,29687
3,12,13.033,29688
3,12,13.067,29689
3,12,13.1,29690
3,12,13.133,29691
3,12,13.167,29692
3,12,13.2,29693
3,12,13.233,29694
3,12,13.267,29695
3,12,13.3,29696
3,12,13.333,29697
3,12,13.367,29698
3,12,13.4,29699
3,12,13.433,29700
3,12,13.467,29701
3,12,13.5,29702
3,12,13.533,29703
3,12,13.567,29704
3,12,13.6,29705
3,12,13.633,29706
3,12,13.667,29707
3,12,13.7,29708
3,12,13.733,29709
3,12,13.767,29710
3,12,13.8,29711
3,12,13.833,29712
3,12,13.867,29713
3,12,13.9,29714
3,12,13.933,29715
3,12,13.967,29716
3,12,14,29717
3,12,14.033,29718
4,12,14.167,29719
4,12,14.2,29720
4,12,14.233,29721
4,12,14.267,29722
4,12,14.3,29723
3,12,14.4,29724
3,12,14.433,29725
3,12,14.533,29726
3,12,14.567,29727
3,12,14.6,29728
3,12,14.633,29729
3,12,14.667,29730
3,12,14.7,29731
3,12,14.733,29732
3,12,14.767,29733
3,12,14.8,29734
3,12,0,29735
3,12,0.033,29736
3,12,0.067,29737
3,12,0.1,29738
3,12,0.133,29739
3,12,0.167,29740
3,12,0.2,29741
3,12,0.233,29742
3,12,0.267,29743
3,12,0.3,29744
3,12,0.333,29745
3,12,0.367,29746
3,12,0.4,29747
3,12,0.433,29748
3,12,0.467,29749
3,12,0.5,29750
3,12,0.533,29751
3,12,0.567,29752
3,12,0.6,29753
3,12,0.633,29754
3,12,0.667,29755
3,12,0.7,29756
3,12,0.733,29757
3,12,0.767,29758
3,12,0.8,29759
3,12,0.833,29760
3,12,0.867,29761
3,12,0.9,29762
3,12,0.933,29763
3,12,0.967,29764
3,12,1,29765
3,12,1.033,29766
3,12,1.067,29767
3,12,1.1,29768
3,12,1.133,29769
3,12,1.167,29770
3,12,1.2,29771
3,12,1.233,29772
3,12,1.267,29773
3,12,1.3,29774
3,12,1.333,29775
3,12,1.367,29776
3,12,1.4,29777
3,12,1.433,29778
3,12,1.467,29779
3,12,1.5,29780
3,12,1.533,29781
3,12,1.567,29782
3,12,1.6,29783
3,12,1.633,29784
3,12,1.667,29785
3,12,1.7,29786
3,12,1.733,29787
3,12,1.767,29788
3,12,1.8,29789
3,12,1.833,29790
3,12,1.867,29791
3,12,1.9,29792
3,12,1.933,29793
3,12,1.967,29794
3,12,2,29795
3,12,2.033,29796
3,12,2.067,29797
3,12,2.1,29798
3,12,0,29799
3,12,0.033,29800
3,12,0.067,29801
3,12,0.1,29802
3,12,0.133,29803
3,12,0.167,29804
3,12,0.2,29805
3,12,0.233,29806
3,12,0.267,29807
3,12,0.3,29808
3,12,0.333,29809
3,12,0.367,29810
3,12,0.4,29811
3,12,0.433,29812
3,12,0.467,29813
3,12,0.5,29814
3,12,0.533,29815
3,12,0.567,29816
3,12,0.6,29817
3,12,0.633,29818
3,12,0.667,29819
3,12,0.7,29820
3,12,0.733,29821
3,12,0.767,29822
3,12,0.8,29823
3,12,0.833,29824
3,12,0.867,29825
3,12,0.9,29826
3,12,0.933,29827
3,12,0.967,29828
3,12,1,29829
3,12,1.033,29830
3,12,1.067,29831
3,12,1.1,29832
3,12,1.133,29833
3,12,1.167,29834
3,12,1.2,29835
3,12,1.233,29836
4,12,1.333,29837
4,12,1.367,29838
4,12,1.4,29839
4,12,1.433,29840
4,12,1.467,29841
4,12,1.5,29842
4,12,1.533,29843
4,12,1.567,29844
4,12,1.6,29845
4,12,1.633,29846
4,12,1.667,29847
4,12,1.7,29848
4,12,1.733,29849
4,12,1.767,29850
4,12,1.8,29851
4,12,1.833,29852
4,12,1.867,29853
4,12,1.9,29854
4,12,1.933,29855
4,12,1.967,29856
4,12,2,29857
4,12,2.033,29858
4,12,2.067,29859
4,12,2.1,29860
4,12,2.133,29861
4,12,2.167,29862
4,12,2.2,29863
4,12,2.233,29864
4,12,2.267,29865
4,12,2.3,29866
4,12,2.333,29867
4,12,2.367,29868
4,12,2.4,29869
4,12,2.433,29870
4,12,2.467,29871
4,12,2.5,29872
4,12,2.533,29873
4,12,2.567,29874
4,12,2.6,29875
4,12,2.633,29876
4,12,2.667,29877
4,12,2.7,29878
4,12,2.733,29879
4,12,2.767,29880
4,12,2.8,29881
4,12,2.833,29882
4,12,2.867,29883
4,12,2.9,29884
4,12,2.933,29885
4,12,2.967,29886
4,12,3,29887
4,12,3.033,29888
4,12,3.067,29889
4,12,3.1,29890
4,12,3.133,29891
4,12,3.167,29892
4,12,3.2,29893
4,12,3.233,29894
4,12,3.267,29895
4,12,3.3,29896
4,12,3.333,29897
4,12,3.367,29898
4,12,3.4,29899
4,12,3.433,29900
4,12,3.467,29901
4,12,3.5,29902
4,12,3.533,29903
4,12,3.567,29904
4,12,3.6,29905
4,12,3.633,29906
4,12,3.667,29907
4,12,3.7,29908
4,12,3.733,29909
4,12,3.767,29910
4,12,3.8,29911
4,12,3.833,29912
4,12,3.867,29913
4,12,3.9,29914
4,12,3.933,29915
4,12,3.967,29916
4,12,4,29917
4,12,4.033,29918
4,12,4.067,29919
4,12,4.1,29920
4,12,4.133,29921
4,12,4.167,29922
4,12,4.2,29923
4,12,4.233,29924
4,12,4.267,29925
4,12,4.3,29926
4,12,4.333,29927
4,12,4.367,29928
4,12,4.4,29929
4,12,4.433,29930
4,12,4.467,29931
4,12,4.5,29932
4,12,4.533,29933
4,12,4.567,29934
4,12,4.6,29935
4,12,4.633,29936
4,12,4.667,29937
4,12,4.7,29938
4,12,4.733,29939
4,12,4.767,29940
4,12,4.8,29941
4,12,4.833,29942
4,12,4.867,29943
4,12,4.9,29944
4,12,4.933,29945
4,12,4.967,29946
4,12,5,29947
4,12,5.033,29948
4,12,5.067,29949
4,12,5.1,29950
4,12,5.133,29951
4,12,5.167,29952
4,12,5.2,29953
4,12,5.233,29954
4,12,5.267,29955
4,12,5.3,29956
4,12,5.333,29957
4,12,5.367,29958
4,12,5.4,29959
4,12,5.433,29960
4,12,5.467,29961
4,12,5.5,29962
4,12,5.533,29963
4,12,5.567,29964
4,12,5.6,29965
4,12,5.633,29966
4,12,5.667,29967
4,12,5.7,29968
4,12,5.733,29969
4,12,5.767,29970
4,12,5.8,29971
4,12,5.833,29972
4,12,5.867,29973
4,12,5.9,29974
4,12,5.933,29975
4,12,5.967,29976
4,12,6,29977
4,12,6.033,29978
4,12,6.067,29979
4,12,6.1,29980
4,12,6.133,29981
4,12,6.167,29982
4,12,6.2,29983
4,12,6.233,29984
4,12,6.267,29985
4,12,6.3,29986
4,12,6.333,29987
4,12,6.367,29988
4,12,6.4,29989
4,12,6.433,29990
4,12,6.467,29991
4,12,6.5,29992
4,12,6.533,29993
4,12,6.567,29994
4,12,6.6,29995
4,12,6.633,29996
4,12,6.667,29997
4,12,6.7,29998
4,12,6.733,29999
4,12,6.767,30000
4,12,6.8,30001
4,12,6.833,30002
4,12,6.867,30003
4,12,6.9,30004
4,12,6.933,30005
4,12,6.967,30006
4,12,7,30007
4,12,7.033,30008
4,12,7.067,30009
4,12,7.1,30010
4,12,7.133,30011
4,12,7.167,30012
4,12,7.2,30013
4,12,7.233,30014
4,12,7.267,30015
4,12,7.3,30016
4,12,7.333,30017
4,12,7.367,30018
4,12,7.4,30019
4,12,7.433,30020
4,12,7.467,30021
4,12,7.5,30022
4,12,7.533,30023
4,12,7.567,30024
4,12,7.6,30025
4,12,7.633,30026
4,12,7.667,30027
4,12,7.7,30028
4,12,7.733,30029
4,12,7.767,30030
4,12,7.8,30031
4,12,7.833,30032
4,12,7.867,30033
4,12,7.9,30034
4,12,7.933,30035
4,12,7.967,30036
4,12,8,30037
4,12,8.033,30038
4,12,8.067,30039
4,12,8.1,30040
4,12,8.133,30041
4,12,8.167,30042
4,12,8.2,30043
4,12,8.233,30044
4,12,8.267,30045
4,12,8.3,30046
4,12,8.333,30047
4,12,8.367,30048
4,12,8.4,30049
4,12,8.433,30050
4,12,8.467,30051
4,12,8.5,30052
4,12,8.533,30053
4,12,8.567,30054
4,12,8.6,30055
4,12,8.633,30056
4,12,8.667,30057
4,12,8.7,30058
4,12,8.733,30059
4,12,8.767,30060
4,12,8.8,30061
4,12,8.833,30062
4,12,8.867,30063
4,12,8.9,30064
4,12,8.933,30065
4,12,8.967,30066
4,12,9,30067
4,12,9.033,30068
4,12,9.067,30069
4,12,9.1,30070
4,12,9.133,30071
4,12,9.167,30072
4,12,9.2,30073
4,12,9.233,30074
4,12,9.267,30075
4,12,9.3,30076
4,12,9.333,30077
4,12,9.367,30078
4,12,9.4,30079
4,12,9.433,30080
4,12,9.467,30081
4,12,9.5,30082
4,12,9.533,30083
4,12,9.567,30084
4,12,9.6,30085
4,12,9.633,30086
4,12,9.667,30087
4,12,9.7,30088
4,12,9.733,30089
4,12,9.767,30090
4,12,9.8,30091
4,12,9.833,30092
4,12,9.867,30093
4,12,9.9,30094
4,12,9.933,30095
4,12,9.967,30096
4,12,10,30097
4,12,10.033,30098
4,12,10.067,30099
4,12,10.1,30100
4,12,10.133,30101
4,12,10.167,30102
4,12,10.2,30103
4,12,10.233,30104
4,12,10.267,30105
4,12,10.3,30106
4,12,10.333,30107
4,12,10.367,30108
4,12,10.4,30109
4,12,10.433,30110
4,12,10.467,30111
4,12,10.5,30112
4,12,10.533,30113
4,12,10.567,30114
4,12,10.6,30115
4,12,10.633,30116
4,12,10.667,30117
4,12,10.7,30118
4,12,10.733,30119
4,12,10.767,30120
4,12,10.8,30121
4,12,10.833,30122
4,12,10.867,30123
4,12,10.9,30124
4,12,10.933,30125
4,12,10.967,30126
4,12,11,30127
4,12,11.033,30128
4,12,11.067,30129
4,12,11.1,30130
4,12,11.133,30131
4,12,11.167,30132
4,12,11.2,30133
4,12,11.233,30134
4,12,11.267,30135
4,12,11.3,30136
4,12,11.333,30137
4,12,11.367,30138
4,12,11.4,30139
4,12,11.433,30140
4,12,11.467,30141
4,12,11.5,30142
4,12,11.533,30143
4,12,11.567,30144
4,12,11.6,30145
4,12,11.633,30146
4,12,11.667,30147
4,12,11.7,30148
4,12,11.733,30149
4,12,11.767,30150
4,12,11.8,30151
4,12,11.833,30152
4,12,11.867,30153
4,12,11.9,30154
4,12,11.933,30155
4,12,11.967,30156
4,12,12,30157
4,12,12.033,30158
4,12,12.067,30159
4,12,12.1,30160
4,12,12.133,30161
4,12,12.167,30162
4,12,12.2,30163
4,12,12.233,30164
4,12,12.267,30165
4,12,12.3,30166
4,12,12.333,30167
4,12,12.367,30168
4,12,12.4,30169
4,12,12.433,30170
4,12,12.467,30171
5,12,13,30172
5,12,13.033,30173
5,12,13.067,30174
5,12,13.1,30175
5,12,13.133,30176
5,12,13.167,30177
5,12,13.2,30178
5,12,13.233,30179
5,12,13.267,30180
5,12,13.3,30181
5,12,13.333,30182
5,12,13.367,30183
5,12,13.4,30184
5,12,13.433,30185
5,12,13.467,30186
5,12,13.5,30187
5,12,13.533,30188
5,12,13.567,30189
5,12,13.6,30190
5,12,13.633,30191
5,12,13.667,30192
5,12,13.7,30193
5,12,13.733,30194
5,12,0,30195
5,12,0.033,30196
5,12,0.067,30197
5,12,0.1,30198
5,12,0.133,30199
5,12,0.167,30200
5,12,0.2,30201
5,12,0.233,30202
5,12,0.267,30203
5,12,0.3,30204
5,12,0.333,30205
5,12,0.367,30206
5,12,0.4,30207
5,12,0.433,30208
5,12,0.467,30209
5,12,0.5,30210
1,12,0.533,30211
1,12,0.567,30212
1,12,0.6,30213
1,12,0.633,30214
1,12,0.667,30215
1,12,0.7,30216
1,12,0.733,30217
1,12,0.767,30218
1,12,0.8,30219
1,12,0.833,30220
1,12,0.867,30221
1,12,0.9,30222
6,12,1,30223
4,12,1.033,30224
4,12,1.067,30225
4,12,1.1,30226
4,12,1.133,30227
4,12,1.167,30228
4,12,1.2,30229
4,12,1.233,30230
4,12,1.267,30231
4,12,1.3,30232
4,12,1.333,30233
4,12,1.367,30234
4,12,1.4,30235
4,12,1.433,30236
4,12,1.467,30237
4,12,1.5,30238
4,12,1.533,30239
4,12,1.567,30240
4,12,1.6,30241
4,12,1.633,30242
4,12,1.667,30243
4,12,1.7,30244
4,12,1.733,30245
4,12,1.767,30246
4,12,1.8,30247
4,12,1.833,30248
4,12,1.867,30249
4,12,1.9,30250
4,12,1.933,30251
4,12,1.967,30252
4,12,2,30253
4,12,2.033,30254
4,12,2.067,30255
4,12,2.1,30256
4,12,2.133,30257
4,12,2.167,30258
4,12,2.2,30259
4,12,2.233,30260
4,12,2.267,30261
4,12,2.3,30262
4,12,2.333,30263
4,12,2.367,30264
4,12,2.4,30265
4,12,2.433,30266
4,12,2.467,30267
4,12,2.5,30268
4,12,2.533,30269
4,12,2.567,30270
4,12,2.6,30271
4,12,2.633,30272
4,12,2.667,30273
4,12,2.7,30274
4,12,2.733,30275
4,12,2.767,30276
4,12,2.8,30277
4,12,2.833,30278
4,12,2.867,30279
4,12,2.9,30280
4,12,2.933,30281
4,12,2.967,30282
4,12,3,30283
4,12,3.033,30284
4,12,3.067,30285
4,12,3.1,30286
4,12,3.133,30287
4,12,3.167,30288
4,12,3.2,30289
4,12,3.233,30290
4,12,3.267,30291
4,12,3.3,30292
4,12,3.333,30293
4,12,3.367,30294
4,12,3.4,30295
4,12,3.433,30296
4,12,3.467,30297
4,12,3.5,30298
4,12,3.533,30299
4,12,3.567,30300
4,12,3.6,30301
4,12,3.633,30302
4,12,3.667,30303
4,12,3.7,30304
4,12,3.733,30305
4,12,3.767,30306
4,12,3.8,30307
4,12,3.833,30308
4,12,3.867,30309
4,12,3.9,30310
4,12,3.933,30311
4,12,3.967,30312
4,12,4,30313
4,12,4.033,30314
4,12,4.067,30315
4,12,4.1,30316
4,12,4.133,30317
4,12,4.167,30318
4,12,4.2,30319
4,12,4.233,30320
4,12,4.267,30321
4,12,4.3,30322
4,12,4.333,30323
4,12,4.367,30324
4,12,4.4,30325
4,12,4.433,30326
4,12,4.467,30327
4,12,4.5,30328
4,12,4.533,30329
4,12,4.567,30330
4,12,4.6,30331
4,12,4.633,30332
4,12,4.667,30333
4,12,4.7,30334
4,12,4.733,30335
4,12,4.767,30336
4,12,4.8,30337
4,12,4.833,30338
4,12,4.867,30339
4,12,4.9,30340
4,12,4.933,30341
4,12,4.967,30342
4,12,0,30343
4,12,0.033,30344
4,12,0.067,30345
4,12,0.1,30346
4,12,0.133,30347
4,12,0.167,30348
4,12,0.2,30349
4,12,0.233,30350
4,12,0.267,30351
4,12,0.3,30352
4,12,0.333,30353
4,12,0.367,30354
4,12,0.4,30355
4,12,0.433,30356
4,12,0.467,30357
4,12,0.5,30358
4,12,0.533,30359
4,12,0.567,30360
4,12,0.6,30361
4,12,0.633,30362
4,12,0.667,30363
4,12,0.7,30364
4,12,0.733,30365
4,12,0.767,30366
4,12,0.8,30367
4,12,0.833,30368
4,12,0.867,30369
4,12,0.9,30370
4,12,0.933,30371
4,12,0.967,30372
4,12,1,30373
4,12,1.033,30374
4,12,1.067,30375
4,12,1.1,30376
4,12,1.133,30377
4,12,1.167,30378
4,12,1.2,30379
4,12,1.233,30380
4,12,1.267,30381
4,12,1.3,30382
4,12,1.333,30383
1,12,1.4,30384
1,12,1.433,30385
1,12,1.467,30386
1,12,1.5,30387
1,12,1.533,30388
1,12,1.567,30389
1,12,1.6,30390
1,12,1.633,30391
1,12,1.667,30392
1,12,1.7,30393
1,12,1.733,30394
1,12,1.767,30395
1,12,1.8,30396
1,12,1.833,30397
1,12,1.867,30398
1,12,1.9,30399
1,12,1.933,30400
1,1,0,30401
1,1,0.033,30402
1,1,0.067,30403
1,1,0.1,30404
1,1,0.133,30405
1,1,0.167,30406
1,1,0.2,30407
1,1,0.233,30408
1,1,0.267,30409
1,1,0.3,30410
1,1,0.333,30411
1,1,0.367,30412
1,1,0.4,30413
1,1,0.433,30414
1,1,0.467,30415
1,1,0.5,30416
1,1,0.533,30417
1,1,0.567,30418
1,1,0.6,30419
1,1,0.633,30420
1,1,0.667,30421
1,1,0.7,30422
1,1,0.733,30423
1,1,0.767,30424
1,1,0.8,30425
1,1,0.833,30426
1,1,0.867,30427
1,1,0.9,30428
1,1,0.933,30429
1,1,0.967,30430
1,1,1,30431
1,1,1.033,30432
1,1,1.067,30433
1,1,1.1,30434
1,1,1.133,30435
1,1,1.167,30436
1,1,1.2,30437
1,1,1.233,30438
1,1,1.267,30439
1,1,1.3,30440
1,1,1.333,30441
1,1,1.367,30442
1,1,1.4,30443
1,1,1.433,30444
1,1,1.467,30445
1,1,1.5,30446
1,1,1.533,30447
1,1,1.567,30448
1,1,1.6,30449
1,1,1.633,30450
1,1,1.667,30451
1,1,1.7,30452
1,1,1.733,30453
1,1,1.767,30454
1,1,1.8,30455
1,1,1.833,30456
1,1,1.867,30457
1,1,1.9,30458
1,1,1.933,30459
1,1,1.967,30460
1,1,2,30461
1,1,2.033,30462
1,1,2.067,30463
1,1,2.1,30464
1,1,2.133,30465
1,1,2.167,30466
1,1,2.2,30467
1,1,2.233,30468
1,1,2.267,30469
1,1,2.3,30470
1,1,2.333,30471
1,1,2.367,30472
1,1,2.4,30473
1,1,2.433,30474
1,1,2.467,30475
1,1,2.5,30476
1,1,2.533,30477
1,1,2.567,30478
1,1,2.6,30479
1,1,2.633,30480
1,1,2.667,30481
1,1,2.7,30482
1,1,2.733,30483
1,1,2.767,30484
1,1,2.8,30485
1,1,2.833,30486
1,1,2.867,30487
1,1,2.9,30488
1,1,2.933,30489
1,1,2.967,30490
1,1,3,30491
1,1,3.033,30492
1,1,3.067,30493
1,1,3.1,30494
1,1,3.133,30495
1,1,3.167,30496
1,1,3.2,30497
1,1,3.233,30498
1,1,3.267,30499
1,1,3.3,30500
1,1,3.333,30501
1,1,3.367,30502
1,1,3.4,30503
1,1,3.433,30504
1,1,3.467,30505
1,1,3.5,30506
1,1,3.533,30507
1,1,3.567,30508
1,1,3.6,30509
1,1,3.633,30510
1,1,3.667,30511
1,1,3.7,30512
1,1,3.733,30513
1,1,3.767,30514
1,1,3.8,30515
1,1,3.833,30516
1,1,3.867,30517
1,1,3.9,30518
1,1,3.933,30519
1,1,3.967,30520
1,1,4,30521
1,1,4.033,30522
1,1,4.067,30523
1,1,4.1,30524
1,1,4.133,30525
1,1,4.167,30526
1,1,4.2,30527
1,1,4.233,30528
5,1,4.267,30529
5,1,4.3,30530
5,1,4.333,30531
5,1,4.367,30532
5,1,4.6,30533
6,1,4.667,30534
6,1,4.7,30535
6,1,4.733,30536
4,1,6.033,30537
4,1,6.067,30538
4,1,6.1,30539
4,1,6.133,30540
4,1,6.167,30541
4,1,6.2,30542
4,1,6.233,30543
4,1,6.267,30544
4,1,6.3,30545
4,1,6.333,30546
4,1,6.367,30547
4,1,6.4,30548
4,1,6.433,30549
4,1,6.467,30550
4,1,6.5,30551
4,1,6.533,30552
4,1,6.567,30553
4,1,6.6,30554
4,1,6.633,30555
4,1,6.667,30556
4,1,6.7,30557
4,1,6.733,30558
4,1,6.767,30559
4,1,6.8,30560
4,1,6.833,30561
4,1,6.867,30562
4,1,6.9,30563
4,1,6.933,30564
4,1,6.967,30565
4,1,7,30566
4,1,7.033,30567
1,1,7.167,30568
1,1,7.2,30569
1,1,7.233,30570
1,1,7.267,30571
1,1,7.3,30572
1,1,7.333,30573
1,1,7.367,30574
1,1,7.4,30575
1,1,0,30576
1,1,0.033,30577
1,1,0.067,30578
1,1,0.1,30579
1,1,0.133,30580
1,1,0.167,30581
1,1,0.2,30582
1,1,0.233,30583
1,1,0.267,30584
1,1,0.3,30585
1,1,0.333,30586
1,1,0.367,30587
1,1,0.4,30588
1,1,0.433,30589
1,1,0.467,30590
1,1,0.5,30591
1,1,0.533,30592
1,1,0.567,30593
1,1,0.6,30594
1,1,0.633,30595
1,1,0.667,30596
1,1,0.7,30597
1,1,0.733,30598
1,1,0.767,30599
1,1,0.8,30600
6,1,0.933,30601
6,1,0.967,30602
6,1,1,30603
6,1,1.233,30604
6,1,1.267,30605
6,1,1.3,30606
6,1,1.333,30607
6,1,1.367,30608
6,1,1.4,30609
6,1,1.433,30610
6,1,1.467,30611
6,1,1.5,30612
6,1,1.533,30613
6,1,1.567,30614
6,1,1.6,30615
6,1,1.633,30616
6,1,1.667,30617
6,1,1.7,30618
6,1,1.733,30619
6,1,1.767,30620
6,1,1.8,30621
6,1,1.833,30622
6,1,1.867,30623
6,1,1.9,30624
6,1,1.933,30625
6,1,1.967,30626
6,1,2,30627
6,1,2.033,30628
6,1,2.067,30629
6,1,2.1,30630
6,1,2.133,30631
6,1,2.167,30632
6,1,2.2,30633
6,1,2.233,30634
6,1,2.267,30635
6,1,2.3,30636
6,1,2.333,30637
6,1,2.367,30638
6,1,2.4,30639
6,1,2.433,30640
6,1,2.467,30641
6,1,2.5,30642
6,1,2.533,30643
6,1,2.567,30644
6,1,2.6,30645
6,1,2.633,30646
6,1,2.667,30647
6,1,2.7,30648
6,1,2.733,30649
6,1,2.767,30650
6,1,2.8,30651
6,1,2.833,30652
6,1,2.867,30653
6,1,2.9,30654
6,1,2.933,30655
6,1,2.967,30656
6,1,3,30657
6,1,3.033,30658
6,1,3.067,30659
6,1,3.1,30660
6,1,3.133,30661
6,1,3.167,30662
6,1,3.2,30663
6,1,3.233,30664
6,1,3.267,30665
6,1,3.3,30666
6,1,3.333,30667
6,1,3.367,30668
6,1,3.4,30669
6,1,3.433,30670
6,1,3.467,30671
6,1,3.5,30672
6,1,3.533,30673
6,1,3.567,30674
6,1,3.6,30675
6,1,3.633,30676
6,1,3.667,30677
6,1,3.7,30678
6,1,3.733,30679
6,1,3.767,30680
6,1,3.8,30681
6,1,3.833,30682
6,1,3.867,30683
6,1,3.9,30684
6,1,3.933,30685
6,1,3.967,30686
6,1,4,30687
6,1,4.033,30688
6,1,4.067,30689
6,1,4.1,30690
6,1,4.133,30691
6,1,4.167,30692
6,1,4.2,30693
6,1,4.233,30694
6,1,4.267,30695
6,1,4.3,30696
6,1,4.333,30697
6,1,4.367,30698
6,1,4.4,30699
6,1,4.433,30700
6,1,4.467,30701
6,1,4.5,30702
6,1,4.533,30703
6,1,4.567,30704
6,1,4.6,30705
6,1,4.633,30706
6,1,4.667,30707
6,1,4.7,30708
6,1,4.733,30709
6,1,4.767,30710
6,1,4.8,30711
6,1,4.833,30712
6,1,4.867,30713
6,1,4.9,30714
6,1,4.933,30715
6,1,4.967,30716
6,1,5,30717
6,1,5.033,30718
6,1,5.067,30719
6,1,5.1,30720
6,1,5.133,30721
6,1,5.167,30722
6,1,5.2,30723
6,1,5.233,30724
6,1,5.267,30725
6,1,5.3,30726
6,1,5.333,30727
6,1,5.367,30728
6,1,5.4,30729
6,1,5.433,30730
6,1,5.467,30731
6,1,5.5,30732
6,1,5.533,30733
6,1,5.567,30734
6,1,5.6,30735
6,1,5.633,30736
6,1,5.667,30737
6,1,5.7,30738
6,1,5.733,30739
6,1,5.767,30740
6,1,5.8,30741
6,1,5.833,30742
6,1,5.867,30743
6,1,5.9,30744
6,1,5.933,30745
6,1,5.967,30746
6,1,6,30747
6,1,6.033,30748
6,1,6.067,30749
6,1,6.1,30750
6,1,6.133,30751
6,1,6.167,30752
6,1,6.2,30753
6,1,6.233,30754
6,1,6.267,30755
6,1,6.3,30756
6,1,6.333,30757
6,1,6.367,30758
6,1,6.4,30759
6,1,6.433,30760
6,1,6.467,30761
6,1,6.5,30762
6,1,6.533,30763
6,1,6.567,30764
6,1,6.6,30765
6,1,6.633,30766
6,1,6.667,30767
6,1,6.7,30768
6,1,6.733,30769
6,1,6.767,30770
6,1,6.8,30771
6,1,6.833,30772
6,1,6.867,30773
6,1,6.9,30774
6,1,6.933,30775
6,1,6.967,30776
6,1,7,30777
6,1,7.033,30778
6,1,7.067,30779
6,1,7.1,30780
6,1,7.133,30781
6,1,7.167,30782
6,1,7.2,30783
6,1,7.233,30784
6,1,7.267,30785
6,1,7.3,30786
6,1,7.333,30787
6,1,7.367,30788
6,1,7.4,30789
6,1,7.433,30790
6,1,7.467,30791
6,1,7.5,30792
6,1,7.533,30793
6,1,7.567,30794
6,1,7.6,30795
6,1,7.633,30796
6,1,7.667,30797
6,1,7.7,30798
6,1,7.733,30799
6,1,7.767,30800
6,1,7.8,30801
6,1,7.833,30802
6,1,7.867,30803
6,1,7.9,30804
6,1,7.933,30805
6,1,7.967,30806
6,1,8,30807
6,1,8.033,30808
6,1,8.067,30809
6,1,8.1,30810
6,1,8.133,30811
6,1,8.167,30812
6,1,8.2,30813
6,1,8.233,30814
6,1,8.267,30815
6,1,8.3,30816
6,1,8.333,30817
6,1,8.367,30818
6,1,8.4,30819
6,1,8.433,30820
6,1,8.467,30821
6,1,8.5,30822
6,1,8.533,30823
6,1,8.567,30824
6,1,8.6,30825
6,1,8.633,30826
6,1,8.667,30827
6,1,8.7,30828
6,1,8.733,30829
6,1,8.767,30830
6,1,8.8,30831
6,1,8.833,30832
6,1,8.867,30833
6,1,8.9,30834
6,1,8.933,30835
6,1,8.967,30836
6,1,9,30837
6,1,9.033,30838
6,1,9.067,30839
6,1,9.1,30840
6,1,9.133,30841
6,1,9.167,30842
6,1,9.2,30843
6,1,9.233,30844
6,1,9.267,30845
6,1,9.3,30846
6,1,9.333,30847
6,1,9.367,30848
6,1,9.4,30849
6,1,9.433,30850
6,1,9.467,30851
6,1,9.5,30852
6,1,9.533,30853
6,1,9.567,30854
6,1,9.6,30855
6,1,9.633,30856
6,1,9.667,30857
6,1,9.7,30858
6,1,9.733,30859
6,1,9.767,30860
6,1,9.8,30861
6,1,9.833,30862
6,1,9.867,30863
6,1,9.9,30864
6,1,9.933,30865
6,1,9.967,30866
6,1,10,30867
6,1,10.033,30868
6,1,10.067,30869
6,1,10.1,30870
6,1,10.133,30871
6,1,10.167,30872
6,1,10.2,30873
6,1,10.233,30874
6,1,10.267,30875
6,1,10.3,30876
6,1,10.333,30877
6,1,10.367,30878
6,1,10.4,30879
6,1,10.433,30880
6,1,10.467,30881
6,1,10.5,30882
6,1,10.533,30883
6,1,10.567,30884
6,1,10.6,30885
6,1,10.633,30886
6,1,10.667,30887
6,1,10.7,30888
6,1,10.733,30889
6,1,10.767,30890
6,1,10.8,30891
6,1,10.833,30892
6,1,10.867,30893
6,1,10.9,30894
6,1,10.933,30895
6,1,10.967,30896
6,1,11,30897
6,1,11.033,30898
6,1,11.067,30899
6,1,11.1,30900
6,1,11.133,30901
6,1,11.167,30902
6,1,11.2,30903
6,1,11.233,30904
6,1,11.267,30905
6,1,11.3,30906
6,1,11.333,30907
6,1,11.367,30908
6,1,11.4,30909
6,1,11.433,30910
6,1,11.467,30911
6,1,11.5,30912
6,1,11.533,30913
6,1,11.567,30914
6,1,11.6,30915
6,1,11.633,30916
6,1,11.667,30917
6,1,11.7,30918
6,1,11.733,30919
6,1,11.767,30920
6,1,11.8,30921
6,1,11.833,30922
6,1,11.867,30923
6,1,11.9,30924
6,1,11.933,30925
6,1,11.967,30926
6,1,12,30927
6,1,12.033,30928
6,1,12.067,30929
6,1,12.1,30930
6,1,12.133,30931
6,1,12.167,30932
6,1,12.2,30933
6,1,12.233,30934
6,1,12.267,30935
6,1,12.3,30936
6,1,12.333,30937
6,1,12.367,30938
6,1,12.4,30939
6,1,12.433,30940
6,1,12.467,30941
6,1,12.5,30942
6,1,12.533,30943
6,1,12.567,30944
6,1,12.6,30945
6,1,12.633,30946
6,1,12.667,30947
6,1,12.7,30948
6,1,12.733,30949
6,1,12.767,30950
6,1,12.8,30951
6,1,12.833,30952
6,1,12.867,30953
6,1,12.9,30954
6,1,12.933,30955
6,1,12.967,30956
6,1,13,30957
6,1,13.033,30958
6,1,13.067,30959
6,1,13.1,30960
6,1,13.133,30961
6,1,13.167,30962
6,1,13.2,30963
6,1,13.233,30964
6,1,13.267,30965
6,1,13.3,30966
6,1,13.333,30967
6,1,13.367,30968
6,1,13.4,30969
6,1,13.433,30970
6,1,13.467,30971
6,1,13.5,30972
6,1,13.533,30973
6,1,13.567,30974
6,1,13.6,30975
6,1,13.633,30976
6,1,13.667,30977
6,1,13.7,30978
6,1,13.733,30979
6,1,13.767,30980
6,1,13.8,30981
6,1,13.833,30982
6,1,13.867,30983
6,1,13.9,30984
6,1,13.933,30985
6,1,13.967,30986
6,1,14,30987
6,1,14.033,30988
6,1,14.067,30989
6,1,14.1,30990
6,1,14.133,30991
6,1,14.167,30992
6,1,14.2,30993
6,1,14.233,30994
6,1,14.267,30995
6,1,14.3,30996
6,1,14.333,30997
6,1,14.367,30998
6,1,14.4,30999
6,1,14.433,31000
6,1,14.467,31001
6,1,14.5,31002
6,1,14.533,31003
6,1,14.567,31004
6,1,14.6,31005
6,1,14.633,31006
6,1,14.667,31007
6,1,14.7,31008
6,1,14.733,31009
6,1,14.767,31010
6,1,14.8,31011
6,1,14.833,31012
6,1,14.867,31013
6,1,14.9,31014
6,1,14.933,31015
6,1,14.967,31016
6,1,15,31017
6,1,15.033,31018
6,1,15.067,31019
6,1,15.1,31020
6,1,15.133,31021
6,1,15.167,31022
6,1,15.2,31023
6,1,15.233,31024
6,1,15.267,31025
6,1,15.3,31026
6,1,15.333,31027
6,1,15.367,31028
6,1,15.4,31029
6,1,15.433,31030
6,1,15.467,31031
6,1,15.5,31032
6,1,15.533,31033
6,1,15.567,31034
6,1,15.6,31035
6,1,15.633,31036
6,1,15.667,31037
6,1,15.7,31038
6,1,15.733,31039
6,1,15.767,31040
6,1,15.8,31041
6,1,15.833,31042
6,1,15.867,31043
6,1,15.9,31044
6,1,15.933,31045
6,1,15.967,31046
6,1,16,31047
6,1,16.033,31048
6,1,16.067,31049
6,1,16.1,31050
6,1,16.133,31051
6,1,16.167,31052
6,1,16.2,31053
6,1,16.233,31054
6,1,16.267,31055
6,1,16.3,31056
6,1,16.333,31057
6,1,16.367,31058
6,1,16.4,31059
6,1,16.433,31060
6,1,16.467,31061
6,1,16.5,31062
6,1,16.533,31063
6,1,16.567,31064
6,1,16.6,31065
6,1,16.633,31066
6,1,16.667,31067
6,1,16.7,31068
6,1,16.733,31069
6,1,16.767,31070
6,1,16.8,31071
6,1,16.833,31072
6,1,16.867,31073
6,1,16.9,31074
6,1,16.933,31075
1,1,17.067,31076
1,1,17.1,31077
1,1,17.133,31078
1,1,17.167,31079
1,1,17.2,31080
1,1,17.233,31081
1,1,17.267,31082
1,1,17.3,31083
1,1,17.333,31084
1,1,17.367,31085
1,1,17.4,31086
1,1,17.433,31087
1,1,17.467,31088
1,1,17.5,31089
1,1,17.533,31090
1,1,17.567,31091
1,1,17.6,31092
1,1,17.633,31093
1,1,17.667,31094
1,1,17.7,31095
1,1,17.733,31096
1,1,17.767,31097
1,1,17.8,31098
1,1,17.833,31099
1,1,17.867,31100
1,1,17.9,31101
1,1,17.933,31102
1,1,17.967,31103
1,1,18,31104
1,1,18.033,31105
1,1,18.067,31106
1,1,18.1,31107
1,1,18.133,31108
1,1,18.167,31109
1,1,18.2,31110
1,1,18.233,31111
1,1,18.267,31112
1,1,18.3,31113
1,1,18.333,31114
1,1,18.367,31115
1,1,18.4,31116
1,1,18.433,31117
1,1,18.467,31118
1,1,18.5,31119
1,1,18.533,31120
1,1,18.567,31121
1,1,18.6,31122
1,1,18.633,31123
1,1,18.667,31124
1,1,18.7,31125
1,1,18.733,31126
1,1,18.767,31127
1,1,18.8,31128
1,1,18.833,31129
1,1,18.867,31130
1,1,18.9,31131
1,1,18.933,31132
1,1,18.967,31133
1,1,19,31134
1,1,19.033,31135
1,1,19.067,31136
1,1,19.1,31137
1,1,19.133,31138
1,1,19.167,31139
1,1,19.2,31140
1,1,19.233,31141
1,1,19.267,31142
1,1,19.3,31143
1,1,19.333,31144
1,1,19.367,31145
1,1,19.4,31146
1,1,19.433,31147
1,1,19.467,31148
1,1,19.5,31149
1,1,19.533,31150
1,1,19.567,31151
1,1,19.6,31152
1,1,19.633,31153
1,1,19.667,31154
1,1,19.7,31155
1,1,19.733,31156
4,1,20.4,31157
4,1,20.433,31158
4,1,20.467,31159
4,1,20.5,31160
1,1,21.467,31161
1,1,21.5,31162
1,1,21.533,31163
1,1,21.567,31164
1,1,21.6,31165
1,1,21.633,31166
1,1,21.667,31167
1,1,21.7,31168
1,1,21.733,31169
1,1,21.767,31170
1,1,21.8,31171
1,1,21.833,31172
1,1,21.867,31173
1,1,21.9,31174
1,1,21.933,31175
1,1,21.967,31176
1,1,22,31177
1,1,22.033,31178
1,1,22.067,31179
1,1,22.1,31180
1,1,22.133,31181
1,1,22.167,31182
1,1,22.2,31183
1,1,22.233,31184
1,1,22.267,31185
1,1,22.3,31186
1,1,22.333,31187
1,1,22.367,31188
1,1,22.4,31189
1,1,22.433,31190
1,1,22.467,31191
1,1,22.5,31192
1,1,22.533,31193
1,1,22.567,31194
1,1,22.6,31195
1,1,22.633,31196
1,1,22.667,31197
1,1,22.7,31198
1,1,22.733,31199
1,1,22.767,31200
1,1,22.8,31201
1,1,22.833,31202
1,1,22.867,31203
1,1,22.9,31204
1,1,22.933,31205
1,1,22.967,31206
1,1,23,31207
1,1,23.033,31208
1,1,23.067,31209
1,1,23.1,31210
1,1,23.133,31211
1,1,23.167,31212
1,1,23.2,31213
1,1,23.233,31214
1,1,23.267,31215
1,1,23.3,31216
1,1,23.333,31217
1,1,23.367,31218
1,1,23.4,31219
1,1,23.433,31220
1,1,23.467,31221
1,1,23.5,31222
1,1,23.533,31223
1,1,23.567,31224
1,1,23.6,31225
1,1,23.633,31226
1,1,23.667,31227
1,1,23.7,31228
1,1,23.733,31229
1,1,23.767,31230
1,1,23.8,31231
1,1,23.833,31232
1,1,23.867,31233
1,1,23.9,31234
1,1,23.933,31235
1,1,23.967,31236
1,1,24,31237
1,1,24.033,31238
1,1,24.067,31239
1,1,24.1,31240
1,1,24.133,31241
1,1,24.167,31242
1,1,24.2,31243
1,1,24.233,31244
1,1,24.267,31245
1,1,24.3,31246
1,1,24.333,31247
1,1,24.367,31248
1,1,24.4,31249
1,1,24.433,31250
1,1,24.467,31251
1,1,24.5,31252
1,1,24.533,31253
1,1,24.567,31254
1,1,24.6,31255
1,1,24.633,31256
1,1,24.667,31257
1,1,24.7,31258
1,1,24.733,31259
1,1,24.767,31260
1,1,24.8,31261
1,1,24.833,31262
1,1,24.867,31263
1,1,24.9,31264
1,1,24.933,31265
1,1,24.967,31266
1,1,25,31267
1,1,25.033,31268
1,1,25.067,31269
1,1,25.1,31270
1,1,25.133,31271
1,1,25.167,31272
1,1,25.2,31273
1,1,25.233,31274
1,1,25.267,31275
1,1,25.3,31276
1,1,25.333,31277
1,1,25.367,31278
1,1,25.4,31279
1,1,25.433,31280
1,1,25.467,31281
1,1,25.5,31282
1,1,25.533,31283
1,1,25.567,31284
1,1,25.6,31285
1,1,25.633,31286
1,1,25.667,31287
1,1,25.7,31288
1,1,25.733,31289
1,1,25.767,31290
1,1,25.8,31291
1,1,25.833,31292
1,1,25.867,31293
1,1,25.9,31294
1,1,25.933,31295
1,1,25.967,31296
1,1,26,31297
1,1,26.033,31298
1,1,26.067,31299
1,1,26.1,31300
1,1,26.133,31301
1,1,26.167,31302
1,1,26.2,31303
1,1,26.233,31304
1,1,26.267,31305
1,1,26.3,31306
1,1,26.333,31307
1,1,26.367,31308
1,1,26.4,31309
1,1,26.433,31310
1,1,26.467,31311
1,1,26.5,31312
1,1,26.533,31313
1,1,26.567,31314
1,1,26.6,31315
1,1,26.633,31316
1,1,26.667,31317
1,1,26.7,31318
1,1,26.733,31319
1,1,26.767,31320
1,1,26.8,31321
1,1,26.833,31322
1,1,26.867,31323
1,1,26.9,31324
1,1,26.933,31325
1,1,26.967,31326
1,1,27,31327
2,1,27.033,31328
2,1,27.067,31329
2,1,27.1,31330
2,1,27.133,31331
2,1,27.167,31332
2,1,27.2,31333
2,1,27.233,31334
1,1,33.667,31335
1,1,33.7,31336
1,1,33.733,31337
1,1,33.767,31338
1,1,33.8,31339
1,1,33.833,31340
1,1,33.867,31341
1,1,33.9,31342
1,1,33.933,31343
1,1,33.967,31344
1,1,34,31345
1,1,34.033,31346
1,1,34.067,31347
1,1,34.1,31348
1,1,34.133,31349
1,1,34.167,31350
1,1,34.2,31351
1,1,34.233,31352
1,1,34.267,31353
1,1,34.3,31354
1,1,34.333,31355
1,1,34.367,31356
1,1,34.4,31357
1,1,34.433,31358
1,1,34.467,31359
1,1,34.5,31360
1,1,34.533,31361
1,1,34.567,31362
1,1,34.6,31363
1,1,34.633,31364
1,1,34.667,31365
1,1,34.7,31366
1,1,34.733,31367
1,1,34.767,31368
1,1,34.8,31369
1,1,34.833,31370
1,1,34.867,31371
1,1,34.9,31372
1,1,34.933,31373
1,1,34.967,31374
1,1,35,31375
1,1,35.033,31376
1,1,35.067,31377
1,1,35.1,31378
1,1,35.133,31379
1,1,35.167,31380
1,1,35.2,31381
1,1,35.233,31382
1,1,35.267,31383
1,1,35.3,31384
1,1,35.333,31385
1,1,35.367,31386
1,1,35.4,31387
1,1,35.433,31388
1,1,35.467,31389
1,1,35.5,31390
1,1,35.533,31391
1,1,35.567,31392
1,1,35.6,31393
1,1,35.633,31394
1,1,35.667,31395
1,1,35.7,31396
1,1,35.733,31397
1,1,35.767,31398
1,1,35.8,31399
1,1,35.833,31400
1,1,35.867,31401
1,1,35.9,31402
1,1,35.933,31403
1,1,35.967,31404
1,1,36,31405
1,1,36.033,31406
1,1,36.067,31407
1,1,36.1,31408
2,1,36.167,31409
2,1,36.2,31410
2,1,36.233,31411
2,1,36.267,31412
2,1,36.3,31413
2,1,36.333,31414
2,1,36.367,31415
2,1,36.4,31416
2,1,36.433,31417
2,1,36.467,31418
2,1,36.5,31419
2,1,36.533,31420
2,1,36.567,31421
2,1,36.6,31422
2,1,36.633,31423
2,1,36.667,31424
2,1,36.7,31425
2,1,36.733,31426
2,1,36.767,31427
2,1,36.8,31428
2,1,36.833,31429
2,1,36.867,31430
2,1,36.9,31431
2,1,36.933,31432
2,1,36.967,31433
2,1,37,31434
2,1,37.033,31435
2,1,37.067,31436
2,1,37.1,31437
2,1,37.133,31438
2,1,37.167,31439
2,1,0,31440
2,1,0.033,31441
2,1,0.067,31442
2,1,0.1,31443
2,1,0.133,31444
2,1,0.167,31445
2,1,0.2,31446
1,1,0.233,31447
5,1,0.267,31448
5,1,0.3,31449
5,1,0.333,31450
5,1,0.367,31451
5,1,0.4,31452
5,1,0.433,31453
5,1,0.467,31454
5,1,0.5,31455
5,1,0.533,31456
5,1,0.567,31457
5,1,0.6,31458
5,1,0.633,31459
5,1,0.667,31460
5,1,0.7,31461
5,1,0.733,31462
5,1,0.767,31463
5,1,0.8,31464
5,1,0.833,31465
5,1,0.867,31466
5,1,0.9,31467
5,1,0.933,31468
5,1,0.967,31469
5,1,1,31470
5,1,1.033,31471
5,1,1.067,31472
5,1,1.1,31473
5,1,1.133,31474
5,1,1.167,31475
5,1,1.2,31476
5,1,1.233,31477
5,1,1.267,31478
5,1,1.3,31479
5,1,1.333,31480
5,1,1.367,31481
5,1,1.4,31482
5,1,1.433,31483
5,1,1.467,31484
5,1,1.5,31485
5,1,1.533,31486
5,1,1.567,31487
5,1,1.6,31488
5,1,1.633,31489
5,1,1.667,31490
5,1,1.7,31491
5,1,1.733,31492
5,1,1.767,31493
5,1,1.8,31494
5,1,1.833,31495
5,1,1.867,31496
5,1,1.9,31497
5,1,1.933,31498
5,1,1.967,31499
5,1,2,31500
5,1,2.033,31501
5,1,2.067,31502
5,1,2.1,31503
5,1,2.133,31504
5,1,2.167,31505
5,1,2.2,31506
5,1,2.233,31507
5,1,2.267,31508
5,1,2.3,31509
5,1,2.333,31510
5,1,2.367,31511
5,1,2.4,31512
5,1,2.433,31513
5,1,2.467,31514
5,1,2.5,31515
5,1,2.533,31516
5,1,2.567,31517
5,1,2.6,31518
5,1,2.633,31519
5,1,5.533,31520
5,1,5.567,31521
5,1,5.6,31522
5,1,5.633,31523
5,1,5.667,31524
5,1,5.7,31525
5,1,5.733,31526
5,1,5.767,31527
1,1,8.533,31528
1,1,8.567,31529
1,1,8.6,31530
1,1,8.633,31531
1,1,8.667,31532
1,1,8.7,31533
1,1,8.733,31534
1,1,8.767,31535
1,1,8.8,31536
1,1,8.833,31537
1,1,8.867,31538
1,1,8.9,31539
1,1,8.933,31540
1,1,8.967,31541
1,1,9,31542
1,1,9.033,31543
1,1,9.067,31544
1,1,9.1,31545
1,1,9.133,31546
1,1,9.167,31547
1,1,9.2,31548
4,1,9.3,31549
4,1,9.333,31550
4,1,9.367,31551
4,1,9.4,31552
4,1,9.433,31553
4,1,9.467,31554
4,1,9.5,31555
4,1,9.533,31556
4,1,9.567,31557
4,1,9.6,31558
4,1,9.633,31559
4,1,9.667,31560
4,1,9.7,31561
4,1,9.733,31562
4,1,9.767,31563
4,1,9.8,31564
4,1,9.833,31565
4,1,9.867,31566
4,1,9.9,31567
4,1,9.933,31568
4,1,9.967,31569
4,1,10,31570
4,1,10.033,31571
4,1,10.067,31572
4,1,10.1,31573
4,1,10.133,31574
4,1,10.167,31575
5,1,12.033,31576
5,1,12.067,31577
5,1,12.1,31578
5,1,12.133,31579
5,1,12.167,31580
3,1,12.2,31581
3,1,12.233,31582
3,1,12.267,31583
3,1,12.3,31584
3,1,12.333,31585
3,1,12.367,31586
3,1,12.4,31587
3,1,0,31588
3,1,0.033,31589
3,1,0.067,31590
3,1,0.1,31591
3,1,0.133,31592
3,1,0.167,31593
3,1,0.2,31594
5,1,0.233,31595
5,1,0.267,31596
5,1,0.3,31597
6,1,1,31598
6,1,1.033,31599
6,1,1.067,31600
6,1,1.1,31601
6,1,1.133,31602
6,1,1.167,31603
6,1,1.2,31604
6,1,1.233,31605
6,1,1.267,31606
6,1,1.3,31607
6,1,1.333,31608
6,1,1.367,31609
6,1,1.4,31610
6,1,1.433,31611
6,1,1.467,31612
6,1,1.5,31613
6,1,1.533,31614
6,1,1.567,31615
6,1,1.6,31616
6,1,1.633,31617
6,1,1.667,31618
6,1,1.7,31619
6,1,1.733,31620
6,1,1.767,31621
6,1,1.8,31622
6,1,1.833,31623
5,1,1.9,31624
5,1,1.933,31625
5,1,1.967,31626
6,1,2.133,31627
6,1,2.167,31628
6,1,2.2,31629
4,1,2.367,31630
4,1,9.2,31631
4,1,9.233,31632
4,1,9.267,31633
4,1,9.3,31634
4,1,9.333,31635
4,1,9.367,31636
4,1,9.4,31637
4,1,9.433,31638
4,1,9.467,31639
4,1,9.5,31640
4,1,0,31641
4,1,0.033,31642
4,1,0.067,31643
4,1,0.1,31644
4,1,0.133,31645
4,1,0.167,31646
4,1,0.2,31647
4,1,0.233,31648
6,1,0.3,31649
6,1,0.333,31650
6,1,0.367,31651
6,1,0.4,31652
6,1,0.433,31653
6,1,0.467,31654
6,1,0.5,31655
6,1,0.533,31656
6,1,0.567,31657
6,1,0.6,31658
6,1,0.633,31659
6,1,0.667,31660
6,1,0.7,31661
6,1,0.733,31662
6,1,0.767,31663
6,1,0.8,31664
6,1,0.833,31665
6,1,0.867,31666
6,1,0.9,31667
6,1,0.933,31668
6,1,0.967,31669
6,1,1,31670
6,1,1.033,31671
6,1,1.067,31672
6,1,1.1,31673
6,1,1.133,31674
6,1,1.167,31675
6,1,1.2,31676
6,1,1.233,31677
6,1,1.267,31678
6,1,1.3,31679
6,1,1.333,31680
6,1,1.367,31681
6,1,1.4,31682
6,1,1.433,31683
6,1,1.467,31684
6,1,1.5,31685
6,1,1.533,31686
6,1,1.567,31687
6,1,1.6,31688
6,1,1.633,31689
6,1,1.667,31690
6,1,1.7,31691
6,1,1.733,31692
6,1,1.767,31693
6,1,1.8,31694
6,1,1.833,31695
6,1,1.867,31696
6,1,1.9,31697
6,1,1.933,31698
6,1,1.967,31699
6,1,2,31700
6,1,2.033,31701
6,1,2.067,31702
6,1,2.1,31703
6,1,2.133,31704
6,1,2.167,31705
6,1,2.2,31706
6,1,2.233,31707
6,1,2.267,31708
6,1,2.3,31709
6,1,2.333,31710
6,1,2.367,31711
6,1,2.4,31712
6,1,2.433,31713
6,1,2.467,31714
6,1,2.5,31715
6,1,2.533,31716
6,1,2.567,31717
6,1,2.6,31718
6,1,2.633,31719
5,1,2.7,31720
5,1,2.733,31721
5,1,2.767,31722
5,1,2.8,31723
5,1,2.833,31724
5,1,2.867,31725
5,1,2.9,31726
5,1,2.933,31727
5,1,0,31728
5,1,0.033,31729
5,1,0.067,31730
5,1,0.1,31731
5,1,0.133,31732
5,1,0.167,31733
6,1,0.233,31734
6,1,0.267,31735
6,1,0.3,31736
6,1,0.333,31737
6,1,0.367,31738
6,1,0.4,31739
6,1,0.433,31740
6,1,0.467,31741
6,1,0.5,31742
6,1,0.533,31743
6,1,0.567,31744
6,1,0.6,31745
6,1,0.633,31746
6,1,0.667,31747
6,1,0.7,31748
6,1,0.733,31749
6,1,0.767,31750
6,1,0.8,31751
6,1,0.833,31752
6,1,0.867,31753
6,1,0.9,31754
6,1,0.933,31755
6,1,0.967,31756
6,1,1,31757
6,1,1.033,31758
6,1,1.067,31759
6,1,1.1,31760
6,1,1.133,31761
6,1,1.167,31762
6,1,1.2,31763
6,1,1.233,31764
6,1,1.267,31765
6,1,1.3,31766
6,1,1.333,31767
6,1,1.367,31768
6,1,1.4,31769
6,1,1.433,31770
6,1,1.467,31771
6,1,1.5,31772
6,1,1.533,31773
6,1,1.567,31774
6,1,1.6,31775
6,1,1.633,31776
6,1,1.667,31777
6,1,1.7,31778
6,1,1.733,31779
6,1,1.767,31780
6,1,1.8,31781
6,1,1.833,31782
6,1,1.867,31783
6,1,1.9,31784
6,1,1.933,31785
6,1,1.967,31786
6,1,2,31787
6,1,2.033,31788
6,1,2.067,31789
6,1,2.1,31790
6,1,2.133,31791
6,1,2.167,31792
6,1,2.2,31793
6,1,2.233,31794
6,1,2.267,31795
6,1,2.3,31796
6,1,2.333,31797
6,1,2.367,31798
6,1,2.4,31799
6,1,2.433,31800
6,1,2.467,31801
6,1,2.5,31802
6,1,2.533,31803
6,1,2.567,31804
6,1,2.6,31805
6,1,2.633,31806
6,1,2.667,31807
6,1,2.7,31808
6,1,2.733,31809
6,1,2.767,31810
6,1,2.8,31811
6,1,2.833,31812
6,1,2.867,31813
6,1,2.9,31814
6,1,2.933,31815
6,1,2.967,31816
6,1,3,31817
6,1,3.033,31818
6,1,3.067,31819
6,1,3.1,31820
5,1,3.133,31821
5,1,3.167,31822
5,1,3.2,31823
5,1,3.233,31824
5,1,3.267,31825
5,1,3.3,31826
5,1,3.333,31827
5,1,3.367,31828
5,1,3.4,31829
5,1,3.433,31830
5,1,3.467,31831
5,1,3.5,31832
5,1,3.533,31833
5,1,3.567,31834
5,1,3.6,31835
5,1,3.633,31836
5,1,3.667,31837
5,1,3.7,31838
5,1,3.733,31839
5,1,3.767,31840
6,1,3.833,31841
6,1,3.867,31842
6,1,3.9,31843
6,1,3.933,31844
6,1,3.967,31845
6,1,4,31846
6,1,4.033,31847
6,1,4.067,31848
6,1,4.1,31849
6,1,4.133,31850
6,1,4.167,31851
6,1,4.2,31852
6,1,4.233,31853
6,1,4.267,31854
6,1,4.3,31855
6,1,4.333,31856
6,1,4.367,31857
6,1,4.4,31858
6,1,4.433,31859
6,1,4.467,31860
6,1,4.5,31861
6,1,4.533,31862
6,1,4.567,31863
6,1,4.6,31864
6,1,4.633,31865
6,1,4.667,31866
6,1,4.7,31867
6,1,4.733,31868
6,1,4.767,31869
6,1,4.8,31870
6,1,4.833,31871
6,1,4.867,31872
6,1,4.9,31873
6,1,4.933,31874
6,1,4.967,31875
6,1,5,31876
6,1,5.033,31877
6,1,5.067,31878
6,1,5.1,31879
6,1,5.133,31880
6,1,5.167,31881
6,1,5.2,31882
6,1,5.233,31883
6,1,5.267,31884
6,1,5.3,31885
6,1,5.333,31886
6,1,5.367,31887
6,1,5.4,31888
6,1,5.433,31889
6,1,5.467,31890
6,1,5.5,31891
6,1,5.533,31892
6,1,5.567,31893
6,1,5.6,31894
6,1,5.633,31895
6,1,5.667,31896
6,1,5.7,31897
6,1,5.733,31898
6,1,5.767,31899
6,1,5.8,31900
6,1,5.833,31901
6,1,5.867,31902
6,1,5.9,31903
6,1,5.933,31904
6,1,5.967,31905
6,1,6,31906
6,1,6.033,31907
6,1,6.067,31908
6,1,6.1,31909
6,1,6.133,31910
6,1,6.167,31911
6,1,6.2,31912
6,1,6.233,31913
6,1,6.267,31914
6,1,6.3,31915
6,1,6.333,31916
6,1,6.367,31917
6,1,6.4,31918
6,1,6.433,31919
6,1,6.467,31920
6,1,6.5,31921
6,1,6.533,31922
6,1,6.567,31923
6,1,6.6,31924
6,1,6.633,31925
6,1,6.667,31926
6,1,6.7,31927
6,1,6.733,31928
6,1,6.767,31929
6,1,6.8,31930
6,1,6.833,31931
6,1,6.867,31932
6,1,6.9,31933
6,1,6.933,31934
6,1,6.967,31935
6,1,7,31936
6,1,7.033,31937
6,1,7.067,31938
6,1,7.1,31939
6,1,7.133,31940
6,1,7.167,31941
6,1,7.2,31942
6,1,7.233,31943
6,1,7.267,31944
6,1,7.3,31945
6,1,7.333,31946
6,1,7.367,31947
6,1,7.4,31948
6,1,7.433,31949
6,1,7.467,31950
6,1,7.5,31951
6,1,7.533,31952
6,1,7.567,31953
6,1,7.6,31954
6,1,7.633,31955
6,1,7.667,31956
6,1,7.7,31957
6,1,7.733,31958
6,1,7.767,31959
6,1,7.8,31960
6,1,7.833,31961
6,1,7.867,31962
6,1,7.9,31963
6,1,7.933,31964
6,1,7.967,31965
6,1,8,31966
6,1,8.033,31967
6,1,8.067,31968
6,1,8.1,31969
6,1,8.133,31970
6,1,8.167,31971
6,1,8.2,31972
6,1,8.233,31973
6,1,8.267,31974
6,1,0,31975
6,1,0.033,31976
6,1,0.067,31977
6,1,0.1,31978
6,1,0.133,31979
6,1,0.167,31980
6,1,0.2,31981
6,1,0.233,31982
6,1,0.267,31983
6,1,0.3,31984
6,2,0,31985
6,2,0.033,31986
6,2,0.067,31987
6,2,0.1,31988
6,2,0.133,31989
6,2,0.167,31990
6,2,0.2,31991
6,2,0.233,31992
6,2,0.267,31993
6,2,0.3,31994
6,2,0.333,31995
6,2,0.367,31996
6,2,0.4,31997
6,2,0.433,31998
6,2,0.467,31999
6,2,0.5,32000
6,2,0.533,32001
6,2,0.567,32002
6,2,0.6,32003
6,2,0.633,32004
6,2,0.667,32005
6,2,0.7,32006
6,2,0.733,32007
6,2,0.767,32008
6,2,0.8,32009
6,2,0.833,32010
6,2,0.867,32011
6,2,0.9,32012
6,2,0.933,32013
6,2,0.967,32014
6,2,1,32015
6,2,1.033,32016
6,2,1.067,32017
6,2,1.1,32018
6,2,1.133,32019
6,2,1.167,32020
6,2,1.2,32021
6,2,1.233,32022
6,2,1.267,32023
6,2,1.3,32024
6,2,1.333,32025
6,2,1.367,32026
6,2,1.4,32027
6,2,1.433,32028
6,2,1.467,32029
6,2,1.5,32030
6,2,1.533,32031
6,2,1.567,32032
6,2,1.6,32033
6,2,1.633,32034
6,2,1.667,32035
6,2,1.7,32036
6,2,1.733,32037
6,2,1.767,32038
6,2,1.8,32039
6,2,1.833,32040
5,2,1.867,32041
6,2,11.567,32042
6,2,11.6,32043
6,2,11.633,32044
6,2,11.667,32045
6,2,11.7,32046
6,2,11.733,32047
6,2,11.767,32048
6,2,11.8,32049
6,2,32.9,32050
1,2,33.5,32051
1,2,33.533,32052
1,2,33.567,32053
1,2,33.6,32054
1,2,33.633,32055
1,2,33.667,32056
1,2,33.7,32057
1,2,33.733,32058
1,2,33.767,32059
1,2,33.8,32060
1,2,33.833,32061
1,2,33.867,32062
1,2,33.9,32063
1,2,33.933,32064
1,2,33.967,32065
1,2,34,32066
1,2,34.033,32067
1,2,34.067,32068
1,2,34.1,32069
1,2,34.133,32070
1,2,34.167,32071
1,2,34.2,32072
1,2,34.233,32073
1,2,34.267,32074
1,2,34.3,32075
1,2,34.333,32076
1,2,34.367,32077
1,2,34.4,32078
1,2,34.433,32079
1,2,34.467,32080
1,2,34.5,32081
1,2,34.533,32082
1,2,34.567,32083
1,2,34.6,32084
1,2,34.633,32085
1,2,34.667,32086
1,2,34.7,32087
1,2,34.733,32088
1,2,34.767,32089
1,2,34.8,32090
1,2,34.833,32091
1,2,34.867,32092
1,2,34.9,32093
1,2,34.933,32094
1,2,34.967,32095
1,2,35,32096
1,2,35.033,32097
1,2,35.067,32098
1,2,35.1,32099
1,2,35.133,32100
1,2,35.167,32101
1,2,35.2,32102
1,2,35.233,32103
1,2,35.267,32104
1,2,35.3,32105
1,2,35.333,32106
1,2,35.367,32107
1,2,35.4,32108
1,2,35.433,32109
1,2,35.467,32110
1,2,35.5,32111
1,2,35.533,32112
1,2,35.567,32113
1,2,35.6,32114
1,2,35.633,32115
1,2,35.667,32116
1,2,0,32117
1,2,0.033,32118
1,2,0.067,32119
1,2,0.1,32120
1,2,0.133,32121
1,2,0.167,32122
1,2,0.2,32123
1,2,0.233,32124
1,2,0.267,32125
1,2,0.3,32126
1,2,0.333,32127
1,2,0.367,32128
1,2,0.4,32129
1,2,0.433,32130
1,2,0.467,32131
1,2,0.5,32132
1,2,0.533,32133
1,2,0.567,32134
1,2,0.6,32135
1,2,0.633,32136
1,2,0.667,32137
1,2,0.7,32138
1,2,0.733,32139
1,2,0.767,32140
1,2,0.8,32141
1,2,0.833,32142
1,2,0.867,32143
1,2,0.9,32144
1,2,0.933,32145
1,2,0.967,32146
1,2,1,32147
1,2,1.033,32148
1,2,1.067,32149
1,2,1.1,32150
1,2,1.133,32151
1,2,1.167,32152
1,2,1.2,32153
1,2,1.233,32154
1,2,1.267,32155
1,2,1.3,32156
1,2,1.333,32157
1,2,1.367,32158
3,2,9.7,32159
3,2,9.733,32160
3,2,9.767,32161
3,2,9.8,32162
3,2,9.833,32163
3,2,9.867,32164
3,2,13.167,32165
3,2,13.2,32166
3,2,13.233,32167
3,2,13.267,32168
3,2,13.3,32169
3,2,13.333,32170
3,2,13.367,32171
3,2,13.4,32172
3,2,13.433,32173
3,2,13.467,32174
3,2,13.5,32175
3,2,13.533,32176
3,2,0,32177
3,2,0.033,32178
3,2,0.067,32179
3,2,0.1,32180
3,2,0.133,32181
3,2,0.167,32182
3,2,0.2,32183
3,2,0.233,32184
3,2,0.267,32185
3,2,0.3,32186
3,2,0.333,32187
3,2,0.367,32188
3,2,0.4,32189
3,2,0.433,32190
3,2,0.467,32191
3,2,0.5,32192
3,2,0.533,32193
3,2,0.567,32194
3,2,0.6,32195
3,2,0.633,32196
3,2,0.667,32197
3,2,0.7,32198
3,2,0.733,32199
3,2,0.767,32200
3,2,0.8,32201
3,2,0.833,32202
3,2,0.867,32203
3,2,0.9,32204
3,2,0.933,32205
3,2,0.967,32206
3,2,1,32207
3,2,1.033,32208
3,2,1.067,32209
3,2,1.1,32210
3,2,1.133,32211
3,2,1.167,32212
3,2,1.2,32213
3,2,1.233,32214
3,2,1.267,32215
3,2,1.3,32216
3,2,1.333,32217
3,2,1.367,32218
3,2,1.4,32219
3,2,1.433,32220
3,2,1.467,32221
3,2,1.5,32222
3,2,1.533,32223
3,2,1.567,32224
3,2,1.6,32225
3,2,1.633,32226
3,2,1.667,32227
3,2,1.7,32228
3,2,1.733,32229
3,2,1.767,32230
3,2,1.8,32231
3,2,1.833,32232
3,2,1.867,32233
3,2,1.9,32234
3,2,1.933,32235
3,2,1.967,32236
3,2,2,32237
3,2,2.033,32238
3,2,2.067,32239
3,2,2.1,32240
3,2,2.133,32241
3,2,2.167,32242
3,2,2.2,32243
3,2,2.233,32244
3,2,2.267,32245
3,2,2.3,32246
3,2,2.333,32247
3,2,2.367,32248
3,2,2.4,32249
3,2,2.433,32250
3,2,2.467,32251
3,2,2.5,32252
3,2,2.533,32253
3,2,2.567,32254
3,2,2.6,32255
3,2,2.633,32256
3,2,2.667,32257
3,2,2.7,32258
3,2,2.733,32259
3,2,2.767,32260
3,2,2.8,32261
3,2,2.833,32262
3,2,2.867,32263
3,2,2.9,32264
3,2,2.933,32265
3,2,2.967,32266
3,2,3,32267
3,2,3.033,32268
3,2,3.067,32269
3,2,3.1,32270
3,2,3.133,32271
3,2,3.167,32272
3,2,3.2,32273
3,2,3.233,32274
3,2,3.267,32275
3,2,3.3,32276
3,2,3.333,32277
3,2,3.367,32278
3,2,3.4,32279
3,2,3.433,32280
3,2,3.467,32281
3,2,3.5,32282
3,2,3.533,32283
3,2,3.567,32284
3,2,3.6,32285
3,2,3.633,32286
3,2,3.667,32287
3,2,3.7,32288
3,2,3.733,32289
3,2,3.767,32290
3,2,3.8,32291
3,2,3.833,32292
3,2,3.867,32293
3,2,3.9,32294
3,2,3.933,32295
3,2,3.967,32296
3,2,4,32297
3,2,4.033,32298
3,2,4.067,32299
3,2,4.1,32300
3,2,4.133,32301
3,2,4.167,32302
3,2,4.2,32303
3,2,4.233,32304
3,2,4.267,32305
3,2,4.3,32306
3,2,4.333,32307
3,2,4.367,32308
3,2,4.4,32309
3,2,4.433,32310
3,2,4.467,32311
3,2,4.5,32312
3,2,4.533,32313
3,2,4.567,32314
3,2,4.6,32315
3,2,4.633,32316
3,2,4.667,32317
3,2,4.7,32318
3,2,4.733,32319
3,2,4.767,32320
3,2,4.8,32321
3,2,4.833,32322
3,2,4.867,32323
3,2,4.9,32324
3,2,4.933,32325
3,2,4.967,32326
3,2,5,32327
3,2,5.033,32328
3,2,5.067,32329
3,2,5.1,32330
3,2,5.133,32331
3,2,5.167,32332
3,2,5.2,32333
3,2,5.233,32334
3,2,5.267,32335
3,2,5.3,32336
3,2,5.333,32337
3,2,5.367,32338
3,2,5.4,32339
3,2,5.433,32340
3,2,5.467,32341
3,2,5.5,32342
3,2,5.533,32343
3,2,5.567,32344
3,2,5.6,32345
3,2,5.633,32346
3,2,5.667,32347
3,2,5.7,32348
3,2,5.733,32349
3,2,5.767,32350
3,2,5.8,32351
3,2,5.833,32352
3,2,5.867,32353
3,2,5.9,32354
3,2,5.933,32355
3,2,5.967,32356
3,2,6,32357
3,2,6.033,32358
3,2,6.067,32359
3,2,6.1,32360
3,2,6.133,32361
3,2,6.167,32362
3,2,6.2,32363
3,2,6.233,32364
3,2,6.267,32365
3,2,6.3,32366
3,2,6.333,32367
3,2,6.367,32368
3,2,6.4,32369
3,2,6.433,32370
3,2,6.467,32371
3,2,6.5,32372
3,2,6.533,32373
3,2,6.567,32374
3,2,6.6,32375
3,2,6.633,32376
3,2,6.667,32377
3,2,6.7,32378
3,2,6.733,32379
3,2,6.767,32380
3,2,6.8,32381
3,2,6.833,32382
3,2,6.867,32383
3,2,6.9,32384
3,2,6.933,32385
3,2,6.967,32386
3,2,7,32387
3,2,7.033,32388
3,2,7.067,32389
3,2,7.1,32390
3,2,7.133,32391
3,2,7.167,32392
3,2,7.2,32393
3,2,7.233,32394
3,2,7.267,32395
3,2,7.3,32396
3,2,7.333,32397
3,2,7.367,32398
3,2,7.4,32399
3,2,7.433,32400
3,2,7.467,32401
3,2,7.5,32402
3,2,7.533,32403
3,2,7.567,32404
3,2,7.6,32405
3,2,7.633,32406
3,2,7.667,32407
3,2,7.7,32408
3,2,7.733,32409
3,2,7.767,32410
3,2,7.8,32411
3,2,7.833,32412
3,2,7.867,32413
3,2,7.9,32414
3,2,7.933,32415
3,2,7.967,32416
3,2,8,32417
3,2,8.033,32418
3,2,8.067,32419
3,2,8.1,32420
3,2,8.133,32421
3,2,8.167,32422
3,2,8.2,32423
3,2,8.233,32424
3,2,8.267,32425
3,2,8.3,32426
3,2,8.333,32427
3,2,8.367,32428
3,2,8.4,32429
3,2,8.433,32430
3,2,8.467,32431
3,2,8.5,32432
3,2,8.533,32433
3,2,8.567,32434
3,2,8.6,32435
3,2,8.633,32436
3,2,8.667,32437
3,2,8.7,32438
3,2,8.733,32439
3,2,8.767,32440
3,2,8.8,32441
3,2,8.833,32442
3,2,8.867,32443
3,2,8.9,32444
3,2,8.933,32445
3,2,8.967,32446
3,2,9,32447
3,2,9.033,32448
3,2,9.067,32449
3,2,9.1,32450
3,2,9.133,32451
3,2,9.167,32452
3,2,9.2,32453
3,2,9.233,32454
3,2,9.267,32455
3,2,9.3,32456
3,2,9.333,32457
3,2,9.367,32458
3,2,9.4,32459
3,2,9.433,32460
3,2,9.467,32461
3,2,9.5,32462
3,2,9.533,32463
3,2,9.567,32464
3,2,9.6,32465
3,2,9.633,32466
3,2,9.667,32467
3,2,9.7,32468
3,2,9.733,32469
3,2,9.767,32470
3,2,9.8,32471
3,2,9.833,32472
3,2,9.867,32473
3,2,9.9,32474
3,2,9.933,32475
3,2,9.967,32476
3,2,10,32477
3,2,10.033,32478
3,2,10.067,32479
3,2,10.1,32480
3,2,10.133,32481
3,2,10.167,32482
3,2,10.2,32483
3,2,10.233,32484
3,2,10.267,32485
3,2,10.3,32486
3,2,10.333,32487
3,2,10.367,32488
3,2,10.4,32489
3,2,10.433,32490
3,2,10.467,32491
3,2,10.5,32492
3,2,10.533,32493
3,2,10.567,32494
3,2,10.6,32495
3,2,10.633,32496
3,2,10.667,32497
3,2,10.7,32498
3,2,10.733,32499
3,2,10.767,32500
3,2,10.8,32501
3,2,10.833,32502
3,2,10.867,32503
3,2,10.9,32504
3,2,10.933,32505
3,2,10.967,32506
3,2,11,32507
2,2,11.033,32508
4,2,11.1,32509
4,2,11.5,32510
4,2,11.533,32511
4,2,11.567,32512
4,2,11.6,32513
4,2,11.633,32514
4,2,11.667,32515
4,2,11.7,32516
4,2,11.733,32517
4,2,11.767,32518
4,2,11.8,32519
4,2,11.833,32520
4,2,11.867,32521
4,2,11.9,32522
4,2,11.933,32523
4,2,11.967,32524
4,2,12,32525
4,2,12.033,32526
4,2,12.067,32527
4,2,12.1,32528
4,2,12.133,32529
4,2,12.167,32530
4,2,12.2,32531
4,2,12.233,32532
4,2,12.267,32533
4,2,12.3,32534
4,2,12.333,32535
4,2,12.367,32536
4,2,12.4,32537
4,2,12.433,32538
4,2,12.467,32539
4,2,12.5,32540
4,2,12.533,32541
4,2,12.567,32542
4,2,12.6,32543
4,2,12.633,32544
4,2,12.667,32545
4,2,12.7,32546
4,2,12.733,32547
4,2,12.767,32548
4,2,12.8,32549
4,2,12.833,32550
4,2,12.867,32551
4,2,12.9,32552
4,2,12.933,32553
4,2,12.967,32554
4,2,13,32555
4,2,13.033,32556
4,2,13.067,32557
4,2,13.1,32558
4,2,13.133,32559
4,2,13.167,32560
4,2,0,32561
4,2,0.033,32562
4,2,0.067,32563
4,2,0.1,32564
4,2,0.133,32565
4,2,0.167,32566
4,2,0.2,32567
4,2,0.233,32568
4,2,0.267,32569
4,2,0.3,32570
4,2,0.333,32571
4,2,0.367,32572
4,2,0.4,32573
4,2,0.433,32574
4,2,0.467,32575
4,2,0.5,32576
4,2,0.533,32577
4,2,0.567,32578
4,2,0.6,32579
4,2,0.633,32580
4,2,0.667,32581
4,2,0.7,32582
4,2,0.733,32583
4,2,0.767,32584
4,2,0.8,32585
4,2,0.833,32586
4,2,0.867,32587
4,2,0.9,32588
4,2,0.933,32589
4,2,0.967,32590
4,2,1,32591
4,2,1.033,32592
4,2,1.067,32593
2,2,1.1,32594
2,2,1.133,32595
2,2,1.167,32596
2,2,1.2,32597
2,2,1.233,32598
2,2,1.267,32599
2,2,1.3,32600
2,2,1.333,32601
2,2,1.367,32602
2,2,1.4,32603
2,2,1.433,32604
2,2,1.467,32605
2,2,1.5,32606
2,2,1.533,32607
2,2,1.567,32608
2,2,1.6,32609
2,2,1.633,32610
2,2,1.667,32611
2,2,1.7,32612
2,2,1.733,32613
2,2,1.767,32614
2,2,1.8,32615
2,2,1.833,32616
2,2,1.867,32617
2,2,1.9,32618
2,2,1.933,32619
2,2,1.967,32620
2,2,2,32621
2,2,2.033,32622
2,2,2.067,32623
2,2,2.1,32624
2,2,2.133,32625
2,2,2.167,32626
2,2,2.2,32627
2,2,2.233,32628
2,2,2.267,32629
2,2,2.3,32630
2,2,2.333,32631
2,2,2.367,32632
2,2,2.4,32633
2,2,2.433,32634
2,2,2.467,32635
2,2,2.5,32636
2,2,2.533,32637
2,2,2.567,32638
2,2,2.6,32639
2,2,2.633,32640
2,2,2.667,32641
2,2,2.7,32642
2,2,2.733,32643
2,2,2.767,32644
2,2,2.8,32645
2,2,2.833,32646
2,2,2.867,32647
2,2,2.9,32648
2,2,2.933,32649
2,2,2.967,32650
2,2,3,32651
2,2,3.033,32652
2,2,3.067,32653
2,2,3.1,32654
2,2,3.133,32655
2,2,3.167,32656
2,2,3.2,32657
2,2,3.233,32658
2,2,3.267,32659
2,2,3.3,32660
2,2,3.333,32661
2,2,3.367,32662
2,2,3.4,32663
2,2,3.433,32664
2,2,3.467,32665
2,2,3.5,32666
2,2,3.533,32667
2,2,3.567,32668
2,2,3.6,32669
2,2,3.633,32670
2,2,3.667,32671
2,2,3.7,32672
2,2,3.733,32673
2,2,3.767,32674
2,2,3.8,32675
2,2,3.833,32676
2,2,3.867,32677
2,2,3.9,32678
2,2,3.933,32679
2,2,3.967,32680
2,2,4,32681
2,2,4.033,32682
2,2,4.067,32683
2,2,4.1,32684
2,2,4.133,32685
2,2,4.167,32686
2,2,4.2,32687
2,2,4.233,32688
2,2,4.267,32689
2,2,4.3,32690
2,2,4.333,32691
2,2,4.367,32692
2,2,4.4,32693
2,2,4.433,32694
2,2,4.467,32695
2,2,4.5,32696
2,2,4.533,32697
2,2,4.567,32698
2,2,4.6,32699
2,2,4.633,32700
2,2,4.667,32701
2,2,4.7,32702
2,2,4.733,32703
2,2,4.767,32704
2,2,4.8,32705
2,2,4.833,32706
2,2,4.867,32707
2,2,4.9,32708
2,2,4.933,32709
2,2,4.967,32710
2,2,5,32711
2,2,5.033,32712
6,2,5.133,32713
6,2,5.167,32714
6,2,5.2,32715
6,2,5.233,32716
6,2,5.267,32717
6,2,5.3,32718
6,2,5.333,32719
6,2,5.367,32720
6,2,5.4,32721
6,2,5.433,32722
6,2,5.467,32723
6,2,5.5,32724
6,2,5.533,32725
6,2,5.567,32726
6,2,5.6,32727
6,2,5.633,32728
6,2,5.667,32729
6,2,5.7,32730
6,2,5.733,32731
6,2,5.767,32732
6,2,5.8,32733
6,2,5.833,32734
6,2,5.867,32735
6,2,5.9,32736
6,2,5.933,32737
6,2,5.967,32738
6,2,6,32739
6,2,6.033,32740
6,2,6.067,32741
6,2,6.1,32742
6,2,6.133,32743
6,2,6.167,32744
6,2,6.2,32745
6,2,6.233,32746
6,2,6.267,32747
6,2,6.3,32748
6,2,6.333,32749
6,2,6.367,32750
6,2,6.4,32751
6,2,6.433,32752
6,2,6.467,32753
6,2,6.5,32754
6,2,6.533,32755
6,2,6.567,32756
6,2,6.6,32757
6,2,6.633,32758
6,2,6.667,32759
6,2,6.7,32760
6,2,6.733,32761
6,2,6.767,32762
6,2,6.8,32763
6,2,6.833,32764
6,2,6.867,32765
6,2,6.9,32766
6,2,6.933,32767
6,2,6.967,32768
6,2,7,32769
6,2,7.033,32770
6,2,7.067,32771
6,2,7.1,32772
6,2,7.133,32773
6,2,7.167,32774
6,2,7.2,32775
6,2,7.233,32776
6,2,7.267,32777
6,2,7.3,32778
6,2,7.333,32779
6,2,7.367,32780
6,2,7.4,32781
6,2,7.433,32782
6,2,7.467,32783
6,2,7.5,32784
6,2,7.533,32785
6,2,7.567,32786
6,2,7.6,32787
6,2,7.633,32788
6,2,7.667,32789
6,2,7.7,32790
6,2,7.733,32791
6,2,7.767,32792
6,2,7.8,32793
6,2,7.833,32794
6,2,7.867,32795
6,2,7.9,32796
6,2,7.933,32797
6,2,7.967,32798
6,2,8,32799
6,2,8.033,32800
6,2,8.067,32801
6,2,8.1,32802
6,2,8.133,32803
6,2,8.167,32804
6,2,8.2,32805
6,2,8.233,32806
6,2,8.267,32807
6,2,8.3,32808
6,2,8.333,32809
6,2,8.367,32810
6,2,8.4,32811
6,2,8.433,32812
6,2,8.467,32813
6,2,8.5,32814
6,2,8.533,32815
6,2,8.567,32816
6,2,8.6,32817
6,2,8.633,32818
6,2,8.667,32819
6,2,8.7,32820
6,2,8.733,32821
6,2,8.767,32822
6,2,8.8,32823
6,2,8.833,32824
6,2,8.867,32825
6,2,8.9,32826
6,2,8.933,32827
6,2,8.967,32828
6,2,9,32829
6,2,9.033,32830
6,2,9.067,32831
6,2,9.1,32832
6,2,9.133,32833
6,2,9.167,32834
6,2,9.2,32835
6,2,9.233,32836
6,2,9.267,32837
6,2,9.3,32838
6,2,9.333,32839
6,2,9.367,32840
6,2,9.4,32841
6,2,9.433,32842
6,2,9.467,32843
6,2,9.5,32844
6,2,9.533,32845
6,2,9.567,32846
6,2,9.6,32847
6,2,9.633,32848
6,2,9.667,32849
6,2,9.7,32850
6,2,9.733,32851
6,2,9.767,32852
6,2,9.8,32853
6,2,9.833,32854
6,2,9.867,32855
6,2,9.9,32856
6,2,9.933,32857
6,2,9.967,32858
6,2,10,32859
6,2,10.033,32860
6,2,10.067,32861
6,2,10.1,32862
6,2,10.133,32863
6,2,10.167,32864
6,2,10.2,32865
6,2,10.233,32866
6,2,10.267,32867
6,2,10.3,32868
6,2,10.333,32869
6,2,10.367,32870
6,2,10.4,32871
6,2,10.433,32872
6,2,10.467,32873
6,2,10.5,32874
6,2,10.533,32875
6,2,10.567,32876
6,2,10.6,32877
6,2,10.633,32878
6,2,10.667,32879
6,2,10.7,32880
6,2,10.733,32881
6,2,10.767,32882
6,2,10.8,32883
6,2,10.833,32884
6,2,10.867,32885
6,2,10.9,32886
6,2,10.933,32887
6,2,10.967,32888
6,2,11,32889
6,2,11.033,32890
6,2,11.067,32891
6,2,11.1,32892
6,2,11.133,32893
6,2,11.167,32894
6,2,11.2,32895
6,2,11.233,32896
6,2,11.267,32897
6,2,11.3,32898
6,2,11.333,32899
6,2,11.367,32900
6,2,11.4,32901
6,2,11.433,32902
6,2,11.467,32903
6,2,11.5,32904
6,2,11.533,32905
6,2,11.567,32906
6,2,11.6,32907
6,2,11.633,32908
6,2,11.667,32909
6,2,11.7,32910
6,2,11.733,32911
6,2,11.767,32912
6,2,11.8,32913
6,2,11.833,32914
6,2,11.867,32915
6,2,11.9,32916
6,2,11.933,32917
6,2,11.967,32918
6,2,12,32919
6,2,12.033,32920
6,2,12.067,32921
6,2,12.1,32922
6,2,12.133,32923
6,2,12.167,32924
6,2,12.2,32925
6,2,12.233,32926
6,2,12.267,32927
6,2,12.3,32928
6,2,12.333,32929
6,2,12.367,32930
6,2,12.4,32931
6,2,12.433,32932
6,2,12.467,32933
6,2,12.5,32934
6,2,12.533,32935
6,2,12.567,32936
6,2,12.6,32937
6,2,12.633,32938
6,2,12.667,32939
6,2,12.7,32940
6,2,12.733,32941
6,2,12.767,32942
6,2,12.8,32943
6,2,12.833,32944
6,2,12.867,32945
6,2,12.9,32946
6,2,12.933,32947
6,2,12.967,32948
6,2,13,32949
6,2,13.033,32950
6,2,13.067,32951
6,2,13.1,32952
6,2,13.133,32953
6,2,13.167,32954
6,2,13.2,32955
6,2,13.233,32956
6,2,13.267,32957
6,2,13.3,32958
6,2,13.333,32959
6,2,13.367,32960
6,2,13.4,32961
6,2,13.433,32962
6,2,13.467,32963
6,2,13.5,32964
6,2,13.533,32965
6,2,13.567,32966
6,2,13.6,32967
6,2,13.633,32968
6,2,13.667,32969
6,2,13.7,32970
6,2,13.733,32971
6,2,13.767,32972
6,2,13.8,32973
6,2,13.833,32974
6,2,13.867,32975
6,2,13.9,32976
6,2,13.933,32977
6,2,13.967,32978
6,2,14,32979
6,2,14.033,32980
6,2,14.067,32981
6,2,14.1,32982
6,2,14.133,32983
6,2,14.167,32984
6,2,14.2,32985
6,2,14.233,32986
6,2,14.267,32987
6,2,14.3,32988
6,2,14.333,32989
6,2,14.367,32990
6,2,14.4,32991
6,2,14.433,32992
6,2,14.467,32993
6,2,14.5,32994
6,2,14.533,32995
6,2,14.567,32996
6,2,14.6,32997
6,2,14.633,32998
6,2,14.667,32999
6,2,14.7,33000
6,2,14.733,33001
6,2,14.767,33002
6,2,14.8,33003
6,2,14.833,33004
6,2,14.867,33005
6,2,14.9,33006
6,2,14.933,33007
6,2,14.967,33008
6,2,15,33009
6,2,15.033,33010
6,2,15.067,33011
6,2,15.1,33012
6,2,15.133,33013
6,2,15.167,33014
6,2,15.2,33015
6,2,15.233,33016
6,2,15.267,33017
6,2,15.3,33018
6,2,15.333,33019
6,2,15.367,33020
6,2,15.4,33021
6,2,15.433,33022
6,2,15.467,33023
6,2,15.5,33024
6,2,15.533,33025
6,2,15.567,33026
6,2,15.6,33027
6,2,15.633,33028
6,2,15.667,33029
6,2,15.7,33030
6,2,15.733,33031
6,2,15.767,33032
6,2,15.8,33033
6,2,15.833,33034
6,2,15.867,33035
6,2,15.9,33036
6,2,15.933,33037
6,2,15.967,33038
6,2,16,33039
6,2,16.033,33040
6,2,16.067,33041
6,2,16.1,33042
6,2,16.133,33043
6,2,16.167,33044
6,2,16.2,33045
6,2,16.233,33046
6,2,16.267,33047
6,2,16.3,33048
6,2,16.333,33049
6,2,16.367,33050
6,2,16.4,33051
6,2,16.433,33052
6,2,16.467,33053
6,2,16.5,33054
6,2,16.533,33055
6,2,16.567,33056
6,2,16.6,33057
6,2,16.633,33058
6,2,16.667,33059
6,2,16.7,33060
6,2,16.733,33061
6,2,16.767,33062
6,2,16.8,33063
6,2,16.833,33064
6,2,16.867,33065
6,2,16.9,33066
6,2,16.933,33067
6,2,16.967,33068
6,2,17,33069
6,2,17.033,33070
6,2,17.067,33071
6,2,17.1,33072
6,2,17.133,33073
6,2,17.167,33074
6,2,17.2,33075
6,2,17.233,33076
6,2,17.267,33077
6,2,17.3,33078
6,2,17.333,33079
6,2,17.367,33080
6,2,17.4,33081
6,2,17.433,33082
6,2,17.467,33083
6,2,17.5,33084
6,2,17.533,33085
6,2,17.567,33086
6,2,17.6,33087
6,2,17.633,33088
6,2,17.667,33089
6,2,17.7,33090
6,2,17.733,33091
6,2,17.767,33092
6,2,17.8,33093
6,2,0,33094
6,2,0.033,33095
6,2,0.067,33096
6,2,0.1,33097
6,2,0.133,33098
6,2,0.167,33099
6,2,0.2,33100
6,2,0.233,33101
6,2,0.267,33102
6,2,0.3,33103
6,2,0.333,33104
6,2,0.367,33105
6,2,0.4,33106
6,2,0.433,33107
6,2,0.467,33108
6,2,0.5,33109
6,2,0.533,33110
6,2,0.567,33111
6,2,0.6,33112
6,2,0.633,33113
6,2,0.667,33114
6,2,0.7,33115
6,2,0.733,33116
6,2,0.767,33117
6,2,0.8,33118
6,2,0.833,33119
6,2,0.867,33120
6,2,0.9,33121
6,2,0.933,33122
2,2,1.2,33123
2,2,1.233,33124
2,2,1.267,33125
2,2,1.3,33126
2,2,1.333,33127
2,2,1.367,33128
2,2,1.4,33129
2,2,1.433,33130
2,2,1.467,33131
2,2,1.5,33132
2,2,1.533,33133
2,2,1.567,33134
2,2,1.6,33135
2,2,1.633,33136
2,2,1.667,33137
2,2,1.7,33138
2,2,1.733,33139
2,2,1.767,33140
2,2,1.8,33141
2,2,1.833,33142
2,2,1.867,33143
2,2,1.9,33144
2,2,1.933,33145
2,2,1.967,33146
2,2,2,33147
2,2,2.033,33148
2,2,2.067,33149
2,2,2.1,33150
2,2,2.133,33151
2,2,2.167,33152
2,2,2.2,33153
2,2,2.233,33154
2,2,2.267,33155
2,2,2.3,33156
2,2,2.333,33157
2,2,2.367,33158
2,2,2.4,33159
2,2,2.433,33160
2,2,2.467,33161
2,2,2.5,33162
2,2,2.533,33163
2,2,2.567,33164
2,2,2.6,33165
2,2,2.633,33166
2,2,2.667,33167
2,2,2.7,33168
2,2,2.733,33169
2,2,2.767,33170
2,2,2.8,33171
2,2,2.833,33172
2,2,2.867,33173
2,2,2.9,33174
2,2,2.933,33175
2,2,2.967,33176
2,2,3,33177
2,2,3.033,33178
2,2,3.067,33179
2,2,3.1,33180
2,2,3.133,33181
2,2,3.167,33182
2,2,3.2,33183
2,2,3.233,33184
2,2,3.267,33185
2,2,3.3,33186
2,2,3.333,33187
2,2,3.367,33188
2,2,3.4,33189
2,2,3.433,33190
2,2,3.467,33191
2,2,3.5,33192
2,2,3.533,33193
2,2,3.567,33194
2,2,3.6,33195
2,2,3.633,33196
2,2,3.667,33197
2,2,3.7,33198
2,2,3.733,33199
2,2,3.767,33200
2,2,3.8,33201
2,2,3.833,33202
2,2,3.867,33203
2,2,3.9,33204
2,2,3.933,33205
2,2,3.967,33206
2,2,4,33207
2,2,4.033,33208
2,2,4.067,33209
2,2,4.1,33210
2,2,4.133,33211
2,2,4.167,33212
2,2,4.2,33213
2,2,4.233,33214
2,2,4.267,33215
2,2,4.3,33216
2,2,4.333,33217
2,2,4.367,33218
2,2,4.4,33219
2,2,4.433,33220
2,2,4.467,33221
2,2,4.5,33222
2,2,4.533,33223
2,2,4.567,33224
2,2,4.6,33225
2,2,4.633,33226
2,2,4.667,33227
2,2,4.7,33228
2,2,4.733,33229
2,2,4.767,33230
2,2,4.8,33231
2,2,4.833,33232
2,2,4.867,33233
2,2,4.9,33234
2,2,4.933,33235
2,2,4.967,33236
2,2,5,33237
2,2,5.033,33238
2,2,5.067,33239
2,2,5.1,33240
2,2,5.133,33241
2,2,5.167,33242
2,2,5.2,33243
2,2,5.233,33244
2,2,5.267,33245
2,2,5.3,33246
2,2,5.333,33247
2,2,5.367,33248
2,2,5.4,33249
2,2,5.433,33250
2,2,5.467,33251
2,2,5.5,33252
2,2,5.533,33253
2,2,5.567,33254
2,2,5.6,33255
2,2,5.633,33256
2,2,5.667,33257
2,2,5.7,33258
2,2,5.733,33259
2,2,5.767,33260
2,2,5.8,33261
2,2,5.833,33262
2,2,5.867,33263
2,2,5.9,33264
2,2,5.933,33265
2,2,5.967,33266
2,2,6,33267
2,2,6.033,33268
2,2,6.067,33269
2,2,6.1,33270
2,2,6.133,33271
2,2,6.167,33272
2,2,6.2,33273
2,2,6.233,33274
2,2,6.267,33275
2,2,6.3,33276
2,2,6.333,33277
2,2,6.367,33278
2,2,6.4,33279
2,2,6.433,33280
2,2,6.467,33281
2,2,6.5,33282
2,2,6.533,33283
2,2,6.567,33284
2,2,6.6,33285
2,2,6.633,33286
2,2,6.667,33287
2,2,6.7,33288
2,2,6.733,33289
2,2,6.767,33290
2,2,6.8,33291
2,2,6.833,33292
2,2,6.867,33293
2,2,6.9,33294
2,2,6.933,33295
2,2,6.967,33296
2,2,7,33297
2,2,7.033,33298
2,2,7.067,33299
2,2,7.1,33300
2,2,7.133,33301
2,2,7.167,33302
2,2,7.2,33303
2,2,7.233,33304
2,2,7.267,33305
2,2,7.3,33306
2,2,7.333,33307
2,2,7.367,33308
2,2,7.4,33309
2,2,7.433,33310
2,2,7.467,33311
2,2,7.5,33312
2,2,7.533,33313
2,2,7.567,33314
2,2,7.6,33315
2,2,7.633,33316
2,2,7.667,33317
2,2,7.7,33318
2,2,7.733,33319
2,2,7.767,33320
2,2,7.8,33321
2,2,7.833,33322
2,2,7.867,33323
2,2,7.9,33324
2,2,7.933,33325
2,2,7.967,33326
2,2,8,33327
2,2,8.033,33328
2,2,8.067,33329
2,2,8.1,33330
2,2,8.133,33331
2,2,8.167,33332
2,2,8.2,33333
2,2,8.233,33334
2,2,8.267,33335
2,2,8.3,33336
2,2,8.333,33337
2,2,8.367,33338
2,2,8.4,33339
2,2,8.433,33340
2,2,8.467,33341
2,2,8.5,33342
2,2,8.533,33343
2,2,8.567,33344
2,2,8.6,33345
2,2,8.633,33346
2,2,8.667,33347
2,2,8.7,33348
2,2,8.733,33349
2,2,8.767,33350
2,2,8.8,33351
2,2,8.833,33352
2,2,8.867,33353
2,2,8.9,33354
2,2,8.933,33355
2,2,8.967,33356
2,2,9,33357
2,2,9.033,33358
2,2,9.067,33359
2,2,9.1,33360
2,2,9.133,33361
2,2,9.167,33362
2,2,9.2,33363
2,2,9.233,33364
2,2,9.267,33365
2,2,9.3,33366
2,2,9.333,33367
2,2,9.367,33368
2,2,9.4,33369
2,2,9.433,33370
2,2,9.467,33371
2,2,9.5,33372
2,2,9.533,33373
2,2,9.567,33374
2,2,9.6,33375
2,2,9.633,33376
2,2,9.667,33377
2,2,9.7,33378
2,2,9.733,33379
2,2,9.767,33380
2,2,9.8,33381
2,2,9.833,33382
2,2,9.867,33383
2,2,9.9,33384
2,2,9.933,33385
2,2,9.967,33386
2,2,10,33387
2,2,10.033,33388
2,2,10.067,33389
2,2,10.1,33390
2,2,10.133,33391
2,2,10.167,33392
2,2,10.2,33393
2,2,10.233,33394
2,2,10.267,33395
2,2,10.3,33396
2,2,10.333,33397
2,2,10.367,33398
2,2,10.4,33399
2,2,10.433,33400
2,2,10.467,33401
2,2,10.5,33402
2,2,10.533,33403
2,2,10.567,33404
2,2,10.6,33405
2,2,10.633,33406
2,2,10.667,33407
2,2,10.7,33408
2,2,10.733,33409
2,2,10.767,33410
2,2,10.8,33411
2,2,10.833,33412
2,2,10.867,33413
2,2,10.9,33414
2,2,10.933,33415
2,2,10.967,33416
2,2,11,33417
2,2,11.033,33418
2,2,11.067,33419
2,2,11.1,33420
2,2,11.133,33421
2,2,11.167,33422
2,2,11.2,33423
2,2,11.233,33424
2,2,11.267,33425
2,2,11.3,33426
2,2,11.333,33427
2,2,11.367,33428
2,2,11.4,33429
2,2,11.433,33430
2,2,11.467,33431
2,2,11.5,33432
2,2,11.533,33433
2,2,11.567,33434
2,2,11.6,33435
2,2,11.633,33436
2,2,11.667,33437
2,2,11.7,33438
2,2,11.733,33439
2,2,11.767,33440
2,2,11.8,33441
2,2,11.833,33442
2,2,11.867,33443
2,2,11.9,33444
2,2,11.933,33445
2,2,11.967,33446
2,2,12,33447
2,2,12.033,33448
2,2,12.067,33449
2,2,12.1,33450
2,2,12.133,33451
2,2,12.167,33452
2,2,12.2,33453
2,2,12.233,33454
2,2,12.267,33455
2,2,12.3,33456
2,2,12.333,33457
2,2,12.367,33458
2,2,12.4,33459
2,2,12.433,33460
2,2,12.467,33461
2,2,12.5,33462
2,2,12.533,33463
2,2,12.567,33464
2,2,12.6,33465
2,2,12.633,33466
2,2,12.667,33467
6,2,12.7,33468
5,2,13.067,33469
5,2,13.1,33470
5,2,13.133,33471
5,2,13.167,33472
5,2,13.2,33473
5,2,13.233,33474
5,2,13.267,33475
5,2,13.3,33476
5,2,13.333,33477
5,2,13.367,33478
5,2,13.4,33479
5,2,13.433,33480
5,2,13.467,33481
5,2,13.5,33482
5,2,13.533,33483
5,2,13.567,33484
5,2,13.6,33485
5,2,13.633,33486
5,2,13.667,33487
5,2,13.7,33488
5,2,13.733,33489
5,2,13.767,33490
5,2,13.8,33491
5,2,13.833,33492
5,2,13.867,33493
5,2,13.9,33494
5,2,13.933,33495
5,2,13.967,33496
5,2,14,33497
5,2,14.033,33498
5,2,0,33499
5,2,0.033,33500
5,2,0.067,33501
5,2,0.1,33502
5,2,0.133,33503
5,2,0.167,33504
5,2,0.2,33505
5,2,0.233,33506
5,2,0.267,33507
5,2,0.3,33508
5,2,0.333,33509
5,2,0.367,33510
5,2,0.4,33511
5,2,0.433,33512
5,2,0.467,33513
5,2,0.5,33514
5,2,0.533,33515
5,2,0.567,33516
5,2,0.6,33517
5,2,0.633,33518
5,2,0.667,33519
5,2,0.7,33520
5,2,0.733,33521
5,2,0.767,33522
2,2,0.8,33523
2,2,0.833,33524
2,2,1.5,33525
2,2,1.533,33526
2,2,1.567,33527
2,2,1.6,33528
2,2,1.633,33529
2,2,1.667,33530
2,2,1.7,33531
2,2,1.733,33532
2,2,1.767,33533
2,2,1.8,33534
2,2,1.833,33535
2,2,1.867,33536
2,2,1.9,33537
2,2,1.933,33538
2,2,1.967,33539
2,2,2,33540
2,2,2.033,33541
2,2,2.067,33542
2,2,2.1,33543
2,2,2.133,33544
2,2,2.167,33545
2,2,2.2,33546
2,2,2.233,33547
2,2,2.267,33548
2,2,2.3,33549
2,2,2.333,33550
2,2,2.367,33551
2,2,2.4,33552
2,2,2.433,33553
2,2,2.467,33554
2,2,2.5,33555
2,2,2.533,33556
2,2,2.567,33557
2,2,2.6,33558
2,2,2.633,33559
2,2,2.667,33560
2,2,2.7,33561
2,2,2.733,33562
2,2,2.767,33563
2,2,2.8,33564
2,2,2.833,33565
2,2,2.867,33566
2,2,2.9,33567
2,2,2.933,33568
2,2,2.967,33569
2,2,3,33570
2,2,3.033,33571
2,2,3.067,33572
2,2,3.1,33573
2,2,3.133,33574
2,2,3.167,33575
2,2,3.2,33576
2,2,3.233,33577
2,2,3.267,33578
2,2,3.3,33579
2,2,3.333,33580
2,2,3.367,33581
2,2,3.4,33582
2,2,3.433,33583
2,2,3.467,33584
2,2,3.5,33585
2,2,3.533,33586
2,2,3.567,33587
2,2,3.6,33588
2,2,3.633,33589
2,2,3.667,33590
2,2,3.7,33591
2,2,3.733,33592
2,2,3.767,33593
2,2,3.8,33594
2,2,3.833,33595
2,2,3.867,33596
2,2,3.9,33597
2,2,3.933,33598
2,2,3.967,33599
2,2,4,33600
2,2,4.033,33601
2,2,4.067,33602
2,2,4.1,33603
2,2,4.133,33604
2,2,4.167,33605
2,2,4.2,33606
2,2,4.233,33607
2,2,4.267,33608
2,2,4.3,33609
2,2,4.333,33610
2,2,4.367,33611
2,2,4.4,33612
2,2,4.433,33613
2,2,4.467,33614
2,2,4.5,33615
2,2,4.533,33616
2,2,4.567,33617
2,2,4.6,33618
2,2,4.633,33619
2,2,4.667,33620
2,2,4.7,33621
2,2,4.733,33622
2,2,4.767,33623
2,2,4.8,33624
2,2,4.833,33625
2,2,4.867,33626
2,2,4.9,33627
2,2,4.933,33628
2,2,4.967,33629
2,2,5,33630
2,2,5.033,33631
2,2,5.067,33632
2,2,5.1,33633
2,2,5.133,33634
2,2,5.167,33635
2,2,5.2,33636
2,2,5.233,33637
2,2,5.267,33638
2,2,5.3,33639
2,2,5.333,33640
2,2,5.367,33641
2,2,5.4,33642
2,2,5.433,33643
2,2,5.467,33644
2,2,5.5,33645
2,2,5.533,33646
2,2,5.567,33647
2,2,5.6,33648
2,2,5.633,33649
2,2,5.667,33650
2,2,5.7,33651
2,2,5.733,33652
2,2,5.767,33653
2,2,5.8,33654
2,2,5.833,33655
2,2,5.867,33656
2,2,5.9,33657
2,2,5.933,33658
2,2,5.967,33659
2,2,6,33660
2,2,6.033,33661
2,2,6.067,33662
2,2,6.1,33663
2,2,6.133,33664
2,2,6.167,33665
2,2,6.2,33666
2,2,6.233,33667
2,2,6.267,33668
2,2,6.3,33669
2,2,6.333,33670
2,2,6.367,33671
2,2,6.4,33672
2,2,6.433,33673
2,2,6.467,33674
2,2,6.5,33675
2,2,6.533,33676
2,2,6.567,33677
2,2,6.6,33678
2,2,6.633,33679
2,2,6.667,33680
2,2,6.7,33681
2,2,6.733,33682
2,2,6.767,33683
2,2,6.8,33684
2,2,6.833,33685
2,2,6.867,33686
2,2,6.9,33687
2,2,6.933,33688
2,2,6.967,33689
2,2,7,33690
2,2,7.033,33691
2,2,7.067,33692
2,2,7.1,33693
2,2,7.133,33694
2,2,7.167,33695
2,2,7.2,33696
2,2,7.233,33697
2,2,7.267,33698
2,2,7.3,33699
2,2,7.333,33700
2,2,7.367,33701
2,2,7.4,33702
2,2,7.433,33703
2,2,7.467,33704
2,2,7.5,33705
2,2,7.533,33706
2,2,7.567,33707
2,2,7.6,33708
2,2,7.633,33709
2,2,7.667,33710
2,2,7.7,33711
2,2,7.733,33712
2,2,7.767,33713
2,2,7.8,33714
2,2,7.833,33715
2,2,7.867,33716
2,2,7.9,33717
2,2,7.933,33718
2,2,7.967,33719
2,2,8,33720
2,2,8.033,33721
2,2,8.067,33722
2,2,8.1,33723
2,2,8.133,33724
2,2,8.167,33725
2,2,8.2,33726
2,2,8.233,33727
2,2,8.267,33728
2,2,8.3,33729
2,2,8.333,33730
2,2,8.367,33731
2,2,8.4,33732
2,2,8.433,33733
2,2,8.467,33734
2,2,8.5,33735
2,2,8.533,33736
2,2,8.567,33737
2,2,8.6,33738
2,2,8.633,33739
2,2,8.667,33740
2,2,8.7,33741
2,2,8.733,33742
2,2,8.767,33743
2,2,8.8,33744
2,2,8.833,33745
2,2,8.867,33746
2,2,8.9,33747
2,2,8.933,33748
2,2,8.967,33749
2,2,9,33750
2,2,9.033,33751
2,2,9.067,33752
2,2,9.1,33753
2,2,9.133,33754
2,2,9.167,33755
2,2,9.2,33756
2,2,9.233,33757
2,2,9.267,33758
2,2,9.3,33759
2,2,9.333,33760
2,2,9.367,33761
2,2,9.4,33762
2,2,9.433,33763
2,2,9.467,33764
2,2,9.5,33765
2,2,9.533,33766
2,2,9.567,33767
2,2,9.6,33768
2,2,9.633,33769
2,2,9.667,33770
2,2,9.7,33771
2,2,9.733,33772
2,2,9.767,33773
2,2,9.8,33774
2,2,9.833,33775
2,2,9.867,33776
2,2,9.9,33777
2,2,9.933,33778
2,2,9.967,33779
2,2,10,33780
2,2,10.033,33781
2,2,10.067,33782
2,2,10.1,33783
2,2,10.133,33784
2,2,10.167,33785
2,2,10.2,33786
2,2,10.233,33787
2,2,10.267,33788
2,2,10.3,33789
2,2,10.667,33790
2,2,10.7,33791
2,2,10.733,33792
2,2,10.767,33793
2,2,10.8,33794
2,2,10.833,33795
2,2,10.867,33796
2,2,10.9,33797
2,2,10.933,33798
2,2,10.967,33799
2,2,11,33800
2,2,11.033,33801
2,2,11.067,33802
2,2,11.1,33803
2,2,11.133,33804
2,2,11.167,33805
2,2,11.2,33806
2,2,11.233,33807
2,2,0,33808
2,2,0.033,33809
2,2,0.067,33810
2,2,0.1,33811
2,2,0.133,33812
2,2,0.167,33813
2,2,0.2,33814
2,2,0.233,33815
2,2,0.267,33816
2,2,0.3,33817
2,2,0.333,33818
2,2,0.367,33819
2,2,0.4,33820
2,2,0.433,33821
2,2,0.467,33822
2,2,0.5,33823
2,2,0.533,33824
2,2,0.567,33825
2,2,0.6,33826
2,2,0.633,33827
2,2,0.667,33828
2,2,0.7,33829
2,2,0.733,33830
2,2,0.767,33831
2,2,0.8,33832
2,2,0.833,33833
2,2,0.867,33834
2,2,0.9,33835
2,2,0.933,33836
2,2,0.967,33837
2,2,1,33838
2,2,1.033,33839
2,2,1.067,33840
2,2,1.1,33841
2,2,1.133,33842
2,2,1.167,33843
2,2,1.2,33844
2,2,1.233,33845
2,2,1.267,33846
2,2,1.3,33847
2,2,1.333,33848
2,2,1.367,33849
2,2,1.4,33850
2,2,1.433,33851
2,2,1.467,33852
2,2,1.5,33853
2,2,1.533,33854
2,2,1.567,33855
2,2,1.6,33856
2,2,1.633,33857
2,2,1.667,33858
2,2,1.7,33859
2,2,1.733,33860
2,2,1.767,33861
2,2,1.8,33862
2,2,1.833,33863
2,2,1.867,33864
2,2,1.9,33865
2,2,1.933,33866
2,2,1.967,33867
2,2,2,33868
2,2,2.033,33869
2,2,2.067,33870
2,2,2.1,33871
2,2,2.133,33872
2,2,2.167,33873
2,2,2.2,33874
2,2,2.233,33875
2,2,2.267,33876
2,2,2.3,33877
2,2,2.333,33878
2,2,2.367,33879
2,2,2.4,33880
2,2,2.433,33881
2,2,2.467,33882
2,2,2.5,33883
2,2,2.533,33884
2,2,2.567,33885
2,2,2.6,33886
2,2,2.633,33887
2,2,2.667,33888
2,2,2.7,33889
2,2,2.733,33890
2,2,2.767,33891
2,2,2.8,33892
2,2,2.833,33893
2,2,2.867,33894
2,2,2.9,33895
2,2,2.933,33896
2,2,2.967,33897
2,2,3,33898
2,2,3.033,33899
2,2,3.067,33900
2,2,3.1,33901
2,2,3.133,33902
2,2,3.167,33903
2,2,3.2,33904
2,2,3.233,33905
2,2,3.267,33906
2,2,3.3,33907
2,2,3.333,33908
2,2,3.367,33909
2,2,3.4,33910
2,2,3.433,33911
2,2,3.467,33912
2,2,3.5,33913
2,2,3.533,33914
2,2,3.567,33915
2,2,3.6,33916
2,2,3.633,33917
2,2,3.667,33918
2,2,3.7,33919
2,2,3.733,33920
2,2,3.767,33921
2,2,3.8,33922
2,2,3.833,33923
6,3,5.433,33924
6,3,5.467,33925
6,3,5.5,33926
2,3,5.567,33927
2,3,5.6,33928
2,3,5.633,33929
2,3,5.667,33930
2,3,5.7,33931
2,3,5.733,33932
2,3,5.767,33933
4,3,5.833,33934
4,3,5.867,33935
4,3,5.9,33936
4,3,5.933,33937
4,3,5.967,33938
4,3,6,33939
4,3,6.033,33940
4,3,6.067,33941
4,3,6.1,33942
4,3,6.133,33943
4,3,6.167,33944
5,3,6.2,33945
5,3,6.233,33946
5,3,6.267,33947
5,3,6.3,33948
5,3,6.333,33949
5,3,6.367,33950
5,3,6.4,33951
5,3,6.433,33952
5,3,6.467,33953
5,3,6.5,33954
5,3,6.533,33955
5,3,6.567,33956
5,3,6.6,33957
5,3,6.633,33958
5,3,6.667,33959
5,3,6.7,33960
5,3,6.733,33961
5,3,6.767,33962
3,3,6.833,33963
3,3,6.867,33964
3,3,6.9,33965
3,3,6.933,33966
3,3,6.967,33967
3,3,7,33968
3,3,7.033,33969
3,3,7.067,33970
3,3,7.1,33971
3,3,7.133,33972
3,3,7.167,33973
3,3,7.2,33974
3,3,7.233,33975
3,3,7.267,33976
3,3,7.3,33977
3,3,7.333,33978
5,3,7.367,33979
5,3,7.4,33980
5,3,7.433,33981
5,3,7.467,33982
5,3,7.5,33983
5,3,7.533,33984
5,3,7.567,33985
5,3,7.6,33986
5,3,7.633,33987
5,3,7.667,33988
5,3,7.7,33989
4,3,7.733,33990
4,3,7.767,33991
4,3,7.8,33992
4,3,7.833,33993
4,3,7.867,33994
4,3,7.9,33995
4,3,7.933,33996
4,3,7.967,33997
4,3,8,33998
4,3,8.033,33999
4,3,8.067,34000
4,3,0,34001
4,3,0.033,34002
4,3,0.067,34003
4,3,0.1,34004
4,3,0.133,34005
4,3,0.167,34006
4,3,0.2,34007
4,3,0.233,34008
4,3,0.267,34009
4,3,0.3,34010
5,3,0.333,34011
5,3,0.367,34012
5,3,0.4,34013
5,3,0.433,34014
5,3,0.467,34015
5,3,0.5,34016
5,3,0.533,34017
5,3,0.567,34018
5,3,0.6,34019
5,3,0.633,34020
5,3,0.667,34021
5,3,0.7,34022
5,3,0.733,34023
5,3,0.767,34024
5,3,0.8,34025
5,3,0.833,34026
5,3,0.867,34027
5,3,0.9,34028
5,3,0.933,34029
5,3,0.967,34030
5,3,1,34031
5,3,1.033,34032
5,3,1.067,34033
5,3,1.1,34034
5,3,1.133,34035
5,3,1.167,34036
5,3,1.2,34037
5,3,1.233,34038
5,3,1.267,34039
5,3,1.3,34040
5,3,1.333,34041
5,3,1.367,34042
5,3,1.4,34043
5,3,1.433,34044
5,3,1.467,34045
5,3,1.5,34046
5,3,1.533,34047
5,3,1.567,34048
5,3,1.6,34049
5,3,1.633,34050
5,3,1.667,34051
5,3,1.7,34052
5,3,1.733,34053
5,3,1.767,34054
5,3,1.8,34055
5,3,1.833,34056
5,3,1.867,34057
5,3,1.9,34058
5,3,1.933,34059
5,3,1.967,34060
5,3,2,34061
5,3,2.033,34062
5,3,2.067,34063
5,3,2.1,34064
5,3,2.133,34065
5,3,2.167,34066
5,3,2.2,34067
5,3,2.233,34068
5,3,2.267,34069
5,3,2.3,34070
5,3,2.333,34071
5,3,2.367,34072
5,3,2.4,34073
5,3,2.433,34074
5,3,2.467,34075
5,3,2.5,34076
5,3,2.533,34077
5,3,2.567,34078
5,3,2.6,34079
5,3,2.633,34080
5,3,2.667,34081
5,3,2.7,34082
5,3,2.733,34083
5,3,2.767,34084
5,3,2.8,34085
5,3,2.833,34086
5,3,2.867,34087
5,3,2.9,34088
5,3,2.933,34089
5,3,2.967,34090
5,3,3,34091
5,3,3.033,34092
5,3,3.067,34093
5,3,3.1,34094
5,3,3.133,34095
5,3,3.167,34096
5,3,3.2,34097
5,3,3.233,34098
5,3,3.267,34099
5,3,3.3,34100
5,3,3.333,34101
5,3,3.367,34102
5,3,3.4,34103
5,3,3.433,34104
5,3,3.467,34105
5,3,3.5,34106
5,3,3.533,34107
5,3,3.567,34108
5,3,3.6,34109
5,3,3.633,34110
5,3,3.667,34111
5,3,3.7,34112
3,3,3.767,34113
3,3,3.8,34114
3,3,3.833,34115
3,3,3.867,34116
3,3,3.9,34117
3,3,3.933,34118
3,3,3.967,34119
3,3,4,34120
3,3,4.033,34121
3,3,4.067,34122
3,3,4.1,34123
3,3,4.133,34124
3,3,4.167,34125
3,3,4.2,34126
3,3,4.233,34127
3,3,4.267,34128
3,3,4.3,34129
3,3,4.333,34130
3,3,4.367,34131
3,3,4.4,34132
3,3,4.433,34133
3,3,4.467,34134
3,3,4.5,34135
3,3,4.533,34136
3,3,4.567,34137
3,3,4.6,34138
3,3,4.633,34139
3,3,4.667,34140
3,3,4.7,34141
3,3,4.733,34142
3,3,4.767,34143
3,3,4.8,34144
3,3,4.833,34145
3,3,4.867,34146
3,3,4.9,34147
3,3,4.933,34148
3,3,4.967,34149
3,3,5,34150
3,3,5.033,34151
3,3,5.067,34152
3,3,5.1,34153
3,3,5.133,34154
3,3,5.167,34155
3,3,5.2,34156
3,3,5.233,34157
3,3,5.267,34158
3,3,5.3,34159
3,3,5.333,34160
3,3,5.367,34161
3,3,5.4,34162
3,3,5.433,34163
3,3,5.467,34164
3,3,5.5,34165
3,3,5.533,34166
3,3,5.567,34167
3,3,5.6,34168
3,3,5.633,34169
3,3,5.667,34170
3,3,5.7,34171
3,3,5.733,34172
3,3,5.767,34173
3,3,5.8,34174
3,3,5.833,34175
3,3,5.867,34176
3,3,5.9,34177
3,3,5.933,34178
3,3,5.967,34179
3,3,6,34180
3,3,6.033,34181
3,3,6.067,34182
3,3,6.1,34183
3,3,6.133,34184
3,3,6.167,34185
3,3,6.2,34186
3,3,6.233,34187
3,3,6.267,34188
3,3,6.3,34189
3,3,6.333,34190
3,3,6.367,34191
3,3,6.4,34192
3,3,6.433,34193
3,3,6.467,34194
3,3,6.5,34195
3,3,6.533,34196
3,3,6.567,34197
3,3,6.6,34198
3,3,6.633,34199
5,3,6.667,34200
5,3,6.7,34201
5,3,6.733,34202
5,3,6.767,34203
5,3,6.8,34204
5,3,6.833,34205
5,3,6.867,34206
5,3,6.9,34207
5,3,0,34208
5,3,0.033,34209
5,3,0.067,34210
5,3,0.1,34211
5,3,0.133,34212
5,3,0.167,34213
5,3,0.2,34214
5,3,0.233,34215
3,3,0.3,34216
3,3,0.633,34217
3,3,0.667,34218
3,3,0.7,34219
3,3,0.733,34220
3,3,0.767,34221
3,3,0.8,34222
3,3,0.833,34223
3,3,0.867,34224
3,3,0.9,34225
3,3,0.933,34226
3,3,0.967,34227
3,3,1,34228
3,3,1.033,34229
3,3,1.067,34230
3,3,1.1,34231
3,3,1.133,34232
3,3,1.167,34233
3,3,1.2,34234
3,3,1.233,34235
3,3,1.267,34236
3,3,1.3,34237
3,3,1.333,34238
3,3,1.367,34239
3,3,1.4,34240
3,3,1.433,34241
3,3,1.467,34242
3,3,1.5,34243
3,3,1.533,34244
3,3,1.567,34245
3,3,1.6,34246
3,3,1.633,34247
3,3,1.667,34248
3,3,1.7,34249
3,3,1.733,34250
3,3,1.767,34251
3,3,1.8,34252
3,3,1.833,34253
3,3,1.867,34254
3,3,1.9,34255
3,3,1.933,34256
3,3,1.967,34257
3,3,2,34258
3,3,2.033,34259
3,3,2.067,34260
3,3,2.1,34261
3,3,2.133,34262
3,3,2.167,34263
3,3,2.2,34264
3,3,2.233,34265
3,3,2.267,34266
3,3,2.3,34267
3,3,2.333,34268
3,3,2.367,34269
3,3,2.4,34270
3,3,2.433,34271
3,3,2.467,34272
3,3,2.5,34273
3,3,2.533,34274
3,3,2.567,34275
3,3,2.6,34276
3,3,2.633,34277
3,3,2.667,34278
3,3,2.7,34279
3,3,2.733,34280
3,3,2.767,34281
3,3,2.8,34282
3,3,2.833,34283
3,3,2.867,34284
3,3,2.9,34285
3,3,2.933,34286
3,3,2.967,34287
3,3,3,34288
3,3,3.033,34289
3,3,3.067,34290
3,3,3.1,34291
3,3,3.133,34292
3,3,3.167,34293
3,3,3.2,34294
3,3,3.233,34295
3,3,3.267,34296
3,3,3.3,34297
3,3,3.333,34298
3,3,3.367,34299
3,3,3.4,34300
3,3,3.433,34301
3,3,3.467,34302
3,3,3.5,34303
3,3,3.533,34304
3,3,3.567,34305
3,3,3.6,34306
3,3,3.633,34307
3,3,3.667,34308
3,3,3.7,34309
3,3,3.733,34310
3,3,3.767,34311
3,3,3.8,34312
3,3,3.833,34313
3,3,3.867,34314
3,3,3.9,34315
3,3,3.933,34316
3,3,3.967,34317
3,3,4,34318
3,3,4.033,34319
3,3,4.067,34320
3,3,4.1,34321
3,3,4.133,34322
3,3,4.167,34323
3,3,4.2,34324
3,3,4.233,34325
3,3,4.267,34326
3,3,4.3,34327
3,3,4.333,34328
3,3,4.367,34329
3,3,4.4,34330
3,3,4.433,34331
3,3,4.467,34332
3,3,4.5,34333
3,3,4.533,34334
3,3,4.567,34335
3,3,4.6,34336
3,3,4.633,34337
6,3,4.733,34338
6,3,4.767,34339
6,3,4.8,34340
6,3,4.833,34341
6,3,4.867,34342
6,3,4.9,34343
6,3,4.933,34344
6,3,4.967,34345
6,3,5,34346
6,3,5.033,34347
6,3,5.067,34348
6,3,5.1,34349
6,3,5.133,34350
6,3,5.167,34351
6,3,5.2,34352
6,3,5.233,34353
6,3,5.267,34354
6,3,5.3,34355
6,3,5.333,34356
6,3,5.367,34357
6,3,5.4,34358
6,3,5.433,34359
6,3,5.467,34360
6,3,5.5,34361
6,3,5.533,34362
6,3,5.567,34363
6,3,5.6,34364
6,3,5.633,34365
6,3,5.667,34366
6,3,5.7,34367
6,3,5.733,34368
6,3,5.767,34369
6,3,5.8,34370
6,3,5.833,34371
6,3,5.867,34372
6,3,5.9,34373
6,3,5.933,34374
6,3,5.967,34375
6,3,6,34376
6,3,6.033,34377
6,3,6.067,34378
6,3,0,34379
6,3,0.033,34380
6,3,0.067,34381
6,3,0.1,34382
6,3,0.133,34383
6,3,0.167,34384
6,3,0.2,34385
6,3,0.233,34386
6,3,0.267,34387
6,3,0.3,34388
6,3,0.333,34389
6,3,0.367,34390
6,3,0.4,34391
6,3,0.433,34392
6,3,0.467,34393
6,3,0.5,34394
6,3,0.533,34395
6,3,0.567,34396
6,3,0.6,34397
1,3,0.667,34398
1,3,0.7,34399
1,3,0.733,34400
1,3,0.767,34401
1,3,0.8,34402
1,3,0.833,34403
1,3,0.867,34404
1,3,0.9,34405
1,3,0.933,34406
1,3,0.967,34407
1,3,1,34408
1,3,1.033,34409
1,3,1.067,34410
1,3,1.1,34411
1,3,1.133,34412
1,3,1.167,34413
1,3,1.2,34414
1,3,1.233,34415
1,3,1.267,34416
1,3,1.3,34417
1,3,1.333,34418
1,3,1.367,34419
6,3,1.967,34420
6,3,2,34421
6,3,2.033,34422
6,3,2.067,34423
6,3,2.1,34424
6,3,2.133,34425
6,3,2.167,34426
6,3,2.2,34427
6,3,2.233,34428
6,3,2.267,34429
6,3,2.3,34430
6,3,2.333,34431
6,3,2.367,34432
6,3,2.4,34433
6,3,2.433,34434
6,3,2.467,34435
6,3,2.5,34436
6,3,2.533,34437
6,3,2.567,34438
6,3,2.6,34439
6,3,2.633,34440
6,3,2.667,34441
6,3,2.7,34442
6,3,2.733,34443
6,3,2.767,34444
6,3,2.8,34445
6,3,2.833,34446
6,3,2.867,34447
6,3,2.9,34448
6,3,2.933,34449
6,3,2.967,34450
6,3,3,34451
6,3,3.033,34452
6,3,3.067,34453
6,3,3.1,34454
6,3,3.133,34455
6,3,3.167,34456
6,3,3.2,34457
6,3,3.233,34458
6,3,3.267,34459
6,3,3.3,34460
6,3,3.333,34461
6,3,3.367,34462
6,3,3.4,34463
6,3,3.433,34464
6,3,3.467,34465
6,3,3.5,34466
6,3,3.533,34467
6,3,3.567,34468
6,3,3.6,34469
6,3,3.633,34470
6,3,3.667,34471
6,3,3.7,34472
6,3,3.733,34473
6,3,3.767,34474
6,3,3.8,34475
6,3,3.833,34476
6,3,3.867,34477
6,3,3.9,34478
6,3,3.933,34479
6,3,3.967,34480
6,3,4,34481
6,3,4.033,34482
6,3,4.067,34483
6,3,4.1,34484
6,3,4.133,34485
6,3,4.167,34486
6,3,4.2,34487
6,3,4.233,34488
6,3,4.267,34489
6,3,4.3,34490
6,3,4.333,34491
6,3,4.367,34492
6,3,4.4,34493
6,3,4.433,34494
6,3,4.467,34495
6,3,4.5,34496
6,3,4.533,34497
6,3,4.567,34498
6,3,4.6,34499
6,3,4.633,34500
6,3,4.667,34501
6,3,4.7,34502
6,3,4.733,34503
6,3,4.767,34504
6,3,4.8,34505
6,3,4.833,34506
6,3,4.867,34507
6,3,4.9,34508
6,3,4.933,34509
6,3,4.967,34510
6,3,5,34511
6,3,5.033,34512
6,3,5.067,34513
6,3,5.1,34514
6,3,5.133,34515
6,3,5.167,34516
6,3,5.2,34517
6,3,5.233,34518
6,3,5.267,34519
6,3,5.3,34520
6,3,5.333,34521
6,3,5.367,34522
6,3,5.4,34523
6,3,5.433,34524
6,3,5.467,34525
6,3,5.5,34526
6,3,5.533,34527
6,3,5.567,34528
6,3,5.6,34529
3,3,5.7,34530
3,3,5.733,34531
3,3,5.767,34532
3,3,5.8,34533
3,3,5.833,34534
3,3,5.867,34535
3,3,5.9,34536
3,3,5.933,34537
3,3,5.967,34538
3,3,6,34539
3,3,6.033,34540
3,3,6.067,34541
3,3,6.1,34542
3,3,6.133,34543
3,3,6.167,34544
3,3,6.2,34545
3,3,6.233,34546
3,3,6.267,34547
3,3,6.3,34548
3,3,0,34549
3,3,0.033,34550
3,3,0.067,34551
3,3,0.1,34552
3,3,0.133,34553
3,3,0.167,34554
3,3,0.2,34555
3,3,0.233,34556
3,3,0.267,34557
6,3,0.333,34558
2,3,0.4,34559
2,3,0.433,34560
2,3,0.467,34561
2,3,0.5,34562
6,3,0.533,34563
6,3,0.567,34564
6,3,0.6,34565
6,3,0.633,34566
6,3,0.667,34567
6,3,0.7,34568
6,3,0.733,34569
6,3,0.767,34570
6,3,0.8,34571
6,3,0.833,34572
6,3,0.867,34573
6,3,0.9,34574
6,3,0.933,34575
6,3,0.967,34576
6,3,1,34577
6,3,1.033,34578
6,3,1.067,34579
6,3,1.1,34580
6,3,1.133,34581
6,3,1.167,34582
6,3,1.2,34583
6,3,1.233,34584
6,3,1.267,34585
6,3,1.3,34586
6,3,1.333,34587
6,3,1.367,34588
6,3,1.4,34589
6,3,1.433,34590
6,3,1.467,34591
6,3,1.5,34592
6,3,1.533,34593
6,3,1.567,34594
6,3,1.6,34595
6,3,1.633,34596
6,3,1.667,34597
6,3,1.7,34598
6,3,1.733,34599
6,3,1.767,34600
6,3,1.8,34601
6,3,1.833,34602
6,3,1.867,34603
6,3,1.9,34604
6,3,1.933,34605
6,3,1.967,34606
6,3,2,34607
6,3,2.033,34608
6,3,2.067,34609
6,3,2.1,34610
6,3,2.133,34611
6,3,2.167,34612
6,3,2.2,34613
6,3,2.233,34614
6,3,2.267,34615
6,3,2.3,34616
6,3,2.333,34617
6,3,2.367,34618
6,3,2.4,34619
6,3,2.433,34620
6,3,2.467,34621
6,3,2.5,34622
6,3,2.533,34623
6,3,2.567,34624
6,3,2.6,34625
6,3,2.633,34626
6,3,2.667,34627
6,3,2.7,34628
6,3,2.733,34629
6,3,2.767,34630
6,3,2.8,34631
6,3,2.833,34632
6,3,2.867,34633
6,3,2.9,34634
6,3,2.933,34635
6,3,2.967,34636
6,3,3,34637
6,3,3.033,34638
6,3,3.067,34639
6,3,3.1,34640
6,3,3.133,34641
6,3,3.167,34642
1,3,3.267,34643
1,3,3.3,34644
1,3,3.333,34645
1,3,3.367,34646
1,3,3.4,34647
1,3,3.433,34648
1,3,3.467,34649
1,3,3.5,34650
1,3,3.533,34651
1,3,3.567,34652
1,3,3.6,34653
1,3,3.633,34654
1,3,3.667,34655
1,3,3.7,34656
1,3,3.733,34657
1,3,3.767,34658
1,3,3.8,34659
1,3,3.833,34660
1,3,3.867,34661
1,3,0,34662
1,3,0.033,34663
1,3,0.067,34664
1,3,0.1,34665
1,3,0.133,34666
1,3,0.167,34667
1,3,0.2,34668
1,3,0.233,34669
1,3,0.267,34670
1,3,0.3,34671
1,3,0.333,34672
6,3,0.367,34673
6,3,0.4,34674
6,3,0.433,34675
2,3,0.467,34676
2,3,0.5,34677
2,3,0.533,34678
2,3,0.567,34679
2,3,0.6,34680
2,3,0.633,34681
2,3,0.667,34682
2,3,0.7,34683
2,3,0.733,34684
2,3,0.767,34685
2,3,0.8,34686
2,3,0.833,34687
2,3,0.867,34688
2,3,0.9,34689
2,3,0.933,34690
2,3,0.967,34691
2,3,1,34692
2,3,1.033,34693
2,3,1.067,34694
2,3,1.1,34695
2,3,1.133,34696
2,3,1.167,34697
2,3,1.2,34698
2,3,1.233,34699
2,3,1.267,34700
2,3,1.3,34701
2,3,1.333,34702
2,3,1.367,34703
2,3,1.4,34704
2,3,1.433,34705
2,3,1.467,34706
2,3,1.5,34707
2,3,1.533,34708
2,3,1.567,34709
2,3,1.6,34710
2,3,1.633,34711
2,3,1.667,34712
2,3,1.7,34713
2,3,1.733,34714
2,3,1.767,34715
2,3,1.8,34716
2,3,1.833,34717
2,3,1.867,34718
2,3,1.9,34719
2,3,1.933,34720
2,3,1.967,34721
2,3,2,34722
2,3,2.033,34723
2,3,2.067,34724
2,3,2.1,34725
2,3,2.133,34726
2,3,2.167,34727
2,3,2.2,34728
2,3,0,34729
2,3,0.033,34730
2,3,0.067,34731
2,3,0.1,34732
2,3,0.133,34733
2,3,0.167,34734
2,3,0.2,34735
2,3,0.233,34736
2,3,0.267,34737
2,3,0.3,34738
2,3,0.333,34739
2,3,0.367,34740
2,3,0.4,34741
2,3,0.433,34742
2,3,0.467,34743
2,3,0.5,34744
2,3,0.533,34745
2,3,0.567,34746
2,3,0.6,34747
2,3,0.633,34748
2,3,0.667,34749
2,3,0.7,34750
2,3,0.733,34751
2,3,0.767,34752
2,3,0.8,34753
2,3,0.833,34754
2,3,0.867,34755
2,3,0.9,34756
2,3,0.933,34757
6,3,0.967,34758
6,3,1,34759
3,3,1.067,34760
3,3,1.1,34761
3,3,1.133,34762
3,3,1.167,34763
5,3,1.233,34764
5,3,1.267,34765
5,3,1.3,34766
5,3,1.333,34767
5,3,1.367,34768
5,3,1.4,34769
5,3,1.433,34770
5,3,1.467,34771
5,3,1.5,34772
5,3,1.533,34773
5,3,1.567,34774
5,3,1.6,34775
5,3,1.633,34776
5,3,1.667,34777
5,3,1.7,34778
5,3,1.733,34779
5,3,1.767,34780
5,3,1.8,34781
5,3,1.833,34782
5,3,1.867,34783
5,3,1.9,34784
5,3,1.933,34785
5,3,1.967,34786
5,3,2,34787
5,3,2.033,34788
6,4,4.767,34789
6,4,4.8,34790
6,4,4.833,34791
6,4,4.867,34792
6,4,4.9,34793
6,4,4.933,34794
6,4,4.967,34795
6,4,5,34796
6,4,5.033,34797
6,4,5.067,34798
6,4,5.1,34799
6,4,0,34800
6,4,0.033,34801
6,4,0.067,34802
6,4,0.1,34803
6,4,0.133,34804
6,4,0.167,34805
6,4,0.2,34806
6,4,0.233,34807
6,4,0.267,34808
6,4,0.3,34809
6,4,0.333,34810
6,4,0.367,34811
6,4,0.4,34812
6,4,0.433,34813
6,4,0.467,34814
6,4,0.5,34815
6,4,0.533,34816
6,4,0.567,34817
5,4,3.567,34818
5,4,3.6,34819
5,4,3.633,34820
5,4,3.667,34821
5,4,3.7,34822
5,4,3.733,34823
5,4,3.767,34824
5,4,0,34825
5,4,0.033,34826
5,4,0.067,34827
5,4,0.1,34828
5,4,0.133,34829
5,4,0.167,34830
5,4,0.2,34831
5,4,0.233,34832
5,4,0.267,34833
5,4,0.3,34834
5,4,0.333,34835
4,4,6.233,34836
4,4,6.267,34837
4,4,6.3,34838
4,4,6.333,34839
4,4,6.367,34840
4,4,6.4,34841
4,4,6.433,34842
4,4,6.467,34843
4,4,6.5,34844
4,4,6.533,34845
4,4,6.567,34846
4,4,6.6,34847
4,4,6.633,34848
4,4,6.667,34849
4,4,6.7,34850
4,4,6.733,34851
4,4,6.767,34852
4,4,6.8,34853
4,4,6.833,34854
4,4,6.867,34855
4,4,6.9,34856
4,4,6.933,34857
4,4,6.967,34858
4,4,7,34859
4,4,7.033,34860
4,4,7.067,34861
4,4,7.1,34862
4,4,0,34863
4,4,0.033,34864
4,4,0.067,34865
4,4,0.1,34866
4,4,0.133,34867
4,4,0.167,34868
4,4,0.2,34869
4,4,0.233,34870
4,4,0.267,34871
4,4,0.3,34872
4,4,0.333,34873
5,4,5.033,34874
5,4,5.067,34875
1,4,5.133,34876
1,4,5.167,34877
1,4,5.2,34878
1,4,5.233,34879
1,4,5.267,34880
1,4,5.3,34881
1,4,5.333,34882
1,4,5.367,34883
1,4,5.4,34884
1,4,5.433,34885
1,4,5.467,34886
1,4,5.5,34887
1,4,0,34888
1,4,0.033,34889
1,4,0.067,34890
1,4,0.1,34891
1,4,0.133,34892
1,4,0.167,34893
1,4,0.2,34894
1,4,0.233,34895
1,4,0.267,34896
1,4,0.3,34897
1,4,0.333,34898
1,4,0.367,34899
2,4,4.133,34900
2,4,4.167,34901
2,4,4.2,34902
2,4,4.233,34903
2,4,4.267,34904
2,4,4.3,34905
2,4,4.333,34906
2,4,4.367,34907
2,4,4.4,34908
2,4,4.433,34909
2,4,4.467,34910
2,4,4.5,34911
2,4,0,34912
2,4,0.033,34913
2,4,0.067,34914
2,4,0.1,34915
2,4,0.133,34916
6,4,0.167,34917
6,4,0.2,34918
3,4,2.3,34919
3,4,2.333,34920
3,4,2.367,34921
3,4,2.4,34922
3,4,2.433,34923
3,4,2.467,34924
3,4,2.5,34925
3,4,2.533,34926
3,4,2.567,34927
3,4,2.6,34928
3,4,2.633,34929
3,4,2.667,34930
3,4,2.7,34931
3,4,2.733,34932
3,4,2.767,34933
3,4,2.8,34934
3,4,2.833,34935
3,4,2.867,34936
3,4,2.9,34937
3,4,0,34938
3,4,0.033,34939
3,4,0.067,34940
3,4,0.1,34941
3,4,0.133,34942
3,4,0.167,34943
3,4,0.2,34944
5,5,10.167,34945
5,5,10.2,34946
5,5,10.233,34947
5,5,10.267,34948
5,5,10.3,34949
5,5,10.333,34950
5,5,10.367,34951
5,5,10.4,34952
5,5,10.433,34953
5,5,10.467,34954
5,5,10.5,34955
5,5,10.533,34956
5,5,10.567,34957
5,5,10.6,34958
5,5,10.633,34959
5,5,10.667,34960
5,5,10.7,34961
5,5,10.733,34962
5,5,10.767,34963
5,5,10.8,34964
5,5,10.833,34965
5,5,10.867,34966
5,5,10.9,34967
5,5,10.933,34968
5,5,10.967,34969
5,5,11,34970
5,5,11.033,34971
5,5,11.067,34972
5,5,11.1,34973
5,5,11.133,34974
5,5,11.167,34975
5,5,11.2,34976
5,5,11.233,34977
5,5,11.267,34978
5,5,11.3,34979
5,5,11.333,34980
5,5,11.367,34981
3,5,11.4,34982
3,5,11.433,34983
3,5,11.467,34984
3,5,11.5,34985
3,5,11.533,34986
3,5,11.567,34987
3,5,11.6,34988
3,5,11.633,34989
3,5,11.667,34990
3,5,11.7,34991
3,5,11.733,34992
3,5,11.767,34993
3,5,11.8,34994
3,5,11.833,34995
3,5,11.867,34996
3,5,11.9,34997
3,5,11.933,34998
3,5,11.967,34999
3,5,12,35000
3,5,12.033,35001
3,5,12.067,35002
3,5,12.1,35003
3,5,12.133,35004
3,5,12.167,35005
3,5,12.2,35006
3,5,12.233,35007
3,5,12.267,35008
3,5,12.3,35009
3,5,12.333,35010
3,5,12.367,35011
3,5,12.4,35012
3,5,12.433,35013
3,5,12.467,35014
3,5,0,35015
3,5,0.033,35016
3,5,0.067,35017
3,5,0.1,35018
3,5,0.133,35019
3,5,0.167,35020
3,5,0.2,35021
3,5,0.233,35022
3,5,0.267,35023
3,5,0.3,35024
3,5,0.333,35025
3,5,0.367,35026
3,5,0.4,35027
3,5,0.433,35028
3,5,0.467,35029
3,5,0.5,35030
3,5,0.533,35031
3,5,0.567,35032
3,5,0.6,35033
3,5,0.633,35034
3,5,0.667,35035
3,5,0.7,35036
3,5,0.733,35037
3,5,0.767,35038
3,5,0.8,35039
3,5,0.833,35040
3,5,0.867,35041
3,5,0.9,35042
3,5,0.933,35043
3,5,0.967,35044
3,5,1,35045
3,5,1.033,35046
3,5,1.067,35047
3,5,1.1,35048
3,5,1.133,35049
3,5,1.167,35050
3,5,1.2,35051
3,5,1.233,35052
3,5,1.267,35053
3,5,1.3,35054
3,5,1.333,35055
3,5,1.367,35056
3,5,1.4,35057
3,5,1.433,35058
3,5,1.467,35059
3,5,1.5,35060
3,5,1.533,35061
3,5,1.567,35062
3,5,1.6,35063
3,5,1.633,35064
3,5,1.667,35065
3,5,1.7,35066
3,5,1.733,35067
3,5,1.767,35068
3,5,1.8,35069
3,5,1.833,35070
3,5,1.867,35071
3,5,1.9,35072
3,5,1.933,35073
3,5,1.967,35074
3,5,2,35075
3,5,2.033,35076
3,5,2.067,35077
3,5,2.1,35078
3,5,2.133,35079
3,5,2.167,35080
3,5,2.2,35081
3,5,2.233,35082
3,5,2.267,35083
3,5,2.3,35084
3,5,2.333,35085
3,5,2.367,35086
3,5,2.4,35087
3,5,2.433,35088
3,5,2.467,35089
3,5,2.5,35090
3,5,2.533,35091
3,5,2.567,35092
3,5,2.6,35093
3,5,2.633,35094
3,5,2.667,35095
3,5,2.7,35096
3,5,2.733,35097
3,5,2.767,35098
3,5,2.8,35099
3,5,2.833,35100
3,5,2.867,35101
3,5,2.9,35102
3,5,2.933,35103
3,5,2.967,35104
3,5,3,35105
3,5,3.033,35106
3,5,3.067,35107
3,5,3.1,35108
3,5,3.133,35109
3,5,3.167,35110
3,5,3.2,35111
3,5,3.233,35112
3,5,3.267,35113
3,5,3.3,35114
3,5,3.333,35115
3,5,3.367,35116
3,5,3.4,35117
3,5,3.433,35118
3,5,3.467,35119
3,5,3.5,35120
3,5,3.533,35121
3,5,3.567,35122
3,5,3.6,35123
3,5,3.633,35124
3,5,3.667,35125
3,5,3.7,35126
3,5,3.733,35127
3,5,3.767,35128
3,5,3.8,35129
3,5,3.833,35130
3,5,3.867,35131
3,5,3.9,35132
3,5,3.933,35133
3,5,3.967,35134
3,5,4,35135
3,5,4.033,35136
3,5,4.067,35137
3,5,4.1,35138
3,5,4.133,35139
3,5,4.167,35140
3,5,4.2,35141
3,5,4.233,35142
3,5,4.267,35143
3,5,4.3,35144
3,5,4.333,35145
3,5,4.367,35146
3,5,4.4,35147
3,5,4.433,35148
3,5,4.467,35149
3,5,4.5,35150
3,5,4.533,35151
3,5,4.567,35152
3,5,4.6,35153
3,5,4.633,35154
3,5,4.667,35155
3,5,4.7,35156
3,5,4.733,35157
3,5,4.767,35158
3,5,4.8,35159
3,5,4.833,35160
3,5,4.867,35161
3,5,4.9,35162
3,5,4.933,35163
3,5,4.967,35164
3,5,5,35165
3,5,5.033,35166
3,5,5.067,35167
3,5,5.1,35168
3,5,5.133,35169
3,5,5.167,35170
3,5,5.2,35171
3,5,5.233,35172
3,5,5.267,35173
3,5,5.3,35174
3,5,5.333,35175
3,5,5.367,35176
3,5,5.4,35177
3,5,5.433,35178
3,5,5.467,35179
3,5,5.5,35180
3,5,5.533,35181
3,5,5.567,35182
3,5,5.6,35183
3,5,5.633,35184
3,5,5.667,35185
3,5,5.7,35186
3,5,5.733,35187
3,5,5.767,35188
3,5,5.8,35189
3,5,5.833,35190
3,5,5.867,35191
3,5,5.9,35192
3,5,5.933,35193
3,5,5.967,35194
3,5,6,35195
3,5,6.033,35196
5,5,6.133,35197
5,5,6.167,35198
5,5,6.2,35199
5,5,6.233,35200
5,5,6.267,35201
5,5,6.3,35202
5,5,6.333,35203
1,5,6.367,35204
1,5,6.4,35205
1,5,6.433,35206
1,5,6.467,35207
1,5,6.5,35208
1,5,6.533,35209
1,5,6.567,35210
1,5,6.6,35211
1,5,6.633,35212
1,5,6.667,35213
1,5,6.7,35214
1,5,6.733,35215
1,5,6.767,35216
1,5,6.8,35217
1,5,6.833,35218
1,5,6.867,35219
1,5,6.9,35220
1,5,6.933,35221
1,5,6.967,35222
1,5,7,35223
1,5,7.033,35224
1,5,7.067,35225
1,5,7.1,35226
1,5,7.133,35227
1,5,7.167,35228
1,5,7.2,35229
1,5,7.233,35230
1,5,7.267,35231
1,5,7.3,35232
1,5,7.333,35233
1,5,7.367,35234
1,5,7.4,35235
1,5,7.433,35236
1,5,7.467,35237
1,5,7.5,35238
1,5,7.533,35239
1,5,7.567,35240
1,5,7.6,35241
1,5,7.633,35242
1,5,7.667,35243
1,5,7.7,35244
1,5,7.733,35245
1,5,7.767,35246
1,5,7.8,35247
1,5,7.833,35248
1,5,7.867,35249
1,5,7.9,35250
1,5,7.933,35251
1,5,7.967,35252
1,5,8,35253
1,5,8.033,35254
1,5,0,35255
1,5,0.033,35256
1,5,0.067,35257
1,5,0.1,35258
1,5,0.133,35259
1,5,0.167,35260
1,5,0.2,35261
1,5,0.233,35262
1,5,0.267,35263
1,5,0.3,35264
1,5,0.333,35265
1,5,0.367,35266
1,5,0.4,35267
1,5,0.433,35268
1,5,0.467,35269
1,5,0.5,35270
1,5,0.533,35271
1,5,0.567,35272
1,5,0.6,35273
1,5,0.633,35274
1,5,0.667,35275
1,5,0.7,35276
1,5,0.733,35277
1,5,0.767,35278
1,5,0.8,35279
1,5,0.833,35280
1,5,0.867,35281
1,5,0.9,35282
1,5,0.933,35283
1,5,0.967,35284
1,5,1,35285
1,5,1.033,35286
1,5,1.067,35287
1,5,1.1,35288
1,5,1.133,35289
1,5,1.167,35290
1,5,1.2,35291
1,5,1.233,35292
1,5,1.267,35293
1,5,1.3,35294
1,5,1.333,35295
1,5,1.367,35296
1,5,1.4,35297
1,5,1.433,35298
1,5,1.467,35299
1,5,1.5,35300
1,5,1.533,35301
1,5,1.567,35302
1,5,1.6,35303
1,5,1.633,35304
1,5,1.667,35305
1,5,1.7,35306
1,5,1.733,35307
1,5,1.767,35308
1,5,1.8,35309
1,5,1.833,35310
1,5,1.867,35311
1,5,1.9,35312
1,5,1.933,35313
1,5,1.967,35314
1,5,2,35315
1,5,2.033,35316
1,5,2.067,35317
1,5,2.1,35318
1,5,2.133,35319
1,5,2.167,35320
1,5,2.2,35321
1,5,2.233,35322
1,5,2.267,35323
1,5,2.3,35324
1,5,2.333,35325
1,5,2.367,35326
1,5,2.4,35327
1,5,2.433,35328
1,5,2.467,35329
1,5,2.5,35330
1,5,2.533,35331
1,5,2.567,35332
1,5,2.6,35333
1,5,2.633,35334
1,5,2.667,35335
1,5,2.7,35336
1,5,2.733,35337
1,5,2.767,35338
1,5,2.8,35339
1,5,2.833,35340
1,5,2.867,35341
1,5,2.9,35342
1,5,2.933,35343
1,5,2.967,35344
1,5,3,35345
1,5,3.033,35346
1,5,3.067,35347
1,5,3.1,35348
1,5,3.133,35349
1,5,3.167,35350
1,5,3.2,35351
1,5,3.233,35352
1,5,3.267,35353
1,5,3.3,35354
1,5,3.333,35355
1,5,3.367,35356
1,5,3.4,35357
1,5,3.433,35358
1,5,3.467,35359
1,5,3.5,35360
1,5,3.533,35361
1,5,3.567,35362
1,5,3.6,35363
1,5,3.633,35364
1,5,3.667,35365
1,5,3.7,35366
1,5,3.733,35367
1,5,3.767,35368
1,5,3.8,35369
5,5,3.867,35370
5,5,3.9,35371
4,5,3.933,35372
4,5,3.967,35373
4,5,4,35374
4,5,4.3,35375
4,5,4.333,35376
4,5,4.367,35377
4,5,4.4,35378
4,5,4.433,35379
4,5,4.467,35380
4,5,4.5,35381
4,5,4.533,35382
4,5,4.567,35383
4,5,4.6,35384
4,5,4.633,35385
4,5,4.667,35386
4,5,4.7,35387
4,5,4.733,35388
4,5,4.767,35389
4,5,4.8,35390
4,5,4.833,35391
4,5,4.867,35392
4,5,4.9,35393
4,5,4.933,35394
4,5,4.967,35395
4,5,5,35396
4,5,5.033,35397
4,5,5.067,35398
4,5,5.1,35399
4,5,5.133,35400
4,5,5.167,35401
4,5,5.2,35402
4,5,5.233,35403
4,5,5.267,35404
4,5,5.3,35405
4,5,5.333,35406
4,5,5.367,35407
4,5,0,35408
4,5,0.033,35409
4,5,0.067,35410
4,5,0.1,35411
4,5,0.133,35412
4,5,0.167,35413
4,5,0.2,35414
4,5,0.233,35415
4,5,0.267,35416
4,5,0.3,35417
4,5,0.333,35418
4,5,0.367,35419
4,5,0.4,35420
3,5,1.233,35421
3,5,1.267,35422
3,5,1.3,35423
5,5,1.367,35424
5,5,1.4,35425
5,5,1.433,35426
5,5,1.467,35427
5,5,1.5,35428
5,5,1.533,35429
5,5,1.567,35430
5,5,1.6,35431
5,5,1.633,35432
5,5,1.667,35433
5,5,1.7,35434
5,5,1.733,35435
5,5,1.767,35436
5,5,1.8,35437
5,5,1.833,35438
5,5,0,35439
5,5,0.033,35440
5,5,0.067,35441
5,5,0.1,35442
5,5,0.133,35443
5,5,0.167,35444
5,5,0.2,35445
5,5,0.233,35446
5,5,0.267,35447
5,5,0.3,35448
5,5,0.333,35449
5,5,0.367,35450
5,5,0.4,35451
5,5,0.433,35452
5,5,0.467,35453
5,5,0.5,35454
5,5,0.533,35455
5,5,0.567,35456
5,5,0.6,35457
5,5,0.633,35458
5,5,0.667,35459
5,5,0.7,35460
5,5,0.733,35461
5,5,0.767,35462
5,5,0.8,35463
5,5,0.833,35464
5,5,0.867,35465
5,5,0.9,35466
5,5,0.933,35467
5,5,0.967,35468
5,5,1,35469
5,5,1.033,35470
5,5,1.067,35471
5,5,1.1,35472
5,5,1.133,35473
5,5,1.167,35474
5,5,1.2,35475
5,5,1.233,35476
5,5,1.267,35477
5,5,1.3,35478
5,5,1.333,35479
5,5,1.367,35480
5,5,1.4,35481
5,5,1.433,35482
5,5,1.467,35483
5,5,1.5,35484
5,5,1.533,35485
5,5,1.567,35486
5,5,1.6,35487
5,5,1.633,35488
5,5,1.667,35489
5,5,1.7,35490
5,5,1.733,35491
5,5,1.767,35492
5,5,1.8,35493
5,5,1.833,35494
5,5,1.867,35495
5,5,1.9,35496
5,5,1.933,35497
5,5,1.967,35498
5,5,2,35499
5,5,2.033,35500
5,5,2.067,35501
5,5,2.1,35502
5,5,2.133,35503
5,5,2.167,35504
5,5,2.2,35505
5,5,2.233,35506
5,5,2.267,35507
5,5,2.3,35508
5,5,2.333,35509
5,5,2.367,35510
5,5,2.4,35511
5,5,2.433,35512
5,5,2.467,35513
5,5,2.5,35514
5,5,2.533,35515
5,5,2.567,35516
5,5,2.6,35517
5,5,2.633,35518
5,5,2.667,35519
5,5,2.7,35520
5,5,2.733,35521
5,5,2.767,35522
5,5,2.8,35523
5,5,2.833,35524
5,5,2.867,35525
5,5,2.9,35526
5,5,2.933,35527
5,5,2.967,35528
5,5,3,35529
5,5,3.033,35530
5,5,3.067,35531
5,5,3.1,35532
5,5,3.133,35533
5,5,3.167,35534
5,5,3.2,35535
5,5,3.233,35536
5,5,3.267,35537
5,5,3.3,35538
5,5,3.333,35539
5,5,3.367,35540
5,5,3.4,35541
5,5,3.433,35542
5,5,3.467,35543
5,5,3.5,35544
5,5,3.533,35545
5,5,3.567,35546
5,5,3.6,35547
5,5,3.633,35548
5,5,3.667,35549
5,5,3.7,35550
5,5,3.733,35551
5,5,3.767,35552
5,5,3.8,35553
5,5,3.833,35554
5,5,3.867,35555
5,5,3.9,35556
5,5,3.933,35557
5,5,3.967,35558
5,5,4,35559
5,5,4.033,35560
5,5,4.067,35561
5,5,4.1,35562
5,5,4.133,35563
5,5,4.167,35564
5,5,4.2,35565
5,5,4.233,35566
5,5,4.267,35567
5,5,4.3,35568
5,5,4.333,35569
5,5,4.367,35570
5,5,4.4,35571
5,5,4.433,35572
5,5,4.467,35573
5,5,4.5,35574
5,5,4.533,35575
5,5,4.567,35576
5,5,4.6,35577
5,5,4.633,35578
5,5,4.667,35579
5,5,4.7,35580
5,5,4.733,35581
5,5,4.767,35582
5,5,4.8,35583
2,5,4.9,35584
2,5,4.933,35585
2,5,4.967,35586
2,5,5,35587
2,5,5.033,35588
2,5,5.067,35589
2,5,5.1,35590
2,5,5.133,35591
2,5,5.167,35592
2,5,5.2,35593
2,5,5.233,35594
2,5,5.267,35595
2,5,5.3,35596
2,5,5.333,35597
2,5,5.367,35598
2,5,5.4,35599
2,5,5.433,35600
2,5,5.467,35601
2,5,0,35602
2,5,0.033,35603
2,5,0.067,35604
2,5,0.1,35605
2,5,0.133,35606
2,5,0.167,35607
2,5,0.2,35608
2,5,0.233,35609
2,5,0.267,35610
2,5,0.3,35611
2,5,0.333,35612
2,5,0.367,35613
2,5,0.4,35614
2,5,0.433,35615
2,5,0.467,35616
2,5,0.5,35617
2,5,0.533,35618
2,5,0.567,35619
2,5,0.6,35620
2,5,0.633,35621
2,5,0.667,35622
2,5,0.7,35623
2,5,0.733,35624
2,5,0.767,35625
2,5,0.8,35626
2,5,0.833,35627
2,5,0.867,35628
2,5,0.9,35629
2,5,0.933,35630
2,5,0.967,35631
2,5,1,35632
2,5,1.033,35633
2,5,1.067,35634
2,5,1.1,35635
2,5,1.133,35636
2,5,1.167,35637
2,5,1.2,35638
2,5,1.233,35639
2,5,1.267,35640
2,5,1.3,35641
2,5,1.333,35642
2,5,1.367,35643
2,5,1.4,35644
2,5,1.433,35645
2,5,1.467,35646
2,5,1.5,35647
2,5,1.533,35648
2,5,1.567,35649
2,5,1.6,35650
2,5,1.633,35651
2,5,1.667,35652
2,5,1.7,35653
2,5,1.733,35654
2,5,1.767,35655
2,5,1.8,35656
2,5,1.833,35657
2,5,1.867,35658
2,5,1.9,35659
6,5,1.933,35660
6,5,1.967,35661
6,5,2,35662
6,5,2.033,35663
6,5,2.067,35664
6,5,2.1,35665
6,5,2.133,35666
6,5,2.167,35667
6,5,2.2,35668
6,5,2.233,35669
6,5,2.267,35670
6,5,2.3,35671
6,5,2.333,35672
6,5,2.367,35673
6,5,2.4,35674
6,5,2.433,35675
6,5,2.467,35676
6,5,2.5,35677
6,5,2.533,35678
6,5,2.567,35679
6,5,2.6,35680
6,5,2.633,35681
6,5,2.667,35682
6,5,2.7,35683
6,5,2.733,35684
6,5,2.767,35685
6,5,2.8,35686
6,5,2.833,35687
6,5,2.867,35688
6,5,2.9,35689
6,5,2.933,35690
6,5,2.967,35691
6,5,3,35692
6,5,3.033,35693
6,5,3.067,35694
6,5,3.1,35695
6,5,3.133,35696
6,5,3.167,35697
6,5,3.2,35698
6,5,3.233,35699
6,5,3.267,35700
6,5,3.3,35701
6,5,3.333,35702
6,5,3.367,35703
6,5,3.4,35704
6,5,3.433,35705
6,5,3.467,35706
6,5,3.5,35707
6,5,3.533,35708
6,5,3.567,35709
6,5,3.6,35710
6,5,3.633,35711
6,5,3.667,35712
6,5,3.7,35713
6,5,3.733,35714
6,5,3.767,35715
6,5,3.8,35716
6,5,3.833,35717
6,5,3.867,35718
6,5,3.9,35719
6,5,3.933,35720
6,5,3.967,35721
6,5,4,35722
6,5,4.033,35723
6,5,4.067,35724
6,5,4.1,35725
6,5,4.133,35726
6,5,4.167,35727
6,5,4.2,35728
6,5,4.233,35729
6,5,4.267,35730
6,5,4.3,35731
6,5,4.333,35732
6,5,4.367,35733
6,5,4.4,35734
6,5,4.433,35735
6,5,4.467,35736
6,5,4.5,35737
6,5,4.533,35738
6,5,4.567,35739
6,5,4.6,35740
6,5,4.633,35741
6,5,4.667,35742
6,5,4.7,35743
6,5,4.733,35744
6,5,4.767,35745
6,5,4.8,35746
6,5,4.833,35747
6,5,4.867,35748
6,5,4.9,35749
6,5,4.933,35750
6,5,4.967,35751
6,5,5,35752
6,5,5.033,35753
6,5,5.067,35754
6,5,5.1,35755
6,5,5.133,35756
6,5,5.167,35757
6,5,5.2,35758
6,5,5.233,35759
6,5,5.267,35760
6,5,5.3,35761
6,5,5.333,35762
6,5,5.367,35763
6,5,5.4,35764
6,5,5.433,35765
6,5,5.467,35766
6,5,5.5,35767
6,5,5.533,35768
6,5,5.567,35769
6,5,5.6,35770
6,5,5.633,35771
6,5,5.667,35772
6,5,5.7,35773
6,5,5.733,35774
6,5,5.767,35775
6,5,5.8,35776
6,5,5.833,35777
6,5,5.867,35778
6,5,5.9,35779
6,5,0,35780
6,5,0.033,35781
6,5,0.067,35782
6,5,0.1,35783
6,5,0.133,35784
6,5,0.167,35785
6,5,0.2,35786
6,5,0.233,35787
6,5,0.267,35788
6,5,0.3,35789
6,5,0.333,35790
6,5,0.367,35791
6,5,0.4,35792
6,5,0.433,35793
6,5,0.467,35794
6,5,0.5,35795
6,5,0.533,35796
6,5,0.567,35797
6,5,0.6,35798
6,5,0.633,35799
6,5,0.667,35800
6,5,0.7,35801
6,5,0.733,35802
6,5,0.767,35803
6,5,0.8,35804
6,5,0.833,35805
6,5,0.867,35806
6,5,0.9,35807
6,5,0.933,35808
6,5,0.967,35809
6,5,1,35810
6,5,1.033,35811
6,5,1.067,35812
6,5,1.1,35813
6,5,1.133,35814
6,5,1.167,35815
6,5,1.2,35816
6,5,1.233,35817
6,5,1.267,35818
6,5,1.3,35819
6,5,1.333,35820
6,5,1.367,35821
6,5,1.4,35822
6,5,1.433,35823
6,5,1.467,35824
6,5,1.5,35825
6,5,1.533,35826
6,5,1.567,35827
6,5,1.6,35828
6,5,1.633,35829
6,5,1.667,35830
6,5,1.7,35831
6,5,1.733,35832
6,5,1.767,35833
6,5,1.8,35834
6,5,1.833,35835
6,5,1.867,35836
6,5,1.9,35837
6,5,1.933,35838
6,5,1.967,35839
6,5,2,35840
6,5,2.033,35841
6,5,2.067,35842
6,5,2.1,35843
6,5,2.133,35844
6,5,2.167,35845
6,5,2.2,35846
6,5,2.233,35847
6,5,2.267,35848
6,5,2.3,35849
6,5,2.333,35850
6,5,2.367,35851
6,5,2.4,35852
6,5,2.433,35853
6,5,2.467,35854
6,5,2.5,35855
6,5,2.533,35856
6,5,2.567,35857
6,5,2.6,35858
6,5,2.633,35859
5,6,0,35860
5,6,0.033,35861
5,6,0.067,35862
5,6,0.1,35863
5,6,0.133,35864
5,6,0.167,35865
5,6,0.2,35866
5,6,0.233,35867
5,6,0.267,35868
5,6,0.3,35869
5,6,0.333,35870
5,6,0.367,35871
5,6,0.4,35872
5,6,0.433,35873
5,6,0.467,35874
5,6,0.5,35875
5,6,0.533,35876
5,6,0.567,35877
5,6,0.6,35878
5,6,0.633,35879
5,6,0.667,35880
5,6,0.7,35881
5,6,0.733,35882
5,6,0.767,35883
5,6,0.8,35884
5,6,0.833,35885
5,6,0.867,35886
5,6,0.9,35887
5,6,0.933,35888
5,6,0.967,35889
5,6,1,35890
5,6,1.033,35891
5,6,1.067,35892
5,6,1.1,35893
5,6,1.133,35894
5,6,1.167,35895
5,6,1.2,35896
5,6,1.233,35897
5,6,1.267,35898
5,6,1.3,35899
5,6,1.333,35900
5,6,1.367,35901
5,6,1.4,35902
5,6,1.433,35903
5,6,1.467,35904
5,6,1.5,35905
5,6,1.533,35906
5,6,1.567,35907
5,6,1.6,35908
5,6,1.633,35909
5,6,1.667,35910
5,6,1.7,35911
5,6,1.733,35912
5,6,1.767,35913
5,6,1.8,35914
5,6,1.833,35915
5,6,1.867,35916
5,6,1.9,35917
5,6,1.933,35918
5,6,1.967,35919
5,6,2,35920
5,6,2.033,35921
5,6,2.067,35922
5,6,2.1,35923
5,6,2.133,35924
5,6,2.167,35925
5,6,2.2,35926
5,6,2.233,35927
5,6,2.267,35928
5,6,2.3,35929
5,6,2.333,35930
5,6,2.367,35931
5,6,2.4,35932
5,6,2.433,35933
5,6,2.467,35934
5,6,2.5,35935
5,6,2.533,35936
5,6,2.567,35937
5,6,2.6,35938
5,6,2.633,35939
5,6,2.667,35940
5,6,2.7,35941
5,6,2.733,35942
5,6,2.767,35943
5,6,2.8,35944
5,6,2.833,35945
5,6,2.867,35946
5,6,2.9,35947
5,6,2.933,35948
5,6,2.967,35949
5,6,3,35950
5,6,3.033,35951
5,6,3.067,35952
5,6,3.1,35953
5,6,3.133,35954
5,6,3.167,35955
5,6,3.2,35956
5,6,3.233,35957
5,6,3.267,35958
5,6,3.3,35959
5,6,3.333,35960
5,6,3.367,35961
5,6,3.4,35962
5,6,3.433,35963
5,6,3.467,35964
5,6,3.5,35965
5,6,3.533,35966
5,6,3.567,35967
5,6,3.6,35968
5,6,3.633,35969
5,6,3.667,35970
5,6,3.7,35971
5,6,3.733,35972
5,6,3.767,35973
5,6,3.8,35974
5,6,3.833,35975
5,6,3.867,35976
5,6,3.9,35977
5,6,3.933,35978
5,6,3.967,35979
5,6,4,35980
5,6,4.033,35981
5,6,4.067,35982
5,6,4.1,35983
5,6,4.133,35984
5,6,4.167,35985
5,6,4.2,35986
5,6,4.233,35987
5,6,4.267,35988
5,6,4.3,35989
5,6,4.333,35990
5,6,4.367,35991
5,6,4.4,35992
5,6,4.433,35993
5,6,4.467,35994
5,6,4.5,35995
5,6,4.533,35996
5,6,4.567,35997
5,6,4.6,35998
5,6,4.633,35999
5,6,4.667,36000
5,6,4.7,36001
5,6,4.733,36002
5,6,4.767,36003
5,6,4.8,36004
5,6,4.833,36005
5,6,4.867,36006
5,6,4.9,36007
5,6,4.933,36008
5,6,4.967,36009
5,6,5,36010
5,6,5.033,36011
5,6,5.067,36012
5,6,5.1,36013
5,6,5.133,36014
5,6,5.167,36015
5,6,5.2,36016
5,6,5.233,36017
5,6,5.267,36018
5,6,5.3,36019
5,6,5.333,36020
5,6,5.367,36021
5,6,5.4,36022
5,6,5.433,36023
5,6,5.467,36024
5,6,5.5,36025
5,6,5.533,36026
5,6,5.567,36027
5,6,5.6,36028
5,6,5.633,36029
5,6,5.667,36030
5,6,5.7,36031
5,6,5.733,36032
5,6,5.767,36033
5,6,5.8,36034
5,6,5.833,36035
5,6,5.867,36036
5,6,5.9,36037
5,6,5.933,36038
5,6,5.967,36039
5,6,6,36040
5,6,6.033,36041
5,6,6.067,36042
5,6,6.1,36043
5,6,6.133,36044
1,6,6.2,36045
1,6,6.233,36046
1,6,6.267,36047
1,6,6.3,36048
1,6,6.333,36049
1,6,6.367,36050
1,6,6.4,36051
2,6,6.467,36052
2,6,6.5,36053
2,6,6.533,36054
2,6,6.567,36055
2,6,6.6,36056
2,6,6.633,36057
2,6,6.667,36058
2,6,6.7,36059
2,6,6.733,36060
2,6,6.767,36061
1,6,6.8,36062
1,6,6.833,36063
1,6,6.867,36064
3,6,6.933,36065
3,6,6.967,36066
3,6,7,36067
3,6,7.033,36068
3,6,7.067,36069
3,6,7.1,36070
3,6,7.133,36071
3,6,7.167,36072
3,6,7.2,36073
3,6,7.233,36074
3,6,7.267,36075
3,6,7.3,36076
3,6,0,36077
3,6,0.033,36078
3,6,0.067,36079
3,6,0.1,36080
3,6,0.133,36081
3,6,0.167,36082
3,6,0.2,36083
3,6,0.233,36084
3,6,0.267,36085
1,6,0.4,36086
1,6,0.433,36087
1,6,0.467,36088
1,6,0.5,36089
1,6,0.533,36090
1,6,0.567,36091
1,6,0.6,36092
1,6,0.633,36093
1,6,0.667,36094
1,6,0.7,36095
1,6,0.733,36096
1,6,0.767,36097
1,6,0.8,36098
1,6,0.833,36099
1,6,0.867,36100
1,6,0.9,36101
1,6,0.933,36102
1,6,0.967,36103
1,6,1,36104
1,6,1.033,36105
1,6,1.067,36106
1,6,1.1,36107
1,6,1.133,36108
1,6,1.167,36109
1,6,1.2,36110
1,6,1.233,36111
1,6,1.267,36112
1,6,1.3,36113
1,6,1.333,36114
1,6,1.367,36115
1,6,1.4,36116
1,6,1.433,36117
1,6,1.467,36118
1,6,1.5,36119
1,6,1.533,36120
1,6,1.567,36121
1,6,1.6,36122
1,6,1.633,36123
1,6,1.667,36124
1,6,1.7,36125
1,6,1.733,36126
1,6,1.767,36127
1,6,1.8,36128
1,6,1.833,36129
1,6,1.867,36130
1,6,1.9,36131
1,6,1.933,36132
1,6,1.967,36133
1,6,2,36134
1,6,2.033,36135
1,6,2.067,36136
1,6,2.1,36137
1,6,2.133,36138
1,6,2.167,36139
1,6,2.2,36140
1,6,2.233,36141
1,6,2.267,36142
1,6,2.3,36143
1,6,2.333,36144
1,6,2.367,36145
1,6,2.4,36146
1,6,2.433,36147
1,6,2.467,36148
1,6,2.5,36149
1,6,2.533,36150
1,6,2.567,36151
1,6,2.6,36152
1,6,2.633,36153
1,6,2.667,36154
1,6,2.7,36155
1,6,2.733,36156
1,6,2.767,36157
1,6,2.8,36158
1,6,2.833,36159
1,6,2.867,36160
1,6,2.9,36161
1,6,2.933,36162
1,6,2.967,36163
1,6,3,36164
1,6,3.033,36165
1,6,3.067,36166
1,6,3.1,36167
1,6,3.133,36168
1,6,3.167,36169
1,6,3.2,36170
1,6,3.233,36171
1,6,3.267,36172
1,6,3.3,36173
1,6,3.333,36174
1,6,3.367,36175
1,6,3.4,36176
1,6,3.433,36177
1,6,3.467,36178
1,6,3.5,36179
1,6,3.533,36180
1,6,3.567,36181
1,6,3.6,36182
1,6,3.633,36183
1,6,3.667,36184
1,6,3.7,36185
1,6,3.733,36186
1,6,3.767,36187
1,6,3.8,36188
1,6,3.833,36189
1,6,3.867,36190
1,6,3.9,36191
1,6,3.933,36192
1,6,3.967,36193
1,6,4,36194
1,6,4.033,36195
1,6,4.067,36196
1,6,4.1,36197
1,6,4.133,36198
1,6,4.167,36199
1,6,4.2,36200
1,6,4.233,36201
1,6,4.267,36202
1,6,4.3,36203
1,6,4.333,36204
1,6,4.367,36205
1,6,4.4,36206
1,6,4.433,36207
1,6,4.467,36208
1,6,4.5,36209
1,6,4.533,36210
1,6,4.567,36211
1,6,4.6,36212
1,6,4.633,36213
1,6,4.667,36214
1,6,4.7,36215
1,6,4.733,36216
1,6,4.767,36217
1,6,4.8,36218
1,6,4.833,36219
1,6,4.867,36220
1,6,4.9,36221
1,6,4.933,36222
1,6,4.967,36223
1,6,5,36224
1,6,5.033,36225
1,6,5.067,36226
1,6,5.1,36227
1,6,5.133,36228
1,6,5.167,36229
1,6,5.2,36230
1,6,5.233,36231
1,6,5.267,36232
1,6,5.3,36233
1,6,5.333,36234
1,6,5.367,36235
1,6,5.4,36236
1,6,5.433,36237
1,6,5.467,36238
1,6,5.5,36239
1,6,5.533,36240
1,6,5.567,36241
1,6,5.6,36242
1,6,5.633,36243
1,6,5.667,36244
1,6,5.7,36245
1,6,5.733,36246
1,6,5.767,36247
1,6,5.8,36248
1,6,5.833,36249
1,6,5.867,36250
1,6,5.9,36251
1,6,5.933,36252
1,6,5.967,36253
1,6,6,36254
1,6,6.033,36255
1,6,6.067,36256
1,6,6.1,36257
1,6,6.133,36258
1,6,6.167,36259
1,6,6.2,36260
1,6,6.233,36261
1,6,6.267,36262
1,6,6.3,36263
1,6,6.333,36264
1,6,6.367,36265
1,6,6.4,36266
1,6,6.433,36267
1,6,6.467,36268
1,6,6.5,36269
1,6,6.533,36270
1,6,6.567,36271
1,6,6.6,36272
1,6,6.633,36273
1,6,6.667,36274
1,6,6.7,36275
2,6,6.867,36276
2,6,6.9,36277
2,6,6.933,36278
2,6,6.967,36279
2,6,7,36280
2,6,7.033,36281
2,6,7.067,36282
2,6,7.1,36283
2,6,7.133,36284
2,6,7.167,36285
2,6,7.2,36286
2,6,0,36287
2,6,0.033,36288
2,6,0.067,36289
2,6,0.1,36290
2,6,0.133,36291
2,6,0.167,36292
2,6,0.2,36293
2,6,0.233,36294
2,6,0.267,36295
2,6,0.3,36296
2,6,0.333,36297
2,6,0.367,36298
2,6,0.4,36299
2,6,0.433,36300
2,6,0.467,36301
2,6,0.5,36302
2,6,0.533,36303
2,6,0.567,36304
2,6,0.6,36305
2,6,0.633,36306
2,6,0.667,36307
2,6,0.7,36308
2,6,0.733,36309
2,6,0.767,36310
2,6,0.8,36311
2,6,0.833,36312
2,6,0.867,36313
2,6,0.9,36314
2,6,0.933,36315
2,6,0.967,36316
2,6,1,36317
2,6,1.033,36318
2,6,1.067,36319
2,6,1.1,36320
2,6,1.133,36321
2,6,1.167,36322
2,6,1.2,36323
2,6,1.233,36324
2,6,1.267,36325
2,6,1.3,36326
2,6,1.333,36327
2,6,1.367,36328
2,6,1.4,36329
2,6,1.433,36330
2,6,1.467,36331
2,6,1.5,36332
2,6,1.533,36333
2,6,1.567,36334
2,6,1.6,36335
2,6,1.633,36336
2,6,1.667,36337
2,6,1.7,36338
2,6,1.733,36339
2,6,1.767,36340
2,6,1.8,36341
2,6,1.833,36342
2,6,1.867,36343
2,6,1.9,36344
2,6,1.933,36345
2,6,1.967,36346
2,6,2,36347
2,6,2.033,36348
2,6,2.067,36349
2,6,2.1,36350
2,6,2.133,36351
2,6,2.167,36352
2,6,2.2,36353
2,6,2.233,36354
2,6,2.267,36355
2,6,2.3,36356
2,6,2.333,36357
2,6,2.367,36358
2,6,2.4,36359
2,6,2.433,36360
2,6,2.467,36361
2,6,2.5,36362
2,6,2.533,36363
2,6,2.567,36364
1,6,2.6,36365
1,6,2.633,36366
1,6,2.667,36367
1,6,2.7,36368
1,6,2.733,36369
1,6,2.767,36370
1,6,2.8,36371
1,6,2.833,36372
1,6,2.867,36373
1,6,2.9,36374
1,6,2.933,36375
1,6,2.967,36376
4,6,3.033,36377
4,6,3.067,36378
4,6,3.1,36379
4,6,3.133,36380
4,6,3.167,36381
4,6,3.2,36382
4,6,3.233,36383
4,6,3.267,36384
4,6,3.3,36385
4,6,3.333,36386
4,6,3.367,36387
4,6,3.4,36388
4,6,0,36389
4,6,0.033,36390
4,6,0.067,36391
4,6,0.1,36392
4,6,0.133,36393
4,6,0.167,36394
4,6,0.2,36395
4,6,0.233,36396
4,6,0.267,36397
4,6,0.3,36398
4,6,0.333,36399
4,6,0.367,36400
4,6,0.4,36401
4,6,0.433,36402
4,6,0.467,36403
4,6,0.5,36404
4,6,0.533,36405
4,6,0.567,36406
4,6,0.6,36407
4,6,0.633,36408
4,6,0.667,36409
4,6,0.7,36410
4,6,0.733,36411
4,6,0.767,36412
4,6,0.8,36413
4,6,0.833,36414
4,6,0.867,36415
4,6,0.9,36416
4,6,0.933,36417
4,6,0.967,36418
4,6,1,36419
4,6,1.033,36420
4,6,1.067,36421
4,6,1.1,36422
4,6,1.133,36423
4,6,1.167,36424
4,6,1.2,36425
5,6,1.333,36426
5,6,1.367,36427
5,6,1.4,36428
5,6,1.433,36429
3,6,1.567,36430
3,6,1.6,36431
6,6,1.733,36432
6,6,1.767,36433
6,6,1.8,36434
6,6,1.833,36435
6,6,1.867,36436
6,6,0,36437
6,6,0.033,36438
6,6,0.067,36439
6,6,0.1,36440
6,6,0.133,36441
6,6,0.167,36442
6,6,0.2,36443
1,6,0.3,36444
1,6,0.333,36445
1,6,0.367,36446
1,6,0.4,36447
1,6,0.433,36448
1,6,0.467,36449
1,6,0.5,36450
1,6,0.533,36451
1,6,0.567,36452
1,6,0.6,36453
1,6,0.633,36454
1,6,0.667,36455
1,6,0.7,36456
1,6,0.733,36457
1,6,0.767,36458
1,6,0.8,36459
1,6,0.833,36460
1,6,0.867,36461
1,6,0.9,36462
1,6,0.933,36463
1,6,0.967,36464
1,6,1,36465
1,6,1.033,36466
1,6,1.067,36467
1,6,1.1,36468
1,6,1.133,36469
5,6,1.2,36470
5,6,1.233,36471
5,6,1.267,36472
5,6,1.3,36473
5,6,1.333,36474
5,6,1.367,36475
5,6,1.4,36476
5,6,1.433,36477
5,6,1.467,36478
5,6,1.5,36479
5,6,0,36480
5,6,0.033,36481
5,6,0.067,36482
5,6,0.1,36483
5,6,0.133,36484
5,6,0.167,36485
5,6,0.2,36486
5,6,0.233,36487
1,6,0.333,36488
1,6,0.367,36489
1,6,0.4,36490
1,6,0.433,36491
1,6,0.467,36492
1,6,0.5,36493
1,6,0.533,36494
1,6,0.567,36495
1,6,0.6,36496
1,6,0.633,36497
1,6,0.667,36498
1,6,0.7,36499
1,6,0.733,36500
1,6,0.767,36501
1,6,0.8,36502
1,6,0.833,36503
1,6,0.867,36504
1,6,0.9,36505
1,6,0.933,36506
1,6,0.967,36507
1,6,1,36508
1,6,1.033,36509
1,6,1.067,36510
1,6,1.1,36511
1,6,1.133,36512
1,6,1.167,36513
1,6,1.2,36514
1,6,1.233,36515
1,6,1.267,36516
1,6,1.3,36517
1,6,1.333,36518
1,6,1.367,36519
1,6,1.4,36520
1,6,1.433,36521
1,6,1.467,36522
1,6,1.5,36523
1,6,1.533,36524
1,6,0,36525
1,6,0.033,36526
1,6,0.067,36527
1,6,0.1,36528
1,6,0.133,36529
1,6,0.167,36530
1,6,0.2,36531
1,6,0.233,36532
1,6,0.267,36533
1,6,0.3,36534
1,6,0.333,36535
1,6,0.367,36536
1,6,0.4,36537
1,6,0.433,36538
1,6,0.467,36539
1,6,0.5,36540
1,6,0.533,36541
1,6,0.567,36542
1,6,0.6,36543
1,6,0.633,36544
1,6,0.667,36545
1,6,0.7,36546
1,6,0.733,36547
1,6,0.767,36548
1,6,0.8,36549
1,6,0.833,36550
1,6,0.867,36551
1,6,0.9,36552
1,6,0.933,36553
1,6,0.967,36554
1,6,1,36555
1,6,1.033,36556
1,6,1.067,36557
1,6,1.1,36558
1,6,1.133,36559
1,6,1.167,36560
1,6,1.2,36561
1,6,1.233,36562
1,6,1.267,36563
1,6,1.3,36564
1,6,1.333,36565
1,6,1.367,36566
1,6,1.4,36567
1,6,1.433,36568
1,6,1.467,36569
1,6,1.5,36570
1,6,1.533,36571
1,6,1.567,36572
1,6,1.6,36573
1,6,1.633,36574
1,6,1.667,36575
1,6,1.7,36576
1,6,1.733,36577
1,6,1.767,36578
1,6,1.8,36579
1,6,1.833,36580
1,6,1.867,36581
1,6,1.9,36582
1,6,1.933,36583
1,6,1.967,36584
1,6,2,36585
1,6,2.033,36586
1,6,2.067,36587
1,6,2.1,36588
1,6,2.133,36589
3,7,14,36590
3,7,14.033,36591
3,7,14.067,36592
3,7,14.1,36593
3,7,14.133,36594
3,7,14.167,36595
3,7,14.2,36596
3,7,14.233,36597
3,7,14.267,36598
3,7,14.3,36599
3,7,14.333,36600
3,7,14.367,36601
3,7,14.4,36602
3,7,14.433,36603
3,7,14.467,36604
3,7,14.5,36605
3,7,14.533,36606
3,7,14.567,36607
3,7,14.6,36608
3,7,14.633,36609
3,7,14.667,36610
3,7,14.7,36611
3,7,14.733,36612
3,7,14.767,36613
3,7,14.8,36614
3,7,14.833,36615
3,7,14.867,36616
3,7,14.9,36617
3,7,14.933,36618
3,7,14.967,36619
3,7,15,36620
3,7,15.033,36621
3,7,15.067,36622
3,7,15.1,36623
3,7,15.133,36624
3,7,15.167,36625
3,7,15.2,36626
3,7,15.233,36627
3,7,15.267,36628
3,7,15.3,36629
3,7,15.333,36630
3,7,15.367,36631
3,7,15.4,36632
3,7,15.433,36633
3,7,15.467,36634
3,7,15.5,36635
3,7,15.533,36636
3,7,15.567,36637
3,7,15.6,36638
3,7,15.633,36639
3,7,15.667,36640
3,7,15.7,36641
3,7,15.733,36642
3,7,15.767,36643
3,7,15.8,36644
3,7,15.833,36645
3,7,15.867,36646
3,7,15.9,36647
3,7,15.933,36648
3,7,15.967,36649
3,7,16,36650
3,7,16.033,36651
3,7,16.067,36652
3,7,16.1,36653
3,7,16.133,36654
3,7,16.167,36655
3,7,16.2,36656
3,7,16.233,36657
3,7,16.267,36658
3,7,16.3,36659
3,7,16.333,36660
3,7,16.367,36661
3,7,16.4,36662
3,7,16.433,36663
3,7,16.467,36664
3,7,16.5,36665
3,7,16.533,36666
3,7,16.567,36667
3,7,16.6,36668
3,7,16.633,36669
3,7,16.667,36670
3,7,16.7,36671
3,7,16.733,36672
3,7,16.767,36673
3,7,16.8,36674
3,7,16.833,36675
3,7,16.867,36676
3,7,16.9,36677
3,7,16.933,36678
3,7,16.967,36679
3,7,17,36680
3,7,17.033,36681
3,7,17.067,36682
3,7,17.1,36683
3,7,17.133,36684
3,7,17.167,36685
3,7,17.2,36686
3,7,17.233,36687
3,7,17.267,36688
3,7,17.3,36689
3,7,17.333,36690
3,7,17.367,36691
3,7,17.4,36692
3,7,17.433,36693
3,7,17.467,36694
3,7,17.5,36695
3,7,17.533,36696
3,7,17.567,36697
3,7,17.6,36698
3,7,17.633,36699
3,7,17.667,36700
3,7,17.7,36701
3,7,17.733,36702
3,7,17.767,36703
3,7,17.8,36704
3,7,17.833,36705
3,7,17.867,36706
3,7,17.9,36707
3,7,17.933,36708
3,7,17.967,36709
3,7,18,36710
3,7,18.033,36711
3,7,18.067,36712
3,7,18.1,36713
3,7,18.133,36714
3,7,18.167,36715
3,7,18.2,36716
3,7,18.233,36717
3,7,18.267,36718
3,7,18.3,36719
3,7,18.333,36720
3,7,18.367,36721
3,7,18.4,36722
3,7,18.433,36723
3,7,18.467,36724
3,7,18.5,36725
3,7,18.533,36726
3,7,18.567,36727
3,7,18.6,36728
3,7,18.633,36729
3,7,18.667,36730
3,7,18.7,36731
3,7,18.733,36732
3,7,18.767,36733
3,7,18.8,36734
3,7,18.833,36735
3,7,18.867,36736
3,7,18.9,36737
3,7,18.933,36738
3,7,18.967,36739
3,7,19,36740
3,7,19.033,36741
3,7,19.067,36742
3,7,19.1,36743
3,7,19.133,36744
3,7,19.167,36745
3,7,19.2,36746
3,7,19.233,36747
3,7,19.267,36748
3,7,19.3,36749
3,7,19.333,36750
3,7,19.367,36751
3,7,19.4,36752
3,7,19.433,36753
3,7,19.467,36754
3,7,19.5,36755
3,7,19.533,36756
3,7,19.567,36757
3,7,19.6,36758
3,7,19.633,36759
3,7,19.667,36760
3,7,19.7,36761
3,7,19.733,36762
3,7,19.767,36763
3,7,19.8,36764
3,7,19.833,36765
3,7,19.867,36766
3,7,19.9,36767
3,7,19.933,36768
3,7,19.967,36769
3,7,20,36770
3,7,20.033,36771
3,7,20.067,36772
3,7,20.1,36773
3,7,20.133,36774
3,7,20.167,36775
3,7,20.2,36776
3,7,20.233,36777
3,7,20.267,36778
3,7,20.3,36779
3,7,20.333,36780
3,7,20.367,36781
3,7,20.4,36782
3,7,20.433,36783
3,7,20.467,36784
3,7,20.5,36785
3,7,20.533,36786
3,7,20.567,36787
3,7,20.6,36788
3,7,20.633,36789
3,7,20.667,36790
3,7,20.7,36791
3,7,20.733,36792
3,7,20.767,36793
3,7,20.8,36794
3,7,20.833,36795
3,7,20.867,36796
3,7,20.9,36797
3,7,20.933,36798
3,7,20.967,36799
3,7,21,36800
3,7,21.033,36801
3,7,21.067,36802
3,7,21.1,36803
3,7,21.133,36804
3,7,21.167,36805
3,7,21.2,36806
3,7,21.233,36807
3,7,21.267,36808
3,7,21.3,36809
3,7,21.333,36810
3,7,21.367,36811
3,7,21.4,36812
3,7,21.433,36813
3,7,21.467,36814
3,7,21.5,36815
3,7,21.533,36816
3,7,21.567,36817
3,7,21.6,36818
3,7,21.633,36819
3,7,21.667,36820
3,7,21.7,36821
3,7,21.733,36822
3,7,21.767,36823
3,7,21.8,36824
3,7,21.833,36825
3,7,21.867,36826
3,7,21.9,36827
3,7,21.933,36828
3,7,21.967,36829
3,7,22,36830
3,7,22.033,36831
3,7,22.067,36832
3,7,22.1,36833
3,7,22.133,36834
3,7,22.167,36835
3,7,22.2,36836
3,7,22.233,36837
3,7,22.267,36838
3,7,22.3,36839
3,7,22.333,36840
3,7,22.367,36841
3,7,22.4,36842
3,7,22.433,36843
3,7,22.467,36844
3,7,22.5,36845
3,7,22.533,36846
3,7,22.567,36847
3,7,22.6,36848
3,7,22.633,36849
3,7,22.667,36850
3,7,22.7,36851
3,7,22.733,36852
3,7,22.767,36853
3,7,22.8,36854
3,7,22.833,36855
3,7,22.867,36856
3,7,22.9,36857
3,7,22.933,36858
3,7,22.967,36859
3,7,23,36860
3,7,23.033,36861
3,7,23.067,36862
3,7,23.1,36863
3,7,23.133,36864
3,7,23.167,36865
3,7,23.2,36866
3,7,23.233,36867
3,7,23.267,36868
3,7,23.3,36869
3,7,23.333,36870
3,7,23.367,36871
3,7,23.4,36872
3,7,23.433,36873
3,7,23.467,36874
3,7,23.5,36875
3,7,23.533,36876
3,7,23.567,36877
3,7,23.6,36878
3,7,23.633,36879
3,7,23.667,36880
3,7,23.7,36881
3,7,23.733,36882
3,7,23.767,36883
3,7,23.8,36884
3,7,23.833,36885
3,7,23.867,36886
3,7,23.9,36887
3,7,23.933,36888
3,7,23.967,36889
3,7,24,36890
3,7,24.033,36891
3,7,24.067,36892
3,7,24.1,36893
3,7,24.133,36894
3,7,24.167,36895
3,7,24.2,36896
3,7,24.233,36897
3,7,24.267,36898
3,7,24.3,36899
3,7,24.333,36900
3,7,24.367,36901
3,7,24.4,36902
3,7,24.433,36903
3,7,24.467,36904
3,7,24.5,36905
3,7,24.533,36906
3,7,24.567,36907
3,7,24.6,36908
3,7,24.633,36909
3,7,24.667,36910
3,7,24.7,36911
3,7,24.733,36912
3,7,24.767,36913
3,7,24.8,36914
3,7,24.833,36915
3,7,24.867,36916
3,7,24.9,36917
3,7,24.933,36918
3,7,24.967,36919
3,7,25,36920
3,7,25.033,36921
3,7,25.067,36922
3,7,25.1,36923
3,7,25.133,36924
3,7,25.167,36925
3,7,25.2,36926
3,7,25.233,36927
3,7,25.267,36928
3,7,25.3,36929
3,7,25.333,36930
3,7,25.367,36931
3,7,25.4,36932
3,7,25.433,36933
3,7,25.467,36934
3,7,25.5,36935
3,7,25.533,36936
3,7,25.567,36937
3,7,25.6,36938
3,7,25.633,36939
3,7,25.667,36940
3,7,25.7,36941
3,7,25.733,36942
3,7,25.767,36943
3,7,25.8,36944
3,7,25.833,36945
3,7,25.867,36946
3,7,25.9,36947
3,7,25.933,36948
3,7,25.967,36949
3,7,26,36950
3,7,26.033,36951
3,7,26.067,36952
3,7,26.1,36953
3,7,26.133,36954
3,7,26.167,36955
3,7,26.2,36956
3,7,26.233,36957
3,7,26.267,36958
3,7,26.3,36959
3,7,26.333,36960
3,7,26.367,36961
3,7,26.4,36962
3,7,26.433,36963
3,7,26.467,36964
3,7,26.5,36965
3,7,26.533,36966
3,7,26.567,36967
3,7,26.6,36968
3,7,26.633,36969
3,7,26.667,36970
3,7,26.7,36971
3,7,26.733,36972
3,7,26.767,36973
3,7,26.8,36974
3,7,26.833,36975
3,7,26.867,36976
3,7,26.9,36977
3,7,26.933,36978
3,7,26.967,36979
3,7,27,36980
3,7,27.033,36981
3,7,27.067,36982
3,7,27.1,36983
3,7,27.133,36984
3,7,27.167,36985
3,7,27.2,36986
3,7,27.233,36987
3,7,27.267,36988
3,7,27.3,36989
3,7,27.333,36990
3,7,27.367,36991
3,7,27.4,36992
3,7,27.433,36993
3,7,27.467,36994
3,7,27.5,36995
3,7,27.533,36996
3,7,27.567,36997
3,7,27.6,36998
3,7,27.633,36999
3,7,27.667,37000
3,7,27.7,37001
3,7,27.733,37002
3,7,27.767,37003
3,7,27.8,37004
3,7,27.833,37005
3,7,27.867,37006
3,7,27.9,37007
3,7,27.933,37008
3,7,27.967,37009
3,7,28,37010
3,7,28.033,37011
3,7,28.067,37012
3,7,28.1,37013
3,7,28.133,37014
3,7,28.167,37015
3,7,28.2,37016
3,7,28.233,37017
3,7,28.267,37018
3,7,28.3,37019
3,7,28.333,37020
3,7,28.367,37021
3,7,28.4,37022
3,7,28.433,37023
3,7,28.467,37024
3,7,28.5,37025
3,7,28.533,37026
3,7,28.567,37027
3,7,28.6,37028
3,7,28.633,37029
3,7,28.667,37030
1,7,28.733,37031
1,7,28.767,37032
1,7,28.8,37033
1,7,28.833,37034
1,7,28.867,37035
1,7,28.9,37036
1,7,28.933,37037
1,7,28.967,37038
1,7,29,37039
1,7,29.033,37040
1,7,29.067,37041
1,7,29.1,37042
1,7,0,37043
1,7,0.033,37044
1,7,0.067,37045
1,7,0.1,37046
1,7,0.133,37047
1,7,0.167,37048
1,7,0.2,37049
1,7,0.233,37050
1,7,0.267,37051
1,7,0.3,37052
1,7,0.333,37053
1,7,0.367,37054
1,7,0.4,37055
1,7,0.433,37056
1,7,0.467,37057
1,7,0.5,37058
1,7,0.533,37059
1,7,0.567,37060
1,7,0.6,37061
1,7,0.633,37062
1,7,0.667,37063
1,7,0.7,37064
1,7,0.733,37065
1,7,0.767,37066
1,7,0.8,37067
1,7,0.833,37068
1,7,0.867,37069
1,7,0.9,37070
1,7,0.933,37071
1,7,0.967,37072
1,7,1,37073
1,7,1.033,37074
1,7,1.067,37075
1,7,1.1,37076
1,7,1.133,37077
1,7,1.167,37078
1,7,1.2,37079
1,7,1.233,37080
1,7,1.267,37081
1,7,1.3,37082
1,7,1.333,37083
1,7,1.367,37084
1,7,1.4,37085
1,7,1.433,37086
1,7,1.467,37087
1,7,1.5,37088
1,7,1.533,37089
1,7,1.567,37090
1,7,1.6,37091
1,7,1.633,37092
1,7,1.667,37093
1,7,1.7,37094
1,7,1.733,37095
1,7,1.767,37096
1,7,1.8,37097
1,7,1.833,37098
1,7,1.867,37099
1,7,1.9,37100
1,7,1.933,37101
1,7,1.967,37102
1,7,2,37103
1,7,2.033,37104
1,7,2.067,37105
1,7,2.1,37106
1,7,2.133,37107
1,7,2.167,37108
1,7,2.2,37109
1,7,2.233,37110
1,7,2.267,37111
1,7,2.3,37112
1,7,2.333,37113
1,7,2.367,37114
1,7,2.4,37115
1,7,2.433,37116
1,7,2.467,37117
1,7,2.5,37118
1,7,2.533,37119
1,7,2.567,37120
1,7,2.6,37121
1,7,2.633,37122
1,7,2.667,37123
1,7,2.7,37124
1,7,2.733,37125
1,7,2.767,37126
2,7,2.9,37127
2,7,2.933,37128
2,7,2.967,37129
2,7,3,37130
2,7,3.033,37131
2,7,3.067,37132
2,7,3.1,37133
2,7,3.133,37134
2,7,3.167,37135
2,7,3.2,37136
2,7,0,37137
2,7,0.033,37138
2,7,0.067,37139
2,7,0.1,37140
2,7,0.133,37141
2,7,0.167,37142
2,7,0.2,37143
2,7,0.233,37144
2,7,0.267,37145
2,7,0.3,37146
2,7,0.333,37147
2,7,0.367,37148
2,7,0.4,37149
2,7,0.433,37150
2,7,0.467,37151
2,7,0.5,37152
2,7,0.533,37153
2,7,0.567,37154
2,7,0.6,37155
2,7,0.633,37156
2,7,0.667,37157
2,7,0.7,37158
2,7,0.733,37159
2,7,0.767,37160
2,7,0.8,37161
2,7,0.833,37162
2,7,0.867,37163
2,7,0.9,37164
2,7,0.933,37165
2,7,0.967,37166
2,7,1,37167
2,7,1.033,37168
2,7,1.067,37169
2,7,1.1,37170
2,7,1.133,37171
2,7,1.167,37172
2,7,1.2,37173
2,7,1.233,37174
2,7,1.267,37175
2,7,1.3,37176
2,7,1.333,37177
2,7,1.367,37178
2,7,1.4,37179
2,7,1.433,37180
2,7,1.467,37181
2,7,1.5,37182
2,7,1.533,37183
2,7,1.567,37184
2,7,1.6,37185
2,7,1.633,37186
2,7,1.667,37187
2,7,1.7,37188
2,7,1.733,37189
2,7,1.767,37190
2,7,1.8,37191
2,7,1.833,37192
2,7,1.867,37193
2,7,1.9,37194
2,7,1.933,37195
2,7,1.967,37196
2,7,2,37197
2,7,2.033,37198
2,7,2.067,37199
2,7,2.1,37200
2,7,2.133,37201
2,7,2.167,37202
2,7,2.2,37203
2,7,2.233,37204
2,7,2.267,37205
2,7,2.3,37206
2,7,2.333,37207
2,7,2.367,37208
2,7,2.4,37209
2,7,2.433,37210
2,7,2.467,37211
2,7,2.5,37212
2,7,2.533,37213
2,7,2.567,37214
2,7,2.6,37215
2,7,2.633,37216
2,7,2.667,37217
2,7,2.7,37218
2,7,2.733,37219
2,7,2.767,37220
2,7,2.8,37221
2,7,2.833,37222
2,7,2.867,37223
2,7,2.9,37224
2,7,2.933,37225
2,7,2.967,37226
2,7,3,37227
2,7,3.033,37228
2,7,3.067,37229
2,7,3.1,37230
2,7,3.133,37231
2,7,3.167,37232
2,7,3.2,37233
2,7,3.233,37234
2,7,3.267,37235
2,7,3.3,37236
2,7,3.333,37237
2,7,3.367,37238
2,7,3.4,37239
2,7,3.433,37240
2,7,3.467,37241
2,7,3.5,37242
2,7,3.533,37243
2,7,3.567,37244
2,7,3.6,37245
2,7,3.633,37246
2,7,3.667,37247
2,7,3.7,37248
2,7,3.733,37249
2,7,3.767,37250
2,7,3.8,37251
2,7,3.833,37252
2,7,3.867,37253
2,7,3.9,37254
2,7,3.933,37255
2,7,3.967,37256
2,7,4,37257
1,7,4.067,37258
1,7,4.1,37259
1,7,4.133,37260
1,7,4.167,37261
1,7,4.2,37262
1,7,4.233,37263
1,7,4.267,37264
1,7,4.3,37265
1,7,4.333,37266
5,7,4.4,37267
5,7,4.433,37268
5,7,4.467,37269
5,7,4.5,37270
5,7,4.533,37271
5,7,0,37272
5,7,0.033,37273
5,7,0.067,37274
5,7,0.1,37275
5,7,0.133,37276
5,7,0.167,37277
5,7,0.2,37278
5,7,0.233,37279
5,7,0.267,37280
5,7,0.3,37281
5,7,0.333,37282
5,7,0.367,37283
5,7,0.4,37284
5,7,0.433,37285
5,7,0.467,37286
5,7,0.5,37287
5,7,0.533,37288
5,7,0.567,37289
5,7,0.6,37290
5,7,0.633,37291
5,7,0.667,37292
5,7,0.7,37293
5,7,0.733,37294
5,7,0.767,37295
5,7,0.8,37296
5,7,0.833,37297
5,7,0.867,37298
5,7,0.9,37299
5,7,0.933,37300
5,7,0.967,37301
5,7,1,37302
5,7,1.033,37303
5,7,1.067,37304
5,7,1.1,37305
5,7,1.133,37306
5,7,1.167,37307
5,7,1.2,37308
5,7,1.233,37309
5,7,1.267,37310
5,7,1.3,37311
5,7,1.333,37312
5,7,1.367,37313
5,7,1.4,37314
5,7,1.433,37315
5,7,1.467,37316
5,7,1.5,37317
5,7,1.533,37318
5,7,1.567,37319
5,7,1.6,37320
5,7,1.633,37321
5,7,1.667,37322
5,7,1.7,37323
5,7,1.733,37324
5,7,1.767,37325
5,7,1.8,37326
5,7,1.833,37327
5,7,1.867,37328
5,7,1.9,37329
5,7,1.933,37330
5,7,1.967,37331
5,7,2,37332
5,7,2.033,37333
5,7,2.067,37334
5,7,2.1,37335
5,7,2.133,37336
5,7,2.167,37337
5,7,2.2,37338
5,7,2.233,37339
5,7,2.267,37340
5,7,2.3,37341
5,7,2.333,37342
5,7,2.367,37343
5,7,2.4,37344
5,7,2.433,37345
5,7,2.467,37346
5,7,2.5,37347
5,7,2.533,37348
5,7,2.567,37349
5,7,2.6,37350
5,7,2.633,37351
5,7,2.667,37352
5,7,2.7,37353
5,7,2.733,37354
5,7,2.767,37355
5,7,2.8,37356
5,7,2.833,37357
5,7,2.867,37358
5,7,2.9,37359
5,7,2.933,37360
5,7,2.967,37361
5,7,3,37362
5,7,3.033,37363
5,7,3.067,37364
5,7,3.1,37365
5,7,3.133,37366
5,7,3.167,37367
5,7,3.2,37368
5,7,3.233,37369
5,7,3.267,37370
5,7,3.3,37371
5,7,3.333,37372
5,7,3.367,37373
5,7,3.4,37374
5,7,3.433,37375
5,7,3.467,37376
5,7,3.5,37377
5,7,3.533,37378
5,7,3.567,37379
5,7,3.6,37380
5,7,3.633,37381
5,7,3.667,37382
5,7,3.7,37383
5,7,3.733,37384
5,7,3.767,37385
5,7,3.8,37386
5,7,3.833,37387
5,7,3.867,37388
5,7,3.9,37389
5,7,3.933,37390
5,7,3.967,37391
5,7,4,37392
5,7,4.033,37393
5,7,4.067,37394
5,7,4.1,37395
5,7,4.133,37396
5,7,4.167,37397
5,7,4.2,37398
5,7,4.233,37399
5,7,4.267,37400
5,7,4.3,37401
5,7,4.333,37402
5,7,4.367,37403
5,7,4.4,37404
5,7,4.433,37405
5,7,4.467,37406
1,7,4.533,37407
1,7,4.567,37408
1,7,4.6,37409
1,7,4.633,37410
1,7,4.667,37411
1,7,4.7,37412
6,7,4.733,37413
6,7,4.767,37414
6,7,4.8,37415
6,7,4.833,37416
6,7,4.867,37417
6,7,4.9,37418
6,7,4.933,37419
6,7,4.967,37420
6,7,5,37421
6,7,0,37422
6,7,0.033,37423
6,7,0.067,37424
6,7,0.1,37425
6,7,0.133,37426
6,7,0.167,37427
6,7,0.2,37428
6,7,0.233,37429
6,7,0.267,37430
6,7,0.3,37431
6,7,0.333,37432
6,7,0.367,37433
6,7,0.4,37434
6,7,0.433,37435
6,7,0.467,37436
6,7,0.5,37437
6,7,0.533,37438
6,7,0.567,37439
6,7,0.6,37440
6,7,0.633,37441
6,7,0.667,37442
6,7,0.7,37443
6,7,0.733,37444
6,7,0.767,37445
6,7,0.8,37446
6,7,0.833,37447
6,7,0.867,37448
6,7,0.9,37449
6,7,0.933,37450
6,7,0.967,37451
2,7,1.133,37452
2,7,1.167,37453
2,7,1.2,37454
2,7,1.233,37455
2,7,1.267,37456
2,7,1.3,37457
2,7,1.333,37458
2,7,1.367,37459
2,7,1.4,37460
2,7,1.433,37461
2,7,1.467,37462
2,7,1.5,37463
2,7,1.533,37464
2,7,1.567,37465
2,7,1.6,37466
2,7,1.633,37467
2,7,1.667,37468
2,7,1.7,37469
2,7,1.733,37470
2,7,1.767,37471
2,7,1.8,37472
2,7,1.833,37473
2,7,1.867,37474
2,7,1.9,37475
2,7,1.933,37476
2,7,1.967,37477
2,7,2,37478
2,7,2.033,37479
2,7,2.067,37480
2,7,2.1,37481
2,7,2.133,37482
2,7,2.167,37483
2,7,2.2,37484
2,7,2.233,37485
2,7,2.267,37486
2,7,2.3,37487
2,7,2.333,37488
2,7,2.367,37489
2,7,2.4,37490
2,7,2.433,37491
2,7,2.467,37492
2,7,2.5,37493
2,7,2.533,37494
2,7,2.567,37495
2,7,2.6,37496
2,7,2.633,37497
2,7,2.667,37498
2,7,2.7,37499
2,7,2.733,37500
2,7,2.767,37501
2,7,2.8,37502
2,7,2.833,37503
2,7,2.867,37504
2,7,2.9,37505
2,7,2.933,37506
2,7,2.967,37507
2,7,3,37508
2,7,3.033,37509
2,7,3.067,37510
2,7,3.1,37511
2,7,3.133,37512
2,7,3.167,37513
2,7,3.2,37514
2,7,3.233,37515
2,7,3.267,37516
3,7,3.367,37517
3,7,3.4,37518
3,7,3.433,37519
3,7,3.467,37520
3,7,3.5,37521
3,7,3.533,37522
3,7,3.567,37523
3,7,3.6,37524
3,7,3.633,37525
3,7,3.667,37526
3,7,0,37527
3,7,0.033,37528
3,7,0.067,37529
3,7,0.1,37530
3,7,0.133,37531
3,7,0.167,37532
3,7,0.2,37533
3,7,0.233,37534
3,7,0.267,37535
3,7,0.3,37536
3,7,0.333,37537
3,7,0.367,37538
3,7,0.4,37539
3,7,0.433,37540
3,7,0.467,37541
3,7,0.5,37542
3,7,0.533,37543
3,7,0.567,37544
3,7,0.6,37545
3,7,0.633,37546
3,7,0.667,37547
3,7,0.7,37548
3,7,0.733,37549
3,7,0.767,37550
3,7,0.8,37551
3,7,0.833,37552
3,7,0.867,37553
3,7,0.9,37554
3,7,0.933,37555
3,7,0.967,37556
3,7,1,37557
3,7,1.033,37558
3,7,1.067,37559
3,7,1.1,37560
3,7,1.133,37561
3,7,1.167,37562
3,7,1.2,37563
3,7,1.233,37564
3,7,1.267,37565
3,7,1.3,37566
3,7,1.333,37567
3,7,1.367,37568
3,7,1.4,37569
3,7,1.433,37570
3,7,1.467,37571
3,7,1.5,37572
3,7,1.533,37573
3,7,1.567,37574
3,7,1.6,37575
3,7,1.633,37576
3,7,1.667,37577
3,7,1.7,37578
3,7,1.733,37579
3,7,1.767,37580
3,7,1.8,37581
3,7,1.833,37582
3,7,1.867,37583
3,7,1.9,37584
3,7,1.933,37585
3,7,1.967,37586
3,7,2,37587
3,7,2.033,37588
3,7,2.067,37589
3,7,2.1,37590
3,7,2.133,37591
3,7,2.167,37592
3,7,2.2,37593
3,7,2.233,37594
3,7,2.267,37595
3,7,2.3,37596
3,7,2.333,37597
3,7,2.367,37598
3,7,2.4,37599
3,7,2.433,37600
3,7,2.467,37601
3,7,2.5,37602
3,7,2.533,37603
3,7,2.567,37604
3,7,2.6,37605
3,7,2.633,37606
3,7,2.667,37607
3,7,2.7,37608
3,7,2.733,37609
3,7,2.767,37610
3,7,2.8,37611
3,7,2.833,37612
3,7,2.867,37613
3,7,2.9,37614
3,7,2.933,37615
3,7,2.967,37616
3,7,3,37617
3,7,3.033,37618
3,7,3.067,37619
3,7,3.1,37620
3,7,3.133,37621
3,7,3.167,37622
3,7,3.2,37623
3,7,3.233,37624
3,7,3.267,37625
3,7,3.3,37626
3,7,3.333,37627
3,7,3.367,37628
3,7,3.4,37629
3,7,3.433,37630
3,7,3.467,37631
4,7,3.533,37632
4,7,3.567,37633
4,7,3.6,37634
4,7,3.633,37635
4,7,3.667,37636
4,7,3.7,37637
4,7,3.733,37638
4,7,3.767,37639
4,7,3.8,37640
4,7,3.833,37641
4,7,3.867,37642
4,7,3.9,37643
4,7,3.933,37644
4,7,3.967,37645
4,7,4,37646
4,7,4.033,37647
4,7,4.067,37648
4,7,4.1,37649
4,7,0,37650
4,7,0.033,37651
4,7,0.067,37652
4,7,0.1,37653
4,7,0.133,37654
4,7,0.167,37655
4,7,0.2,37656
4,7,0.233,37657
4,7,0.267,37658
4,7,0.3,37659
4,7,0.333,37660
4,7,0.367,37661
4,7,0.4,37662
4,7,0.433,37663
4,7,0.467,37664
4,7,0.5,37665
4,7,0.533,37666
4,7,0.567,37667
4,7,0.6,37668
4,7,0.633,37669
4,7,0.667,37670
4,7,0.7,37671
4,7,0.733,37672
4,7,0.767,37673
4,7,0.8,37674
4,7,0.833,37675
4,7,0.867,37676
4,7,0.9,37677
4,7,0.933,37678
4,7,0.967,37679
4,7,1,37680
4,7,1.033,37681
4,7,1.067,37682
3,7,1.1,37683
3,7,1.133,37684
3,7,1.167,37685
3,7,1.2,37686
3,7,1.233,37687
3,7,1.267,37688
6,8,1.933,37689
6,8,1.967,37690
6,8,2,37691
6,8,2.033,37692
6,8,2.067,37693
6,8,2.1,37694
6,8,2.133,37695
6,8,2.167,37696
6,8,2.2,37697
6,8,2.233,37698
6,8,2.267,37699
6,8,2.3,37700
6,8,2.333,37701
6,8,2.367,37702
6,8,2.4,37703
6,8,2.433,37704
6,8,2.467,37705
6,8,2.5,37706
6,8,2.533,37707
6,8,2.567,37708
6,8,2.6,37709
6,8,2.633,37710
6,8,2.667,37711
6,8,2.7,37712
6,8,2.733,37713
6,8,2.767,37714
6,8,2.8,37715
6,8,3.1,37716
6,8,3.133,37717
1,8,7.467,37718
1,8,7.5,37719
1,8,7.533,37720
6,8,7.567,37721
6,8,7.6,37722
6,8,7.633,37723
6,8,7.667,37724
6,8,7.7,37725
6,8,7.733,37726
6,8,7.767,37727
6,8,7.8,37728
6,8,7.833,37729
6,8,7.867,37730
6,8,7.9,37731
6,8,7.933,37732
6,8,7.967,37733
6,8,8,37734
6,8,8.033,37735
6,8,8.067,37736
6,8,8.1,37737
6,8,8.133,37738
6,8,8.167,37739
6,8,8.2,37740
6,8,8.233,37741
6,8,8.267,37742
6,8,8.3,37743
6,8,8.333,37744
6,8,8.367,37745
6,8,8.4,37746
6,8,8.433,37747
6,8,8.467,37748
6,8,8.5,37749
6,8,8.533,37750
6,8,8.567,37751
6,8,8.6,37752
6,8,8.633,37753
6,8,8.667,37754
6,8,8.7,37755
6,8,8.733,37756
6,8,8.767,37757
6,8,0,37758
6,8,0.033,37759
6,8,0.067,37760
6,8,0.1,37761
6,8,0.133,37762
6,8,0.167,37763
6,8,0.2,37764
6,8,0.233,37765
6,8,0.267,37766
6,8,0.3,37767
6,8,0.333,37768
6,8,0.367,37769
6,8,0.4,37770
6,8,0.433,37771
6,8,0.467,37772
6,8,0.5,37773
6,8,0.533,37774
6,8,0.567,37775
6,8,0.6,37776
6,8,0.633,37777
6,8,0.667,37778
6,8,0.7,37779
6,8,0.733,37780
6,8,0.767,37781
6,8,0.8,37782
6,8,0.833,37783
6,8,0.867,37784
6,8,0.9,37785
6,8,0.933,37786
6,8,0.967,37787
6,8,1,37788
6,8,1.033,37789
6,8,1.067,37790
6,8,1.1,37791
6,8,1.133,37792
6,8,1.167,37793
6,8,1.2,37794
3,8,1.433,37795
3,8,1.467,37796
3,8,1.5,37797
3,8,1.533,37798
3,8,1.567,37799
3,8,1.6,37800
3,8,10.033,37801
3,8,10.067,37802
4,8,10.133,37803
4,8,10.167,37804
4,8,10.2,37805
4,8,10.233,37806
4,8,10.267,37807
4,8,10.3,37808
4,8,10.333,37809
4,8,10.367,37810
4,8,10.4,37811
4,8,10.433,37812
4,8,10.467,37813
4,8,10.5,37814
4,8,10.533,37815
4,8,10.567,37816
4,8,10.6,37817
4,8,10.633,37818
4,8,10.667,37819
4,8,10.7,37820
4,8,10.733,37821
4,8,10.767,37822
4,8,10.8,37823
4,8,10.833,37824
4,8,10.867,37825
4,8,10.9,37826
4,8,10.933,37827
4,8,10.967,37828
4,8,11,37829
4,8,11.033,37830
4,8,11.067,37831
4,8,11.1,37832
4,8,11.133,37833
4,8,11.167,37834
4,8,11.2,37835
4,8,11.233,37836
4,8,11.267,37837
4,8,11.3,37838
4,8,11.333,37839
4,8,11.367,37840
4,8,11.4,37841
4,8,11.433,37842
4,8,11.467,37843
4,8,11.5,37844
4,8,11.533,37845
4,8,11.567,37846
4,8,11.6,37847
4,8,11.633,37848
4,8,11.667,37849
4,8,11.7,37850
4,8,11.733,37851
4,8,11.767,37852
4,8,11.8,37853
4,8,11.833,37854
4,8,11.867,37855
4,8,11.9,37856
4,8,11.933,37857
4,8,11.967,37858
4,8,12,37859
4,8,12.033,37860
4,8,12.067,37861
4,8,12.1,37862
4,8,12.133,37863
4,8,12.167,37864
4,8,12.2,37865
4,8,12.233,37866
4,8,12.267,37867
4,8,12.3,37868
4,8,0,37869
4,8,0.033,37870
4,8,0.067,37871
4,8,0.1,37872
4,8,0.133,37873
4,8,0.167,37874
4,8,0.2,37875
4,8,0.233,37876
4,8,0.267,37877
4,8,0.3,37878
4,8,0.333,37879
4,8,0.367,37880
4,8,0.4,37881
4,8,0.433,37882
4,8,0.467,37883
4,8,0.5,37884
4,8,0.533,37885
4,8,0.567,37886
4,8,0.6,37887
4,8,0.633,37888
4,8,0.667,37889
4,8,0.7,37890
4,8,0.733,37891
4,8,0.767,37892
3,8,0.8,37893
5,8,0.9,37894
1,8,25.833,37895
1,8,25.867,37896
5,8,25.9,37897
5,8,25.933,37898
5,8,25.967,37899
5,8,26,37900
5,8,26.033,37901
5,8,26.067,37902
5,8,26.1,37903
5,8,26.133,37904
5,8,26.167,37905
5,8,26.2,37906
1,8,26.233,37907
1,8,26.467,37908
1,8,26.5,37909
1,8,26.533,37910
1,8,26.567,37911
1,8,26.6,37912
1,8,26.633,37913
1,8,26.667,37914
1,8,26.7,37915
1,8,26.733,37916
1,8,26.767,37917
1,8,26.8,37918
1,8,26.833,37919
1,8,26.867,37920
1,8,26.9,37921
1,8,26.933,37922
1,8,26.967,37923
1,8,27,37924
1,8,27.033,37925
1,8,27.067,37926
1,8,27.1,37927
1,8,27.133,37928
1,8,27.167,37929
1,8,0,37930
1,8,0.033,37931
1,8,0.067,37932
1,8,0.1,37933
1,8,0.133,37934
1,8,0.167,37935
1,8,0.2,37936
1,8,0.233,37937
1,8,0.267,37938
1,8,0.3,37939
1,8,0.333,37940
1,8,0.367,37941
1,8,0.4,37942
1,8,0.433,37943
1,8,0.467,37944
1,8,0.5,37945
1,8,0.533,37946
1,8,0.567,37947
1,8,0.6,37948
1,8,0.633,37949
1,8,0.667,37950
1,8,0.7,37951
1,8,0.733,37952
1,8,0.767,37953
1,8,1.833,37954
1,8,1.867,37955
1,8,1.9,37956
1,8,1.933,37957
1,8,1.967,37958
1,8,2,37959
1,8,2.033,37960
1,8,2.067,37961
1,8,2.1,37962
1,8,2.133,37963
1,8,2.167,37964
1,8,2.2,37965
1,8,2.233,37966
1,8,2.267,37967
1,8,2.3,37968
1,8,2.333,37969
1,8,2.367,37970
1,8,2.4,37971
1,8,2.433,37972
1,8,2.467,37973
1,8,2.5,37974
1,8,2.533,37975
1,8,2.567,37976
1,8,2.6,37977
1,8,2.633,37978
1,8,2.667,37979
1,8,2.7,37980
5,8,6.2,37981
5,8,6.233,37982
5,8,6.267,37983
5,8,6.3,37984
5,8,6.333,37985
5,8,6.367,37986
5,8,6.4,37987
5,8,6.433,37988
5,8,6.467,37989
5,8,6.5,37990
5,8,0,37991
5,8,0.033,37992
5,8,0.067,37993
5,8,0.1,37994
5,8,0.133,37995
5,8,0.167,37996
5,8,0.2,37997
5,8,0.233,37998
5,8,0.267,37999
5,8,0.3,38000
5,8,0.333,38001
5,8,0.367,38002
5,8,0.4,38003
5,8,0.433,38004
5,8,0.467,38005
5,8,0.5,38006
5,8,0.533,38007
5,8,0.567,38008
5,8,0.6,38009
5,8,0.633,38010
5,8,0.667,38011
5,8,0.7,38012
5,8,0.733,38013
5,8,0.767,38014
5,8,0.8,38015
5,8,0.833,38016
5,8,0.867,38017
5,8,0.9,38018
5,8,0.933,38019
5,8,0.967,38020
5,8,1,38021
5,8,1.033,38022
5,8,1.067,38023
5,8,1.1,38024
5,8,1.133,38025
5,8,1.167,38026
5,8,1.2,38027
5,8,1.233,38028
5,8,1.267,38029
5,8,1.3,38030
5,8,1.333,38031
5,8,1.367,38032
5,8,1.4,38033
5,8,1.433,38034
5,8,1.467,38035
5,8,1.5,38036
5,8,1.533,38037
5,8,1.567,38038
5,8,1.6,38039
5,8,1.633,38040
5,8,1.667,38041
5,8,1.7,38042
5,8,1.733,38043
5,8,1.767,38044
5,8,1.8,38045
5,8,1.833,38046
5,8,1.867,38047
5,8,1.9,38048
5,8,1.933,38049
5,8,1.967,38050
5,8,2,38051
5,8,2.033,38052
5,8,2.067,38053
5,8,2.1,38054
5,8,2.133,38055
5,8,2.167,38056
5,8,2.2,38057
5,8,2.233,38058
5,8,2.267,38059
5,8,2.3,38060
5,8,2.333,38061
5,8,2.367,38062
5,8,2.4,38063
5,8,2.433,38064
5,8,2.467,38065
5,8,2.5,38066
5,8,2.533,38067
5,8,2.567,38068
5,8,2.6,38069
5,8,2.633,38070
5,8,2.667,38071
5,8,2.7,38072
5,8,2.733,38073
5,8,2.767,38074
5,8,2.8,38075
5,8,2.833,38076
5,8,2.867,38077
5,8,2.9,38078
5,8,2.933,38079
5,8,2.967,38080
5,8,3,38081
1,8,3.067,38082
1,8,3.1,38083
1,8,3.133,38084
1,8,3.3,38085
1,8,3.333,38086
1,8,3.367,38087
1,8,3.4,38088
1,8,3.433,38089
1,8,3.467,38090
1,8,3.5,38091
1,8,3.533,38092
1,8,3.567,38093
1,8,3.6,38094
1,8,3.633,38095
1,8,3.667,38096
3,8,3.9,38097
3,8,3.933,38098
3,8,3.967,38099
3,8,4,38100
3,8,4.033,38101
3,8,4.067,38102
3,8,4.1,38103
3,8,4.133,38104
3,8,4.167,38105
3,8,4.2,38106
3,8,4.233,38107
3,8,4.267,38108
3,8,4.3,38109
2,8,7.2,38110
2,8,7.233,38111
2,8,7.267,38112
2,8,7.3,38113
2,8,7.333,38114
2,8,7.367,38115
2,8,7.4,38116
2,8,7.433,38117
2,8,7.467,38118
2,8,7.5,38119
2,8,7.533,38120
2,8,7.567,38121
2,8,7.6,38122
2,8,7.633,38123
2,8,7.667,38124
2,8,7.7,38125
2,8,7.733,38126
2,8,7.767,38127
2,8,7.8,38128
2,8,7.833,38129
2,8,7.867,38130
2,8,7.9,38131
2,8,7.933,38132
2,8,7.967,38133
2,8,8,38134
2,8,8.033,38135
2,8,8.067,38136
2,8,8.1,38137
2,8,8.133,38138
2,8,8.167,38139
2,8,8.2,38140
2,8,8.233,38141
2,8,8.267,38142
2,8,8.3,38143
2,8,0,38144
2,8,0.033,38145
2,8,0.067,38146
2,8,0.1,38147
2,8,0.133,38148
2,8,0.167,38149
2,8,0.2,38150
2,8,0.233,38151
2,8,0.267,38152
2,8,0.3,38153
2,8,0.333,38154
2,8,0.367,38155
2,8,0.4,38156
3,8,0.433,38157
4,8,0.467,38158
4,8,0.5,38159
4,8,0.533,38160
4,8,0.567,38161
4,8,0.6,38162
4,8,0.633,38163
4,8,0.667,38164
2,8,0.7,38165
2,8,0.733,38166
2,8,0.767,38167
2,8,0.8,38168
2,8,0.833,38169
2,8,0.867,38170
2,8,0.9,38171
2,8,0.933,38172
3,8,1,38173
3,8,1.033,38174
3,8,1.067,38175
3,8,1.1,38176
3,8,1.133,38177
3,8,1.167,38178
3,8,1.2,38179
3,8,1.233,38180
3,8,1.267,38181
3,8,1.3,38182
3,8,1.333,38183
3,8,1.367,38184
3,8,1.4,38185
3,8,1.433,38186
3,8,1.467,38187
3,8,1.5,38188
3,8,1.533,38189
3,8,1.567,38190
3,8,0,38191
3,8,0.033,38192
3,8,0.067,38193
3,8,0.1,38194
3,8,0.133,38195
3,8,0.167,38196
3,8,0.2,38197
3,8,0.233,38198
3,8,0.267,38199
3,8,0.3,38200
3,8,0.333,38201
3,8,0.367,38202
3,8,0.4,38203
3,8,0.433,38204
3,8,0.467,38205
3,8,0.5,38206
3,8,0.533,38207
3,8,0.567,38208
3,8,0.6,38209
3,8,0.633,38210
3,8,0.667,38211
3,8,0.7,38212
1,8,0.767,38213
1,8,0.8,38214
1,8,0.833,38215
1,8,0.867,38216
1,8,0.9,38217
1,8,0.933,38218
1,8,0.967,38219
1,8,1,38220
1,8,1.033,38221
1,8,1.067,38222
1,8,1.1,38223
1,8,1.133,38224
1,8,1.167,38225
1,8,1.2,38226
1,8,1.233,38227
1,8,1.267,38228
1,8,1.3,38229
1,8,1.333,38230
1,8,1.367,38231
1,8,1.4,38232
1,8,1.433,38233
1,8,1.467,38234
1,8,1.5,38235
1,8,1.533,38236
1,8,1.567,38237
1,8,1.6,38238
1,8,1.633,38239
1,8,1.667,38240
1,8,1.7,38241
1,8,1.733,38242
3,8,2.133,38243
3,8,2.167,38244
3,8,2.2,38245
3,8,2.233,38246
3,8,2.267,38247
3,8,2.3,38248
3,8,2.333,38249
3,8,2.367,38250
3,8,2.4,38251
3,8,2.433,38252
3,8,2.467,38253
3,8,2.5,38254
3,8,2.533,38255
3,8,2.567,38256
3,8,2.6,38257
3,8,2.633,38258
3,8,2.667,38259
3,8,2.7,38260
3,8,2.733,38261
3,8,2.767,38262
3,8,2.8,38263
3,8,2.833,38264
3,8,2.867,38265
3,8,2.9,38266
3,8,2.933,38267
3,8,2.967,38268
3,8,3,38269
3,8,3.033,38270
3,8,3.067,38271
3,8,3.1,38272
3,8,3.133,38273
3,8,3.167,38274
3,8,3.2,38275
3,8,3.233,38276
3,8,3.267,38277
3,8,3.3,38278
3,8,3.333,38279
3,8,3.367,38280
3,8,3.4,38281
3,8,3.433,38282
3,8,3.467,38283
3,8,3.5,38284
3,8,3.533,38285
3,8,3.567,38286
3,8,3.6,38287
3,8,3.633,38288
3,8,3.667,38289
3,8,3.7,38290
3,8,3.733,38291
3,8,3.767,38292
3,8,3.8,38293
3,8,3.833,38294
3,8,3.867,38295
3,8,3.9,38296
3,8,3.933,38297
3,8,3.967,38298
3,8,4,38299
3,8,4.033,38300
3,8,4.067,38301
3,8,4.1,38302
3,8,4.133,38303
3,8,4.167,38304
3,8,4.2,38305
3,8,4.233,38306
3,8,4.267,38307
3,8,4.3,38308
3,8,4.333,38309
3,8,4.367,38310
3,8,4.4,38311
3,8,4.433,38312
3,8,4.467,38313
3,8,4.5,38314
1,8,4.567,38315
1,8,4.6,38316
1,8,4.633,38317
1,8,4.667,38318
1,8,4.7,38319
1,8,4.733,38320
1,8,4.767,38321
1,8,4.8,38322
1,8,4.833,38323
1,8,4.867,38324
1,8,4.9,38325
1,8,4.933,38326
1,8,4.967,38327
1,8,5,38328
1,8,5.033,38329
1,8,5.067,38330
1,8,5.1,38331
1,8,5.133,38332
1,8,5.167,38333
1,8,5.2,38334
1,8,5.233,38335
1,8,5.267,38336
1,8,5.3,38337
1,8,5.333,38338
1,8,5.367,38339
1,8,5.4,38340
1,8,5.433,38341
1,8,5.467,38342
1,8,5.5,38343
1,8,5.533,38344
1,8,5.567,38345
1,8,5.6,38346
1,8,5.633,38347
1,8,5.667,38348
1,8,5.7,38349
1,8,5.733,38350
1,8,5.767,38351
1,8,5.8,38352
1,8,5.833,38353
1,8,5.867,38354
1,8,5.9,38355
1,8,5.933,38356
1,8,5.967,38357
1,8,6,38358
1,8,6.033,38359
1,8,6.067,38360
1,8,6.1,38361
1,8,6.133,38362
1,8,6.167,38363
1,8,6.2,38364
1,8,6.233,38365
1,8,6.267,38366
1,8,6.3,38367
1,8,6.333,38368
1,8,6.367,38369
1,8,6.4,38370
1,8,6.433,38371
1,8,6.467,38372
1,8,6.5,38373
1,8,6.533,38374
6,9,7,38375
6,9,7.033,38376
6,9,7.067,38377
6,9,7.1,38378
6,9,7.133,38379
6,9,7.167,38380
6,9,7.2,38381
6,9,7.233,38382
6,9,7.267,38383
6,9,7.3,38384
6,9,7.333,38385
6,9,7.367,38386
6,9,7.4,38387
6,9,7.433,38388
6,9,7.467,38389
6,9,7.5,38390
6,9,7.533,38391
6,9,7.567,38392
6,9,7.6,38393
6,9,7.633,38394
6,9,7.667,38395
6,9,7.7,38396
6,9,7.733,38397
6,9,7.767,38398
6,9,7.8,38399
6,9,7.833,38400
6,9,7.867,38401
6,9,7.9,38402
6,9,7.933,38403
6,9,7.967,38404
6,9,8,38405
6,9,8.033,38406
6,9,8.067,38407
6,9,8.1,38408
6,9,8.133,38409
6,9,8.167,38410
6,9,8.2,38411
6,9,8.233,38412
6,9,8.267,38413
6,9,8.3,38414
6,9,8.333,38415
6,9,8.367,38416
6,9,8.4,38417
6,9,8.433,38418
6,9,8.467,38419
6,9,8.5,38420
6,9,8.533,38421
6,9,8.567,38422
6,9,8.6,38423
6,9,8.633,38424
6,9,8.667,38425
6,9,8.7,38426
6,9,8.733,38427
6,9,8.767,38428
6,9,8.8,38429
6,9,8.833,38430
6,9,8.867,38431
1,9,10.167,38432
1,9,10.2,38433
1,9,10.233,38434
1,9,10.267,38435
1,9,10.3,38436
1,9,10.333,38437
3,9,10.367,38438
3,9,10.4,38439
3,9,10.433,38440
3,9,10.467,38441
3,9,10.5,38442
3,9,10.533,38443
3,9,10.567,38444
3,9,10.6,38445
3,9,10.633,38446
3,9,10.667,38447
3,9,10.7,38448
3,9,10.733,38449
3,9,10.767,38450
1,9,10.867,38451
1,9,10.9,38452
1,9,10.933,38453
1,9,10.967,38454
1,9,11,38455
1,9,11.033,38456
1,9,11.067,38457
1,9,11.1,38458
1,9,11.133,38459
1,9,11.167,38460
1,9,11.2,38461
2,9,11.267,38462
2,9,11.3,38463
2,9,11.333,38464
2,9,11.367,38465
2,9,11.4,38466
2,9,11.433,38467
2,9,11.467,38468
2,9,11.5,38469
2,9,11.533,38470
2,9,11.567,38471
2,9,11.6,38472
2,9,11.633,38473
2,9,11.667,38474
2,9,11.7,38475
2,9,11.733,38476
2,9,11.767,38477
2,9,11.8,38478
2,9,11.833,38479
2,9,11.867,38480
2,9,11.9,38481
2,9,11.933,38482
2,9,11.967,38483
2,9,12,38484
2,9,12.033,38485
2,9,12.067,38486
2,9,12.1,38487
1,9,12.133,38488
1,9,12.167,38489
3,9,12.233,38490
3,9,12.267,38491
3,9,12.3,38492
3,9,12.333,38493
3,9,12.367,38494
3,9,12.4,38495
3,9,12.433,38496
3,9,12.467,38497
3,9,12.5,38498
3,9,12.533,38499
3,9,12.567,38500
3,9,12.6,38501
3,9,12.633,38502
3,9,12.667,38503
3,9,12.7,38504
3,9,12.733,38505
3,9,12.767,38506
3,9,12.8,38507
3,9,12.833,38508
3,9,12.867,38509
3,9,12.9,38510
3,9,12.933,38511
1,9,12.967,38512
1,9,13,38513
1,9,13.033,38514
1,9,13.067,38515
1,9,13.1,38516
1,9,13.133,38517
1,9,13.167,38518
1,9,13.2,38519
1,9,13.233,38520
2,9,13.3,38521
2,9,13.333,38522
2,9,13.367,38523
2,9,13.4,38524
2,9,13.433,38525
2,9,13.467,38526
2,9,13.5,38527
2,9,13.533,38528
2,9,13.567,38529
2,9,13.6,38530
2,9,13.633,38531
2,9,13.667,38532
2,9,13.7,38533
2,9,13.733,38534
2,9,13.767,38535
1,9,13.8,38536
1,9,13.833,38537
1,9,13.867,38538
1,9,13.9,38539
1,9,13.933,38540
1,9,13.967,38541
1,9,14,38542
1,9,14.033,38543
1,9,14.067,38544
1,9,14.1,38545
1,9,14.133,38546
2,9,14.567,38547
2,9,14.6,38548
2,9,14.633,38549
2,9,14.667,38550
2,9,14.7,38551
2,9,14.733,38552
2,9,14.767,38553
2,9,14.8,38554
2,9,14.833,38555
2,9,14.867,38556
1,9,14.9,38557
1,9,14.933,38558
1,9,14.967,38559
1,9,15,38560
1,9,15.033,38561
1,9,15.067,38562
1,9,15.1,38563
1,9,15.133,38564
1,9,15.167,38565
1,9,15.2,38566
1,9,15.233,38567
1,9,15.267,38568
2,9,15.3,38569
2,9,15.333,38570
2,9,15.367,38571
2,9,15.4,38572
2,9,15.433,38573
2,9,15.467,38574
2,9,15.5,38575
2,9,15.533,38576
2,9,15.567,38577
2,9,15.6,38578
2,9,15.633,38579
2,9,15.667,38580
2,9,15.7,38581
2,9,15.733,38582
2,9,15.767,38583
1,9,15.833,38584
1,9,15.867,38585
1,9,15.9,38586
1,9,15.933,38587
1,9,15.967,38588
1,9,16,38589
1,9,16.033,38590
1,9,16.067,38591
1,9,16.1,38592
1,9,16.133,38593
1,9,16.167,38594
1,9,16.2,38595
1,9,16.233,38596
1,9,16.267,38597
1,9,16.3,38598
1,9,16.333,38599
1,9,16.367,38600
1,9,16.4,38601
1,9,16.433,38602
1,9,16.467,38603
1,9,16.5,38604
1,9,16.533,38605
1,9,16.567,38606
1,9,16.6,38607
1,9,16.633,38608
1,9,16.667,38609
1,9,16.7,38610
1,9,16.733,38611
1,9,16.767,38612
1,9,16.8,38613
1,9,16.833,38614
1,9,16.867,38615
1,9,16.9,38616
1,9,16.933,38617
1,9,16.967,38618
1,9,17,38619
1,9,17.033,38620
1,9,17.067,38621
1,9,17.1,38622
1,9,17.133,38623
1,9,17.167,38624
1,9,17.2,38625
1,9,17.233,38626
1,9,17.267,38627
1,9,17.3,38628
1,9,17.333,38629
1,9,17.367,38630
1,9,17.4,38631
1,9,17.433,38632
1,9,17.467,38633
1,9,17.5,38634
1,9,17.533,38635
1,9,17.567,38636
1,9,17.6,38637
1,9,17.633,38638
1,9,17.667,38639
1,9,17.7,38640
1,9,17.733,38641
1,9,17.767,38642
1,9,17.8,38643
1,9,17.833,38644
2,9,18.7,38645
2,9,18.733,38646
2,9,18.767,38647
2,9,18.8,38648
2,9,18.833,38649
2,9,18.867,38650
2,9,18.9,38651
2,9,18.933,38652
2,9,18.967,38653
2,9,19,38654
2,9,19.033,38655
1,9,19.067,38656
1,9,19.1,38657
1,9,19.133,38658
1,9,19.167,38659
1,9,19.2,38660
1,9,19.233,38661
1,9,19.267,38662
1,9,19.3,38663
1,9,19.333,38664
1,9,19.367,38665
1,9,19.4,38666
1,9,19.433,38667
1,9,19.467,38668
1,9,19.5,38669
1,9,19.533,38670
1,9,19.567,38671
1,9,19.6,38672
1,9,19.633,38673
1,9,19.667,38674
1,9,19.7,38675
1,9,19.733,38676
1,9,19.767,38677
1,9,19.8,38678
1,9,19.833,38679
1,9,19.867,38680
1,9,19.9,38681
2,9,19.933,38682
2,9,19.967,38683
2,9,20,38684
2,9,20.033,38685
2,9,20.067,38686
2,9,20.1,38687
2,9,20.133,38688
2,9,20.167,38689
2,9,20.2,38690
2,9,20.233,38691
2,9,20.267,38692
2,9,20.3,38693
2,9,20.333,38694
2,9,20.367,38695
2,9,20.4,38696
2,9,20.433,38697
2,9,20.467,38698
2,9,20.5,38699
2,9,20.533,38700
1,9,20.6,38701
1,9,20.633,38702
1,9,20.667,38703
1,9,20.7,38704
1,9,20.733,38705
1,9,20.767,38706
1,9,20.8,38707
1,9,20.833,38708
1,9,20.867,38709
1,9,20.9,38710
1,9,20.933,38711
1,9,20.967,38712
1,9,21,38713
1,9,21.033,38714
1,9,21.067,38715
1,9,21.1,38716
1,9,21.133,38717
1,9,21.167,38718
1,9,21.2,38719
1,9,21.233,38720
1,9,21.267,38721
1,9,21.3,38722
1,9,21.333,38723
1,9,21.367,38724
1,9,21.4,38725
1,9,21.433,38726
1,9,21.467,38727
1,9,21.5,38728
1,9,21.533,38729
1,9,21.567,38730
1,9,21.6,38731
1,9,21.633,38732
1,9,21.667,38733
1,9,21.7,38734
1,9,21.733,38735
1,9,21.767,38736
1,9,21.8,38737
1,9,21.833,38738
1,9,21.867,38739
1,9,21.9,38740
1,9,21.933,38741
1,9,21.967,38742
1,9,22,38743
1,9,22.033,38744
1,9,22.067,38745
1,9,22.1,38746
1,9,22.133,38747
1,9,22.167,38748
1,9,22.2,38749
1,9,22.233,38750
1,9,22.267,38751
1,9,22.3,38752
1,9,22.333,38753
1,9,22.367,38754
1,9,22.4,38755
1,9,22.433,38756
1,9,22.467,38757
1,9,22.5,38758
1,9,22.533,38759
1,9,22.567,38760
1,9,22.6,38761
1,9,22.633,38762
1,9,22.667,38763
1,9,22.7,38764
1,9,22.733,38765
1,9,22.767,38766
1,9,22.8,38767
1,9,22.833,38768
1,9,22.867,38769
1,9,22.9,38770
1,9,22.933,38771
1,9,22.967,38772
1,9,23,38773
1,9,23.033,38774
1,9,23.067,38775
1,9,23.1,38776
1,9,23.133,38777
1,9,23.167,38778
1,9,23.2,38779
1,9,23.233,38780
1,9,23.267,38781
1,9,23.3,38782
1,9,23.333,38783
1,9,23.367,38784
1,9,23.4,38785
1,9,23.433,38786
1,9,23.467,38787
1,9,23.5,38788
1,9,23.533,38789
1,9,23.567,38790
1,9,23.6,38791
1,9,23.633,38792
1,9,23.667,38793
1,9,23.7,38794
2,9,23.767,38795
2,9,23.8,38796
2,9,23.833,38797
2,9,23.867,38798
2,9,23.9,38799
2,9,23.933,38800
2,9,23.967,38801
2,9,24,38802
2,9,0,38803
2,9,0.033,38804
2,9,0.067,38805
2,9,0.1,38806
2,9,0.133,38807
2,9,0.167,38808
2,9,0.2,38809
2,9,0.233,38810
2,9,0.267,38811
2,9,0.3,38812
2,9,0.333,38813
2,9,0.367,38814
1,9,0.4,38815
1,9,0.433,38816
1,9,0.467,38817
1,9,0.5,38818
1,9,0.533,38819
1,9,0.567,38820
1,9,0.6,38821
1,9,0.633,38822
1,9,0.667,38823
1,9,4.1,38824
1,9,4.133,38825
1,9,4.167,38826
1,9,4.2,38827
1,9,4.233,38828
1,9,4.267,38829
1,9,4.3,38830
1,9,0,38831
1,9,0.033,38832
1,9,0.067,38833
1,9,0.1,38834
1,9,0.133,38835
1,9,0.167,38836
1,9,0.2,38837
1,9,0.233,38838
1,9,0.267,38839
1,9,0.3,38840
1,9,0.333,38841
1,9,0.367,38842
1,9,0.4,38843
1,9,0.433,38844
1,9,0.467,38845
1,9,0.5,38846
1,9,0.533,38847
1,9,0.567,38848
1,9,0.6,38849
1,9,0.633,38850
1,9,0.667,38851
1,9,0.7,38852
1,9,0.733,38853
1,9,0.767,38854
1,9,0.8,38855
1,9,0.833,38856
1,9,0.867,38857
6,9,4.667,38858
6,9,4.7,38859
6,9,4.733,38860
6,9,4.767,38861
6,9,4.8,38862
6,9,4.833,38863
6,9,4.867,38864
6,9,4.9,38865
6,9,4.933,38866
6,9,4.967,38867
6,9,5,38868
6,9,5.033,38869
6,9,5.067,38870
6,9,5.1,38871
6,9,5.133,38872
6,9,5.167,38873
6,9,5.2,38874
6,9,0,38875
6,9,0.033,38876
6,9,0.067,38877
6,9,0.1,38878
6,9,0.133,38879
6,9,0.167,38880
6,9,0.2,38881
6,9,0.233,38882
6,9,0.267,38883
6,9,0.3,38884
6,9,0.333,38885
4,9,0.833,38886
4,9,0.867,38887
4,9,0.9,38888
4,9,0.933,38889
4,9,0.967,38890
4,9,1,38891
4,9,1.033,38892
4,9,1.067,38893
4,9,1.1,38894
4,9,1.133,38895
4,9,1.167,38896
4,9,1.2,38897
4,9,1.233,38898
4,9,1.267,38899
4,9,1.3,38900
4,9,1.333,38901
4,9,1.367,38902
4,9,1.4,38903
4,9,1.433,38904
4,9,1.467,38905
4,9,1.5,38906
4,9,1.533,38907
4,9,1.567,38908
4,9,1.6,38909
4,9,1.633,38910
4,9,1.667,38911
4,9,1.7,38912
4,9,1.733,38913
4,9,1.767,38914
4,9,1.8,38915
4,9,1.833,38916
4,9,1.867,38917
4,9,1.9,38918
4,9,1.933,38919
4,9,1.967,38920
5,9,6.133,38921
5,9,6.167,38922
5,9,6.2,38923
5,9,6.233,38924
5,9,6.267,38925
5,9,6.3,38926
5,9,6.333,38927
5,9,6.367,38928
5,9,6.4,38929
5,9,6.433,38930
5,9,6.467,38931
5,9,0,38932
5,9,0.033,38933
5,9,0.067,38934
5,9,0.1,38935
5,9,0.133,38936
5,9,0.167,38937
5,9,0.2,38938
5,9,0.233,38939
5,9,0.267,38940
5,9,0.3,38941
5,9,0.333,38942
4,9,2.1,38943
4,9,2.133,38944
4,9,2.167,38945
4,9,2.2,38946
4,9,2.233,38947
4,9,2.267,38948
4,9,2.3,38949
4,9,2.333,38950
4,9,0,38951
4,9,0.033,38952
4,9,0.067,38953
4,9,0.1,38954
4,9,0.133,38955
4,9,0.167,38956
4,9,0.2,38957
4,9,0.233,38958
4,9,0.267,38959
1,9,0.333,38960
1,9,0.367,38961
1,9,0.4,38962
1,9,0.433,38963
1,9,0.467,38964
1,9,0.5,38965
1,9,0.533,38966
1,9,0.567,38967
1,9,0.6,38968
3,9,2.267,38969
3,9,2.3,38970
3,9,2.333,38971
3,9,2.367,38972
3,9,2.4,38973
3,9,2.433,38974
3,9,2.467,38975
3,9,0,38976
3,9,0.033,38977
3,9,0.067,38978
3,9,0.1,38979
3,9,0.133,38980
3,9,0.167,38981
3,9,0.2,38982
3,9,0.233,38983
3,9,0.267,38984
3,9,0.3,38985
3,9,0.333,38986
3,9,0.367,38987
3,9,0.4,38988
3,9,0.433,38989
3,9,0.467,38990
3,9,0.5,38991
3,9,0.533,38992
3,9,0.567,38993
3,9,0.6,38994
3,9,0.633,38995
3,9,0.667,38996
3,9,0.7,38997
3,9,0.733,38998
3,9,0.767,38999
3,9,0.8,39000
3,9,0.833,39001
3,9,0.867,39002
3,9,0.9,39003
3,9,0.933,39004
3,9,0.967,39005
3,9,1,39006
3,9,1.033,39007
3,9,1.067,39008
3,9,1.1,39009
3,9,1.133,39010
3,9,1.167,39011
3,9,1.2,39012
3,9,1.233,39013
3,9,1.267,39014
3,9,1.3,39015
3,9,1.333,39016
3,9,1.367,39017
3,9,1.4,39018
3,9,1.433,39019
3,9,1.467,39020
3,9,1.5,39021
3,9,1.533,39022
3,9,1.567,39023
3,9,1.6,39024
3,9,1.633,39025
3,9,1.667,39026
3,9,1.7,39027
3,9,1.733,39028
3,9,1.767,39029
3,9,1.8,39030
3,9,1.833,39031
3,9,1.867,39032
3,9,1.9,39033
3,9,1.933,39034
3,9,1.967,39035
3,9,2,39036
3,9,2.033,39037
3,9,2.067,39038
3,9,2.1,39039
3,9,2.133,39040
3,9,2.167,39041
3,9,2.2,39042
3,9,2.233,39043
3,9,2.267,39044
3,9,2.3,39045
3,9,2.333,39046
3,9,2.367,39047
3,9,2.4,39048
3,9,2.433,39049
3,9,2.467,39050
3,9,2.5,39051
3,9,2.533,39052
3,9,2.567,39053
3,9,2.6,39054
3,9,2.633,39055
3,9,2.667,39056
3,9,2.7,39057
3,9,2.733,39058
3,9,2.767,39059
3,9,2.8,39060
3,9,2.833,39061
3,9,2.867,39062
3,9,2.9,39063
3,9,2.933,39064
3,9,2.967,39065
3,9,3,39066
3,9,3.033,39067
3,9,3.067,39068
3,9,3.1,39069
3,9,3.133,39070
3,9,3.167,39071
3,9,3.2,39072
3,9,3.233,39073
3,9,3.267,39074
3,9,3.3,39075
3,9,3.333,39076
3,9,3.367,39077
3,9,3.4,39078
3,9,3.433,39079
3,9,3.467,39080
3,9,3.5,39081
3,9,3.533,39082
3,9,3.567,39083
3,9,3.6,39084
3,9,3.633,39085
3,9,3.667,39086
4,10,0,39087
4,10,0.033,39088
4,10,0.067,39089
4,10,0.1,39090
4,10,0.133,39091
4,10,0.167,39092
4,10,0.2,39093
4,10,0.233,39094
4,10,0.267,39095
4,10,0.3,39096
4,10,0.333,39097
4,10,0.367,39098
4,10,0.4,39099
4,10,0.433,39100
4,10,0.467,39101
4,10,0.5,39102
4,10,0.533,39103
4,10,0.567,39104
4,10,0.6,39105
4,10,0.633,39106
4,10,0.667,39107
4,10,0.7,39108
4,10,0.733,39109
4,10,0.767,39110
4,10,0.8,39111
4,10,0.833,39112
4,10,0.867,39113
4,10,0.9,39114
4,10,0.933,39115
4,10,0.967,39116
4,10,1,39117
4,10,1.033,39118
4,10,1.067,39119
4,10,1.1,39120
4,10,1.133,39121
4,10,1.167,39122
4,10,1.2,39123
4,10,1.233,39124
4,10,1.267,39125
4,10,1.3,39126
4,10,1.333,39127
4,10,1.367,39128
4,10,1.4,39129
4,10,1.433,39130
4,10,1.467,39131
4,10,1.5,39132
4,10,1.533,39133
4,10,1.567,39134
4,10,1.6,39135
4,10,1.633,39136
4,10,1.667,39137
4,10,1.7,39138
4,10,1.733,39139
4,10,1.767,39140
4,10,1.8,39141
4,10,1.833,39142
4,10,1.867,39143
4,10,1.9,39144
4,10,1.933,39145
4,10,1.967,39146
4,10,2,39147
4,10,2.033,39148
4,10,2.067,39149
4,10,2.1,39150
4,10,2.133,39151
4,10,2.167,39152
4,10,2.2,39153
4,10,2.233,39154
4,10,2.267,39155
4,10,2.3,39156
4,10,2.333,39157
4,10,2.367,39158
4,10,2.4,39159
4,10,2.433,39160
4,10,2.467,39161
4,10,2.5,39162
4,10,2.533,39163
4,10,2.567,39164
4,10,2.6,39165
4,10,2.633,39166
4,10,2.667,39167
4,10,2.7,39168
4,10,2.733,39169
4,10,2.767,39170
4,10,2.8,39171
4,10,2.833,39172
4,10,2.867,39173
4,10,2.9,39174
4,10,2.933,39175
4,10,2.967,39176
4,10,3,39177
4,10,3.033,39178
4,10,3.067,39179
4,10,3.1,39180
4,10,3.133,39181
4,10,3.167,39182
4,10,3.2,39183
4,10,3.233,39184
4,10,3.267,39185
4,10,3.3,39186
4,10,3.333,39187
4,10,3.367,39188
4,10,3.4,39189
4,10,3.433,39190
4,10,3.467,39191
4,10,3.5,39192
4,10,3.533,39193
4,10,3.567,39194
4,10,3.6,39195
4,10,3.633,39196
4,10,3.667,39197
4,10,3.7,39198
4,10,3.733,39199
4,10,3.767,39200
4,10,3.8,39201
4,10,3.833,39202
4,10,3.867,39203
4,10,3.9,39204
4,10,3.933,39205
4,10,3.967,39206
4,10,4,39207
4,10,4.033,39208
4,10,4.067,39209
4,10,4.1,39210
4,10,4.133,39211
4,10,4.167,39212
4,10,4.2,39213
4,10,4.233,39214
4,10,4.267,39215
4,10,4.3,39216
4,10,4.333,39217
4,10,4.367,39218
4,10,4.4,39219
4,10,4.433,39220
4,10,4.467,39221
4,10,4.5,39222
4,10,4.533,39223
4,10,4.567,39224
4,10,4.6,39225
4,10,4.633,39226
4,10,4.667,39227
4,10,4.7,39228
4,10,4.733,39229
4,10,4.767,39230
4,10,4.8,39231
4,10,4.833,39232
4,10,4.867,39233
4,10,4.9,39234
4,10,4.933,39235
4,10,4.967,39236
4,10,5,39237
4,10,5.033,39238
4,10,5.067,39239
4,10,5.1,39240
4,10,5.133,39241
4,10,5.167,39242
2,10,5.3,39243
2,10,5.333,39244
2,10,5.367,39245
5,10,5.433,39246
5,10,5.467,39247
5,10,5.5,39248
5,10,5.533,39249
5,10,5.567,39250
5,10,5.6,39251
5,10,5.633,39252
5,10,5.667,39253
4,10,11.467,39254
4,10,11.5,39255
4,10,11.533,39256
4,10,11.567,39257
4,10,11.6,39258
4,10,11.633,39259
4,10,11.667,39260
4,10,11.7,39261
4,10,11.733,39262
4,10,11.767,39263
4,10,11.8,39264
4,10,11.833,39265
4,10,11.867,39266
4,10,11.9,39267
4,10,11.933,39268
4,10,11.967,39269
4,10,12,39270
4,10,12.033,39271
4,10,12.067,39272
4,10,12.1,39273
4,10,12.133,39274
4,10,12.167,39275
4,10,12.2,39276
4,10,12.233,39277
4,10,12.267,39278
4,10,12.3,39279
4,10,12.333,39280
4,10,12.367,39281
4,10,12.4,39282
4,10,12.433,39283
4,10,12.467,39284
4,10,12.5,39285
4,10,12.533,39286
4,10,12.567,39287
4,10,12.6,39288
4,10,12.633,39289
4,10,12.667,39290
4,10,12.7,39291
4,10,12.733,39292
4,10,12.767,39293
4,10,12.8,39294
4,10,12.833,39295
4,10,12.867,39296
4,10,12.9,39297
4,10,12.933,39298
4,10,12.967,39299
4,10,0,39300
4,10,0.033,39301
4,10,0.067,39302
4,10,0.1,39303
4,10,0.133,39304
4,10,0.167,39305
4,10,0.2,39306
4,10,0.233,39307
4,10,0.267,39308
4,10,0.3,39309
4,10,0.333,39310
4,10,0.367,39311
4,10,0.4,39312
4,10,0.433,39313
4,10,0.467,39314
4,10,0.5,39315
4,10,0.533,39316
4,10,0.567,39317
4,10,0.6,39318
4,10,0.633,39319
4,10,0.667,39320
4,10,0.7,39321
4,10,0.733,39322
4,10,0.767,39323
4,10,0.8,39324
4,10,0.833,39325
4,10,0.867,39326
4,10,0.9,39327
4,10,0.933,39328
4,10,0.967,39329
4,10,1,39330
4,10,1.033,39331
4,10,1.067,39332
4,10,1.1,39333
4,10,1.133,39334
4,10,1.167,39335
4,10,1.2,39336
4,10,1.233,39337
4,10,1.267,39338
4,10,1.3,39339
4,10,1.333,39340
4,10,1.367,39341
4,10,1.4,39342
4,10,1.433,39343
4,10,1.467,39344
4,10,1.5,39345
4,10,1.533,39346
4,10,1.567,39347
4,10,1.6,39348
4,10,1.633,39349
4,10,1.667,39350
4,10,1.7,39351
4,10,1.733,39352
4,10,1.767,39353
4,10,1.8,39354
4,10,1.833,39355
4,10,1.867,39356
4,10,1.9,39357
4,10,1.933,39358
4,10,1.967,39359
4,10,2,39360
4,10,2.033,39361
4,10,2.067,39362
4,10,2.1,39363
4,10,2.133,39364
4,10,2.167,39365
4,10,2.2,39366
4,10,2.233,39367
4,10,2.267,39368
4,10,2.3,39369
4,10,2.333,39370
4,10,2.367,39371
4,10,2.4,39372
4,10,2.433,39373
4,10,2.467,39374
4,10,2.5,39375
4,10,2.533,39376
4,10,2.567,39377
4,10,2.6,39378
4,10,2.633,39379
4,10,2.667,39380
4,10,2.7,39381
4,10,2.733,39382
4,10,2.767,39383
4,10,2.8,39384
4,10,2.833,39385
4,10,2.867,39386
4,10,2.9,39387
4,10,2.933,39388
4,10,2.967,39389
4,10,3,39390
4,10,3.033,39391
4,10,3.067,39392
4,10,3.1,39393
4,10,3.133,39394
4,10,3.167,39395
4,10,3.2,39396
4,10,3.233,39397
4,10,3.267,39398
4,10,3.3,39399
4,10,3.333,39400
4,10,3.367,39401
4,10,3.4,39402
4,10,3.433,39403
4,10,3.467,39404
4,10,3.5,39405
4,10,3.533,39406
4,10,3.567,39407
4,10,3.6,39408
4,10,3.633,39409
4,10,3.667,39410
4,10,3.7,39411
4,10,3.733,39412
4,10,3.767,39413
4,10,3.8,39414
4,10,3.833,39415
4,10,3.867,39416
4,10,3.9,39417
4,10,3.933,39418
4,10,3.967,39419
4,10,4,39420
4,10,4.033,39421
4,10,4.067,39422
4,10,4.1,39423
4,10,4.133,39424
4,10,4.167,39425
4,10,4.2,39426
4,10,4.233,39427
4,10,4.267,39428
4,10,4.3,39429
4,10,4.333,39430
4,10,4.367,39431
4,10,4.4,39432
4,10,4.433,39433
4,10,4.467,39434
4,10,4.5,39435
4,10,4.533,39436
4,10,4.567,39437
4,10,4.6,39438
4,10,4.633,39439
4,10,4.667,39440
4,10,4.7,39441
4,10,4.733,39442
4,10,4.767,39443
4,10,4.8,39444
4,10,4.833,39445
4,10,4.867,39446
4,10,4.9,39447
4,10,4.933,39448
4,10,4.967,39449
4,10,5,39450
4,10,5.033,39451
4,10,5.067,39452
4,10,5.1,39453
4,10,5.133,39454
4,10,5.167,39455
4,10,5.2,39456
4,10,5.233,39457
4,10,5.267,39458
4,10,5.3,39459
4,10,5.333,39460
4,10,5.367,39461
4,10,5.4,39462
4,10,5.433,39463
4,10,5.467,39464
4,10,5.5,39465
4,10,5.533,39466
4,10,5.567,39467
4,10,5.6,39468
4,10,5.633,39469
4,10,5.667,39470
4,10,5.7,39471
4,10,5.733,39472
4,10,5.767,39473
4,10,5.8,39474
4,10,5.833,39475
4,10,5.867,39476
4,10,5.9,39477
4,10,5.933,39478
4,10,5.967,39479
4,10,6,39480
4,10,6.033,39481
4,10,6.067,39482
4,10,6.1,39483
4,10,6.133,39484
4,10,6.167,39485
4,10,6.2,39486
4,10,6.233,39487
4,10,6.267,39488
4,10,6.3,39489
4,10,6.333,39490
4,10,6.367,39491
4,10,6.4,39492
4,10,6.433,39493
4,10,6.467,39494
4,10,6.5,39495
4,10,6.533,39496
4,10,6.567,39497
4,10,6.6,39498
4,10,6.633,39499
4,10,6.667,39500
4,10,6.7,39501
4,10,6.733,39502
4,10,6.767,39503
4,10,6.8,39504
4,10,6.833,39505
4,10,6.867,39506
4,10,6.9,39507
4,10,6.933,39508
4,10,6.967,39509
4,10,7,39510
4,10,7.033,39511
4,10,7.067,39512
4,10,7.1,39513
4,10,7.133,39514
4,10,7.167,39515
4,10,7.2,39516
4,10,7.233,39517
4,10,7.267,39518
4,10,7.3,39519
4,10,7.333,39520
4,10,7.367,39521
4,10,7.4,39522
4,10,7.433,39523
4,10,7.467,39524
4,10,7.5,39525
4,10,7.533,39526
4,10,7.567,39527
4,10,7.6,39528
4,10,7.633,39529
4,10,7.667,39530
4,10,7.7,39531
4,10,7.733,39532
4,10,7.767,39533
4,10,7.8,39534
4,10,7.833,39535
4,10,7.867,39536
4,10,7.9,39537
4,10,7.933,39538
4,10,7.967,39539
4,10,8,39540
4,10,8.033,39541
4,10,8.067,39542
4,10,8.1,39543
4,10,8.133,39544
4,10,8.167,39545
4,10,8.2,39546
4,10,8.233,39547
4,10,8.267,39548
4,10,8.3,39549
4,10,8.333,39550
4,10,8.367,39551
4,10,8.4,39552
4,10,8.433,39553
4,10,8.467,39554
4,10,8.5,39555
4,10,8.533,39556
4,10,8.567,39557
4,10,8.6,39558
4,10,8.633,39559
4,10,8.667,39560
4,10,8.7,39561
4,10,8.733,39562
4,10,8.767,39563
4,10,8.8,39564
4,10,8.833,39565
4,10,8.867,39566
4,10,8.9,39567
4,10,8.933,39568
4,10,8.967,39569
4,10,9,39570
4,10,9.033,39571
4,10,9.067,39572
4,10,9.1,39573
4,10,9.133,39574
4,10,9.167,39575
4,10,9.2,39576
4,10,9.233,39577
6,10,9.3,39578
6,10,9.333,39579
6,10,9.367,39580
6,10,9.4,39581
6,10,9.433,39582
6,10,9.467,39583
6,10,9.5,39584
6,10,9.533,39585
6,10,9.567,39586
6,10,9.6,39587
6,10,9.633,39588
6,10,9.667,39589
6,10,9.7,39590
6,10,9.733,39591
6,10,9.767,39592
6,10,9.8,39593
6,10,9.833,39594
6,10,9.867,39595
6,10,9.9,39596
6,10,9.933,39597
6,10,9.967,39598
6,10,10,39599
6,10,10.033,39600
6,10,10.067,39601
6,10,10.1,39602
6,10,10.133,39603
6,10,10.167,39604
6,10,10.2,39605
6,10,10.233,39606
6,10,10.267,39607
6,10,10.3,39608
6,10,10.333,39609
6,10,10.367,39610
6,10,10.4,39611
6,10,10.433,39612
6,10,10.467,39613
6,10,10.5,39614
6,10,10.533,39615
6,10,10.567,39616
6,10,10.6,39617
6,10,10.633,39618
6,10,10.667,39619
6,10,10.7,39620
6,10,10.733,39621
6,10,10.767,39622
6,10,10.8,39623
6,10,10.833,39624
6,10,10.867,39625
6,10,10.9,39626
6,10,10.933,39627
6,10,10.967,39628
6,10,11,39629
6,10,11.033,39630
6,10,11.067,39631
6,10,11.1,39632
6,10,11.133,39633
6,10,11.167,39634
6,10,11.2,39635
6,10,11.233,39636
6,10,11.267,39637
6,10,11.3,39638
6,10,11.333,39639
6,10,11.367,39640
6,10,11.4,39641
6,10,11.433,39642
6,10,11.467,39643
6,10,11.5,39644
6,10,11.533,39645
6,10,11.567,39646
6,10,11.6,39647
6,10,11.633,39648
6,10,11.667,39649
6,10,11.7,39650
6,10,11.733,39651
6,10,11.767,39652
6,10,11.8,39653
6,10,11.833,39654
6,10,11.867,39655
6,10,11.9,39656
6,10,11.933,39657
6,10,11.967,39658
6,10,12,39659
6,10,12.033,39660
6,10,12.067,39661
6,10,12.1,39662
6,10,12.133,39663
6,10,12.167,39664
6,10,12.2,39665
6,10,12.233,39666
6,10,12.267,39667
6,10,12.3,39668
6,10,12.333,39669
6,10,12.367,39670
6,10,12.4,39671
6,10,12.433,39672
6,10,12.467,39673
6,10,12.5,39674
6,10,12.533,39675
6,10,12.567,39676
6,10,12.6,39677
6,10,12.633,39678
6,10,12.667,39679
6,10,12.7,39680
6,10,12.733,39681
6,10,12.767,39682
6,10,12.8,39683
6,10,12.833,39684
6,10,12.867,39685
6,10,12.9,39686
6,10,12.933,39687
6,10,12.967,39688
6,10,13,39689
6,10,13.033,39690
6,10,13.067,39691
6,10,13.1,39692
6,10,13.133,39693
6,10,13.167,39694
6,10,13.2,39695
6,10,13.233,39696
6,10,13.267,39697
6,10,13.3,39698
6,10,13.333,39699
6,10,13.367,39700
6,10,13.4,39701
6,10,13.433,39702
6,10,13.467,39703
6,10,13.5,39704
6,10,13.533,39705
6,10,13.567,39706
6,10,13.6,39707
6,10,13.633,39708
6,10,13.667,39709
6,10,13.7,39710
6,10,13.733,39711
6,10,13.767,39712
6,10,13.8,39713
6,10,13.833,39714
6,10,13.867,39715
6,10,13.9,39716
6,10,13.933,39717
6,10,13.967,39718
6,10,14,39719
6,10,14.033,39720
6,10,14.067,39721
6,10,14.1,39722
6,10,14.133,39723
6,10,14.167,39724
6,10,14.2,39725
6,10,14.233,39726
6,10,14.267,39727
6,10,14.3,39728
6,10,14.333,39729
6,10,14.367,39730
6,10,14.4,39731
6,10,14.433,39732
6,10,14.467,39733
6,10,14.5,39734
6,10,14.533,39735
6,10,14.567,39736
6,10,14.6,39737
6,10,14.633,39738
6,10,14.667,39739
6,10,14.7,39740
6,10,14.733,39741
6,10,14.767,39742
6,10,14.8,39743
6,10,14.833,39744
6,10,14.867,39745
6,10,14.9,39746
6,10,14.933,39747
6,10,14.967,39748
6,10,15,39749
6,10,15.033,39750
6,10,15.067,39751
6,10,15.1,39752
6,10,15.133,39753
6,10,15.167,39754
6,10,15.2,39755
6,10,15.233,39756
6,10,15.267,39757
6,10,15.3,39758
6,10,15.333,39759
6,10,15.367,39760
6,10,15.4,39761
6,10,15.433,39762
6,10,15.467,39763
6,10,15.5,39764
6,10,15.533,39765
6,10,15.567,39766
6,10,15.6,39767
6,10,15.633,39768
6,10,15.667,39769
6,10,15.7,39770
6,10,15.733,39771
6,10,15.767,39772
6,10,15.8,39773
6,10,15.833,39774
6,10,15.867,39775
6,10,15.9,39776
6,10,15.933,39777
6,10,15.967,39778
6,10,16,39779
6,10,16.033,39780
6,10,16.067,39781
6,10,16.1,39782
6,10,16.133,39783
6,10,16.167,39784
6,10,16.2,39785
6,10,16.233,39786
6,10,16.267,39787
6,10,16.3,39788
6,10,16.333,39789
6,10,16.367,39790
6,10,16.4,39791
6,10,16.433,39792
6,10,16.467,39793
6,10,16.5,39794
6,10,16.533,39795
6,10,16.567,39796
6,10,16.6,39797
6,10,16.633,39798
6,10,16.667,39799
6,10,16.7,39800
6,10,16.733,39801
6,10,16.767,39802
6,10,16.8,39803
6,10,16.833,39804
6,10,16.867,39805
6,10,16.9,39806
6,10,16.933,39807
6,10,16.967,39808
6,10,17,39809
6,10,17.033,39810
6,10,17.067,39811
6,10,17.1,39812
6,10,17.133,39813
6,10,17.167,39814
6,10,17.2,39815
6,10,17.233,39816
6,10,17.267,39817
6,10,17.3,39818
6,10,17.333,39819
6,10,17.367,39820
6,10,17.4,39821
6,10,17.433,39822
6,10,17.467,39823
6,10,17.5,39824
6,10,17.533,39825
6,10,17.567,39826
6,10,17.6,39827
6,10,17.633,39828
6,10,17.667,39829
6,10,17.7,39830
6,10,17.733,39831
6,10,17.767,39832
6,10,17.8,39833
6,10,17.833,39834
6,10,17.867,39835
6,10,17.9,39836
6,10,17.933,39837
6,10,17.967,39838
6,10,18,39839
6,10,18.033,39840
6,10,18.067,39841
6,10,18.1,39842
6,10,18.133,39843
6,10,18.167,39844
6,10,18.2,39845
6,10,18.233,39846
6,10,18.267,39847
6,10,18.3,39848
6,10,18.333,39849
6,10,18.367,39850
6,10,18.4,39851
6,10,18.433,39852
6,10,18.467,39853
6,10,18.5,39854
6,10,18.533,39855
6,10,18.567,39856
6,10,18.6,39857
6,10,18.633,39858
6,10,18.667,39859
6,10,18.7,39860
6,10,18.733,39861
6,10,18.767,39862
6,10,18.8,39863
6,10,18.833,39864
6,10,18.867,39865
6,10,18.9,39866
6,10,18.933,39867
6,10,18.967,39868
6,10,19,39869
6,10,19.033,39870
6,10,19.067,39871
6,10,19.1,39872
6,10,19.133,39873
6,10,19.167,39874
6,10,19.2,39875
6,10,19.233,39876
6,10,19.267,39877
6,10,19.3,39878
6,10,19.333,39879
6,10,19.367,39880
6,10,19.4,39881
6,10,19.433,39882
4,10,19.467,39883
4,10,19.5,39884
4,10,19.533,39885
3,10,19.567,39886
3,10,19.6,39887
3,10,19.633,39888
3,10,19.667,39889
3,10,19.7,39890
3,10,19.733,39891
3,10,19.767,39892
3,10,19.8,39893
3,10,19.833,39894
3,10,19.867,39895
3,10,19.9,39896
3,10,19.933,39897
3,10,19.967,39898
3,10,20,39899
3,10,20.033,39900
3,10,20.067,39901
3,10,20.1,39902
3,10,20.133,39903
3,10,20.167,39904
3,10,20.2,39905
3,10,20.233,39906
3,10,20.267,39907
3,10,20.3,39908
3,10,20.333,39909
3,10,20.367,39910
3,10,20.4,39911
3,10,20.433,39912
3,10,20.467,39913
3,10,20.5,39914
3,10,20.533,39915
3,10,20.567,39916
3,10,20.6,39917
3,10,20.633,39918
3,10,20.667,39919
3,10,20.7,39920
3,10,20.733,39921
3,10,20.767,39922
3,10,20.8,39923
3,10,20.833,39924
3,10,20.867,39925
3,10,20.9,39926
3,10,20.933,39927
3,10,20.967,39928
3,10,21,39929
3,10,21.033,39930
3,10,21.067,39931
3,10,21.1,39932
3,10,21.133,39933
3,10,21.167,39934
3,10,21.2,39935
3,10,21.233,39936
3,10,21.267,39937
3,10,21.3,39938
3,10,21.333,39939
3,10,21.367,39940
3,10,21.4,39941
3,10,21.433,39942
3,10,21.467,39943
3,10,21.5,39944
3,10,21.533,39945
3,10,21.567,39946
3,10,21.6,39947
3,10,21.633,39948
3,10,21.667,39949
3,10,21.7,39950
3,10,21.733,39951
3,10,21.767,39952
3,10,21.8,39953
3,10,21.833,39954
3,10,21.867,39955
3,10,21.9,39956
3,10,21.933,39957
3,10,21.967,39958
3,10,22,39959
3,10,22.033,39960
3,10,22.067,39961
3,10,22.1,39962
3,10,22.133,39963
3,10,22.167,39964
3,10,22.2,39965
3,10,22.233,39966
3,10,22.267,39967
3,10,22.3,39968
3,10,22.333,39969
3,10,22.367,39970
3,10,22.4,39971
3,10,22.433,39972
3,10,22.467,39973
3,10,22.5,39974
3,10,22.533,39975
3,10,22.567,39976
3,10,22.6,39977
3,10,22.633,39978
3,10,22.667,39979
3,10,22.7,39980
3,10,22.733,39981
3,10,22.767,39982
3,10,22.8,39983
3,10,22.833,39984
3,10,22.867,39985
3,10,22.9,39986
3,10,22.933,39987
3,10,22.967,39988
3,10,23,39989
3,10,23.033,39990
3,10,23.067,39991
3,10,23.1,39992
3,10,23.133,39993
3,10,23.167,39994
3,10,23.2,39995
3,10,23.233,39996
3,10,23.267,39997
3,10,23.3,39998
3,10,23.333,39999
3,10,23.367,40000
3,10,23.4,40001
3,10,23.433,40002
3,10,23.467,40003
3,10,23.5,40004
3,10,23.533,40005
3,10,23.567,40006
3,10,23.6,40007
3,10,23.633,40008
3,10,23.667,40009
3,10,23.7,40010
3,10,23.733,40011
3,10,23.767,40012
3,10,23.8,40013
3,10,23.833,40014
3,10,23.867,40015
3,10,23.9,40016
3,10,23.933,40017
3,10,23.967,40018
3,10,24,40019
3,10,24.033,40020
3,10,24.067,40021
3,10,24.1,40022
3,10,24.133,40023
3,10,24.167,40024
3,10,24.2,40025
3,10,24.233,40026
3,10,24.267,40027
3,10,24.3,40028
3,10,24.333,40029
3,10,24.367,40030
3,10,24.4,40031
3,10,24.433,40032
3,10,24.467,40033
3,10,24.5,40034
3,10,24.533,40035
3,10,24.567,40036
3,10,24.6,40037
3,10,24.633,40038
3,10,24.667,40039
3,10,24.7,40040
3,10,24.733,40041
3,10,24.767,40042
3,10,24.8,40043
3,10,24.833,40044
3,10,24.867,40045
3,10,24.9,40046
3,10,24.933,40047
3,10,24.967,40048
3,10,25,40049
3,10,25.033,40050
3,10,25.067,40051
3,10,25.1,40052
3,10,25.133,40053
3,10,25.167,40054
3,10,25.2,40055
3,10,25.233,40056
3,10,25.267,40057
3,10,25.3,40058
3,10,25.333,40059
3,10,25.367,40060
3,10,25.4,40061
3,10,25.433,40062
3,10,25.467,40063
3,10,25.5,40064
3,10,25.533,40065
3,10,25.567,40066
3,10,25.6,40067
3,10,25.633,40068
3,10,25.667,40069
3,10,25.7,40070
3,10,25.733,40071
3,10,25.767,40072
3,10,25.8,40073
3,10,25.833,40074
3,10,25.867,40075
3,10,25.9,40076
3,10,25.933,40077
3,10,25.967,40078
3,10,26,40079
3,10,26.033,40080
3,10,26.067,40081
3,10,26.1,40082
3,10,26.133,40083
3,10,26.167,40084
3,10,26.2,40085
3,10,26.233,40086
3,10,26.267,40087
3,10,26.3,40088
3,10,26.333,40089
3,10,26.367,40090
3,10,26.4,40091
3,10,26.433,40092
3,10,26.467,40093
3,10,26.5,40094
3,10,26.533,40095
3,10,26.567,40096
3,10,26.6,40097
3,10,26.633,40098
3,10,26.667,40099
3,10,26.7,40100
3,10,26.733,40101
3,10,26.767,40102
3,10,26.8,40103
3,10,26.833,40104
3,10,26.867,40105
3,10,26.9,40106
3,10,26.933,40107
3,10,26.967,40108
3,10,27,40109
3,10,27.033,40110
3,10,27.067,40111
3,10,27.1,40112
3,10,27.133,40113
3,10,27.167,40114
3,10,27.2,40115
3,10,27.233,40116
3,10,27.267,40117
3,10,27.3,40118
3,10,27.333,40119
3,10,27.367,40120
3,10,27.4,40121
3,10,27.433,40122
3,10,27.467,40123
3,10,27.5,40124
3,10,27.533,40125
3,10,27.567,40126
3,10,27.6,40127
3,10,27.633,40128
3,10,27.667,40129
3,10,27.7,40130
3,10,27.733,40131
3,10,27.767,40132
3,10,27.8,40133
3,10,27.833,40134
3,10,27.867,40135
3,10,27.9,40136
3,10,27.933,40137
3,10,27.967,40138
3,10,28,40139
3,10,28.033,40140
3,10,28.067,40141
3,10,28.1,40142
3,10,28.133,40143
3,10,28.167,40144
3,10,28.2,40145
3,10,28.233,40146
3,10,28.267,40147
3,10,28.3,40148
3,10,28.333,40149
3,10,28.367,40150
3,10,28.4,40151
3,10,28.433,40152
3,10,28.467,40153
3,10,28.5,40154
3,10,28.533,40155
3,10,28.567,40156
3,10,28.6,40157
3,10,28.633,40158
3,10,28.667,40159
3,10,28.7,40160
3,10,28.733,40161
3,10,28.767,40162
3,10,28.8,40163
3,10,28.833,40164
3,10,28.867,40165
3,10,28.9,40166
3,10,28.933,40167
3,10,28.967,40168
3,10,29,40169
3,10,29.033,40170
3,10,29.067,40171
3,10,29.1,40172
3,10,29.133,40173
3,10,29.167,40174
3,10,29.2,40175
3,10,29.233,40176
3,10,29.267,40177
3,10,29.3,40178
3,10,29.333,40179
3,10,29.367,40180
3,10,29.4,40181
3,10,29.433,40182
3,10,29.467,40183
3,10,29.5,40184
3,10,29.533,40185
3,10,29.567,40186
3,10,29.6,40187
3,10,29.633,40188
3,10,29.667,40189
3,10,29.7,40190
3,10,29.733,40191
3,10,29.767,40192
3,10,29.8,40193
3,10,29.833,40194
3,10,29.867,40195
3,10,29.9,40196
3,10,29.933,40197
3,10,29.967,40198
3,10,30,40199
3,10,30.033,40200
3,10,30.067,40201
3,10,30.1,40202
3,10,30.133,40203
3,10,30.167,40204
3,10,30.2,40205
3,10,30.233,40206
3,10,30.267,40207
3,10,30.3,40208
3,10,30.333,40209
3,10,30.367,40210
3,10,30.4,40211
3,10,30.433,40212
3,10,30.467,40213
3,10,30.5,40214
3,10,30.533,40215
3,10,30.567,40216
3,10,30.6,40217
3,10,30.633,40218
3,10,30.667,40219
3,10,30.7,40220
3,10,30.733,40221
3,10,30.767,40222
3,10,30.8,40223
3,10,30.833,40224
3,10,30.867,40225
3,10,30.9,40226
3,10,30.933,40227
3,10,30.967,40228
3,10,31,40229
3,10,31.033,40230
3,10,31.067,40231
3,10,31.1,40232
3,10,31.133,40233
3,10,31.167,40234
3,10,31.2,40235
3,10,31.233,40236
3,10,31.267,40237
3,10,31.3,40238
3,10,31.333,40239
3,10,31.367,40240
3,10,31.4,40241
3,10,31.433,40242
3,10,31.467,40243
3,10,31.5,40244
3,10,31.533,40245
3,10,31.567,40246
3,10,31.6,40247
3,10,31.633,40248
3,10,31.667,40249
3,10,31.7,40250
3,10,31.733,40251
3,10,31.767,40252
3,10,31.8,40253
3,10,31.833,40254
3,10,31.867,40255
3,10,31.9,40256
3,10,31.933,40257
3,10,31.967,40258
3,10,32,40259
3,10,32.033,40260
3,10,32.067,40261
3,10,32.1,40262
3,10,32.133,40263
3,10,32.167,40264
3,10,32.2,40265
3,10,32.233,40266
3,10,32.267,40267
3,10,32.3,40268
3,10,32.333,40269
3,10,32.367,40270
3,10,32.4,40271
3,10,32.433,40272
3,10,32.467,40273
4,10,32.533,40274
4,10,32.567,40275
4,10,32.6,40276
4,10,32.633,40277
4,10,32.667,40278
4,10,32.7,40279
4,10,32.733,40280
4,10,32.767,40281
6,10,32.833,40282
6,10,32.867,40283
6,10,32.9,40284
6,10,32.933,40285
6,10,32.967,40286
6,10,33,40287
6,10,33.033,40288
6,10,33.067,40289
6,10,33.1,40290
6,10,33.133,40291
6,10,33.167,40292
6,10,33.2,40293
6,10,33.233,40294
6,10,33.267,40295
6,10,33.3,40296
6,10,33.333,40297
6,10,33.367,40298
6,10,33.4,40299
6,10,33.433,40300
6,10,33.467,40301
6,10,33.5,40302
6,10,33.533,40303
6,10,33.567,40304
6,10,33.6,40305
6,10,33.633,40306
6,10,33.667,40307
6,10,33.7,40308
6,10,33.733,40309
6,10,33.767,40310
6,10,33.8,40311
6,10,33.833,40312
6,10,33.867,40313
6,10,33.9,40314
6,10,33.933,40315
6,10,33.967,40316
6,10,34,40317
6,10,34.033,40318
6,10,34.067,40319
6,10,34.1,40320
6,10,34.133,40321
6,10,34.167,40322
6,10,34.2,40323
6,10,34.233,40324
6,10,34.267,40325
6,10,34.3,40326
6,10,34.333,40327
6,10,34.367,40328
6,10,34.4,40329
6,10,34.433,40330
6,10,34.467,40331
6,10,34.5,40332
6,10,34.533,40333
6,10,34.567,40334
6,10,34.6,40335
6,10,34.633,40336
6,10,34.667,40337
6,10,34.7,40338
6,10,34.733,40339
6,10,34.767,40340
6,10,34.8,40341
6,10,34.833,40342
6,10,34.867,40343
6,10,34.9,40344
6,10,34.933,40345
6,10,34.967,40346
6,10,35,40347
6,10,35.033,40348
6,10,35.067,40349
6,10,35.1,40350
6,10,35.133,40351
6,10,35.167,40352
6,10,35.2,40353
6,10,35.233,40354
6,10,35.267,40355
6,10,35.3,40356
6,10,35.333,40357
6,10,35.367,40358
6,10,35.4,40359
6,10,35.433,40360
6,10,35.467,40361
6,10,35.5,40362
6,10,35.533,40363
6,10,35.567,40364
6,10,35.6,40365
6,10,35.633,40366
6,10,35.667,40367
6,10,35.7,40368
6,10,35.733,40369
6,10,35.767,40370
6,10,35.8,40371
6,10,35.833,40372
6,10,35.867,40373
6,10,35.9,40374
6,10,35.933,40375
6,10,35.967,40376
6,10,36,40377
6,10,36.033,40378
6,10,36.067,40379
6,10,36.1,40380
6,10,36.133,40381
6,10,36.167,40382
6,10,36.2,40383
6,10,36.233,40384
6,10,36.267,40385
6,10,36.3,40386
6,10,36.333,40387
6,10,36.367,40388
6,10,36.4,40389
6,10,36.433,40390
6,10,36.467,40391
6,10,36.5,40392
6,10,36.533,40393
6,10,36.567,40394
6,10,36.6,40395
6,10,36.633,40396
6,10,36.667,40397
6,10,36.7,40398
6,10,36.733,40399
6,10,36.767,40400
6,10,36.8,40401
6,10,36.833,40402
6,10,36.867,40403
6,10,36.9,40404
6,10,36.933,40405
6,10,36.967,40406
6,10,37,40407
6,10,37.033,40408
6,10,37.067,40409
6,10,37.1,40410
6,10,37.133,40411
6,10,37.167,40412
6,10,37.2,40413
6,10,37.233,40414
6,10,37.267,40415
6,10,37.3,40416
6,10,37.333,40417
6,10,37.367,40418
6,10,37.4,40419
6,10,37.433,40420
6,10,37.467,40421
6,10,37.5,40422
6,10,37.533,40423
6,10,37.567,40424
6,10,37.6,40425
6,10,37.633,40426
6,10,37.667,40427
6,10,37.7,40428
6,10,37.733,40429
6,10,37.767,40430
6,10,37.8,40431
6,10,37.833,40432
6,10,37.867,40433
6,10,37.9,40434
6,10,37.933,40435
6,10,37.967,40436
6,10,38,40437
6,10,38.033,40438
6,10,38.067,40439
6,10,38.1,40440
6,10,38.133,40441
6,10,38.167,40442
6,10,38.2,40443
6,10,38.233,40444
6,10,38.267,40445
6,10,38.3,40446
6,10,38.333,40447
6,10,38.367,40448
6,10,38.4,40449
6,10,38.433,40450
6,10,38.467,40451
6,10,38.5,40452
6,10,38.533,40453
6,10,38.567,40454
6,10,38.6,40455
6,10,38.633,40456
6,10,38.667,40457
6,10,38.7,40458
6,10,38.733,40459
6,10,38.767,40460
6,10,38.8,40461
6,10,38.833,40462
6,10,38.867,40463
6,10,38.9,40464
6,10,38.933,40465
6,10,38.967,40466
6,10,39,40467
6,10,39.033,40468
6,10,39.067,40469
6,10,39.1,40470
6,10,39.133,40471
6,10,39.167,40472
6,10,39.2,40473
6,10,39.233,40474
6,10,39.267,40475
6,10,39.3,40476
6,10,39.333,40477
6,10,39.367,40478
6,10,39.4,40479
6,10,39.433,40480
6,10,39.467,40481
6,10,39.5,40482
6,10,39.533,40483
6,10,39.567,40484
6,10,39.6,40485
6,10,39.633,40486
6,10,39.667,40487
6,10,39.7,40488
6,10,39.733,40489
6,10,39.767,40490
6,10,39.8,40491
6,10,39.833,40492
6,10,39.867,40493
6,10,39.9,40494
6,10,39.933,40495
6,10,39.967,40496
6,10,40,40497
6,10,40.033,40498
6,10,40.067,40499
6,10,40.1,40500
6,10,40.133,40501
6,10,40.167,40502
6,10,40.2,40503
6,10,40.233,40504
6,10,40.267,40505
6,10,40.3,40506
6,10,40.333,40507
6,10,40.367,40508
6,10,40.4,40509
6,10,40.433,40510
6,10,40.467,40511
6,10,40.5,40512
6,10,40.533,40513
6,10,40.567,40514
6,10,40.6,40515
6,10,40.633,40516
6,10,40.667,40517
6,10,40.7,40518
6,10,40.733,40519
6,10,40.767,40520
6,10,40.8,40521
6,10,40.833,40522
6,10,40.867,40523
6,10,40.9,40524
6,10,40.933,40525
6,10,40.967,40526
6,10,41,40527
6,10,41.033,40528
6,10,41.067,40529
6,10,41.1,40530
6,10,41.133,40531
6,10,41.167,40532
6,10,41.2,40533
6,10,41.233,40534
6,10,41.267,40535
6,10,41.3,40536
6,10,41.333,40537
6,10,41.367,40538
6,10,41.4,40539
6,10,41.433,40540
6,10,41.467,40541
6,10,41.5,40542
6,10,41.533,40543
6,10,41.567,40544
6,10,41.6,40545
6,10,41.633,40546
6,10,41.667,40547
6,10,41.7,40548
6,10,41.733,40549
6,10,41.767,40550
6,10,41.8,40551
6,10,41.833,40552
6,10,41.867,40553
6,10,41.9,40554
6,10,41.933,40555
6,10,41.967,40556
6,10,42,40557
6,10,42.033,40558
6,10,42.067,40559
6,10,42.1,40560
6,10,42.133,40561
6,10,42.167,40562
6,10,42.2,40563
6,10,42.233,40564
6,10,42.267,40565
6,10,42.3,40566
6,10,42.333,40567
6,10,42.367,40568
6,10,42.4,40569
6,10,42.433,40570
6,10,42.467,40571
6,10,42.5,40572
6,10,42.533,40573
6,10,42.567,40574
6,10,42.6,40575
6,10,42.633,40576
6,10,42.667,40577
6,10,42.7,40578
6,10,42.733,40579
6,10,42.767,40580
6,10,42.8,40581
6,10,42.833,40582
6,10,42.867,40583
6,10,42.9,40584
6,10,42.933,40585
6,10,42.967,40586
6,10,43,40587
6,10,43.033,40588
6,10,43.067,40589
6,10,43.1,40590
6,10,43.133,40591
6,10,43.167,40592
6,10,43.2,40593
6,10,43.233,40594
6,10,43.267,40595
6,10,43.3,40596
6,10,43.333,40597
6,10,43.367,40598
6,10,43.4,40599
6,10,43.433,40600
6,10,43.467,40601
6,10,43.5,40602
6,10,43.533,40603
6,10,43.567,40604
6,10,43.6,40605
6,10,43.633,40606
6,10,43.667,40607
6,10,43.7,40608
6,10,43.733,40609
6,10,43.767,40610
6,10,43.8,40611
6,10,43.833,40612
6,10,43.867,40613
6,10,43.9,40614
6,10,43.933,40615
6,10,43.967,40616
6,10,44,40617
6,10,0,40618
6,10,0.033,40619
6,10,0.067,40620
6,10,0.1,40621
6,10,0.133,40622
6,10,0.167,40623
6,10,0.2,40624
4,10,0.233,40625
4,10,0.267,40626
4,10,0.3,40627
4,10,0.333,40628
4,10,0.367,40629
4,10,0.4,40630
4,10,0.433,40631
4,10,0.467,40632
4,10,0.5,40633
4,10,0.533,40634
4,10,0.567,40635
4,10,0.6,40636
4,10,0.633,40637
4,10,0.667,40638
4,10,0.7,40639
4,10,0.733,40640
4,10,0.767,40641
4,10,0.8,40642
4,10,0.833,40643
4,10,0.867,40644
4,10,0.9,40645
4,10,0.933,40646
4,10,0.967,40647
4,10,1,40648
4,10,1.033,40649
4,10,1.067,40650
4,10,1.1,40651
4,10,1.133,40652
4,10,1.167,40653
4,10,1.2,40654
4,10,1.233,40655
4,10,1.267,40656
4,10,1.3,40657
4,10,1.333,40658
4,10,1.367,40659
4,10,1.4,40660
4,10,1.433,40661
4,10,1.467,40662
4,10,1.5,40663
4,10,1.533,40664
4,10,1.567,40665
4,10,1.6,40666
4,10,1.633,40667
4,10,1.667,40668
4,10,1.7,40669
4,10,1.733,40670
4,10,1.767,40671
4,10,1.8,40672
4,10,1.833,40673
4,10,1.867,40674
4,10,1.9,40675
4,10,1.933,40676
4,10,1.967,40677
4,10,2,40678
4,10,2.033,40679
4,10,2.067,40680
4,10,2.1,40681
4,10,2.133,40682
4,10,2.167,40683
4,10,2.2,40684
4,10,2.233,40685
4,10,2.267,40686
4,10,2.3,40687
4,10,2.333,40688
4,10,2.367,40689
4,10,2.4,40690
4,10,2.433,40691
4,10,2.467,40692
4,10,2.5,40693
4,10,2.533,40694
4,10,2.567,40695
4,10,2.6,40696
4,10,2.633,40697
4,10,2.667,40698
4,10,2.7,40699
4,10,2.733,40700
4,10,2.767,40701
4,10,2.8,40702
4,10,2.833,40703
4,10,2.867,40704
2,10,2.967,40705
2,10,3,40706
2,10,3.033,40707
2,10,3.067,40708
2,10,3.1,40709
2,10,3.133,40710
2,10,3.7,40711
2,10,3.733,40712
2,10,3.767,40713
2,10,3.8,40714
2,10,3.833,40715
2,10,3.867,40716
2,10,3.9,40717
2,10,3.933,40718
2,10,3.967,40719
2,10,4,40720
2,10,4.033,40721
2,10,4.067,40722
2,10,4.1,40723
2,10,4.133,40724
2,10,4.167,40725
2,10,4.2,40726
2,10,4.233,40727
2,10,4.267,40728
2,10,4.3,40729
2,10,4.333,40730
2,10,4.367,40731
2,10,4.4,40732
2,10,4.433,40733
2,10,4.467,40734
2,10,4.5,40735
2,10,4.533,40736
2,10,4.567,40737
2,10,4.6,40738
2,10,4.633,40739
2,10,4.667,40740
2,10,4.7,40741
2,10,4.733,40742
2,10,4.767,40743
2,10,4.8,40744
2,10,4.833,40745
2,10,4.867,40746
2,10,4.9,40747
2,10,4.933,40748
2,10,4.967,40749
2,10,5,40750
2,10,5.033,40751
2,10,5.067,40752
2,10,5.1,40753
2,10,5.133,40754
2,10,5.167,40755
2,10,5.2,40756
4,10,5.3,40757
3,10,5.367,40758
3,10,5.4,40759
3,10,5.433,40760
3,10,5.467,40761
3,10,5.5,40762
3,10,5.533,40763
3,10,5.567,40764
3,10,5.6,40765
3,10,5.633,40766
3,10,5.667,40767
3,10,5.7,40768
3,10,5.733,40769
3,10,5.767,40770
3,10,5.8,40771
3,10,5.833,40772
3,10,5.867,40773
3,10,5.9,40774
3,10,5.933,40775
3,10,5.967,40776
3,10,6,40777
3,10,6.033,40778
2,10,6.1,40779
2,10,6.133,40780
2,10,6.167,40781
2,10,6.2,40782
2,10,6.233,40783
2,10,6.267,40784
2,10,6.3,40785
2,10,6.333,40786
2,10,6.367,40787
2,10,6.4,40788
2,10,6.433,40789
2,10,6.467,40790
2,10,6.5,40791
2,10,6.533,40792
2,10,6.567,40793
2,10,6.6,40794
2,10,6.633,40795
2,10,6.667,40796
2,10,6.7,40797
2,10,6.733,40798
6,10,6.833,40799
6,10,6.867,40800
6,10,6.9,40801
6,10,6.933,40802
6,10,6.967,40803
6,10,7,40804
6,10,7.033,40805
6,10,7.067,40806
6,10,7.1,40807
6,10,7.133,40808
6,10,7.167,40809
6,10,7.2,40810
6,10,7.233,40811
6,10,7.267,40812
6,10,7.3,40813
6,10,7.333,40814
6,10,7.367,40815
6,10,7.4,40816
6,10,7.433,40817
6,10,7.467,40818
6,10,7.5,40819
6,10,7.533,40820
6,10,7.567,40821
6,10,7.6,40822
6,10,7.633,40823
6,10,7.667,40824
6,10,7.7,40825
6,10,7.733,40826
6,10,7.767,40827
6,10,7.8,40828
6,10,7.833,40829
6,10,7.867,40830
6,10,7.9,40831
6,10,7.933,40832
6,10,7.967,40833
6,10,8,40834
2,10,8.067,40835
2,10,8.1,40836
2,10,8.133,40837
2,10,8.167,40838
2,10,8.2,40839
2,10,8.233,40840
2,10,8.267,40841
2,10,8.3,40842
2,10,8.333,40843
2,10,8.367,40844
2,10,8.4,40845
2,10,8.433,40846
2,10,8.467,40847
2,10,8.5,40848
2,10,8.533,40849
2,10,8.567,40850
2,10,8.6,40851
2,10,8.633,40852
2,10,8.667,40853
2,10,8.7,40854
2,10,8.733,40855
2,10,8.767,40856
2,10,8.8,40857
2,10,8.833,40858
2,10,8.867,40859
2,10,8.9,40860
2,10,8.933,40861
2,10,8.967,40862
2,10,9,40863
2,10,9.033,40864
2,10,9.067,40865
2,10,9.1,40866
2,10,9.133,40867
2,10,9.167,40868
2,10,9.2,40869
2,10,9.233,40870
2,10,9.267,40871
2,10,9.3,40872
2,10,9.333,40873
2,10,9.367,40874
2,10,9.4,40875
2,10,9.433,40876
2,10,9.467,40877
2,10,9.5,40878
2,10,9.533,40879
2,10,9.567,40880
2,10,9.6,40881
2,10,9.633,40882
2,10,9.667,40883
2,10,9.7,40884
2,10,9.733,40885
2,10,9.767,40886
2,10,9.8,40887
1,10,9.867,40888
1,10,9.9,40889
3,10,10.1,40890
3,10,10.133,40891
3,10,10.167,40892
3,10,10.2,40893
3,10,10.233,40894
3,10,10.267,40895
3,10,10.3,40896
3,10,10.333,40897
3,10,10.367,40898
3,10,10.4,40899
3,10,10.433,40900
3,10,10.467,40901
3,10,10.5,40902
3,10,10.533,40903
3,10,10.567,40904
3,10,10.6,40905
3,10,10.633,40906
3,10,10.667,40907
3,10,10.7,40908
3,10,10.733,40909
3,10,10.767,40910
3,10,10.8,40911
3,10,10.833,40912
3,10,10.867,40913
3,10,10.9,40914
3,10,10.933,40915
3,10,10.967,40916
3,10,11,40917
3,10,11.033,40918
3,10,11.067,40919
3,10,11.1,40920
3,10,11.133,40921
3,10,11.167,40922
3,10,11.2,40923
3,10,11.233,40924
3,10,11.267,40925
3,10,11.3,40926
3,10,11.333,40927
3,10,11.367,40928
3,10,11.4,40929
3,10,11.433,40930
3,10,11.467,40931
3,10,11.5,40932
3,10,11.533,40933
3,10,11.567,40934
3,10,11.6,40935
3,10,11.633,40936
3,10,11.667,40937
3,10,11.7,40938
3,10,11.733,40939
3,10,11.767,40940
3,10,11.8,40941
3,10,11.833,40942
3,10,11.867,40943
3,10,11.9,40944
3,10,11.933,40945
3,10,11.967,40946
3,10,12,40947
3,10,12.033,40948
3,10,12.067,40949
3,10,12.1,40950
3,10,12.133,40951
3,10,12.167,40952
3,10,12.2,40953
3,10,12.233,40954
3,10,12.267,40955
3,10,12.3,40956
3,10,12.333,40957
3,10,12.367,40958
3,10,12.4,40959
3,10,12.433,40960
3,10,12.467,40961
3,10,12.5,40962
3,10,12.533,40963
3,10,12.567,40964
3,10,12.6,40965
3,10,12.633,40966
3,10,12.667,40967
3,10,12.7,40968
3,10,12.733,40969
3,10,12.767,40970
3,10,12.8,40971
3,10,12.833,40972
3,10,12.867,40973
3,10,12.9,40974
3,10,12.933,40975
3,10,12.967,40976
3,10,13,40977
3,10,13.033,40978
3,10,13.067,40979
3,10,13.1,40980
3,10,13.133,40981
3,10,13.167,40982
3,10,13.2,40983
3,10,13.233,40984
3,10,13.267,40985
3,10,13.3,40986
3,10,13.333,40987
3,10,13.367,40988
3,10,13.4,40989
3,10,13.433,40990
3,10,13.467,40991
3,10,13.5,40992
3,10,13.533,40993
3,10,13.567,40994
3,10,13.6,40995
3,10,13.633,40996
3,10,13.667,40997
3,10,13.7,40998
3,10,13.733,40999
3,10,13.767,41000
3,10,13.8,41001
3,10,13.833,41002
3,10,13.867,41003
3,10,13.9,41004
3,10,13.933,41005
3,10,13.967,41006
3,10,14,41007
3,10,14.033,41008
3,10,14.067,41009
3,10,14.1,41010
3,10,14.133,41011
3,10,14.167,41012
3,10,14.2,41013
3,10,14.233,41014
3,10,14.267,41015
3,10,14.3,41016
3,10,14.333,41017
3,10,14.367,41018
3,10,14.4,41019
3,10,14.433,41020
3,10,14.467,41021
3,10,14.5,41022
3,10,14.533,41023
3,10,14.567,41024
3,10,14.6,41025
3,10,14.633,41026
3,10,14.667,41027
3,10,14.7,41028
3,10,14.733,41029
3,10,14.767,41030
3,10,14.8,41031
3,10,14.833,41032
3,10,14.867,41033
3,10,14.9,41034
3,10,14.933,41035
3,10,14.967,41036
3,10,15,41037
3,10,15.033,41038
3,10,15.067,41039
3,10,15.1,41040
3,10,15.133,41041
3,10,15.167,41042
3,10,15.2,41043
3,10,15.233,41044
3,10,15.267,41045
3,10,15.3,41046
3,10,15.333,41047
3,10,15.367,41048
3,10,15.4,41049
3,10,15.433,41050
3,10,15.467,41051
3,10,15.5,41052
3,10,15.533,41053
3,10,15.567,41054
3,10,15.6,41055
3,10,15.633,41056
3,10,15.667,41057
3,10,15.7,41058
3,10,15.733,41059
3,10,15.767,41060
2,10,17,41061
2,10,17.033,41062
2,10,17.067,41063
2,10,17.1,41064
2,10,17.133,41065
2,10,17.167,41066
2,10,17.2,41067
2,10,17.233,41068
2,10,17.267,41069
2,10,17.3,41070
2,10,17.333,41071
2,10,17.367,41072
2,10,17.4,41073
2,10,17.433,41074
1,10,17.5,41075
1,10,17.533,41076
1,10,17.567,41077
1,10,17.6,41078
1,10,17.633,41079
1,10,17.667,41080
1,10,17.7,41081
1,10,17.733,41082
1,10,17.767,41083
1,10,17.8,41084
1,10,17.833,41085
1,10,17.867,41086
1,10,17.9,41087
1,10,17.933,41088
1,10,17.967,41089
1,10,18,41090
1,10,18.033,41091
1,10,18.067,41092
1,10,18.1,41093
1,10,18.133,41094
1,10,18.167,41095
1,10,18.2,41096
1,10,18.233,41097
1,10,18.267,41098
1,10,18.3,41099
1,10,18.333,41100
1,10,18.367,41101
1,10,18.4,41102
1,10,18.433,41103
1,10,18.467,41104
1,10,18.5,41105
1,10,18.533,41106
1,10,18.567,41107
1,10,18.6,41108
1,10,18.633,41109
1,10,18.667,41110
1,10,18.7,41111
1,10,18.733,41112
1,10,18.767,41113
1,10,18.8,41114
1,10,18.833,41115
1,10,18.867,41116
1,10,18.9,41117
1,10,18.933,41118
1,10,18.967,41119
1,10,19,41120
1,10,19.033,41121
1,10,19.067,41122
1,10,19.1,41123
1,10,19.133,41124
1,10,19.167,41125
1,10,19.2,41126
1,10,19.233,41127
1,10,19.267,41128
1,10,19.3,41129
1,10,19.333,41130
1,10,19.367,41131
1,10,19.4,41132
1,10,19.433,41133
1,10,19.467,41134
1,10,19.5,41135
1,10,19.533,41136
1,10,19.567,41137
1,10,19.6,41138
1,10,19.633,41139
1,10,19.667,41140
1,10,19.7,41141
1,10,19.733,41142
1,10,19.767,41143
1,10,19.8,41144
1,10,19.833,41145
1,10,19.867,41146
1,10,19.9,41147
1,10,19.933,41148
1,10,19.967,41149
1,10,20,41150
1,10,20.033,41151
1,10,20.067,41152
1,10,20.1,41153
1,10,20.133,41154
1,10,20.167,41155
1,10,20.2,41156
1,10,20.233,41157
1,10,20.267,41158
1,10,20.3,41159
1,10,20.333,41160
1,10,20.367,41161
1,10,20.4,41162
1,10,20.433,41163
1,10,20.467,41164
1,10,20.5,41165
1,10,20.533,41166
1,10,20.567,41167
1,10,20.6,41168
1,10,20.633,41169
1,10,20.667,41170
1,10,20.7,41171
1,10,20.733,41172
1,10,20.767,41173
1,10,20.8,41174
1,10,20.833,41175
1,10,20.867,41176
1,10,20.9,41177
1,10,20.933,41178
1,10,20.967,41179
1,10,21,41180
1,10,21.033,41181
1,10,21.067,41182
1,10,21.1,41183
1,10,21.133,41184
1,10,21.167,41185
1,10,21.2,41186
1,10,21.233,41187
1,10,21.267,41188
1,10,21.3,41189
1,10,21.333,41190
1,10,21.367,41191
1,10,21.4,41192
1,10,21.433,41193
1,10,21.467,41194
1,10,21.5,41195
1,10,21.533,41196
1,10,21.567,41197
1,10,21.6,41198
1,10,21.633,41199
1,10,21.667,41200
1,10,21.7,41201
1,10,21.733,41202
1,10,21.767,41203
1,10,21.8,41204
1,10,21.833,41205
1,10,21.867,41206
1,10,21.9,41207
1,10,21.933,41208
1,10,21.967,41209
1,10,22,41210
1,10,22.033,41211
1,10,22.067,41212
1,10,22.1,41213
1,10,22.133,41214
1,10,22.167,41215
1,10,22.2,41216
1,10,22.233,41217
1,10,22.267,41218
1,10,22.3,41219
1,10,22.333,41220
1,10,22.367,41221
1,10,22.4,41222
1,10,22.433,41223
1,10,22.467,41224
1,10,22.5,41225
1,10,22.533,41226
1,10,22.567,41227
1,10,22.6,41228
1,10,22.633,41229
1,10,22.667,41230
1,10,22.7,41231
1,10,22.733,41232
1,10,22.767,41233
1,10,22.8,41234
1,10,22.833,41235
1,10,22.867,41236
1,10,22.9,41237
1,10,22.933,41238
1,10,22.967,41239
1,10,23,41240
1,10,23.033,41241
1,10,23.067,41242
1,10,23.1,41243
1,10,23.133,41244
1,10,23.167,41245
1,10,23.2,41246
1,10,23.233,41247
1,10,23.267,41248
1,10,23.3,41249
1,10,23.333,41250
1,10,23.367,41251
1,10,23.4,41252
1,10,23.433,41253
2,10,23.733,41254
2,10,23.767,41255
2,10,23.8,41256
2,10,23.833,41257
2,10,23.867,41258
2,10,23.9,41259
2,10,23.933,41260
2,10,23.967,41261
2,10,24,41262
2,10,24.033,41263
2,10,24.067,41264
2,10,24.1,41265
2,10,24.133,41266
2,10,24.167,41267
2,10,24.2,41268
2,10,24.233,41269
2,10,24.267,41270
2,10,24.3,41271
2,10,24.333,41272
2,10,24.367,41273
2,10,24.4,41274
2,10,24.433,41275
2,10,24.467,41276
2,10,24.5,41277
1,10,24.533,41278
1,10,24.567,41279
1,10,24.6,41280
1,10,24.633,41281
1,10,24.667,41282
1,10,24.7,41283
1,10,24.733,41284
1,10,24.767,41285
1,10,24.8,41286
1,10,24.833,41287
1,10,24.867,41288
1,10,24.9,41289
1,10,24.933,41290
1,10,24.967,41291
1,10,25,41292
1,10,25.033,41293
1,10,25.067,41294
1,10,25.1,41295
1,10,25.133,41296
1,10,25.167,41297
1,10,25.2,41298
1,10,25.233,41299
1,10,25.267,41300
1,10,25.3,41301
1,10,25.333,41302
1,10,25.367,41303
1,10,25.4,41304
1,10,25.433,41305
1,10,25.467,41306
1,10,25.5,41307
1,10,25.533,41308
1,10,25.567,41309
1,10,25.6,41310
1,10,25.633,41311
1,10,25.667,41312
1,10,25.7,41313
1,10,25.733,41314
1,10,25.767,41315
1,10,25.8,41316
1,10,25.833,41317
1,10,25.867,41318
1,10,25.9,41319
1,10,25.933,41320
1,10,25.967,41321
1,10,26,41322
1,10,26.033,41323
1,10,26.067,41324
1,10,26.1,41325
1,10,26.133,41326
1,10,26.167,41327
1,10,26.2,41328
1,10,26.233,41329
1,10,26.267,41330
1,10,26.3,41331
2,10,26.433,41332
2,10,26.467,41333
2,10,26.5,41334
2,10,26.533,41335
2,10,26.567,41336
2,10,26.6,41337
2,10,26.633,41338
2,10,26.667,41339
2,10,26.7,41340
2,10,26.733,41341
2,10,26.767,41342
2,10,26.8,41343
2,10,26.833,41344
2,10,26.867,41345
2,10,26.9,41346
2,10,26.933,41347
2,10,26.967,41348
2,10,27,41349
2,10,27.033,41350
2,10,27.067,41351
2,10,27.1,41352
2,10,27.133,41353
2,10,27.167,41354
2,10,27.2,41355
2,10,27.233,41356
2,10,27.267,41357
2,10,27.3,41358
2,10,27.333,41359
2,10,27.367,41360
2,10,27.4,41361
2,10,27.433,41362
2,10,27.467,41363
2,10,27.5,41364
2,10,27.533,41365
2,10,27.567,41366
1,10,27.667,41367
1,10,27.7,41368
1,10,27.733,41369
1,10,27.767,41370
1,10,27.8,41371
1,10,27.833,41372
1,10,27.867,41373
1,10,27.9,41374
1,10,27.933,41375
1,10,27.967,41376
1,10,28,41377
1,10,28.033,41378
1,10,28.067,41379
1,10,28.1,41380
1,10,28.133,41381
1,10,28.167,41382
1,10,28.2,41383
1,10,28.233,41384
1,10,28.267,41385
1,10,28.3,41386
1,10,28.333,41387
1,10,28.367,41388
1,10,28.4,41389
1,10,28.433,41390
1,10,28.467,41391
1,10,28.5,41392
1,10,28.533,41393
1,10,28.567,41394
1,10,28.6,41395
1,10,28.633,41396
1,10,28.667,41397
1,10,28.7,41398
1,10,28.733,41399
1,10,28.767,41400
1,10,28.8,41401
1,10,28.833,41402
1,10,28.867,41403
1,10,28.9,41404
1,10,28.933,41405
1,10,28.967,41406
1,10,29,41407
1,10,29.033,41408
1,10,29.067,41409
1,10,29.1,41410
1,10,29.133,41411
1,10,29.167,41412
1,10,29.2,41413
1,10,29.233,41414
1,10,29.267,41415
1,10,29.3,41416
1,10,29.333,41417
1,10,29.367,41418
1,10,29.4,41419
1,10,29.433,41420
1,10,29.467,41421
1,10,29.5,41422
1,10,29.533,41423
1,10,29.567,41424
1,10,29.6,41425
1,10,29.633,41426
1,10,29.667,41427
1,10,29.7,41428
1,10,29.733,41429
1,10,29.767,41430
1,10,29.8,41431
1,10,29.833,41432
1,10,29.867,41433
1,10,29.9,41434
1,10,29.933,41435
1,10,29.967,41436
1,10,30,41437
1,10,30.033,41438
1,10,30.067,41439
1,10,30.1,41440
2,10,30.167,41441
4,10,30.267,41442
4,10,30.3,41443
6,10,30.333,41444
6,10,30.367,41445
6,10,30.7,41446
6,10,30.733,41447
6,10,30.767,41448
6,10,30.8,41449
6,10,30.833,41450
6,10,30.867,41451
6,10,30.9,41452
6,10,30.933,41453
6,10,30.967,41454
6,10,31,41455
6,10,31.033,41456
6,10,31.067,41457
6,10,31.1,41458
6,10,31.133,41459
6,10,31.167,41460
6,10,31.2,41461
6,10,31.233,41462
6,10,31.267,41463
6,10,31.3,41464
6,10,31.333,41465
6,10,31.367,41466
6,10,31.4,41467
6,10,31.433,41468
6,10,31.467,41469
6,10,31.5,41470
6,10,31.533,41471
6,10,31.567,41472
6,10,31.6,41473
6,10,31.633,41474
6,10,31.667,41475
6,10,31.7,41476
6,10,31.733,41477
6,10,31.767,41478
6,10,31.8,41479
6,10,31.833,41480
6,10,31.867,41481
6,10,31.9,41482
6,10,31.933,41483
6,10,31.967,41484
6,10,32,41485
6,10,32.033,41486
4,10,32.1,41487
4,10,32.133,41488
4,10,32.167,41489
2,10,32.467,41490
2,10,32.5,41491
2,10,32.7,41492
2,10,32.733,41493
2,10,32.767,41494
2,10,32.8,41495
2,10,32.833,41496
2,10,32.867,41497
2,10,32.9,41498
2,10,32.933,41499
2,10,32.967,41500
2,10,33,41501
2,10,33.033,41502
2,10,33.067,41503
2,10,33.1,41504
2,10,33.133,41505
2,10,33.167,41506
2,10,33.2,41507
2,10,33.233,41508
2,10,33.267,41509
2,10,33.3,41510
1,10,33.333,41511
1,10,33.367,41512
1,10,33.4,41513
1,10,33.433,41514
1,10,33.467,41515
1,10,33.5,41516
1,10,33.533,41517
1,10,33.567,41518
1,10,33.6,41519
1,10,33.633,41520
1,10,33.667,41521
1,10,33.7,41522
1,10,33.733,41523
1,10,33.767,41524
1,10,33.8,41525
1,10,33.833,41526
1,10,33.867,41527
1,10,33.9,41528
1,10,33.933,41529
1,10,33.967,41530
1,10,34,41531
1,10,34.033,41532
1,10,34.067,41533
1,10,34.1,41534
1,10,34.133,41535
1,10,34.167,41536
1,10,34.2,41537
1,10,34.233,41538
1,10,34.267,41539
1,10,34.3,41540
1,10,34.333,41541
1,10,34.367,41542
1,10,34.4,41543
1,10,34.433,41544
1,10,34.467,41545
1,10,34.5,41546
1,10,34.533,41547
1,10,34.567,41548
1,10,34.6,41549
1,10,34.633,41550
1,10,34.667,41551
1,10,34.7,41552
1,10,34.733,41553
1,10,34.767,41554
1,10,34.8,41555
1,10,34.833,41556
1,10,34.867,41557
1,10,34.9,41558
1,10,34.933,41559
1,10,34.967,41560
1,10,35,41561
1,10,35.033,41562
1,10,35.067,41563
1,10,35.1,41564
1,10,35.133,41565
1,10,35.167,41566
1,10,35.2,41567
1,10,35.233,41568
1,10,35.267,41569
1,10,35.3,41570
1,10,35.333,41571
1,10,35.367,41572
1,10,35.4,41573
1,10,35.433,41574
1,10,35.467,41575
1,10,35.5,41576
1,10,35.533,41577
1,10,35.567,41578
1,10,35.6,41579
1,10,35.633,41580
1,10,35.667,41581
1,10,35.7,41582
1,10,35.733,41583
1,10,35.767,41584
1,10,35.8,41585
1,10,35.833,41586
1,10,35.867,41587
1,10,35.9,41588
2,10,36,41589
2,10,36.033,41590
2,10,36.067,41591
2,10,36.1,41592
2,10,36.133,41593
2,10,36.167,41594
2,10,36.2,41595
2,10,36.233,41596
2,10,36.267,41597
2,10,36.3,41598
2,10,36.333,41599
2,10,36.367,41600
2,10,36.4,41601
2,10,36.433,41602
2,10,36.467,41603
2,10,36.5,41604
2,10,36.533,41605
2,10,36.567,41606
2,10,36.6,41607
2,10,36.633,41608
2,10,36.667,41609
2,10,36.7,41610
2,10,36.733,41611
2,10,36.767,41612
2,10,36.8,41613
2,10,36.833,41614
2,10,36.867,41615
2,10,36.9,41616
2,10,36.933,41617
2,10,36.967,41618
2,10,37,41619
2,10,37.033,41620
2,10,37.067,41621
2,10,37.1,41622
2,10,37.133,41623
2,10,37.167,41624
2,10,37.2,41625
2,10,37.233,41626
2,10,37.267,41627
2,10,37.3,41628
2,10,37.333,41629
2,10,37.367,41630
2,10,37.4,41631
2,10,37.433,41632
2,10,37.467,41633
2,10,37.5,41634
2,10,37.533,41635
2,10,37.567,41636
2,10,37.6,41637
2,10,37.633,41638
2,10,37.667,41639
2,10,37.7,41640
2,10,37.733,41641
2,10,37.767,41642
2,10,37.8,41643
2,10,37.833,41644
2,10,37.867,41645
2,10,37.9,41646
2,10,37.933,41647
2,10,37.967,41648
2,10,38,41649
2,10,38.033,41650
2,10,38.067,41651
2,10,38.1,41652
2,10,38.133,41653
2,10,38.167,41654
2,10,38.2,41655
2,10,38.233,41656
2,10,38.267,41657
2,10,38.3,41658
2,10,38.333,41659
2,10,38.367,41660
2,10,38.4,41661
2,10,38.433,41662
2,10,38.467,41663
2,10,38.5,41664
2,10,38.533,41665
2,10,38.567,41666
2,10,38.6,41667
2,10,38.633,41668
2,10,38.667,41669
2,10,38.7,41670
2,10,38.733,41671
2,10,38.767,41672
2,10,38.8,41673
2,10,38.833,41674
2,10,38.867,41675
2,10,38.9,41676
2,10,38.933,41677
2,10,38.967,41678
2,10,39,41679
2,10,39.033,41680
2,10,39.067,41681
2,10,39.1,41682
2,10,39.133,41683
2,10,39.167,41684
2,10,39.2,41685
2,10,39.233,41686
2,10,39.267,41687
2,10,39.3,41688
2,10,39.333,41689
2,10,39.367,41690
2,10,39.4,41691
2,10,39.433,41692
2,10,39.467,41693
2,10,39.5,41694
2,10,39.533,41695
2,10,39.567,41696
2,10,39.6,41697
2,10,39.633,41698
2,10,39.667,41699
2,10,39.7,41700
2,10,39.733,41701
2,10,39.767,41702
2,10,39.8,41703
2,10,39.833,41704
2,10,39.867,41705
2,10,39.9,41706
2,10,39.933,41707
2,10,39.967,41708
2,10,40,41709
2,10,40.033,41710
2,10,40.067,41711
2,10,40.1,41712
2,10,40.133,41713
2,10,40.167,41714
2,10,40.2,41715
2,10,40.233,41716
2,10,40.267,41717
2,10,40.3,41718
2,10,40.333,41719
2,10,40.367,41720
2,10,40.4,41721
2,10,40.433,41722
2,10,40.467,41723
2,10,40.5,41724
2,10,40.533,41725
2,10,40.567,41726
2,10,40.6,41727
2,10,40.633,41728
2,10,40.667,41729
1,10,40.7,41730
1,10,40.733,41731
1,10,40.767,41732
1,10,40.8,41733
1,10,40.833,41734
1,10,40.867,41735
1,10,40.9,41736
1,10,40.933,41737
1,10,40.967,41738
1,10,41,41739
1,10,41.033,41740
1,10,41.067,41741
1,10,41.1,41742
1,10,41.133,41743
1,10,41.167,41744
1,10,41.2,41745
1,10,41.233,41746
1,10,41.267,41747
1,10,41.3,41748
1,10,41.333,41749
1,10,41.367,41750
1,10,41.4,41751
1,10,41.433,41752
1,10,41.467,41753
1,10,41.5,41754
1,10,41.533,41755
1,10,41.567,41756
1,10,41.6,41757
1,10,0,41758
1,10,0.033,41759
1,10,0.067,41760
1,10,0.1,41761
1,10,0.133,41762
1,10,0.167,41763
1,10,0.2,41764
1,10,0.233,41765
1,10,0.267,41766
2,10,0.3,41767
2,10,0.333,41768
2,10,0.367,41769
2,10,0.4,41770
2,10,0.433,41771
2,10,0.467,41772
2,10,0.5,41773
2,10,0.533,41774
2,10,0.567,41775
2,10,0.6,41776
2,10,0.633,41777
2,10,0.667,41778
2,10,0.7,41779
2,10,0.733,41780
2,10,0.767,41781
2,10,0.8,41782
2,10,0.833,41783
2,10,0.867,41784
2,10,0.9,41785
2,10,0.933,41786
2,10,0.967,41787
2,10,1,41788
2,10,1.033,41789
2,10,1.067,41790
2,10,1.1,41791
2,10,1.133,41792
2,10,1.167,41793
2,10,1.2,41794
2,10,1.233,41795
2,10,1.267,41796
2,10,1.3,41797
2,10,1.333,41798
2,10,1.367,41799
2,10,1.4,41800
2,10,1.433,41801
2,10,1.467,41802
2,10,1.5,41803
2,10,1.533,41804
2,10,1.567,41805
2,10,1.6,41806
2,10,1.633,41807
2,10,1.667,41808
2,10,1.7,41809
2,10,1.733,41810
2,10,1.767,41811
2,10,1.8,41812
2,10,1.833,41813
2,10,1.867,41814
2,10,1.9,41815
2,10,1.933,41816
2,10,1.967,41817
2,10,2,41818
2,10,2.033,41819
2,10,2.067,41820
2,10,2.1,41821
2,10,2.133,41822
2,10,2.167,41823
2,10,2.2,41824
2,10,2.233,41825
2,10,2.267,41826
5,10,2.3,41827
5,10,2.333,41828
5,10,2.367,41829
5,10,2.4,41830
5,10,2.433,41831
5,10,2.467,41832
5,10,2.5,41833
5,10,2.533,41834
5,10,0,41835
5,10,0.033,41836
5,10,0.067,41837
5,10,0.1,41838
5,10,0.133,41839
5,10,0.167,41840
5,10,0.2,41841
5,10,0.233,41842
5,10,0.267,41843
5,10,0.3,41844
5,10,0.333,41845
2,10,0.367,41846
2,10,0.4,41847
2,10,0.433,41848
2,10,0.467,41849
2,10,0.5,41850
2,10,0.533,41851
2,10,0.567,41852
2,10,0.6,41853
2,10,0.633,41854
2,10,0.667,41855
2,10,0.7,41856
2,10,0.733,41857
2,10,0.767,41858
2,10,0.8,41859
2,10,0.833,41860
2,10,0.867,41861
2,10,0.9,41862
2,10,0.933,41863
2,10,0.967,41864
2,10,1,41865
2,10,1.033,41866
2,10,1.067,41867
2,10,1.1,41868
2,10,1.133,41869
2,10,1.167,41870
2,10,1.2,41871
2,10,1.233,41872
2,10,1.267,41873
2,10,1.3,41874
2,10,1.333,41875
2,10,1.367,41876
2,10,1.4,41877
2,10,1.433,41878
2,10,1.467,41879
2,10,1.5,41880
2,10,1.533,41881
2,10,1.567,41882
2,10,1.6,41883
2,10,1.633,41884
2,10,1.667,41885
2,10,1.7,41886
2,10,1.733,41887
2,10,1.767,41888
2,10,1.8,41889
2,10,1.833,41890
2,10,1.867,41891
2,10,1.9,41892
2,10,1.933,41893
2,10,1.967,41894
2,10,2,41895
2,10,2.033,41896
2,10,2.067,41897
2,10,2.1,41898
2,10,2.133,41899
2,10,2.167,41900
2,10,2.2,41901
2,10,2.233,41902
2,10,2.267,41903
2,10,2.3,41904
2,10,2.333,41905
2,10,2.367,41906
2,10,2.4,41907
2,10,2.433,41908
2,10,2.467,41909
2,10,2.5,41910
2,10,2.533,41911
2,10,2.567,41912
2,10,2.6,41913
2,10,2.633,41914
2,10,2.667,41915
2,10,2.7,41916
2,10,2.733,41917
2,10,2.767,41918
2,10,2.8,41919
2,10,2.833,41920
2,10,2.867,41921
2,10,2.9,41922
2,10,2.933,41923
2,10,2.967,41924
2,10,3,41925
2,10,3.033,41926
3,10,3.1,41927
3,10,3.133,41928
3,10,3.167,41929
3,10,3.2,41930
3,10,3.233,41931
3,10,3.267,41932
3,10,3.3,41933
3,10,0,41934
3,10,0.033,41935
3,10,0.067,41936
3,10,0.1,41937
3,10,0.133,41938
3,10,0.167,41939
3,10,0.2,41940
3,10,0.233,41941
3,10,0.267,41942
3,10,0.3,41943
3,10,0.333,41944
3,10,0.367,41945
3,10,0.4,41946
3,10,0.433,41947
2,10,0.5,41948
2,10,0.533,41949
2,10,0.567,41950
2,10,0.6,41951
2,10,0.633,41952
2,10,0.667,41953
2,10,0.7,41954
2,10,0.733,41955
2,10,0.767,41956
2,10,0.8,41957
2,10,0.833,41958
2,10,0.867,41959
2,10,0.9,41960
2,10,0.933,41961
2,10,0.967,41962
2,10,1,41963
2,10,1.033,41964
2,10,1.067,41965
2,10,1.1,41966
2,10,1.133,41967
2,10,1.167,41968
2,10,1.2,41969
2,10,1.233,41970
2,10,1.267,41971
2,10,1.3,41972
2,10,1.333,41973
2,10,1.367,41974
2,10,1.4,41975
2,10,1.433,41976
2,10,1.467,41977
2,10,1.5,41978
2,10,0,41979
2,10,0.033,41980
2,10,0.067,41981
2,10,0.1,41982
2,10,0.133,41983
2,10,0.167,41984
2,10,0.2,41985
2,10,0.233,41986
2,10,0.267,41987
2,10,0.3,41988
2,10,0.333,41989
2,10,0.367,41990
2,10,0.4,41991
2,10,0.433,41992
2,10,0.467,41993
2,10,0.5,41994
2,10,0.533,41995
2,10,0.567,41996
2,10,0.6,41997
2,10,0.633,41998
2,10,0.667,41999
2,10,0.7,42000
2,10,0.733,42001
2,10,0.767,42002
2,10,0.8,42003
2,10,0.833,42004
2,10,0.867,42005
2,10,0.9,42006
2,10,0.933,42007
2,10,0.967,42008
2,10,1,42009
2,10,1.033,42010
2,10,1.067,42011
2,10,1.1,42012
2,10,1.133,42013
2,10,1.167,42014
2,10,1.2,42015
2,10,1.233,42016
2,10,1.267,42017
2,10,1.3,42018
2,10,1.333,42019
2,10,1.367,42020
2,10,1.4,42021
2,10,1.433,42022
2,10,1.467,42023
2,10,1.5,42024
2,10,1.533,42025
2,10,1.567,42026
2,10,1.6,42027
2,10,1.633,42028
2,10,1.667,42029
2,10,1.7,42030
2,10,1.733,42031
2,10,1.767,42032
2,10,1.8,42033
2,10,1.833,42034
2,10,1.867,42035
2,10,1.9,42036
2,10,1.933,42037
2,10,1.967,42038
2,10,2,42039
2,10,2.033,42040
2,10,2.067,42041
2,10,2.1,42042
2,10,2.133,42043
2,10,2.167,42044
2,10,2.2,42045
2,10,2.233,42046
2,10,2.267,42047
2,10,2.3,42048
2,10,2.333,42049
2,10,2.367,42050
2,10,2.4,42051
2,10,2.433,42052
2,10,2.467,42053
2,10,2.5,42054
2,10,2.533,42055
2,10,2.567,42056
2,10,2.6,42057
2,10,2.633,42058
2,10,2.667,42059
2,10,2.7,42060
2,10,2.733,42061
2,10,2.767,42062
2,10,2.8,42063
2,10,2.833,42064
4,10,2.933,42065
6,10,3,42066
6,10,3.033,42067
6,10,3.067,42068
6,10,3.1,42069
6,10,3.133,42070
6,10,3.167,42071
6,10,3.2,42072
6,10,3.233,42073
6,10,3.267,42074
6,10,3.3,42075
6,10,3.333,42076
6,10,3.367,42077
6,10,3.4,42078
6,10,3.433,42079
6,10,3.467,42080
6,10,3.5,42081
6,10,3.533,42082
6,10,3.567,42083
6,10,3.6,42084
6,10,3.633,42085
6,10,3.667,42086
6,10,3.7,42087
6,10,3.733,42088
6,10,3.767,42089
6,10,3.8,42090
6,10,3.833,42091
6,10,3.867,42092
6,10,3.9,42093
6,10,3.933,42094
6,10,3.967,42095
6,10,4,42096
6,10,4.033,42097
6,10,4.067,42098
6,10,4.1,42099
6,10,4.133,42100
6,10,4.167,42101
6,10,4.2,42102
6,10,4.233,42103
6,10,4.267,42104
6,10,4.3,42105
6,10,4.333,42106
6,10,4.367,42107
6,10,4.4,42108
6,10,4.433,42109
6,10,4.467,42110
6,10,4.5,42111
6,10,4.533,42112
6,10,4.567,42113
6,10,4.6,42114
6,10,4.633,42115
6,10,4.667,42116
6,10,4.7,42117
6,10,4.733,42118
6,10,4.767,42119
6,10,4.8,42120
6,10,4.833,42121
6,10,4.867,42122
6,10,4.9,42123
6,10,4.933,42124
6,10,4.967,42125
6,10,5,42126
6,10,5.033,42127
6,10,5.067,42128
6,10,5.1,42129
6,10,5.133,42130
6,10,5.167,42131
6,10,5.2,42132
6,10,5.233,42133
6,10,5.267,42134
6,10,5.3,42135
6,10,5.333,42136
6,10,5.367,42137
6,10,5.4,42138
6,10,5.433,42139
6,10,5.467,42140
6,10,5.5,42141
6,10,5.533,42142
6,10,5.567,42143
6,10,5.6,42144
6,10,5.633,42145
6,10,5.667,42146
6,10,5.7,42147
6,10,5.733,42148
6,10,5.767,42149
6,10,5.8,42150
6,10,5.833,42151
6,10,5.867,42152
6,10,5.9,42153
6,10,5.933,42154
6,10,5.967,42155
6,10,6,42156
6,10,6.033,42157
6,10,6.067,42158
6,10,6.1,42159
6,10,6.133,42160
6,10,6.167,42161
6,10,6.2,42162
6,10,6.233,42163
6,10,6.267,42164
6,10,6.3,42165
6,10,6.333,42166
6,10,6.367,42167
6,10,6.4,42168
6,10,6.433,42169
6,10,6.467,42170
6,10,6.5,42171
6,10,6.533,42172
6,10,6.567,42173
6,10,6.6,42174
1,11,0.933,42175
1,11,0.967,42176
1,11,1,42177
1,11,1.033,42178
1,11,1.067,42179
1,11,1.1,42180
1,11,1.133,42181
1,11,1.167,42182
1,11,1.2,42183
1,11,1.233,42184
1,11,1.267,42185
1,11,1.3,42186
1,11,1.333,42187
1,11,1.367,42188
1,11,1.4,42189
1,11,1.433,42190
1,11,1.467,42191
1,11,1.5,42192
1,11,1.533,42193
1,11,1.567,42194
1,11,1.6,42195
1,11,1.633,42196
1,11,1.667,42197
1,11,1.7,42198
1,11,1.733,42199
1,11,1.767,42200
1,11,1.8,42201
1,11,1.833,42202
1,11,1.867,42203
1,11,1.9,42204
1,11,1.933,42205
1,11,1.967,42206
1,11,2,42207
1,11,2.033,42208
1,11,2.067,42209
1,11,2.1,42210
1,11,2.133,42211
1,11,2.167,42212
1,11,2.2,42213
1,11,2.233,42214
1,11,2.267,42215
1,11,2.3,42216
1,11,2.333,42217
1,11,2.367,42218
1,11,2.4,42219
1,11,2.433,42220
1,11,2.467,42221
1,11,2.5,42222
1,11,2.533,42223
1,11,2.567,42224
1,11,2.6,42225
1,11,2.633,42226
1,11,2.667,42227
1,11,2.7,42228
1,11,2.733,42229
1,11,2.767,42230
1,11,2.8,42231
1,11,2.833,42232
1,11,2.867,42233
1,11,2.9,42234
1,11,2.933,42235
1,11,2.967,42236
6,11,3,42237
5,11,3.067,42238
5,11,3.1,42239
5,11,3.233,42240
5,11,3.267,42241
5,11,3.3,42242
5,11,3.333,42243
5,11,3.367,42244
5,11,3.4,42245
5,11,3.433,42246
5,11,3.467,42247
5,11,3.5,42248
5,11,3.533,42249
5,11,3.567,42250
5,11,0,42251
5,11,0.033,42252
5,11,0.067,42253
5,11,0.1,42254
5,11,0.133,42255
5,11,0.167,42256
5,11,0.2,42257
5,11,0.233,42258
5,11,0.267,42259
5,11,0.3,42260
5,11,0.333,42261
5,11,0.367,42262
5,11,0.4,42263
5,11,0.433,42264
5,11,0.467,42265
5,11,0.5,42266
5,11,0.533,42267
5,11,0.567,42268
5,11,0.6,42269
5,11,0.633,42270
5,11,0.667,42271
5,11,0.7,42272
5,11,0.733,42273
5,11,0.767,42274
5,11,0.8,42275
5,11,0.833,42276
5,11,0.867,42277
5,11,0.9,42278
5,11,0.933,42279
5,11,0.967,42280
5,11,1,42281
5,11,1.033,42282
5,11,1.067,42283
5,11,1.1,42284
5,11,1.133,42285
5,11,1.167,42286
5,11,1.2,42287
5,11,1.233,42288
5,11,1.267,42289
5,11,1.3,42290
5,11,1.333,42291
5,11,1.367,42292
5,11,1.4,42293
5,11,1.433,42294
5,11,2.467,42295
5,11,2.5,42296
5,11,2.533,42297
5,11,2.567,42298
5,11,2.6,42299
5,11,2.633,42300
5,11,2.667,42301
5,11,2.7,42302
5,11,2.733,42303
5,11,2.767,42304
5,11,2.8,42305
5,11,2.833,42306
5,11,2.867,42307
5,11,2.9,42308
5,11,2.933,42309
5,11,2.967,42310
5,11,3,42311
5,11,3.033,42312
5,11,3.067,42313
5,11,3.1,42314
5,11,3.133,42315
5,11,3.167,42316
4,11,8.3,42317
4,11,8.333,42318
4,11,8.367,42319
4,11,8.4,42320
4,11,8.433,42321
4,11,8.467,42322
4,11,8.5,42323
4,11,8.533,42324
4,11,8.567,42325
4,11,8.6,42326
4,11,8.633,42327
4,11,8.667,42328
4,11,8.7,42329
4,11,8.733,42330
4,11,8.767,42331
4,11,8.8,42332
4,11,8.833,42333
4,11,8.867,42334
4,11,8.9,42335
4,11,8.933,42336
4,11,8.967,42337
4,11,9,42338
4,11,9.033,42339
4,11,9.067,42340
4,11,9.1,42341
4,11,9.133,42342
4,11,9.167,42343
4,11,9.2,42344
4,11,9.233,42345
4,11,9.267,42346
4,11,9.3,42347
4,11,9.333,42348
4,11,9.367,42349
4,11,9.4,42350
4,11,9.433,42351
4,11,9.467,42352
4,11,9.5,42353
4,11,9.533,42354
4,11,9.567,42355
4,11,9.6,42356
4,11,9.633,42357
4,11,9.667,42358
4,11,9.7,42359
4,11,9.733,42360
4,11,9.767,42361
4,11,9.8,42362
4,11,9.833,42363
4,11,9.867,42364
4,11,9.9,42365
4,11,9.933,42366
4,11,9.967,42367
4,11,10,42368
4,11,10.033,42369
4,11,10.067,42370
4,11,10.1,42371
4,11,10.133,42372
4,11,10.167,42373
4,11,10.2,42374
4,11,10.233,42375
4,11,10.267,42376
4,11,10.3,42377
4,11,10.333,42378
4,11,10.367,42379
4,11,10.4,42380
4,11,10.433,42381
4,11,0,42382
4,11,0.033,42383
4,11,0.067,42384
4,11,0.1,42385
4,11,0.133,42386
4,11,0.167,42387
4,11,0.2,42388
4,11,0.233,42389
4,11,0.267,42390
4,11,0.3,42391
4,11,0.333,42392
4,11,0.367,42393
4,11,0.4,42394
4,11,0.433,42395
4,11,0.467,42396
4,11,0.5,42397
6,11,0.533,42398
6,11,0.567,42399
6,11,0.6,42400
6,11,0.633,42401
6,11,0.667,42402
6,11,0.7,42403
6,11,0.733,42404
6,11,0.767,42405
1,11,3.7,42406
1,11,3.733,42407
1,11,3.767,42408
1,11,3.8,42409
1,11,3.833,42410
1,11,3.867,42411
1,11,0,42412
1,11,0.033,42413
1,11,0.067,42414
1,11,0.1,42415
1,11,0.133,42416
1,11,0.167,42417
1,11,0.2,42418
1,11,0.233,42419
1,11,0.267,42420
6,11,0.3,42421
5,11,3.7,42422
5,11,3.733,42423
5,11,3.767,42424
3,11,3.867,42425
3,11,3.9,42426
3,11,3.933,42427
3,11,3.967,42428
3,11,4,42429
3,11,4.033,42430
3,11,4.067,42431
3,11,4.1,42432
3,11,4.133,42433
3,11,4.167,42434
3,11,4.2,42435
3,11,4.233,42436
3,11,4.267,42437
3,11,4.3,42438
3,11,4.333,42439
3,11,4.367,42440
3,11,4.4,42441
3,11,4.433,42442
3,11,4.467,42443
3,11,4.5,42444
3,11,4.533,42445
3,11,4.567,42446
3,11,4.6,42447
3,11,4.633,42448
3,11,4.667,42449
3,11,4.7,42450
3,11,0,42451
3,11,0.033,42452
3,11,0.067,42453
3,11,0.1,42454
3,11,0.133,42455
3,11,0.167,42456
3,11,0.2,42457
3,11,0.233,42458
3,11,0.267,42459
2,11,2.433,42460
2,11,2.467,42461
2,11,2.5,42462
2,11,2.533,42463
2,11,2.567,42464
2,11,2.6,42465
2,11,0,42466
2,11,0.033,42467
2,11,0.067,42468
2,11,0.1,42469
2,11,0.133,42470
2,11,0.167,42471
2,11,0.2,42472
2,11,0.233,42473
6,11,1.733,42474
6,11,1.767,42475
6,11,1.8,42476
6,11,1.833,42477
6,11,1.867,42478
6,11,1.9,42479
6,11,1.933,42480
6,11,1.967,42481
6,11,2,42482
6,11,2.033,42483
6,11,2.067,42484
6,11,2.1,42485
6,11,2.133,42486
6,11,2.167,42487
6,11,2.2,42488
6,11,2.233,42489
6,11,2.267,42490
6,11,2.3,42491
6,11,2.333,42492
6,11,2.367,42493
6,11,2.4,42494
6,11,2.433,42495
6,11,2.467,42496
6,11,2.5,42497
6,11,2.533,42498
6,11,2.567,42499
6,11,2.6,42500
6,11,2.633,42501
6,11,2.667,42502
6,11,2.7,42503
6,11,2.733,42504
6,11,2.767,42505
6,11,2.8,42506
6,11,2.833,42507
6,11,2.867,42508
6,11,2.9,42509
6,11,2.933,42510
6,11,2.967,42511
6,11,3,42512
6,11,3.033,42513
6,11,0,42514
6,11,0.033,42515
6,11,0.067,42516
6,11,0.1,42517
6,11,0.133,42518
6,11,0.167,42519
6,11,0.2,42520
6,11,0.233,42521
6,11,0.267,42522
6,11,0.3,42523
6,11,0.333,42524
6,11,0.367,42525
6,11,0.4,42526
6,11,0.433,42527
6,11,0.467,42528
5,11,0.567,42529
5,11,0.6,42530
5,11,0.633,42531
5,11,0.667,42532
5,11,0.7,42533
5,11,0.733,42534
5,11,0.767,42535
5,11,0.8,42536
5,11,0.833,42537
4,12,0,42538
4,12,0.033,42539
4,12,0.067,42540
4,12,0.1,42541
4,12,0.133,42542
4,12,0.167,42543
4,12,0.2,42544
4,12,0.233,42545
4,12,0.267,42546
4,12,0.3,42547
4,12,0.333,42548
4,12,0.367,42549
4,12,0.4,42550
4,12,0.433,42551
4,12,0.467,42552
4,12,0.5,42553
4,12,0.533,42554
4,12,0.567,42555
4,12,0.6,42556
4,12,0.633,42557
4,12,0.667,42558
4,12,0.7,42559
4,12,0.733,42560
4,12,0.767,42561
4,12,0.8,42562
4,12,0.833,42563
4,12,0.867,42564
4,12,0.9,42565
4,12,0.933,42566
4,12,0.967,42567
4,12,1,42568
4,12,1.033,42569
4,12,1.067,42570
4,12,1.1,42571
4,12,1.133,42572
4,12,1.167,42573
4,12,1.2,42574
4,12,1.233,42575
4,12,1.267,42576
4,12,1.3,42577
4,12,1.333,42578
4,12,1.367,42579
4,12,1.4,42580
4,12,1.433,42581
4,12,1.467,42582
4,12,1.5,42583
4,12,1.533,42584
4,12,1.567,42585
4,12,1.6,42586
4,12,1.633,42587
4,12,1.667,42588
4,12,1.7,42589
4,12,1.733,42590
4,12,1.767,42591
4,12,1.8,42592
4,12,1.833,42593
4,12,1.867,42594
4,12,1.9,42595
4,12,1.933,42596
4,12,1.967,42597
4,12,2,42598
4,12,2.033,42599
4,12,2.067,42600
4,12,2.1,42601
4,12,2.133,42602
4,12,2.167,42603
4,12,2.2,42604
4,12,2.233,42605
4,12,2.267,42606
4,12,2.3,42607
4,12,2.333,42608
4,12,2.367,42609
4,12,2.4,42610
4,12,2.433,42611
4,12,2.467,42612
4,12,2.5,42613
4,12,2.533,42614
4,12,2.567,42615
4,12,2.6,42616
4,12,2.633,42617
4,12,2.667,42618
4,12,2.7,42619
4,12,2.733,42620
4,12,2.767,42621
4,12,2.8,42622
4,12,2.833,42623
4,12,2.867,42624
4,12,2.9,42625
4,12,2.933,42626
4,12,2.967,42627
4,12,3,42628
4,12,3.033,42629
4,12,3.067,42630
4,12,3.1,42631
4,12,3.133,42632
4,12,3.167,42633
4,12,3.2,42634
4,12,3.233,42635
4,12,3.267,42636
4,12,3.3,42637
4,12,3.333,42638
4,12,3.367,42639
4,12,3.4,42640
4,12,3.433,42641
4,12,3.467,42642
4,12,3.5,42643
4,12,3.533,42644
4,12,3.567,42645
4,12,3.6,42646
4,12,3.633,42647
1,12,3.667,42648
1,12,3.7,42649
1,12,3.733,42650
1,12,3.767,42651
1,12,3.8,42652
1,12,3.833,42653
1,12,3.867,42654
1,12,3.9,42655
1,12,3.933,42656
1,12,3.967,42657
1,12,4,42658
1,12,4.033,42659
1,12,4.967,42660
1,12,5,42661
1,12,5.033,42662
1,12,5.067,42663
1,12,5.1,42664
1,12,5.133,42665
1,12,5.167,42666
1,12,5.2,42667
1,12,5.233,42668
1,12,5.267,42669
1,12,5.3,42670
1,12,5.333,42671
1,12,5.367,42672
1,12,5.4,42673
1,12,5.433,42674
1,12,5.467,42675
1,12,5.5,42676
1,12,5.533,42677
1,12,5.567,42678
1,12,5.6,42679
1,12,5.633,42680
1,12,5.667,42681
1,12,5.7,42682
1,12,5.733,42683
1,12,5.767,42684
1,12,5.8,42685
1,12,5.833,42686
1,12,5.867,42687
1,12,5.9,42688
1,12,5.933,42689
1,12,5.967,42690
1,12,6,42691
1,12,6.033,42692
1,12,6.067,42693
1,12,6.1,42694
1,12,6.133,42695
1,12,6.167,42696
1,12,6.2,42697
1,12,6.233,42698
1,12,6.267,42699
1,12,6.3,42700
1,12,6.333,42701
1,12,6.367,42702
1,12,6.4,42703
1,12,6.433,42704
1,12,6.467,42705
1,12,6.5,42706
1,12,6.533,42707
1,12,6.567,42708
1,12,6.6,42709
1,12,6.633,42710
1,12,6.667,42711
1,12,6.7,42712
1,12,6.733,42713
1,12,6.767,42714
1,12,6.8,42715
1,12,6.833,42716
1,12,6.867,42717
1,12,6.9,42718
1,12,6.933,42719
1,12,6.967,42720
1,12,7,42721
1,12,7.033,42722
1,12,7.067,42723
1,12,7.1,42724
1,12,7.133,42725
1,12,7.167,42726
1,12,7.2,42727
1,12,7.233,42728
1,12,7.267,42729
1,12,7.3,42730
1,12,7.333,42731
1,12,7.367,42732
1,12,7.4,42733
1,12,7.433,42734
1,12,7.467,42735
1,12,7.5,42736
1,12,7.533,42737
1,12,7.567,42738
1,12,7.6,42739
1,12,7.633,42740
1,12,7.667,42741
1,12,7.7,42742
1,12,7.733,42743
1,12,7.767,42744
1,12,7.8,42745
1,12,7.833,42746
1,12,7.867,42747
1,12,7.9,42748
1,12,7.933,42749
1,12,7.967,42750
1,12,8,42751
1,12,8.033,42752
1,12,8.067,42753
1,12,8.1,42754
1,12,8.133,42755
1,12,8.167,42756
1,12,8.2,42757
1,12,8.233,42758
1,12,8.267,42759
1,12,8.3,42760
1,12,8.333,42761
1,12,8.367,42762
1,12,8.4,42763
1,12,8.433,42764
1,12,8.467,42765
1,12,8.5,42766
1,12,8.533,42767
1,12,8.567,42768
1,12,8.6,42769
1,12,8.633,42770
1,12,8.667,42771
1,12,8.7,42772
1,12,8.733,42773
1,12,8.767,42774
1,12,8.8,42775
1,12,8.833,42776
1,12,8.867,42777
1,12,8.9,42778
1,12,8.933,42779
1,12,8.967,42780
1,12,9,42781
1,12,9.033,42782
1,12,9.067,42783
1,12,9.1,42784
1,12,9.133,42785
1,12,9.167,42786
1,12,9.2,42787
1,12,9.233,42788
1,12,9.267,42789
1,12,9.3,42790
1,12,9.333,42791
1,12,9.367,42792
1,12,9.4,42793
1,12,9.433,42794
1,12,9.467,42795
1,12,9.5,42796
1,12,9.533,42797
1,12,9.567,42798
1,12,9.6,42799
1,12,9.633,42800
1,12,9.667,42801
1,12,9.7,42802
1,12,9.733,42803
1,12,9.767,42804
1,12,9.8,42805
1,12,9.833,42806
1,12,9.867,42807
1,12,9.9,42808
1,12,9.933,42809
1,12,9.967,42810
1,12,10,42811
1,12,10.033,42812
1,12,10.067,42813
1,12,10.1,42814
1,12,10.133,42815
1,12,10.167,42816
1,12,10.2,42817
1,12,10.233,42818
1,12,10.267,42819
1,12,10.3,42820
1,12,10.333,42821
1,12,10.367,42822
1,12,10.4,42823
1,12,10.433,42824
1,12,10.467,42825
1,12,10.5,42826
1,12,10.533,42827
1,12,10.567,42828
1,12,10.6,42829
1,12,10.633,42830
1,12,10.667,42831
1,12,10.7,42832
1,12,10.733,42833
1,12,10.767,42834
1,12,10.8,42835
1,12,10.833,42836
1,12,10.867,42837
1,12,10.9,42838
1,12,10.933,42839
1,12,10.967,42840
1,12,11,42841
1,12,11.033,42842
1,12,11.067,42843
1,12,11.1,42844
1,12,11.133,42845
1,12,11.167,42846
1,12,11.2,42847
1,12,11.233,42848
1,12,11.267,42849
1,12,11.3,42850
1,12,11.333,42851
1,12,11.367,42852
1,12,11.4,42853
1,12,11.433,42854
1,12,11.467,42855
1,12,11.5,42856
1,12,11.533,42857
1,12,11.567,42858
1,12,11.6,42859
1,12,11.633,42860
1,12,11.667,42861
1,12,11.7,42862
1,12,11.733,42863
1,12,11.767,42864
1,12,11.8,42865
1,12,11.833,42866
1,12,11.867,42867
1,12,11.9,42868
1,12,11.933,42869
1,12,11.967,42870
1,12,12,42871
1,12,12.033,42872
1,12,12.067,42873
1,12,12.1,42874
1,12,12.133,42875
1,12,12.167,42876
1,12,12.2,42877
1,12,12.233,42878
1,12,12.267,42879
1,12,12.3,42880
1,12,12.333,42881
1,12,12.367,42882
1,12,12.4,42883
1,12,12.433,42884
1,12,12.467,42885
1,12,12.5,42886
1,12,12.533,42887
1,12,12.567,42888
1,12,12.6,42889
2,12,12.667,42890
2,12,12.7,42891
2,12,12.733,42892
2,12,12.767,42893
2,12,12.8,42894
2,12,12.833,42895
2,12,12.867,42896
2,12,12.9,42897
2,12,12.933,42898
2,12,12.967,42899
2,12,13,42900
1,12,13.067,42901
1,12,13.1,42902
1,12,13.133,42903
1,12,13.167,42904
1,12,13.2,42905
1,12,13.233,42906
1,12,13.267,42907
1,12,13.3,42908
1,12,13.333,42909
1,12,13.367,42910
1,12,13.4,42911
1,12,13.433,42912
1,12,13.467,42913
1,12,13.5,42914
1,12,13.533,42915
1,12,13.567,42916
1,12,13.6,42917
1,12,13.633,42918
1,12,13.667,42919
1,12,13.7,42920
1,12,13.733,42921
1,12,13.767,42922
1,12,13.8,42923
1,12,13.833,42924
1,12,13.867,42925
1,12,13.9,42926
1,12,13.933,42927
1,12,13.967,42928
1,12,14,42929
1,12,0,42930
1,12,0.033,42931
1,12,0.067,42932
1,12,0.1,42933
1,12,0.133,42934
1,12,0.167,42935
1,12,0.2,42936
1,12,0.233,42937
1,12,0.267,42938
1,12,0.3,42939
1,12,0.333,42940
1,12,0.367,42941
1,12,0.4,42942
1,12,0.433,42943
1,12,0.467,42944
1,12,0.5,42945
1,12,0.533,42946
1,12,0.567,42947
1,12,0.6,42948
1,12,0.633,42949
1,12,0.667,42950
1,12,0.7,42951
1,12,0.733,42952
1,12,0.767,42953
1,12,0.8,42954
1,12,0.833,42955
1,12,0.867,42956
1,12,0.9,42957
1,12,0.933,42958
1,12,0.967,42959
1,12,1,42960
1,12,1.033,42961
1,12,1.067,42962
1,12,1.1,42963
1,12,1.133,42964
1,12,1.167,42965
1,12,1.2,42966
1,12,1.233,42967
1,12,1.267,42968
1,12,1.3,42969
1,12,1.333,42970
1,12,1.367,42971
1,12,1.4,42972
1,12,1.433,42973
1,12,1.467,42974
1,12,1.5,42975
1,12,1.533,42976
1,12,1.567,42977
1,12,1.6,42978
1,12,1.633,42979
1,12,1.667,42980
1,12,1.7,42981
1,12,1.733,42982
1,12,1.767,42983
1,12,1.8,42984
1,12,1.833,42985
1,12,1.867,42986
1,12,1.9,42987
1,12,1.933,42988
1,12,1.967,42989
1,12,2,42990
1,12,2.033,42991
1,12,2.067,42992
1,12,2.1,42993
1,12,2.133,42994
1,12,2.167,42995
1,12,2.2,42996
1,12,2.233,42997
1,12,2.267,42998
1,12,2.3,42999
1,12,2.333,43000
1,12,2.367,43001
1,12,2.4,43002
1,12,2.433,43003
1,12,2.467,43004
1,12,2.5,43005
1,12,2.533,43006
1,12,2.567,43007
1,12,2.6,43008
1,12,2.633,43009
1,12,2.667,43010
1,12,2.7,43011
1,12,2.733,43012
1,12,2.767,43013
1,12,2.8,43014
1,12,2.833,43015
1,12,2.867,43016
1,12,2.9,43017
1,12,2.933,43018
1,12,2.967,43019
1,12,3,43020
1,12,3.033,43021
1,12,3.067,43022
1,12,3.1,43023
1,12,3.133,43024
1,12,3.167,43025
1,12,3.2,43026
1,12,3.233,43027
1,12,3.267,43028
1,12,3.3,43029
1,12,3.333,43030
1,12,3.367,43031
1,12,3.4,43032
1,12,3.433,43033
1,12,3.467,43034
1,12,3.5,43035
1,12,3.533,43036
1,12,3.567,43037
1,12,3.6,43038
1,12,3.633,43039
1,12,3.667,43040
1,12,3.7,43041
1,12,3.733,43042
1,12,3.767,43043
1,12,3.8,43044
1,12,3.833,43045
1,12,3.867,43046
1,12,3.9,43047
1,12,3.933,43048
1,12,3.967,43049
1,12,4,43050
1,12,4.033,43051
1,12,4.067,43052
1,12,4.1,43053
1,12,4.133,43054
1,12,4.167,43055
1,12,4.2,43056
1,12,4.233,43057
1,12,4.267,43058
1,12,4.3,43059
1,12,4.333,43060
1,12,4.367,43061
1,12,4.4,43062
1,12,4.433,43063
1,12,4.467,43064
1,12,4.5,43065
1,12,4.533,43066
1,12,4.567,43067
1,12,4.6,43068
1,12,4.633,43069
1,12,4.667,43070
5,12,5.267,43071
5,12,5.3,43072
5,12,5.333,43073
6,12,5.4,43074
6,12,5.433,43075
6,12,5.467,43076
6,12,5.5,43077
6,12,5.533,43078
6,12,5.567,43079
6,12,5.6,43080
6,12,5.633,43081
6,12,5.667,43082
6,12,5.7,43083
6,12,5.733,43084
6,12,5.767,43085
6,12,5.8,43086
6,12,5.833,43087
6,12,5.867,43088
6,12,5.9,43089
6,12,5.933,43090
6,12,5.967,43091
6,12,6,43092
6,12,6.033,43093
6,12,6.067,43094
6,12,6.1,43095
6,12,6.133,43096
6,12,6.167,43097
6,12,6.2,43098
6,12,6.233,43099
6,12,6.267,43100
6,12,6.3,43101
6,12,6.333,43102
6,12,6.367,43103
6,12,0,43104
6,12,0.033,43105
6,12,0.067,43106
6,12,0.1,43107
6,12,0.133,43108
6,12,0.167,43109
6,12,0.2,43110
6,12,0.233,43111
6,12,0.267,43112
6,12,0.3,43113
6,12,0.333,43114
6,12,0.367,43115
6,12,0.4,43116
6,12,0.433,43117
6,12,0.467,43118
6,12,0.5,43119
6,12,0.533,43120
6,12,0.567,43121
6,12,0.6,43122
6,12,0.633,43123
6,12,0.667,43124
6,12,0.7,43125
6,12,0.733,43126
6,12,0.767,43127
6,12,0.8,43128
6,12,0.833,43129
6,12,0.867,43130
6,12,0.9,43131
6,12,0.933,43132
6,12,0.967,43133
6,12,1,43134
6,12,1.033,43135
6,12,1.067,43136
6,12,1.1,43137
6,12,1.133,43138
6,12,1.167,43139
6,12,1.2,43140
6,12,1.233,43141
6,12,1.267,43142
6,12,1.3,43143
6,12,1.333,43144
6,12,1.367,43145
6,12,1.4,43146
6,12,1.433,43147
6,12,1.467,43148
6,12,1.5,43149
6,12,1.533,43150
6,12,1.567,43151
6,12,1.6,43152
6,12,1.633,43153
6,12,1.667,43154
6,12,1.7,43155
6,12,1.733,43156
6,12,1.767,43157
6,12,1.8,43158
6,12,1.833,43159
6,12,1.867,43160
6,12,1.9,43161
6,12,1.933,43162
6,12,1.967,43163
6,12,2,43164
6,12,2.033,43165
6,12,2.067,43166
6,12,2.1,43167
6,12,2.133,43168
6,12,2.167,43169
6,12,2.2,43170
6,12,2.233,43171
6,12,2.267,43172
6,12,2.3,43173
6,12,2.333,43174
6,12,2.367,43175
6,12,2.4,43176
6,12,2.433,43177
6,12,2.467,43178
6,12,2.5,43179
6,12,2.533,43180
6,12,2.567,43181
6,12,2.6,43182
6,12,2.633,43183
6,12,2.667,43184
6,12,2.7,43185
6,12,2.733,43186
6,12,2.767,43187
6,12,2.8,43188
6,12,2.833,43189
6,12,2.867,43190
6,12,2.9,43191
6,12,2.933,43192
6,12,2.967,43193
6,12,3,43194
6,12,3.033,43195
6,12,3.067,43196
6,12,3.1,43197
6,12,3.133,43198
6,12,3.167,43199
6,12,3.2,43200
6,12,3.233,43201
6,12,3.267,43202
6,12,3.3,43203
6,12,3.333,43204
6,12,3.367,43205
6,12,3.4,43206
6,12,3.433,43207
6,12,3.467,43208
6,12,3.5,43209
6,12,3.533,43210
6,12,3.567,43211
6,12,3.6,43212
6,12,3.633,43213
5,12,3.7,43214
5,12,3.733,43215
5,12,3.767,43216
5,12,3.8,43217
5,12,3.833,43218
5,12,3.867,43219
5,12,3.9,43220
5,12,3.933,43221
5,12,3.967,43222
5,12,4,43223
5,12,4.033,43224
5,12,4.067,43225
5,12,4.1,43226
5,12,4.133,43227
5,12,4.167,43228
5,12,4.2,43229
5,12,0,43230
5,12,0.033,43231
5,12,0.067,43232
5,12,0.1,43233
5,12,0.133,43234
5,12,0.167,43235
5,12,0.2,43236
5,12,0.233,43237
5,12,0.267,43238
5,12,0.3,43239
5,12,0.333,43240
5,12,0.367,43241
5,12,0.4,43242
5,12,0.433,43243
5,12,0.467,43244
5,12,0.5,43245
5,12,0.533,43246
5,12,0.567,43247
5,12,0.6,43248
5,12,0.633,43249
5,12,0.667,43250
5,12,0.7,43251
5,12,0.733,43252
5,12,0.767,43253
5,12,0.8,43254
5,12,0.833,43255
5,12,0.867,43256
5,12,0.9,43257
5,12,0.933,43258
5,12,0.967,43259
5,12,1,43260
5,12,1.033,43261
5,12,1.067,43262
4,12,5.533,43263
4,12,5.567,43264
4,12,5.6,43265
4,12,5.633,43266
4,12,5.667,43267
4,12,5.7,43268
4,12,5.733,43269
4,12,5.767,43270
4,12,5.8,43271
4,12,5.833,43272
4,12,5.867,43273
4,12,5.9,43274
4,12,5.933,43275
4,12,5.967,43276
4,12,6,43277
4,12,6.033,43278
4,12,6.067,43279
4,12,6.1,43280
4,12,6.133,43281
4,12,6.167,43282
4,12,6.2,43283
4,12,6.233,43284
4,12,6.267,43285
4,12,6.3,43286
4,12,6.333,43287
4,12,6.367,43288
4,12,6.4,43289
4,12,6.433,43290
4,12,6.467,43291
4,12,6.5,43292
4,12,6.533,43293
4,12,6.567,43294
4,12,6.6,43295
4,12,6.633,43296
4,12,6.667,43297
4,12,6.7,43298
4,12,6.733,43299
4,12,6.767,43300
4,12,6.8,43301
4,12,6.833,43302
4,12,6.867,43303
4,12,6.9,43304
4,12,6.933,43305
4,12,6.967,43306
4,12,7,43307
4,12,7.033,43308
4,12,7.067,43309
4,12,7.1,43310
4,12,7.133,43311
4,12,7.167,43312
4,12,7.2,43313
4,12,7.233,43314
4,12,7.267,43315
4,12,7.3,43316
4,12,7.333,43317
4,12,7.367,43318
4,12,7.4,43319
4,12,7.433,43320
4,12,7.467,43321
4,12,7.5,43322
4,12,7.533,43323
4,12,7.567,43324
4,12,7.6,43325
4,12,7.633,43326
4,12,7.667,43327
4,12,7.7,43328
4,12,7.733,43329
4,12,7.767,43330
4,12,7.8,43331
4,12,7.833,43332
4,12,7.867,43333
4,12,7.9,43334
4,12,7.933,43335
4,12,7.967,43336
4,12,8,43337
4,12,8.033,43338
4,12,8.067,43339
4,12,8.1,43340
4,12,8.133,43341
3,12,8.233,43342
3,12,8.267,43343
3,12,8.3,43344
3,12,8.333,43345
3,12,8.367,43346
3,12,8.4,43347
3,12,8.433,43348
3,12,8.467,43349
3,12,8.5,43350
3,12,8.533,43351
3,12,8.567,43352
3,12,8.6,43353
3,12,8.633,43354
3,12,8.667,43355
3,12,8.7,43356
3,12,8.733,43357
3,12,8.767,43358
3,12,8.8,43359
3,12,8.833,43360
3,12,8.867,43361
3,12,8.9,43362
3,12,8.933,43363
3,12,8.967,43364
3,12,9,43365
3,12,0,43366
3,12,0.033,43367
3,12,0.067,43368
3,12,0.1,43369
3,12,0.133,43370
3,12,0.167,43371
3,12,0.2,43372
3,12,0.233,43373
3,12,0.267,43374
3,12,0.3,43375
3,12,0.333,43376
1,12,0.4,43377
1,12,0.433,43378
1,12,0.467,43379
1,12,0.5,43380
1,12,0.533,43381
1,12,0.567,43382
1,12,0.6,43383
1,12,0.633,43384
1,12,0.667,43385
1,12,0.7,43386
1,12,0.733,43387
1,12,0.767,43388
1,12,0.8,43389
1,12,0.833,43390
1,12,0.867,43391
1,12,0.9,43392
1,12,0.933,43393
1,12,0.967,43394
1,12,1,43395
1,12,1.033,43396
1,12,1.067,43397
1,12,1.1,43398
1,12,1.133,43399
1,12,1.167,43400
1,12,1.2,43401
1,12,1.233,43402
1,12,1.267,43403
1,12,1.3,43404
1,12,1.333,43405
1,12,1.367,43406
1,12,1.4,43407
1,12,1.433,43408
1,12,1.467,43409
1,12,1.5,43410
1,12,1.533,43411
1,12,1.567,43412
1,12,1.6,43413
1,12,1.633,43414
1,12,1.667,43415
1,12,1.7,43416
1,12,1.733,43417
1,12,1.767,43418
1,12,1.8,43419
1,12,1.833,43420
1,12,1.867,43421
1,12,1.9,43422
1,12,1.933,43423
1,12,1.967,43424
1,12,2,43425
1,12,2.033,43426
1,12,2.067,43427
1,12,2.1,43428
1,12,2.133,43429
1,12,2.167,43430
1,12,2.2,43431
1,12,2.233,43432
1,12,2.267,43433
1,12,2.3,43434
1,12,2.333,43435
1,12,2.367,43436
1,12,2.4,43437
1,12,2.433,43438
1,12,2.467,43439
1,12,2.5,43440
1,12,2.533,43441
1,12,2.567,43442
1,12,2.6,43443
1,12,2.633,43444
1,12,2.667,43445
1,12,2.7,43446
1,12,2.733,43447
1,12,2.767,43448
1,12,2.8,43449
1,12,2.833,43450
1,12,2.867,43451
1,12,2.9,43452
1,12,2.933,43453
1,12,2.967,43454
1,12,3,43455
1,12,3.033,43456
1,12,3.067,43457
1,12,3.1,43458
1,12,3.133,43459
1,12,3.167,43460
1,12,3.2,43461
1,12,3.233,43462
1,12,3.267,43463
1,12,3.3,43464
1,12,3.333,43465
1,12,3.367,43466
1,12,3.4,43467
1,12,3.433,43468
1,12,3.467,43469
1,12,3.5,43470
1,12,3.533,43471
1,12,3.567,43472
1,12,3.6,43473
1,12,3.633,43474
1,12,3.667,43475
1,12,3.7,43476
1,12,3.733,43477
1,12,3.767,43478
1,12,3.8,43479
1,12,3.833,43480
1,12,3.867,43481
1,12,3.9,43482
1,12,3.933,43483
1,12,3.967,43484
1,12,4,43485
1,12,4.033,43486
1,12,4.067,43487
1,12,4.1,43488
1,12,4.133,43489
1,12,4.167,43490
4,12,4.2,43491
4,12,4.233,43492
4,12,4.267,43493
4,12,4.3,43494
4,12,4.333,43495
4,12,4.367,43496
4,12,4.4,43497
4,12,4.433,43498
4,12,4.467,43499
4,12,4.5,43500
4,12,4.533,43501
4,12,4.567,43502
4,12,0,43503
4,12,0.033,43504
4,12,0.067,43505
4,12,0.1,43506
4,12,0.133,43507
4,12,0.167,43508
4,12,0.2,43509
4,12,0.233,43510
4,12,0.267,43511
4,12,0.3,43512
4,12,0.333,43513
4,12,0.367,43514
1,12,0.4,43515
1,12,0.433,43516
1,12,0.467,43517
1,12,0.5,43518
1,12,0.533,43519
1,12,0.567,43520
1,12,0.6,43521
1,12,0.633,43522
1,12,0.667,43523
1,12,0.7,43524
1,12,0.733,43525
1,12,0.767,43526
1,12,0.8,43527
1,12,0.833,43528
1,12,0.867,43529
1,12,0.9,43530
1,12,0.933,43531
1,12,0.967,43532
1,12,1,43533
1,12,1.033,43534
1,12,1.067,43535
1,12,1.1,43536
1,12,1.133,43537
1,12,1.167,43538
1,12,1.2,43539
1,12,1.233,43540
1,12,1.267,43541
1,12,1.3,43542
1,12,1.333,43543
1,12,1.367,43544
1,12,1.4,43545
1,12,1.433,43546
1,12,1.467,43547
1,12,1.5,43548
1,12,1.533,43549
1,12,1.567,43550
1,12,1.6,43551
1,12,1.633,43552
1,12,1.667,43553
1,12,1.7,43554
1,12,1.733,43555
1,12,1.767,43556
1,12,1.8,43557
1,12,1.833,43558
1,12,1.867,43559
1,12,1.9,43560
1,12,1.933,43561
1,12,1.967,43562
1,12,2,43563
1,12,2.033,43564
1,12,2.067,43565
1,12,2.1,43566
1,12,2.133,43567
1,12,2.167,43568
1,12,2.2,43569
1,12,2.233,43570
1,12,2.267,43571
1,12,2.3,43572
1,12,2.333,43573
1,12,2.367,43574
1,12,2.4,43575
1,12,2.433,43576
1,12,2.467,43577
1,12,2.5,43578
1,12,2.533,43579
1,12,2.567,43580
1,12,2.6,43581
1,12,2.633,43582
1,12,2.667,43583
1,12,2.7,43584
1,12,2.733,43585
1,12,2.767,43586
1,12,2.8,43587
1,12,2.833,43588
1,12,2.867,43589
1,12,2.9,43590
1,12,2.933,43591
1,12,2.967,43592
1,12,3,43593
1,12,3.033,43594
1,12,3.067,43595
1,12,3.1,43596
1,12,3.133,43597
1,12,3.167,43598
1,12,3.2,43599
1,12,3.233,43600
1,12,3.267,43601
1,12,3.3,43602
1,12,3.333,43603
1,12,3.367,43604
1,12,3.4,43605
1,12,3.433,43606
1,12,3.467,43607
1,12,3.5,43608
1,12,3.533,43609
1,12,3.567,43610
1,12,3.6,43611
1,12,3.633,43612
1,12,3.667,43613
1,12,3.7,43614
1,12,3.733,43615
1,12,3.767,43616
1,12,3.8,43617
1,12,3.833,43618
1,12,3.867,43619
1,12,3.9,43620
1,12,3.933,43621
1,12,3.967,43622
1,12,4,43623
1,12,4.033,43624
2,12,4.1,43625
2,12,4.133,43626
2,12,4.167,43627
2,12,4.2,43628
2,12,4.233,43629
2,12,4.267,43630
2,12,4.3,43631
2,12,4.333,43632
2,12,4.367,43633
2,12,4.4,43634
2,12,4.433,43635
2,12,4.467,43636
2,12,4.5,43637
2,12,4.533,43638
2,12,4.567,43639
2,12,4.6,43640
2,12,4.633,43641
2,12,4.667,43642
2,12,4.7,43643
2,12,4.733,43644
2,12,4.767,43645
2,12,4.8,43646
2,12,4.833,43647
2,12,4.867,43648
2,12,4.9,43649
2,12,4.933,43650
2,12,4.967,43651
2,12,5,43652
2,12,5.033,43653
2,12,5.067,43654
2,12,5.1,43655
2,12,5.133,43656
2,12,5.167,43657
2,12,5.2,43658
2,12,5.233,43659
2,12,5.267,43660
2,12,5.3,43661
2,12,5.333,43662
2,12,5.367,43663
2,12,5.4,43664
2,12,5.433,43665
2,12,5.467,43666
2,12,5.5,43667
2,12,5.533,43668
2,12,5.567,43669
2,12,5.6,43670
2,12,5.633,43671
2,12,5.667,43672
2,12,5.7,43673
2,12,5.733,43674
2,12,5.767,43675
2,12,5.8,43676
2,12,5.833,43677
2,12,5.867,43678
2,12,5.9,43679
2,12,5.933,43680
2,12,5.967,43681
2,12,6,43682
2,12,6.033,43683
2,12,6.067,43684
2,12,6.1,43685
2,12,6.133,43686
2,12,6.167,43687
2,12,6.2,43688
2,12,6.233,43689
2,12,6.267,43690
2,12,6.3,43691
2,12,6.333,43692
2,12,6.367,43693
2,12,6.4,43694
2,12,6.433,43695
2,12,6.467,43696
2,12,6.5,43697
2,12,6.533,43698
2,12,6.567,43699
2,12,6.6,43700
2,12,6.633,43701
2,12,6.667,43702
2,12,6.7,43703
2,12,6.733,43704
2,12,6.767,43705
2,12,6.8,43706
2,12,6.833,43707
2,12,6.867,43708
2,12,6.9,43709
2,12,6.933,43710
2,12,6.967,43711
2,12,7,43712
2,12,7.033,43713
2,12,0,43714
2,12,0.033,43715
2,12,0.067,43716
2,12,0.1,43717
2,12,0.133,43718
2,12,0.167,43719
2,12,0.2,43720
2,12,0.233,43721
2,12,0.267,43722
2,12,0.3,43723
2,12,0.333,43724
2,12,0.367,43725
2,12,0.4,43726
2,12,0.433,43727
2,12,0.467,43728
2,12,0.5,43729
2,12,0.533,43730
2,12,0.567,43731
2,12,0.6,43732
2,12,0.633,43733
2,12,0.667,43734
2,12,0.7,43735
2,12,0.733,43736
2,12,0.767,43737
2,12,0.8,43738
2,12,0.833,43739
2,12,0.867,43740
2,12,0.9,43741
2,12,0.933,43742
2,12,0.967,43743
2,12,1,43744
2,12,1.033,43745
2,12,1.067,43746
2,12,1.1,43747
2,12,1.133,43748
2,12,1.167,43749
2,12,1.2,43750
2,12,1.233,43751
2,12,1.267,43752
2,12,1.3,43753
2,12,1.333,43754
2,12,1.367,43755
2,12,1.4,43756
2,12,1.433,43757
2,12,1.467,43758
2,12,1.5,43759
2,12,1.533,43760
5,1,0,43761
5,1,0.033,43762
5,1,0.067,43763
5,1,0.1,43764
5,1,0.133,43765
5,1,0.167,43766
5,1,0.2,43767
5,1,0.233,43768
5,1,0.267,43769
5,1,0.3,43770
5,1,0.333,43771
5,1,0.367,43772
5,1,0.4,43773
5,1,0.433,43774
5,1,0.467,43775
5,1,0.5,43776
5,1,0.533,43777
5,1,0.567,43778
5,1,0.6,43779
5,1,0.633,43780
5,1,0.667,43781
5,1,0.7,43782
5,1,0.733,43783
5,1,0.767,43784
5,1,0.8,43785
5,1,0.833,43786
5,1,0.867,43787
5,1,0.9,43788
5,1,0.933,43789
5,1,0.967,43790
5,1,1,43791
5,1,1.033,43792
5,1,1.067,43793
5,1,1.1,43794
5,1,1.133,43795
5,1,1.167,43796
5,1,1.2,43797
5,1,1.233,43798
5,1,1.267,43799
5,1,1.3,43800
5,1,1.333,43801
5,1,1.367,43802
5,1,1.4,43803
5,1,1.433,43804
5,1,1.467,43805
5,1,1.5,43806
5,1,1.533,43807
5,1,1.567,43808
5,1,1.6,43809
5,1,1.633,43810
5,1,1.667,43811
5,1,1.7,43812
5,1,1.733,43813
5,1,1.767,43814
5,1,1.8,43815
5,1,1.833,43816
5,1,1.867,43817
5,1,1.9,43818
5,1,1.933,43819
5,1,1.967,43820
5,1,2,43821
5,1,2.033,43822
5,1,2.067,43823
5,1,2.1,43824
5,1,2.133,43825
5,1,2.167,43826
5,1,2.2,43827
5,1,2.233,43828
5,1,2.267,43829
5,1,2.3,43830
5,1,2.333,43831
5,1,2.367,43832
5,1,2.4,43833
5,1,2.433,43834
5,1,2.467,43835
5,1,2.5,43836
5,1,2.533,43837
5,1,2.567,43838
5,1,2.6,43839
5,1,2.633,43840
5,1,2.667,43841
5,1,2.7,43842
5,1,2.733,43843
5,1,2.767,43844
5,1,2.8,43845
5,1,2.833,43846
5,1,2.867,43847
5,1,2.9,43848
5,1,2.933,43849
5,1,2.967,43850
5,1,3,43851
5,1,3.033,43852
5,1,3.067,43853
5,1,3.1,43854
5,1,3.133,43855
5,1,3.167,43856
5,1,3.2,43857
5,1,3.233,43858
5,1,3.267,43859
5,1,3.3,43860
5,1,3.333,43861
5,1,3.367,43862
5,1,3.4,43863
5,1,3.433,43864
5,1,3.467,43865
5,1,3.5,43866
3,1,3.667,43867
3,1,3.7,43868
6,1,3.733,43869
6,1,3.767,43870
6,1,3.8,43871
6,1,3.833,43872
6,1,3.867,43873
6,1,3.9,43874
6,1,3.933,43875
6,1,3.967,43876
6,1,4,43877
6,1,4.033,43878
6,1,4.067,43879
6,1,0,43880
6,1,0.033,43881
6,1,0.067,43882
6,1,0.1,43883
6,1,0.133,43884
6,1,0.167,43885
3,1,0.2,43886
5,1,1.3,43887
5,1,1.333,43888
5,1,1.367,43889
5,1,1.4,43890
5,1,1.433,43891
5,1,1.467,43892
5,1,1.5,43893
5,1,1.533,43894
5,1,1.567,43895
5,1,1.6,43896
5,1,1.633,43897
5,1,1.667,43898
5,1,1.7,43899
5,1,1.733,43900
5,1,1.767,43901
5,1,1.8,43902
5,1,1.833,43903
5,1,1.867,43904
5,1,1.9,43905
5,1,1.933,43906
5,1,1.967,43907
5,1,2,43908
5,1,2.033,43909
5,1,2.067,43910
5,1,2.1,43911
5,1,2.133,43912
5,1,2.167,43913
1,1,2.2,43914
1,1,2.233,43915
1,1,2.267,43916
1,1,2.3,43917
1,1,2.333,43918
1,1,2.367,43919
1,1,2.4,43920
1,1,2.433,43921
1,1,2.467,43922
1,1,2.5,43923
1,1,2.533,43924
1,1,2.567,43925
1,1,2.6,43926
1,1,2.633,43927
1,1,0,43928
1,1,0.033,43929
1,1,0.067,43930
1,1,0.1,43931
1,1,0.133,43932
1,1,0.167,43933
1,1,0.2,43934
1,1,0.233,43935
1,1,0.267,43936
1,1,0.3,43937
1,1,0.333,43938
1,1,0.367,43939
1,1,0.4,43940
1,1,0.433,43941
1,1,0.467,43942
1,1,0.5,43943
1,1,0.533,43944
1,1,0.567,43945
1,1,0.6,43946
1,1,0.633,43947
1,1,0.667,43948
1,1,0.7,43949
5,1,0.767,43950
5,1,0.8,43951
5,1,0.833,43952
5,1,0.867,43953
5,1,0.9,43954
5,1,0.933,43955
5,1,0.967,43956
5,1,1,43957
5,1,1.033,43958
5,1,1.067,43959
5,1,1.1,43960
5,1,1.133,43961
5,1,1.167,43962
5,1,1.2,43963
5,1,1.233,43964
5,1,1.267,43965
5,1,1.3,43966
5,1,1.333,43967
5,1,1.367,43968
5,1,1.4,43969
5,1,1.433,43970
5,1,1.467,43971
5,1,1.5,43972
5,1,1.533,43973
5,1,1.567,43974
5,1,1.6,43975
5,1,1.633,43976
5,1,1.667,43977
5,1,1.7,43978
5,1,1.733,43979
2,1,1.833,43980
2,1,1.867,43981
2,1,1.9,43982
2,1,1.933,43983
2,1,1.967,43984
2,1,2,43985
2,1,2.033,43986
2,1,2.067,43987
2,1,2.1,43988
2,1,2.133,43989
2,1,2.167,43990
2,1,2.2,43991
2,1,2.233,43992
2,1,2.267,43993
3,1,2.3,43994
3,1,2.333,43995
3,1,2.367,43996
3,1,2.4,43997
3,1,2.433,43998
3,1,2.467,43999
3,1,2.5,44000
3,1,2.533,44001
3,1,2.567,44002
3,1,2.6,44003
3,1,0,44004
3,1,0.033,44005
3,1,0.067,44006
3,1,0.1,44007
3,1,0.133,44008
3,1,0.167,44009
3,1,0.2,44010
3,1,0.233,44011
3,1,0.267,44012
5,1,0.867,44013
5,1,0.9,44014
5,1,0.933,44015
5,1,0.967,44016
5,1,1,44017
5,1,1.033,44018
5,1,1.067,44019
5,1,1.1,44020
5,1,1.133,44021
5,1,1.167,44022
5,1,1.2,44023
5,1,1.233,44024
5,1,1.267,44025
5,1,1.3,44026
5,1,1.333,44027
5,1,1.367,44028
5,1,1.4,44029
5,1,1.433,44030
5,1,1.467,44031
5,1,1.5,44032
5,1,1.533,44033
5,1,1.567,44034
5,1,1.6,44035
5,1,1.633,44036
5,1,1.667,44037
5,1,1.7,44038
5,1,1.733,44039
5,1,1.767,44040
5,1,1.8,44041
5,1,1.833,44042
5,1,1.867,44043
5,1,1.9,44044
5,1,1.933,44045
5,1,1.967,44046
5,1,2,44047
5,1,2.033,44048
5,1,2.067,44049
5,1,2.1,44050
5,1,2.133,44051
5,1,2.167,44052
5,1,2.2,44053
5,1,2.233,44054
5,1,2.267,44055
5,1,2.3,44056
5,1,2.333,44057
5,1,2.367,44058
5,1,2.4,44059
5,1,2.433,44060
5,1,2.467,44061
5,1,2.5,44062
1,1,2.533,44063
1,1,2.567,44064
1,1,2.6,44065
4,1,2.7,44066
4,1,2.733,44067
4,1,2.767,44068
4,1,2.8,44069
4,1,2.833,44070
4,1,2.867,44071
4,1,2.9,44072
4,1,2.933,44073
4,1,2.967,44074
4,1,3,44075
4,1,3.033,44076
4,1,3.067,44077
4,1,3.1,44078
4,1,3.133,44079
4,1,3.167,44080
4,1,3.2,44081
4,1,0,44082
4,1,0.033,44083
4,1,0.067,44084
4,1,0.1,44085
4,1,0.133,44086
4,1,0.167,44087
4,1,0.2,44088
1,1,0.233,44089
2,1,0.3,44090
5,1,1.467,44091
5,1,1.5,44092
5,1,1.533,44093
5,1,1.567,44094
5,1,1.6,44095
5,1,1.633,44096
5,1,1.667,44097
5,1,0,44098
5,1,0.033,44099
5,1,0.067,44100
5,1,0.1,44101
5,1,0.133,44102
5,1,0.167,44103
5,1,0.2,44104
5,1,0.233,44105
5,1,0.267,44106
5,1,0.3,44107
5,1,0.333,44108
5,1,0.367,44109
5,1,0.4,44110
5,1,0.433,44111
5,1,0.467,44112
5,1,0.5,44113
5,1,0.533,44114
5,1,0.567,44115
5,1,0.6,44116
5,1,0.633,44117
5,1,0.667,44118
5,1,0.7,44119
5,1,0.733,44120
5,1,0.767,44121
5,1,0.8,44122
5,1,0.833,44123
5,1,0.867,44124
2,1,1.1,44125
2,1,1.133,44126
2,1,1.167,44127
2,1,1.2,44128
2,1,1.233,44129
2,1,1.267,44130
2,1,1.3,44131
2,1,1.333,44132
2,1,1.367,44133
2,1,1.4,44134
2,1,1.433,44135
2,1,1.467,44136
2,1,1.5,44137
2,1,1.533,44138
2,1,1.567,44139
2,1,1.6,44140
2,1,1.633,44141
2,1,1.667,44142
2,1,1.7,44143
2,1,1.733,44144
2,1,1.767,44145
2,1,1.8,44146
2,1,1.833,44147
2,1,1.867,44148
2,1,1.9,44149
2,1,1.933,44150
2,1,1.967,44151
2,1,2,44152
2,1,2.033,44153
2,1,2.067,44154
2,1,2.1,44155
2,1,2.133,44156
2,1,2.167,44157
2,1,2.2,44158
2,1,2.233,44159
2,1,2.267,44160
2,1,2.3,44161
2,1,2.333,44162
2,1,2.367,44163
2,1,2.4,44164
2,1,2.433,44165
2,1,2.467,44166
2,1,2.5,44167
2,1,2.533,44168
2,1,2.567,44169
2,1,2.6,44170
2,1,2.633,44171
2,1,0,44172
2,1,0.033,44173
2,1,0.067,44174
2,1,0.1,44175
2,1,0.133,44176
2,1,0.167,44177
2,1,0.2,44178
2,1,0.233,44179
2,1,0.267,44180
2,1,0.3,44181
2,1,0.333,44182
2,1,0.367,44183
2,1,0.4,44184
2,1,0.433,44185
2,1,0.467,44186
2,1,0.5,44187
2,1,0.533,44188
2,1,0.567,44189
1,1,0.633,44190
1,1,0.667,44191
1,1,0.7,44192
1,1,0.733,44193
2,2,0,44194
2,2,0.033,44195
2,2,0.067,44196
2,2,0.1,44197
2,2,0.133,44198
2,2,0.167,44199
2,2,0.2,44200
2,2,0.233,44201
2,2,0.267,44202
2,2,0.3,44203
2,2,0.333,44204
2,2,0.367,44205
2,2,0.4,44206
2,2,0.433,44207
2,2,0.467,44208
2,2,0.5,44209
2,2,0.533,44210
2,2,0.567,44211
2,2,0.6,44212
2,2,0.633,44213
2,2,0.667,44214
2,2,0.7,44215
2,2,0.733,44216
2,2,0.767,44217
2,2,0.8,44218
2,2,0.833,44219
2,2,0.867,44220
2,2,0.9,44221
2,2,0.933,44222
2,2,0.967,44223
2,2,1,44224
2,2,1.033,44225
2,2,1.067,44226
2,2,1.1,44227
2,2,1.133,44228
2,2,1.167,44229
2,2,1.2,44230
2,2,1.233,44231
2,2,1.267,44232
2,2,1.3,44233
2,2,1.333,44234
2,2,1.367,44235
2,2,1.4,44236
2,2,1.433,44237
2,2,1.467,44238
2,2,1.5,44239
2,2,1.533,44240
2,2,1.567,44241
2,2,1.6,44242
2,2,1.633,44243
2,2,1.667,44244
2,2,1.7,44245
3,2,1.733,44246
3,2,1.767,44247
3,2,1.8,44248
3,2,1.833,44249
3,2,1.867,44250
3,2,1.9,44251
3,2,1.933,44252
3,2,1.967,44253
3,2,2,44254
3,2,2.033,44255
2,2,8.767,44256
4,2,8.8,44257
4,2,9.267,44258
4,2,9.3,44259
4,2,9.333,44260
4,2,9.367,44261
4,2,9.4,44262
4,2,9.433,44263
4,2,9.467,44264
4,2,9.5,44265
4,2,9.533,44266
4,2,9.567,44267
4,2,9.6,44268
4,2,9.633,44269
4,2,9.667,44270
4,2,9.7,44271
4,2,9.733,44272
4,2,9.767,44273
4,2,9.8,44274
4,2,9.833,44275
4,2,9.867,44276
4,2,9.9,44277
4,2,9.933,44278
4,2,9.967,44279
4,2,0,44280
4,2,0.033,44281
4,2,0.067,44282
4,2,0.1,44283
4,2,0.133,44284
4,2,0.167,44285
4,2,0.2,44286
4,2,0.233,44287
4,2,0.267,44288
4,2,0.3,44289
4,2,0.333,44290
4,2,0.367,44291
4,2,0.4,44292
4,2,0.433,44293
4,2,0.467,44294
4,2,0.5,44295
4,2,0.533,44296
4,2,0.567,44297
4,2,0.6,44298
4,2,0.633,44299
4,2,0.667,44300
4,2,0.7,44301
4,2,0.733,44302
4,2,0.767,44303
4,2,0.8,44304
4,2,0.833,44305
4,2,0.867,44306
4,2,0.9,44307
4,2,0.933,44308
4,2,0.967,44309
4,2,1,44310
4,2,1.033,44311
4,2,1.067,44312
4,2,1.1,44313
4,2,1.133,44314
4,2,1.167,44315
4,2,1.2,44316
4,2,1.233,44317
4,2,1.267,44318
4,2,1.3,44319
4,2,1.333,44320
4,2,1.367,44321
4,2,1.4,44322
4,2,1.433,44323
4,2,1.467,44324
4,2,1.5,44325
4,2,1.533,44326
4,2,1.567,44327
4,2,1.6,44328
4,2,1.633,44329
4,2,1.667,44330
4,2,1.7,44331
2,2,1.733,44332
1,2,1.8,44333
1,2,1.833,44334
1,2,1.867,44335
1,2,1.9,44336
1,2,1.933,44337
1,2,1.967,44338
1,2,2,44339
1,2,2.033,44340
3,2,2.1,44341
1,2,4.533,44342
1,2,4.567,44343
1,2,4.6,44344
3,2,4.633,44345
6,2,4.967,44346
6,2,5,44347
6,2,5.033,44348
6,2,5.067,44349
6,2,5.1,44350
6,2,5.133,44351
6,2,5.167,44352
6,2,5.2,44353
6,2,5.233,44354
6,2,5.267,44355
6,2,5.3,44356
6,2,5.333,44357
6,2,5.367,44358
6,2,5.4,44359
6,2,5.433,44360
6,2,5.467,44361
6,2,5.5,44362
6,2,5.533,44363
6,2,5.567,44364
6,2,5.6,44365
6,2,5.633,44366
6,2,5.667,44367
6,2,5.7,44368
6,2,5.733,44369
6,2,5.767,44370
6,2,5.8,44371
6,2,5.833,44372
6,2,5.867,44373
6,2,5.9,44374
6,2,5.933,44375
6,2,5.967,44376
6,2,6,44377
6,2,6.033,44378
6,2,6.067,44379
6,2,6.1,44380
6,2,6.133,44381
6,2,6.167,44382
6,2,6.2,44383
6,2,6.233,44384
6,2,6.267,44385
6,2,6.3,44386
6,2,6.333,44387
6,2,6.367,44388
6,2,6.4,44389
6,2,6.433,44390
6,2,6.467,44391
6,2,6.5,44392
6,2,6.533,44393
6,2,6.567,44394
6,2,6.6,44395
6,2,6.633,44396
6,2,6.667,44397
6,2,6.7,44398
6,2,6.733,44399
6,2,6.767,44400
6,2,6.8,44401
6,2,6.833,44402
6,2,6.867,44403
6,2,6.9,44404
6,2,6.933,44405
6,2,6.967,44406
6,2,7,44407
6,2,7.033,44408
6,2,7.067,44409
6,2,7.1,44410
6,2,7.133,44411
6,2,7.167,44412
6,2,7.2,44413
6,2,7.233,44414
6,2,7.267,44415
6,2,7.3,44416
6,2,7.333,44417
6,2,7.367,44418
6,2,7.4,44419
6,2,7.433,44420
6,2,7.467,44421
6,2,7.5,44422
6,2,7.533,44423
6,2,7.567,44424
6,2,7.6,44425
6,2,7.633,44426
6,2,7.667,44427
6,2,7.7,44428
6,2,7.733,44429
6,2,7.767,44430
6,2,7.8,44431
6,2,7.833,44432
6,2,7.867,44433
6,2,7.9,44434
6,2,7.933,44435
6,2,7.967,44436
6,2,8,44437
6,2,8.033,44438
6,2,8.067,44439
6,2,8.1,44440
6,2,8.133,44441
6,2,8.167,44442
6,2,8.2,44443
6,2,8.233,44444
6,2,8.267,44445
6,2,8.3,44446
6,2,8.333,44447
6,2,8.367,44448
6,2,8.4,44449
6,2,8.433,44450
6,2,8.467,44451
6,2,8.5,44452
6,2,8.533,44453
6,2,8.567,44454
6,2,8.6,44455
6,2,8.633,44456
6,2,8.667,44457
6,2,8.7,44458
6,2,8.733,44459
6,2,8.767,44460
6,2,8.8,44461
6,2,8.833,44462
6,2,8.867,44463
6,2,8.9,44464
6,2,8.933,44465
6,2,8.967,44466
6,2,9,44467
6,2,9.033,44468
6,2,9.067,44469
6,2,9.1,44470
6,2,9.133,44471
6,2,9.167,44472
6,2,9.2,44473
6,2,9.233,44474
6,2,9.267,44475
6,2,9.3,44476
6,2,9.333,44477
6,2,9.367,44478
6,2,9.4,44479
6,2,9.433,44480
6,2,9.467,44481
6,2,9.5,44482
6,2,9.533,44483
6,2,9.567,44484
6,2,9.6,44485
6,2,9.633,44486
6,2,9.667,44487
6,2,9.7,44488
6,2,9.733,44489
6,2,9.767,44490
6,2,9.8,44491
6,2,9.833,44492
6,2,9.867,44493
6,2,9.9,44494
6,2,9.933,44495
6,2,9.967,44496
6,2,10,44497
6,2,10.033,44498
6,2,10.067,44499
6,2,10.1,44500
6,2,0,44501
6,2,0.033,44502
6,2,0.067,44503
6,2,0.1,44504
6,2,0.133,44505
6,2,0.167,44506
6,2,0.2,44507
6,2,0.233,44508
6,2,0.267,44509
6,2,0.3,44510
6,2,0.333,44511
6,2,0.367,44512
6,2,0.4,44513
6,2,0.433,44514
6,2,0.467,44515
6,2,0.5,44516
6,2,0.533,44517
6,2,0.567,44518
6,2,0.6,44519
6,2,0.633,44520
6,2,0.667,44521
6,2,0.7,44522
6,2,0.733,44523
6,2,0.767,44524
6,2,0.8,44525
6,2,0.833,44526
6,2,0.867,44527
6,2,0.9,44528
6,2,0.933,44529
6,2,0.967,44530
6,2,1,44531
6,2,1.033,44532
6,2,1.067,44533
6,2,1.1,44534
6,2,1.133,44535
6,2,1.167,44536
6,2,1.2,44537
6,2,1.233,44538
6,2,1.267,44539
6,2,1.3,44540
6,2,1.333,44541
6,2,1.367,44542
6,2,1.4,44543
6,2,1.433,44544
6,2,1.467,44545
6,2,1.5,44546
6,2,1.533,44547
6,2,1.567,44548
6,2,1.6,44549
6,2,1.633,44550
6,2,1.667,44551
6,2,1.7,44552
6,2,1.733,44553
6,2,1.767,44554
6,2,1.8,44555
6,2,1.833,44556
6,2,1.867,44557
6,2,1.9,44558
6,2,1.933,44559
6,2,1.967,44560
6,2,2,44561
6,2,2.033,44562
6,2,2.067,44563
6,2,2.1,44564
6,2,2.133,44565
6,2,2.167,44566
6,2,2.2,44567
6,2,2.233,44568
6,2,2.267,44569
6,2,2.3,44570
6,2,2.333,44571
6,2,2.367,44572
6,2,2.4,44573
6,2,2.433,44574
6,2,2.467,44575
6,2,2.5,44576
6,2,2.533,44577
6,2,2.567,44578
6,2,2.6,44579
6,2,2.633,44580
6,2,2.667,44581
6,2,2.7,44582
6,2,2.733,44583
6,2,2.767,44584
6,2,2.8,44585
6,2,2.833,44586
6,2,2.867,44587
6,2,2.9,44588
6,2,2.933,44589
6,2,2.967,44590
6,2,3,44591
6,2,3.033,44592
6,2,3.067,44593
6,2,3.1,44594
6,2,3.133,44595
6,2,3.167,44596
6,2,3.2,44597
6,2,3.233,44598
6,2,3.267,44599
6,2,3.3,44600
6,2,3.333,44601
6,2,3.367,44602
6,2,3.4,44603
6,2,3.433,44604
6,2,3.467,44605
6,2,3.5,44606
6,2,3.533,44607
6,2,3.567,44608
6,2,3.6,44609
6,2,3.633,44610
6,2,3.667,44611
6,2,3.7,44612
6,2,3.733,44613
6,2,3.767,44614
6,2,3.8,44615
6,2,3.833,44616
6,2,3.867,44617
6,2,3.9,44618
6,2,3.933,44619
6,2,3.967,44620
6,2,4,44621
6,2,4.033,44622
6,2,4.067,44623
6,2,4.1,44624
6,2,4.133,44625
6,2,4.167,44626
6,2,4.2,44627
6,2,4.233,44628
6,2,4.267,44629
6,2,4.3,44630
6,2,4.333,44631
6,2,4.367,44632
6,2,4.4,44633
6,2,4.433,44634
6,2,4.467,44635
6,2,4.5,44636
6,2,4.533,44637
6,2,4.567,44638
6,2,4.6,44639
6,2,4.633,44640
6,2,4.667,44641
6,2,4.7,44642
6,2,4.733,44643
6,2,4.767,44644
6,2,4.8,44645
6,2,4.833,44646
6,2,4.867,44647
6,2,4.9,44648
6,2,4.933,44649
6,2,4.967,44650
6,2,5,44651
6,2,5.033,44652
6,2,5.067,44653
6,2,5.1,44654
4,2,5.167,44655
4,2,5.2,44656
4,2,5.233,44657
2,2,5.3,44658
2,2,5.333,44659
2,2,5.367,44660
2,2,5.4,44661
2,2,5.433,44662
2,2,5.467,44663
2,2,5.5,44664
2,2,5.533,44665
2,2,5.567,44666
2,2,5.6,44667
2,2,5.633,44668
2,2,5.667,44669
2,2,5.7,44670
2,2,5.733,44671
2,2,5.767,44672
2,2,5.8,44673
2,2,5.833,44674
2,2,5.867,44675
2,2,5.9,44676
2,2,5.933,44677
2,2,5.967,44678
2,2,6,44679
2,2,6.033,44680
2,2,6.067,44681
2,2,6.1,44682
2,2,6.133,44683
2,2,6.167,44684
2,2,6.2,44685
2,2,6.233,44686
2,2,6.267,44687
3,2,6.3,44688
3,2,6.567,44689
3,2,6.6,44690
3,2,6.633,44691
3,2,6.667,44692
3,2,6.7,44693
3,2,6.733,44694
3,2,6.767,44695
3,2,6.8,44696
3,2,6.833,44697
3,2,6.867,44698
3,2,6.9,44699
3,2,6.933,44700
3,2,6.967,44701
3,2,7,44702
3,2,7.033,44703
3,2,7.067,44704
3,2,7.1,44705
3,2,7.133,44706
3,2,7.167,44707
3,2,7.2,44708
3,2,7.233,44709
3,2,7.267,44710
3,2,7.3,44711
3,2,7.333,44712
3,2,7.367,44713
3,2,7.4,44714
3,2,7.433,44715
3,2,7.467,44716
3,2,7.5,44717
3,2,7.533,44718
3,2,7.567,44719
3,2,7.6,44720
3,2,7.633,44721
3,2,7.667,44722
3,2,7.7,44723
3,2,7.733,44724
3,2,7.767,44725
3,2,7.8,44726
3,2,7.833,44727
3,2,7.867,44728
3,2,7.9,44729
3,2,7.933,44730
3,2,7.967,44731
3,2,8,44732
3,2,8.033,44733
3,2,8.067,44734
3,2,8.1,44735
3,2,8.133,44736
3,2,8.167,44737
3,2,8.2,44738
3,2,8.233,44739
3,2,0,44740
3,2,0.033,44741
3,2,0.067,44742
3,2,0.1,44743
3,2,0.133,44744
3,2,0.167,44745
3,2,0.2,44746
3,2,0.233,44747
3,2,0.267,44748
3,2,0.3,44749
3,2,0.333,44750
3,2,0.367,44751
3,2,0.4,44752
3,2,0.433,44753
3,2,0.467,44754
3,2,0.5,44755
3,2,0.533,44756
3,2,0.567,44757
3,2,0.6,44758
3,2,0.633,44759
3,2,0.667,44760
3,2,0.7,44761
3,2,0.733,44762
3,2,0.767,44763
3,2,0.8,44764
3,2,0.833,44765
3,2,0.867,44766
3,2,0.9,44767
3,2,0.933,44768
3,2,0.967,44769
3,2,1,44770
3,2,1.033,44771
3,2,1.067,44772
3,2,1.1,44773
3,2,1.133,44774
3,2,1.167,44775
3,2,1.2,44776
3,2,1.233,44777
3,2,1.267,44778
3,2,1.3,44779
3,2,1.333,44780
3,2,1.367,44781
3,2,1.4,44782
3,2,1.433,44783
3,2,1.467,44784
3,2,1.5,44785
3,2,1.533,44786
3,2,1.567,44787
3,2,1.6,44788
3,2,1.633,44789
3,2,1.667,44790
3,2,1.7,44791
3,2,1.733,44792
3,2,1.767,44793
3,2,1.8,44794
3,2,1.833,44795
3,2,1.867,44796
3,2,1.9,44797
3,2,1.933,44798
3,2,1.967,44799
3,2,2,44800
3,2,2.033,44801
3,2,2.067,44802
3,2,2.1,44803
3,2,2.133,44804
3,2,2.167,44805
3,2,2.2,44806
3,2,2.233,44807
3,2,2.267,44808
3,2,2.3,44809
3,2,2.333,44810
3,2,2.367,44811
3,2,2.4,44812
3,2,2.433,44813
3,2,2.467,44814
3,2,2.5,44815
3,2,2.533,44816
3,2,2.567,44817
3,2,2.6,44818
3,2,2.633,44819
3,2,2.667,44820
3,2,2.7,44821
3,2,2.733,44822
2,2,2.767,44823
5,2,2.8,44824
5,2,2.833,44825
5,2,2.867,44826
5,2,2.9,44827
5,2,2.933,44828
5,2,2.967,44829
5,2,3,44830
5,2,3.033,44831
5,2,3.067,44832
5,2,3.1,44833
5,2,3.133,44834
5,2,3.167,44835
5,2,3.2,44836
5,2,3.233,44837
5,2,3.267,44838
5,2,3.3,44839
5,2,3.333,44840
5,2,3.367,44841
5,2,3.4,44842
5,2,3.433,44843
5,2,3.467,44844
5,2,3.5,44845
5,2,3.533,44846
5,2,3.567,44847
5,2,3.6,44848
5,2,3.633,44849
5,2,3.667,44850
5,2,3.7,44851
5,2,3.733,44852
5,2,3.767,44853
5,2,3.8,44854
5,2,3.833,44855
5,2,3.867,44856
5,2,3.9,44857
5,2,3.933,44858
5,2,3.967,44859
5,2,4,44860
5,2,4.033,44861
5,2,4.067,44862
5,2,4.1,44863
5,2,4.133,44864
5,2,4.167,44865
5,2,4.2,44866
5,2,4.233,44867
5,2,4.267,44868
5,2,4.3,44869
5,2,4.333,44870
5,2,4.367,44871
5,2,4.4,44872
5,2,4.433,44873
5,2,4.467,44874
5,2,4.5,44875
5,2,4.533,44876
5,2,4.567,44877
5,2,4.6,44878
5,2,4.633,44879
5,2,4.667,44880
5,2,4.7,44881
5,2,4.733,44882
5,2,4.767,44883
5,2,4.8,44884
5,2,4.833,44885
5,2,4.867,44886
5,2,4.9,44887
5,2,4.933,44888
5,2,4.967,44889
5,2,5,44890
5,2,5.033,44891
5,2,5.067,44892
5,2,5.1,44893
5,2,5.133,44894
5,2,5.167,44895
5,2,5.2,44896
5,2,5.233,44897
5,2,5.267,44898
5,2,5.3,44899
5,2,5.333,44900
5,2,5.367,44901
5,2,5.4,44902
5,2,5.433,44903
5,2,5.467,44904
5,2,5.5,44905
5,2,5.533,44906
5,2,5.567,44907
5,2,5.6,44908
5,2,5.633,44909
5,2,5.667,44910
5,2,5.7,44911
5,2,5.733,44912
5,2,5.767,44913
5,2,5.8,44914
5,2,5.833,44915
5,2,5.867,44916
5,2,5.9,44917
5,2,5.933,44918
5,2,5.967,44919
5,2,6,44920
5,2,6.033,44921
5,2,6.067,44922
5,2,6.1,44923
5,2,6.133,44924
5,2,6.167,44925
5,2,6.2,44926
5,2,6.233,44927
5,2,6.267,44928
5,2,6.3,44929
5,2,6.333,44930
5,2,6.367,44931
5,2,6.4,44932
5,2,6.433,44933
5,2,6.467,44934
5,2,6.5,44935
5,2,6.533,44936
5,2,6.567,44937
5,2,6.6,44938
5,2,6.633,44939
5,2,6.667,44940
5,2,6.7,44941
5,2,6.733,44942
5,2,6.767,44943
5,2,6.8,44944
5,2,6.833,44945
5,2,6.867,44946
5,2,6.9,44947
5,2,6.933,44948
5,2,6.967,44949
5,2,7,44950
5,2,7.033,44951
5,2,7.067,44952
5,2,7.1,44953
5,2,7.133,44954
5,2,7.167,44955
5,2,7.2,44956
5,2,7.233,44957
5,2,7.267,44958
5,2,7.3,44959
5,2,7.333,44960
5,2,7.367,44961
5,2,7.4,44962
5,2,7.433,44963
5,2,7.467,44964
5,2,7.5,44965
5,2,7.533,44966
5,2,7.567,44967
5,2,7.6,44968
5,2,7.633,44969
5,2,7.667,44970
5,2,7.7,44971
5,2,7.733,44972
5,2,7.767,44973
5,2,0,44974
5,2,0.033,44975
5,2,0.067,44976
5,2,0.1,44977
5,2,0.133,44978
5,2,0.167,44979
5,2,0.2,44980
5,2,0.233,44981
5,2,0.267,44982
5,2,0.3,44983
5,2,0.333,44984
5,2,0.367,44985
5,2,0.4,44986
5,2,0.433,44987
5,2,0.467,44988
5,2,0.5,44989
5,2,0.533,44990
5,2,0.567,44991
5,2,0.6,44992
5,2,0.633,44993
5,2,0.667,44994
5,2,0.7,44995
5,2,0.733,44996
5,2,0.767,44997
5,2,0.8,44998
5,2,0.833,44999
5,2,0.867,45000
5,2,0.9,45001
5,2,0.933,45002
5,2,0.967,45003
5,2,1,45004
5,2,1.033,45005
5,2,1.067,45006
5,2,1.1,45007
5,2,1.133,45008
5,2,1.167,45009
5,2,1.2,45010
5,2,1.233,45011
5,2,1.267,45012
5,2,1.3,45013
5,2,1.333,45014
5,2,1.367,45015
5,2,1.4,45016
5,2,1.433,45017
5,2,1.467,45018
5,2,1.5,45019
5,2,1.533,45020
5,2,1.567,45021
5,2,1.6,45022
5,2,1.633,45023
5,2,1.667,45024
5,2,1.7,45025
5,2,1.733,45026
5,2,1.767,45027
5,2,1.8,45028
5,2,1.833,45029
5,2,1.867,45030
5,2,1.9,45031
5,2,1.933,45032
5,2,1.967,45033
5,2,2,45034
5,2,2.033,45035
5,2,2.067,45036
5,2,2.1,45037
5,2,2.133,45038
5,2,2.167,45039
5,2,2.2,45040
5,2,2.233,45041
5,2,2.267,45042
5,2,2.3,45043
5,2,2.333,45044
5,2,2.367,45045
5,2,2.4,45046
5,2,2.433,45047
5,2,2.467,45048
5,2,2.5,45049
5,2,2.533,45050
5,2,2.567,45051
5,2,2.6,45052
5,2,2.633,45053
5,2,2.667,45054
5,2,2.7,45055
5,2,2.733,45056
5,2,2.767,45057
5,2,2.8,45058
5,2,2.833,45059
5,2,2.867,45060
5,2,2.9,45061
5,2,2.933,45062
5,2,2.967,45063
5,2,3,45064
5,2,3.033,45065
5,2,3.067,45066
5,2,3.1,45067
5,2,3.133,45068
5,2,3.167,45069
5,2,3.2,45070
5,2,3.233,45071
5,2,3.267,45072
5,2,3.3,45073
5,2,3.333,45074
5,2,3.367,45075
5,2,3.4,45076
5,2,3.433,45077
5,2,3.467,45078
5,2,3.5,45079
5,2,3.533,45080
5,2,3.567,45081
5,2,3.6,45082
5,2,3.633,45083
5,2,3.667,45084
5,2,3.7,45085
5,2,3.733,45086
5,2,3.767,45087
5,2,3.8,45088
5,2,3.833,45089
5,2,3.867,45090
5,2,3.9,45091
5,2,3.933,45092
5,2,3.967,45093
5,2,4,45094
5,2,4.033,45095
5,2,4.067,45096
5,2,4.1,45097
5,2,4.133,45098
5,2,4.167,45099
5,2,4.2,45100
5,2,4.233,45101
5,2,4.267,45102
5,2,4.3,45103
5,2,4.333,45104
5,2,4.367,45105
5,2,4.4,45106
5,2,4.433,45107
5,2,4.467,45108
5,2,4.5,45109
5,2,4.533,45110
5,2,4.567,45111
5,2,4.6,45112
5,2,4.633,45113
5,2,4.667,45114
5,2,4.7,45115
5,2,4.733,45116
5,2,4.767,45117
5,2,4.8,45118
5,2,4.833,45119
5,2,4.867,45120
5,2,4.9,45121
5,2,4.933,45122
5,2,4.967,45123
5,2,5,45124
5,2,5.033,45125
5,2,5.067,45126
5,2,5.1,45127
5,2,5.133,45128
5,2,5.167,45129
5,2,5.2,45130
5,2,5.233,45131
5,2,5.267,45132
5,2,5.3,45133
5,2,5.333,45134
5,2,5.367,45135
5,2,5.4,45136
5,2,5.433,45137
5,2,5.467,45138
5,2,5.5,45139
5,2,5.533,45140
5,2,5.567,45141
5,2,5.6,45142
5,2,5.633,45143
5,2,5.667,45144
5,2,5.7,45145
5,2,5.733,45146
5,2,5.767,45147
5,2,5.8,45148
5,2,5.833,45149
1,2,5.9,45150
1,2,5.933,45151
1,2,5.967,45152
1,2,6,45153
1,2,6.033,45154
1,2,6.067,45155
1,2,6.1,45156
1,2,6.133,45157
1,2,6.167,45158
1,2,6.2,45159
1,2,6.233,45160
1,2,6.267,45161
1,2,6.3,45162
1,2,6.333,45163
1,2,6.367,45164
1,2,6.4,45165
1,2,6.433,45166
1,2,6.467,45167
1,2,6.5,45168
1,2,6.533,45169
1,2,6.567,45170
1,2,6.6,45171
1,2,6.633,45172
1,2,6.667,45173
1,2,6.7,45174
1,2,6.733,45175
1,2,6.767,45176
1,2,6.8,45177
1,2,6.833,45178
1,2,6.867,45179
1,2,6.9,45180
1,2,6.933,45181
1,2,6.967,45182
1,2,7,45183
1,2,7.033,45184
1,2,7.067,45185
1,2,7.1,45186
1,2,7.133,45187
1,2,7.167,45188
1,2,7.2,45189
1,2,0,45190
1,2,0.033,45191
1,2,0.067,45192
1,2,0.1,45193
1,2,0.133,45194
1,2,0.167,45195
1,2,0.2,45196
1,2,0.233,45197
1,2,0.267,45198
1,2,0.3,45199
1,2,0.333,45200
1,2,0.367,45201
1,2,0.4,45202
1,2,0.433,45203
1,2,0.467,45204
1,2,0.5,45205
1,2,0.533,45206
1,2,0.567,45207
1,2,0.6,45208
1,2,0.633,45209
1,2,0.667,45210
1,2,0.7,45211
1,2,0.733,45212
1,2,0.767,45213
1,2,0.8,45214
1,2,0.833,45215
1,2,0.867,45216
1,2,0.9,45217
1,2,0.933,45218
1,2,0.967,45219
1,2,1,45220
1,2,1.033,45221
1,2,1.067,45222
1,2,1.1,45223
1,2,1.133,45224
1,2,1.167,45225
1,2,1.2,45226
1,2,1.233,45227
1,2,1.267,45228
1,2,1.3,45229
1,2,1.333,45230
1,2,1.367,45231
1,2,1.4,45232
1,2,1.433,45233
1,2,1.467,45234
1,2,1.5,45235
1,2,1.533,45236
1,2,1.567,45237
2,2,1.667,45238
2,2,1.7,45239
2,2,1.733,45240
2,2,1.767,45241
2,2,1.8,45242
2,2,1.833,45243
2,2,1.867,45244
2,2,1.9,45245
2,2,1.933,45246
2,2,1.967,45247
2,2,2,45248
2,2,2.033,45249
2,2,2.067,45250
2,2,2.1,45251
2,2,2.133,45252
2,2,2.167,45253
2,2,2.2,45254
2,2,2.233,45255
2,2,2.267,45256
2,2,2.3,45257
2,2,2.333,45258
2,2,2.367,45259
2,2,2.4,45260
2,2,2.433,45261
2,2,2.467,45262
2,2,2.5,45263
2,2,2.533,45264
2,2,2.567,45265
2,2,2.6,45266
2,2,2.633,45267
2,2,2.667,45268
2,2,2.7,45269
2,2,2.733,45270
2,2,2.767,45271
2,2,2.8,45272
2,2,2.833,45273
2,2,2.867,45274
2,2,2.9,45275
2,2,2.933,45276
2,2,2.967,45277
2,2,3,45278
2,2,3.033,45279
2,2,3.067,45280
2,2,3.1,45281
2,2,3.133,45282
2,2,3.167,45283
2,2,3.2,45284
2,2,3.233,45285
2,2,3.267,45286
2,2,3.3,45287
2,2,3.333,45288
2,2,3.367,45289
2,2,3.4,45290
2,2,3.433,45291
2,2,3.467,45292
2,2,3.5,45293
2,2,3.533,45294
2,2,3.567,45295
2,2,3.6,45296
2,2,3.633,45297
2,2,3.667,45298
2,2,3.7,45299
2,2,3.733,45300
2,2,3.767,45301
2,2,3.8,45302
2,2,3.833,45303
2,2,3.867,45304
2,2,3.9,45305
2,2,3.933,45306
2,2,3.967,45307
2,2,4,45308
2,2,4.033,45309
2,2,4.067,45310
2,2,4.1,45311
2,2,4.133,45312
2,2,4.167,45313
2,2,4.2,45314
2,2,4.233,45315
2,2,4.267,45316
2,2,4.3,45317
2,2,4.333,45318
2,2,4.367,45319
2,2,4.4,45320
2,2,4.433,45321
2,2,4.467,45322
2,2,4.5,45323
2,2,4.533,45324
2,2,4.567,45325
2,2,4.6,45326
2,2,4.633,45327
2,2,4.667,45328
2,2,4.7,45329
2,2,4.733,45330
2,2,4.767,45331
2,2,4.8,45332
2,2,4.833,45333
2,2,4.867,45334
2,2,4.9,45335
2,2,4.933,45336
2,2,4.967,45337
2,2,5,45338
2,2,5.033,45339
2,2,5.067,45340
2,2,5.1,45341
2,2,5.133,45342
2,2,5.167,45343
2,2,5.2,45344
2,2,5.233,45345
2,2,5.267,45346
2,2,5.3,45347
2,2,5.333,45348
2,2,5.367,45349
2,2,5.4,45350
2,2,5.433,45351
2,2,5.467,45352
2,2,5.5,45353
2,2,5.533,45354
2,2,5.567,45355
2,2,5.6,45356
2,2,5.633,45357
2,2,5.667,45358
2,2,5.7,45359
2,2,0,45360
2,2,0.033,45361
2,2,0.067,45362
2,2,0.1,45363
2,2,0.133,45364
2,2,0.167,45365
2,2,0.2,45366
2,2,0.233,45367
2,2,0.267,45368
2,2,0.3,45369
2,2,0.333,45370
2,2,0.367,45371
2,2,0.4,45372
2,2,0.433,45373
2,2,0.467,45374
2,2,0.5,45375
2,2,0.533,45376
2,2,0.567,45377
2,2,0.6,45378
2,2,0.633,45379
2,2,0.667,45380
2,2,0.7,45381
2,2,0.733,45382
2,2,0.767,45383
2,2,0.8,45384
2,2,0.833,45385
2,2,0.867,45386
2,2,0.9,45387
2,2,0.933,45388
2,2,0.967,45389
2,2,1,45390
3,2,1.033,45391
1,3,0.033,45392
1,3,0.067,45393
1,3,0.467,45394
1,3,0.5,45395
1,3,0.533,45396
1,3,0.567,45397
1,3,0.6,45398
1,3,0.633,45399
1,3,0.667,45400
1,3,0.7,45401
1,3,0.733,45402
1,3,0.767,45403
1,3,0.8,45404
1,3,0.833,45405
1,3,0.867,45406
1,3,0.9,45407
6,3,0.967,45408
6,3,1,45409
6,3,1.033,45410
6,3,1.067,45411
6,3,1.1,45412
6,3,1.133,45413
6,3,1.167,45414
6,3,1.2,45415
6,3,1.233,45416
6,3,1.267,45417
6,3,1.3,45418
6,3,1.333,45419
6,3,1.367,45420
6,3,1.4,45421
2,3,1.433,45422
2,3,1.467,45423
2,3,1.5,45424
2,3,1.533,45425
2,3,1.567,45426
2,3,1.6,45427
2,3,1.633,45428
2,3,1.667,45429
2,3,1.7,45430
2,3,1.733,45431
2,3,1.767,45432
2,3,1.8,45433
2,3,1.833,45434
2,3,1.867,45435
2,3,1.9,45436
2,3,1.933,45437
2,3,1.967,45438
2,3,2,45439
2,3,2.033,45440
2,3,2.067,45441
2,3,2.1,45442
2,3,2.133,45443
2,3,2.167,45444
2,3,2.2,45445
2,3,2.233,45446
2,3,2.267,45447
2,3,2.3,45448
2,3,2.333,45449
2,3,2.367,45450
2,3,2.4,45451
2,3,2.433,45452
2,3,2.467,45453
2,3,2.5,45454
2,3,2.533,45455
2,3,2.567,45456
2,3,2.6,45457
2,3,2.633,45458
2,3,2.667,45459
2,3,2.7,45460
2,3,2.733,45461
2,3,2.767,45462
6,3,2.8,45463
6,3,2.833,45464
6,3,2.867,45465
6,3,2.9,45466
6,3,2.933,45467
6,3,2.967,45468
6,3,3,45469
6,3,3.033,45470
6,3,3.067,45471
6,3,3.1,45472
6,3,3.133,45473
6,3,3.167,45474
6,3,3.2,45475
6,3,3.233,45476
6,3,3.267,45477
6,3,3.3,45478
6,3,3.333,45479
6,3,3.367,45480
6,3,3.4,45481
6,3,3.433,45482
6,3,3.467,45483
6,3,3.5,45484
6,3,3.533,45485
6,3,3.567,45486
6,3,3.6,45487
6,3,3.633,45488
6,3,3.667,45489
6,3,3.7,45490
6,3,3.733,45491
6,3,3.767,45492
6,3,3.8,45493
6,3,3.833,45494
6,3,3.867,45495
6,3,3.9,45496
6,3,3.933,45497
6,3,3.967,45498
6,3,4,45499
6,3,4.033,45500
6,3,4.067,45501
6,3,4.1,45502
6,3,4.133,45503
6,3,4.167,45504
6,3,4.2,45505
6,3,4.233,45506
6,3,4.267,45507
6,3,4.3,45508
6,3,0,45509
6,3,0.033,45510
6,3,0.067,45511
6,3,0.1,45512
6,3,0.133,45513
6,3,0.167,45514
6,3,0.2,45515
6,3,0.233,45516
6,3,0.267,45517
6,3,0.3,45518
6,3,1.433,45519
5,3,1.467,45520
5,3,1.5,45521
5,3,1.533,45522
5,3,1.567,45523
5,3,1.6,45524
5,3,1.633,45525
5,3,1.667,45526
5,3,1.7,45527
5,3,1.733,45528
5,3,1.767,45529
5,3,0,45530
5,3,0.033,45531
5,3,0.067,45532
5,3,0.1,45533
5,3,0.133,45534
5,3,0.167,45535
5,3,0.2,45536
5,3,0.233,45537
5,3,0.267,45538
5,3,0.3,45539
5,3,0.333,45540
5,3,0.367,45541
1,3,2.233,45542
3,3,2.3,45543
3,3,2.333,45544
3,3,2.367,45545
3,3,2.4,45546
3,3,2.433,45547
3,3,2.467,45548
3,3,2.5,45549
3,3,2.533,45550
3,3,2.567,45551
3,3,2.6,45552
3,3,2.633,45553
3,3,2.667,45554
3,3,2.7,45555
3,3,2.733,45556
3,3,2.767,45557
3,3,2.8,45558
3,3,2.833,45559
3,3,2.867,45560
3,3,2.9,45561
3,3,2.933,45562
3,3,2.967,45563
3,3,3,45564
3,3,3.033,45565
3,3,3.067,45566
3,3,3.1,45567
3,3,3.133,45568
3,3,3.167,45569
3,3,3.2,45570
6,3,3.433,45571
6,3,3.467,45572
6,3,3.5,45573
6,3,3.533,45574
6,3,3.567,45575
2,3,6.1,45576
2,3,6.133,45577
2,3,6.167,45578
2,3,6.2,45579
2,3,6.233,45580
2,3,6.267,45581
2,3,6.3,45582
2,3,6.333,45583
2,3,6.367,45584
2,3,6.4,45585
2,3,6.433,45586
2,3,6.467,45587
2,3,6.5,45588
2,3,6.533,45589
2,3,6.567,45590
2,3,6.6,45591
2,3,0,45592
2,3,0.033,45593
2,3,0.067,45594
2,3,0.1,45595
2,3,0.133,45596
2,3,0.167,45597
2,3,0.2,45598
2,3,0.233,45599
2,3,0.267,45600
2,3,0.3,45601
2,3,0.333,45602
2,3,0.367,45603
3,3,6.1,45604
3,3,6.133,45605
3,3,6.167,45606
3,3,6.2,45607
3,3,6.233,45608
3,3,6.267,45609
3,3,6.3,45610
3,3,0,45611
3,3,0.033,45612
3,3,0.067,45613
3,3,0.1,45614
3,3,0.133,45615
3,3,0.167,45616
3,3,0.2,45617
3,3,0.233,45618
3,3,0.267,45619
6,3,0.333,45620
6,3,0.367,45621
6,3,0.4,45622
6,3,0.433,45623
6,3,0.467,45624
6,3,0.5,45625
6,3,0.533,45626
1,3,2.933,45627
4,3,2.967,45628
4,3,3,45629
4,3,3.033,45630
4,3,3.067,45631
4,3,3.1,45632
4,3,3.133,45633
4,3,3.167,45634
4,3,3.2,45635
4,3,3.233,45636
4,3,3.267,45637
4,3,3.3,45638
4,3,3.333,45639
4,3,3.367,45640
4,3,3.4,45641
4,3,3.433,45642
4,3,3.467,45643
4,3,3.5,45644
4,3,3.533,45645
4,3,3.567,45646
4,3,3.6,45647
4,3,0,45648
4,3,0.033,45649
4,3,0.067,45650
4,3,0.1,45651
4,3,0.133,45652
4,3,0.167,45653
4,3,0.2,45654
4,3,0.233,45655
4,3,0.267,45656
4,3,0.3,45657
4,3,0.333,45658
4,3,0.367,45659
1,3,0.4,45660
1,3,1.567,45661
1,3,1.6,45662
1,3,1.633,45663
1,3,1.667,45664
1,3,1.7,45665
1,3,1.733,45666
1,3,1.767,45667
1,3,1.8,45668
1,3,1.833,45669
1,3,1.867,45670
1,3,1.9,45671
1,3,1.933,45672
1,3,1.967,45673
1,3,2,45674
1,3,2.033,45675
1,3,2.067,45676
1,3,2.1,45677
1,3,2.133,45678
1,3,2.167,45679
1,3,2.2,45680
1,3,2.233,45681
1,3,0,45682
1,3,0.033,45683
1,3,0.067,45684
1,3,0.1,45685
1,3,0.133,45686
1,3,0.167,45687
1,3,0.2,45688
1,3,0.233,45689
1,4,3.533,45690
1,4,3.567,45691
1,4,3.6,45692
1,4,3.633,45693
1,4,3.667,45694
1,4,3.7,45695
1,4,3.733,45696
1,4,3.767,45697
1,4,3.8,45698
1,4,3.833,45699
1,4,3.867,45700
1,4,3.9,45701
1,4,3.933,45702
1,4,3.967,45703
1,4,4,45704
1,4,4.033,45705
1,4,4.067,45706
1,4,4.1,45707
1,4,0,45708
1,4,0.033,45709
1,4,0.067,45710
1,4,0.1,45711
1,4,0.133,45712
1,4,0.167,45713
1,4,0.2,45714
1,4,0.233,45715
1,4,0.267,45716
1,4,0.3,45717
1,4,0.333,45718
4,4,2.467,45719
4,4,2.5,45720
4,4,2.533,45721
4,4,2.567,45722
4,4,2.6,45723
4,4,2.633,45724
4,4,2.667,45725
4,4,2.7,45726
4,4,2.733,45727
4,4,2.767,45728
4,4,2.8,45729
4,4,0,45730
4,4,0.033,45731
4,4,0.067,45732
4,4,0.1,45733
4,4,0.133,45734
4,4,0.167,45735
4,4,0.2,45736
4,4,0.233,45737
1,4,0.3,45738
2,4,2.033,45739
2,4,2.067,45740
2,4,2.1,45741
2,4,2.133,45742
2,4,2.167,45743
2,4,2.2,45744
2,4,2.233,45745
2,4,2.267,45746
2,4,2.3,45747
2,4,2.333,45748
2,4,0,45749
2,4,0.033,45750
2,4,0.067,45751
2,4,0.1,45752
2,4,0.133,45753
2,4,0.167,45754
2,4,0.2,45755
2,4,0.233,45756
2,4,0.267,45757
2,4,0.3,45758
1,4,1.867,45759
6,4,1.933,45760
6,4,1.967,45761
6,4,2,45762
6,4,2.033,45763
6,4,2.067,45764
6,4,2.1,45765
6,4,2.133,45766
6,4,2.167,45767
6,4,2.2,45768
6,4,0,45769
6,4,0.033,45770
6,4,0.067,45771
6,4,0.1,45772
6,4,0.133,45773
6,4,0.167,45774
6,4,0.2,45775
6,4,0.233,45776
1,4,0.3,45777
1,4,0.333,45778
1,4,0.367,45779
5,4,1.333,45780
5,4,1.367,45781
5,4,1.4,45782
5,4,1.433,45783
5,4,1.467,45784
5,4,1.5,45785
5,4,1.533,45786
5,4,1.567,45787
5,4,0,45788
5,4,0.033,45789
5,4,0.067,45790
5,4,0.1,45791
5,4,0.133,45792
5,4,0.167,45793
5,4,0.2,45794
3,4,1.1,45795
3,4,1.133,45796
3,4,1.167,45797
3,4,1.2,45798
3,4,1.233,45799
3,4,1.267,45800
3,4,1.3,45801
3,4,1.333,45802
3,4,1.367,45803
3,4,1.4,45804
3,4,1.433,45805
3,4,1.467,45806
3,4,1.5,45807
3,4,0,45808
3,4,0.033,45809
3,4,0.067,45810
3,4,0.1,45811
3,4,0.133,45812
3,4,0.167,45813
3,4,0.2,45814
3,4,0.233,45815
5,13,2.567,45816
5,13,2.6,45817
5,13,2.633,45818
5,13,2.667,45819
5,13,2.7,45820
5,13,2.733,45821
5,13,2.767,45822
5,13,2.8,45823
5,13,2.833,45824
5,13,2.867,45825
5,13,2.9,45826
5,13,2.933,45827
5,13,2.967,45828
5,13,3,45829
5,13,3.033,45830
5,13,3.067,45831
5,13,3.1,45832
5,13,3.133,45833
5,13,3.167,45834
5,13,3.2,45835
5,13,3.233,45836
5,13,3.267,45837
5,13,3.3,45838
5,13,3.333,45839
5,13,3.367,45840
5,13,3.4,45841
5,13,3.433,45842
5,13,3.467,45843
5,13,3.5,45844
5,13,3.533,45845
5,13,3.567,45846
5,13,3.6,45847
5,13,3.633,45848
5,13,3.667,45849
5,13,3.7,45850
5,13,3.733,45851
5,13,3.767,45852
5,13,3.8,45853
5,13,3.833,45854
5,13,3.867,45855
5,13,3.9,45856
5,13,3.933,45857
5,13,3.967,45858
5,13,4,45859
5,13,4.033,45860
5,13,4.067,45861
5,13,4.1,45862
5,13,4.133,45863
5,13,4.167,45864
5,13,4.2,45865
5,13,4.233,45866
5,13,4.267,45867
5,13,4.3,45868
5,13,4.333,45869
5,13,4.367,45870
5,13,4.4,45871
5,13,4.433,45872
5,13,4.467,45873
5,13,4.5,45874
5,13,4.533,45875
5,13,4.567,45876
5,13,4.6,45877
5,13,4.633,45878
5,13,4.667,45879
5,13,4.7,45880
5,13,4.733,45881
5,13,4.767,45882
5,13,4.8,45883
5,13,4.833,45884
5,13,4.867,45885
5,13,4.9,45886
5,13,4.933,45887
5,13,4.967,45888
5,13,5,45889
5,13,5.033,45890
5,13,5.067,45891
5,13,5.1,45892
5,13,5.133,45893
5,13,5.167,45894
5,13,5.2,45895
5,13,5.233,45896
5,13,5.267,45897
5,13,5.3,45898
5,13,5.333,45899
5,13,0,45900
5,13,0.033,45901
5,13,0.067,45902
5,13,0.1,45903
5,13,0.133,45904
5,13,0.167,45905
5,13,0.2,45906
5,13,0.233,45907
5,13,0.267,45908
5,13,0.3,45909
5,13,0.333,45910
5,13,0.367,45911
5,13,0.4,45912
5,13,0.433,45913
5,13,0.467,45914
5,13,0.5,45915
5,13,0.533,45916
5,13,0.567,45917
5,13,0.6,45918
5,13,0.633,45919
5,13,0.667,45920
5,13,0.7,45921
5,13,0.733,45922
5,13,0.767,45923
5,13,0.8,45924
5,13,0.833,45925
5,13,0.867,45926
5,13,0.9,45927
5,13,0.933,45928
5,13,0.967,45929
5,13,1,45930
5,13,1.033,45931
5,13,1.067,45932
5,13,1.1,45933
5,13,1.133,45934
5,13,1.167,45935
5,13,1.2,45936
5,13,1.233,45937
5,13,1.267,45938
5,13,1.3,45939
5,13,1.333,45940
5,13,1.367,45941
5,13,1.4,45942
5,13,1.433,45943
5,13,1.467,45944
5,13,1.5,45945
5,13,1.533,45946
5,13,1.567,45947
5,13,1.6,45948
5,13,1.633,45949
5,13,1.667,45950
5,13,1.7,45951
5,13,1.733,45952
5,13,1.767,45953
5,13,1.8,45954
5,13,1.833,45955
5,13,1.867,45956
5,13,1.9,45957
5,13,1.933,45958
5,13,1.967,45959
5,13,2,45960
5,13,2.033,45961
5,13,2.067,45962
5,13,2.1,45963
5,13,2.133,45964
5,13,2.167,45965
5,13,2.2,45966
5,13,2.233,45967
5,13,2.267,45968
5,13,2.3,45969
5,13,2.333,45970
5,13,2.367,45971
5,13,2.4,45972
5,13,2.433,45973
5,13,2.467,45974
5,13,2.5,45975
5,13,2.533,45976
5,13,2.567,45977
5,13,2.6,45978
5,13,2.633,45979
5,13,2.667,45980
5,13,2.7,45981
5,13,2.733,45982
5,13,2.767,45983
5,13,2.8,45984
5,13,2.833,45985
5,13,2.867,45986
5,13,2.9,45987
5,13,2.933,45988
5,13,2.967,45989
5,13,3,45990
5,13,3.033,45991
5,13,3.067,45992
5,13,3.1,45993
5,13,3.133,45994
5,13,3.167,45995
5,13,3.2,45996
5,13,3.233,45997
5,13,3.267,45998
5,13,3.3,45999
5,13,3.333,46000
5,13,3.367,46001
5,13,3.4,46002
5,13,3.433,46003
5,13,3.467,46004
5,13,3.5,46005
5,13,3.533,46006
5,13,3.567,46007
5,13,3.6,46008
5,13,3.633,46009
5,13,3.667,46010
5,13,3.7,46011
5,13,3.733,46012
5,13,3.767,46013
5,13,3.8,46014
5,13,3.833,46015
5,13,3.867,46016
5,13,3.9,46017
5,13,3.933,46018
5,13,3.967,46019
5,13,4,46020
5,13,4.033,46021
5,13,4.067,46022
5,13,4.1,46023
5,13,4.133,46024
5,13,4.167,46025
5,13,4.2,46026
5,13,0,46027
5,13,0.033,46028
5,13,0.067,46029
5,13,0.1,46030
5,13,0.133,46031
5,13,0.167,46032
5,13,0.2,46033
5,13,0.233,46034
5,13,0.267,46035
5,13,0.3,46036
5,13,0.333,46037
5,13,0.367,46038
5,13,0.4,46039
5,13,0.433,46040
5,13,0.467,46041
5,13,0.5,46042
5,13,0.533,46043
5,13,0.567,46044
5,13,0.6,46045
5,13,0.633,46046
5,13,0.667,46047
5,13,0.7,46048
5,13,0.733,46049
5,13,0.767,46050
5,13,0.8,46051
5,13,0.833,46052
5,13,0.867,46053
5,13,0.9,46054
5,13,0.933,46055
5,13,0.967,46056
5,13,1,46057
5,13,1.033,46058
5,13,1.067,46059
5,13,1.1,46060
5,13,1.133,46061
5,13,1.167,46062
5,13,1.2,46063
5,13,1.233,46064
5,13,1.267,46065
5,13,1.3,46066
5,13,1.333,46067
5,13,1.367,46068
5,13,1.4,46069
5,13,1.433,46070
5,13,1.467,46071
5,13,1.5,46072
5,13,1.533,46073
5,13,1.567,46074
5,13,1.6,46075
5,13,1.633,46076
5,13,1.667,46077
5,13,1.7,46078
5,13,1.733,46079
5,13,1.767,46080
5,13,1.8,46081
5,13,1.833,46082
5,13,1.867,46083
5,13,1.9,46084
5,13,1.933,46085
5,13,1.967,46086
5,13,2,46087
5,13,2.033,46088
5,13,2.067,46089
5,13,2.1,46090
5,13,2.133,46091
5,13,2.167,46092
5,13,2.2,46093
5,13,2.233,46094
5,13,2.267,46095
5,13,2.3,46096
5,13,2.333,46097
5,13,2.367,46098
5,13,2.4,46099
5,13,2.433,46100
5,13,2.467,46101
5,13,2.5,46102
5,13,2.533,46103
5,13,2.567,46104
5,13,2.6,46105
5,13,2.633,46106
5,13,2.667,46107
5,13,2.7,46108
5,13,2.733,46109
5,13,2.767,46110
5,13,2.8,46111
5,13,2.833,46112
4,5,0,46113
4,5,0.033,46114
4,5,0.067,46115
4,5,0.1,46116
4,5,0.133,46117
4,5,0.167,46118
4,5,0.2,46119
4,5,0.233,46120
4,5,0.267,46121
4,5,0.3,46122
4,5,0.333,46123
4,5,0.367,46124
4,5,0.4,46125
4,5,0.433,46126
4,5,0.467,46127
4,5,0.5,46128
4,5,0.533,46129
4,5,0.567,46130
4,5,0.6,46131
4,5,0.633,46132
4,5,0.667,46133
4,5,0.7,46134
4,5,0.733,46135
4,5,0.767,46136
4,5,0.8,46137
4,5,0.833,46138
4,5,0.867,46139
4,5,0.9,46140
4,5,0.933,46141
4,5,0.967,46142
4,5,1,46143
4,5,1.033,46144
4,5,1.067,46145
4,5,1.1,46146
4,5,1.133,46147
4,5,1.167,46148
4,5,1.2,46149
4,5,1.233,46150
4,5,1.267,46151
4,5,1.3,46152
4,5,1.333,46153
4,5,1.367,46154
4,5,1.4,46155
4,5,1.433,46156
4,5,1.467,46157
4,5,1.5,46158
4,5,1.533,46159
4,5,1.567,46160
4,5,1.6,46161
4,5,1.633,46162
4,5,1.667,46163
4,5,1.7,46164
4,5,1.733,46165
4,5,1.767,46166
4,5,1.8,46167
4,5,1.833,46168
4,5,1.867,46169
4,5,1.9,46170
4,5,1.933,46171
4,5,1.967,46172
4,5,2,46173
4,5,2.033,46174
4,5,2.067,46175
4,5,2.1,46176
4,5,2.133,46177
4,5,2.167,46178
4,5,2.2,46179
4,5,2.233,46180
4,5,2.267,46181
4,5,2.3,46182
4,5,2.333,46183
4,5,2.367,46184
4,5,2.4,46185
4,5,2.433,46186
4,5,2.467,46187
4,5,2.5,46188
4,5,2.533,46189
4,5,2.567,46190
4,5,2.6,46191
4,5,2.633,46192
4,5,2.667,46193
4,5,2.7,46194
4,5,2.733,46195
4,5,2.767,46196
4,5,2.8,46197
4,5,2.833,46198
4,5,2.867,46199
4,5,2.9,46200
4,5,2.933,46201
4,5,2.967,46202
4,5,3,46203
4,5,3.033,46204
4,5,3.067,46205
4,5,3.1,46206
4,5,3.133,46207
4,5,3.167,46208
4,5,3.2,46209
4,5,3.233,46210
4,5,3.267,46211
4,5,3.3,46212
4,5,3.333,46213
4,5,3.367,46214
4,5,3.4,46215
4,5,3.433,46216
4,5,3.467,46217
4,5,3.5,46218
4,5,3.533,46219
4,5,3.567,46220
4,5,3.6,46221
4,5,3.633,46222
4,5,3.667,46223
4,5,3.7,46224
4,5,3.733,46225
4,5,3.767,46226
4,5,3.8,46227
4,5,3.833,46228
4,5,3.867,46229
4,5,3.9,46230
4,5,3.933,46231
4,5,3.967,46232
4,5,4,46233
4,5,4.033,46234
4,5,4.067,46235
4,5,4.1,46236
4,5,4.133,46237
4,5,4.167,46238
4,5,4.2,46239
4,5,4.233,46240
4,5,4.267,46241
4,5,4.3,46242
4,5,4.333,46243
4,5,4.367,46244
4,5,4.4,46245
4,5,4.433,46246
4,5,4.467,46247
4,5,4.5,46248
4,5,4.533,46249
4,5,4.567,46250
4,5,4.6,46251
4,5,4.633,46252
4,5,4.667,46253
4,5,4.7,46254
4,5,4.733,46255
4,5,4.767,46256
4,5,4.8,46257
4,5,4.833,46258
4,5,4.867,46259
4,5,4.9,46260
4,5,4.933,46261
4,5,4.967,46262
4,5,5,46263
4,5,5.033,46264
4,5,5.067,46265
4,5,5.1,46266
4,5,5.133,46267
4,5,5.167,46268
4,5,5.2,46269
4,5,5.233,46270
4,5,5.267,46271
4,5,5.3,46272
4,5,5.333,46273
4,5,5.367,46274
4,5,5.4,46275
4,5,5.433,46276
4,5,5.467,46277
4,5,5.5,46278
4,5,5.533,46279
4,5,5.567,46280
4,5,5.6,46281
4,5,5.633,46282
4,5,5.667,46283
4,5,5.7,46284
4,5,5.733,46285
4,5,5.767,46286
4,5,5.8,46287
5,5,8.9,46288
5,5,8.933,46289
5,5,8.967,46290
5,5,9,46291
5,5,9.033,46292
5,5,9.067,46293
5,5,9.1,46294
5,5,9.133,46295
5,5,9.167,46296
5,5,9.2,46297
5,5,9.233,46298
5,5,9.267,46299
5,5,9.3,46300
5,5,0,46301
5,5,0.033,46302
5,5,0.067,46303
5,5,0.1,46304
5,5,0.133,46305
5,5,0.167,46306
5,5,0.2,46307
5,5,0.233,46308
5,5,0.267,46309
5,5,0.3,46310
5,5,0.333,46311
5,5,0.367,46312
5,5,0.4,46313
5,5,0.433,46314
5,5,0.467,46315
5,5,0.5,46316
5,5,0.533,46317
5,5,0.567,46318
5,5,0.6,46319
5,5,0.633,46320
5,5,0.667,46321
5,5,0.7,46322
5,5,0.733,46323
5,5,0.767,46324
5,5,0.8,46325
5,5,0.833,46326
5,5,0.867,46327
5,5,0.9,46328
5,5,0.933,46329
5,5,0.967,46330
5,5,1,46331
5,5,1.033,46332
5,5,1.067,46333
5,5,1.1,46334
5,5,1.133,46335
5,5,1.167,46336
5,5,1.2,46337
5,5,1.233,46338
5,5,1.267,46339
5,5,1.3,46340
5,5,1.333,46341
5,5,1.367,46342
5,5,1.4,46343
5,5,1.433,46344
5,5,1.467,46345
5,5,1.5,46346
5,5,1.533,46347
5,5,1.567,46348
5,5,1.6,46349
5,5,1.633,46350
5,5,1.667,46351
5,5,1.7,46352
5,5,1.733,46353
5,5,1.767,46354
5,5,1.8,46355
5,5,1.833,46356
5,5,1.867,46357
5,5,1.9,46358
5,5,1.933,46359
5,5,1.967,46360
5,5,2,46361
5,5,2.033,46362
5,5,2.067,46363
5,5,2.1,46364
5,5,2.133,46365
5,5,2.167,46366
5,5,2.2,46367
5,5,2.233,46368
5,5,2.267,46369
5,5,2.3,46370
5,5,2.333,46371
5,5,2.367,46372
5,5,2.4,46373
5,5,2.433,46374
5,5,2.467,46375
5,5,2.5,46376
5,5,2.533,46377
5,5,2.567,46378
5,5,2.6,46379
5,5,2.633,46380
5,5,2.667,46381
5,5,2.7,46382
5,5,2.733,46383
5,5,2.767,46384
5,5,2.8,46385
5,5,2.833,46386
5,5,2.867,46387
5,5,2.9,46388
5,5,2.933,46389
5,5,2.967,46390
5,5,3,46391
5,5,3.033,46392
5,5,3.067,46393
5,5,3.1,46394
5,5,3.133,46395
5,5,3.167,46396
5,5,3.2,46397
5,5,3.233,46398
5,5,3.267,46399
5,5,3.3,46400
5,5,3.333,46401
5,5,3.367,46402
5,5,3.4,46403
5,5,3.433,46404
5,5,3.467,46405
5,5,3.5,46406
5,5,3.533,46407
5,5,3.567,46408
4,5,3.633,46409
4,5,3.667,46410
4,5,3.7,46411
4,5,3.733,46412
4,5,3.767,46413
4,5,3.8,46414
4,5,3.833,46415
4,5,3.867,46416
4,5,3.9,46417
4,5,3.933,46418
4,5,3.967,46419
4,5,4,46420
4,5,4.033,46421
4,5,4.067,46422
4,5,4.1,46423
4,5,0,46424
4,5,0.033,46425
4,5,0.067,46426
4,5,0.1,46427
4,5,0.133,46428
4,5,0.167,46429
4,5,0.2,46430
4,5,0.233,46431
4,5,0.267,46432
4,5,0.3,46433
4,5,0.333,46434
4,5,0.367,46435
4,5,0.4,46436
4,5,0.433,46437
4,5,0.467,46438
4,5,0.5,46439
4,5,0.533,46440
4,5,0.567,46441
4,5,0.6,46442
4,5,0.633,46443
4,5,0.667,46444
6,5,3,46445
1,5,3.4,46446
1,5,3.433,46447
1,5,3.467,46448
1,5,3.5,46449
1,5,3.533,46450
1,5,3.567,46451
1,5,3.6,46452
1,5,3.633,46453
1,5,3.667,46454
1,5,3.7,46455
1,5,3.733,46456
1,5,3.767,46457
1,5,3.8,46458
1,5,3.833,46459
1,5,3.867,46460
1,5,3.9,46461
1,5,3.933,46462
1,5,3.967,46463
1,5,4,46464
1,5,4.033,46465
1,5,4.067,46466
1,5,4.1,46467
1,5,4.133,46468
1,5,4.167,46469
1,5,4.2,46470
1,5,4.233,46471
1,5,4.267,46472
1,5,4.3,46473
1,5,4.333,46474
1,5,4.367,46475
1,5,4.4,46476
1,5,4.433,46477
1,5,4.467,46478
1,5,4.5,46479
1,5,4.533,46480
1,5,4.567,46481
1,5,4.6,46482
1,5,4.633,46483
1,5,4.667,46484
1,5,4.7,46485
1,5,4.733,46486
1,5,4.767,46487
1,5,4.8,46488
1,5,4.833,46489
1,5,4.867,46490
1,5,4.9,46491
1,5,4.933,46492
1,5,4.967,46493
1,5,5,46494
1,5,5.033,46495
1,5,5.067,46496
1,5,5.1,46497
1,5,5.133,46498
1,5,5.167,46499
1,5,5.2,46500
1,5,5.233,46501
1,5,5.267,46502
1,5,5.3,46503
1,5,5.333,46504
1,5,5.367,46505
1,5,5.4,46506
1,5,5.433,46507
1,5,5.467,46508
1,5,5.5,46509
1,5,5.533,46510
1,5,5.567,46511
1,5,5.6,46512
1,5,5.633,46513
1,5,5.667,46514
1,5,5.7,46515
1,5,5.733,46516
1,5,5.767,46517
1,5,5.8,46518
1,5,5.833,46519
1,5,5.867,46520
1,5,5.9,46521
1,5,5.933,46522
1,5,5.967,46523
1,5,6,46524
1,5,6.033,46525
1,5,6.067,46526
1,5,6.1,46527
1,5,6.133,46528
1,5,6.167,46529
1,5,6.2,46530
1,5,6.233,46531
1,5,6.267,46532
1,5,6.3,46533
1,5,6.333,46534
1,5,6.367,46535
1,5,0,46536
1,5,0.033,46537
1,5,0.067,46538
1,5,0.1,46539
1,5,0.133,46540
1,5,0.167,46541
1,5,0.2,46542
1,5,0.233,46543
1,5,0.267,46544
1,5,0.3,46545
1,5,0.333,46546
1,5,0.367,46547
1,5,0.4,46548
1,5,0.433,46549
1,5,0.467,46550
1,5,0.5,46551
1,5,0.533,46552
1,5,0.567,46553
1,5,0.6,46554
1,5,0.633,46555
1,5,0.667,46556
1,5,0.7,46557
1,5,0.733,46558
1,5,0.767,46559
1,5,0.8,46560
1,5,0.833,46561
1,5,0.867,46562
1,5,0.9,46563
1,5,0.933,46564
1,5,0.967,46565
1,5,1,46566
1,5,1.033,46567
1,5,1.067,46568
1,5,1.1,46569
1,5,1.133,46570
1,5,1.167,46571
1,5,1.2,46572
1,5,1.233,46573
1,5,1.267,46574
1,5,1.3,46575
1,5,1.333,46576
1,5,1.367,46577
1,5,1.4,46578
1,5,1.433,46579
1,5,1.467,46580
1,5,1.5,46581
1,5,1.533,46582
1,5,1.567,46583
1,5,1.6,46584
1,5,1.633,46585
1,5,1.667,46586
1,5,1.7,46587
1,5,1.733,46588
1,5,1.767,46589
1,5,1.8,46590
1,5,1.833,46591
1,5,1.867,46592
1,5,1.9,46593
1,5,1.933,46594
1,5,1.967,46595
1,5,2,46596
1,5,2.033,46597
1,5,2.067,46598
1,5,2.1,46599
1,5,2.133,46600
1,5,2.167,46601
3,5,2.233,46602
3,5,2.267,46603
6,5,2.3,46604
6,5,2.333,46605
6,5,2.367,46606
6,5,2.4,46607
6,5,2.433,46608
6,5,2.467,46609
6,5,2.5,46610
6,5,2.533,46611
6,5,0,46612
6,5,0.033,46613
6,5,0.067,46614
6,5,0.1,46615
6,5,0.133,46616
6,5,0.167,46617
6,5,0.2,46618
6,5,0.233,46619
6,5,0.267,46620
6,5,0.3,46621
6,5,0.333,46622
6,5,0.367,46623
6,5,0.4,46624
3,5,2.3,46625
3,5,2.333,46626
3,5,2.367,46627
3,5,2.4,46628
3,5,2.433,46629
3,5,2.467,46630
3,5,2.5,46631
3,5,2.533,46632
3,5,2.567,46633
3,5,2.6,46634
3,5,2.633,46635
3,5,2.667,46636
3,5,2.7,46637
3,5,2.733,46638
3,5,2.767,46639
3,5,2.8,46640
3,5,2.833,46641
3,5,2.867,46642
3,5,2.9,46643
3,5,2.933,46644
3,5,2.967,46645
5,5,3.033,46646
2,5,3.067,46647
2,5,3.1,46648
2,5,3.133,46649
2,5,3.167,46650
2,5,3.2,46651
2,5,3.233,46652
2,5,3.267,46653
2,5,3.3,46654
2,5,3.333,46655
2,5,3.367,46656
2,5,3.4,46657
2,5,0,46658
2,5,0.033,46659
2,5,0.067,46660
2,5,0.1,46661
2,5,0.133,46662
2,5,0.167,46663
2,5,0.2,46664
2,5,0.233,46665
2,5,0.267,46666
2,5,0.3,46667
5,5,0.367,46668
5,5,0.4,46669
5,5,0.433,46670
5,5,0.467,46671
5,5,0.5,46672
5,5,0.533,46673
5,5,0.567,46674
5,5,0.6,46675
5,5,0.633,46676
5,5,0.667,46677
5,5,0.7,46678
5,5,0.733,46679
5,5,0.767,46680
5,5,0.8,46681
5,5,0.833,46682
5,5,0.867,46683
5,5,0.9,46684
5,5,0.933,46685
5,5,0.967,46686
5,5,1,46687
5,5,1.033,46688
5,5,1.067,46689
5,5,1.1,46690
5,5,1.133,46691
5,5,1.167,46692
5,5,1.2,46693
5,5,1.233,46694
5,5,1.267,46695
5,5,1.3,46696
5,5,1.333,46697
5,5,1.367,46698
1,5,1.4,46699
1,5,1.433,46700
1,5,1.467,46701
1,5,1.5,46702
3,5,1.967,46703
3,5,2,46704
3,5,2.033,46705
3,5,2.067,46706
3,5,2.1,46707
3,5,2.133,46708
3,5,2.167,46709
3,5,2.2,46710
3,5,2.233,46711
3,5,2.267,46712
3,5,2.3,46713
3,5,2.333,46714
3,5,2.367,46715
3,5,2.4,46716
3,5,2.433,46717
3,5,2.467,46718
3,5,2.5,46719
3,5,2.533,46720
3,5,2.567,46721
3,5,2.6,46722
3,5,2.633,46723
3,5,2.667,46724
3,5,2.7,46725
3,5,2.733,46726
3,5,2.767,46727
3,5,2.8,46728
3,5,2.833,46729
3,5,2.867,46730
3,5,2.9,46731
3,5,2.933,46732
3,5,2.967,46733
3,5,0,46734
3,5,0.033,46735
3,5,0.067,46736
3,5,0.1,46737
3,5,0.133,46738
3,5,0.167,46739
3,5,0.2,46740
3,5,0.233,46741
3,5,0.267,46742
3,5,0.3,46743
3,5,0.333,46744
3,5,0.367,46745
3,5,0.4,46746
3,5,0.433,46747
3,5,0.467,46748
3,5,0.5,46749
3,5,0.533,46750
3,5,0.567,46751
3,5,0.6,46752
3,5,0.633,46753
3,5,0.667,46754
3,5,0.7,46755
3,5,0.733,46756
3,5,0.767,46757
3,5,0.8,46758
3,5,0.833,46759
3,5,0.867,46760
3,5,0.9,46761
3,5,0.933,46762
3,5,0.967,46763
3,5,1,46764
3,5,1.033,46765
3,5,1.067,46766
3,5,1.1,46767
3,5,1.133,46768
3,5,1.167,46769
3,5,1.2,46770
3,5,1.233,46771
3,5,1.267,46772
3,5,1.3,46773
3,5,1.333,46774
3,5,1.367,46775
3,5,1.4,46776
3,5,1.433,46777
3,5,1.467,46778
3,5,1.5,46779
3,5,1.533,46780
3,5,1.567,46781
3,5,1.6,46782
3,5,1.633,46783
3,5,1.667,46784
3,5,1.7,46785
3,5,1.733,46786
3,5,1.767,46787
3,5,1.8,46788
3,5,1.833,46789
3,5,1.867,46790
3,5,1.9,46791
3,5,1.933,46792
3,5,1.967,46793
3,5,2,46794
3,5,2.033,46795
3,5,2.067,46796
3,5,2.1,46797
3,5,2.133,46798
3,5,2.167,46799
3,5,2.2,46800
3,5,2.233,46801
3,5,2.267,46802
3,5,2.3,46803
3,5,2.333,46804
3,5,2.367,46805
3,5,2.4,46806
3,5,2.433,46807
3,5,2.467,46808
3,5,2.5,46809
3,5,2.533,46810
5,6,0,46811
5,6,0.033,46812
5,6,0.067,46813
5,6,0.1,46814
5,6,0.133,46815
5,6,0.167,46816
5,6,0.2,46817
5,6,0.233,46818
5,6,0.267,46819
5,6,0.3,46820
5,6,0.333,46821
5,6,0.367,46822
5,6,0.4,46823
5,6,0.433,46824
5,6,0.467,46825
5,6,0.5,46826
5,6,0.533,46827
5,6,0.567,46828
5,6,0.6,46829
5,6,0.633,46830
5,6,0.667,46831
5,6,0.7,46832
5,6,0.733,46833
5,6,0.767,46834
5,6,0.8,46835
5,6,0.833,46836
5,6,0.867,46837
5,6,0.9,46838
5,6,0.933,46839
5,6,0.967,46840
5,6,1,46841
5,6,1.033,46842
5,6,1.067,46843
5,6,1.1,46844
5,6,1.133,46845
5,6,1.167,46846
5,6,1.2,46847
5,6,1.233,46848
5,6,1.267,46849
5,6,1.3,46850
5,6,1.333,46851
5,6,1.367,46852
5,6,1.4,46853
5,6,1.433,46854
5,6,1.467,46855
5,6,1.5,46856
5,6,1.533,46857
5,6,1.567,46858
5,6,1.6,46859
5,6,1.633,46860
5,6,1.667,46861
5,6,1.7,46862
5,6,1.733,46863
5,6,1.767,46864
5,6,1.8,46865
5,6,1.833,46866
5,6,1.867,46867
5,6,1.9,46868
5,6,1.933,46869
5,6,1.967,46870
5,6,2,46871
5,6,2.033,46872
5,6,2.067,46873
5,6,2.1,46874
4,6,2.167,46875
4,6,2.2,46876
4,6,2.233,46877
4,6,2.267,46878
4,6,2.3,46879
4,6,2.333,46880
4,6,2.367,46881
4,6,2.4,46882
4,6,2.433,46883
4,6,2.467,46884
4,6,0,46885
4,6,0.033,46886
4,6,0.067,46887
4,6,0.1,46888
5,6,0.2,46889
5,6,0.233,46890
5,6,0.267,46891
5,6,0.3,46892
5,6,0.333,46893
5,6,0.367,46894
5,6,2.867,46895
5,6,2.9,46896
5,6,2.933,46897
5,6,2.967,46898
5,6,3,46899
2,6,3.1,46900
2,6,3.133,46901
2,6,3.167,46902
2,6,3.2,46903
2,6,3.233,46904
2,6,3.267,46905
2,6,3.3,46906
2,6,3.333,46907
2,6,3.367,46908
2,6,3.4,46909
2,6,3.433,46910
2,6,3.467,46911
2,6,3.5,46912
2,6,3.533,46913
2,6,3.567,46914
2,6,3.6,46915
2,6,3.633,46916
2,6,3.667,46917
2,6,3.7,46918
2,6,3.733,46919
2,6,3.767,46920
2,6,3.8,46921
2,6,3.833,46922
2,6,3.867,46923
2,6,3.9,46924
2,6,3.933,46925
2,6,3.967,46926
2,6,4,46927
1,6,4.033,46928
1,6,4.067,46929
1,6,4.1,46930
1,6,4.133,46931
1,6,4.167,46932
1,6,4.2,46933
1,6,4.233,46934
1,6,4.267,46935
1,6,4.3,46936
1,6,4.333,46937
1,6,4.367,46938
1,6,4.4,46939
1,6,4.433,46940
1,6,4.467,46941
1,6,4.5,46942
1,6,4.533,46943
1,6,4.567,46944
1,6,4.6,46945
1,6,4.633,46946
1,6,4.667,46947
5,6,4.733,46948
5,6,4.767,46949
3,6,4.8,46950
3,6,4.833,46951
3,6,4.867,46952
3,6,4.9,46953
3,6,4.933,46954
3,6,4.967,46955
3,6,5,46956
3,6,5.033,46957
3,6,5.067,46958
3,6,5.1,46959
3,6,5.133,46960
3,6,5.167,46961
3,6,5.2,46962
3,6,5.233,46963
3,6,0,46964
3,6,0.033,46965
3,6,0.067,46966
3,6,0.1,46967
3,6,0.133,46968
3,6,0.167,46969
3,6,0.2,46970
3,6,0.233,46971
3,6,0.267,46972
3,6,0.3,46973
3,6,0.333,46974
3,6,0.367,46975
3,6,0.4,46976
3,6,0.433,46977
3,6,0.467,46978
3,6,0.5,46979
3,6,0.533,46980
3,6,0.567,46981
3,6,0.6,46982
3,6,0.633,46983
3,6,0.667,46984
3,6,0.7,46985
3,6,0.733,46986
3,6,0.767,46987
3,6,0.8,46988
3,6,0.833,46989
3,6,0.867,46990
3,6,0.9,46991
3,6,0.933,46992
3,6,0.967,46993
3,6,1,46994
3,6,1.033,46995
3,6,1.067,46996
3,6,1.1,46997
3,6,1.133,46998
3,6,1.167,46999
3,6,1.2,47000
3,6,1.233,47001
3,6,1.267,47002
3,6,1.3,47003
3,6,1.333,47004
3,6,1.367,47005
3,6,1.4,47006
3,6,1.433,47007
3,6,1.467,47008
3,6,1.5,47009
3,6,1.533,47010
3,6,1.567,47011
3,6,1.6,47012
3,6,1.633,47013
3,6,1.667,47014
3,6,1.7,47015
3,6,1.733,47016
3,6,1.767,47017
3,6,1.8,47018
3,6,1.833,47019
3,6,1.867,47020
3,6,0,47021
3,6,0.033,47022
3,6,0.067,47023
3,6,0.1,47024
3,6,0.133,47025
3,6,0.167,47026
3,6,0.2,47027
3,6,0.233,47028
3,6,0.267,47029
3,6,0.3,47030
3,6,0.333,47031
3,6,0.367,47032
3,6,0.4,47033
3,6,0.433,47034
3,6,0.467,47035
3,6,0.5,47036
3,6,0.533,47037
3,6,0.567,47038
3,6,0.6,47039
3,6,0.633,47040
3,6,0.667,47041
3,6,0.7,47042
3,6,0.733,47043
3,6,0.767,47044
3,6,0.8,47045
3,6,0.833,47046
3,6,0.867,47047
3,6,0.9,47048
3,6,0.933,47049
3,6,0.967,47050
3,6,1,47051
3,6,1.033,47052
3,6,1.067,47053
3,6,1.1,47054
3,6,1.133,47055
3,6,1.167,47056
5,6,1.2,47057
5,6,1.233,47058
5,6,1.267,47059
5,6,1.3,47060
5,6,1.333,47061
5,6,1.367,47062
5,6,1.4,47063
5,6,1.433,47064
5,6,1.467,47065
5,6,1.5,47066
5,6,1.533,47067
5,6,1.567,47068
5,6,1.6,47069
5,6,1.633,47070
5,6,1.667,47071
5,6,1.7,47072
5,6,1.733,47073
5,6,1.767,47074
5,6,1.8,47075
5,6,1.833,47076
5,6,1.867,47077
5,6,1.9,47078
5,6,1.933,47079
5,6,1.967,47080
5,6,2,47081
5,6,2.033,47082
5,6,2.067,47083
5,6,2.1,47084
5,6,2.133,47085
5,6,2.167,47086
5,6,2.2,47087
5,6,2.233,47088
5,6,2.267,47089
5,6,2.3,47090
5,6,2.333,47091
5,6,2.367,47092
5,6,2.4,47093
5,6,2.433,47094
5,6,2.467,47095
5,6,2.5,47096
5,6,2.533,47097
5,6,2.567,47098
5,6,2.6,47099
5,6,2.633,47100
5,6,2.667,47101
5,6,2.7,47102
5,6,2.733,47103
5,6,2.767,47104
5,6,2.8,47105
3,6,2.867,47106
3,6,2.9,47107
3,6,2.933,47108
3,6,2.967,47109
3,6,3,47110
3,6,3.033,47111
3,6,3.067,47112
3,6,3.1,47113
3,6,0,47114
3,6,0.033,47115
3,6,0.067,47116
3,6,0.1,47117
3,6,0.133,47118
5,6,0.2,47119
5,6,0.233,47120
5,6,0.267,47121
5,6,0.3,47122
5,6,0.333,47123
5,6,0.367,47124
5,6,0.4,47125
5,6,0.433,47126
5,6,0.467,47127
5,6,0.5,47128
5,6,0.533,47129
5,6,0.567,47130
5,6,0.6,47131
5,6,0.633,47132
5,6,0.667,47133
5,6,0.7,47134
5,6,0.733,47135
5,6,0.767,47136
5,6,0.8,47137
5,6,0.833,47138
5,6,0.867,47139
5,6,0.9,47140
5,6,0.933,47141
5,6,0.967,47142
5,6,1,47143
5,6,1.033,47144
5,6,1.067,47145
5,6,1.1,47146
5,6,1.133,47147
5,6,1.167,47148
5,6,1.2,47149
5,6,1.233,47150
5,6,1.267,47151
5,6,1.3,47152
5,6,1.333,47153
5,6,1.367,47154
5,6,1.4,47155
5,6,1.433,47156
5,6,1.467,47157
5,6,1.5,47158
5,6,1.533,47159
5,6,1.567,47160
5,6,1.6,47161
5,6,1.633,47162
5,6,1.667,47163
5,6,1.7,47164
5,6,1.733,47165
5,6,1.767,47166
5,6,1.8,47167
5,6,1.833,47168
5,6,1.867,47169
5,6,1.9,47170
5,6,1.933,47171
5,6,1.967,47172
5,6,2,47173
5,6,2.033,47174
5,6,2.067,47175
5,6,2.1,47176
5,6,2.133,47177
5,6,2.167,47178
5,6,2.2,47179
5,6,2.233,47180
5,6,2.267,47181
5,6,2.3,47182
5,6,2.333,47183
5,6,2.367,47184
5,6,2.4,47185
5,6,2.433,47186
5,6,2.467,47187
5,6,2.5,47188
5,6,2.533,47189
5,6,2.567,47190
5,6,2.6,47191
5,6,2.633,47192
5,6,2.667,47193
5,6,2.7,47194
5,6,2.733,47195
5,6,2.767,47196
5,6,2.8,47197
5,6,2.833,47198
5,6,2.867,47199
5,6,2.9,47200
5,6,2.933,47201
5,6,2.967,47202
5,6,3,47203
5,6,3.033,47204
5,6,3.067,47205
5,6,3.1,47206
5,6,3.133,47207
5,6,3.167,47208
5,6,3.2,47209
5,6,3.233,47210
5,6,3.267,47211
5,6,3.3,47212
5,6,3.333,47213
5,6,3.367,47214
5,6,4.167,47215
5,6,4.2,47216
4,6,4.333,47217
4,6,4.367,47218
2,6,4.433,47219
2,6,4.467,47220
2,6,4.5,47221
2,6,4.533,47222
1,6,4.633,47223
1,6,4.667,47224
1,6,4.7,47225
1,6,4.733,47226
2,6,4.8,47227
2,6,4.833,47228
2,6,4.867,47229
2,6,4.9,47230
2,6,4.933,47231
2,6,4.967,47232
2,6,5,47233
2,6,5.033,47234
2,6,0,47235
2,6,0.033,47236
2,6,0.067,47237
2,6,0.1,47238
2,6,0.133,47239
2,6,0.167,47240
2,6,0.2,47241
2,6,0.233,47242
2,6,0.267,47243
1,6,0.333,47244
1,6,0.367,47245
1,6,0.4,47246
1,6,0.433,47247
1,6,0.467,47248
1,6,0.5,47249
1,6,0.533,47250
1,6,0.567,47251
1,6,0.6,47252
1,6,0.633,47253
1,6,0.667,47254
1,6,0.7,47255
1,6,0.733,47256
1,6,0.767,47257
1,6,0.8,47258
1,6,0.833,47259
1,6,0.867,47260
1,6,0.9,47261
1,6,0.933,47262
1,6,0.967,47263
1,6,1,47264
1,6,1.033,47265
1,6,1.067,47266
1,6,1.1,47267
1,6,1.133,47268
5,6,1.167,47269
5,6,1.2,47270
5,6,1.233,47271
5,6,1.267,47272
5,6,1.3,47273
4,6,1.333,47274
6,6,1.367,47275
6,6,1.4,47276
6,6,1.433,47277
6,6,1.467,47278
6,6,1.5,47279
6,6,1.533,47280
6,6,1.567,47281
6,6,1.6,47282
6,6,1.633,47283
6,6,1.667,47284
6,6,1.7,47285
6,6,0,47286
6,6,0.033,47287
6,6,0.067,47288
6,6,0.1,47289
6,6,0.133,47290
4,6,0.2,47291
4,6,0.233,47292
5,6,0.333,47293
5,6,0.367,47294
5,6,0.4,47295
5,6,0.433,47296
5,6,0.467,47297
5,6,0.5,47298
5,6,0.533,47299
5,6,0.567,47300
5,6,0.6,47301
5,6,0.633,47302
5,6,0.667,47303
5,6,0.7,47304
5,6,0.733,47305
5,6,0.767,47306
5,6,0.8,47307
5,6,0.833,47308
5,6,0.867,47309
5,6,0.9,47310
5,6,0.933,47311
5,6,0.967,47312
5,6,0,47313
5,6,0.033,47314
5,6,0.067,47315
5,6,0.1,47316
1,6,0.167,47317
1,6,0.2,47318
1,6,0.233,47319
1,6,0.267,47320
1,6,0.3,47321
1,6,0.333,47322
1,6,0.367,47323
1,6,0.4,47324
1,6,0.433,47325
1,6,0.467,47326
1,6,0.5,47327
1,6,0.533,47328
1,6,0.567,47329
1,6,0.6,47330
1,6,0.633,47331
1,6,0.667,47332
1,6,0.7,47333
1,6,0,47334
1,6,0.033,47335
1,6,0.067,47336
1,6,0.1,47337
1,6,0.133,47338
1,6,0.167,47339
1,6,0.2,47340
1,6,0.233,47341
1,6,0.267,47342
1,6,0.3,47343
1,6,0.333,47344
1,6,0.367,47345
1,6,0.4,47346
1,6,0.433,47347
1,6,0.467,47348
1,6,0.5,47349
1,6,0.533,47350
1,6,0.567,47351
1,6,0.6,47352
1,6,0.633,47353
1,6,0.667,47354
1,6,0.7,47355
1,6,0.733,47356
1,6,0.767,47357
1,6,0.8,47358
1,6,0.833,47359
1,6,0.867,47360
1,6,0.9,47361
1,6,0.933,47362
1,6,0.967,47363
1,6,1,47364
1,6,1.033,47365
1,6,1.067,47366
1,6,1.1,47367
1,6,1.133,47368
1,6,1.167,47369
1,6,1.2,47370
1,6,1.233,47371
1,6,1.267,47372
1,6,1.3,47373
1,6,1.333,47374
1,6,1.367,47375
1,6,1.4,47376
1,6,1.433,47377
1,6,1.467,47378
1,6,1.5,47379
1,6,1.533,47380
1,6,1.567,47381
1,6,1.6,47382
1,6,1.633,47383
1,6,1.667,47384
1,6,1.7,47385
1,6,1.733,47386
1,6,1.767,47387
1,6,1.8,47388
1,6,1.833,47389
1,6,1.867,47390
1,6,1.9,47391
1,6,1.933,47392
1,6,1.967,47393
1,6,2,47394
1,6,2.033,47395
1,6,2.067,47396
1,6,2.1,47397
1,6,2.133,47398
1,6,2.167,47399
1,6,2.2,47400
1,6,2.233,47401
1,6,2.267,47402
1,6,2.3,47403
1,6,2.333,47404
1,6,2.367,47405
1,6,2.4,47406
1,6,2.433,47407
1,6,2.467,47408
1,6,2.5,47409
1,6,2.533,47410
6,7,9.067,47411
6,7,9.1,47412
6,7,9.133,47413
6,7,9.167,47414
6,7,9.2,47415
6,7,9.233,47416
6,7,9.267,47417
6,7,9.3,47418
6,7,0,47419
6,7,0.033,47420
6,7,0.067,47421
6,7,0.1,47422
6,7,0.133,47423
6,7,0.167,47424
6,7,0.2,47425
6,7,0.233,47426
6,7,0.267,47427
6,7,0.3,47428
6,7,0.333,47429
6,7,0.367,47430
6,7,0.4,47431
6,7,0.433,47432
6,7,0.467,47433
6,7,0.5,47434
6,7,0.533,47435
6,7,0.567,47436
6,7,0.6,47437
6,7,0.633,47438
6,7,0.667,47439
6,7,0.7,47440
6,7,0.733,47441
6,7,0.767,47442
6,7,0.8,47443
6,7,0.833,47444
6,7,0.867,47445
6,7,0.9,47446
6,7,0.933,47447
6,7,0.967,47448
6,7,1,47449
6,7,1.033,47450
6,7,1.067,47451
6,7,1.1,47452
6,7,1.133,47453
6,7,1.167,47454
6,7,1.2,47455
6,7,1.233,47456
6,7,1.267,47457
6,7,1.3,47458
6,7,1.333,47459
6,7,1.367,47460
6,7,1.4,47461
6,7,1.433,47462
6,7,1.467,47463
6,7,1.5,47464
6,7,1.533,47465
6,7,1.567,47466
6,7,1.6,47467
6,7,1.633,47468
6,7,1.667,47469
6,7,1.7,47470
6,7,1.733,47471
6,7,1.767,47472
6,7,1.8,47473
6,7,1.833,47474
6,7,1.867,47475
6,7,1.9,47476
6,7,1.933,47477
6,7,1.967,47478
6,7,2,47479
6,7,2.033,47480
6,7,2.067,47481
6,7,2.1,47482
6,7,2.133,47483
6,7,2.167,47484
6,7,2.2,47485
6,7,2.233,47486
6,7,2.267,47487
6,7,2.3,47488
6,7,2.333,47489
6,7,2.367,47490
6,7,2.4,47491
6,7,2.433,47492
6,7,2.467,47493
6,7,2.5,47494
6,7,2.533,47495
6,7,2.567,47496
6,7,2.6,47497
6,7,2.633,47498
6,7,2.667,47499
6,7,2.7,47500
6,7,2.733,47501
6,7,2.767,47502
6,7,2.8,47503
6,7,2.833,47504
6,7,2.867,47505
6,7,2.9,47506
6,7,2.933,47507
6,7,2.967,47508
6,7,3,47509
6,7,3.033,47510
6,7,3.067,47511
6,7,3.1,47512
6,7,3.133,47513
6,7,3.167,47514
6,7,3.2,47515
6,7,3.233,47516
6,7,3.267,47517
6,7,3.3,47518
6,7,3.333,47519
6,7,3.367,47520
6,7,3.4,47521
6,7,3.433,47522
6,7,3.467,47523
6,7,3.5,47524
6,7,3.533,47525
6,7,3.567,47526
6,7,3.6,47527
6,7,3.633,47528
6,7,3.667,47529
6,7,3.7,47530
6,7,3.733,47531
6,7,3.767,47532
6,7,3.8,47533
6,7,3.833,47534
6,7,3.867,47535
6,7,3.9,47536
6,7,3.933,47537
6,7,3.967,47538
6,7,4,47539
6,7,4.033,47540
6,7,4.067,47541
6,7,4.1,47542
6,7,4.133,47543
6,7,4.167,47544
6,7,4.2,47545
6,7,4.233,47546
6,7,4.267,47547
6,7,4.3,47548
6,7,4.333,47549
6,7,4.367,47550
6,7,4.4,47551
6,7,4.433,47552
6,7,4.467,47553
6,7,4.5,47554
6,7,4.533,47555
6,7,4.567,47556
6,7,4.6,47557
6,7,4.633,47558
6,7,4.667,47559
6,7,4.7,47560
6,7,4.733,47561
6,7,4.767,47562
6,7,4.8,47563
6,7,4.833,47564
6,7,4.867,47565
6,7,4.9,47566
6,7,4.933,47567
3,7,5.1,47568
3,7,5.133,47569
3,7,5.167,47570
3,7,5.2,47571
3,7,5.233,47572
3,7,5.267,47573
5,7,5.4,47574
5,7,5.433,47575
5,7,5.467,47576
5,7,5.5,47577
5,7,5.533,47578
5,7,5.567,47579
5,7,5.6,47580
5,7,5.633,47581
5,7,5.667,47582
5,7,5.7,47583
5,7,5.733,47584
5,7,5.767,47585
2,7,5.8,47586
2,7,5.833,47587
2,7,5.867,47588
2,7,5.9,47589
2,7,5.933,47590
2,7,5.967,47591
2,7,6,47592
2,7,6.033,47593
2,7,6.067,47594
2,7,6.1,47595
2,7,6.133,47596
2,7,6.167,47597
2,7,6.2,47598
2,7,6.233,47599
2,7,6.267,47600
2,7,6.3,47601
2,7,6.333,47602
2,7,6.367,47603
2,7,6.4,47604
2,7,6.433,47605
2,7,6.467,47606
2,7,6.5,47607
2,7,6.533,47608
2,7,6.567,47609
2,7,6.6,47610
2,7,6.633,47611
1,7,6.7,47612
1,7,6.733,47613
1,7,6.767,47614
1,7,6.8,47615
1,7,6.833,47616
1,7,6.867,47617
1,7,6.9,47618
1,7,6.933,47619
1,7,6.967,47620
1,7,0,47621
1,7,0.033,47622
1,7,0.067,47623
1,7,0.1,47624
1,7,0.133,47625
1,7,0.167,47626
1,7,0.2,47627
1,7,0.233,47628
1,7,0.267,47629
1,7,0.3,47630
1,7,0.333,47631
1,7,0.367,47632
1,7,0.4,47633
1,7,0.433,47634
1,7,0.467,47635
1,7,0.5,47636
1,7,0.533,47637
1,7,0.567,47638
1,7,0.6,47639
5,7,0.733,47640
5,7,0.767,47641
5,7,0.8,47642
5,7,0.833,47643
5,7,0.867,47644
5,7,0.9,47645
5,7,0.933,47646
5,7,0.967,47647
5,7,1,47648
5,7,1.033,47649
5,7,1.067,47650
5,7,1.1,47651
5,7,1.133,47652
5,7,1.167,47653
5,7,1.2,47654
5,7,1.233,47655
4,7,1.367,47656
4,7,1.4,47657
4,7,1.433,47658
4,7,1.467,47659
4,7,1.5,47660
4,7,1.533,47661
4,7,1.567,47662
4,7,1.6,47663
4,7,1.633,47664
4,7,1.667,47665
4,7,1.7,47666
4,7,1.733,47667
4,7,1.767,47668
4,7,1.8,47669
4,7,1.833,47670
4,7,1.867,47671
4,7,1.9,47672
4,7,1.933,47673
4,7,1.967,47674
4,7,2,47675
4,7,2.033,47676
4,7,2.067,47677
4,7,2.1,47678
4,7,2.133,47679
4,7,2.167,47680
4,7,2.2,47681
4,7,2.233,47682
4,7,2.267,47683
4,7,2.3,47684
4,7,2.333,47685
4,7,2.367,47686
4,7,2.4,47687
4,7,2.433,47688
4,7,2.467,47689
4,7,2.5,47690
4,7,2.533,47691
4,7,2.567,47692
4,7,2.6,47693
4,7,2.633,47694
4,7,2.667,47695
4,7,2.7,47696
4,7,2.733,47697
4,7,2.767,47698
4,7,2.8,47699
4,7,2.833,47700
4,7,2.867,47701
4,7,2.9,47702
4,7,2.933,47703
4,7,2.967,47704
4,7,3,47705
4,7,3.033,47706
4,7,3.067,47707
4,7,3.1,47708
4,7,3.133,47709
4,7,3.167,47710
4,7,3.2,47711
4,7,3.233,47712
4,7,3.267,47713
4,7,3.3,47714
4,7,3.333,47715
4,7,3.367,47716
4,7,3.4,47717
4,7,3.433,47718
4,7,3.467,47719
4,7,3.5,47720
4,7,3.533,47721
4,7,3.567,47722
4,7,3.6,47723
4,7,3.633,47724
4,7,3.667,47725
4,7,3.7,47726
4,7,3.733,47727
4,7,3.767,47728
4,7,3.8,47729
4,7,3.833,47730
4,7,3.867,47731
4,7,3.9,47732
4,7,3.933,47733
4,7,3.967,47734
4,7,4,47735
4,7,4.033,47736
4,7,4.067,47737
4,7,4.1,47738
4,7,4.133,47739
4,7,4.167,47740
4,7,4.2,47741
4,7,4.233,47742
4,7,4.267,47743
4,7,4.3,47744
4,7,4.333,47745
4,7,4.367,47746
4,7,4.4,47747
4,7,4.433,47748
4,7,4.467,47749
4,7,4.5,47750
4,7,4.533,47751
4,7,4.567,47752
4,7,4.6,47753
4,7,4.633,47754
4,7,4.667,47755
4,7,4.7,47756
4,7,4.733,47757
4,7,4.767,47758
4,7,4.8,47759
4,7,4.833,47760
4,7,4.867,47761
4,7,4.9,47762
4,7,4.933,47763
4,7,0,47764
4,7,0.033,47765
4,7,0.067,47766
4,7,0.1,47767
4,7,0.133,47768
4,7,0.167,47769
4,7,0.2,47770
4,7,0.233,47771
4,7,0.267,47772
4,7,0.3,47773
2,7,0.333,47774
2,7,0.367,47775
2,7,0.4,47776
2,7,0.433,47777
2,7,0.467,47778
2,7,0.5,47779
2,7,0.533,47780
2,7,0.567,47781
2,7,0.6,47782
2,7,0.633,47783
2,7,0.667,47784
2,7,0.7,47785
2,7,0.733,47786
2,7,0.767,47787
2,7,0.8,47788
2,7,0.833,47789
2,7,0.867,47790
2,7,0.9,47791
2,7,0.933,47792
2,7,0.967,47793
2,7,1,47794
2,7,1.033,47795
2,7,1.067,47796
2,7,1.1,47797
2,7,1.133,47798
2,7,1.167,47799
2,7,1.2,47800
2,7,1.233,47801
5,7,1.267,47802
5,7,1.3,47803
3,7,1.333,47804
3,7,1.367,47805
3,7,1.4,47806
3,7,1.433,47807
3,7,1.467,47808
3,7,1.5,47809
3,7,1.533,47810
3,7,1.567,47811
3,7,1.6,47812
3,7,1.633,47813
3,7,1.667,47814
3,7,1.7,47815
3,7,1.733,47816
3,7,1.767,47817
3,7,1.8,47818
3,7,1.833,47819
3,7,1.867,47820
3,7,1.9,47821
3,7,0,47822
3,7,0.033,47823
3,7,0.067,47824
3,7,0.1,47825
3,7,0.133,47826
3,7,0.167,47827
3,7,0.2,47828
3,7,0.233,47829
3,7,0.267,47830
3,7,0.3,47831
3,7,0.333,47832
3,7,0.367,47833
3,7,0.4,47834
3,7,0.433,47835
3,7,0.467,47836
3,7,0.5,47837
3,7,0.533,47838
3,7,0.567,47839
3,7,0.6,47840
3,7,0.633,47841
3,7,0.667,47842
3,7,0.7,47843
3,7,0.733,47844
3,7,0.767,47845
3,7,0.8,47846
3,7,0.833,47847
3,7,0.867,47848
3,7,0.9,47849
3,7,0.933,47850
3,7,0.967,47851
3,7,1,47852
3,7,1.033,47853
3,7,1.067,47854
3,7,1.1,47855
3,7,1.133,47856
3,7,1.167,47857
3,7,1.2,47858
3,7,1.233,47859
3,7,1.267,47860
3,7,1.3,47861
3,7,1.333,47862
3,7,1.367,47863
3,7,1.4,47864
3,7,1.433,47865
3,7,1.467,47866
3,7,1.5,47867
3,7,1.533,47868
3,7,1.567,47869
3,7,1.6,47870
3,7,1.633,47871
3,7,1.667,47872
3,7,1.7,47873
3,7,1.733,47874
3,7,1.767,47875
3,7,1.8,47876
3,7,1.833,47877
3,7,1.867,47878
3,7,1.9,47879
3,7,1.933,47880
3,7,1.967,47881
3,7,2,47882
3,7,2.033,47883
3,7,2.067,47884
3,7,2.1,47885
3,7,2.133,47886
3,7,2.167,47887
3,7,2.2,47888
3,7,2.233,47889
3,7,2.267,47890
3,7,2.3,47891
3,7,2.333,47892
3,7,2.367,47893
3,7,2.4,47894
3,7,2.433,47895
3,7,2.467,47896
3,7,2.5,47897
3,7,2.533,47898
3,7,2.567,47899
3,7,2.6,47900
3,7,2.633,47901
3,7,2.667,47902
3,7,2.7,47903
3,7,2.733,47904
3,7,2.767,47905
3,7,2.8,47906
3,7,2.833,47907
3,7,2.867,47908
3,7,2.9,47909
3,7,2.933,47910
3,7,2.967,47911
5,7,3,47912
5,7,3.033,47913
5,7,3.067,47914
5,7,3.1,47915
5,7,3.133,47916
5,7,3.167,47917
5,7,3.2,47918
5,7,3.233,47919
5,7,3.267,47920
5,7,3.3,47921
5,7,3.333,47922
5,7,3.367,47923
5,7,3.4,47924
5,7,3.433,47925
5,7,3.467,47926
5,7,3.5,47927
5,7,3.533,47928
5,7,3.567,47929
5,7,3.6,47930
5,7,3.633,47931
5,7,3.667,47932
1,7,3.8,47933
1,7,3.833,47934
1,7,3.867,47935
1,7,3.9,47936
1,7,3.933,47937
1,7,3.967,47938
1,7,4,47939
1,7,4.033,47940
1,7,4.067,47941
1,7,4.1,47942
1,7,4.133,47943
1,7,4.167,47944
1,7,4.2,47945
1,7,4.233,47946
1,7,4.267,47947
1,7,4.3,47948
1,7,4.333,47949
1,7,4.367,47950
1,7,4.4,47951
1,7,4.433,47952
1,7,4.467,47953
1,7,0,47954
1,7,0.033,47955
1,7,0.067,47956
1,7,0.1,47957
1,7,0.133,47958
1,7,0.167,47959
1,7,0.2,47960
1,7,0.233,47961
1,7,0.267,47962
1,7,0.3,47963
1,7,0.333,47964
1,7,0.367,47965
1,7,0.4,47966
1,7,0.433,47967
1,7,0.467,47968
1,7,0.5,47969
1,7,0.533,47970
1,7,0.567,47971
1,7,0.6,47972
1,7,0.633,47973
1,7,0.667,47974
1,7,0.7,47975
1,7,0.733,47976
1,7,0.767,47977
1,7,0.8,47978
1,7,0.833,47979
1,7,0.867,47980
1,7,0.9,47981
1,7,0.933,47982
1,7,0.967,47983
1,7,1,47984
1,7,1.033,47985
1,7,1.067,47986
1,7,1.1,47987
1,7,1.133,47988
1,7,1.167,47989
1,7,1.2,47990
1,7,1.233,47991
1,7,1.267,47992
1,7,1.3,47993
1,7,1.333,47994
1,7,1.367,47995
1,7,1.4,47996
1,7,1.433,47997
1,7,1.467,47998
1,7,1.5,47999
1,7,1.533,48000
1,7,1.567,48001
1,7,1.6,48002
1,7,1.633,48003
1,7,1.667,48004
1,7,1.7,48005
1,7,1.733,48006
1,7,1.767,48007
1,7,1.8,48008
1,7,1.833,48009
1,7,1.867,48010
1,7,1.9,48011
1,7,1.933,48012
1,7,1.967,48013
1,7,2,48014
1,7,2.033,48015
1,7,2.067,48016
1,7,2.1,48017
1,7,2.133,48018
1,7,2.167,48019
1,7,2.2,48020
1,7,2.233,48021
1,7,2.267,48022
1,7,2.3,48023
1,7,2.333,48024
1,7,2.367,48025
1,7,2.4,48026
1,7,2.433,48027
1,7,2.467,48028
1,7,2.5,48029
1,7,2.533,48030
1,7,2.567,48031
1,7,2.6,48032
1,7,2.633,48033
1,7,2.667,48034
1,7,2.7,48035
1,7,2.733,48036
1,7,2.767,48037
1,7,2.8,48038
1,7,2.833,48039
1,7,2.867,48040
1,7,2.9,48041
1,7,2.933,48042
1,7,2.967,48043
1,7,3,48044
1,7,3.033,48045
1,7,0,48046
1,7,0.033,48047
1,7,0.067,48048
1,7,0.1,48049
1,7,0.133,48050
1,7,0.167,48051
1,7,0.2,48052
1,7,0.233,48053
5,7,0.3,48054
5,7,0.333,48055
5,7,0.367,48056
5,7,0.4,48057
5,7,0.433,48058
5,7,0.467,48059
5,7,0.5,48060
5,7,0.533,48061
5,7,0.567,48062
5,7,0,48063
5,7,0.033,48064
5,7,0.067,48065
5,7,0.1,48066
5,7,0.133,48067
5,7,0.167,48068
5,7,0.2,48069
5,7,0.233,48070
5,7,0.267,48071
5,7,0.3,48072
5,7,0.333,48073
5,7,0.367,48074
5,7,0.4,48075
5,7,0.433,48076
5,7,0.467,48077
5,7,0.5,48078
5,7,0.533,48079
2,7,0.567,48080
2,7,0.6,48081
2,7,0.633,48082
2,7,0.667,48083
2,7,0.7,48084
2,7,0.733,48085
2,7,0.767,48086
2,7,0.8,48087
2,7,0.833,48088
2,7,0.867,48089
2,7,0.9,48090
2,7,0.933,48091
2,7,0.967,48092
2,7,1,48093
2,7,1.033,48094
2,7,1.067,48095
2,7,1.1,48096
2,7,1.133,48097
2,7,1.167,48098
2,7,1.2,48099
2,7,1.233,48100
2,7,1.267,48101
2,7,1.3,48102
2,7,1.333,48103
2,7,1.367,48104
2,7,1.4,48105
2,7,1.433,48106
2,7,1.467,48107
2,7,1.5,48108
2,7,1.533,48109
2,7,1.567,48110
2,7,1.6,48111
2,7,1.633,48112
2,7,1.667,48113
2,7,1.7,48114
2,7,1.733,48115
2,7,1.767,48116
2,7,1.8,48117
2,7,1.833,48118
2,7,1.867,48119
2,7,1.9,48120
2,7,1.933,48121
2,7,1.967,48122
2,7,2,48123
2,7,2.033,48124
2,7,2.067,48125
2,7,2.1,48126
2,7,2.133,48127
2,7,2.167,48128
2,7,2.2,48129
2,7,0,48130
2,7,0.033,48131
2,7,0.067,48132
2,7,0.1,48133
2,7,0.133,48134
2,7,0.167,48135
2,7,0.2,48136
2,7,0.233,48137
2,7,0.267,48138
2,7,0.3,48139
2,7,0.333,48140
2,7,0.367,48141
2,7,0.4,48142
2,7,0.433,48143
2,7,0.467,48144
2,7,0.5,48145
2,7,0.533,48146
2,7,0.567,48147
2,7,0.6,48148
5,7,0.667,48149
5,7,0.7,48150
5,7,0.733,48151
5,7,0.767,48152
5,7,0.8,48153
3,8,0,48154
3,8,0.033,48155
3,8,0.067,48156
3,8,0.1,48157
3,8,0.133,48158
3,8,0.167,48159
3,8,0.2,48160
3,8,0.233,48161
3,8,0.267,48162
3,8,0.3,48163
3,8,0.333,48164
3,8,0.367,48165
3,8,0.4,48166
3,8,0.433,48167
3,8,0.467,48168
3,8,0.5,48169
3,8,0.533,48170
3,8,0.567,48171
3,8,0.6,48172
3,8,0.633,48173
3,8,0.667,48174
3,8,0.7,48175
3,8,0.733,48176
3,8,0.767,48177
3,8,0.8,48178
3,8,0.833,48179
3,8,0.867,48180
3,8,0.9,48181
3,8,0.933,48182
3,8,0.967,48183
3,8,1,48184
3,8,1.033,48185
3,8,1.067,48186
3,8,1.1,48187
3,8,1.133,48188
3,8,1.167,48189
3,8,1.2,48190
3,8,1.233,48191
3,8,1.267,48192
3,8,1.3,48193
3,8,1.333,48194
3,8,1.367,48195
3,8,1.4,48196
3,8,1.433,48197
3,8,1.467,48198
3,8,1.5,48199
3,8,1.533,48200
3,8,1.567,48201
3,8,1.6,48202
3,8,1.633,48203
3,8,1.667,48204
3,8,1.7,48205
3,8,1.733,48206
3,8,1.767,48207
3,8,1.8,48208
3,8,1.833,48209
3,8,1.867,48210
3,8,1.9,48211
3,8,1.933,48212
3,8,1.967,48213
3,8,2,48214
3,8,2.033,48215
3,8,2.067,48216
3,8,2.1,48217
3,8,3.667,48218
3,8,3.7,48219
3,8,3.733,48220
3,8,3.767,48221
3,8,3.8,48222
3,8,3.833,48223
3,8,3.867,48224
3,8,3.9,48225
3,8,3.933,48226
5,8,3.967,48227
5,8,4,48228
5,8,4.033,48229
5,8,4.067,48230
5,8,4.1,48231
5,8,4.133,48232
5,8,4.167,48233
5,8,4.2,48234
5,8,4.233,48235
5,8,4.267,48236
5,8,4.3,48237
5,8,4.333,48238
5,8,4.367,48239
5,8,4.4,48240
5,8,0,48241
5,8,0.033,48242
5,8,0.067,48243
5,8,0.1,48244
5,8,0.133,48245
5,8,0.167,48246
5,8,0.2,48247
5,8,0.233,48248
5,8,0.267,48249
5,8,0.3,48250
5,8,0.333,48251
5,8,0.367,48252
5,8,0.4,48253
5,8,0.433,48254
5,8,0.467,48255
5,8,0.5,48256
5,8,0.533,48257
5,8,0.567,48258
5,8,0.6,48259
3,8,0.633,48260
3,8,0.667,48261
3,8,0.7,48262
3,8,0.733,48263
3,8,0.767,48264
3,8,0.8,48265
3,8,0.833,48266
3,8,0.867,48267
1,8,0.967,48268
1,8,1,48269
1,8,1.033,48270
1,8,1.067,48271
1,8,1.1,48272
1,8,1.133,48273
1,8,1.167,48274
1,8,1.2,48275
1,8,1.233,48276
1,8,1.267,48277
1,8,1.3,48278
1,8,1.333,48279
1,8,1.367,48280
1,8,1.4,48281
1,8,1.433,48282
2,8,1.7,48283
2,8,6.467,48284
6,8,6.5,48285
6,8,6.533,48286
6,8,6.567,48287
6,8,6.6,48288
6,8,6.633,48289
6,8,6.667,48290
6,8,6.7,48291
6,8,6.733,48292
6,8,6.767,48293
6,8,6.8,48294
6,8,6.833,48295
6,8,6.867,48296
6,8,6.9,48297
6,8,6.933,48298
6,8,6.967,48299
6,8,7,48300
6,8,7.033,48301
6,8,0,48302
6,8,0.033,48303
6,8,0.067,48304
6,8,0.1,48305
6,8,0.133,48306
6,8,0.167,48307
6,8,0.2,48308
6,8,0.233,48309
6,8,0.267,48310
6,8,0.3,48311
6,8,0.333,48312
6,8,0.367,48313
6,8,0.4,48314
6,8,0.433,48315
6,8,0.467,48316
6,8,0.5,48317
3,8,0.6,48318
3,8,0.633,48319
3,8,0.667,48320
3,8,0.7,48321
3,8,0.733,48322
3,8,0.767,48323
3,8,0.8,48324
3,8,0.833,48325
1,8,1.167,48326
1,8,1.2,48327
1,8,1.233,48328
1,8,1.267,48329
1,8,1.3,48330
4,8,1.767,48331
4,8,1.8,48332
4,8,1.833,48333
4,8,1.867,48334
4,8,7.7,48335
4,8,7.733,48336
4,8,7.767,48337
4,8,7.8,48338
4,8,7.833,48339
4,8,7.867,48340
4,8,7.9,48341
4,8,7.933,48342
4,8,7.967,48343
4,8,8,48344
4,8,8.033,48345
4,8,8.067,48346
4,8,8.1,48347
4,8,8.133,48348
4,8,8.167,48349
4,8,8.2,48350
4,8,8.233,48351
4,8,8.267,48352
4,8,8.3,48353
4,8,8.333,48354
4,8,8.367,48355
4,8,8.4,48356
4,8,8.433,48357
4,8,8.467,48358
4,8,8.5,48359
4,8,8.533,48360
4,8,8.567,48361
4,8,8.6,48362
4,8,8.633,48363
4,8,8.667,48364
4,8,8.7,48365
4,8,8.733,48366
4,8,8.767,48367
4,8,8.8,48368
4,8,8.833,48369
4,8,8.867,48370
4,8,8.9,48371
4,8,8.933,48372
4,8,8.967,48373
4,8,9,48374
4,8,9.033,48375
4,8,9.067,48376
4,8,9.1,48377
4,8,9.133,48378
4,8,9.167,48379
4,8,9.2,48380
4,8,9.233,48381
4,8,9.267,48382
4,8,9.3,48383
4,8,9.333,48384
4,8,9.367,48385
4,8,9.4,48386
4,8,9.433,48387
4,8,9.467,48388
4,8,9.5,48389
4,8,9.533,48390
4,8,9.567,48391
4,8,9.6,48392
4,8,9.633,48393
4,8,9.667,48394
4,8,9.7,48395
4,8,9.733,48396
4,8,9.767,48397
4,8,9.8,48398
4,8,9.833,48399
4,8,9.867,48400
4,8,9.9,48401
4,8,9.933,48402
4,8,9.967,48403
4,8,10,48404
4,8,10.033,48405
4,8,10.067,48406
4,8,10.1,48407
4,8,10.133,48408
4,8,10.167,48409
4,8,0,48410
4,8,0.033,48411
4,8,0.067,48412
4,8,0.1,48413
4,8,0.133,48414
4,8,0.167,48415
4,8,0.2,48416
4,8,0.233,48417
4,8,0.267,48418
4,8,0.3,48419
4,8,0.333,48420
4,8,0.367,48421
4,8,0.4,48422
4,8,0.433,48423
4,8,0.467,48424
4,8,0.5,48425
4,8,0.533,48426
4,8,0.567,48427
4,8,0.6,48428
4,8,0.633,48429
4,8,0.667,48430
4,8,0.7,48431
4,8,0.733,48432
4,8,0.767,48433
4,8,0.8,48434
4,8,0.833,48435
4,8,0.867,48436
4,8,0.9,48437
4,8,0.933,48438
4,8,0.967,48439
4,8,1,48440
4,8,1.033,48441
4,8,1.067,48442
1,8,1.167,48443
4,8,2.233,48444
4,8,2.267,48445
4,8,2.3,48446
4,8,2.333,48447
4,8,2.367,48448
4,8,2.4,48449
4,8,2.433,48450
4,8,2.467,48451
4,8,2.5,48452
4,8,2.533,48453
4,8,2.567,48454
4,8,2.6,48455
4,8,2.633,48456
4,8,2.667,48457
4,8,2.7,48458
4,8,2.733,48459
4,8,2.767,48460
4,8,2.8,48461
4,8,2.833,48462
4,8,2.867,48463
4,8,2.9,48464
4,8,2.933,48465
4,8,2.967,48466
3,8,3.033,48467
3,8,3.067,48468
3,8,3.1,48469
3,8,3.133,48470
3,8,3.167,48471
3,8,3.2,48472
3,8,3.233,48473
2,8,3.3,48474
2,8,3.333,48475
2,8,3.367,48476
2,8,3.4,48477
1,8,3.433,48478
1,8,3.467,48479
1,8,3.5,48480
1,8,3.533,48481
1,8,3.567,48482
1,8,3.6,48483
2,8,11.567,48484
2,8,11.6,48485
2,8,11.633,48486
2,8,11.667,48487
2,8,11.7,48488
2,8,11.733,48489
2,8,11.767,48490
2,8,11.8,48491
2,8,11.833,48492
2,8,11.867,48493
2,8,11.9,48494
2,8,11.933,48495
2,8,11.967,48496
2,8,12,48497
2,8,12.033,48498
2,8,12.067,48499
2,8,12.1,48500
2,8,12.133,48501
2,8,12.167,48502
2,8,12.2,48503
2,8,12.233,48504
2,8,12.267,48505
2,8,12.3,48506
2,8,12.333,48507
2,8,12.367,48508
2,8,12.4,48509
2,8,12.433,48510
2,8,12.467,48511
2,8,12.5,48512
2,8,12.533,48513
2,8,12.567,48514
2,8,12.6,48515
2,8,12.633,48516
2,8,12.667,48517
2,8,12.7,48518
2,8,12.733,48519
2,8,12.767,48520
2,8,12.8,48521
2,8,12.833,48522
2,8,12.867,48523
2,8,12.9,48524
2,8,12.933,48525
2,8,12.967,48526
2,8,13,48527
2,8,13.033,48528
2,8,13.067,48529
2,8,13.1,48530
2,8,13.133,48531
2,8,13.167,48532
2,8,13.2,48533
2,8,13.233,48534
2,8,13.267,48535
2,8,13.3,48536
2,8,13.333,48537
2,8,13.367,48538
2,8,13.4,48539
2,8,13.433,48540
2,8,13.467,48541
2,8,13.5,48542
2,8,13.533,48543
2,8,13.567,48544
2,8,13.6,48545
2,8,13.633,48546
2,8,13.667,48547
2,8,13.7,48548
2,8,13.733,48549
2,8,13.767,48550
2,8,13.8,48551
2,8,13.833,48552
2,8,13.867,48553
2,8,13.9,48554
2,8,0,48555
2,8,0.033,48556
2,8,0.067,48557
2,8,0.1,48558
2,8,0.133,48559
2,8,0.167,48560
2,8,0.2,48561
2,8,0.233,48562
2,8,0.267,48563
2,8,0.3,48564
2,8,0.333,48565
2,8,0.367,48566
2,8,0.4,48567
2,8,0.433,48568
2,8,0.467,48569
1,8,0.5,48570
1,8,0.533,48571
1,8,0.567,48572
1,8,0.6,48573
1,8,0.633,48574
1,8,0.667,48575
1,8,0.7,48576
1,8,0.733,48577
1,8,0.767,48578
1,8,0.8,48579
1,8,0.833,48580
1,8,0.867,48581
1,8,0.9,48582
1,8,0.933,48583
1,8,0.967,48584
1,8,1,48585
1,8,1.033,48586
1,8,1.067,48587
1,8,1.1,48588
1,8,1.133,48589
1,8,1.167,48590
1,8,1.2,48591
1,8,1.233,48592
1,8,1.267,48593
1,8,1.3,48594
1,8,1.333,48595
1,8,1.367,48596
1,8,1.4,48597
1,8,1.433,48598
1,8,1.467,48599
1,8,1.5,48600
1,8,1.533,48601
1,8,1.567,48602
1,8,1.6,48603
1,8,1.633,48604
1,8,1.667,48605
1,8,1.7,48606
1,8,1.733,48607
1,8,1.767,48608
1,8,1.8,48609
1,8,1.833,48610
1,8,1.867,48611
1,8,1.9,48612
1,8,1.933,48613
1,8,1.967,48614
1,8,2,48615
1,8,2.033,48616
1,8,2.067,48617
1,8,2.1,48618
1,8,2.133,48619
1,8,2.167,48620
1,8,2.2,48621
1,8,2.233,48622
1,8,2.267,48623
1,8,2.3,48624
1,8,2.333,48625
1,8,2.367,48626
1,8,2.4,48627
1,8,2.433,48628
1,8,2.467,48629
1,8,2.5,48630
1,8,2.533,48631
1,8,2.567,48632
1,8,2.6,48633
1,8,2.633,48634
1,8,2.667,48635
1,8,2.7,48636
1,8,2.733,48637
1,8,2.767,48638
1,8,2.8,48639
1,8,2.833,48640
1,8,2.867,48641
1,8,2.9,48642
1,8,2.933,48643
1,8,2.967,48644
1,8,3,48645
1,8,3.033,48646
1,8,3.067,48647
1,8,3.1,48648
1,8,3.133,48649
1,8,3.167,48650
1,8,3.2,48651
1,8,3.233,48652
1,8,3.267,48653
1,8,3.3,48654
1,8,3.333,48655
1,8,3.367,48656
1,8,3.4,48657
1,8,3.433,48658
1,8,3.467,48659
1,8,3.5,48660
1,8,3.533,48661
1,8,3.567,48662
1,8,3.6,48663
1,8,3.633,48664
1,8,3.667,48665
1,8,3.7,48666
1,8,3.733,48667
1,8,3.767,48668
1,8,3.8,48669
1,8,3.833,48670
1,8,3.867,48671
1,8,3.9,48672
1,8,3.933,48673
1,8,3.967,48674
1,8,4,48675
1,8,4.033,48676
1,8,4.067,48677
1,8,4.1,48678
1,8,4.133,48679
1,8,4.167,48680
1,8,4.2,48681
1,8,4.233,48682
1,8,4.267,48683
1,8,4.3,48684
1,8,4.333,48685
1,8,4.367,48686
1,8,4.4,48687
1,8,4.433,48688
1,8,4.467,48689
1,8,4.5,48690
1,8,4.533,48691
1,8,4.567,48692
1,8,4.6,48693
1,8,4.633,48694
1,8,4.667,48695
1,8,4.7,48696
1,8,4.733,48697
1,8,4.767,48698
1,8,4.8,48699
1,8,4.833,48700
1,8,4.867,48701
1,8,4.9,48702
1,8,4.933,48703
1,8,4.967,48704
1,8,5,48705
1,8,5.033,48706
1,8,5.067,48707
1,8,5.1,48708
1,8,5.133,48709
1,8,5.167,48710
1,8,5.2,48711
1,8,5.233,48712
1,8,5.267,48713
1,8,5.3,48714
1,8,5.333,48715
1,8,5.367,48716
1,8,5.4,48717
1,8,5.433,48718
1,8,5.467,48719
1,8,5.5,48720
1,8,5.533,48721
1,8,5.567,48722
1,8,5.6,48723
1,8,5.633,48724
1,8,5.667,48725
3,8,5.7,48726
3,8,5.733,48727
3,8,5.767,48728
3,8,5.8,48729
3,8,5.833,48730
3,8,5.867,48731
3,8,5.9,48732
3,8,5.933,48733
3,8,5.967,48734
3,8,6,48735
3,8,6.033,48736
3,8,6.067,48737
3,8,6.1,48738
3,8,6.133,48739
3,8,0,48740
3,8,0.033,48741
3,8,0.067,48742
3,8,0.1,48743
3,8,0.133,48744
3,8,0.167,48745
3,8,0.2,48746
3,8,0.233,48747
3,8,0.267,48748
3,8,0.3,48749
3,8,0.333,48750
1,8,0.4,48751
1,8,0.433,48752
1,8,0.467,48753
1,8,0.5,48754
1,8,0.533,48755
1,8,0.567,48756
1,8,0.6,48757
1,8,0.633,48758
1,8,0.667,48759
1,8,0.7,48760
1,8,0.733,48761
1,8,0.767,48762
1,8,0.8,48763
1,8,0,48764
1,8,0.033,48765
1,8,0.067,48766
1,8,0.1,48767
1,8,0.133,48768
1,8,0.167,48769
1,8,0.2,48770
1,8,0.233,48771
1,8,0.267,48772
1,8,0.3,48773
1,8,0.333,48774
1,8,0.367,48775
1,8,0.4,48776
1,8,0.433,48777
1,8,0.467,48778
2,8,0.5,48779
2,8,0.533,48780
5,8,0.633,48781
5,8,0.667,48782
5,8,0.7,48783
3,8,0.733,48784
3,8,0.767,48785
3,8,0.8,48786
3,8,0.833,48787
3,8,0.867,48788
3,8,0.9,48789
3,8,0.933,48790
3,8,0.967,48791
3,8,1,48792
3,8,1.033,48793
3,8,1.067,48794
3,8,1.1,48795
3,8,1.133,48796
3,8,1.167,48797
3,8,1.2,48798
3,8,1.233,48799
3,8,1.267,48800
3,8,1.3,48801
3,8,1.333,48802
3,8,1.367,48803
3,8,1.4,48804
3,8,1.433,48805
3,8,1.467,48806
3,8,1.5,48807
3,8,1.533,48808
3,8,1.567,48809
3,8,1.6,48810
3,8,1.633,48811
3,8,1.667,48812
3,8,1.7,48813
3,8,1.733,48814
3,8,1.767,48815
3,8,1.8,48816
3,8,1.833,48817
3,8,1.867,48818
3,8,1.9,48819
3,8,1.933,48820
3,8,1.967,48821
3,8,2,48822
3,8,2.033,48823
3,8,2.067,48824
3,8,2.1,48825
3,8,2.133,48826
3,8,2.167,48827
3,8,2.2,48828
3,8,2.233,48829
3,8,2.267,48830
3,8,2.3,48831
3,8,2.333,48832
3,8,2.367,48833
3,8,2.4,48834
3,8,2.433,48835
3,8,2.467,48836
3,8,2.5,48837
3,8,2.533,48838
3,8,2.567,48839
3,8,2.6,48840
3,8,2.633,48841
3,8,2.667,48842
3,8,2.7,48843
3,8,2.733,48844
3,8,2.767,48845
3,8,2.8,48846
3,8,2.833,48847
3,8,2.867,48848
3,8,2.9,48849
3,8,2.933,48850
3,8,2.967,48851
3,8,3,48852
3,8,3.033,48853
3,8,3.067,48854
3,8,3.1,48855
3,8,3.133,48856
3,8,3.167,48857
3,8,3.2,48858
3,8,3.233,48859
3,8,3.267,48860
3,8,3.3,48861
3,8,3.333,48862
4,9,0,48863
4,9,0.033,48864
4,9,0.067,48865
4,9,0.1,48866
4,9,0.133,48867
4,9,0.167,48868
4,9,0.2,48869
4,9,0.233,48870
4,9,0.267,48871
4,9,0.3,48872
4,9,0.333,48873
4,9,0.367,48874
4,9,0.4,48875
4,9,0.433,48876
4,9,0.467,48877
4,9,0.5,48878
4,9,0.533,48879
4,9,0.567,48880
4,9,0.6,48881
4,9,0.633,48882
4,9,0.667,48883
4,9,0.7,48884
4,9,0.733,48885
4,9,0.767,48886
4,9,0.8,48887
4,9,0.833,48888
4,9,0.867,48889
4,9,0.9,48890
4,9,0.933,48891
4,9,0.967,48892
4,9,1,48893
4,9,1.033,48894
4,9,1.067,48895
4,9,1.1,48896
4,9,1.133,48897
4,9,1.167,48898
4,9,1.2,48899
4,9,1.233,48900
4,9,1.267,48901
4,9,1.3,48902
4,9,1.333,48903
4,9,1.367,48904
4,9,1.4,48905
4,9,1.433,48906
4,9,1.467,48907
4,9,1.5,48908
4,9,1.533,48909
4,9,1.567,48910
4,9,1.6,48911
4,9,1.633,48912
4,9,1.667,48913
4,9,1.7,48914
4,9,1.733,48915
4,9,1.767,48916
4,9,1.8,48917
4,9,1.833,48918
4,9,1.867,48919
4,9,1.9,48920
2,9,1.967,48921
2,9,2,48922
2,9,2.033,48923
2,9,2.067,48924
2,9,2.1,48925
2,9,2.133,48926
2,9,2.167,48927
2,9,2.2,48928
2,9,2.233,48929
2,9,2.267,48930
2,9,2.3,48931
2,9,2.333,48932
2,9,2.367,48933
2,9,2.4,48934
2,9,2.433,48935
2,9,2.467,48936
2,9,2.5,48937
2,9,2.533,48938
2,9,2.567,48939
2,9,2.6,48940
2,9,2.633,48941
2,9,2.667,48942
2,9,2.7,48943
2,9,2.733,48944
2,9,2.767,48945
1,9,4.067,48946
1,9,4.1,48947
1,9,4.133,48948
1,9,4.167,48949
1,9,4.2,48950
1,9,4.233,48951
1,9,4.267,48952
1,9,4.3,48953
1,9,4.333,48954
2,9,4.4,48955
2,9,4.433,48956
2,9,4.467,48957
2,9,4.5,48958
2,9,4.533,48959
2,9,4.567,48960
2,9,4.6,48961
2,9,4.633,48962
2,9,4.667,48963
2,9,4.7,48964
2,9,4.733,48965
2,9,4.767,48966
2,9,4.8,48967
2,9,4.833,48968
4,9,4.9,48969
4,9,4.933,48970
4,9,4.967,48971
4,9,5,48972
4,9,5.033,48973
4,9,5.067,48974
4,9,5.1,48975
4,9,5.133,48976
4,9,5.167,48977
4,9,5.2,48978
4,9,5.233,48979
4,9,5.267,48980
4,9,5.3,48981
4,9,5.333,48982
4,9,5.367,48983
4,9,5.4,48984
2,9,5.833,48985
1,9,5.9,48986
1,9,5.933,48987
1,9,5.967,48988
1,9,6,48989
1,9,6.033,48990
1,9,6.067,48991
1,9,6.1,48992
1,9,6.133,48993
1,9,6.167,48994
1,9,6.2,48995
1,9,6.233,48996
2,9,6.267,48997
2,9,6.3,48998
4,9,6.367,48999
4,9,6.4,49000
2,9,6.467,49001
2,9,6.5,49002
2,9,6.533,49003
2,9,6.567,49004
2,9,6.6,49005
2,9,6.633,49006
2,9,6.667,49007
2,9,6.7,49008
2,9,6.733,49009
1,9,6.8,49010
1,9,6.833,49011
1,9,6.867,49012
1,9,6.9,49013
1,9,6.933,49014
1,9,6.967,49015
1,9,7,49016
2,9,7.033,49017
2,9,7.067,49018
2,9,7.1,49019
2,9,7.133,49020
2,9,7.167,49021
2,9,7.2,49022
2,9,7.233,49023
2,9,7.267,49024
2,9,7.3,49025
2,9,7.333,49026
2,9,7.367,49027
2,9,7.4,49028
2,9,7.433,49029
2,9,7.467,49030
2,9,7.5,49031
2,9,7.533,49032
2,9,7.567,49033
2,9,7.6,49034
2,9,7.633,49035
2,9,7.667,49036
2,9,7.7,49037
2,9,7.733,49038
2,9,7.767,49039
2,9,7.8,49040
2,9,7.833,49041
2,9,7.867,49042
2,9,7.9,49043
2,9,7.933,49044
2,9,7.967,49045
2,9,0,49046
2,9,0.033,49047
2,9,0.067,49048
2,9,0.1,49049
2,9,0.133,49050
2,9,0.167,49051
2,9,0.2,49052
2,9,0.233,49053
2,9,0.267,49054
2,9,0.3,49055
2,9,0.333,49056
2,9,0.367,49057
2,9,0.4,49058
2,9,0.433,49059
2,9,0.467,49060
2,9,0.5,49061
2,9,0.533,49062
2,9,0.567,49063
2,9,0.6,49064
2,9,0.633,49065
2,9,0.667,49066
2,9,0.7,49067
2,9,0.733,49068
2,9,0.767,49069
2,9,0.8,49070
2,9,0.833,49071
2,9,0.867,49072
2,9,0.9,49073
2,9,0.933,49074
2,9,0.967,49075
2,9,1,49076
2,9,1.033,49077
2,9,1.067,49078
2,9,1.1,49079
2,9,1.133,49080
2,9,1.167,49081
2,9,1.2,49082
2,9,1.233,49083
2,9,1.267,49084
3,9,2.9,49085
5,9,3.067,49086
5,9,3.1,49087
5,9,3.133,49088
5,9,3.167,49089
5,9,3.2,49090
5,9,3.233,49091
5,9,3.267,49092
5,9,3.3,49093
5,9,3.333,49094
5,9,0,49095
5,9,0.033,49096
5,9,0.067,49097
5,9,0.1,49098
5,9,0.133,49099
5,9,0.167,49100
5,9,0.2,49101
5,9,0.233,49102
5,9,0.267,49103
5,9,0.3,49104
5,9,0.333,49105
5,9,0.367,49106
3,9,0.433,49107
3,9,0.467,49108
1,9,1.833,49109
1,9,1.867,49110
1,9,1.9,49111
1,9,1.933,49112
1,9,1.967,49113
1,9,2,49114
1,9,2.033,49115
1,9,2.067,49116
1,9,0,49117
1,9,0.033,49118
1,9,0.067,49119
1,9,0.1,49120
1,9,0.133,49121
1,9,0.167,49122
1,9,0.2,49123
1,9,0.233,49124
1,9,0.267,49125
1,9,0.3,49126
1,9,0.333,49127
1,9,0.367,49128
2,9,0.4,49129
2,9,0.433,49130
2,9,0.467,49131
2,9,0.5,49132
2,9,0.533,49133
2,9,0.567,49134
2,9,0.6,49135
2,9,0.633,49136
2,9,0.667,49137
2,9,0.7,49138
2,9,0.733,49139
2,9,0.767,49140
2,9,0.8,49141
2,9,0.833,49142
2,9,0.867,49143
2,9,0.9,49144
2,9,0.933,49145
2,9,0.967,49146
2,9,1,49147
2,9,1.033,49148
3,9,2.433,49149
3,9,2.467,49150
3,9,2.5,49151
3,9,2.533,49152
3,9,2.567,49153
3,9,2.6,49154
3,9,2.633,49155
3,9,2.667,49156
5,9,2.733,49157
4,9,2.8,49158
4,9,2.833,49159
4,9,2.867,49160
4,9,2.9,49161
4,9,2.933,49162
4,9,2.967,49163
4,9,3,49164
4,9,3.033,49165
4,9,3.067,49166
4,9,3.1,49167
4,9,3.133,49168
4,9,3.167,49169
4,9,3.2,49170
4,9,3.233,49171
4,9,0,49172
4,9,0.033,49173
4,9,0.067,49174
4,9,0.1,49175
4,9,0.133,49176
4,9,0.167,49177
4,9,0.2,49178
4,9,0.233,49179
4,9,0.267,49180
4,9,0.3,49181
2,9,0.367,49182
3,9,1.033,49183
3,9,1.067,49184
3,9,1.1,49185
3,9,1.133,49186
3,9,1.167,49187
3,9,1.2,49188
3,9,1.233,49189
3,9,1.267,49190
3,9,1.3,49191
3,9,1.333,49192
3,9,1.367,49193
3,9,1.4,49194
3,9,1.433,49195
3,9,1.467,49196
3,9,1.5,49197
3,9,1.533,49198
3,9,1.567,49199
3,9,1.6,49200
3,9,1.633,49201
3,9,1.667,49202
3,9,1.7,49203
3,9,1.733,49204
3,9,1.767,49205
3,9,1.8,49206
3,9,1.833,49207
3,9,1.867,49208
3,9,1.9,49209
3,9,1.933,49210
3,9,1.967,49211
3,9,2,49212
3,9,2.033,49213
3,9,2.067,49214
3,9,2.1,49215
3,9,2.133,49216
3,9,2.167,49217
3,9,2.2,49218
3,9,2.233,49219
3,9,2.267,49220
3,9,2.3,49221
3,9,2.333,49222
3,9,2.367,49223
3,9,2.4,49224
3,9,0,49225
3,9,0.033,49226
3,9,0.067,49227
3,9,0.1,49228
3,9,0.133,49229
3,9,0.167,49230
3,9,0.2,49231
3,9,0.233,49232
3,9,0.267,49233
3,9,0.3,49234
3,9,0.333,49235
3,9,0.367,49236
3,9,0.4,49237
3,9,0.433,49238
3,9,0.467,49239
3,9,0.5,49240
6,9,0.767,49241
6,9,0.8,49242
6,9,0.833,49243
6,9,0.867,49244
6,9,0.9,49245
6,9,0.933,49246
6,9,0.967,49247
6,9,1,49248
6,9,1.033,49249
6,9,1.067,49250
6,9,1.1,49251
6,9,1.133,49252
6,9,1.167,49253
6,9,1.2,49254
6,9,1.233,49255
6,9,1.267,49256
6,9,1.3,49257
6,9,1.333,49258
6,9,1.367,49259
6,9,1.4,49260
6,9,1.433,49261
6,9,1.467,49262
6,9,1.5,49263
6,9,1.533,49264
6,9,1.567,49265
6,9,1.6,49266
6,9,1.633,49267
6,9,1.667,49268
6,9,1.7,49269
6,9,1.733,49270
6,9,1.767,49271
6,9,1.8,49272
6,9,1.833,49273
6,9,1.867,49274
6,9,1.9,49275
6,9,1.933,49276
6,9,1.967,49277
6,9,2,49278
6,9,2.033,49279
6,9,2.067,49280
6,9,2.1,49281
6,9,2.133,49282
6,9,2.167,49283
6,9,0,49284
6,9,0.033,49285
6,9,0.067,49286
6,9,0.1,49287
6,9,0.133,49288
6,9,0.167,49289
6,9,0.2,49290
6,9,0.233,49291
6,9,0.267,49292
6,9,0.3,49293
6,9,0.333,49294
6,9,0.367,49295
6,9,0.4,49296
6,9,0.433,49297
6,9,0.467,49298
6,9,0.5,49299
6,9,0.533,49300
6,9,0.567,49301
6,9,0.6,49302
6,9,0.633,49303
6,9,0.667,49304
6,9,0.7,49305
6,9,0.733,49306
6,9,0.767,49307
6,9,0.8,49308
3,9,0.867,49309
3,9,0.9,49310
5,10,0,49311
5,10,0.033,49312
5,10,0.067,49313
5,10,0.1,49314
5,10,0.133,49315
5,10,0.167,49316
5,10,0.2,49317
5,10,0.233,49318
5,10,0.267,49319
5,10,0.3,49320
5,10,0.333,49321
5,10,0.367,49322
5,10,0.4,49323
5,10,0.433,49324
5,10,0.467,49325
5,10,0.5,49326
5,10,0.533,49327
5,10,0.567,49328
5,10,0.6,49329
5,10,1.7,49330
5,10,1.733,49331
5,10,1.767,49332
5,10,1.8,49333
5,10,1.833,49334
5,10,1.867,49335
5,10,1.9,49336
5,10,1.933,49337
5,10,1.967,49338
5,10,2,49339
5,10,2.033,49340
5,10,2.067,49341
5,10,2.1,49342
5,10,2.133,49343
5,10,2.167,49344
5,10,2.2,49345
5,10,2.233,49346
5,10,2.267,49347
5,10,2.3,49348
5,10,2.333,49349
5,10,2.367,49350
5,10,2.4,49351
5,10,2.433,49352
5,10,2.467,49353
5,10,2.5,49354
5,10,2.533,49355
5,10,2.567,49356
5,10,2.6,49357
5,10,2.633,49358
5,10,2.667,49359
5,10,2.7,49360
5,10,2.733,49361
5,10,2.767,49362
5,10,2.8,49363
5,10,2.833,49364
5,10,2.867,49365
5,10,2.9,49366
5,10,2.933,49367
5,10,2.967,49368
5,10,3,49369
5,10,3.033,49370
5,10,3.067,49371
5,10,3.1,49372
5,10,3.133,49373
5,10,3.167,49374
5,10,3.2,49375
5,10,3.233,49376
5,10,3.267,49377
5,10,3.3,49378
5,10,3.333,49379
5,10,3.367,49380
5,10,3.4,49381
5,10,3.433,49382
5,10,3.467,49383
5,10,3.5,49384
5,10,3.533,49385
5,10,3.567,49386
5,10,3.6,49387
5,10,3.633,49388
5,10,3.667,49389
5,10,3.7,49390
5,10,3.733,49391
5,10,3.767,49392
5,10,3.8,49393
5,10,3.833,49394
5,10,3.867,49395
5,10,3.9,49396
5,10,3.933,49397
5,10,3.967,49398
5,10,4,49399
5,10,4.033,49400
5,10,4.067,49401
5,10,4.1,49402
5,10,4.133,49403
5,10,4.167,49404
5,10,4.2,49405
5,10,4.233,49406
5,10,4.267,49407
5,10,4.3,49408
5,10,4.333,49409
5,10,4.367,49410
5,10,4.4,49411
5,10,4.433,49412
5,10,4.467,49413
5,10,4.5,49414
5,10,4.533,49415
5,10,4.567,49416
5,10,4.6,49417
5,10,4.633,49418
5,10,4.667,49419
5,10,4.7,49420
5,10,4.733,49421
5,10,4.767,49422
5,10,4.8,49423
5,10,4.833,49424
5,10,4.867,49425
5,10,4.9,49426
5,10,4.933,49427
5,10,4.967,49428
5,10,5,49429
5,10,5.033,49430
5,10,5.067,49431
5,10,5.1,49432
5,10,5.133,49433
5,10,5.167,49434
5,10,5.2,49435
5,10,5.233,49436
5,10,5.267,49437
5,10,5.3,49438
5,10,5.333,49439
5,10,5.367,49440
5,10,5.4,49441
5,10,5.433,49442
5,10,5.467,49443
5,10,5.5,49444
5,10,5.533,49445
5,10,5.567,49446
5,10,5.6,49447
5,10,5.633,49448
5,10,5.667,49449
5,10,5.7,49450
5,10,5.733,49451
5,10,5.767,49452
5,10,5.8,49453
5,10,5.833,49454
5,10,5.867,49455
5,10,5.9,49456
5,10,5.933,49457
5,10,5.967,49458
5,10,6,49459
5,10,6.033,49460
5,10,6.067,49461
5,10,6.1,49462
5,10,6.133,49463
5,10,6.167,49464
5,10,6.2,49465
5,10,6.233,49466
5,10,6.267,49467
5,10,6.3,49468
5,10,6.333,49469
5,10,6.367,49470
5,10,6.4,49471
5,10,6.433,49472
5,10,6.467,49473
5,10,6.5,49474
5,10,6.533,49475
5,10,6.567,49476
5,10,6.6,49477
5,10,6.633,49478
5,10,6.667,49479
5,10,6.7,49480
5,10,6.733,49481
5,10,6.767,49482
5,10,6.8,49483
5,10,6.833,49484
5,10,6.867,49485
5,10,6.9,49486
5,10,6.933,49487
5,10,6.967,49488
5,10,7,49489
5,10,7.033,49490
5,10,7.067,49491
5,10,7.1,49492
5,10,7.133,49493
5,10,7.167,49494
5,10,7.2,49495
5,10,7.233,49496
5,10,7.267,49497
5,10,7.3,49498
5,10,7.333,49499
5,10,7.367,49500
5,10,7.4,49501
5,10,7.433,49502
5,10,7.467,49503
5,10,7.5,49504
5,10,7.533,49505
5,10,7.567,49506
5,10,7.6,49507
5,10,7.633,49508
5,10,7.667,49509
5,10,7.7,49510
5,10,7.733,49511
5,10,7.767,49512
5,10,7.8,49513
5,10,7.833,49514
5,10,7.867,49515
5,10,7.9,49516
5,10,7.933,49517
5,10,7.967,49518
5,10,8,49519
5,10,8.033,49520
5,10,8.067,49521
5,10,8.1,49522
5,10,8.133,49523
5,10,8.167,49524
5,10,8.2,49525
5,10,8.233,49526
5,10,8.267,49527
5,10,8.3,49528
5,10,8.333,49529
5,10,8.367,49530
5,10,8.4,49531
5,10,8.433,49532
5,10,8.467,49533
5,10,8.5,49534
5,10,8.533,49535
5,10,8.567,49536
5,10,8.6,49537
5,10,8.633,49538
5,10,8.667,49539
5,10,8.7,49540
5,10,8.733,49541
5,10,8.767,49542
5,10,8.8,49543
5,10,8.833,49544
5,10,8.867,49545
5,10,8.9,49546
5,10,8.933,49547
5,10,8.967,49548
5,10,9,49549
5,10,9.033,49550
5,10,9.067,49551
5,10,9.1,49552
5,10,9.133,49553
5,10,9.167,49554
5,10,9.2,49555
5,10,9.233,49556
5,10,9.267,49557
5,10,9.3,49558
5,10,9.333,49559
5,10,9.367,49560
5,10,9.4,49561
5,10,9.433,49562
5,10,9.467,49563
5,10,9.5,49564
5,10,9.533,49565
5,10,9.567,49566
5,10,9.6,49567
5,10,9.633,49568
5,10,9.667,49569
5,10,9.7,49570
5,10,9.733,49571
5,10,9.767,49572
5,10,9.8,49573
5,10,9.833,49574
5,10,9.867,49575
5,10,9.9,49576
5,10,9.933,49577
5,10,9.967,49578
5,10,10,49579
5,10,10.033,49580
5,10,10.067,49581
5,10,10.1,49582
5,10,10.133,49583
5,10,10.167,49584
5,10,10.2,49585
5,10,10.233,49586
5,10,10.267,49587
5,10,10.3,49588
5,10,10.333,49589
5,10,10.367,49590
5,10,10.4,49591
5,10,10.433,49592
5,10,10.467,49593
3,10,10.533,49594
3,10,10.567,49595
3,10,10.6,49596
3,10,10.633,49597
3,10,10.667,49598
3,10,10.7,49599
3,10,10.733,49600
3,10,10.767,49601
3,10,10.8,49602
3,10,10.833,49603
3,10,10.867,49604
3,10,10.9,49605
3,10,10.933,49606
3,10,10.967,49607
3,10,11,49608
3,10,11.033,49609
3,10,11.067,49610
3,10,11.1,49611
3,10,11.133,49612
3,10,11.167,49613
3,10,11.2,49614
3,10,11.233,49615
3,10,11.267,49616
3,10,11.3,49617
3,10,11.333,49618
3,10,11.367,49619
3,10,11.4,49620
3,10,11.433,49621
3,10,11.467,49622
3,10,11.5,49623
3,10,11.533,49624
3,10,11.567,49625
3,10,11.6,49626
3,10,11.633,49627
3,10,11.667,49628
3,10,11.7,49629
3,10,11.733,49630
3,10,11.767,49631
3,10,11.8,49632
3,10,11.833,49633
3,10,11.867,49634
3,10,11.9,49635
3,10,11.933,49636
3,10,11.967,49637
3,10,12,49638
3,10,12.033,49639
3,10,12.067,49640
3,10,12.1,49641
3,10,12.133,49642
3,10,12.167,49643
3,10,12.2,49644
3,10,12.233,49645
3,10,12.267,49646
3,10,12.3,49647
3,10,12.333,49648
3,10,12.367,49649
3,10,12.4,49650
3,10,12.433,49651
3,10,12.467,49652
3,10,12.5,49653
3,10,12.533,49654
3,10,12.567,49655
3,10,12.6,49656
3,10,12.633,49657
3,10,12.667,49658
3,10,12.7,49659
3,10,12.733,49660
3,10,12.767,49661
3,10,12.8,49662
3,10,12.833,49663
3,10,12.867,49664
3,10,12.9,49665
3,10,12.933,49666
3,10,12.967,49667
3,10,13,49668
3,10,13.033,49669
3,10,13.067,49670
3,10,13.1,49671
3,10,13.133,49672
3,10,13.167,49673
3,10,13.2,49674
3,10,13.233,49675
3,10,13.267,49676
3,10,13.3,49677
3,10,13.333,49678
3,10,13.367,49679
3,10,13.4,49680
3,10,13.433,49681
3,10,13.467,49682
3,10,13.5,49683
3,10,13.533,49684
3,10,13.567,49685
3,10,13.6,49686
3,10,13.633,49687
3,10,13.667,49688
3,10,13.7,49689
3,10,13.733,49690
3,10,13.767,49691
3,10,13.8,49692
3,10,13.833,49693
3,10,13.867,49694
3,10,13.9,49695
3,10,13.933,49696
3,10,13.967,49697
3,10,14,49698
3,10,14.033,49699
3,10,14.067,49700
3,10,14.1,49701
3,10,14.133,49702
3,10,14.167,49703
3,10,14.2,49704
3,10,14.233,49705
3,10,14.267,49706
3,10,14.3,49707
3,10,14.333,49708
3,10,14.367,49709
3,10,14.4,49710
3,10,14.433,49711
3,10,14.467,49712
3,10,14.5,49713
3,10,14.533,49714
3,10,14.567,49715
3,10,14.6,49716
3,10,14.633,49717
3,10,14.667,49718
3,10,14.7,49719
3,10,14.733,49720
3,10,14.767,49721
3,10,14.8,49722
3,10,14.833,49723
3,10,14.867,49724
3,10,14.9,49725
3,10,14.933,49726
3,10,14.967,49727
3,10,15,49728
3,10,15.033,49729
3,10,15.067,49730
3,10,15.1,49731
3,10,15.133,49732
3,10,15.167,49733
3,10,15.2,49734
3,10,15.233,49735
3,10,15.267,49736
3,10,15.3,49737
3,10,15.333,49738
3,10,15.367,49739
3,10,15.4,49740
3,10,15.433,49741
3,10,15.467,49742
3,10,15.5,49743
3,10,15.533,49744
3,10,15.567,49745
5,10,15.6,49746
5,10,15.633,49747
4,10,15.667,49748
4,10,16.233,49749
4,10,16.267,49750
4,10,16.3,49751
4,10,16.333,49752
4,10,16.367,49753
4,10,16.4,49754
4,10,16.433,49755
4,10,16.467,49756
4,10,16.5,49757
4,10,16.533,49758
4,10,16.567,49759
4,10,16.6,49760
4,10,16.633,49761
4,10,16.667,49762
4,10,16.7,49763
4,10,16.733,49764
4,10,16.767,49765
4,10,16.8,49766
4,10,16.833,49767
4,10,16.867,49768
4,10,16.9,49769
4,10,16.933,49770
4,10,16.967,49771
4,10,17,49772
4,10,17.033,49773
4,10,17.067,49774
4,10,17.1,49775
4,10,17.133,49776
4,10,17.167,49777
4,10,17.2,49778
4,10,17.233,49779
4,10,17.267,49780
4,10,17.3,49781
4,10,17.333,49782
4,10,17.367,49783
4,10,17.4,49784
4,10,17.433,49785
4,10,17.467,49786
4,10,17.5,49787
4,10,17.533,49788
4,10,17.567,49789
4,10,17.6,49790
4,10,17.633,49791
4,10,17.667,49792
4,10,17.7,49793
4,10,17.733,49794
4,10,17.767,49795
4,10,17.8,49796
4,10,17.833,49797
4,10,17.867,49798
4,10,17.9,49799
4,10,17.933,49800
4,10,17.967,49801
4,10,18,49802
4,10,18.033,49803
4,10,18.067,49804
4,10,18.1,49805
4,10,18.133,49806
4,10,18.167,49807
4,10,18.2,49808
4,10,18.233,49809
4,10,18.267,49810
4,10,18.3,49811
4,10,18.333,49812
4,10,18.367,49813
4,10,18.4,49814
4,10,18.433,49815
4,10,18.467,49816
4,10,18.5,49817
4,10,18.533,49818
4,10,18.567,49819
4,10,18.6,49820
4,10,18.633,49821
4,10,18.667,49822
4,10,18.7,49823
4,10,18.733,49824
4,10,18.767,49825
4,10,18.8,49826
4,10,18.833,49827
4,10,18.867,49828
4,10,18.9,49829
4,10,18.933,49830
4,10,18.967,49831
4,10,19,49832
4,10,19.033,49833
4,10,19.067,49834
4,10,19.1,49835
4,10,19.133,49836
4,10,19.167,49837
4,10,19.2,49838
4,10,19.233,49839
4,10,19.267,49840
4,10,19.3,49841
4,10,19.333,49842
4,10,19.367,49843
4,10,19.4,49844
4,10,19.433,49845
4,10,19.467,49846
4,10,19.5,49847
4,10,19.533,49848
4,10,19.567,49849
4,10,19.6,49850
4,10,19.633,49851
4,10,19.667,49852
4,10,19.7,49853
4,10,19.733,49854
4,10,19.767,49855
4,10,19.8,49856
4,10,19.833,49857
4,10,19.867,49858
4,10,19.9,49859
4,10,19.933,49860
4,10,19.967,49861
4,10,20,49862
4,10,20.033,49863
4,10,20.067,49864
4,10,20.1,49865
4,10,20.133,49866
4,10,20.167,49867
4,10,20.2,49868
4,10,20.233,49869
4,10,20.267,49870
4,10,20.3,49871
4,10,20.333,49872
4,10,20.367,49873
4,10,20.4,49874
4,10,20.433,49875
4,10,20.467,49876
4,10,20.5,49877
4,10,20.533,49878
4,10,20.567,49879
4,10,20.6,49880
4,10,20.633,49881
4,10,20.667,49882
4,10,20.7,49883
4,10,20.733,49884
4,10,20.767,49885
4,10,20.8,49886
4,10,20.833,49887
4,10,20.867,49888
4,10,20.9,49889
4,10,20.933,49890
4,10,20.967,49891
4,10,21,49892
4,10,21.033,49893
4,10,21.067,49894
4,10,21.1,49895
4,10,21.133,49896
4,10,21.167,49897
4,10,21.2,49898
4,10,21.233,49899
4,10,21.267,49900
4,10,21.3,49901
4,10,21.333,49902
4,10,21.367,49903
4,10,21.4,49904
4,10,21.433,49905
4,10,21.467,49906
4,10,21.5,49907
4,10,21.533,49908
4,10,21.567,49909
4,10,21.6,49910
4,10,21.633,49911
4,10,21.667,49912
4,10,21.7,49913
4,10,21.733,49914
4,10,21.767,49915
4,10,21.8,49916
4,10,21.833,49917
4,10,21.867,49918
4,10,21.9,49919
4,10,21.933,49920
4,10,21.967,49921
4,10,22,49922
4,10,22.033,49923
4,10,22.067,49924
4,10,22.1,49925
4,10,22.133,49926
4,10,22.167,49927
4,10,22.2,49928
4,10,22.233,49929
4,10,22.267,49930
4,10,22.3,49931
4,10,22.333,49932
4,10,22.367,49933
4,10,22.4,49934
4,10,22.433,49935
4,10,22.467,49936
4,10,22.5,49937
4,10,22.533,49938
4,10,22.567,49939
4,10,22.6,49940
4,10,22.633,49941
4,10,22.667,49942
4,10,22.7,49943
4,10,22.733,49944
4,10,22.767,49945
4,10,22.8,49946
4,10,22.833,49947
4,10,22.867,49948
4,10,22.9,49949
4,10,22.933,49950
4,10,22.967,49951
4,10,23,49952
4,10,23.033,49953
4,10,23.067,49954
4,10,23.1,49955
4,10,23.133,49956
4,10,23.167,49957
4,10,23.2,49958
4,10,23.233,49959
4,10,23.267,49960
4,10,23.3,49961
4,10,23.333,49962
4,10,23.367,49963
4,10,23.4,49964
4,10,23.433,49965
4,10,23.467,49966
4,10,23.5,49967
4,10,23.533,49968
4,10,23.567,49969
4,10,23.6,49970
4,10,23.633,49971
4,10,23.667,49972
4,10,23.7,49973
4,10,23.733,49974
4,10,23.767,49975
4,10,23.8,49976
4,10,23.833,49977
4,10,23.867,49978
4,10,23.9,49979
4,10,23.933,49980
4,10,23.967,49981
4,10,24,49982
4,10,24.033,49983
4,10,24.067,49984
4,10,24.1,49985
4,10,24.133,49986
4,10,24.167,49987
4,10,24.2,49988
4,10,24.233,49989
4,10,24.267,49990
4,10,24.3,49991
4,10,24.333,49992
4,10,24.367,49993
4,10,24.4,49994
4,10,24.433,49995
4,10,24.467,49996
4,10,24.5,49997
4,10,24.533,49998
4,10,24.567,49999
4,10,24.6,50000
4,10,24.633,50001
4,10,24.667,50002
4,10,24.7,50003
4,10,24.733,50004
4,10,24.767,50005
4,10,24.8,50006
4,10,24.833,50007
4,10,24.867,50008
4,10,24.9,50009
4,10,24.933,50010
4,10,24.967,50011
4,10,25,50012
4,10,25.033,50013
4,10,25.067,50014
4,10,25.1,50015
4,10,25.133,50016
4,10,25.167,50017
4,10,25.2,50018
4,10,25.233,50019
4,10,25.267,50020
4,10,25.3,50021
4,10,25.333,50022
4,10,25.367,50023
4,10,25.4,50024
4,10,25.433,50025
4,10,25.467,50026
4,10,25.5,50027
4,10,25.533,50028
4,10,25.567,50029
4,10,25.6,50030
4,10,25.633,50031
4,10,25.667,50032
4,10,25.7,50033
4,10,25.733,50034
4,10,25.767,50035
4,10,25.8,50036
4,10,25.833,50037
4,10,25.867,50038
4,10,25.9,50039
4,10,25.933,50040
4,10,25.967,50041
4,10,26,50042
4,10,26.033,50043
4,10,26.067,50044
4,10,26.1,50045
4,10,26.133,50046
4,10,26.167,50047
4,10,26.2,50048
4,10,26.233,50049
4,10,26.267,50050
4,10,26.3,50051
4,10,26.333,50052
4,10,26.367,50053
4,10,26.4,50054
4,10,26.433,50055
4,10,26.467,50056
4,10,26.5,50057
4,10,26.533,50058
4,10,26.567,50059
4,10,26.6,50060
4,10,26.633,50061
4,10,26.667,50062
4,10,26.7,50063
4,10,26.733,50064
4,10,26.767,50065
4,10,26.8,50066
4,10,26.833,50067
4,10,26.867,50068
4,10,26.9,50069
4,10,26.933,50070
4,10,26.967,50071
4,10,27,50072
4,10,27.033,50073
4,10,27.067,50074
4,10,27.1,50075
4,10,27.133,50076
4,10,27.167,50077
4,10,27.2,50078
4,10,27.233,50079
4,10,27.267,50080
4,10,27.3,50081
4,10,27.333,50082
4,10,27.367,50083
4,10,27.4,50084
4,10,27.433,50085
4,10,27.467,50086
4,10,27.5,50087
4,10,27.533,50088
4,10,27.567,50089
4,10,27.6,50090
4,10,27.633,50091
4,10,27.667,50092
4,10,27.7,50093
4,10,27.733,50094
4,10,27.767,50095
4,10,27.8,50096
4,10,27.833,50097
4,10,27.867,50098
4,10,27.9,50099
4,10,27.933,50100
4,10,27.967,50101
4,10,28,50102
4,10,28.033,50103
4,10,28.067,50104
4,10,28.1,50105
4,10,28.133,50106
4,10,28.167,50107
4,10,28.2,50108
4,10,28.233,50109
4,10,28.267,50110
4,10,28.3,50111
4,10,28.333,50112
4,10,28.367,50113
4,10,28.4,50114
4,10,28.433,50115
4,10,28.467,50116
4,10,28.5,50117
4,10,28.533,50118
4,10,28.567,50119
4,10,28.6,50120
4,10,28.633,50121
4,10,28.667,50122
4,10,28.7,50123
4,10,28.733,50124
4,10,28.767,50125
4,10,28.8,50126
4,10,28.833,50127
4,10,28.867,50128
4,10,28.9,50129
4,10,28.933,50130
4,10,28.967,50131
4,10,29,50132
4,10,29.033,50133
4,10,29.067,50134
4,10,29.1,50135
4,10,29.133,50136
4,10,29.167,50137
4,10,29.2,50138
4,10,29.233,50139
4,10,29.267,50140
4,10,29.3,50141
4,10,29.333,50142
4,10,29.367,50143
4,10,29.4,50144
4,10,29.433,50145
4,10,29.467,50146
4,10,29.5,50147
4,10,29.533,50148
4,10,29.567,50149
4,10,29.6,50150
4,10,29.633,50151
4,10,29.667,50152
4,10,29.7,50153
4,10,29.733,50154
4,10,29.767,50155
4,10,29.8,50156
4,10,29.833,50157
4,10,29.867,50158
4,10,29.9,50159
4,10,29.933,50160
4,10,29.967,50161
4,10,30,50162
4,10,30.033,50163
4,10,30.067,50164
4,10,30.1,50165
4,10,30.133,50166
4,10,30.167,50167
4,10,30.2,50168
4,10,30.233,50169
4,10,30.267,50170
4,10,30.3,50171
4,10,30.333,50172
4,10,30.367,50173
4,10,30.4,50174
4,10,30.433,50175
4,10,30.467,50176
4,10,30.5,50177
4,10,30.533,50178
4,10,30.567,50179
4,10,30.6,50180
4,10,30.633,50181
4,10,30.667,50182
4,10,30.7,50183
4,10,30.733,50184
4,10,30.767,50185
4,10,30.8,50186
4,10,30.833,50187
4,10,30.867,50188
4,10,30.9,50189
4,10,30.933,50190
4,10,30.967,50191
4,10,31,50192
4,10,31.033,50193
4,10,31.067,50194
4,10,31.1,50195
4,10,31.133,50196
4,10,31.167,50197
4,10,31.2,50198
4,10,31.233,50199
4,10,31.267,50200
4,10,31.3,50201
4,10,31.333,50202
4,10,31.367,50203
4,10,31.4,50204
4,10,31.433,50205
4,10,31.467,50206
4,10,31.5,50207
4,10,31.533,50208
4,10,31.567,50209
4,10,31.6,50210
4,10,31.633,50211
4,10,31.667,50212
4,10,31.7,50213
4,10,31.733,50214
4,10,31.767,50215
4,10,31.8,50216
4,10,31.833,50217
4,10,31.867,50218
4,10,31.9,50219
4,10,31.933,50220
4,10,31.967,50221
4,10,32,50222
4,10,32.033,50223
4,10,32.067,50224
4,10,32.1,50225
4,10,32.133,50226
4,10,32.167,50227
4,10,32.2,50228
4,10,32.233,50229
4,10,32.267,50230
4,10,32.3,50231
4,10,32.333,50232
4,10,32.367,50233
4,10,32.4,50234
4,10,32.433,50235
4,10,32.467,50236
4,10,32.5,50237
4,10,32.533,50238
4,10,32.567,50239
4,10,32.6,50240
4,10,32.633,50241
4,10,32.667,50242
4,10,32.7,50243
4,10,32.733,50244
4,10,32.767,50245
4,10,32.8,50246
4,10,32.833,50247
4,10,32.867,50248
4,10,32.9,50249
4,10,32.933,50250
4,10,32.967,50251
4,10,33,50252
4,10,33.033,50253
4,10,33.067,50254
4,10,33.1,50255
4,10,33.133,50256
4,10,33.167,50257
4,10,33.2,50258
4,10,33.233,50259
4,10,33.267,50260
4,10,33.3,50261
4,10,33.333,50262
4,10,33.367,50263
4,10,0,50264
4,10,0.033,50265
4,10,0.067,50266
4,10,0.1,50267
4,10,0.133,50268
4,10,0.167,50269
4,10,0.2,50270
4,10,0.233,50271
4,10,0.267,50272
4,10,0.3,50273
4,10,0.333,50274
4,10,0.367,50275
4,10,0.4,50276
4,10,0.433,50277
4,10,0.467,50278
4,10,0.5,50279
4,10,0.533,50280
4,10,0.567,50281
4,10,0.6,50282
4,10,0.633,50283
4,10,0.667,50284
4,10,0.7,50285
4,10,0.733,50286
4,10,0.767,50287
4,10,0.8,50288
4,10,0.833,50289
4,10,0.867,50290
4,10,0.9,50291
4,10,0.933,50292
4,10,0.967,50293
4,10,1,50294
4,10,1.033,50295
4,10,1.067,50296
4,10,1.1,50297
4,10,1.133,50298
4,10,1.167,50299
4,10,1.2,50300
4,10,1.233,50301
4,10,1.267,50302
4,10,1.3,50303
4,10,1.333,50304
4,10,1.367,50305
4,10,1.4,50306
4,10,1.433,50307
4,10,1.467,50308
4,10,1.5,50309
4,10,1.533,50310
4,10,1.567,50311
4,10,1.6,50312
4,10,1.633,50313
4,10,1.667,50314
4,10,1.7,50315
4,10,1.733,50316
4,10,1.767,50317
4,10,1.8,50318
4,10,1.833,50319
4,10,1.867,50320
4,10,1.9,50321
4,10,1.933,50322
4,10,1.967,50323
4,10,2,50324
4,10,2.033,50325
4,10,2.067,50326
4,10,2.1,50327
4,10,2.133,50328
4,10,2.167,50329
4,10,2.2,50330
4,10,2.233,50331
4,10,2.267,50332
4,10,2.3,50333
4,10,2.333,50334
4,10,2.367,50335
4,10,2.4,50336
4,10,2.433,50337
4,10,2.467,50338
4,10,2.5,50339
4,10,2.533,50340
4,10,2.567,50341
4,10,2.6,50342
4,10,2.633,50343
4,10,2.667,50344
4,10,2.7,50345
4,10,2.733,50346
4,10,2.767,50347
4,10,2.8,50348
4,10,2.833,50349
4,10,2.867,50350
4,10,2.9,50351
4,10,2.933,50352
4,10,2.967,50353
4,10,3,50354
4,10,3.033,50355
4,10,3.067,50356
4,10,3.1,50357
5,10,3.133,50358
5,10,3.167,50359
1,10,3.4,50360
1,10,3.433,50361
1,10,3.467,50362
6,10,3.533,50363
6,10,3.567,50364
6,10,3.6,50365
6,10,3.633,50366
6,10,3.667,50367
6,10,3.7,50368
6,10,3.733,50369
6,10,3.767,50370
6,10,3.8,50371
6,10,3.833,50372
6,10,3.867,50373
6,10,3.9,50374
6,10,3.933,50375
6,10,3.967,50376
6,10,4,50377
6,10,4.033,50378
6,10,4.067,50379
6,10,4.1,50380
6,10,4.133,50381
6,10,4.167,50382
6,10,4.2,50383
6,10,4.233,50384
6,10,4.267,50385
6,10,4.3,50386
6,10,4.333,50387
6,10,4.367,50388
6,10,4.4,50389
6,10,4.433,50390
6,10,4.467,50391
6,10,4.5,50392
6,10,4.533,50393
6,10,4.567,50394
6,10,4.6,50395
6,10,4.633,50396
6,10,4.667,50397
6,10,4.7,50398
6,10,4.733,50399
6,10,4.767,50400
6,10,4.8,50401
6,10,4.833,50402
6,10,4.867,50403
6,10,4.9,50404
6,10,4.933,50405
6,10,4.967,50406
6,10,5,50407
6,10,5.033,50408
6,10,5.067,50409
6,10,5.1,50410
6,10,5.133,50411
6,10,5.167,50412
6,10,5.2,50413
2,10,5.3,50414
2,10,5.333,50415
2,10,5.367,50416
2,10,5.4,50417
2,10,5.433,50418
2,10,5.467,50419
2,10,5.5,50420
2,10,5.533,50421
2,10,5.567,50422
2,10,5.6,50423
2,10,5.633,50424
2,10,5.667,50425
2,10,5.7,50426
2,10,5.733,50427
2,10,5.767,50428
2,10,5.8,50429
2,10,5.833,50430
2,10,5.867,50431
2,10,5.9,50432
2,10,5.933,50433
2,10,5.967,50434
2,10,6,50435
2,10,6.033,50436
2,10,6.067,50437
2,10,6.1,50438
2,10,6.133,50439
2,10,6.167,50440
2,10,6.2,50441
2,10,6.233,50442
2,10,6.267,50443
2,10,6.3,50444
2,10,6.333,50445
2,10,6.367,50446
2,10,6.4,50447
2,10,6.433,50448
2,10,6.467,50449
2,10,6.5,50450
2,10,6.533,50451
2,10,6.567,50452
2,10,6.6,50453
2,10,6.633,50454
2,10,6.667,50455
2,10,6.7,50456
2,10,6.733,50457
2,10,6.767,50458
2,10,6.8,50459
2,10,6.833,50460
2,10,6.867,50461
2,10,6.9,50462
2,10,6.933,50463
2,10,6.967,50464
2,10,7,50465
2,10,7.033,50466
2,10,7.067,50467
2,10,7.1,50468
2,10,7.133,50469
2,10,7.167,50470
2,10,7.2,50471
2,10,7.233,50472
2,10,7.267,50473
2,10,7.3,50474
2,10,7.333,50475
2,10,0,50476
2,10,0.033,50477
2,10,0.067,50478
2,10,0.1,50479
2,10,0.133,50480
2,10,0.167,50481
2,10,0.2,50482
2,10,0.233,50483
2,10,0.267,50484
2,10,0.3,50485
2,10,0.333,50486
2,10,0.367,50487
2,10,0.4,50488
2,10,0.433,50489
2,10,0.467,50490
2,10,0.5,50491
2,10,0.533,50492
2,10,0.567,50493
2,10,0.6,50494
2,10,0.633,50495
2,10,0.667,50496
2,10,0.7,50497
2,10,0.733,50498
2,10,0.767,50499
2,10,0.8,50500
2,10,0.833,50501
2,10,0.867,50502
2,10,0.9,50503
2,10,0.933,50504
2,10,0.967,50505
2,10,1,50506
2,10,1.033,50507
2,10,1.067,50508
2,10,1.1,50509
2,10,1.133,50510
2,10,1.167,50511
2,10,1.2,50512
2,10,1.233,50513
2,10,1.267,50514
2,10,1.3,50515
2,10,1.333,50516
2,10,1.367,50517
2,10,1.4,50518
2,10,1.433,50519
2,10,1.467,50520
2,10,1.5,50521
2,10,1.533,50522
2,10,1.567,50523
2,10,1.6,50524
2,10,1.633,50525
2,10,1.667,50526
2,10,1.7,50527
2,10,1.733,50528
2,10,1.767,50529
2,10,1.8,50530
2,10,1.833,50531
2,10,1.867,50532
2,10,1.9,50533
2,10,1.933,50534
2,10,1.967,50535
2,10,2,50536
2,10,2.033,50537
2,10,2.067,50538
2,10,2.1,50539
2,10,2.133,50540
2,10,2.167,50541
2,10,2.2,50542
2,10,2.233,50543
2,10,2.267,50544
2,10,2.3,50545
2,10,2.333,50546
2,10,2.367,50547
2,10,2.4,50548
2,10,2.433,50549
2,10,2.467,50550
2,10,2.5,50551
2,10,2.533,50552
2,10,2.567,50553
2,10,2.6,50554
2,10,2.633,50555
2,10,2.667,50556
2,10,2.7,50557
2,10,2.733,50558
2,10,2.767,50559
2,10,2.8,50560
2,10,2.833,50561
2,10,2.867,50562
2,10,2.9,50563
2,10,2.933,50564
2,10,2.967,50565
2,10,3,50566
2,10,3.033,50567
2,10,3.067,50568
2,10,3.1,50569
2,10,3.133,50570
2,10,3.167,50571
2,10,3.2,50572
2,10,3.233,50573
2,10,3.267,50574
2,10,3.3,50575
2,10,3.333,50576
2,10,3.367,50577
2,10,3.4,50578
2,10,3.433,50579
2,10,3.467,50580
2,10,3.5,50581
2,10,3.533,50582
2,10,3.567,50583
2,10,3.6,50584
2,10,3.633,50585
2,10,3.667,50586
2,10,3.7,50587
2,10,3.733,50588
2,10,3.767,50589
2,10,3.8,50590
6,10,3.867,50591
6,10,3.9,50592
6,10,3.933,50593
6,10,3.967,50594
6,10,4,50595
6,10,4.033,50596
6,10,4.067,50597
6,10,4.1,50598
6,10,0,50599
6,10,0.033,50600
6,10,0.067,50601
6,10,0.1,50602
6,10,0.133,50603
6,10,0.167,50604
6,10,0.2,50605
6,10,0.233,50606
6,10,0.267,50607
6,10,0.3,50608
6,10,0.333,50609
6,10,0.367,50610
6,10,0.4,50611
6,10,0.433,50612
6,10,0.467,50613
6,10,0.5,50614
6,10,0.533,50615
6,10,0.567,50616
6,10,0.6,50617
6,10,0.633,50618
6,10,0.667,50619
6,10,0.7,50620
6,10,0.733,50621
6,10,0.767,50622
6,10,0.8,50623
6,10,0.833,50624
6,10,0.867,50625
6,10,0.9,50626
6,10,0.933,50627
6,10,0.967,50628
6,10,1,50629
6,10,1.033,50630
6,10,1.067,50631
6,10,1.1,50632
6,10,1.133,50633
6,10,1.167,50634
6,10,1.2,50635
6,10,1.233,50636
6,10,1.267,50637
6,10,1.3,50638
6,10,1.333,50639
6,10,1.367,50640
6,10,1.4,50641
6,10,1.433,50642
6,10,1.467,50643
6,10,1.5,50644
6,10,1.533,50645
6,10,1.567,50646
6,10,1.6,50647
6,10,1.633,50648
6,10,1.667,50649
6,10,1.7,50650
6,10,1.733,50651
6,10,1.767,50652
6,10,1.8,50653
6,10,1.833,50654
6,10,1.867,50655
6,10,1.9,50656
6,10,1.933,50657
6,10,1.967,50658
6,10,2,50659
6,10,2.033,50660
6,10,2.067,50661
6,10,2.1,50662
6,10,2.133,50663
6,10,2.167,50664
6,10,2.2,50665
6,10,2.233,50666
6,10,2.267,50667
6,10,2.3,50668
6,10,2.333,50669
6,10,2.367,50670
6,10,2.4,50671
6,10,2.433,50672
6,10,2.467,50673
6,10,2.5,50674
6,10,2.533,50675
6,10,2.567,50676
6,10,2.6,50677
6,10,2.633,50678
6,10,2.667,50679
6,10,2.7,50680
6,10,2.733,50681
6,10,2.767,50682
6,10,2.8,50683
6,10,2.833,50684
6,10,2.867,50685
6,10,2.9,50686
6,10,2.933,50687
6,10,2.967,50688
6,10,3,50689
6,10,3.033,50690
6,10,3.067,50691
6,10,3.1,50692
6,10,3.133,50693
6,10,3.167,50694
6,10,3.2,50695
6,10,3.233,50696
6,10,3.267,50697
6,10,3.3,50698
6,10,3.333,50699
6,10,3.367,50700
6,10,3.4,50701
6,10,3.433,50702
6,10,3.467,50703
6,10,3.5,50704
6,10,3.533,50705
6,10,3.567,50706
6,10,3.6,50707
6,10,3.633,50708
6,10,3.667,50709
6,10,3.7,50710
6,10,3.733,50711
6,10,3.767,50712
6,10,3.8,50713
6,10,3.833,50714
6,10,3.867,50715
6,10,3.9,50716
6,10,3.933,50717
6,10,3.967,50718
6,10,4,50719
6,10,4.033,50720
6,10,4.067,50721
6,10,4.1,50722
6,10,4.133,50723
6,10,4.167,50724
6,10,4.2,50725
6,10,4.233,50726
6,10,4.267,50727
6,10,4.3,50728
6,10,4.333,50729
6,10,4.367,50730
6,10,4.4,50731
6,10,4.433,50732
6,10,4.467,50733
6,10,4.5,50734
6,10,4.533,50735
6,10,4.567,50736
6,10,4.6,50737
6,10,4.633,50738
6,10,4.667,50739
6,10,4.7,50740
6,10,4.733,50741
6,10,4.767,50742
5,10,4.833,50743
5,10,4.867,50744
5,10,4.9,50745
5,10,4.933,50746
5,10,4.967,50747
5,10,5,50748
5,10,5.033,50749
5,10,5.067,50750
5,10,5.1,50751
5,10,5.133,50752
5,10,5.167,50753
5,10,5.2,50754
5,10,5.233,50755
5,10,5.267,50756
5,10,5.3,50757
3,10,5.4,50758
3,10,5.433,50759
3,10,5.467,50760
3,10,5.5,50761
3,10,5.533,50762
3,10,5.567,50763
3,10,5.6,50764
3,10,5.633,50765
3,10,5.667,50766
3,10,5.7,50767
3,10,5.733,50768
3,10,5.767,50769
3,10,5.8,50770
3,10,5.833,50771
3,10,5.867,50772
3,10,5.9,50773
3,10,5.933,50774
3,10,5.967,50775
3,10,6,50776
3,10,6.033,50777
3,10,6.067,50778
3,10,6.1,50779
3,10,6.133,50780
3,10,6.167,50781
3,10,6.2,50782
3,10,6.233,50783
3,10,6.267,50784
3,10,6.3,50785
3,10,6.333,50786
3,10,6.367,50787
3,10,6.4,50788
3,10,6.433,50789
3,10,6.467,50790
3,10,6.5,50791
3,10,6.533,50792
3,10,6.567,50793
3,10,6.6,50794
3,10,6.633,50795
3,10,6.667,50796
3,10,6.7,50797
3,10,0,50798
3,10,0.033,50799
3,10,0.067,50800
3,10,0.1,50801
3,10,0.133,50802
3,10,0.167,50803
3,10,0.2,50804
3,10,0.233,50805
3,10,0.267,50806
3,10,0.3,50807
3,10,0.333,50808
3,10,0.367,50809
3,10,0.4,50810
3,10,0.433,50811
3,10,0.467,50812
3,10,0.5,50813
3,10,0.533,50814
3,10,0.567,50815
3,10,0.6,50816
3,10,0.633,50817
3,10,0.667,50818
3,10,0.7,50819
3,10,0.733,50820
3,10,0.767,50821
3,10,0.8,50822
3,10,0.833,50823
3,10,0.867,50824
3,10,0.9,50825
3,10,0.933,50826
3,10,0.967,50827
3,10,1,50828
3,10,1.033,50829
3,10,1.067,50830
3,10,1.1,50831
3,10,1.133,50832
3,10,1.167,50833
3,10,1.2,50834
3,10,1.233,50835
3,10,1.267,50836
3,10,1.3,50837
3,10,1.333,50838
3,10,1.367,50839
3,10,1.4,50840
3,10,1.433,50841
3,10,1.467,50842
3,10,1.5,50843
3,10,1.533,50844
3,10,1.567,50845
3,10,1.6,50846
3,10,1.633,50847
3,10,1.667,50848
3,10,1.7,50849
3,10,1.733,50850
3,10,1.767,50851
3,10,1.8,50852
3,10,1.833,50853
3,10,1.867,50854
3,10,1.9,50855
3,10,1.933,50856
3,10,1.967,50857
3,10,2,50858
3,10,2.033,50859
3,10,2.067,50860
3,10,2.1,50861
3,10,2.133,50862
3,10,2.167,50863
3,10,2.2,50864
3,10,2.233,50865
3,10,2.267,50866
3,10,2.3,50867
3,10,2.333,50868
3,10,2.367,50869
3,10,2.4,50870
3,10,2.433,50871
3,10,2.467,50872
3,10,2.5,50873
3,10,2.533,50874
3,10,2.567,50875
3,10,2.6,50876
3,10,2.633,50877
3,10,2.667,50878
3,10,2.7,50879
3,10,2.733,50880
3,10,2.767,50881
3,10,2.8,50882
3,10,2.833,50883
3,10,2.867,50884
3,10,2.9,50885
3,10,2.933,50886
6,10,3,50887
6,10,3.033,50888
6,10,3.067,50889
6,10,3.1,50890
6,10,3.133,50891
6,10,3.167,50892
6,10,3.2,50893
6,10,3.233,50894
6,10,3.267,50895
2,10,3.3,50896
4,10,3.367,50897
4,10,3.4,50898
4,10,3.433,50899
4,10,3.467,50900
4,10,3.5,50901
2,10,3.567,50902
2,10,3.6,50903
2,10,3.633,50904
6,10,3.7,50905
3,10,3.833,50906
3,10,3.867,50907
3,10,3.9,50908
3,10,3.933,50909
3,10,3.967,50910
3,10,4,50911
3,10,4.033,50912
3,10,4.067,50913
3,10,4.1,50914
3,10,4.133,50915
3,10,4.167,50916
3,10,4.2,50917
3,10,4.233,50918
3,10,4.267,50919
6,10,4.367,50920
6,10,4.4,50921
6,10,4.433,50922
6,10,4.467,50923
6,10,4.5,50924
6,10,4.533,50925
4,10,4.733,50926
4,10,4.767,50927
4,10,4.8,50928
4,10,4.833,50929
4,10,4.867,50930
4,10,4.9,50931
2,10,4.967,50932
2,10,5,50933
2,10,5.033,50934
2,10,5.067,50935
2,10,5.1,50936
6,10,5.167,50937
5,10,5.233,50938
5,10,5.267,50939
3,10,5.3,50940
3,10,5.333,50941
3,10,5.367,50942
3,10,5.4,50943
3,10,5.433,50944
3,10,5.467,50945
3,10,5.5,50946
3,10,5.533,50947
3,10,5.567,50948
3,10,5.6,50949
3,10,5.633,50950
3,10,5.667,50951
3,10,5.7,50952
3,10,5.733,50953
1,10,5.8,50954
1,10,5.833,50955
1,10,5.867,50956
1,10,5.9,50957
1,10,5.933,50958
1,10,5.967,50959
1,10,6,50960
1,10,6.033,50961
1,10,6.067,50962
1,10,6.1,50963
1,10,6.133,50964
1,10,6.167,50965
1,10,6.2,50966
1,10,6.233,50967
1,10,6.267,50968
1,10,6.3,50969
1,10,6.333,50970
1,10,6.367,50971
1,10,6.4,50972
1,10,6.433,50973
1,10,6.467,50974
1,10,6.5,50975
1,10,6.533,50976
1,10,6.567,50977
1,10,6.6,50978
1,10,6.633,50979
1,10,6.667,50980
1,10,6.7,50981
1,10,6.733,50982
1,10,6.767,50983
1,10,6.8,50984
1,10,6.833,50985
1,10,6.867,50986
1,10,6.9,50987
1,10,6.933,50988
1,10,6.967,50989
1,10,7,50990
1,10,7.033,50991
1,10,7.067,50992
1,10,7.1,50993
1,10,7.133,50994
1,10,7.167,50995
1,10,7.2,50996
1,10,7.233,50997
1,10,7.267,50998
1,10,7.3,50999
1,10,7.333,51000
1,10,7.367,51001
1,10,7.4,51002
1,10,7.433,51003
1,10,7.467,51004
1,10,7.5,51005
1,10,7.533,51006
1,10,7.567,51007
1,10,7.6,51008
1,10,7.633,51009
1,10,7.667,51010
1,10,7.7,51011
1,10,7.733,51012
1,10,7.767,51013
1,10,7.8,51014
1,10,7.833,51015
1,10,7.867,51016
1,10,7.9,51017
1,10,7.933,51018
1,10,7.967,51019
1,10,8,51020
1,10,8.033,51021
1,10,8.067,51022
1,10,8.1,51023
1,10,8.133,51024
1,10,8.167,51025
1,10,8.2,51026
1,10,8.233,51027
1,10,8.267,51028
1,10,8.3,51029
1,10,8.333,51030
1,10,8.367,51031
1,10,8.4,51032
1,10,8.433,51033
1,10,8.467,51034
1,10,8.5,51035
1,10,8.533,51036
1,10,8.567,51037
1,10,8.6,51038
1,10,8.633,51039
1,10,8.667,51040
1,10,8.7,51041
1,10,8.733,51042
1,10,8.767,51043
1,10,8.8,51044
1,10,8.833,51045
1,10,8.867,51046
1,10,8.9,51047
1,10,8.933,51048
1,10,8.967,51049
1,10,9,51050
1,10,9.033,51051
1,10,9.067,51052
1,10,9.1,51053
1,10,9.133,51054
1,10,9.167,51055
1,10,9.2,51056
1,10,9.233,51057
1,10,9.267,51058
1,10,9.3,51059
1,10,9.333,51060
1,10,9.367,51061
1,10,9.4,51062
1,10,9.433,51063
1,10,9.467,51064
1,10,9.5,51065
1,10,9.533,51066
1,10,9.567,51067
1,10,9.6,51068
1,10,9.633,51069
1,10,9.667,51070
1,10,9.7,51071
1,10,9.733,51072
1,10,9.767,51073
1,10,9.8,51074
1,10,9.833,51075
1,10,9.867,51076
1,10,9.9,51077
1,10,9.933,51078
1,10,9.967,51079
1,10,10,51080
1,10,10.033,51081
1,10,10.067,51082
1,10,10.1,51083
1,10,10.133,51084
1,10,10.167,51085
1,10,10.2,51086
1,10,10.233,51087
1,10,10.267,51088
1,10,10.3,51089
1,10,10.333,51090
1,10,10.367,51091
1,10,10.4,51092
1,10,10.433,51093
1,10,10.467,51094
1,10,10.5,51095
1,10,10.533,51096
1,10,10.567,51097
1,10,10.6,51098
1,10,10.633,51099
1,10,10.667,51100
1,10,10.7,51101
1,10,10.733,51102
1,10,10.767,51103
1,10,10.8,51104
1,10,10.833,51105
1,10,10.867,51106
1,10,10.9,51107
1,10,10.933,51108
1,10,10.967,51109
1,10,11,51110
1,10,11.033,51111
1,10,11.067,51112
1,10,11.1,51113
1,10,11.133,51114
1,10,11.167,51115
1,10,11.2,51116
1,10,11.233,51117
1,10,11.267,51118
1,10,11.3,51119
1,10,11.333,51120
1,10,11.367,51121
1,10,11.4,51122
1,10,11.433,51123
1,10,11.467,51124
1,10,11.5,51125
1,10,11.533,51126
1,10,11.567,51127
1,10,11.6,51128
1,10,11.633,51129
1,10,11.667,51130
1,10,11.7,51131
1,10,11.733,51132
1,10,11.767,51133
1,10,11.8,51134
1,10,11.833,51135
1,10,11.867,51136
1,10,11.9,51137
1,10,11.933,51138
1,10,11.967,51139
1,10,12,51140
1,10,12.033,51141
1,10,12.067,51142
1,10,12.1,51143
1,10,12.133,51144
1,10,12.167,51145
1,10,12.2,51146
1,10,12.233,51147
1,10,12.267,51148
1,10,12.3,51149
1,10,12.333,51150
1,10,12.367,51151
1,10,12.4,51152
1,10,12.433,51153
1,10,12.467,51154
1,10,12.5,51155
1,10,12.533,51156
1,10,12.567,51157
1,10,12.6,51158
1,10,12.633,51159
1,10,12.667,51160
1,10,12.7,51161
1,10,12.733,51162
1,10,12.767,51163
1,10,12.8,51164
1,10,12.833,51165
1,10,12.867,51166
1,10,12.9,51167
1,10,12.933,51168
1,10,12.967,51169
1,10,13,51170
1,10,13.033,51171
1,10,13.067,51172
1,10,13.1,51173
1,10,13.133,51174
1,10,13.167,51175
1,10,0,51176
1,10,0.033,51177
1,10,0.067,51178
1,10,0.1,51179
1,10,0.133,51180
1,10,0.167,51181
1,10,0.2,51182
5,10,0.267,51183
5,10,0.3,51184
5,10,0.333,51185
5,10,0.367,51186
5,10,0.4,51187
5,10,0.433,51188
5,10,0.467,51189
5,10,0.5,51190
5,10,0.533,51191
5,10,0.567,51192
5,10,0.6,51193
5,10,0.633,51194
5,10,0.667,51195
5,10,0.7,51196
5,10,0.733,51197
5,10,0.767,51198
5,10,0.8,51199
5,10,0.833,51200
5,10,0.867,51201
5,10,0.9,51202
5,10,0.933,51203
5,10,0.967,51204
5,10,1,51205
5,10,1.033,51206
5,10,1.067,51207
5,10,1.1,51208
5,10,1.133,51209
5,10,1.167,51210
5,10,1.2,51211
5,10,1.233,51212
5,10,1.267,51213
5,10,1.3,51214
5,10,1.333,51215
5,10,1.367,51216
5,10,1.4,51217
5,10,1.433,51218
5,10,1.467,51219
5,10,1.5,51220
5,10,1.533,51221
5,10,1.567,51222
5,10,1.6,51223
5,10,1.633,51224
5,10,1.667,51225
5,10,1.7,51226
5,10,0,51227
5,10,0.033,51228
5,10,0.067,51229
5,10,0.1,51230
5,10,0.133,51231
5,10,0.167,51232
5,10,0.2,51233
5,10,0.233,51234
5,10,0.267,51235
5,10,0.3,51236
5,10,0.333,51237
5,10,0.367,51238
5,10,0.4,51239
5,10,0.433,51240
5,10,0.467,51241
5,10,0.5,51242
5,10,0.533,51243
5,10,0.567,51244
5,10,0.6,51245
5,10,0.633,51246
5,10,0.667,51247
5,10,0.7,51248
5,10,0.733,51249
5,10,0.767,51250
5,10,0.8,51251
5,10,0.833,51252
5,10,0.867,51253
5,10,0.9,51254
5,10,0.933,51255
5,10,0.967,51256
5,10,1,51257
5,10,1.033,51258
5,10,1.067,51259
5,10,1.1,51260
5,10,1.133,51261
5,10,1.167,51262
5,10,1.2,51263
5,10,1.233,51264
5,10,1.267,51265
5,10,1.3,51266
5,10,1.333,51267
5,10,1.367,51268
5,10,1.4,51269
5,10,1.433,51270
5,10,1.467,51271
5,10,1.5,51272
5,10,1.533,51273
5,10,1.567,51274
5,10,1.6,51275
5,10,1.633,51276
5,10,1.667,51277
5,10,1.7,51278
5,10,1.733,51279
5,10,1.767,51280
5,10,1.8,51281
5,10,1.833,51282
5,10,1.867,51283
5,10,1.9,51284
5,10,1.933,51285
5,10,1.967,51286
5,10,2,51287
5,10,2.033,51288
5,10,2.067,51289
5,10,2.1,51290
5,10,2.133,51291
5,10,2.167,51292
5,10,2.2,51293
5,10,2.233,51294
5,10,2.267,51295
5,10,2.3,51296
5,10,2.333,51297
5,10,2.367,51298
5,10,2.4,51299
5,10,2.433,51300
5,10,2.467,51301
5,10,2.5,51302
5,10,2.533,51303
5,10,2.567,51304
5,10,2.6,51305
5,10,2.633,51306
5,10,2.667,51307
5,10,2.7,51308
5,10,2.733,51309
5,10,2.767,51310
5,10,2.8,51311
5,10,2.833,51312
5,10,2.867,51313
5,10,2.9,51314
5,10,2.933,51315
5,10,2.967,51316
5,10,3,51317
5,10,3.033,51318
5,10,3.067,51319
5,10,3.1,51320
5,10,3.133,51321
5,10,3.167,51322
5,10,3.2,51323
5,10,3.233,51324
5,10,3.267,51325
5,10,3.3,51326
5,10,3.333,51327
5,10,3.367,51328
5,10,3.4,51329
5,10,3.433,51330
5,10,3.467,51331
5,10,3.5,51332
5,10,3.533,51333
5,10,3.567,51334
5,10,3.6,51335
5,10,3.633,51336
5,10,3.667,51337
5,10,3.7,51338
5,10,3.733,51339
5,10,3.767,51340
5,10,3.8,51341
5,10,3.833,51342
5,10,3.867,51343
5,10,3.9,51344
5,10,3.933,51345
5,10,3.967,51346
5,10,4,51347
5,10,4.033,51348
5,10,4.067,51349
5,10,4.1,51350
5,10,4.133,51351
5,10,4.167,51352
5,10,4.2,51353
5,10,4.233,51354
5,10,4.267,51355
5,10,4.3,51356
5,10,4.333,51357
5,10,4.367,51358
5,10,4.4,51359
5,10,4.433,51360
5,10,4.467,51361
5,10,4.5,51362
5,10,4.533,51363
5,10,4.567,51364
5,10,4.6,51365
5,10,4.633,51366
5,10,4.667,51367
5,10,4.7,51368
5,10,4.733,51369
5,10,4.767,51370
5,10,4.8,51371
5,10,4.833,51372
5,10,4.867,51373
5,10,4.9,51374
5,10,4.933,51375
5,10,4.967,51376
5,10,5,51377
5,10,5.033,51378
5,10,5.067,51379
5,10,5.1,51380
5,10,5.133,51381
5,10,5.167,51382
5,10,5.2,51383
5,10,5.233,51384
5,10,5.267,51385
5,10,5.3,51386
5,10,5.333,51387
5,10,5.367,51388
5,10,5.4,51389
5,10,5.433,51390
5,10,5.467,51391
5,10,5.5,51392
5,10,5.533,51393
5,10,5.567,51394
5,10,5.6,51395
5,10,5.633,51396
5,10,5.667,51397
5,10,5.7,51398
5,10,5.733,51399
5,10,5.767,51400
5,10,5.8,51401
5,10,5.833,51402
5,10,5.867,51403
5,10,5.9,51404
5,10,5.933,51405
5,10,5.967,51406
5,10,6,51407
5,10,6.033,51408
5,10,6.067,51409
5,10,6.1,51410
5,10,6.133,51411
5,10,6.167,51412
5,10,6.2,51413
5,10,6.233,51414
5,10,6.267,51415
5,10,6.3,51416
5,10,6.333,51417
5,10,6.367,51418
5,10,6.4,51419
5,10,6.433,51420
5,10,6.467,51421
5,10,6.5,51422
5,10,6.533,51423
5,10,6.567,51424
5,10,6.6,51425
5,10,6.633,51426
5,10,6.667,51427
5,10,6.7,51428
5,10,6.733,51429
5,10,6.767,51430
5,10,6.8,51431
5,10,6.833,51432
5,10,6.867,51433
5,10,6.9,51434
5,10,6.933,51435
5,10,6.967,51436
5,10,7,51437
5,10,7.033,51438
5,10,7.067,51439
5,10,7.1,51440
5,10,7.133,51441
5,10,7.167,51442
5,10,7.2,51443
5,10,7.233,51444
5,10,7.267,51445
5,10,7.3,51446
5,10,7.333,51447
1,11,0,51448
1,11,0.033,51449
1,11,0.067,51450
1,11,0.1,51451
1,11,0.133,51452
1,11,0.167,51453
1,11,0.2,51454
1,11,0.233,51455
1,11,0.267,51456
6,11,0.367,51457
6,11,0.4,51458
6,11,0.433,51459
6,11,0.467,51460
6,11,0.5,51461
6,11,0.533,51462
3,11,0.6,51463
3,11,0.633,51464
3,11,0.667,51465
3,11,0.7,51466
3,11,0.733,51467
3,11,0.767,51468
3,11,0.8,51469
3,11,0.833,51470
3,11,0.867,51471
3,11,0.9,51472
3,11,0.933,51473
3,11,0.967,51474
3,11,1,51475
3,11,1.033,51476
3,11,1.067,51477
3,11,1.1,51478
3,11,1.133,51479
3,11,1.167,51480
6,11,1.2,51481
6,11,1.233,51482
6,11,1.267,51483
6,11,1.3,51484
6,11,1.333,51485
6,11,1.367,51486
6,11,1.4,51487
6,11,1.433,51488
6,11,1.467,51489
6,11,1.5,51490
6,11,1.533,51491
6,11,1.567,51492
6,11,1.6,51493
6,11,1.633,51494
6,11,1.667,51495
6,11,1.7,51496
6,11,1.733,51497
6,11,1.767,51498
6,11,1.8,51499
6,11,1.833,51500
6,11,1.867,51501
6,11,1.9,51502
6,11,1.933,51503
6,11,1.967,51504
6,11,2,51505
6,11,2.033,51506
6,11,2.067,51507
6,11,2.1,51508
6,11,2.133,51509
6,11,2.167,51510
6,11,2.2,51511
6,11,2.233,51512
6,11,2.267,51513
6,11,2.3,51514
6,11,2.333,51515
6,11,2.367,51516
6,11,2.4,51517
6,11,2.433,51518
6,11,2.467,51519
6,11,2.5,51520
6,11,2.533,51521
6,11,2.567,51522
6,11,2.6,51523
6,11,2.633,51524
6,11,2.667,51525
6,11,2.7,51526
6,11,2.733,51527
6,11,2.767,51528
6,11,2.8,51529
6,11,2.833,51530
6,11,2.867,51531
6,11,2.9,51532
1,11,3,51533
1,11,3.033,51534
1,11,3.067,51535
1,11,3.1,51536
1,11,3.133,51537
1,11,3.167,51538
1,11,3.2,51539
1,11,3.233,51540
1,11,3.267,51541
1,11,3.3,51542
1,11,3.333,51543
1,11,3.367,51544
1,11,3.4,51545
1,11,0,51546
1,11,0.033,51547
1,11,0.067,51548
1,11,0.1,51549
1,11,0.133,51550
1,11,0.167,51551
1,11,0.2,51552
6,11,0.333,51553
6,11,0.367,51554
6,11,0.4,51555
6,11,0.433,51556
6,11,0.467,51557
6,11,0.5,51558
6,11,0.533,51559
6,11,0.567,51560
6,11,0.6,51561
6,11,0.633,51562
6,11,0.667,51563
6,11,0.7,51564
3,11,4.5,51565
3,11,4.533,51566
3,11,4.567,51567
3,11,4.6,51568
3,11,4.633,51569
3,11,4.667,51570
3,11,0,51571
3,11,0.033,51572
3,11,0.067,51573
3,11,0.1,51574
3,11,0.133,51575
3,11,0.167,51576
3,11,0.2,51577
3,11,0.233,51578
6,11,0.267,51579
2,11,3.1,51580
2,11,3.133,51581
2,11,3.167,51582
2,11,3.2,51583
2,11,3.233,51584
2,11,3.267,51585
2,11,3.3,51586
2,11,3.333,51587
2,11,3.367,51588
2,11,3.4,51589
2,11,3.433,51590
2,11,3.467,51591
2,11,3.5,51592
2,11,3.533,51593
2,11,3.567,51594
6,11,3.633,51595
6,11,3.667,51596
6,11,3.7,51597
6,11,3.733,51598
6,11,3.767,51599
6,11,3.8,51600
6,11,3.833,51601
2,11,3.933,51602
2,11,3.967,51603
4,11,4.167,51604
4,11,4.2,51605
4,11,4.233,51606
4,11,4.267,51607
4,11,4.3,51608
4,11,4.333,51609
4,11,4.367,51610
4,11,4.4,51611
4,11,4.433,51612
4,11,4.467,51613
4,11,4.5,51614
4,11,4.533,51615
4,11,4.567,51616
4,11,4.6,51617
4,11,4.633,51618
4,11,4.667,51619
4,11,4.7,51620
4,11,4.733,51621
4,11,4.767,51622
4,11,4.8,51623
4,11,4.833,51624
4,11,4.867,51625
4,11,4.9,51626
4,11,4.933,51627
4,11,4.967,51628
4,11,5,51629
4,11,5.033,51630
4,11,5.067,51631
4,11,5.1,51632
4,11,5.133,51633
4,11,0,51634
4,11,0.033,51635
4,11,0.067,51636
4,11,0.1,51637
4,11,0.133,51638
4,11,0.167,51639
4,11,0.2,51640
4,11,0.233,51641
4,11,0.267,51642
4,11,0.3,51643
5,11,2.8,51644
5,11,2.833,51645
5,11,2.867,51646
5,11,2.9,51647
5,11,2.933,51648
5,11,2.967,51649
5,11,3,51650
5,11,0,51651
5,11,0.033,51652
5,11,0.067,51653
5,11,0.1,51654
5,11,0.133,51655
5,11,0.167,51656
2,11,1.6,51657
2,11,1.633,51658
2,11,1.667,51659
2,11,1.7,51660
2,11,0,51661
2,11,0.033,51662
2,11,0.067,51663
2,11,0.1,51664
2,11,0.133,51665
2,11,0.167,51666
2,11,0.2,51667
6,11,0.233,51668
6,11,0.267,51669
6,11,0.3,51670
6,11,0.333,51671
6,11,0.367,51672
6,11,0.4,51673
6,11,0.433,51674
6,11,0.467,51675
6,11,0.5,51676
6,11,0.533,51677
6,11,0.567,51678
6,11,0.6,51679
6,11,0.633,51680
6,11,0.667,51681
6,11,0.7,51682
6,11,0.733,51683
6,11,0.767,51684
6,11,0.8,51685
6,11,0.833,51686
6,11,0.867,51687
6,11,0.9,51688
6,11,0.933,51689
6,11,0.967,51690
6,11,1,51691
6,11,1.033,51692
6,11,1.067,51693
6,11,1.1,51694
6,11,1.133,51695
6,11,1.167,51696
6,11,0,51697
6,11,0.033,51698
6,11,0.067,51699
6,11,0.1,51700
6,11,0.133,51701
6,11,0.167,51702
6,11,0.2,51703
6,11,0.233,51704
6,11,0.267,51705
6,11,0.3,51706
6,11,0.333,51707
6,11,0.367,51708
6,11,0.4,51709
6,11,0.433,51710
6,11,0.467,51711
6,11,0.5,51712
6,11,0.533,51713
6,11,0.567,51714
5,11,0.667,51715
5,11,0.7,51716
5,11,0.733,51717
5,11,0.767,51718
5,11,0.8,51719
5,11,0.833,51720
5,11,0.867,51721
5,11,0.9,51722
5,11,0.933,51723
5,11,0.967,51724
5,11,1,51725
5,11,1.033,51726
5,11,1.067,51727
5,11,1.1,51728
5,11,1.133,51729
5,11,1.167,51730
5,11,1.2,51731
4,14,0.333,51732
4,14,0.367,51733
4,14,0.4,51734
4,14,0.433,51735
4,14,0.467,51736
4,14,0.5,51737
4,14,0.533,51738
4,14,0.567,51739
4,14,0.6,51740
4,14,0.633,51741
4,14,0.667,51742
4,14,0.7,51743
4,14,0.733,51744
4,14,0.767,51745
4,14,0.8,51746
4,14,0.833,51747
4,14,0.867,51748
4,14,0.9,51749
4,14,0.933,51750
4,14,0.967,51751
4,14,1,51752
4,14,1.033,51753
4,14,1.067,51754
4,14,1.1,51755
4,14,1.133,51756
4,14,1.167,51757
4,14,1.2,51758
4,14,1.233,51759
4,14,1.267,51760
4,14,1.3,51761
4,14,1.333,51762
4,14,1.367,51763
4,14,1.4,51764
4,14,1.433,51765
4,14,1.467,51766
4,14,1.5,51767
4,14,1.533,51768
4,14,1.567,51769
4,14,1.6,51770
4,14,1.633,51771
4,14,1.667,51772
4,14,1.7,51773
4,14,1.733,51774
4,14,1.767,51775
4,14,1.8,51776
4,14,1.833,51777
4,14,1.867,51778
4,14,1.9,51779
4,14,1.933,51780
4,14,1.967,51781
4,14,2,51782
4,14,2.033,51783
4,14,2.067,51784
4,14,2.1,51785
4,14,2.133,51786
4,14,2.167,51787
4,14,2.2,51788
4,14,2.233,51789
4,14,2.267,51790
4,14,2.3,51791
4,14,2.333,51792
4,14,2.367,51793
4,14,2.4,51794
4,14,2.433,51795
4,14,2.467,51796
4,14,2.5,51797
4,14,2.533,51798
4,14,2.567,51799
4,14,2.6,51800
4,14,2.633,51801
4,14,2.667,51802
4,14,2.7,51803
4,14,2.733,51804
4,14,2.767,51805
4,14,2.8,51806
4,14,2.833,51807
4,14,2.867,51808
4,14,2.9,51809
4,14,2.933,51810
4,14,2.967,51811
4,14,3,51812
4,14,3.033,51813
4,14,3.067,51814
4,14,3.1,51815
4,14,3.133,51816
4,14,3.167,51817
4,14,3.2,51818
4,14,3.233,51819
4,14,3.267,51820
4,14,3.3,51821
4,14,3.333,51822
4,14,3.367,51823
4,14,3.4,51824
4,14,3.433,51825
4,14,3.467,51826
4,14,3.5,51827
4,14,3.533,51828
4,14,3.567,51829
4,14,3.6,51830
4,14,3.633,51831
4,14,3.667,51832
4,14,3.7,51833
4,14,3.733,51834
4,14,3.767,51835
4,14,3.8,51836
4,14,3.833,51837
4,14,3.867,51838
4,14,3.9,51839
4,14,3.933,51840
4,14,3.967,51841
4,14,4,51842
4,14,4.033,51843
4,14,4.067,51844
4,14,4.1,51845
4,14,4.133,51846
4,14,4.167,51847
4,14,4.2,51848
4,14,4.233,51849
4,14,4.267,51850
4,14,4.3,51851
4,14,4.333,51852
4,14,4.367,51853
4,14,4.4,51854
4,14,4.433,51855
4,14,4.467,51856
4,14,4.5,51857
4,14,4.533,51858
4,14,4.567,51859
4,14,4.6,51860
4,14,4.633,51861
4,14,4.667,51862
4,14,4.7,51863
4,14,4.733,51864
4,14,4.767,51865
4,14,4.8,51866
4,14,4.833,51867
4,14,4.867,51868
4,14,4.9,51869
4,14,4.933,51870
4,14,4.967,51871
4,14,5,51872
4,14,5.033,51873
4,14,0,51874
4,14,0.033,51875
4,14,0.067,51876
4,14,0.1,51877
4,14,0.133,51878
4,14,0.167,51879
4,14,0.2,51880
4,14,0.233,51881
4,14,0.267,51882
4,14,0.3,51883
4,14,0.333,51884
4,14,0.367,51885
4,14,0.4,51886
4,14,0.433,51887
4,14,0.467,51888
4,14,0.5,51889
4,14,0.533,51890
4,14,0.567,51891
4,14,0.6,51892
4,14,0.633,51893
4,14,0.667,51894
4,14,0.7,51895
4,14,0.733,51896
4,14,0.767,51897
4,14,0.8,51898
4,14,0.833,51899
4,14,0.867,51900
4,14,0.9,51901
4,14,0.933,51902
4,14,0.967,51903
4,14,1,51904
4,14,1.033,51905
4,14,1.067,51906
4,14,1.1,51907
4,14,1.133,51908
4,14,1.167,51909
4,14,1.2,51910
4,14,1.233,51911
4,14,1.267,51912
4,14,1.3,51913
4,14,1.333,51914
4,14,1.367,51915
4,14,1.4,51916
4,14,1.433,51917
4,14,1.467,51918
4,14,1.5,51919
4,14,1.533,51920
4,14,1.567,51921
4,14,1.6,51922
4,14,1.633,51923
4,14,1.667,51924
4,14,1.7,51925
4,14,1.733,51926
4,15,2.5,51927
4,15,2.533,51928
4,15,2.567,51929
4,15,2.6,51930
4,15,2.633,51931
4,15,2.667,51932
4,15,2.7,51933
4,15,2.733,51934
4,15,2.767,51935
4,15,2.8,51936
4,15,2.833,51937
4,15,2.867,51938
4,15,2.9,51939
4,15,2.933,51940
4,15,2.967,51941
4,15,3,51942
4,15,3.033,51943
4,15,3.067,51944
4,15,3.1,51945
4,15,3.133,51946
4,15,3.167,51947
4,15,3.2,51948
4,15,3.233,51949
4,15,3.267,51950
4,15,3.3,51951
4,15,3.333,51952
4,15,3.367,51953
4,15,3.4,51954
4,15,3.433,51955
4,15,3.467,51956
4,15,3.5,51957
4,15,3.533,51958
4,15,3.567,51959
4,15,3.6,51960
4,15,3.633,51961
4,15,3.667,51962
4,15,3.7,51963
4,15,3.733,51964
4,15,3.767,51965
4,15,3.8,51966
4,15,3.833,51967
4,15,3.867,51968
4,15,3.9,51969
4,15,3.933,51970
4,15,3.967,51971
4,15,4,51972
4,15,4.033,51973
4,15,4.067,51974
4,15,4.1,51975
4,15,4.133,51976
4,15,4.167,51977
4,15,4.2,51978
4,15,4.233,51979
4,15,4.267,51980
4,15,4.3,51981
4,15,4.333,51982
4,15,4.367,51983
4,15,4.4,51984
4,15,4.433,51985
4,15,4.467,51986
4,15,4.5,51987
4,15,4.533,51988
4,15,4.567,51989
4,15,4.6,51990
4,15,4.633,51991
4,15,4.667,51992
4,15,4.7,51993
4,15,4.733,51994
4,15,4.767,51995
4,15,4.8,51996
4,15,4.833,51997
4,15,4.867,51998
4,15,4.9,51999
4,15,4.933,52000
4,15,4.967,52001
4,15,5,52002
4,15,5.033,52003
4,15,5.067,52004
4,15,5.1,52005
4,15,5.133,52006
4,15,5.167,52007
4,15,5.2,52008
4,15,5.233,52009
4,15,5.267,52010
4,15,5.3,52011
4,15,5.333,52012
4,15,5.367,52013
4,15,5.4,52014
4,15,5.433,52015
4,15,5.467,52016
4,15,5.5,52017
4,15,5.533,52018
4,15,5.567,52019
4,15,5.6,52020
4,15,5.633,52021
4,15,5.667,52022
4,15,5.7,52023
4,15,5.733,52024
4,15,5.767,52025
4,15,5.8,52026
4,15,5.833,52027
4,15,5.867,52028
4,15,5.9,52029
4,15,5.933,52030
4,15,5.967,52031
4,15,6,52032
4,15,6.033,52033
4,15,6.067,52034
4,15,6.1,52035
4,15,6.133,52036
4,15,6.167,52037
4,15,6.2,52038
4,15,6.233,52039
4,15,6.267,52040
4,15,6.3,52041
4,15,6.333,52042
4,15,6.367,52043
4,15,6.4,52044
4,15,6.433,52045
4,15,6.467,52046
4,15,6.5,52047
4,15,6.533,52048
4,15,6.567,52049
4,15,6.6,52050
4,15,6.633,52051
4,15,6.667,52052
4,15,6.7,52053
4,15,6.733,52054
4,15,6.767,52055
4,15,6.8,52056
4,15,6.833,52057
4,15,6.867,52058
4,15,6.9,52059
4,15,6.933,52060
4,15,6.967,52061
4,15,7,52062
4,15,7.033,52063
4,15,7.067,52064
4,15,7.1,52065
4,15,7.133,52066
4,15,7.167,52067
4,15,7.2,52068
4,15,7.233,52069
4,15,7.267,52070
4,15,7.3,52071
4,15,7.333,52072
4,15,7.367,52073
4,15,7.4,52074
4,15,7.433,52075
4,15,7.467,52076
4,15,7.5,52077
4,15,7.533,52078
4,15,7.567,52079
4,15,7.6,52080
4,15,7.633,52081
4,15,7.667,52082
4,15,7.7,52083
4,15,7.733,52084
4,15,7.767,52085
4,15,7.8,52086
4,15,7.833,52087
4,15,7.867,52088
4,15,7.9,52089
4,15,7.933,52090
4,15,7.967,52091
4,15,8,52092
4,15,8.033,52093
4,15,8.067,52094
4,15,8.1,52095
4,15,8.133,52096
4,15,8.167,52097
4,15,8.2,52098
4,15,8.233,52099
4,15,8.267,52100
4,15,8.3,52101
4,15,8.333,52102
4,15,8.367,52103
4,15,8.4,52104
4,15,8.433,52105
4,15,8.467,52106
4,15,8.5,52107
4,15,8.533,52108
4,15,8.567,52109
4,15,8.6,52110
4,15,8.633,52111
4,15,8.667,52112
4,15,8.7,52113
4,15,8.733,52114
4,15,8.767,52115
4,15,8.8,52116
4,15,8.833,52117
4,15,8.867,52118
4,15,8.9,52119
4,15,8.933,52120
4,15,8.967,52121
4,15,9,52122
4,15,9.033,52123
4,15,9.067,52124
4,15,9.1,52125
4,15,9.133,52126
4,15,9.167,52127
4,15,9.2,52128
4,15,9.233,52129
4,15,9.267,52130
4,15,9.3,52131
4,15,9.333,52132
4,15,9.367,52133
4,15,9.4,52134
4,15,9.433,52135
4,15,9.467,52136
4,15,9.5,52137
4,15,9.533,52138
4,15,9.567,52139
4,15,9.6,52140
4,15,9.633,52141
4,15,9.667,52142
4,15,9.7,52143
4,15,9.733,52144
4,15,9.767,52145
4,15,9.8,52146
4,15,9.833,52147
4,15,9.867,52148
4,15,9.9,52149
4,15,9.933,52150
4,15,9.967,52151
4,15,10,52152
4,15,10.033,52153
4,15,10.067,52154
4,15,10.1,52155
4,15,10.133,52156
4,15,10.167,52157
4,15,10.2,52158
4,15,10.233,52159
4,15,10.267,52160
4,15,10.3,52161
4,15,10.333,52162
4,15,10.367,52163
4,15,10.4,52164
4,15,10.433,52165
4,15,10.467,52166
4,15,10.5,52167
4,15,10.533,52168
4,15,10.567,52169
4,15,10.6,52170
4,15,10.633,52171
4,15,10.667,52172
4,15,10.7,52173
4,15,10.733,52174
4,15,10.767,52175
4,15,10.8,52176
4,15,10.833,52177
4,15,10.867,52178
4,15,10.9,52179
4,15,10.933,52180
4,15,10.967,52181
4,15,11,52182
4,15,11.033,52183
4,15,11.067,52184
4,15,11.1,52185
4,15,11.133,52186
4,15,11.167,52187
4,15,11.2,52188
4,15,11.233,52189
4,15,11.267,52190
4,15,11.3,52191
4,15,11.333,52192
4,15,11.367,52193
4,15,11.4,52194
4,15,11.433,52195
4,15,11.467,52196
4,15,11.5,52197
4,15,11.533,52198
4,15,11.567,52199
4,15,11.6,52200
4,15,11.633,52201
4,15,11.667,52202
4,15,11.7,52203
4,15,11.733,52204
4,15,11.767,52205
4,15,11.8,52206
4,15,11.833,52207
4,15,11.867,52208
4,15,11.9,52209
4,15,11.933,52210
4,15,11.967,52211
4,15,12,52212
4,15,12.033,52213
4,15,12.067,52214
4,15,12.1,52215
4,15,12.133,52216
4,15,12.167,52217
4,15,12.2,52218
4,15,12.233,52219
4,15,12.267,52220
4,15,12.3,52221
4,15,12.333,52222
4,15,12.367,52223
4,15,12.4,52224
4,15,12.433,52225
4,15,12.467,52226
4,15,12.5,52227
4,15,12.533,52228
4,15,12.567,52229
4,15,12.6,52230
4,15,12.633,52231
4,15,12.667,52232
4,15,12.7,52233
4,15,12.733,52234
4,15,12.767,52235
4,15,12.8,52236
4,15,12.833,52237
4,15,12.867,52238
4,15,12.9,52239
4,15,12.933,52240
4,15,12.967,52241
4,15,13,52242
4,15,13.033,52243
4,15,13.067,52244
4,15,13.1,52245
4,15,13.133,52246
4,15,13.167,52247
4,15,13.2,52248
4,15,13.233,52249
4,15,13.267,52250
4,15,13.3,52251
4,15,13.333,52252
4,15,13.367,52253
4,15,13.4,52254
4,15,13.433,52255
4,15,13.467,52256
4,15,13.5,52257
4,15,13.533,52258
4,15,13.567,52259
4,15,13.6,52260
4,15,13.633,52261
4,15,13.667,52262
4,15,13.7,52263
4,15,13.733,52264
4,15,13.767,52265
4,15,13.8,52266
4,15,13.833,52267
4,15,13.867,52268
4,15,13.9,52269
4,15,13.933,52270
4,15,13.967,52271
4,15,14,52272
4,15,14.033,52273
4,15,14.067,52274
4,15,14.1,52275
4,15,14.133,52276
4,15,14.167,52277
4,15,14.2,52278
4,15,14.233,52279
4,15,14.267,52280
4,15,14.3,52281
4,15,14.333,52282
4,15,14.367,52283
4,15,14.4,52284
4,15,14.433,52285
4,15,14.467,52286
4,15,14.5,52287
4,15,14.533,52288
4,15,14.567,52289
4,15,14.6,52290
4,15,14.633,52291
4,15,14.667,52292
4,15,14.7,52293
4,15,14.733,52294
4,15,14.767,52295
4,15,14.8,52296
4,15,14.833,52297
4,15,14.867,52298
4,15,14.9,52299
4,15,14.933,52300
4,15,14.967,52301
4,15,15,52302
4,15,15.033,52303
4,15,15.067,52304
4,15,15.1,52305
4,15,15.133,52306
4,15,15.167,52307
4,15,15.2,52308
4,15,15.233,52309
4,15,15.267,52310
4,15,15.3,52311
4,15,15.333,52312
4,15,15.367,52313
4,15,15.4,52314
4,15,15.433,52315
4,15,15.467,52316
4,15,15.5,52317
4,15,15.533,52318
4,15,15.567,52319
4,15,15.6,52320
4,15,15.633,52321
4,15,15.667,52322
4,15,15.7,52323
4,15,15.733,52324
4,15,15.767,52325
4,15,15.8,52326
4,15,15.833,52327
4,15,15.867,52328
4,15,15.9,52329
4,15,15.933,52330
4,15,15.967,52331
4,15,16,52332
4,15,16.033,52333
4,15,16.067,52334
4,15,16.1,52335
4,15,16.133,52336
4,15,16.167,52337
4,15,16.2,52338
4,15,16.233,52339
4,15,16.267,52340
4,15,16.3,52341
4,15,16.333,52342
4,15,16.367,52343
4,15,16.4,52344
4,15,16.433,52345
4,15,16.467,52346
4,15,16.5,52347
4,15,16.533,52348
4,15,16.567,52349
4,15,16.6,52350
4,15,16.633,52351
4,15,16.667,52352
4,15,16.7,52353
4,15,16.733,52354
4,15,16.767,52355
4,15,16.8,52356
4,15,16.833,52357
4,15,16.867,52358
4,15,16.9,52359
4,15,16.933,52360
4,15,16.967,52361
4,15,17,52362
4,15,17.033,52363
4,15,17.067,52364
4,15,17.1,52365
4,15,17.133,52366
4,15,17.167,52367
4,15,17.2,52368
4,15,17.233,52369
4,15,17.267,52370
4,15,17.3,52371
4,15,17.333,52372
4,15,17.367,52373
4,15,17.4,52374
4,15,17.433,52375
4,15,17.467,52376
4,15,17.5,52377
4,15,17.533,52378
4,15,17.567,52379
4,15,17.6,52380
4,15,17.633,52381
4,15,17.667,52382
4,15,17.7,52383
4,15,17.733,52384
4,15,17.767,52385
4,15,17.8,52386
4,15,17.833,52387
4,15,17.867,52388
4,15,17.9,52389
4,15,17.933,52390
4,15,17.967,52391
4,15,18,52392
4,15,18.033,52393
4,15,18.067,52394
4,15,18.1,52395
4,15,18.133,52396
4,15,18.167,52397
4,15,18.2,52398
4,15,18.233,52399
4,15,18.267,52400
4,15,18.3,52401
4,15,18.333,52402
4,15,18.367,52403
4,15,18.4,52404
4,15,18.433,52405
4,15,18.467,52406
4,15,18.5,52407
4,15,18.533,52408
4,15,18.567,52409
4,15,18.6,52410
4,15,18.633,52411
4,15,18.667,52412
4,15,18.7,52413
4,15,18.733,52414
4,15,18.767,52415
4,15,18.8,52416
4,15,0,52417
4,15,0.033,52418
4,15,0.067,52419
4,15,0.1,52420
4,15,0.133,52421
4,15,0.167,52422
4,15,0.2,52423
4,15,0.233,52424
4,15,0.267,52425
4,15,0.3,52426
4,15,0.333,52427
4,15,0.367,52428
4,15,0.4,52429
4,15,0.433,52430
4,15,0.467,52431
4,15,0.5,52432
4,15,0.533,52433
4,15,0.567,52434
4,15,0.6,52435
4,15,0.633,52436
4,15,0.667,52437
4,15,0.7,52438
4,15,0.733,52439
4,15,0.767,52440
4,15,0.8,52441
4,15,0.833,52442
4,15,0.867,52443
4,15,0.9,52444
4,15,0.933,52445
4,15,0.967,52446
4,15,1,52447
4,15,1.033,52448
4,15,1.067,52449
4,15,1.1,52450
4,15,1.133,52451
4,15,1.167,52452
4,15,1.2,52453
4,15,1.233,52454
4,15,1.267,52455
4,15,1.3,52456
4,15,1.333,52457
4,15,1.367,52458
4,15,1.4,52459
4,15,1.433,52460
4,15,1.467,52461
4,15,1.5,52462
4,15,1.533,52463
4,15,1.567,52464
4,15,1.6,52465
4,15,1.633,52466
4,15,1.667,52467
4,15,1.7,52468
4,15,1.733,52469
4,15,1.767,52470
4,15,1.8,52471
4,15,1.833,52472
4,15,1.867,52473
4,15,1.9,52474
4,15,1.933,52475
4,15,1.967,52476
4,15,2,52477
4,15,2.033,52478
4,15,2.067,52479
4,15,2.1,52480
4,15,2.133,52481
4,15,2.167,52482
4,15,2.2,52483
4,15,2.233,52484
4,15,2.267,52485
4,15,2.3,52486
4,15,2.333,52487
4,15,2.367,52488
4,15,2.4,52489
4,15,2.433,52490
4,15,2.467,52491
4,15,2.5,52492
4,15,2.533,52493
4,15,2.567,52494
4,15,2.6,52495
4,15,2.633,52496
4,15,2.667,52497
4,15,2.7,52498
4,15,2.733,52499
4,15,2.767,52500
4,15,2.8,52501
4,15,2.833,52502
4,15,2.867,52503
4,15,2.9,52504
4,15,2.933,52505
4,15,2.967,52506
4,15,3,52507
4,15,3.033,52508
4,15,3.067,52509
4,15,3.1,52510
4,15,3.133,52511
4,15,3.167,52512
4,15,3.2,52513
4,15,3.233,52514
4,15,3.267,52515
4,15,3.3,52516
4,15,3.333,52517
4,15,3.367,52518
4,15,3.4,52519
4,15,3.433,52520
4,15,3.467,52521
4,15,3.5,52522
4,15,3.533,52523
4,15,3.567,52524
4,15,3.6,52525
4,15,3.633,52526
4,15,3.667,52527
4,15,3.7,52528
4,15,3.733,52529
4,15,3.767,52530
4,15,3.8,52531
4,15,3.833,52532
4,15,3.867,52533
4,15,3.9,52534
4,15,3.933,52535
4,15,3.967,52536
4,15,4,52537
4,15,4.033,52538
4,15,4.067,52539
4,15,4.1,52540
4,15,4.133,52541
4,15,4.167,52542
4,15,4.2,52543
4,15,4.233,52544
4,15,4.267,52545
4,15,4.3,52546
4,15,4.333,52547
4,15,4.367,52548
4,15,4.4,52549
4,15,4.433,52550
4,15,4.467,52551
4,15,4.5,52552
4,15,4.533,52553
4,15,4.567,52554
4,15,4.6,52555
4,15,4.633,52556
4,15,4.667,52557
4,15,4.7,52558
4,15,4.733,52559
4,15,4.767,52560
4,15,4.8,52561
4,15,4.833,52562
4,15,4.867,52563
4,15,4.9,52564
4,15,4.933,52565
4,15,4.967,52566
4,15,5,52567
4,15,5.033,52568
4,15,5.067,52569
4,15,5.1,52570
4,15,5.133,52571
4,15,5.167,52572
4,15,5.2,52573
4,15,5.233,52574
4,15,5.267,52575
4,15,5.3,52576
4,15,5.333,52577
4,15,5.367,52578
4,15,5.4,52579
4,15,5.433,52580
4,15,5.467,52581
4,15,5.5,52582
4,15,5.533,52583
4,15,5.567,52584
4,15,5.6,52585
4,15,5.633,52586
4,15,5.667,52587
4,15,5.7,52588
4,15,5.733,52589
4,15,5.767,52590
4,15,5.8,52591
4,15,5.833,52592
4,15,5.867,52593
4,15,5.9,52594
4,15,5.933,52595
4,15,5.967,52596
4,15,6,52597
4,15,6.033,52598
4,15,6.067,52599
4,15,6.1,52600
4,15,6.133,52601
4,15,6.167,52602
4,15,6.2,52603
4,15,6.233,52604
4,15,6.267,52605
4,15,6.3,52606
4,15,6.333,52607
4,15,6.367,52608
4,15,6.4,52609
4,15,6.433,52610
4,15,6.467,52611
4,15,6.5,52612
4,15,0,52613
4,15,0.033,52614
4,15,0.067,52615
4,15,0.1,52616
4,15,0.133,52617
4,15,0.167,52618
4,15,0.2,52619
4,15,0.233,52620
4,15,0.267,52621
4,15,0.3,52622
4,15,0.333,52623
4,15,0.367,52624
4,15,0.4,52625
4,15,0.433,52626
4,15,0.467,52627
4,15,0.5,52628
4,15,0.533,52629
4,15,0.567,52630
4,15,0.6,52631
4,15,0.633,52632
4,15,0.667,52633
4,15,0.7,52634
4,15,0.733,52635
4,15,0.767,52636
4,15,0.8,52637
4,15,0.833,52638
4,15,0.867,52639
4,15,0.9,52640
4,15,0.933,52641
4,15,0.967,52642
4,15,1,52643
4,15,1.033,52644
4,15,1.067,52645
4,15,1.1,52646
4,15,1.133,52647
4,15,1.167,52648
4,15,1.2,52649
4,15,1.233,52650
4,15,1.267,52651
4,15,1.3,52652
4,15,1.333,52653
4,15,1.367,52654
4,15,1.4,52655
4,15,1.433,52656
4,15,1.467,52657
4,15,1.5,52658
4,15,1.533,52659
4,15,1.567,52660
4,15,1.6,52661
4,15,1.633,52662
4,15,1.667,52663
4,15,1.7,52664
4,15,1.733,52665
4,15,1.767,52666
4,15,1.8,52667
4,15,1.833,52668
4,15,1.867,52669
4,15,1.9,52670
4,15,1.933,52671
4,15,1.967,52672
4,15,2,52673
4,15,2.033,52674
4,15,2.067,52675
4,15,2.1,52676
4,15,2.133,52677
4,15,2.167,52678
4,15,2.2,52679
4,15,2.233,52680
4,15,2.267,52681
4,15,2.3,52682
4,15,2.333,52683
4,15,2.367,52684
4,15,2.4,52685
4,15,2.433,52686
4,15,2.467,52687
4,15,2.5,52688
4,15,2.533,52689
4,15,2.567,52690
4,15,2.6,52691
4,15,2.633,52692
4,15,2.667,52693
4,15,2.7,52694
4,15,2.733,52695
4,15,2.767,52696
4,15,2.8,52697
4,15,2.833,52698
4,15,2.867,52699
4,15,2.9,52700
4,15,2.933,52701
4,15,2.967,52702
4,15,3,52703
4,15,3.033,52704
4,15,3.067,52705
4,15,3.1,52706
4,15,3.133,52707
4,15,3.167,52708
4,15,3.2,52709
4,15,3.233,52710
4,15,3.267,52711
4,15,3.3,52712
4,15,3.333,52713
4,15,3.367,52714
4,15,3.4,52715
4,15,3.433,52716
4,15,3.467,52717
4,15,3.5,52718
4,15,3.533,52719
4,15,3.567,52720
4,15,3.6,52721
4,15,3.633,52722
4,15,3.667,52723
4,15,3.7,52724
4,15,3.733,52725
4,15,3.767,52726
4,15,3.8,52727
4,15,3.833,52728
4,15,3.867,52729
4,15,3.9,52730
4,15,3.933,52731
4,15,3.967,52732
4,15,4,52733
4,15,4.033,52734
4,15,4.067,52735
4,15,4.1,52736
4,15,4.133,52737
4,15,4.167,52738
4,15,4.2,52739
4,15,4.233,52740
4,15,4.267,52741
4,15,4.3,52742
4,15,4.333,52743
4,15,4.367,52744
4,15,4.4,52745
4,15,4.433,52746
4,15,4.467,52747
4,15,4.5,52748
4,15,4.533,52749
4,15,4.567,52750
4,15,4.6,52751
4,15,4.633,52752
4,15,4.667,52753
4,15,4.7,52754
4,15,4.733,52755
4,15,4.767,52756
4,15,4.8,52757
4,15,4.833,52758
4,15,4.867,52759
4,15,4.9,52760
4,15,4.933,52761
4,15,4.967,52762
4,15,5,52763
4,15,5.033,52764
4,15,5.067,52765
4,15,5.1,52766
4,15,5.133,52767
4,15,5.167,52768
4,15,0,52769
4,15,0.033,52770
4,15,0.067,52771
4,15,0.1,52772
4,15,0.133,52773
4,15,0.167,52774
4,15,0.2,52775
4,15,0.233,52776
4,15,0.267,52777
4,15,0.3,52778
4,15,0.333,52779
4,15,0.367,52780
4,15,0.4,52781
4,15,0.433,52782
4,15,0.467,52783
4,15,0.5,52784
4,15,0.533,52785
4,15,0.567,52786
4,15,0.6,52787
4,15,0.633,52788
4,15,0.667,52789
4,15,0.7,52790
4,15,0.733,52791
4,15,0.767,52792
4,15,0.8,52793
4,15,0.833,52794
4,15,0.867,52795
4,15,0.9,52796
4,15,0.933,52797
4,15,0.967,52798
4,15,1,52799
4,15,1.033,52800
4,15,1.067,52801
4,15,1.1,52802
4,15,1.133,52803
4,15,1.167,52804
4,15,1.2,52805
4,15,1.233,52806
4,15,1.267,52807
4,15,1.3,52808
4,15,1.333,52809
4,15,1.367,52810
4,15,1.4,52811
4,15,1.433,52812
4,15,1.467,52813
4,15,1.5,52814
4,15,1.533,52815
4,15,1.567,52816
4,15,1.6,52817
4,15,1.633,52818
4,15,1.667,52819
4,15,1.7,52820
4,15,1.733,52821
4,15,1.767,52822
4,15,1.8,52823
4,15,1.833,52824
4,15,1.867,52825
4,15,1.9,52826
4,15,1.933,52827
4,15,1.967,52828
4,15,2,52829
4,15,2.033,52830
4,15,2.067,52831
4,15,2.1,52832
4,15,0,52833
4,15,0.033,52834
4,15,0.067,52835
4,15,0.1,52836
4,15,0.133,52837
4,15,0.167,52838
4,15,0.2,52839
4,15,0.233,52840
4,15,0.267,52841
4,15,0.3,52842
4,15,0.333,52843
4,15,0.367,52844
4,15,0.4,52845
4,15,0.433,52846
4,15,0.467,52847
4,15,0.5,52848
4,15,0.533,52849
4,15,0.567,52850
4,15,0.6,52851
4,15,0.633,52852
4,15,0.667,52853
4,15,0.7,52854
4,15,0.733,52855
4,15,0.767,52856
4,15,0.8,52857
4,15,0.833,52858
4,15,0.867,52859
4,15,0.9,52860
4,15,0.933,52861
4,15,0.967,52862
4,15,1,52863
4,15,1.033,52864
4,15,1.067,52865
4,15,1.1,52866
4,15,1.133,52867
4,15,1.167,52868
4,15,1.2,52869
4,15,1.233,52870
4,15,1.267,52871
4,15,1.3,52872
4,15,1.333,52873
4,15,1.367,52874
4,15,1.4,52875
4,15,1.433,52876
4,15,1.467,52877
4,15,1.5,52878
4,15,1.533,52879
4,15,1.567,52880
4,15,1.6,52881
4,15,1.633,52882
4,15,1.667,52883
4,15,1.7,52884
4,15,1.733,52885
4,15,1.767,52886
4,15,1.8,52887
4,15,1.833,52888
4,15,1.867,52889
4,15,1.9,52890
4,15,1.933,52891
4,15,1.967,52892
4,15,2,52893
4,15,2.033,52894
4,15,2.067,52895
4,15,2.1,52896
4,15,2.133,52897
4,15,2.167,52898
3,12,0,52899
3,12,0.033,52900
3,12,0.067,52901
3,12,0.1,52902
3,12,0.133,52903
3,12,0.167,52904
3,12,0.2,52905
3,12,0.233,52906
3,12,0.267,52907
3,12,0.3,52908
3,12,0.333,52909
3,12,0.367,52910
3,12,0.4,52911
3,12,0.433,52912
3,12,0.467,52913
3,12,0.5,52914
3,12,0.533,52915
3,12,0.567,52916
3,12,0.6,52917
3,12,0.633,52918
3,12,0.667,52919
3,12,0.7,52920
3,12,0.733,52921
3,12,0.767,52922
3,12,0.8,52923
3,12,0.833,52924
3,12,0.867,52925
3,12,0.9,52926
3,12,0.933,52927
3,12,0.967,52928
3,12,1,52929
3,12,1.033,52930
3,12,1.067,52931
3,12,1.1,52932
3,12,1.133,52933
3,12,1.167,52934
3,12,1.2,52935
3,12,1.233,52936
3,12,1.267,52937
3,12,1.3,52938
3,12,1.333,52939
3,12,1.367,52940
3,12,1.4,52941
3,12,1.433,52942
3,12,1.467,52943
3,12,1.5,52944
3,12,1.533,52945
3,12,1.567,52946
3,12,1.6,52947
3,12,1.633,52948
3,12,1.667,52949
3,12,1.7,52950
3,12,1.733,52951
3,12,1.767,52952
3,12,1.8,52953
3,12,1.833,52954
3,12,1.867,52955
3,12,1.9,52956
3,12,1.933,52957
3,12,1.967,52958
3,12,2,52959
3,12,2.033,52960
3,12,2.067,52961
3,12,2.1,52962
3,12,2.133,52963
3,12,2.167,52964
3,12,2.2,52965
3,12,2.233,52966
3,12,2.267,52967
3,12,2.3,52968
3,12,2.333,52969
3,12,2.367,52970
3,12,2.4,52971
3,12,2.433,52972
3,12,2.467,52973
3,12,2.5,52974
3,12,2.533,52975
3,12,2.567,52976
3,12,2.6,52977
3,12,2.633,52978
3,12,2.667,52979
4,12,2.8,52980
4,12,2.833,52981
4,12,2.867,52982
4,12,2.9,52983
4,12,2.933,52984
4,12,2.967,52985
4,12,3,52986
4,12,3.033,52987
4,12,3.067,52988
4,12,3.1,52989
4,12,3.133,52990
4,12,3.167,52991
4,12,3.2,52992
4,12,5,52993
4,12,5.033,52994
4,12,5.067,52995
4,12,5.1,52996
3,12,5.167,52997
5,12,5.233,52998
5,12,5.267,52999
5,12,5.3,53000
6,12,5.367,53001
6,12,5.4,53002
6,12,5.433,53003
6,12,5.467,53004
6,12,5.5,53005
6,12,5.533,53006
6,12,5.567,53007
6,12,5.6,53008
6,12,5.633,53009
6,12,5.667,53010
6,12,5.7,53011
6,12,5.733,53012
6,12,5.767,53013
6,12,5.8,53014
6,12,0,53015
6,12,0.033,53016
6,12,0.067,53017
6,12,0.1,53018
6,12,0.133,53019
6,12,0.167,53020
6,12,0.2,53021
6,12,0.233,53022
6,12,0.267,53023
6,12,0.3,53024
6,12,0.333,53025
6,12,0.367,53026
6,12,0.4,53027
6,12,0.433,53028
6,12,0.467,53029
6,12,0.5,53030
6,12,0.533,53031
6,12,0.567,53032
6,12,0.6,53033
6,12,0.633,53034
3,12,1.7,53035
3,12,1.733,53036
3,12,1.767,53037
3,12,1.8,53038
3,12,1.833,53039
3,12,1.867,53040
3,12,1.9,53041
3,12,1.933,53042
3,12,1.967,53043
3,12,2,53044
3,12,2.033,53045
3,12,2.067,53046
3,12,2.1,53047
3,12,2.133,53048
3,12,2.167,53049
3,12,2.2,53050
3,12,2.233,53051
3,12,2.267,53052
3,12,2.3,53053
3,12,2.333,53054
3,12,2.367,53055
3,12,2.4,53056
3,12,2.433,53057
3,12,2.467,53058
3,12,2.5,53059
3,12,2.533,53060
3,12,2.567,53061
3,12,2.6,53062
3,12,2.633,53063
3,12,2.667,53064
3,12,2.7,53065
3,12,2.733,53066
3,12,2.767,53067
3,12,2.8,53068
3,12,2.833,53069
3,12,2.867,53070
3,12,2.9,53071
3,12,2.933,53072
3,12,2.967,53073
3,12,3,53074
3,12,3.033,53075
3,12,3.067,53076
3,12,3.1,53077
3,12,3.133,53078
3,12,3.167,53079
3,12,3.2,53080
3,12,3.233,53081
3,12,3.267,53082
3,12,3.3,53083
3,12,3.333,53084
3,12,3.367,53085
3,12,3.4,53086
3,12,3.433,53087
3,12,3.467,53088
3,12,3.5,53089
3,12,3.533,53090
3,12,3.567,53091
3,12,3.6,53092
3,12,3.633,53093
3,12,3.667,53094
3,12,3.7,53095
3,12,3.733,53096
3,12,3.767,53097
3,12,3.8,53098
3,12,3.833,53099
3,12,3.867,53100
3,12,3.9,53101
3,12,3.933,53102
3,12,3.967,53103
3,12,4,53104
3,12,4.033,53105
3,12,4.067,53106
3,12,4.1,53107
3,12,4.133,53108
3,12,4.167,53109
3,12,4.2,53110
3,12,4.233,53111
3,12,4.267,53112
3,12,4.3,53113
3,12,4.333,53114
3,12,4.367,53115
3,12,4.4,53116
3,12,4.433,53117
3,12,4.467,53118
3,12,4.5,53119
3,12,4.533,53120
3,12,4.567,53121
3,12,4.6,53122
3,12,4.633,53123
3,12,4.667,53124
3,12,4.7,53125
3,12,4.733,53126
3,12,4.767,53127
3,12,4.8,53128
3,12,4.833,53129
3,12,4.867,53130
3,12,4.9,53131
3,12,4.933,53132
3,12,4.967,53133
3,12,5,53134
3,12,0,53135
3,12,0.033,53136
3,12,0.067,53137
3,12,0.1,53138
3,12,0.133,53139
3,12,0.167,53140
3,12,0.2,53141
3,12,0.233,53142
3,12,0.267,53143
3,12,0.3,53144
3,12,0.333,53145
3,12,0.367,53146
3,12,0.4,53147
3,12,0.433,53148
4,12,1.867,53149
4,12,1.9,53150
4,12,1.933,53151
4,12,1.967,53152
4,12,2,53153
4,12,2.033,53154
4,12,2.067,53155
4,12,2.1,53156
4,12,2.133,53157
4,12,2.167,53158
4,12,2.2,53159
4,12,2.233,53160
4,12,2.267,53161
4,12,2.3,53162
4,12,2.333,53163
4,12,2.367,53164
4,12,2.4,53165
4,12,2.433,53166
4,12,2.467,53167
4,12,2.5,53168
4,12,2.533,53169
4,12,2.567,53170
4,12,2.6,53171
4,12,2.633,53172
4,12,2.667,53173
4,12,2.7,53174
4,12,2.733,53175
4,12,2.767,53176
4,12,2.8,53177
4,12,2.833,53178
4,12,2.867,53179
4,12,2.9,53180
4,12,2.933,53181
4,12,2.967,53182
4,12,3,53183
4,12,3.033,53184
4,12,3.067,53185
4,12,3.1,53186
4,12,3.133,53187
4,12,3.167,53188
4,12,3.2,53189
4,12,3.233,53190
4,12,3.267,53191
4,12,3.3,53192
4,12,3.333,53193
4,12,3.367,53194
4,12,3.4,53195
4,12,3.433,53196
4,12,3.467,53197
4,12,3.5,53198
4,12,3.533,53199
1,12,3.6,53200
1,12,3.633,53201
2,12,3.8,53202
3,12,3.833,53203
3,12,3.867,53204
5,12,3.9,53205
5,12,3.933,53206
5,12,3.967,53207
5,12,4,53208
5,12,4.033,53209
5,12,4.067,53210
5,12,4.1,53211
5,12,4.133,53212
5,12,4.167,53213
5,12,4.2,53214
5,12,0,53215
5,12,0.033,53216
5,12,0.067,53217
5,12,0.1,53218
5,12,0.133,53219
5,12,0.167,53220
5,12,0.2,53221
5,12,0.233,53222
5,12,0.267,53223
5,12,0.3,53224
3,12,0.367,53225
4,12,0.867,53226
4,12,0.9,53227
4,12,0.933,53228
4,12,0.967,53229
4,12,1,53230
4,12,1.033,53231
4,12,1.067,53232
4,12,1.1,53233
4,12,1.133,53234
4,12,1.167,53235
4,12,1.2,53236
4,12,1.233,53237
4,12,1.267,53238
4,12,1.3,53239
4,12,1.333,53240
4,12,1.367,53241
4,12,1.4,53242
4,12,1.433,53243
4,12,1.467,53244
4,12,1.5,53245
4,12,1.533,53246
4,12,1.567,53247
4,12,1.6,53248
4,12,1.633,53249
4,12,1.667,53250
4,12,1.7,53251
4,12,1.733,53252
4,12,1.767,53253
4,12,1.8,53254
4,12,1.833,53255
4,12,1.867,53256
4,12,1.9,53257
4,12,1.933,53258
4,12,1.967,53259
4,12,2,53260
4,12,2.033,53261
4,12,2.067,53262
4,12,2.1,53263
4,12,2.133,53264
4,12,2.167,53265
4,12,2.2,53266
4,12,2.233,53267
4,12,2.267,53268
4,12,2.3,53269
4,12,2.333,53270
4,12,2.367,53271
4,12,2.4,53272
4,12,2.433,53273
4,12,2.467,53274
4,12,2.5,53275
4,12,2.533,53276
4,12,2.567,53277
4,12,2.6,53278
4,12,2.633,53279
4,12,2.667,53280
4,12,2.7,53281
4,12,2.733,53282
4,12,2.767,53283
4,12,2.8,53284
4,12,2.833,53285
4,12,2.867,53286
4,12,2.9,53287
4,12,2.933,53288
4,12,2.967,53289
4,12,3,53290
4,12,3.033,53291
4,12,3.067,53292
4,12,3.1,53293
4,12,3.133,53294
4,12,3.167,53295
4,12,3.2,53296
4,12,3.233,53297
4,12,3.267,53298
4,12,3.3,53299
4,12,3.333,53300
4,12,3.367,53301
4,12,3.4,53302
4,12,3.433,53303
4,12,3.467,53304
4,12,3.5,53305
4,12,3.533,53306
4,12,3.567,53307
4,12,3.6,53308
4,12,3.633,53309
4,12,3.667,53310
4,12,3.7,53311
4,12,3.733,53312
4,12,3.767,53313
4,12,3.8,53314
4,12,3.833,53315
4,12,3.867,53316
4,12,3.9,53317
4,12,3.933,53318
4,12,3.967,53319
4,12,4,53320
4,12,4.033,53321
4,12,4.067,53322
4,12,4.1,53323
4,12,4.133,53324
4,12,4.167,53325
4,12,4.2,53326
4,12,4.233,53327
4,12,4.267,53328
4,12,4.3,53329
4,12,4.333,53330
4,12,4.367,53331
4,12,4.4,53332
4,12,4.433,53333
4,12,4.467,53334
4,12,4.5,53335
4,12,4.533,53336
4,12,4.567,53337
4,12,4.6,53338
4,12,4.633,53339
4,12,4.667,53340
4,12,4.7,53341
4,12,4.733,53342
4,12,4.767,53343
4,12,4.8,53344
4,12,4.833,53345
4,12,4.867,53346
4,12,4.9,53347
4,12,4.933,53348
4,12,4.967,53349
4,12,5,53350
4,12,5.033,53351
4,12,5.067,53352
4,12,5.1,53353
4,12,5.133,53354
4,12,5.167,53355
4,12,5.2,53356
4,12,5.233,53357
4,12,5.267,53358
4,12,5.3,53359
4,12,5.333,53360
4,12,5.367,53361
4,12,5.4,53362
4,12,5.433,53363
4,12,5.467,53364
4,12,5.5,53365
4,12,5.533,53366
4,12,5.567,53367
4,12,5.6,53368
4,12,5.633,53369
4,12,5.667,53370
4,12,5.7,53371
4,12,5.733,53372
4,12,5.767,53373
4,12,5.8,53374
4,12,5.833,53375
4,12,5.867,53376
4,12,5.9,53377
4,12,5.933,53378
4,12,5.967,53379
4,12,6,53380
4,12,6.033,53381
4,12,6.067,53382
4,12,6.1,53383
4,12,6.133,53384
4,12,6.167,53385
4,12,6.2,53386
4,12,6.233,53387
4,12,6.267,53388
4,12,6.3,53389
4,12,6.333,53390
4,12,6.367,53391
4,12,6.4,53392
4,12,6.433,53393
4,12,6.467,53394
4,12,6.5,53395
4,12,6.533,53396
4,12,6.567,53397
4,12,6.6,53398
4,12,6.633,53399
4,12,6.667,53400
4,12,6.7,53401
4,12,6.733,53402
4,12,6.767,53403
4,12,6.8,53404
4,12,6.833,53405
4,12,6.867,53406
4,12,6.9,53407
4,12,6.933,53408
4,12,6.967,53409
4,12,7,53410
4,12,7.033,53411
4,12,7.067,53412
4,12,7.1,53413
4,12,7.133,53414
4,12,7.167,53415
4,12,7.2,53416
4,12,7.233,53417
4,12,7.267,53418
4,12,7.3,53419
4,12,7.333,53420
4,12,7.367,53421
4,12,7.4,53422
4,12,7.433,53423
4,12,7.467,53424
4,12,7.5,53425
4,12,7.533,53426
4,12,7.567,53427
4,12,7.6,53428
4,12,7.633,53429
4,12,7.667,53430
4,12,7.7,53431
4,12,7.733,53432
4,12,7.767,53433
4,12,7.8,53434
4,12,7.833,53435
4,12,7.867,53436
4,12,7.9,53437
4,12,7.933,53438
4,12,7.967,53439
4,12,8,53440
4,12,8.033,53441
4,12,8.067,53442
4,12,8.1,53443
4,12,8.133,53444
4,12,8.167,53445
4,12,8.2,53446
4,12,8.233,53447
4,12,8.267,53448
4,12,8.3,53449
4,12,8.333,53450
4,12,8.367,53451
4,12,8.4,53452
4,12,8.433,53453
4,12,8.467,53454
4,12,8.5,53455
4,12,8.533,53456
4,12,8.567,53457
4,12,8.6,53458
4,12,8.633,53459
4,12,8.667,53460
4,12,8.7,53461
4,12,8.733,53462
4,12,8.767,53463
4,12,8.8,53464
4,12,8.833,53465
4,12,8.867,53466
4,12,8.9,53467
4,12,8.933,53468
4,12,8.967,53469
4,12,9,53470
4,12,9.033,53471
4,12,9.067,53472
4,12,9.1,53473
4,12,0,53474
4,12,0.033,53475
4,12,0.067,53476
4,12,0.1,53477
4,12,0.133,53478
4,12,0.167,53479
4,12,0.2,53480
4,12,0.233,53481
4,12,0.267,53482
4,12,0.3,53483
4,12,0.333,53484
4,12,0.367,53485
1,12,0.433,53486
1,12,0.467,53487
1,12,0.5,53488
1,12,0.533,53489
1,12,0.567,53490
1,12,0.6,53491
1,12,0.633,53492
1,12,0.667,53493
1,12,0.7,53494
1,12,0.733,53495
1,12,0.767,53496
1,12,0.8,53497
1,12,0.833,53498
1,12,0.867,53499
1,12,0.9,53500
1,12,0.933,53501
1,12,0.967,53502
1,12,1,53503
1,12,1.033,53504
1,12,1.067,53505
1,12,1.1,53506
1,12,1.133,53507
1,12,1.167,53508
1,12,1.2,53509
1,12,1.233,53510
1,12,1.267,53511
1,12,1.3,53512
1,12,1.333,53513
1,12,1.367,53514
1,12,1.4,53515
1,12,1.433,53516
1,12,1.467,53517
1,12,1.5,53518
1,12,1.533,53519
1,12,1.567,53520
1,12,1.6,53521
1,12,1.633,53522
1,12,1.667,53523
1,12,1.7,53524
1,12,1.733,53525
1,12,1.767,53526
1,12,1.8,53527
1,12,1.833,53528
1,12,1.867,53529
1,12,1.9,53530
1,12,1.933,53531
1,12,1.967,53532
1,12,2,53533
1,12,2.033,53534
1,12,2.067,53535
1,12,2.1,53536
1,12,2.133,53537
1,12,2.167,53538
1,12,2.2,53539
1,12,2.233,53540
1,12,2.267,53541
1,12,2.3,53542
1,12,2.333,53543
1,12,2.367,53544
1,12,2.4,53545
1,12,2.433,53546
1,12,2.467,53547
1,12,2.5,53548
1,12,2.533,53549
1,12,2.567,53550
1,12,2.6,53551
1,12,2.633,53552
1,12,2.667,53553
1,12,2.7,53554
1,12,2.733,53555
1,12,2.767,53556
1,12,2.8,53557
1,12,2.833,53558
1,12,2.867,53559
1,12,2.9,53560
1,12,2.933,53561
1,12,2.967,53562
1,12,3,53563
1,12,3.033,53564
2,12,4.433,53565
2,12,4.467,53566
2,12,4.5,53567
2,12,4.533,53568
2,12,4.567,53569
2,12,4.6,53570
2,12,4.633,53571
2,12,4.667,53572
2,12,4.7,53573
2,12,4.733,53574
2,12,4.767,53575
2,12,4.8,53576
2,12,4.833,53577
2,12,4.867,53578
2,12,4.9,53579
2,12,4.933,53580
2,12,4.967,53581
2,12,5,53582
2,12,5.033,53583
2,12,5.067,53584
2,12,5.1,53585
2,12,5.133,53586
2,12,5.167,53587
2,12,5.2,53588
2,12,5.233,53589
2,12,5.267,53590
2,12,5.3,53591
2,12,5.333,53592
2,12,5.367,53593
2,12,5.4,53594
2,12,5.433,53595
2,12,5.467,53596
2,12,5.5,53597
2,12,5.533,53598
2,12,5.567,53599
2,12,5.6,53600
2,12,5.633,53601
2,12,5.667,53602
2,12,5.7,53603
2,12,5.733,53604
2,12,5.767,53605
2,12,5.8,53606
2,12,5.833,53607
2,12,5.867,53608
2,12,5.9,53609
2,12,5.933,53610
2,12,5.967,53611
2,12,6,53612
2,12,6.033,53613
2,12,6.067,53614
2,12,6.1,53615
2,12,6.133,53616
2,12,6.167,53617
2,12,6.2,53618
2,12,6.233,53619
2,12,6.267,53620
2,12,6.3,53621
2,12,6.333,53622
2,12,6.367,53623
2,12,6.4,53624
2,12,6.433,53625
1,12,6.5,53626
1,12,6.633,53627
1,12,6.667,53628
1,12,6.7,53629
1,12,6.733,53630
1,12,6.767,53631
1,12,6.8,53632
1,12,6.833,53633
1,12,6.867,53634
1,12,6.9,53635
1,12,6.933,53636
1,12,6.967,53637
1,12,7,53638
1,12,7.033,53639
1,12,7.067,53640
1,12,7.1,53641
1,12,7.133,53642
1,12,7.167,53643
1,12,7.2,53644
1,12,7.233,53645
1,12,7.267,53646
1,12,7.3,53647
1,12,7.333,53648
1,12,7.367,53649
1,12,7.4,53650
1,12,7.433,53651
1,12,7.467,53652
1,12,7.5,53653
1,12,7.533,53654
1,12,7.567,53655
1,12,7.6,53656
1,12,7.633,53657
1,12,7.667,53658
1,12,7.7,53659
1,12,7.733,53660
1,12,7.767,53661
1,12,7.8,53662
1,12,7.833,53663
1,12,7.867,53664
1,12,7.9,53665
1,12,7.933,53666
1,12,7.967,53667
1,12,8,53668
1,12,8.033,53669
1,12,8.067,53670
1,12,0,53671
1,12,0.033,53672
1,12,0.067,53673
1,12,0.1,53674
1,12,0.133,53675
1,12,0.167,53676
1,12,0.2,53677
1,12,0.233,53678
1,12,0.267,53679
1,12,0.3,53680
2,12,0.367,53681
2,12,0.4,53682
2,12,0.433,53683
2,12,0.467,53684
2,12,0.5,53685
2,12,0.533,53686
2,12,0.567,53687
2,12,0.6,53688
2,12,0.633,53689
2,12,0.667,53690
2,12,0.7,53691
2,12,0.733,53692
2,12,0.767,53693
2,12,0.8,53694
2,12,0.833,53695
2,12,0.867,53696
2,12,0.9,53697
2,12,0.933,53698
2,12,0.967,53699
2,12,1,53700
2,12,1.033,53701
2,12,1.067,53702
2,12,1.1,53703
2,12,1.133,53704
2,12,1.167,53705
2,12,1.2,53706
2,12,1.233,53707
2,12,1.267,53708
2,12,1.3,53709
2,12,1.333,53710
2,12,1.367,53711
2,12,1.4,53712
2,12,1.433,53713
2,12,1.467,53714
2,12,1.5,53715
2,12,1.533,53716
2,12,1.567,53717
2,12,1.6,53718
2,12,1.633,53719
2,12,1.667,53720
2,12,1.7,53721
2,12,1.733,53722
2,12,1.767,53723
2,12,1.8,53724
2,12,1.833,53725
2,12,1.867,53726
2,12,1.9,53727
2,12,1.933,53728
2,12,1.967,53729
2,12,2,53730
2,12,2.033,53731
2,12,2.067,53732
2,12,2.1,53733
2,12,2.133,53734
2,12,2.167,53735
2,12,2.2,53736
2,12,2.233,53737
2,12,2.267,53738
2,12,2.3,53739
2,12,2.333,53740
2,12,2.367,53741
2,12,2.4,53742
2,12,2.433,53743
2,12,2.467,53744
2,12,2.5,53745
2,12,2.533,53746
2,12,2.567,53747
2,12,2.6,53748
2,12,2.633,53749
2,12,2.667,53750
2,12,2.7,53751
2,12,2.733,53752
2,12,2.767,53753
2,12,2.8,53754
2,12,2.833,53755
2,12,2.867,53756
2,12,2.9,53757
2,12,2.933,53758
2,12,2.967,53759
2,12,3,53760
2,12,3.033,53761
2,12,3.067,53762
2,12,3.1,53763
2,12,3.133,53764
2,12,3.167,53765
2,12,3.2,53766
2,12,3.233,53767
2,12,3.267,53768
2,12,3.3,53769
2,12,3.333,53770
2,12,3.367,53771
2,12,3.4,53772
2,12,3.433,53773
2,12,3.467,53774
2,12,3.5,53775
2,12,3.533,53776
2,12,3.567,53777
2,12,3.6,53778
2,12,3.633,53779
2,12,3.667,53780
2,12,3.7,53781
2,12,3.733,53782
2,12,3.767,53783
2,12,3.8,53784
2,12,3.833,53785
2,12,3.867,53786
2,12,3.9,53787
2,12,0,53788
2,12,0.033,53789
2,12,0.067,53790
2,12,0.1,53791
2,12,0.133,53792
2,12,0.167,53793
2,12,0.2,53794
2,12,0.233,53795
2,12,0.267,53796
2,12,0.3,53797
2,12,0.333,53798
2,12,0.367,53799
2,12,0.4,53800
2,12,0.433,53801
2,12,0.467,53802
2,12,0.5,53803
2,12,0.533,53804
2,12,0.567,53805
2,12,0.6,53806
2,12,0.633,53807
2,12,0.667,53808
2,12,0.7,53809
2,12,0.733,53810
2,12,0.767,53811
2,12,0.8,53812
2,12,0.833,53813
2,12,0.867,53814
2,12,0.9,53815
2,12,0.933,53816
2,12,0.967,53817
2,12,1,53818
2,12,1.033,53819
2,12,1.067,53820
2,12,1.1,53821
2,12,1.133,53822
2,12,1.167,53823
2,12,1.2,53824
2,12,1.233,53825
2,12,1.267,53826
2,12,1.3,53827
2,12,1.333,53828
2,12,1.367,53829
2,12,1.4,53830
2,12,1.433,53831
